#
# A fatal error has been detected by the Java Runtime Environment:
#
#  SIGSEGV (0xb) at pc=0x000000023e9cae98, pid=5254, tid=131331
#
# JRE version: OpenJDK Runtime Environment Microsoft-13106411 (21.0.10+7) (build 21.0.10+7-LTS)
# Java VM: OpenJDK 64-Bit Server VM Microsoft-13106411 (21.0.10+7-LTS, mixed mode, sharing, tiered, compressed oops, compressed class ptrs, g1 gc, bsd-aarch64)
# Problematic frame:
# C  [libGL.dylib+0x2e98]  glActiveTexture+0xc
#
# No core dump will be written. Core dumps have been disabled. To enable core dumping, try "ulimit -c unlimited" before starting Java again
#
# If you would like to submit a bug report, please visit:
#   https://github.com/microsoft/openjdk/issues
# The crash happened outside the Java Virtual Machine in native code.
# See problematic frame for where to report the bug.
#

---------------  S U M M A R Y ------------

Command Line: -Dcompose.application.configure.swing.globals=true -Dcompose.application.resources.dir=/Users/mattias800/repos/spela/player/desktop/build/compose/tmp/prepareAppResources -Djava.library.path=/Users/mattias800/repos/spela/player/desktop/build/native -Dfile.encoding=UTF-8 -Duser.country=US -Duser.language=en -Duser.variant com.spela.player.desktop.MainKt

Host: "Mac14,2" arm64, 8 cores, 24G, Darwin 25.3.0, macOS 26.3.1 (25D2128)
Time: Wed Mar 25 17:43:03 2026 CET elapsed time: 20.860845 seconds (0d 0h 0m 20s)

---------------  T H R E A D  ---------------

Current thread (0x0000000aa7612300):  JavaThread "DefaultDispatcher-worker-29" daemon [_thread_in_native, id=131331, stack(0x0000000177350000,0x0000000177553000) (2060K)]

Stack: [0x0000000177350000,0x0000000177553000],  sp=0x0000000177552270,  free space=2056k
Native frames: (J=compiled Java code, j=interpreted, Vv=VM code, C=native code)
C  [libGL.dylib+0x2e98]  glActiveTexture+0xc
C  [ppsspp_libretro.dylib+0x3ffeb8]  GLRenderManager::Run(GLRRenderThreadTask&)+0xac
C  [ppsspp_libretro.dylib+0x3ffd3c]  GLRenderManager::ThreadFrame(bool)+0x138
C  [ppsspp_libretro.dylib+0x8688]  retro_serialize_size+0x60
C  [libspela-libretro.dylib+0x7a5c]  Java_com_spela_player_libretro_LibretroJni_nativeSerializeSize+0x58
j  com.spela.player.libretro.LibretroJni.nativeSerializeSize()J+0
j  com.spela.player.libretro.DesktopLibretroController.supportsSaveStates()Z+4
j  com.spela.player.presentation.viewmodel.EmulationViewModel$startGame$2.invokeSuspend(Ljava/lang/Object;)Ljava/lang/Object;+5889
J 5483 c2 kotlin.coroutines.jvm.internal.BaseContinuationImpl.resumeWith(Ljava/lang/Object;)V (124 bytes) @ 0x0000000117e795d8 [0x0000000117e79580+0x0000000000000058]
J 7332 c2 kotlinx.coroutines.DispatchedTask.run()V (387 bytes) @ 0x0000000117f77d70 [0x0000000117f77b00+0x0000000000000270]
J 7386 c1 kotlinx.coroutines.scheduling.CoroutineScheduler.runSafely(Lkotlinx/coroutines/scheduling/Task;)V (73 bytes) @ 0x000000011100addc [0x000000011100ac80+0x000000000000015c]
J 7383 c1 kotlinx.coroutines.scheduling.CoroutineScheduler$Worker.executeTask(Lkotlinx/coroutines/scheduling/Task;)V (168 bytes) @ 0x0000000111008e78 [0x00000001110089c0+0x00000000000004b8]
j  kotlinx.coroutines.scheduling.CoroutineScheduler$Worker.runWorker()V+44
j  kotlinx.coroutines.scheduling.CoroutineScheduler$Worker.run()V+1
v  ~StubRoutines::call_stub 0x00000001176d0154
V  [libjvm.dylib+0x4b2d3c]  JavaCalls::call_helper(JavaValue*, methodHandle const&, JavaCallArguments*, JavaThread*)+0x3d8
V  [libjvm.dylib+0x4b1c74]  JavaCalls::call_virtual(JavaValue*, Klass*, Symbol*, Symbol*, JavaCallArguments*, JavaThread*)+0x140
V  [libjvm.dylib+0x4b1d40]  JavaCalls::call_virtual(JavaValue*, Handle, Klass*, Symbol*, Symbol*, JavaThread*)+0x64
V  [libjvm.dylib+0x581e98]  thread_entry(JavaThread*, JavaThread*)+0x9c
V  [libjvm.dylib+0x4c7084]  JavaThread::thread_main_inner()+0x98
V  [libjvm.dylib+0x9ff190]  Thread::call_run()+0xc8
V  [libjvm.dylib+0x821ab8]  thread_native_entry(Thread*)+0x118
C  [libsystem_pthread.dylib+0x6c08]  _pthread_start+0x88
Java frames: (J=compiled Java code, j=interpreted, Vv=VM code)
j  com.spela.player.libretro.LibretroJni.nativeSerializeSize()J+0
j  com.spela.player.libretro.DesktopLibretroController.supportsSaveStates()Z+4
j  com.spela.player.presentation.viewmodel.EmulationViewModel$startGame$2.invokeSuspend(Ljava/lang/Object;)Ljava/lang/Object;+5889
J 5483 c2 kotlin.coroutines.jvm.internal.BaseContinuationImpl.resumeWith(Ljava/lang/Object;)V (124 bytes) @ 0x0000000117e795d8 [0x0000000117e79580+0x0000000000000058]
J 7332 c2 kotlinx.coroutines.DispatchedTask.run()V (387 bytes) @ 0x0000000117f77d70 [0x0000000117f77b00+0x0000000000000270]
J 7386 c1 kotlinx.coroutines.scheduling.CoroutineScheduler.runSafely(Lkotlinx/coroutines/scheduling/Task;)V (73 bytes) @ 0x000000011100addc [0x000000011100ac80+0x000000000000015c]
J 7383 c1 kotlinx.coroutines.scheduling.CoroutineScheduler$Worker.executeTask(Lkotlinx/coroutines/scheduling/Task;)V (168 bytes) @ 0x0000000111008e78 [0x00000001110089c0+0x00000000000004b8]
j  kotlinx.coroutines.scheduling.CoroutineScheduler$Worker.runWorker()V+44
j  kotlinx.coroutines.scheduling.CoroutineScheduler$Worker.run()V+1
v  ~StubRoutines::call_stub 0x00000001176d0154

siginfo: si_signo: 11 (SIGSEGV), si_code: 2 (SEGV_ACCERR), si_addr: 0x0000000000000ab8

Registers:
 x0=0x00000000000084c0  x1=0x00000000000084c0  x2=0x0000000000000000  x3=0x000000d000434238
 x4=0x0000000117711580  x5=0x00000001775522a0  x6=0x0000000100000002  x7=0x0000000aa7612300
 x8=0x0000000000000000  x9=0x0000000000000000 x10=0x0000000000000000 x11=0x0000000000000002
x12=0x0000000000000136 x13=0x0000000000000000 x14=0x0000000000031800 x15=0x0000000000000017
x16=0x000000019a6128cc x17=0x0000000207e9f528 x18=0x0000000000000000 x19=0x0000000aad28dfc0
x20=0x0000000aa72a72c0 x21=0x0000000aad28e248 x22=0x0000000aad28e7a0 x23=0x0000000aad28e248
x24=0x0000000aad28e8c8 x25=0x0000000000000001 x26=0x0000000aad28e2c9 x27=0x0000000480ac5940
x28=0x0000000aa72a72d8  fp=0x00000001775523b0  lr=0x000000015269e410  sp=0x0000000177552270
pc=0x000000023e9cae98 cpsr=0x0000000060001000

Register to memory mapping:

x0 =0x00000000000084c0 is an unknown value
x1 =0x00000000000084c0 is an unknown value
x2 =0x0 is null
x3 ={method} {0x000000d000434238} 'findNative' '(Ljava/lang/ClassLoader;Ljava/lang/String;)J' in 'java/lang/ClassLoader'
x4 =0x0000000117711580 is at code_begin+0 in 
[CodeBlob (0x0000000117711510)]
Framesize: 0
BufferBlob (0x0000000117711510) used for I2C/C2I adapters
x5 =0x00000001775522a0 is pointing into the stack for thread: 0x0000000aa7612300
x6 =0x0000000100000002 is an unknown value
x7 =0x0000000aa7612300 is a thread
x8 =0x0 is null
x9 =0x0 is null
x10=0x0 is null
x11=0x0000000000000002 is an unknown value
x12=0x0000000000000136 is an unknown value
x13=0x0 is null
x14=0x0000000000031800 is an unknown value
x15=0x0000000000000017 is an unknown value
x16=0x000000019a6128cc: pthread_mutex_unlock+0 in /usr/lib/system/libsystem_pthread.dylib at 0x000000019a611000
x17=0x0000000207e9f528 points into unknown readable memory: 0x000000019a6128cc | cc 28 61 9a 01 00 00 00
x18=0x0 is null
x19=0x0000000aad28dfc0 points into unknown readable memory: 0x657269646e692e00 | 00 2e 69 6e 64 69 72 65
x20=0x0000000aa72a72c0 points into unknown readable memory: 0x0000000aa4f52100 | 00 21 f5 a4 0a 00 00 00
x21=0x0000000aad28e248 points into unknown readable memory: 0x1c0a6596581e8100 | 00 81 1e 58 96 65 0a 1c
x22=0x0000000aad28e7a0 points into unknown readable memory: 0x0000000000000000 | 00 00 00 00 00 00 00 00
x23=0x0000000aad28e248 points into unknown readable memory: 0x1c0a6596581e8100 | 00 81 1e 58 96 65 0a 1c
x24=0x0000000aad28e8c8 points into unknown readable memory: 0x00000000434f4e45 | 45 4e 4f 43 00 00 00 00
x25=0x0000000000000001 is an unknown value
x26=0x0000000aad28e2c9 points into unknown readable memory: 01 9b 1b 65 48 05 55
x27=0x0000000480ac5940 is an oop: kotlinx.coroutines.scheduling.CoroutineScheduler$Worker 
{0x0000000480ac5940} - klass: 'kotlinx/coroutines/scheduling/CoroutineScheduler$Worker'
 - ---- fields (total size 21 words):
 - 'threadLocalRandomSecondarySeed' 'I' @12  0 (0x00000000)
 - private final 'tid' 'J' @16  47 (0x000000000000002f)
 - private volatile 'eetop' 'J' @24  45780895488 (0x0000000aa8c10700)
 - injected 'jvmti_thread_state' 'J' @32  0 (0x0000000000000000)
 - 'threadLocalRandomSeed' 'J' @40  0 (0x0000000000000000)
 - 'threadLocalRandomProbe' 'I' @48  0 (0x00000000)
 - injected 'jvmti_VTMS_transition_disable_count' 'I' @52  0 (0x00000000)
 - injected 'jfr_epoch' 'S' @56  0 (0x0000)
 - injected 'jvmti_is_in_VTMS_transition' 'Z' @58  false (0x00)
 - volatile 'interrupted' 'Z' @59  false (0x00)
 - private volatile 'name' 'Ljava/lang/String;' @60  "DefaultDispatcher-worker-17"{0x0000000480ac59e8} (0x90158b3d)
 - private volatile 'contextClassLoader' 'Ljava/lang/ClassLoader;' @64  a 'jdk/internal/loader/ClassLoaders$AppClassLoader'{0x00000004808010c0} (0x90100218)
 - private 'inheritedAccessControlContext' 'Ljava/security/AccessControlContext;' @68  a 'java/security/AccessControlContext'{0x0000000480ac41b8} (0x90158837)
 - private final 'holder' 'Ljava/lang/Thread$FieldHolder;' @72  a 'java/lang/Thread$FieldHolder'{0x0000000480ac5a30} (0x90158b46)
 - 'threadLocals' 'Ljava/lang/ThreadLocal$ThreadLocalMap;' @76  a 'java/lang/ThreadLocal$ThreadLocalMap'{0x0000000481251df0} (0x9024a3be)
 - 'inheritableThreadLocals' 'Ljava/lang/ThreadLocal$ThreadLocalMap;' @80  null (0x00000000)
 - private 'scopedValueBindings' 'Ljava/lang/Object;' @84  a 'java/lang/Class'{0x0000000480800cf0} = 'java/lang/Thread' (0x9010019e)
 - final 'interruptLock' 'Ljava/lang/Object;' @88  a 'java/lang/Object'{0x0000000480ac5a58} (0x90158b4b)
 - private volatile 'parkBlocker' 'Ljava/lang/Object;' @92  null (0x00000000)
 - volatile 'nioBlocker' 'Lsun/nio/ch/Interruptible;' @96  null (0x00000000)
 - private 'cont' 'Ljdk/internal/vm/Continuation;' @100  null (0x00000000)
 - private volatile 'uncaughtExceptionHandler' 'Ljava/lang/Thread$UncaughtExceptionHandler;' @104  null (0x00000000)
 - private 'container' 'Ljdk/internal/vm/ThreadContainer;' @108  null (0x00000000)
 - private volatile 'headStackableScopes' 'Ljdk/internal/vm/StackableScope;' @112  null (0x00000000)
 - private volatile 'indexInArray' 'I' @116  17 (0x00000011)
 - private 'terminationDeadline' 'J' @120  1177895317972000 (0x00042f4a2002a420)
 - private 'minDelayUntilStealableTaskNs' 'J' @128  0 (0x0000000000000000)
 - private volatile synthetic 'workerCtl$volatile' 'I' @136  -1 (0xffffffff)
 - private 'rngState' 'I' @140  585937269 (0x22ecb175)
 - public 'mayHaveLocalTasks' 'Z' @144  false (0x00)
 - public final 'localQueue' 'Lkotlinx/coroutines/scheduling/WorkQueue;' @148  a 'kotlinx/coroutines/scheduling/WorkQueue'{0x0000000480ac5a68} (0x90158b4d)
 - private final 'stolenTask' 'Lkotlin/jvm/internal/Ref$ObjectRef;' @152  a 'kotlin/jvm/internal/Ref$ObjectRef'{0x0000000480ac5ca8} (0x90158b95)
 - public 'state' 'Lkotlinx/coroutines/scheduling/CoroutineScheduler$WorkerState;' @156  a 'kotlinx/coroutines/scheduling/CoroutineScheduler$WorkerState'{0x0000000480801fb0} (0x901003f6)
 - private volatile 'nextParkedWorker' 'Ljava/lang/Object;' @160  a 'kotlinx/coroutines/scheduling/CoroutineScheduler$Worker'{0x0000000480ad3d30} (0x9015a7a6)
 - final synthetic 'this$0' 'Lkotlinx/coroutines/scheduling/CoroutineScheduler;' @164  a 'kotlinx/coroutines/scheduling/CoroutineScheduler'{0x0000000480815510} (0x90102aa2)
x28=0x0000000aa72a72d8 points into unknown readable memory: 0x0000000000000004 | 04 00 00 00 00 00 00 00
 fp=0x00000001775523b0 is pointing into the stack for thread: 0x0000000aa7612300
 lr=0x000000015269e410: _ZN13GLQueueRunner12RunInitStepsERK7FastVecI11GLRInitStepEb+0x1b0 in /Users/mattias800/Library/Application Support/Spela/cores/ppsspp_libretro.dylib at 0x000000015229c000
 sp=0x0000000177552270 is pointing into the stack for thread: 0x0000000aa7612300

Top of Stack: (sp=0x0000000177552270)
0x0000000177552270:   0000000aa7612300 0000000aa75c2c50
0x0000000177552280:   0000000177552320 0000000106e423e0
0x0000000177552290:   00000001775522c0 000000010767ccc8
0x00000001775522a0:   00000004808010c0 000000048731d118
0x00000001775522b0:   000000000000003e 0000000aad28e7a0
0x00000001775522c0:   0000000177552320 0000000106e44480
0x00000001775522d0:   000000012a6e8d40 000000d000486638
0x00000001775522e0:   0000000a0000000b 0000000000000016
0x00000001775522f0:   00000001775522a0 00000001775522e1
0x0000000177552300:   0000000800000002 000000012a6e8d40
0x0000000177552310:   0000000000000000 f53e5f262fe800b8
0x0000000177552320:   0000000177552370 000000010717c7a8
0x0000000177552330:   6c5f726579616c70 5f6f727465726269
0x0000000177552340:   6f7274650000000b 000000013b693a04
0x0000000177552350:   0000000000000000 0000000000000000
0x0000000177552360:   0000000000000001 0000000480ac5940
0x0000000177552370:   0000000aad28e2c9 0000000000000001
0x0000000177552380:   0000000aad28e8c8 0000000aad28e248
0x0000000177552390:   0000000aad28e7a0 0000000aad28e248
0x00000001775523a0:   0000000aa72a72c0 0000000aad28dfc0
0x00000001775523b0:   0000000177552420 000000015269beb8
0x00000001775523c0:   0000000000000001 000000010769a000
0x00000001775523d0:   0000000000000001 0000000480ac5940
0x00000001775523e0:   0000000000000001 0000000aa72a72c0
0x00000001775523f0:   0000000aad28e8c8 0000000aad28e968
0x0000000177552400:   0000000aad28e928 0000000aad28e888
0x0000000177552410:   0000000aad28dfc0 0000000000000001
0x0000000177552420:   0000000177552490 000000015269bd3c
0x0000000177552430:   0000000aad28e888 0000000000000001
0x0000000177552440:   0000000aa7612300 0000000480ac5940
0x0000000177552450:   000000012ad9a460 0000000481097b38
0x0000000177552460:   00000001775525d8 0000000480815510 

Instructions: (pc=0x000000023e9cae98)
0x000000023e9cad98:   e5 03 04 aa e4 03 03 aa e3 03 02 aa e2 03 01 aa
0x000000023e9cada8:   e1 03 00 aa 68 d0 3b d5 08 79 40 f9 06 c1 46 f9
0x000000023e9cadb8:   00 01 40 f9 df 08 1f d6 e3 03 02 aa e2 03 01 aa
0x000000023e9cadc8:   e1 03 00 aa 68 d0 3b d5 08 79 40 f9 04 c5 46 f9
0x000000023e9cadd8:   00 01 40 f9 9f 08 1f d6 e3 03 02 aa e2 03 01 aa
0x000000023e9cade8:   e1 03 00 aa 68 d0 3b d5 08 79 40 f9 04 c9 46 f9
0x000000023e9cadf8:   00 01 40 f9 9f 08 1f d6 e4 03 03 aa e3 03 02 aa
0x000000023e9cae08:   e2 03 01 aa e1 03 00 aa 68 d0 3b d5 08 79 40 f9
0x000000023e9cae18:   05 cd 46 f9 00 01 40 f9 bf 08 1f d6 e3 03 02 aa
0x000000023e9cae28:   e2 03 01 aa e1 03 00 aa 68 d0 3b d5 08 79 40 f9
0x000000023e9cae38:   04 d1 46 f9 00 01 40 f9 9f 08 1f d6 e1 03 00 aa
0x000000023e9cae48:   68 d0 3b d5 08 79 40 f9 02 d5 46 f9 00 01 40 f9
0x000000023e9cae58:   5f 08 1f d6 e1 03 00 aa 68 d0 3b d5 08 79 40 f9
0x000000023e9cae68:   02 d9 46 f9 00 01 40 f9 5f 08 1f d6 e1 03 00 aa
0x000000023e9cae78:   68 d0 3b d5 08 79 40 f9 02 59 45 f9 00 01 40 f9
0x000000023e9cae88:   5f 08 1f d6 e1 03 00 aa 68 d0 3b d5 08 79 40 f9
0x000000023e9cae98:   02 5d 45 f9 00 01 40 f9 5f 08 1f d6 e1 03 00 aa
0x000000023e9caea8:   68 d0 3b d5 08 79 40 f9 02 61 45 f9 00 01 40 f9
0x000000023e9caeb8:   5f 08 1f d6 e2 03 01 aa e1 03 00 aa 68 d0 3b d5
0x000000023e9caec8:   08 79 40 f9 03 65 45 f9 00 01 40 f9 7f 08 1f d6
0x000000023e9caed8:   e1 03 00 aa 68 d0 3b d5 08 79 40 f9 02 69 45 f9
0x000000023e9caee8:   00 01 40 f9 5f 08 1f d6 e2 03 01 aa e1 03 00 aa
0x000000023e9caef8:   68 d0 3b d5 08 79 40 f9 03 6d 45 f9 00 01 40 f9
0x000000023e9caf08:   7f 08 1f d6 e2 03 01 aa e1 03 00 aa 68 d0 3b d5
0x000000023e9caf18:   08 79 40 f9 03 71 45 f9 00 01 40 f9 7f 08 1f d6
0x000000023e9caf28:   e2 03 01 aa e1 03 00 aa 68 d0 3b d5 08 79 40 f9
0x000000023e9caf38:   03 75 45 f9 00 01 40 f9 7f 08 1f d6 e2 03 01 aa
0x000000023e9caf48:   e1 03 00 aa 68 d0 3b d5 08 79 40 f9 03 79 45 f9
0x000000023e9caf58:   00 01 40 f9 7f 08 1f d6 e2 03 01 aa e1 03 00 aa
0x000000023e9caf68:   68 d0 3b d5 08 79 40 f9 03 7d 45 f9 00 01 40 f9
0x000000023e9caf78:   7f 08 1f d6 e1 03 00 aa 68 d0 3b d5 08 79 40 f9
0x000000023e9caf88:   02 81 45 f9 00 01 40 f9 5f 08 1f d6 e2 03 01 aa 


Stack slot to memory mapping:

stack at sp + 0 slots: 0x0000000aa7612300 is a thread
stack at sp + 1 slots: 0x0000000aa75c2c50 points into unknown readable memory: 0x0000004200000074 | 74 00 00 00 42 00 00 00
stack at sp + 2 slots: 0x0000000177552320 is pointing into the stack for thread: 0x0000000aa7612300
stack at sp + 3 slots: 0x0000000106e423e0: _ZN9JavaCalls11call_staticEP9JavaValueP5KlassP6SymbolS5_6HandleS6_P10JavaThread+0x58 in /Users/mattias800/Library/Java/JavaVirtualMachines/ms-21.0.10/Contents/Home/lib/server/libjvm.dylib at 0x0000000106990000
stack at sp + 4 slots: 0x00000001775522c0 is pointing into the stack for thread: 0x0000000aa7612300
stack at sp + 5 slots: 0x000000010767ccc8: _ZTV17ObjArrayAllocator+0x10 in /Users/mattias800/Library/Java/JavaVirtualMachines/ms-21.0.10/Contents/Home/lib/server/libjvm.dylib at 0x0000000106990000
stack at sp + 6 slots: 0x00000004808010c0 is an oop: jdk.internal.loader.ClassLoaders$AppClassLoader 
{0x00000004808010c0} - klass: 'jdk/internal/loader/ClassLoaders$AppClassLoader'
 - ---- fields (total size 13 words):
 - private 'defaultAssertionStatus' 'Z' @12  false (0x00)
 - injected 'loader_data' 'J' @16  45815052992 (0x0000000aaaca3ac0)
 - private final 'parent' 'Ljava/lang/ClassLoader;' @24  a 'jdk/internal/loader/ClassLoaders$PlatformClassLoader'{0x00000004808004d0} (0x9010009a)
 - private final 'name' 'Ljava/lang/String;' @28  "app"{0x000000048091c188} (0x90123831)
 - private final 'unnamedModule' 'Ljava/lang/Module;' @32  a 'java/lang/Module'{0x000000048083ba38} (0x90107747)
 - private final 'nameAndId' 'Ljava/lang/String;' @36  "'app'"{0x0000000480954f40} (0x9012a9e8)
 - private final 'parallelLockMap' 'Ljava/util/concurrent/ConcurrentHashMap;' @40  a 'java/util/concurrent/ConcurrentHashMap'{0x0000000480954f70} (0x9012a9ee)
 - private final 'package2certs' 'Ljava/util/concurrent/ConcurrentHashMap;' @44  a 'java/util/concurrent/ConcurrentHashMap'{0x000000048097bac0} (0x9012f758)
 - private final 'classes' 'Ljava/util/ArrayList;' @48  a 'java/util/ArrayList'{0x0000000480982cd8} (0x9013059b)
 - private final 'defaultDomain' 'Ljava/security/ProtectionDomain;' @52  a 'java/security/ProtectionDomain'{0x0000000480982c68} (0x9013058d)
 - private final 'packages' 'Ljava/util/concurrent/ConcurrentHashMap;' @56  a 'java/util/concurrent/ConcurrentHashMap'{0x0000000480980108} (0x90130021)
 - private final 'libraries' 'Ljdk/internal/loader/NativeLibraries;' @60  a 'jdk/internal/loader/NativeLibraries'{0x000000048097ff28} (0x9012ffe5)
 - final 'assertionLock' 'Ljava/lang/Object;' @64  a 'java/lang/Object'{0x0000000480979708} (0x9012f2e1)
 - private 'packageAssertionStatus' 'Ljava/util/Map;' @68  null (0x00000000)
 - 'classAssertionStatus' 'Ljava/util/Map;' @72  null (0x00000000)
 - private volatile 'classLoaderValueMap' 'Ljava/util/concurrent/ConcurrentHashMap;' @76  a 'java/util/concurrent/ConcurrentHashMap'{0x0000000480949298} (0x90129253)
 - private final 'pdcache' 'Ljava/util/Map;' @80  a 'java/util/concurrent/ConcurrentHashMap'{0x0000000480948498} (0x90129093)
 - private final 'parent' 'Ljdk/internal/loader/BuiltinClassLoader;' @84  a 'jdk/internal/loader/ClassLoaders$PlatformClassLoader'{0x00000004808004d0} (0x9010009a)
 - private 'ucp' 'Ljdk/internal/loader/URLClassPath;' @88  a 'jdk/internal/loader/URLClassPath'{0x0000000480947f00} (0x90128fe0)
 - private final 'nameToModule' 'Ljava/util/Map;' @92  a 'java/util/concurrent/ConcurrentHashMap'{0x0000000480947b40} (0x90128f68)
 - private final 'moduleToReader' 'Ljava/util/Map;' @96  a 'java/util/concurrent/ConcurrentHashMap'{0x00000004808c8f58} (0x901191eb)
 - private volatile 'resourceCache' 'Ljava/lang/ref/SoftReference;' @100  a 'java/lang/ref/SoftReference'{0x00000004808c8e30} (0x901191c6)
stack at sp + 7 slots: 0x000000048731d118 is an oop: java.lang.String 
{0x000000048731d118} - klass: 'java/lang/String'
 - string: "Java_com_spela_player_libretro_LibretroJni_nativeSerializeSize"
 - ---- fields (total size 3 words):
 - private 'hash' 'I' @12  0 (0x00000000)
 - private final 'coder' 'B' @16  0 (0x00)
 - private 'hashIsZero' 'Z' @17  false (0x00)
 - injected 'flags' 'B' @18  0 (0x00)
 - private final 'value' '[B' @20  [B{0x000000048731d130} (0x90e63a26)


Compiled method (c2) 20875 5483   !   4       kotlin.coroutines.jvm.internal.BaseContinuationImpl::resumeWith (124 bytes)
 total in heap  [0x0000000117e79390,0x0000000117e79c68] = 2264
 relocation     [0x0000000117e794e0,0x0000000117e79578] = 152
 main code      [0x0000000117e79580,0x0000000117e79940] = 960
 stub code      [0x0000000117e79940,0x0000000117e799c0] = 128
 oops           [0x0000000117e799c0,0x0000000117e799d8] = 24
 metadata       [0x0000000117e799d8,0x0000000117e79a18] = 64
 scopes data    [0x0000000117e79a18,0x0000000117e79b10] = 248
 scopes pcs     [0x0000000117e79b10,0x0000000117e79bd0] = 192
 dependencies   [0x0000000117e79bd0,0x0000000117e79bd8] = 8
 handler table  [0x0000000117e79bd8,0x0000000117e79c68] = 144

[Constant Pool (empty)]

[MachCode]
[Entry Point]
  # {method} {0x000000012a84ddb8} 'resumeWith' '(Ljava/lang/Object;)V' in 'kotlin/coroutines/jvm/internal/BaseContinuationImpl'
  # this:     c_rarg1:c_rarg1 
                        = 'kotlin/coroutines/jvm/internal/BaseContinuationImpl'
  # parm0:    c_rarg2:c_rarg2 
                        = 'java/lang/Object'
  #           [sp+0x40]  (sp of caller)
  0x0000000117e79580: 2808 40b9 | 3f01 086b | 4000 0054 

  0x0000000117e7958c: ;   {runtime_call ic_miss_stub}
  0x0000000117e7958c: 3d4a e217 
[Verified Entry Point]
  0x0000000117e79590: 1f20 03d5 | e953 40d1 | 3f01 00f9 | ff03 01d1 | fd7b 03a9 | c81c 0018 | 8923 40b9 | 1f01 09eb 
  0x0000000117e795b0: c11b 0054 | 2a0c 40b9 | 4af1 7dd3 | ca0a 00b4 | e1ab 00a9 | e107 40f9 | e9ff 9fd2 | e9ff bff2 
  0x0000000117e795d0: e9ff dff2 

  0x0000000117e795d4: ; ImmutableOopMap {[8]=Oop [16]=Oop }
                      ;*invokevirtual invokeSuspend {reexecute=0 rethrow=0 return_oop=1}
                      ; - kotlin.coroutines.jvm.internal.BaseContinuationImpl::resumeWith@40 (line 34)
                      ;   {virtual_call}
  0x0000000117e795d4: cd09 e697 

  0x0000000117e795d8: ;   {other}
  0x0000000117e795d8: 1f20 03d5 | 1f49 80f2 | 1f00 80f2 

  0x0000000117e795e4: ;   {oop(a 'kotlin/coroutines/intrinsics/CoroutineSingletons'{0x0000000480800750})}
  0x0000000117e795e4: 0aea 80d2 | 0a10 b0f2 | 8a00 c0f2 | 1f00 0aeb | 8005 0054 | e00f 00f9 | ea0b 40f9 | 4a09 40b9 
  0x0000000117e79604: 0a1a c0f2 | 5d1d 40f9 | ea03 00f9 | e107 40f9 | e9ff 9fd2 | e9ff bff2 | e9ff dff2 

  0x0000000117e79620: ; ImmutableOopMap {[16]=Oop [24]=Oop }
                      ;*invokevirtual releaseIntercepted {reexecute=0 rethrow=0 return_oop=0}
                      ; - kotlin.coroutines.jvm.internal.BaseContinuationImpl::resumeWith@90 (line 40)
                      ;   {virtual_call}
  0x0000000117e79620: 3a0a e697 

  0x0000000117e79624: ;   {other}
  0x0000000117e79624: 1f20 03d5 | 9f52 80f2 | 1f20 80f2 

  0x0000000117e79630: ;   {metadata('kotlin/coroutines/jvm/internal/BaseContinuationImpl')}
  0x0000000117e79630: 0adb 92d2 | 4a21 a0f2 | 0a1a c0f2 | bf03 0aeb | 2102 0054 

  0x0000000117e79644: ; ImmutableOopMap {[16]=Oop [24]=Oop }
                      ;*goto {reexecute=1 rethrow=0 return_oop=0}
                      ; - (reexecute) kotlin.coroutines.jvm.internal.BaseContinuationImpl::resumeWith@121 (line 30)
  0x0000000117e79644: 8a2f 42f9 

  0x0000000117e79648: ;   {poll}
  0x0000000117e79648: 5f01 40b9 | eb03 40f9 | 6a11 40f9 

  0x0000000117e79654: ;   {metadata('kotlin/coroutines/Continuation')}
  0x0000000117e79654: 0001 9dd2 | 6020 a0f2 | 001a c0f2 | 5f01 00eb | c102 0054 | ea0b 40f9 | 4b0d 40b9 | 6bf1 7dd3 
  0x0000000117e79674: 0b06 00b4 | e20f 40f9 | eaaf 00a9 | d1ff ff17 | e10b 41a9 | 09dc 88d2 | 09d0 b4f2 | 4901 c0f2 
  0x0000000117e79694: ; ImmutableOopMap {}
                      ;*invokeinterface resumeWith {reexecute=0 rethrow=0 return_oop=0}
                      ; - kotlin.coroutines.jvm.internal.BaseContinuationImpl::resumeWith@114 (line 47)
                      ;   {virtual_call}
  0x0000000117e79694: 5909 e697 

  0x0000000117e79698: ;   {other}
  0x0000000117e79698: 1f20 03d5 | 1f61 80f2 | 1f60 80f2 | fd7b 43a9 | ff03 0191 

  0x0000000117e796ac: ;   {poll_return}
  0x0000000117e796ac: 882b 42f9 | ff63 28eb | 4813 0054 | c003 5fd6 | e403 0baa | e503 40b2 | 8950 40f9 | 8050 40fd 
  0x0000000117e796cc: 8901 6836 | 0054 725f | 0058 200e | 00b8 310e | 0300 669e | 8114 40f9 | 2578 63f8 | a500 00ca 
  0x0000000117e796ec: 8500 00b4 | 6900 7036 | 2935 c993 

  0x0000000117e796f8: ;   {runtime_call StubRoutines (final stubs)}
  0x0000000117e796f8: 5071 e297 | 65fb ffb4 | 2104 8012 

  0x0000000117e79704: ; ImmutableOopMap {[16]=Oop [24]=Oop }
                      ;*checkcast {reexecute=0 rethrow=0 return_oop=0}
                      ; - kotlin.coroutines.jvm.internal.BaseContinuationImpl::resumeWith@10 (line 29)
                      ;   {runtime_call UncommonTrapBlob}
  0x0000000117e79704: 1f66 e297 

  0x0000000117e79708: ;   {other}
  0x0000000117e79708: 1f20 03d5 | 1f6f 80f2 | 1f80 80f2 | e103 00f9 | fd03 02aa | ea0b 00f9 | 4117 8012 

  0x0000000117e79724: ; ImmutableOopMap {rfp=Oop [0]=Oop [16]=Oop }
                      ;*ifnonnull {reexecute=1 rethrow=0 return_oop=0}
                      ; - (reexecute) kotlin.jvm.internal.Intrinsics::checkNotNull@1 (line 24)
                      ; - kotlin.coroutines.jvm.internal.BaseContinuationImpl::resumeWith@31 (line 31)
                      ;   {runtime_call UncommonTrapBlob}
  0x0000000117e79724: 1766 e297 

  0x0000000117e79728: ;   {other}
  0x0000000117e79728: 1f20 03d5 | 1f73 80f2 | 1fa0 80f2 | 4117 8012 | ea03 00f9 | eb0b 00f9 

  0x0000000117e79740: ; ImmutableOopMap {[0]=Oop [16]=Oop [24]=Oop }
                      ;*ifnonnull {reexecute=1 rethrow=0 return_oop=0}
                      ; - (reexecute) kotlin.jvm.internal.Intrinsics::checkNotNull@1 (line 24)
                      ; - kotlin.coroutines.jvm.internal.BaseContinuationImpl::resumeWith@31 (line 31)
                      ;   {runtime_call UncommonTrapBlob}
  0x0000000117e79740: 1066 e297 

  0x0000000117e79744: ;   {other}
  0x0000000117e79744: 1f20 03d5 | 9f76 80f2 | 1fc0 80f2 | e103 1caa | c900 0010 | 89d7 01f9 

  0x0000000117e7975c: ;   {runtime_call G1BarrierSetRuntime::write_ref_field_pre_entry(oopDesc*, JavaThread*)}
  0x0000000117e7975c: 88eb 98d2 | 48da a0f2 | 2800 c0f2 | 0001 3fd6 

  0x0000000117e7976c: ;   {other}
  0x0000000117e7976c: 1f20 03d5 | 1f00 80f2 | 1f00 80f2 | 2200 0014 | e003 00f9 | e103 00aa 

  0x0000000117e79784: ;   {oop("exception"{0x0000000480ad3858})}
  0x0000000117e79784: 020b 87d2 | a215 b0f2 | 8200 c0f2 

  0x0000000117e79790: ; ImmutableOopMap {[0]=Oop [8]=Oop [16]=Oop }
                      ;*invokestatic checkNotNullParameter {reexecute=0 rethrow=0 return_oop=0}
                      ; - kotlin.ResultKt::createFailure@3
                      ; - kotlin.coroutines.jvm.internal.BaseContinuationImpl::resumeWith@76 (line 38)
                      ;   {static_call}
  0x0000000117e79790: 5c69 f997 

  0x0000000117e79794: ;   {other}
  0x0000000117e79794: 1f20 03d5 | 9f80 80f2 | 1fe0 80f2 | 80df 40f9 | 8ae7 40f9 | 0b40 0091 | 7f01 0aeb | 2209 0054 
  0x0000000117e797b4: ea03 40b2 | 8bdf 00f9 

  0x0000000117e797bc: ;   {metadata('kotlin/Result$Failure')}
  0x0000000117e797bc: 8c21 a0d2 | 0c13 96f2 | 0a00 00f9 | 0c08 00b9 | 70c1 80f9 | 1f0c 00b9 | fd03 00aa | e103 40f9 
  0x0000000117e797dc: ;   {oop("exception"{0x0000000480ad3858})}
  0x0000000117e797dc: 020b 87d2 | a215 b0f2 | 8200 c0f2 

  0x0000000117e797e8: ; ImmutableOopMap {rfp=Oop [0]=Oop [8]=Oop [16]=Oop }
                      ;*invokestatic checkNotNullParameter {reexecute=0 rethrow=0 return_oop=0}
                      ; - kotlin.Result$Failure::<init>@3
                      ; - kotlin.ResultKt::createFailure@11 (line 122)
                      ; - kotlin.coroutines.jvm.internal.BaseContinuationImpl::resumeWith@76 (line 38)
                      ;   {static_call}
  0x0000000117e797e8: 4669 f997 

  0x0000000117e797ec: ;   {other}
  0x0000000117e797ec: 1f20 03d5 | 9f8b 80f2 | 1f00 81f2 | 8a03 c139 | 8a02 0035 | ec03 40f9 | ea03 1daa | eb03 0caa 
  0x0000000117e7980c: 6b01 0aca | 8cfd 43d3 | 6bfd 56d3 | ac0f 00b9 | 2b01 00b4 | 4afd 49d3 | 0b00 98d2 | 2b9b a3f2 
  0x0000000117e7982c: 2b00 c0f2 | 6001 0a8b | 0b00 c039 | 7f09 0071 | e101 0054 | bf3b 03d5 | fd0f 00f9 | 6dff ff17 
  0x0000000117e7984c: ab0f 40b9 | 60f1 7dd3 | 60fd ffb4 | 8a17 40f9 | aaf7 ffb4 | 8b1f 40f9 | 4c21 00d1 | 6a01 0a8b 
  0x0000000117e7986c: 4081 1ff8 | 8c17 00f9 | e3ff ff17 | 8a2f 40f9 | 8b27 40f9 | bf3b 03d5 | 0d00 c039 | cdfd ff34 
  0x0000000117e7988c: 1f00 0039 | 8b01 00b5 | e103 1caa | c900 0010 | 89d7 01f9 

  0x0000000117e798a0: ;   {runtime_call G1BarrierSetRuntime::write_ref_field_post_entry(unsigned char volatile*, JavaThread*)}
  0x0000000117e798a0: 88f0 98d2 | 48da a0f2 | 2800 c0f2 | 0001 3fd6 

  0x0000000117e798b0: ;   {other}
  0x0000000117e798b0: 1f20 03d5 | 1f00 80f2 | 1f00 80f2 | e1ff ff17 | 6c21 00d1 | 4a01 0b8b | 4081 1ff8 | 8c27 00f9 
  0x0000000117e798d0: dcff ff17 

  0x0000000117e798d4: ;   {metadata('kotlin/Result$Failure')}
  0x0000000117e798d4: 0113 96d2 | 8121 a0f2 | 011a c0f2 

  0x0000000117e798e0: ; ImmutableOopMap {[0]=Oop [8]=Oop [16]=Oop }
                      ;*new {reexecute=0 rethrow=0 return_oop=1}
                      ; - kotlin.ResultKt::createFailure@6 (line 122)
                      ; - kotlin.coroutines.jvm.internal.BaseContinuationImpl::resumeWith@76 (line 38)
                      ;   {runtime_call _new_instance_Java}
  0x0000000117e798e0: 08be e597 

  0x0000000117e798e4: ;   {other}
  0x0000000117e798e4: 1f20 03d5 | 9faa 80f2 | 1f20 81f2 | b9ff ff17 | 0200 0014 | 0100 0014 | e103 00aa | 0400 0014 
  0x0000000117e79904: e103 00aa | 0200 0014 | e103 00aa | fd7b 43a9 | ff03 0191 

  0x0000000117e79918: ;   {runtime_call _rethrow_Java}
  0x0000000117e79918: 3ae3 e517 

  0x0000000117e7991c: ;   {internal_word}
  0x0000000117e7991c: 88ec ff10 | 8837 02f9 

  0x0000000117e79924: ;   {runtime_call SafepointBlob}
  0x0000000117e79924: f763 e217 | 0830 8bd2 | 28ee a2f2 | 2800 c0f2 | 0001 3fd6 | 1fff ff17 

  0x0000000117e7993c: ;   {other}
  0x0000000117e7993c: 0500 0000 
[Stub Code]
  0x0000000117e79940: ;   {no_reloc}
  0x0000000117e79940: 4800 0058 | 0001 1fd6 | 08bd 7f17 | 0100 0000 

  0x0000000117e79950: ;   {trampoline_stub}
  0x0000000117e79950: 4800 0058 | 0001 1fd6 | 08bf 7f17 | 0100 0000 

  0x0000000117e79960: ;   {trampoline_stub}
  0x0000000117e79960: 4800 0058 | 0001 1fd6 | f8bb 7f17 | 0100 0000 

  0x0000000117e79970: ;   {trampoline_stub}
  0x0000000117e79970: 4800 0058 | 0001 1fd6 | 003d cd17 | 0100 0000 

  0x0000000117e79980: ;   {trampoline_stub}
  0x0000000117e79980: 4800 0058 | 0001 1fd6 | 003d cd17 | 0100 0000 

  0x0000000117e79990: ;   {static_stub}
  0x0000000117e79990: df3f 03d5 

  0x0000000117e79994: ;   {metadata(nullptr)}
  0x0000000117e79994: 0c00 80d2 | 0c00 a0f2 | 0c00 c0f2 | 0800 80d2 | 0800 a0f2 | 0800 c0f2 | 0001 1fd6 
[Exception Handler]
  0x0000000117e799b0: ;   {runtime_call ExceptionBlob}
  0x0000000117e799b0: 54c0 e517 
[Deopt Handler Code]
  0x0000000117e799b4: 1e00 0010 

  0x0000000117e799b8: ;   {runtime_call DeoptimizationBlob}
  0x0000000117e799b8: a264 e217 | 0000 0000 
[/MachCode]


Compiled method (c2) 20882 7332   !   4       kotlinx.coroutines.DispatchedTask::run (387 bytes)
 total in heap  [0x0000000117f77710,0x0000000117f79568] = 7768
 relocation     [0x0000000117f77860,0x0000000117f77ad8] = 632
 main code      [0x0000000117f77b00,0x0000000117f78788] = 3208
 stub code      [0x0000000117f78788,0x0000000117f78a18] = 656
 oops           [0x0000000117f78a18,0x0000000117f78a50] = 56
 metadata       [0x0000000117f78a50,0x0000000117f78b00] = 176
 scopes data    [0x0000000117f78b00,0x0000000117f78f98] = 1176
 scopes pcs     [0x0000000117f78f98,0x0000000117f79258] = 704
 dependencies   [0x0000000117f79258,0x0000000117f79260] = 8
 handler table  [0x0000000117f79260,0x0000000117f79530] = 720
 nul chk table  [0x0000000117f79530,0x0000000117f79568] = 56

[Constant Pool (empty)]

[MachCode]
[Entry Point]
  # {method} {0x000000012a96eca0} 'run' '()V' in 'kotlinx/coroutines/DispatchedTask'
  #           [sp+0x50]  (sp of caller)
  0x0000000117f77b00: 2808 40b9 | 3f01 086b | 4000 0054 

  0x0000000117f77b0c: ;   {runtime_call ic_miss_stub}
  0x0000000117f77b0c: dd50 de17 
[Verified Entry Point]
  0x0000000117f77b10: 1f20 03d5 | e953 40d1 | 3f01 00f9 | ff43 01d1 | fd7b 04a9 | 0863 0018 | 8923 40b9 | 1f01 09eb 
  0x0000000117f77b30: 0162 0054 | e103 00f9 | e9ff 9fd2 | e9ff bff2 | e9ff dff2 

  0x0000000117f77b44: ; ImmutableOopMap {[0]=Oop }
                      ;*invokevirtual getDelegate$kotlinx_coroutines_core {reexecute=0 rethrow=0 return_oop=1}
                      ; - kotlinx.coroutines.DispatchedTask::run@34 (line 80)
                      ;   {virtual_call}
  0x0000000117f77b44: cf11 e297 

  0x0000000117f77b48: ;   {other}
  0x0000000117f77b48: 1f20 03d5 | 1f87 80f2 | 1f00 80f2 

  0x0000000117f77b54: ; implicit exception: dispatches to 0x0000000117f78658
  0x0000000117f77b54: 0b08 40b9 

  0x0000000117f77b58: ;   {metadata('kotlinx/coroutines/internal/DispatchedContinuation')}
  0x0000000117f77b58: 8a21 a0d2 | 0a0d 9ff2 | 7f01 0a6b | 214e 0054 | 0a20 40b9 | 0c28 40b9 | 4af1 7dd3 | ea07 00f9 
  0x0000000117f77b78: 9df1 7dd3 | e103 0aaa | 09e4 99d2 | 89d7 b4f2 | 4901 c0f2 

  0x0000000117f77b8c: ; ImmutableOopMap {rfp=Oop [0]=Oop [8]=Oop }
                      ;*invokeinterface getContext {reexecute=0 rethrow=0 return_oop=1}
                      ; - kotlinx.coroutines.DispatchedTask::run@61 (line 222)
                      ;   {virtual_call}
  0x0000000117f77b8c: f310 e297 

  0x0000000117f77b90: ;   {other}
  0x0000000117f77b90: 1f20 03d5 | 1f90 80f2 | 1f20 80f2 | e00b 00f9 | 3d2c 00b4 

  0x0000000117f77ba4: ;   {oop(a 'java/lang/Integer'{0x0000000480802730} = 0)}
  0x0000000117f77ba4: 0ae6 84d2 | 0a10 b0f2 | 8a00 c0f2 | bf03 0aeb | 8143 0054 | e107 40f9 | 09e8 99d2 | 89d7 b4f2 
  0x0000000117f77bc4: 4901 c0f2 

  0x0000000117f77bc8: ; ImmutableOopMap {[0]=Oop [8]=Oop [16]=Oop }
                      ;*invokeinterface getContext {reexecute=0 rethrow=0 return_oop=1}
                      ; - kotlinx.coroutines.DispatchedTask::run@103 (line 83)
                      ;   {virtual_call}
  0x0000000117f77bc8: e410 e297 

  0x0000000117f77bcc: ;   {other}
  0x0000000117f77bcc: 1f20 03d5 | 9f97 80f2 | 1f40 80f2 | fd03 00aa | e103 40f9 | e9ff 9fd2 | e9ff bff2 | e9ff dff2 
  0x0000000117f77bec: ; ImmutableOopMap {rfp=Oop [0]=Oop [8]=Oop [16]=Oop }
                      ;*invokevirtual takeState$kotlinx_coroutines_core {reexecute=0 rethrow=0 return_oop=1}
                      ; - kotlinx.coroutines.DispatchedTask::run@111 (line 84)
                      ;   {virtual_call}
  0x0000000117f77bec: bd10 e297 

  0x0000000117f77bf0: ;   {other}
  0x0000000117f77bf0: 1f20 03d5 | 1f9c 80f2 | 1f60 80f2 | e00f 00f9 | e103 40f9 | e203 00aa | e9ff 9fd2 | e9ff bff2 
  0x0000000117f77c10: e9ff dff2 

  0x0000000117f77c14: ; ImmutableOopMap {rfp=Oop [0]=Oop [8]=Oop [16]=Oop [24]=Oop }
                      ;*invokevirtual getExceptionalResult$kotlinx_coroutines_core {reexecute=0 rethrow=0 return_oop=1}
                      ; - kotlinx.coroutines.DispatchedTask::run@119 (line 85)
                      ;   {virtual_call}
  0x0000000117f77c14: c70f e297 

  0x0000000117f77c18: ;   {other}
  0x0000000117f77c18: 1f20 03d5 | 1fa1 80f2 | 1f80 80f2 | 0015 00b5 | ea03 40f9 | 4b19 40b9 | 7f05 0071 | 6000 0054 
  0x0000000117f77c38: 7f09 0071 | c107 0054 | ed03 1daa 

  0x0000000117f77c44: ; implicit exception: dispatches to 0x0000000117f785c4
  0x0000000117f77c44: aa09 40b9 

  0x0000000117f77c48: ;   {metadata('kotlin/coroutines/CombinedContext')}
  0x0000000117f77c48: 8c21 a0d2 | 0c1c 8df2 | 5f01 0c6b | 6127 0054 | ab13 40b9 | 61f1 7dd3 

  0x0000000117f77c60: ;   {oop(a 'kotlinx/coroutines/Job$Key'{0x00000004808f8c30})}
  0x0000000117f77c60: 0286 91d2 | e211 b0f2 | 8200 c0f2 | 09a8 99d2 | 89d7 b4f2 | 4901 c0f2 

  0x0000000117f77c78: ; ImmutableOopMap {rfp=Oop [0]=Oop [8]=Oop [16]=Oop [24]=Oop }
                      ;*invokeinterface get {reexecute=0 rethrow=0 return_oop=1}
                      ; - kotlin.coroutines.CombinedContext::get@14 (line 122)
                      ; - kotlinx.coroutines.DispatchedTask::run@147 (line 91)
                      ;   {virtual_call}
  0x0000000117f77c78: ee10 e297 

  0x0000000117f77c7c: ;   {other}
  0x0000000117f77c7c: 1f20 03d5 | 9fad 80f2 | 1fa0 80f2 | ec03 00aa | e002 00b5 | aa0f 40b9 | 41f1 7dd3 

  0x0000000117f77c98: ; implicit exception: dispatches to 0x0000000117f78634
  0x0000000117f77c98: 2b08 40b9 

  0x0000000117f77c9c: ;   {metadata('kotlin/coroutines/CombinedContext')}
  0x0000000117f77c9c: 8c21 a0d2 | 0c1c 8df2 | 7f01 0c6b | 610f 0054 | fd03 01aa | ab13 40b9 | 61f1 7dd3 

  0x0000000117f77cb8: ;   {oop(a 'kotlinx/coroutines/Job$Key'{0x00000004808f8c30})}
  0x0000000117f77cb8: 0286 91d2 | e211 b0f2 | 8200 c0f2 | 09b8 8fd2 | e9d3 b4f2 | 4901 c0f2 

  0x0000000117f77cd0: ; ImmutableOopMap {rfp=Oop [0]=Oop [8]=Oop [16]=Oop [24]=Oop }
                      ;*invokeinterface get {reexecute=0 rethrow=0 return_oop=1}
                      ; - kotlin.coroutines.CombinedContext::get@14 (line 122)
                      ; - kotlinx.coroutines.DispatchedTask::run@147 (line 91)
                      ;   {virtual_call}
  0x0000000117f77cd0: d810 e297 

  0x0000000117f77cd4: ;   {other}
  0x0000000117f77cd4: 1f20 03d5 | 9fb8 80f2 | 1fc0 80f2 | ec03 00aa | 60fd ffb4 

  0x0000000117f77ce8: ; implicit exception: dispatches to 0x0000000117f785e8
  0x0000000117f77ce8: 8b09 40b9 | e403 0b2a | 041a c0f2 | 8a10 40f9 

  0x0000000117f77cf8: ;   {metadata('kotlinx/coroutines/Job')}
  0x0000000117f77cf8: 0b98 98d2 | 8b21 a0f2 | 0b1a c0f2 | 5f01 0beb | 6104 0054 | fd03 0caa | e103 1daa | 09a4 99d2 
  0x0000000117f77d18: 89d7 b4f2 | 4901 c0f2 

  0x0000000117f77d20: ; ImmutableOopMap {rfp=Oop [0]=Oop [8]=Oop [16]=Oop [24]=Oop }
                      ;*invokeinterface isActive {reexecute=0 rethrow=0 return_oop=0}
                      ; - kotlinx.coroutines.DispatchedTask::run@168 (line 92)
                      ;   {virtual_call}
  0x0000000117f77d20: 7611 e297 

  0x0000000117f77d24: ;   {other}
  0x0000000117f77d24: 1f20 03d5 | 9fc2 80f2 | 1fe0 80f2 | 4015 0034 | e103 40f9 | e20f 40f9 | e9ff 9fd2 | e9ff bff2 
  0x0000000117f77d44: e9ff dff2 

  0x0000000117f77d48: ; ImmutableOopMap {[0]=Oop [8]=Oop [16]=Oop }
                      ;*invokevirtual getSuccessfulResult$kotlinx_coroutines_core {reexecute=0 rethrow=0 return_oop=1}
                      ; - kotlinx.coroutines.DispatchedTask::run@295 (line 100)
                      ;   {virtual_call}
  0x0000000117f77d48: f00f e297 

  0x0000000117f77d4c: ;   {other}
  0x0000000117f77d4c: 1f20 03d5 | 9fc7 80f2 | 1f00 81f2 | e203 00aa | e107 40f9 | 09b0 99d2 | 89d7 b4f2 | 4901 c0f2 
  0x0000000117f77d6c: ; ImmutableOopMap {[0]=Oop [16]=Oop }
                      ;*invokeinterface resumeWith {reexecute=0 rethrow=0 return_oop=0}
                      ; - kotlinx.coroutines.DispatchedTask::run@301 (line 100)
                      ;   {virtual_call}
  0x0000000117f77d6c: a30f e297 

  0x0000000117f77d70: ;   {other}
  0x0000000117f77d70: 1f20 03d5 | 1fcc 80f2 | 1f20 81f2 | fd7b 44a9 | ff43 0191 

  0x0000000117f77d84: ;   {poll_return}
  0x0000000117f77d84: 882b 42f9 | ff63 28eb | c84e 0054 | c003 5fd6 

  0x0000000117f77d94: ;   {metadata('kotlinx/coroutines/Job')}
  0x0000000117f77d94: 0098 98d2 | 8021 a0f2 | 001a c0f2 | e503 40b2 | 8950 40f9 | 8050 40fd | 8901 e036 | 0054 635f 
  0x0000000117f77db4: 0058 200e | 00b8 310e | 0300 669e | 8114 40f9 | 2578 63f8 | a500 00ca | 8500 00b4 | 6900 e836 
  0x0000000117f77dd4: 2971 c993 

  0x0000000117f77dd8: ;   {runtime_call StubRoutines (final stubs)}
  0x0000000117f77dd8: 9877 de97 | 85f9 ffb4 | 8b03 c139 | 8b25 0035 

  0x0000000117f77de8: ;   {oop(a 'java/lang/ClassCastException'{0x000000048c201ad8})}
  0x0000000117f77de8: 0a5b 83d2 | 0a84 b1f2 | 8a00 c0f2 | 5f15 00b9 | ea07 00f9 | ea07 40f9 

  0x0000000117f77e00: ;   {oop(a 'kotlinx/coroutines/internal/Symbol'{0x0000000480841470})}
  0x0000000117f77e00: 028e 82d2 | 8210 b0f2 | 8200 c0f2 | 5d09 40b9 | e10b 40f9 

  0x0000000117f77e14: ; ImmutableOopMap {[0]=Oop [8]=Oop }
                      ;*invokestatic restoreThreadContext {reexecute=0 rethrow=0 return_oop=0}
                      ; - kotlinx.coroutines.DispatchedTask::run@354 (line 237)
                      ;   {static_call}
  0x0000000117f77e14: 5b52 de97 

  0x0000000117f77e18: ;   {other}
  0x0000000117f77e18: 1f20 03d5 | 1fe1 80f2 | 1f40 81f2 

  0x0000000117f77e24: ;   {metadata('kotlinx/coroutines/DispatchException')}
  0x0000000117f77e24: 8b21 a0d2 | 0b60 9ff2 | bf03 0b6b | 610c 0054 | ea07 40f9 | ea07 00f9 | e103 40f9 | e9ff 9fd2 
  0x0000000117f77e44: e9ff bff2 | e9ff dff2 

  0x0000000117f77e4c: ; ImmutableOopMap {[8]=Oop }
                      ;*invokevirtual getDelegate$kotlinx_coroutines_core {reexecute=0 rethrow=0 return_oop=1}
                      ; - kotlinx.coroutines.DispatchedTask::run@362 (line 105)
                      ;   {virtual_call}
  0x0000000117f77e4c: 8d51 de97 

  0x0000000117f77e50: ;   {other}
  0x0000000117f77e50: 1f20 03d5 | 1fe8 80f2 | 1f60 81f2 | e103 00aa | e9ff 9fd2 | e9ff bff2 | e9ff dff2 

  0x0000000117f77e6c: ; ImmutableOopMap {[8]=Oop }
                      ;*invokeinterface getContext {reexecute=0 rethrow=0 return_oop=1}
                      ; - kotlinx.coroutines.DispatchedTask::run@365 (line 105)
                      ;   {virtual_call}
  0x0000000117f77e6c: 8551 de97 

  0x0000000117f77e70: ;   {other}
  0x0000000117f77e70: 1f20 03d5 | 1fec 80f2 | 1f80 81f2 | fd03 00aa | 410a 8012 

  0x0000000117f77e84: ; ImmutableOopMap {rfp=Oop [8]=Oop }
                      ;*invokevirtual getCause {reexecute=0 rethrow=0 return_oop=0}
                      ; - kotlinx.coroutines.DispatchedTask::run@371 (line 105)
                      ;   {runtime_call UncommonTrapBlob}
  0x0000000117f77e84: 3f6c de97 

  0x0000000117f77e88: ;   {other}
  0x0000000117f77e88: 1f20 03d5 | 1fef 80f2 | 1fa0 81f2 

  0x0000000117f77e94: ;   {oop(a 'kotlinx/coroutines/Job$Key'{0x00000004808f8c30})}
  0x0000000117f77e94: 0286 91d2 | e211 b0f2 | 8200 c0f2 | 09a0 99d2 | 89d7 b4f2 | 4901 c0f2 

  0x0000000117f77eac: ; ImmutableOopMap {[0]=Oop [8]=Oop [16]=Oop [24]=Oop }
                      ;*invokeinterface get {reexecute=0 rethrow=0 return_oop=1}
                      ; - kotlin.coroutines.CombinedContext::get@55 (line 127)
                      ; - kotlinx.coroutines.DispatchedTask::run@147 (line 91)
                      ;   {virtual_call}
  0x0000000117f77eac: 6110 e297 

  0x0000000117f77eb0: ;   {other}
  0x0000000117f77eb0: 1f20 03d5 | 1ff4 80f2 | 1fc0 81f2 | ec03 00aa | 8aff ff17 | fd03 00aa | e103 00aa 

  0x0000000117f77ecc: ;   {oop("exception"{0x0000000480ad3858})}
  0x0000000117f77ecc: 020b 87d2 | a215 b0f2 | 8200 c0f2 

  0x0000000117f77ed8: ; ImmutableOopMap {rfp=Oop [0]=Oop [8]=Oop [16]=Oop }
                      ;*invokestatic checkNotNullParameter {reexecute=0 rethrow=0 return_oop=0}
                      ; - kotlin.ResultKt::createFailure@3
                      ; - kotlinx.coroutines.DispatchedTask::run@273 (line 98)
                      ;   {static_call}
  0x0000000117f77ed8: 8a6f f597 

  0x0000000117f77edc: ;   {other}
  0x0000000117f77edc: 1f20 03d5 | 9ff9 80f2 | 1fe0 81f2 | 80df 40f9 | 8ae7 40f9 | 0b40 0091 | 7f01 0aeb | 6227 0054 
  0x0000000117f77efc: ea03 40b2 | 8bdf 00f9 

  0x0000000117f77f04: ;   {metadata('kotlin/Result$Failure')}
  0x0000000117f77f04: 8c21 a0d2 | 0c13 96f2 | 0a00 00f9 | 0c08 00b9 | 70c1 80f9 | 1f0c 00b9 | ea03 00aa | ea0f 00f9 
  0x0000000117f77f24: e103 1daa 

  0x0000000117f77f28: ;   {oop("exception"{0x0000000480ad3858})}
  0x0000000117f77f28: 020b 87d2 | a215 b0f2 | 8200 c0f2 

  0x0000000117f77f34: ; ImmutableOopMap {rfp=Oop [0]=Oop [8]=Oop [16]=Oop [24]=Oop }
                      ;*invokestatic checkNotNullParameter {reexecute=0 rethrow=0 return_oop=0}
                      ; - kotlin.Result$Failure::<init>@3
                      ; - kotlin.ResultKt::createFailure@11 (line 122)
                      ; - kotlinx.coroutines.DispatchedTask::run@273 (line 98)
                      ;   {static_call}
  0x0000000117f77f34: 736f f597 

  0x0000000117f77f38: ;   {other}
  0x0000000117f77f38: 1f20 03d5 | 1f05 81f2 | 1f00 82f2 | 8b03 c139 | 2b1c 0035 | f30f 40f9 | ec03 1daa | ea03 13aa 
  0x0000000117f77f58: eb03 0caa | 6b01 0aca | 8dfd 43d3 | 6bfd 56d3 | 6d0e 00b9 | 2b01 00b4 | 4afd 49d3 | 0b00 98d2 
  0x0000000117f77f78: 2b9b a3f2 | 2b00 c0f2 | 6001 0a8b | 0a00 c039 | 5f09 0071 | 811b 0054 | bf3b 03d5 | e107 40f9 
  0x0000000117f77f98: e203 13aa | 09f8 89d2 | e9d3 b4f2 | 4901 c0f2 

  0x0000000117f77fa8: ; ImmutableOopMap {[0]=Oop [16]=Oop }
                      ;*invokeinterface resumeWith {reexecute=0 rethrow=0 return_oop=0}
                      ; - kotlinx.coroutines.DispatchedTask::run@279 (line 98)
                      ;   {virtual_call}
  0x0000000117f77fa8: 140f e297 

  0x0000000117f77fac: ;   {other}
  0x0000000117f77fac: 1f20 03d5 | 9f13 81f2 | 1f20 82f2 | 71ff ff17 | e207 40f9 | e103 40f9 

  0x0000000117f77fc4: ; ImmutableOopMap {}
                      ;*invokevirtual handleFatalException$kotlinx_coroutines_core {reexecute=0 rethrow=0 return_oop=0}
                      ; - kotlinx.coroutines.DispatchedTask::run@383 (line 107)
                      ;   {optimized virtual_call}
  0x0000000117f77fc4: 6f50 de97 

  0x0000000117f77fc8: ;   {other}
  0x0000000117f77fc8: 1f20 03d5 | 1f17 81f2 | 1f40 82f2 | 6aff ff17 | ab0b 40b9 

  0x0000000117f77fdc: ;   {metadata('kotlinx/coroutines/StandaloneCoroutine')}
  0x0000000117f77fdc: 8a21 a0d2 | 0a5f 9af2 | 7f01 0a6b | ec03 1daa | c123 0054 | e103 1daa | ea03 40f9 | 5d09 40b9 
  0x0000000117f77ffc: ; ImmutableOopMap {[0]=Oop [8]=Oop [16]=Oop [24]=Oop }
                      ;*invokeinterface getCancellationException {reexecute=0 rethrow=0 return_oop=1}
                      ; - kotlinx.coroutines.DispatchedTask::run@178 (line 93)
                      ;   {optimized virtual_call}
  0x0000000117f77ffc: a1a1 3896 

  0x0000000117f78000: ;   {other}
  0x0000000117f78000: 1f20 03d5 | 1f1e 81f2 | 1f60 82f2 

  0x0000000117f7800c: ;   {metadata('kotlinx/coroutines/internal/DispatchedContinuation')}
  0x0000000117f7800c: 8a21 a0d2 | 0a0d 9ff2 | bf03 0a6b | e013 00f9 | 810f 0054 | e113 40f9 

  0x0000000117f78024: ;   {oop("exception"{0x0000000480ad3858})}
  0x0000000117f78024: 020b 87d2 | a215 b0f2 | 8200 c0f2 

  0x0000000117f78030: ; ImmutableOopMap {[0]=Oop [8]=Oop [16]=Oop [32]=Oop }
                      ;*invokestatic checkNotNullParameter {reexecute=0 rethrow=0 return_oop=0}
                      ; - kotlin.ResultKt::createFailure@3
                      ; - kotlinx.coroutines.DispatchedTask::run@246 (line 232)
                      ;   {static_call}
  0x0000000117f78030: 346f f597 

  0x0000000117f78034: ;   {other}
  0x0000000117f78034: 1f20 03d5 | 9f24 81f2 | 1f80 82f2 | 80df 40f9 | 8ae7 40f9 | 0b40 0091 | 7f01 0aeb | a21d 0054 
  0x0000000117f78054: ea03 40b2 | 8bdf 00f9 | 0a00 00f9 

  0x0000000117f78060: ;   {metadata('kotlin/Result$Failure')}
  0x0000000117f78060: 8a21 a0d2 | 0a13 96f2 | 0a08 00b9 | 70c1 80f9 | 1f0c 00b9 | ea03 00aa | fd03 0aaa | e113 40f9 
  0x0000000117f78080: ;   {oop("exception"{0x0000000480ad3858})}
  0x0000000117f78080: 020b 87d2 | a215 b0f2 | 8200 c0f2 

  0x0000000117f7808c: ; ImmutableOopMap {rfp=Oop [0]=Oop [8]=Oop [16]=Oop [32]=Oop }
                      ;*invokestatic checkNotNullParameter {reexecute=0 rethrow=0 return_oop=0}
                      ; - kotlin.Result$Failure::<init>@3
                      ; - kotlin.ResultKt::createFailure@11 (line 122)
                      ; - kotlinx.coroutines.DispatchedTask::run@246 (line 232)
                      ;   {static_call}
  0x0000000117f7808c: 1d6f f597 

  0x0000000117f78090: ;   {other}
  0x0000000117f78090: 1f20 03d5 | 1f30 81f2 | 1fa0 82f2 | 8b03 c139 | cb15 0035 | f503 1daa | ec13 40f9 | ea03 15aa 
  0x0000000117f780b0: eb03 0caa | 6b01 0aca | 8dfd 43d3 | 6bfd 56d3 | f607 40f9 | d40a 40b9 

  0x0000000117f780c8: ;   {metadata('androidx/compose/ui/Actuals_skikoKt$postDelayed$1')}
  0x0000000117f780c8: f327 a0d2 | 1312 92f2 | ad0e 00b9 | 4b01 00b4 | 2c01 00b4 | 4afd 49d3 | 0b00 98d2 | 2b9b a3f2 
  0x0000000117f780e8: 2b00 c0f2 | 6001 0a8b | 0b00 c039 | 7f09 0071 | 8114 0054 | bf3b 03d5 | 9f02 136b | a109 0054 
  0x0000000117f78108: e103 16aa | e203 15aa 

  0x0000000117f78110: ; ImmutableOopMap {[0]=Oop [16]=Oop }
                      ;*invokeinterface resumeWith {reexecute=0 rethrow=0 return_oop=0}
                      ; - kotlinx.coroutines.DispatchedTask::run@252 (line 232)
                      ;   {optimized virtual_call}
  0x0000000117f78110: 2005 fc97 

  0x0000000117f78114: ;   {other}
  0x0000000117f78114: 1f20 03d5 | 9f40 81f2 | 1fc0 82f2 | 17ff ff17 | e103 00aa 

  0x0000000117f78128: ; ImmutableOopMap {[0]=Oop [8]=Oop [16]=Oop }
                      ;*invokestatic threadContextElements {reexecute=0 rethrow=0 return_oop=1}
                      ; - kotlinx.coroutines.internal.ThreadContextKt::updateThreadContext@7 (line 61)
                      ; - kotlinx.coroutines.DispatchedTask::run@71 (line 223)
                      ;   {static_call}
  0x0000000117f78128: 9651 de97 

  0x0000000117f7812c: ;   {other}
  0x0000000117f7812c: 1f20 03d5 | 9f43 81f2 | 1fe0 82f2 | fd03 00aa | 9afe ff17 

  0x0000000117f78140: ;   {metadata('coil3/compose/internal/DeferredDispatchCoroutineContext')}
  0x0000000117f78140: 0b29 a0d2 | 0b2d 87f2 | 5f01 0b6b | e11c 0054 | ea03 0daa | 4a0d 40b9 | 5df1 7dd3 

  0x0000000117f7815c: ; implicit exception: dispatches to 0x0000000117f786fc
  0x0000000117f7815c: ab0b 40b9 

  0x0000000117f78160: ;   {metadata('kotlin/coroutines/CombinedContext')}
  0x0000000117f78160: 8a21 a0d2 | 0a1c 8df2 | 7f01 0a6b | 411d 0054 | aa13 40b9 | 41f1 7dd3 

  0x0000000117f78178: ;   {oop(a 'kotlinx/coroutines/Job$Key'{0x00000004808f8c30})}
  0x0000000117f78178: 0286 91d2 | e211 b0f2 | 8200 c0f2 | 0968 8bd2 | a9b1 b4f2 | 4901 c0f2 

  0x0000000117f78190: ; ImmutableOopMap {rfp=Oop [0]=Oop [8]=Oop [16]=Oop [24]=Oop }
                      ;*invokeinterface get {reexecute=0 rethrow=0 return_oop=1}
                      ; - kotlin.coroutines.CombinedContext::get@14 (line 122)
                      ; - coil3.compose.internal.ForwardingCoroutineContext::get@5
                      ; - kotlinx.coroutines.DispatchedTask::run@147 (line 91)
                      ;   {virtual_call}
  0x0000000117f78190: a80f e297 

  0x0000000117f78194: ;   {other}
  0x0000000117f78194: 1f20 03d5 | 9f50 81f2 | 1f00 83f2 | ec03 00aa | 20da ffb5 | 1f20 03d5 | 1f20 03d5 | ab0f 40b9 
  0x0000000117f781b4: 61f1 7dd3 

  0x0000000117f781b8: ; implicit exception: dispatches to 0x0000000117f78720
  0x0000000117f781b8: 2a08 40b9 

  0x0000000117f781bc: ;   {metadata('kotlin/coroutines/CombinedContext')}
  0x0000000117f781bc: 8b21 a0d2 | 0b1c 8df2 | 5f01 0b6b | e104 0054 | fd03 01aa | aa13 40b9 | 41f1 7dd3 

  0x0000000117f781d8: ;   {oop(a 'kotlinx/coroutines/Job$Key'{0x00000004808f8c30})}
  0x0000000117f781d8: 0286 91d2 | e211 b0f2 | 8200 c0f2 | 096c 8bd2 | a9b1 b4f2 | 4901 c0f2 

  0x0000000117f781f0: ; ImmutableOopMap {rfp=Oop [0]=Oop [8]=Oop [16]=Oop [24]=Oop }
                      ;*invokeinterface get {reexecute=0 rethrow=0 return_oop=1}
                      ; - kotlin.coroutines.CombinedContext::get@14 (line 122)
                      ; - coil3.compose.internal.ForwardingCoroutineContext::get@5
                      ; - kotlinx.coroutines.DispatchedTask::run@147 (line 91)
                      ;   {virtual_call}
  0x0000000117f781f0: 900f e297 

  0x0000000117f781f4: ;   {other}
  0x0000000117f781f4: 1f20 03d5 | 9f5c 81f2 | 1f20 83f2 | ec03 00aa | 60fd ffb4 | b8fe ff17 | e103 40f9 | e20f 40f9 
  0x0000000117f78214: e303 00aa | 0944 8bd2 | a9b1 b4f2 | 4901 c0f2 

  0x0000000117f78224: ; ImmutableOopMap {[0]=Oop [8]=Oop [16]=Oop [32]=Oop }
                      ;*invokevirtual cancelCompletedResult$kotlinx_coroutines_core {reexecute=0 rethrow=0 return_oop=0}
                      ; - kotlinx.coroutines.DispatchedTask::run@193 (line 94)
                      ;   {virtual_call}
  0x0000000117f78224: c341 de97 

  0x0000000117f78228: ;   {other}
  0x0000000117f78228: 1f20 03d5 | 1f63 81f2 | 1f40 83f2 | 7bff ff17 | ea03 16aa | e103 0aaa | e203 15aa | 09c8 8bd2 
  0x0000000117f78248: a9b1 b4f2 | 4901 c0f2 

  0x0000000117f78250: ; ImmutableOopMap {[0]=Oop [16]=Oop }
                      ;*invokeinterface resumeWith {reexecute=0 rethrow=0 return_oop=0}
                      ; - kotlinx.coroutines.DispatchedTask::run@252 (line 232)
                      ;   {virtual_call}
  0x0000000117f78250: 6a0e e297 

  0x0000000117f78254: ;   {other}
  0x0000000117f78254: 1f20 03d5 | 9f68 81f2 | 1f60 83f2 | c7fe ff17 

  0x0000000117f78264: ;   {oop(a 'kotlinx/coroutines/Job$Key'{0x00000004808f8c30})}
  0x0000000117f78264: 0286 91d2 | e211 b0f2 | 8200 c0f2 | e9ff 9fd2 | e9ff bff2 | e9ff dff2 

  0x0000000117f7827c: ; ImmutableOopMap {[0]=Oop [8]=Oop [16]=Oop [24]=Oop }
                      ;*invokeinterface get {reexecute=0 rethrow=0 return_oop=1}
                      ; - kotlin.coroutines.CombinedContext::get@55 (line 127)
                      ; - coil3.compose.internal.ForwardingCoroutineContext::get@5
                      ; - kotlinx.coroutines.DispatchedTask::run@147 (line 91)
                      ;   {virtual_call}
  0x0000000117f7827c: 8150 de97 

  0x0000000117f78280: ;   {other}
  0x0000000117f78280: 1f20 03d5 | 1f6e 81f2 | 1f80 83f2 | ec03 00aa | 96fe ff17 

  0x0000000117f78294: ;   {oop(a 'java/lang/ClassCastException'{0x000000048c201ad8})}
  0x0000000117f78294: 0a5b 83d2 | 0a84 b1f2 | 8a00 c0f2 | 4a15 40b9 | 40f1 7dd3 | 00da ffb4 | 8a17 40f9 | 4a0c 00b4 
  0x0000000117f782b4: 8b1f 40f9 | 4c21 00d1 | 6a01 0a8b | 4081 1ff8 | 8c17 00f9 | c8fe ff17 | f30f 40f9 | 6a0e 40b9 
  0x0000000117f782d4: 40f1 7dd3 | c0e3 ffb4 | 8a17 40f9 | 8a0d 00b4 | 8b1f 40f9 | 4c21 00d1 | 6a01 0a8b | 4081 1ff8 
  0x0000000117f782f4: 8c17 00f9 | 16ff ff17 | 8a27 40f9 | 8b2f 40f9 | bf3b 03d5 | 0c00 c039 | 2ce4 ff34 | 1f00 0039 
  0x0000000117f78314: 8a01 00b5 | e103 1caa | c900 0010 | 89d7 01f9 

  0x0000000117f78324: ;   {runtime_call G1BarrierSetRuntime::write_ref_field_post_entry(unsigned char volatile*, JavaThread*)}
  0x0000000117f78324: 88f0 98d2 | 48da a0f2 | 2800 c0f2 | 0001 3fd6 

  0x0000000117f78334: ;   {other}
  0x0000000117f78334: 1f20 03d5 | 1f00 80f2 | 1f00 80f2 | 14ff ff17 | 4c21 00d1 | 6a01 0a8b | 4081 1ff8 | 8c27 00f9 
  0x0000000117f78354: 0fff ff17 | f503 1daa | aa0e 40b9 | 40f1 7dd3 | 20ea ffb4 | 8a17 40f9 | 8a0a 00b4 | 8b1f 40f9 
  0x0000000117f78374: 4c21 00d1 | 6a01 0a8b | 4081 1ff8 | 8c17 00f9 | 49ff ff17 | 8a27 40f9 | 8b2f 40f9 | bf3b 03d5 
  0x0000000117f78394: 0d00 c039 | 2deb ff34 | 1f00 0039 | 8a01 00b5 | e103 1caa | c900 0010 | 89d7 01f9 

  0x0000000117f783b0: ;   {runtime_call G1BarrierSetRuntime::write_ref_field_post_entry(unsigned char volatile*, JavaThread*)}
  0x0000000117f783b0: 88f0 98d2 | 48da a0f2 | 2800 c0f2 | 0001 3fd6 

  0x0000000117f783c0: ;   {other}
  0x0000000117f783c0: 1f20 03d5 | 1f00 80f2 | 1f00 80f2 | 4cff ff17 | 4c21 00d1 | 6a01 0a8b | 4081 1ff8 | 8c27 00f9 
  0x0000000117f783e0: 47ff ff17 

  0x0000000117f783e4: ;   {metadata('kotlin/Result$Failure')}
  0x0000000117f783e4: 0113 96d2 | 8121 a0f2 | 011a c0f2 

  0x0000000117f783f0: ; ImmutableOopMap {rfp=Oop [0]=Oop [8]=Oop [16]=Oop }
                      ;*new {reexecute=0 rethrow=0 return_oop=1}
                      ; - kotlin.ResultKt::createFailure@6 (line 122)
                      ; - kotlinx.coroutines.DispatchedTask::run@273 (line 98)
                      ;   {runtime_call _new_instance_Java}
  0x0000000117f783f0: 44c3 e197 

  0x0000000117f783f4: ;   {other}
  0x0000000117f783f4: 1f20 03d5 | 9f9c 81f2 | 1fa0 83f2 | c7fe ff17 

  0x0000000117f78404: ;   {metadata('kotlin/Result$Failure')}
  0x0000000117f78404: 0113 96d2 | 8121 a0f2 | 011a c0f2 

  0x0000000117f78410: ; ImmutableOopMap {[0]=Oop [8]=Oop [16]=Oop [32]=Oop }
                      ;*new {reexecute=0 rethrow=0 return_oop=1}
                      ; - kotlin.ResultKt::createFailure@6 (line 122)
                      ; - kotlinx.coroutines.DispatchedTask::run@246 (line 232)
                      ;   {runtime_call _new_instance_Java}
  0x0000000117f78410: 3cc3 e197 

  0x0000000117f78414: ;   {other}
  0x0000000117f78414: 1f20 03d5 | 9fa0 81f2 | 1fc0 83f2 | 15ff ff17 | 4117 8012 

  0x0000000117f78428: ; ImmutableOopMap {rfp=Oop [0]=Oop [8]=Oop [16]=Oop }
                      ;*if_acmpne {reexecute=1 rethrow=0 return_oop=0}
                      ; - (reexecute) kotlinx.coroutines.internal.ThreadContextKt::updateThreadContext@17 (line 64)
                      ; - kotlinx.coroutines.DispatchedTask::run@71 (line 223)
                      ;   {runtime_call UncommonTrapBlob}
  0x0000000117f78428: d66a de97 

  0x0000000117f7842c: ;   {other}
  0x0000000117f7842c: 1f20 03d5 | 9fa3 81f2 | 1fe0 83f2 | e103 1caa | c900 0010 | 89d7 01f9 

  0x0000000117f78444: ;   {runtime_call G1BarrierSetRuntime::write_ref_field_pre_entry(oopDesc*, JavaThread*)}
  0x0000000117f78444: 88eb 98d2 | 48da a0f2 | 2800 c0f2 | 0001 3fd6 

  0x0000000117f78454: ;   {other}
  0x0000000117f78454: 1f20 03d5 | 1f00 80f2 | 1f00 80f2 | 62fe ff17 | fd2b 40a9 | ea03 00f9 | ea0b 40f9 | ea07 00f9 
  0x0000000117f78474: ea0f 40f9 | 2104 8012 | ea33 01a9 

  0x0000000117f78480: ; ImmutableOopMap {rfp=Oop [0]=Oop [8]=Oop [16]=Oop [24]=Oop }
                      ;*invokeinterface getCancellationException {reexecute=0 rethrow=0 return_oop=0}
                      ; - kotlinx.coroutines.DispatchedTask::run@178 (line 93)
                      ;   {runtime_call UncommonTrapBlob}
  0x0000000117f78480: c06a de97 

  0x0000000117f78484: ;   {other}
  0x0000000117f78484: 1f20 03d5 | 9fae 81f2 | 1f00 84f2 | e103 1caa | c900 0010 | 89d7 01f9 

  0x0000000117f7849c: ;   {runtime_call G1BarrierSetRuntime::write_ref_field_pre_entry(oopDesc*, JavaThread*)}
  0x0000000117f7849c: 88eb 98d2 | 48da a0f2 | 2800 c0f2 | 0001 3fd6 

  0x0000000117f784ac: ;   {other}
  0x0000000117f784ac: 1f20 03d5 | 1f00 80f2 | 1f00 80f2 | a6fe ff17 | e103 1caa | c900 0010 | 89d7 01f9 

  0x0000000117f784c8: ;   {runtime_call G1BarrierSetRuntime::write_ref_field_pre_entry(oopDesc*, JavaThread*)}
  0x0000000117f784c8: 88eb 98d2 | 48da a0f2 | 2800 c0f2 | 0001 3fd6 

  0x0000000117f784d8: ;   {other}
  0x0000000117f784d8: 1f20 03d5 | 1f00 80f2 | 1f00 80f2 | f1fe ff17 | fd2b 40a9 | ea03 00f9 | ea0b 40f9 | ea07 00f9 
  0x0000000117f784f8: ea0f 40f9 | 2107 8012 | ea37 01a9 

  0x0000000117f78504: ; ImmutableOopMap {rfp=Oop [0]=Oop [8]=Oop [16]=Oop [24]=Oop }
                      ;*invokeinterface get {reexecute=0 rethrow=0 return_oop=0}
                      ; - kotlinx.coroutines.DispatchedTask::run@147 (line 91)
                      ;   {runtime_call UncommonTrapBlob}
  0x0000000117f78504: 9f6a de97 

  0x0000000117f78508: ;   {other}
  0x0000000117f78508: 1f20 03d5 | 1fbf 81f2 | 1f20 84f2 | 2104 8012 

  0x0000000117f78518: ; ImmutableOopMap {rfp=Oop [0]=Oop [8]=Oop [16]=Oop [24]=Oop }
                      ;*invokeinterface get {reexecute=0 rethrow=0 return_oop=0}
                      ; - coil3.compose.internal.ForwardingCoroutineContext::get@5
                      ; - kotlinx.coroutines.DispatchedTask::run@147 (line 91)
                      ;   {runtime_call UncommonTrapBlob}
  0x0000000117f78518: 9a6a de97 

  0x0000000117f7851c: ;   {other}
  0x0000000117f7851c: 1f20 03d5 | 9fc1 81f2 | 1f40 84f2 | fd03 40f9 | 2104 8012 | e003 00f9 

  0x0000000117f78534: ; ImmutableOopMap {rfp=Oop [0]=Oop }
                      ;*checkcast {reexecute=0 rethrow=0 return_oop=0}
                      ; - kotlinx.coroutines.DispatchedTask::run@43 (line 80)
                      ;   {runtime_call UncommonTrapBlob}
  0x0000000117f78534: 936a de97 

  0x0000000117f78538: ;   {other}
  0x0000000117f78538: 1f20 03d5 | 1fc5 81f2 | 1f60 84f2 | 0a08 40b9 

  0x0000000117f78548: ;   {metadata('kotlinx/coroutines/DispatchException')}
  0x0000000117f78548: 8c21 a0d2 | 0c60 9ff2 | 5f01 0c6b | 8100 0054 | ea03 00aa | ea07 00f9 | 37fe ff17 | e203 00aa 
  0x0000000117f78568: 96fe ff17 | 0b08 40b9 

  0x0000000117f78570: ;   {metadata('kotlinx/coroutines/DispatchException')}
  0x0000000117f78570: 8a21 a0d2 | 0a60 9ff2 | 7f01 0a6b | 8100 0054 | ea03 00aa | ea07 00f9 | 2dfe ff17 | e203 00aa 
  0x0000000117f78590: 8cfe ff17 | e007 00f9 | 19fe ff17 | e007 00f9 | 17fe ff17 | e007 00f9 | 15fe ff17 | e007 00f9 
  0x0000000117f785b0: 13fe ff17 | e007 00f9 | 11fe ff17 | e007 00f9 | 0ffe ff17 | fd2b 40a9 | ea03 00f9 | ea0b 40f9 
  0x0000000117f785d0: 2101 8012 | ea07 00f9 

  0x0000000117f785d8: ; ImmutableOopMap {rfp=Oop [0]=Oop [8]=Oop [24]=Oop }
                      ;*invokeinterface get {reexecute=0 rethrow=0 return_oop=0}
                      ; - kotlinx.coroutines.DispatchedTask::run@147 (line 91)
                      ;   {runtime_call UncommonTrapBlob}
  0x0000000117f785d8: 6a6a de97 

  0x0000000117f785dc: ;   {other}
  0x0000000117f785dc: 1f20 03d5 | 9fd9 81f2 | 1f80 84f2 | fd2b 40a9 | ea03 00f9 | ea0b 40f9 | 6101 8012 | ea07 00f9 
  0x0000000117f785fc: ; ImmutableOopMap {rfp=Oop [0]=Oop [8]=Oop [24]=Oop }
                      ;*checkcast {reexecute=0 rethrow=0 return_oop=0}
                      ; - kotlinx.coroutines.DispatchedTask::run@152 (line 91)
                      ;   {runtime_call UncommonTrapBlob}
  0x0000000117f785fc: 616a de97 

  0x0000000117f78600: ;   {other}
  0x0000000117f78600: 1f20 03d5 | 1fde 81f2 | 1fa0 84f2 | 0b08 40b9 

  0x0000000117f78610: ;   {metadata('kotlinx/coroutines/DispatchException')}
  0x0000000117f78610: 8a21 a0d2 | 0a60 9ff2 | 7f01 0a6b | 8100 0054 | ea03 00aa | ea07 00f9 | 05fe ff17 | e203 00aa 
  0x0000000117f78630: 64fe ff17 | fd2b 40a9 | ea03 00f9 | ea0b 40f9 | 6101 8012 | ea07 00f9 

  0x0000000117f78648: ; ImmutableOopMap {rfp=Oop [0]=Oop [8]=Oop [24]=Oop }
                      ;*instanceof {reexecute=0 rethrow=0 return_oop=0}
                      ; - kotlin.coroutines.CombinedContext::get@39 (line 124)
                      ; - kotlinx.coroutines.DispatchedTask::run@147 (line 91)
                      ;   {runtime_call UncommonTrapBlob}
  0x0000000117f78648: 4e6a de97 

  0x0000000117f7864c: ;   {other}
  0x0000000117f7864c: 1f20 03d5 | 9fe7 81f2 | 1fc0 84f2 | 4117 8012 | fd03 40f9 | e007 00f9 

  0x0000000117f78664: ; ImmutableOopMap {rfp=Oop [8]=Oop }
                      ;*ifnonnull {reexecute=1 rethrow=0 return_oop=0}
                      ; - (reexecute) kotlin.jvm.internal.Intrinsics::checkNotNull@1 (line 30)
                      ; - kotlinx.coroutines.DispatchedTask::run@40 (line 80)
                      ;   {runtime_call UncommonTrapBlob}
  0x0000000117f78664: 476a de97 

  0x0000000117f78668: ;   {other}
  0x0000000117f78668: 1f20 03d5 | 1feb 81f2 | 1fe0 84f2 | e007 00f9 | e1fd ff17 | e103 00aa | 0400 0014 | e103 00aa 
  0x0000000117f78688: 0200 0014 | e103 00aa | fd7b 44a9 | ff43 0191 

  0x0000000117f78698: ;   {runtime_call _rethrow_Java}
  0x0000000117f78698: dae7 e117 | e007 00f9 | d7fd ff17 | 0a08 40b9 

  0x0000000117f786a8: ;   {metadata('kotlinx/coroutines/DispatchException')}
  0x0000000117f786a8: 8c21 a0d2 | 0c60 9ff2 | 5f01 0c6b | 8100 0054 | ea03 00aa | ea07 00f9 | dffd ff17 | e203 00aa 
  0x0000000117f786c8: 3efe ff17 | e007 00f9 | cbfd ff17 | 0100 0014 | e007 00f9 | c8fd ff17 | 0500 0014 | 0400 0014 
  0x0000000117f786e8: 0300 0014 | 0200 0014 | 0100 0014 | e007 00f9 | c1fd ff17 | fd2b 40a9 | ea03 00f9 | ea0b 40f9 
  0x0000000117f78708: 2101 8012 | ea07 00f9 

  0x0000000117f78710: ; ImmutableOopMap {rfp=Oop [0]=Oop [8]=Oop [24]=Oop }
                      ;*invokeinterface get {reexecute=0 rethrow=0 return_oop=0}
                      ; - coil3.compose.internal.ForwardingCoroutineContext::get@5
                      ; - kotlinx.coroutines.DispatchedTask::run@147 (line 91)
                      ;   {runtime_call UncommonTrapBlob}
  0x0000000117f78710: 1c6a de97 

  0x0000000117f78714: ;   {other}
  0x0000000117f78714: 1f20 03d5 | 9f00 82f2 | 1f00 85f2 | fd2b 40a9 | ea03 00f9 | ea0b 40f9 | 6101 8012 | ea07 00f9 
  0x0000000117f78734: ; ImmutableOopMap {rfp=Oop [0]=Oop [8]=Oop [24]=Oop }
                      ;*instanceof {reexecute=0 rethrow=0 return_oop=0}
                      ; - kotlin.coroutines.CombinedContext::get@39 (line 124)
                      ; - coil3.compose.internal.ForwardingCoroutineContext::get@5
                      ; - kotlinx.coroutines.DispatchedTask::run@147 (line 91)
                      ;   {runtime_call UncommonTrapBlob}
  0x0000000117f78734: 136a de97 

  0x0000000117f78738: ;   {other}
  0x0000000117f78738: 1f20 03d5 | 1f05 82f2 | 1f20 85f2 | 0200 0014 | 0100 0014 | e007 00f9 | abfd ff17 | 0200 0014 
  0x0000000117f78758: 0100 0014 | e007 00f9 | a7fd ff17 

  0x0000000117f78764: ;   {internal_word}
  0x0000000117f78764: 08b1 ff10 | 8837 02f9 

  0x0000000117f7876c: ;   {runtime_call SafepointBlob}
  0x0000000117f7876c: 6568 de17 | 0830 8bd2 | 28ee a2f2 | 2800 c0f2 | 0001 3fd6 | edfc ff17 

  0x0000000117f78784: ;   {other}
  0x0000000117f78784: 0500 0000 
[Stub Code]
  0x0000000117f78788: ;   {no_reloc}
  0x0000000117f78788: 4800 0058 | 0001 1fd6 | 80c2 7f17 | 0100 0000 

  0x0000000117f78798: ;   {trampoline_stub}
  0x0000000117f78798: 4800 0058 | 0001 1fd6 | 58bf 7f17 | 0100 0000 

  0x0000000117f787a8: ;   {trampoline_stub}
  0x0000000117f787a8: 4800 0058 | 0001 1fd6 | 58bf 7f17 | 0100 0000 

  0x0000000117f787b8: ;   {trampoline_stub}
  0x0000000117f787b8: 4800 0058 | 0001 1fd6 | e0be 7f17 | 0100 0000 

  0x0000000117f787c8: ;   {trampoline_stub}
  0x0000000117f787c8: 4800 0058 | 0001 1fd6 | 30bb 7f17 | 0100 0000 

  0x0000000117f787d8: ;   {trampoline_stub}
  0x0000000117f787d8: 4800 0058 | 0001 1fd6 | 30c0 7f17 | 0100 0000 

  0x0000000117f787e8: ;   {trampoline_stub}
  0x0000000117f787e8: 4800 0058 | 0001 1fd6 | 30c0 7f17 | 0100 0000 

  0x0000000117f787f8: ;   {trampoline_stub}
  0x0000000117f787f8: 4800 0058 | 0001 1fd6 | f8c2 7f17 | 0100 0000 

  0x0000000117f78808: ;   {trampoline_stub}
  0x0000000117f78808: 4800 0058 | 0001 1fd6 | 08bd 7f17 | 0100 0000 

  0x0000000117f78818: ;   {trampoline_stub}
  0x0000000117f78818: 4800 0058 | 0001 1fd6 | f8bb 7f17 | 0100 0000 

  0x0000000117f78828: ;   {trampoline_stub}
  0x0000000117f78828: 4800 0058 | 0001 1fd6 | 80c7 7017 | 0100 0000 

  0x0000000117f78838: ;   {trampoline_stub}
  0x0000000117f78838: 4800 0058 | 0001 1fd6 | 80c4 7017 | 0100 0000 

  0x0000000117f78848: ;   {trampoline_stub}
  0x0000000117f78848: 4800 0058 | 0001 1fd6 | 80c4 7017 | 0100 0000 

  0x0000000117f78858: ;   {trampoline_stub}
  0x0000000117f78858: 4800 0058 | 0001 1fd6 | 30c0 7f17 | 0100 0000 

  0x0000000117f78868: ;   {trampoline_stub}
  0x0000000117f78868: 4800 0058 | 0001 1fd6 | 003d cd17 | 0100 0000 

  0x0000000117f78878: ;   {trampoline_stub}
  0x0000000117f78878: 4800 0058 | 0001 1fd6 | 003d cd17 | 0100 0000 

  0x0000000117f78888: ;   {trampoline_stub}
  0x0000000117f78888: 4800 0058 | 0001 1fd6 | f8bb 7f17 | 0100 0000 

  0x0000000117f78898: ;   {trampoline_stub}
  0x0000000117f78898: 4800 0058 | 0001 1fd6 | 80c1 7017 | 0100 0000 

  0x0000000117f788a8: ;   {trampoline_stub}
  0x0000000117f788a8: 4800 0058 | 0001 1fd6 | 8006 da10 | 0100 0000 

  0x0000000117f788b8: ;   {trampoline_stub}
  0x0000000117f788b8: 4800 0058 | 0001 1fd6 | 003d cd17 | 0100 0000 

  0x0000000117f788c8: ;   {trampoline_stub}
  0x0000000117f788c8: 4800 0058 | 0001 1fd6 | 003d cd17 | 0100 0000 

  0x0000000117f788d8: ;   {trampoline_stub}
  0x0000000117f788d8: 4800 0058 | 0001 1fd6 | 9095 e717 | 0100 0000 

  0x0000000117f788e8: ;   {trampoline_stub}
  0x0000000117f788e8: 4800 0058 | 0001 1fd6 | 80c7 7017 | 0100 0000 

  0x0000000117f788f8: ;   {trampoline_stub}
  0x0000000117f788f8: 4800 0058 | 0001 1fd6 | 30c0 7f17 | 0100 0000 

  0x0000000117f78908: ;   {trampoline_stub}
  0x0000000117f78908: 4800 0058 | 0001 1fd6 | 30c0 7f17 | 0100 0000 

  0x0000000117f78918: ;   {trampoline_stub}
  0x0000000117f78918: 4800 0058 | 0001 1fd6 | 3089 7017 | 0100 0000 

  0x0000000117f78928: ;   {trampoline_stub}
  0x0000000117f78928: 4800 0058 | 0001 1fd6 | f8bb 7f17 | 0100 0000 

  0x0000000117f78938: ;   {trampoline_stub}
  0x0000000117f78938: 4800 0058 | 0001 1fd6 | 80c4 7017 | 0100 0000 

  0x0000000117f78948: ;   {static_stub}
  0x0000000117f78948: df3f 03d5 

  0x0000000117f7894c: ;   {metadata(nullptr)}
  0x0000000117f7894c: 0c00 80d2 | 0c00 a0f2 | 0c00 c0f2 | 0800 80d2 | 0800 a0f2 | 0800 c0f2 | 0001 1fd6 

  0x0000000117f78968: ;   {static_stub}
  0x0000000117f78968: df3f 03d5 

  0x0000000117f7896c: ;   {metadata(nullptr)}
  0x0000000117f7896c: 0c00 80d2 | 0c00 a0f2 | 0c00 c0f2 | 0800 80d2 | 0800 a0f2 | 0800 c0f2 | 0001 1fd6 

  0x0000000117f78988: ;   {static_stub}
  0x0000000117f78988: df3f 03d5 

  0x0000000117f7898c: ;   {metadata(nullptr)}
  0x0000000117f7898c: 0c00 80d2 | 0c00 a0f2 | 0c00 c0f2 | 0800 80d2 | 0800 a0f2 | 0800 c0f2 | 0001 1fd6 

  0x0000000117f789a8: ;   {static_stub}
  0x0000000117f789a8: df3f 03d5 

  0x0000000117f789ac: ;   {metadata(nullptr)}
  0x0000000117f789ac: 0c00 80d2 | 0c00 a0f2 | 0c00 c0f2 | 0800 80d2 | 0800 a0f2 | 0800 c0f2 | 0001 1fd6 

  0x0000000117f789c8: ;   {static_stub}
  0x0000000117f789c8: df3f 03d5 

  0x0000000117f789cc: ;   {metadata(nullptr)}
  0x0000000117f789cc: 0c00 80d2 | 0c00 a0f2 | 0c00 c0f2 | 0800 80d2 | 0800 a0f2 | 0800 c0f2 | 0001 1fd6 

  0x0000000117f789e8: ;   {static_stub}
  0x0000000117f789e8: df3f 03d5 

  0x0000000117f789ec: ;   {metadata(nullptr)}
  0x0000000117f789ec: 0c00 80d2 | 0c00 a0f2 | 0c00 c0f2 | 0800 80d2 | 0800 a0f2 | 0800 c0f2 | 0001 1fd6 
[Exception Handler]
  0x0000000117f78a08: ;   {runtime_call ExceptionBlob}
  0x0000000117f78a08: 3ec4 e117 
[Deopt Handler Code]
  0x0000000117f78a0c: 1e00 0010 

  0x0000000117f78a10: ;   {runtime_call DeoptimizationBlob}
  0x0000000117f78a10: 8c68 de17 | 0000 0000 
[/MachCode]


Compiled method (c1) 20902 7386   !   3       kotlinx.coroutines.scheduling.CoroutineScheduler::runSafely (73 bytes)
 total in heap  [0x000000011100a910,0x000000011100c3c8] = 6840
 relocation     [0x000000011100aa60,0x000000011100ac50] = 496
 main code      [0x000000011100ac80,0x000000011100bcd0] = 4176
 stub code      [0x000000011100bcd0,0x000000011100be18] = 328
 oops           [0x000000011100be18,0x000000011100be30] = 24
 metadata       [0x000000011100be30,0x000000011100bef8] = 200
 scopes data    [0x000000011100bef8,0x000000011100c088] = 400
 scopes pcs     [0x000000011100c088,0x000000011100c268] = 480
 dependencies   [0x000000011100c268,0x000000011100c278] = 16
 handler table  [0x000000011100c278,0x000000011100c380] = 264
 nul chk table  [0x000000011100c380,0x000000011100c3c8] = 72

[Constant Pool (empty)]

[MachCode]
[Entry Point]
  # {method} {0x000000012a91dba8} 'runSafely' '(Lkotlinx/coroutines/scheduling/Task;)V' in 'kotlinx/coroutines/scheduling/CoroutineScheduler'
  # this:     c_rarg1:c_rarg1 
                        = 'kotlinx/coroutines/scheduling/CoroutineScheduler'
  # parm0:    c_rarg2:c_rarg2 
                        = 'kotlinx/coroutines/scheduling/Task'
  #           [sp+0xa0]  (sp of caller)
  0x000000011100ac80: 2808 40b9 | 3f01 086b | c001 0054 

  0x000000011100ac8c: ;   {runtime_call ic_miss_stub}
  0x000000011100ac8c: 7d04 9c15 | 1f20 03d5 | 1f20 03d5 | 1f20 03d5 | 1f20 03d5 | 1f20 03d5 | 1f20 03d5 | 1f20 03d5 
  0x000000011100acac: 1f20 03d5 | 1f20 03d5 | 1f20 03d5 | 1f20 03d5 | 1f20 03d5 
[Verified Entry Point]
  0x000000011100acc0: 1f20 03d5 | e953 40d1 | 3f01 00f9 | ff83 02d1 | fd7b 09a9 | 2801 0018 | 8923 40b9 | 1f01 09eb 
  0x000000011100ace0: e000 0054 | 0830 8bd2 | 28ee a2f2 | 2800 c0f2 | 0001 3fd6 | 0200 0014 | 0500 0000 

  0x000000011100acfc: ;   {metadata(method data for {method} {0x000000012a91dba8} 'runSafely' '(Lkotlinx/coroutines/scheduling/Task;)V' in 'kotlinx/coroutines/scheduling/CoroutineScheduler')}
  0x000000011100acfc: 0002 96d2 | a07e a5f2 | 2000 c0f2 | 03ac 40b9 | 6308 0011 | 03ac 00b9 | 6324 1f12 | 7f00 0071 
  0x000000011100ad1c: 206f 0054 

  0x000000011100ad20: ; implicit exception: dispatches to 0x000000011100bb20
  0x000000011100ad20: 5f00 40f9 | e103 02aa 

  0x000000011100ad28: ;   {metadata(method data for {method} {0x000000012a91dba8} 'runSafely' '(Lkotlinx/coroutines/scheduling/Task;)V' in 'kotlinx/coroutines/scheduling/CoroutineScheduler')}
  0x000000011100ad28: 0002 96d2 | a07e a5f2 | 2000 c0f2 | 2108 40b9 | 011a c0f2 | 0900 0491 | 2801 40f9 | 3f00 08eb 
  0x000000011100ad48: a100 0054 | 0884 40f9 | 0805 0091 | 0884 00f9 | 1c00 0014 | 0940 0491 | 2801 40f9 | 3f00 08eb 
  0x000000011100ad68: a100 0054 | 088c 40f9 | 0805 0091 | 088c 00f9 | 1400 0014 | 0900 0491 | 2801 40f9 | c800 00b5 
  0x000000011100ad88: 2101 00f9 | e803 40b2 | 0920 0491 | 2801 00f9 | 0c00 0014 | 0940 0491 | 2801 40f9 | c800 00b5 
  0x000000011100ada8: 2101 00f9 | e803 40b2 | 0960 0491 | 2801 00f9 | 0400 0014 | 0878 40f9 | 0805 0091 | 0878 00f9 
  0x000000011100adc8: e103 02aa | e9ff 9fd2 | e9ff bff2 | e9ff dff2 

  0x000000011100add8: ; ImmutableOopMap {}
                      ;*invokevirtual run {reexecute=0 rethrow=0 return_oop=0}
                      ; - kotlinx.coroutines.scheduling.CoroutineScheduler::runSafely@2 (line 586)
                      ;   {virtual_call}
  0x000000011100add8: 4cc4 9f95 

  0x000000011100addc: ;   {other}
  0x000000011100addc: 1f20 03d5 | 9f99 80f2 | 1f00 80f2 

  0x000000011100ade8: ;   {metadata(method data for {method} {0x000000012a91dba8} 'runSafely' '(Lkotlinx/coroutines/scheduling/Task;)V' in 'kotlinx/coroutines/scheduling/CoroutineScheduler')}
  0x000000011100ade8: 0102 96d2 | a17e a5f2 | 2100 c0f2 | 2894 40f9 | 0805 0091 | 2894 00f9 

  0x000000011100ae00: ;   {metadata(method data for {method} {0x000000012a97a3b8} 'access$getTimeSource$p' '()Lkotlinx/coroutines/AbstractTimeSource;' in 'kotlinx/coroutines/AbstractTimeSourceKt')}
  0x000000011100ae00: 01ad 91d2 | 015d a5f2 | 2100 c0f2 | 20ac 40b9 | 0008 0011 | 20ac 00b9 | 004c 1f12 | 1f00 0071 
  0x000000011100ae20: 2068 0054 

  0x000000011100ae24: ;   {oop(a 'java/lang/Class'{0x00000004808f8c40} = 'kotlinx/coroutines/AbstractTimeSourceKt')}
  0x000000011100ae24: 0188 91d2 | e111 b0f2 | 8100 c0f2 | 2170 40b9 | 21f0 7dd3 | e003 1faa | 3f00 00eb 

  0x000000011100ae40: ;   {metadata(method data for {method} {0x000000012a91dba8} 'runSafely' '(Lkotlinx/coroutines/scheduling/Task;)V' in 'kotlinx/coroutines/scheduling/CoroutineScheduler')}
  0x000000011100ae40: 0002 96d2 | a07e a5f2 | 2000 c0f2 | 0827 80d2 | 0929 80d2 | 0201 899a | 0368 62f8 | 6304 0091 
  0x000000011100ae60: 0368 22f8 | 205c 0054 

  0x000000011100ae68: ; implicit exception: dispatches to 0x000000011100bb44
  0x000000011100ae68: 3f00 40f9 | e003 01aa 

  0x000000011100ae70: ;   {metadata(method data for {method} {0x000000012a91dba8} 'runSafely' '(Lkotlinx/coroutines/scheduling/Task;)V' in 'kotlinx/coroutines/scheduling/CoroutineScheduler')}
  0x000000011100ae70: 0202 96d2 | a27e a5f2 | 2200 c0f2 | 0008 40b9 | 001a c0f2 | 49a0 0591 | 2801 40f9 | 1f00 08eb 
  0x000000011100ae90: a100 0054 | 48b8 40f9 | 0805 0091 | 48b8 00f9 | 1c00 0014 | 49e0 0591 | 2801 40f9 | 1f00 08eb 
  0x000000011100aeb0: a100 0054 | 48c0 40f9 | 0805 0091 | 48c0 00f9 | 1400 0014 | 49a0 0591 | 2801 40f9 | c800 00b5 
  0x000000011100aed0: 2001 00f9 | e803 40b2 | 49c0 0591 | 2801 00f9 | 0c00 0014 | 49e0 0591 | 2801 40f9 | c800 00b5 
  0x000000011100aef0: 2001 00f9 | e803 40b2 | 4900 0691 | 2801 00f9 | 0400 0014 | 48ac 40f9 | 0805 0091 | 48ac 00f9 
  0x000000011100af10: e9ff 9fd2 | e9ff bff2 | e9ff dff2 

  0x000000011100af1c: ; ImmutableOopMap {}
                      ;*invokevirtual unTrackTask {reexecute=0 rethrow=0 return_oop=0}
                      ; - kotlinx.coroutines.scheduling.CoroutineScheduler::runSafely@12 (line 591)
                      ;   {virtual_call}
  0x000000011100af1c: 5905 9c95 

  0x000000011100af20: ;   {other}
  0x000000011100af20: 1f20 03d5 | 1fc2 80f2 | 1f20 80f2 

  0x000000011100af2c: ;   {metadata(method data for {method} {0x000000012a91dba8} 'runSafely' '(Lkotlinx/coroutines/scheduling/Task;)V' in 'kotlinx/coroutines/scheduling/CoroutineScheduler')}
  0x000000011100af2c: 0002 96d2 | a07e a5f2 | 2000 c0f2 | 01c8 40f9 | 2104 0091 | 01c8 00f9 | a902 0014 | 8083 42f9 
  0x000000011100af4c: 9f83 02f9 | 9f87 02f9 

  0x000000011100af54: ;   {metadata(method data for {method} {0x000000012a91dba8} 'runSafely' '(Lkotlinx/coroutines/scheduling/Task;)V' in 'kotlinx/coroutines/scheduling/CoroutineScheduler')}
  0x000000011100af54: 0102 96d2 | a17e a5f2 | 2100 c0f2 | 28e0 40f9 | 0805 0091 | 28e0 00f9 | 81c7 41f9 | 2200 40f9 
  0x000000011100af74: e237 00f9 

  0x000000011100af78: ; implicit exception: dispatches to 0x000000011100bb48
  0x000000011100af78: 5f00 40f9 | e103 02aa 

  0x000000011100af80: ;   {metadata(method data for {method} {0x000000012a91dba8} 'runSafely' '(Lkotlinx/coroutines/scheduling/Task;)V' in 'kotlinx/coroutines/scheduling/CoroutineScheduler')}
  0x000000011100af80: 0302 96d2 | a37e a5f2 | 2300 c0f2 | 2108 40b9 | 011a c0f2 | 6980 0791 | 2801 40f9 | 3f00 08eb 
  0x000000011100afa0: a100 0054 | 68f4 40f9 | 0805 0091 | 68f4 00f9 | 1c00 0014 | 69c0 0791 | 2801 40f9 | 3f00 08eb 
  0x000000011100afc0: a100 0054 | 68fc 40f9 | 0805 0091 | 68fc 00f9 | 1400 0014 | 6980 0791 | 2801 40f9 | c800 00b5 
  0x000000011100afe0: 2101 00f9 | e803 40b2 | 69a0 0791 | 2801 00f9 | 0c00 0014 | 69c0 0791 | 2801 40f9 | c800 00b5 
  0x000000011100b000: 2101 00f9 | e803 40b2 | 69e0 0791 | 2801 00f9 | 0400 0014 | 68e8 40f9 | 0805 0091 | 68e8 00f9 
  0x000000011100b020: ;   {metadata(method data for {method} {0x000000d000017d68} 'getUncaughtExceptionHandler' '()Ljava/lang/Thread$UncaughtExceptionHandler;' in 'java/lang/Thread')}
  0x000000011100b020: 014e 9dd2 | 2171 a5f2 | 2100 c0f2 | 23ac 40b9 | 6308 0011 | 23ac 00b9 | 634c 1f12 | 7f00 0071 
  0x000000011100b040: 6058 0054 | e103 02aa 

  0x000000011100b048: ;   {metadata(method data for {method} {0x000000d000017d68} 'getUncaughtExceptionHandler' '()Ljava/lang/Thread$UncaughtExceptionHandler;' in 'java/lang/Thread')}
  0x000000011100b048: 034e 9dd2 | 2371 a5f2 | 2300 c0f2 | 2108 40b9 | 011a c0f2 | 6900 0491 | 2801 40f9 | 3f00 08eb 
  0x000000011100b068: a100 0054 | 6884 40f9 | 0805 0091 | 6884 00f9 | 1c00 0014 | 6940 0491 | 2801 40f9 | 3f00 08eb 
  0x000000011100b088: a100 0054 | 688c 40f9 | 0805 0091 | 688c 00f9 | 1400 0014 | 6900 0491 | 2801 40f9 | c800 00b5 
  0x000000011100b0a8: 2101 00f9 | e803 40b2 | 6920 0491 | 2801 00f9 | 0c00 0014 | 6940 0491 | 2801 40f9 | c800 00b5 
  0x000000011100b0c8: 2101 00f9 | e803 40b2 | 6960 0491 | 2801 00f9 | 0400 0014 | 6878 40f9 | 0805 0091 | 6878 00f9 
  0x000000011100b0e8: ;   {metadata(method data for {method} {0x000000d000017c60} 'isTerminated' '()Z' in 'java/lang/Thread')}
  0x000000011100b0e8: 018d 9dd2 | 2171 a5f2 | 2100 c0f2 | 23ac 40b9 | 6308 0011 | 23ac 00b9 | 634c 1f12 | 7f00 0071 
  0x000000011100b108: 2053 0054 | e103 02aa 

  0x000000011100b110: ;   {metadata(method data for {method} {0x000000d000017c60} 'isTerminated' '()Z' in 'java/lang/Thread')}
  0x000000011100b110: 038d 9dd2 | 2371 a5f2 | 2300 c0f2 | 2108 40b9 | 011a c0f2 | 6900 0491 | 2801 40f9 | 3f00 08eb 
  0x000000011100b130: a100 0054 | 6884 40f9 | 0805 0091 | 6884 00f9 | 1c00 0014 | 6940 0491 | 2801 40f9 | 3f00 08eb 
  0x000000011100b150: a100 0054 | 688c 40f9 | 0805 0091 | 688c 00f9 | 1400 0014 | 6900 0491 | 2801 40f9 | c800 00b5 
  0x000000011100b170: 2101 00f9 | e803 40b2 | 6920 0491 | 2801 00f9 | 0c00 0014 | 6940 0491 | 2801 40f9 | c800 00b5 
  0x000000011100b190: 2101 00f9 | e803 40b2 | 6960 0491 | 2801 00f9 | 0400 0014 | 6878 40f9 | 0805 0091 | 6878 00f9 
  0x000000011100b1b0: ;   {metadata(method data for {method} {0x000000d000017cb8} 'threadState' '()Ljava/lang/Thread$State;' in 'java/lang/Thread')}
  0x000000011100b1b0: 01c1 9dd2 | 2171 a5f2 | 2100 c0f2 | 23ac 40b9 | 6308 0011 | 23ac 00b9 | 634c 1f12 | 7f00 0071 
  0x000000011100b1d0: e04d 0054 | 4148 40b9 | 21f0 7dd3 | bf3b 03d5 

  0x000000011100b1e0: ; implicit exception: dispatches to 0x000000011100bbac
  0x000000011100b1e0: 2118 40b9 | bf39 03d5 

  0x000000011100b1e8: ;   {metadata(method data for {method} {0x000000d000017cb8} 'threadState' '()Ljava/lang/Thread$State;' in 'java/lang/Thread')}
  0x000000011100b1e8: 03c1 9dd2 | 2371 a5f2 | 2300 c0f2 | 6878 40f9 | 0805 0091 | 6878 00f9 | e03b 00f9 

  0x000000011100b204: ; ImmutableOopMap {[104]=Oop [112]=Oop }
                      ;*invokestatic toThreadState {reexecute=0 rethrow=0 return_oop=0}
                      ; - java.lang.Thread::threadState@7 (line 2748)
                      ; - java.lang.Thread::isTerminated@1 (line 2755)
                      ; - java.lang.Thread::getUncaughtExceptionHandler@1 (line 2864)
                      ; - kotlinx.coroutines.scheduling.CoroutineScheduler::runSafely@28 (line 589)
                      ;   {static_call}
  0x000000011100b204: 5f05 9c95 

  0x000000011100b208: ;   {other}
  0x000000011100b208: 1f20 03d5 | 1f1f 81f2 | 1f40 80f2 

  0x000000011100b214: ;   {oop(a 'java/lang/Thread$State'{0x00000004800760e0})}
  0x000000011100b214: 011c 8cd2 | e100 b0f2 | 8100 c0f2 | 1f00 01eb 

  0x000000011100b224: ;   {metadata(method data for {method} {0x000000d000017c60} 'isTerminated' '()Z' in 'java/lang/Thread')}
  0x000000011100b224: 018d 9dd2 | 2171 a5f2 | 2100 c0f2 | 0825 80d2 | 0927 80d2 | 0011 899a | 2268 60f8 | 4204 0091 
  0x000000011100b244: 2268 20f8 | 2101 0054 

  0x000000011100b24c: ;   {metadata(method data for {method} {0x000000d000017c60} 'isTerminated' '()Z' in 'java/lang/Thread')}
  0x000000011100b24c: 018d 9dd2 | 2171 a5f2 | 2100 c0f2 | 20a4 40f9 | 0004 0091 | 20a4 00f9 | e103 0032 | 0200 0014 
  0x000000011100b26c: 0100 a052 | 2100 0012 | 3f00 0071 

  0x000000011100b278: ;   {metadata(method data for {method} {0x000000d000017d68} 'getUncaughtExceptionHandler' '()Ljava/lang/Thread$UncaughtExceptionHandler;' in 'java/lang/Thread')}
  0x000000011100b278: 014e 9dd2 | 2171 a5f2 | 2100 c0f2 | 0825 80d2 | 0927 80d2 | 0001 899a | 2268 60f8 | 4204 0091 
  0x000000011100b298: 2268 20f8 | 8000 0054 | e003 1faa | e237 40f9 | 3f01 0014 | e237 40f9 | bf3b 03d5 | 4168 40b9 
  0x000000011100b2b8: 21f0 7dd3 | bf39 03d5 | e003 1faa | 3f00 00eb 

  0x000000011100b2c8: ;   {metadata(method data for {method} {0x000000d000017d68} 'getUncaughtExceptionHandler' '()Ljava/lang/Thread$UncaughtExceptionHandler;' in 'java/lang/Thread')}
  0x000000011100b2c8: 004e 9dd2 | 2071 a5f2 | 2000 c0f2 | 0829 80d2 | 092b 80d2 | 0301 899a | 0468 63f8 | 8404 0091 
  0x000000011100b2e8: 0468 23f8 | 0001 0054 

  0x000000011100b2f0: ;   {metadata(method data for {method} {0x000000d000017d68} 'getUncaughtExceptionHandler' '()Ljava/lang/Thread$UncaughtExceptionHandler;' in 'java/lang/Thread')}
  0x000000011100b2f0: 004e 9dd2 | 2071 a5f2 | 2000 c0f2 | 03b4 40f9 | 6304 0091 | 03b4 00f9 | 2601 0014 | e103 02aa 
  0x000000011100b310: ;   {metadata(method data for {method} {0x000000d000017d68} 'getUncaughtExceptionHandler' '()Ljava/lang/Thread$UncaughtExceptionHandler;' in 'java/lang/Thread')}
  0x000000011100b310: 004e 9dd2 | 2071 a5f2 | 2000 c0f2 | 08c0 40f9 | 0805 0091 | 08c0 00f9 

  0x000000011100b328: ;   {metadata(method data for {method} {0x000000d00042d730} 'getThreadGroup' '()Ljava/lang/ThreadGroup;' in 'java/lang/Thread')}
  0x000000011100b328: 0125 9ed2 | 2171 a5f2 | 2100 c0f2 | 20ac 40b9 | 0008 0011 | 20ac 00b9 | 004c 1f12 | 1f00 0071 
  0x000000011100b348: 4043 0054 | e103 02aa 

  0x000000011100b350: ;   {metadata(method data for {method} {0x000000d00042d730} 'getThreadGroup' '()Ljava/lang/ThreadGroup;' in 'java/lang/Thread')}
  0x000000011100b350: 0025 9ed2 | 2071 a5f2 | 2000 c0f2 | 2108 40b9 | 011a c0f2 | 0900 0491 | 2801 40f9 | 3f00 08eb 
  0x000000011100b370: a100 0054 | 0884 40f9 | 0805 0091 | 0884 00f9 | 1c00 0014 | 0940 0491 | 2801 40f9 | 3f00 08eb 
  0x000000011100b390: a100 0054 | 088c 40f9 | 0805 0091 | 088c 00f9 | 1400 0014 | 0900 0491 | 2801 40f9 | c800 00b5 
  0x000000011100b3b0: 2101 00f9 | e803 40b2 | 0920 0491 | 2801 00f9 | 0c00 0014 | 0940 0491 | 2801 40f9 | c800 00b5 
  0x000000011100b3d0: 2101 00f9 | e803 40b2 | 0960 0491 | 2801 00f9 | 0400 0014 | 0878 40f9 | 0805 0091 | 0878 00f9 
  0x000000011100b3f0: ;   {metadata(method data for {method} {0x000000d000017c60} 'isTerminated' '()Z' in 'java/lang/Thread')}
  0x000000011100b3f0: 018d 9dd2 | 2171 a5f2 | 2100 c0f2 | 20ac 40b9 | 0008 0011 | 20ac 00b9 | 004c 1f12 | 1f00 0071 
  0x000000011100b410: 003e 0054 | e103 02aa 

  0x000000011100b418: ;   {metadata(method data for {method} {0x000000d000017c60} 'isTerminated' '()Z' in 'java/lang/Thread')}
  0x000000011100b418: 008d 9dd2 | 2071 a5f2 | 2000 c0f2 | 2108 40b9 | 011a c0f2 | 0900 0491 | 2801 40f9 | 3f00 08eb 
  0x000000011100b438: a100 0054 | 0884 40f9 | 0805 0091 | 0884 00f9 | 1c00 0014 | 0940 0491 | 2801 40f9 | 3f00 08eb 
  0x000000011100b458: a100 0054 | 088c 40f9 | 0805 0091 | 088c 00f9 | 1400 0014 | 0900 0491 | 2801 40f9 | c800 00b5 
  0x000000011100b478: 2101 00f9 | e803 40b2 | 0920 0491 | 2801 00f9 | 0c00 0014 | 0940 0491 | 2801 40f9 | c800 00b5 
  0x000000011100b498: 2101 00f9 | e803 40b2 | 0960 0491 | 2801 00f9 | 0400 0014 | 0878 40f9 | 0805 0091 | 0878 00f9 
  0x000000011100b4b8: ;   {metadata(method data for {method} {0x000000d000017cb8} 'threadState' '()Ljava/lang/Thread$State;' in 'java/lang/Thread')}
  0x000000011100b4b8: 01c1 9dd2 | 2171 a5f2 | 2100 c0f2 | 20ac 40b9 | 0008 0011 | 20ac 00b9 | 004c 1f12 | 1f00 0071 
  0x000000011100b4d8: c038 0054 | 4148 40b9 | 21f0 7dd3 | bf3b 03d5 

  0x000000011100b4e8: ; implicit exception: dispatches to 0x000000011100bc10
  0x000000011100b4e8: 2118 40b9 | bf39 03d5 

  0x000000011100b4f0: ;   {metadata(method data for {method} {0x000000d000017cb8} 'threadState' '()Ljava/lang/Thread$State;' in 'java/lang/Thread')}
  0x000000011100b4f0: 00c1 9dd2 | 2071 a5f2 | 2000 c0f2 | 0878 40f9 | 0805 0091 | 0878 00f9 

  0x000000011100b508: ; ImmutableOopMap {[104]=Oop [112]=Oop }
                      ;*invokestatic toThreadState {reexecute=0 rethrow=0 return_oop=0}
                      ; - java.lang.Thread::threadState@7 (line 2748)
                      ; - java.lang.Thread::isTerminated@1 (line 2755)
                      ; - java.lang.Thread::getThreadGroup@1 (line 1958)
                      ; - java.lang.Thread::getUncaughtExceptionHandler@23 (line 2869)
                      ; - kotlinx.coroutines.scheduling.CoroutineScheduler::runSafely@28 (line 589)
                      ;   {static_call}
  0x000000011100b508: 9e04 9c95 

  0x000000011100b50c: ;   {other}
  0x000000011100b50c: 1f20 03d5 | 9f7f 81f2 | 1f60 80f2 

  0x000000011100b518: ;   {oop(a 'java/lang/Thread$State'{0x00000004800760e0})}
  0x000000011100b518: 021c 8cd2 | e200 b0f2 | 8200 c0f2 | 1f00 02eb 

  0x000000011100b528: ;   {metadata(method data for {method} {0x000000d000017c60} 'isTerminated' '()Z' in 'java/lang/Thread')}
  0x000000011100b528: 028d 9dd2 | 2271 a5f2 | 2200 c0f2 | 0825 80d2 | 0927 80d2 | 0311 899a | 4168 63f8 | 2104 0091 
  0x000000011100b548: 4168 23f8 | 2101 0054 

  0x000000011100b550: ;   {metadata(method data for {method} {0x000000d000017c60} 'isTerminated' '()Z' in 'java/lang/Thread')}
  0x000000011100b550: 028d 9dd2 | 2271 a5f2 | 2200 c0f2 | 43a4 40f9 | 6304 0091 | 43a4 00f9 | e203 0032 | 0200 0014 
  0x000000011100b570: 0200 a052 | 4200 0012 | 5f00 0071 

  0x000000011100b57c: ;   {metadata(method data for {method} {0x000000d00042d730} 'getThreadGroup' '()Ljava/lang/ThreadGroup;' in 'java/lang/Thread')}
  0x000000011100b57c: 0225 9ed2 | 2271 a5f2 | 2200 c0f2 | 0825 80d2 | 0927 80d2 | 0301 899a | 4168 63f8 | 2104 0091 
  0x000000011100b59c: 4168 23f8 | 8000 0054 | e103 1faa | e237 40f9 | 7d00 0014 | e237 40f9 | e303 02aa 

  0x000000011100b5b8: ;   {metadata(method data for {method} {0x000000d00042d730} 'getThreadGroup' '()Ljava/lang/ThreadGroup;' in 'java/lang/Thread')}
  0x000000011100b5b8: 0125 9ed2 | 2171 a5f2 | 2100 c0f2 | 28a4 40f9 | 0805 0091 | 28a4 00f9 

  0x000000011100b5d0: ;   {metadata(method data for {method} {0x000000d00042d9a8} 'isVirtual' '()Z' in 'java/lang/Thread')}
  0x000000011100b5d0: 037b 9cd2 | c342 a5f2 | 2300 c0f2 | 61ac 40b9 | 2108 0011 | 61ac 00b9 | 214c 1f12 | 3f00 0071 
  0x000000011100b5f0: 2031 0054 | 0201 00b5 

  0x000000011100b5f8: ;   {metadata(method data for {method} {0x000000d00042d9a8} 'isVirtual' '()Z' in 'java/lang/Thread')}
  0x000000011100b5f8: 047b 9cd2 | c442 a5f2 | 2400 c0f2 | 88a4 4339 | 0801 40b2 | 88a4 0339 | 3700 0014 

  0x000000011100b614: ;   {metadata('java/lang/BaseVirtualThread')}
  0x000000011100b614: 001d 94d2 | 4000 a0f2 | 001a c0f2 | 4408 40b9 | 041a c0f2 | 8820 40f9 | 1f00 08eb | e104 0054 
  0x000000011100b634: ;   {metadata(method data for {method} {0x000000d00042d9a8} 'isVirtual' '()Z' in 'java/lang/Thread')}
  0x000000011100b634: 047b 9cd2 | c442 a5f2 | 2400 c0f2 | 4008 40b9 | 001a c0f2 | 8900 0491 | 2801 40f9 | 1f00 08eb 
  0x000000011100b654: a100 0054 | 8884 40f9 | 0805 0091 | 8884 00f9 | 2400 0014 | 8940 0491 | 2801 40f9 | 1f00 08eb 
  0x000000011100b674: a100 0054 | 888c 40f9 | 0805 0091 | 888c 00f9 | 1c00 0014 | 8900 0491 | 2801 40f9 | c800 00b5 
  0x000000011100b694: 2001 00f9 | e803 40b2 | 8920 0491 | 2801 00f9 | 1400 0014 | 8940 0491 | 2801 40f9 | c800 00b5 
  0x000000011100b6b4: 2001 00f9 | e803 40b2 | 8960 0491 | 2801 00f9 | 0c00 0014 | 0b00 0014 

  0x000000011100b6cc: ;   {metadata(method data for {method} {0x000000d00042d9a8} 'isVirtual' '()Z' in 'java/lang/Thread')}
  0x000000011100b6cc: 047b 9cd2 | c442 a5f2 | 2400 c0f2 | 8878 40f9 | 0805 00d1 | 8878 00f9 | 0200 0014 | 0300 0014 
  0x000000011100b6ec: e303 1faa | 0200 0014 | e303 40b2 | 6300 0012 | 7f00 0071 

  0x000000011100b700: ;   {metadata(method data for {method} {0x000000d00042d730} 'getThreadGroup' '()Ljava/lang/ThreadGroup;' in 'java/lang/Thread')}
  0x000000011100b700: 0325 9ed2 | 2371 a5f2 | 2300 c0f2 | e807 79b2 | 0932 80d2 | 0101 899a | 6068 61f8 | 0004 0091 
  0x000000011100b720: 6068 21f8 | 4003 0054 

  0x000000011100b728: ;   {metadata(method data for {method} {0x000000d00042d730} 'getThreadGroup' '()Ljava/lang/ThreadGroup;' in 'java/lang/Thread')}
  0x000000011100b728: 0325 9ed2 | 2371 a5f2 | 2300 c0f2 | 68d0 40f9 | 0805 0091 | 68d0 00f9 

  0x000000011100b740: ;   {metadata(method data for {method} {0x000000d00042cfe0} 'virtualThreadGroup' '()Ljava/lang/ThreadGroup;' in 'java/lang/Thread')}
  0x000000011100b740: 0366 9ed2 | 2371 a5f2 | 2300 c0f2 | 61ac 40b9 | 2108 0011 | 61ac 00b9 | 214c 1f12 | 3f00 0071 
  0x000000011100b760: a026 0054 

  0x000000011100b764: ; ImmutableOopMap {c_rarg2=Oop [104]=Oop [112]=Oop }
                      ;*getstatic VTHREAD_GROUP {reexecute=1 rethrow=0 return_oop=0}
                      ; - (reexecute) java.lang.Thread::virtualThreadGroup@0 (line 2941)
                      ; - java.lang.Thread::getThreadGroup@16 (line 1961)
                      ; - java.lang.Thread::getUncaughtExceptionHandler@23 (line 2869)
                      ; - kotlinx.coroutines.scheduling.CoroutineScheduler::runSafely@28 (line 589)
                      ;   {runtime_call load_mirror_patching Runtime1 stub}
  0x000000011100b764: 476e 9f95 | 6370 40b9 | 63f0 7dd3 

  0x000000011100b770: ;   {metadata(method data for {method} {0x000000d00042d730} 'getThreadGroup' '()Ljava/lang/ThreadGroup;' in 'java/lang/Thread')}
  0x000000011100b770: 0125 9ed2 | 2171 a5f2 | 2100 c0f2 | 20d8 40f9 | 0004 0091 | 20d8 00f9 | 0500 0014 | 4348 40b9 
  0x000000011100b790: 63f0 7dd3 

  0x000000011100b794: ; implicit exception: dispatches to 0x000000011100bc54
  0x000000011100b794: 6320 40b9 | 63f0 7dd3 | e103 03aa | e003 01aa | e33b 40f9 | e103 00aa | e9ff 9fd2 | e9ff bff2 
  0x000000011100b7b4: e9ff dff2 

  0x000000011100b7b8: ; ImmutableOopMap {}
                      ;*invokeinterface uncaughtException {reexecute=0 rethrow=0 return_oop=0}
                      ; - kotlinx.coroutines.scheduling.CoroutineScheduler::runSafely@33 (line 589)
                      ;   {virtual_call}
  0x000000011100b7b8: 3203 9c95 

  0x000000011100b7bc: ;   {other}
  0x000000011100b7bc: 1f20 03d5 | 9fd5 81f2 | 1fa0 80f2 

  0x000000011100b7c8: ;   {metadata(method data for {method} {0x000000012a91dba8} 'runSafely' '(Lkotlinx/coroutines/scheduling/Task;)V' in 'kotlinx/coroutines/scheduling/CoroutineScheduler')}
  0x000000011100b7c8: 0102 96d2 | a17e a5f2 | 2100 c0f2 | 2820 41f9 | 0805 0091 | 2820 01f9 

  0x000000011100b7e0: ;   {metadata(method data for {method} {0x000000012a97a3b8} 'access$getTimeSource$p' '()Lkotlinx/coroutines/AbstractTimeSource;' in 'kotlinx/coroutines/AbstractTimeSourceKt')}
  0x000000011100b7e0: 01ad 91d2 | 015d a5f2 | 2100 c0f2 | 20ac 40b9 | 0008 0011 | 20ac 00b9 | 004c 1f12 | 1f00 0071 
  0x000000011100b800: c022 0054 

  0x000000011100b804: ;   {oop(a 'java/lang/Class'{0x00000004808f8c40} = 'kotlinx/coroutines/AbstractTimeSourceKt')}
  0x000000011100b804: 0188 91d2 | e111 b0f2 | 8100 c0f2 | 2170 40b9 | 21f0 7dd3 | e003 1faa | 3f00 00eb 

  0x000000011100b820: ;   {metadata(method data for {method} {0x000000012a91dba8} 'runSafely' '(Lkotlinx/coroutines/scheduling/Task;)V' in 'kotlinx/coroutines/scheduling/CoroutineScheduler')}
  0x000000011100b820: 0002 96d2 | a07e a5f2 | 2000 c0f2 | 084a 80d2 | 094c 80d2 | 0201 899a | 0368 62f8 | 6304 0091 
  0x000000011100b840: 0368 22f8 | a00b 0054 

  0x000000011100b848: ; implicit exception: dispatches to 0x000000011100bc78
  0x000000011100b848: 3f00 40f9 | e003 01aa 

  0x000000011100b850: ;   {metadata(method data for {method} {0x000000012a91dba8} 'runSafely' '(Lkotlinx/coroutines/scheduling/Task;)V' in 'kotlinx/coroutines/scheduling/CoroutineScheduler')}
  0x000000011100b850: 0202 96d2 | a27e a5f2 | 2200 c0f2 | 0008 40b9 | 001a c0f2 | 4900 0a91 | 2801 40f9 | 1f00 08eb 
  0x000000011100b870: a100 0054 | 4844 41f9 | 0805 0091 | 4844 01f9 | 1c00 0014 | 4940 0a91 | 2801 40f9 | 1f00 08eb 
  0x000000011100b890: a100 0054 | 484c 41f9 | 0805 0091 | 484c 01f9 | 1400 0014 | 4900 0a91 | 2801 40f9 | c800 00b5 
  0x000000011100b8b0: 2001 00f9 | e803 40b2 | 4920 0a91 | 2801 00f9 | 0c00 0014 | 4940 0a91 | 2801 40f9 | c800 00b5 
  0x000000011100b8d0: 2001 00f9 | e803 40b2 | 4960 0a91 | 2801 00f9 | 0400 0014 | 4838 41f9 | 0805 0091 | 4838 01f9 
  0x000000011100b8f0: e9ff 9fd2 | e9ff bff2 | e9ff dff2 

  0x000000011100b8fc: ; ImmutableOopMap {}
                      ;*invokevirtual unTrackTask {reexecute=0 rethrow=0 return_oop=0}
                      ; - kotlinx.coroutines.scheduling.CoroutineScheduler::runSafely@45 (line 591)
                      ;   {virtual_call}
  0x000000011100b8fc: e102 9c95 

  0x000000011100b900: ;   {other}
  0x000000011100b900: 1f20 03d5 | 1ffe 81f2 | 1fc0 80f2 

  0x000000011100b90c: ;   {metadata(method data for {method} {0x000000012a91dba8} 'runSafely' '(Lkotlinx/coroutines/scheduling/Task;)V' in 'kotlinx/coroutines/scheduling/CoroutineScheduler')}
  0x000000011100b90c: 0002 96d2 | a07e a5f2 | 2000 c0f2 | 0154 41f9 | 2104 0091 | 0154 01f9 | 2500 0014 | 8083 42f9 
  0x000000011100b92c: 9f83 02f9 | 9f87 02f9 

  0x000000011100b934: ;   {metadata(method data for {method} {0x000000012a91dba8} 'runSafely' '(Lkotlinx/coroutines/scheduling/Task;)V' in 'kotlinx/coroutines/scheduling/CoroutineScheduler')}
  0x000000011100b934: 0102 96d2 | a17e a5f2 | 2100 c0f2 | 286c 41f9 | 0805 0091 | 286c 01f9 

  0x000000011100b94c: ;   {metadata(method data for {method} {0x000000012a97a3b8} 'access$getTimeSource$p' '()Lkotlinx/coroutines/AbstractTimeSource;' in 'kotlinx/coroutines/AbstractTimeSourceKt')}
  0x000000011100b94c: 01ad 91d2 | 015d a5f2 | 2100 c0f2 | 22ac 40b9 | 4208 0011 | 22ac 00b9 | 424c 1f12 | 5f00 0071 
  0x000000011100b96c: 8018 0054 

  0x000000011100b970: ;   {oop(a 'java/lang/Class'{0x00000004808f8c40} = 'kotlinx/coroutines/AbstractTimeSourceKt')}
  0x000000011100b970: 0188 91d2 | e111 b0f2 | 8100 c0f2 | 2170 40b9 | 21f0 7dd3 | e203 1faa | 3f00 02eb 

  0x000000011100b98c: ;   {metadata(method data for {method} {0x000000012a91dba8} 'runSafely' '(Lkotlinx/coroutines/scheduling/Task;)V' in 'kotlinx/coroutines/scheduling/CoroutineScheduler')}
  0x000000011100b98c: 0202 96d2 | a27e a5f2 | 2200 c0f2 | 085d 80d2 | 095f 80d2 | 0301 899a | 4468 63f8 | 8404 0091 
  0x000000011100b9ac: 4468 23f8 | 600a 0054 | 1900 0014 

  0x000000011100b9b8: ;   {metadata(method data for {method} {0x000000012a91dba8} 'runSafely' '(Lkotlinx/coroutines/scheduling/Task;)V' in 'kotlinx/coroutines/scheduling/CoroutineScheduler')}
  0x000000011100b9b8: 0102 96d2 | a17e a5f2 | 2100 c0f2 | 2060 41f9 | 0004 0091 | 2060 01f9 | fd7b 49a9 | ff83 0291 
  0x000000011100b9d8: ;   {poll_return}
  0x000000011100b9d8: 882b 42f9 | ff63 28eb | e815 0054 | c003 5fd6 

  0x000000011100b9e8: ;   {metadata(method data for {method} {0x000000012a91dba8} 'runSafely' '(Lkotlinx/coroutines/scheduling/Task;)V' in 'kotlinx/coroutines/scheduling/CoroutineScheduler')}
  0x000000011100b9e8: 0102 96d2 | a17e a5f2 | 2100 c0f2 | 20d4 40f9 | 0004 0091 | 20d4 00f9 | fd7b 49a9 | ff83 0291 
  0x000000011100ba08: ;   {poll_return}
  0x000000011100ba08: 882b 42f9 | ff63 28eb | c814 0054 | c003 5fd6 | e03f 00f9 

  0x000000011100ba1c: ; implicit exception: dispatches to 0x000000011100bcb4
  0x000000011100ba1c: 3f00 40f9 | e203 01aa 

  0x000000011100ba24: ;   {metadata(method data for {method} {0x000000012a91dba8} 'runSafely' '(Lkotlinx/coroutines/scheduling/Task;)V' in 'kotlinx/coroutines/scheduling/CoroutineScheduler')}
  0x000000011100ba24: 0302 96d2 | a37e a5f2 | 2300 c0f2 | 4208 40b9 | 021a c0f2 | 6960 0c91 | 2801 40f9 | 5f00 08eb 
  0x000000011100ba44: a100 0054 | 6890 41f9 | 0805 0091 | 6890 01f9 | 1c00 0014 | 69a0 0c91 | 2801 40f9 | 5f00 08eb 
  0x000000011100ba64: a100 0054 | 6898 41f9 | 0805 0091 | 6898 01f9 | 1400 0014 | 6960 0c91 | 2801 40f9 | c800 00b5 
  0x000000011100ba84: 2201 00f9 | e803 40b2 | 6980 0c91 | 2801 00f9 | 0c00 0014 | 69a0 0c91 | 2801 40f9 | c800 00b5 
  0x000000011100baa4: 2201 00f9 | e803 40b2 | 69c0 0c91 | 2801 00f9 | 0400 0014 | 6884 41f9 | 0805 0091 | 6884 01f9 
  0x000000011100bac4: e9ff 9fd2 | e9ff bff2 | e9ff dff2 

  0x000000011100bad0: ; ImmutableOopMap {[120]=Oop }
                      ;*invokevirtual unTrackTask {reexecute=0 rethrow=0 return_oop=0}
                      ; - kotlinx.coroutines.scheduling.CoroutineScheduler::runSafely@63 (line 591)
                      ;   {virtual_call}
  0x000000011100bad0: 6c02 9c95 

  0x000000011100bad4: ;   {other}
  0x000000011100bad4: 1f20 03d5 | 9f38 82f2 | 1fe0 80f2 

  0x000000011100bae0: ;   {metadata(method data for {method} {0x000000012a91dba8} 'runSafely' '(Lkotlinx/coroutines/scheduling/Task;)V' in 'kotlinx/coroutines/scheduling/CoroutineScheduler')}
  0x000000011100bae0: 0002 96d2 | a07e a5f2 | 2000 c0f2 | 01a0 41f9 | 2104 0091 | 01a0 01f9 | e03f 40f9 | 7200 0014 
  0x000000011100bb00: ;   {metadata({method} {0x000000012a91dba8} 'runSafely' '(Lkotlinx/coroutines/scheduling/Task;)V' in 'kotlinx/coroutines/scheduling/CoroutineScheduler')}
  0x000000011100bb00: 0875 9bd2 | 2852 a5f2 | 2800 c0f2 | e807 00f9 | 0800 8092 | e803 00f9 

  0x000000011100bb18: ; ImmutableOopMap {c_rarg1=Oop c_rarg2=Oop }
                      ;*synchronization entry
                      ; - kotlinx.coroutines.scheduling.CoroutineScheduler::runSafely@-1 (line 585)
                      ;   {runtime_call counter_overflow Runtime1 stub}
  0x000000011100bb18: 9a6f 9f95 | 81fc ff17 

  0x000000011100bb20: ; ImmutableOopMap {c_rarg2=Oop }
                      ;*invokevirtual run {reexecute=0 rethrow=0 return_oop=0}
                      ; - kotlinx.coroutines.scheduling.CoroutineScheduler::runSafely@2 (line 586)
                      ;   {runtime_call throw_null_pointer_exception Runtime1 stub}
  0x000000011100bb20: f85b 9f95 

  0x000000011100bb24: ;   {metadata({method} {0x000000012a97a3b8} 'access$getTimeSource$p' '()Lkotlinx/coroutines/AbstractTimeSource;' in 'kotlinx/coroutines/AbstractTimeSourceKt')}
  0x000000011100bb24: 0877 94d2 | e852 a5f2 | 2800 c0f2 | e807 00f9 | 0800 8092 | e803 00f9 

  0x000000011100bb3c: ; ImmutableOopMap {}
                      ;*synchronization entry
                      ; - kotlinx.coroutines.AbstractTimeSourceKt::access$getTimeSource$p@-1 (line 1)
                      ; - kotlinx.coroutines.scheduling.CoroutineScheduler::runSafely@5 (line 591)
                      ;   {runtime_call counter_overflow Runtime1 stub}
  0x000000011100bb3c: 916f 9f95 | b9fc ff17 

  0x000000011100bb44: ; ImmutableOopMap {c_rarg1=Oop }
                      ;*invokevirtual unTrackTask {reexecute=0 rethrow=0 return_oop=0}
                      ; - kotlinx.coroutines.scheduling.CoroutineScheduler::runSafely@12 (line 591)
                      ;   {runtime_call throw_null_pointer_exception Runtime1 stub}
  0x000000011100bb44: ef5b 9f95 

  0x000000011100bb48: ; ImmutableOopMap {c_rarg0=Oop c_rarg2=Oop [104]=Oop }
                      ;*invokevirtual getUncaughtExceptionHandler {reexecute=0 rethrow=0 return_oop=0}
                      ; - kotlinx.coroutines.scheduling.CoroutineScheduler::runSafely@28 (line 589)
                      ;   {runtime_call throw_null_pointer_exception Runtime1 stub}
  0x000000011100bb48: ee5b 9f95 

  0x000000011100bb4c: ;   {metadata({method} {0x000000d000017d68} 'getUncaughtExceptionHandler' '()Ljava/lang/Thread$UncaughtExceptionHandler;' in 'java/lang/Thread')}
  0x000000011100bb4c: 08ad 8fd2 | 2800 a0f2 | 081a c0f2 | e807 00f9 | 0800 8092 | e803 00f9 

  0x000000011100bb64: ; ImmutableOopMap {c_rarg0=Oop c_rarg2=Oop [104]=Oop }
                      ;*synchronization entry
                      ; - java.lang.Thread::getUncaughtExceptionHandler@-1 (line 2864)
                      ; - kotlinx.coroutines.scheduling.CoroutineScheduler::runSafely@28 (line 589)
                      ;   {runtime_call counter_overflow Runtime1 stub}
  0x000000011100bb64: 876f 9f95 | 37fd ff17 

  0x000000011100bb6c: ;   {metadata({method} {0x000000d000017c60} 'isTerminated' '()Z' in 'java/lang/Thread')}
  0x000000011100bb6c: 088c 8fd2 | 2800 a0f2 | 081a c0f2 | e807 00f9 | 0800 8092 | e803 00f9 

  0x000000011100bb84: ; ImmutableOopMap {c_rarg0=Oop c_rarg2=Oop [104]=Oop }
                      ;*synchronization entry
                      ; - java.lang.Thread::isTerminated@-1 (line 2755)
                      ; - java.lang.Thread::getUncaughtExceptionHandler@1 (line 2864)
                      ; - kotlinx.coroutines.scheduling.CoroutineScheduler::runSafely@28 (line 589)
                      ;   {runtime_call counter_overflow Runtime1 stub}
  0x000000011100bb84: 7f6f 9f95 | 61fd ff17 

  0x000000011100bb8c: ;   {metadata({method} {0x000000d000017cb8} 'threadState' '()Ljava/lang/Thread$State;' in 'java/lang/Thread')}
  0x000000011100bb8c: 0897 8fd2 | 2800 a0f2 | 081a c0f2 | e807 00f9 | 0800 8092 | e803 00f9 

  0x000000011100bba4: ; ImmutableOopMap {c_rarg0=Oop c_rarg2=Oop [104]=Oop }
                      ;*synchronization entry
                      ; - java.lang.Thread::threadState@-1 (line 2748)
                      ; - java.lang.Thread::isTerminated@1 (line 2755)
                      ; - java.lang.Thread::getUncaughtExceptionHandler@1 (line 2864)
                      ; - kotlinx.coroutines.scheduling.CoroutineScheduler::runSafely@28 (line 589)
                      ;   {runtime_call counter_overflow Runtime1 stub}
  0x000000011100bba4: 776f 9f95 | 8bfd ff17 

  0x000000011100bbac: ; ImmutableOopMap {c_rarg0=Oop c_rarg2=Oop [104]=Oop }
                      ;*getfield threadStatus {reexecute=1 rethrow=0 return_oop=0}
                      ; - (reexecute) java.lang.Thread::threadState@4 (line 2748)
                      ; - java.lang.Thread::isTerminated@1 (line 2755)
                      ; - java.lang.Thread::getUncaughtExceptionHandler@1 (line 2864)
                      ; - kotlinx.coroutines.scheduling.CoroutineScheduler::runSafely@28 (line 589)
                      ;   {runtime_call throw_null_pointer_exception Runtime1 stub}
  0x000000011100bbac: d55b 9f95 

  0x000000011100bbb0: ;   {metadata({method} {0x000000d00042d730} 'getThreadGroup' '()Ljava/lang/ThreadGroup;' in 'java/lang/Thread')}
  0x000000011100bbb0: 08e6 9ad2 | 4808 a0f2 | 081a c0f2 | e807 00f9 | 0800 8092 | e803 00f9 

  0x000000011100bbc8: ; ImmutableOopMap {c_rarg2=Oop [104]=Oop [112]=Oop }
                      ;*synchronization entry
                      ; - java.lang.Thread::getThreadGroup@-1 (line 1958)
                      ; - java.lang.Thread::getUncaughtExceptionHandler@23 (line 2869)
                      ; - kotlinx.coroutines.scheduling.CoroutineScheduler::runSafely@28 (line 589)
                      ;   {runtime_call counter_overflow Runtime1 stub}
  0x000000011100bbc8: 6e6f 9f95 | e0fd ff17 

  0x000000011100bbd0: ;   {metadata({method} {0x000000d000017c60} 'isTerminated' '()Z' in 'java/lang/Thread')}
  0x000000011100bbd0: 088c 8fd2 | 2800 a0f2 | 081a c0f2 | e807 00f9 | 0800 8092 | e803 00f9 

  0x000000011100bbe8: ; ImmutableOopMap {c_rarg2=Oop [104]=Oop [112]=Oop }
                      ;*synchronization entry
                      ; - java.lang.Thread::isTerminated@-1 (line 2755)
                      ; - java.lang.Thread::getThreadGroup@1 (line 1958)
                      ; - java.lang.Thread::getUncaughtExceptionHandler@23 (line 2869)
                      ; - kotlinx.coroutines.scheduling.CoroutineScheduler::runSafely@28 (line 589)
                      ;   {runtime_call counter_overflow Runtime1 stub}
  0x000000011100bbe8: 666f 9f95 | 0afe ff17 

  0x000000011100bbf0: ;   {metadata({method} {0x000000d000017cb8} 'threadState' '()Ljava/lang/Thread$State;' in 'java/lang/Thread')}
  0x000000011100bbf0: 0897 8fd2 | 2800 a0f2 | 081a c0f2 | e807 00f9 | 0800 8092 | e803 00f9 

  0x000000011100bc08: ; ImmutableOopMap {c_rarg2=Oop [104]=Oop [112]=Oop }
                      ;*synchronization entry
                      ; - java.lang.Thread::threadState@-1 (line 2748)
                      ; - java.lang.Thread::isTerminated@1 (line 2755)
                      ; - java.lang.Thread::getThreadGroup@1 (line 1958)
                      ; - java.lang.Thread::getUncaughtExceptionHandler@23 (line 2869)
                      ; - kotlinx.coroutines.scheduling.CoroutineScheduler::runSafely@28 (line 589)
                      ;   {runtime_call counter_overflow Runtime1 stub}
  0x000000011100bc08: 5e6f 9f95 | 34fe ff17 

  0x000000011100bc10: ; ImmutableOopMap {c_rarg2=Oop [104]=Oop [112]=Oop }
                      ;*getfield threadStatus {reexecute=1 rethrow=0 return_oop=0}
                      ; - (reexecute) java.lang.Thread::threadState@4 (line 2748)
                      ; - java.lang.Thread::isTerminated@1 (line 2755)
                      ; - java.lang.Thread::getThreadGroup@1 (line 1958)
                      ; - java.lang.Thread::getUncaughtExceptionHandler@23 (line 2869)
                      ; - kotlinx.coroutines.scheduling.CoroutineScheduler::runSafely@28 (line 589)
                      ;   {runtime_call throw_null_pointer_exception Runtime1 stub}
  0x000000011100bc10: bc5b 9f95 

  0x000000011100bc14: ;   {metadata({method} {0x000000d00042d9a8} 'isVirtual' '()Z' in 'java/lang/Thread')}
  0x000000011100bc14: 0835 9bd2 | 4808 a0f2 | 081a c0f2 | e807 00f9 | 0800 8092 | e803 00f9 

  0x000000011100bc2c: ; ImmutableOopMap {c_rarg2=Oop [104]=Oop [112]=Oop }
                      ;*synchronization entry
                      ; - java.lang.Thread::isVirtual@-1 (line 1509)
                      ; - java.lang.Thread::getThreadGroup@10 (line 1961)
                      ; - java.lang.Thread::getUncaughtExceptionHandler@23 (line 2869)
                      ; - kotlinx.coroutines.scheduling.CoroutineScheduler::runSafely@28 (line 589)
                      ;   {runtime_call counter_overflow Runtime1 stub}
  0x000000011100bc2c: 556f 9f95 | 71fe ff17 

  0x000000011100bc34: ;   {metadata({method} {0x000000d00042cfe0} 'virtualThreadGroup' '()Ljava/lang/ThreadGroup;' in 'java/lang/Thread')}
  0x000000011100bc34: 08fc 99d2 | 4808 a0f2 | 081a c0f2 | e807 00f9 | 0800 8092 | e803 00f9 

  0x000000011100bc4c: ; ImmutableOopMap {c_rarg2=Oop [104]=Oop [112]=Oop }
                      ;*synchronization entry
                      ; - java.lang.Thread::virtualThreadGroup@-1 (line 2941)
                      ; - java.lang.Thread::getThreadGroup@16 (line 1961)
                      ; - java.lang.Thread::getUncaughtExceptionHandler@23 (line 2869)
                      ; - kotlinx.coroutines.scheduling.CoroutineScheduler::runSafely@28 (line 589)
                      ;   {runtime_call counter_overflow Runtime1 stub}
  0x000000011100bc4c: 4d6f 9f95 | c5fe ff17 

  0x000000011100bc54: ; ImmutableOopMap {c_rarg2=Oop [104]=Oop [112]=Oop }
                      ;*getfield group {reexecute=1 rethrow=0 return_oop=0}
                      ; - (reexecute) java.lang.Thread::getThreadGroup@26 (line 1961)
                      ; - java.lang.Thread::getUncaughtExceptionHandler@23 (line 2869)
                      ; - kotlinx.coroutines.scheduling.CoroutineScheduler::runSafely@28 (line 589)
                      ;   {runtime_call throw_null_pointer_exception Runtime1 stub}
  0x000000011100bc54: ab5b 9f95 

  0x000000011100bc58: ;   {metadata({method} {0x000000012a97a3b8} 'access$getTimeSource$p' '()Lkotlinx/coroutines/AbstractTimeSource;' in 'kotlinx/coroutines/AbstractTimeSourceKt')}
  0x000000011100bc58: 0877 94d2 | e852 a5f2 | 2800 c0f2 | e807 00f9 | 0800 8092 | e803 00f9 

  0x000000011100bc70: ; ImmutableOopMap {}
                      ;*synchronization entry
                      ; - kotlinx.coroutines.AbstractTimeSourceKt::access$getTimeSource$p@-1 (line 1)
                      ; - kotlinx.coroutines.scheduling.CoroutineScheduler::runSafely@38 (line 591)
                      ;   {runtime_call counter_overflow Runtime1 stub}
  0x000000011100bc70: 446f 9f95 | e4fe ff17 

  0x000000011100bc78: ; ImmutableOopMap {c_rarg1=Oop }
                      ;*invokevirtual unTrackTask {reexecute=0 rethrow=0 return_oop=0}
                      ; - kotlinx.coroutines.scheduling.CoroutineScheduler::runSafely@45 (line 591)
                      ;   {runtime_call throw_null_pointer_exception Runtime1 stub}
  0x000000011100bc78: a25b 9f95 

  0x000000011100bc7c: ;   {metadata({method} {0x000000012a97a3b8} 'access$getTimeSource$p' '()Lkotlinx/coroutines/AbstractTimeSource;' in 'kotlinx/coroutines/AbstractTimeSourceKt')}
  0x000000011100bc7c: 0877 94d2 | e852 a5f2 | 2800 c0f2 | e807 00f9 | 0800 8092 | e803 00f9 

  0x000000011100bc94: ; ImmutableOopMap {c_rarg0=Oop }
                      ;*synchronization entry
                      ; - kotlinx.coroutines.AbstractTimeSourceKt::access$getTimeSource$p@-1 (line 1)
                      ; - kotlinx.coroutines.scheduling.CoroutineScheduler::runSafely@56 (line 591)
                      ;   {runtime_call counter_overflow Runtime1 stub}
  0x000000011100bc94: 3b6f 9f95 | 36ff ff17 

  0x000000011100bc9c: ;   {internal_word}
  0x000000011100bc9c: e8e9 ff10 | 8837 02f9 

  0x000000011100bca4: ;   {runtime_call SafepointBlob}
  0x000000011100bca4: 171b 9c15 

  0x000000011100bca8: ;   {internal_word}
  0x000000011100bca8: 08eb ff10 | 8837 02f9 

  0x000000011100bcb0: ;   {runtime_call SafepointBlob}
  0x000000011100bcb0: 141b 9c15 

  0x000000011100bcb4: ; ImmutableOopMap {c_rarg1=Oop [120]=Oop }
                      ;*invokevirtual unTrackTask {reexecute=0 rethrow=0 return_oop=0}
                      ; - kotlinx.coroutines.scheduling.CoroutineScheduler::runSafely@63 (line 591)
                      ;   {runtime_call throw_null_pointer_exception Runtime1 stub}
  0x000000011100bcb4: 935b 9f95 | 8083 42f9 | 9f83 02f9 | 9f87 02f9 | fd7b 49a9 | ff83 0291 

  0x000000011100bccc: ;   {runtime_call unwind_exception Runtime1 stub}
  0x000000011100bccc: cd57 9f15 
[Stub Code]
  0x000000011100bcd0: ;   {no_reloc}
  0x000000011100bcd0: df3f 03d5 

  0x000000011100bcd4: ;   {metadata(nullptr)}
  0x000000011100bcd4: 0c00 80d2 | 0c00 a0f2 | 0c00 c0f2 | 0800 80d2 | 0800 a0f2 | 0800 c0f2 | 0001 1fd6 

  0x000000011100bcf0: ;   {trampoline_stub}
  0x000000011100bcf0: 4800 0058 | 0001 1fd6 | 08bf 7f17 | 0100 0000 

  0x000000011100bd00: ;   {static_stub}
  0x000000011100bd00: df3f 03d5 

  0x000000011100bd04: ;   {metadata(nullptr)}
  0x000000011100bd04: 0c00 80d2 | 0c00 a0f2 | 0c00 c0f2 | 0800 80d2 | 0800 a0f2 | 0800 c0f2 | 0001 1fd6 

  0x000000011100bd20: ;   {trampoline_stub}
  0x000000011100bd20: 4800 0058 | 0001 1fd6 | 80c4 7017 | 0100 0000 

  0x000000011100bd30: ;   {trampoline_stub}
  0x000000011100bd30: 4800 0058 | 0001 1fd6 | 80c7 7017 | 0100 0000 

  0x000000011100bd40: ;   {trampoline_stub}
  0x000000011100bd40: 4800 0058 | 0001 1fd6 | 80c7 7017 | 0100 0000 

  0x000000011100bd50: ;   {static_stub}
  0x000000011100bd50: df3f 03d5 

  0x000000011100bd54: ;   {metadata(nullptr)}
  0x000000011100bd54: 0c00 80d2 | 0c00 a0f2 | 0c00 c0f2 | 0800 80d2 | 0800 a0f2 | 0800 c0f2 | 0001 1fd6 

  0x000000011100bd70: ;   {trampoline_stub}
  0x000000011100bd70: 4800 0058 | 0001 1fd6 | 80c4 7017 | 0100 0000 

  0x000000011100bd80: ;   {static_stub}
  0x000000011100bd80: df3f 03d5 

  0x000000011100bd84: ;   {metadata(nullptr)}
  0x000000011100bd84: 0c00 80d2 | 0c00 a0f2 | 0c00 c0f2 | 0800 80d2 | 0800 a0f2 | 0800 c0f2 | 0001 1fd6 

  0x000000011100bda0: ;   {trampoline_stub}
  0x000000011100bda0: 4800 0058 | 0001 1fd6 | 80c4 7017 | 0100 0000 

  0x000000011100bdb0: ;   {static_stub}
  0x000000011100bdb0: df3f 03d5 

  0x000000011100bdb4: ;   {metadata(nullptr)}
  0x000000011100bdb4: 0c00 80d2 | 0c00 a0f2 | 0c00 c0f2 | 0800 80d2 | 0800 a0f2 | 0800 c0f2 | 0001 1fd6 

  0x000000011100bdd0: ;   {trampoline_stub}
  0x000000011100bdd0: 4800 0058 | 0001 1fd6 | 80c4 7017 | 0100 0000 

  0x000000011100bde0: ;   {static_stub}
  0x000000011100bde0: df3f 03d5 

  0x000000011100bde4: ;   {metadata(nullptr)}
  0x000000011100bde4: 0c00 80d2 | 0c00 a0f2 | 0c00 c0f2 | 0800 80d2 | 0800 a0f2 | 0800 c0f2 | 0001 1fd6 
[Exception Handler]
  0x000000011100be00: ;   {runtime_call handle_exception_from_callee Runtime1 stub}
  0x000000011100be00: a063 9f95 | c1d5 bbd4 | fe0a 5107 | 0100 0000 
[Deopt Handler Code]
  0x000000011100be10: 1e00 0010 

  0x000000011100be14: ;   {runtime_call DeoptimizationBlob}
  0x000000011100be14: 8b1b 9c15 
[/MachCode]


---------------  P R O C E S S  ---------------

Threads class SMR info:
_java_thread_list=0x0000000aa3c0a220, length=59, elements={
0x00000001014431b0, 0x0000000aaad18000, 0x0000000aaad18700, 0x0000000aaad18e00,
0x0000000aaad19500, 0x0000000aaad19c00, 0x0000000101462370, 0x0000000101462b70,
0x0000000aaad1a300, 0x0000000aaad1aa00, 0x0000000aa91b5500, 0x0000000aa91b5c00,
0x0000000aa91b6300, 0x0000000aa91b7800, 0x0000000aa92e4000, 0x0000000aa92e6a00,
0x0000000aa93ac700, 0x0000000aa93ace00, 0x0000000aa93ad500, 0x0000000aa93adc00,
0x0000000aa93aea00, 0x0000000aa893c700, 0x0000000aa893ce00, 0x0000000aa893d500,
0x0000000aa893dc00, 0x0000000aa893e300, 0x0000000aa893ea00, 0x0000000aa893f100,
0x0000000aa893f800, 0x0000000aa8c10000, 0x0000000aa8c10700, 0x0000000aa8c11500,
0x0000000aa8ac5500, 0x0000000aa8bdf100, 0x0000000aa8bdf800, 0x0000000aa82a6300,
0x0000000aa751d500, 0x0000000aa751dc00, 0x0000000aa751e300, 0x0000000aa751ea00,
0x0000000aa751f100, 0x0000000aa751f800, 0x0000000aa7610000, 0x0000000aa7610700,
0x0000000aa7610e00, 0x0000000aa7611c00, 0x0000000aa7612300, 0x0000000aa7612a00,
0x0000000aa7613100, 0x0000000aa7613800, 0x0000000aa6869c00, 0x0000000aa69fe300,
0x0000000aa69fea00, 0x0000000aa69fc700, 0x0000000aa6ad0700, 0x0000000aa6ad2300,
0x0000000aa6ad0e00, 0x0000000aa4ff2300, 0x0000000aa4f49500
}

Java Threads: ( => current thread )
  0x00000001014431b0 JavaThread "main"                              [_thread_blocked, id=5891, stack(0x000000016f394000,0x000000016f597000) (2060K)]
  0x0000000aaad18000 JavaThread "Reference Handler"          daemon [_thread_blocked, id=23811, stack(0x000000017050c000,0x000000017070f000) (2060K)]
  0x0000000aaad18700 JavaThread "Finalizer"                  daemon [_thread_blocked, id=29187, stack(0x0000000170718000,0x000000017091b000) (2060K)]
  0x0000000aaad18e00 JavaThread "Signal Dispatcher"          daemon [_thread_blocked, id=28675, stack(0x0000000170924000,0x0000000170b27000) (2060K)]
  0x0000000aaad19500 JavaThread "Service Thread"             daemon [_thread_blocked, id=28419, stack(0x0000000170b30000,0x0000000170d33000) (2060K)]
  0x0000000aaad19c00 JavaThread "Monitor Deflation Thread"   daemon [_thread_blocked, id=24579, stack(0x0000000170d3c000,0x0000000170f3f000) (2060K)]
  0x0000000101462370 JavaThread "C2 CompilerThread0"         daemon [_thread_in_native, id=25091, stack(0x0000000170f48000,0x000000017114b000) (2060K)]
  0x0000000101462b70 JavaThread "C1 CompilerThread0"         daemon [_thread_blocked, id=27651, stack(0x0000000171154000,0x0000000171357000) (2060K)]
  0x0000000aaad1a300 JavaThread "Notification Thread"        daemon [_thread_blocked, id=25603, stack(0x0000000171360000,0x0000000171563000) (2060K)]
  0x0000000aaad1aa00 JavaThread "Common-Cleaner"             daemon [_thread_blocked, id=27139, stack(0x000000017156c000,0x000000017176f000) (2060K)]
  0x0000000aa91b5500 JavaThread "DefaultDispatcher-worker-1" daemon [_thread_blocked, id=43011, stack(0x00000001725cc000,0x00000001727cf000) (2060K)]
  0x0000000aa91b5c00 JavaThread "DefaultDispatcher-worker-2" daemon [_thread_blocked, id=42755, stack(0x00000001727d8000,0x00000001729db000) (2060K)]
  0x0000000aa91b6300 JavaThread "DefaultDispatcher-worker-3" daemon [_thread_in_native, id=42499, stack(0x00000001729e4000,0x0000000172be7000) (2060K)]
  0x0000000aa91b7800 JavaThread "TimerQueue"                 daemon [_thread_blocked, id=41747, stack(0x0000000172bf0000,0x0000000172df3000) (2060K)]
  0x0000000aa92e4000 JavaThread "AppKit Thread"              daemon [_thread_in_native, id=259, stack(0x000000016eb0c000,0x000000016f308000) (8176K)]
  0x0000000aa92e6a00 JavaThread "kotlinx.coroutines.DefaultExecutor" daemon [_thread_blocked, id=44035, stack(0x0000000172dfc000,0x0000000172fff000) (2060K)]
  0x0000000aa93ac700 JavaThread "DefaultDispatcher-worker-4" daemon [_thread_blocked, id=46087, stack(0x0000000173008000,0x000000017320b000) (2060K)]
  0x0000000aa93ace00 JavaThread "DefaultDispatcher-worker-5" daemon [_thread_blocked, id=62515, stack(0x0000000173214000,0x0000000173417000) (2060K)]
  0x0000000aa93ad500 JavaThread "DefaultDispatcher-worker-6" daemon [_thread_blocked, id=46595, stack(0x0000000173420000,0x0000000173623000) (2060K)]
  0x0000000aa93adc00 JavaThread "DefaultDispatcher-worker-7" daemon [_thread_blocked, id=61443, stack(0x000000017362c000,0x000000017382f000) (2060K)]
  0x0000000aa93aea00 JavaThread "AWT-Shutdown"                      [_thread_blocked, id=57091, stack(0x00000001739dc000,0x0000000173bdf000) (2060K)]
  0x0000000aa893c700 JavaThread "DefaultDispatcher-worker-8" daemon [_thread_in_native, id=54791, stack(0x0000000173be8000,0x0000000173deb000) (2060K)]
  0x0000000aa893ce00 JavaThread "DefaultDispatcher-worker-15" daemon [_thread_blocked, id=65795, stack(0x0000000173df4000,0x0000000173ff7000) (2060K)]
  0x0000000aa893d500 JavaThread "DefaultDispatcher-worker-16" daemon [_thread_in_native, id=87043, stack(0x0000000174000000,0x0000000174203000) (2060K)]
  0x0000000aa893dc00 JavaThread "DefaultDispatcher-worker-11" daemon [_thread_blocked, id=86275, stack(0x000000017420c000,0x000000017440f000) (2060K)]
  0x0000000aa893e300 JavaThread "DefaultDispatcher-worker-12" daemon [_thread_blocked, id=67075, stack(0x0000000174418000,0x000000017461b000) (2060K)]
  0x0000000aa893ea00 JavaThread "DefaultDispatcher-worker-13" daemon [_thread_blocked, id=67587, stack(0x0000000174624000,0x0000000174827000) (2060K)]
  0x0000000aa893f100 JavaThread "DefaultDispatcher-worker-14" daemon [_thread_blocked, id=85251, stack(0x0000000174830000,0x0000000174a33000) (2060K)]
  0x0000000aa893f800 JavaThread "DefaultDispatcher-worker-9" daemon [_thread_blocked, id=68099, stack(0x0000000174a3c000,0x0000000174c3f000) (2060K)]
  0x0000000aa8c10000 JavaThread "DefaultDispatcher-worker-10" daemon [_thread_blocked, id=68355, stack(0x0000000174c48000,0x0000000174e4b000) (2060K)]
  0x0000000aa8c10700 JavaThread "DefaultDispatcher-worker-17" daemon [_thread_blocked, id=68867, stack(0x0000000174e54000,0x0000000175057000) (2060K)]
  0x0000000aa8c11500 JavaThread "AWT-EventQueue-0"                  [_thread_blocked, id=87815, stack(0x0000000175060000,0x0000000175263000) (2060K)]
  0x0000000aa8ac5500 JavaThread "Reference Cleaner"          daemon [_thread_blocked, id=123163, stack(0x0000000175384000,0x0000000175587000) (2060K)]
  0x0000000aa8bdf100 JavaThread "Java2D Queue Flusher"       daemon [_thread_blocked, id=121091, stack(0x0000000175590000,0x0000000175793000) (2060K)]
  0x0000000aa8bdf800 JavaThread "Java2D Disposer"            daemon [_thread_blocked, id=120835, stack(0x000000017579c000,0x000000017599f000) (2060K)]
  0x0000000aa82a6300 JavaThread "skiko-dispatcher-to-block-on" daemon [_thread_blocked, id=99619, stack(0x0000000175ccc000,0x0000000175ecf000) (2060K)]
  0x0000000aa751d500 JavaThread "DefaultDispatcher-worker-18" daemon [_thread_blocked, id=102739, stack(0x0000000175ed8000,0x00000001760db000) (2060K)]
  0x0000000aa751dc00 JavaThread "DefaultDispatcher-worker-19" daemon [_thread_blocked, id=103967, stack(0x00000001760e4000,0x00000001762e7000) (2060K)]
  0x0000000aa751e300 JavaThread "DefaultDispatcher-worker-22" daemon [_thread_blocked, id=104467, stack(0x00000001762f0000,0x00000001764f3000) (2060K)]
  0x0000000aa751ea00 JavaThread "DefaultDispatcher-worker-21" daemon [_thread_blocked, id=105475, stack(0x00000001764fc000,0x00000001766ff000) (2060K)]
  0x0000000aa751f100 JavaThread "DefaultDispatcher-worker-23" daemon [_thread_blocked, id=112387, stack(0x0000000176708000,0x000000017690b000) (2060K)]
  0x0000000aa751f800 JavaThread "DefaultDispatcher-worker-24" daemon [_thread_blocked, id=111363, stack(0x0000000176914000,0x0000000176b17000) (2060K)]
  0x0000000aa7610000 JavaThread "DefaultDispatcher-worker-25" daemon [_thread_blocked, id=111107, stack(0x0000000176b20000,0x0000000176d23000) (2060K)]
  0x0000000aa7610700 JavaThread "DefaultDispatcher-worker-26" daemon [_thread_blocked, id=107267, stack(0x0000000176d2c000,0x0000000176f2f000) (2060K)]
  0x0000000aa7610e00 JavaThread "DefaultDispatcher-worker-27" daemon [_thread_blocked, id=109827, stack(0x0000000176f38000,0x000000017713b000) (2060K)]
  0x0000000aa7611c00 JavaThread "DefaultDispatcher-worker-28" daemon [_thread_blocked, id=108547, stack(0x0000000177144000,0x0000000177347000) (2060K)]
=>0x0000000aa7612300 JavaThread "DefaultDispatcher-worker-29" daemon [_thread_in_native, id=131331, stack(0x0000000177350000,0x0000000177553000) (2060K)]
  0x0000000aa7612a00 JavaThread "DefaultDispatcher-worker-20" daemon [_thread_blocked, id=131843, stack(0x000000017755c000,0x000000017775f000) (2060K)]
  0x0000000aa7613100 JavaThread "DefaultDispatcher-worker-30" daemon [_thread_blocked, id=132099, stack(0x0000000177768000,0x000000017796b000) (2060K)]
  0x0000000aa7613800 JavaThread "DefaultDispatcher-worker-31" daemon [_thread_blocked, id=173843, stack(0x0000000177974000,0x0000000177b77000) (2060K)]
  0x0000000aa6869c00 JavaThread "skiko-dispatcher-to-block-on" daemon [_thread_in_native, id=144923, stack(0x0000000177b80000,0x0000000177d83000) (2060K)]
  0x0000000aa69fe300 JavaThread "DefaultDispatcher-worker-32" daemon [_thread_blocked, id=145851, stack(0x0000000177f98000,0x000000017819b000) (2060K)]
  0x0000000aa69fea00 JavaThread "DefaultDispatcher-worker-33" daemon [_thread_blocked, id=144739, stack(0x00000001781a4000,0x00000001783a7000) (2060K)]
  0x0000000aa69fc700 JavaThread "DefaultDispatcher-worker-34" daemon [_thread_blocked, id=145995, stack(0x00000001783b0000,0x00000001785b3000) (2060K)]
  0x0000000aa6ad0700 JavaThread "DefaultDispatcher-worker-35" daemon [_thread_blocked, id=146435, stack(0x00000001785bc000,0x00000001787bf000) (2060K)]
  0x0000000aa6ad2300 JavaThread "DefaultDispatcher-worker-36" daemon [_thread_blocked, id=159307, stack(0x00000001787c8000,0x00000001789cb000) (2060K)]
  0x0000000aa6ad0e00 JavaThread "DefaultDispatcher-worker-37" daemon [_thread_blocked, id=158499, stack(0x00000001789d4000,0x0000000178bd7000) (2060K)]
  0x0000000aa4ff2300 JavaThread "SpelaEmulation"             daemon [_thread_blocked, id=256547, stack(0x000000017952c000,0x000000017972f000) (2060K)]
  0x0000000aa4f49500 JavaThread "Java Sound Event Dispatcher" daemon [_thread_blocked, id=256355, stack(0x0000000179850000,0x0000000179a53000) (2060K)]
Total: 59

Other Threads:
  0x0000000aaacbd400 VMThread "VM Thread"                           [id=19971, stack(0x00000001701e8000,0x00000001703eb000) (2060K)]
  0x00000001014570a0 WatcherThread "VM Periodic Task Thread"        [id=17155, stack(0x000000016ffdc000,0x00000001701df000) (2060K)]
  0x000000010144c520 WorkerThread "GC Thread#0"                     [id=12035, stack(0x000000016f5a0000,0x000000016f7a3000) (2060K)]
  0x0000000aaafebc00 WorkerThread "GC Thread#1"                     [id=25859, stack(0x0000000171778000,0x000000017197b000) (2060K)]
  0x0000000aa90f8000 WorkerThread "GC Thread#2"                     [id=26371, stack(0x0000000171984000,0x0000000171b87000) (2060K)]
  0x0000000aa90f8400 WorkerThread "GC Thread#3"                     [id=32771, stack(0x0000000171b90000,0x0000000171d93000) (2060K)]
  0x0000000aa90f8800 WorkerThread "GC Thread#4"                     [id=33283, stack(0x0000000171d9c000,0x0000000171f9f000) (2060K)]
  0x0000000aa90f8c00 WorkerThread "GC Thread#5"                     [id=33795, stack(0x0000000171fa8000,0x00000001721ab000) (2060K)]
  0x0000000aa90f9000 WorkerThread "GC Thread#6"                     [id=34307, stack(0x00000001721b4000,0x00000001723b7000) (2060K)]
  0x0000000aa90f9400 WorkerThread "GC Thread#7"                     [id=34819, stack(0x00000001723c0000,0x00000001725c3000) (2060K)]
  0x000000010144d5b0 ConcurrentGCThread "G1 Main Marker"            [id=13827, stack(0x000000016f7ac000,0x000000016f9af000) (2060K)]
  0x000000010144e160 WorkerThread "G1 Conc#0"                       [id=12803, stack(0x000000016f9b8000,0x000000016fbbb000) (2060K)]
  0x0000000aa8110400 WorkerThread "G1 Conc#1"                       [id=119299, stack(0x00000001759a8000,0x0000000175bab000) (2060K)]
  0x00000001014512c0 ConcurrentGCThread "G1 Refine#0"               [id=12291, stack(0x000000016fbc4000,0x000000016fdc7000) (2060K)]
  0x0000000aaacbc000 ConcurrentGCThread "G1 Service"                [id=16643, stack(0x000000016fdd0000,0x000000016ffd3000) (2060K)]
Total: 15

Threads with active compile tasks:
C2 CompilerThread0  20920 9644   !   4       kotlinx.coroutines.internal.LimitedDispatcher::obtainTaskOrDeallocateWorker (93 bytes)
Total: 1

VM state: not at safepoint (normal execution)

VM Mutex/Monitor currently owned by a thread: None

Heap address: 0x0000000480000000, size: 6144 MB, Compressed Oops mode: Zero based, Oop shift amount: 3

CDS archive(s) mapped at: [0x000000d000000000-0x000000d000c94000-0x000000d000c94000), size 13189120, SharedBaseAddress: 0x000000d000000000, ArchiveRelocationMode: 1.
Compressed class space mapped at: 0x000000d001000000-0x000000d041000000, reserved size: 1073741824
Narrow klass base: 0x000000d000000000, Narrow klass shift: 0, Narrow klass range: 0x100000000

GC Precious Log:
 CardTable entry size: 512
 Card Set container configuration: InlinePtr #cards 4 size 8 Array Of Cards #cards 32 size 80 Howl #buckets 8 coarsen threshold 7372 Howl Bitmap #cards 1024 size 144 coarsen threshold 921 Card regions per heap region 1 cards per card region 8192
 CPUs: 8 total, 8 available
 Memory: 24576M
 Large Page Support: Disabled
 NUMA Support: Disabled
 Compressed Oops: Enabled (Zero based)
 Heap Region Size: 4M
 Heap Min Capacity: 8M
 Heap Initial Capacity: 384M
 Heap Max Capacity: 6G
 Pre-touch: Disabled
 Parallel Workers: 8
 Concurrent Workers: 2
 Concurrent Refinement Workers: 8
 Periodic GC: Disabled

Heap:
 garbage-first heap   total 225280K, used 166654K [0x0000000480000000, 0x0000000600000000)
  region size 4096K, 29 young (118784K), 2 survivors (8192K)
 Metaspace       used 53552K, committed 54528K, reserved 1114112K
  class space    used 5589K, committed 6016K, reserved 1048576K

Heap Regions: E=young(eden), S=young(survivor), O=old, HS=humongous(starts), HC=humongous(continues), CS=collection set, F=free, TAMS=top-at-mark-start, PB=parsable bottom
|   0|0x0000000480000000, 0x0000000480400000, 0x0000000480400000|100%| O|  |TAMS 0x0000000480000000| PB 0x0000000480000000| Untracked 
|   1|0x0000000480400000, 0x00000004804b5890, 0x0000000480800000| 17%| O|Cm|TAMS 0x0000000480400000| PB 0x0000000480400000| Complete 
|   2|0x0000000480800000, 0x0000000480c00000, 0x0000000480c00000|100%| O|  |TAMS 0x0000000480800000| PB 0x0000000480800000| Untracked 
|   3|0x0000000480c00000, 0x0000000480e0a050, 0x0000000481000000| 50%| S|CS|TAMS 0x0000000480c00000| PB 0x0000000480c00000| Complete 
|   4|0x0000000481000000, 0x0000000481400000, 0x0000000481400000|100%| S|CS|TAMS 0x0000000481000000| PB 0x0000000481000000| Complete 
|   5|0x0000000481400000, 0x0000000481800000, 0x0000000481800000|100%|HS|  |TAMS 0x0000000481400000| PB 0x0000000481400000| Complete 
|   6|0x0000000481800000, 0x0000000481c00000, 0x0000000481c00000|100%|HC|  |TAMS 0x0000000481800000| PB 0x0000000481800000| Complete 
|   7|0x0000000481c00000, 0x0000000482000000, 0x0000000482000000|100%|HC|  |TAMS 0x0000000481c00000| PB 0x0000000481c00000| Complete 
|   8|0x0000000482000000, 0x0000000482400000, 0x0000000482400000|100%|HC|  |TAMS 0x0000000482000000| PB 0x0000000482000000| Complete 
|   9|0x0000000482400000, 0x0000000482800000, 0x0000000482800000|100%|HS|  |TAMS 0x0000000482400000| PB 0x0000000482400000| Complete 
|  10|0x0000000482800000, 0x0000000482c00000, 0x0000000482c00000|100%|HC|  |TAMS 0x0000000482800000| PB 0x0000000482800000| Complete 
|  11|0x0000000482c00000, 0x0000000483000000, 0x0000000483000000|100%|HC|  |TAMS 0x0000000482c00000| PB 0x0000000482c00000| Complete 
|  12|0x0000000483000000, 0x0000000483400000, 0x0000000483400000|100%|HC|  |TAMS 0x0000000483000000| PB 0x0000000483000000| Complete 
|  13|0x0000000483400000, 0x0000000483800000, 0x0000000483800000|100%|HS|  |TAMS 0x0000000483400000| PB 0x0000000483400000| Complete 
|  14|0x0000000483800000, 0x0000000483c00000, 0x0000000483c00000|100%|HC|  |TAMS 0x0000000483800000| PB 0x0000000483800000| Complete 
|  15|0x0000000483c00000, 0x0000000484000000, 0x0000000484000000|100%|HC|  |TAMS 0x0000000483c00000| PB 0x0000000483c00000| Complete 
|  16|0x0000000484000000, 0x0000000484400000, 0x0000000484400000|100%|HC|  |TAMS 0x0000000484000000| PB 0x0000000484000000| Complete 
|  17|0x0000000484400000, 0x0000000484400000, 0x0000000484800000|  0%| F|  |TAMS 0x0000000484400000| PB 0x0000000484400000| Untracked 
|  18|0x0000000484800000, 0x0000000484800000, 0x0000000484c00000|  0%| F|  |TAMS 0x0000000484800000| PB 0x0000000484800000| Untracked 
|  19|0x0000000484c00000, 0x0000000484c00000, 0x0000000485000000|  0%| F|  |TAMS 0x0000000484c00000| PB 0x0000000484c00000| Untracked 
|  20|0x0000000485000000, 0x0000000485000000, 0x0000000485400000|  0%| F|  |TAMS 0x0000000485000000| PB 0x0000000485000000| Untracked 
|  21|0x0000000485400000, 0x0000000485400000, 0x0000000485800000|  0%| F|  |TAMS 0x0000000485400000| PB 0x0000000485400000| Untracked 
|  22|0x0000000485800000, 0x0000000485800000, 0x0000000485c00000|  0%| F|  |TAMS 0x0000000485800000| PB 0x0000000485800000| Untracked 
|  23|0x0000000485c00000, 0x0000000485c00000, 0x0000000486000000|  0%| F|  |TAMS 0x0000000485c00000| PB 0x0000000485c00000| Untracked 
|  24|0x0000000486000000, 0x0000000486000000, 0x0000000486400000|  0%| F|  |TAMS 0x0000000486000000| PB 0x0000000486000000| Untracked 
|  25|0x0000000486400000, 0x0000000486400000, 0x0000000486800000|  0%| F|  |TAMS 0x0000000486400000| PB 0x0000000486400000| Untracked 
|  26|0x0000000486800000, 0x0000000486800000, 0x0000000486c00000|  0%| F|  |TAMS 0x0000000486800000| PB 0x0000000486800000| Untracked 
|  27|0x0000000486c00000, 0x0000000486c00000, 0x0000000487000000|  0%| F|  |TAMS 0x0000000486c00000| PB 0x0000000486c00000| Untracked 
|  28|0x0000000487000000, 0x000000048733e618, 0x0000000487400000| 81%| E|  |TAMS 0x0000000487000000| PB 0x0000000487000000| Complete 
|  29|0x0000000487400000, 0x0000000487800000, 0x0000000487800000|100%| E|  |TAMS 0x0000000487400000| PB 0x0000000487400000| Complete 
|  30|0x0000000487800000, 0x0000000487c00000, 0x0000000487c00000|100%| E|CS|TAMS 0x0000000487800000| PB 0x0000000487800000| Complete 
|  31|0x0000000487c00000, 0x0000000488000000, 0x0000000488000000|100%| E|CS|TAMS 0x0000000487c00000| PB 0x0000000487c00000| Complete 
|  32|0x0000000488000000, 0x0000000488400000, 0x0000000488400000|100%| E|CS|TAMS 0x0000000488000000| PB 0x0000000488000000| Complete 
|  33|0x0000000488400000, 0x0000000488800000, 0x0000000488800000|100%| E|CS|TAMS 0x0000000488400000| PB 0x0000000488400000| Complete 
|  34|0x0000000488800000, 0x0000000488c00000, 0x0000000488c00000|100%| E|CS|TAMS 0x0000000488800000| PB 0x0000000488800000| Complete 
|  35|0x0000000488c00000, 0x0000000489000000, 0x0000000489000000|100%| E|CS|TAMS 0x0000000488c00000| PB 0x0000000488c00000| Complete 
|  36|0x0000000489000000, 0x0000000489400000, 0x0000000489400000|100%| E|CS|TAMS 0x0000000489000000| PB 0x0000000489000000| Complete 
|  37|0x0000000489400000, 0x0000000489800000, 0x0000000489800000|100%| E|CS|TAMS 0x0000000489400000| PB 0x0000000489400000| Complete 
|  38|0x0000000489800000, 0x0000000489c00000, 0x0000000489c00000|100%| E|CS|TAMS 0x0000000489800000| PB 0x0000000489800000| Complete 
|  39|0x0000000489c00000, 0x000000048a000000, 0x000000048a000000|100%| E|CS|TAMS 0x0000000489c00000| PB 0x0000000489c00000| Complete 
|  40|0x000000048a000000, 0x000000048a400000, 0x000000048a400000|100%| E|CS|TAMS 0x000000048a000000| PB 0x000000048a000000| Complete 
|  41|0x000000048a400000, 0x000000048a800000, 0x000000048a800000|100%| E|CS|TAMS 0x000000048a400000| PB 0x000000048a400000| Complete 
|  42|0x000000048a800000, 0x000000048ac00000, 0x000000048ac00000|100%| E|CS|TAMS 0x000000048a800000| PB 0x000000048a800000| Complete 
|  43|0x000000048ac00000, 0x000000048b000000, 0x000000048b000000|100%| E|CS|TAMS 0x000000048ac00000| PB 0x000000048ac00000| Complete 
|  44|0x000000048b000000, 0x000000048b400000, 0x000000048b400000|100%| E|CS|TAMS 0x000000048b000000| PB 0x000000048b000000| Complete 
|  45|0x000000048b400000, 0x000000048b800000, 0x000000048b800000|100%| E|CS|TAMS 0x000000048b400000| PB 0x000000048b400000| Complete 
|  46|0x000000048b800000, 0x000000048bc00000, 0x000000048bc00000|100%| E|CS|TAMS 0x000000048b800000| PB 0x000000048b800000| Complete 
|  47|0x000000048bc00000, 0x000000048c000000, 0x000000048c000000|100%| E|CS|TAMS 0x000000048bc00000| PB 0x000000048bc00000| Complete 
|  48|0x000000048c000000, 0x000000048c400000, 0x000000048c400000|100%| E|CS|TAMS 0x000000048c000000| PB 0x000000048c000000| Complete 
|  49|0x000000048c400000, 0x000000048c800000, 0x000000048c800000|100%| E|CS|TAMS 0x000000048c400000| PB 0x000000048c400000| Complete 
|  50|0x000000048c800000, 0x000000048cc00000, 0x000000048cc00000|100%| E|CS|TAMS 0x000000048c800000| PB 0x000000048c800000| Complete 
|  51|0x000000048cc00000, 0x000000048d000000, 0x000000048d000000|100%| E|CS|TAMS 0x000000048cc00000| PB 0x000000048cc00000| Complete 
|  52|0x000000048d000000, 0x000000048d400000, 0x000000048d400000|100%| E|CS|TAMS 0x000000048d000000| PB 0x000000048d000000| Complete 
|  95|0x0000000497c00000, 0x0000000498000000, 0x0000000498000000|100%| E|CS|TAMS 0x0000000497c00000| PB 0x0000000497c00000| Complete 
|1535|0x00000005ffc00000, 0x0000000600000000, 0x0000000600000000|100%| E|CS|TAMS 0x00000005ffc00000| PB 0x00000005ffc00000| Complete 

Card table byte_map: [0x000000011f19c000,0x000000011fd9c000] _byte_map_base: 0x000000011cd9c000

Marking Bits: (CMBitMap*) 0x000000010144cdd0
 Bits: [0x0000000121604000, 0x0000000127604000)

Polling page: 0x0000000100b24000

Metaspace:

Usage:
  Non-class:     46.84 MB used.
      Class:      5.46 MB used.
       Both:     52.30 MB used.

Virtual space:
  Non-class space:       64.00 MB reserved,      47.38 MB ( 74%) committed,  1 nodes.
      Class space:        1.00 GB reserved,       5.88 MB ( <1%) committed,  1 nodes.
             Both:        1.06 GB reserved,      53.25 MB (  5%) committed. 

Chunk freelists:
   Non-Class:  208.00 KB
       Class:  10.12 MB
        Both:  10.33 MB

MaxMetaspaceSize: unlimited
CompressedClassSpaceSize: 1.00 GB
Initial GC threshold: 21.00 MB
Current GC threshold: 59.81 MB
CDS: on
 - commit_granule_bytes: 65536.
 - commit_granule_words: 8192.
 - virtual_space_node_default_size: 8388608.
 - enlarge_chunks_in_place: 1.
 - use_allocation_guard: 0.


Internal statistics:

num_allocs_failed_limit: 11.
num_arena_births: 1232.
num_arena_deaths: 0.
num_vsnodes_births: 2.
num_vsnodes_deaths: 0.
num_space_committed: 851.
num_space_uncommitted: 0.
num_chunks_returned_to_freelist: 11.
num_chunks_taken_from_freelist: 3152.
num_chunk_merges: 8.
num_chunk_splits: 2173.
num_chunks_enlarged: 1618.
num_inconsistent_stats: 0.

CodeHeap 'non-profiled nmethods': size=120032Kb used=5096Kb max_used=5096Kb free=114935Kb
 bounds [0x0000000117c64000, 0x0000000118164000, 0x000000011f19c000]
CodeHeap 'profiled nmethods': size=120016Kb used=19925Kb max_used=19925Kb free=100090Kb
 bounds [0x000000011019c000, 0x000000011151c000, 0x00000001176d0000]
CodeHeap 'non-nmethods': size=5712Kb used=2961Kb max_used=3035Kb free=2750Kb
 bounds [0x00000001176d0000, 0x00000001179d0000, 0x0000000117c64000]
CodeCache: size=245760Kb, used=27982Kb, max_used=28056Kb, free=217775Kb
 total_blobs=11495, nmethods=9279, adapters=2124, full_count=0
Compilation: enabled, stopped_count=0, restarted_count=0

Compilation events (20 events):
Event: 20.591 Thread 0x0000000101462370 9630   !   4       kotlinx.coroutines.JobSupport::completeStateFinalization (155 bytes)
Event: 20.599 Thread 0x0000000101462b70 9633       3       androidx.compose.animation.EnterExitTransitionKt$$Lambda/0x000000d00152ecf0::invoke (16 bytes)
Event: 20.599 Thread 0x0000000101462b70 nmethod 9633 0x000000011150bf10 code [0x000000011150c0c0, 0x000000011150c368]
Event: 20.599 Thread 0x0000000101462b70 9634       3       androidx.compose.animation.EnterExitTransitionKt::createGraphicsLayerBlock$lambda$2$0$0 (101 bytes)
Event: 20.599 Thread 0x0000000101462b70 nmethod 9634 0x000000011150c490 code [0x000000011150c780, 0x000000011150d218]
Event: 20.606 Thread 0x0000000101462370 nmethod 9630 0x000000011815a090 code [0x000000011815a380, 0x000000011815b4b0]
Event: 20.606 Thread 0x0000000101462370 9631       4       androidx.compose.runtime.CompositionImpl::observesAnyOf (325 bytes)
Event: 20.614 Thread 0x0000000101462b70 9635       3       androidx.compose.animation.core.Transition::setUpdateChildrenNeeded (29 bytes)
Event: 20.614 Thread 0x0000000101462b70 nmethod 9635 0x000000011150d610 code [0x000000011150d7c0, 0x000000011150da90]
Event: 20.615 Thread 0x0000000101462370 nmethod 9631 0x000000011815bd10 code [0x000000011815bf40, 0x000000011815ceb8]
Event: 20.615 Thread 0x0000000101462370 9632       4       androidx.compose.ui.unit.Dp::equals-impl0 (14 bytes)
Event: 20.615 Thread 0x0000000101462370 nmethod 9632 0x000000011815dd10 code [0x000000011815de80, 0x000000011815df58]
Event: 20.620 Thread 0x0000000101462b70 9636       3       androidx.compose.ui.focus.FocusRequester$Companion::getDefault (4 bytes)
Event: 20.620 Thread 0x0000000101462b70 nmethod 9636 0x000000011150dc10 code [0x000000011150ddc0, 0x000000011150df40]
Event: 20.620 Thread 0x0000000101462b70 9637       3       androidx.compose.ui.focus.FocusRequester::access$getDefault$cp (4 bytes)
Event: 20.620 Thread 0x0000000101462b70 nmethod 9637 0x000000011150e010 code [0x000000011150e180, 0x000000011150e260]
Event: 20.657 Thread 0x0000000101462370 9638       4       java.util.concurrent.locks.AbstractQueuedSynchronizer$Node::setStatusRelaxed (12 bytes)
Event: 20.657 Thread 0x0000000101462370 nmethod 9638 0x000000011815e010 code [0x000000011815e180, 0x000000011815e200]
Event: 20.731 Thread 0x0000000101462b70 9639       3       androidx.compose.animation.core.Transition$TransitionAnimationState::setValue$animation_core (26 bytes)
Event: 20.731 Thread 0x0000000101462b70 nmethod 9639 0x000000011150e310 code [0x000000011150e4c0, 0x000000011150e6d8]

GC Heap History (16 events):
Event: 0.186 GC heap before
{Heap before GC invocations=0 (full 0):
 garbage-first heap   total 397312K, used 17440K [0x0000000480000000, 0x0000000600000000)
  region size 4096K, 5 young (20480K), 0 survivors (0K)
 Metaspace       used 4828K, committed 4992K, reserved 1114112K
  class space    used 341K, committed 448K, reserved 1048576K
}
Event: 0.187 GC heap after
{Heap after GC invocations=1 (full 0):
 garbage-first heap   total 397312K, used 5602K [0x0000000480000000, 0x0000000600000000)
  region size 4096K, 1 young (4096K), 1 survivors (4096K)
 Metaspace       used 4828K, committed 4992K, reserved 1114112K
  class space    used 341K, committed 448K, reserved 1048576K
}
Event: 0.607 GC heap before
{Heap before GC invocations=1 (full 0):
 garbage-first heap   total 397312K, used 21986K [0x0000000480000000, 0x0000000600000000)
  region size 4096K, 5 young (20480K), 1 survivors (4096K)
 Metaspace       used 9557K, committed 9728K, reserved 1114112K
  class space    used 871K, committed 960K, reserved 1048576K
}
Event: 0.608 GC heap after
{Heap after GC invocations=2 (full 0):
 garbage-first heap   total 397312K, used 7099K [0x0000000480000000, 0x0000000600000000)
  region size 4096K, 1 young (4096K), 1 survivors (4096K)
 Metaspace       used 9557K, committed 9728K, reserved 1114112K
  class space    used 871K, committed 960K, reserved 1048576K
}
Event: 1.039 GC heap before
{Heap before GC invocations=2 (full 0):
 garbage-first heap   total 397312K, used 39867K [0x0000000480000000, 0x0000000600000000)
  region size 4096K, 9 young (36864K), 1 survivors (4096K)
 Metaspace       used 20041K, committed 20224K, reserved 1114112K
  class space    used 1969K, committed 2048K, reserved 1048576K
}
Event: 1.041 GC heap after
{Heap after GC invocations=3 (full 0):
 garbage-first heap   total 397312K, used 9000K [0x0000000480000000, 0x0000000600000000)
  region size 4096K, 1 young (4096K), 1 survivors (4096K)
 Metaspace       used 20041K, committed 20224K, reserved 1114112K
  class space    used 1969K, committed 2048K, reserved 1048576K
}
Event: 1.066 GC heap before
{Heap before GC invocations=3 (full 0):
 garbage-first heap   total 397312K, used 9000K [0x0000000480000000, 0x0000000600000000)
  region size 4096K, 2 young (8192K), 1 survivors (4096K)
 Metaspace       used 21262K, committed 21504K, reserved 1114112K
  class space    used 2117K, committed 2240K, reserved 1048576K
}
Event: 1.068 GC heap after
{Heap after GC invocations=4 (full 0):
 garbage-first heap   total 397312K, used 9268K [0x0000000480000000, 0x0000000600000000)
  region size 4096K, 1 young (4096K), 1 survivors (4096K)
 Metaspace       used 21262K, committed 21504K, reserved 1114112K
  class space    used 2117K, committed 2240K, reserved 1048576K
}
Event: 1.492 GC heap before
{Heap before GC invocations=5 (full 0):
 garbage-first heap   total 57344K, used 46132K [0x0000000480000000, 0x0000000600000000)
  region size 4096K, 11 young (45056K), 1 survivors (4096K)
 Metaspace       used 32868K, committed 33280K, reserved 1114112K
  class space    used 3362K, committed 3520K, reserved 1048576K
}
Event: 1.503 GC heap after
{Heap after GC invocations=6 (full 0):
 garbage-first heap   total 65536K, used 11129K [0x0000000480000000, 0x0000000600000000)
  region size 4096K, 2 young (8192K), 2 survivors (8192K)
 Metaspace       used 32868K, committed 33280K, reserved 1114112K
  class space    used 3362K, committed 3520K, reserved 1048576K
}
Event: 1.761 GC heap before
{Heap before GC invocations=6 (full 0):
 garbage-first heap   total 65536K, used 35705K [0x0000000480000000, 0x0000000600000000)
  region size 4096K, 9 young (36864K), 2 survivors (8192K)
 Metaspace       used 35821K, committed 36288K, reserved 1114112K
  class space    used 3721K, committed 3904K, reserved 1048576K
}
Event: 1.768 GC heap after
{Heap after GC invocations=7 (full 0):
 garbage-first heap   total 65536K, used 12830K [0x0000000480000000, 0x0000000600000000)
  region size 4096K, 2 young (8192K), 2 survivors (8192K)
 Metaspace       used 35821K, committed 36288K, reserved 1114112K
  class space    used 3721K, committed 3904K, reserved 1048576K
}
Event: 1.784 GC heap before
{Heap before GC invocations=7 (full 0):
 garbage-first heap   total 65536K, used 12830K [0x0000000480000000, 0x0000000600000000)
  region size 4096K, 3 young (12288K), 2 survivors (8192K)
 Metaspace       used 36159K, committed 36608K, reserved 1114112K
  class space    used 3759K, committed 3968K, reserved 1048576K
}
Event: 1.787 GC heap after
{Heap after GC invocations=8 (full 0):
 garbage-first heap   total 65536K, used 12768K [0x0000000480000000, 0x0000000600000000)
  region size 4096K, 1 young (4096K), 1 survivors (4096K)
 Metaspace       used 36159K, committed 36608K, reserved 1114112K
  class space    used 3759K, committed 3968K, reserved 1048576K
}
Event: 2.119 GC heap before
{Heap before GC invocations=9 (full 0):
 garbage-first heap   total 57344K, used 41440K [0x0000000480000000, 0x0000000600000000)
  region size 4096K, 9 young (36864K), 1 survivors (4096K)
 Metaspace       used 42589K, committed 43200K, reserved 1114112K
  class space    used 4507K, committed 4736K, reserved 1048576K
}
Event: 2.126 GC heap after
{Heap after GC invocations=10 (full 0):
 garbage-first heap   total 225280K, used 15102K [0x0000000480000000, 0x0000000600000000)
  region size 4096K, 2 young (8192K), 2 survivors (8192K)
 Metaspace       used 42589K, committed 43200K, reserved 1114112K
  class space    used 4507K, committed 4736K, reserved 1048576K
}

Dll operation events (16 events):
Event: 0.017 Loaded shared library /Users/mattias800/Library/Java/JavaVirtualMachines/ms-21.0.10/Contents/Home/lib/libjava.dylib
Event: 0.041 Loaded shared library /Users/mattias800/Library/Java/JavaVirtualMachines/ms-21.0.10/Contents/Home/lib/libnio.dylib
Event: 0.043 Loaded shared library /Users/mattias800/Library/Java/JavaVirtualMachines/ms-21.0.10/Contents/Home/lib/libzip.dylib
Event: 0.183 Loaded shared library /Users/mattias800/Library/Java/JavaVirtualMachines/ms-21.0.10/Contents/Home/lib/libjimage.dylib
Event: 0.250 Loaded shared library /Users/mattias800/Library/Java/JavaVirtualMachines/ms-21.0.10/Contents/Home/lib/libnet.dylib
Event: 0.520 Loaded shared library /private/var/folders/00/y_pwwndd1hj9rnmh0xwj36v80000gn/T/sqlite-3.51.0.0-6697021a-cf0d-4bc6-a76d-fd1559eaa894-libsqlitejdbc.dylib
Event: 0.623 Loaded shared library /Users/mattias800/Library/Java/JavaVirtualMachines/ms-21.0.10/Contents/Home/lib/libawt.dylib
Event: 0.626 Loaded shared library /Users/mattias800/Library/Java/JavaVirtualMachines/ms-21.0.10/Contents/Home/lib/libawt_lwawt.dylib
Event: 0.636 Loaded shared library /Users/mattias800/Library/Java/JavaVirtualMachines/ms-21.0.10/Contents/Home/lib/libfontmanager.dylib
Event: 0.681 Loaded shared library /Users/mattias800/Library/Java/JavaVirtualMachines/ms-21.0.10/Contents/Home/lib/libextnet.dylib
Event: 0.877 Loading shared library /Users/mattias800/Library/Java/JavaVirtualMachines/ms-21.0.10/Contents/Home/lib/libspela-libretro.dylib failed, dlopen(/Users/mattias800/Library/Java/JavaVirtualMachines/ms-21.0.10/Contents/Home/lib/libspela-libretro.dylib, 0x0001):
Event: 0.877 Loading shared library /Users/mattias800/Library/Java/JavaVirtualMachines/ms-21.0.10/Contents/Home/lib/libspela-libretro.jnilib failed, dlopen(/Users/mattias800/Library/Java/JavaVirtualMachines/ms-21.0.10/Contents/Home/lib/libspela-libretro.jnilib, 0x0001
Event: 0.886 Loaded shared library /Users/mattias800/repos/spela/player/desktop/build/native/libspela-libretro.dylib
Event: 0.903 Loaded shared library /Users/mattias800/.skiko/384a41e7bf8dcab7fe3ef7dfb14a2adf281ce448c1f711cac5e69a7b97ae2f4a/libskiko-macos-arm64.dylib
Event: 0.910 Loaded shared library /Users/mattias800/Library/Java/JavaVirtualMachines/ms-21.0.10/Contents/Home/lib/libosxui.dylib
Event: 18.195 Loaded shared library /Users/mattias800/Library/Java/JavaVirtualMachines/ms-21.0.10/Contents/Home/lib/libjsound.dylib

Deoptimization events (20 events):
Event: 18.083 Thread 0x0000000aa4ff2300 DEOPT PACKING pc=0x0000000118074408 sp=0x000000017972da20
Event: 18.083 Thread 0x0000000aa4ff2300 DEOPT UNPACKING pc=0x000000011771301c sp=0x000000017972d950 mode 2
Event: 18.083 Thread 0x0000000aa4ff2300 Uncommon trap: trap_request=0xffffffde fr.pc=0x0000000118074408 relative=0x0000000000001048
Event: 18.083 Thread 0x0000000aa4ff2300 Uncommon trap: reason=class_check action=maybe_recompile pc=0x0000000118074408 method=java.util.concurrent.ConcurrentHashMap.computeIfAbsent(Ljava/lang/Object;Ljava/util/function/Function;)Ljava/lang/Object; @ 323 c2
Event: 18.083 Thread 0x0000000aa4ff2300 DEOPT PACKING pc=0x0000000118074408 sp=0x000000017972da20
Event: 18.083 Thread 0x0000000aa4ff2300 DEOPT UNPACKING pc=0x000000011771301c sp=0x000000017972d950 mode 2
Event: 18.083 Thread 0x0000000aa4ff2300 Uncommon trap: trap_request=0xffffffde fr.pc=0x0000000118074408 relative=0x0000000000001048
Event: 18.083 Thread 0x0000000aa4ff2300 Uncommon trap: reason=class_check action=maybe_recompile pc=0x0000000118074408 method=java.util.concurrent.ConcurrentHashMap.computeIfAbsent(Ljava/lang/Object;Ljava/util/function/Function;)Ljava/lang/Object; @ 323 c2
Event: 18.083 Thread 0x0000000aa4ff2300 DEOPT PACKING pc=0x0000000118074408 sp=0x000000017972da20
Event: 18.083 Thread 0x0000000aa4ff2300 DEOPT UNPACKING pc=0x000000011771301c sp=0x000000017972d950 mode 2
Event: 19.752 Thread 0x0000000aa4ff2300 DEOPT PACKING pc=0x0000000111503264 sp=0x000000017972e740
Event: 19.752 Thread 0x0000000aa4ff2300 DEOPT UNPACKING pc=0x0000000117712e7c sp=0x000000017972e3e0 mode 0
Event: 19.752 Thread 0x0000000aa4ff2300 Uncommon trap: trap_request=0xffffff45 fr.pc=0x0000000118154638 relative=0x00000000000000b8
Event: 19.752 Thread 0x0000000aa4ff2300 Uncommon trap: reason=unstable_if action=reinterpret pc=0x0000000118154638 method=com.spela.player.libretro.DesktopLibretroController.precisionSleep(J)V @ 46 c2
Event: 19.752 Thread 0x0000000aa4ff2300 DEOPT PACKING pc=0x0000000118154638 sp=0x000000017972e780
Event: 19.752 Thread 0x0000000aa4ff2300 DEOPT UNPACKING pc=0x000000011771301c sp=0x000000017972e6d0 mode 2
Event: 20.303 Thread 0x0000000aa4ff2300 Uncommon trap: trap_request=0xffffff45 fr.pc=0x0000000118154af0 relative=0x00000000000001f0
Event: 20.303 Thread 0x0000000aa4ff2300 Uncommon trap: reason=unstable_if action=reinterpret pc=0x0000000118154af0 method=com.spela.player.libretro.DesktopLibretroController.precisionSleep(J)V @ 46 c2
Event: 20.303 Thread 0x0000000aa4ff2300 DEOPT PACKING pc=0x0000000118154af0 sp=0x000000017972e760
Event: 20.303 Thread 0x0000000aa4ff2300 DEOPT UNPACKING pc=0x000000011771301c sp=0x000000017972e6d0 mode 2

Classes loaded (20 events):
Event: 18.209 Loading class javax/sound/sampled/BooleanControl done
Event: 18.209 Loading class com/sun/media/sound/DirectAudioDevice$DirectDL$Mute done
Event: 18.209 Loading class javax/sound/sampled/BooleanControl$Type
Event: 18.209 Loading class javax/sound/sampled/BooleanControl$Type done
Event: 18.209 Loading class com/sun/media/sound/DirectAudioDevice$DirectDL$Balance
Event: 18.209 Loading class com/sun/media/sound/DirectAudioDevice$DirectDL$Balance done
Event: 18.209 Loading class com/sun/media/sound/DirectAudioDevice$DirectDL$Pan
Event: 18.209 Loading class com/sun/media/sound/DirectAudioDevice$DirectDL$Pan done
Event: 18.209 Loading class javax/sound/sampled/LineEvent
Event: 18.209 Loading class javax/sound/sampled/LineEvent done
Event: 18.209 Loading class javax/sound/sampled/LineEvent$Type
Event: 18.209 Loading class javax/sound/sampled/LineEvent$Type done
Event: 18.209 Loading class com/sun/media/sound/EventDispatcher
Event: 18.209 Loading class com/sun/media/sound/EventDispatcher done
Event: 18.233 Loading class java/nio/ByteBufferAsShortBufferL
Event: 18.233 Loading class java/nio/ShortBuffer
Event: 18.234 Loading class java/nio/ShortBuffer done
Event: 18.234 Loading class java/nio/ByteBufferAsShortBufferL done
Event: 19.272 Loading class jdk/internal/event/ThreadSleepEvent
Event: 19.272 Loading class jdk/internal/event/ThreadSleepEvent done

Classes unloaded (0 events):
No events

Classes redefined (0 events):
No events

Internal exceptions (20 events):
Event: 15.901 Thread 0x0000000aa8c11500 Exception <a 'java/lang/NoSuchMethodError'{0x0000000488dbc7a8}: 'java.lang.Object java.lang.invoke.Invokers$Holder.linkToTargetMethod(java.lang.Object, int, int, java.lang.Object)'> (0x0000000488dbc7a8) 
thrown [src/hotspot/share/interpreter/linkResolver.cpp, line 773]
Event: 15.901 Thread 0x0000000aa8c11500 Exception <a 'java/lang/NoSuchMethodError'{0x0000000488dc6848}: 'java.lang.Object java.lang.invoke.DirectMethodHandle$Holder.invokeStatic(java.lang.Object, int, java.lang.Object, int, java.lang.Object)'> (0x0000000488dc6848) 
thrown [src/hotspot/share/interpreter/linkResolver.cpp, line 773]
Event: 15.915 Thread 0x0000000aa8c11500 Exception <a 'java/lang/NoSuchMethodError'{0x0000000488f27e58}: 'java.lang.Object java.lang.invoke.DirectMethodHandle$Holder.newInvokeSpecial(java.lang.Object, java.lang.Object, int, java.lang.Object, java.lang.Object, java.lang.Object, java.lang.Object, java.lang.Object)'> (0x0000000488f27e58) 
thrown [src/hotspot/share/interpreter/linkResolver.cpp, line 773]
Event: 15.923 Thread 0x0000000aa8c11500 Exception <a 'java/lang/NoSuchMethodError'{0x0000000488844fa0}: 'java.lang.Object java.lang.invoke.DirectMethodHandle$Holder.newInvokeSpecial(java.lang.Object, java.lang.Object, int, java.lang.Object, java.lang.Object, java.lang.Object, java.lang.Object, java.lang.Object, java.lang.Object, java.lang.Object, int, int)'> (0x0000000488844fa0) 
thrown [src/hotspot/share/interpreter/linkResolver.cpp, line 773]
Event: 15.924 Thread 0x0000000aa8c11500 Exception <a 'java/lang/NoSuchMethodError'{0x000000048884a340}: 'java.lang.Object java.lang.invoke.DirectMethodHandle$Holder.invokeSpecial(java.lang.Object, java.lang.Object, java.lang.Object, int, java.lang.Object, java.lang.Object, java.lang.Object, java.lang.Object, java.lang.Object, java.lang.Object, java.lang.Object, int, int)'> (0x000000048884a340) 
thrown [src/hotspot/share/interpreter/linkResolver.cpp, line 773]
Event: 17.006 Thread 0x0000000aa8c11500 Implicit null exception at 0x000000011808f650 to 0x0000000118090380
Event: 17.008 Thread 0x0000000aa8c11500 Implicit null exception at 0x00000001180d7524 to 0x00000001180d7584
Event: 17.013 Thread 0x0000000aa8c11500 Exception <a 'java/lang/NoSuchMethodError'{0x0000000487e8ae30}: 'java.lang.Object java.lang.invoke.DirectMethodHandle$Holder.invokeStatic(java.lang.Object, int, java.lang.Object, java.lang.Object, java.lang.Object, java.lang.Object, java.lang.Object)'> (0x0000000487e8ae30) 
thrown [src/hotspot/share/interpreter/linkResolver.cpp, line 773]
Event: 17.013 Thread 0x0000000aa8c11500 Exception <a 'java/lang/NoSuchMethodError'{0x0000000487e92ba0}: 'java.lang.Object java.lang.invoke.DirectMethodHandle$Holder.newInvokeSpecial(java.lang.Object, int, java.lang.Object, java.lang.Object, java.lang.Object, java.lang.Object)'> (0x0000000487e92ba0) 
thrown [src/hotspot/share/interpreter/linkResolver.cpp, line 773]
Event: 17.013 Thread 0x0000000aa8c11500 Exception <a 'java/lang/NoSuchMethodError'{0x0000000487e97588}: 'java.lang.Object java.lang.invoke.DirectMethodHandle$Holder.invokeSpecial(java.lang.Object, java.lang.Object, int, java.lang.Object, java.lang.Object, java.lang.Object, java.lang.Object)'> (0x0000000487e97588) 
thrown [src/hotspot/share/interpreter/linkResolver.cpp, line 773]
Event: 17.023 Thread 0x0000000aa8c11500 Exception <a 'java/lang/NoSuchMethodError'{0x0000000487f318b0}: 'java.lang.Object java.lang.invoke.DirectMethodHandle$Holder.invokeStatic(java.lang.Object, java.lang.Object, long, java.lang.Object, java.lang.Object, java.lang.Object)'> (0x0000000487f318b0) 
thrown [src/hotspot/share/interpreter/linkResolver.cpp, line 773]
Event: 17.024 Thread 0x0000000aa8c11500 Exception <a 'java/lang/NoSuchMethodError'{0x0000000487f39000}: 'java.lang.Object java.lang.invoke.DirectMethodHandle$Holder.newInvokeSpecial(java.lang.Object, java.lang.Object, long, java.lang.Object, java.lang.Object)'> (0x0000000487f39000) 
thrown [src/hotspot/share/interpreter/linkResolver.cpp, line 773]
Event: 17.024 Thread 0x0000000aa8c11500 Exception <a 'java/lang/NoSuchMethodError'{0x0000000487f3d208}: 'java.lang.Object java.lang.invoke.DirectMethodHandle$Holder.invokeSpecial(java.lang.Object, java.lang.Object, java.lang.Object, long, java.lang.Object, java.lang.Object)'> (0x0000000487f3d208) 
thrown [src/hotspot/share/interpreter/linkResolver.cpp, line 773]
Event: 17.024 Thread 0x0000000aa8c11500 Exception <a 'java/lang/NoSuchMethodError'{0x0000000487f40a50}: 'java.lang.Object java.lang.invoke.Invokers$Holder.linkToTargetMethod(java.lang.Object, long, java.lang.Object, java.lang.Object, java.lang.Object)'> (0x0000000487f40a50) 
thrown [src/hotspot/share/interpreter/linkResolver.cpp, line 773]
Event: 17.555 Thread 0x0000000aa8c11500 Exception <a 'java/lang/NoSuchMethodError'{0x000000048795f820}: 'java.lang.Object java.lang.invoke.DirectMethodHandle$Holder.newInvokeSpecial(java.lang.Object, java.lang.Object, java.lang.Object, java.lang.Object, java.lang.Object, int, int)'> (0x000000048795f820) 
thrown [src/hotspot/share/interpreter/linkResolver.cpp, line 773]
Event: 17.556 Thread 0x0000000aa8c11500 Exception <a 'java/lang/NoSuchMethodError'{0x0000000487963b38}: 'java.lang.Object java.lang.invoke.DirectMethodHandle$Holder.invokeSpecial(java.lang.Object, java.lang.Object, java.lang.Object, java.lang.Object, java.lang.Object, java.lang.Object, int, int)'> (0x0000000487963b38) 
thrown [src/hotspot/share/interpreter/linkResolver.cpp, line 773]
Event: 17.556 Thread 0x0000000aa8c11500 Exception <a 'java/lang/NoSuchMethodError'{0x0000000487967778}: 'java.lang.Object java.lang.invoke.Invokers$Holder.linkToTargetMethod(java.lang.Object, java.lang.Object, java.lang.Object, java.lang.Object, int, int, java.lang.Object)'> (0x0000000487967778) 
thrown [src/hotspot/share/interpreter/linkResolver.cpp, line 773]
Event: 17.703 Thread 0x0000000aa8c11500 Implicit null exception at 0x0000000118107e20 to 0x0000000118107e6c
Event: 17.856 Thread 0x0000000aa8c10000 Exception <a 'java/lang/NoSuchMethodError'{0x0000000487afa630}: 'void java.lang.invoke.DirectMethodHandle$Holder.invokeStatic(java.lang.Object, int, java.lang.Object)'> (0x0000000487afa630) 
thrown [src/hotspot/share/interpreter/linkResolver.cpp, line 773]
Event: 18.094 Thread 0x0000000aa4ff2300 Exception <a 'java/lang/ClassNotFoundException'{0x0000000487114860}: sun/util/logging/resources/spi/loggingProvider> (0x0000000487114860) 
thrown [src/hotspot/share/classfile/systemDictionary.cpp, line 312]

ZGC Phase Switch (0 events):
No events

VM Operations (20 events):
Event: 16.516 Executing safepoint VM operation: ICBufferFull
Event: 16.516 Executing safepoint VM operation: ICBufferFull done
Event: 16.985 Executing non-safepoint VM operation: HandshakeAllThreads (Deoptimize)
Event: 16.985 Executing non-safepoint VM operation: HandshakeAllThreads (Deoptimize) done
Event: 16.985 Executing non-safepoint VM operation: HandshakeAllThreads (Deoptimize)
Event: 16.985 Executing non-safepoint VM operation: HandshakeAllThreads (Deoptimize) done
Event: 16.991 Executing non-safepoint VM operation: HandshakeAllThreads (Deoptimize)
Event: 16.991 Executing non-safepoint VM operation: HandshakeAllThreads (Deoptimize) done
Event: 17.021 Executing safepoint VM operation: ICBufferFull
Event: 17.021 Executing safepoint VM operation: ICBufferFull done
Event: 17.550 Executing non-safepoint VM operation: HandshakeAllThreads (Deoptimize)
Event: 17.550 Executing non-safepoint VM operation: HandshakeAllThreads (Deoptimize) done
Event: 17.587 Executing safepoint VM operation: ICBufferFull
Event: 17.587 Executing safepoint VM operation: ICBufferFull done
Event: 18.590 Executing safepoint VM operation: Cleanup
Event: 18.590 Executing safepoint VM operation: Cleanup done
Event: 19.593 Executing safepoint VM operation: Cleanup
Event: 19.593 Executing safepoint VM operation: Cleanup done
Event: 20.598 Executing safepoint VM operation: Cleanup
Event: 20.598 Executing safepoint VM operation: Cleanup done

Memory protections (20 events):
Event: 1.635 Protecting memory [0x0000000176d2c000,0x0000000176d38000] with protection modes 0
Event: 1.642 Protecting memory [0x0000000176f38000,0x0000000176f44000] with protection modes 0
Event: 1.664 Protecting memory [0x0000000177144000,0x0000000177150000] with protection modes 0
Event: 1.668 Protecting memory [0x0000000177350000,0x000000017735c000] with protection modes 0
Event: 1.674 Protecting memory [0x000000017755c000,0x0000000177568000] with protection modes 0
Event: 1.682 Protecting memory [0x0000000177768000,0x0000000177774000] with protection modes 0
Event: 1.692 Protecting memory [0x0000000177974000,0x0000000177980000] with protection modes 0
Event: 9.882 Protecting memory [0x0000000177b80000,0x0000000177b8c000] with protection modes 0
Event: 10.200 Protecting memory [0x0000000177d8c000,0x0000000177d98000] with protection modes 0
Event: 11.116 Protecting memory [0x0000000177d8c000,0x0000000177d98000] with protection modes 3
Event: 11.201 Protecting memory [0x0000000177d8c000,0x0000000177d98000] with protection modes 0
Event: 11.227 Protecting memory [0x0000000177f98000,0x0000000177fa4000] with protection modes 0
Event: 11.237 Protecting memory [0x00000001781a4000,0x00000001781b0000] with protection modes 0
Event: 11.241 Protecting memory [0x00000001783b0000,0x00000001783bc000] with protection modes 0
Event: 11.245 Protecting memory [0x00000001785bc000,0x00000001785c8000] with protection modes 0
Event: 11.247 Protecting memory [0x00000001787c8000,0x00000001787d4000] with protection modes 0
Event: 11.252 Protecting memory [0x00000001789d4000,0x00000001789e0000] with protection modes 0
Event: 11.685 Protecting memory [0x0000000177d8c000,0x0000000177d98000] with protection modes 3
Event: 17.858 Protecting memory [0x000000017952c000,0x0000000179538000] with protection modes 0
Event: 18.209 Protecting memory [0x0000000179850000,0x000000017985c000] with protection modes 0

Nmethod flushes (20 events):
Event: 1.794 Thread 0x0000000aaacbd400 flushing  nmethod 0x00000001101bfa90
Event: 1.794 Thread 0x0000000aaacbd400 flushing  nmethod 0x00000001101c0090
Event: 1.794 Thread 0x0000000aaacbd400 flushing  nmethod 0x00000001101c1110
Event: 1.794 Thread 0x0000000aaacbd400 flushing  nmethod 0x00000001101c1a10
Event: 1.794 Thread 0x0000000aaacbd400 flushing  nmethod 0x00000001101d8990
Event: 1.794 Thread 0x0000000aaacbd400 flushing  nmethod 0x00000001101d9210
Event: 1.794 Thread 0x0000000aaacbd400 flushing  nmethod 0x00000001101d9710
Event: 1.794 Thread 0x0000000aaacbd400 flushing  nmethod 0x00000001101d9c10
Event: 1.794 Thread 0x0000000aaacbd400 flushing  nmethod 0x00000001101da810
Event: 1.794 Thread 0x0000000aaacbd400 flushing  nmethod 0x00000001101db490
Event: 1.794 Thread 0x0000000aaacbd400 flushing  nmethod 0x00000001101dc010
Event: 1.794 Thread 0x0000000aaacbd400 flushing  nmethod 0x00000001101dc910
Event: 1.794 Thread 0x0000000aaacbd400 flushing  nmethod 0x00000001101dd690
Event: 1.794 Thread 0x0000000aaacbd400 flushing  nmethod 0x00000001101def10
Event: 1.794 Thread 0x0000000aaacbd400 flushing  nmethod 0x00000001101e0010
Event: 1.794 Thread 0x0000000aaacbd400 flushing  nmethod 0x0000000110283e90
Event: 1.794 Thread 0x0000000aaacbd400 flushing  nmethod 0x0000000110286890
Event: 1.794 Thread 0x0000000aaacbd400 flushing  nmethod 0x0000000110304a10
Event: 1.794 Thread 0x0000000aaacbd400 flushing  nmethod 0x0000000110305110
Event: 1.794 Thread 0x0000000aaacbd400 flushing  nmethod 0x000000011037cc10

Events (20 events):
Event: 1.634 Thread 0x0000000aa893f800 Thread added: 0x0000000aa7610700
Event: 1.639 Thread 0x0000000aa893ea00 Thread added: 0x0000000aa7610e00
Event: 1.652 Thread 0x0000000aa893d500 Thread added: 0x0000000aa7611c00
Event: 1.667 Thread 0x0000000aa91b5c00 Thread added: 0x0000000aa7612300
Event: 1.673 Thread 0x0000000aa893ce00 Thread added: 0x0000000aa7612a00
Event: 1.678 Thread 0x0000000aa93ace00 Thread added: 0x0000000aa7613100
Event: 1.687 Thread 0x0000000aa893e300 Thread added: 0x0000000aa7613800
Event: 9.882 Thread 0x0000000aa8c11500 Thread added: 0x0000000aa6869c00
Event: 10.200 Thread 0x0000000101462b70 Thread added: 0x0000000aa688a800
Event: 11.116 Thread 0x0000000aa688a800 Thread exited: 0x0000000aa688a800
Event: 11.201 Thread 0x0000000101462b70 Thread added: 0x0000000aa699d800
Event: 11.227 Thread 0x0000000aa8c11500 Thread added: 0x0000000aa69fe300
Event: 11.234 Thread 0x0000000aa751f800 Thread added: 0x0000000aa69fea00
Event: 11.241 Thread 0x0000000aa8c10000 Thread added: 0x0000000aa69fc700
Event: 11.244 Thread 0x0000000aa91b6300 Thread added: 0x0000000aa6ad0700
Event: 11.246 Thread 0x0000000aa8c11500 Thread added: 0x0000000aa6ad2300
Event: 11.251 Thread 0x0000000aa92e6a00 Thread added: 0x0000000aa6ad0e00
Event: 11.685 Thread 0x0000000aa699d800 Thread exited: 0x0000000aa699d800
Event: 17.857 Thread 0x0000000aa8c10000 Thread added: 0x0000000aa4ff2300
Event: 18.209 Thread 0x0000000aa4ff2300 Thread added: 0x0000000aa4f49500


Dynamic libraries:
0x0000000100b3c000 	/Users/mattias800/Library/Java/JavaVirtualMachines/ms-21.0.10/Contents/Home/lib/libjli.dylib
0x00000001b9723000 	/System/Library/Frameworks/Cocoa.framework/Versions/A/Cocoa
0x000000019eab0000 	/System/Library/Frameworks/AppKit.framework/Versions/C/AppKit
0x00000001a2124000 	/System/Library/Frameworks/CoreData.framework/Versions/A/CoreData
0x000000019beaa000 	/System/Library/Frameworks/Foundation.framework/Versions/C/Foundation
0x00000001aa0e7000 	/usr/lib/libSystem.B.dylib
0x00000001a01dd000 	/System/Library/PrivateFrameworks/UIFoundation.framework/Versions/A/UIFoundation
0x0000000253ef5000 	/System/Library/PrivateFrameworks/CollectionViewCore.framework/Versions/A/CollectionViewCore
0x00000001a7478000 	/System/Library/PrivateFrameworks/XCTTargetBootstrap.framework/Versions/A/XCTTargetBootstrap
0x00000001acb50000 	/System/Library/PrivateFrameworks/InternationalSupport.framework/Versions/A/InternationalSupport
0x00000001aceaa000 	/System/Library/PrivateFrameworks/UserActivity.framework/Versions/A/UserActivity
0x00000001a27b4000 	/System/Library/PrivateFrameworks/BaseBoard.framework/Versions/A/BaseBoard
0x000000025c6c2000 	/System/Library/PrivateFrameworks/FrontBoard.framework/Versions/A/FrontBoard
0x00000001b4563000 	/System/Library/PrivateFrameworks/FrontBoardServices.framework/Versions/A/FrontBoardServices
0x0000000298661000 	/usr/lib/libRosetta.dylib
0x000000028bf16000 	/System/Library/PrivateFrameworks/UIIntelligenceSupport.framework/Versions/A/UIIntelligenceSupport
0x0000000248dfe000 	/System/Library/Frameworks/SwiftUICore.framework/Versions/A/SwiftUICore
0x00000002924ca000 	/System/Library/PrivateFrameworks/WritingTools.framework/Versions/A/WritingTools
0x000000029131b000 	/System/Library/PrivateFrameworks/WindowManagement.framework/Versions/A/WindowManagement
0x000000019bb09000 	/System/Library/Frameworks/SystemConfiguration.framework/Versions/A/SystemConfiguration
0x00000001abd82000 	/usr/lib/libspindump.dylib
0x00000001a0398000 	/System/Library/Frameworks/UniformTypeIdentifiers.framework/Versions/A/UniformTypeIdentifiers
0x00000001a937e000 	/usr/lib/libbsm.0.dylib
0x00000001a4b82000 	/usr/lib/libapp_launch_measurement.dylib
0x00000001a3e77000 	/System/Library/PrivateFrameworks/CoreAnalytics.framework/Versions/A/CoreAnalytics
0x00000001a4b86000 	/System/Library/PrivateFrameworks/CoreAutoLayout.framework/Versions/A/CoreAutoLayout
0x00000001a69c3000 	/System/Library/Frameworks/Metal.framework/Versions/A/Metal
0x00000001a7dcb000 	/usr/lib/liblangid.dylib
0x00000001a747e000 	/System/Library/PrivateFrameworks/CoreSVG.framework/Versions/A/CoreSVG
0x00000001a0df9000 	/System/Library/PrivateFrameworks/SkyLight.framework/Versions/A/SkyLight
0x000000025c3fb000 	/System/Library/PrivateFrameworks/FocusEngine.framework/Versions/A/FocusEngine
0x00000001a13c0000 	/System/Library/Frameworks/CoreGraphics.framework/Versions/A/CoreGraphics
0x0000000259ff6000 	/System/Library/PrivateFrameworks/DesignLibrary.framework/Versions/A/DesignLibrary
0x00000001b282b000 	/System/Library/Frameworks/Accelerate.framework/Versions/A/Accelerate
0x00000001abb77000 	/System/Library/PrivateFrameworks/IconServices.framework/Versions/A/IconServices
0x00000001a699b000 	/System/Library/Frameworks/IOSurface.framework/Versions/A/IOSurface
0x00000001a3ea7000 	/usr/lib/libDiagnosticMessagesClient.dylib
0x00000001aa030000 	/usr/lib/libz.1.dylib
0x00000001b6b53000 	/System/Library/Frameworks/ApplicationServices.framework/Versions/A/ApplicationServices
0x00000001a7463000 	/System/Library/PrivateFrameworks/DFRFoundation.framework/Versions/A/DFRFoundation
0x000000019e2ff000 	/usr/lib/libicucore.A.dylib
0x00000001ae0e7000 	/System/Library/Frameworks/AudioToolbox.framework/Versions/A/AudioToolbox
0x00000001ace58000 	/System/Library/PrivateFrameworks/DataDetectorsCore.framework/Versions/A/DataDetectorsCore
0x000000028cb29000 	/System/Library/PrivateFrameworks/UpdateCycle.framework/Versions/A/UpdateCycle
0x00000001cad4e000 	/System/Library/PrivateFrameworks/TextInput.framework/Versions/A/TextInput
0x00000001a0d3b000 	/usr/lib/libMobileGestalt.dylib
0x00000001a715f000 	/System/Library/Frameworks/Carbon.framework/Versions/A/Frameworks/HIToolbox.framework/Versions/A/HIToolbox
0x00000001a43dc000 	/System/Library/Frameworks/QuartzCore.framework/Versions/A/QuartzCore
0x000000019deda000 	/System/Library/Frameworks/Security.framework/Versions/A/Security
0x00000001b21aa000 	/System/Library/Frameworks/Carbon.framework/Versions/A/Frameworks/SpeechRecognition.framework/Versions/A/SpeechRecognition
0x00000001a4851000 	/System/Library/PrivateFrameworks/CoreUI.framework/Versions/A/CoreUI
0x000000019d728000 	/System/Library/Frameworks/CoreAudio.framework/Versions/A/CoreAudio
0x00000001a3f9b000 	/System/Library/Frameworks/DiskArbitration.framework/Versions/A/DiskArbitration
0x00000001ac32a000 	/System/Library/PrivateFrameworks/MultitouchSupport.framework/Versions/A/MultitouchSupport
0x00000001a0d39000 	/usr/lib/libenergytrace.dylib
0x00000001be232000 	/System/Library/PrivateFrameworks/RenderBox.framework/Versions/A/RenderBox
0x000000019e957000 	/System/Library/Frameworks/IOKit.framework/Versions/A/IOKit
0x00000001b25b4000 	/System/Library/Frameworks/CoreServices.framework/Versions/A/CoreServices
0x00000001a4b13000 	/System/Library/PrivateFrameworks/PerformanceAnalysis.framework/Versions/A/PerformanceAnalysis
0x000000023e7e8000 	/System/Library/Frameworks/OpenGL.framework/Versions/A/OpenGL
0x00000001a4bd0000 	/usr/lib/libxml2.2.dylib
0x00000001a925f000 	/System/Library/PrivateFrameworks/MobileKeyBag.framework/Versions/A/MobileKeyBag
0x000000019a1c0000 	/usr/lib/libobjc.A.dylib
0x000000019a526000 	/usr/lib/libc++.1.dylib
0x00000001b2531000 	/System/Library/Frameworks/Accessibility.framework/Versions/A/Accessibility
0x00000001a1b1a000 	/System/Library/Frameworks/ColorSync.framework/Versions/A/ColorSync
0x000000019a657000 	/System/Library/Frameworks/CoreFoundation.framework/Versions/A/CoreFoundation
0x00000001a780b000 	/System/Library/Frameworks/CoreImage.framework/Versions/A/CoreImage
0x000000019d4fb000 	/System/Library/Frameworks/CoreText.framework/Versions/A/CoreText
0x00000002400f2000 	/System/Library/Frameworks/CoreTransferable.framework/Versions/A/CoreTransferable
0x000000024062e000 	/System/Library/Frameworks/DataDetection.framework/Versions/A/DataDetection
0x0000000240643000 	/System/Library/Frameworks/DeveloperToolsSupport.framework/Versions/A/DeveloperToolsSupport
0x00000001a74bc000 	/System/Library/Frameworks/ImageIO.framework/Versions/A/ImageIO
0x0000000249d73000 	/System/Library/Frameworks/Symbols.framework/Versions/A/Symbols
0x00000001cff73000 	/System/Library/PrivateFrameworks/AttributeGraph.framework/Versions/A/AttributeGraph
0x00000001b4642000 	/System/Library/PrivateFrameworks/BoardServices.framework/Versions/A/BoardServices
0x00000001f4732000 	/System/Library/PrivateFrameworks/FeatureFlags.framework/Versions/A/FeatureFlags
0x000000026563b000 	/System/Library/PrivateFrameworks/Gestures.framework/Versions/A/Gestures
0x00000001aa0ec000 	/System/Library/PrivateFrameworks/SoftLinking.framework/Versions/A/SoftLinking
0x00000001de817000 	/usr/lib/swift/libswiftAccelerate.dylib
0x00000001d4c8e000 	/usr/lib/swift/libswiftCompression.dylib
0x00000001ada4f000 	/usr/lib/swift/libswiftCore.dylib
0x00000001c701f000 	/usr/lib/swift/libswiftCoreFoundation.dylib
0x00000001c7078000 	/usr/lib/swift/libswiftCoreImage.dylib
0x00000001b42de000 	/usr/lib/swift/libswiftDispatch.dylib
0x00000001c7079000 	/usr/lib/swift/libswiftIOKit.dylib
0x00000001d4c81000 	/usr/lib/swift/libswiftMetal.dylib
0x00000001e4006000 	/usr/lib/swift/libswiftOSLog.dylib
0x00000001b71a4000 	/usr/lib/swift/libswiftObjectiveC.dylib
0x00000002998a2000 	/usr/lib/swift/libswiftObservation.dylib
0x00000001d9f9a000 	/usr/lib/swift/libswiftQuartzCore.dylib
0x00000002999e1000 	/usr/lib/swift/libswiftSynchronization.dylib
0x00000001de808000 	/usr/lib/swift/libswiftUniformTypeIdentifiers.dylib
0x00000001c7031000 	/usr/lib/swift/libswiftXPC.dylib
0x0000000299a1b000 	/usr/lib/swift/libswift_Builtin_float.dylib
0x0000000299a1e000 	/usr/lib/swift/libswift_Concurrency.dylib
0x00000001b71a8000 	/usr/lib/swift/libswiftos.dylib
0x00000001caade000 	/usr/lib/swift/libswiftsimd.dylib
0x00000001aa313000 	/usr/lib/libcompression.dylib
0x00000001acab0000 	/System/Library/PrivateFrameworks/TextureIO.framework/Versions/A/TextureIO
0x00000001a1cc6000 	/System/Library/Frameworks/ApplicationServices.framework/Versions/A/Frameworks/HIServices.framework/Versions/A/HIServices
0x00000001ab800000 	/usr/lib/libate.dylib
0x00000001aa0e1000 	/usr/lib/system/libcache.dylib
0x00000001aa09c000 	/usr/lib/system/libcommonCrypto.dylib
0x00000001aa0c7000 	/usr/lib/system/libcompiler_rt.dylib
0x00000001aa0bc000 	/usr/lib/system/libcopyfile.dylib
0x000000019a360000 	/usr/lib/system/libcorecrypto.dylib
0x000000019a459000 	/usr/lib/system/libdispatch.dylib
0x000000019a214000 	/usr/lib/system/libdyld.dylib
0x00000001aa0d7000 	/usr/lib/system/libkeymgr.dylib
0x00000001aa07f000 	/usr/lib/system/libmacho.dylib
0x00000001a9356000 	/usr/lib/system/libquarantine.dylib
0x00000001aa0d4000 	/usr/lib/system/libremovefile.dylib
0x00000001a0dbc000 	/usr/lib/system/libsystem_asl.dylib
0x000000019a2e5000 	/usr/lib/system/libsystem_blocks.dylib
0x000000019a4a3000 	/usr/lib/system/libsystem_c.dylib
0x00000001aa0cb000 	/usr/lib/system/libsystem_collections.dylib
0x00000001a7db8000 	/usr/lib/system/libsystem_configuration.dylib
0x00000001a6962000 	/usr/lib/system/libsystem_containermanager.dylib
0x00000001a9ae6000 	/usr/lib/system/libsystem_coreservices.dylib
0x000000019e5d1000 	/usr/lib/system/libsystem_darwin.dylib
0x0000000299d71000 	/usr/lib/system/libsystem_darwindirectory.dylib
0x00000001aa0d8000 	/usr/lib/system/libsystem_dnssd.dylib
0x0000000299d75000 	/usr/lib/system/libsystem_eligibility.dylib
0x000000019a4a0000 	/usr/lib/system/libsystem_featureflags.dylib
0x000000019a627000 	/usr/lib/system/libsystem_info.dylib
0x00000001aa040000 	/usr/lib/system/libsystem_m.dylib
0x000000019a40d000 	/usr/lib/system/libsystem_malloc.dylib
0x00000001a0d1e000 	/usr/lib/system/libsystem_networkextension.dylib
0x000000019ea42000 	/usr/lib/system/libsystem_notify.dylib
0x00000001a7dbd000 	/usr/lib/system/libsystem_sandbox.dylib
0x0000000299d7f000 	/usr/lib/system/libsystem_sanitizers.dylib
0x00000001aa0d0000 	/usr/lib/system/libsystem_secinit.dylib
0x000000019a5d4000 	/usr/lib/system/libsystem_kernel.dylib
0x000000019a61e000 	/usr/lib/system/libsystem_platform.dylib
0x000000019a611000 	/usr/lib/system/libsystem_pthread.dylib
0x00000001a2998000 	/usr/lib/system/libsystem_symptoms.dylib
0x000000019a33f000 	/usr/lib/system/libsystem_trace.dylib
0x0000000299d87000 	/usr/lib/system/libsystem_trial.dylib
0x00000001aa0aa000 	/usr/lib/system/libunwind.dylib
0x000000019a2e9000 	/usr/lib/system/libxpc.dylib
0x000000019a5b9000 	/usr/lib/libc++abi.dylib
0x00000002995b2000 	/usr/lib/libswiftPrespecialized.dylib
0x00000001aa0e9000 	/usr/lib/libfakelink.dylib
0x00000001a0962000 	/System/Library/Frameworks/CFNetwork.framework/Versions/A/CFNetwork
0x00000001aa13d000 	/usr/lib/libarchive.2.dylib
0x00000001b02bf000 	/System/Library/Frameworks/Combine.framework/Versions/A/Combine
0x0000000253f1a000 	/System/Library/PrivateFrameworks/CollectionsInternal.framework/Versions/A/CollectionsInternal
0x000000027b099000 	/System/Library/PrivateFrameworks/ReflectionInternal.framework/Versions/A/ReflectionInternal
0x000000027bf25000 	/System/Library/PrivateFrameworks/RuntimeInternal.framework/Versions/A/RuntimeInternal
0x00000001c3ec6000 	/usr/lib/swift/libswiftDarwin.dylib
0x00000002999e9000 	/usr/lib/swift/libswiftSystem.dylib
0x0000000299aa8000 	/usr/lib/swift/libswift_DarwinFoundation1.dylib
0x0000000299b89000 	/usr/lib/swift/libswift_StringProcessing.dylib
0x000000019e8d6000 	/System/Library/PrivateFrameworks/CoreServicesInternal.framework/Versions/A/CoreServicesInternal
0x00000001aa0b4000 	/usr/lib/liboah.dylib
0x00000001b65f1000 	/System/Library/PrivateFrameworks/DiskImages.framework/Versions/A/DiskImages
0x00000001c3988000 	/System/Library/Frameworks/NetFS.framework/Versions/A/NetFS
0x00000001a4b4a000 	/System/Library/Frameworks/CoreServices.framework/Versions/A/Frameworks/FSEvents.framework/Versions/A/FSEvents
0x000000019e5dc000 	/System/Library/Frameworks/CoreServices.framework/Versions/A/Frameworks/CarbonCore.framework/Versions/A/CarbonCore
0x00000001a3f0f000 	/System/Library/Frameworks/CoreServices.framework/Versions/A/Frameworks/Metadata.framework/Versions/A/Metadata
0x00000001a9aee000 	/System/Library/Frameworks/CoreServices.framework/Versions/A/Frameworks/OSServices.framework/Versions/A/OSServices
0x00000001aa235000 	/System/Library/Frameworks/CoreServices.framework/Versions/A/Frameworks/SearchKit.framework/Versions/A/SearchKit
0x00000001a2911000 	/System/Library/Frameworks/CoreServices.framework/Versions/A/Frameworks/AE.framework/Versions/A/AE
0x000000019aba1000 	/System/Library/Frameworks/CoreServices.framework/Versions/A/Frameworks/LaunchServices.framework/Versions/A/LaunchServices
0x00000001ab656000 	/System/Library/Frameworks/CoreServices.framework/Versions/A/Frameworks/DictionaryServices.framework/Versions/A/DictionaryServices
0x00000001a4b58000 	/System/Library/Frameworks/CoreServices.framework/Versions/A/Frameworks/SharedFileList.framework/Versions/A/SharedFileList
0x00000001aa2ca000 	/usr/lib/libapple_nghttp2.dylib
0x00000001a252b000 	/usr/lib/libsqlite3.dylib
0x00000001b6839000 	/System/Library/PrivateFrameworks/AppSupport.framework/Versions/A/AppSupport
0x00000001ae781000 	/System/Library/Frameworks/GSS.framework/Versions/A/GSS
0x00000001a28a5000 	/System/Library/PrivateFrameworks/RunningBoardServices.framework/Versions/A/RunningBoardServices
0x00000001b7132000 	/System/Library/PrivateFrameworks/StreamingZip.framework/Versions/A/StreamingZip
0x00000001a29a1000 	/System/Library/Frameworks/Network.framework/Versions/A/Network
0x00000001aa083000 	/usr/lib/system/libkxld.dylib
0x000000024f77b000 	/System/Library/PrivateFrameworks/AppleKeyStore.framework/Versions/A/AppleKeyStore
0x0000000298344000 	/usr/lib/libCoreEntitlements.dylib
0x0000000270f6b000 	/System/Library/PrivateFrameworks/MessageSecurity.framework/Versions/A/MessageSecurity
0x00000001a250f000 	/System/Library/PrivateFrameworks/ProtocolBuffer.framework/Versions/A/ProtocolBuffer
0x00000001b36df000 	/System/Library/PrivateFrameworks/SymptomDiagnosticReporter.framework/Versions/A/SymptomDiagnosticReporter
0x00000001ab89a000 	/System/Library/PrivateFrameworks/CrashReporterSupport.framework/Versions/A/CrashReporterSupport
0x00000001a9acd000 	/System/Library/PrivateFrameworks/AppleFSCompression.framework/Versions/A/AppleFSCompression
0x00000001a9366000 	/usr/lib/libcoretls.dylib
0x00000001ab6cd000 	/usr/lib/libcoretls_cfhelpers.dylib
0x00000001aa30c000 	/usr/lib/libpam.2.dylib
0x00000001ab73f000 	/usr/lib/libxar.1.dylib
0x00000001ab6cf000 	/System/Library/PrivateFrameworks/APFS.framework/Versions/A/APFS
0x00000002869d1000 	/System/Library/PrivateFrameworks/SwiftASN1Internal.framework/Versions/A/SwiftASN1Internal
0x00000001ab74e000 	/usr/lib/libutil.dylib
0x00000001a7dc6000 	/System/Library/PrivateFrameworks/AppleSystemInfo.framework/Versions/A/AppleSystemInfo
0x00000001a904e000 	/System/Library/PrivateFrameworks/IOMobileFramebuffer.framework/Versions/A/IOMobileFramebuffer
0x00000001c6ee5000 	/System/Library/PrivateFrameworks/LoggingSupport.framework/Versions/A/LoggingSupport
0x00000001ae7e4000 	/System/Library/PrivateFrameworks/MobileAsset.framework/Versions/A/MobileAsset
0x00000001b36ef000 	/System/Library/PrivateFrameworks/PowerLog.framework/Versions/A/PowerLog
0x0000000248c90000 	/System/Library/Frameworks/SwiftData.framework/Versions/A/SwiftData
0x00000001a4d7d000 	/System/Library/PrivateFrameworks/UserManagement.framework/Versions/A/UserManagement
0x00000001a088d000 	/usr/lib/libboringssl.dylib
0x00000001a2986000 	/usr/lib/libdns_services.dylib
0x00000001c5f1c000 	/usr/lib/libquic.dylib
0x00000001ad9df000 	/usr/lib/libusrtcp.dylib
0x000000025056d000 	/System/Library/PrivateFrameworks/AtomicsInternal.framework/Versions/A/AtomicsInternal
0x00000001ec892000 	/System/Library/PrivateFrameworks/InternalSwiftProtobuf.framework/Versions/A/InternalSwiftProtobuf
0x0000000299879000 	/usr/lib/swift/libswiftDistributed.dylib
0x00000001a7dc4000 	/System/Library/PrivateFrameworks/AggregateDictionary.framework/Versions/A/AggregateDictionary
0x0000000250d00000 	/System/Library/PrivateFrameworks/BiomeLibrary.framework/Versions/A/BiomeLibrary
0x00000001d5ca1000 	/System/Library/PrivateFrameworks/BiomeStreams.framework/Versions/A/BiomeStreams
0x00000001d1e6c000 	/System/Library/PrivateFrameworks/BiomeFoundation.framework/Versions/A/BiomeFoundation
0x00000001dbd62000 	/System/Library/PrivateFrameworks/BiomePubSub.framework/Versions/A/BiomePubSub
0x00000001b815e000 	/System/Library/PrivateFrameworks/ProactiveSupport.framework/Versions/A/ProactiveSupport
0x00000001ab6ae000 	/usr/lib/liblzma.5.dylib
0x00000001b6b54000 	/System/Library/PrivateFrameworks/InternationalTextSearch.framework/Versions/A/InternationalTextSearch
0x00000001ce370000 	/System/Library/PrivateFrameworks/SoftwareUpdateCoreSupport.framework/Versions/A/SoftwareUpdateCoreSupport
0x00000001d6725000 	/System/Library/PrivateFrameworks/SoftwareUpdateCoreConnect.framework/Versions/A/SoftwareUpdateCoreConnect
0x00000001b66ef000 	/System/Library/PrivateFrameworks/RemoteServiceDiscovery.framework/Versions/A/RemoteServiceDiscovery
0x00000001cdf67000 	/System/Library/PrivateFrameworks/MSUDataAccessor.framework/Versions/A/MSUDataAccessor
0x00000001c9041000 	/usr/lib/libbootpolicy.dylib
0x00000001b6706000 	/System/Library/PrivateFrameworks/RemoteXPC.framework/Versions/A/RemoteXPC
0x00000001d5b6d000 	/usr/lib/libFDR.dylib
0x00000001db983000 	/usr/lib/libamsupport.dylib
0x0000000298659000 	/usr/lib/libReverseProxyDevice.dylib
0x000000024f0a4000 	/System/Library/PrivateFrameworks/AppleDeviceQuerySupport.framework/Versions/A/AppleDeviceQuerySupport
0x00000001dea17000 	/usr/lib/libpartition2_dynamic.dylib
0x00000001aa2a6000 	/System/Library/PrivateFrameworks/AppleSauce.framework/Versions/A/AppleSauce
0x00000002981e5000 	/usr/lib/libAppleArchive.dylib
0x00000001a9ad9000 	/usr/lib/libbz2.1.0.dylib
0x00000001a3fa5000 	/System/Library/Frameworks/Accelerate.framework/Versions/A/Frameworks/vImage.framework/Versions/A/vImage
0x00000001b258e000 	/System/Library/Frameworks/Accelerate.framework/Versions/A/Frameworks/vecLib.framework/Versions/A/vecLib
0x00000001ab785000 	/System/Library/Frameworks/Accelerate.framework/Versions/A/Frameworks/vecLib.framework/Versions/A/libvMisc.dylib
0x000000019b0a1000 	/System/Library/Frameworks/Accelerate.framework/Versions/A/Frameworks/vecLib.framework/Versions/A/libBLAS.dylib
0x00000001a4cb7000 	/System/Library/Frameworks/CoreVideo.framework/Versions/A/CoreVideo
0x00000001ae388000 	/System/Library/Frameworks/ApplicationServices.framework/Versions/A/Frameworks/ATS.framework/Versions/A/ATS
0x00000001aca39000 	/System/Library/Frameworks/ApplicationServices.framework/Versions/A/Frameworks/PrintCore.framework/Versions/A/PrintCore
0x00000001ae74a000 	/System/Library/Frameworks/ApplicationServices.framework/Versions/A/Frameworks/QD.framework/Versions/A/QD
0x00000001ae745000 	/System/Library/Frameworks/ApplicationServices.framework/Versions/A/Frameworks/ColorSyncLegacy.framework/Versions/A/ColorSyncLegacy
0x00000001ae35a000 	/System/Library/Frameworks/ApplicationServices.framework/Versions/A/Frameworks/SpeechSynthesis.framework/Versions/A/SpeechSynthesis
0x00000001a6e8d000 	/System/Library/PrivateFrameworks/FontServices.framework/libFontParser.dylib
0x00000001b6415000 	/System/Library/PrivateFrameworks/BackBoardServices.framework/Versions/A/BackBoardServices
0x0000000250c19000 	/System/Library/PrivateFrameworks/BackBoardHIDEventFoundation.framework/Versions/A/BackBoardHIDEventFoundation
0x000000019d00c000 	/System/Library/Frameworks/CoreDisplay.framework/Versions/A/CoreDisplay
0x00000001ac370000 	/System/Library/Frameworks/VideoToolbox.framework/Versions/A/VideoToolbox
0x00000001aa30a000 	/System/Library/Frameworks/MetalPerformanceShaders.framework/Versions/A/MetalPerformanceShaders
0x000000027a105000 	/System/Library/PrivateFrameworks/ProDisplayLibrary.framework/Versions/A/ProDisplayLibrary
0x00000001ba1f5000 	/System/Library/PrivateFrameworks/IOSurfaceAccelerator.framework/Versions/A/IOSurfaceAccelerator
0x00000001a69b8000 	/System/Library/PrivateFrameworks/IOAccelerator.framework/Versions/A/IOAccelerator
0x00000001a6cd0000 	/System/Library/Frameworks/CoreMedia.framework/Versions/A/CoreMedia
0x00000001a0dd4000 	/System/Library/PrivateFrameworks/TCC.framework/Versions/A/TCC
0x00000001ac328000 	/System/Library/PrivateFrameworks/WatchdogClient.framework/Versions/A/WatchdogClient
0x00000001c6fff000 	/usr/lib/swift/libswiftCoreAudio.dylib
0x00000001e285f000 	/usr/lib/swift/libswiftCoreMedia.dylib
0x0000000299a03000 	/usr/lib/swift/libswiftVideoToolbox.dylib
0x00000001dbdc0000 	/System/Library/PrivateFrameworks/BiomeStorage.framework/Versions/A/BiomeStorage
0x000000026b5cb000 	/System/Library/PrivateFrameworks/IntelligencePlatformLibrary.framework/Versions/A/IntelligencePlatformLibrary
0x0000000279404000 	/System/Library/PrivateFrameworks/PoirotSchematizer.framework/Versions/A/PoirotSchematizer
0x0000000251548000 	/System/Library/PrivateFrameworks/BiomeSync.framework/Versions/A/BiomeSync
0x0000000250ce6000 	/System/Library/PrivateFrameworks/BiomeDSL.framework/Versions/A/BiomeDSL
0x000000027946e000 	/System/Library/PrivateFrameworks/PoirotUDFs.framework/Versions/A/PoirotUDFs
0x00000002793d3000 	/System/Library/PrivateFrameworks/PoirotSQLite.framework/Versions/A/PoirotSQLite
0x00000001b4b5f000 	/System/Library/PrivateFrameworks/CoreTime.framework/Versions/A/CoreTime
0x00000001aa122000 	/usr/lib/libiconv.2.dylib
0x00000001aa07e000 	/usr/lib/libcharset.1.dylib
0x0000000299ae9000 	/usr/lib/swift/libswift_RegexParser.dylib
0x0000000252b59000 	/System/Library/PrivateFrameworks/CascadeSets.framework/Versions/A/CascadeSets
0x00000001ae954000 	/System/Library/PrivateFrameworks/CorePhoneNumbers.framework/Versions/A/CorePhoneNumbers
0x00000001ac110000 	/System/Library/PrivateFrameworks/AppleJPEG.framework/Versions/A/AppleJPEG
0x00000001abaf2000 	/usr/lib/libexpat.1.dylib
0x00000001ac90c000 	/System/Library/Frameworks/ImageIO.framework/Versions/A/Resources/libPng.dylib
0x00000001ac938000 	/System/Library/Frameworks/ImageIO.framework/Versions/A/Resources/libTIFF.dylib
0x00000001aca22000 	/System/Library/Frameworks/ImageIO.framework/Versions/A/Resources/libGIF.dylib
0x00000001ac155000 	/System/Library/Frameworks/ImageIO.framework/Versions/A/Resources/libJP2.dylib
0x00000001ac9c8000 	/System/Library/Frameworks/ImageIO.framework/Versions/A/Resources/libJPEG.dylib
0x00000001ac9bf000 	/System/Library/Frameworks/ImageIO.framework/Versions/A/Resources/libRadiance.dylib
0x0000000261da9000 	/System/Library/PrivateFrameworks/GPUCompiler.framework/Versions/32023/Libraries/libllvm-flatbuffers.dylib
0x000000025c6b5000 	/System/Library/PrivateFrameworks/FramePacing.framework/Versions/A/FramePacing
0x000000023e7da000 	/System/Library/Frameworks/OpenGL.framework/Versions/A/Libraries/libCoreFSCache.dylib
0x000000025d7f6000 	/System/Library/PrivateFrameworks/GPUCompiler.framework/Versions/32023/Libraries/libGPUCompilerUtils.dylib
0x00000001b470f000 	/System/Library/PrivateFrameworks/GraphicsServices.framework/Versions/A/GraphicsServices
0x00000001b82ea000 	/System/Library/PrivateFrameworks/ASEProcessing.framework/Versions/A/ASEProcessing
0x00000001e8061000 	/System/Library/PrivateFrameworks/Symbolication.framework/Versions/A/Symbolication
0x0000000278ff0000 	/System/Library/PrivateFrameworks/PhotosensitivityProcessing.framework/Versions/A/PhotosensitivityProcessing
0x000000027c15e000 	/System/Library/PrivateFrameworks/SILManager.framework/Versions/A/SILManager
0x00000001abd24000 	/System/Library/PrivateFrameworks/GraphVisualizer.framework/Versions/A/GraphVisualizer
0x000000023e839000 	/System/Library/Frameworks/OpenGL.framework/Versions/A/Libraries/libGLU.dylib
0x000000023e7fc000 	/System/Library/Frameworks/OpenGL.framework/Versions/A/Libraries/libGFXShared.dylib
0x000000023e9c8000 	/System/Library/Frameworks/OpenGL.framework/Versions/A/Libraries/libGL.dylib
0x000000023e805000 	/System/Library/Frameworks/OpenGL.framework/Versions/A/Libraries/libGLImage.dylib
0x000000023e7f9000 	/System/Library/Frameworks/OpenGL.framework/Versions/A/Libraries/libCVMSPluginSupport.dylib
0x000000023e7e2000 	/System/Library/Frameworks/OpenGL.framework/Versions/A/Libraries/libCoreVMClient.dylib
0x000000025c5c0000 	/System/Library/PrivateFrameworks/FontServices.framework/Versions/A/FontServices
0x00000001abd34000 	/System/Library/PrivateFrameworks/OTSVG.framework/Versions/A/OTSVG
0x00000001a47fe000 	/System/Library/Frameworks/ApplicationServices.framework/Versions/A/Frameworks/ATS.framework/Versions/A/Resources/libFontRegistry.dylib
0x0000000298b69000 	/usr/lib/libhvf.dylib
0x0000000275e28000 	/System/Library/PrivateFrameworks/ParsingInternal.framework/Versions/A/ParsingInternal
0x000000025c5c4000 	/System/Library/PrivateFrameworks/FontServices.framework/libXTFontStaticRegistryData.dylib
0x00000001a7d03000 	/System/Library/Frameworks/MetalPerformanceShaders.framework/Versions/A/Frameworks/MPSCore.framework/Versions/A/MPSCore
0x00000001a9a38000 	/System/Library/Frameworks/MetalPerformanceShaders.framework/Versions/A/Frameworks/MPSImage.framework/Versions/A/MPSImage
0x00000001a9409000 	/System/Library/Frameworks/MetalPerformanceShaders.framework/Versions/A/Frameworks/MPSNeuralNetwork.framework/Versions/A/MPSNeuralNetwork
0x00000001a9841000 	/System/Library/Frameworks/MetalPerformanceShaders.framework/Versions/A/Frameworks/MPSMatrix.framework/Versions/A/MPSMatrix
0x00000001a9656000 	/System/Library/Frameworks/MetalPerformanceShaders.framework/Versions/A/Frameworks/MPSRayIntersector.framework/Versions/A/MPSRayIntersector
0x00000001a9873000 	/System/Library/Frameworks/MetalPerformanceShaders.framework/Versions/A/Frameworks/MPSNDArray.framework/Versions/A/MPSNDArray
0x0000000242971000 	/System/Library/Frameworks/MetalPerformanceShaders.framework/Versions/A/Frameworks/MPSFunctions.framework/Versions/A/MPSFunctions
0x0000000242952000 	/System/Library/Frameworks/MetalPerformanceShaders.framework/Versions/A/Frameworks/MPSBenchmarkLoop.framework/Versions/A/MPSBenchmarkLoop
0x0000000242986000 	/System/Library/Frameworks/MetalPerformanceShaders.framework/Versions/A/Frameworks/MPSHost.framework/Versions/A/MPSHost
0x000000019aebd000 	/System/Library/PrivateFrameworks/MetalTools.framework/Versions/A/MetalTools
0x00000001cc18a000 	/System/Library/PrivateFrameworks/IOAccelMemoryInfo.framework/Versions/A/IOAccelMemoryInfo
0x00000001da390000 	/System/Library/PrivateFrameworks/kperf.framework/Versions/A/kperf
0x00000001c6ffb000 	/System/Library/PrivateFrameworks/GPURawCounter.framework/Versions/A/GPURawCounter
0x00000001b4a48000 	/System/Library/PrivateFrameworks/CoreSymbolication.framework/Versions/A/CoreSymbolication
0x00000001c6f72000 	/System/Library/PrivateFrameworks/MallocStackLogging.framework/Versions/A/MallocStackLogging
0x00000001b4a25000 	/System/Library/PrivateFrameworks/DebugSymbols.framework/Versions/A/DebugSymbols
0x00000001d8bf6000 	/System/Library/PrivateFrameworks/OSAnalytics.framework/Versions/A/OSAnalytics
0x000000025a4ad000 	/System/Library/PrivateFrameworks/DeviceRecovery.framework/Versions/A/DeviceRecovery
0x0000000240788000 	/System/Library/Frameworks/ExtensionFoundation.framework/Versions/A/ExtensionFoundation
0x00000001abd75000 	/System/Library/PrivateFrameworks/AppServerSupport.framework/Versions/A/AppServerSupport
0x0000000241af0000 	/System/Library/Frameworks/LightweightCodeRequirements.framework/Versions/A/LightweightCodeRequirements
0x00000001ab9f1000 	/System/Library/PrivateFrameworks/PlugInKit.framework/Versions/A/PlugInKit
0x00000001a9277000 	/System/Library/PrivateFrameworks/AssertionServices.framework/Versions/A/AssertionServices
0x00000001abb17000 	/System/Library/PrivateFrameworks/IconFoundation.framework/Versions/A/IconFoundation
0x00000002684cd000 	/System/Library/PrivateFrameworks/IconRendering.framework/Versions/A/IconRendering
0x000000027c0d6000 	/System/Library/PrivateFrameworks/SFSymbols.framework/Versions/A/SFSymbols
0x000000019d130000 	/System/Library/PrivateFrameworks/AudioToolboxCore.framework/Versions/A/AudioToolboxCore
0x00000001ae2c2000 	/System/Library/PrivateFrameworks/AudioSession.framework/Versions/A/AudioSession
0x00000001b9536000 	/System/Library/Frameworks/CoreMIDI.framework/Versions/A/CoreMIDI
0x00000001ae341000 	/usr/lib/libAudioStatistics.dylib
0x00000001a6ca7000 	/System/Library/PrivateFrameworks/caulk.framework/Versions/A/caulk
0x00000001ac8e6000 	/usr/lib/libAudioToolboxUtility.dylib
0x00000001cd7b0000 	/usr/lib/swift/libswiftCoreMIDI.dylib
0x00000001ae753000 	/System/Library/PrivateFrameworks/perfdata.framework/Versions/A/perfdata
0x00000001c6019000 	/System/Library/PrivateFrameworks/SystemPolicy.framework/Versions/A/SystemPolicy
0x00000001ae5f8000 	/usr/lib/libSMC.dylib
0x00000001ae761000 	/usr/lib/libperfcheck.dylib
0x000000025062d000 	/System/Library/PrivateFrameworks/AudioAnalytics.framework/Versions/A/AudioAnalytics
0x0000000299aac000 	/usr/lib/swift/libswift_DarwinFoundation2.dylib
0x0000000299aad000 	/usr/lib/swift/libswift_DarwinFoundation3.dylib
0x00000001ec58f000 	/System/Library/Frameworks/OSLog.framework/Versions/A/OSLog
0x00000001c6fa4000 	/usr/lib/libmis.dylib
0x00000001abc35000 	/System/Library/PrivateFrameworks/MediaExperience.framework/Versions/A/MediaExperience
0x00000001ae090000 	/System/Library/PrivateFrameworks/AudioSession.framework/libSessionUtility.dylib
0x00000001aca28000 	/System/Library/PrivateFrameworks/CMCaptureCore.framework/Versions/A/CMCaptureCore
0x00000001b35d9000 	/System/Library/Frameworks/CoreBluetooth.framework/Versions/A/CoreBluetooth
0x00000001a90e3000 	/System/Library/PrivateFrameworks/CoreUtils.framework/Versions/A/CoreUtils
0x00000001bef59000 	/System/Library/PrivateFrameworks/HID.framework/Versions/A/HID
0x00000002598aa000 	/System/Library/PrivateFrameworks/CoreUtilsExtras.framework/Versions/A/CoreUtilsExtras
0x0000000268422000 	/System/Library/PrivateFrameworks/IO80211.framework/Versions/A/IO80211
0x00000001b0012000 	/System/Library/Frameworks/IOBluetooth.framework/Versions/A/IOBluetooth
0x000000025021b000 	/System/Library/PrivateFrameworks/ArgumentParserInternal.framework/Versions/A/ArgumentParserInternal
0x00000001ab891000 	/usr/lib/libIOReport.dylib
0x00000001a9286000 	/System/Library/Frameworks/SecurityFoundation.framework/Versions/A/SecurityFoundation
0x000000019b881000 	/System/Library/PrivateFrameworks/Lexicon.framework/Versions/A/Lexicon
0x00000001a93f1000 	/usr/lib/libgermantok.dylib
0x00000001a7eef000 	/System/Library/PrivateFrameworks/LinguisticData.framework/Versions/A/LinguisticData
0x00000001b37e1000 	/System/Library/PrivateFrameworks/MediaKit.framework/Versions/A/MediaKit
0x00000001b372c000 	/System/Library/Frameworks/DiscRecording.framework/Versions/A/DiscRecording
0x00000001abb0d000 	/usr/lib/libheimdal-asn1.dylib
0x00000001b7108000 	/System/Library/Frameworks/AudioUnit.framework/Versions/A/AudioUnit
0x00000001a4b1d000 	/System/Library/Frameworks/OpenDirectory.framework/Versions/A/OpenDirectory
0x00000001a4b2b000 	/System/Library/Frameworks/OpenDirectory.framework/Versions/A/Frameworks/CFOpenDirectory.framework/Versions/A/CFOpenDirectory
0x000000023ed4c000 	/System/Library/Frameworks/AVFAudio.framework/Versions/A/AVFAudio
0x00000001bff2a000 	/usr/lib/libAccessibility.dylib
0x000000026c172000 	/System/Library/PrivateFrameworks/IsolatedCoreAudioClient.framework/Versions/A/IsolatedCoreAudioClient
0x0000000289fac000 	/System/Library/PrivateFrameworks/Tightbeam.framework/Versions/A/Tightbeam
0x00000002557a8000 	/System/Library/PrivateFrameworks/CoreAudioOrchestration.framework/Versions/A/CoreAudioOrchestration
0x00000001def6a000 	/System/Library/PrivateFrameworks/AFKUser.framework/Versions/A/AFKUser
0x00000001b287b000 	/System/Library/Frameworks/MediaAccessibility.framework/Versions/A/MediaAccessibility
0x000000028e1cb000 	/System/Library/PrivateFrameworks/VideoToolboxParavirtualizationSupport.framework/Versions/A/VideoToolboxParavirtualizationSupport
0x00000001abaa9000 	/System/Library/PrivateFrameworks/AppleVA.framework/Versions/A/AppleVA
0x00000001ac9ba000 	/System/Library/PrivateFrameworks/GPUWrangler.framework/Versions/A/GPUWrangler
0x00000001ac99a000 	/System/Library/PrivateFrameworks/IOPresentment.framework/Versions/A/IOPresentment
0x00000001ac9c2000 	/System/Library/PrivateFrameworks/DSExternalDisplay.framework/Versions/A/DSExternalDisplay
0x0000000250072000 	/System/Library/PrivateFrameworks/AppleMobileFileIntegrity.framework/Versions/A/AppleMobileFileIntegrity
0x00000002986e6000 	/usr/lib/libTLE.dylib
0x00000001fd895000 	/System/Library/PrivateFrameworks/ConfigProfileHelper.framework/Versions/A/ConfigProfileHelper
0x00000001f26a2000 	/usr/lib/libedit.3.dylib
0x000000026d6f2000 	/System/Library/PrivateFrameworks/MIL.framework/Versions/A/MIL
0x00000001cc14d000 	/usr/lib/libncurses.5.4.dylib
0x00000001a9018000 	/System/Library/PrivateFrameworks/CoreEmoji.framework/Versions/A/CoreEmoji
0x000000019bb9d000 	/usr/lib/libCRFSuite.dylib
0x00000001a7dcd000 	/System/Library/PrivateFrameworks/CoreNLP.framework/Versions/A/CoreNLP
0x00000001a9390000 	/usr/lib/libmecab.dylib
0x00000001aa29d000 	/usr/lib/libThaiTokenizer.dylib
0x00000001eca5a000 	/System/Library/PrivateFrameworks/HIDDisplay.framework/Versions/A/HIDDisplay
0x00000001ac9f4000 	/System/Library/Frameworks/ApplicationServices.framework/Versions/A/Frameworks/ATSUI.framework/Versions/A/ATSUI
0x00000001ae6d9000 	/usr/lib/libcups.2.dylib
0x00000001ae76f000 	/System/Library/Frameworks/Kerberos.framework/Versions/A/Kerberos
0x00000001ae3d0000 	/usr/lib/libresolv.9.dylib
0x00000001abd89000 	/System/Library/PrivateFrameworks/Heimdal.framework/Versions/A/Heimdal
0x00000001b7107000 	/System/Library/Frameworks/Kerberos.framework/Versions/A/Libraries/libHeimdalProxy.dylib
0x00000001ae7d3000 	/System/Library/PrivateFrameworks/CommonAuth.framework/Versions/A/CommonAuth
0x00000001bfe25000 	/System/Library/PrivateFrameworks/AXCoreUtilities.framework/Versions/A/AXCoreUtilities
0x00000002980ff000 	/usr/lib/libAXSafeCategoryBundle.dylib
0x00000001a8ede000 	/System/Library/Frameworks/Accelerate.framework/Versions/A/Frameworks/vecLib.framework/Versions/A/libvDSP.dylib
0x00000001aa3ea000 	/System/Library/Frameworks/Accelerate.framework/Versions/A/Frameworks/vecLib.framework/Versions/A/libLAPACK.dylib
0x00000001a93f4000 	/System/Library/Frameworks/Accelerate.framework/Versions/A/Frameworks/vecLib.framework/Versions/A/libLinearAlgebra.dylib
0x00000001aa2e3000 	/System/Library/Frameworks/Accelerate.framework/Versions/A/Frameworks/vecLib.framework/Versions/A/libSparseBLAS.dylib
0x00000001aa3e5000 	/System/Library/Frameworks/Accelerate.framework/Versions/A/Frameworks/vecLib.framework/Versions/A/libQuadrature.dylib
0x00000001a7ef6000 	/System/Library/Frameworks/Accelerate.framework/Versions/A/Frameworks/vecLib.framework/Versions/A/libBNNS.dylib
0x000000019b996000 	/System/Library/Frameworks/Accelerate.framework/Versions/A/Frameworks/vecLib.framework/Versions/A/libSparse.dylib
0x00000001ae738000 	/System/Library/PrivateFrameworks/NetAuth.framework/Versions/A/NetAuth
0x00000001a4d3c000 	/System/Library/PrivateFrameworks/login.framework/Versions/A/Frameworks/loginsupport.framework/Versions/A/loginsupport
0x00000001a935a000 	/usr/lib/libCheckFix.dylib
0x00000001a3ea9000 	/System/Library/PrivateFrameworks/MetadataUtilities.framework/Versions/A/MetadataUtilities
0x0000000268eea000 	/System/Library/PrivateFrameworks/InstalledContentLibrary.framework/Versions/A/InstalledContentLibrary
0x000000019e917000 	/System/Library/PrivateFrameworks/CoreServicesStore.framework/Versions/A/CoreServicesStore
0x00000001da497000 	/System/Library/PrivateFrameworks/MobileSystemServices.framework/Versions/A/MobileSystemServices
0x00000001ab752000 	/usr/lib/libxslt.1.dylib
0x00000001a9319000 	/System/Library/PrivateFrameworks/BackgroundTaskManagement.framework/Versions/A/BackgroundTaskManagement
0x00000001b67b1000 	/usr/lib/libcurl.4.dylib
0x000000029891f000 	/usr/lib/libcrypto.46.dylib
0x000000029953f000 	/usr/lib/libssl.48.dylib
0x00000001b6487000 	/System/Library/Frameworks/LDAP.framework/Versions/A/LDAP
0x00000001b64c3000 	/System/Library/PrivateFrameworks/TrustEvaluationAgent.framework/Versions/A/TrustEvaluationAgent
0x00000001ae3ed000 	/usr/lib/libsasl2.2.dylib
0x00000001c3ec5000 	/usr/lib/swift/libswiftCoreGraphics.dylib
0x00000001b2f77000 	/usr/lib/swift/libswiftFoundation.dylib
0x00000001fd251000 	/usr/lib/swift/libswiftSwiftOnoneSupport.dylib
0x0000000299c1e000 	/usr/lib/swift/libswiftsys_time.dylib
0x00000001e881e000 	/System/Library/PrivateFrameworks/CoreMaterial.framework/Versions/A/CoreMaterial
0x0000000299964000 	/usr/lib/swift/libswiftSpatial.dylib
0x00000002986e3000 	/usr/lib/libSpatial.dylib
0x000000029801d000 	/System/Library/SubFrameworks/UIUtilities.framework/Versions/A/UIUtilities
0x0000000106990000 	/Users/mattias800/Library/Java/JavaVirtualMachines/ms-21.0.10/Contents/Home/lib/server/libjvm.dylib
0x0000000100b64000 	/Users/mattias800/Library/Java/JavaVirtualMachines/ms-21.0.10/Contents/Home/lib/libjimage.dylib
0x0000000100bf0000 	/Users/mattias800/Library/Java/JavaVirtualMachines/ms-21.0.10/Contents/Home/lib/libjava.dylib
0x0000000100e6c000 	/Users/mattias800/Library/Java/JavaVirtualMachines/ms-21.0.10/Contents/Home/lib/libnio.dylib
0x0000000100e90000 	/Users/mattias800/Library/Java/JavaVirtualMachines/ms-21.0.10/Contents/Home/lib/libnet.dylib
0x0000000100edc000 	/Users/mattias800/Library/Java/JavaVirtualMachines/ms-21.0.10/Contents/Home/lib/libzip.dylib
0x0000000106538000 	/private/var/folders/00/y_pwwndd1hj9rnmh0xwj36v80000gn/T/sqlite-3.51.0.0-6697021a-cf0d-4bc6-a76d-fd1559eaa894-libsqlitejdbc.dylib
0x0000000106648000 	/Users/mattias800/Library/Java/JavaVirtualMachines/ms-21.0.10/Contents/Home/lib/libawt.dylib
0x00000001064a8000 	/Users/mattias800/Library/Java/JavaVirtualMachines/ms-21.0.10/Contents/Home/lib/libmlib_image.dylib
0x0000000241ae7000 	/System/Library/Frameworks/JavaRuntimeSupport.framework/Versions/A/JavaRuntimeSupport
0x00000001c59ea000 	/System/Library/Frameworks/Carbon.framework/Versions/A/Carbon
0x00000001bbd21000 	/System/Library/Frameworks/Carbon.framework/Versions/A/Frameworks/CommonPanels.framework/Versions/A/CommonPanels
0x00000001b679c000 	/System/Library/Frameworks/Carbon.framework/Versions/A/Frameworks/Help.framework/Versions/A/Help
0x00000001bbd25000 	/System/Library/Frameworks/Carbon.framework/Versions/A/Frameworks/ImageCapture.framework/Versions/A/ImageCapture
0x00000001bbd00000 	/System/Library/Frameworks/Carbon.framework/Versions/A/Frameworks/OpenScripting.framework/Versions/A/OpenScripting
0x00000001bbd20000 	/System/Library/Frameworks/Carbon.framework/Versions/A/Frameworks/Ink.framework/Versions/A/Ink
0x00000001bbd1d000 	/System/Library/Frameworks/Carbon.framework/Versions/A/Frameworks/SecurityHI.framework/Versions/A/SecurityHI
0x0000000298541000 	/usr/lib/libInterpreterSecurity.dylib
0x00000001dc0d0000 	/System/Library/PrivateFrameworks/XprotectFramework.framework/Versions/A/XprotectFramework
0x00000001bf26e000 	/System/Library/PrivateFrameworks/yara.framework/Versions/A/yara
0x00000002984bd000 	/usr/lib/libEndpointSecuritySystem.dylib
0x0000000106828000 	/Users/mattias800/Library/Java/JavaVirtualMachines/ms-21.0.10/Contents/Home/lib/libawt_lwawt.dylib
0x0000000106428000 	/Users/mattias800/Library/Java/JavaVirtualMachines/ms-21.0.10/Contents/Home/lib/libosxapp.dylib
0x00000001c3f2c000 	/System/Library/Frameworks/ExceptionHandling.framework/Versions/A/ExceptionHandling
0x000000011feec000 	/Users/mattias800/Library/Java/JavaVirtualMachines/ms-21.0.10/Contents/Home/lib/libfontmanager.dylib
0x000000011fd9c000 	/Users/mattias800/Library/Java/JavaVirtualMachines/ms-21.0.10/Contents/Home/lib/libfreetype.dylib
0x0000000100f08000 	/Users/mattias800/Library/Java/JavaVirtualMachines/ms-21.0.10/Contents/Home/lib/libextnet.dylib
0x00000001a49da000 	/System/Library/PrivateFrameworks/ViewBridge.framework/Versions/A/ViewBridge
0x000000023f01c000 	/System/Library/Frameworks/AppIntents.framework/Versions/A/AppIntents
0x0000000248507000 	/System/Library/Frameworks/RelevanceKit.framework/Versions/A/RelevanceKit
0x00000001a9ee2000 	/System/Library/Frameworks/CoreSpotlight.framework/Versions/A/CoreSpotlight
0x000000026d205000 	/System/Library/PrivateFrameworks/LinkServices.framework/Versions/A/LinkServices
0x000000025a9c8000 	/System/Library/PrivateFrameworks/DoNotDisturb.framework/Versions/A/DoNotDisturb
0x000000026d060000 	/System/Library/PrivateFrameworks/LinkMetadata.framework/Versions/A/LinkMetadata
0x00000001c7026000 	/usr/lib/swift/libswiftIntents.dylib
0x00000001cc2a7000 	/System/Library/PrivateFrameworks/IntentsCore.framework/Versions/A/IntentsCore
0x0000000250b07000 	/System/Library/PrivateFrameworks/AvailabilityKit.framework/Versions/A/AvailabilityKit
0x000000024de49000 	/System/Library/PrivateFrameworks/AppIntentSchemas.framework/Versions/A/AppIntentSchemas
0x0000000262317000 	/System/Library/PrivateFrameworks/GRDBInternal.framework/Versions/A/GRDBInternal
0x0000000286184000 	/System/Library/PrivateFrameworks/StatusKit.framework/Versions/A/StatusKit
0x00000001b3b10000 	/System/Library/PrivateFrameworks/GenerationalStorage.framework/Versions/A/GenerationalStorage
0x00000001b3938000 	/System/Library/Frameworks/FileProvider.framework/Versions/A/FileProvider
0x00000001a03af000 	/System/Library/PrivateFrameworks/DesktopServicesPriv.framework/Versions/A/DesktopServicesPriv
0x00000001a2713000 	/System/Library/Frameworks/Accounts.framework/Versions/A/Accounts
0x00000001c6a92000 	/System/Library/PrivateFrameworks/FTServices.framework/Versions/A/FTServices
0x00000001bef17000 	/System/Library/PrivateFrameworks/CloudServices.framework/Versions/A/CloudServices
0x00000001b5fd1000 	/System/Library/PrivateFrameworks/CoreWiFi.framework/Versions/A/CoreWiFi
0x00000001a66e2000 	/System/Library/Frameworks/CoreLocation.framework/Versions/A/CoreLocation
0x00000001b5967000 	/System/Library/Frameworks/Intents.framework/Versions/A/Intents
0x000000024acce000 	/System/Library/Frameworks/_LocationEssentials.framework/Versions/A/_LocationEssentials
0x00000001a9e91000 	/System/Library/Frameworks/UserNotifications.framework/Versions/A/UserNotifications
0x00000001a9b21000 	/System/Library/PrivateFrameworks/AuthKit.framework/Versions/A/AuthKit
0x00000001afc1d000 	/System/Library/PrivateFrameworks/Sharing.framework/Versions/A/Sharing
0x00000001af79c000 	/System/Library/PrivateFrameworks/IDSFoundation.framework/Versions/A/IDSFoundation
0x00000001b5fd0000 	/System/Library/PrivateFrameworks/Apple80211.framework/Versions/A/Apple80211
0x00000001a9060000 	/System/Library/Frameworks/CoreWLAN.framework/Versions/A/CoreWLAN
0x00000001cd791000 	/usr/lib/swift/libswiftCoreLocation.dylib
0x00000001adfde000 	/System/Library/PrivateFrameworks/IMFoundation.framework/Versions/A/IMFoundation
0x00000001bf26d000 	/System/Library/PrivateFrameworks/Marco.framework/Versions/A/Marco
0x00000001a279d000 	/System/Library/PrivateFrameworks/CommonUtilities.framework/Versions/A/CommonUtilities
0x00000001bbce8000 	/System/Library/PrivateFrameworks/Engram.framework/Versions/A/Engram
0x00000002998c3000 	/usr/lib/swift/libswiftRegexBuilder.dylib
0x00000001bbc86000 	/usr/lib/libtidy.A.dylib
0x00000001ac09a000 	/System/Library/PrivateFrameworks/Bom.framework/Versions/A/Bom
0x00000001ae40e000 	/usr/lib/libParallelCompression.dylib
0x00000001f47b7000 	/System/Library/PrivateFrameworks/WiFiPeerToPeer.framework/Versions/A/WiFiPeerToPeer
0x0000000252bf9000 	/System/Library/PrivateFrameworks/Centauri.framework/Versions/A/Centauri
0x0000000299053000 	/usr/lib/libmrc.dylib
0x000000026848c000 	/System/Library/PrivateFrameworks/IPConfiguration.framework/Versions/A/IPConfiguration
0x00000001e87e0000 	/System/Library/PrivateFrameworks/Netrb.framework/Versions/A/Netrb
0x00000001ae400000 	/System/Library/PrivateFrameworks/MultiverseSupport.framework/Versions/A/MultiverseSupport
0x00000001b3813000 	/System/Library/PrivateFrameworks/DiskManagement.framework/Versions/A/DiskManagement
0x00000001b371f000 	/System/Library/PrivateFrameworks/AppleIDAuthSupport.framework/Versions/A/AppleIDAuthSupport
0x000000024b5ae000 	/System/Library/PrivateFrameworks/AAAFoundation.framework/Versions/A/AAAFoundation
0x00000001ae912000 	/System/Library/PrivateFrameworks/KeychainCircle.framework/Versions/A/KeychainCircle
0x00000001bfe1b000 	/System/Library/PrivateFrameworks/URLFormatting.framework/Versions/A/URLFormatting
0x00000001b67a5000 	/usr/lib/libcsfde.dylib
0x00000001aba3b000 	/usr/lib/libCoreStorage.dylib
0x00000001b00e9000 	/System/Library/PrivateFrameworks/ProtectedCloudStorage.framework/Versions/A/ProtectedCloudStorage
0x00000001b67a0000 	/System/Library/PrivateFrameworks/EFILogin.framework/Versions/A/EFILogin
0x00000001b3b37000 	/System/Library/PrivateFrameworks/OctagonTrust.framework/Versions/A/OctagonTrust
0x00000001b03b6000 	/System/Library/PrivateFrameworks/GeoServices.framework/Versions/A/GeoServices
0x00000001ae057000 	/System/Library/PrivateFrameworks/LocationSupport.framework/Versions/A/LocationSupport
0x0000000265495000 	/System/Library/PrivateFrameworks/GeoServicesCore.framework/Versions/A/GeoServicesCore
0x00000001bfe19000 	/System/Library/PrivateFrameworks/PhoneNumbers.framework/Versions/A/PhoneNumbers
0x000000026d5e3000 	/System/Library/PrivateFrameworks/LocationLogEncryption.framework/Versions/A/LocationLogEncryption
0x00000001af5bb000 	/System/Library/PrivateFrameworks/IDS.framework/Versions/A/IDS
0x00000001ef472000 	/System/Library/Frameworks/CryptoKit.framework/Versions/A/CryptoKit
0x00000001b7103000 	/System/Library/PrivateFrameworks/CryptoKitCBridging.framework/Versions/A/CryptoKitCBridging
0x00000001b4721000 	/System/Library/Frameworks/CryptoTokenKit.framework/Versions/A/CryptoTokenKit
0x00000001d56ba000 	/System/Library/PrivateFrameworks/FTAWD.framework/Versions/A/FTAWD
0x000000019ea54000 	/usr/lib/libsandbox.1.dylib
0x00000001aba33000 	/usr/lib/libMatch.1.dylib
0x00000001b71c6000 	/System/Library/PrivateFrameworks/IntentsFoundation.framework/Versions/A/IntentsFoundation
0x000000024abd8000 	/System/Library/Frameworks/_AppIntents_AppKit.framework/Versions/A/_AppIntents_AppKit
0x0000000100f20000 	/usr/lib/libobjc-trampolines.dylib
0x00000001d0d4a000 	/System/Library/CoreServices/RawCamera.bundle/Contents/MacOS/RawCamera
0x00000001acf18000 	/System/Library/Frameworks/MediaToolbox.framework/Versions/A/MediaToolbox
0x00000001b3909000 	/System/Library/PrivateFrameworks/CoreAVCHD.framework/Versions/A/CoreAVCHD
0x00000001b3905000 	/System/Library/PrivateFrameworks/Mangrove.framework/Versions/A/Mangrove
0x0000000252275000 	/System/Library/PrivateFrameworks/CMPhoto.framework/Versions/A/CMPhoto
0x00000001b40ef000 	/System/Library/Frameworks/CoreTelephony.framework/Versions/A/CoreTelephony
0x00000001b38f8000 	/System/Library/PrivateFrameworks/CoreAUC.framework/Versions/A/CoreAUC
0x000000024f5a6000 	/System/Library/PrivateFrameworks/AppleJPEGXL.framework/Versions/A/AppleJPEGXL
0x00000001ae964000 	/usr/lib/libTelephonyUtilDynamic.dylib
0x00000001cd776000 	/System/Library/Frameworks/Accelerate.framework/Versions/A/Frameworks/vImage.framework/Versions/A/Libraries/libCGInterfaces.dylib
0x0000000298103000 	/usr/lib/libAccessibilityBaseImplementations.dylib
0x00000002924cf000 	/System/Library/PrivateFrameworks/WritingToolsUI.framework/Versions/A/WritingToolsUI
0x0000000264e77000 	/System/Library/PrivateFrameworks/GenerativeAssistantSettings.framework/Versions/A/GenerativeAssistantSettings
0x0000000287f2a000 	/System/Library/PrivateFrameworks/TextComposer.framework/Versions/A/TextComposer
0x0000000264e4d000 	/System/Library/PrivateFrameworks/GenerativeAssistantCommon.framework/Versions/A/GenerativeAssistantCommon
0x00000001ce82c000 	/System/Library/Frameworks/SwiftUI.framework/Versions/A/SwiftUI
0x000000024ac17000 	/System/Library/Frameworks/_AuthenticationServices_SwiftUI.framework/Versions/A/_AuthenticationServices_SwiftUI
0x000000024db7e000 	/System/Library/PrivateFrameworks/Anvil.framework/Versions/A/Anvil
0x00000001cddd9000 	/System/Library/PrivateFrameworks/AppStoreDaemon.framework/Versions/A/AppStoreDaemon
0x00000001b9779000 	/System/Library/PrivateFrameworks/AppleMediaServices.framework/Versions/A/AppleMediaServices
0x0000000265320000 	/System/Library/PrivateFrameworks/GenerativePartnerServiceUI.framework/Versions/A/GenerativePartnerServiceUI
0x00000001fc7bb000 	/System/Library/PrivateFrameworks/JetEngine.framework/Versions/A/JetEngine
0x00000002652fd000 	/System/Library/PrivateFrameworks/GenerativePartnerService.framework/Versions/A/GenerativePartnerService
0x00000001c6c28000 	/System/Library/Frameworks/SafariServices.framework/Versions/A/SafariServices
0x00000001c3fa5000 	/System/Library/Frameworks/WebKit.framework/Versions/A/WebKit
0x00000001ca171000 	/System/Library/PrivateFrameworks/AppleMediaServicesUI.framework/Versions/A/AppleMediaServicesUI
0x00000001c7909000 	/System/Library/PrivateFrameworks/OnBoardingKit.framework/Versions/A/OnBoardingKit
0x000000027db24000 	/System/Library/PrivateFrameworks/Settings.framework/Versions/A/Settings
0x00000002408be000 	/System/Library/Frameworks/ExtensionKit.framework/Versions/A/ExtensionKit
0x0000000240902000 	/System/Library/Frameworks/FSKit.framework/Versions/A/FSKit
0x000000026d394000 	/System/Library/PrivateFrameworks/LiveFS.framework/Versions/A/LiveFS
0x0000000287e07000 	/System/Library/PrivateFrameworks/TextAnimationSupport.framework/Versions/A/TextAnimationSupport
0x000000027b00c000 	/System/Library/PrivateFrameworks/RecapPerformanceTesting.framework/Versions/A/RecapPerformanceTesting
0x00000001c78f9000 	/System/Library/PrivateFrameworks/SignpostCollection.framework/Versions/A/SignpostCollection
0x00000001b910a000 	/System/Library/Frameworks/WebKit.framework/Versions/A/Frameworks/WebKitLegacy.framework/Versions/A/WebKitLegacy
0x00000001b6ee6000 	/System/Library/PrivateFrameworks/CorePrediction.framework/Versions/A/CorePrediction
0x00000001a5acb000 	/System/Library/Frameworks/WebKit.framework/Versions/A/Frameworks/WebCore.framework/Versions/A/Frameworks/libwebrtc.dylib
0x00000001c3f2f000 	/System/Library/PrivateFrameworks/SafariSafeBrowsing.framework/Versions/A/SafariSafeBrowsing
0x00000001ae476000 	/System/Library/Frameworks/SecurityInterface.framework/Versions/A/SecurityInterface
0x00000001c7908000 	/System/Library/PrivateFrameworks/WebInspectorUI.framework/Versions/A/WebInspectorUI
0x00000001bbd28000 	/System/Library/Frameworks/JavaScriptCore.framework/Versions/A/JavaScriptCore
0x00000001bff60000 	/System/Library/Frameworks/WebKit.framework/Versions/A/Frameworks/WebCore.framework/Versions/A/WebCore
0x000000023fa90000 	/System/Library/Frameworks/BrowserEngineCore.framework/Versions/A/BrowserEngineCore
0x000000024a795000 	/System/Library/Frameworks/WebKit.framework/Versions/A/Frameworks/WebCore.framework/Versions/A/Frameworks/libANGLE-shared.dylib
0x0000000290d71000 	/System/Library/PrivateFrameworks/WebGPU.framework/Versions/A/WebGPU
0x00000001c97e4000 	/System/Library/Frameworks/SceneKit.framework/Versions/A/SceneKit
0x00000001dacf0000 	/System/Library/Frameworks/ModelIO.framework/Versions/A/ModelIO
0x00000001b01e0000 	/System/Library/Frameworks/MetalKit.framework/Versions/A/MetalKit
0x00000001b24b4000 	/System/Library/Frameworks/GLKit.framework/Versions/A/GLKit
0x0000000299f5e000 	/usr/lib/usd/libusd_ms.dylib
0x000000028c1d7000 	/System/Library/PrivateFrameworks/USDLib_FormatLoaderProxy.framework/Versions/A/USDLib_FormatLoaderProxy
0x0000000299c19000 	/usr/lib/swift/libswift_errno.dylib
0x00000001c6a73000 	/System/Library/PrivateFrameworks/CoreOptimization.framework/Versions/A/CoreOptimization
0x00000002509bf000 	/System/Library/PrivateFrameworks/AuthenticationServicesCore.framework/Versions/A/AuthenticationServicesCore
0x00000001d11d0000 	/System/Library/Frameworks/AuthenticationServices.framework/Versions/A/AuthenticationServices
0x00000001ab9cd000 	/System/Library/PrivateFrameworks/SharedWebCredentials.framework/Versions/A/SharedWebCredentials
0x00000001c8797000 	/System/Library/PrivateFrameworks/SafariCore.framework/Versions/A/SafariCore
0x00000001d0cf4000 	/System/Library/PrivateFrameworks/SafariFoundation.framework/Versions/A/SafariFoundation
0x00000001b3237000 	/System/Library/Frameworks/Contacts.framework/Versions/A/Contacts
0x0000000251c10000 	/System/Library/PrivateFrameworks/CBORLibrary.framework/Versions/A/CBORLibrary
0x0000000252c38000 	/System/Library/PrivateFrameworks/Chirp.framework/Versions/A/Chirp
0x0000000253835000 	/System/Library/PrivateFrameworks/CloudSubscriptionFeatures.framework/Versions/A/CloudSubscriptionFeatures
0x00000001b2f78000 	/System/Library/PrivateFrameworks/ContactsFoundation.framework/Versions/A/ContactsFoundation
0x00000001fdbc5000 	/System/Library/PrivateFrameworks/RemoteManagement.framework/Versions/A/RemoteManagement
0x000000027b39a000 	/System/Library/PrivateFrameworks/RemoteManagementModel.framework/Versions/A/RemoteManagementModel
0x000000027b42b000 	/System/Library/PrivateFrameworks/RemoteManagementStore.framework/Versions/A/RemoteManagementStore
0x00000001b01fe000 	/usr/lib/libxcselect.dylib
0x00000001d0c62000 	/System/Library/PrivateFrameworks/DifferentialPrivacy.framework/Versions/A/DifferentialPrivacy
0x000000026fe6f000 	/System/Library/PrivateFrameworks/ManagedSettingsObjC.framework/Versions/A/ManagedSettingsObjC
0x000000026d5e8000 	/System/Library/PrivateFrameworks/LockdownMode.framework/Versions/A/LockdownMode
0x000000028ce1f000 	/System/Library/PrivateFrameworks/VDAF.framework/Versions/A/VDAF
0x00000001b3050000 	/System/Library/PrivateFrameworks/ContactsPersistence.framework/Versions/A/ContactsPersistence
0x00000001b21ae000 	/System/Library/PrivateFrameworks/AppleLDAP.framework/Versions/A/AppleLDAP
0x00000001b6b57000 	/System/Library/Frameworks/ClassKit.framework/Versions/A/ClassKit
0x00000001b8e08000 	/System/Library/PrivateFrameworks/CoreSuggestions.framework/Versions/A/CoreSuggestions
0x00000001b46cf000 	/System/Library/PrivateFrameworks/vCard.framework/Versions/A/vCard
0x00000002544bf000 	/System/Library/PrivateFrameworks/ContactsMetrics.framework/Versions/A/ContactsMetrics
0x00000001abe4a000 	/System/Library/PrivateFrameworks/login.framework/Versions/A/login
0x000000026fe69000 	/System/Library/PrivateFrameworks/ManagedOrganizationContacts.framework/Versions/A/ManagedOrganizationContacts
0x00000001a51c0000 	/System/Library/PrivateFrameworks/CloudDocs.framework/Versions/A/CloudDocs
0x00000001bf7db000 	/System/Library/PrivateFrameworks/ProactiveEventTracker.framework/Versions/A/ProactiveEventTracker
0x00000001ae4b0000 	/System/Library/PrivateFrameworks/CoreFollowUp.framework/Versions/A/CoreFollowUp
0x00000001b8326000 	/System/Library/PrivateFrameworks/ConfigurationProfiles.framework/Versions/A/ConfigurationProfiles
0x0000000259b2e000 	/System/Library/PrivateFrameworks/DMCUtilities.framework/Versions/A/DMCUtilities
0x000000026d669000 	/System/Library/PrivateFrameworks/MDMClientLibrary.framework/Versions/A/MDMClientLibrary
0x000000027b41f000 	/System/Library/PrivateFrameworks/RemoteManagementProtocol.framework/Versions/A/RemoteManagementProtocol
0x00000001b2893000 	/System/Library/PrivateFrameworks/SystemAdministration.framework/Versions/A/SystemAdministration
0x00000001bd75b000 	/System/Library/PrivateFrameworks/PowerlogControl.framework/Versions/A/PowerlogControl
0x00000001bd75d000 	/usr/lib/libUniversalAccess.dylib
0x00000001ba200000 	/System/Library/PrivateFrameworks/FamilyControls.framework/Versions/A/FamilyControls
0x00000001b2183000 	/System/Library/Frameworks/DirectoryService.framework/Versions/A/DirectoryService
0x00000001b6833000 	/System/Library/PrivateFrameworks/LoginUIKit.framework/Versions/A/Frameworks/LoginUICore.framework/Versions/A/LoginUICore
0x00000001ac098000 	/usr/lib/libodfde.dylib
0x00000001ba1fa000 	/System/Library/PrivateFrameworks/UniversalAccess.framework/Versions/A/Libraries/libUAPreferences.dylib
0x00000001ba224000 	/System/Library/PrivateFrameworks/CommerceKit.framework/Versions/A/Frameworks/CommerceCore.framework/Versions/A/CommerceCore
0x0000000259a9a000 	/System/Library/PrivateFrameworks/DEPClientLibrary.framework/Versions/A/DEPClientLibrary
0x0000000259ac3000 	/System/Library/PrivateFrameworks/DMCEnrollmentLibrary.framework/Versions/A/DMCEnrollmentLibrary
0x00000001bd844000 	/System/Library/PrivateFrameworks/SetupAssistantFramework.framework/Versions/A/SetupAssistantFramework
0x00000001b6f3e000 	/System/Library/PrivateFrameworks/AuthKitUI.framework/Versions/A/AuthKitUI
0x00000001b687d000 	/System/Library/PrivateFrameworks/AppSSO.framework/Versions/A/AppSSO
0x00000001cdb35000 	/System/Library/PrivateFrameworks/LocalAuthenticationUI.framework/Versions/A/LocalAuthenticationUI
0x000000027904c000 	/System/Library/PrivateFrameworks/PlatformSSO.framework/Versions/A/PlatformSSO
0x000000027913a000 	/System/Library/PrivateFrameworks/PlatformSSOCore.framework/Versions/A/PlatformSSOCore
0x0000000241b76000 	/System/Library/Frameworks/LocalAuthenticationEmbeddedUI.framework/Versions/A/LocalAuthenticationEmbeddedUI
0x00000001ce5f1000 	/System/Library/PrivateFrameworks/AOSUI.framework/Versions/A/AOSUI
0x00000001bf5a3000 	/System/Library/Frameworks/ContactsUI.framework/Versions/A/ContactsUI
0x00000001b34c8000 	/System/Library/PrivateFrameworks/FamilyCircle.framework/Versions/A/FamilyCircle
0x00000001dc4ba000 	/System/Library/Frameworks/LinkPresentation.framework/Versions/A/LinkPresentation
0x00000001bf154000 	/System/Library/PrivateFrameworks/IASUtilities.framework/Versions/A/IASUtilities
0x0000000268355000 	/System/Library/PrivateFrameworks/IASUtilitiesCore.framework/Versions/A/IASUtilitiesCore
0x000000027b495000 	/System/Library/PrivateFrameworks/RemoteUI.framework/Versions/A/RemoteUI
0x000000026c9f7000 	/System/Library/PrivateFrameworks/LiftUI.framework/Versions/A/LiftUI
0x0000000292add000 	/System/Library/PrivateFrameworks/_IconServices_SwiftUI.framework/Versions/A/_IconServices_SwiftUI
0x0000000253774000 	/System/Library/PrivateFrameworks/CloudSettings.framework/Versions/A/CloudSettings
0x00000001b8ed9000 	/System/Library/Frameworks/EventKit.framework/Versions/A/EventKit
0x00000001c7b1d000 	/System/Library/PrivateFrameworks/SearchFoundation.framework/Versions/A/SearchFoundation
0x00000001de585000 	/System/Library/PrivateFrameworks/Email.framework/Versions/A/Email
0x00000001c6675000 	/System/Library/PrivateFrameworks/CoreRoutine.framework/Versions/A/CoreRoutine
0x00000001fd532000 	/System/Library/PrivateFrameworks/VoiceShortcutClient.framework/Versions/A/VoiceShortcutClient
0x00000001d6255000 	/System/Library/PrivateFrameworks/Categories.framework/Versions/A/Categories
0x00000001ce4a0000 	/System/Library/PrivateFrameworks/ChronoServices.framework/Versions/A/ChronoServices
0x00000002526b9000 	/System/Library/PrivateFrameworks/CalendarDatabase.framework/Versions/A/CalendarDatabase
0x0000000252602000 	/System/Library/PrivateFrameworks/CalendarDaemon.framework/Versions/A/CalendarDaemon
0x00000001b8249000 	/System/Library/PrivateFrameworks/CalendarFoundation.framework/Versions/A/CalendarFoundation
0x00000001b8205000 	/System/Library/PrivateFrameworks/iCalendar.framework/Versions/A/iCalendar
0x0000000259d2d000 	/System/Library/PrivateFrameworks/DataAccessExpress.framework/Versions/A/DataAccessExpress
0x00000001bf705000 	/System/Library/PrivateFrameworks/ContactsAutocomplete.framework/Versions/A/ContactsAutocomplete
0x00000001ce3ed000 	/System/Library/PrivateFrameworks/FTClientServices.framework/Versions/A/FTClientServices
0x0000000275493000 	/System/Library/PrivateFrameworks/OSEligibility.framework/Versions/A/OSEligibility
0x000000028675f000 	/System/Library/PrivateFrameworks/StorageContainersPrivate.framework/Versions/A/StorageContainersPrivate
0x0000000299874000 	/usr/lib/swift/libswiftCoreMediaIO.dylib
0x00000001befde000 	/System/Library/PrivateFrameworks/CoreDAV.framework/Versions/A/CoreDAV
0x00000001b8da9000 	/System/Library/PrivateFrameworks/CalDAV.framework/Versions/A/CalDAV
0x00000001c3c2b000 	/System/Library/PrivateFrameworks/TelephonyUtilities.framework/Versions/A/TelephonyUtilities
0x0000000241b33000 	/System/Library/Frameworks/LiveCommunicationKit.framework/Versions/A/LiveCommunicationKit
0x0000000254071000 	/System/Library/PrivateFrameworks/CommunicationTrust.framework/Versions/A/CommunicationTrust
0x00000001c85a9000 	/System/Library/Frameworks/CallKit.framework/Versions/A/CallKit
0x00000001b34c0000 	/System/Library/PrivateFrameworks/CommunicationsFilter.framework/Versions/A/CommunicationsFilter
0x00000001f27dd000 	/System/Library/PrivateFrameworks/IMTransferServices.framework/Versions/A/IMTransferServices
0x00000001c6a8c000 	/System/Library/PrivateFrameworks/IncomingCallFilter.framework/Versions/A/IncomingCallFilter
0x0000000273be2000 	/System/Library/PrivateFrameworks/NeighborhoodActivityConduit.framework/Versions/A/NeighborhoodActivityConduit
0x00000001caaf6000 	/System/Library/PrivateFrameworks/CallHistory.framework/Versions/A/CallHistory
0x0000000298330000 	/usr/lib/libBASupport.dylib
0x0000000252ad2000 	/System/Library/PrivateFrameworks/CallsUtilities.framework/Versions/A/CallsUtilities
0x0000000252add000 	/System/Library/PrivateFrameworks/CallsXPC.framework/Versions/A/CallsXPC
0x00000001fdd26000 	/usr/lib/swift/libswiftCallKit.dylib
0x0000000252ac5000 	/System/Library/PrivateFrameworks/CallsPersistence.framework/Versions/A/CallsPersistence
0x00000002487de000 	/System/Library/Frameworks/SensitiveContentAnalysis.framework/Versions/A/SensitiveContentAnalysis
0x00000001cbb33000 	/System/Library/PrivateFrameworks/PeopleSuggester.framework/Versions/A/PeopleSuggester
0x00000001d5012000 	/System/Library/PrivateFrameworks/SpotlightReceiver.framework/Versions/A/SpotlightReceiver
0x0000000292aa3000 	/System/Library/PrivateFrameworks/_AppIntentsServices_AppIntents.framework/Versions/A/_AppIntentsServices_AppIntents
0x000000024deb2000 	/System/Library/PrivateFrameworks/AppIntentsServices.framework/Versions/A/AppIntentsServices
0x00000001b81ed000 	/System/Library/PrivateFrameworks/CoreRecents.framework/Versions/A/CoreRecents
0x0000000241008000 	/System/Library/Frameworks/GeoToolbox.framework/Versions/A/GeoToolbox
0x000000024ac9a000 	/System/Library/Frameworks/_GeoToolbox_AppIntents.framework/Versions/A/_GeoToolbox_AppIntents
0x00000001e8213000 	/System/Library/PrivateFrameworks/DiagnosticRequest.framework/Versions/A/DiagnosticRequest
0x00000002929e7000 	/System/Library/PrivateFrameworks/XPCDistributed.framework/Versions/A/XPCDistributed
0x000000027b0a2000 	/System/Library/PrivateFrameworks/RegulatoryDomain.framework/Versions/A/RegulatoryDomain
0x00000001b258c000 	/usr/lib/libCTGreenTeaLogger.dylib
0x000000026d5ba000 	/System/Library/PrivateFrameworks/LocalStatusKit.framework/Versions/A/LocalStatusKit
0x00000001c3b17000 	/System/Library/PrivateFrameworks/CoreParsec.framework/Versions/A/CoreParsec
0x00000001de579000 	/System/Library/PrivateFrameworks/EmailAddressing.framework/Versions/A/EmailAddressing
0x00000001da55f000 	/System/Library/PrivateFrameworks/EmailCore.framework/Versions/A/EmailCore
0x00000001db58d000 	/System/Library/PrivateFrameworks/EmailFoundation.framework/Versions/A/EmailFoundation
0x0000000276bd4000 	/System/Library/PrivateFrameworks/PegasusAPI.framework/Versions/A/PegasusAPI
0x0000000277725000 	/System/Library/PrivateFrameworks/PegasusConfiguration.framework/Versions/A/PegasusConfiguration
0x000000028aa40000 	/System/Library/PrivateFrameworks/ToolKit.framework/Versions/A/ToolKit
0x000000027b82a000 	/System/Library/PrivateFrameworks/ReplicatorEngine.framework/Versions/A/ReplicatorEngine
0x000000027b9cc000 	/System/Library/PrivateFrameworks/ReplicatorServices.framework/Versions/A/ReplicatorServices
0x00000002876fb000 	/System/Library/PrivateFrameworks/SystemWake.framework/Versions/A/SystemWake
0x00000001c877d000 	/System/Library/PrivateFrameworks/ContextKit.framework/Versions/A/ContextKit
0x000000025460c000 	/System/Library/PrivateFrameworks/ContextKitCore.framework/Versions/A/ContextKitCore
0x00000001c6d12000 	/System/Library/Frameworks/LocalAuthentication.framework/Support/DaemonUtils.framework/Versions/A/DaemonUtils
0x000000026d54f000 	/System/Library/PrivateFrameworks/LocalAuthenticationCoreUI.framework/Versions/A/LocalAuthenticationCoreUI
0x00000001ca138000 	/System/Library/PrivateFrameworks/BridgeXPC.framework/Versions/A/BridgeXPC
0x00000001c79e5000 	/System/Library/PrivateFrameworks/CoreKDL.framework/Versions/A/CoreKDL
0x00000001c6012000 	/System/Library/PrivateFrameworks/EmbeddedOSSupportHost.framework/Versions/A/EmbeddedOSSupportHost
0x00000001bacff000 	/System/Library/PrivateFrameworks/LoginUIKit.framework/Versions/A/LoginUIKit
0x00000001d6752000 	/System/Library/PrivateFrameworks/StorageKit.framework/Versions/A/StorageKit
0x00000001ff53b000 	/System/Library/Frameworks/DeviceCheck.framework/Versions/A/DeviceCheck
0x00000001d67cc000 	/System/Library/PrivateFrameworks/CoreWLANKit.framework/Versions/A/CoreWLANKit
0x00000002900f9000 	/System/Library/PrivateFrameworks/Wallpaper.framework/Versions/A/Wallpaper
0x000000029988f000 	/usr/lib/swift/libswiftGLKit.dylib
0x000000029989a000 	/usr/lib/swift/libswiftMetalKit.dylib
0x000000029989e000 	/usr/lib/swift/libswiftModelIO.dylib
0x0000000299961000 	/usr/lib/swift/libswiftSceneKit.dylib
0x000000025a698000 	/System/Library/PrivateFrameworks/DiskImages2.framework/Versions/A/DiskImages2
0x00000001df4bb000 	/System/Library/PrivateFrameworks/DynamicDesktop.framework/Versions/A/DynamicDesktop
0x0000000290288000 	/System/Library/PrivateFrameworks/WallpaperFoundation.framework/Versions/A/WallpaperFoundation
0x00000002902e6000 	/System/Library/PrivateFrameworks/WallpaperTypes.framework/Versions/A/WallpaperTypes
0x00000001f453a000 	/System/Library/PrivateFrameworks/SystemDesktopAppearance.framework/Versions/A/SystemDesktopAppearance
0x0000000295b97000 	/System/Library/PrivateFrameworks/icloudMCCKit.framework/Versions/A/icloudMCCKit
0x000000024ee0c000 	/System/Library/PrivateFrameworks/AppleAccountUI.framework/Versions/A/AppleAccountUI
0x00000001e87ea000 	/System/Library/PrivateFrameworks/PreferencePanesSupport.framework/Versions/A/PreferencePanesSupport
0x00000001ce7a3000 	/System/Library/PrivateFrameworks/FindMyDeviceUI.framework/Versions/A/FindMyDeviceUI
0x00000002937dd000 	/System/Library/PrivateFrameworks/iCloudQuotaUI.framework/Versions/A/iCloudQuotaUI
0x00000001e899e000 	/System/Library/PrivateFrameworks/CoreCDPUI.framework/Versions/A/CoreCDPUI
0x00000001c84d8000 	/System/Library/PrivateFrameworks/CoreFollowUpUI.framework/Versions/A/CoreFollowUpUI
0x00000001d5290000 	/System/Library/PrivateFrameworks/IMCore.framework/Versions/A/IMCore
0x00000001bd7c4000 	/System/Library/PrivateFrameworks/CoreCDP.framework/Versions/A/CoreCDP
0x00000001b9764000 	/System/Library/PrivateFrameworks/AskPermission.framework/Versions/A/AskPermission
0x00000001cc218000 	/System/Library/Frameworks/Quartz.framework/Versions/A/Quartz
0x00000001d8d31000 	/System/Library/PrivateFrameworks/CloudPhotoServicesConfiguration.framework/Versions/A/CloudPhotoServicesConfiguration
0x00000001ca91b000 	/System/Library/PrivateFrameworks/CommerceKit.framework/Versions/A/CommerceKit
0x00000001da62f000 	/System/Library/PrivateFrameworks/FindMyMac.framework/Versions/A/FindMyMac
0x00000001da502000 	/System/Library/Frameworks/PreferencePanes.framework/Versions/A/PreferencePanes
0x00000001cdc20000 	/System/Library/Frameworks/AddressBook.framework/Versions/A/AddressBook
0x00000001b8647000 	/System/Library/PrivateFrameworks/AOSAccounts.framework/Versions/A/AOSAccounts
0x00000001b288d000 	/System/Library/PrivateFrameworks/AppleSRP.framework/Versions/A/AppleSRP
0x00000001b7117000 	/System/Library/PrivateFrameworks/NetFSServer.framework/Versions/A/NetFSServer
0x00000001c96be000 	/System/Library/Frameworks/PDFKit.framework/Versions/A/PDFKit
0x0000000249d8d000 	/System/Library/Frameworks/TabularData.framework/Versions/A/TabularData
0x00000002998b5000 	/usr/lib/swift/libswiftPassKit.dylib
0x00000001ec996000 	/System/Library/Frameworks/PassKit.framework/Versions/A/PassKit
0x00000001bae0a000 	/System/Library/PrivateFrameworks/PassKitCore.framework/Versions/A/PassKitCore
0x00000002764f6000 	/System/Library/PrivateFrameworks/PassKitMacHelperTemp.framework/Versions/A/PassKitMacHelperTemp
0x0000000298280000 	/usr/lib/libAppleSSE.dylib
0x00000001c6d5e000 	/System/Library/PrivateFrameworks/BiometricKit.framework/Versions/A/BiometricKit
0x000000027bfd0000 	/System/Library/PrivateFrameworks/SEService.framework/Versions/A/SEService
0x00000002409c7000 	/System/Library/Frameworks/FinanceKit.framework/Versions/A/FinanceKit
0x00000001cc2c7000 	/System/Library/PrivateFrameworks/NearField.framework/Versions/A/NearField
0x0000000298680000 	/usr/lib/libSESShared.dylib
0x000000027c238000 	/System/Library/PrivateFrameworks/STSXPCHelperClient.framework/Versions/A/STSXPCHelperClient
0x00000001ce02c000 	/usr/lib/libnfshared.dylib
0x0000000287483000 	/System/Library/PrivateFrameworks/Symptoms.framework/Versions/A/Frameworks/SymptomPresentationFeed.framework/Versions/A/SymptomPresentationFeed
0x000000024f822000 	/System/Library/PrivateFrameworks/AppleMediaServicesKitInternal.framework/Versions/A/AppleMediaServicesKitInternal
0x00000002504c5000 	/System/Library/PrivateFrameworks/AsyncAlgorithmsInternal.framework/Versions/A/AsyncAlgorithmsInternal
0x00000002871c5000 	/System/Library/PrivateFrameworks/SymptomShared.framework/Versions/A/SymptomShared
0x00000001ef6df000 	/System/Library/PrivateFrameworks/PassKitUIFoundation.framework/Versions/A/PassKitUIFoundation
0x00000001b21c0000 	/System/Library/Frameworks/MapKit.framework/Versions/A/MapKit
0x00000002653cb000 	/System/Library/PrivateFrameworks/GeoAnalytics.framework/Versions/A/GeoAnalytics
0x00000001ce05a000 	/System/Library/PrivateFrameworks/Navigation.framework/Versions/A/Navigation
0x00000001d7d79000 	/System/Library/PrivateFrameworks/VectorKit.framework/Versions/A/VectorKit
0x00000001bf21f000 	/System/Library/PrivateFrameworks/VirtualGarage.framework/Versions/A/VirtualGarage
0x00000001ce239000 	/System/Library/Frameworks/ExternalAccessory.framework/ExternalAccessory
0x00000001ce254000 	/System/Library/PrivateFrameworks/IAP.framework/Versions/A/IAP
0x00000001b247c000 	/System/Library/PrivateFrameworks/IOPlatformPluginFamily.framework/Versions/A/IOPlatformPluginFamily
0x0000000250b0a000 	/System/Library/PrivateFrameworks/AvatarKit.framework/Versions/A/AvatarKit
0x0000000250bc9000 	/System/Library/PrivateFrameworks/AvatarPersistence.framework/Versions/A/AvatarPersistence
0x000000024a114000 	/System/Library/Frameworks/TipKit.framework/Versions/A/TipKit
0x00000001ba8f1000 	/System/Library/PrivateFrameworks/IMSharedUtilities.framework/Versions/A/IMSharedUtilities
0x0000000299854000 	/usr/lib/swift/libswiftAppleArchive.dylib
0x000000028cf1f000 	/System/Library/PrivateFrameworks/VFX.framework/Versions/A/VFX
0x00000001ea54c000 	/System/Library/PrivateFrameworks/AppleCVA.framework/Versions/A/AppleCVA
0x0000000250bc8000 	/System/Library/PrivateFrameworks/AvatarKitContent.framework/Versions/A/AvatarKitContent
0x00000002428df000 	/System/Library/Frameworks/MetalFX.framework/Versions/A/MetalFX
0x0000000254187000 	/System/Library/PrivateFrameworks/CompositorNonUI.framework/Versions/A/CompositorNonUI
0x000000023ed4b000 	/System/Library/Frameworks/ARKit.framework/Versions/A/ARKit
0x000000024c806000 	/System/Library/PrivateFrameworks/ARKitCore.framework/Versions/A/ARKitCore
0x000000029837a000 	/usr/lib/libDisplayWarpSupport.dylib
0x00000002558e2000 	/System/Library/PrivateFrameworks/CoreComposite.framework/Versions/A/CoreComposite
0x00000002987b4000 	/usr/lib/libchannel.dylib
0x00000002994b1000 	/usr/lib/librealtime_safety.dylib
0x000000024c893000 	/System/Library/PrivateFrameworks/ARKitFoundation.framework/Versions/A/ARKitFoundation
0x000000024eeaa000 	/System/Library/PrivateFrameworks/AppleDepth.framework/Versions/A/AppleDepth
0x000000024f020000 	/System/Library/PrivateFrameworks/AppleDepthCore.framework/Versions/A/AppleDepthCore
0x00000001b25b5000 	/System/Library/PrivateFrameworks/CoreAppleCVA.framework/Versions/A/CoreAppleCVA
0x00000001bf34d000 	/System/Library/PrivateFrameworks/ContactsUICore.framework/Versions/A/ContactsUICore
0x00000001c6b94000 	/System/Library/PrivateFrameworks/ContactsDonation.framework/Versions/A/ContactsDonation
0x00000001c644b000 	/System/Library/PrivateFrameworks/DataDetectors.framework/Versions/A/DataDetectors
0x00000001b8d95000 	/System/Library/Frameworks/MediaLibrary.framework/Versions/A/MediaLibrary
0x00000001b34af000 	/System/Library/PrivateFrameworks/PersonaKit.framework/Versions/A/PersonaKit
0x00000001bf33b000 	/System/Library/PrivateFrameworks/PersonaUI.framework/Versions/A/PersonaUI
0x00000001d9f24000 	/System/Library/PrivateFrameworks/Transparency.framework/Versions/A/Transparency
0x000000025c0fb000 	/System/Library/PrivateFrameworks/FindMyLocate.framework/Versions/A/FindMyLocate
0x00000001c8457000 	/System/Library/PrivateFrameworks/IntlPreferences.framework/Versions/A/IntlPreferences
0x000000025bfd4000 	/System/Library/PrivateFrameworks/FindMyCommon.framework/Versions/A/FindMyCommon
0x000000025bdc3000 	/System/Library/PrivateFrameworks/FindMyBase.framework/Versions/A/FindMyBase
0x000000024745e000 	/System/Library/Frameworks/NearbyInteraction.framework/Versions/A/NearbyInteraction
0x00000001b30ce000 	/System/Library/PrivateFrameworks/AddressBookCore.framework/Versions/A/AddressBookCore
0x00000001cddb7000 	/System/Library/PrivateFrameworks/ToneKit.framework/Versions/A/ToneKit
0x00000001c849e000 	/System/Library/PrivateFrameworks/ToneLibrary.framework/Versions/A/ToneLibrary
0x000000025448c000 	/System/Library/PrivateFrameworks/ContactsAccounts.framework/Versions/A/ContactsAccounts
0x00000001cc133000 	/System/Library/PrivateFrameworks/Lookup.framework/Versions/A/Lookup
0x0000000247d43000 	/System/Library/Frameworks/QuickLookUI.framework/Versions/A/QuickLookUI
0x0000000248758000 	/System/Library/Frameworks/ScreenCaptureKit.framework/Versions/A/ScreenCaptureKit
0x00000001c91d2000 	/System/Library/Frameworks/Quartz.framework/Versions/A/Frameworks/QuartzComposer.framework/Versions/A/QuartzComposer
0x00000001c842e000 	/System/Library/Frameworks/Quartz.framework/Versions/A/Frameworks/QuartzFilters.framework/Versions/A/QuartzFilters
0x00000001c74da000 	/System/Library/Frameworks/Quartz.framework/Versions/A/Frameworks/ImageKit.framework/Versions/A/ImageKit
0x000000023eb58000 	/System/Library/Frameworks/OpenCL.framework/Versions/A/OpenCL
0x00000001c59e9000 	/System/Library/PrivateFrameworks/CorePDF.framework/Versions/A/CorePDF
0x00000001b0177000 	/System/Library/Frameworks/QuickLook.framework/Versions/A/QuickLook
0x00000001bacfa000 	/System/Library/PrivateFrameworks/DisplayServices.framework/Versions/A/DisplayServices
0x00000001c83b3000 	/System/Library/Frameworks/ImageCaptureCore.framework/Versions/A/ImageCaptureCore
0x000000028ef2e000 	/System/Library/PrivateFrameworks/VisionKitCore.framework/Versions/A/VisionKitCore
0x00000001c3ae7000 	/System/Library/PrivateFrameworks/QuickLookSupport.framework/Versions/A/QuickLookSupport
0x0000000270753000 	/System/Library/PrivateFrameworks/MediaAnalysisServices.framework/Versions/A/MediaAnalysisServices
0x00000001cb11e000 	/System/Library/PrivateFrameworks/PhotoLibraryServices.framework/Versions/A/PhotoLibraryServices
0x00000001c7fcb000 	/System/Library/Frameworks/Photos.framework/Versions/A/Photos
0x00000001dc8b1000 	/System/Library/PrivateFrameworks/PhotosFormats.framework/Versions/A/PhotosFormats
0x00000001d8d5c000 	/System/Library/PrivateFrameworks/CloudPhotoLibrary.framework/Versions/A/CloudPhotoLibrary
0x00000001e2156000 	/System/Library/PrivateFrameworks/CloudPhotoServices.framework/Versions/A/CloudPhotoServices
0x00000001de6ea000 	/System/Library/PrivateFrameworks/CoreMediaStream.framework/Versions/A/CoreMediaStream
0x00000001b3b68000 	/System/Library/PrivateFrameworks/CPAnalytics.framework/Versions/A/CPAnalytics
0x00000001dac28000 	/System/Library/PrivateFrameworks/MediaConversionService.framework/Versions/A/MediaConversionService
0x00000001ba8dd000 	/System/Library/PrivateFrameworks/PhotoFoundation.framework/Versions/A/PhotoFoundation
0x0000000277d0d000 	/System/Library/PrivateFrameworks/PhotoLibraryServicesCore.framework/Versions/A/PhotoLibraryServicesCore
0x00000001d499e000 	/System/Library/PrivateFrameworks/MMCS.framework/Versions/A/MMCS
0x00000001b8bee000 	/System/Library/PrivateFrameworks/ChunkingLibrary.framework/Versions/A/ChunkingLibrary
0x00000001b285a000 	/System/Library/PrivateFrameworks/AssetCacheServices.framework/Versions/A/AssetCacheServices
0x00000001b4820000 	/System/Library/PrivateFrameworks/AVFoundationCF.framework/Versions/A/AVFoundationCF
0x00000001f26d8000 	/usr/lib/swift/libswiftDemangle.dylib
0x0000000268546000 	/System/Library/PrivateFrameworks/ImageCaptureDevices.framework/Versions/A/ImageCaptureDevices
0x00000001c6708000 	/System/Library/PrivateFrameworks/MediaStream.framework/Versions/A/MediaStream
0x00000001db0ca000 	/System/Library/PrivateFrameworks/NeutrinoCore.framework/Versions/A/NeutrinoCore
0x00000001a202c000 	/System/Library/PrivateFrameworks/NLP.framework/Versions/A/NLP
0x00000001e0ee9000 	/System/Library/PrivateFrameworks/PhotoImaging.framework/Versions/A/PhotoImaging
0x00000001e2117000 	/System/Library/PrivateFrameworks/PhotosImagingFoundation.framework/Versions/A/PhotosImagingFoundation
0x00000002788ba000 	/System/Library/PrivateFrameworks/PhotosIntelligenceCore.framework/Versions/A/PhotosIntelligenceCore
0x00000001b4c5c000 	/System/Library/PrivateFrameworks/EmbeddedAcousticRecognition.framework/Versions/A/EmbeddedAcousticRecognition
0x00000001cffbb000 	/System/Library/PrivateFrameworks/EmojiFoundation.framework/Versions/A/EmojiFoundation
0x00000001d8fd5000 	/System/Library/PrivateFrameworks/SDAPI.framework/Versions/A/SDAPI
0x00000001e2165000 	/System/Library/PrivateFrameworks/AutoLoop.framework/Versions/A/AutoLoop
0x000000027949b000 	/System/Library/PrivateFrameworks/Portrait.framework/Versions/A/Portrait
0x000000025c78b000 	/System/Library/PrivateFrameworks/FusionTracker.framework/Versions/A/FusionTracker
0x00000001c8c6c000 	/System/Library/PrivateFrameworks/iTunesCloud.framework/Versions/A/iTunesCloud
0x00000001d1ec3000 	/System/Library/PrivateFrameworks/DAAPKit.framework/Versions/A/DAAPKit
0x00000001c3e64000 	/System/Library/PrivateFrameworks/DeviceManagement.framework/Versions/A/DeviceManagement
0x00000001e8164000 	/System/Library/PrivateFrameworks/ScreenTimeUI.framework/Versions/A/ScreenTimeUI
0x00000001c6445000 	/System/Library/PrivateFrameworks/QuickLookNonBaseSystem.framework/Versions/A/QuickLookNonBaseSystem
0x00000001c6c6a000 	/System/Library/PrivateFrameworks/Catalyst.framework/Versions/A/Catalyst
0x00000001c8650000 	/System/Library/PrivateFrameworks/ScreenTimeCore.framework/Versions/A/ScreenTimeCore
0x00000001dbd5b000 	/System/Library/PrivateFrameworks/ScreenTimeServiceUI.framework/Versions/A/ScreenTimeServiceUI
0x00000001d4b2e000 	/System/Library/PrivateFrameworks/ConfigurationEngineModel.framework/Versions/A/ConfigurationEngineModel
0x00000001d7d32000 	/System/Library/PrivateFrameworks/UsageTracking.framework/Versions/A/UsageTracking
0x0000000240659000 	/System/Library/Frameworks/DeviceActivity.framework/Versions/A/DeviceActivity
0x00000001d7d02000 	/System/Library/PrivateFrameworks/KnowledgeMonitor.framework/Versions/A/KnowledgeMonitor
0x00000001ef685000 	/System/Library/PrivateFrameworks/BluetoothManager.framework/Versions/A/BluetoothManager
0x0000000241c64000 	/System/Library/Frameworks/ManagedSettings.framework/Versions/A/ManagedSettings
0x000000026feb0000 	/System/Library/PrivateFrameworks/ManagedSettingsSupport.framework/Versions/A/ManagedSettingsSupport
0x00000001eca66000 	/System/Library/Frameworks/ReplayKit.framework/Versions/A/ReplayKit
0x00000001bbcba000 	/System/Library/PrivateFrameworks/MarkupUI.framework/Versions/A/MarkupUI
0x00000001c641d000 	/System/Library/PrivateFrameworks/SidecarCore.framework/Versions/A/SidecarCore
0x00000001c9087000 	/System/Library/PrivateFrameworks/AnnotationKit.framework/Versions/A/AnnotationKit
0x00000001c771f000 	/System/Library/Frameworks/PencilKit.framework/Versions/A/PencilKit
0x00000001c78e4000 	/System/Library/PrivateFrameworks/SidecarUI.framework/Versions/A/SidecarUI
0x00000001c707a000 	/System/Library/PrivateFrameworks/CoreHandwriting.framework/Versions/A/CoreHandwriting
0x000000019bbd2000 	/usr/lib/libmecabra.dylib
0x00000001bf913000 	/System/Library/PrivateFrameworks/Calculate.framework/Versions/A/Calculate
0x00000001ab77d000 	/usr/lib/libChineseTokenizer.dylib
0x00000001fdaea000 	/System/Library/PrivateFrameworks/ScreenReaderCore.framework/Versions/A/ScreenReaderCore
0x00000002866f1000 	/System/Library/PrivateFrameworks/StocksKit.framework/Versions/A/StocksKit
0x00000001be908000 	/System/Library/PrivateFrameworks/OAuth.framework/Versions/A/OAuth
0x00000002863e2000 	/System/Library/PrivateFrameworks/StocksCore.framework/Versions/A/StocksCore
0x00000002879f3000 	/System/Library/PrivateFrameworks/TeaFoundation.framework/Versions/A/TeaFoundation
0x0000000287bd5000 	/System/Library/PrivateFrameworks/TeaSettings.framework/Versions/A/TeaSettings
0x00000001f3da0000 	/System/Library/PrivateFrameworks/NewsCore.framework/Versions/A/NewsCore
0x000000028798f000 	/System/Library/PrivateFrameworks/TeaDB.framework/Versions/A/TeaDB
0x00000001f079c000 	/System/Library/PrivateFrameworks/RemoteConfiguration.framework/Versions/A/RemoteConfiguration
0x00000001f39ab000 	/System/Library/PrivateFrameworks/NewsTransport.framework/Versions/A/NewsTransport
0x00000001f3d90000 	/System/Library/PrivateFrameworks/NewsFoundation.framework/Versions/A/NewsFoundation
0x00000002741e8000 	/System/Library/PrivateFrameworks/NewsURLBucket.framework/Versions/A/NewsURLBucket
0x00000001cad15000 	/System/Library/PrivateFrameworks/MobileInstallation.framework/Versions/A/MobileInstallation
0x000000024a281000 	/System/Library/Frameworks/Translation.framework/Versions/A/Translation
0x00000001e3b69000 	/System/Library/PrivateFrameworks/RevealCore.framework/Versions/A/RevealCore
0x00000001e3b5d000 	/System/Library/PrivateFrameworks/Reveal.framework/Versions/A/Reveal
0x00000001dba25000 	/System/Library/Frameworks/Speech.framework/Versions/A/Speech
0x000000024b6e6000 	/System/Library/PrivateFrameworks/AIMLExperimentationAnalytics.framework/Versions/A/AIMLExperimentationAnalytics
0x000000024da61000 	/System/Library/PrivateFrameworks/AlgorithmsInternal.framework/Versions/A/AlgorithmsInternal
0x000000028b229000 	/System/Library/PrivateFrameworks/TranslationUIServices.framework/Versions/A/TranslationUIServices
0x000000028a114000 	/System/Library/PrivateFrameworks/TipKitCore.framework/Versions/A/TipKitCore
0x00000001d003f000 	/System/Library/PrivateFrameworks/CoreCDPInternal.framework/Versions/A/CoreCDPInternal
0x0000000268d23000 	/System/Library/PrivateFrameworks/InputAnalytics.framework/Versions/A/InputAnalytics
0x00000001d5b5c000 	/System/Library/Frameworks/InstantMessage.framework/Versions/A/InstantMessage
0x00000001cdb2e000 	/System/Library/PrivateFrameworks/IDSKVStore.framework/Versions/A/IDSKVStore
0x00000001cd7f4000 	/System/Library/PrivateFrameworks/IMDPersistence.framework/Versions/A/IMDPersistence
0x000000028ce15000 	/System/Library/PrivateFrameworks/UserSafety.framework/Versions/A/UserSafety
0x00000001ee895000 	/System/Library/PrivateFrameworks/BlastDoor.framework/Versions/A/BlastDoor
0x000000026d1d5000 	/System/Library/PrivateFrameworks/LinkPresentationStyleSheetParsing.framework/Versions/A/LinkPresentationStyleSheetParsing
0x000000027964c000 	/System/Library/PrivateFrameworks/PosterFoundation.framework/Versions/A/PosterFoundation
0x00000002796db000 	/System/Library/PrivateFrameworks/PosterModel.framework/Versions/A/PosterModel
0x00000002796b6000 	/System/Library/PrivateFrameworks/PosterFuturesKit.framework/Versions/A/PosterFuturesKit
0x000000025bbb2000 	/System/Library/PrivateFrameworks/FeedbackService.framework/Versions/A/FeedbackService
0x00000001c6aeb000 	/System/Library/PrivateFrameworks/CoreSDB.framework/Versions/A/CoreSDB
0x00000002502ae000 	/System/Library/PrivateFrameworks/AskToCore.framework/Versions/A/AskToCore
0x00000001e899b000 	/System/Library/PrivateFrameworks/MachineSettings.framework/Versions/A/MachineSettings
0x00000001da484000 	/System/Library/PrivateFrameworks/BezelServices.framework/Versions/A/BezelServices
0x00000001d1f4f000 	/System/Library/PrivateFrameworks/SPOwner.framework/Versions/A/SPOwner
0x00000001ca980000 	/System/Library/PrivateFrameworks/FMCore.framework/Versions/A/FMCore
0x0000000293735000 	/System/Library/PrivateFrameworks/iCloudQuota.framework/Versions/A/iCloudQuota
0x00000001bf2b8000 	/System/Library/PrivateFrameworks/CoreRecognition.framework/Versions/A/CoreRecognition
0x00000001da53a000 	/System/Library/PrivateFrameworks/InAppMessages.framework/Versions/A/InAppMessages
0x00000001fc6d3000 	/System/Library/PrivateFrameworks/JetUI.framework/Versions/A/JetUI
0x000000026c4b6000 	/System/Library/PrivateFrameworks/JetPack.framework/Versions/A/JetPack
0x00000001da531000 	/System/Library/PrivateFrameworks/InAppMessagesCore.framework/Versions/A/InAppMessagesCore
0x0000000292aed000 	/System/Library/PrivateFrameworks/_JetEngine_SwiftUI.framework/Versions/A/_JetEngine_SwiftUI
0x00000002874ac000 	/System/Library/PrivateFrameworks/Synapse.framework/Versions/A/Synapse
0x0000000252459000 	/System/Library/PrivateFrameworks/CSExattrCrypto.framework/Versions/A/CSExattrCrypto
0x00000001cbe1c000 	/System/Library/PrivateFrameworks/StoreFoundation.framework/Versions/A/StoreFoundation
0x00000001ca97a000 	/System/Library/PrivateFrameworks/ServerInformation.framework/Versions/A/ServerInformation
0x00000001ca3ab000 	/System/Library/PrivateFrameworks/Install.framework/Frameworks/DistributionKit.framework/Versions/A/DistributionKit
0x00000001c38bb000 	/System/Library/PrivateFrameworks/PackageKit.framework/Versions/A/PackageKit
0x00000001ca3ce000 	/System/Library/PrivateFrameworks/OSPersonalization.framework/Versions/A/OSPersonalization
0x00000001cc3a6000 	/System/Library/PrivateFrameworks/BridgeOSSoftwareUpdate.framework/Versions/A/BridgeOSSoftwareUpdate
0x00000001c6f82000 	/System/Library/PrivateFrameworks/StorageManagement.framework/Versions/A/StorageManagement
0x00000001db8a8000 	/usr/lib/libauthinstall.dylib
0x00000001cc3af000 	/System/Library/PrivateFrameworks/InstallerDiagnostics.framework/Versions/A/InstallerDiagnostics
0x00000001dbf27000 	/usr/lib/libcrypto.42.dylib
0x0000000299dbb000 	/usr/lib/updaters/libAppleTconUARPUpdater.dylib
0x0000000299f45000 	/usr/lib/updaters/libT200Updater.dylib
0x00000001cc394000 	/System/Library/PrivateFrameworks/GPUInfo.framework/Versions/A/GPUInfo
0x00000001da635000 	/System/Library/PrivateFrameworks/MobileActivationMacOS.framework/Versions/A/MobileActivationMacOS
0x00000001be84a000 	/System/Library/PrivateFrameworks/AccountsDaemon.framework/Versions/A/AccountsDaemon
0x00000001ae8c3000 	/System/Library/PrivateFrameworks/CacheDelete.framework/Versions/A/CacheDelete
0x00000001b723b000 	/System/Library/Frameworks/QuickLookThumbnailing.framework/Versions/A/QuickLookThumbnailing
0x00000001cc3f3000 	/System/Library/PrivateFrameworks/AOSKit.framework/Versions/A/AOSKit
0x00000001ab8ae000 	/System/Library/PrivateFrameworks/AppSSOCore.framework/Versions/A/AppSSOCore
0x00000001c5df3000 	/System/Library/Frameworks/AVFoundation.framework/Versions/A/AVFoundation
0x0000000250c62000 	/System/Library/PrivateFrameworks/BackgroundSystemTasks.framework/Versions/A/BackgroundSystemTasks
0x00000001b7151000 	/System/Library/PrivateFrameworks/DuetActivityScheduler.framework/Versions/A/DuetActivityScheduler
0x00000001d8c8b000 	/System/Library/PrivateFrameworks/NetworkServiceProxy.framework/Versions/A/NetworkServiceProxy
0x00000001b24ee000 	/usr/lib/libnetworkextension.dylib
0x00000001b4b6a000 	/System/Library/PrivateFrameworks/Rapport.framework/Versions/A/Rapport
0x00000002871d5000 	/System/Library/PrivateFrameworks/Symptoms.framework/Versions/A/Frameworks/SymptomAnalytics.framework/Versions/A/SymptomAnalytics
0x00000001af2f7000 	/System/Library/Frameworks/NetworkExtension.framework/Versions/A/NetworkExtension
0x00000001b5911000 	/System/Library/PrivateFrameworks/CoreDuetContext.framework/Versions/A/CoreDuetContext
0x00000001a0659000 	/System/Library/PrivateFrameworks/CoreDuet.framework/Versions/A/CoreDuet
0x00000001ba636000 	/System/Library/PrivateFrameworks/AssistantServices.framework/Versions/A/AssistantServices
0x00000001b4964000 	/System/Library/PrivateFrameworks/SAObjects.framework/Versions/A/SAObjects
0x00000001ba231000 	/System/Library/PrivateFrameworks/MediaRemote.framework/Versions/A/MediaRemote
0x00000001cc8e7000 	/System/Library/PrivateFrameworks/SiriInstrumentation.framework/Versions/A/SiriInstrumentation
0x000000027e134000 	/System/Library/PrivateFrameworks/SiriAnalytics.framework/Versions/A/SiriAnalytics
0x0000000283fdb000 	/System/Library/PrivateFrameworks/SiriTTSService.framework/Versions/A/SiriTTSService
0x000000027ea70000 	/System/Library/PrivateFrameworks/SiriCrossDeviceArbitration.framework/Versions/A/SiriCrossDeviceArbitration
0x00000001ca143000 	/System/Library/PrivateFrameworks/FeedbackLogger.framework/Versions/A/FeedbackLogger
0x000000025b75a000 	/System/Library/PrivateFrameworks/FaceTimeNameUtility.framework/Versions/A/FaceTimeNameUtility
0x000000027eac4000 	/System/Library/PrivateFrameworks/SiriCrossDeviceArbitrationFeedback.framework/Versions/A/SiriCrossDeviceArbitrationFeedback
0x00000002651b5000 	/System/Library/PrivateFrameworks/GenerativeModels.framework/Versions/A/GenerativeModels
0x000000023ee91000 	/System/Library/Frameworks/AVRouting.framework/Versions/A/AVRouting
0x00000001bf0cb000 	/System/Library/PrivateFrameworks/MediaServices.framework/Versions/A/MediaServices
0x00000001b47a2000 	/System/Library/Frameworks/LocalAuthentication.framework/Versions/A/LocalAuthentication
0x000000026d40b000 	/System/Library/PrivateFrameworks/LocalAuthenticationCore.framework/Versions/A/LocalAuthenticationCore
0x000000026d590000 	/System/Library/PrivateFrameworks/LocalAuthenticationCredentialServices.framework/Versions/A/LocalAuthenticationCredentialServices
0x00000001b480e000 	/System/Library/Frameworks/LocalAuthentication.framework/Support/SharedUtils.framework/Versions/A/SharedUtils
0x00000001abcf8000 	/System/Library/PrivateFrameworks/PersistentConnection.framework/Versions/A/PersistentConnection
0x00000002857f0000 	/System/Library/PrivateFrameworks/SonicFoundation.framework/Versions/A/SonicFoundation
0x0000000259fb8000 	/System/Library/PrivateFrameworks/Dendrite.framework/Versions/A/Dendrite
0x00000001ce7f6000 	/usr/lib/libtailspin.dylib
0x00000001e2275000 	/System/Library/PrivateFrameworks/Osprey.framework/Versions/A/Osprey
0x0000000283635000 	/System/Library/PrivateFrameworks/SiriTTS.framework/Versions/A/SiriTTS
0x00000001c6bb1000 	/System/Library/Frameworks/NaturalLanguage.framework/Versions/A/NaturalLanguage
0x000000028241b000 	/System/Library/PrivateFrameworks/SiriPowerInstrumentation.framework/Versions/A/SiriPowerInstrumentation
0x00000001c7a74000 	/System/Library/PrivateFrameworks/Trial.framework/Versions/A/Trial
0x00000001c79f6000 	/System/Library/PrivateFrameworks/TrialProto.framework/Versions/A/TrialProto
0x000000028c4da000 	/System/Library/PrivateFrameworks/UnifiedAssetFramework.framework/Versions/A/UnifiedAssetFramework
0x00000001e429d000 	/usr/lib/swift/libswiftAVFoundation.dylib
0x00000001f473e000 	/usr/lib/swift/libswiftNaturalLanguage.dylib
0x000000028798d000 	/System/Library/PrivateFrameworks/TailspinSymbolication.framework/Versions/A/TailspinSymbolication
0x0000000259bf7000 	/System/Library/PrivateFrameworks/Darwinup.framework/Versions/A/Darwinup
0x00000001dac63000 	/System/Library/PrivateFrameworks/SignpostSupport.framework/Versions/A/SignpostSupport
0x00000001c6a78000 	/System/Library/PrivateFrameworks/FeatureFlagsSupport.framework/Versions/A/FeatureFlagsSupport
0x00000001da396000 	/System/Library/PrivateFrameworks/ktrace.framework/Versions/A/ktrace
0x00000001dae92000 	/System/Library/PrivateFrameworks/SampleAnalysis.framework/Versions/A/SampleAnalysis
0x00000001e3b37000 	/System/Library/PrivateFrameworks/kperfdata.framework/Versions/A/kperfdata
0x00000001b02b8000 	/usr/lib/libdscsym.dylib
0x00000001e3ff3000 	/System/Library/PrivateFrameworks/BulkSymbolication.framework/Versions/A/BulkSymbolication
0x00000001b7287000 	/System/Library/PrivateFrameworks/Espresso.framework/Versions/A/Espresso
0x00000001a52a1000 	/System/Library/Frameworks/CoreML.framework/Versions/A/CoreML
0x00000001fde91000 	/System/Library/PrivateFrameworks/ANECompiler.framework/Versions/A/ANECompiler
0x00000001b9380000 	/System/Library/PrivateFrameworks/AppleNeuralEngine.framework/Versions/A/AppleNeuralEngine
0x000000024298b000 	/System/Library/Frameworks/MetalPerformanceShadersGraph.framework/Versions/A/MetalPerformanceShadersGraph
0x000000026de97000 	/System/Library/PrivateFrameworks/MLCompilerServices.framework/Versions/A/MLCompilerServices
0x00000001b812b000 	/System/Library/PrivateFrameworks/ANEServices.framework/Versions/A/ANEServices
0x0000000275244000 	/System/Library/PrivateFrameworks/ODIE.framework/Versions/A/ODIE
0x000000026de3b000 	/System/Library/PrivateFrameworks/MLCompilerRuntime.framework/Versions/A/MLCompilerRuntime
0x00000001a96ab000 	/System/Library/Frameworks/MLCompute.framework/Versions/A/MLCompute
0x000000026ddbd000 	/System/Library/PrivateFrameworks/MLAssetIO.framework/Versions/A/MLAssetIO
0x0000000299893000 	/usr/lib/swift/libswiftMLCompute.dylib
0x00000001b42f5000 	/System/Library/PrivateFrameworks/AVFCore.framework/Versions/A/AVFCore
0x00000001bd855000 	/System/Library/PrivateFrameworks/AVFCapture.framework/Versions/A/AVFCapture
0x000000025205e000 	/System/Library/PrivateFrameworks/CMImaging.framework/Versions/A/CMImaging
0x00000001bda9f000 	/System/Library/PrivateFrameworks/Quagga.framework/Versions/A/Quagga
0x00000001bdbd3000 	/System/Library/PrivateFrameworks/CMCapture.framework/Versions/A/CMCapture
0x00000001ae4e7000 	/System/Library/Frameworks/CoreMediaIO.framework/Versions/A/CoreMediaIO
0x0000000251f9a000 	/System/Library/PrivateFrameworks/CMCaptureDevice.framework/Versions/A/CMCaptureDevice
0x00000001abe6e000 	/System/Library/PrivateFrameworks/CoreBrightness.framework/Versions/A/CoreBrightness
0x00000002530b0000 	/System/Library/PrivateFrameworks/CinematicFraming.framework/Versions/A/CinematicFraming
0x0000000271efa000 	/System/Library/PrivateFrameworks/ModelManagerServices.framework/Versions/A/ModelManagerServices
0x00000001e1333000 	/System/Library/PrivateFrameworks/CPMS.framework/Versions/A/CPMS
0x0000000287683000 	/System/Library/PrivateFrameworks/SystemStatus.framework/Versions/A/SystemStatus
0x00000001c59eb000 	/System/Library/Frameworks/CoreMotion.framework/Versions/A/CoreMotion
0x00000001d5c1a000 	/System/Library/PrivateFrameworks/TimeSync.framework/Versions/A/TimeSync
0x000000025a8da000 	/System/Library/PrivateFrameworks/DistributedSensing.framework/Versions/A/DistributedSensing
0x00000001d118e000 	/System/Library/PrivateFrameworks/MobileBluetooth.framework/Versions/A/MobileBluetooth
0x00000001d791a000 	/System/Library/PrivateFrameworks/IOKitten.framework/Versions/A/IOKitten
0x000000024f4a9000 	/System/Library/PrivateFrameworks/AppleIntelligenceReporting.framework/Versions/A/AppleIntelligenceReporting
0x000000019ce4e000 	/System/Library/PrivateFrameworks/LanguageModeling.framework/Versions/A/LanguageModeling
0x00000001a1e33000 	/System/Library/PrivateFrameworks/Montreal.framework/Versions/A/Montreal
0x00000001aa12a000 	/usr/lib/libcmph.dylib
0x0000000265292000 	/System/Library/PrivateFrameworks/GenerativeModelsFoundation.framework/Versions/A/GenerativeModelsFoundation
0x000000028a47d000 	/System/Library/PrivateFrameworks/TokenGeneration.framework/Versions/A/TokenGeneration
0x0000000265071000 	/System/Library/PrivateFrameworks/GenerativeFunctions.framework/Versions/A/GenerativeFunctions
0x00000002650bd000 	/System/Library/PrivateFrameworks/GenerativeFunctionsFoundation.framework/Versions/A/GenerativeFunctionsFoundation
0x0000000271b17000 	/System/Library/PrivateFrameworks/ModelCatalog.framework/Versions/A/ModelCatalog
0x000000027d5e0000 	/System/Library/PrivateFrameworks/SensitiveContentAnalysisML.framework/Versions/A/SensitiveContentAnalysisML
0x0000000265152000 	/System/Library/PrivateFrameworks/GenerativeFunctionsInstrumentation.framework/Versions/A/GenerativeFunctionsInstrumentation
0x000000027a7dc000 	/System/Library/PrivateFrameworks/PromptKit.framework/Versions/A/PromptKit
0x000000027a2ad000 	/System/Library/PrivateFrameworks/ProactiveDaemonSupport.framework/Versions/A/ProactiveDaemonSupport
0x000000028a6cb000 	/System/Library/PrivateFrameworks/TokenGenerationCore.framework/Versions/A/TokenGenerationCore
0x000000024f10a000 	/System/Library/PrivateFrameworks/AppleFlatBuffers.framework/Versions/A/AppleFlatBuffers
0x000000027d819000 	/System/Library/PrivateFrameworks/SentencePieceInternal.framework/Versions/A/SentencePieceInternal
0x00000001b28d2000 	/System/Library/Frameworks/Vision.framework/Versions/A/Vision
0x00000002595ce000 	/System/Library/PrivateFrameworks/CoreSceneUnderstanding.framework/Versions/A/CoreSceneUnderstanding
0x000000028eee2000 	/System/Library/PrivateFrameworks/VisionCore.framework/Versions/A/VisionCore
0x00000001d0127000 	/System/Library/Frameworks/Vision.framework/libfaceCore.dylib
0x00000001d0c4a000 	/System/Library/PrivateFrameworks/Futhark.framework/Versions/A/Futhark
0x00000001d4a4a000 	/System/Library/PrivateFrameworks/InertiaCam.framework/Versions/A/InertiaCam
0x00000001d09d2000 	/System/Library/PrivateFrameworks/TextRecognition.framework/Versions/A/TextRecognition
0x00000001ab8cf000 	/System/Library/PrivateFrameworks/CVNLP.framework/Versions/A/CVNLP
0x00000001a4d3f000 	/System/Library/PrivateFrameworks/ApplePushService.framework/Versions/A/ApplePushService
0x00000001a4daa000 	/System/Library/Frameworks/CloudKit.framework/Versions/A/CloudKit
0x00000001b82e9000 	/System/Library/PrivateFrameworks/CoreDuetDaemonProtocol.framework/Versions/A/CoreDuetDaemonProtocol
0x00000001dd47a000 	/System/Library/PrivateFrameworks/DeviceIdentity.framework/Versions/A/DeviceIdentity
0x000000024896f000 	/System/Library/Frameworks/SharedWithYouCore.framework/Versions/A/SharedWithYouCore
0x0000000253958000 	/System/Library/PrivateFrameworks/CloudTelemetry.framework/Versions/A/CloudTelemetry
0x00000001b6c1e000 	/System/Library/PrivateFrameworks/AppleAccount.framework/Versions/A/AppleAccount
0x00000001b71e0000 	/System/Library/PrivateFrameworks/C2.framework/Versions/A/C2
0x00000002535ca000 	/System/Library/PrivateFrameworks/CloudCoreInternal.framework/Versions/A/CloudCoreInternal
0x000000025336f000 	/System/Library/PrivateFrameworks/CloudAsset.framework/Versions/A/CloudAsset
0x00000001b71d7000 	/System/Library/Frameworks/PushKit.framework/Versions/A/PushKit
0x0000000253978000 	/System/Library/PrivateFrameworks/CloudTelemetryTools.framework/Versions/A/CloudTelemetryTools
0x00000001b90db000 	/System/Library/PrivateFrameworks/RTCReporting.framework/Versions/A/RTCReporting
0x000000024b5cb000 	/System/Library/PrivateFrameworks/AAAFoundationSwift.framework/Versions/A/AAAFoundationSwift
0x00000001b6ea9000 	/System/Library/PrivateFrameworks/AppleIDSSOAuthentication.framework/Versions/A/AppleIDSSOAuthentication
0x00000001cbcc7000 	/System/Library/PrivateFrameworks/CaptiveNetwork.framework/Versions/A/CaptiveNetwork
0x00000001b66af000 	/System/Library/PrivateFrameworks/EAP8021X.framework/Versions/A/EAP8021X
0x00000002599dd000 	/System/Library/PrivateFrameworks/CryptoKitPrivate.framework/Versions/A/CryptoKitPrivate
0x00000001c6042000 	/System/Library/PrivateFrameworks/FindMyDevice.framework/Versions/A/FindMyDevice
0x00000001badea000 	/System/Library/PrivateFrameworks/FMCoreLite.framework/Versions/A/FMCoreLite
0x00000001a934b000 	/System/Library/Frameworks/ServiceManagement.framework/Versions/A/ServiceManagement
0x00000001dae5b000 	/System/Library/PrivateFrameworks/UIKitServices.framework/Versions/A/UIKitServices
0x000000013ca74000 	/System/Library/Extensions/AGXMetalG14G.bundle/Contents/MacOS/AGXMetalG14G
0x00000001bef6c000 	/System/Library/PrivateFrameworks/IOGPU.framework/Versions/A/IOGPU
0x000000013b68c000 	/Users/mattias800/repos/spela/player/desktop/build/native/libspela-libretro.dylib
0x000000013b860000 	/opt/homebrew/Cellar/sdl2/2.32.10/lib/libSDL2-2.0.0.dylib
0x0000000129fd8000 	/Users/mattias800/Library/Java/JavaVirtualMachines/ms-21.0.10/Contents/Home/lib/libjawt.dylib
0x000000013bf1c000 	/opt/homebrew/Cellar/molten-vk/1.4.0/lib/libMoltenVK.dylib
0x00000001b48ab000 	/System/Library/Frameworks/CoreHaptics.framework/Versions/A/CoreHaptics
0x00000001b69c6000 	/System/Library/Frameworks/GameController.framework/Versions/A/GameController
0x0000000262f02000 	/System/Library/PrivateFrameworks/GameControllerFoundation.framework/Versions/A/GameControllerFoundation
0x0000000262fa6000 	/System/Library/PrivateFrameworks/GameControllerSettings.framework/Versions/A/GameControllerSettings
0x00000001ef362000 	/System/Library/Frameworks/ForceFeedback.framework/Versions/A/ForceFeedback
0x0000000262fb9000 	/System/Library/PrivateFrameworks/GameControllerUI.framework/Versions/A/GameControllerUI
0x000000013e8f4000 	/Users/mattias800/.skiko/384a41e7bf8dcab7fe3ef7dfb14a2adf281ce448c1f711cac5e69a7b97ae2f4a/libskiko-macos-arm64.dylib
0x000000013b6f0000 	/Users/mattias800/Library/Java/JavaVirtualMachines/ms-21.0.10/Contents/Home/lib/libosxui.dylib
0x000000028819e000 	/System/Library/PrivateFrameworks/TextInputUI.framework/Versions/A/TextInputUI
0x00000002881d3000 	/System/Library/PrivateFrameworks/TextInputUIMacHelper.framework/Versions/A/TextInputUIMacHelper
0x00000001d0d3a000 	/System/Library/PrivateFrameworks/SafariPlatformSupport.framework/Versions/A/SafariPlatformSupport
0x0000000285e11000 	/System/Library/PrivateFrameworks/SpotlightKnowledge.framework/Versions/A/SpotlightKnowledge
0x0000000285df8000 	/System/Library/PrivateFrameworks/SpotlightEmbedding.framework/Versions/A/SpotlightEmbedding
0x00000001a05fc000 	/System/Library/PrivateFrameworks/SpotlightLinguistics.framework/Versions/A/SpotlightLinguistics
0x0000000285fc5000 	/System/Library/PrivateFrameworks/SpotlightResources.framework/Versions/A/SpotlightResources
0x00000001cbc8b000 	/System/Library/PrivateFrameworks/DataDeliveryServices.framework/Versions/A/DataDeliveryServices
0x000000015229c000 	/Users/mattias800/Library/Application Support/Spela/cores/ppsspp_libretro.dylib
0x000000023e9d2000 	/System/Library/Frameworks/OpenGL.framework/Versions/A/Resources/GLEngine.bundle/GLEngine
0x000000023e874000 	/System/Library/Frameworks/OpenGL.framework/Versions/A/Libraries/libGLProgrammability.dylib
0x000000015c970000 	/System/Library/Extensions/AppleMetalOpenGLRenderer.bundle/Contents/MacOS/AppleMetalOpenGLRenderer
0x000000023eb33000 	/System/Library/Frameworks/OpenGL.framework/Versions/A/Resources/GLRendererFloat.bundle/GLRendererFloat
0x000000015e570000 	/Users/mattias800/Library/Java/JavaVirtualMachines/ms-21.0.10/Contents/Home/lib/libjsound.dylib
0x000000015e8a0000 	/System/Library/Components/CoreAudio.component/Contents/MacOS/CoreAudio

JVMTI agents: none


VM Arguments:
jvm_args: -Dcompose.application.configure.swing.globals=true -Dcompose.application.resources.dir=/Users/mattias800/repos/spela/player/desktop/build/compose/tmp/prepareAppResources -Djava.library.path=/Users/mattias800/repos/spela/player/desktop/build/native -Dfile.encoding=UTF-8 -Duser.country=US -Duser.language=en -Duser.variant 
java_command: com.spela.player.desktop.MainKt
java_class_path (initial): /Users/mattias800/repos/spela/player/desktop/build/libs/desktop-desktop.jar:/Users/mattias800/repos/spela/player/shared/build/libs/shared-desktop.jar:/Users/mattias800/.gradle/caches/modules-2/files-2.1/io.ktor/ktor-client-cio-jvm/3.4.0/84786f75d08fe5042f17c246380eb8381d125a6b/ktor-client-cio-jvm-3.4.0.jar:/Users/mattias800/.gradle/caches/modules-2/files-2.1/org.jetbrains.compose.material3/material3-desktop/1.9.0/19004c4eb3dc6618eb66a076bbe3d7e1a2e7b85/material3-desktop-1.9.0.jar:/Users/mattias800/.gradle/caches/modules-2/files-2.1/org.jetbrains.compose.components/components-resources-desktop/1.10.1/c6115b607f77e9d033de360f989850d3824bf112/library-desktop-1.10.1.jar:/Users/mattias800/.gradle/caches/modules-2/files-2.1/org.jetbrains.compose.desktop/desktop-jvm/1.10.1/42facd9840309ac4eb841a986c5d1b97d2780471/desktop-jvm-1.10.1.jar:/Users/mattias800/.gradle/caches/modules-2/files-2.1/io.coil-kt.coil3/coil-compose-jvm/3.3.0/38281ac8d9773163bb49be7a871239ea0b953f21/coil-compose-jvm-3.3.0.jar:/Users/mattias800/.gradle/caches/modules-2/files-2.1/io.coil-kt.coil3/coil-compose-core-jvm/3.3.0/4ea0aece0de785d13342ef927464bf75d918f80b/coil-compose-core-jvm-3.3.0.jar:/Users/mattias800/.gradle/caches/modules-2/files-2.1/org.jetbrains.compose.material/material-desktop/1.10.1/63e1c3c6705d111bf84e41110e7729df5b85163e/material-desktop-1.10.1.jar:/Users/mattias800/.gradle/caches/modules-2/files-2.1/org.jetbrains.compose.material/material-ripple-desktop/1.10.1/74a14824f086339703264689c5a7cf4ceb39ed40/material-ripple-desktop-1.10.1.jar:/Users/mattias800/.gradle/caches/modules-2/files-2.1/org.jetbrains.compose.foundation/foundation-desktop/1.10.1/d9ba57abee3527886ea640d3b390a70ba9e28af/foundation-desktop-1.10.1.jar:/Users/mattias800/.gradle/caches/modules-2/files-2.1/org.jetbrains.compose.material/material-icons-extended-desktop/1.7.3/c7c5465dd754043076875b32bce0dd7f5a354fe8/material-icons-extended-desktop-1.7.3.jar:/Users/mattias800/.gradle/caches/modules-2/files-2.1/org.jetbrains.compose.animation/animation-desktop/1.10.1/17f777e04f7fe5dff2fe7992d0c0bda81c3a3897/animation-desktop-1.10.1.jar:/Users/mattias800/.gradle/caches/modules-2/files-2.1/org.jetbrains.compose.foundation/foundation-layout-desktop/1.10.1/263364f922ef14fb64f1313a384a0c31cd6f3fa5/foundation-layout-desktop-1.10.1.jar:/Users/mattias800/.gradle/caches/modules-2/files-2.1/org.jetbrains.compose.material/material-icons-core-desktop/1.7.3/414b3096050fe647b0638832eace80f22c06b85c/material-icons-core-desktop-1.7.3.jar:/Users/mattias800/.gradle/caches/modules-2/files-2.1/org.jetbrains.compose.animation/animation-core-desktop/1.10.1/5dd98c5745e548644b7657901bbcc4c2c8f9ec59/animation-core-desktop-1.10.1.jar:/Users/mattias800/.gradle/caches/modules-2/files-2.1/org.jetbrains.compose.ui/ui-desktop/1.10.1/73a6b1e10434fb11bae82daa68c205c71af03c55/ui-desktop-1.10.1.jar:/Users/mattias800/.gradle/caches/modules-2/files-2.1/io.ktor/ktor-client-content-negotiation-jvm/3.4.0/266c1aef9d340c22cd859dd5c9174c2e1d86489f/ktor-client-content-negotiation-jvm-3.4.0.jar:/Users/mattias800/.gradle/caches/modules-2/files-2.1/io.ktor/ktor-client-auth-jvm/3.4.0/14d75d5e7552a8e26a2ad4dd511a76d4a0c5502f/ktor-client-auth-jvm-3.4.0.jar:/Users/mattias800/.gradle/caches/modules-2/files-2.1/io.ktor/ktor-client-logging-jvm/3.4.0/278d41697d9194d36290842bfdae03d674b3f365/ktor-client-logging-jvm-3.4.0.jar:/Users/mattias800/.gradle/caches/modules-2/files-2.1/io.ktor/ktor-client-websockets-jvm/3.4.0/69e1468e52be95fd339dd8026e78985a6ef981e6/ktor-client-websockets-jvm-3.4.0.jar:/Users/mattias800/.gradle/caches/modules-2/files-2.1/io.coil-kt.coil3/coil-network-ktor3-jvm/3.3.0/70b76d7093cce8124a2b2e665ac281992755376e/coil-network-ktor3-jvm-3.3.0.jar:/Users/mattias800/.gradle/caches/modules-2/files-2.1/io.ktor/ktor-client-core-jvm/3.4.0/1f017fc4dcf7e3ff5152a28923b7639a9ba82123/ktor-client-core-jvm-3.4.0.jar:/Users/mattias800/.gradle/caches/modules-2/files-2.1/io.ktor/ktor-serialization-kotlinx-json-jvm/3.4.0/2a09f17d70b6e61623fd8aff9bdce6d7877892/ktor-serialization-kotlinx-json-jvm-3.4.0.jar:/Users/mattias800/.gradle/caches/modules-2/files-2.1/app.cash.sqldelight/coroutines-extensions-jvm/2.2.1/57db01cca75db01f64c58fb1db3aad67b1a52708/sqldelight-coroutines-extensions-jvm-2.2.1.jar:/Users/mattias800/.gradle/caches/modules-2/files-2.1/org.jetbrains.skiko/skiko-awt-runtime-macos-arm64/0.9.37.4/a21a251e5695f2b8da63842e9e8a5ecb2f219dce/skiko-awt-runtime-macos-arm64-0.9.37.4.jar:/Users/mattias800/.gradle/caches/modules-2/files-2.1/io.coil-kt.coil3/coil-svg-jvm/3.3.0/8a566f5afbde353030373d6cf86d907143cfa803/coil-svg-jvm-3.3.0.jar:/Users/mattias800/.gradle/caches/modules-2/files-2.1/org.jetbrains.compose.ui/ui-text-desktop/1.10.1/7babd6e2dea601e74bed24b4017350e1acf4569c/ui-text-desktop-1.10.1.jar:/Users/mattias800/.gradle/caches/modules-2/files-2.1/org.jetbrains.compose.ui/ui-graphics-desktop/1.10.1/c0b9e89e8f5ac5b0253d32d8da2758643ca1e19b/ui-graphics-desktop-1.10.1.jar:/Users/mattias800/.gradle/caches/modules-2/files-2.1/io.coil-kt.coil3/coil-jvm/3.3.0/246e1bf044d5f858315c517f7f770f6dc0516195/coil-jvm-3.3.0.jar:/Users/mattias800/.gradle/caches/modules-2/files-2.1/io.coil-kt.coil3/coil-network-core-jvm/3.3.0/c50c4cf1424afcc90532ed8064bcaa14d88d0ea8/coil-network-core-jvm-3.3.0.jar:/Users/mattias800/.gradle/caches/modules-2/files-2.1/io.coil-kt.coil3/coil-core-jvm/3.3.0/70ff6cf3312784cddfe695b2e2f62aec53778b38/coil-core-jvm-3.3.0.jar:/Users/mattias800/.gradle/caches/modules-2/files-2.1/org.jetbrains.skiko/skiko-awt/0.9.37.4/fc7470cca1041a52b182a921205c5c224e7709ad/skiko-awt-0.9.37.4.jar:/Users/mattias800/.gradle/caches/modules-2/files-2.1/org.jetbrains.kotlinx/kotlinx-coroutines-slf4j/1.10.2/1271f9d4a929150bb87ab8d1dc1e86d4bcf039f3/kotlinx-coroutines-slf4j-1.10.2.jar:/Users/mattias800/.gradle/caches/modules-2/files-2.1/io.ktor/ktor-http-cio-jvm/3.4.0/2c1f50d77b7d825175acf56f6cb494fc1145e23e/ktor-http-cio-jvm-3.4.0.jar:/Users/mattias800/.gradle/caches/modules-2/files-2.1/io.ktor/ktor-websocket-serialization-jvm/3.4.0/20093fc55064238930e96c8dd12a2d96af6ff81d/ktor-websocket-serialization-jvm-3.4.0.jar:/Users/mattias800/.gradle/caches/modules-2/files-2.1/io.ktor/ktor-serialization-kotlinx-jvm/3.4.0/d001db47b2ebe8ad8b2cb1bb2a687688840f5887/ktor-serialization-kotlinx-jvm-3.4.0.jar:/Users/mattias800/.gradle/caches/modules-2/files-2.1/io.ktor/ktor-serialization-jvm/3.4.0/406af3e14bc41086ac933c02c67bd7ee762cfb4b/ktor-serialization-jvm-3.4.0.jar:/Users/mattias800/.gradle/caches/modules-2/files-2.1/io.ktor/ktor-websockets-jvm/3.4.0/5c8a9438372c7de912cf6da0e275ec17056d6451/ktor-websockets-jvm-3.4.0.jar:/Users/mattias800/.gradle/caches/modules-2/files-2.1/io.ktor/ktor-network-tls-jvm/3.4.0/10bb3d46d3fba6ccfc27f03fbeec029a756358b1/ktor-network-tls-jvm-3.4.0.jar:/Users/mattias800/.gradle/caches/modules-2/files-2.1/io.insert-koin/koin-compose-jvm/4.0.0/cf45eee3ae6e58e04a6771a8c04a8937395f8ea0/koin-compose-jvm-4.0.0.jar:/Users/mattias800/.gradle/caches/modules-2/files-2.1/org.jetbrains.compose.ui/ui-backhandler-desktop/1.10.1/ed725f86a0fdff73fb37561ffb606166725e4b6f/ui-backhandler-desktop-1.10.1.jar:/Users/mattias800/.gradle/caches/modules-2/files-2.1/androidx.navigationevent/navigationevent-desktop/1.0.2/ddb1e7fe97ed51c3d35bba493f97fcf12398719/navigationevent-desktop-1.0.2.jar:/Users/mattias800/.gradle/caches/modules-2/files-2.1/androidx.compose.runtime/runtime-annotation-jvm/1.10.2/ea491da34ba40ae9bd340c393566753ddfd95a76/runtime-annotation-jvm-1.10.2.jar:/Users/mattias800/.gradle/caches/modules-2/files-2.1/androidx.compose.runtime/runtime-retain-desktop/1.10.2/879812e3cd2c6151f5d91f515a35952b1be07a76/runtime-retain-desktop-1.10.2.jar:/Users/mattias800/.gradle/caches/modules-2/files-2.1/androidx.compose.runtime/runtime-saveable-desktop/1.10.2/f6903c683c07ba479659ba4eb55bc7c80a7c433e/runtime-saveable-desktop-1.10.2.jar:/Users/mattias800/.gradle/caches/modules-2/files-2.1/org.jetbrains.compose.runtime/runtime-saveable-desktop/1.10.1/9b0e2a8ce3ae7d2b1a40307bc9271933b238cfd4/runtime-saveable-desktop-1.10.1.jar:/Users/mattias800/.gradle/caches/modules-2/files-2.1/org.jetbrains.androidx.lifecycle/lifecycle-runtime-compose-desktop/2.9.6/7b6b6793f3c4c5996b20d1d99cf728e5fac00364/lifecycle-runtime-compose-desktop-2.9.6.jar:/Users/mattias800/.gradle/caches/modules-2/files-2.1/org.jetbrains.compose.ui/ui-unit-desktop/1.10.1/aeeb2f31358ab5abf0bafa0828de2faba7189db5/ui-unit-desktop-1.10.1.jar:/Users/mattias800/.gradle/caches/modules-2/files-2.1/org.jetbrains.compose.ui/ui-geometry-desktop/1.10.1/779ddaadbc03720f7bb2507f6ed6dc4ffc9e7f3e/ui-geometry-desktop-1.10.1.jar:/Users/mattias800/.gradle/caches/modules-2/files-2.1/org.jetbrains.compose.ui/ui-tooling-preview-desktop/1.10.1/6d464d6c6d654d45aecdfaff7a08d64af62217e2/ui-tooling-preview-desktop-1.10.1.jar:/Users/mattias800/.gradle/caches/modules-2/files-2.1/org.jetbrains.androidx.savedstate/savedstate-compose-desktop/1.3.6/63692375ffe667f12cb3ea8aa1e605d659ed2add/savedstate-compose-desktop-1.3.6.jar:/Users/mattias800/.gradle/caches/modules-2/files-2.1/org.jetbrains.compose.runtime/runtime-desktop/1.10.1/edbd39fc9691f4ba1e29c6690341148db4272752/runtime-desktop-1.10.1.jar:/Users/mattias800/.gradle/caches/modules-2/files-2.1/androidx.lifecycle/lifecycle-viewmodel-savedstate-desktop/2.9.4/72a1919b08c5a4da224d8a65ce1589aa69934e8a/lifecycle-viewmodel-savedstate-desktop-2.9.4.jar:/Users/mattias800/.gradle/caches/modules-2/files-2.1/androidx.lifecycle/lifecycle-viewmodel-desktop/2.9.4/93fee6d78f0df0e38f36e0fa2eff74f8da6d5481/lifecycle-viewmodel-desktop-2.9.4.jar:/Users/mattias800/.gradle/caches/modules-2/files-2.1/androidx.lifecycle/lifecycle-runtime-desktop/2.9.4/1cc820319ec0139e76b8a2fe4be0b356b4e624c4/lifecycle-runtime-desktop-2.9.4.jar:/Users/mattias800/.gradle/caches/modules-2/files-2.1/androidx.savedstate/savedstate-compose-desktop/1.3.3/cd60b543d5722a8b5e6cea1e4ccdec8b4375a22b/savedstate-compose-desktop-1.3.3.jar:/Users/mattias800/.gradle/caches/modules-2/files-2.1/androidx.savedstate/savedstate-desktop/1.3.3/1c5bfc3fb56614538528060a06f2c03e34fa5188/savedstate-desktop-1.3.3.jar:/Users/mattias800/.gradle/caches/modules-2/files-2.1/androidx.lifecycle/lifecycle-common-jvm/2.9.4/ab739bccdb3541983385af169565c7c035d897e7/lifecycle-common-jvm-2.9.4.jar:/Users/mattias800/.gradle/caches/modules-2/files-2.1/androidx.lifecycle/lifecycle-runtime-compose-desktop/2.9.4/86a4ffec845d4e488078118a0b5095bd1fabcafe/lifecycle-runtime-compose-desktop-2.9.4.jar:/Users/mattias800/.gradle/caches/modules-2/files-2.1/androidx.compose.runtime/runtime-desktop/1.10.2/b1705e2087f06395622b784aa88e2e738043459/runtime-desktop-1.10.2.jar:/Users/mattias800/.gradle/caches/modules-2/files-2.1/io.ktor/ktor-http-jvm/3.4.0/81e4323a06aa6751f59ffe6e35e61277af17fdb5/ktor-http-jvm-3.4.0.jar:/Users/mattias800/.gradle/caches/modules-2/files-2.1/io.ktor/ktor-events-jvm/3.4.0/d6e6800119bf169c0559eeaf49477757e50a736/ktor-events-jvm-3.4.0.jar:/Users/mattias800/.gradle/caches/modules-2/files-2.1/io.ktor/ktor-sse-jvm/3.4.0/3b4493bfb71b536fc0c055d645ceb1a44b318637/ktor-sse-jvm-3.4.0.jar:/Users/mattias800/.gradle/caches/modules-2/files-2.1/app.cash.sqldelight/async-extensions-jvm/2.2.1/1caa5e80a3f9587d9521bb5786d8004169abb659/sqldelight-async-extensions-jvm-2.2.1.jar:/Users/mattias800/.gradle/caches/modules-2/files-2.1/io.ktor/ktor-network-jvm/3.4.0/8d6179be0155e1d34f844a8317b7f1950772a372/ktor-network-jvm-3.4.0.jar:/Users/mattias800/.gradle/caches/modules-2/files-2.1/io.ktor/ktor-utils-jvm/3.4.0/ce54b074feee2cc3cdac2ba93420f18adc71061d/ktor-utils-jvm-3.4.0.jar:/Users/mattias800/.gradle/caches/modules-2/files-2.1/io.ktor/ktor-io-jvm/3.4.0/16e3233d00797f77f2b918a65d40479c28dc2bde/ktor-io-jvm-3.4.0.jar:/Users/mattias800/.gradle/caches/modules-2/files-2.1/org.jetbrains.kotlinx/kotlinx-coroutines-core-jvm/1.10.2/4a9f78ef49483748e2c129f3d124b8fa249dafbf/kotlinx-coroutines-core-jvm-1.10.2.jar:/Users/mattias800/.gradle/caches/modules-2/files-2.1/org.jetbrains.kotlinx/kotlinx-coroutines-swing/1.10.2/ccb5a2e7c83fa76da0ba4677f05678d3bd3eed57/kotlinx-coroutines-swing-1.10.2.jar:/Users/mattias800/.gradle/caches/modules-2/files-2.1/app.cash.sqldelight/sqlite-driver/2.2.1/14c7c61ee75309171122d51489aa0bae72e3d28f/sqlite-driver-2.2.1.jar:/Users/mattias800/.gradle/caches/modules-2/files-2.1/io.insert-koin/koin-core-jvm/4.0.0/6a66dcf3885c4783432e98845b10f0b5e48ef5b1/koin-core-jvm-4.0.0.jar:/Users/mattias800/.gradle/caches/modules-2/files-2.1/app.cash.sqldelight/jdbc-driver/2.2.1/bd1eec7b45a148d571ecb1d4db97ca5c259a9a9c/jdbc-driver-2.2.1.jar:/Users/mattias800/.gradle/caches/modules-2/files-2.1/app.cash.sqldelight/runtime-jvm/2.2.1/db9095b526694836a06428c2ef14b0562b8a7028/runtime-jvm-2.2.1.jar:/Users/mattias800/.gradle/caches/modules-2/files-2.1/org.jetbrains.kotlinx/kotlinx-serialization-json-io-jvm/1.10.0/50ca77d6d3986562a140275d6c8b07086af55f83/kotlinx-serialization-json-io-jvm-1.10.0.jar:/Users/mattias800/.gradle/caches/modules-2/files-2.1/org.jetbrains.kotlinx/kotlinx-serialization-core-jvm/1.10.0/9400c03c056953bbbf30e861e63735c90e9eb320/kotlinx-serialization-core-jvm-1.10.0.jar:/Users/mattias800/.gradle/caches/modules-2/files-2.1/org.jetbrains.kotlinx/kotlinx-serialization-json-jvm/1.10.0/a74d7819e02bad98af4d6b56c4f45aa6d31ef4ad/kotlinx-serialization-json-jvm-1.10.0.jar:/Users/mattias800/.gradle/caches/modules-2/files-2.1/org.jetbrains.kotlinx/kotlinx-datetime-jvm/0.7.1/81c2e0246bd28cc2dcbdf0ab53628322e66a9de9/kotlinx-datetime-jvm-0.7.1.jar:/Users/mattias800/.gradle/caches/modules-2/files-2.1/org.jetbrains.kotlin/kotlin-stdlib-jdk8/2.2.20/57c4d839a6e5ad105d61ffc5cc0bf4de649c1714/kotlin-stdlib-jdk8-2.2.20.jar:/Users/mattias800/.gradle/caches/modules-2/files-2.1/co.touchlab/stately-concurrent-collections-jvm/2.1.0/5c03b644537d7926a8f77e5735a8bebb55dafdcd/stately-concurrent-collections-jvm-2.1.0.jar:/Users/mattias800/.gradle/caches/modules-2/files-2.1/co.touchlab/stately-concurrency-jvm/2.1.0/6285428408c4d7e4a6d9a09511de877103effd81/stately-concurrency-jvm-2.1.0.jar:/Users/mattias800/.gradle/caches/modules-2/files-2.1/org.jetbrains.compose.ui/ui-util-desktop/1.10.1/fe41825dccacb792ded7df579736a0ed919ee270/ui-util-desktop-1.10.1.jar:/Users/mattias800/.gradle/caches/modules-2/files-2.1/org.jetbrains.kotlinx/atomicfu-jvm/0.23.2/a4601dc42dceb031a586058e8356ff778a57dea0/atomicfu-jvm-0.23.2.jar:/Users/mattias800/.gradle/caches/modules-2/files-2.1/org.jetbrains.kotlin/kotlin-stdlib-jdk7/2.2.20/bdbe3b5d872fa3b74d8fcd4e7ca3193f4abc9cc8/kotlin-stdlib-jdk7-2.2.20.jar:/Users/mattias800/.gradle/caches/modules-2/files-2.1/androidx.collection/collection-jvm/1.5.0/7ba2c69414d46ebc2dd76598bdd0a75c54281a57/collection-jvm-1.5.0.jar:/Users/mattias800/.gradle/caches/modules-2/files-2.1/androidx.arch.core/core-common/2.2.0/5e1b8b81dfd5f52c56a8d53b18ca759c19a301f3/core-common-2.2.0.jar:/Users/mattias800/.gradle/caches/modules-2/files-2.1/androidx.annotation/annotation-jvm/1.9.1/b17951747e38bf3986a24431b9ba0d039958aa5f/annotation-jvm-1.9.1.jar:/Users/mattias800/.gradle/caches/modules-2/files-2.1/co.touchlab/stately-strict-jvm/2.1.0/3ae8369209065455f4630793bf6aca0fb88c8b6b/stately-strict-jvm-2.1.0.jar:/Users/mattias800/.gradle/caches/modules-2/files-2.1/com.squareup.okio/okio-jvm/3.15.0/cb3c285187640f543150fcac1ae012bdd778c0e1/okio-jvm-3.15.0.jar:/Users/mattias800/.gradle/caches/modules-2/files-2.1/org.jetbrains.kotlinx/kotlinx-io-core-jvm/0.8.2/358a9f2ba2dc81c5dc84c3d1853f6e5efba63be1/kotlinx-io-core-jvm-0.8.2.jar:/Users/mattias800/.gradle/caches/modules-2/files-2.1/org.jetbrains.kotlinx/kotlinx-io-bytestring-jvm/0.8.2/89c5399596250e71f2bba6d2415972a078a525c7/kotlinx-io-bytestring-jvm-0.8.2.jar:/Users/mattias800/.gradle/caches/modules-2/files-2.1/org.jetbrains.kotlin/kotlin-stdlib/2.3.10/8b80e2f80a3b7daa99c16017f91d4c72cd8b31a6/kotlin-stdlib-2.3.10.jar:/Users/mattias800/.gradle/caches/modules-2/files-2.1/org.jetbrains/annotations/23.0.0/8cc20c07506ec18e0834947b84a864bfc094484e/annotations-23.0.0.jar:/Users/mattias800/.gradle/caches/modules-2/files-2.1/org.xerial/sqlite-jdbc/3.51.0.0/17c4e0d41dd482d6f35547f4235d55e72b7cf0f1/sqlite-jdbc-3.51.0.0.jar:/Users/mattias800/.gradle/caches/modules-2/files-2.1/org.slf4j/slf4j-api/2.0.17/d9e58ac9c7779ba3bf8142aff6c830617a7fe60f/slf4j-api-2.0.17.jar:/Users/mattias800/.gradle/caches/modules-2/files-2.1/org.jetbrains.runtime/jbr-api/1.5.0/4158e485a7a4ecfd521e03095d81e0225529e8d2/jbr-api-1.5.0.jar:/Users/mattias800/.gradle/caches/modules-2/files-2.1/org.jspecify/jspecify/1.0.0/7425a601c1c7ec76645a78d22b8c6a627edee507/jspecify-1.0.0.jar
Launcher Type: SUN_STANDARD

[Global flags]
     intx CICompilerCount                          = 4                                         {product} {ergonomic}
     uint ConcGCThreads                            = 2                                         {product} {ergonomic}
     uint G1ConcRefinementThreads                  = 8                                         {product} {ergonomic}
   size_t G1HeapRegionSize                         = 4194304                                   {product} {ergonomic}
    uintx GCDrainStackTargetSize                   = 64                                        {product} {ergonomic}
   size_t InitialHeapSize                          = 402653184                                 {product} {ergonomic}
   size_t MarkStackSize                            = 4194304                                   {product} {ergonomic}
   size_t MaxHeapSize                              = 6442450944                                {product} {ergonomic}
   size_t MaxNewSize                               = 3862953984                                {product} {ergonomic}
   size_t MinHeapDeltaBytes                        = 4194304                                   {product} {ergonomic}
   size_t MinHeapSize                              = 8388608                                   {product} {ergonomic}
    uintx NonNMethodCodeHeapSize                   = 5839564                                {pd product} {ergonomic}
    uintx NonProfiledCodeHeapSize                  = 122909338                              {pd product} {ergonomic}
    uintx ProfiledCodeHeapSize                     = 122909338                              {pd product} {ergonomic}
    uintx ReservedCodeCacheSize                    = 251658240                              {pd product} {ergonomic}
     bool SegmentedCodeCache                       = true                                      {product} {ergonomic}
   size_t SoftMaxHeapSize                          = 6442450944                             {manageable} {ergonomic}
     bool UseCompressedOops                        = true                           {product lp64_product} {ergonomic}
     bool UseG1GC                                  = true                                      {product} {ergonomic}
     bool UseNUMA                                  = false                                     {product} {ergonomic}
     bool UseNUMAInterleaving                      = false                                     {product} {ergonomic}

Logging:
Log output configuration:
 #0: stdout all=warning uptime,level,tags foldmultilines=false
 #1: stderr all=off uptime,level,tags foldmultilines=false

Release file:
IMPLEMENTOR="Microsoft"
IMPLEMENTOR_VERSION="Microsoft-13106411"
JAVA_RUNTIME_VERSION="21.0.10+7-LTS"
JAVA_VERSION="21.0.10"
JAVA_VERSION_DATE="2026-01-20"
LIBC="default"
MODULES="java.base java.compiler java.datatransfer java.xml java.prefs java.desktop java.instrument java.logging java.management java.security.sasl java.naming java.rmi java.management.rmi java.net.http java.scripting java.security.jgss java.transaction.xa java.sql java.sql.rowset java.xml.crypto java.se java.smartcardio jdk.accessibility jdk.internal.jvmstat jdk.attach jdk.charsets jdk.internal.opt jdk.zipfs jdk.compiler jdk.crypto.ec jdk.crypto.cryptoki jdk.dynalink jdk.internal.ed jdk.editpad jdk.hotspot.agent jdk.httpserver jdk.incubator.vector jdk.internal.le jdk.internal.vm.ci jdk.internal.vm.compiler jdk.internal.vm.compiler.management jdk.jartool jdk.javadoc jdk.jcmd jdk.management jdk.management.agent jdk.jconsole jdk.jdeps jdk.jdwp.agent jdk.jdi jdk.jfr jdk.jlink jdk.jpackage jdk.jshell jdk.jsobject jdk.jstatd jdk.localedata jdk.management.jfr jdk.naming.dns jdk.naming.rmi jdk.net jdk.nio.mapmode jdk.random jdk.sctp jdk.security.auth jdk.security.jgss jdk.unsupported jdk.unsupported.desktop jdk.xml.dom"
OS_ARCH="aarch64"
OS_NAME="Darwin"
SOURCE=".:git:e69b6ef7382e"

Environment Variables:
PATH=/Users/mattias800/Library/Android/sdk/emulator:/Users/mattias800/Library/Android/sdk/tools:/Users/mattias800/Library/Android/sdk/platform-tools:/Users/mattias800/.antigravity/antigravity/bin:/Users/mattias800/.local/bin:/Users/mattias800/.mzsh/bin:/Users/mattias800/.bun/bin:/Users/mattias800/Library/pnpm:/opt/homebrew/bin:/opt/homebrew/sbin:/usr/local/bin:/System/Cryptexes/App/usr/bin:/usr/bin:/bin:/usr/sbin:/sbin:/var/run/com.apple.security.cryptexd/codex.system/bootstrap/usr/local/bin:/var/run/com.apple.security.cryptexd/codex.system/bootstrap/usr/bin:/var/run/com.apple.security.cryptexd/codex.system/bootstrap/usr/appleinternal/bin:/opt/pmk/env/global/bin:/Library/Apple/usr/bin:/usr/local/share/dotnet:~/.dotnet/tools:/Users/mattias800/Library/Application Support/JetBrains/Toolbox/scripts:/Users/mattias800/.lmstudio/bin:/Users/mattias800/.maestro/bin:/Users/mattias800/.maestro/bin:/Applications/Warp.app/Contents/Resources/bin
SHELL=/bin/zsh
LANG=C.UTF-8
LC_CTYPE=UTF-8
TERM=xterm-256color
TMPDIR=/var/folders/00/y_pwwndd1hj9rnmh0xwj36v80000gn/T/
DYLD_FALLBACK_LIBRARY_PATH=/tmp/spela-vulkan:/opt/homebrew/lib:/usr/local/lib

Active Locale:
LC_ALL=C.UTF-8/UTF-8/C.UTF-8/C.UTF-8/C.UTF-8/C.UTF-8
LC_COLLATE=C.UTF-8
LC_CTYPE=UTF-8
LC_MESSAGES=C.UTF-8
LC_MONETARY=C.UTF-8
LC_NUMERIC=C.UTF-8
LC_TIME=C.UTF-8

Signal Handlers:
   SIGSEGV: crash_handler in libjvm.dylib, mask=11100110000111110111111111111111, flags=SA_ONSTACK|SA_RESTART|SA_SIGINFO, unblocked
    SIGBUS: crash_handler in libjvm.dylib, mask=11100110000111110111111111111111, flags=SA_RESTART|SA_SIGINFO, unblocked
    SIGFPE: crash_handler in libjvm.dylib, mask=11100110000111110111111111111111, flags=SA_RESTART|SA_SIGINFO, unblocked
   SIGPIPE: javaSignalHandler in libjvm.dylib, mask=11100110000111110111111111111111, flags=SA_RESTART|SA_SIGINFO, blocked
   SIGXFSZ: javaSignalHandler in libjvm.dylib, mask=11100110000111110111111111111111, flags=SA_RESTART|SA_SIGINFO, blocked
    SIGILL: crash_handler in libjvm.dylib, mask=11100110000111110111111111111111, flags=SA_RESTART|SA_SIGINFO, unblocked
   SIGUSR2: SR_handler in libjvm.dylib, mask=00000000000000000000000000000000, flags=SA_RESTART|SA_SIGINFO, blocked
    SIGHUP: UserHandler in libjvm.dylib, mask=11100110000111110111111111111111, flags=SA_RESTART|SA_SIGINFO, blocked
    SIGINT: UserHandler in libjvm.dylib, mask=11100110000111110111111111111111, flags=SA_RESTART|SA_SIGINFO, blocked
   SIGTERM: UserHandler in libjvm.dylib, mask=11100110000111110111111111111111, flags=SA_RESTART|SA_SIGINFO, blocked
   SIGQUIT: UserHandler in libjvm.dylib, mask=11100110000111110111111111111111, flags=SA_RESTART|SA_SIGINFO, blocked
   SIGTRAP: crash_handler in libjvm.dylib, mask=11100110000111110111111111111111, flags=SA_RESTART|SA_SIGINFO, unblocked


Periodic native trim disabled

---------------  S Y S T E M  ---------------

OS:
uname: Darwin 25.3.0 Darwin Kernel Version 25.3.0: Wed Jan 28 20:56:34 PST 2026; root:xnu-12377.91.3~2/RELEASE_ARM64_T8112 arm64
OS uptime: 14 days 16:09 hours
rlimit (soft/hard): STACK 8176k/65520k , CORE 0k/infinity , NPROC 4000/6000 , NOFILE 1048576/infinity , AS infinity/infinity , CPU infinity/infinity , DATA infinity/infinity , FSIZE infinity/infinity , MEMLOCK infinity/infinity , RSS infinity/infinity
load average: 11.51 7.67 6.16

CPU: total 8 (initial active 8) 0x61:0x0:0xda33d83d:0, fp, asimd, aes, pmull, sha1, sha256, crc32, lse, sha3, sha512
machdep.cpu.brand_string:Apple M2
hw.cachelinesize:128
hw.l1icachesize:131072
hw.l1dcachesize:65536
hw.l2cachesize:4194304

Memory: 16k page, physical 25165824k(93744k free), swap 8388608k(1007488k free)

vm_info: OpenJDK 64-Bit Server VM (21.0.10+7-LTS) for bsd-aarch64 JRE (21.0.10+7-LTS), built on 2026-01-15T18:35:20Z by "MicrosoftCorporation" with clang Apple LLVM 15.0.0 (clang-1500.1.0.2.5)

END.
