#
# A fatal error has been detected by the Java Runtime Environment:
#
#  SIGSEGV (0xb) at pc=0x000000019a1c9838, pid=86844, tid=129555
#
# JRE version: OpenJDK Runtime Environment Microsoft-13106411 (21.0.10+7) (build 21.0.10+7-LTS)
# Java VM: OpenJDK 64-Bit Server VM Microsoft-13106411 (21.0.10+7-LTS, mixed mode, sharing, tiered, compressed oops, compressed class ptrs, g1 gc, bsd-aarch64)
# Problematic frame:
# C  [libobjc.A.dylib+0x9838]  objc_msgSend+0x38
#
# No core dump will be written. Core dumps have been disabled. To enable core dumping, try "ulimit -c unlimited" before starting Java again
#
# If you would like to submit a bug report, please visit:
#   https://github.com/microsoft/openjdk/issues
# The crash happened outside the Java Virtual Machine in native code.
# See problematic frame for where to report the bug.
#

---------------  S U M M A R Y ------------

Command Line: -Dcompose.application.configure.swing.globals=true -Dcompose.application.resources.dir=/Users/mattias800/repos/spela/player/desktop/build/compose/tmp/prepareAppResources -Djava.library.path=/Users/mattias800/repos/spela/player/desktop/build/native -Dfile.encoding=UTF-8 -Duser.country=US -Duser.language=en -Duser.variant com.spela.player.desktop.MainKt

Host: "Mac14,2" arm64, 8 cores, 24G, Darwin 25.3.0, macOS 26.3.1 (25D2128)
Time: Wed Mar 25 16:36:45 2026 CET elapsed time: 961.969064 seconds (0d 0h 16m 1s)

---------------  T H R E A D  ---------------

Current thread (0x0000000958058e00):  JavaThread "AWT-EventQueue-0"        [_thread_in_native, id=129555, stack(0x0000000170bfc000,0x0000000170dff000) (2060K)]

Stack: [0x0000000170bfc000,0x0000000170dff000],  sp=0x0000000170dfdd20,  free space=2055k
Native frames: (J=compiled Java code, j=interpreted, Vv=VM code, C=native code)
C  [libobjc.A.dylib+0x9838]  objc_msgSend+0x38
C  [IOKit+0x487c0]  IOHIDManagerUnscheduleFromRunLoop+0x40
C  [libSDL2-2.0.0.dylib+0xc756c]  DARWIN_JoystickQuit+0x40
C  [libSDL2-2.0.0.dylib+0x31810]  SDL_JoystickQuit+0x50
C  [libSDL2-2.0.0.dylib+0x6140]  SDL_QuitSubSystem_REAL+0xbc
C  [libSDL2-2.0.0.dylib+0x6104]  SDL_QuitSubSystem_REAL+0x80
C  [libSDL2-2.0.0.dylib+0x6358]  SDL_Quit_REAL+0x20
C  [libspela-libretro.dylib+0x1f2ec]  Java_com_spela_player_libretro_LibretroJni_nativeGamepadShutdown+0xac
j  com.spela.player.libretro.LibretroJni.nativeGamepadShutdown()V+0
j  com.spela.player.libretro.DesktopGamepadPoller.stop()V+34
j  com.spela.player.desktop.MainKt.main$lambda$2$2$0(Lcom/spela/player/libretro/DesktopGamepadPoller;Landroidx/compose/ui/window/ApplicationScope;)Lkotlin/Unit;+1
j  com.spela.player.desktop.MainKt$$Lambda+0x000000e801207a50.invoke()Ljava/lang/Object;+8
j  androidx.compose.ui.awt.SwingWindow_desktopKt$SwingWindow$10$1$1$1.windowClosing(Ljava/awt/event/WindowEvent;)V+13
j  java.awt.AWTEventMulticaster.windowClosing(Ljava/awt/event/WindowEvent;)V+21 java.desktop@21.0.10
j  java.awt.AWTEventMulticaster.windowClosing(Ljava/awt/event/WindowEvent;)V+8 java.desktop@21.0.10
j  java.awt.Window.processWindowEvent(Ljava/awt/event/WindowEvent;)V+68 java.desktop@21.0.10
j  javax.swing.JFrame.processWindowEvent(Ljava/awt/event/WindowEvent;)V+2 java.desktop@21.0.10
j  java.awt.Window.processEvent(Ljava/awt/AWTEvent;)V+69 java.desktop@21.0.10
J 13555 c1 java.awt.Component.dispatchEventImpl(Ljava/awt/AWTEvent;)V java.desktop@21.0.10 (785 bytes) @ 0x0000000114f385b4 [0x0000000114f345c0+0x0000000000003ff4]
J 15810 c1 java.awt.Container.dispatchEventImpl(Ljava/awt/AWTEvent;)V java.desktop@21.0.10 (129 bytes) @ 0x00000001151e17bc [0x00000001151e1640+0x000000000000017c]
j  java.awt.Window.dispatchEventImpl(Ljava/awt/AWTEvent;)V+19 java.desktop@21.0.10
J 14002 c1 java.awt.Component.dispatchEvent(Ljava/awt/AWTEvent;)V java.desktop@21.0.10 (6 bytes) @ 0x000000011471f514 [0x000000011471f3c0+0x0000000000000154]
j  androidx.compose.ui.window.DefaultWindowExceptionHandlerFactory.exceptionHandler$lambda$0$0(Ljava/awt/Window;Ljava/lang/Throwable;)V+38
j  androidx.compose.ui.window.DefaultWindowExceptionHandlerFactory$$Lambda+0x000000e8015e66c8.run()V+8
J 8355 c2 java.awt.EventQueue.dispatchEventImpl(Ljava/awt/AWTEvent;Ljava/lang/Object;)V java.desktop@21.0.10 (139 bytes) @ 0x000000011bfe03f8 [0x000000011bfe0100+0x00000000000002f8]
J 8933 c2 java.awt.EventQueue.dispatchEvent(Ljava/awt/AWTEvent;)V java.desktop@21.0.10 (80 bytes) @ 0x000000011c050504 [0x000000011c050240+0x00000000000002c4]
J 8859 c2 java.awt.EventDispatchThread.pumpOneEventForFilters(I)V java.desktop@21.0.10 (106 bytes) @ 0x000000011c02fdec [0x000000011c02f280+0x0000000000000b6c]
J 12670% c2 java.awt.EventDispatchThread.pumpEventsForFilter(ILjava/awt/Conditional;Ljava/awt/EventFilter;)V java.desktop@21.0.10 (47 bytes) @ 0x000000011bcdaa7c [0x000000011bcda9c0+0x00000000000000bc]
j  java.awt.EventDispatchThread.pumpEventsForHierarchy(ILjava/awt/Conditional;Ljava/awt/Component;)V+11 java.desktop@21.0.10
j  java.awt.EventDispatchThread.pumpEvents(ILjava/awt/Conditional;)V+4 java.desktop@21.0.10
j  java.awt.EventDispatchThread.pumpEvents(Ljava/awt/Conditional;)V+3 java.desktop@21.0.10
j  java.awt.EventDispatchThread.run()V+9 java.desktop@21.0.10
v  ~StubRoutines::call_stub 0x000000011b698154
V  [libjvm.dylib+0x4b2d3c]  JavaCalls::call_helper(JavaValue*, methodHandle const&, JavaCallArguments*, JavaThread*)+0x3d8
V  [libjvm.dylib+0x4b1c74]  JavaCalls::call_virtual(JavaValue*, Klass*, Symbol*, Symbol*, JavaCallArguments*, JavaThread*)+0x140
V  [libjvm.dylib+0x4b1d40]  JavaCalls::call_virtual(JavaValue*, Handle, Klass*, Symbol*, Symbol*, JavaThread*)+0x64
V  [libjvm.dylib+0x581e98]  thread_entry(JavaThread*, JavaThread*)+0x9c
V  [libjvm.dylib+0x4c7084]  JavaThread::thread_main_inner()+0x98
V  [libjvm.dylib+0x9ff190]  Thread::call_run()+0xc8
V  [libjvm.dylib+0x821ab8]  thread_native_entry(Thread*)+0x118
C  [libsystem_pthread.dylib+0x6c08]  _pthread_start+0x88
Java frames: (J=compiled Java code, j=interpreted, Vv=VM code)
j  com.spela.player.libretro.LibretroJni.nativeGamepadShutdown()V+0
j  com.spela.player.libretro.DesktopGamepadPoller.stop()V+34
j  com.spela.player.desktop.MainKt.main$lambda$2$2$0(Lcom/spela/player/libretro/DesktopGamepadPoller;Landroidx/compose/ui/window/ApplicationScope;)Lkotlin/Unit;+1
j  com.spela.player.desktop.MainKt$$Lambda+0x000000e801207a50.invoke()Ljava/lang/Object;+8
j  androidx.compose.ui.awt.SwingWindow_desktopKt$SwingWindow$10$1$1$1.windowClosing(Ljava/awt/event/WindowEvent;)V+13
j  java.awt.AWTEventMulticaster.windowClosing(Ljava/awt/event/WindowEvent;)V+21 java.desktop@21.0.10
j  java.awt.AWTEventMulticaster.windowClosing(Ljava/awt/event/WindowEvent;)V+8 java.desktop@21.0.10
j  java.awt.Window.processWindowEvent(Ljava/awt/event/WindowEvent;)V+68 java.desktop@21.0.10
j  javax.swing.JFrame.processWindowEvent(Ljava/awt/event/WindowEvent;)V+2 java.desktop@21.0.10
j  java.awt.Window.processEvent(Ljava/awt/AWTEvent;)V+69 java.desktop@21.0.10
J 13555 c1 java.awt.Component.dispatchEventImpl(Ljava/awt/AWTEvent;)V java.desktop@21.0.10 (785 bytes) @ 0x0000000114f385b4 [0x0000000114f345c0+0x0000000000003ff4]
J 15810 c1 java.awt.Container.dispatchEventImpl(Ljava/awt/AWTEvent;)V java.desktop@21.0.10 (129 bytes) @ 0x00000001151e17bc [0x00000001151e1640+0x000000000000017c]
j  java.awt.Window.dispatchEventImpl(Ljava/awt/AWTEvent;)V+19 java.desktop@21.0.10
J 14002 c1 java.awt.Component.dispatchEvent(Ljava/awt/AWTEvent;)V java.desktop@21.0.10 (6 bytes) @ 0x000000011471f514 [0x000000011471f3c0+0x0000000000000154]
j  androidx.compose.ui.window.DefaultWindowExceptionHandlerFactory.exceptionHandler$lambda$0$0(Ljava/awt/Window;Ljava/lang/Throwable;)V+38
j  androidx.compose.ui.window.DefaultWindowExceptionHandlerFactory$$Lambda+0x000000e8015e66c8.run()V+8
J 8355 c2 java.awt.EventQueue.dispatchEventImpl(Ljava/awt/AWTEvent;Ljava/lang/Object;)V java.desktop@21.0.10 (139 bytes) @ 0x000000011bfe03f8 [0x000000011bfe0100+0x00000000000002f8]
J 8933 c2 java.awt.EventQueue.dispatchEvent(Ljava/awt/AWTEvent;)V java.desktop@21.0.10 (80 bytes) @ 0x000000011c050504 [0x000000011c050240+0x00000000000002c4]
J 8859 c2 java.awt.EventDispatchThread.pumpOneEventForFilters(I)V java.desktop@21.0.10 (106 bytes) @ 0x000000011c02fdec [0x000000011c02f280+0x0000000000000b6c]
J 12670% c2 java.awt.EventDispatchThread.pumpEventsForFilter(ILjava/awt/Conditional;Ljava/awt/EventFilter;)V java.desktop@21.0.10 (47 bytes) @ 0x000000011bcdaa7c [0x000000011bcda9c0+0x00000000000000bc]
j  java.awt.EventDispatchThread.pumpEventsForHierarchy(ILjava/awt/Conditional;Ljava/awt/Component;)V+11 java.desktop@21.0.10
j  java.awt.EventDispatchThread.pumpEvents(ILjava/awt/Conditional;)V+4 java.desktop@21.0.10
j  java.awt.EventDispatchThread.pumpEvents(Ljava/awt/Conditional;)V+3 java.desktop@21.0.10
j  java.awt.EventDispatchThread.run()V+9 java.desktop@21.0.10
v  ~StubRoutines::call_stub 0x000000011b698154

siginfo: si_signo: 11 (SIGSEGV), si_code: 2 (SEGV_ACCERR), si_addr: 0x0000696f726af261

Registers:
 x0=0x000000095bf99800  x1=0x0000000214be90f8  x2=0x000000095cb24c00  x3=0x000000000001fa13
 x4=0x0000000170dfdcd0  x5=0x0000000170dfdbc0  x6=0x0000000100000002  x7=0x0000000958058e00
 x8=0x000000095908cc40  x9=0x00000000000001b8 x10=0x0000696f72646e61 x11=0x0000000000007864
x12=0x0000000000006840 x13=0x0000696f726af261 x14=0x000000095908cc40 x15=0x000000095908cc40
x16=0x000000095908cc40 x17=0x0000000207e91868 x18=0x0000000000000000 x19=0x000000095cb24c00
x20=0x000000095bf99800 x21=0x000000013fb49718 x22=0x000000095cb24c00 x23=0x0000000000000000
x24=0x0000000170dfdef8 x25=0x000000048082c868 x26=0x000000012cdcc620 x27=0x000000048082c878
x28=0x0000000958058e00  fp=0x0000000170dfdd50  lr=0x000000019a65f050  sp=0x0000000170dfdd20
pc=0x000000019a1c9838 cpsr=0x0000000020001000

Register to memory mapping:

x0 =0x000000095bf99800 points into unknown readable memory: 0x000000095908cc40 | 40 cc 08 59 09 00 00 00
x1 =0x0000000214be90f8 points into unknown readable memory: 0x3a6c617571457369 | 69 73 45 71 75 61 6c 3a
x2 =0x000000095cb24c00 points into unknown readable memory: 0x01000002068fa4b9 | b9 a4 8f 06 02 00 00 01
x3 =0x000000000001fa13 is an unknown value
x4 =0x0000000170dfdcd0 is pointing into the stack for thread: 0x0000000958058e00
x5 =0x0000000170dfdbc0 is pointing into the stack for thread: 0x0000000958058e00
x6 =0x0000000100000002 is an unknown value
x7 =0x0000000958058e00 is a thread
x8 =0x000000095908cc40 points into unknown readable memory: 0x000000095745eb20 | 20 eb 45 57 09 00 00 00
x9 =0x00000000000001b8 is an unknown value
x10=0x0000696f72646e61 is an unknown value
x11=0x0000000000007864 is an unknown value
x12=0x0000000000006840 is an unknown value
x13=0x0000696f726af261 is an unknown value
x14=0x000000095908cc40 points into unknown readable memory: 0x000000095745eb20 | 20 eb 45 57 09 00 00 00
x15=0x000000095908cc40 points into unknown readable memory: 0x000000095745eb20 | 20 eb 45 57 09 00 00 00
x16=0x000000095908cc40 points into unknown readable memory: 0x000000095745eb20 | 20 eb 45 57 09 00 00 00
x17=0x0000000207e91868 points into unknown readable memory: 0x000000019a1c9800 | 00 98 1c 9a 01 00 00 00
x18=0x0 is null
x19=0x000000095cb24c00 points into unknown readable memory: 0x01000002068fa4b9 | b9 a4 8f 06 02 00 00 01
x20=0x000000095bf99800 points into unknown readable memory: 0x000000095908cc40 | 40 cc 08 59 09 00 00 00
x21=0x000000013fb49718: <offset 0x111718> in /opt/homebrew/Cellar/sdl2/2.32.10/lib/libSDL2-2.0.0.dylib at 0x000000013fa38000
x22=0x000000095cb24c00 points into unknown readable memory: 0x01000002068fa4b9 | b9 a4 8f 06 02 00 00 01
x23=0x0 is null
x24=0x0000000170dfdef8 is pointing into the stack for thread: 0x0000000958058e00
x25=0x000000048082c868 is an oop: kotlinx.coroutines.internal.LockFreeTaskQueueCore 
{0x000000048082c868} - klass: 'kotlinx/coroutines/internal/LockFreeTaskQueueCore'
 - ---- fields (total size 5 words):
 - private final 'capacity' 'I' @12  8 (0x00000008)
 - private volatile synthetic '_state$volatile' 'J' @16  104479374539800 (0x00005f0600017c18)
 - private final 'mask' 'I' @24  7 (0x00000007)
 - private final 'singleConsumer' 'Z' @28  false (0x00)
 - private volatile synthetic '_next$volatile' 'Ljava/lang/Object;' @32  null (0x00000000)
 - private final synthetic 'array' 'Ljava/util/concurrent/atomic/AtomicReferenceArray;' @36  a 'java/util/concurrent/atomic/AtomicReferenceArray'{0x000000048082c890} (0x90105912)
x26=0x000000012cdcc620 is pointing into metadata
x27=0x000000048082c878 is pointing into object: kotlinx.coroutines.internal.LockFreeTaskQueueCore 
{0x000000048082c868} - klass: 'kotlinx/coroutines/internal/LockFreeTaskQueueCore'
 - ---- fields (total size 5 words):
 - private final 'capacity' 'I' @12  8 (0x00000008)
 - private volatile synthetic '_state$volatile' 'J' @16  104479374539800 (0x00005f0600017c18)
 - private final 'mask' 'I' @24  7 (0x00000007)
 - private final 'singleConsumer' 'Z' @28  false (0x00)
 - private volatile synthetic '_next$volatile' 'Ljava/lang/Object;' @32  null (0x00000000)
 - private final synthetic 'array' 'Ljava/util/concurrent/atomic/AtomicReferenceArray;' @36  a 'java/util/concurrent/atomic/AtomicReferenceArray'{0x000000048082c890} (0x90105912)
x28=0x0000000958058e00 is a thread
 fp=0x0000000170dfdd50 is pointing into the stack for thread: 0x0000000958058e00
 lr=0x000000019a65f050: CFEqual+0x3a8 in /System/Library/Frameworks/CoreFoundation.framework/Versions/A/CoreFoundation at 0x000000019a657000
 sp=0x0000000170dfdd20 is pointing into the stack for thread: 0x0000000958058e00

Top of Stack: (sp=0x0000000170dfdd20)
0x0000000170dfdd20:   0000000170dfdef8 0000000000000000
0x0000000170dfdd30:   000000095cb24c00 000000013fb49718
0x0000000170dfdd40:   000000095b24e490 000000095b24e440
0x0000000170dfdd50:   0000000170dfdd80 000000019e99f7c0
0x0000000170dfdd60:   0000000000000000 000000013fb45ad8
0x0000000170dfdd70:   000000013fb56000 000000095b24e440
0x0000000170dfdd80:   0000000170dfdda0 000000013faff56c
0x0000000170dfdd90:   0000000000000008 000000013fb56000
0x0000000170dfdda0:   0000000170dfddd0 000000013fa69810
0x0000000170dfddb0:   0000000000000000 000000010b6a9f10
0x0000000170dfddc0:   000000013fb55000 0000000000000200
0x0000000170dfddd0:   0000000170dfddf0 000000013fa3e140
0x0000000170dfdde0:   000000013fb55000 000000000000f231
0x0000000170dfddf0:   0000000170dfde10 000000013fa3e104
0x0000000170dfde00:   0000000170dfde78 000000013fb55000
0x0000000170dfde10:   0000000170dfde30 000000013fa3e358
0x0000000170dfde20:   0000000170dfde78 000000011b69e8f0
0x0000000170dfde30:   0000000170dfde60 000000013f8832ec
0x0000000170dfde40:   0000000170dfde78 0000000070dfdec0
0x0000000170dfde50:   0000000170dfdef8 00000009580591c0
0x0000000170dfde60:   0000000170dfded0 000000011b6a0a88
0x0000000170dfde70:   0000000170dfdf50 00000001151f4c3c
0x0000000170dfde80:   0000000170dfde80 0000000000000000
0x0000000170dfde90:   0000000000000005 000000012cdcc620
0x0000000170dfdea0:   000000048008a2c8 0000000170dfde70
0x0000000170dfdeb0:   0000000000000000 000000012c6ea280
0x0000000170dfdec0:   0000000000000000 0000000170dfdec0
0x0000000170dfded0:   0000000170dfdf50 000000011b69d17c
0x0000000170dfdee0:   0000000000000000 0000000000000000
0x0000000170dfdef0:   0000000000000000 0000000480b5a728
0x0000000170dfdf00:   0000000170dfdf00 000000012c6efb6a
0x0000000170dfdf10:   0000000000000003 000000012cdcb050 

Instructions: (pc=0x000000019a1c9838)
0x000000019a1c9738:   1f 20 03 d5 1f 20 03 d5 1f 20 03 d5 1f 20 03 d5
0x000000019a1c9748:   1f 20 03 d5 1f 20 03 d5 1f 20 03 d5 1f 20 03 d5
0x000000019a1c9758:   1f 20 03 d5 1f 20 03 d5 1f 20 03 d5 1f 20 03 d5
0x000000019a1c9768:   1f 20 03 d5 1f 20 03 d5 1f 20 03 d5 1f 20 03 d5
0x000000019a1c9778:   1f 20 03 d5 1f 20 03 d5 1f 20 03 d5 1f 20 03 d5
0x000000019a1c9788:   1f 20 03 d5 1f 20 03 d5 1f 20 03 d5 1f 20 03 d5
0x000000019a1c9798:   1f 20 03 d5 1f 20 03 d5 1f 20 03 d5 1f 20 03 d5
0x000000019a1c97a8:   1f 20 03 d5 1f 20 03 d5 1f 20 03 d5 1f 20 03 d5
0x000000019a1c97b8:   1f 20 03 d5 1f 20 03 d5 1f 20 03 d5 1f 20 03 d5
0x000000019a1c97c8:   1f 20 03 d5 1f 20 03 d5 1f 20 03 d5 1f 20 03 d5
0x000000019a1c97d8:   1f 20 03 d5 1f 20 03 d5 1f 20 03 d5 1f 20 03 d5
0x000000019a1c97e8:   1f 20 03 d5 1f 20 03 d5 1f 20 03 d5 1f 20 03 d5
0x000000019a1c97f8:   1f 20 03 d5 1f 20 03 d5 1f 00 00 f1 ed 03 00 54
0x000000019a1c9808:   0e 00 40 f9 d0 cd 7d 92 ea 03 00 aa 2a 5c ed f2
0x000000019a1c9818:   50 19 c1 da ef 03 10 aa 0a 0a 40 f9 4b fd 70 d3
0x000000019a1c9828:   4a bd 40 92 2c 1c 41 ca 8c 01 0b 0a 4d 11 0c 8b
0x000000019a1c9838:   b1 25 ff a8 3f 01 01 eb 81 00 00 54 4a 01 01 ca
0x000000019a1c9848:   4a 01 10 ca 2a 0e 1f d7 89 17 00 b4 bf 01 0a eb
0x000000019a1c9858:   02 ff ff 54 4d 51 2b 8b 4c 11 0c 8b b1 25 ff a8
0x000000019a1c9868:   3f 01 01 eb c0 fe ff 54 3f 01 00 f1 a0 11 4c fa
0x000000019a1c9878:   68 ff ff 54 b1 00 00 14 a0 01 00 54 0a 08 40 92
0x000000019a1c9888:   0b fc 77 93 5f 1d 00 f1 6c 01 8a 9a 4a 38 36 d0
0x000000019a1c9898:   4a c1 1a 91 4a 0d 0c 8b 4e 01 40 f9 f0 03 0e aa
0x000000019a1c98a8:   aa f3 f1 f2 50 1d c1 da db ff ff 17 01 00 80 d2
0x000000019a1c98b8:   00 e4 00 2f 01 e4 00 2f 02 e4 00 2f 03 e4 00 2f
0x000000019a1c98c8:   c0 03 5f d6 1f 20 03 d5 1f 20 03 d5 1f 20 03 d5
0x000000019a1c98d8:   1f 20 03 d5 1f 20 03 d5 1f 00 00 f1 cd 04 00 54
0x000000019a1c98e8:   0d 00 40 f9 b0 cd 7d 92 ea 03 00 aa 2a 5c ed f2
0x000000019a1c98f8:   50 19 c1 da ef 03 10 aa 0a 0a 40 f9 4b fd 70 d3
0x000000019a1c9908:   4a bd 40 92 2c 1c 41 ca 8c 01 0b 0a 4d 11 0c 8b
0x000000019a1c9918:   b1 25 ff a8 3f 01 01 eb 61 01 00 54 4a 01 01 ca
0x000000019a1c9928:   4a 01 10 ca 51 15 c1 da 2a 06 11 ca 4a 00 f0 b6 


Stack slot to memory mapping:

stack at sp + 0 slots: 0x0000000170dfdef8 is pointing into the stack for thread: 0x0000000958058e00
stack at sp + 1 slots: 0x0 is null
stack at sp + 2 slots: 0x000000095cb24c00 points into unknown readable memory: 0x01000002068fa4b9 | b9 a4 8f 06 02 00 00 01
stack at sp + 3 slots: 0x000000013fb49718: <offset 0x111718> in /opt/homebrew/Cellar/sdl2/2.32.10/lib/libSDL2-2.0.0.dylib at 0x000000013fa38000
stack at sp + 4 slots: 0x000000095b24e490 points into unknown readable memory: 0x000000095bf99800 | 00 98 f9 5b 09 00 00 00
stack at sp + 5 slots: 0x000000095b24e440 points into unknown readable memory: 0x01000002068fa4b9 | b9 a4 8f 06 02 00 00 01
stack at sp + 6 slots: 0x0000000170dfdd80 is pointing into the stack for thread: 0x0000000958058e00
stack at sp + 7 slots: 0x000000019e99f7c0: IOHIDManagerUnscheduleFromRunLoop+0x40 in /System/Library/Frameworks/IOKit.framework/Versions/A/IOKit at 0x000000019e957000


Compiled method (c1) 961979 13555       3       java.awt.Component::dispatchEventImpl (785 bytes)
 total in heap  [0x0000000114f33890,0x0000000114f3cfe8] = 38744
 relocation     [0x0000000114f339e0,0x0000000114f345b0] = 3024
 main code      [0x0000000114f345c0,0x0000000114f3afa8] = 27112
 stub code      [0x0000000114f3afa8,0x0000000114f3b9a0] = 2552
 oops           [0x0000000114f3b9a0,0x0000000114f3b9e8] = 72
 metadata       [0x0000000114f3b9e8,0x0000000114f3bdb8] = 976
 scopes data    [0x0000000114f3bdb8,0x0000000114f3c4b0] = 1784
 scopes pcs     [0x0000000114f3c4b0,0x0000000114f3ce50] = 2464
 dependencies   [0x0000000114f3ce50,0x0000000114f3cea0] = 80
 nul chk table  [0x0000000114f3cea0,0x0000000114f3cfe8] = 328

[Constant Pool (empty)]

[MachCode]
[Entry Point]
  # {method} {0x000000012c049ac0} 'dispatchEventImpl' '(Ljava/awt/AWTEvent;)V' in 'java/awt/Component'
  # this:     c_rarg1:c_rarg1 
                        = 'java/awt/Component'
  # parm0:    c_rarg2:c_rarg2 
                        = 'java/awt/AWTEvent'
  #           [sp+0x110]  (sp of caller)
  0x0000000114f345c0: 2808 40b9 | 3f01 086b | c001 0054 

  0x0000000114f345cc: ;   {runtime_call ic_miss_stub}
  0x0000000114f345cc: 2d7e 9e15 | 1f20 03d5 | 1f20 03d5 | 1f20 03d5 | 1f20 03d5 | 1f20 03d5 | 1f20 03d5 | 1f20 03d5 
  0x0000000114f345ec: 1f20 03d5 | 1f20 03d5 | 1f20 03d5 | 1f20 03d5 | 1f20 03d5 
[Verified Entry Point]
  0x0000000114f34600: 1f20 03d5 | e953 40d1 | 3f01 00f9 | ff43 04d1 | fd7b 10a9 | 2801 0018 | 8923 40b9 | 1f01 09eb 
  0x0000000114f34620: e000 0054 | 0830 9bd2 | a86d a3f2 | 2800 c0f2 | 0001 3fd6 | 0200 0014 | 5000 0000 | e15b 00f9 
  0x0000000114f34640: e253 00f9 

  0x0000000114f34644: ;   {metadata(method data for {method} {0x000000012c049ac0} 'dispatchEventImpl' '(Ljava/awt/AWTEvent;)V' in 'java/awt/Component')}
  0x0000000114f34644: 00dd 96d2 | 00cf a5f2 | 2000 c0f2 | 03ac 40b9 | 6308 0011 | 03ac 00b9 | 6324 1f12 | 7f00 0071 
  0x0000000114f34664: 601f 0354 

  0x0000000114f34668: ; implicit exception: dispatches to 0x0000000114f3aa70
  0x0000000114f34668: 5f00 40f9 | e003 02aa 

  0x0000000114f34670: ;   {metadata(method data for {method} {0x000000012c049ac0} 'dispatchEventImpl' '(Ljava/awt/AWTEvent;)V' in 'java/awt/Component')}
  0x0000000114f34670: 03dd 96d2 | 03cf a5f2 | 2300 c0f2 | 0008 40b9 | 001d c0f2 | 6900 0491 | 2801 40f9 | 1f00 08eb 
  0x0000000114f34690: a100 0054 | 6884 40f9 | 0805 0091 | 6884 00f9 | 1c00 0014 | 6940 0491 | 2801 40f9 | 1f00 08eb 
  0x0000000114f346b0: a100 0054 | 688c 40f9 | 0805 0091 | 688c 00f9 | 1400 0014 | 6900 0491 | 2801 40f9 | c800 00b5 
  0x0000000114f346d0: 2001 00f9 | e803 40b2 | 6920 0491 | 2801 00f9 | 0c00 0014 | 6940 0491 | 2801 40f9 | c800 00b5 
  0x0000000114f346f0: 2001 00f9 | e803 40b2 | 6960 0491 | 2801 00f9 | 0400 0014 | 6878 40f9 | 0805 0091 | 6878 00f9 
  0x0000000114f34710: 4010 40b9 | e0ab 00b9 | 2348 40b9 | 63f0 7dd3 | e403 1faa | 7f00 04eb 

  0x0000000114f34728: ;   {metadata(method data for {method} {0x000000012c049ac0} 'dispatchEventImpl' '(Ljava/awt/AWTEvent;)V' in 'java/awt/Component')}
  0x0000000114f34728: 04dd 96d2 | 04cf a5f2 | 2400 c0f2 | 0825 80d2 | 0927 80d2 | 0501 899a | 8668 65f8 | c604 0091 
  0x0000000114f34748: 8668 25f8 | a02e 0054 | e34f 00f9 

  0x0000000114f34754: ;   {metadata(method data for {method} {0x000000012c049ac0} 'dispatchEventImpl' '(Ljava/awt/AWTEvent;)V' in 'java/awt/Component')}
  0x0000000114f34754: 04dd 96d2 | 04cf a5f2 | 2400 c0f2 | 88a4 40f9 | 0805 0091 | 88a4 00f9 

  0x0000000114f3476c: ; ImmutableOopMap {[152]=Oop [160]=Oop [176]=Oop }
                      ;*invokestatic getAppContext {reexecute=0 rethrow=0 return_oop=0}
                      ; - java.awt.Component::dispatchEventImpl@15 (line 4837)
                      ;   {static_call}
  0x0000000114f3476c: 053b c195 

  0x0000000114f34770: ;   {other}
  0x0000000114f34770: 1f20 03d5 | 1fdc 81f2 | 1f00 80f2 | e34f 40f9 

  0x0000000114f34780: ; implicit exception: dispatches to 0x0000000114f3aa74
  0x0000000114f34780: 7f00 40f9 | e203 03aa 

  0x0000000114f34788: ;   {metadata(method data for {method} {0x000000012c049ac0} 'dispatchEventImpl' '(Ljava/awt/AWTEvent;)V' in 'java/awt/Component')}
  0x0000000114f34788: 01dd 96d2 | 01cf a5f2 | 2100 c0f2 | 4208 40b9 | 021d c0f2 | 29a0 0591 | 2801 40f9 | 5f00 08eb 
  0x0000000114f347a8: a100 0054 | 28b8 40f9 | 0805 0091 | 28b8 00f9 | 1c00 0014 | 29e0 0591 | 2801 40f9 | 5f00 08eb 
  0x0000000114f347c8: a100 0054 | 28c0 40f9 | 0805 0091 | 28c0 00f9 | 1400 0014 | 29a0 0591 | 2801 40f9 | c800 00b5 
  0x0000000114f347e8: 2201 00f9 | e803 40b2 | 29c0 0591 | 2801 00f9 | 0c00 0014 | 29e0 0591 | 2801 40f9 | c800 00b5 
  0x0000000114f34808: 2201 00f9 | e803 40b2 | 2900 0691 | 2801 00f9 | 0400 0014 | 28ac 40f9 | 0805 0091 | 28ac 00f9 
  0x0000000114f34828: ;   {metadata(method data for {method} {0x000000e8000010f0} 'equals' '(Ljava/lang/Object;)Z' in 'java/lang/Object')}
  0x0000000114f34828: 025f 92d2 | e281 a5f2 | 2200 c0f2 | 41ac 40b9 | 2108 0011 | 41ac 00b9 | 214c 1f12 | 3f00 0071 
  0x0000000114f34848: 8011 0354 | 7f00 00eb 

  0x0000000114f34850: ;   {metadata(method data for {method} {0x000000e8000010f0} 'equals' '(Ljava/lang/Object;)Z' in 'java/lang/Object')}
  0x0000000114f34850: 025f 92d2 | e281 a5f2 | 2200 c0f2 | e80f 7cb2 | e903 78b2 | 0111 899a | 4068 61f8 | 0004 0091 
  0x0000000114f34870: 4068 21f8 | 2101 0054 

  0x0000000114f34878: ;   {metadata(method data for {method} {0x000000e8000010f0} 'equals' '(Ljava/lang/Object;)Z' in 'java/lang/Object')}
  0x0000000114f34878: 025f 92d2 | e281 a5f2 | 2200 c0f2 | 4188 40f9 | 2104 0091 | 4188 00f9 | e203 0032 | 0200 0014 
  0x0000000114f34898: 0200 a052 | 4200 0012 | 5f00 0071 

  0x0000000114f348a4: ;   {metadata(method data for {method} {0x000000012c049ac0} 'dispatchEventImpl' '(Ljava/awt/AWTEvent;)V' in 'java/awt/Component')}
  0x0000000114f348a4: 02dd 96d2 | 02cf a5f2 | 2200 c0f2 | 0832 80d2 | 0934 80d2 | 0111 899a | 4068 61f8 | 0004 0091 
  0x0000000114f348c4: 4068 21f8 | c122 0054 

  0x0000000114f348cc: ;   {oop(a 'sun/util/logging/PlatformLogger'{0x0000000480c22938})}
  0x0000000114f348cc: 0227 85d2 | 4218 b0f2 | 8200 c0f2 

  0x0000000114f348d8: ;   {metadata(method data for {method} {0x000000012c049ac0} 'dispatchEventImpl' '(Ljava/awt/AWTEvent;)V' in 'java/awt/Component')}
  0x0000000114f348d8: 01dd 96d2 | 01cf a5f2 | 2100 c0f2 

  0x0000000114f348e4: ;   {metadata('sun/util/logging/PlatformLogger')}
  0x0000000114f348e4: 089b 86d2 | e820 a0f2 | 081d c0f2 | 2900 0791 | 2801 00f9 | 28e4 40f9 | 0805 0091 | 28e4 00f9 
  0x0000000114f34904: ;   {metadata(method data for {method} {0x000000012c26eb70} 'isLoggable' '(Lsun/util/logging/PlatformLogger$Level;)Z' in 'sun/util/logging/PlatformLogger')}
  0x0000000114f34904: 02af 8cd2 | 22ce a5f2 | 2200 c0f2 | 41ac 40b9 | 2108 0011 | 41ac 00b9 | 214c 1f12 | 3f00 0071 
  0x0000000114f34924: a00b 0354 

  0x0000000114f34928: ;   {metadata(method data for {method} {0x000000012c26eb70} 'isLoggable' '(Lsun/util/logging/PlatformLogger$Level;)Z' in 'sun/util/logging/PlatformLogger')}
  0x0000000114f34928: 02af 8cd2 | 22ce a5f2 | 2200 c0f2 | 4178 40f9 | 2104 0091 | 4178 00f9 

  0x0000000114f34940: ;   {oop(a 'sun/util/logging/PlatformLogger'{0x0000000480c22938})}
  0x0000000114f34940: 0227 85d2 | 4218 b0f2 | 8200 c0f2 

  0x0000000114f3494c: ; implicit exception: dispatches to 0x0000000114f3aab8
  0x0000000114f3494c: 410c 40b9 | 21f0 7dd3 

  0x0000000114f34954: ; implicit exception: dispatches to 0x0000000114f3aabc
  0x0000000114f34954: 3f00 40f9 | e203 01aa 

  0x0000000114f3495c: ;   {metadata(method data for {method} {0x000000012c26eb70} 'isLoggable' '(Lsun/util/logging/PlatformLogger$Level;)Z' in 'sun/util/logging/PlatformLogger')}
  0x0000000114f3495c: 00af 8cd2 | 20ce a5f2 | 2000 c0f2 | 4208 40b9 | 021d c0f2 | 09c0 0491 | 2801 40f9 | 5f00 08eb 
  0x0000000114f3497c: a100 0054 | 089c 40f9 | 0805 0091 | 089c 00f9 | 1c00 0014 | 0900 0591 | 2801 40f9 | 5f00 08eb 
  0x0000000114f3499c: a100 0054 | 08a4 40f9 | 0805 0091 | 08a4 00f9 | 1400 0014 | 09c0 0491 | 2801 40f9 | c800 00b5 
  0x0000000114f349bc: 2201 00f9 | e803 40b2 | 09e0 0491 | 2801 00f9 | 0c00 0014 | 0900 0591 | 2801 40f9 | c800 00b5 
  0x0000000114f349dc: 2201 00f9 | e803 40b2 | 0920 0591 | 2801 00f9 | 0400 0014 | 0890 40f9 | 0805 0091 | 0890 00f9 
  0x0000000114f349fc: ;   {oop(a 'sun/util/logging/PlatformLogger$Level'{0x00000004811ef648})}
  0x0000000114f349fc: 02c9 9ed2 | c223 b0f2 | 8200 c0f2 | e9ff 9fd2 | e9ff bff2 | e9ff dff2 

  0x0000000114f34a14: ; ImmutableOopMap {[160]=Oop [176]=Oop }
                      ;*invokeinterface isLoggable {reexecute=0 rethrow=0 return_oop=0}
                      ; - sun.util.logging.PlatformLogger::isLoggable@17 (line 340)
                      ; - java.awt.Component::dispatchEventImpl@30 (line 4838)
                      ;   {virtual_call}
  0x0000000114f34a14: 9b7e 9e95 

  0x0000000114f34a18: ;   {other}
  0x0000000114f34a18: 1f20 03d5 | 1f31 82f2 | 1f20 80f2 | 0100 0012 | 3f00 0071 

  0x0000000114f34a2c: ;   {metadata(method data for {method} {0x000000012c049ac0} 'dispatchEventImpl' '(Ljava/awt/AWTEvent;)V' in 'java/awt/Component')}
  0x0000000114f34a2c: 01dd 96d2 | 01cf a5f2 | 2100 c0f2 | 083d 80d2 | e917 7db2 | 0001 899a | 2268 60f8 | 4204 0091 
  0x0000000114f34a4c: 2268 20f8 | 8016 0054 | e253 40f9 

  0x0000000114f34a58: ;   {metadata(method data for {method} {0x000000012c049ac0} 'dispatchEventImpl' '(Ljava/awt/AWTEvent;)V' in 'java/awt/Component')}
  0x0000000114f34a58: 01dd 96d2 | 01cf a5f2 | 2100 c0f2 | 2804 41f9 | 0805 0091 | 2804 01f9 

  0x0000000114f34a70: ;   {metadata(method data for {method} {0x000000e800453c58} 'valueOf' '(Ljava/lang/Object;)Ljava/lang/String;' in 'java/lang/String')}
  0x0000000114f34a70: 01d7 95d2 | 8181 a5f2 | 2100 c0f2 | 20ac 40b9 | 0008 0011 | 20ac 00b9 | 004c 1f12 | 1f00 0071 
  0x0000000114f34a90: 8001 0354 | e103 1faa | 5f00 01eb 

  0x0000000114f34a9c: ;   {metadata(method data for {method} {0x000000e800453c58} 'valueOf' '(Ljava/lang/Object;)Ljava/lang/String;' in 'java/lang/String')}
  0x0000000114f34a9c: 01d7 95d2 | 8181 a5f2 | 2100 c0f2 | e80f 7cb2 | e903 78b2 | 0011 899a | 2368 60f8 | 6304 0091 
  0x0000000114f34abc: 2368 20f8 | 6101 0054 

  0x0000000114f34ac4: ;   {metadata(method data for {method} {0x000000e800453c58} 'valueOf' '(Ljava/lang/Object;)Ljava/lang/String;' in 'java/lang/String')}
  0x0000000114f34ac4: 01d7 95d2 | 8181 a5f2 | 2100 c0f2 | 2088 40f9 | 0004 0091 | 2088 00f9 

  0x0000000114f34adc: ;   {oop("null"{0x0000000480800718})}
  0x0000000114f34adc: 00e3 80d2 | 0010 b0f2 | 8000 c0f2 | 2f00 0014 | e103 02aa 

  0x0000000114f34af0: ;   {metadata(method data for {method} {0x000000e800453c58} 'valueOf' '(Ljava/lang/Object;)Ljava/lang/String;' in 'java/lang/String')}
  0x0000000114f34af0: 00d7 95d2 | 8081 a5f2 | 2000 c0f2 | 2108 40b9 | 011d c0f2 | 09e0 0491 | 2801 40f9 | 3f00 08eb 
  0x0000000114f34b10: a100 0054 | 08a0 40f9 | 0805 0091 | 08a0 00f9 | 1c00 0014 | 0920 0591 | 2801 40f9 | 3f00 08eb 
  0x0000000114f34b30: a100 0054 | 08a8 40f9 | 0805 0091 | 08a8 00f9 | 1400 0014 | 09e0 0491 | 2801 40f9 | c800 00b5 
  0x0000000114f34b50: 2101 00f9 | e803 40b2 | 0900 0591 | 2801 00f9 | 0c00 0014 | 0920 0591 | 2801 40f9 | c800 00b5 
  0x0000000114f34b70: 2101 00f9 | e803 40b2 | 0940 0591 | 2801 00f9 | 0400 0014 | 0894 40f9 | 0805 0091 | 0894 00f9 
  0x0000000114f34b90: e103 02aa 

  0x0000000114f34b94: ; ImmutableOopMap {[160]=Oop [176]=Oop }
                      ;*invokevirtual toString {reexecute=0 rethrow=0 return_oop=0}
                      ; - java.lang.String::valueOf@11 (line 4454)
                      ; - java.awt.Component::dispatchEventImpl@40 (line 4839)
                      ;   {optimized virtual_call}
  0x0000000114f34b94: 7b7d 9e95 

  0x0000000114f34b98: ;   {other}
  0x0000000114f34b98: 1f20 03d5 | 1f61 82f2 | 1f40 80f2 

  0x0000000114f34ba4: ; ImmutableOopMap {c_rarg0=Oop [160]=Oop [176]=Oop }
                      ;*invokedynamic {reexecute=0 rethrow=0 return_oop=0}
                      ; - java.awt.Component::dispatchEventImpl@43 (line 4839)
                      ;   {runtime_call load_appendix_patching Runtime1 stub}
  0x0000000114f34ba4: 17e9 a195 | e103 00aa 

  0x0000000114f34bac: ; ImmutableOopMap {[160]=Oop [176]=Oop }
                      ;*invokedynamic {reexecute=0 rethrow=0 return_oop=0}
                      ; - java.awt.Component::dispatchEventImpl@43 (line 4839)
                      ;   {static_call}
  0x0000000114f34bac: f57e 9e95 

  0x0000000114f34bb0: ;   {other}
  0x0000000114f34bb0: 1f20 03d5 | 1f64 82f2 | 1f80 80f2 

  0x0000000114f34bbc: ;   {metadata(method data for {method} {0x000000012c049ac0} 'dispatchEventImpl' '(Ljava/awt/AWTEvent;)V' in 'java/awt/Component')}
  0x0000000114f34bbc: 02dd 96d2 | 02cf a5f2 | 2200 c0f2 | 42e0 0891 | e303 00aa | 8300 00b5 | 4900 40f9 | 2901 40b2 
  0x0000000114f34bdc: 4900 00f9 

  0x0000000114f34be0: ;   {oop(a 'sun/util/logging/PlatformLogger'{0x0000000480c22938})}
  0x0000000114f34be0: 0227 85d2 | 4218 b0f2 | 8200 c0f2 | e303 02aa 

  0x0000000114f34bf0: ;   {metadata(method data for {method} {0x000000012c049ac0} 'dispatchEventImpl' '(Ljava/awt/AWTEvent;)V' in 'java/awt/Component')}
  0x0000000114f34bf0: 04dd 96d2 | 04cf a5f2 | 2400 c0f2 

  0x0000000114f34bfc: ;   {metadata('sun/util/logging/PlatformLogger')}
  0x0000000114f34bfc: 089b 86d2 | e820 a0f2 | 081d c0f2 | 8960 0991 | 2801 00f9 | 8830 41f9 | 0805 0091 | 8830 01f9 
  0x0000000114f34c1c: ;   {metadata(method data for {method} {0x000000012c26f7c8} 'fine' '(Ljava/lang/String;)V' in 'sun/util/logging/PlatformLogger')}
  0x0000000114f34c1c: 03ad 91d2 | 43ce a5f2 | 2300 c0f2 | 64ac 40b9 | 8408 0011 | 64ac 00b9 | 844c 1f12 | 9f00 0071 
  0x0000000114f34c3c: 20f5 0254 | 410c 40b9 | 21f0 7dd3 

  0x0000000114f34c48: ; implicit exception: dispatches to 0x0000000114f3ab00
  0x0000000114f34c48: 3f00 40f9 | e203 01aa 

  0x0000000114f34c50: ;   {metadata(method data for {method} {0x000000012c26f7c8} 'fine' '(Ljava/lang/String;)V' in 'sun/util/logging/PlatformLogger')}
  0x0000000114f34c50: 03ad 91d2 | 43ce a5f2 | 2300 c0f2 | 4208 40b9 | 021d c0f2 | 69e0 0491 | 2801 40f9 | 5f00 08eb 
  0x0000000114f34c70: a100 0054 | 68a0 40f9 | 0805 0091 | 68a0 00f9 | 1c00 0014 | 6920 0591 | 2801 40f9 | 5f00 08eb 
  0x0000000114f34c90: a100 0054 | 68a8 40f9 | 0805 0091 | 68a8 00f9 | 1400 0014 | 69e0 0491 | 2801 40f9 | c800 00b5 
  0x0000000114f34cb0: 2201 00f9 | e803 40b2 | 6900 0591 | 2801 00f9 | 0c00 0014 | 6920 0591 | 2801 40f9 | c800 00b5 
  0x0000000114f34cd0: 2201 00f9 | e803 40b2 | 6940 0591 | 2801 00f9 | 0400 0014 | 6894 40f9 | 0805 0091 | 6894 00f9 
  0x0000000114f34cf0: ;   {oop(a 'sun/util/logging/PlatformLogger$Level'{0x00000004811ef648})}
  0x0000000114f34cf0: 02c9 9ed2 | c223 b0f2 | 8200 c0f2 | e303 00aa | e403 1faa | e9ff 9fd2 | e9ff bff2 | e9ff dff2 
  0x0000000114f34d10: ; ImmutableOopMap {[160]=Oop [176]=Oop }
                      ;*invokeinterface log {reexecute=0 rethrow=0 return_oop=0}
                      ; - sun.util.logging.PlatformLogger::fine@12 (line 449)
                      ; - java.awt.Component::dispatchEventImpl@48 (line 4839)
                      ;   {virtual_call}
  0x0000000114f34d10: dc7d 9e95 

  0x0000000114f34d14: ;   {other}
  0x0000000114f34d14: 1f20 03d5 | 9f90 82f2 | 1fa0 80f2 

  0x0000000114f34d20: ;   {oop(a 'sun/util/logging/PlatformLogger'{0x0000000480c22938})}
  0x0000000114f34d20: 0227 85d2 | 4218 b0f2 | 8200 c0f2 

  0x0000000114f34d2c: ;   {metadata(method data for {method} {0x000000012c049ac0} 'dispatchEventImpl' '(Ljava/awt/AWTEvent;)V' in 'java/awt/Component')}
  0x0000000114f34d2c: 01dd 96d2 | 01cf a5f2 | 2100 c0f2 | 284c 41f9 | 0805 0091 | 284c 01f9 

  0x0000000114f34d44: ;   {metadata(method data for {method} {0x000000012c26eb70} 'isLoggable' '(Lsun/util/logging/PlatformLogger$Level;)Z' in 'sun/util/logging/PlatformLogger')}
  0x0000000114f34d44: 02af 8cd2 | 22ce a5f2 | 2200 c0f2 | 41ac 40b9 | 2108 0011 | 41ac 00b9 | 214c 1f12 | 3f00 0071 
  0x0000000114f34d64: 00ed 0254 

  0x0000000114f34d68: ;   {metadata(method data for {method} {0x000000012c26eb70} 'isLoggable' '(Lsun/util/logging/PlatformLogger$Level;)Z' in 'sun/util/logging/PlatformLogger')}
  0x0000000114f34d68: 02af 8cd2 | 22ce a5f2 | 2200 c0f2 | 4178 40f9 | 2104 0091 | 4178 00f9 

  0x0000000114f34d80: ;   {oop(a 'sun/util/logging/PlatformLogger'{0x0000000480c22938})}
  0x0000000114f34d80: 0227 85d2 | 4218 b0f2 | 8200 c0f2 

  0x0000000114f34d8c: ; implicit exception: dispatches to 0x0000000114f3ab24
  0x0000000114f34d8c: 410c 40b9 | 21f0 7dd3 

  0x0000000114f34d94: ; implicit exception: dispatches to 0x0000000114f3ab28
  0x0000000114f34d94: 3f00 40f9 | e203 01aa 

  0x0000000114f34d9c: ;   {metadata(method data for {method} {0x000000012c26eb70} 'isLoggable' '(Lsun/util/logging/PlatformLogger$Level;)Z' in 'sun/util/logging/PlatformLogger')}
  0x0000000114f34d9c: 00af 8cd2 | 20ce a5f2 | 2000 c0f2 | 4208 40b9 | 021d c0f2 | 09c0 0491 | 2801 40f9 | 5f00 08eb 
  0x0000000114f34dbc: a100 0054 | 089c 40f9 | 0805 0091 | 089c 00f9 | 1c00 0014 | 0900 0591 | 2801 40f9 | 5f00 08eb 
  0x0000000114f34ddc: a100 0054 | 08a4 40f9 | 0805 0091 | 08a4 00f9 | 1400 0014 | 09c0 0491 | 2801 40f9 | c800 00b5 
  0x0000000114f34dfc: 2201 00f9 | e803 40b2 | 09e0 0491 | 2801 00f9 | 0c00 0014 | 0900 0591 | 2801 40f9 | c800 00b5 
  0x0000000114f34e1c: 2201 00f9 | e803 40b2 | 0920 0591 | 2801 00f9 | 0400 0014 | 0890 40f9 | 0805 0091 | 0890 00f9 
  0x0000000114f34e3c: ;   {oop(a 'sun/util/logging/PlatformLogger$Level'{0x0000000480c002e8})}
  0x0000000114f34e3c: 025d 80d2 | 0218 b0f2 | 8200 c0f2 | 0913 8ad2 | e920 a0f2 | 091d c0f2 

  0x0000000114f34e54: ; ImmutableOopMap {[160]=Oop [176]=Oop }
                      ;*invokeinterface isLoggable {reexecute=0 rethrow=0 return_oop=0}
                      ; - sun.util.logging.PlatformLogger::isLoggable@17 (line 340)
                      ; - java.awt.Component::dispatchEventImpl@57 (line 4843)
                      ;   {virtual_call}
  0x0000000114f34e54: 9bc6 b895 

  0x0000000114f34e58: ;   {other}
  0x0000000114f34e58: 1f20 03d5 | 1fb9 82f2 | 1fc0 80f2 | 0300 0012 | 7f00 0071 

  0x0000000114f34e6c: ;   {metadata(method data for {method} {0x000000012c049ac0} 'dispatchEventImpl' '(Ljava/awt/AWTEvent;)V' in 'java/awt/Component')}
  0x0000000114f34e6c: 03dd 96d2 | 03cf a5f2 | 2300 c0f2 | 0857 80d2 | 0959 80d2 | 0001 899a | 6568 60f8 | a504 0091 
  0x0000000114f34e8c: 6568 20f8 | a019 0054 | e253 40f9 | f303 0032 

  0x0000000114f34e9c: ;   {metadata('java/lang/Object'[])}
  0x0000000114f34e9c: 034e 82d2 | 0300 a0f2 | 031d c0f2 | 737e 40d3 | e503 13aa | e85f 40b2 | 7f02 08eb | a2e3 0254 
  0x0000000114f34ebc: eb02 80d2 | 6b49 338b | 6bf1 7d92 | 80df 40f9 | 0b60 2b8b | 88e7 40f9 | 7f01 08eb | a8e2 0254 
  0x0000000114f34edc: 8bdf 00f9 | 6b01 00cb | ea03 40b2 | 0a00 00f9 | ea03 032a | 0a4c 0129 | 6b41 00f1 | c001 0054 
  0x0000000114f34efc: e803 0baa | 0a40 0091 | 0bfd 43d3 | 6821 00f1 | 4300 0054 

  0x0000000114f34f10: ;   {runtime_call StubRoutines (final stubs)}
  0x0000000114f34f10: cc99 9e95 | 6b00 1036 | 5f7d 81a8 | 5f7d 81a8 | 4b00 0836 | 5f7d 81a8 | 4b00 0036 | 5f01 00f9 
  0x0000000114f34f30: bf3a 03d5 | 0201 00b5 

  0x0000000114f34f38: ;   {metadata(method data for {method} {0x000000012c049ac0} 'dispatchEventImpl' '(Ljava/awt/AWTEvent;)V' in 'java/awt/Component')}
  0x0000000114f34f38: 04dd 96d2 | 04cf a5f2 | 2400 c0f2 | 8844 4b39 | 0801 40b2 | 8844 0b39 | 4000 0014 

  0x0000000114f34f54: ; implicit exception: dispatches to 0x0000000114f3ab34
  0x0000000114f34f54: 0308 40b9 | 031d c0f2 | 4408 40b9 | 041d c0f2 | 6370 40f9 | 9f00 03eb | 6001 0054 | 6114 40b9 
  0x0000000114f34f74: 8868 61f8 | 7f00 08eb | e000 0054 | 3f80 00f1 | 6105 0054 | e40f bfa9 

  0x0000000114f34f8c: ;   {runtime_call slow_subtype_check Runtime1 stub}
  0x0000000114f34f8c: 7de0 a195 | e313 c1a8 | e304 0034 

  0x0000000114f34f98: ;   {metadata(method data for {method} {0x000000012c049ac0} 'dispatchEventImpl' '(Ljava/awt/AWTEvent;)V' in 'java/awt/Component')}
  0x0000000114f34f98: 04dd 96d2 | 04cf a5f2 | 2400 c0f2 | 4308 40b9 | 031d c0f2 | 89a0 0b91 | 2801 40f9 | 7f00 08eb 
  0x0000000114f34fb8: a100 0054 | 8878 41f9 | 0805 0091 | 8878 01f9 | 2200 0014 | 89e0 0b91 | 2801 40f9 | 7f00 08eb 
  0x0000000114f34fd8: a100 0054 | 8880 41f9 | 0805 0091 | 8880 01f9 | 1a00 0014 | 89a0 0b91 | 2801 40f9 | c800 00b5 
  0x0000000114f34ff8: 2301 00f9 | e803 40b2 | 89c0 0b91 | 2801 00f9 | 1200 0014 | 89e0 0b91 | 2801 40f9 | c800 00b5 
  0x0000000114f35018: 2301 00f9 | e803 40b2 | 8900 0c91 | 2801 00f9 | 0a00 0014 | 0900 0014 

  0x0000000114f35030: ;   {metadata(method data for {method} {0x000000012c049ac0} 'dispatchEventImpl' '(Ljava/awt/AWTEvent;)V' in 'java/awt/Component')}
  0x0000000114f35030: 04dd 96d2 | 04cf a5f2 | 2400 c0f2 | 8960 0b91 | 2801 40f9 | 0805 00d1 | 2801 00f9 | bb16 0014 
  0x0000000114f35050: 0340 0091 | 8403 4139 | 9f00 0071 | 21d7 0254 | 48fc 43d3 | 6800 00b9 | 6400 02ca | 84fc 56d3 
  0x0000000114f35070: 9f00 00f1 | 21d7 0254 

  0x0000000114f35078: ;   {oop(a 'sun/util/logging/PlatformLogger'{0x0000000480c22938})}
  0x0000000114f35078: 0327 85d2 | 4318 b0f2 | 8300 c0f2 | e403 03aa 

  0x0000000114f35088: ;   {metadata(method data for {method} {0x000000012c049ac0} 'dispatchEventImpl' '(Ljava/awt/AWTEvent;)V' in 'java/awt/Component')}
  0x0000000114f35088: 01dd 96d2 | 01cf a5f2 | 2100 c0f2 

  0x0000000114f35094: ;   {metadata('sun/util/logging/PlatformLogger')}
  0x0000000114f35094: 089b 86d2 | e820 a0f2 | 081d c0f2 | 2980 0c91 | 2801 00f9 | 2894 41f9 | 0805 0091 | 2894 01f9 
  0x0000000114f350b4: ;   {metadata(method data for {method} {0x000000012c26fe38} 'finest' '(Ljava/lang/String;[Ljava/lang/Object;)V' in 'sun/util/logging/PlatformLogger')}
  0x0000000114f350b4: 0437 9ad2 | 04cf a5f2 | 2400 c0f2 | 81ac 40b9 | 2108 0011 | 81ac 00b9 | 214c 1f12 | 3f00 0071 
  0x0000000114f350d4: a0d4 0254 | 610c 40b9 | 21f0 7dd3 

  0x0000000114f350e0: ; implicit exception: dispatches to 0x0000000114f3ab88
  0x0000000114f350e0: 3f00 40f9 | e303 01aa 

  0x0000000114f350e8: ;   {metadata(method data for {method} {0x000000012c26fe38} 'finest' '(Ljava/lang/String;[Ljava/lang/Object;)V' in 'sun/util/logging/PlatformLogger')}
  0x0000000114f350e8: 0437 9ad2 | 04cf a5f2 | 2400 c0f2 | 6308 40b9 | 031d c0f2 | 8900 0491 | 2801 40f9 | 7f00 08eb 
  0x0000000114f35108: a100 0054 | 8884 40f9 | 0805 0091 | 8884 00f9 | 1c00 0014 | 8940 0491 | 2801 40f9 | 7f00 08eb 
  0x0000000114f35128: a100 0054 | 888c 40f9 | 0805 0091 | 888c 00f9 | 1400 0014 | 8900 0491 | 2801 40f9 | c800 00b5 
  0x0000000114f35148: 2301 00f9 | e803 40b2 | 8920 0491 | 2801 00f9 | 0c00 0014 | 8940 0491 | 2801 40f9 | c800 00b5 
  0x0000000114f35168: 2301 00f9 | e803 40b2 | 8960 0491 | 2801 00f9 | 0400 0014 | 8878 40f9 | 0805 0091 | 8878 00f9 
  0x0000000114f35188: ;   {oop(a 'sun/util/logging/PlatformLogger$Level'{0x0000000480c002e8})}
  0x0000000114f35188: 035d 80d2 | 0318 b0f2 | 8300 c0f2 | e203 03aa 

  0x0000000114f35198: ;   {oop("{0}"{0x00000004808ff660})}
  0x0000000114f35198: 03cc 9ed2 | e311 b0f2 | 8300 c0f2 | e403 00aa | e9ff 9fd2 | e9ff bff2 | e9ff dff2 

  0x0000000114f351b4: ; ImmutableOopMap {[160]=Oop [176]=Oop }
                      ;*invokeinterface log {reexecute=0 rethrow=0 return_oop=0}
                      ; - sun.util.logging.PlatformLogger::finest@9 (line 489)
                      ; - java.awt.Component::dispatchEventImpl@77 (line 4844)
                      ;   {virtual_call}
  0x0000000114f351b4: b37c 9e95 

  0x0000000114f351b8: ;   {other}
  0x0000000114f351b8: 1f20 03d5 | 1f25 83f2 | 1fe0 80f2 | e253 40f9 | 0201 00b5 

  0x0000000114f351cc: ;   {metadata(method data for {method} {0x000000012c049ac0} 'dispatchEventImpl' '(Ljava/awt/AWTEvent;)V' in 'java/awt/Component')}
  0x0000000114f351cc: 04dd 96d2 | 04cf a5f2 | 2400 c0f2 | 8804 4d39 | 0801 40b2 | 8804 0d39 | 3600 0014 

  0x0000000114f351e8: ;   {metadata('java/awt/event/KeyEvent')}
  0x0000000114f351e8: 03e4 8ad2 | a324 a0f2 | 031d c0f2 | 4808 40b9 | 081d c0f2 | 1f01 03eb | e104 0054 

  0x0000000114f35204: ;   {metadata(method data for {method} {0x000000012c049ac0} 'dispatchEventImpl' '(Ljava/awt/AWTEvent;)V' in 'java/awt/Component')}
  0x0000000114f35204: 04dd 96d2 | 04cf a5f2 | 2400 c0f2 | 4308 40b9 | 031d c0f2 | 8960 0d91 | 2801 40f9 | 7f00 08eb 
  0x0000000114f35224: a100 0054 | 88b0 41f9 | 0805 0091 | 88b0 01f9 | 2400 0014 | 89a0 0d91 | 2801 40f9 | 7f00 08eb 
  0x0000000114f35244: a100 0054 | 88b8 41f9 | 0805 0091 | 88b8 01f9 | 1c00 0014 | 8960 0d91 | 2801 40f9 | c800 00b5 
  0x0000000114f35264: 2301 00f9 | e803 40b2 | 8980 0d91 | 2801 00f9 | 1400 0014 | 89a0 0d91 | 2801 40f9 | c800 00b5 
  0x0000000114f35284: 2301 00f9 | e803 40b2 | 89c0 0d91 | 2801 00f9 | 0c00 0014 | 0b00 0014 

  0x0000000114f3529c: ;   {metadata(method data for {method} {0x000000012c049ac0} 'dispatchEventImpl' '(Ljava/awt/AWTEvent;)V' in 'java/awt/Component')}
  0x0000000114f3529c: 04dd 96d2 | 04cf a5f2 | 2400 c0f2 | 88a4 41f9 | 0805 00d1 | 88a4 01f9 | 0200 0014 | 0300 0014 
  0x0000000114f352bc: e003 1faa | 0200 0014 | e003 40b2 | 1f00 0071 

  0x0000000114f352cc: ;   {metadata(method data for {method} {0x000000012c049ac0} 'dispatchEventImpl' '(Ljava/awt/AWTEvent;)V' in 'java/awt/Component')}
  0x0000000114f352cc: 00dd 96d2 | 00cf a5f2 | 2000 c0f2 | e80b 79b2 | 0972 80d2 | 0111 899a | 0368 61f8 | 6304 0091 
  0x0000000114f352ec: 0368 21f8 | e11b 0054 

  0x0000000114f352f4: ;   {metadata(method data for {method} {0x000000012c049ac0} 'dispatchEventImpl' '(Ljava/awt/AWTEvent;)V' in 'java/awt/Component')}
  0x0000000114f352f4: 00dd 96d2 | 00cf a5f2 | 2000 c0f2 | 08d0 41f9 | 0805 0091 | 08d0 01f9 

  0x0000000114f3530c: ;   {metadata(method data for {method} {0x000000012c2b4620} 'setCurrentEventAndMostRecentTime' '(Ljava/awt/AWTEvent;)V' in 'java/awt/EventQueue')}
  0x0000000114f3530c: 0066 9ad2 | 00cf a5f2 | 2000 c0f2 | 01ac 40b9 | 2108 0011 | 01ac 00b9 | 214c 1f12 | 3f00 0071 
  0x0000000114f3532c: 00c3 0254 

  0x0000000114f35330: ;   {metadata(method data for {method} {0x000000012c2b4620} 'setCurrentEventAndMostRecentTime' '(Ljava/awt/AWTEvent;)V' in 'java/awt/EventQueue')}
  0x0000000114f35330: 0066 9ad2 | 00cf a5f2 | 2000 c0f2 | 0878 40f9 | 0805 0091 | 0878 00f9 

  0x0000000114f35348: ;   {metadata(method data for {method} {0x000000012c28ee90} 'getEventQueue' '()Ljava/awt/EventQueue;' in 'java/awt/Toolkit')}
  0x0000000114f35348: 0013 88d2 | e0cb a5f2 | 2000 c0f2 | 01ac 40b9 | 2108 0011 | 01ac 00b9 | 214c 1f12 | 3f00 0071 
  0x0000000114f35368: 20c2 0254 

  0x0000000114f3536c: ;   {metadata(method data for {method} {0x000000012c28ee90} 'getEventQueue' '()Ljava/awt/EventQueue;' in 'java/awt/Toolkit')}
  0x0000000114f3536c: 0013 88d2 | e0cb a5f2 | 2000 c0f2 | 0878 40f9 | 0805 0091 | 0878 00f9 

  0x0000000114f35384: ; ImmutableOopMap {[160]=Oop [176]=Oop }
                      ;*invokestatic getDefaultToolkit {reexecute=0 rethrow=0 return_oop=0}
                      ; - java.awt.Toolkit::getEventQueue@0 (line 1489)
                      ; - java.awt.EventQueue::setCurrentEventAndMostRecentTime@0 (line 1257)
                      ; - java.awt.Component::dispatchEventImpl@88 (line 4852)
                      ;   {static_call}
  0x0000000114f35384: 4f12 c095 

  0x0000000114f35388: ;   {other}
  0x0000000114f35388: 1f20 03d5 | 1f5f 83f2 | 1f00 81f2 

  0x0000000114f35394: ; implicit exception: dispatches to 0x0000000114f3abcc
  0x0000000114f35394: 1f00 40f9 

  0x0000000114f35398: ;   {metadata(method data for {method} {0x000000012c28ee90} 'getEventQueue' '()Ljava/awt/EventQueue;' in 'java/awt/Toolkit')}
  0x0000000114f35398: 0113 88d2 | e1cb a5f2 | 2100 c0f2 | 0008 40b9 | 001d c0f2 | 2940 0491 | 2801 40f9 | 1f00 08eb 
  0x0000000114f353b8: a100 0054 | 288c 40f9 | 0805 0091 | 288c 00f9 | 1c00 0014 | 2980 0491 | 2801 40f9 | 1f00 08eb 
  0x0000000114f353d8: a100 0054 | 2894 40f9 | 0805 0091 | 2894 00f9 | 1400 0014 | 2940 0491 | 2801 40f9 | c800 00b5 
  0x0000000114f353f8: 2001 00f9 | e803 40b2 | 2960 0491 | 2801 00f9 | 0c00 0014 | 2980 0491 | 2801 40f9 | c800 00b5 
  0x0000000114f35418: 2001 00f9 | e803 40b2 | 29a0 0491 | 2801 00f9 | 0400 0014 | 2880 40f9 | 0805 0091 | 2880 00f9 
  0x0000000114f35438: ;   {metadata(method data for {method} {0x000000012c286b08} 'getSystemEventQueueImpl' '()Ljava/awt/EventQueue;' in 'sun/awt/SunToolkit')}
  0x0000000114f35438: 0041 88d2 | e0cb a5f2 | 2000 c0f2 | 01ac 40b9 | 2108 0011 | 01ac 00b9 | 214c 1f12 | 3f00 0071 
  0x0000000114f35458: c0bb 0254 

  0x0000000114f3545c: ;   {metadata(method data for {method} {0x000000012c286b08} 'getSystemEventQueueImpl' '()Ljava/awt/EventQueue;' in 'sun/awt/SunToolkit')}
  0x0000000114f3545c: 0041 88d2 | e0cb a5f2 | 2000 c0f2 | 0878 40f9 | 0805 0091 | 0878 00f9 

  0x0000000114f35474: ;   {metadata(method data for {method} {0x000000012c286ba8} 'getSystemEventQueueImplPP' '()Ljava/awt/EventQueue;' in 'sun/awt/SunToolkit')}
  0x0000000114f35474: 0069 88d2 | e0cb a5f2 | 2000 c0f2 | 01ac 40b9 | 2108 0011 | 01ac 00b9 | 214c 1f12 | 3f00 0071 
  0x0000000114f35494: e0ba 0254 

  0x0000000114f35498: ;   {metadata(method data for {method} {0x000000012c286ba8} 'getSystemEventQueueImplPP' '()Ljava/awt/EventQueue;' in 'sun/awt/SunToolkit')}
  0x0000000114f35498: 0069 88d2 | e0cb a5f2 | 2000 c0f2 | 0878 40f9 | 0805 0091 | 0878 00f9 

  0x0000000114f354b0: ; ImmutableOopMap {[160]=Oop [176]=Oop }
                      ;*invokestatic getAppContext {reexecute=0 rethrow=0 return_oop=0}
                      ; - sun.awt.SunToolkit::getSystemEventQueueImplPP@0 (line 1064)
                      ; - sun.awt.SunToolkit::getSystemEventQueueImpl@0 (line 1059)
                      ; - java.awt.Toolkit::getEventQueue@3 (line 1489)
                      ; - java.awt.EventQueue::setCurrentEventAndMostRecentTime@0 (line 1257)
                      ; - java.awt.Component::dispatchEventImpl@88 (line 4852)
                      ;   {static_call}
  0x0000000114f354b0: b437 c195 

  0x0000000114f354b4: ;   {other}
  0x0000000114f354b4: 1f20 03d5 | 9f84 83f2 | 1f20 81f2 

  0x0000000114f354c0: ;   {metadata(method data for {method} {0x000000012c286ba8} 'getSystemEventQueueImplPP' '()Ljava/awt/EventQueue;' in 'sun/awt/SunToolkit')}
  0x0000000114f354c0: 0269 88d2 | e2cb a5f2 | 2200 c0f2 | 4880 40f9 | 0805 0091 | 4880 00f9 

  0x0000000114f354d8: ;   {metadata(method data for {method} {0x000000012c286c68} 'getSystemEventQueueImplPP' '(Lsun/awt/AppContext;)Ljava/awt/EventQueue;' in 'sun/awt/SunToolkit')}
  0x0000000114f354d8: 0281 87d2 | e2cb a5f2 | 2200 c0f2 | 41ac 40b9 | 2108 0011 | 41ac 00b9 | 214c 1f12 | 3f00 0071 
  0x0000000114f354f8: c0b8 0254 

  0x0000000114f354fc: ; implicit exception: dispatches to 0x0000000114f3ac30
  0x0000000114f354fc: 1f00 40f9 | e203 00aa 

  0x0000000114f35504: ;   {metadata(method data for {method} {0x000000012c286c68} 'getSystemEventQueueImplPP' '(Lsun/awt/AppContext;)Ljava/awt/EventQueue;' in 'sun/awt/SunToolkit')}
  0x0000000114f35504: 0181 87d2 | e1cb a5f2 | 2100 c0f2 | 2878 40f9 | 0805 0091 | 2878 00f9 

  0x0000000114f3551c: ;   {oop(a 'java/lang/StringBuffer'{0x0000000480b66a28})}
  0x0000000114f3551c: 0245 8dd2 | c216 b0f2 | 8200 c0f2 | e103 00aa 

  0x0000000114f3552c: ; ImmutableOopMap {[160]=Oop [176]=Oop }
                      ;*invokevirtual get {reexecute=0 rethrow=0 return_oop=0}
                      ; - sun.awt.SunToolkit::getSystemEventQueueImplPP@4 (line 1069)
                      ; - sun.awt.SunToolkit::getSystemEventQueueImplPP@3 (line 1064)
                      ; - sun.awt.SunToolkit::getSystemEventQueueImpl@0 (line 1059)
                      ; - java.awt.Toolkit::getEventQueue@3 (line 1489)
                      ; - java.awt.EventQueue::setCurrentEventAndMostRecentTime@0 (line 1257)
                      ; - java.awt.Component::dispatchEventImpl@88 (line 4852)
                      ;   {optimized virtual_call}
  0x0000000114f3552c: 29c4 bf95 

  0x0000000114f35530: ;   {other}
  0x0000000114f35530: 1f20 03d5 | 1f94 83f2 | 1f40 81f2 | 0001 00b5 

  0x0000000114f35540: ;   {metadata(method data for {method} {0x000000012c286c68} 'getSystemEventQueueImplPP' '(Lsun/awt/AppContext;)Ljava/awt/EventQueue;' in 'sun/awt/SunToolkit')}
  0x0000000114f35540: 0381 87d2 | e3cb a5f2 | 2300 c0f2 | 6884 4439 | 0801 40b2 | 6884 0439 | 3600 0014 

  0x0000000114f3555c: ;   {metadata('java/awt/EventQueue')}
  0x0000000114f3555c: 016f 95d2 | e120 a0f2 | 011d c0f2 | 0808 40b9 | 081d c0f2 | 1f01 01eb | e104 0054 

  0x0000000114f35578: ;   {metadata(method data for {method} {0x000000012c286c68} 'getSystemEventQueueImplPP' '(Lsun/awt/AppContext;)Ljava/awt/EventQueue;' in 'sun/awt/SunToolkit')}
  0x0000000114f35578: 0381 87d2 | e3cb a5f2 | 2300 c0f2 | 0108 40b9 | 011d c0f2 | 69e0 0491 | 2801 40f9 | 3f00 08eb 
  0x0000000114f35598: a100 0054 | 68a0 40f9 | 0805 0091 | 68a0 00f9 | 2200 0014 | 6920 0591 | 2801 40f9 | 3f00 08eb 
  0x0000000114f355b8: a100 0054 | 68a8 40f9 | 0805 0091 | 68a8 00f9 | 1a00 0014 | 69e0 0491 | 2801 40f9 | c800 00b5 
  0x0000000114f355d8: 2101 00f9 | e803 40b2 | 6900 0591 | 2801 00f9 | 1200 0014 | 6920 0591 | 2801 40f9 | c800 00b5 
  0x0000000114f355f8: 2101 00f9 | e803 40b2 | 6940 0591 | 2801 00f9 | 0a00 0014 | 0900 0014 

  0x0000000114f35610: ;   {metadata(method data for {method} {0x000000012c286c68} 'getSystemEventQueueImplPP' '(Lsun/awt/AppContext;)Ljava/awt/EventQueue;' in 'sun/awt/SunToolkit')}
  0x0000000114f35610: 0381 87d2 | e3cb a5f2 | 2300 c0f2 | 6894 40f9 | 0805 00d1 | 6894 00f9 | 8315 0014 | 0100 0014 
  0x0000000114f35630: e103 00aa 

  0x0000000114f35634: ; implicit exception: dispatches to 0x0000000114f3ac3c
  0x0000000114f35634: 3f00 40f9 | e203 01aa 

  0x0000000114f3563c: ;   {metadata(method data for {method} {0x000000012c2b4620} 'setCurrentEventAndMostRecentTime' '(Ljava/awt/AWTEvent;)V' in 'java/awt/EventQueue')}
  0x0000000114f3563c: 0066 9ad2 | 00cf a5f2 | 2000 c0f2 | 0880 40f9 | 0805 0091 | 0880 00f9 | e253 40f9 

  0x0000000114f35658: ; ImmutableOopMap {[160]=Oop [176]=Oop }
                      ;*invokevirtual setCurrentEventAndMostRecentTimeImpl {reexecute=0 rethrow=0 return_oop=0}
                      ; - java.awt.EventQueue::setCurrentEventAndMostRecentTime@4 (line 1257)
                      ; - java.awt.Component::dispatchEventImpl@88 (line 4852)
                      ;   {optimized virtual_call}
  0x0000000114f35658: ee91 c395 

  0x0000000114f3565c: ;   {other}
  0x0000000114f3565c: 1f20 03d5 | 9fb9 83f2 | 1f60 81f2 | e253 40f9 | 0201 00b5 

  0x0000000114f35670: ;   {metadata(method data for {method} {0x000000012c049ac0} 'dispatchEventImpl' '(Ljava/awt/AWTEvent;)V' in 'java/awt/Component')}
  0x0000000114f35670: 04dd 96d2 | 04cf a5f2 | 2400 c0f2 | 88a4 4e39 | 0801 40b2 | 88a4 0e39 | 3600 0014 

  0x0000000114f3568c: ;   {metadata('sun/awt/dnd/SunDropTargetEvent')}
  0x0000000114f3568c: 03ad 9ed2 | a324 a0f2 | 031d c0f2 | 4808 40b9 | 081d c0f2 | 1f01 03eb | e104 0054 

  0x0000000114f356a8: ;   {metadata(method data for {method} {0x000000012c049ac0} 'dispatchEventImpl' '(Ljava/awt/AWTEvent;)V' in 'java/awt/Component')}
  0x0000000114f356a8: 04dd 96d2 | 04cf a5f2 | 2400 c0f2 | 4308 40b9 | 031d c0f2 | 8900 0f91 | 2801 40f9 | 7f00 08eb 
  0x0000000114f356c8: a100 0054 | 88e4 41f9 | 0805 0091 | 88e4 01f9 | 2400 0014 | 8940 0f91 | 2801 40f9 | 7f00 08eb 
  0x0000000114f356e8: a100 0054 | 88ec 41f9 | 0805 0091 | 88ec 01f9 | 1c00 0014 | 8900 0f91 | 2801 40f9 | c800 00b5 
  0x0000000114f35708: 2301 00f9 | e803 40b2 | 8920 0f91 | 2801 00f9 | 1400 0014 | 8940 0f91 | 2801 40f9 | c800 00b5 
  0x0000000114f35728: 2301 00f9 | e803 40b2 | 8960 0f91 | 2801 00f9 | 0c00 0014 | 0b00 0014 

  0x0000000114f35740: ;   {metadata(method data for {method} {0x000000012c049ac0} 'dispatchEventImpl' '(Ljava/awt/AWTEvent;)V' in 'java/awt/Component')}
  0x0000000114f35740: 04dd 96d2 | 04cf a5f2 | 2400 c0f2 | 88d8 41f9 | 0805 00d1 | 88d8 01f9 | 0200 0014 | 0300 0014 
  0x0000000114f35760: e103 1faa | 0200 0014 | e103 40b2 | 3f00 0071 

  0x0000000114f35770: ;   {metadata(method data for {method} {0x000000012c049ac0} 'dispatchEventImpl' '(Ljava/awt/AWTEvent;)V' in 'java/awt/Component')}
  0x0000000114f35770: 01dd 96d2 | 01cf a5f2 | 2100 c0f2 | e81b 7db2 | 097d 80d2 | 0011 899a | 2368 60f8 | 6304 0091 
  0x0000000114f35790: 2368 20f8 | a187 0254 | 4154 4039 | 3f00 0071 

  0x0000000114f357a0: ;   {metadata(method data for {method} {0x000000012c049ac0} 'dispatchEventImpl' '(Ljava/awt/AWTEvent;)V' in 'java/awt/Component')}
  0x0000000114f357a0: 01dd 96d2 | 01cf a5f2 | 2100 c0f2 | 088f 80d2 | 0991 80d2 | 0011 899a | 2368 60f8 | 6304 0091 
  0x0000000114f357c0: 2368 20f8 | 810f 0054 | 4158 4039 | 3f00 0071 

  0x0000000114f357d0: ;   {metadata(method data for {method} {0x000000012c049ac0} 'dispatchEventImpl' '(Ljava/awt/AWTEvent;)V' in 'java/awt/Component')}
  0x0000000114f357d0: 01dd 96d2 | 01cf a5f2 | 2100 c0f2 | 0893 80d2 | 0995 80d2 | 0001 899a | 2368 60f8 | 6304 0091 
  0x0000000114f357f0: 2368 20f8 | e001 0054 

  0x0000000114f357f8: ;   {metadata(method data for {method} {0x000000012c049ac0} 'dispatchEventImpl' '(Ljava/awt/AWTEvent;)V' in 'java/awt/Component')}
  0x0000000114f357f8: 01dd 96d2 | 01cf a5f2 | 2100 c0f2 | 285c 42f9 | 0805 0091 | 285c 02f9 | e103 02aa 

  0x0000000114f35814: ; ImmutableOopMap {[176]=Oop }
                      ;*invokestatic retargetFocusEvent {reexecute=0 rethrow=0 return_oop=0}
                      ; - java.awt.Component::dispatchEventImpl@121 (line 4869)
                      ;   {static_call}
  0x0000000114f35814: 5b5a 1e94 

  0x0000000114f35818: ;   {other}
  0x0000000114f35818: 1f20 03d5 | 1ff1 83f2 | 1f80 81f2 | e103 0032 

  0x0000000114f35828: ; implicit exception: dispatches to 0x0000000114f3ac40
  0x0000000114f35828: 0158 0039 | e203 00aa | e25f 00f9 

  0x0000000114f35834: ;   {metadata(method data for {method} {0x000000012c049ac0} 'dispatchEventImpl' '(Ljava/awt/AWTEvent;)V' in 'java/awt/Component')}
  0x0000000114f35834: 00dd 96d2 | 00cf a5f2 | 2000 c0f2 | 0864 42f9 | 0805 0091 | 0864 02f9 

  0x0000000114f3584c: ;   {metadata(method data for {method} {0x000000012c3d05e0} 'getCurrentKeyboardFocusManager' '()Ljava/awt/KeyboardFocusManager;' in 'java/awt/KeyboardFocusManager')}
  0x0000000114f3584c: 0065 85d2 | 00cf a5f2 | 2000 c0f2 | 01ac 40b9 | 2108 0011 | 01ac 00b9 | 214c 1f12 | 3f00 0071 
  0x0000000114f3586c: c09e 0254 

  0x0000000114f35870: ;   {metadata(method data for {method} {0x000000012c3d05e0} 'getCurrentKeyboardFocusManager' '()Ljava/awt/KeyboardFocusManager;' in 'java/awt/KeyboardFocusManager')}
  0x0000000114f35870: 0065 85d2 | 00cf a5f2 | 2000 c0f2 | 0878 40f9 | 0805 0091 | 0878 00f9 

  0x0000000114f35888: ; ImmutableOopMap {[176]=Oop [184]=Oop }
                      ;*invokestatic getAppContext {reexecute=0 rethrow=0 return_oop=0}
                      ; - java.awt.KeyboardFocusManager::getCurrentKeyboardFocusManager@0 (line 217)
                      ; - java.awt.Component::dispatchEventImpl@130 (line 4876)
                      ;   {static_call}
  0x0000000114f35888: be36 c195 

  0x0000000114f3588c: ;   {other}
  0x0000000114f3588c: 1f20 03d5 | 9fff 83f2 | 1fa0 81f2 

  0x0000000114f35898: ;   {metadata(method data for {method} {0x000000012c3d05e0} 'getCurrentKeyboardFocusManager' '()Ljava/awt/KeyboardFocusManager;' in 'java/awt/KeyboardFocusManager')}
  0x0000000114f35898: 0165 85d2 | 01cf a5f2 | 2100 c0f2 | 2880 40f9 | 0805 0091 | 2880 00f9 | e103 00aa 

  0x0000000114f358b4: ; ImmutableOopMap {[176]=Oop [184]=Oop }
                      ;*invokestatic getCurrentKeyboardFocusManager {reexecute=0 rethrow=0 return_oop=0}
                      ; - java.awt.KeyboardFocusManager::getCurrentKeyboardFocusManager@3 (line 217)
                      ; - java.awt.Component::dispatchEventImpl@130 (line 4876)
                      ;   {static_call}
  0x0000000114f358b4: 23c4 bb95 

  0x0000000114f358b8: ;   {other}
  0x0000000114f358b8: 1f20 03d5 | 1f05 84f2 | 1fc0 81f2 

  0x0000000114f358c4: ; implicit exception: dispatches to 0x0000000114f3ac64
  0x0000000114f358c4: 1f00 40f9 | e203 00aa 

  0x0000000114f358cc: ;   {metadata(method data for {method} {0x000000012c049ac0} 'dispatchEventImpl' '(Ljava/awt/AWTEvent;)V' in 'java/awt/Component')}
  0x0000000114f358cc: 01dd 96d2 | 01cf a5f2 | 2100 c0f2 | 4208 40b9 | 021d c0f2 | 29a0 1391 | 2801 40f9 | 5f00 08eb 
  0x0000000114f358ec: a100 0054 | 2878 42f9 | 0805 0091 | 2878 02f9 | 1c00 0014 | 29e0 1391 | 2801 40f9 | 5f00 08eb 
  0x0000000114f3590c: a100 0054 | 2880 42f9 | 0805 0091 | 2880 02f9 | 1400 0014 | 29a0 1391 | 2801 40f9 | c800 00b5 
  0x0000000114f3592c: 2201 00f9 | e803 40b2 | 29c0 1391 | 2801 00f9 | 0c00 0014 | 29e0 1391 | 2801 40f9 | c800 00b5 
  0x0000000114f3594c: 2201 00f9 | e803 40b2 | 2900 1491 | 2801 00f9 | 0400 0014 | 286c 42f9 | 0805 0091 | 286c 02f9 
  0x0000000114f3596c: e25f 40f9 | e103 00aa 

  0x0000000114f35974: ; ImmutableOopMap {[176]=Oop [184]=Oop }
                      ;*invokevirtual dispatchEvent {reexecute=0 rethrow=0 return_oop=0}
                      ; - java.awt.Component::dispatchEventImpl@134 (line 4877)
                      ;   {optimized virtual_call}
  0x0000000114f35974: 13eb dc97 

  0x0000000114f35978: ;   {other}
  0x0000000114f35978: 1f20 03d5 | 1f1d 84f2 | 1fe0 81f2 | 1f00 0071 

  0x0000000114f35988: ;   {metadata(method data for {method} {0x000000012c049ac0} 'dispatchEventImpl' '(Ljava/awt/AWTEvent;)V' in 'java/awt/Component')}
  0x0000000114f35988: 02dd 96d2 | 02cf a5f2 | 2200 c0f2 | 08a4 80d2 | 09a2 80d2 | 0111 899a | 4068 61f8 | 0004 0091 
  0x0000000114f359a8: 4068 21f8 | 2176 0254 | e25f 40f9 | 0201 00b5 

  0x0000000114f359b8: ;   {metadata(method data for {method} {0x000000012c049ac0} 'dispatchEventImpl' '(Ljava/awt/AWTEvent;)V' in 'java/awt/Component')}
  0x0000000114f359b8: 04dd 96d2 | 04cf a5f2 | 2400 c0f2 | 88a4 5439 | 0801 40b2 | 88a4 1439 | 3600 0014 

  0x0000000114f359d4: ;   {metadata('java/awt/event/FocusEvent')}
  0x0000000114f359d4: 030d 9fd2 | a324 a0f2 | 031d c0f2 | 4808 40b9 | 081d c0f2 | 1f01 03eb | e104 0054 

  0x0000000114f359f0: ;   {metadata(method data for {method} {0x000000012c049ac0} 'dispatchEventImpl' '(Ljava/awt/AWTEvent;)V' in 'java/awt/Component')}
  0x0000000114f359f0: 04dd 96d2 | 04cf a5f2 | 2400 c0f2 | 4308 40b9 | 031d c0f2 | 8900 1591 | 2801 40f9 | 7f00 08eb 
  0x0000000114f35a10: a100 0054 | 88a4 42f9 | 0805 0091 | 88a4 02f9 | 2400 0014 | 8940 1591 | 2801 40f9 | 7f00 08eb 
  0x0000000114f35a30: a100 0054 | 88ac 42f9 | 0805 0091 | 88ac 02f9 | 1c00 0014 | 8900 1591 | 2801 40f9 | c800 00b5 
  0x0000000114f35a50: 2301 00f9 | e803 40b2 | 8920 1591 | 2801 00f9 | 1400 0014 | 8940 1591 | 2801 40f9 | c800 00b5 
  0x0000000114f35a70: 2301 00f9 | e803 40b2 | 8960 1591 | 2801 00f9 | 0c00 0014 | 0b00 0014 

  0x0000000114f35a88: ;   {metadata(method data for {method} {0x000000012c049ac0} 'dispatchEventImpl' '(Ljava/awt/AWTEvent;)V' in 'java/awt/Component')}
  0x0000000114f35a88: 04dd 96d2 | 04cf a5f2 | 2400 c0f2 | 8898 42f9 | 0805 00d1 | 8898 02f9 | 0200 0014 | 0300 0014 
  0x0000000114f35aa8: e103 1faa | 0200 0014 | e103 40b2 | 3f00 0071 

  0x0000000114f35ab8: ;   {metadata(method data for {method} {0x000000012c049ac0} 'dispatchEventImpl' '(Ljava/awt/AWTEvent;)V' in 'java/awt/Component')}
  0x0000000114f35ab8: 01dd 96d2 | 01cf a5f2 | 2100 c0f2 | 08af 80d2 | 09ad 80d2 | 0011 899a | 2368 60f8 | 6304 0091 
  0x0000000114f35ad8: 2368 20f8 | 6100 0054 | e263 00f9 | 1901 0014 

  0x0000000114f35ae8: ;   {oop(a 'sun/util/logging/PlatformLogger'{0x0000000480c22890})}
  0x0000000114f35ae8: 0112 85d2 | 4118 b0f2 | 8100 c0f2 

  0x0000000114f35af4: ;   {metadata(method data for {method} {0x000000012c049ac0} 'dispatchEventImpl' '(Ljava/awt/AWTEvent;)V' in 'java/awt/Component')}
  0x0000000114f35af4: 00dd 96d2 | 00cf a5f2 | 2000 c0f2 | 08d0 42f9 | 0805 0091 | 08d0 02f9 

  0x0000000114f35b0c: ;   {metadata(method data for {method} {0x000000012c26eb70} 'isLoggable' '(Lsun/util/logging/PlatformLogger$Level;)Z' in 'sun/util/logging/PlatformLogger')}
  0x0000000114f35b0c: 01af 8cd2 | 21ce a5f2 | 2100 c0f2 | 20ac 40b9 | 0008 0011 | 20ac 00b9 | 004c 1f12 | 1f00 0071 
  0x0000000114f35b2c: e089 0254 

  0x0000000114f35b30: ;   {metadata(method data for {method} {0x000000012c26eb70} 'isLoggable' '(Lsun/util/logging/PlatformLogger$Level;)Z' in 'sun/util/logging/PlatformLogger')}
  0x0000000114f35b30: 01af 8cd2 | 21ce a5f2 | 2100 c0f2 | 2078 40f9 | 0004 0091 | 2078 00f9 | e263 00f9 

  0x0000000114f35b4c: ;   {oop(a 'sun/util/logging/PlatformLogger'{0x0000000480c22890})}
  0x0000000114f35b4c: 0112 85d2 | 4118 b0f2 | 8100 c0f2 

  0x0000000114f35b58: ; implicit exception: dispatches to 0x0000000114f3ac88
  0x0000000114f35b58: 210c 40b9 | 21f0 7dd3 

  0x0000000114f35b60: ; implicit exception: dispatches to 0x0000000114f3ac8c
  0x0000000114f35b60: 3f00 40f9 | e003 01aa 

  0x0000000114f35b68: ;   {metadata(method data for {method} {0x000000012c26eb70} 'isLoggable' '(Lsun/util/logging/PlatformLogger$Level;)Z' in 'sun/util/logging/PlatformLogger')}
  0x0000000114f35b68: 03af 8cd2 | 23ce a5f2 | 2300 c0f2 | 0008 40b9 | 001d c0f2 | 69c0 0491 | 2801 40f9 | 1f00 08eb 
  0x0000000114f35b88: a100 0054 | 689c 40f9 | 0805 0091 | 689c 00f9 | 1c00 0014 | 6900 0591 | 2801 40f9 | 1f00 08eb 
  0x0000000114f35ba8: a100 0054 | 68a4 40f9 | 0805 0091 | 68a4 00f9 | 1400 0014 | 69c0 0491 | 2801 40f9 | c800 00b5 
  0x0000000114f35bc8: 2001 00f9 | e803 40b2 | 69e0 0491 | 2801 00f9 | 0c00 0014 | 6900 0591 | 2801 40f9 | c800 00b5 
  0x0000000114f35be8: 2001 00f9 | e803 40b2 | 6920 0591 | 2801 00f9 | 0400 0014 | 6890 40f9 | 0805 0091 | 6890 00f9 
  0x0000000114f35c08: ;   {oop(a 'sun/util/logging/PlatformLogger$Level'{0x0000000480c002e8})}
  0x0000000114f35c08: 005d 80d2 | 0018 b0f2 | 8000 c0f2 | e203 00aa | 0913 8ad2 | e920 a0f2 | 091d c0f2 

  0x0000000114f35c24: ; ImmutableOopMap {[176]=Oop [192]=Oop }
                      ;*invokeinterface isLoggable {reexecute=0 rethrow=0 return_oop=0}
                      ; - sun.util.logging.PlatformLogger::isLoggable@17 (line 340)
                      ; - java.awt.Component::dispatchEventImpl@154 (line 4882)
                      ;   {virtual_call}
  0x0000000114f35c24: 27c3 b895 

  0x0000000114f35c28: ;   {other}
  0x0000000114f35c28: 1f20 03d5 | 1f73 84f2 | 1f00 82f2 | 0100 0012 | 3f00 0071 

  0x0000000114f35c3c: ;   {metadata(method data for {method} {0x000000012c049ac0} 'dispatchEventImpl' '(Ljava/awt/AWTEvent;)V' in 'java/awt/Component')}
  0x0000000114f35c3c: 01dd 96d2 | 01cf a5f2 | 2100 c0f2 | 08b8 80d2 | 09ba 80d2 | 0001 899a | 2268 60f8 | 4204 0091 
  0x0000000114f35c5c: 2268 20f8 | 4017 0054 | e263 40f9 

  0x0000000114f35c68: ;   {metadata(method data for {method} {0x000000012c049ac0} 'dispatchEventImpl' '(Ljava/awt/AWTEvent;)V' in 'java/awt/Component')}
  0x0000000114f35c68: 01dd 96d2 | 01cf a5f2 | 2100 c0f2 | 28f0 42f9 | 0805 0091 | 28f0 02f9 

  0x0000000114f35c80: ;   {metadata(method data for {method} {0x000000e800453c58} 'valueOf' '(Ljava/lang/Object;)Ljava/lang/String;' in 'java/lang/String')}
  0x0000000114f35c80: 01d7 95d2 | 8181 a5f2 | 2100 c0f2 | 20ac 40b9 | 0008 0011 | 20ac 00b9 | 004c 1f12 | 1f00 0071 
  0x0000000114f35ca0: 807f 0254 | e103 1faa | 5f00 01eb 

  0x0000000114f35cac: ;   {metadata(method data for {method} {0x000000e800453c58} 'valueOf' '(Ljava/lang/Object;)Ljava/lang/String;' in 'java/lang/String')}
  0x0000000114f35cac: 01d7 95d2 | 8181 a5f2 | 2100 c0f2 | e80f 7cb2 | e903 78b2 | 0011 899a | 2368 60f8 | 6304 0091 
  0x0000000114f35ccc: 2368 20f8 | 8101 0054 

  0x0000000114f35cd4: ;   {metadata(method data for {method} {0x000000e800453c58} 'valueOf' '(Ljava/lang/Object;)Ljava/lang/String;' in 'java/lang/String')}
  0x0000000114f35cd4: 01d7 95d2 | 8181 a5f2 | 2100 c0f2 | 2088 40f9 | 0004 0091 | 2088 00f9 

  0x0000000114f35cec: ;   {oop("null"{0x0000000480800718})}
  0x0000000114f35cec: 00e3 80d2 | 0010 b0f2 | 8000 c0f2 | e263 00f9 | 3400 0014 

  0x0000000114f35d00: ; implicit exception: dispatches to 0x0000000114f3acb0
  0x0000000114f35d00: 5f00 40f9 | e103 02aa 

  0x0000000114f35d08: ;   {metadata(method data for {method} {0x000000e800453c58} 'valueOf' '(Ljava/lang/Object;)Ljava/lang/String;' in 'java/lang/String')}
  0x0000000114f35d08: 00d7 95d2 | 8081 a5f2 | 2000 c0f2 | 2108 40b9 | 011d c0f2 | 09e0 0491 | 2801 40f9 | 3f00 08eb 
  0x0000000114f35d28: a100 0054 | 08a0 40f9 | 0805 0091 | 08a0 00f9 | 1c00 0014 | 0920 0591 | 2801 40f9 | 3f00 08eb 
  0x0000000114f35d48: a100 0054 | 08a8 40f9 | 0805 0091 | 08a8 00f9 | 1400 0014 | 09e0 0491 | 2801 40f9 | c800 00b5 
  0x0000000114f35d68: 2101 00f9 | e803 40b2 | 0900 0591 | 2801 00f9 | 0c00 0014 | 0920 0591 | 2801 40f9 | c800 00b5 
  0x0000000114f35d88: 2101 00f9 | e803 40b2 | 0940 0591 | 2801 00f9 | 0400 0014 | 0894 40f9 | 0805 0091 | 0894 00f9 
  0x0000000114f35da8: e103 02aa | e263 00f9 | e9ff 9fd2 | e9ff bff2 | e9ff dff2 

  0x0000000114f35dbc: ; ImmutableOopMap {[176]=Oop [192]=Oop }
                      ;*invokevirtual toString {reexecute=0 rethrow=0 return_oop=0}
                      ; - java.lang.String::valueOf@11 (line 4454)
                      ; - java.awt.Component::dispatchEventImpl@164 (line 4883)
                      ;   {virtual_call}
  0x0000000114f35dbc: b179 9e95 

  0x0000000114f35dc0: ;   {other}
  0x0000000114f35dc0: 1f20 03d5 | 1fa6 84f2 | 1f20 82f2 

  0x0000000114f35dcc: ; ImmutableOopMap {c_rarg0=Oop [176]=Oop [192]=Oop }
                      ;*invokedynamic {reexecute=0 rethrow=0 return_oop=0}
                      ; - java.awt.Component::dispatchEventImpl@167 (line 4883)
                      ;   {runtime_call load_appendix_patching Runtime1 stub}
  0x0000000114f35dcc: 8de4 a195 | e103 00aa 

  0x0000000114f35dd4: ; ImmutableOopMap {[176]=Oop [192]=Oop }
                      ;*invokedynamic {reexecute=0 rethrow=0 return_oop=0}
                      ; - java.awt.Component::dispatchEventImpl@167 (line 4883)
                      ;   {static_call}
  0x0000000114f35dd4: 6b7a 9e95 

  0x0000000114f35dd8: ;   {other}
  0x0000000114f35dd8: 1f20 03d5 | 1fa9 84f2 | 1f60 82f2 

  0x0000000114f35de4: ;   {metadata(method data for {method} {0x000000012c049ac0} 'dispatchEventImpl' '(Ljava/awt/AWTEvent;)V' in 'java/awt/Component')}
  0x0000000114f35de4: 02dd 96d2 | 02cf a5f2 | 2200 c0f2 | 4240 1891 | e303 00aa | 8300 00b5 | 4900 40f9 | 2901 40b2 
  0x0000000114f35e04: 4900 00f9 

  0x0000000114f35e08: ;   {oop(a 'sun/util/logging/PlatformLogger'{0x0000000480c22890})}
  0x0000000114f35e08: 0212 85d2 | 4218 b0f2 | 8200 c0f2 | e303 02aa 

  0x0000000114f35e18: ;   {metadata(method data for {method} {0x000000012c049ac0} 'dispatchEventImpl' '(Ljava/awt/AWTEvent;)V' in 'java/awt/Component')}
  0x0000000114f35e18: 04dd 96d2 | 04cf a5f2 | 2400 c0f2 

  0x0000000114f35e24: ;   {metadata('sun/util/logging/PlatformLogger')}
  0x0000000114f35e24: 089b 86d2 | e820 a0f2 | 081d c0f2 | 89c0 1891 | 2801 00f9 | 881c 43f9 | 0805 0091 | 881c 03f9 
  0x0000000114f35e44: ;   {metadata(method data for {method} {0x000000012c26fc98} 'finest' '(Ljava/lang/String;)V' in 'sun/util/logging/PlatformLogger')}
  0x0000000114f35e44: 03fe 94d2 | 43ce a5f2 | 2300 c0f2 | 64ac 40b9 | 8408 0011 | 64ac 00b9 | 844c 1f12 | 9f00 0071 
  0x0000000114f35e64: 8072 0254 | 410c 40b9 | 21f0 7dd3 

  0x0000000114f35e70: ; implicit exception: dispatches to 0x0000000114f3acd4
  0x0000000114f35e70: 3f00 40f9 | e203 01aa 

  0x0000000114f35e78: ;   {metadata(method data for {method} {0x000000012c26fc98} 'finest' '(Ljava/lang/String;)V' in 'sun/util/logging/PlatformLogger')}
  0x0000000114f35e78: 03fe 94d2 | 43ce a5f2 | 2300 c0f2 | 4208 40b9 | 021d c0f2 | 69e0 0491 | 2801 40f9 | 5f00 08eb 
  0x0000000114f35e98: a100 0054 | 68a0 40f9 | 0805 0091 | 68a0 00f9 | 1c00 0014 | 6920 0591 | 2801 40f9 | 5f00 08eb 
  0x0000000114f35eb8: a100 0054 | 68a8 40f9 | 0805 0091 | 68a8 00f9 | 1400 0014 | 69e0 0491 | 2801 40f9 | c800 00b5 
  0x0000000114f35ed8: 2201 00f9 | e803 40b2 | 6900 0591 | 2801 00f9 | 0c00 0014 | 6920 0591 | 2801 40f9 | c800 00b5 
  0x0000000114f35ef8: 2201 00f9 | e803 40b2 | 6940 0591 | 2801 00f9 | 0400 0014 | 6894 40f9 | 0805 0091 | 6894 00f9 
  0x0000000114f35f18: ;   {oop(a 'sun/util/logging/PlatformLogger$Level'{0x0000000480c002e8})}
  0x0000000114f35f18: 025d 80d2 | 0218 b0f2 | 8200 c0f2 | e303 00aa | e403 1faa | e9ff 9fd2 | e9ff bff2 | e9ff dff2 
  0x0000000114f35f38: ; ImmutableOopMap {[176]=Oop [192]=Oop }
                      ;*invokeinterface log {reexecute=0 rethrow=0 return_oop=0}
                      ; - sun.util.logging.PlatformLogger::finest@12 (line 481)
                      ; - java.awt.Component::dispatchEventImpl@172 (line 4883)
                      ;   {virtual_call}
  0x0000000114f35f38: 5279 9e95 

  0x0000000114f35f3c: ;   {other}
  0x0000000114f35f3c: 1f20 03d5 | 9fd5 84f2 | 1f80 82f2 | e0ab 40b9 | 1fec 0771 

  0x0000000114f35f50: ;   {metadata(method data for {method} {0x000000012c049ac0} 'dispatchEventImpl' '(Ljava/awt/AWTEvent;)V' in 'java/awt/Component')}
  0x0000000114f35f50: 02dd 96d2 | 02cf a5f2 | 2200 c0f2 | 08cb 80d2 | 09cd 80d2 | 0111 899a | 4368 61f8 | 6304 0091 
  0x0000000114f35f70: 4368 21f8 | 4121 0054 | e15b 40f9 

  0x0000000114f35f7c: ;   {metadata(method data for {method} {0x000000012c049ac0} 'dispatchEventImpl' '(Ljava/awt/AWTEvent;)V' in 'java/awt/Component')}
  0x0000000114f35f7c: 02dd 96d2 | 02cf a5f2 | 2200 c0f2 | 2108 40b9 | 011d c0f2 | 4920 1a91 | 2801 40f9 | 3f00 08eb 
  0x0000000114f35f9c: a100 0054 | 4848 43f9 | 0805 0091 | 4848 03f9 | 1c00 0014 | 4960 1a91 | 2801 40f9 | 3f00 08eb 
  0x0000000114f35fbc: a100 0054 | 4850 43f9 | 0805 0091 | 4850 03f9 | 1400 0014 | 4920 1a91 | 2801 40f9 | c800 00b5 
  0x0000000114f35fdc: 2101 00f9 | e803 40b2 | 4940 1a91 | 2801 00f9 | 0c00 0014 | 4960 1a91 | 2801 40f9 | c800 00b5 
  0x0000000114f35ffc: 2101 00f9 | e803 40b2 | 4980 1a91 | 2801 00f9 | 0400 0014 | 483c 43f9 | 0805 0091 | 483c 03f9 
  0x0000000114f3601c: e203 00aa | e15b 40f9 

  0x0000000114f36024: ; ImmutableOopMap {[176]=Oop [192]=Oop }
                      ;*invokevirtual eventTypeEnabled {reexecute=0 rethrow=0 return_oop=0}
                      ; - java.awt.Component::dispatchEventImpl@184 (line 4891)
                      ;   {optimized virtual_call}
  0x0000000114f36024: 5778 9e95 

  0x0000000114f36028: ;   {other}
  0x0000000114f36028: 1f20 03d5 | 1ff3 84f2 | 1fa0 82f2 | 1f00 0071 

  0x0000000114f36038: ;   {metadata(method data for {method} {0x000000012c049ac0} 'dispatchEventImpl' '(Ljava/awt/AWTEvent;)V' in 'java/awt/Component')}
  0x0000000114f36038: 01dd 96d2 | 01cf a5f2 | 2100 c0f2 | 08d6 80d2 | 09d8 80d2 | 0011 899a | 2268 60f8 | 4204 0091 
  0x0000000114f36058: 2268 20f8 | 011a 0054 | e15b 40f9 | bf3b 03d5 | 2040 40b9 | 00f0 7dd3 | bf39 03d5 | e203 1faa 
  0x0000000114f36078: 1f00 02eb 

  0x0000000114f3607c: ;   {metadata(method data for {method} {0x000000012c049ac0} 'dispatchEventImpl' '(Ljava/awt/AWTEvent;)V' in 'java/awt/Component')}
  0x0000000114f3607c: 00dd 96d2 | 00cf a5f2 | 2000 c0f2 | 08da 80d2 | 09dc 80d2 | 0201 899a | 0368 62f8 | 6304 0091 
  0x0000000114f3609c: 0368 22f8 | e017 0054 | bf3b 03d5 | 2040 40b9 | 00f0 7dd3 | bf39 03d5 

  0x0000000114f360b4: ; implicit exception: dispatches to 0x0000000114f3acd8
  0x0000000114f360b4: 1f00 40f9 | e203 00aa 

  0x0000000114f360bc: ;   {metadata(method data for {method} {0x000000012c049ac0} 'dispatchEventImpl' '(Ljava/awt/AWTEvent;)V' in 'java/awt/Component')}
  0x0000000114f360bc: 03dd 96d2 | 03cf a5f2 | 2300 c0f2 | 4208 40b9 | 021d c0f2 | 6900 1c91 | 2801 40f9 | 5f00 08eb 
  0x0000000114f360dc: a100 0054 | 6884 43f9 | 0805 0091 | 6884 03f9 | 1c00 0014 | 6940 1c91 | 2801 40f9 | 5f00 08eb 
  0x0000000114f360fc: a100 0054 | 688c 43f9 | 0805 0091 | 688c 03f9 | 1400 0014 | 6900 1c91 | 2801 40f9 | c800 00b5 
  0x0000000114f3611c: 2201 00f9 | e803 40b2 | 6920 1c91 | 2801 00f9 | 0c00 0014 | 6940 1c91 | 2801 40f9 | c800 00b5 
  0x0000000114f3613c: 2201 00f9 | e803 40b2 | 6960 1c91 | 2801 00f9 | 0400 0014 | 6878 43f9 | 0805 0091 | 6878 03f9 
  0x0000000114f3615c: e103 00aa | e9ff 9fd2 | e9ff bff2 | e9ff dff2 

  0x0000000114f3616c: ; ImmutableOopMap {[176]=Oop [192]=Oop }
                      ;*invokeinterface handlesWheelScrolling {reexecute=0 rethrow=0 return_oop=0}
                      ; - java.awt.Component::dispatchEventImpl@201 (line 4892)
                      ;   {virtual_call}
  0x0000000114f3616c: c578 9e95 

  0x0000000114f36170: ;   {other}
  0x0000000114f36170: 1f20 03d5 | 1f1c 85f2 | 1fc0 82f2 | 1f00 0071 

  0x0000000114f36180: ;   {metadata(method data for {method} {0x000000012c049ac0} 'dispatchEventImpl' '(Ljava/awt/AWTEvent;)V' in 'java/awt/Component')}
  0x0000000114f36180: 02dd 96d2 | 02cf a5f2 | 2200 c0f2 | 08e5 80d2 | 09e7 80d2 | 0111 899a | 4068 61f8 | 0004 0091 
  0x0000000114f361a0: 4068 21f8 | c10f 0054 | e263 40f9 | 0201 00b5 

  0x0000000114f361b0: ;   {metadata(method data for {method} {0x000000012c049ac0} 'dispatchEventImpl' '(Ljava/awt/AWTEvent;)V' in 'java/awt/Component')}
  0x0000000114f361b0: 04dd 96d2 | 04cf a5f2 | 2400 c0f2 | 8804 5d39 | 0801 40b2 | 8804 1d39 | 3600 0014 

  0x0000000114f361cc: ;   {metadata('java/awt/event/MouseWheelEvent')}
  0x0000000114f361cc: 03e7 99d2 | 8329 a0f2 | 031d c0f2 | 4808 40b9 | 081d c0f2 | 1f01 03eb | e104 0054 

  0x0000000114f361e8: ;   {metadata(method data for {method} {0x000000012c049ac0} 'dispatchEventImpl' '(Ljava/awt/AWTEvent;)V' in 'java/awt/Component')}
  0x0000000114f361e8: 04dd 96d2 | 04cf a5f2 | 2400 c0f2 | 4308 40b9 | 031d c0f2 | 8960 1d91 | 2801 40f9 | 7f00 08eb 
  0x0000000114f36208: a100 0054 | 88b0 43f9 | 0805 0091 | 88b0 03f9 | 2200 0014 | 89a0 1d91 | 2801 40f9 | 7f00 08eb 
  0x0000000114f36228: a100 0054 | 88b8 43f9 | 0805 0091 | 88b8 03f9 | 1a00 0014 | 8960 1d91 | 2801 40f9 | c800 00b5 
  0x0000000114f36248: 2301 00f9 | e803 40b2 | 8980 1d91 | 2801 00f9 | 1200 0014 | 89a0 1d91 | 2801 40f9 | c800 00b5 
  0x0000000114f36268: 2301 00f9 | e803 40b2 | 89c0 1d91 | 2801 00f9 | 0a00 0014 | 0900 0014 

  0x0000000114f36280: ;   {metadata(method data for {method} {0x000000012c049ac0} 'dispatchEventImpl' '(Ljava/awt/AWTEvent;)V' in 'java/awt/Component')}
  0x0000000114f36280: 04dd 96d2 | 04cf a5f2 | 2400 c0f2 | 88a4 43f9 | 0805 00d1 | 88a4 03f9 | 9112 0014 | 0100 0014 
  0x0000000114f362a0: e103 02aa | e05b 40f9 

  0x0000000114f362a8: ;   {metadata(method data for {method} {0x000000012c049ac0} 'dispatchEventImpl' '(Ljava/awt/AWTEvent;)V' in 'java/awt/Component')}
  0x0000000114f362a8: 03dd 96d2 | 03cf a5f2 | 2300 c0f2 | 0008 40b9 | 001d c0f2 | 6940 1e91 | 2801 40f9 | 1f00 08eb 
  0x0000000114f362c8: a100 0054 | 68cc 43f9 | 0805 0091 | 68cc 03f9 | 1c00 0014 | 6980 1e91 | 2801 40f9 | 1f00 08eb 
  0x0000000114f362e8: a100 0054 | 68d4 43f9 | 0805 0091 | 68d4 03f9 | 1400 0014 | 6940 1e91 | 2801 40f9 | c800 00b5 
  0x0000000114f36308: 2001 00f9 | e803 40b2 | 6960 1e91 | 2801 00f9 | 0c00 0014 | 6980 1e91 | 2801 40f9 | c800 00b5 
  0x0000000114f36328: 2001 00f9 | e803 40b2 | 69a0 1e91 | 2801 00f9 | 0400 0014 | 68c0 43f9 | 0805 0091 | 68c0 03f9 
  0x0000000114f36348: e263 00f9 | e203 01aa | e15b 40f9 | e9ff 9fd2 | e9ff bff2 | e9ff dff2 

  0x0000000114f36360: ; ImmutableOopMap {[176]=Oop [192]=Oop }
                      ;*invokevirtual dispatchMouseWheelToAncestor {reexecute=0 rethrow=0 return_oop=0}
                      ; - java.awt.Component::dispatchEventImpl@214 (line 4893)
                      ;   {virtual_call}
  0x0000000114f36360: 4878 9e95 

  0x0000000114f36364: ;   {other}
  0x0000000114f36364: 1f20 03d5 | 9f5a 85f2 | 1fe0 82f2 | 1f00 0071 

  0x0000000114f36374: ;   {metadata(method data for {method} {0x000000012c049ac0} 'dispatchEventImpl' '(Ljava/awt/AWTEvent;)V' in 'java/awt/Component')}
  0x0000000114f36374: 00dd 96d2 | 00cf a5f2 | 2000 c0f2 | 08f9 80d2 | 09f7 80d2 | 0111 899a | 0268 61f8 | 4204 0091 
  0x0000000114f36394: 0268 21f8 | 0126 0254 

  0x0000000114f3639c: ;   {metadata(method data for {method} {0x000000012c049ac0} 'dispatchEventImpl' '(Ljava/awt/AWTEvent;)V' in 'java/awt/Component')}
  0x0000000114f3639c: 00dd 96d2 | 00cf a5f2 | 2000 c0f2 | 08ec 43f9 | 0805 0091 | 08ec 03f9 

  0x0000000114f363b4: ; ImmutableOopMap {[176]=Oop [192]=Oop }
                      ;*invokestatic getDefaultToolkit {reexecute=0 rethrow=0 return_oop=0}
                      ; - java.awt.Component::dispatchEventImpl@221 (line 4901)
                      ;   {static_call}
  0x0000000114f363b4: 430e c095 

  0x0000000114f363b8: ;   {other}
  0x0000000114f363b8: 1f20 03d5 | 1f65 85f2 | 1f00 83f2 

  0x0000000114f363c4: ; implicit exception: dispatches to 0x0000000114f3ace4
  0x0000000114f363c4: 1f00 40f9 | e203 00aa 

  0x0000000114f363cc: ;   {metadata(method data for {method} {0x000000012c049ac0} 'dispatchEventImpl' '(Ljava/awt/AWTEvent;)V' in 'java/awt/Component')}
  0x0000000114f363cc: 01dd 96d2 | 01cf a5f2 | 2100 c0f2 | 4208 40b9 | 021d c0f2 | 29e0 1f91 | 2801 40f9 | 5f00 08eb 
  0x0000000114f363ec: a100 0054 | 2800 44f9 | 0805 0091 | 2800 04f9 | 1c00 0014 | 2920 2091 | 2801 40f9 | 5f00 08eb 
  0x0000000114f3640c: a100 0054 | 2808 44f9 | 0805 0091 | 2808 04f9 | 1400 0014 | 29e0 1f91 | 2801 40f9 | c800 00b5 
  0x0000000114f3642c: 2201 00f9 | e803 40b2 | 2900 2091 | 2801 00f9 | 0c00 0014 | 2920 2091 | 2801 40f9 | c800 00b5 
  0x0000000114f3644c: 2201 00f9 | e803 40b2 | 2940 2091 | 2801 00f9 | 0400 0014 | 28f4 43f9 | 0805 0091 | 28f4 03f9 
  0x0000000114f3646c: e263 40f9 | e103 00aa | e067 00f9 

  0x0000000114f36478: ; ImmutableOopMap {[176]=Oop [192]=Oop [200]=Oop }
                      ;*invokevirtual notifyAWTEventListeners {reexecute=0 rethrow=0 return_oop=0}
                      ; - java.awt.Component::dispatchEventImpl@229 (line 4902)
                      ;   {optimized virtual_call}
  0x0000000114f36478: 12b5 0d94 

  0x0000000114f3647c: ;   {other}
  0x0000000114f3647c: 1f20 03d5 | 9f7d 85f2 | 1f20 83f2 | e263 40f9 

  0x0000000114f3648c: ; implicit exception: dispatches to 0x0000000114f3ace8
  0x0000000114f3648c: 5f00 40f9 | e103 02aa 

  0x0000000114f36494: ;   {metadata(method data for {method} {0x000000012c049ac0} 'dispatchEventImpl' '(Ljava/awt/AWTEvent;)V' in 'java/awt/Component')}
  0x0000000114f36494: 00dd 96d2 | 00cf a5f2 | 2000 c0f2 | 2108 40b9 | 011d c0f2 | 09c0 2091 | 2801 40f9 | 3f00 08eb 
  0x0000000114f364b4: a100 0054 | 081c 44f9 | 0805 0091 | 081c 04f9 | 1c00 0014 | 0900 2191 | 2801 40f9 | 3f00 08eb 
  0x0000000114f364d4: a100 0054 | 0824 44f9 | 0805 0091 | 0824 04f9 | 1400 0014 | 09c0 2091 | 2801 40f9 | c800 00b5 
  0x0000000114f364f4: 2101 00f9 | e803 40b2 | 09e0 2091 | 2801 00f9 | 0c00 0014 | 0900 2191 | 2801 40f9 | c800 00b5 
  0x0000000114f36514: 2101 00f9 | e803 40b2 | 0920 2191 | 2801 00f9 | 0400 0014 | 0810 44f9 | 0805 0091 | 0810 04f9 
  0x0000000114f36534: e103 02aa | e263 00f9 | e9ff 9fd2 | e9ff bff2 | e9ff dff2 

  0x0000000114f36548: ; ImmutableOopMap {[176]=Oop [192]=Oop [200]=Oop }
                      ;*invokevirtual isConsumed {reexecute=0 rethrow=0 return_oop=0}
                      ; - java.awt.Component::dispatchEventImpl@233 (line 4909)
                      ;   {virtual_call}
  0x0000000114f36548: 6636 a295 

  0x0000000114f3654c: ;   {other}
  0x0000000114f3654c: 1f20 03d5 | 9f97 85f2 | 1f40 83f2 | 1f00 0071 

  0x0000000114f3655c: ;   {metadata(method data for {method} {0x000000012c049ac0} 'dispatchEventImpl' '(Ljava/awt/AWTEvent;)V' in 'java/awt/Component')}
  0x0000000114f3655c: 00dd 96d2 | 00cf a5f2 | 2000 c0f2 | 080b 81d2 | 090d 81d2 | 0111 899a | 0268 61f8 | 4204 0091 
  0x0000000114f3657c: 0268 21f8 | c123 0054 | e263 40f9 | 0201 00b5 

  0x0000000114f3658c: ;   {metadata(method data for {method} {0x000000012c049ac0} 'dispatchEventImpl' '(Ljava/awt/AWTEvent;)V' in 'java/awt/Component')}
  0x0000000114f3658c: 04dd 96d2 | 04cf a5f2 | 2400 c0f2 | 88c4 6139 | 0801 40b2 | 88c4 2139 | 3600 0014 

  0x0000000114f365a8: ;   {metadata('java/awt/event/KeyEvent')}
  0x0000000114f365a8: 03e4 8ad2 | a324 a0f2 | 031d c0f2 | 4808 40b9 | 081d c0f2 | 1f01 03eb | e104 0054 

  0x0000000114f365c4: ;   {metadata(method data for {method} {0x000000012c049ac0} 'dispatchEventImpl' '(Ljava/awt/AWTEvent;)V' in 'java/awt/Component')}
  0x0000000114f365c4: 04dd 96d2 | 04cf a5f2 | 2400 c0f2 | 4308 40b9 | 031d c0f2 | 8920 2291 | 2801 40f9 | 7f00 08eb 
  0x0000000114f365e4: a100 0054 | 8848 44f9 | 0805 0091 | 8848 04f9 | 2400 0014 | 8960 2291 | 2801 40f9 | 7f00 08eb 
  0x0000000114f36604: a100 0054 | 8850 44f9 | 0805 0091 | 8850 04f9 | 1c00 0014 | 8920 2291 | 2801 40f9 | c800 00b5 
  0x0000000114f36624: 2301 00f9 | e803 40b2 | 8940 2291 | 2801 00f9 | 1400 0014 | 8960 2291 | 2801 40f9 | c800 00b5 
  0x0000000114f36644: 2301 00f9 | e803 40b2 | 8980 2291 | 2801 00f9 | 0c00 0014 | 0b00 0014 

  0x0000000114f3665c: ;   {metadata(method data for {method} {0x000000012c049ac0} 'dispatchEventImpl' '(Ljava/awt/AWTEvent;)V' in 'java/awt/Component')}
  0x0000000114f3665c: 04dd 96d2 | 04cf a5f2 | 2400 c0f2 | 883c 44f9 | 0805 00d1 | 883c 04f9 | 0200 0014 | 0300 0014 
  0x0000000114f3667c: e003 1faa | 0200 0014 | e003 40b2 | 1f00 0071 

  0x0000000114f3668c: ;   {metadata(method data for {method} {0x000000012c049ac0} 'dispatchEventImpl' '(Ljava/awt/AWTEvent;)V' in 'java/awt/Component')}
  0x0000000114f3668c: 00dd 96d2 | 00cf a5f2 | 2000 c0f2 | 0816 81d2 | 0918 81d2 | 0101 899a | 0368 61f8 | 6304 0091 
  0x0000000114f366ac: 0368 21f8 | e263 00f9 | 201a 0054 

  0x0000000114f366b8: ;   {metadata(method data for {method} {0x000000012c049ac0} 'dispatchEventImpl' '(Ljava/awt/AWTEvent;)V' in 'java/awt/Component')}
  0x0000000114f366b8: 00dd 96d2 | 00cf a5f2 | 2000 c0f2 | 0868 44f9 | 0805 0091 | 0868 04f9 

  0x0000000114f366d0: ;   {metadata(method data for {method} {0x000000012c3d05e0} 'getCurrentKeyboardFocusManager' '()Ljava/awt/KeyboardFocusManager;' in 'java/awt/KeyboardFocusManager')}
  0x0000000114f366d0: 0065 85d2 | 00cf a5f2 | 2000 c0f2 | 01ac 40b9 | 2108 0011 | 01ac 00b9 | 214c 1f12 | 3f00 0071 
  0x0000000114f366f0: e02f 0254 

  0x0000000114f366f4: ;   {metadata(method data for {method} {0x000000012c3d05e0} 'getCurrentKeyboardFocusManager' '()Ljava/awt/KeyboardFocusManager;' in 'java/awt/KeyboardFocusManager')}
  0x0000000114f366f4: 0065 85d2 | 00cf a5f2 | 2000 c0f2 | 0878 40f9 | 0805 0091 | 0878 00f9 

  0x0000000114f3670c: ; ImmutableOopMap {[176]=Oop [192]=Oop [200]=Oop }
                      ;*invokestatic getAppContext {reexecute=0 rethrow=0 return_oop=0}
                      ; - java.awt.KeyboardFocusManager::getCurrentKeyboardFocusManager@0 (line 217)
                      ; - java.awt.Component::dispatchEventImpl@246 (line 4911)
                      ;   {static_call}
  0x0000000114f3670c: 1d33 c195 

  0x0000000114f36710: ;   {other}
  0x0000000114f36710: 1f20 03d5 | 1fd0 85f2 | 1f60 83f2 

  0x0000000114f3671c: ;   {metadata(method data for {method} {0x000000012c3d05e0} 'getCurrentKeyboardFocusManager' '()Ljava/awt/KeyboardFocusManager;' in 'java/awt/KeyboardFocusManager')}
  0x0000000114f3671c: 0165 85d2 | 01cf a5f2 | 2100 c0f2 | 2880 40f9 | 0805 0091 | 2880 00f9 | e103 00aa 

  0x0000000114f36738: ; ImmutableOopMap {[176]=Oop [192]=Oop [200]=Oop }
                      ;*invokestatic getCurrentKeyboardFocusManager {reexecute=0 rethrow=0 return_oop=0}
                      ; - java.awt.KeyboardFocusManager::getCurrentKeyboardFocusManager@3 (line 217)
                      ; - java.awt.Component::dispatchEventImpl@246 (line 4911)
                      ;   {static_call}
  0x0000000114f36738: 82c0 bb95 

  0x0000000114f3673c: ;   {other}
  0x0000000114f3673c: 1f20 03d5 | 9fd5 85f2 | 1f80 83f2 | e263 40f9 | 0201 00b5 

  0x0000000114f36750: ;   {metadata(method data for {method} {0x000000012c049ac0} 'dispatchEventImpl' '(Ljava/awt/AWTEvent;)V' in 'java/awt/Component')}
  0x0000000114f36750: 05dd 96d2 | 05cf a5f2 | 2500 c0f2 | a864 6339 | 0801 40b2 | a864 2339 | 3600 0014 

  0x0000000114f3676c: ;   {metadata('java/awt/event/KeyEvent')}
  0x0000000114f3676c: 04e4 8ad2 | a424 a0f2 | 041d c0f2 | 4808 40b9 | 081d c0f2 | 1f01 04eb | e104 0054 

  0x0000000114f36788: ;   {metadata(method data for {method} {0x000000012c049ac0} 'dispatchEventImpl' '(Ljava/awt/AWTEvent;)V' in 'java/awt/Component')}
  0x0000000114f36788: 05dd 96d2 | 05cf a5f2 | 2500 c0f2 | 4408 40b9 | 041d c0f2 | a9c0 2391 | 2801 40f9 | 9f00 08eb 
  0x0000000114f367a8: a100 0054 | a87c 44f9 | 0805 0091 | a87c 04f9 | 2200 0014 | a900 2491 | 2801 40f9 | 9f00 08eb 
  0x0000000114f367c8: a100 0054 | a884 44f9 | 0805 0091 | a884 04f9 | 1a00 0014 | a9c0 2391 | 2801 40f9 | c800 00b5 
  0x0000000114f367e8: 2401 00f9 | e803 40b2 | a9e0 2391 | 2801 00f9 | 1200 0014 | a900 2491 | 2801 40f9 | c800 00b5 
  0x0000000114f36808: 2401 00f9 | e803 40b2 | a920 2491 | 2801 00f9 | 0a00 0014 | 0900 0014 

  0x0000000114f36820: ;   {metadata(method data for {method} {0x000000012c049ac0} 'dispatchEventImpl' '(Ljava/awt/AWTEvent;)V' in 'java/awt/Component')}
  0x0000000114f36820: 05dd 96d2 | 05cf a5f2 | 2500 c0f2 | a870 44f9 | 0805 00d1 | a870 04f9 | 3511 0014 | 0100 0014 
  0x0000000114f36840: e303 02aa 

  0x0000000114f36844: ; implicit exception: dispatches to 0x0000000114f3ad14
  0x0000000114f36844: 1f00 40f9 | e103 00aa 

  0x0000000114f3684c: ;   {metadata(method data for {method} {0x000000012c049ac0} 'dispatchEventImpl' '(Ljava/awt/AWTEvent;)V' in 'java/awt/Component')}
  0x0000000114f3684c: 04dd 96d2 | 04cf a5f2 | 2400 c0f2 | 2108 40b9 | 011d c0f2 | 89a0 2491 | 2801 40f9 | 3f00 08eb 
  0x0000000114f3686c: a100 0054 | 8898 44f9 | 0805 0091 | 8898 04f9 | 1c00 0014 | 89e0 2491 | 2801 40f9 | 3f00 08eb 
  0x0000000114f3688c: a100 0054 | 88a0 44f9 | 0805 0091 | 88a0 04f9 | 1400 0014 | 89a0 2491 | 2801 40f9 | c800 00b5 
  0x0000000114f368ac: 2101 00f9 | e803 40b2 | 89c0 2491 | 2801 00f9 | 0c00 0014 | 89e0 2491 | 2801 40f9 | c800 00b5 
  0x0000000114f368cc: 2101 00f9 | e803 40b2 | 8900 2591 | 2801 00f9 | 0400 0014 | 888c 44f9 | 0805 0091 | 888c 04f9 
  0x0000000114f368ec: e263 00f9 | e25b 40f9 | e103 00aa 

  0x0000000114f368f8: ; ImmutableOopMap {[176]=Oop [192]=Oop [200]=Oop }
                      ;*invokevirtual processKeyEvent {reexecute=0 rethrow=0 return_oop=0}
                      ; - java.awt.Component::dispatchEventImpl@254 (line 4912)
                      ;   {optimized virtual_call}
  0x0000000114f368f8: 92c8 fb97 

  0x0000000114f368fc: ;   {other}
  0x0000000114f368fc: 1f20 03d5 | 9f0d 86f2 | 1fa0 83f2 | e263 40f9 

  0x0000000114f3690c: ;   {metadata(method data for {method} {0x000000012c049ac0} 'dispatchEventImpl' '(Ljava/awt/AWTEvent;)V' in 'java/awt/Component')}
  0x0000000114f3690c: 01dd 96d2 | 01cf a5f2 | 2100 c0f2 | 4208 40b9 | 021d c0f2 | 2980 2591 | 2801 40f9 | 5f00 08eb 
  0x0000000114f3692c: a100 0054 | 28b4 44f9 | 0805 0091 | 28b4 04f9 | 1c00 0014 | 29c0 2591 | 2801 40f9 | 5f00 08eb 
  0x0000000114f3694c: a100 0054 | 28bc 44f9 | 0805 0091 | 28bc 04f9 | 1400 0014 | 2980 2591 | 2801 40f9 | c800 00b5 
  0x0000000114f3696c: 2201 00f9 | e803 40b2 | 29a0 2591 | 2801 00f9 | 0c00 0014 | 29c0 2591 | 2801 40f9 | c800 00b5 
  0x0000000114f3698c: 2201 00f9 | e803 40b2 | 29e0 2591 | 2801 00f9 | 0400 0014 | 28a8 44f9 | 0805 0091 | 28a8 04f9 
  0x0000000114f369ac: e163 40f9 | 09e4 8ad2 | a924 a0f2 | 091d c0f2 

  0x0000000114f369bc: ; ImmutableOopMap {[176]=Oop [192]=Oop [200]=Oop }
                      ;*invokevirtual isConsumed {reexecute=0 rethrow=0 return_oop=0}
                      ; - java.awt.Component::dispatchEventImpl@258 (line 4913)
                      ;   {virtual_call}
  0x0000000114f369bc: d193 c095 

  0x0000000114f369c0: ;   {other}
  0x0000000114f369c0: 1f20 03d5 | 1f26 86f2 | 1fc0 83f2 | 1f00 0071 

  0x0000000114f369d0: ;   {metadata(method data for {method} {0x000000012c049ac0} 'dispatchEventImpl' '(Ljava/awt/AWTEvent;)V' in 'java/awt/Component')}
  0x0000000114f369d0: 01dd 96d2 | 01cf a5f2 | 2100 c0f2 | 0833 81d2 | 0931 81d2 | 0011 899a | 2268 60f8 | 4204 0091 
  0x0000000114f369f0: 2268 20f8 | 61f2 0154 | e15b 40f9 

  0x0000000114f369fc: ;   {metadata(method data for {method} {0x000000012c049ac0} 'dispatchEventImpl' '(Ljava/awt/AWTEvent;)V' in 'java/awt/Component')}
  0x0000000114f369fc: 00dd 96d2 | 00cf a5f2 | 2000 c0f2 | 2108 40b9 | 011d c0f2 | 09e0 2691 | 2801 40f9 | 3f00 08eb 
  0x0000000114f36a1c: a100 0054 | 08e0 44f9 | 0805 0091 | 08e0 04f9 | 1c00 0014 | 0920 2791 | 2801 40f9 | 3f00 08eb 
  0x0000000114f36a3c: a100 0054 | 08e8 44f9 | 0805 0091 | 08e8 04f9 | 1400 0014 | 09e0 2691 | 2801 40f9 | c800 00b5 
  0x0000000114f36a5c: 2101 00f9 | e803 40b2 | 0900 2791 | 2801 00f9 | 0c00 0014 | 0920 2791 | 2801 40f9 | c800 00b5 
  0x0000000114f36a7c: 2101 00f9 | e803 40b2 | 0940 2791 | 2801 00f9 | 0400 0014 | 08d4 44f9 | 0805 0091 | 08d4 04f9 
  0x0000000114f36a9c: e15b 40f9 

  0x0000000114f36aa0: ; ImmutableOopMap {[176]=Oop [192]=Oop [200]=Oop }
                      ;*invokevirtual areInputMethodsEnabled {reexecute=0 rethrow=0 return_oop=0}
                      ; - java.awt.Component::dispatchEventImpl@266 (line 4922)
                      ;   {optimized virtual_call}
  0x0000000114f36aa0: 580d 0294 

  0x0000000114f36aa4: ;   {other}
  0x0000000114f36aa4: 1f20 03d5 | 9f42 86f2 | 1fe0 83f2 | 1f00 0071 

  0x0000000114f36ab4: ;   {metadata(method data for {method} {0x000000012c049ac0} 'dispatchEventImpl' '(Ljava/awt/AWTEvent;)V' in 'java/awt/Component')}
  0x0000000114f36ab4: 01dd 96d2 | 01cf a5f2 | 2100 c0f2 | 083c 81d2 | 093e 81d2 | 0001 899a | 2268 60f8 | 4204 0091 
  0x0000000114f36ad4: 2268 20f8 | e263 40f9 | 005f 0054 | 0201 00b5 

  0x0000000114f36ae4: ;   {metadata(method data for {method} {0x000000012c049ac0} 'dispatchEventImpl' '(Ljava/awt/AWTEvent;)V' in 'java/awt/Component')}
  0x0000000114f36ae4: 04dd 96d2 | 04cf a5f2 | 2400 c0f2 | 88e4 6739 | 0801 40b2 | 88e4 2739 | 3600 0014 

  0x0000000114f36b00: ;   {metadata('java/awt/event/InputMethodEvent')}
  0x0000000114f36b00: 0308 89d2 | 2322 a0f2 | 031d c0f2 | 4808 40b9 | 081d c0f2 | 1f01 03eb | e104 0054 

  0x0000000114f36b1c: ;   {metadata(method data for {method} {0x000000012c049ac0} 'dispatchEventImpl' '(Ljava/awt/AWTEvent;)V' in 'java/awt/Component')}
  0x0000000114f36b1c: 04dd 96d2 | 04cf a5f2 | 2400 c0f2 | 4308 40b9 | 031d c0f2 | 8940 2891 | 2801 40f9 | 7f00 08eb 
  0x0000000114f36b3c: a100 0054 | 880c 45f9 | 0805 0091 | 880c 05f9 | 2400 0014 | 8980 2891 | 2801 40f9 | 7f00 08eb 
  0x0000000114f36b5c: a100 0054 | 8814 45f9 | 0805 0091 | 8814 05f9 | 1c00 0014 | 8940 2891 | 2801 40f9 | c800 00b5 
  0x0000000114f36b7c: 2301 00f9 | e803 40b2 | 8960 2891 | 2801 00f9 | 1400 0014 | 8980 2891 | 2801 40f9 | c800 00b5 
  0x0000000114f36b9c: 2301 00f9 | e803 40b2 | 89a0 2891 | 2801 00f9 | 0c00 0014 | 0b00 0014 

  0x0000000114f36bb4: ;   {metadata(method data for {method} {0x000000012c049ac0} 'dispatchEventImpl' '(Ljava/awt/AWTEvent;)V' in 'java/awt/Component')}
  0x0000000114f36bb4: 04dd 96d2 | 04cf a5f2 | 2400 c0f2 | 8800 45f9 | 0805 00d1 | 8800 05f9 | 0200 0014 | 0300 0014 
  0x0000000114f36bd4: e103 1faa | 0200 0014 | e103 40b2 | 3f00 0071 

  0x0000000114f36be4: ;   {metadata(method data for {method} {0x000000012c049ac0} 'dispatchEventImpl' '(Ljava/awt/AWTEvent;)V' in 'java/awt/Component')}
  0x0000000114f36be4: 01dd 96d2 | 01cf a5f2 | 2100 c0f2 | 0847 81d2 | 0949 81d2 | 0001 899a | 2368 60f8 | 6304 0091 
  0x0000000114f36c04: 2368 20f8 | e15b 40f9 | 800a 0054 | 0101 00b5 

  0x0000000114f36c14: ;   {metadata(method data for {method} {0x000000012c049ac0} 'dispatchEventImpl' '(Ljava/awt/AWTEvent;)V' in 'java/awt/Component')}
  0x0000000114f36c14: 05dd 96d2 | 05cf a5f2 | 2500 c0f2 | a844 6939 | 0801 40b2 | a844 2939 | 3e00 0014 

  0x0000000114f36c30: ; ImmutableOopMap {c_rarg2=Oop c_rarg1=Oop [176]=Oop [200]=Oop }
                      ;*instanceof {reexecute=0 rethrow=0 return_oop=0}
                      ; - java.awt.Component::dispatchEventImpl@280 (line 4927)
                      ;   {runtime_call load_mirror_patching Runtime1 stub}
  0x0000000114f36c30: 34e0 a195 | 2508 40b9 | 051d c0f2 | bf00 04eb | 6001 0054 | 8314 40b9 | a868 63f8 | 9f00 08eb 
  0x0000000114f36c50: e000 0054 | 7f80 00f1 | 6105 0054 | e513 bfa9 

  0x0000000114f36c60: ;   {runtime_call slow_subtype_check Runtime1 stub}
  0x0000000114f36c60: 48d9 a195 | e417 c1a8 | e404 00b4 

  0x0000000114f36c6c: ;   {metadata(method data for {method} {0x000000012c049ac0} 'dispatchEventImpl' '(Ljava/awt/AWTEvent;)V' in 'java/awt/Component')}
  0x0000000114f36c6c: 05dd 96d2 | 05cf a5f2 | 2500 c0f2 | 2408 40b9 | 041d c0f2 | a9a0 2991 | 2801 40f9 | 9f00 08eb 
  0x0000000114f36c8c: a100 0054 | a838 45f9 | 0805 0091 | a838 05f9 | 2400 0014 | a9e0 2991 | 2801 40f9 | 9f00 08eb 
  0x0000000114f36cac: a100 0054 | a840 45f9 | 0805 0091 | a840 05f9 | 1c00 0014 | a9a0 2991 | 2801 40f9 | c800 00b5 
  0x0000000114f36ccc: 2401 00f9 | e803 40b2 | a9c0 2991 | 2801 00f9 | 1400 0014 | a9e0 2991 | 2801 40f9 | c800 00b5 
  0x0000000114f36cec: 2401 00f9 | e803 40b2 | a900 2a91 | 2801 00f9 | 0c00 0014 | 0b00 0014 

  0x0000000114f36d04: ;   {metadata(method data for {method} {0x000000012c049ac0} 'dispatchEventImpl' '(Ljava/awt/AWTEvent;)V' in 'java/awt/Component')}
  0x0000000114f36d04: 05dd 96d2 | 05cf a5f2 | 2500 c0f2 | a82c 45f9 | 0805 00d1 | a82c 05f9 | 0200 0014 | 0300 0014 
  0x0000000114f36d24: e003 1faa | 0200 0014 | e003 40b2 | 1f00 0071 

  0x0000000114f36d34: ;   {metadata(method data for {method} {0x000000012c049ac0} 'dispatchEventImpl' '(Ljava/awt/AWTEvent;)V' in 'java/awt/Component')}
  0x0000000114f36d34: 00dd 96d2 | 00cf a5f2 | 2000 c0f2 | 0852 81d2 | 0954 81d2 | 0301 899a | 0468 63f8 | 8404 0091 
  0x0000000114f36d54: 0468 23f8 | 6013 0054 | 0201 00b5 

  0x0000000114f36d60: ;   {metadata(method data for {method} {0x000000012c049ac0} 'dispatchEventImpl' '(Ljava/awt/AWTEvent;)V' in 'java/awt/Component')}
  0x0000000114f36d60: 05dd 96d2 | 05cf a5f2 | 2500 c0f2 | a8a4 6a39 | 0801 40b2 | a8a4 2a39 | 3700 0014 

  0x0000000114f36d7c: ;   {metadata('java/awt/event/InputEvent')}
  0x0000000114f36d7c: 0463 9ed2 | e420 a0f2 | 041d c0f2 | 4508 40b9 | 051d c0f2 | a828 40f9 | 9f00 08eb | e104 0054 
  0x0000000114f36d9c: ;   {metadata(method data for {method} {0x000000012c049ac0} 'dispatchEventImpl' '(Ljava/awt/AWTEvent;)V' in 'java/awt/Component')}
  0x0000000114f36d9c: 05dd 96d2 | 05cf a5f2 | 2500 c0f2 | 4408 40b9 | 041d c0f2 | a900 2b91 | 2801 40f9 | 9f00 08eb 
  0x0000000114f36dbc: a100 0054 | a864 45f9 | 0805 0091 | a864 05f9 | 2400 0014 | a940 2b91 | 2801 40f9 | 9f00 08eb 
  0x0000000114f36ddc: a100 0054 | a86c 45f9 | 0805 0091 | a86c 05f9 | 1c00 0014 | a900 2b91 | 2801 40f9 | c800 00b5 
  0x0000000114f36dfc: 2401 00f9 | e803 40b2 | a920 2b91 | 2801 00f9 | 1400 0014 | a940 2b91 | 2801 40f9 | c800 00b5 
  0x0000000114f36e1c: 2401 00f9 | e803 40b2 | a960 2b91 | 2801 00f9 | 0c00 0014 | 0b00 0014 

  0x0000000114f36e34: ;   {metadata(method data for {method} {0x000000012c049ac0} 'dispatchEventImpl' '(Ljava/awt/AWTEvent;)V' in 'java/awt/Component')}
  0x0000000114f36e34: 05dd 96d2 | 05cf a5f2 | 2500 c0f2 | a858 45f9 | 0805 00d1 | a858 05f9 | 0200 0014 | 0300 0014 
  0x0000000114f36e54: e003 1faa | 0200 0014 | e003 40b2 | 1f00 0071 

  0x0000000114f36e64: ;   {metadata(method data for {method} {0x000000012c049ac0} 'dispatchEventImpl' '(Ljava/awt/AWTEvent;)V' in 'java/awt/Component')}
  0x0000000114f36e64: 00dd 96d2 | 00cf a5f2 | 2000 c0f2 | 085d 81d2 | 095f 81d2 | 0311 899a | 0468 63f8 | 8404 0091 
  0x0000000114f36e84: 0468 23f8 | e109 0054 | 0201 00b5 

  0x0000000114f36e90: ;   {metadata(method data for {method} {0x000000012c049ac0} 'dispatchEventImpl' '(Ljava/awt/AWTEvent;)V' in 'java/awt/Component')}
  0x0000000114f36e90: 05dd 96d2 | 05cf a5f2 | 2500 c0f2 | a804 6c39 | 0801 40b2 | a804 2c39 | 3600 0014 

  0x0000000114f36eac: ;   {metadata('java/awt/event/FocusEvent')}
  0x0000000114f36eac: 040d 9fd2 | a424 a0f2 | 041d c0f2 | 4808 40b9 | 081d c0f2 | 1f01 04eb | e104 0054 

  0x0000000114f36ec8: ;   {metadata(method data for {method} {0x000000012c049ac0} 'dispatchEventImpl' '(Ljava/awt/AWTEvent;)V' in 'java/awt/Component')}
  0x0000000114f36ec8: 05dd 96d2 | 05cf a5f2 | 2500 c0f2 | 4408 40b9 | 041d c0f2 | a960 2c91 | 2801 40f9 | 9f00 08eb 
  0x0000000114f36ee8: a100 0054 | a890 45f9 | 0805 0091 | a890 05f9 | 2400 0014 | a9a0 2c91 | 2801 40f9 | 9f00 08eb 
  0x0000000114f36f08: a100 0054 | a898 45f9 | 0805 0091 | a898 05f9 | 1c00 0014 | a960 2c91 | 2801 40f9 | c800 00b5 
  0x0000000114f36f28: 2401 00f9 | e803 40b2 | a980 2c91 | 2801 00f9 | 1400 0014 | a9a0 2c91 | 2801 40f9 | c800 00b5 
  0x0000000114f36f48: 2401 00f9 | e803 40b2 | a9c0 2c91 | 2801 00f9 | 0c00 0014 | 0b00 0014 

  0x0000000114f36f60: ;   {metadata(method data for {method} {0x000000012c049ac0} 'dispatchEventImpl' '(Ljava/awt/AWTEvent;)V' in 'java/awt/Component')}
  0x0000000114f36f60: 05dd 96d2 | 05cf a5f2 | 2500 c0f2 | a884 45f9 | 0805 00d1 | a884 05f9 | 0200 0014 | 0300 0014 
  0x0000000114f36f80: e003 1faa | 0200 0014 | e003 40b2 | 1f00 0071 

  0x0000000114f36f90: ;   {metadata(method data for {method} {0x000000012c049ac0} 'dispatchEventImpl' '(Ljava/awt/AWTEvent;)V' in 'java/awt/Component')}
  0x0000000114f36f90: 00dd 96d2 | 00cf a5f2 | 2000 c0f2 | 086a 81d2 | 0968 81d2 | 0311 899a | 0468 63f8 | 8404 0091 
  0x0000000114f36fb0: 0468 23f8 | 8100 0054 | e263 00f9 | e0ab 40b9 | 8603 0014 | e263 00f9 | e003 01aa 

  0x0000000114f36fcc: ;   {metadata(method data for {method} {0x000000012c049ac0} 'dispatchEventImpl' '(Ljava/awt/AWTEvent;)V' in 'java/awt/Component')}
  0x0000000114f36fcc: 03dd 96d2 | 03cf a5f2 | 2300 c0f2 | 0008 40b9 | 001d c0f2 | 69c0 2d91 | 2801 40f9 | 1f00 08eb 
  0x0000000114f36fec: a100 0054 | 68bc 45f9 | 0805 0091 | 68bc 05f9 | 1c00 0014 | 6900 2e91 | 2801 40f9 | 1f00 08eb 
  0x0000000114f3700c: a100 0054 | 68c4 45f9 | 0805 0091 | 68c4 05f9 | 1400 0014 | 69c0 2d91 | 2801 40f9 | c800 00b5 
  0x0000000114f3702c: 2001 00f9 | e803 40b2 | 69e0 2d91 | 2801 00f9 | 0c00 0014 | 6900 2e91 | 2801 40f9 | c800 00b5 
  0x0000000114f3704c: 2001 00f9 | e803 40b2 | 6920 2e91 | 2801 00f9 | 0400 0014 | 68b0 45f9 | 0805 0091 | 68b0 05f9 
  0x0000000114f3706c: e003 01aa | e103 00aa | e9ff 9fd2 | e9ff bff2 | e9ff dff2 

  0x0000000114f37080: ; ImmutableOopMap {[176]=Oop [192]=Oop [200]=Oop }
                      ;*invokevirtual getInputContext {reexecute=0 rethrow=0 return_oop=0}
                      ; - java.awt.Component::dispatchEventImpl@301 (line 4934)
                      ;   {virtual_call}
  0x0000000114f37080: 4aa0 a695 

  0x0000000114f37084: ;   {other}
  0x0000000114f37084: 1f20 03d5 | 9ffe 86f2 | 1f20 84f2 | e203 1faa | 1f00 02eb 

  0x0000000114f37098: ;   {metadata(method data for {method} {0x000000012c049ac0} 'dispatchEventImpl' '(Ljava/awt/AWTEvent;)V' in 'java/awt/Component')}
  0x0000000114f37098: 02dd 96d2 | 02cf a5f2 | 2200 c0f2 | 0873 81d2 | 0975 81d2 | 0101 899a | 4368 61f8 | 6304 0091 
  0x0000000114f370b8: 4368 21f8 | 000e 0054 

  0x0000000114f370c0: ; implicit exception: dispatches to 0x0000000114f3ad18
  0x0000000114f370c0: 1f00 40f9 | e203 00aa 

  0x0000000114f370c8: ;   {metadata(method data for {method} {0x000000012c049ac0} 'dispatchEventImpl' '(Ljava/awt/AWTEvent;)V' in 'java/awt/Component')}
  0x0000000114f370c8: 01dd 96d2 | 01cf a5f2 | 2100 c0f2 | 4208 40b9 | 021d c0f2 | 2920 2f91 | 2801 40f9 | 5f00 08eb 
  0x0000000114f370e8: a100 0054 | 28e8 45f9 | 0805 0091 | 28e8 05f9 | 1c00 0014 | 2960 2f91 | 2801 40f9 | 5f00 08eb 
  0x0000000114f37108: a100 0054 | 28f0 45f9 | 0805 0091 | 28f0 05f9 | 1400 0014 | 2920 2f91 | 2801 40f9 | c800 00b5 
  0x0000000114f37128: 2201 00f9 | e803 40b2 | 2940 2f91 | 2801 00f9 | 0c00 0014 | 2960 2f91 | 2801 40f9 | c800 00b5 
  0x0000000114f37148: 2201 00f9 | e803 40b2 | 2980 2f91 | 2801 00f9 | 0400 0014 | 28dc 45f9 | 0805 0091 | 28dc 05f9 
  0x0000000114f37168: e263 40f9 | e103 00aa | 0934 9dd2 | 89b9 aaf2 | 2901 c0f2 

  0x0000000114f3717c: ; ImmutableOopMap {[176]=Oop [192]=Oop [200]=Oop }
                      ;*invokevirtual dispatchEvent {reexecute=0 rethrow=0 return_oop=0}
                      ; - java.awt.Component::dispatchEventImpl@314 (line 4938)
                      ;   {virtual_call}
  0x0000000114f3717c: 0c89 9e95 

  0x0000000114f37180: ;   {other}
  0x0000000114f37180: 1f20 03d5 | 1f1e 87f2 | 1f40 84f2 | e263 40f9 

  0x0000000114f37190: ;   {metadata(method data for {method} {0x000000012c049ac0} 'dispatchEventImpl' '(Ljava/awt/AWTEvent;)V' in 'java/awt/Component')}
  0x0000000114f37190: 01dd 96d2 | 01cf a5f2 | 2100 c0f2 | 4208 40b9 | 021d c0f2 | 2900 3091 | 2801 40f9 | 5f00 08eb 
  0x0000000114f371b0: a100 0054 | 2804 46f9 | 0805 0091 | 2804 06f9 | 1c00 0014 | 2940 3091 | 2801 40f9 | 5f00 08eb 
  0x0000000114f371d0: a100 0054 | 280c 46f9 | 0805 0091 | 280c 06f9 | 1400 0014 | 2900 3091 | 2801 40f9 | c800 00b5 
  0x0000000114f371f0: 2201 00f9 | e803 40b2 | 2920 3091 | 2801 00f9 | 0c00 0014 | 2940 3091 | 2801 40f9 | c800 00b5 
  0x0000000114f37210: 2201 00f9 | e803 40b2 | 2960 3091 | 2801 00f9 | 0400 0014 | 28f8 45f9 | 0805 0091 | 28f8 05f9 
  0x0000000114f37230: e163 40f9 | e9ff 9fd2 | e9ff bff2 | e9ff dff2 

  0x0000000114f37240: ; ImmutableOopMap {[176]=Oop [192]=Oop [200]=Oop }
                      ;*invokevirtual isConsumed {reexecute=0 rethrow=0 return_oop=0}
                      ; - java.awt.Component::dispatchEventImpl@318 (line 4939)
                      ;   {virtual_call}
  0x0000000114f37240: 2833 a295 

  0x0000000114f37244: ;   {other}
  0x0000000114f37244: 1f20 03d5 | 9f36 87f2 | 1f60 84f2 | 1f00 0071 

  0x0000000114f37254: ;   {metadata(method data for {method} {0x000000012c049ac0} 'dispatchEventImpl' '(Ljava/awt/AWTEvent;)V' in 'java/awt/Component')}
  0x0000000114f37254: 02dd 96d2 | 02cf a5f2 | 2200 c0f2 | 0887 81d2 | 0985 81d2 | 0111 899a | 4068 61f8 | 0004 0091 
  0x0000000114f37274: 4068 21f8 | 2101 0054 

  0x0000000114f3727c: ;   {metadata(method data for {method} {0x000000012c049ac0} 'dispatchEventImpl' '(Ljava/awt/AWTEvent;)V' in 'java/awt/Component')}
  0x0000000114f3727c: 02dd 96d2 | 02cf a5f2 | 2200 c0f2 | 41b8 46f9 | 2104 0091 | 41b8 06f9 | e0ab 40b9 | d002 0014 
  0x0000000114f3729c: e263 40f9 | 0201 00b5 

  0x0000000114f372a4: ;   {metadata(method data for {method} {0x000000012c049ac0} 'dispatchEventImpl' '(Ljava/awt/AWTEvent;)V' in 'java/awt/Component')}
  0x0000000114f372a4: 04dd 96d2 | 04cf a5f2 | 2400 c0f2 | 8804 7139 | 0801 40b2 | 8804 3139 | 3600 0014 

  0x0000000114f372c0: ;   {metadata('java/awt/event/FocusEvent')}
  0x0000000114f372c0: 030d 9fd2 | a324 a0f2 | 031d c0f2 | 4808 40b9 | 081d c0f2 | 1f01 03eb | e104 0054 

  0x0000000114f372dc: ;   {metadata(method data for {method} {0x000000012c049ac0} 'dispatchEventImpl' '(Ljava/awt/AWTEvent;)V' in 'java/awt/Component')}
  0x0000000114f372dc: 04dd 96d2 | 04cf a5f2 | 2400 c0f2 | 4308 40b9 | 031d c0f2 | 8960 3191 | 2801 40f9 | 7f00 08eb 
  0x0000000114f372fc: a100 0054 | 8830 46f9 | 0805 0091 | 8830 06f9 | 2400 0014 | 89a0 3191 | 2801 40f9 | 7f00 08eb 
  0x0000000114f3731c: a100 0054 | 8838 46f9 | 0805 0091 | 8838 06f9 | 1c00 0014 | 8960 3191 | 2801 40f9 | c800 00b5 
  0x0000000114f3733c: 2301 00f9 | e803 40b2 | 8980 3191 | 2801 00f9 | 1400 0014 | 89a0 3191 | 2801 40f9 | c800 00b5 
  0x0000000114f3735c: 2301 00f9 | e803 40b2 | 89c0 3191 | 2801 00f9 | 0c00 0014 | 0b00 0014 

  0x0000000114f37374: ;   {metadata(method data for {method} {0x000000012c049ac0} 'dispatchEventImpl' '(Ljava/awt/AWTEvent;)V' in 'java/awt/Component')}
  0x0000000114f37374: 04dd 96d2 | 04cf a5f2 | 2400 c0f2 | 8824 46f9 | 0805 00d1 | 8824 06f9 | 0200 0014 | 0300 0014 
  0x0000000114f37394: e103 1faa | 0200 0014 | e103 40b2 | 3f00 0071 

  0x0000000114f373a4: ;   {metadata(method data for {method} {0x000000012c049ac0} 'dispatchEventImpl' '(Ljava/awt/AWTEvent;)V' in 'java/awt/Component')}
  0x0000000114f373a4: 01dd 96d2 | 01cf a5f2 | 2100 c0f2 | 0890 81d2 | 0992 81d2 | 0001 899a | 2368 60f8 | 6304 0091 
  0x0000000114f373c4: 2368 20f8 | 00a3 0154 

  0x0000000114f373cc: ;   {oop(a 'sun/util/logging/PlatformLogger'{0x0000000480c22890})}
  0x0000000114f373cc: 0112 85d2 | 4118 b0f2 | 8100 c0f2 

  0x0000000114f373d8: ;   {metadata(method data for {method} {0x000000012c049ac0} 'dispatchEventImpl' '(Ljava/awt/AWTEvent;)V' in 'java/awt/Component')}
  0x0000000114f373d8: 00dd 96d2 | 00cf a5f2 | 2000 c0f2 

  0x0000000114f373e4: ;   {metadata('sun/util/logging/PlatformLogger')}
  0x0000000114f373e4: 089b 86d2 | e820 a0f2 | 081d c0f2 | 09c0 3291 | 2801 00f9 | 085c 46f9 | 0805 0091 | 085c 06f9 
  0x0000000114f37404: ;   {metadata(method data for {method} {0x000000012c26eb70} 'isLoggable' '(Lsun/util/logging/PlatformLogger$Level;)Z' in 'sun/util/logging/PlatformLogger')}
  0x0000000114f37404: 01af 8cd2 | 21ce a5f2 | 2100 c0f2 | 20ac 40b9 | 0008 0011 | 20ac 00b9 | 004c 1f12 | 1f00 0071 
  0x0000000114f37424: c0c7 0154 

  0x0000000114f37428: ;   {metadata(method data for {method} {0x000000012c26eb70} 'isLoggable' '(Lsun/util/logging/PlatformLogger$Level;)Z' in 'sun/util/logging/PlatformLogger')}
  0x0000000114f37428: 01af 8cd2 | 21ce a5f2 | 2100 c0f2 | 2078 40f9 | 0004 0091 | 2078 00f9 | e263 00f9 

  0x0000000114f37444: ;   {oop(a 'sun/util/logging/PlatformLogger'{0x0000000480c22890})}
  0x0000000114f37444: 0112 85d2 | 4118 b0f2 | 8100 c0f2 

  0x0000000114f37450: ; implicit exception: dispatches to 0x0000000114f3ad3c
  0x0000000114f37450: 210c 40b9 | 21f0 7dd3 

  0x0000000114f37458: ; implicit exception: dispatches to 0x0000000114f3ad40
  0x0000000114f37458: 3f00 40f9 | e003 01aa 

  0x0000000114f37460: ;   {metadata(method data for {method} {0x000000012c26eb70} 'isLoggable' '(Lsun/util/logging/PlatformLogger$Level;)Z' in 'sun/util/logging/PlatformLogger')}
  0x0000000114f37460: 03af 8cd2 | 23ce a5f2 | 2300 c0f2 | 0008 40b9 | 001d c0f2 | 69c0 0491 | 2801 40f9 | 1f00 08eb 
  0x0000000114f37480: a100 0054 | 689c 40f9 | 0805 0091 | 689c 00f9 | 1c00 0014 | 6900 0591 | 2801 40f9 | 1f00 08eb 
  0x0000000114f374a0: a100 0054 | 68a4 40f9 | 0805 0091 | 68a4 00f9 | 1400 0014 | 69c0 0491 | 2801 40f9 | c800 00b5 
  0x0000000114f374c0: 2001 00f9 | e803 40b2 | 69e0 0491 | 2801 00f9 | 0c00 0014 | 6900 0591 | 2801 40f9 | c800 00b5 
  0x0000000114f374e0: 2001 00f9 | e803 40b2 | 6920 0591 | 2801 00f9 | 0400 0014 | 6890 40f9 | 0805 0091 | 6890 00f9 
  0x0000000114f37500: ;   {oop(a 'sun/util/logging/PlatformLogger$Level'{0x0000000480c002e8})}
  0x0000000114f37500: 005d 80d2 | 0018 b0f2 | 8000 c0f2 | e203 00aa | e9ff 9fd2 | e9ff bff2 | e9ff dff2 

  0x0000000114f3751c: ; ImmutableOopMap {[192]=Oop }
                      ;*invokeinterface isLoggable {reexecute=0 rethrow=0 return_oop=0}
                      ; - sun.util.logging.PlatformLogger::isLoggable@17 (line 340)
                      ; - java.awt.Component::dispatchEventImpl@337 (line 4940)
                      ;   {virtual_call}
  0x0000000114f3751c: d973 9e95 

  0x0000000114f37520: ;   {other}
  0x0000000114f37520: 1f20 03d5 | 1f92 87f2 | 1f80 84f2 | 0100 0012 | 3f00 0071 

  0x0000000114f37534: ;   {metadata(method data for {method} {0x000000012c049ac0} 'dispatchEventImpl' '(Ljava/awt/AWTEvent;)V' in 'java/awt/Component')}
  0x0000000114f37534: 01dd 96d2 | 01cf a5f2 | 2100 c0f2 | 089b 81d2 | 099d 81d2 | 0001 899a | 2268 60f8 | 4204 0091 
  0x0000000114f37554: 2268 20f8 | 8096 0154 | e263 40f9 

  0x0000000114f37560: ;   {metadata(method data for {method} {0x000000012c049ac0} 'dispatchEventImpl' '(Ljava/awt/AWTEvent;)V' in 'java/awt/Component')}
  0x0000000114f37560: 01dd 96d2 | 01cf a5f2 | 2100 c0f2 | 287c 46f9 | 0805 0091 | 287c 06f9 

  0x0000000114f37578: ;   {metadata(method data for {method} {0x000000e800453c58} 'valueOf' '(Ljava/lang/Object;)Ljava/lang/String;' in 'java/lang/String')}
  0x0000000114f37578: 01d7 95d2 | 8181 a5f2 | 2100 c0f2 | 20ac 40b9 | 0008 0011 | 20ac 00b9 | 004c 1f12 | 1f00 0071 
  0x0000000114f37598: 60bd 0154 | e103 1faa | 5f00 01eb 

  0x0000000114f375a4: ;   {metadata(method data for {method} {0x000000e800453c58} 'valueOf' '(Ljava/lang/Object;)Ljava/lang/String;' in 'java/lang/String')}
  0x0000000114f375a4: 01d7 95d2 | 8181 a5f2 | 2100 c0f2 | e80f 7cb2 | e903 78b2 | 0011 899a | 2368 60f8 | 6304 0091 
  0x0000000114f375c4: 2368 20f8 | 6101 0054 

  0x0000000114f375cc: ;   {metadata(method data for {method} {0x000000e800453c58} 'valueOf' '(Ljava/lang/Object;)Ljava/lang/String;' in 'java/lang/String')}
  0x0000000114f375cc: 01d7 95d2 | 8181 a5f2 | 2100 c0f2 | 2088 40f9 | 0004 0091 | 2088 00f9 

  0x0000000114f375e4: ;   {oop("null"{0x0000000480800718})}
  0x0000000114f375e4: 00e3 80d2 | 0010 b0f2 | 8000 c0f2 | 2f0c 0014 | e103 02aa 

  0x0000000114f375f8: ;   {metadata(method data for {method} {0x000000e800453c58} 'valueOf' '(Ljava/lang/Object;)Ljava/lang/String;' in 'java/lang/String')}
  0x0000000114f375f8: 00d7 95d2 | 8081 a5f2 | 2000 c0f2 | 2108 40b9 | 011d c0f2 | 09e0 0491 | 2801 40f9 | 3f00 08eb 
  0x0000000114f37618: a100 0054 | 08a0 40f9 | 0805 0091 | 08a0 00f9 | 1c00 0014 | 0920 0591 | 2801 40f9 | 3f00 08eb 
  0x0000000114f37638: a100 0054 | 08a8 40f9 | 0805 0091 | 08a8 00f9 | 1400 0014 | 09e0 0491 | 2801 40f9 | c800 00b5 
  0x0000000114f37658: 2101 00f9 | e803 40b2 | 0900 0591 | 2801 00f9 | 0c00 0014 | 0920 0591 | 2801 40f9 | c800 00b5 
  0x0000000114f37678: 2101 00f9 | e803 40b2 | 0940 0591 | 2801 00f9 | 0400 0014 | 0894 40f9 | 0805 0091 | 0894 00f9 
  0x0000000114f37698: e103 02aa | e9ff 9fd2 | e9ff bff2 | e9ff dff2 

  0x0000000114f376a8: ; ImmutableOopMap {}
                      ;*invokevirtual toString {reexecute=0 rethrow=0 return_oop=0}
                      ; - java.lang.String::valueOf@11 (line 4454)
                      ; - java.awt.Component::dispatchEventImpl@347 (line 4941)
                      ;   {virtual_call}
  0x0000000114f376a8: 7673 9e95 

  0x0000000114f376ac: ;   {other}
  0x0000000114f376ac: 1f20 03d5 | 9fc3 87f2 | 1fa0 84f2 | fd0b 0014 | e0ab 40b9 | 1fb0 0f71 

  0x0000000114f376c4: ;   {metadata(method data for {method} {0x000000012c049ac0} 'dispatchEventImpl' '(Ljava/awt/AWTEvent;)V' in 'java/awt/Component')}
  0x0000000114f376c4: 01dd 96d2 | 01cf a5f2 | 2100 c0f2 | 08b1 81d2 | 09b3 81d2 | 0311 899a | 2468 63f8 | 8404 0091 
  0x0000000114f376e4: 2468 23f8 | e263 00f9 | 6137 0054 | e15b 40f9 

  0x0000000114f376f4: ;   {metadata(method data for {method} {0x000000012c049ac0} 'dispatchEventImpl' '(Ljava/awt/AWTEvent;)V' in 'java/awt/Component')}
  0x0000000114f376f4: 03dd 96d2 | 03cf a5f2 | 2300 c0f2 | 2108 40b9 | 011d c0f2 | 69e0 3691 | 2801 40f9 | 3f00 08eb 
  0x0000000114f37714: a100 0054 | 68e0 46f9 | 0805 0091 | 68e0 06f9 | 1c00 0014 | 6920 3791 | 2801 40f9 | 3f00 08eb 
  0x0000000114f37734: a100 0054 | 68e8 46f9 | 0805 0091 | 68e8 06f9 | 1400 0014 | 69e0 3691 | 2801 40f9 | c800 00b5 
  0x0000000114f37754: 2101 00f9 | e803 40b2 | 6900 3791 | 2801 00f9 | 0c00 0014 | 6920 3791 | 2801 40f9 | c800 00b5 
  0x0000000114f37774: 2101 00f9 | e803 40b2 | 6940 3791 | 2801 00f9 | 0400 0014 | 68d4 46f9 | 0805 0091 | 68d4 06f9 
  0x0000000114f37794: e15b 40f9 | 09d8 81d2 | 29c3 aaf2 | 2901 c0f2 

  0x0000000114f377a4: ; ImmutableOopMap {[176]=Oop [192]=Oop [200]=Oop }
                      ;*invokevirtual getInputContext {reexecute=0 rethrow=0 return_oop=0}
                      ; - java.awt.Component::dispatchEventImpl@370 (line 4952)
                      ;   {virtual_call}
  0x0000000114f377a4: e284 9e95 

  0x0000000114f377a8: ;   {other}
  0x0000000114f377a8: 1f20 03d5 | 1fe3 87f2 | 1fc0 84f2 | 0001 00b5 

  0x0000000114f377b8: ;   {metadata(method data for {method} {0x000000012c049ac0} 'dispatchEventImpl' '(Ljava/awt/AWTEvent;)V' in 'java/awt/Component')}
  0x0000000114f377b8: 04dd 96d2 | 04cf a5f2 | 2400 c0f2 | 8864 7739 | 0801 40b2 | 8864 3739 | 3700 0014 

  0x0000000114f377d4: ;   {metadata('sun/awt/im/InputContext')}
  0x0000000114f377d4: 0349 80d2 | 8329 a0f2 | 031d c0f2 | 0408 40b9 | 041d c0f2 | 8820 40f9 | 7f00 08eb | e104 0054 
  0x0000000114f377f4: ;   {metadata(method data for {method} {0x000000012c049ac0} 'dispatchEventImpl' '(Ljava/awt/AWTEvent;)V' in 'java/awt/Component')}
  0x0000000114f377f4: 04dd 96d2 | 04cf a5f2 | 2400 c0f2 | 0308 40b9 | 031d c0f2 | 89c0 3791 | 2801 40f9 | 7f00 08eb 
  0x0000000114f37814: a100 0054 | 88fc 46f9 | 0805 0091 | 88fc 06f9 | 2400 0014 | 8900 3891 | 2801 40f9 | 7f00 08eb 
  0x0000000114f37834: a100 0054 | 8804 47f9 | 0805 0091 | 8804 07f9 | 1c00 0014 | 89c0 3791 | 2801 40f9 | c800 00b5 
  0x0000000114f37854: 2301 00f9 | e803 40b2 | 89e0 3791 | 2801 00f9 | 1400 0014 | 8900 3891 | 2801 40f9 | c800 00b5 
  0x0000000114f37874: 2301 00f9 | e803 40b2 | 8920 3891 | 2801 00f9 | 0c00 0014 | 0b00 0014 

  0x0000000114f3788c: ;   {metadata(method data for {method} {0x000000012c049ac0} 'dispatchEventImpl' '(Ljava/awt/AWTEvent;)V' in 'java/awt/Component')}
  0x0000000114f3788c: 04dd 96d2 | 04cf a5f2 | 2400 c0f2 | 88f0 46f9 | 0805 00d1 | 88f0 06f9 | 0200 0014 | 0300 0014 
  0x0000000114f378ac: e103 1faa | 0200 0014 | e103 40b2 | 3f00 0071 

  0x0000000114f378bc: ;   {metadata(method data for {method} {0x000000012c049ac0} 'dispatchEventImpl' '(Ljava/awt/AWTEvent;)V' in 'java/awt/Component')}
  0x0000000114f378bc: 01dd 96d2 | 01cf a5f2 | 2100 c0f2 | 08c5 81d2 | 09c3 81d2 | 0211 899a | 2368 62f8 | 6304 0091 
  0x0000000114f378dc: 2368 22f8 | 6100 0054 | e0ab 40b9 | 3c01 0014 | 0001 00b5 

  0x0000000114f378f0: ;   {metadata(method data for {method} {0x000000012c049ac0} 'dispatchEventImpl' '(Ljava/awt/AWTEvent;)V' in 'java/awt/Component')}
  0x0000000114f378f0: 03dd 96d2 | 03cf a5f2 | 2300 c0f2 | 68c4 7839 | 0801 40b2 | 68c4 3839 | 3700 0014 

  0x0000000114f3790c: ;   {metadata('sun/awt/im/InputContext')}
  0x0000000114f3790c: 0249 80d2 | 8229 a0f2 | 021d c0f2 | 0308 40b9 | 031d c0f2 | 6820 40f9 | 5f00 08eb | e104 0054 
  0x0000000114f3792c: ;   {metadata(method data for {method} {0x000000012c049ac0} 'dispatchEventImpl' '(Ljava/awt/AWTEvent;)V' in 'java/awt/Component')}
  0x0000000114f3792c: 03dd 96d2 | 03cf a5f2 | 2300 c0f2 | 0208 40b9 | 021d c0f2 | 6920 3991 | 2801 40f9 | 5f00 08eb 
  0x0000000114f3794c: a100 0054 | 6828 47f9 | 0805 0091 | 6828 07f9 | 2200 0014 | 6960 3991 | 2801 40f9 | 5f00 08eb 
  0x0000000114f3796c: a100 0054 | 6830 47f9 | 0805 0091 | 6830 07f9 | 1a00 0014 | 6920 3991 | 2801 40f9 | c800 00b5 
  0x0000000114f3798c: 2201 00f9 | e803 40b2 | 6940 3991 | 2801 00f9 | 1200 0014 | 6960 3991 | 2801 40f9 | c800 00b5 
  0x0000000114f379ac: 2201 00f9 | e803 40b2 | 6980 3991 | 2801 00f9 | 0a00 0014 | 0900 0014 

  0x0000000114f379c4: ;   {metadata(method data for {method} {0x000000012c049ac0} 'dispatchEventImpl' '(Ljava/awt/AWTEvent;)V' in 'java/awt/Component')}
  0x0000000114f379c4: 03dd 96d2 | 03cf a5f2 | 2300 c0f2 | 681c 47f9 | 0805 00d1 | 681c 07f9 | e20c 0014 | 0100 0014 
  0x0000000114f379e4: e103 00aa 

  0x0000000114f379e8: ; implicit exception: dispatches to 0x0000000114f3ad6c
  0x0000000114f379e8: 3f00 40f9 | e003 01aa 

  0x0000000114f379f0: ;   {metadata(method data for {method} {0x000000012c049ac0} 'dispatchEventImpl' '(Ljava/awt/AWTEvent;)V' in 'java/awt/Component')}
  0x0000000114f379f0: 02dd 96d2 | 02cf a5f2 | 2200 c0f2 | 0008 40b9 | 001d c0f2 | 4900 3a91 | 2801 40f9 | 1f00 08eb 
  0x0000000114f37a10: a100 0054 | 4844 47f9 | 0805 0091 | 4844 07f9 | 1c00 0014 | 4940 3a91 | 2801 40f9 | 1f00 08eb 
  0x0000000114f37a30: a100 0054 | 484c 47f9 | 0805 0091 | 484c 07f9 | 1400 0014 | 4900 3a91 | 2801 40f9 | c800 00b5 
  0x0000000114f37a50: 2001 00f9 | e803 40b2 | 4920 3a91 | 2801 00f9 | 0c00 0014 | 4940 3a91 | 2801 40f9 | c800 00b5 
  0x0000000114f37a70: 2001 00f9 | e803 40b2 | 4960 3a91 | 2801 00f9 | 0400 0014 | 4838 47f9 | 0805 0091 | 4838 07f9 
  0x0000000114f37a90: ;   {metadata(method data for {method} {0x000000012e5fa5f8} 'disableNativeIM' '()V' in 'sun/awt/im/InputContext')}
  0x0000000114f37a90: 0034 84d2 | 20cf a5f2 | 2000 c0f2 | 02ac 40b9 | 4208 0011 | 02ac 00b9 | 424c 1f12 | 5f00 0071 
  0x0000000114f37ab0: 0096 0154 | e003 01aa 

  0x0000000114f37ab8: ;   {metadata(method data for {method} {0x000000012e5fa5f8} 'disableNativeIM' '()V' in 'sun/awt/im/InputContext')}
  0x0000000114f37ab8: 0234 84d2 | 22cf a5f2 | 2200 c0f2 | 4878 40f9 | 0805 0091 | 4878 00f9 

  0x0000000114f37ad0: ; ImmutableOopMap {[176]=Oop [192]=Oop [200]=Oop }
                      ;*invokevirtual getInputMethod {reexecute=0 rethrow=0 return_oop=0}
                      ; - sun.awt.im.InputContext::disableNativeIM@1 (line 792)
                      ; - java.awt.Component::dispatchEventImpl@392 (line 4954)
                      ;   {optimized virtual_call}
  0x0000000114f37ad0: ac71 9e95 

  0x0000000114f37ad4: ;   {other}
  0x0000000114f37ad4: 1f20 03d5 | 9f48 88f2 | 1fe0 84f2 | 0001 00b5 

  0x0000000114f37ae4: ;   {metadata(method data for {method} {0x000000012e5fa5f8} 'disableNativeIM' '()V' in 'sun/awt/im/InputContext')}
  0x0000000114f37ae4: 0434 84d2 | 24cf a5f2 | 2400 c0f2 | 8884 4439 | 0801 40b2 | 8884 0439 | 3700 0014 

  0x0000000114f37b00: ;   {metadata('sun/awt/im/InputMethodAdapter')}
  0x0000000114f37b00: 0335 83d2 | 8329 a0f2 | 031d c0f2 | 0408 40b9 | 041d c0f2 | 881c 40f9 | 7f00 08eb | e104 0054 
  0x0000000114f37b20: ;   {metadata(method data for {method} {0x000000012e5fa5f8} 'disableNativeIM' '()V' in 'sun/awt/im/InputContext')}
  0x0000000114f37b20: 0434 84d2 | 24cf a5f2 | 2400 c0f2 | 0308 40b9 | 031d c0f2 | 89e0 0491 | 2801 40f9 | 7f00 08eb 
  0x0000000114f37b40: a100 0054 | 88a0 40f9 | 0805 0091 | 88a0 00f9 | 2400 0014 | 8920 0591 | 2801 40f9 | 7f00 08eb 
  0x0000000114f37b60: a100 0054 | 88a8 40f9 | 0805 0091 | 88a8 00f9 | 1c00 0014 | 89e0 0491 | 2801 40f9 | c800 00b5 
  0x0000000114f37b80: 2301 00f9 | e803 40b2 | 8900 0591 | 2801 00f9 | 1400 0014 | 8920 0591 | 2801 40f9 | c800 00b5 
  0x0000000114f37ba0: 2301 00f9 | e803 40b2 | 8940 0591 | 2801 00f9 | 0c00 0014 | 0b00 0014 

  0x0000000114f37bb8: ;   {metadata(method data for {method} {0x000000012e5fa5f8} 'disableNativeIM' '()V' in 'sun/awt/im/InputContext')}
  0x0000000114f37bb8: 0434 84d2 | 24cf a5f2 | 2400 c0f2 | 8894 40f9 | 0805 00d1 | 8894 00f9 | 0200 0014 | 0300 0014 
  0x0000000114f37bd8: e203 1faa | 0200 0014 | e203 40b2 | 5f00 0071 

  0x0000000114f37be8: ;   {metadata(method data for {method} {0x000000012e5fa5f8} 'disableNativeIM' '()V' in 'sun/awt/im/InputContext')}
  0x0000000114f37be8: 0234 84d2 | 22cf a5f2 | 2200 c0f2 | 082c 80d2 | 092e 80d2 | 0101 899a | 4368 61f8 | 6304 0091 
  0x0000000114f37c08: 4368 21f8 | 400e 0054 | 0001 00b5 

  0x0000000114f37c14: ;   {metadata(method data for {method} {0x000000012e5fa5f8} 'disableNativeIM' '()V' in 'sun/awt/im/InputContext')}
  0x0000000114f37c14: 0334 84d2 | 23cf a5f2 | 2300 c0f2 | 68e4 4539 | 0801 40b2 | 68e4 0539 | 3700 0014 

  0x0000000114f37c30: ;   {metadata('sun/awt/im/InputMethodAdapter')}
  0x0000000114f37c30: 0235 83d2 | 8229 a0f2 | 021d c0f2 | 0308 40b9 | 031d c0f2 | 681c 40f9 | 5f00 08eb | e104 0054 
  0x0000000114f37c50: ;   {metadata(method data for {method} {0x000000012e5fa5f8} 'disableNativeIM' '()V' in 'sun/awt/im/InputContext')}
  0x0000000114f37c50: 0334 84d2 | 23cf a5f2 | 2300 c0f2 | 0208 40b9 | 021d c0f2 | 6940 0691 | 2801 40f9 | 5f00 08eb 
  0x0000000114f37c70: a100 0054 | 68cc 40f9 | 0805 0091 | 68cc 00f9 | 2200 0014 | 6980 0691 | 2801 40f9 | 5f00 08eb 
  0x0000000114f37c90: a100 0054 | 68d4 40f9 | 0805 0091 | 68d4 00f9 | 1a00 0014 | 6940 0691 | 2801 40f9 | c800 00b5 
  0x0000000114f37cb0: 2201 00f9 | e803 40b2 | 6960 0691 | 2801 00f9 | 1200 0014 | 6980 0691 | 2801 40f9 | c800 00b5 
  0x0000000114f37cd0: 2201 00f9 | e803 40b2 | 69a0 0691 | 2801 00f9 | 0a00 0014 | 0900 0014 

  0x0000000114f37ce8: ;   {metadata(method data for {method} {0x000000012e5fa5f8} 'disableNativeIM' '()V' in 'sun/awt/im/InputContext')}
  0x0000000114f37ce8: 0334 84d2 | 23cf a5f2 | 2300 c0f2 | 68c0 40f9 | 0805 00d1 | 68c0 00f9 | 240c 0014 | 0100 0014 
  0x0000000114f37d08: e203 00aa 

  0x0000000114f37d0c: ; implicit exception: dispatches to 0x0000000114f3ad98
  0x0000000114f37d0c: 5f00 40f9 

  0x0000000114f37d10: ;   {metadata(method data for {method} {0x000000012e5fa5f8} 'disableNativeIM' '()V' in 'sun/awt/im/InputContext')}
  0x0000000114f37d10: 0134 84d2 | 21cf a5f2 | 2100 c0f2 | 4208 40b9 | 021d c0f2 | 2920 0791 | 2801 40f9 | 5f00 08eb 
  0x0000000114f37d30: a100 0054 | 28e8 40f9 | 0805 0091 | 28e8 00f9 | 1c00 0014 | 2960 0791 | 2801 40f9 | 5f00 08eb 
  0x0000000114f37d50: a100 0054 | 28f0 40f9 | 0805 0091 | 28f0 00f9 | 1400 0014 | 2920 0791 | 2801 40f9 | c800 00b5 
  0x0000000114f37d70: 2201 00f9 | e803 40b2 | 2940 0791 | 2801 00f9 | 0c00 0014 | 2960 0791 | 2801 40f9 | c800 00b5 
  0x0000000114f37d90: 2201 00f9 | e803 40b2 | 2980 0791 | 2801 00f9 | 0400 0014 | 28dc 40f9 | 0805 0091 | 28dc 00f9 
  0x0000000114f37db0: ;   {metadata(method data for {method} {0x000000012e70ad60} 'stopListening' '()V' in 'sun/awt/im/InputMethodAdapter')}
  0x0000000114f37db0: 02af 84d2 | 22cf a5f2 | 2200 c0f2 | 41ac 40b9 | 2108 0011 | 41ac 00b9 | 214c 1f12 | 3f00 0071 
  0x0000000114f37dd0: 607e 0154 | e0ab 40b9 

  0x0000000114f37dd8: ;   {metadata(method data for {method} {0x000000012c049ac0} 'dispatchEventImpl' '(Ljava/awt/AWTEvent;)V' in 'java/awt/Component')}
  0x0000000114f37dd8: 02dd 96d2 | 02cf a5f2 | 2200 c0f2 | 01d6 81d2 | 1f44 0671 | e303 01aa | 08d8 81d2 | 0101 839a 
  0x0000000114f37df8: 1f48 0671 | e303 01aa | 08da 81d2 | 0101 839a | 4368 61f8 | 6304 0091 | 4368 21f8 | 1f44 0671 
  0x0000000114f37e18: a000 0054 | 1f48 0671 | 6000 0054 | e15b 40f9 | 5c01 0014 | e15b 40f9 | 0101 00b5 

  0x0000000114f37e34: ;   {metadata(method data for {method} {0x000000012c049ac0} 'dispatchEventImpl' '(Ljava/awt/AWTEvent;)V' in 'java/awt/Component')}
  0x0000000114f37e34: 05dd 96d2 | 05cf a5f2 | 2500 c0f2 | a884 7b39 | 0801 40b2 | a884 3b39 | 3700 0014 

  0x0000000114f37e50: ;   {metadata('java/awt/Container')}
  0x0000000114f37e50: 045e 85d2 | 8420 a0f2 | 041d c0f2 | 2508 40b9 | 051d c0f2 | a820 40f9 | 9f00 08eb | e104 0054 
  0x0000000114f37e70: ;   {metadata(method data for {method} {0x000000012c049ac0} 'dispatchEventImpl' '(Ljava/awt/AWTEvent;)V' in 'java/awt/Component')}
  0x0000000114f37e70: 05dd 96d2 | 05cf a5f2 | 2500 c0f2 | 2408 40b9 | 041d c0f2 | a9e0 3b91 | 2801 40f9 | 9f00 08eb 
  0x0000000114f37e90: a100 0054 | a880 47f9 | 0805 0091 | a880 07f9 | 2400 0014 | a920 3c91 | 2801 40f9 | 9f00 08eb 
  0x0000000114f37eb0: a100 0054 | a888 47f9 | 0805 0091 | a888 07f9 | 1c00 0014 | a9e0 3b91 | 2801 40f9 | c800 00b5 
  0x0000000114f37ed0: 2401 00f9 | e803 40b2 | a900 3c91 | 2801 00f9 | 1400 0014 | a920 3c91 | 2801 40f9 | c800 00b5 
  0x0000000114f37ef0: 2401 00f9 | e803 40b2 | a940 3c91 | 2801 00f9 | 0c00 0014 | 0b00 0014 

  0x0000000114f37f08: ;   {metadata(method data for {method} {0x000000012c049ac0} 'dispatchEventImpl' '(Ljava/awt/AWTEvent;)V' in 'java/awt/Component')}
  0x0000000114f37f08: 05dd 96d2 | 05cf a5f2 | 2500 c0f2 | a874 47f9 | 0805 00d1 | a874 07f9 | 0200 0014 | 0300 0014 
  0x0000000114f37f28: e203 1faa | 0200 0014 | e203 40b2 | 5f00 0071 

  0x0000000114f37f38: ;   {metadata(method data for {method} {0x000000012c049ac0} 'dispatchEventImpl' '(Ljava/awt/AWTEvent;)V' in 'java/awt/Component')}
  0x0000000114f37f38: 02dd 96d2 | 02cf a5f2 | 2200 c0f2 | 08e4 81d2 | 09e6 81d2 | 0301 899a | 4468 63f8 | 8404 0091 
  0x0000000114f37f58: 4468 23f8 | 2001 0054 

  0x0000000114f37f60: ;   {metadata(method data for {method} {0x000000012c049ac0} 'dispatchEventImpl' '(Ljava/awt/AWTEvent;)V' in 'java/awt/Component')}
  0x0000000114f37f60: 02dd 96d2 | 02cf a5f2 | 2200 c0f2 | 43a0 47f9 | 6304 0091 | 43a0 07f9 | e203 01aa | 0300 0014 
  0x0000000114f37f80: 2244 40b9 | 42f0 7dd3 | 0201 00b5 

  0x0000000114f37f8c: ;   {metadata(method data for {method} {0x000000012c049ac0} 'dispatchEventImpl' '(Ljava/awt/AWTEvent;)V' in 'java/awt/Component')}
  0x0000000114f37f8c: 05dd 96d2 | 05cf a5f2 | 2500 c0f2 | a844 7d39 | 0801 40b2 | a844 3d39 | 3700 0014 

  0x0000000114f37fa8: ;   {metadata('java/awt/Container')}
  0x0000000114f37fa8: 045e 85d2 | 8420 a0f2 | 041d c0f2 | 4508 40b9 | 051d c0f2 | a820 40f9 | 9f00 08eb | e104 0054 
  0x0000000114f37fc8: ;   {metadata(method data for {method} {0x000000012c049ac0} 'dispatchEventImpl' '(Ljava/awt/AWTEvent;)V' in 'java/awt/Component')}
  0x0000000114f37fc8: 05dd 96d2 | 05cf a5f2 | 2500 c0f2 | 4408 40b9 | 041d c0f2 | a9a0 3d91 | 2801 40f9 | 9f00 08eb 
  0x0000000114f37fe8: a100 0054 | a8b8 47f9 | 0805 0091 | a8b8 07f9 | 2200 0014 | a9e0 3d91 | 2801 40f9 | 9f00 08eb 
  0x0000000114f38008: a100 0054 | a8c0 47f9 | 0805 0091 | a8c0 07f9 | 1a00 0014 | a9a0 3d91 | 2801 40f9 | c800 00b5 
  0x0000000114f38028: 2401 00f9 | e803 40b2 | a9c0 3d91 | 2801 00f9 | 1200 0014 | a9e0 3d91 | 2801 40f9 | c800 00b5 
  0x0000000114f38048: 2401 00f9 | e803 40b2 | a900 3e91 | 2801 00f9 | 0a00 0014 | 0900 0014 

  0x0000000114f38060: ;   {metadata(method data for {method} {0x000000012c049ac0} 'dispatchEventImpl' '(Ljava/awt/AWTEvent;)V' in 'java/awt/Component')}
  0x0000000114f38060: 05dd 96d2 | 05cf a5f2 | 2500 c0f2 | a8ac 47f9 | 0805 00d1 | a8ac 07f9 | 510b 0014 | 0100 0014 
  0x0000000114f38080: e303 02aa | e203 1faa | 7f00 02eb 

  0x0000000114f3808c: ;   {metadata(method data for {method} {0x000000012c049ac0} 'dispatchEventImpl' '(Ljava/awt/AWTEvent;)V' in 'java/awt/Component')}
  0x0000000114f3808c: 02dd 96d2 | 02cf a5f2 | 2200 c0f2 | 08f2 81d2 | 09f4 81d2 | 0401 899a | 4568 64f8 | a504 0091 
  0x0000000114f380ac: 4568 24f8 | 4017 0054 | e263 40f9 | 0201 00b5 

  0x0000000114f380bc: ;   {metadata(method data for {method} {0x000000012c049ac0} 'dispatchEventImpl' '(Ljava/awt/AWTEvent;)V' in 'java/awt/Component')}
  0x0000000114f380bc: 07dd 96d2 | 07cf a5f2 | 2700 c0f2 | e8a4 7e39 | 0801 40b2 | e8a4 3e39 | 3600 0014 

  0x0000000114f380d8: ;   {metadata('java/awt/event/KeyEvent')}
  0x0000000114f380d8: 06e4 8ad2 | a624 a0f2 | 061d c0f2 | 4808 40b9 | 081d c0f2 | 1f01 06eb | e104 0054 

  0x0000000114f380f4: ;   {metadata(method data for {method} {0x000000012c049ac0} 'dispatchEventImpl' '(Ljava/awt/AWTEvent;)V' in 'java/awt/Component')}
  0x0000000114f380f4: 07dd 96d2 | 07cf a5f2 | 2700 c0f2 | 4608 40b9 | 061d c0f2 | e900 3f91 | 2801 40f9 | df00 08eb 
  0x0000000114f38114: a100 0054 | e8e4 47f9 | 0805 0091 | e8e4 07f9 | 2200 0014 | e940 3f91 | 2801 40f9 | df00 08eb 
  0x0000000114f38134: a100 0054 | e8ec 47f9 | 0805 0091 | e8ec 07f9 | 1a00 0014 | e900 3f91 | 2801 40f9 | c800 00b5 
  0x0000000114f38154: 2601 00f9 | e803 40b2 | e920 3f91 | 2801 00f9 | 1200 0014 | e940 3f91 | 2801 40f9 | c800 00b5 
  0x0000000114f38174: 2601 00f9 | e803 40b2 | e960 3f91 | 2801 00f9 | 0a00 0014 | 0900 0014 

  0x0000000114f3818c: ;   {metadata(method data for {method} {0x000000012c049ac0} 'dispatchEventImpl' '(Ljava/awt/AWTEvent;)V' in 'java/awt/Component')}
  0x0000000114f3818c: 07dd 96d2 | 07cf a5f2 | 2700 c0f2 | e8d8 47f9 | 0805 00d1 | e8d8 07f9 | 080b 0014 | 0100 0014 
  0x0000000114f381ac: e403 02aa 

  0x0000000114f381b0: ; implicit exception: dispatches to 0x0000000114f3adcc
  0x0000000114f381b0: 7f00 40f9 | e503 03aa 

  0x0000000114f381b8: ;   {metadata(method data for {method} {0x000000012c049ac0} 'dispatchEventImpl' '(Ljava/awt/AWTEvent;)V' in 'java/awt/Component')}
  0x0000000114f381b8: 06dd 96d2 | 06cf a5f2 | 2600 c0f2 | a508 40b9 | 051d c0f2 | c9e0 3f91 | 2801 40f9 | bf00 08eb 
  0x0000000114f381d8: a100 0054 | c800 48f9 | 0805 0091 | c800 08f9 | 1f00 0014 | c904 4091 | 2921 0091 | 2801 40f9 
  0x0000000114f381f8: bf00 08eb | a100 0054 | c808 48f9 | 0805 0091 | c808 08f9 | 1600 0014 | c9e0 3f91 | 2801 40f9 
  0x0000000114f38218: c800 00b5 | 2501 00f9 | e803 40b2 | c904 4091 | 2801 00f9 | 0e00 0014 | c904 4091 | 2921 0091 
  0x0000000114f38238: 2801 40f9 | e800 00b5 | 2501 00f9 | e803 40b2 | c904 4091 | 2941 0091 | 2801 00f9 | 0400 0014 
  0x0000000114f38258: c8f4 47f9 | 0805 0091 | c8f4 07f9 | e263 00f9 | e203 04aa | e103 03aa | 0916 83d2 | 6924 a0f2 
  0x0000000114f38278: 091d c0f2 

  0x0000000114f3827c: ; ImmutableOopMap {[176]=Oop [192]=Oop [200]=Oop }
                      ;*invokevirtual preProcessKeyEvent {reexecute=0 rethrow=0 return_oop=0}
                      ; - java.awt.Component::dispatchEventImpl@455 (line 4973)
                      ;   {virtual_call}
  0x0000000114f3827c: 51cc 0694 

  0x0000000114f38280: ;   {other}
  0x0000000114f38280: 1f20 03d5 | 1f3e 89f2 | 1f00 85f2 | e263 40f9 

  0x0000000114f38290: ;   {metadata(method data for {method} {0x000000012c049ac0} 'dispatchEventImpl' '(Ljava/awt/AWTEvent;)V' in 'java/awt/Component')}
  0x0000000114f38290: 01dd 96d2 | 01cf a5f2 | 2100 c0f2 | 4208 40b9 | 021d c0f2 | 2904 4091 | 29c1 0091 | 2801 40f9 
  0x0000000114f382b0: 5f00 08eb | a100 0054 | 281c 48f9 | 0805 0091 | 281c 08f9 | 2100 0014 | 2904 4091 | 2901 0191 
  0x0000000114f382d0: 2801 40f9 | 5f00 08eb | a100 0054 | 2824 48f9 | 0805 0091 | 2824 08f9 | 1800 0014 | 2904 4091 
  0x0000000114f382f0: 29c1 0091 | 2801 40f9 | e800 00b5 | 2201 00f9 | e803 40b2 | 2904 4091 | 29e1 0091 | 2801 00f9 
  0x0000000114f38310: 0e00 0014 | 2904 4091 | 2901 0191 | 2801 40f9 | e800 00b5 | 2201 00f9 | e803 40b2 | 2904 4091 
  0x0000000114f38330: 2921 0191 | 2801 00f9 | 0400 0014 | 2810 48f9 | 0805 0091 | 2810 08f9 | e163 40f9 | 09e4 8ad2 
  0x0000000114f38350: a924 a0f2 | 091d c0f2 

  0x0000000114f38358: ; ImmutableOopMap {[176]=Oop [192]=Oop [200]=Oop }
                      ;*invokevirtual isConsumed {reexecute=0 rethrow=0 return_oop=0}
                      ; - java.awt.Component::dispatchEventImpl@459 (line 4974)
                      ;   {virtual_call}
  0x0000000114f38358: 6a8d c095 

  0x0000000114f3835c: ;   {other}
  0x0000000114f3835c: 1f20 03d5 | 9f59 89f2 | 1f20 85f2 | 1f00 0071 

  0x0000000114f3836c: ;   {metadata(method data for {method} {0x000000012c049ac0} 'dispatchEventImpl' '(Ljava/awt/AWTEvent;)V' in 'java/awt/Component')}
  0x0000000114f3836c: 02dd 96d2 | 02cf a5f2 | 2200 c0f2 | 080d 82d2 | 090b 82d2 | 0111 899a | 4068 61f8 | 0004 0091 
  0x0000000114f3838c: 4068 21f8 | c1f0 0054 | e15b 40f9 | 22dc 4039 | 5f00 0071 

  0x0000000114f383a0: ;   {metadata(method data for {method} {0x000000012c049ac0} 'dispatchEventImpl' '(Ljava/awt/AWTEvent;)V' in 'java/awt/Component')}
  0x0000000114f383a0: 02dd 96d2 | 02cf a5f2 | 2200 c0f2 | 0821 82d2 | 0923 82d2 | 0001 899a | 4368 60f8 | 6304 0091 
  0x0000000114f383c0: 4368 20f8 | e010 0054 | e203 01aa 

  0x0000000114f383cc: ;   {metadata(method data for {method} {0x000000012c049ac0} 'dispatchEventImpl' '(Ljava/awt/AWTEvent;)V' in 'java/awt/Component')}
  0x0000000114f383cc: 00dd 96d2 | 00cf a5f2 | 2000 c0f2 | 4208 40b9 | 021d c0f2 | 0904 4091 | 29e1 0491 | 2801 40f9 
  0x0000000114f383ec: 5f00 08eb | a100 0054 | 08a0 48f9 | 0805 0091 | 08a0 08f9 | 2100 0014 | 0904 4091 | 2921 0591 
  0x0000000114f3840c: 2801 40f9 | 5f00 08eb | a100 0054 | 08a8 48f9 | 0805 0091 | 08a8 08f9 | 1800 0014 | 0904 4091 
  0x0000000114f3842c: 29e1 0491 | 2801 40f9 | e800 00b5 | 2201 00f9 | e803 40b2 | 0904 4091 | 2901 0591 | 2801 00f9 
  0x0000000114f3844c: 0e00 0014 | 0904 4091 | 2921 0591 | 2801 40f9 | e800 00b5 | 2201 00f9 | e803 40b2 | 0904 4091 
  0x0000000114f3846c: 2941 0591 | 2801 00f9 | 0400 0014 | 0894 48f9 | 0805 0091 | 0894 08f9 | e263 40f9 | e003 01aa 
  0x0000000114f3848c: e103 00aa | e9ff 9fd2 | e9ff bff2 | e9ff dff2 

  0x0000000114f3849c: ; ImmutableOopMap {[176]=Oop [192]=Oop [200]=Oop }
                      ;*invokevirtual eventEnabled {reexecute=0 rethrow=0 return_oop=0}
                      ; - java.awt.Component::dispatchEventImpl@496 (line 4995)
                      ;   {virtual_call}
  0x0000000114f3849c: 039b a695 

  0x0000000114f384a0: ;   {other}
  0x0000000114f384a0: 1f20 03d5 | 1f82 89f2 | 1f40 85f2 | 1f00 0071 

  0x0000000114f384b0: ;   {metadata(method data for {method} {0x000000012c049ac0} 'dispatchEventImpl' '(Ljava/awt/AWTEvent;)V' in 'java/awt/Component')}
  0x0000000114f384b0: 02dd 96d2 | 02cf a5f2 | 2200 c0f2 | 082e 82d2 | 092c 82d2 | 0111 899a | 4068 61f8 | 0004 0091 
  0x0000000114f384d0: 4068 21f8 | 6100 0054 | e263 40f9 | 3803 0014 | e15b 40f9 

  0x0000000114f384e4: ;   {metadata(method data for {method} {0x000000012c049ac0} 'dispatchEventImpl' '(Ljava/awt/AWTEvent;)V' in 'java/awt/Component')}
  0x0000000114f384e4: 02dd 96d2 | 02cf a5f2 | 2200 c0f2 | 2108 40b9 | 011d c0f2 | 4904 4091 | 2941 0691 | 2801 40f9 
  0x0000000114f38504: 3f00 08eb | a100 0054 | 48cc 48f9 | 0805 0091 | 48cc 08f9 | 2100 0014 | 4904 4091 | 2981 0691 
  0x0000000114f38524: 2801 40f9 | 3f00 08eb | a100 0054 | 48d4 48f9 | 0805 0091 | 48d4 08f9 | 1800 0014 | 4904 4091 
  0x0000000114f38544: 2941 0691 | 2801 40f9 | e800 00b5 | 2101 00f9 | e803 40b2 | 4904 4091 | 2961 0691 | 2801 00f9 
  0x0000000114f38564: 0e00 0014 | 4904 4091 | 2981 0691 | 2801 40f9 | e800 00b5 | 2101 00f9 | e803 40b2 | 4904 4091 
  0x0000000114f38584: 29a1 0691 | 2801 00f9 | 0400 0014 | 48c0 48f9 | 0805 0091 | 48c0 08f9 | e263 40f9 | e15b 40f9 
  0x0000000114f385a4: e9ff 9fd2 | e9ff bff2 | e9ff dff2 

  0x0000000114f385b0: ; ImmutableOopMap {[176]=Oop [192]=Oop [200]=Oop }
                      ;*invokevirtual processEvent {reexecute=0 rethrow=0 return_oop=0}
                      ; - java.awt.Component::dispatchEventImpl@504 (line 4996)
                      ;   {virtual_call}
  0x0000000114f385b0: c89a a695 

  0x0000000114f385b4: ;   {other}
  0x0000000114f385b4: 1f20 03d5 | 9fa4 89f2 | 1f60 85f2 

  0x0000000114f385c0: ;   {metadata(method data for {method} {0x000000012c049ac0} 'dispatchEventImpl' '(Ljava/awt/AWTEvent;)V' in 'java/awt/Component')}
  0x0000000114f385c0: 01dd 96d2 | 01cf a5f2 | 2100 c0f2 | 20dc 48f9 | 0004 0091 | 20dc 08f9 | e263 40f9 | f802 0014 
  0x0000000114f385e0: e0ab 40b9 | 1fec 0771 

  0x0000000114f385e8: ;   {metadata(method data for {method} {0x000000012c049ac0} 'dispatchEventImpl' '(Ljava/awt/AWTEvent;)V' in 'java/awt/Component')}
  0x0000000114f385e8: 01dd 96d2 | 01cf a5f2 | 2100 c0f2 | 083a 82d2 | 093c 82d2 | 0011 899a | 2268 60f8 | 4204 0091 
  0x0000000114f38608: 2268 20f8 | e263 40f9 | c110 0054 | 2201 00b5 

  0x0000000114f38618: ;   {metadata(method data for {method} {0x000000012c049ac0} 'dispatchEventImpl' '(Ljava/awt/AWTEvent;)V' in 'java/awt/Component')}
  0x0000000114f38618: 04dd 96d2 | 04cf a5f2 | 2400 c0f2 | 8904 4091 | 28a5 4739 | 0801 40b2 | 28a5 0739 | 3d00 0014 
  0x0000000114f38638: ;   {metadata('java/awt/event/MouseWheelEvent')}
  0x0000000114f38638: 03e7 99d2 | 8329 a0f2 | 031d c0f2 | 4808 40b9 | 081d c0f2 | 1f01 03eb | a105 0054 

  0x0000000114f38654: ;   {metadata(method data for {method} {0x000000012c049ac0} 'dispatchEventImpl' '(Ljava/awt/AWTEvent;)V' in 'java/awt/Component')}
  0x0000000114f38654: 04dd 96d2 | 04cf a5f2 | 2400 c0f2 | 4308 40b9 | 031d c0f2 | 8904 4091 | 2901 0891 | 2801 40f9 
  0x0000000114f38674: 7f00 08eb | a100 0054 | 8804 49f9 | 0805 0091 | 8804 09f9 | 2800 0014 | 8904 4091 | 2941 0891 
  0x0000000114f38694: 2801 40f9 | 7f00 08eb | a100 0054 | 880c 49f9 | 0805 0091 | 880c 09f9 | 1f00 0014 | 8904 4091 
  0x0000000114f386b4: 2901 0891 | 2801 40f9 | e800 00b5 | 2301 00f9 | e803 40b2 | 8904 4091 | 2921 0891 | 2801 00f9 
  0x0000000114f386d4: 1500 0014 | 8904 4091 | 2941 0891 | 2801 40f9 | e800 00b5 | 2301 00f9 | e803 40b2 | 8904 4091 
  0x0000000114f386f4: 2961 0891 | 2801 00f9 | 0b00 0014 | 0a00 0014 

  0x0000000114f38704: ;   {metadata(method data for {method} {0x000000012c049ac0} 'dispatchEventImpl' '(Ljava/awt/AWTEvent;)V' in 'java/awt/Component')}
  0x0000000114f38704: 04dd 96d2 | 04cf a5f2 | 2400 c0f2 | 8904 4091 | 28f9 40f9 | 0805 00d1 | 28f9 00f9 | ac09 0014 
  0x0000000114f38724: 0100 0014 | e103 02aa | e15b 40f9 

  0x0000000114f38730: ;   {metadata(method data for {method} {0x000000012c049ac0} 'dispatchEventImpl' '(Ljava/awt/AWTEvent;)V' in 'java/awt/Component')}
  0x0000000114f38730: 00dd 96d2 | 00cf a5f2 | 2000 c0f2 | 2108 40b9 | 011d c0f2 | 0904 4091 | 29e1 0891 | 2801 40f9 
  0x0000000114f38750: 3f00 08eb | a100 0054 | 0820 49f9 | 0805 0091 | 0820 09f9 | 2100 0014 | 0904 4091 | 2921 0991 
  0x0000000114f38770: 2801 40f9 | 3f00 08eb | a100 0054 | 0828 49f9 | 0805 0091 | 0828 09f9 | 1800 0014 | 0904 4091 
  0x0000000114f38790: 29e1 0891 | 2801 40f9 | e800 00b5 | 2101 00f9 | e803 40b2 | 0904 4091 | 2901 0991 | 2801 00f9 
  0x0000000114f387b0: 0e00 0014 | 0904 4091 | 2921 0991 | 2801 40f9 | e800 00b5 | 2101 00f9 | e803 40b2 | 0904 4091 
  0x0000000114f387d0: 2941 0991 | 2801 00f9 | 0400 0014 | 0814 49f9 | 0805 0091 | 0814 09f9 

  0x0000000114f387e8: ;   {metadata(method data for {method} {0x000000012c049bc8} 'autoProcessMouseWheel' '(Ljava/awt/event/MouseWheelEvent;)V' in 'java/awt/Component')}
  0x0000000114f387e8: 01d0 84d2 | 21cf a5f2 | 2100 c0f2 | 20ac 40b9 | 0008 0011 | 20ac 00b9 | 004c 1f12 | 1f00 0071 
  0x0000000114f38808: 802e 0154 

  0x0000000114f3880c: ;   {metadata(method data for {method} {0x000000012c049ac0} 'dispatchEventImpl' '(Ljava/awt/AWTEvent;)V' in 'java/awt/Component')}
  0x0000000114f3880c: 01dd 96d2 | 01cf a5f2 | 2100 c0f2 | 2030 49f9 | 0004 0091 | 2030 09f9 | 6602 0014 | 2201 00b5 
  0x0000000114f3882c: ;   {metadata(method data for {method} {0x000000012c049ac0} 'dispatchEventImpl' '(Ljava/awt/AWTEvent;)V' in 'java/awt/Component')}
  0x0000000114f3882c: 04dd 96d2 | 04cf a5f2 | 2400 c0f2 | 8904 4091 | 28c5 4939 | 0801 40b2 | 28c5 0939 | 3e00 0014 
  0x0000000114f3884c: ;   {metadata('java/awt/event/MouseEvent')}
  0x0000000114f3884c: 034e 9ed2 | a324 a0f2 | 031d c0f2 | 4408 40b9 | 041d c0f2 | 882c 40f9 | 7f00 08eb | a105 0054 
  0x0000000114f3886c: ;   {metadata(method data for {method} {0x000000012c049ac0} 'dispatchEventImpl' '(Ljava/awt/AWTEvent;)V' in 'java/awt/Component')}
  0x0000000114f3886c: 04dd 96d2 | 04cf a5f2 | 2400 c0f2 | 4308 40b9 | 031d c0f2 | 8904 4091 | 2921 0a91 | 2801 40f9 
  0x0000000114f3888c: 7f00 08eb | a100 0054 | 8848 49f9 | 0805 0091 | 8848 09f9 | 2a00 0014 | 8904 4091 | 2961 0a91 
  0x0000000114f388ac: 2801 40f9 | 7f00 08eb | a100 0054 | 8850 49f9 | 0805 0091 | 8850 09f9 | 2100 0014 | 8904 4091 
  0x0000000114f388cc: 2921 0a91 | 2801 40f9 | e800 00b5 | 2301 00f9 | e803 40b2 | 8904 4091 | 2941 0a91 | 2801 00f9 
  0x0000000114f388ec: 1700 0014 | 8904 4091 | 2961 0a91 | 2801 40f9 | e800 00b5 | 2301 00f9 | e803 40b2 | 8904 4091 
  0x0000000114f3890c: 2981 0a91 | 2801 00f9 | 0d00 0014 | 0c00 0014 

  0x0000000114f3891c: ;   {metadata(method data for {method} {0x000000012c049ac0} 'dispatchEventImpl' '(Ljava/awt/AWTEvent;)V' in 'java/awt/Component')}
  0x0000000114f3891c: 04dd 96d2 | 04cf a5f2 | 2400 c0f2 | 8904 4091 | 283d 41f9 | 0805 00d1 | 283d 01f9 | 0200 0014 
  0x0000000114f3893c: 0300 0014 | e103 1faa | 0200 0014 | e103 40b2 | 3f00 0071 

  0x0000000114f38950: ;   {metadata(method data for {method} {0x000000012c049ac0} 'dispatchEventImpl' '(Ljava/awt/AWTEvent;)V' in 'java/awt/Component')}
  0x0000000114f38950: 01dd 96d2 | 01cf a5f2 | 2100 c0f2 | 0856 82d2 | 0958 82d2 | 0001 899a | 2368 60f8 | 6304 0091 
  0x0000000114f38970: 2368 20f8 | e263 00f9 | a008 0054 | e15b 40f9 

  0x0000000114f38980: ;   {metadata(method data for {method} {0x000000012c049ac0} 'dispatchEventImpl' '(Ljava/awt/AWTEvent;)V' in 'java/awt/Component')}
  0x0000000114f38980: 00dd 96d2 | 00cf a5f2 | 2000 c0f2 | 2108 40b9 | 011d c0f2 | 0904 4091 | 2981 0b91 | 2801 40f9 
  0x0000000114f389a0: 3f00 08eb | a100 0054 | 0874 49f9 | 0805 0091 | 0874 09f9 | 2100 0014 | 0904 4091 | 29c1 0b91 
  0x0000000114f389c0: 2801 40f9 | 3f00 08eb | a100 0054 | 087c 49f9 | 0805 0091 | 087c 09f9 | 1800 0014 | 0904 4091 
  0x0000000114f389e0: 2981 0b91 | 2801 40f9 | e800 00b5 | 2101 00f9 | e803 40b2 | 0904 4091 | 29a1 0b91 | 2801 00f9 
  0x0000000114f38a00: 0e00 0014 | 0904 4091 | 29c1 0b91 | 2801 40f9 | e800 00b5 | 2101 00f9 | e803 40b2 | 0904 4091 
  0x0000000114f38a20: 29e1 0b91 | 2801 00f9 | 0400 0014 | 0868 49f9 | 0805 0091 | 0868 09f9 | e15b 40f9 | e9ff 9fd2 
  0x0000000114f38a40: e9ff bff2 | e9ff dff2 

  0x0000000114f38a48: ; ImmutableOopMap {[176]=Oop [192]=Oop [200]=Oop }
                      ;*invokevirtual postsOldMouseEvents {reexecute=0 rethrow=0 return_oop=0}
                      ; - java.awt.Component::dispatchEventImpl@536 (line 5003)
                      ;   {virtual_call}
  0x0000000114f38a48: 8e6e 9e95 

  0x0000000114f38a4c: ;   {other}
  0x0000000114f38a4c: 1f20 03d5 | 9f37 8af2 | 1f80 85f2 | 1f00 0071 

  0x0000000114f38a5c: ;   {metadata(method data for {method} {0x000000012c049ac0} 'dispatchEventImpl' '(Ljava/awt/AWTEvent;)V' in 'java/awt/Component')}
  0x0000000114f38a5c: 01dd 96d2 | 01cf a5f2 | 2100 c0f2 | 0863 82d2 | 0961 82d2 | 0011 899a | 2268 60f8 | 4204 0091 
  0x0000000114f38a7c: 2268 20f8 | 6100 0054 | e263 40f9 | cd01 0014 | e263 40f9 

  0x0000000114f38a90: ;   {metadata(method data for {method} {0x000000012c049ac0} 'dispatchEventImpl' '(Ljava/awt/AWTEvent;)V' in 'java/awt/Component')}
  0x0000000114f38a90: 01dd 96d2 | 01cf a5f2 | 2100 c0f2 | 4208 40b9 | 021d c0f2 | 2904 4091 | 29e1 0c91 | 2801 40f9 
  0x0000000114f38ab0: 5f00 08eb | a100 0054 | 28a0 49f9 | 0805 0091 | 28a0 09f9 | 2100 0014 | 2904 4091 | 2921 0d91 
  0x0000000114f38ad0: 2801 40f9 | 5f00 08eb | a100 0054 | 28a8 49f9 | 0805 0091 | 28a8 09f9 | 1800 0014 | 2904 4091 
  0x0000000114f38af0: 29e1 0c91 | 2801 40f9 | e800 00b5 | 2201 00f9 | e803 40b2 | 2904 4091 | 2901 0d91 | 2801 00f9 
  0x0000000114f38b10: 0e00 0014 | 2904 4091 | 2921 0d91 | 2801 40f9 | e800 00b5 | 2201 00f9 | e803 40b2 | 2904 4091 
  0x0000000114f38b30: 2941 0d91 | 2801 00f9 | 0400 0014 | 2894 49f9 | 0805 0091 | 2894 09f9 | e163 40f9 

  0x0000000114f38b4c: ; ImmutableOopMap {[176]=Oop [192]=Oop [200]=Oop }
                      ;*invokevirtual convertToOld {reexecute=0 rethrow=0 return_oop=0}
                      ; - java.awt.Component::dispatchEventImpl@543 (line 5007)
                      ;   {optimized virtual_call}
  0x0000000114f38b4c: 8d6d 9e95 

  0x0000000114f38b50: ;   {other}
  0x0000000114f38b50: 1f20 03d5 | 1f58 8af2 | 1fa0 85f2 | e06b 00f9 | e203 1faa | 1f00 02eb 

  0x0000000114f38b68: ;   {metadata(method data for {method} {0x000000012c049ac0} 'dispatchEventImpl' '(Ljava/awt/AWTEvent;)V' in 'java/awt/Component')}
  0x0000000114f38b68: 02dd 96d2 | 02cf a5f2 | 2200 c0f2 | 086e 82d2 | 096c 82d2 | 0111 899a | 4368 61f8 | 6304 0091 
  0x0000000114f38b88: 4368 21f8 | 6100 0054 | e263 40f9 | 8a01 0014 | e803 1faa | 1f00 08eb | c012 0154 

  0x0000000114f38ba4: ; ImmutableOopMap {c_rarg0=Oop [176]=Oop [192]=Oop [200]=Oop [208]=Oop }
                      ;*getfield key {reexecute=1 rethrow=0 return_oop=0}
                      ; - (reexecute) java.awt.Component::dispatchEventImpl@555 (line 5009)
                      ;   {runtime_call load_mirror_patching Runtime1 stub}
  0x0000000114f38ba4: 57d8 a195 

  0x0000000114f38ba8: ; ImmutableOopMap {c_rarg0=Oop [176]=Oop [192]=Oop [200]=Oop [208]=Oop }
                      ;*getfield modifiers {reexecute=1 rethrow=0 return_oop=0}
                      ; - (reexecute) java.awt.Component::dispatchEventImpl@562 (line 5010)
                      ;   {runtime_call load_mirror_patching Runtime1 stub}
  0x0000000114f38ba8: 56d8 a195 | e15b 40f9 

  0x0000000114f38bb0: ;   {metadata(method data for {method} {0x000000012c049ac0} 'dispatchEventImpl' '(Ljava/awt/AWTEvent;)V' in 'java/awt/Component')}
  0x0000000114f38bb0: 02dd 96d2 | 02cf a5f2 | 2200 c0f2 | 2108 40b9 | 011d c0f2 | 4904 4091 | 2941 0e91 | 2801 40f9 
  0x0000000114f38bd0: 3f00 08eb | a100 0054 | 48cc 49f9 | 0805 0091 | 48cc 09f9 | 2100 0014 | 4904 4091 | 2981 0e91 
  0x0000000114f38bf0: 2801 40f9 | 3f00 08eb | a100 0054 | 48d4 49f9 | 0805 0091 | 48d4 09f9 | 1800 0014 | 4904 4091 
  0x0000000114f38c10: 2941 0e91 | 2801 40f9 | e800 00b5 | 2101 00f9 | e803 40b2 | 4904 4091 | 2961 0e91 | 2801 00f9 
  0x0000000114f38c30: 0e00 0014 | 4904 4091 | 2981 0e91 | 2801 40f9 | e800 00b5 | 2101 00f9 | e803 40b2 | 4904 4091 
  0x0000000114f38c50: 29a1 0e91 | 2801 00f9 | 0400 0014 | 48c0 49f9 | 0805 0091 | 48c0 09f9 | e203 00aa | e15b 40f9 
  0x0000000114f38c70: e4db 00b9 | e3af 00b9 | e9ff 9fd2 | e9ff bff2 | e9ff dff2 

  0x0000000114f38c84: ; ImmutableOopMap {[176]=Oop [192]=Oop [200]=Oop [208]=Oop }
                      ;*invokevirtual postEvent {reexecute=0 rethrow=0 return_oop=0}
                      ; - java.awt.Component::dispatchEventImpl@570 (line 5012)
                      ;   {virtual_call}
  0x0000000114f38c84: ff6d 9e95 

  0x0000000114f38c88: ;   {other}
  0x0000000114f38c88: 1f20 03d5 | 1f7f 8af2 | 1f00 86f2 | e16b 40f9 | e9ff 9fd2 | e9ff bff2 | e9ff dff2 

  0x0000000114f38ca4: ; ImmutableOopMap {[176]=Oop [192]=Oop [200]=Oop [208]=Oop }
                      ;*invokevirtual isConsumed {reexecute=0 rethrow=0 return_oop=0}
                      ; - java.awt.Component::dispatchEventImpl@576 (line 5013)
                      ;   {virtual_call}
  0x0000000114f38ca4: f76d 9e95 

  0x0000000114f38ca8: ;   {other}
  0x0000000114f38ca8: 1f20 03d5 | 1f83 8af2 | 1f20 86f2 | 1f00 0071 

  0x0000000114f38cb8: ;   {metadata(method data for {method} {0x000000012c049ac0} 'dispatchEventImpl' '(Ljava/awt/AWTEvent;)V' in 'java/awt/Component')}
  0x0000000114f38cb8: 01dd 96d2 | 01cf a5f2 | 2100 c0f2 | 087e 82d2 | 0980 82d2 | 0001 899a | 2268 60f8 | 4204 0091 
  0x0000000114f38cd8: 2268 20f8 | 0007 0054 | e263 40f9 

  0x0000000114f38ce4: ;   {metadata(method data for {method} {0x000000012c049ac0} 'dispatchEventImpl' '(Ljava/awt/AWTEvent;)V' in 'java/awt/Component')}
  0x0000000114f38ce4: 01dd 96d2 | 01cf a5f2 | 2100 c0f2 | 4208 40b9 | 021d c0f2 | 2904 4091 | 2981 1091 | 2801 40f9 
  0x0000000114f38d04: 5f00 08eb | a100 0054 | 2814 4af9 | 0805 0091 | 2814 0af9 | 2100 0014 | 2904 4091 | 29c1 1091 
  0x0000000114f38d24: 2801 40f9 | 5f00 08eb | a100 0054 | 281c 4af9 | 0805 0091 | 281c 0af9 | 1800 0014 | 2904 4091 
  0x0000000114f38d44: 2981 1091 | 2801 40f9 | e800 00b5 | 2201 00f9 | e803 40b2 | 2904 4091 | 29a1 1091 | 2801 00f9 
  0x0000000114f38d64: 0e00 0014 | 2904 4091 | 29c1 1091 | 2801 40f9 | e800 00b5 | 2201 00f9 | e803 40b2 | 2904 4091 
  0x0000000114f38d84: 29e1 1091 | 2801 00f9 | 0400 0014 | 2808 4af9 | 0805 0091 | 2808 0af9 | e163 40f9 | e9ff 9fd2 
  0x0000000114f38da4: e9ff bff2 | e9ff dff2 

  0x0000000114f38dac: ; ImmutableOopMap {[176]=Oop [192]=Oop [200]=Oop [208]=Oop }
                      ;*invokevirtual consume {reexecute=0 rethrow=0 return_oop=0}
                      ; - java.awt.Component::dispatchEventImpl@583 (line 5014)
                      ;   {virtual_call}
  0x0000000114f38dac: b56d 9e95 

  0x0000000114f38db0: ;   {other}
  0x0000000114f38db0: 1f20 03d5 | 1fa4 8af2 | 1f40 86f2 | e06b 40f9 

  0x0000000114f38dc0: ; ImmutableOopMap {c_rarg0=Oop [176]=Oop [192]=Oop [200]=Oop [208]=Oop }
                      ;*getfield id {reexecute=1 rethrow=0 return_oop=0}
                      ; - (reexecute) java.awt.Component::dispatchEventImpl@588 (line 5019)
                      ;   {runtime_call load_mirror_patching Runtime1 stub}
  0x0000000114f38dc0: d0d7 a195 

  0x0000000114f38dc4: ;   {metadata(method data for {method} {0x000000012c049ac0} 'dispatchEventImpl' '(Ljava/awt/AWTEvent;)V' in 'java/awt/Component')}
  0x0000000114f38dc4: 02dd 96d2 | 02cf a5f2 | 2200 c0f2 | 038a 82d2 | 3f44 0671 | e403 03aa | 088c 82d2 | 0301 849a 
  0x0000000114f38de4: 3f48 0671 | e403 03aa | 088e 82d2 | 0301 849a | 3f4c 0671 | e403 03aa | 0890 82d2 | 0301 849a 
  0x0000000114f38e04: 3f50 0671 | e403 03aa | 0892 82d2 | 0301 849a | 4468 63f8 | 8404 0091 | 4468 23f8 | 3f44 0671 
  0x0000000114f38e24: 6b00 0054 | 3f50 0671 | 6d00 0054 | e263 40f9 | e200 0014 | e3af 40b9 

  0x0000000114f38e3c: ; ImmutableOopMap {c_rarg0=Oop [176]=Oop [192]=Oop [200]=Oop [208]=Oop }
                      ;*getfield key {reexecute=1 rethrow=0 return_oop=0}
                      ; - (reexecute) java.awt.Component::dispatchEventImpl@622 (line 5024)
                      ;   {runtime_call load_mirror_patching Runtime1 stub}
  0x0000000114f38e3c: b1d7 a195 | 3f00 036b 

  0x0000000114f38e44: ;   {metadata(method data for {method} {0x000000012c049ac0} 'dispatchEventImpl' '(Ljava/awt/AWTEvent;)V' in 'java/awt/Component')}
  0x0000000114f38e44: 01dd 96d2 | 01cf a5f2 | 2100 c0f2 | 0897 82d2 | 0995 82d2 | 0211 899a | 2368 62f8 | 6304 0091 
  0x0000000114f38e64: 2368 22f8 | 6100 0054 | e4db 40b9 | 6400 0014 | e263 40f9 | 2201 00b5 

  0x0000000114f38e7c: ;   {metadata(method data for {method} {0x000000012c049ac0} 'dispatchEventImpl' '(Ljava/awt/AWTEvent;)V' in 'java/awt/Component')}
  0x0000000114f38e7c: 05dd 96d2 | 05cf a5f2 | 2500 c0f2 | a904 4091 | 2805 5339 | 0801 40b2 | 2805 1339 | 3d00 0014 
  0x0000000114f38e9c: ;   {metadata('java/awt/event/KeyEvent')}
  0x0000000114f38e9c: 04e4 8ad2 | a424 a0f2 | 041d c0f2 | 4808 40b9 | 081d c0f2 | 1f01 04eb | a105 0054 

  0x0000000114f38eb8: ;   {metadata(method data for {method} {0x000000012c049ac0} 'dispatchEventImpl' '(Ljava/awt/AWTEvent;)V' in 'java/awt/Component')}
  0x0000000114f38eb8: 05dd 96d2 | 05cf a5f2 | 2500 c0f2 | 4408 40b9 | 041d c0f2 | a904 4091 | 2961 1391 | 2801 40f9 
  0x0000000114f38ed8: 9f00 08eb | a100 0054 | a870 4af9 | 0805 0091 | a870 0af9 | 2800 0014 | a904 4091 | 29a1 1391 
  0x0000000114f38ef8: 2801 40f9 | 9f00 08eb | a100 0054 | a878 4af9 | 0805 0091 | a878 0af9 | 1f00 0014 | a904 4091 
  0x0000000114f38f18: 2961 1391 | 2801 40f9 | e800 00b5 | 2401 00f9 | e803 40b2 | a904 4091 | 2981 1391 | 2801 00f9 
  0x0000000114f38f38: 1500 0014 | a904 4091 | 29a1 1391 | 2801 40f9 | e800 00b5 | 2401 00f9 | e803 40b2 | a904 4091 
  0x0000000114f38f58: 29c1 1391 | 2801 00f9 | 0b00 0014 | 0a00 0014 

  0x0000000114f38f68: ;   {metadata(method data for {method} {0x000000012c049ac0} 'dispatchEventImpl' '(Ljava/awt/AWTEvent;)V' in 'java/awt/Component')}
  0x0000000114f38f68: 05dd 96d2 | 05cf a5f2 | 2500 c0f2 | a904 4091 | 2865 42f9 | 0805 00d1 | 2865 02f9 | a007 0014 
  0x0000000114f38f88: 0100 0014 | e303 02aa | e103 00aa | e263 00f9 | e373 00f9 | e9ff 9fd2 | e9ff bff2 | e9ff dff2 
  0x0000000114f38fa8: ; ImmutableOopMap {[176]=Oop [192]=Oop [200]=Oop [208]=Oop [224]=Oop }
                      ;*invokevirtual getKeyEventChar {reexecute=0 rethrow=0 return_oop=0}
                      ; - java.awt.Component::dispatchEventImpl@636 (line 5025)
                      ;   {virtual_call}
  0x0000000114f38fa8: 366d 9e95 

  0x0000000114f38fac: ;   {other}
  0x0000000114f38fac: 1f20 03d5 | 9fe3 8af2 | 1fa0 86f2 | e373 40f9 

  0x0000000114f38fbc: ; implicit exception: dispatches to 0x0000000114f3ae0c
  0x0000000114f38fbc: 7f00 40f9 | e203 03aa 

  0x0000000114f38fc4: ;   {metadata(method data for {method} {0x000000012c049ac0} 'dispatchEventImpl' '(Ljava/awt/AWTEvent;)V' in 'java/awt/Component')}
  0x0000000114f38fc4: 01dd 96d2 | 01cf a5f2 | 2100 c0f2 

  0x0000000114f38fd0: ;   {metadata('java/awt/event/KeyEvent')}
  0x0000000114f38fd0: 08e4 8ad2 | a824 a0f2 | 081d c0f2 | 2904 4091 | 2921 1591 | 2801 00f9 | 28a8 4af9 | 0805 0091 
  0x0000000114f38ff0: 28a8 0af9 | 605c 0079 | e4db 40b9 | e06b 40f9 

  0x0000000114f39000: ; ImmutableOopMap {c_rarg0=Oop [176]=Oop [192]=Oop [200]=Oop [208]=Oop }
                      ;*getfield modifiers {reexecute=1 rethrow=0 return_oop=0}
                      ; - (reexecute) java.awt.Component::dispatchEventImpl@644 (line 5027)
                      ;   {runtime_call load_mirror_patching Runtime1 stub}
  0x0000000114f39000: 40d7 a195 | 5f00 046b 

  0x0000000114f39008: ;   {metadata(method data for {method} {0x000000012c049ac0} 'dispatchEventImpl' '(Ljava/awt/AWTEvent;)V' in 'java/awt/Component')}
  0x0000000114f39008: 02dd 96d2 | 02cf a5f2 | 2200 c0f2 | 08ae 82d2 | 09b0 82d2 | 0101 899a | 4368 61f8 | 6304 0091 
  0x0000000114f39028: 4368 21f8 | e263 40f9 | 600c 0054 | 2201 00b5 

  0x0000000114f39038: ;   {metadata(method data for {method} {0x000000012c049ac0} 'dispatchEventImpl' '(Ljava/awt/AWTEvent;)V' in 'java/awt/Component')}
  0x0000000114f39038: 05dd 96d2 | 05cf a5f2 | 2500 c0f2 | a904 4091 | 2825 5639 | 0801 40b2 | 2825 1639 | 3d00 0014 
  0x0000000114f39058: ;   {metadata('java/awt/event/KeyEvent')}
  0x0000000114f39058: 04e4 8ad2 | a424 a0f2 | 041d c0f2 | 4808 40b9 | 081d c0f2 | 1f01 04eb | a105 0054 

  0x0000000114f39074: ;   {metadata(method data for {method} {0x000000012c049ac0} 'dispatchEventImpl' '(Ljava/awt/AWTEvent;)V' in 'java/awt/Component')}
  0x0000000114f39074: 05dd 96d2 | 05cf a5f2 | 2500 c0f2 | 4408 40b9 | 041d c0f2 | a904 4091 | 2981 1691 | 2801 40f9 
  0x0000000114f39094: 9f00 08eb | a100 0054 | a8d4 4af9 | 0805 0091 | a8d4 0af9 | 2800 0014 | a904 4091 | 29c1 1691 
  0x0000000114f390b4: 2801 40f9 | 9f00 08eb | a100 0054 | a8dc 4af9 | 0805 0091 | a8dc 0af9 | 1f00 0014 | a904 4091 
  0x0000000114f390d4: 2981 1691 | 2801 40f9 | e800 00b5 | 2401 00f9 | e803 40b2 | a904 4091 | 29a1 1691 | 2801 00f9 
  0x0000000114f390f4: 1500 0014 | a904 4091 | 29c1 1691 | 2801 40f9 | e800 00b5 | 2401 00f9 | e803 40b2 | a904 4091 
  0x0000000114f39114: 29e1 1691 | 2801 00f9 | 0b00 0014 | 0a00 0014 

  0x0000000114f39124: ;   {metadata(method data for {method} {0x000000012c049ac0} 'dispatchEventImpl' '(Ljava/awt/AWTEvent;)V' in 'java/awt/Component')}
  0x0000000114f39124: 05dd 96d2 | 05cf a5f2 | 2500 c0f2 | a904 4091 | 28c9 42f9 | 0805 00d1 | 28c9 02f9 | 3407 0014 
  0x0000000114f39144: 0100 0014 | e103 02aa 

  0x0000000114f3914c: ; ImmutableOopMap {c_rarg2=Oop c_rarg0=Oop c_rarg1=Oop [176]=Oop [200]=Oop [208]=Oop }
                      ;*getfield modifiers {reexecute=1 rethrow=0 return_oop=0}
                      ; - (reexecute) java.awt.Component::dispatchEventImpl@658 (line 5028)
                      ;   {runtime_call load_mirror_patching Runtime1 stub}
  0x0000000114f3914c: edd6 a195 

  0x0000000114f39150: ; implicit exception: dispatches to 0x0000000114f3ae18
  0x0000000114f39150: 3f00 40f9 | e003 01aa 

  0x0000000114f39158: ;   {metadata(method data for {method} {0x000000012c049ac0} 'dispatchEventImpl' '(Ljava/awt/AWTEvent;)V' in 'java/awt/Component')}
  0x0000000114f39158: 04dd 96d2 | 04cf a5f2 | 2400 c0f2 

  0x0000000114f39164: ;   {metadata('java/awt/event/KeyEvent')}
  0x0000000114f39164: 08e4 8ad2 | a824 a0f2 | 081d c0f2 | 8904 4091 | 2961 1791 | 2801 00f9 | 88f0 4af9 | 0805 0091 
  0x0000000114f39184: 88f0 0af9 | e263 00f9 | e203 03aa 

  0x0000000114f39190: ; ImmutableOopMap {[176]=Oop [192]=Oop [200]=Oop }
                      ;*invokevirtual setModifiers {reexecute=0 rethrow=0 return_oop=0}
                      ; - java.awt.Component::dispatchEventImpl@661 (line 5028)
                      ;   {optimized virtual_call}
  0x0000000114f39190: fc6b 9e95 

  0x0000000114f39194: ;   {other}
  0x0000000114f39194: 1f20 03d5 | 9f20 8bf2 | 1f00 87f2 

  0x0000000114f391a0: ;   {metadata(method data for {method} {0x000000012c049ac0} 'dispatchEventImpl' '(Ljava/awt/AWTEvent;)V' in 'java/awt/Component')}
  0x0000000114f391a0: 01dd 96d2 | 01cf a5f2 | 2100 c0f2 | 2000 4bf9 | 0004 0091 | 2000 0bf9 | e263 40f9 | 2201 00b5 
  0x0000000114f391c0: ;   {metadata(method data for {method} {0x000000012c049ac0} 'dispatchEventImpl' '(Ljava/awt/AWTEvent;)V' in 'java/awt/Component')}
  0x0000000114f391c0: 04dd 96d2 | 04cf a5f2 | 2400 c0f2 | 8904 4091 | 2845 5839 | 0801 40b2 | 2845 1839 | 3d00 0014 
  0x0000000114f391e0: ;   {metadata('java/awt/event/KeyEvent')}
  0x0000000114f391e0: 03e4 8ad2 | a324 a0f2 | 031d c0f2 | 4808 40b9 | 081d c0f2 | 1f01 03eb | a105 0054 

  0x0000000114f391fc: ;   {metadata(method data for {method} {0x000000012c049ac0} 'dispatchEventImpl' '(Ljava/awt/AWTEvent;)V' in 'java/awt/Component')}
  0x0000000114f391fc: 04dd 96d2 | 04cf a5f2 | 2400 c0f2 | 4308 40b9 | 031d c0f2 | 8904 4091 | 29a1 1891 | 2801 40f9 
  0x0000000114f3921c: 7f00 08eb | a100 0054 | 8818 4bf9 | 0805 0091 | 8818 0bf9 | 2a00 0014 | 8904 4091 | 29e1 1891 
  0x0000000114f3923c: 2801 40f9 | 7f00 08eb | a100 0054 | 8820 4bf9 | 0805 0091 | 8820 0bf9 | 2100 0014 | 8904 4091 
  0x0000000114f3925c: 29a1 1891 | 2801 40f9 | e800 00b5 | 2301 00f9 | e803 40b2 | 8904 4091 | 29c1 1891 | 2801 00f9 
  0x0000000114f3927c: 1700 0014 | 8904 4091 | 29e1 1891 | 2801 40f9 | e800 00b5 | 2301 00f9 | e803 40b2 | 8904 4091 
  0x0000000114f3929c: 2901 1991 | 2801 00f9 | 0d00 0014 | 0c00 0014 

  0x0000000114f392ac: ;   {metadata(method data for {method} {0x000000012c049ac0} 'dispatchEventImpl' '(Ljava/awt/AWTEvent;)V' in 'java/awt/Component')}
  0x0000000114f392ac: 04dd 96d2 | 04cf a5f2 | 2400 c0f2 | 8904 4091 | 280d 43f9 | 0805 00d1 | 280d 03f9 | 0200 0014 
  0x0000000114f392cc: 0300 0014 | e103 1faa | 0200 0014 | e103 40b2 | 3f00 0071 

  0x0000000114f392e0: ;   {metadata(method data for {method} {0x000000012c049ac0} 'dispatchEventImpl' '(Ljava/awt/AWTEvent;)V' in 'java/awt/Component')}
  0x0000000114f392e0: 01dd 96d2 | 01cf a5f2 | 2100 c0f2 | 08cc 82d2 | 09ca 82d2 | 0001 899a | 2368 60f8 | 6304 0091 
  0x0000000114f39300: 2368 20f8 | 6000 0054 | e263 00f9 | 8902 0014 | e15b 40f9 | bf3b 03d5 | 2040 40b9 | 00f0 7dd3 
  0x0000000114f39320: bf39 03d5 | 2201 00b5 

  0x0000000114f39328: ;   {metadata(method data for {method} {0x000000012c049ac0} 'dispatchEventImpl' '(Ljava/awt/AWTEvent;)V' in 'java/awt/Component')}
  0x0000000114f39328: 06dd 96d2 | 06cf a5f2 | 2600 c0f2 | c904 4091 | 28a5 5939 | 0801 40b2 | 28a5 1939 | 3d00 0014 
  0x0000000114f39348: ;   {metadata('java/awt/event/FocusEvent')}
  0x0000000114f39348: 050d 9fd2 | a524 a0f2 | 051d c0f2 | 4808 40b9 | 081d c0f2 | 1f01 05eb | a105 0054 

  0x0000000114f39364: ;   {metadata(method data for {method} {0x000000012c049ac0} 'dispatchEventImpl' '(Ljava/awt/AWTEvent;)V' in 'java/awt/Component')}
  0x0000000114f39364: 06dd 96d2 | 06cf a5f2 | 2600 c0f2 | 4508 40b9 | 051d c0f2 | c904 4091 | 2901 1a91 | 2801 40f9 
  0x0000000114f39384: bf00 08eb | a100 0054 | c844 4bf9 | 0805 0091 | c844 0bf9 | 2a00 0014 | c904 4091 | 2941 1a91 
  0x0000000114f393a4: 2801 40f9 | bf00 08eb | a100 0054 | c84c 4bf9 | 0805 0091 | c84c 0bf9 | 2100 0014 | c904 4091 
  0x0000000114f393c4: 2901 1a91 | 2801 40f9 | e800 00b5 | 2501 00f9 | e803 40b2 | c904 4091 | 2921 1a91 | 2801 00f9 
  0x0000000114f393e4: 1700 0014 | c904 4091 | 2941 1a91 | 2801 40f9 | e800 00b5 | 2501 00f9 | e803 40b2 | c904 4091 
  0x0000000114f39404: 2961 1a91 | 2801 00f9 | 0d00 0014 | 0c00 0014 

  0x0000000114f39414: ;   {metadata(method data for {method} {0x000000012c049ac0} 'dispatchEventImpl' '(Ljava/awt/AWTEvent;)V' in 'java/awt/Component')}
  0x0000000114f39414: 06dd 96d2 | 06cf a5f2 | 2600 c0f2 | c904 4091 | 2839 43f9 | 0805 00d1 | 2839 03f9 | 0200 0014 
  0x0000000114f39434: 0300 0014 | e303 1faa | 0200 0014 | e303 40b2 | 7f00 0071 

  0x0000000114f39448: ;   {metadata(method data for {method} {0x000000012c049ac0} 'dispatchEventImpl' '(Ljava/awt/AWTEvent;)V' in 'java/awt/Component')}
  0x0000000114f39448: 03dd 96d2 | 03cf a5f2 | 2300 c0f2 | 08d7 82d2 | 09d5 82d2 | 0411 899a | 6568 64f8 | a504 0091 
  0x0000000114f39468: 6568 24f8 | 6100 0054 | e263 00f9 | ea01 0014 | e303 1faa | 1f00 03eb 

  0x0000000114f39480: ;   {metadata(method data for {method} {0x000000012c049ac0} 'dispatchEventImpl' '(Ljava/awt/AWTEvent;)V' in 'java/awt/Component')}
  0x0000000114f39480: 03dd 96d2 | 03cf a5f2 | 2300 c0f2 | 08d9 82d2 | 09db 82d2 | 0401 899a | 6568 64f8 | a504 0091 
  0x0000000114f394a0: 6568 24f8 | a00b 0054 | 2001 00b5 

  0x0000000114f394ac: ;   {metadata(method data for {method} {0x000000012c049ac0} 'dispatchEventImpl' '(Ljava/awt/AWTEvent;)V' in 'java/awt/Component')}
  0x0000000114f394ac: 06dd 96d2 | 06cf a5f2 | 2600 c0f2 | c904 4091 | 2885 5b39 | 0801 40b2 | 2885 1b39 | 4400 0014 
  0x0000000114f394cc: ;   {metadata('java/awt/peer/LightweightPeer')}
  0x0000000114f394cc: 0569 94d2 | c525 a0f2 | 051d c0f2 | 0608 40b9 | 061d c0f2 | c810 40f9 | bf00 08eb | e000 0054 
  0x0000000114f394ec: df00 05eb | a000 0054 | e617 bfa9 

  0x0000000114f394f8: ;   {runtime_call slow_subtype_check Runtime1 stub}
  0x0000000114f394f8: 22cf a195 | e607 41f8 | a605 0034 

  0x0000000114f39504: ;   {metadata(method data for {method} {0x000000012c049ac0} 'dispatchEventImpl' '(Ljava/awt/AWTEvent;)V' in 'java/awt/Component')}
  0x0000000114f39504: 06dd 96d2 | 06cf a5f2 | 2600 c0f2 | 0508 40b9 | 051d c0f2 | c904 4091 | 29e1 1b91 | 2801 40f9 
  0x0000000114f39524: bf00 08eb | a100 0054 | c880 4bf9 | 0805 0091 | c880 0bf9 | 2a00 0014 | c904 4091 | 2921 1c91 
  0x0000000114f39544: 2801 40f9 | bf00 08eb | a100 0054 | c888 4bf9 | 0805 0091 | c888 0bf9 | 2100 0014 | c904 4091 
  0x0000000114f39564: 29e1 1b91 | 2801 40f9 | e800 00b5 | 2501 00f9 | e803 40b2 | c904 4091 | 2901 1c91 | 2801 00f9 
  0x0000000114f39584: 1700 0014 | c904 4091 | 2921 1c91 | 2801 40f9 | e800 00b5 | 2501 00f9 | e803 40b2 | c904 4091 
  0x0000000114f395a4: 2941 1c91 | 2801 00f9 | 0d00 0014 | 0c00 0014 

  0x0000000114f395b4: ;   {metadata(method data for {method} {0x000000012c049ac0} 'dispatchEventImpl' '(Ljava/awt/AWTEvent;)V' in 'java/awt/Component')}
  0x0000000114f395b4: 06dd 96d2 | 06cf a5f2 | 2600 c0f2 | c904 4091 | 2875 43f9 | 0805 00d1 | 2875 03f9 | 0200 0014 
  0x0000000114f395d4: 0300 0014 | e303 1faa | 0200 0014 | e303 40b2 | 7f00 0071 

  0x0000000114f395e8: ;   {metadata(method data for {method} {0x000000012c049ac0} 'dispatchEventImpl' '(Ljava/awt/AWTEvent;)V' in 'java/awt/Component')}
  0x0000000114f395e8: 03dd 96d2 | 03cf a5f2 | 2300 c0f2 | 08e6 82d2 | 09e4 82d2 | 0411 899a | 6568 64f8 | a504 0091 
  0x0000000114f39608: 6568 24f8 | 6100 0054 | e263 00f9 | 8201 0014 | e303 02aa 

  0x0000000114f3961c: ;   {metadata(method data for {method} {0x000000012c049ac0} 'dispatchEventImpl' '(Ljava/awt/AWTEvent;)V' in 'java/awt/Component')}
  0x0000000114f3961c: 04dd 96d2 | 04cf a5f2 | 2400 c0f2 | 6308 40b9 | 031d c0f2 | 8904 4091 | 2941 1d91 | 2801 40f9 
  0x0000000114f3963c: 7f00 08eb | a100 0054 | 88ac 4bf9 | 0805 0091 | 88ac 0bf9 | 2100 0014 | 8904 4091 | 2981 1d91 
  0x0000000114f3965c: 2801 40f9 | 7f00 08eb | a100 0054 | 88b4 4bf9 | 0805 0091 | 88b4 0bf9 | 1800 0014 | 8904 4091 
  0x0000000114f3967c: 2941 1d91 | 2801 40f9 | e800 00b5 | 2301 00f9 | e803 40b2 | 8904 4091 | 2961 1d91 | 2801 00f9 
  0x0000000114f3969c: 0e00 0014 | 8904 4091 | 2981 1d91 | 2801 40f9 | e800 00b5 | 2301 00f9 | e803 40b2 | 8904 4091 
  0x0000000114f396bc: 29a1 1d91 | 2801 00f9 | 0400 0014 | 88a0 4bf9 | 0805 0091 | 88a0 0bf9 | 430c 40b9 | 63f0 7dd3 
  0x0000000114f396dc: 2301 00b5 

  0x0000000114f396e0: ;   {metadata(method data for {method} {0x000000012c049ac0} 'dispatchEventImpl' '(Ljava/awt/AWTEvent;)V' in 'java/awt/Component')}
  0x0000000114f396e0: 06dd 96d2 | 06cf a5f2 | 2600 c0f2 | c904 4091 | 28c5 5d39 | 0801 40b2 | 28c5 1d39 | 3e00 0014 
  0x0000000114f39700: ;   {metadata('java/awt/Component')}
  0x0000000114f39700: 0501 84d2 | 8520 a0f2 | 051d c0f2 | 6608 40b9 | 061d c0f2 | c81c 40f9 | bf00 08eb | a105 0054 
  0x0000000114f39720: ;   {metadata(method data for {method} {0x000000012c049ac0} 'dispatchEventImpl' '(Ljava/awt/AWTEvent;)V' in 'java/awt/Component')}
  0x0000000114f39720: 06dd 96d2 | 06cf a5f2 | 2600 c0f2 | 6508 40b9 | 051d c0f2 | c904 4091 | 2921 1e91 | 2801 40f9 
  0x0000000114f39740: bf00 08eb | a100 0054 | c8c8 4bf9 | 0805 0091 | c8c8 0bf9 | 2800 0014 | c904 4091 | 2961 1e91 
  0x0000000114f39760: 2801 40f9 | bf00 08eb | a100 0054 | c8d0 4bf9 | 0805 0091 | c8d0 0bf9 | 1f00 0014 | c904 4091 
  0x0000000114f39780: 2921 1e91 | 2801 40f9 | e800 00b5 | 2501 00f9 | e803 40b2 | c904 4091 | 2941 1e91 | 2801 00f9 
  0x0000000114f397a0: 1500 0014 | c904 4091 | 2961 1e91 | 2801 40f9 | e800 00b5 | 2501 00f9 | e803 40b2 | c904 4091 
  0x0000000114f397c0: 2981 1e91 | 2801 00f9 | 0b00 0014 | 0a00 0014 

  0x0000000114f397d0: ;   {metadata(method data for {method} {0x000000012c049ac0} 'dispatchEventImpl' '(Ljava/awt/AWTEvent;)V' in 'java/awt/Component')}
  0x0000000114f397d0: 06dd 96d2 | 06cf a5f2 | 2600 c0f2 | c904 4091 | 28bd 43f9 | 0805 00d1 | 28bd 03f9 | 8c05 0014 
  0x0000000114f397f0: 0100 0014 | e403 1faa | 7f00 04eb 

  0x0000000114f397fc: ;   {metadata(method data for {method} {0x000000012c049ac0} 'dispatchEventImpl' '(Ljava/awt/AWTEvent;)V' in 'java/awt/Component')}
  0x0000000114f397fc: 04dd 96d2 | 04cf a5f2 | 2400 c0f2 | 08f8 82d2 | 09f6 82d2 | 0511 899a | 8668 65f8 | c604 0091 
  0x0000000114f3981c: 8668 25f8 | 6100 0054 | e263 00f9 | fd00 0014 | e077 00f9 | e263 00f9 

  0x0000000114f39834: ; implicit exception: dispatches to 0x0000000114f3ae24
  0x0000000114f39834: 7f00 40f9 | e403 03aa 

  0x0000000114f3983c: ;   {metadata(method data for {method} {0x000000012c049ac0} 'dispatchEventImpl' '(Ljava/awt/AWTEvent;)V' in 'java/awt/Component')}
  0x0000000114f3983c: 05dd 96d2 | 05cf a5f2 | 2500 c0f2 | a8e8 4bf9 | 0805 0091 | a8e8 0bf9 

  0x0000000114f39854: ;   {metadata(method data for {method} {0x000000012c051cb0} 'getNativeContainer' '()Ljava/awt/Container;' in 'java/awt/Component')}
  0x0000000114f39854: 04b9 87d2 | 04cf a5f2 | 2400 c0f2 | 85ac 40b9 | a508 0011 | 85ac 00b9 | a54c 1f12 | bf00 0071 
  0x0000000114f39874: a0ad 0054 | e403 03aa 

  0x0000000114f3987c: ;   {metadata(method data for {method} {0x000000012c051cb0} 'getNativeContainer' '()Ljava/awt/Container;' in 'java/awt/Component')}
  0x0000000114f3987c: 05b9 87d2 | 05cf a5f2 | 2500 c0f2 | 8408 40b9 | 041d c0f2 | a900 0491 | 2801 40f9 | 9f00 08eb 
  0x0000000114f3989c: a100 0054 | a884 40f9 | 0805 0091 | a884 00f9 | 1c00 0014 | a940 0491 | 2801 40f9 | 9f00 08eb 
  0x0000000114f398bc: a100 0054 | a88c 40f9 | 0805 0091 | a88c 00f9 | 1400 0014 | a900 0491 | 2801 40f9 | c800 00b5 
  0x0000000114f398dc: 2401 00f9 | e803 40b2 | a920 0491 | 2801 00f9 | 0c00 0014 | a940 0491 | 2801 40f9 | c800 00b5 
  0x0000000114f398fc: 2401 00f9 | e803 40b2 | a960 0491 | 2801 00f9 | 0400 0014 | a878 40f9 | 0805 0091 | a878 00f9 
  0x0000000114f3991c: e103 03aa | 099a 8cd2 | e929 a0f2 | 091d c0f2 

  0x0000000114f3992c: ; ImmutableOopMap {[176]=Oop [192]=Oop [200]=Oop [232]=Oop }
                      ;*invokevirtual getContainer {reexecute=0 rethrow=0 return_oop=0}
                      ; - java.awt.Component::getNativeContainer@1 (line 8501)
                      ; - java.awt.Component::dispatchEventImpl@716 (line 5050)
                      ;   {virtual_call}
  0x0000000114f3992c: d56f c295 

  0x0000000114f39930: ;   {other}
  0x0000000114f39930: 1f20 03d5 | 1f14 8cf2 | 1f20 87f2 | 9900 0014 | bf3b 03d5 

  0x0000000114f39944: ; implicit exception: dispatches to 0x0000000114f3ae48
  0x0000000114f39944: 0140 40b9 | 21f0 7dd3 | bf39 03d5 | 0101 00b5 

  0x0000000114f39954: ;   {metadata(method data for {method} {0x000000012c051cb0} 'getNativeContainer' '()Ljava/awt/Container;' in 'java/awt/Component')}
  0x0000000114f39954: 04b9 87d2 | 04cf a5f2 | 2400 c0f2 | 8804 4539 | 0801 40b2 | 8804 0539 | 3d00 0014 

  0x0000000114f39970: ;   {metadata('java/awt/peer/LightweightPeer')}
  0x0000000114f39970: 0369 94d2 | c325 a0f2 | 031d c0f2 | 2408 40b9 | 041d c0f2 | 8810 40f9 | 7f00 08eb | e000 0054 
  0x0000000114f39990: 9f00 03eb | a000 0054 | e40f bfa9 

  0x0000000114f3999c: ;   {runtime_call slow_subtype_check Runtime1 stub}
  0x0000000114f3999c: f9cd a195 | e407 41f8 | e404 0034 

  0x0000000114f399a8: ;   {metadata(method data for {method} {0x000000012c051cb0} 'getNativeContainer' '()Ljava/awt/Container;' in 'java/awt/Component')}
  0x0000000114f399a8: 04b9 87d2 | 04cf a5f2 | 2400 c0f2 | 2308 40b9 | 031d c0f2 | 8960 0591 | 2801 40f9 | 7f00 08eb 
  0x0000000114f399c8: a100 0054 | 88b0 40f9 | 0805 0091 | 88b0 00f9 | 2400 0014 | 89a0 0591 | 2801 40f9 | 7f00 08eb 
  0x0000000114f399e8: a100 0054 | 88b8 40f9 | 0805 0091 | 88b8 00f9 | 1c00 0014 | 8960 0591 | 2801 40f9 | c800 00b5 
  0x0000000114f39a08: 2301 00f9 | e803 40b2 | 8980 0591 | 2801 00f9 | 1400 0014 | 89a0 0591 | 2801 40f9 | c800 00b5 
  0x0000000114f39a28: 2301 00f9 | e803 40b2 | 89c0 0591 | 2801 00f9 | 0c00 0014 | 0b00 0014 

  0x0000000114f39a40: ;   {metadata(method data for {method} {0x000000012c051cb0} 'getNativeContainer' '()Ljava/awt/Container;' in 'java/awt/Component')}
  0x0000000114f39a40: 04b9 87d2 | 04cf a5f2 | 2400 c0f2 | 88a4 40f9 | 0805 00d1 | 88a4 00f9 | 0200 0014 | 0300 0014 
  0x0000000114f39a60: e103 1faa | 0200 0014 | e103 40b2 | 3f00 0071 

  0x0000000114f39a70: ;   {metadata(method data for {method} {0x000000012c051cb0} 'getNativeContainer' '()Ljava/awt/Container;' in 'java/awt/Component')}
  0x0000000114f39a70: 01b9 87d2 | 01cf a5f2 | 2100 c0f2 | e807 79b2 | 0932 80d2 | 0201 899a | 2368 62f8 | 6304 0091 
  0x0000000114f39a90: 2368 22f8 | e009 0054 | e103 00aa 

  0x0000000114f39a9c: ;   {metadata(method data for {method} {0x000000012c051cb0} 'getNativeContainer' '()Ljava/awt/Container;' in 'java/awt/Component')}
  0x0000000114f39a9c: 02b9 87d2 | 02cf a5f2 | 2200 c0f2 | 2108 40b9 | 011d c0f2 | 49c0 0691 | 2801 40f9 | 3f00 08eb 
  0x0000000114f39abc: a100 0054 | 48dc 40f9 | 0805 0091 | 48dc 00f9 | 1c00 0014 | 4900 0791 | 2801 40f9 | 3f00 08eb 
  0x0000000114f39adc: a100 0054 | 48e4 40f9 | 0805 0091 | 48e4 00f9 | 1400 0014 | 49c0 0691 | 2801 40f9 | c800 00b5 
  0x0000000114f39afc: 2101 00f9 | e803 40b2 | 49e0 0691 | 2801 00f9 | 0c00 0014 | 4900 0791 | 2801 40f9 | c800 00b5 
  0x0000000114f39b1c: 2101 00f9 | e803 40b2 | 4920 0791 | 2801 00f9 | 0400 0014 | 48d0 40f9 | 0805 0091 | 48d0 00f9 
  0x0000000114f39b3c: e103 00aa | e9ff 9fd2 | e9ff bff2 | e9ff dff2 

  0x0000000114f39b4c: ; ImmutableOopMap {[176]=Oop [192]=Oop [200]=Oop [232]=Oop }
                      ;*invokevirtual getContainer {reexecute=0 rethrow=0 return_oop=0}
                      ; - java.awt.Component::getNativeContainer@20 (line 8503)
                      ; - java.awt.Component::dispatchEventImpl@716 (line 5050)
                      ;   {virtual_call}
  0x0000000114f39b4c: e194 a695 

  0x0000000114f39b50: ;   {other}
  0x0000000114f39b50: 1f20 03d5 | 1f58 8cf2 | 1f40 87f2 

  0x0000000114f39b5c: ;   {metadata(method data for {method} {0x000000012c051cb0} 'getNativeContainer' '()Ljava/awt/Container;' in 'java/awt/Component')}
  0x0000000114f39b5c: 02b9 87d2 | 02cf a5f2 | 2200 c0f2 | 41b0 40b9 | 2108 0011 | 41b0 00b9 | 2130 1f12 | 3f00 0071 
  0x0000000114f39b7c: 8096 0054 

  0x0000000114f39b80: ; ImmutableOopMap {c_rarg0=Oop [176]=Oop [192]=Oop [200]=Oop [232]=Oop }
                      ;*goto {reexecute=1 rethrow=0 return_oop=0}
                      ; - (reexecute) java.awt.Component::getNativeContainer@24 (line 8503)
                      ; - java.awt.Component::dispatchEventImpl@716 (line 5050)
  0x0000000114f39b80: 882f 42f9 

  0x0000000114f39b84: ;   {poll}
  0x0000000114f39b84: 1f01 40b9 

  0x0000000114f39b88: ;   {metadata(method data for {method} {0x000000012c051cb0} 'getNativeContainer' '()Ljava/awt/Container;' in 'java/awt/Component')}
  0x0000000114f39b88: 02b9 87d2 | 02cf a5f2 | 2200 c0f2 | 41ec 40f9 | 2104 0091 | 41ec 00f9 | e103 1faa | 1f00 01eb 
  0x0000000114f39ba8: ;   {metadata(method data for {method} {0x000000012c051cb0} 'getNativeContainer' '()Ljava/awt/Container;' in 'java/awt/Component')}
  0x0000000114f39ba8: 01b9 87d2 | 01cf a5f2 | 2100 c0f2 | 0827 80d2 | 0925 80d2 | 0211 899a | 2368 62f8 | 6304 0091 
  0x0000000114f39bc8: 2368 22f8 | a1eb ff54 | e203 1faa | 1f00 02eb 

  0x0000000114f39bd8: ;   {metadata(method data for {method} {0x000000012c049ac0} 'dispatchEventImpl' '(Ljava/awt/AWTEvent;)V' in 'java/awt/Component')}
  0x0000000114f39bd8: 02dd 96d2 | 02cf a5f2 | 2200 c0f2 | 0803 83d2 | 0901 83d2 | 0111 899a | 4368 61f8 | 6304 0091 
  0x0000000114f39bf8: 4368 21f8 | 6100 0054 | e077 40f9 | 0600 0014 | bf3b 03d5 

  0x0000000114f39c0c: ; implicit exception: dispatches to 0x0000000114f3ae6c
  0x0000000114f39c0c: 0240 40b9 | 42f0 7dd3 | bf39 03d5 | e003 02aa | e203 1faa | 1f00 02eb 

  0x0000000114f39c24: ;   {metadata(method data for {method} {0x000000012c049ac0} 'dispatchEventImpl' '(Ljava/awt/AWTEvent;)V' in 'java/awt/Component')}
  0x0000000114f39c24: 02dd 96d2 | 02cf a5f2 | 2200 c0f2 | 0805 83d2 | 0907 83d2 | 0101 899a | 4368 61f8 | 6304 0091 
  0x0000000114f39c44: 4368 21f8 | 4007 0054 

  0x0000000114f39c4c: ; implicit exception: dispatches to 0x0000000114f3ae70
  0x0000000114f39c4c: 1f00 40f9 | e203 00aa 

  0x0000000114f39c54: ;   {metadata(method data for {method} {0x000000012c049ac0} 'dispatchEventImpl' '(Ljava/awt/AWTEvent;)V' in 'java/awt/Component')}
  0x0000000114f39c54: 01dd 96d2 | 01cf a5f2 | 2100 c0f2 | 4208 40b9 | 021d c0f2 | 2904 4091 | 2961 2191 | 2801 40f9 
  0x0000000114f39c74: 5f00 08eb | a100 0054 | 2830 4cf9 | 0805 0091 | 2830 0cf9 | 2100 0014 | 2904 4091 | 29a1 2191 
  0x0000000114f39c94: 2801 40f9 | 5f00 08eb | a100 0054 | 2838 4cf9 | 0805 0091 | 2838 0cf9 | 1800 0014 | 2904 4091 
  0x0000000114f39cb4: 2961 2191 | 2801 40f9 | e800 00b5 | 2201 00f9 | e803 40b2 | 2904 4091 | 2981 2191 | 2801 00f9 
  0x0000000114f39cd4: 0e00 0014 | 2904 4091 | 29a1 2191 | 2801 40f9 | e800 00b5 | 2201 00f9 | e803 40b2 | 2904 4091 
  0x0000000114f39cf4: 29c1 2191 | 2801 00f9 | 0400 0014 | 2824 4cf9 | 0805 0091 | 2824 0cf9 | e263 40f9 | e103 00aa 
  0x0000000114f39d14: 0978 99d2 | 49e7 aaf2 | 2901 c0f2 

  0x0000000114f39d20: ; ImmutableOopMap {[176]=Oop [192]=Oop [200]=Oop }
                      ;*invokeinterface handleEvent {reexecute=0 rethrow=0 return_oop=0}
                      ; - java.awt.Component::dispatchEventImpl@741 (line 5057)
                      ;   {virtual_call}
  0x0000000114f39d20: 5c93 a695 

  0x0000000114f39d24: ;   {other}
  0x0000000114f39d24: 1f20 03d5 | 9f92 8cf2 | 1f80 87f2 | e15b 40f9 

  0x0000000114f39d34: ;   {metadata(method data for {method} {0x000000012c049ac0} 'dispatchEventImpl' '(Ljava/awt/AWTEvent;)V' in 'java/awt/Component')}
  0x0000000114f39d34: 02dd 96d2 | 02cf a5f2 | 2200 c0f2 | 4840 4cf9 | 0805 0091 | 4840 0cf9 

  0x0000000114f39d4c: ;   {metadata(method data for {method} {0x000000012c288a30} 'isTouchKeyboardAutoShowEnabled' '()Z' in 'sun/awt/SunToolkit')}
  0x0000000114f39d4c: 0227 87d2 | 22cf a5f2 | 2200 c0f2 | 40ac 40b9 | 0008 0011 | 40ac 00b9 | 004c 1f12 | 1f00 0071 
  0x0000000114f39d6c: 4088 0054 

  0x0000000114f39d70: ;   {oop(a 'java/lang/Class'{0x00000004811e38d0} = 'sun/awt/SunToolkit')}
  0x0000000114f39d70: 021a 87d2 | c223 b0f2 | 8200 c0f2 | 42f0 4239 | 4200 0012 | 5f00 0071 

  0x0000000114f39d88: ;   {metadata(method data for {method} {0x000000012c049ac0} 'dispatchEventImpl' '(Ljava/awt/AWTEvent;)V' in 'java/awt/Component')}
  0x0000000114f39d88: 02dd 96d2 | 02cf a5f2 | 2200 c0f2 | 0812 83d2 | 0914 83d2 | 0101 899a | 4068 61f8 | 0004 0091 
  0x0000000114f39da8: 4068 21f8 | 4047 0054 | e067 40f9 | 2001 00b5 

  0x0000000114f39db8: ;   {metadata(method data for {method} {0x000000012c049ac0} 'dispatchEventImpl' '(Ljava/awt/AWTEvent;)V' in 'java/awt/Component')}
  0x0000000114f39db8: 04dd 96d2 | 04cf a5f2 | 2400 c0f2 | 8904 4091 | 28a5 6239 | 0801 40b2 | 28a5 2239 | 3e00 0014 
  0x0000000114f39dd8: ;   {metadata('sun/awt/SunToolkit')}
  0x0000000114f39dd8: 03a4 8dd2 | e320 a0f2 | 031d c0f2 | 0408 40b9 | 041d c0f2 | 8820 40f9 | 7f00 08eb | a105 0054 
  0x0000000114f39df8: ;   {metadata(method data for {method} {0x000000012c049ac0} 'dispatchEventImpl' '(Ljava/awt/AWTEvent;)V' in 'java/awt/Component')}
  0x0000000114f39df8: 04dd 96d2 | 04cf a5f2 | 2400 c0f2 | 0308 40b9 | 031d c0f2 | 8904 4091 | 2901 2391 | 2801 40f9 
  0x0000000114f39e18: 7f00 08eb | a100 0054 | 8864 4cf9 | 0805 0091 | 8864 0cf9 | 2a00 0014 | 8904 4091 | 2941 2391 
  0x0000000114f39e38: 2801 40f9 | 7f00 08eb | a100 0054 | 886c 4cf9 | 0805 0091 | 886c 0cf9 | 2100 0014 | 8904 4091 
  0x0000000114f39e58: 2901 2391 | 2801 40f9 | e800 00b5 | 2301 00f9 | e803 40b2 | 8904 4091 | 2921 2391 | 2801 00f9 
  0x0000000114f39e78: 1700 0014 | 8904 4091 | 2941 2391 | 2801 40f9 | e800 00b5 | 2301 00f9 | e803 40b2 | 8904 4091 
  0x0000000114f39e98: 2961 2391 | 2801 00f9 | 0d00 0014 | 0c00 0014 

  0x0000000114f39ea8: ;   {metadata(method data for {method} {0x000000012c049ac0} 'dispatchEventImpl' '(Ljava/awt/AWTEvent;)V' in 'java/awt/Component')}
  0x0000000114f39ea8: 04dd 96d2 | 04cf a5f2 | 2400 c0f2 | 8904 4091 | 2859 44f9 | 0805 00d1 | 2859 04f9 | 0200 0014 
  0x0000000114f39ec8: 0300 0014 | e203 1faa | 0200 0014 | e203 40b2 | 5f00 0071 

  0x0000000114f39edc: ;   {metadata(method data for {method} {0x000000012c049ac0} 'dispatchEventImpl' '(Ljava/awt/AWTEvent;)V' in 'java/awt/Component')}
  0x0000000114f39edc: 02dd 96d2 | 02cf a5f2 | 2200 c0f2 | 081d 83d2 | 091f 83d2 | 0101 899a | 4368 61f8 | 6304 0091 
  0x0000000114f39efc: 4368 21f8 | a03c 0054 | e263 40f9 | 2201 00b5 

  0x0000000114f39f0c: ;   {metadata(method data for {method} {0x000000012c049ac0} 'dispatchEventImpl' '(Ljava/awt/AWTEvent;)V' in 'java/awt/Component')}
  0x0000000114f39f0c: 05dd 96d2 | 05cf a5f2 | 2500 c0f2 | a904 4091 | 2805 6439 | 0801 40b2 | 2805 2439 | 3e00 0014 
  0x0000000114f39f2c: ;   {metadata('java/awt/event/MouseEvent')}
  0x0000000114f39f2c: 044e 9ed2 | a424 a0f2 | 041d c0f2 | 4508 40b9 | 051d c0f2 | a82c 40f9 | 9f00 08eb | a105 0054 
  0x0000000114f39f4c: ;   {metadata(method data for {method} {0x000000012c049ac0} 'dispatchEventImpl' '(Ljava/awt/AWTEvent;)V' in 'java/awt/Component')}
  0x0000000114f39f4c: 05dd 96d2 | 05cf a5f2 | 2500 c0f2 | 4408 40b9 | 041d c0f2 | a904 4091 | 2961 2491 | 2801 40f9 
  0x0000000114f39f6c: 9f00 08eb | a100 0054 | a890 4cf9 | 0805 0091 | a890 0cf9 | 2a00 0014 | a904 4091 | 29a1 2491 
  0x0000000114f39f8c: 2801 40f9 | 9f00 08eb | a100 0054 | a898 4cf9 | 0805 0091 | a898 0cf9 | 2100 0014 | a904 4091 
  0x0000000114f39fac: 2961 2491 | 2801 40f9 | e800 00b5 | 2401 00f9 | e803 40b2 | a904 4091 | 2981 2491 | 2801 00f9 
  0x0000000114f39fcc: 1700 0014 | a904 4091 | 29a1 2491 | 2801 40f9 | e800 00b5 | 2401 00f9 | e803 40b2 | a904 4091 
  0x0000000114f39fec: 29c1 2491 | 2801 00f9 | 0d00 0014 | 0c00 0014 

  0x0000000114f39ffc: ;   {metadata(method data for {method} {0x000000012c049ac0} 'dispatchEventImpl' '(Ljava/awt/AWTEvent;)V' in 'java/awt/Component')}
  0x0000000114f39ffc: 05dd 96d2 | 05cf a5f2 | 2500 c0f2 | a904 4091 | 2885 44f9 | 0805 00d1 | 2885 04f9 | 0200 0014 
  0x0000000114f3a01c: 0300 0014 | e103 1faa | 0200 0014 | e103 40b2 | 3f00 0071 

  0x0000000114f3a030: ;   {metadata(method data for {method} {0x000000012c049ac0} 'dispatchEventImpl' '(Ljava/awt/AWTEvent;)V' in 'java/awt/Component')}
  0x0000000114f3a030: 01dd 96d2 | 01cf a5f2 | 2100 c0f2 | 0828 83d2 | 092a 83d2 | 0311 899a | 2468 63f8 | 8404 0091 
  0x0000000114f3a050: 2468 23f8 | 2122 0054 | 2201 00b5 

  0x0000000114f3a05c: ;   {metadata(method data for {method} {0x000000012c049ac0} 'dispatchEventImpl' '(Ljava/awt/AWTEvent;)V' in 'java/awt/Component')}
  0x0000000114f3a05c: 04dd 96d2 | 04cf a5f2 | 2400 c0f2 | 8904 4091 | 2865 6539 | 0801 40b2 | 2865 2539 | 3d00 0014 
  0x0000000114f3a07c: ;   {metadata('java/awt/event/FocusEvent')}
  0x0000000114f3a07c: 030d 9fd2 | a324 a0f2 | 031d c0f2 | 4808 40b9 | 081d c0f2 | 1f01 03eb | a105 0054 

  0x0000000114f3a098: ;   {metadata(method data for {method} {0x000000012c049ac0} 'dispatchEventImpl' '(Ljava/awt/AWTEvent;)V' in 'java/awt/Component')}
  0x0000000114f3a098: 04dd 96d2 | 04cf a5f2 | 2400 c0f2 | 4308 40b9 | 031d c0f2 | 8904 4091 | 29c1 2591 | 2801 40f9 
  0x0000000114f3a0b8: 7f00 08eb | a100 0054 | 88bc 4cf9 | 0805 0091 | 88bc 0cf9 | 2a00 0014 | 8904 4091 | 2901 2691 
  0x0000000114f3a0d8: 2801 40f9 | 7f00 08eb | a100 0054 | 88c4 4cf9 | 0805 0091 | 88c4 0cf9 | 2100 0014 | 8904 4091 
  0x0000000114f3a0f8: 29c1 2591 | 2801 40f9 | e800 00b5 | 2301 00f9 | e803 40b2 | 8904 4091 | 29e1 2591 | 2801 00f9 
  0x0000000114f3a118: 1700 0014 | 8904 4091 | 2901 2691 | 2801 40f9 | e800 00b5 | 2301 00f9 | e803 40b2 | 8904 4091 
  0x0000000114f3a138: 2921 2691 | 2801 00f9 | 0d00 0014 | 0c00 0014 

  0x0000000114f3a148: ;   {metadata(method data for {method} {0x000000012c049ac0} 'dispatchEventImpl' '(Ljava/awt/AWTEvent;)V' in 'java/awt/Component')}
  0x0000000114f3a148: 04dd 96d2 | 04cf a5f2 | 2400 c0f2 | 8904 4091 | 28b1 44f9 | 0805 00d1 | 28b1 04f9 | 0200 0014 
  0x0000000114f3a168: 0300 0014 | e203 1faa | 0200 0014 | e203 40b2 | 5f00 0071 

  0x0000000114f3a17c: ;   {metadata(method data for {method} {0x000000012c049ac0} 'dispatchEventImpl' '(Ljava/awt/AWTEvent;)V' in 'java/awt/Component')}
  0x0000000114f3a17c: 02dd 96d2 | 02cf a5f2 | 2200 c0f2 | 0833 83d2 | 0935 83d2 | 0101 899a | 4368 61f8 | 6304 0091 
  0x0000000114f3a19c: 4368 21f8 | a027 0054 | bd00 0014 

  0x0000000114f3a1a8: ;   {oop(a 'sun/util/logging/PlatformLogger'{0x0000000480c22890})}
  0x0000000114f3a1a8: 0212 85d2 | 4218 b0f2 | 8200 c0f2 

  0x0000000114f3a1b4: ;   {metadata(method data for {method} {0x000000012c049ac0} 'dispatchEventImpl' '(Ljava/awt/AWTEvent;)V' in 'java/awt/Component')}
  0x0000000114f3a1b4: 01dd 96d2 | 01cf a5f2 | 2100 c0f2 

  0x0000000114f3a1c0: ;   {metadata('sun/util/logging/PlatformLogger')}
  0x0000000114f3a1c0: 089b 86d2 | e820 a0f2 | 081d c0f2 | 2904 4091 | 2921 0291 | 2801 00f9 | 2848 48f9 | 0805 0091 
  0x0000000114f3a1e0: 2848 08f9 

  0x0000000114f3a1e4: ;   {metadata(method data for {method} {0x000000012c26eb70} 'isLoggable' '(Lsun/util/logging/PlatformLogger$Level;)Z' in 'sun/util/logging/PlatformLogger')}
  0x0000000114f3a1e4: 02af 8cd2 | 22ce a5f2 | 2200 c0f2 | 41ac 40b9 | 2108 0011 | 41ac 00b9 | 214c 1f12 | 3f00 0071 
  0x0000000114f3a204: 8064 0054 

  0x0000000114f3a208: ;   {metadata(method data for {method} {0x000000012c26eb70} 'isLoggable' '(Lsun/util/logging/PlatformLogger$Level;)Z' in 'sun/util/logging/PlatformLogger')}
  0x0000000114f3a208: 02af 8cd2 | 22ce a5f2 | 2200 c0f2 | 4178 40f9 | 2104 0091 | 4178 00f9 

  0x0000000114f3a220: ;   {oop(a 'sun/util/logging/PlatformLogger'{0x0000000480c22890})}
  0x0000000114f3a220: 0212 85d2 | 4218 b0f2 | 8200 c0f2 

  0x0000000114f3a22c: ; implicit exception: dispatches to 0x0000000114f3aeb4
  0x0000000114f3a22c: 410c 40b9 | 21f0 7dd3 

  0x0000000114f3a234: ; implicit exception: dispatches to 0x0000000114f3aeb8
  0x0000000114f3a234: 3f00 40f9 | e203 01aa 

  0x0000000114f3a23c: ;   {metadata(method data for {method} {0x000000012c26eb70} 'isLoggable' '(Lsun/util/logging/PlatformLogger$Level;)Z' in 'sun/util/logging/PlatformLogger')}
  0x0000000114f3a23c: 00af 8cd2 | 20ce a5f2 | 2000 c0f2 | 4208 40b9 | 021d c0f2 | 09c0 0491 | 2801 40f9 | 5f00 08eb 
  0x0000000114f3a25c: a100 0054 | 089c 40f9 | 0805 0091 | 089c 00f9 | 1c00 0014 | 0900 0591 | 2801 40f9 | 5f00 08eb 
  0x0000000114f3a27c: a100 0054 | 08a4 40f9 | 0805 0091 | 08a4 00f9 | 1400 0014 | 09c0 0491 | 2801 40f9 | c800 00b5 
  0x0000000114f3a29c: 2201 00f9 | e803 40b2 | 09e0 0491 | 2801 00f9 | 0c00 0014 | 0900 0591 | 2801 40f9 | c800 00b5 
  0x0000000114f3a2bc: 2201 00f9 | e803 40b2 | 0920 0591 | 2801 00f9 | 0400 0014 | 0890 40f9 | 0805 0091 | 0890 00f9 
  0x0000000114f3a2dc: ;   {oop(a 'sun/util/logging/PlatformLogger$Level'{0x0000000480c002e8})}
  0x0000000114f3a2dc: 025d 80d2 | 0218 b0f2 | 8200 c0f2 | e9ff 9fd2 | e9ff bff2 | e9ff dff2 

  0x0000000114f3a2f4: ; ImmutableOopMap {}
                      ;*invokeinterface isLoggable {reexecute=0 rethrow=0 return_oop=0}
                      ; - sun.util.logging.PlatformLogger::isLoggable@17 (line 340)
                      ; - java.awt.Component::dispatchEventImpl@471 (line 4975)
                      ;   {virtual_call}
  0x0000000114f3a2f4: 6368 9e95 

  0x0000000114f3a2f8: ;   {other}
  0x0000000114f3a2f8: 1f20 03d5 | 1f4d 8df2 | 1fa0 87f2 | 0200 0012 | 5f00 0071 

  0x0000000114f3a30c: ;   {metadata(method data for {method} {0x000000012c049ac0} 'dispatchEventImpl' '(Ljava/awt/AWTEvent;)V' in 'java/awt/Component')}
  0x0000000114f3a30c: 02dd 96d2 | 02cf a5f2 | 2200 c0f2 | 0816 82d2 | 0918 82d2 | 0301 899a | 4468 63f8 | 8404 0091 
  0x0000000114f3a32c: 4468 23f8 | 800a 0054 

  0x0000000114f3a334: ;   {oop(a 'sun/util/logging/PlatformLogger'{0x0000000480c22890})}
  0x0000000114f3a334: 0212 85d2 | 4218 b0f2 | 8200 c0f2 | e303 02aa 

  0x0000000114f3a344: ;   {metadata(method data for {method} {0x000000012c049ac0} 'dispatchEventImpl' '(Ljava/awt/AWTEvent;)V' in 'java/awt/Component')}
  0x0000000114f3a344: 04dd 96d2 | 04cf a5f2 | 2400 c0f2 

  0x0000000114f3a350: ;   {metadata('sun/util/logging/PlatformLogger')}
  0x0000000114f3a350: 089b 86d2 | e820 a0f2 | 081d c0f2 | 8904 4091 | 2981 0391 | 2801 00f9 | 8874 48f9 | 0805 0091 
  0x0000000114f3a370: 8874 08f9 

  0x0000000114f3a374: ;   {metadata(method data for {method} {0x000000012c26fc98} 'finest' '(Ljava/lang/String;)V' in 'sun/util/logging/PlatformLogger')}
  0x0000000114f3a374: 03fe 94d2 | 43ce a5f2 | 2300 c0f2 | 64ac 40b9 | 8408 0011 | 64ac 00b9 | 844c 1f12 | 9f00 0071 
  0x0000000114f3a394: 4059 0054 | 410c 40b9 | 21f0 7dd3 

  0x0000000114f3a3a0: ; implicit exception: dispatches to 0x0000000114f3aedc
  0x0000000114f3a3a0: 3f00 40f9 | e203 01aa 

  0x0000000114f3a3a8: ;   {metadata(method data for {method} {0x000000012c26fc98} 'finest' '(Ljava/lang/String;)V' in 'sun/util/logging/PlatformLogger')}
  0x0000000114f3a3a8: 03fe 94d2 | 43ce a5f2 | 2300 c0f2 | 4208 40b9 | 021d c0f2 | 69e0 0491 | 2801 40f9 | 5f00 08eb 
  0x0000000114f3a3c8: a100 0054 | 68a0 40f9 | 0805 0091 | 68a0 00f9 | 1c00 0014 | 6920 0591 | 2801 40f9 | 5f00 08eb 
  0x0000000114f3a3e8: a100 0054 | 68a8 40f9 | 0805 0091 | 68a8 00f9 | 1400 0014 | 69e0 0491 | 2801 40f9 | c800 00b5 
  0x0000000114f3a408: 2201 00f9 | e803 40b2 | 6900 0591 | 2801 00f9 | 0c00 0014 | 6920 0591 | 2801 40f9 | c800 00b5 
  0x0000000114f3a428: 2201 00f9 | e803 40b2 | 6940 0591 | 2801 00f9 | 0400 0014 | 6894 40f9 | 0805 0091 | 6894 00f9 
  0x0000000114f3a448: ;   {oop(a 'sun/util/logging/PlatformLogger$Level'{0x0000000480c002e8})}
  0x0000000114f3a448: 025d 80d2 | 0218 b0f2 | 8200 c0f2 

  0x0000000114f3a454: ;   {oop("Pre-process consumed event"{0x000000048119e0e0})}
  0x0000000114f3a454: 031c 9cd2 | 2323 b0f2 | 8300 c0f2 | e403 1faa | e9ff 9fd2 | e9ff bff2 | e9ff dff2 

  0x0000000114f3a470: ; ImmutableOopMap {}
                      ;*invokeinterface log {reexecute=0 rethrow=0 return_oop=0}
                      ; - sun.util.logging.PlatformLogger::finest@12 (line 481)
                      ; - java.awt.Component::dispatchEventImpl@483 (line 4976)
                      ;   {virtual_call}
  0x0000000114f3a470: 0468 9e95 

  0x0000000114f3a474: ;   {other}
  0x0000000114f3a474: 1f20 03d5 | 9f7c 8df2 | 1fc0 87f2 | fd7b 50a9 | ff43 0491 

  0x0000000114f3a488: ;   {poll_return}
  0x0000000114f3a488: 882b 42f9 | ff63 28eb | 8852 0054 | c003 5fd6 | 2001 00b5 

  0x0000000114f3a49c: ;   {metadata(method data for {method} {0x000000012c049ac0} 'dispatchEventImpl' '(Ljava/awt/AWTEvent;)V' in 'java/awt/Component')}
  0x0000000114f3a49c: 03dd 96d2 | 03cf a5f2 | 2300 c0f2 | 6904 4091 | 28c5 6639 | 0801 40b2 | 28c5 2639 | 3e00 0014 
  0x0000000114f3a4bc: ;   {metadata('sun/awt/SunToolkit')}
  0x0000000114f3a4bc: 01a4 8dd2 | e120 a0f2 | 011d c0f2 | 0308 40b9 | 031d c0f2 | 6820 40f9 | 3f00 08eb | a105 0054 
  0x0000000114f3a4dc: ;   {metadata(method data for {method} {0x000000012c049ac0} 'dispatchEventImpl' '(Ljava/awt/AWTEvent;)V' in 'java/awt/Component')}
  0x0000000114f3a4dc: 03dd 96d2 | 03cf a5f2 | 2300 c0f2 | 0108 40b9 | 011d c0f2 | 6904 4091 | 2921 2791 | 2801 40f9 
  0x0000000114f3a4fc: 3f00 08eb | a100 0054 | 68e8 4cf9 | 0805 0091 | 68e8 0cf9 | 2800 0014 | 6904 4091 | 2961 2791 
  0x0000000114f3a51c: 2801 40f9 | 3f00 08eb | a100 0054 | 68f0 4cf9 | 0805 0091 | 68f0 0cf9 | 1f00 0014 | 6904 4091 
  0x0000000114f3a53c: 2921 2791 | 2801 40f9 | e800 00b5 | 2101 00f9 | e803 40b2 | 6904 4091 | 2941 2791 | 2801 00f9 
  0x0000000114f3a55c: 1500 0014 | 6904 4091 | 2961 2791 | 2801 40f9 | e800 00b5 | 2101 00f9 | e803 40b2 | 6904 4091 
  0x0000000114f3a57c: 2981 2791 | 2801 00f9 | 0b00 0014 | 0a00 0014 

  0x0000000114f3a58c: ;   {metadata(method data for {method} {0x000000012c049ac0} 'dispatchEventImpl' '(Ljava/awt/AWTEvent;)V' in 'java/awt/Component')}
  0x0000000114f3a58c: 03dd 96d2 | 03cf a5f2 | 2300 c0f2 | 6904 4091 | 28dd 44f9 | 0805 00d1 | 28dd 04f9 | 5102 0014 
  0x0000000114f3a5ac: 0100 0014 | e103 00aa 

  0x0000000114f3a5b4: ; implicit exception: dispatches to 0x0000000114f3aef4
  0x0000000114f3a5b4: 3f00 40f9 

  0x0000000114f3a5b8: ;   {metadata(method data for {method} {0x000000012c049ac0} 'dispatchEventImpl' '(Ljava/awt/AWTEvent;)V' in 'java/awt/Component')}
  0x0000000114f3a5b8: 02dd 96d2 | 02cf a5f2 | 2200 c0f2 | 2108 40b9 | 011d c0f2 | 4904 4091 | 2901 2891 | 2801 40f9 
  0x0000000114f3a5d8: 3f00 08eb | a100 0054 | 4804 4df9 | 0805 0091 | 4804 0df9 | 2100 0014 | 4904 4091 | 2941 2891 
  0x0000000114f3a5f8: 2801 40f9 | 3f00 08eb | a100 0054 | 480c 4df9 | 0805 0091 | 480c 0df9 | 1800 0014 | 4904 4091 
  0x0000000114f3a618: 2901 2891 | 2801 40f9 | e800 00b5 | 2101 00f9 | e803 40b2 | 4904 4091 | 2921 2891 | 2801 00f9 
  0x0000000114f3a638: 0e00 0014 | 4904 4091 | 2941 2891 | 2801 40f9 | e800 00b5 | 2101 00f9 | e803 40b2 | 4904 4091 
  0x0000000114f3a658: 2961 2891 | 2801 00f9 | 0400 0014 | 48f8 4cf9 | 0805 0091 | 48f8 0cf9 

  0x0000000114f3a670: ;   {metadata(method data for {method} {0x000000012c288990} 'showOrHideTouchKeyboard' '(Ljava/awt/Component;Ljava/awt/AWTEvent;)V' in 'sun/awt/SunToolkit')}
  0x0000000114f3a670: 0148 87d2 | 21cf a5f2 | 2100 c0f2 | 22ac 40b9 | 4208 0011 | 22ac 00b9 | 424c 1f12 | 5f00 0071 
  0x0000000114f3a690: 4043 0054 | fd7b 50a9 | ff43 0491 

  0x0000000114f3a69c: ;   {poll_return}
  0x0000000114f3a69c: 882b 42f9 | ff63 28eb | a843 0054 | c003 5fd6 

  0x0000000114f3a6ac: ; ImmutableOopMap {c_rarg0=Oop }
                      ;*invokedynamic {reexecute=0 rethrow=0 return_oop=0}
                      ; - java.awt.Component::dispatchEventImpl@350 (line 4941)
                      ;   {runtime_call load_appendix_patching Runtime1 stub}
  0x0000000114f3a6ac: 55d2 a195 | e103 00aa 

  0x0000000114f3a6b4: ; ImmutableOopMap {}
                      ;*invokedynamic {reexecute=0 rethrow=0 return_oop=0}
                      ; - java.awt.Component::dispatchEventImpl@350 (line 4941)
                      ;   {static_call}
  0x0000000114f3a6b4: 3368 9e95 

  0x0000000114f3a6b8: ;   {other}
  0x0000000114f3a6b8: 1f20 03d5 | 1fc5 8df2 | 1f00 88f2 

  0x0000000114f3a6c4: ;   {metadata(method data for {method} {0x000000012c049ac0} 'dispatchEventImpl' '(Ljava/awt/AWTEvent;)V' in 'java/awt/Component')}
  0x0000000114f3a6c4: 02dd 96d2 | 02cf a5f2 | 2200 c0f2 | 42a0 3491 | e303 00aa | 8300 00b5 | 4900 40f9 | 2901 40b2 
  0x0000000114f3a6e4: 4900 00f9 

  0x0000000114f3a6e8: ;   {oop(a 'sun/util/logging/PlatformLogger'{0x0000000480c22890})}
  0x0000000114f3a6e8: 0212 85d2 | 4218 b0f2 | 8200 c0f2 | e303 02aa 

  0x0000000114f3a6f8: ;   {metadata(method data for {method} {0x000000012c049ac0} 'dispatchEventImpl' '(Ljava/awt/AWTEvent;)V' in 'java/awt/Component')}
  0x0000000114f3a6f8: 04dd 96d2 | 04cf a5f2 | 2400 c0f2 

  0x0000000114f3a704: ;   {metadata('sun/util/logging/PlatformLogger')}
  0x0000000114f3a704: 089b 86d2 | e820 a0f2 | 081d c0f2 | 8920 3591 | 2801 00f9 | 88a8 46f9 | 0805 0091 | 88a8 06f9 
  0x0000000114f3a724: ;   {metadata(method data for {method} {0x000000012c26fc98} 'finest' '(Ljava/lang/String;)V' in 'sun/util/logging/PlatformLogger')}
  0x0000000114f3a724: 03fe 94d2 | 43ce a5f2 | 2300 c0f2 | 64ac 40b9 | 8408 0011 | 64ac 00b9 | 844c 1f12 | 9f00 0071 
  0x0000000114f3a744: 003f 0054 | 410c 40b9 | 21f0 7dd3 

  0x0000000114f3a750: ; implicit exception: dispatches to 0x0000000114f3af44
  0x0000000114f3a750: 3f00 40f9 | e203 01aa 

  0x0000000114f3a758: ;   {metadata(method data for {method} {0x000000012c26fc98} 'finest' '(Ljava/lang/String;)V' in 'sun/util/logging/PlatformLogger')}
  0x0000000114f3a758: 03fe 94d2 | 43ce a5f2 | 2300 c0f2 | 4208 40b9 | 021d c0f2 | 69e0 0491 | 2801 40f9 | 5f00 08eb 
  0x0000000114f3a778: a100 0054 | 68a0 40f9 | 0805 0091 | 68a0 00f9 | 1c00 0014 | 6920 0591 | 2801 40f9 | 5f00 08eb 
  0x0000000114f3a798: a100 0054 | 68a8 40f9 | 0805 0091 | 68a8 00f9 | 1400 0014 | 69e0 0491 | 2801 40f9 | c800 00b5 
  0x0000000114f3a7b8: 2201 00f9 | e803 40b2 | 6900 0591 | 2801 00f9 | 0c00 0014 | 6920 0591 | 2801 40f9 | c800 00b5 
  0x0000000114f3a7d8: 2201 00f9 | e803 40b2 | 6940 0591 | 2801 00f9 | 0400 0014 | 6894 40f9 | 0805 0091 | 6894 00f9 
  0x0000000114f3a7f8: ;   {oop(a 'sun/util/logging/PlatformLogger$Level'{0x0000000480c002e8})}
  0x0000000114f3a7f8: 025d 80d2 | 0218 b0f2 | 8200 c0f2 | e303 00aa | e403 1faa | e9ff 9fd2 | e9ff bff2 | e9ff dff2 
  0x0000000114f3a818: ; ImmutableOopMap {}
                      ;*invokeinterface log {reexecute=0 rethrow=0 return_oop=0}
                      ; - sun.util.logging.PlatformLogger::finest@12 (line 481)
                      ; - java.awt.Component::dispatchEventImpl@355 (line 4941)
                      ;   {virtual_call}
  0x0000000114f3a818: 1a67 9e95 

  0x0000000114f3a81c: ;   {other}
  0x0000000114f3a81c: 1f20 03d5 | 9ff1 8df2 | 1f20 88f2 | fd7b 50a9 | ff43 0491 

  0x0000000114f3a830: ;   {poll_return}
  0x0000000114f3a830: 882b 42f9 | ff63 28eb | 8838 0054 | c003 5fd6 | fd7b 50a9 | ff43 0491 

  0x0000000114f3a848: ;   {poll_return}
  0x0000000114f3a848: 882b 42f9 | ff63 28eb | 2838 0054 | c003 5fd6 | fd7b 50a9 | ff43 0491 

  0x0000000114f3a860: ;   {poll_return}
  0x0000000114f3a860: 882b 42f9 | ff63 28eb | c837 0054 | c003 5fd6 | fd7b 50a9 | ff43 0491 

  0x0000000114f3a878: ;   {poll_return}
  0x0000000114f3a878: 882b 42f9 | ff63 28eb | 6837 0054 | c003 5fd6 | 0201 00b5 

  0x0000000114f3a88c: ;   {metadata(method data for {method} {0x000000012c049ac0} 'dispatchEventImpl' '(Ljava/awt/AWTEvent;)V' in 'java/awt/Component')}
  0x0000000114f3a88c: 03dd 96d2 | 03cf a5f2 | 2300 c0f2 | 6804 5039 | 0801 40b2 | 6804 1039 | 3600 0014 

  0x0000000114f3a8a8: ;   {metadata('sun/awt/dnd/SunDropTargetEvent')}
  0x0000000114f3a8a8: 01ad 9ed2 | a124 a0f2 | 011d c0f2 | 4808 40b9 | 081d c0f2 | 1f01 01eb | e104 0054 

  0x0000000114f3a8c4: ;   {metadata(method data for {method} {0x000000012c049ac0} 'dispatchEventImpl' '(Ljava/awt/AWTEvent;)V' in 'java/awt/Component')}
  0x0000000114f3a8c4: 03dd 96d2 | 03cf a5f2 | 2300 c0f2 | 4108 40b9 | 011d c0f2 | 6960 1091 | 2801 40f9 | 3f00 08eb 
  0x0000000114f3a8e4: a100 0054 | 6810 42f9 | 0805 0091 | 6810 02f9 | 2200 0014 | 69a0 1091 | 2801 40f9 | 3f00 08eb 
  0x0000000114f3a904: a100 0054 | 6818 42f9 | 0805 0091 | 6818 02f9 | 1a00 0014 | 6960 1091 | 2801 40f9 | c800 00b5 
  0x0000000114f3a924: 2101 00f9 | e803 40b2 | 6980 1091 | 2801 00f9 | 1200 0014 | 69a0 1091 | 2801 40f9 | c800 00b5 
  0x0000000114f3a944: 2101 00f9 | e803 40b2 | 69c0 1091 | 2801 00f9 | 0a00 0014 | 0900 0014 

  0x0000000114f3a95c: ;   {metadata(method data for {method} {0x000000012c049ac0} 'dispatchEventImpl' '(Ljava/awt/AWTEvent;)V' in 'java/awt/Component')}
  0x0000000114f3a95c: 03dd 96d2 | 03cf a5f2 | 2300 c0f2 | 6804 42f9 | 0805 00d1 | 6804 02f9 | 8101 0014 | 0100 0014 
  0x0000000114f3a97c: e103 02aa 

  0x0000000114f3a980: ; implicit exception: dispatches to 0x0000000114f3af80
  0x0000000114f3a980: 3f00 40f9 | e003 01aa 

  0x0000000114f3a988: ;   {metadata(method data for {method} {0x000000012c049ac0} 'dispatchEventImpl' '(Ljava/awt/AWTEvent;)V' in 'java/awt/Component')}
  0x0000000114f3a988: 02dd 96d2 | 02cf a5f2 | 2200 c0f2 | 0008 40b9 | 001d c0f2 | 4940 1191 | 2801 40f9 | 1f00 08eb 
  0x0000000114f3a9a8: a100 0054 | 482c 42f9 | 0805 0091 | 482c 02f9 | 1c00 0014 | 4980 1191 | 2801 40f9 | 1f00 08eb 
  0x0000000114f3a9c8: a100 0054 | 4834 42f9 | 0805 0091 | 4834 02f9 | 1400 0014 | 4940 1191 | 2801 40f9 | c800 00b5 
  0x0000000114f3a9e8: 2001 00f9 | e803 40b2 | 4960 1191 | 2801 00f9 | 0c00 0014 | 4980 1191 | 2801 40f9 | c800 00b5 
  0x0000000114f3aa08: 2001 00f9 | e803 40b2 | 49a0 1191 | 2801 00f9 | 0400 0014 | 4820 42f9 | 0805 0091 | 4820 02f9 
  0x0000000114f3aa28: ; ImmutableOopMap {}
                      ;*invokevirtual dispatch {reexecute=0 rethrow=0 return_oop=0}
                      ; - java.awt.Component::dispatchEventImpl@102 (line 4861)
                      ;   {optimized virtual_call}
  0x0000000114f3aa28: d665 9e95 

  0x0000000114f3aa2c: ;   {other}
  0x0000000114f3aa2c: 1f20 03d5 | 9f33 8ef2 | 1f40 88f2 | fd7b 50a9 | ff43 0491 

  0x0000000114f3aa40: ;   {poll_return}
  0x0000000114f3aa40: 882b 42f9 | ff63 28eb | e829 0054 | c003 5fd6 

  0x0000000114f3aa50: ;   {metadata({method} {0x000000012c049ac0} 'dispatchEventImpl' '(Ljava/awt/AWTEvent;)V' in 'java/awt/Component')}
  0x0000000114f3aa50: 0858 93d2 | 8880 a5f2 | 2800 c0f2 | e807 00f9 | 0800 8092 | e803 00f9 

  0x0000000114f3aa68: ; ImmutableOopMap {c_rarg1=Oop c_rarg2=Oop [160]=Oop [176]=Oop }
                      ;*synchronization entry
                      ; - java.awt.Component::dispatchEventImpl@-1 (line 4833)
                      ;   {runtime_call counter_overflow Runtime1 stub}
  0x0000000114f3aa68: e6d2 a195 | ffe6 ff17 

  0x0000000114f3aa70: ; ImmutableOopMap {c_rarg1=Oop c_rarg2=Oop [160]=Oop [176]=Oop }
                      ;*invokevirtual getID {reexecute=0 rethrow=0 return_oop=0}
                      ; - java.awt.Component::dispatchEventImpl@1 (line 4833)
                      ;   {runtime_call throw_null_pointer_exception Runtime1 stub}
  0x0000000114f3aa70: c4bb a195 

  0x0000000114f3aa74: ; ImmutableOopMap {c_rarg0=Oop c_rarg3=Oop [160]=Oop [176]=Oop }
                      ;*invokevirtual equals {reexecute=0 rethrow=0 return_oop=0}
                      ; - java.awt.Component::dispatchEventImpl@18 (line 4837)
                      ;   {runtime_call throw_null_pointer_exception Runtime1 stub}
  0x0000000114f3aa74: c3bb a195 

  0x0000000114f3aa78: ;   {metadata({method} {0x000000e8000010f0} 'equals' '(Ljava/lang/Object;)Z' in 'java/lang/Object')}
  0x0000000114f3aa78: 081e 82d2 | 0800 a0f2 | 081d c0f2 | e807 00f9 | 0800 8092 | e803 00f9 

  0x0000000114f3aa90: ; ImmutableOopMap {c_rarg0=Oop c_rarg3=Oop [160]=Oop [176]=Oop }
                      ;*synchronization entry
                      ; - java.lang.Object::equals@-1 (line 164)
                      ; - java.awt.Component::dispatchEventImpl@18 (line 4837)
                      ;   {runtime_call counter_overflow Runtime1 stub}
  0x0000000114f3aa90: dcd2 a195 | 6ee7 ff17 

  0x0000000114f3aa98: ;   {metadata({method} {0x000000012c26eb70} 'isLoggable' '(Lsun/util/logging/PlatformLogger$Level;)Z' in 'sun/util/logging/PlatformLogger')}
  0x0000000114f3aa98: 086e 9dd2 | c884 a5f2 | 2800 c0f2 | e807 00f9 | 0800 8092 | e803 00f9 

  0x0000000114f3aab0: ; ImmutableOopMap {[160]=Oop [176]=Oop }
                      ;*synchronization entry
                      ; - sun.util.logging.PlatformLogger::isLoggable@-1 (line 336)
                      ; - java.awt.Component::dispatchEventImpl@30 (line 4838)
                      ;   {runtime_call counter_overflow Runtime1 stub}
  0x0000000114f3aab0: d4d2 a195 | 9de7 ff17 

  0x0000000114f3aab8: ; ImmutableOopMap {[160]=Oop [176]=Oop }
                      ;*getfield loggerProxy {reexecute=1 rethrow=0 return_oop=0}
                      ; - (reexecute) sun.util.logging.PlatformLogger::isLoggable@13 (line 340)
                      ; - java.awt.Component::dispatchEventImpl@30 (line 4838)
                      ;   {runtime_call throw_null_pointer_exception Runtime1 stub}
  0x0000000114f3aab8: b2bb a195 

  0x0000000114f3aabc: ; ImmutableOopMap {c_rarg1=Oop [160]=Oop [176]=Oop }
                      ;*invokeinterface isLoggable {reexecute=0 rethrow=0 return_oop=0}
                      ; - sun.util.logging.PlatformLogger::isLoggable@17 (line 340)
                      ; - java.awt.Component::dispatchEventImpl@30 (line 4838)
                      ;   {runtime_call throw_null_pointer_exception Runtime1 stub}
  0x0000000114f3aabc: b1bb a195 

  0x0000000114f3aac0: ;   {metadata({method} {0x000000e800453c58} 'valueOf' '(Ljava/lang/Object;)Ljava/lang/String;' in 'java/lang/String')}
  0x0000000114f3aac0: 088b 87d2 | a808 a0f2 | 081d c0f2 | e807 00f9 | 0800 8092 | e803 00f9 

  0x0000000114f3aad8: ; ImmutableOopMap {c_rarg2=Oop [160]=Oop [176]=Oop }
                      ;*synchronization entry
                      ; - java.lang.String::valueOf@-1 (line 4454)
                      ; - java.awt.Component::dispatchEventImpl@40 (line 4839)
                      ;   {runtime_call counter_overflow Runtime1 stub}
  0x0000000114f3aad8: cad2 a195 | eee7 ff17 

  0x0000000114f3aae0: ;   {metadata({method} {0x000000012c26f7c8} 'fine' '(Ljava/lang/String;)V' in 'sun/util/logging/PlatformLogger')}
  0x0000000114f3aae0: 08f9 9ed2 | c884 a5f2 | 2800 c0f2 | e807 00f9 | 0800 8092 | e803 00f9 

  0x0000000114f3aaf8: ; ImmutableOopMap {c_rarg0=Oop c_rarg2=Oop [160]=Oop [176]=Oop }
                      ;*synchronization entry
                      ; - sun.util.logging.PlatformLogger::fine@-1 (line 449)
                      ; - java.awt.Component::dispatchEventImpl@48 (line 4839)
                      ;   {runtime_call counter_overflow Runtime1 stub}
  0x0000000114f3aaf8: c2d2 a195 | 51e8 ff17 

  0x0000000114f3ab00: ; ImmutableOopMap {c_rarg0=Oop c_rarg1=Oop [160]=Oop [176]=Oop }
                      ;*invokeinterface log {reexecute=0 rethrow=0 return_oop=0}
                      ; - sun.util.logging.PlatformLogger::fine@12 (line 449)
                      ; - java.awt.Component::dispatchEventImpl@48 (line 4839)
                      ;   {runtime_call throw_null_pointer_exception Runtime1 stub}
  0x0000000114f3ab00: a0bb a195 

  0x0000000114f3ab04: ;   {metadata({method} {0x000000012c26eb70} 'isLoggable' '(Lsun/util/logging/PlatformLogger$Level;)Z' in 'sun/util/logging/PlatformLogger')}
  0x0000000114f3ab04: 086e 9dd2 | c884 a5f2 | 2800 c0f2 | e807 00f9 | 0800 8092 | e803 00f9 

  0x0000000114f3ab1c: ; ImmutableOopMap {[160]=Oop [176]=Oop }
                      ;*synchronization entry
                      ; - sun.util.logging.PlatformLogger::isLoggable@-1 (line 336)
                      ; - java.awt.Component::dispatchEventImpl@57 (line 4843)
                      ;   {runtime_call counter_overflow Runtime1 stub}
  0x0000000114f3ab1c: b9d2 a195 | 92e8 ff17 

  0x0000000114f3ab24: ; ImmutableOopMap {[160]=Oop [176]=Oop }
                      ;*getfield loggerProxy {reexecute=1 rethrow=0 return_oop=0}
                      ; - (reexecute) sun.util.logging.PlatformLogger::isLoggable@13 (line 340)
                      ; - java.awt.Component::dispatchEventImpl@57 (line 4843)
                      ;   {runtime_call throw_null_pointer_exception Runtime1 stub}
  0x0000000114f3ab24: 97bb a195 

  0x0000000114f3ab28: ; ImmutableOopMap {c_rarg1=Oop [160]=Oop [176]=Oop }
                      ;*invokeinterface isLoggable {reexecute=0 rethrow=0 return_oop=0}
                      ; - sun.util.logging.PlatformLogger::isLoggable@17 (line 340)
                      ; - java.awt.Component::dispatchEventImpl@57 (line 4843)
                      ;   {runtime_call throw_null_pointer_exception Runtime1 stub}
  0x0000000114f3ab28: 96bb a195 

  0x0000000114f3ab2c: ; ImmutableOopMap {c_rarg2=Oop [160]=Oop [176]=Oop }
                      ;*anewarray {reexecute=0 rethrow=0 return_oop=0}
                      ; - java.awt.Component::dispatchEventImpl@70 (line 4844)
                      ;   {runtime_call new_object_array Runtime1 stub}
  0x0000000114f3ab2c: f5c0 a195 | 01e9 ff17 

  0x0000000114f3ab34: ; ImmutableOopMap {c_rarg2=Oop c_rarg0=Oop [160]=Oop [176]=Oop }
                      ;*aastore {reexecute=1 rethrow=0 return_oop=0}
                      ; - (reexecute) java.awt.Component::dispatchEventImpl@76 (line 4844)
                      ;   {runtime_call throw_null_pointer_exception Runtime1 stub}
  0x0000000114f3ab34: 93bb a195 | e803 02aa 

  0x0000000114f3ab3c: ; ImmutableOopMap {c_rarg2=Oop c_rarg0=Oop [160]=Oop [176]=Oop }
                      ;*aastore {reexecute=1 rethrow=0 return_oop=0}
                      ; - (reexecute) java.awt.Component::dispatchEventImpl@76 (line 4844)
                      ;   {runtime_call throw_array_store_exception Runtime1 stub}
  0x0000000114f3ab3c: 71c6 a195 | 6400 40b9 | 84f0 7dd3 | c428 fdb4 | e403 00f9 

  0x0000000114f3ab50: ;   {runtime_call g1_pre_barrier_slow}
  0x0000000114f3ab50: 0cd5 a195 | 43e9 ff17 | 0229 fdb4 | e303 00f9 

  0x0000000114f3ab60: ;   {runtime_call g1_post_barrier_slow}
  0x0000000114f3ab60: c8d5 a195 | 45e9 ff17 

  0x0000000114f3ab68: ;   {metadata({method} {0x000000012c26fe38} 'finest' '(Ljava/lang/String;[Ljava/lang/Object;)V' in 'sun/util/logging/PlatformLogger')}
  0x0000000114f3ab68: 08c7 9fd2 | c884 a5f2 | 2800 c0f2 | e807 00f9 | 0800 8092 | e803 00f9 

  0x0000000114f3ab80: ; ImmutableOopMap {c_rarg2=Oop c_rarg0=Oop c_rarg3=Oop [160]=Oop [176]=Oop }
                      ;*synchronization entry
                      ; - sun.util.logging.PlatformLogger::finest@-1 (line 489)
                      ; - java.awt.Component::dispatchEventImpl@77 (line 4844)
                      ;   {runtime_call counter_overflow Runtime1 stub}
  0x0000000114f3ab80: a0d2 a195 | 55e9 ff17 

  0x0000000114f3ab88: ; ImmutableOopMap {c_rarg2=Oop c_rarg0=Oop c_rarg1=Oop [160]=Oop [176]=Oop }
                      ;*invokeinterface log {reexecute=0 rethrow=0 return_oop=0}
                      ; - sun.util.logging.PlatformLogger::finest@9 (line 489)
                      ; - java.awt.Component::dispatchEventImpl@77 (line 4844)
                      ;   {runtime_call throw_null_pointer_exception Runtime1 stub}
  0x0000000114f3ab88: 7ebb a195 

  0x0000000114f3ab8c: ;   {metadata({method} {0x000000012c2b4620} 'setCurrentEventAndMostRecentTime' '(Ljava/awt/AWTEvent;)V' in 'java/awt/EventQueue')}
  0x0000000114f3ab8c: 08c4 88d2 | 6885 a5f2 | 2800 c0f2 | e807 00f9 | 0800 8092 | e803 00f9 

  0x0000000114f3aba4: ; ImmutableOopMap {[160]=Oop [176]=Oop }
                      ;*synchronization entry
                      ; - java.awt.EventQueue::setCurrentEventAndMostRecentTime@-1 (line 1257)
                      ; - java.awt.Component::dispatchEventImpl@88 (line 4852)
                      ;   {runtime_call counter_overflow Runtime1 stub}
  0x0000000114f3aba4: 97d2 a195 | e2e9 ff17 

  0x0000000114f3abac: ;   {metadata({method} {0x000000012c28ee90} 'getEventQueue' '()Ljava/awt/EventQueue;' in 'java/awt/Toolkit')}
  0x0000000114f3abac: 08d2 9dd2 | 0885 a5f2 | 2800 c0f2 | e807 00f9 | 0800 8092 | e803 00f9 

  0x0000000114f3abc4: ; ImmutableOopMap {[160]=Oop [176]=Oop }
                      ;*synchronization entry
                      ; - java.awt.Toolkit::getEventQueue@-1 (line 1489)
                      ; - java.awt.EventQueue::setCurrentEventAndMostRecentTime@0 (line 1257)
                      ; - java.awt.Component::dispatchEventImpl@88 (line 4852)
                      ;   {runtime_call counter_overflow Runtime1 stub}
  0x0000000114f3abc4: 8fd2 a195 | e9e9 ff17 

  0x0000000114f3abcc: ; ImmutableOopMap {c_rarg0=Oop [160]=Oop [176]=Oop }
                      ;*invokevirtual getSystemEventQueueImpl {reexecute=0 rethrow=0 return_oop=0}
                      ; - java.awt.Toolkit::getEventQueue@3 (line 1489)
                      ; - java.awt.EventQueue::setCurrentEventAndMostRecentTime@0 (line 1257)
                      ; - java.awt.Component::dispatchEventImpl@88 (line 4852)
                      ;   {runtime_call throw_null_pointer_exception Runtime1 stub}
  0x0000000114f3abcc: 6dbb a195 

  0x0000000114f3abd0: ;   {metadata({method} {0x000000012c286b08} 'getSystemEventQueueImpl' '()Ljava/awt/EventQueue;' in 'sun/awt/SunToolkit')}
  0x0000000114f3abd0: 0861 8dd2 | 0885 a5f2 | 2800 c0f2 | e807 00f9 | 0800 8092 | e803 00f9 

  0x0000000114f3abe8: ; ImmutableOopMap {[160]=Oop [176]=Oop }
                      ;*synchronization entry
                      ; - sun.awt.SunToolkit::getSystemEventQueueImpl@-1 (line 1059)
                      ; - java.awt.Toolkit::getEventQueue@3 (line 1489)
                      ; - java.awt.EventQueue::setCurrentEventAndMostRecentTime@0 (line 1257)
                      ; - java.awt.Component::dispatchEventImpl@88 (line 4852)
                      ;   {runtime_call counter_overflow Runtime1 stub}
  0x0000000114f3abe8: 86d2 a195 | 1cea ff17 

  0x0000000114f3abf0: ;   {metadata({method} {0x000000012c286ba8} 'getSystemEventQueueImplPP' '()Ljava/awt/EventQueue;' in 'sun/awt/SunToolkit')}
  0x0000000114f3abf0: 0875 8dd2 | 0885 a5f2 | 2800 c0f2 | e807 00f9 | 0800 8092 | e803 00f9 

  0x0000000114f3ac08: ; ImmutableOopMap {[160]=Oop [176]=Oop }
                      ;*synchronization entry
                      ; - sun.awt.SunToolkit::getSystemEventQueueImplPP@-1 (line 1064)
                      ; - sun.awt.SunToolkit::getSystemEventQueueImpl@0 (line 1059)
                      ; - java.awt.Toolkit::getEventQueue@3 (line 1489)
                      ; - java.awt.EventQueue::setCurrentEventAndMostRecentTime@0 (line 1257)
                      ; - java.awt.Component::dispatchEventImpl@88 (line 4852)
                      ;   {runtime_call counter_overflow Runtime1 stub}
  0x0000000114f3ac08: 7ed2 a195 | 23ea ff17 

  0x0000000114f3ac10: ;   {metadata({method} {0x000000012c286c68} 'getSystemEventQueueImplPP' '(Lsun/awt/AppContext;)Ljava/awt/EventQueue;' in 'sun/awt/SunToolkit')}
  0x0000000114f3ac10: 088d 8dd2 | 0885 a5f2 | 2800 c0f2 | e807 00f9 | 0800 8092 | e803 00f9 

  0x0000000114f3ac28: ; ImmutableOopMap {c_rarg0=Oop [160]=Oop [176]=Oop }
                      ;*synchronization entry
                      ; - sun.awt.SunToolkit::getSystemEventQueueImplPP@-1 (line 1068)
                      ; - sun.awt.SunToolkit::getSystemEventQueueImplPP@3 (line 1064)
                      ; - sun.awt.SunToolkit::getSystemEventQueueImpl@0 (line 1059)
                      ; - java.awt.Toolkit::getEventQueue@3 (line 1489)
                      ; - java.awt.EventQueue::setCurrentEventAndMostRecentTime@0 (line 1257)
                      ; - java.awt.Component::dispatchEventImpl@88 (line 4852)
                      ;   {runtime_call counter_overflow Runtime1 stub}
  0x0000000114f3ac28: 76d2 a195 | 34ea ff17 

  0x0000000114f3ac30: ; ImmutableOopMap {c_rarg0=Oop [160]=Oop [176]=Oop }
                      ;*invokevirtual get {reexecute=0 rethrow=0 return_oop=0}
                      ; - sun.awt.SunToolkit::getSystemEventQueueImplPP@4 (line 1069)
                      ; - sun.awt.SunToolkit::getSystemEventQueueImplPP@3 (line 1064)
                      ; - sun.awt.SunToolkit::getSystemEventQueueImpl@0 (line 1059)
                      ; - java.awt.Toolkit::getEventQueue@3 (line 1489)
                      ; - java.awt.EventQueue::setCurrentEventAndMostRecentTime@0 (line 1257)
                      ; - java.awt.Component::dispatchEventImpl@88 (line 4852)
                      ;   {runtime_call throw_null_pointer_exception Runtime1 stub}
  0x0000000114f3ac30: 54bb a195 | e803 00aa 

  0x0000000114f3ac38: ; ImmutableOopMap {[160]=Oop [176]=Oop }
                      ;*checkcast {reexecute=0 rethrow=0 return_oop=0}
                      ; - sun.awt.SunToolkit::getSystemEventQueueImplPP@7 (line 1069)
                      ; - sun.awt.SunToolkit::getSystemEventQueueImplPP@3 (line 1064)
                      ; - sun.awt.SunToolkit::getSystemEventQueueImpl@0 (line 1059)
                      ; - java.awt.Toolkit::getEventQueue@3 (line 1489)
                      ; - java.awt.EventQueue::setCurrentEventAndMostRecentTime@0 (line 1257)
                      ; - java.awt.Component::dispatchEventImpl@88 (line 4852)
                      ;   {runtime_call throw_class_cast_exception Runtime1 stub}
  0x0000000114f3ac38: d2c7 a195 

  0x0000000114f3ac3c: ; ImmutableOopMap {c_rarg1=Oop [160]=Oop [176]=Oop }
                      ;*invokevirtual setCurrentEventAndMostRecentTimeImpl {reexecute=0 rethrow=0 return_oop=0}
                      ; - java.awt.EventQueue::setCurrentEventAndMostRecentTime@4 (line 1257)
                      ; - java.awt.Component::dispatchEventImpl@88 (line 4852)
                      ;   {runtime_call throw_null_pointer_exception Runtime1 stub}
  0x0000000114f3ac3c: 51bb a195 

  0x0000000114f3ac40: ; ImmutableOopMap {c_rarg0=Oop [176]=Oop }
                      ;*putfield isPosted {reexecute=1 rethrow=0 return_oop=0}
                      ; - (reexecute) java.awt.Component::dispatchEventImpl@127 (line 4870)
                      ;   {runtime_call throw_null_pointer_exception Runtime1 stub}
  0x0000000114f3ac40: 50bb a195 

  0x0000000114f3ac44: ;   {metadata({method} {0x000000012c3d05e0} 'getCurrentKeyboardFocusManager' '()Ljava/awt/KeyboardFocusManager;' in 'java/awt/KeyboardFocusManager')}
  0x0000000114f3ac44: 08bc 80d2 | a887 a5f2 | 2800 c0f2 | e807 00f9 | 0800 8092 | e803 00f9 

  0x0000000114f3ac5c: ; ImmutableOopMap {[176]=Oop [184]=Oop }
                      ;*synchronization entry
                      ; - java.awt.KeyboardFocusManager::getCurrentKeyboardFocusManager@-1 (line 217)
                      ; - java.awt.Component::dispatchEventImpl@130 (line 4876)
                      ;   {runtime_call counter_overflow Runtime1 stub}
  0x0000000114f3ac5c: 69d2 a195 | 04eb ff17 

  0x0000000114f3ac64: ; ImmutableOopMap {c_rarg0=Oop [176]=Oop [184]=Oop }
                      ;*invokevirtual dispatchEvent {reexecute=0 rethrow=0 return_oop=0}
                      ; - java.awt.Component::dispatchEventImpl@134 (line 4877)
                      ;   {runtime_call throw_null_pointer_exception Runtime1 stub}
  0x0000000114f3ac64: 47bb a195 

  0x0000000114f3ac68: ;   {metadata({method} {0x000000012c26eb70} 'isLoggable' '(Lsun/util/logging/PlatformLogger$Level;)Z' in 'sun/util/logging/PlatformLogger')}
  0x0000000114f3ac68: 086e 9dd2 | c884 a5f2 | 2800 c0f2 | e807 00f9 | 0800 8092 | e803 00f9 

  0x0000000114f3ac80: ; ImmutableOopMap {c_rarg2=Oop [176]=Oop }
                      ;*synchronization entry
                      ; - sun.util.logging.PlatformLogger::isLoggable@-1 (line 336)
                      ; - java.awt.Component::dispatchEventImpl@154 (line 4882)
                      ;   {runtime_call counter_overflow Runtime1 stub}
  0x0000000114f3ac80: 60d2 a195 | abeb ff17 

  0x0000000114f3ac88: ; ImmutableOopMap {[176]=Oop [192]=Oop }
                      ;*getfield loggerProxy {reexecute=1 rethrow=0 return_oop=0}
                      ; - (reexecute) sun.util.logging.PlatformLogger::isLoggable@13 (line 340)
                      ; - java.awt.Component::dispatchEventImpl@154 (line 4882)
                      ;   {runtime_call throw_null_pointer_exception Runtime1 stub}
  0x0000000114f3ac88: 3ebb a195 

  0x0000000114f3ac8c: ; ImmutableOopMap {c_rarg1=Oop [176]=Oop [192]=Oop }
                      ;*invokeinterface isLoggable {reexecute=0 rethrow=0 return_oop=0}
                      ; - sun.util.logging.PlatformLogger::isLoggable@17 (line 340)
                      ; - java.awt.Component::dispatchEventImpl@154 (line 4882)
                      ;   {runtime_call throw_null_pointer_exception Runtime1 stub}
  0x0000000114f3ac8c: 3dbb a195 

  0x0000000114f3ac90: ;   {metadata({method} {0x000000e800453c58} 'valueOf' '(Ljava/lang/Object;)Ljava/lang/String;' in 'java/lang/String')}
  0x0000000114f3ac90: 088b 87d2 | a808 a0f2 | 081d c0f2 | e807 00f9 | 0800 8092 | e803 00f9 

  0x0000000114f3aca8: ; ImmutableOopMap {c_rarg2=Oop [176]=Oop }
                      ;*synchronization entry
                      ; - java.lang.String::valueOf@-1 (line 4454)
                      ; - java.awt.Component::dispatchEventImpl@164 (line 4883)
                      ;   {runtime_call counter_overflow Runtime1 stub}
  0x0000000114f3aca8: 56d2 a195 | feeb ff17 

  0x0000000114f3acb0: ; ImmutableOopMap {c_rarg2=Oop [176]=Oop }
                      ;*invokevirtual toString {reexecute=0 rethrow=0 return_oop=0}
                      ; - java.lang.String::valueOf@11 (line 4454)
                      ; - java.awt.Component::dispatchEventImpl@164 (line 4883)
                      ;   {runtime_call throw_null_pointer_exception Runtime1 stub}
  0x0000000114f3acb0: 34bb a195 

  0x0000000114f3acb4: ;   {metadata({method} {0x000000012c26fc98} 'finest' '(Ljava/lang/String;)V' in 'sun/util/logging/PlatformLogger')}
  0x0000000114f3acb4: 0893 9fd2 | c884 a5f2 | 2800 c0f2 | e807 00f9 | 0800 8092 | e803 00f9 

  0x0000000114f3accc: ; ImmutableOopMap {c_rarg0=Oop c_rarg2=Oop [176]=Oop [192]=Oop }
                      ;*synchronization entry
                      ; - sun.util.logging.PlatformLogger::finest@-1 (line 481)
                      ; - java.awt.Component::dispatchEventImpl@172 (line 4883)
                      ;   {runtime_call counter_overflow Runtime1 stub}
  0x0000000114f3accc: 4dd2 a195 | 66ec ff17 

  0x0000000114f3acd4: ; ImmutableOopMap {c_rarg0=Oop c_rarg1=Oop [176]=Oop [192]=Oop }
                      ;*invokeinterface log {reexecute=0 rethrow=0 return_oop=0}
                      ; - sun.util.logging.PlatformLogger::finest@12 (line 481)
                      ; - java.awt.Component::dispatchEventImpl@172 (line 4883)
                      ;   {runtime_call throw_null_pointer_exception Runtime1 stub}
  0x0000000114f3acd4: 2bbb a195 

  0x0000000114f3acd8: ; ImmutableOopMap {c_rarg1=Oop c_rarg0=Oop [176]=Oop [192]=Oop }
                      ;*invokeinterface handlesWheelScrolling {reexecute=0 rethrow=0 return_oop=0}
                      ; - java.awt.Component::dispatchEventImpl@201 (line 4892)
                      ;   {runtime_call throw_null_pointer_exception Runtime1 stub}
  0x0000000114f3acd8: 2abb a195 | e803 02aa 

  0x0000000114f3ace0: ; ImmutableOopMap {c_rarg2=Oop [176]=Oop }
                      ;*checkcast {reexecute=0 rethrow=0 return_oop=0}
                      ; - java.awt.Component::dispatchEventImpl@211 (line 4892)
                      ;   {runtime_call throw_class_cast_exception Runtime1 stub}
  0x0000000114f3ace0: a8c7 a195 

  0x0000000114f3ace4: ; ImmutableOopMap {c_rarg0=Oop [176]=Oop [192]=Oop }
                      ;*invokevirtual notifyAWTEventListeners {reexecute=0 rethrow=0 return_oop=0}
                      ; - java.awt.Component::dispatchEventImpl@229 (line 4902)
                      ;   {runtime_call throw_null_pointer_exception Runtime1 stub}
  0x0000000114f3ace4: 27bb a195 

  0x0000000114f3ace8: ; ImmutableOopMap {c_rarg2=Oop [176]=Oop [200]=Oop }
                      ;*invokevirtual isConsumed {reexecute=0 rethrow=0 return_oop=0}
                      ; - java.awt.Component::dispatchEventImpl@233 (line 4909)
                      ;   {runtime_call throw_null_pointer_exception Runtime1 stub}
  0x0000000114f3ace8: 26bb a195 

  0x0000000114f3acec: ;   {metadata({method} {0x000000012c3d05e0} 'getCurrentKeyboardFocusManager' '()Ljava/awt/KeyboardFocusManager;' in 'java/awt/KeyboardFocusManager')}
  0x0000000114f3acec: 08bc 80d2 | a887 a5f2 | 2800 c0f2 | e807 00f9 | 0800 8092 | e803 00f9 

  0x0000000114f3ad04: ; ImmutableOopMap {[176]=Oop [192]=Oop [200]=Oop }
                      ;*synchronization entry
                      ; - java.awt.KeyboardFocusManager::getCurrentKeyboardFocusManager@-1 (line 217)
                      ; - java.awt.Component::dispatchEventImpl@246 (line 4911)
                      ;   {runtime_call counter_overflow Runtime1 stub}
  0x0000000114f3ad04: 3fd2 a195 | 7bee ff17 | e803 02aa 

  0x0000000114f3ad10: ; ImmutableOopMap {c_rarg0=Oop c_rarg2=Oop [176]=Oop [200]=Oop }
                      ;*checkcast {reexecute=0 rethrow=0 return_oop=0}
                      ; - java.awt.Component::dispatchEventImpl@251 (line 4911)
                      ;   {runtime_call throw_class_cast_exception Runtime1 stub}
  0x0000000114f3ad10: 9cc7 a195 

  0x0000000114f3ad14: ; ImmutableOopMap {c_rarg0=Oop c_rarg2=Oop c_rarg3=Oop [176]=Oop [200]=Oop }
                      ;*invokevirtual processKeyEvent {reexecute=0 rethrow=0 return_oop=0}
                      ; - java.awt.Component::dispatchEventImpl@254 (line 4912)
                      ;   {runtime_call throw_null_pointer_exception Runtime1 stub}
  0x0000000114f3ad14: 1bbb a195 

  0x0000000114f3ad18: ; ImmutableOopMap {c_rarg0=Oop [176]=Oop [192]=Oop [200]=Oop }
                      ;*invokevirtual dispatchEvent {reexecute=0 rethrow=0 return_oop=0}
                      ; - java.awt.Component::dispatchEventImpl@314 (line 4938)
                      ;   {runtime_call throw_null_pointer_exception Runtime1 stub}
  0x0000000114f3ad18: 1abb a195 

  0x0000000114f3ad1c: ;   {metadata({method} {0x000000012c26eb70} 'isLoggable' '(Lsun/util/logging/PlatformLogger$Level;)Z' in 'sun/util/logging/PlatformLogger')}
  0x0000000114f3ad1c: 086e 9dd2 | c884 a5f2 | 2800 c0f2 | e807 00f9 | 0800 8092 | e803 00f9 

  0x0000000114f3ad34: ; ImmutableOopMap {c_rarg2=Oop }
                      ;*synchronization entry
                      ; - sun.util.logging.PlatformLogger::isLoggable@-1 (line 336)
                      ; - java.awt.Component::dispatchEventImpl@337 (line 4940)
                      ;   {runtime_call counter_overflow Runtime1 stub}
  0x0000000114f3ad34: 33d2 a195 | bcf1 ff17 

  0x0000000114f3ad3c: ; ImmutableOopMap {[192]=Oop }
                      ;*getfield loggerProxy {reexecute=1 rethrow=0 return_oop=0}
                      ; - (reexecute) sun.util.logging.PlatformLogger::isLoggable@13 (line 340)
                      ; - java.awt.Component::dispatchEventImpl@337 (line 4940)
                      ;   {runtime_call throw_null_pointer_exception Runtime1 stub}
  0x0000000114f3ad3c: 11bb a195 

  0x0000000114f3ad40: ; ImmutableOopMap {c_rarg1=Oop [192]=Oop }
                      ;*invokeinterface isLoggable {reexecute=0 rethrow=0 return_oop=0}
                      ; - sun.util.logging.PlatformLogger::isLoggable@17 (line 340)
                      ; - java.awt.Component::dispatchEventImpl@337 (line 4940)
                      ;   {runtime_call throw_null_pointer_exception Runtime1 stub}
  0x0000000114f3ad40: 10bb a195 

  0x0000000114f3ad44: ;   {metadata({method} {0x000000e800453c58} 'valueOf' '(Ljava/lang/Object;)Ljava/lang/String;' in 'java/lang/String')}
  0x0000000114f3ad44: 088b 87d2 | a808 a0f2 | 081d c0f2 | e807 00f9 | 0800 8092 | e803 00f9 

  0x0000000114f3ad5c: ; ImmutableOopMap {c_rarg2=Oop }
                      ;*synchronization entry
                      ; - java.lang.String::valueOf@-1 (line 4454)
                      ; - java.awt.Component::dispatchEventImpl@347 (line 4941)
                      ;   {runtime_call counter_overflow Runtime1 stub}
  0x0000000114f3ad5c: 29d2 a195 | 0ff2 ff17 | e803 00aa 

  0x0000000114f3ad68: ; ImmutableOopMap {[176]=Oop [192]=Oop [200]=Oop }
                      ;*checkcast {reexecute=0 rethrow=0 return_oop=0}
                      ; - java.awt.Component::dispatchEventImpl@385 (line 4953)
                      ;   {runtime_call throw_class_cast_exception Runtime1 stub}
  0x0000000114f3ad68: 86c7 a195 

  0x0000000114f3ad6c: ; ImmutableOopMap {c_rarg1=Oop [176]=Oop [192]=Oop [200]=Oop }
                      ;*invokevirtual disableNativeIM {reexecute=0 rethrow=0 return_oop=0}
                      ; - java.awt.Component::dispatchEventImpl@392 (line 4954)
                      ;   {runtime_call throw_null_pointer_exception Runtime1 stub}
  0x0000000114f3ad6c: 05bb a195 

  0x0000000114f3ad70: ;   {metadata({method} {0x000000012e5fa5f8} 'disableNativeIM' '()V' in 'sun/awt/im/InputContext')}
  0x0000000114f3ad70: 08bf 94d2 | e8cb a5f2 | 2800 c0f2 | e807 00f9 | 0800 8092 | e803 00f9 

  0x0000000114f3ad88: ; ImmutableOopMap {c_rarg1=Oop [176]=Oop [192]=Oop [200]=Oop }
                      ;*synchronization entry
                      ; - sun.awt.im.InputContext::disableNativeIM@-1 (line 792)
                      ; - java.awt.Component::dispatchEventImpl@392 (line 4954)
                      ;   {runtime_call counter_overflow Runtime1 stub}
  0x0000000114f3ad88: 1ed2 a195 | 4af3 ff17 | e803 00aa 

  0x0000000114f3ad94: ; ImmutableOopMap {[176]=Oop [192]=Oop [200]=Oop }
                      ;*checkcast {reexecute=0 rethrow=0 return_oop=0}
                      ; - sun.awt.im.InputContext::disableNativeIM@13 (line 793)
                      ; - java.awt.Component::dispatchEventImpl@392 (line 4954)
                      ;   {runtime_call throw_class_cast_exception Runtime1 stub}
  0x0000000114f3ad94: 7bc7 a195 

  0x0000000114f3ad98: ; ImmutableOopMap {c_rarg2=Oop [176]=Oop [192]=Oop [200]=Oop }
                      ;*invokevirtual stopListening {reexecute=0 rethrow=0 return_oop=0}
                      ; - sun.awt.im.InputContext::disableNativeIM@18 (line 794)
                      ; - java.awt.Component::dispatchEventImpl@392 (line 4954)
                      ;   {runtime_call throw_null_pointer_exception Runtime1 stub}
  0x0000000114f3ad98: faba a195 

  0x0000000114f3ad9c: ;   {metadata({method} {0x000000012e70ad60} 'stopListening' '()V' in 'sun/awt/im/InputMethodAdapter')}
  0x0000000114f3ad9c: 08ac 95d2 | 08ce a5f2 | 2800 c0f2 | e807 00f9 | 0800 8092 | e803 00f9 

  0x0000000114f3adb4: ; ImmutableOopMap {[176]=Oop [192]=Oop [200]=Oop }
                      ;*synchronization entry
                      ; - sun.awt.im.InputMethodAdapter::stopListening@-1 (line 85)
                      ; - sun.awt.im.InputContext::disableNativeIM@18 (line 794)
                      ; - java.awt.Component::dispatchEventImpl@392 (line 4954)
                      ;   {runtime_call counter_overflow Runtime1 stub}
  0x0000000114f3adb4: 13d2 a195 | 07f4 ff17 | e803 02aa 

  0x0000000114f3adc0: ; ImmutableOopMap {c_rarg1=Oop [176]=Oop [192]=Oop [200]=Oop }
                      ;*checkcast {reexecute=0 rethrow=0 return_oop=0}
                      ; - java.awt.Component::dispatchEventImpl@439 (line 4971)
                      ;   {runtime_call throw_class_cast_exception Runtime1 stub}
  0x0000000114f3adc0: 70c7 a195 | e803 02aa 

  0x0000000114f3adc8: ; ImmutableOopMap {c_rarg2=Oop c_rarg3=Oop [176]=Oop [200]=Oop }
                      ;*checkcast {reexecute=0 rethrow=0 return_oop=0}
                      ; - java.awt.Component::dispatchEventImpl@452 (line 4973)
                      ;   {runtime_call throw_class_cast_exception Runtime1 stub}
  0x0000000114f3adc8: 6ec7 a195 

  0x0000000114f3adcc: ; ImmutableOopMap {c_rarg2=Oop c_rarg3=Oop c_rarg4=Oop [176]=Oop [200]=Oop }
                      ;*invokevirtual preProcessKeyEvent {reexecute=0 rethrow=0 return_oop=0}
                      ; - java.awt.Component::dispatchEventImpl@455 (line 4973)
                      ;   {runtime_call throw_null_pointer_exception Runtime1 stub}
  0x0000000114f3adcc: edba a195 | e803 02aa 

  0x0000000114f3add4: ; ImmutableOopMap {c_rarg2=Oop [176]=Oop [200]=Oop }
                      ;*checkcast {reexecute=0 rethrow=0 return_oop=0}
                      ; - java.awt.Component::dispatchEventImpl@519 (line 5002)
                      ;   {runtime_call throw_class_cast_exception Runtime1 stub}
  0x0000000114f3add4: 6bc7 a195 

  0x0000000114f3add8: ;   {metadata({method} {0x000000012c049bc8} 'autoProcessMouseWheel' '(Ljava/awt/event/MouseWheelEvent;)V' in 'java/awt/Component')}
  0x0000000114f3add8: 0879 93d2 | 8880 a5f2 | 2800 c0f2 | e807 00f9 | 0800 8092 | e803 00f9 

  0x0000000114f3adf0: ; ImmutableOopMap {c_rarg2=Oop [176]=Oop [200]=Oop }
                      ;*synchronization entry
                      ; - java.awt.Component::autoProcessMouseWheel@-1 (line 5073)
                      ; - java.awt.Component::dispatchEventImpl@522 (line 5002)
                      ;   {runtime_call counter_overflow Runtime1 stub}
  0x0000000114f3adf0: 04d2 a195 | 86f6 ff17 | e8fb 7cb2 | e803 00f9 

  0x0000000114f3ae00: ; ImmutableOopMap {c_rarg0=Oop [176]=Oop [192]=Oop [200]=Oop [208]=Oop }
                      ;*getfield key {reexecute=1 rethrow=0 return_oop=0}
                      ; - (reexecute) java.awt.Component::dispatchEventImpl@555 (line 5009)
                      ;   {runtime_call deoptimize Runtime1 stub}
  0x0000000114f3ae00: 80cd a195 | e803 02aa 

  0x0000000114f3ae08: ; ImmutableOopMap {c_rarg0=Oop c_rarg2=Oop [176]=Oop [200]=Oop [208]=Oop }
                      ;*checkcast {reexecute=0 rethrow=0 return_oop=0}
                      ; - java.awt.Component::dispatchEventImpl@631 (line 5025)
                      ;   {runtime_call throw_class_cast_exception Runtime1 stub}
  0x0000000114f3ae08: 5ec7 a195 

  0x0000000114f3ae0c: ; ImmutableOopMap {c_rarg3=Oop [176]=Oop [192]=Oop [200]=Oop [208]=Oop }
                      ;*invokevirtual setKeyChar {reexecute=0 rethrow=0 return_oop=0}
                      ; - java.awt.Component::dispatchEventImpl@639 (line 5025)
                      ;   {runtime_call throw_null_pointer_exception Runtime1 stub}
  0x0000000114f3ae0c: ddba a195 | e803 02aa 

  0x0000000114f3ae14: ; ImmutableOopMap {c_rarg2=Oop c_rarg0=Oop [176]=Oop [200]=Oop [208]=Oop }
                      ;*checkcast {reexecute=0 rethrow=0 return_oop=0}
                      ; - java.awt.Component::dispatchEventImpl@653 (line 5028)
                      ;   {runtime_call throw_class_cast_exception Runtime1 stub}
  0x0000000114f3ae14: 5bc7 a195 

  0x0000000114f3ae18: ; ImmutableOopMap {c_rarg2=Oop c_rarg1=Oop [176]=Oop [200]=Oop }
                      ;*invokevirtual setModifiers {reexecute=0 rethrow=0 return_oop=0}
                      ; - java.awt.Component::dispatchEventImpl@661 (line 5028)
                      ;   {runtime_call throw_null_pointer_exception Runtime1 stub}
  0x0000000114f3ae18: daba a195 | e803 03aa 

  0x0000000114f3ae20: ; ImmutableOopMap {c_rarg2=Oop c_rarg1=Oop c_rarg0=Oop [176]=Oop [200]=Oop }
                      ;*checkcast {reexecute=0 rethrow=0 return_oop=0}
                      ; - java.awt.Component::dispatchEventImpl@704 (line 5048)
                      ;   {runtime_call throw_class_cast_exception Runtime1 stub}
  0x0000000114f3ae20: 58c7 a195 

  0x0000000114f3ae24: ; ImmutableOopMap {c_rarg3=Oop [176]=Oop [192]=Oop [200]=Oop [232]=Oop }
                      ;*invokevirtual getNativeContainer {reexecute=0 rethrow=0 return_oop=0}
                      ; - java.awt.Component::dispatchEventImpl@716 (line 5050)
                      ;   {runtime_call throw_null_pointer_exception Runtime1 stub}
  0x0000000114f3ae24: d7ba a195 

  0x0000000114f3ae28: ;   {metadata({method} {0x000000012c051cb0} 'getNativeContainer' '()Ljava/awt/Container;' in 'java/awt/Component')}
  0x0000000114f3ae28: 0896 83d2 | a880 a5f2 | 2800 c0f2 | e807 00f9 | 0800 8092 | e803 00f9 

  0x0000000114f3ae40: ; ImmutableOopMap {c_rarg3=Oop [176]=Oop [192]=Oop [200]=Oop [232]=Oop }
                      ;*synchronization entry
                      ; - java.awt.Component::getNativeContainer@-1 (line 8501)
                      ; - java.awt.Component::dispatchEventImpl@716 (line 5050)
                      ;   {runtime_call counter_overflow Runtime1 stub}
  0x0000000114f3ae40: f0d1 a195 | 8dfa ff17 

  0x0000000114f3ae48: ; ImmutableOopMap {c_rarg0=Oop [176]=Oop [192]=Oop [200]=Oop [232]=Oop }
                      ;*getfield peer {reexecute=1 rethrow=0 return_oop=0}
                      ; - (reexecute) java.awt.Component::getNativeContainer@10 (line 8502)
                      ; - java.awt.Component::dispatchEventImpl@716 (line 5050)
                      ;   {runtime_call throw_null_pointer_exception Runtime1 stub}
  0x0000000114f3ae48: ceba a195 

  0x0000000114f3ae4c: ;   {metadata({method} {0x000000012c051cb0} 'getNativeContainer' '()Ljava/awt/Container;' in 'java/awt/Component')}
  0x0000000114f3ae4c: 0896 83d2 | a880 a5f2 | 2800 c0f2 | e807 00f9 | e807 7db2 | e803 00f9 

  0x0000000114f3ae64: ; ImmutableOopMap {c_rarg0=Oop [176]=Oop [192]=Oop [200]=Oop [232]=Oop }
                      ;*goto {reexecute=1 rethrow=0 return_oop=0}
                      ; - (reexecute) java.awt.Component::getNativeContainer@24 (line 8503)
                      ; - java.awt.Component::dispatchEventImpl@716 (line 5050)
                      ;   {runtime_call counter_overflow Runtime1 stub}
  0x0000000114f3ae64: e7d1 a195 | 46fb ff17 

  0x0000000114f3ae6c: ; ImmutableOopMap {[176]=Oop [192]=Oop [200]=Oop }
                      ;*getfield peer {reexecute=1 rethrow=0 return_oop=0}
                      ; - (reexecute) java.awt.Component::dispatchEventImpl@728 (line 5052)
                      ;   {runtime_call throw_null_pointer_exception Runtime1 stub}
  0x0000000114f3ae6c: c5ba a195 

  0x0000000114f3ae70: ; ImmutableOopMap {c_rarg0=Oop [176]=Oop [192]=Oop [200]=Oop }
                      ;*invokeinterface handleEvent {reexecute=0 rethrow=0 return_oop=0}
                      ; - java.awt.Component::dispatchEventImpl@741 (line 5057)
                      ;   {runtime_call throw_null_pointer_exception Runtime1 stub}
  0x0000000114f3ae70: c4ba a195 

  0x0000000114f3ae74: ;   {metadata({method} {0x000000012c288a30} 'isTouchKeyboardAutoShowEnabled' '()Z' in 'sun/awt/SunToolkit')}
  0x0000000114f3ae74: 0846 91d2 | 0885 a5f2 | 2800 c0f2 | e807 00f9 | 0800 8092 | e803 00f9 

  0x0000000114f3ae8c: ; ImmutableOopMap {c_rarg1=Oop [176]=Oop [192]=Oop [200]=Oop }
                      ;*synchronization entry
                      ; - sun.awt.SunToolkit::isTouchKeyboardAutoShowEnabled@-1 (line 1656)
                      ; - java.awt.Component::dispatchEventImpl@746 (line 5061)
                      ;   {runtime_call counter_overflow Runtime1 stub}
  0x0000000114f3ae8c: ddd1 a195 | b8fb ff17 

  0x0000000114f3ae94: ;   {metadata({method} {0x000000012c26eb70} 'isLoggable' '(Lsun/util/logging/PlatformLogger$Level;)Z' in 'sun/util/logging/PlatformLogger')}
  0x0000000114f3ae94: 086e 9dd2 | c884 a5f2 | 2800 c0f2 | e807 00f9 | 0800 8092 | e803 00f9 

  0x0000000114f3aeac: ; ImmutableOopMap {}
                      ;*synchronization entry
                      ; - sun.util.logging.PlatformLogger::isLoggable@-1 (line 336)
                      ; - java.awt.Component::dispatchEventImpl@471 (line 4975)
                      ;   {runtime_call counter_overflow Runtime1 stub}
  0x0000000114f3aeac: d5d1 a195 | d6fc ff17 

  0x0000000114f3aeb4: ; ImmutableOopMap {}
                      ;*getfield loggerProxy {reexecute=1 rethrow=0 return_oop=0}
                      ; - (reexecute) sun.util.logging.PlatformLogger::isLoggable@13 (line 340)
                      ; - java.awt.Component::dispatchEventImpl@471 (line 4975)
                      ;   {runtime_call throw_null_pointer_exception Runtime1 stub}
  0x0000000114f3aeb4: b3ba a195 

  0x0000000114f3aeb8: ; ImmutableOopMap {c_rarg1=Oop }
                      ;*invokeinterface isLoggable {reexecute=0 rethrow=0 return_oop=0}
                      ; - sun.util.logging.PlatformLogger::isLoggable@17 (line 340)
                      ; - java.awt.Component::dispatchEventImpl@471 (line 4975)
                      ;   {runtime_call throw_null_pointer_exception Runtime1 stub}
  0x0000000114f3aeb8: b2ba a195 

  0x0000000114f3aebc: ;   {metadata({method} {0x000000012c26fc98} 'finest' '(Ljava/lang/String;)V' in 'sun/util/logging/PlatformLogger')}
  0x0000000114f3aebc: 0893 9fd2 | c884 a5f2 | 2800 c0f2 | e807 00f9 | 0800 8092 | e803 00f9 

  0x0000000114f3aed4: ; ImmutableOopMap {c_rarg2=Oop }
                      ;*synchronization entry
                      ; - sun.util.logging.PlatformLogger::finest@-1 (line 481)
                      ; - java.awt.Component::dispatchEventImpl@483 (line 4976)
                      ;   {runtime_call counter_overflow Runtime1 stub}
  0x0000000114f3aed4: cbd1 a195 | 30fd ff17 

  0x0000000114f3aedc: ; ImmutableOopMap {c_rarg1=Oop }
                      ;*invokeinterface log {reexecute=0 rethrow=0 return_oop=0}
                      ; - sun.util.logging.PlatformLogger::finest@12 (line 481)
                      ; - java.awt.Component::dispatchEventImpl@483 (line 4976)
                      ;   {runtime_call throw_null_pointer_exception Runtime1 stub}
  0x0000000114f3aedc: a9ba a195 

  0x0000000114f3aee0: ;   {internal_word}
  0x0000000114f3aee0: 48ad ff10 | 8837 02f9 

  0x0000000114f3aee8: ;   {runtime_call SafepointBlob}
  0x0000000114f3aee8: 867e 9e15 | e803 00aa 

  0x0000000114f3aef0: ; ImmutableOopMap {}
                      ;*checkcast {reexecute=0 rethrow=0 return_oop=0}
                      ; - java.awt.Component::dispatchEventImpl@776 (line 5064)
                      ;   {runtime_call throw_class_cast_exception Runtime1 stub}
  0x0000000114f3aef0: 24c7 a195 

  0x0000000114f3aef4: ; ImmutableOopMap {c_rarg1=Oop }
                      ;*invokevirtual showOrHideTouchKeyboard {reexecute=0 rethrow=0 return_oop=0}
                      ; - java.awt.Component::dispatchEventImpl@781 (line 5064)
                      ;   {runtime_call throw_null_pointer_exception Runtime1 stub}
  0x0000000114f3aef4: a3ba a195 

  0x0000000114f3aef8: ;   {metadata({method} {0x000000012c288990} 'showOrHideTouchKeyboard' '(Ljava/awt/Component;Ljava/awt/AWTEvent;)V' in 'sun/awt/SunToolkit')}
  0x0000000114f3aef8: 0832 91d2 | 0885 a5f2 | 2800 c0f2 | e807 00f9 | 0800 8092 | e803 00f9 

  0x0000000114f3af10: ; ImmutableOopMap {}
                      ;*synchronization entry
                      ; - sun.awt.SunToolkit::showOrHideTouchKeyboard@-1 (line 1651)
                      ; - java.awt.Component::dispatchEventImpl@781 (line 5064)
                      ;   {runtime_call counter_overflow Runtime1 stub}
  0x0000000114f3af10: bcd1 a195 | e0fd ff17 

  0x0000000114f3af18: ;   {internal_word}
  0x0000000114f3af18: 28bc ff10 | 8837 02f9 

  0x0000000114f3af20: ;   {runtime_call SafepointBlob}
  0x0000000114f3af20: 787e 9e15 

  0x0000000114f3af24: ;   {metadata({method} {0x000000012c26fc98} 'finest' '(Ljava/lang/String;)V' in 'sun/util/logging/PlatformLogger')}
  0x0000000114f3af24: 0893 9fd2 | c884 a5f2 | 2800 c0f2 | e807 00f9 | 0800 8092 | e803 00f9 

  0x0000000114f3af3c: ; ImmutableOopMap {c_rarg0=Oop c_rarg2=Oop }
                      ;*synchronization entry
                      ; - sun.util.logging.PlatformLogger::finest@-1 (line 481)
                      ; - java.awt.Component::dispatchEventImpl@355 (line 4941)
                      ;   {runtime_call counter_overflow Runtime1 stub}
  0x0000000114f3af3c: b1d1 a195 | 02fe ff17 

  0x0000000114f3af44: ; ImmutableOopMap {c_rarg0=Oop c_rarg1=Oop }
                      ;*invokeinterface log {reexecute=0 rethrow=0 return_oop=0}
                      ; - sun.util.logging.PlatformLogger::finest@12 (line 481)
                      ; - java.awt.Component::dispatchEventImpl@355 (line 4941)
                      ;   {runtime_call throw_null_pointer_exception Runtime1 stub}
  0x0000000114f3af44: 8fba a195 

  0x0000000114f3af48: ;   {internal_word}
  0x0000000114f3af48: 48c7 ff10 | 8837 02f9 

  0x0000000114f3af50: ;   {runtime_call SafepointBlob}
  0x0000000114f3af50: 6c7e 9e15 

  0x0000000114f3af54: ;   {internal_word}
  0x0000000114f3af54: a8c7 ff10 | 8837 02f9 

  0x0000000114f3af5c: ;   {runtime_call SafepointBlob}
  0x0000000114f3af5c: 697e 9e15 

  0x0000000114f3af60: ;   {internal_word}
  0x0000000114f3af60: 08c8 ff10 | 8837 02f9 

  0x0000000114f3af68: ;   {runtime_call SafepointBlob}
  0x0000000114f3af68: 667e 9e15 

  0x0000000114f3af6c: ;   {internal_word}
  0x0000000114f3af6c: 68c8 ff10 | 8837 02f9 

  0x0000000114f3af74: ;   {runtime_call SafepointBlob}
  0x0000000114f3af74: 637e 9e15 | e803 02aa 

  0x0000000114f3af7c: ; ImmutableOopMap {}
                      ;*checkcast {reexecute=0 rethrow=0 return_oop=0}
                      ; - java.awt.Component::dispatchEventImpl@99 (line 4861)
                      ;   {runtime_call throw_class_cast_exception Runtime1 stub}
  0x0000000114f3af7c: 01c7 a195 

  0x0000000114f3af80: ; ImmutableOopMap {c_rarg1=Oop }
                      ;*invokevirtual dispatch {reexecute=0 rethrow=0 return_oop=0}
                      ; - java.awt.Component::dispatchEventImpl@102 (line 4861)
                      ;   {runtime_call throw_null_pointer_exception Runtime1 stub}
  0x0000000114f3af80: 80ba a195 

  0x0000000114f3af84: ;   {internal_word}
  0x0000000114f3af84: e8d5 ff10 | 8837 02f9 

  0x0000000114f3af8c: ;   {runtime_call SafepointBlob}
  0x0000000114f3af8c: 5d7e 9e15 | 8083 42f9 | 9f83 02f9 | 9f87 02f9 | fd7b 50a9 | ff43 0491 

  0x0000000114f3afa4: ;   {runtime_call unwind_exception Runtime1 stub}
  0x0000000114f3afa4: f7b4 a115 
[Stub Code]
  0x0000000114f3afa8: ;   {no_reloc}
  0x0000000114f3afa8: 4800 0058 | 0001 1fd6 | 8033 f81b | 0100 0000 

  0x0000000114f3afb8: ;   {static_stub}
  0x0000000114f3afb8: df3f 03d5 

  0x0000000114f3afbc: ;   {metadata(nullptr)}
  0x0000000114f3afbc: 0c00 80d2 | 0c00 a0f2 | 0c00 c0f2 | 0800 80d2 | 0800 a0f2 | 0800 c0f2 | 0001 1fd6 

  0x0000000114f3afd8: ;   {trampoline_stub}
  0x0000000114f3afd8: 4800 0058 | 0001 1fd6 | 8044 6d1b | 0100 0000 

  0x0000000114f3afe8: ;   {static_stub}
  0x0000000114f3afe8: df3f 03d5 

  0x0000000114f3afec: ;   {metadata(nullptr)}
  0x0000000114f3afec: 0c00 80d2 | 0c00 a0f2 | 0c00 c0f2 | 0800 80d2 | 0800 a0f2 | 0800 c0f2 | 0001 1fd6 

  0x0000000114f3b008: ;   {trampoline_stub}
  0x0000000114f3b008: 4800 0058 | 0001 1fd6 | 8041 6d1b | 0100 0000 

  0x0000000114f3b018: ;   {static_stub}
  0x0000000114f3b018: df3f 03d5 

  0x0000000114f3b01c: ;   {metadata(nullptr)}
  0x0000000114f3b01c: 0c00 80d2 | 0c00 a0f2 | 0c00 c0f2 | 0800 80d2 | 0800 a0f2 | 0800 c0f2 | 0001 1fd6 

  0x0000000114f3b038: ;   {trampoline_stub}
  0x0000000114f3b038: 4800 0058 | 0001 1fd6 | 8047 6d1b | 0100 0000 

  0x0000000114f3b048: ;   {static_stub}
  0x0000000114f3b048: df3f 03d5 

  0x0000000114f3b04c: ;   {metadata(nullptr)}
  0x0000000114f3b04c: 0c00 80d2 | 0c00 a0f2 | 0c00 c0f2 | 0800 80d2 | 0800 a0f2 | 0800 c0f2 | 0001 1fd6 

  0x0000000114f3b068: ;   {trampoline_stub}
  0x0000000114f3b068: 4800 0058 | 0001 1fd6 | 8044 6d1b | 0100 0000 

  0x0000000114f3b078: ;   {static_stub}
  0x0000000114f3b078: df3f 03d5 

  0x0000000114f3b07c: ;   {metadata(nullptr)}
  0x0000000114f3b07c: 0c00 80d2 | 0c00 a0f2 | 0c00 c0f2 | 0800 80d2 | 0800 a0f2 | 0800 c0f2 | 0001 1fd6 

  0x0000000114f3b098: ;   {trampoline_stub}
  0x0000000114f3b098: 4800 0058 | 0001 1fd6 | c068 d61b | 0100 0000 

  0x0000000114f3b0a8: ;   {static_stub}
  0x0000000114f3b0a8: df3f 03d5 

  0x0000000114f3b0ac: ;   {metadata(nullptr)}
  0x0000000114f3b0ac: 0c00 80d2 | 0c00 a0f2 | 0c00 c0f2 | 0800 80d2 | 0800 a0f2 | 0800 c0f2 | 0001 1fd6 

  0x0000000114f3b0c8: ;   {trampoline_stub}
  0x0000000114f3b0c8: 4800 0058 | 0001 1fd6 | 8044 6d1b | 0100 0000 

  0x0000000114f3b0d8: ;   {trampoline_stub}
  0x0000000114f3b0d8: 4800 0058 | 0001 1fd6 | c09c f31b | 0100 0000 

  0x0000000114f3b0e8: ;   {trampoline_stub}
  0x0000000114f3b0e8: 4800 0058 | 0001 1fd6 | 8033 f81b | 0100 0000 

  0x0000000114f3b0f8: ;   {trampoline_stub}
  0x0000000114f3b0f8: 4800 0058 | 0001 1fd6 | d065 f21b | 0100 0000 

  0x0000000114f3b108: ;   {trampoline_stub}
  0x0000000114f3b108: 4800 0058 | 0001 1fd6 | 109e 011c | 0100 0000 

  0x0000000114f3b118: ;   {trampoline_stub}
  0x0000000114f3b118: 4800 0058 | 0001 1fd6 | 80c1 6c15 | 0100 0000 

  0x0000000114f3b128: ;   {trampoline_stub}
  0x0000000114f3b128: 4800 0058 | 0001 1fd6 | 8033 f81b | 0100 0000 

  0x0000000114f3b138: ;   {trampoline_stub}
  0x0000000114f3b138: 4800 0058 | 0001 1fd6 | 4069 e21b | 0100 0000 

  0x0000000114f3b148: ;   {static_stub}
  0x0000000114f3b148: df3f 03d5 

  0x0000000114f3b14c: ;   {metadata({method} {0x000000012c3dde50} 'dispatchEvent' '(Ljava/awt/AWTEvent;)Z' in 'java/awt/DefaultKeyboardFocusManager')}
  0x0000000114f3b14c: 0cca 9bd2 | ac87 a5f2 | 2c00 c0f2 | 88ba 92d2 | a86d a3f2 | 2800 c0f2 | 0001 1fd6 

  0x0000000114f3b168: ;   {trampoline_stub}
  0x0000000114f3b168: 4800 0058 | 0001 1fd6 | c005 6714 | 0100 0000 

  0x0000000114f3b178: ;   {static_stub}
  0x0000000114f3b178: df3f 03d5 

  0x0000000114f3b17c: ;   {metadata(nullptr)}
  0x0000000114f3b17c: 0c00 80d2 | 0c00 a0f2 | 0c00 c0f2 | 0800 80d2 | 0800 a0f2 | 0800 c0f2 | 0001 1fd6 

  0x0000000114f3b198: ;   {trampoline_stub}
  0x0000000114f3b198: 4800 0058 | 0001 1fd6 | c068 d61b | 0100 0000 

  0x0000000114f3b1a8: ;   {static_stub}
  0x0000000114f3b1a8: df3f 03d5 

  0x0000000114f3b1ac: ;   {metadata(nullptr)}
  0x0000000114f3b1ac: 0c00 80d2 | 0c00 a0f2 | 0c00 c0f2 | 0800 80d2 | 0800 a0f2 | 0800 c0f2 | 0001 1fd6 

  0x0000000114f3b1c8: ;   {trampoline_stub}
  0x0000000114f3b1c8: 4800 0058 | 0001 1fd6 | 8044 6d1b | 0100 0000 

  0x0000000114f3b1d8: ;   {static_stub}
  0x0000000114f3b1d8: df3f 03d5 

  0x0000000114f3b1dc: ;   {metadata(nullptr)}
  0x0000000114f3b1dc: 0c00 80d2 | 0c00 a0f2 | 0c00 c0f2 | 0800 80d2 | 0800 a0f2 | 0800 c0f2 | 0001 1fd6 

  0x0000000114f3b1f8: ;   {trampoline_stub}
  0x0000000114f3b1f8: 4800 0058 | 0001 1fd6 | 8047 6d1b | 0100 0000 

  0x0000000114f3b208: ;   {static_stub}
  0x0000000114f3b208: df3f 03d5 

  0x0000000114f3b20c: ;   {metadata(nullptr)}
  0x0000000114f3b20c: 0c00 80d2 | 0c00 a0f2 | 0c00 c0f2 | 0800 80d2 | 0800 a0f2 | 0800 c0f2 | 0001 1fd6 

  0x0000000114f3b228: ;   {trampoline_stub}
  0x0000000114f3b228: 4800 0058 | 0001 1fd6 | 8044 6d1b | 0100 0000 

  0x0000000114f3b238: ;   {static_stub}
  0x0000000114f3b238: df3f 03d5 

  0x0000000114f3b23c: ;   {metadata(nullptr)}
  0x0000000114f3b23c: 0c00 80d2 | 0c00 a0f2 | 0c00 c0f2 | 0800 80d2 | 0800 a0f2 | 0800 c0f2 | 0001 1fd6 

  0x0000000114f3b258: ;   {trampoline_stub}
  0x0000000114f3b258: 4800 0058 | 0001 1fd6 | 8041 6d1b | 0100 0000 

  0x0000000114f3b268: ;   {static_stub}
  0x0000000114f3b268: df3f 03d5 

  0x0000000114f3b26c: ;   {metadata(nullptr)}
  0x0000000114f3b26c: 0c00 80d2 | 0c00 a0f2 | 0c00 c0f2 | 0800 80d2 | 0800 a0f2 | 0800 c0f2 | 0001 1fd6 

  0x0000000114f3b288: ;   {trampoline_stub}
  0x0000000114f3b288: 4800 0058 | 0001 1fd6 | 8044 6d1b | 0100 0000 

  0x0000000114f3b298: ;   {static_stub}
  0x0000000114f3b298: df3f 03d5 

  0x0000000114f3b29c: ;   {metadata(nullptr)}
  0x0000000114f3b29c: 0c00 80d2 | 0c00 a0f2 | 0c00 c0f2 | 0800 80d2 | 0800 a0f2 | 0800 c0f2 | 0001 1fd6 

  0x0000000114f3b2b8: ;   {trampoline_stub}
  0x0000000114f3b2b8: 4800 0058 | 0001 1fd6 | 8044 6d1b | 0100 0000 

  0x0000000114f3b2c8: ;   {trampoline_stub}
  0x0000000114f3b2c8: 4800 0058 | 0001 1fd6 | c09c f31b | 0100 0000 

  0x0000000114f3b2d8: ;   {static_stub}
  0x0000000114f3b2d8: df3f 03d5 

  0x0000000114f3b2dc: ;   {metadata(nullptr)}
  0x0000000114f3b2dc: 0c00 80d2 | 0c00 a0f2 | 0c00 c0f2 | 0800 80d2 | 0800 a0f2 | 0800 c0f2 | 0001 1fd6 

  0x0000000114f3b2f8: ;   {trampoline_stub}
  0x0000000114f3b2f8: 4800 0058 | 0001 1fd6 | c038 2a15 | 0100 0000 

  0x0000000114f3b308: ;   {static_stub}
  0x0000000114f3b308: df3f 03d5 

  0x0000000114f3b30c: ;   {metadata(nullptr)}
  0x0000000114f3b30c: 0c00 80d2 | 0c00 a0f2 | 0c00 c0f2 | 0800 80d2 | 0800 a0f2 | 0800 c0f2 | 0001 1fd6 

  0x0000000114f3b328: ;   {trampoline_stub}
  0x0000000114f3b328: 4800 0058 | 0001 1fd6 | e03e 7c1b | 0100 0000 

  0x0000000114f3b338: ;   {trampoline_stub}
  0x0000000114f3b338: 4800 0058 | 0001 1fd6 | 8033 f81b | 0100 0000 

  0x0000000114f3b348: ;   {trampoline_stub}
  0x0000000114f3b348: 4800 0058 | 0001 1fd6 | 4069 e21b | 0100 0000 

  0x0000000114f3b358: ;   {static_stub}
  0x0000000114f3b358: df3f 03d5 

  0x0000000114f3b35c: ;   {metadata({method} {0x000000012c3df1b8} 'processKeyEvent' '(Ljava/awt/Component;Ljava/awt/event/KeyEvent;)V' in 'java/awt/DefaultKeyboardFocusManager')}
  0x0000000114f3b35c: 0c37 9ed2 | ac87 a5f2 | 2c00 c0f2 | 082b 81d2 | a86d a3f2 | 2800 c0f2 | 0001 1fd6 

  0x0000000114f3b378: ;   {trampoline_stub}
  0x0000000114f3b378: 4800 0058 | 0001 1fd6 | 408b e214 | 0100 0000 

  0x0000000114f3b388: ;   {static_stub}
  0x0000000114f3b388: df3f 03d5 

  0x0000000114f3b38c: ;   {metadata(nullptr)}
  0x0000000114f3b38c: 0c00 80d2 | 0c00 a0f2 | 0c00 c0f2 | 0800 80d2 | 0800 a0f2 | 0800 c0f2 | 0001 1fd6 

  0x0000000114f3b3a8: ;   {trampoline_stub}
  0x0000000114f3b3a8: 4800 0058 | 0001 1fd6 | 00b9 f51b | 0100 0000 

  0x0000000114f3b3b8: ;   {static_stub}
  0x0000000114f3b3b8: df3f 03d5 

  0x0000000114f3b3bc: ;   {metadata(nullptr)}
  0x0000000114f3b3bc: 0c00 80d2 | 0c00 a0f2 | 0c00 c0f2 | 0800 80d2 | 0800 a0f2 | 0800 c0f2 | 0001 1fd6 

  0x0000000114f3b3d8: ;   {trampoline_stub}
  0x0000000114f3b3d8: 4800 0058 | 0001 1fd6 | 00a0 fb14 | 0100 0000 

  0x0000000114f3b3e8: ;   {static_stub}
  0x0000000114f3b3e8: df3f 03d5 

  0x0000000114f3b3ec: ;   {metadata(nullptr)}
  0x0000000114f3b3ec: 0c00 80d2 | 0c00 a0f2 | 0c00 c0f2 | 0800 80d2 | 0800 a0f2 | 0800 c0f2 | 0001 1fd6 

  0x0000000114f3b408: ;   {trampoline_stub}
  0x0000000114f3b408: 4800 0058 | 0001 1fd6 | a8f1 8d1b | 0100 0000 

  0x0000000114f3b418: ;   {static_stub}
  0x0000000114f3b418: df3f 03d5 

  0x0000000114f3b41c: ;   {metadata(nullptr)}
  0x0000000114f3b41c: 0c00 80d2 | 0c00 a0f2 | 0c00 c0f2 | 0800 80d2 | 0800 a0f2 | 0800 c0f2 | 0001 1fd6 

  0x0000000114f3b438: ;   {trampoline_stub}
  0x0000000114f3b438: 4800 0058 | 0001 1fd6 | ac95 6d1b | 0100 0000 

  0x0000000114f3b448: ;   {static_stub}
  0x0000000114f3b448: df3f 03d5 

  0x0000000114f3b44c: ;   {metadata(nullptr)}
  0x0000000114f3b44c: 0c00 80d2 | 0c00 a0f2 | 0c00 c0f2 | 0800 80d2 | 0800 a0f2 | 0800 c0f2 | 0001 1fd6 

  0x0000000114f3b468: ;   {trampoline_stub}
  0x0000000114f3b468: 4800 0058 | 0001 1fd6 | e03e 7c1b | 0100 0000 

  0x0000000114f3b478: ;   {static_stub}
  0x0000000114f3b478: df3f 03d5 

  0x0000000114f3b47c: ;   {metadata(nullptr)}
  0x0000000114f3b47c: 0c00 80d2 | 0c00 a0f2 | 0c00 c0f2 | 0800 80d2 | 0800 a0f2 | 0800 c0f2 | 0001 1fd6 

  0x0000000114f3b498: ;   {trampoline_stub}
  0x0000000114f3b498: 4800 0058 | 0001 1fd6 | 8044 6d1b | 0100 0000 

  0x0000000114f3b4a8: ;   {static_stub}
  0x0000000114f3b4a8: df3f 03d5 

  0x0000000114f3b4ac: ;   {metadata(nullptr)}
  0x0000000114f3b4ac: 0c00 80d2 | 0c00 a0f2 | 0c00 c0f2 | 0800 80d2 | 0800 a0f2 | 0800 c0f2 | 0001 1fd6 

  0x0000000114f3b4c8: ;   {trampoline_stub}
  0x0000000114f3b4c8: 4800 0058 | 0001 1fd6 | 8044 6d1b | 0100 0000 

  0x0000000114f3b4d8: ;   {static_stub}
  0x0000000114f3b4d8: df3f 03d5 

  0x0000000114f3b4dc: ;   {metadata(nullptr)}
  0x0000000114f3b4dc: 0c00 80d2 | 0c00 a0f2 | 0c00 c0f2 | 0800 80d2 | 0800 a0f2 | 0800 c0f2 | 0001 1fd6 

  0x0000000114f3b4f8: ;   {trampoline_stub}
  0x0000000114f3b4f8: 4800 0058 | 0001 1fd6 | 2c8b 6d1b | 0100 0000 

  0x0000000114f3b508: ;   {trampoline_stub}
  0x0000000114f3b508: 4800 0058 | 0001 1fd6 | 8041 6d1b | 0100 0000 

  0x0000000114f3b518: ;   {static_stub}
  0x0000000114f3b518: df3f 03d5 

  0x0000000114f3b51c: ;   {metadata(nullptr)}
  0x0000000114f3b51c: 0c00 80d2 | 0c00 a0f2 | 0c00 c0f2 | 0800 80d2 | 0800 a0f2 | 0800 c0f2 | 0001 1fd6 

  0x0000000114f3b538: ;   {trampoline_stub}
  0x0000000114f3b538: 4800 0058 | 0001 1fd6 | c0b3 0e15 | 0100 0000 

  0x0000000114f3b548: ;   {static_stub}
  0x0000000114f3b548: df3f 03d5 

  0x0000000114f3b54c: ;   {metadata(nullptr)}
  0x0000000114f3b54c: 0c00 80d2 | 0c00 a0f2 | 0c00 c0f2 | 0800 80d2 | 0800 a0f2 | 0800 c0f2 | 0001 1fd6 

  0x0000000114f3b568: ;   {trampoline_stub}
  0x0000000114f3b568: 4800 0058 | 0001 1fd6 | 00b9 f51b | 0100 0000 

  0x0000000114f3b578: ;   {static_stub}
  0x0000000114f3b578: df3f 03d5 

  0x0000000114f3b57c: ;   {metadata(nullptr)}
  0x0000000114f3b57c: 0c00 80d2 | 0c00 a0f2 | 0c00 c0f2 | 0800 80d2 | 0800 a0f2 | 0800 c0f2 | 0001 1fd6 

  0x0000000114f3b598: ;   {trampoline_stub}
  0x0000000114f3b598: 4800 0058 | 0001 1fd6 | a8f0 8d1b | 0100 0000 

  0x0000000114f3b5a8: ;   {static_stub}
  0x0000000114f3b5a8: df3f 03d5 

  0x0000000114f3b5ac: ;   {metadata(nullptr)}
  0x0000000114f3b5ac: 0c00 80d2 | 0c00 a0f2 | 0c00 c0f2 | 0800 80d2 | 0800 a0f2 | 0800 c0f2 | 0001 1fd6 

  0x0000000114f3b5c8: ;   {trampoline_stub}
  0x0000000114f3b5c8: 4800 0058 | 0001 1fd6 | d0f0 8d1b | 0100 0000 

  0x0000000114f3b5d8: ;   {static_stub}
  0x0000000114f3b5d8: df3f 03d5 

  0x0000000114f3b5dc: ;   {metadata(nullptr)}
  0x0000000114f3b5dc: 0c00 80d2 | 0c00 a0f2 | 0c00 c0f2 | 0800 80d2 | 0800 a0f2 | 0800 c0f2 | 0001 1fd6 

  0x0000000114f3b5f8: ;   {trampoline_stub}
  0x0000000114f3b5f8: 4800 0058 | 0001 1fd6 | 8044 6d1b | 0100 0000 

  0x0000000114f3b608: ;   {static_stub}
  0x0000000114f3b608: df3f 03d5 

  0x0000000114f3b60c: ;   {metadata(nullptr)}
  0x0000000114f3b60c: 0c00 80d2 | 0c00 a0f2 | 0c00 c0f2 | 0800 80d2 | 0800 a0f2 | 0800 c0f2 | 0001 1fd6 

  0x0000000114f3b628: ;   {trampoline_stub}
  0x0000000114f3b628: 4800 0058 | 0001 1fd6 | 8041 6d1b | 0100 0000 

  0x0000000114f3b638: ;   {static_stub}
  0x0000000114f3b638: df3f 03d5 

  0x0000000114f3b63c: ;   {metadata(nullptr)}
  0x0000000114f3b63c: 0c00 80d2 | 0c00 a0f2 | 0c00 c0f2 | 0800 80d2 | 0800 a0f2 | 0800 c0f2 | 0001 1fd6 

  0x0000000114f3b658: ;   {trampoline_stub}
  0x0000000114f3b658: 4800 0058 | 0001 1fd6 | 8044 6d1b | 0100 0000 

  0x0000000114f3b668: ;   {static_stub}
  0x0000000114f3b668: df3f 03d5 

  0x0000000114f3b66c: ;   {metadata(nullptr)}
  0x0000000114f3b66c: 0c00 80d2 | 0c00 a0f2 | 0c00 c0f2 | 0800 80d2 | 0800 a0f2 | 0800 c0f2 | 0001 1fd6 

  0x0000000114f3b688: ;   {trampoline_stub}
  0x0000000114f3b688: 4800 0058 | 0001 1fd6 | 8044 6d1b | 0100 0000 

  0x0000000114f3b698: ;   {static_stub}
  0x0000000114f3b698: df3f 03d5 

  0x0000000114f3b69c: ;   {metadata(nullptr)}
  0x0000000114f3b69c: 0c00 80d2 | 0c00 a0f2 | 0c00 c0f2 | 0800 80d2 | 0800 a0f2 | 0800 c0f2 | 0001 1fd6 

  0x0000000114f3b6b8: ;   {trampoline_stub}
  0x0000000114f3b6b8: 4800 0058 | 0001 1fd6 | 8044 6d1b | 0100 0000 

  0x0000000114f3b6c8: ;   {static_stub}
  0x0000000114f3b6c8: df3f 03d5 

  0x0000000114f3b6cc: ;   {metadata(nullptr)}
  0x0000000114f3b6cc: 0c00 80d2 | 0c00 a0f2 | 0c00 c0f2 | 0800 80d2 | 0800 a0f2 | 0800 c0f2 | 0001 1fd6 

  0x0000000114f3b6e8: ;   {trampoline_stub}
  0x0000000114f3b6e8: 4800 0058 | 0001 1fd6 | 8044 6d1b | 0100 0000 

  0x0000000114f3b6f8: ;   {static_stub}
  0x0000000114f3b6f8: df3f 03d5 

  0x0000000114f3b6fc: ;   {metadata(nullptr)}
  0x0000000114f3b6fc: 0c00 80d2 | 0c00 a0f2 | 0c00 c0f2 | 0800 80d2 | 0800 a0f2 | 0800 c0f2 | 0001 1fd6 

  0x0000000114f3b718: ;   {trampoline_stub}
  0x0000000114f3b718: 4800 0058 | 0001 1fd6 | 8041 6d1b | 0100 0000 

  0x0000000114f3b728: ;   {static_stub}
  0x0000000114f3b728: df3f 03d5 

  0x0000000114f3b72c: ;   {metadata(nullptr)}
  0x0000000114f3b72c: 0c00 80d2 | 0c00 a0f2 | 0c00 c0f2 | 0800 80d2 | 0800 a0f2 | 0800 c0f2 | 0001 1fd6 

  0x0000000114f3b748: ;   {trampoline_stub}
  0x0000000114f3b748: 4800 0058 | 0001 1fd6 | 8058 fd1b | 0100 0000 

  0x0000000114f3b758: ;   {static_stub}
  0x0000000114f3b758: df3f 03d5 

  0x0000000114f3b75c: ;   {metadata(nullptr)}
  0x0000000114f3b75c: 0c00 80d2 | 0c00 a0f2 | 0c00 c0f2 | 0800 80d2 | 0800 a0f2 | 0800 c0f2 | 0001 1fd6 

  0x0000000114f3b778: ;   {trampoline_stub}
  0x0000000114f3b778: 4800 0058 | 0001 1fd6 | d0ee 8d1b | 0100 0000 

  0x0000000114f3b788: ;   {static_stub}
  0x0000000114f3b788: df3f 03d5 

  0x0000000114f3b78c: ;   {metadata(nullptr)}
  0x0000000114f3b78c: 0c00 80d2 | 0c00 a0f2 | 0c00 c0f2 | 0800 80d2 | 0800 a0f2 | 0800 c0f2 | 0001 1fd6 

  0x0000000114f3b7a8: ;   {trampoline_stub}
  0x0000000114f3b7a8: 4800 0058 | 0001 1fd6 | 90ea 8d1b | 0100 0000 

  0x0000000114f3b7b8: ;   {static_stub}
  0x0000000114f3b7b8: df3f 03d5 

  0x0000000114f3b7bc: ;   {metadata(nullptr)}
  0x0000000114f3b7bc: 0c00 80d2 | 0c00 a0f2 | 0c00 c0f2 | 0800 80d2 | 0800 a0f2 | 0800 c0f2 | 0001 1fd6 

  0x0000000114f3b7d8: ;   {trampoline_stub}
  0x0000000114f3b7d8: 4800 0058 | 0001 1fd6 | 8044 6d1b | 0100 0000 

  0x0000000114f3b7e8: ;   {static_stub}
  0x0000000114f3b7e8: df3f 03d5 

  0x0000000114f3b7ec: ;   {metadata(nullptr)}
  0x0000000114f3b7ec: 0c00 80d2 | 0c00 a0f2 | 0c00 c0f2 | 0800 80d2 | 0800 a0f2 | 0800 c0f2 | 0001 1fd6 

  0x0000000114f3b808: ;   {trampoline_stub}
  0x0000000114f3b808: 4800 0058 | 0001 1fd6 | 8044 6d1b | 0100 0000 

  0x0000000114f3b818: ;   {static_stub}
  0x0000000114f3b818: df3f 03d5 

  0x0000000114f3b81c: ;   {metadata(nullptr)}
  0x0000000114f3b81c: 0c00 80d2 | 0c00 a0f2 | 0c00 c0f2 | 0800 80d2 | 0800 a0f2 | 0800 c0f2 | 0001 1fd6 

  0x0000000114f3b838: ;   {trampoline_stub}
  0x0000000114f3b838: 4800 0058 | 0001 1fd6 | 8047 6d1b | 0100 0000 

  0x0000000114f3b848: ;   {static_stub}
  0x0000000114f3b848: df3f 03d5 

  0x0000000114f3b84c: ;   {metadata(nullptr)}
  0x0000000114f3b84c: 0c00 80d2 | 0c00 a0f2 | 0c00 c0f2 | 0800 80d2 | 0800 a0f2 | 0800 c0f2 | 0001 1fd6 

  0x0000000114f3b868: ;   {trampoline_stub}
  0x0000000114f3b868: 4800 0058 | 0001 1fd6 | 8044 6d1b | 0100 0000 

  0x0000000114f3b878: ;   {static_stub}
  0x0000000114f3b878: df3f 03d5 

  0x0000000114f3b87c: ;   {metadata(nullptr)}
  0x0000000114f3b87c: 0c00 80d2 | 0c00 a0f2 | 0c00 c0f2 | 0800 80d2 | 0800 a0f2 | 0800 c0f2 | 0001 1fd6 

  0x0000000114f3b898: ;   {trampoline_stub}
  0x0000000114f3b898: 4800 0058 | 0001 1fd6 | 8041 6d1b | 0100 0000 

  0x0000000114f3b8a8: ;   {static_stub}
  0x0000000114f3b8a8: df3f 03d5 

  0x0000000114f3b8ac: ;   {metadata(nullptr)}
  0x0000000114f3b8ac: 0c00 80d2 | 0c00 a0f2 | 0c00 c0f2 | 0800 80d2 | 0800 a0f2 | 0800 c0f2 | 0001 1fd6 

  0x0000000114f3b8c8: ;   {static_stub}
  0x0000000114f3b8c8: df3f 03d5 

  0x0000000114f3b8cc: ;   {metadata(nullptr)}
  0x0000000114f3b8cc: 0c00 80d2 | 0c00 a0f2 | 0c00 c0f2 | 0800 80d2 | 0800 a0f2 | 0800 c0f2 | 0001 1fd6 

  0x0000000114f3b8e8: ;   {static_stub}
  0x0000000114f3b8e8: df3f 03d5 

  0x0000000114f3b8ec: ;   {metadata(nullptr)}
  0x0000000114f3b8ec: 0c00 80d2 | 0c00 a0f2 | 0c00 c0f2 | 0800 80d2 | 0800 a0f2 | 0800 c0f2 | 0001 1fd6 

  0x0000000114f3b908: ;   {static_stub}
  0x0000000114f3b908: df3f 03d5 

  0x0000000114f3b90c: ;   {metadata(nullptr)}
  0x0000000114f3b90c: 0c00 80d2 | 0c00 a0f2 | 0c00 c0f2 | 0800 80d2 | 0800 a0f2 | 0800 c0f2 | 0001 1fd6 

  0x0000000114f3b928: ;   {static_stub}
  0x0000000114f3b928: df3f 03d5 

  0x0000000114f3b92c: ;   {metadata(nullptr)}
  0x0000000114f3b92c: 0c00 80d2 | 0c00 a0f2 | 0c00 c0f2 | 0800 80d2 | 0800 a0f2 | 0800 c0f2 | 0001 1fd6 

  0x0000000114f3b948: ;   {static_stub}
  0x0000000114f3b948: df3f 03d5 

  0x0000000114f3b94c: ;   {metadata(nullptr)}
  0x0000000114f3b94c: 0c00 80d2 | 0c00 a0f2 | 0c00 c0f2 | 0800 80d2 | 0800 a0f2 | 0800 c0f2 | 0001 1fd6 

  0x0000000114f3b968: ;   {static_stub}
  0x0000000114f3b968: df3f 03d5 

  0x0000000114f3b96c: ;   {metadata(nullptr)}
  0x0000000114f3b96c: 0c00 80d2 | 0c00 a0f2 | 0c00 c0f2 | 0800 80d2 | 0800 a0f2 | 0800 c0f2 | 0001 1fd6 
[Exception Handler]
  0x0000000114f3b988: ;   {runtime_call handle_exception_from_callee Runtime1 stub}
  0x0000000114f3b988: 3ec1 a195 | c1d5 bbd4 | fe8a 4d0b | 0100 0000 
[Deopt Handler Code]
  0x0000000114f3b998: 1e00 0010 

  0x0000000114f3b99c: ;   {runtime_call DeoptimizationBlob}
  0x0000000114f3b99c: a97c 9e15 
[/MachCode]


Compiled method (c1) 962082 15810   !   3       java.awt.Container::dispatchEventImpl (129 bytes)
 total in heap  [0x00000001151e1390,0x00000001151e2330] = 4000
 relocation     [0x00000001151e14e0,0x00000001151e1618] = 312
 main code      [0x00000001151e1640,0x00000001151e1f20] = 2272
 stub code      [0x00000001151e1f20,0x00000001151e2038] = 280
 oops           [0x00000001151e2038,0x00000001151e2048] = 16
 metadata       [0x00000001151e2048,0x00000001151e20b8] = 112
 scopes data    [0x00000001151e20b8,0x00000001151e2190] = 216
 scopes pcs     [0x00000001151e2190,0x00000001151e22b0] = 288
 dependencies   [0x00000001151e22b0,0x00000001151e22b8] = 8
 handler table  [0x00000001151e22b8,0x00000001151e2300] = 72
 nul chk table  [0x00000001151e2300,0x00000001151e2330] = 48

[Constant Pool (empty)]

[MachCode]
[Entry Point]
  # {method} {0x000000012c031f28} 'dispatchEventImpl' '(Ljava/awt/AWTEvent;)V' in 'java/awt/Container'
  # this:     c_rarg1:c_rarg1 
                        = 'java/awt/Container'
  # parm0:    c_rarg2:c_rarg2 
                        = 'java/awt/AWTEvent'
  #           [sp+0xa0]  (sp of caller)
  0x00000001151e1640: 2808 40b9 | 3f01 086b | c001 0054 

  0x00000001151e164c: ;   {runtime_call ic_miss_stub}
  0x00000001151e164c: 0dca 9315 | 1f20 03d5 | 1f20 03d5 | 1f20 03d5 | 1f20 03d5 | 1f20 03d5 | 1f20 03d5 | 1f20 03d5 
  0x00000001151e166c: 1f20 03d5 | 1f20 03d5 | 1f20 03d5 | 1f20 03d5 | 1f20 03d5 
[Verified Entry Point]
  0x00000001151e1680: 1f20 03d5 | e953 40d1 | 3f01 00f9 | ff83 02d1 | fd7b 09a9 | 2801 0018 | 8923 40b9 | 1f01 09eb 
  0x00000001151e16a0: e000 0054 | 0830 9bd2 | a86d a3f2 | 2800 c0f2 | 0001 3fd6 | 0200 0014 | 5000 0000 | e10b 06a9 
  0x00000001151e16c0: ;   {metadata(method data for {method} {0x000000012c031f28} 'dispatchEventImpl' '(Ljava/awt/AWTEvent;)V' in 'java/awt/Container')}
  0x00000001151e16c0: 0053 9fd2 | 80e6 a5f2 | 2000 c0f2 | 03ac 40b9 | 6308 0011 | 03ac 00b9 | 6324 1f12 | 7f00 0071 
  0x00000001151e16e0: 603a 0054 | 20f0 40b9 | 00f0 7dd3 | e303 1faa | 1f00 03eb 

  0x00000001151e16f4: ;   {metadata(method data for {method} {0x000000012c031f28} 'dispatchEventImpl' '(Ljava/awt/AWTEvent;)V' in 'java/awt/Container')}
  0x00000001151e16f4: 0353 9fd2 | 83e6 a5f2 | 2300 c0f2 | e80f 7cb2 | e903 78b2 | 0401 899a | 6568 64f8 | a504 0091 
  0x00000001151e1714: 6568 24f8 | 0004 0054 

  0x00000001151e171c: ; implicit exception: dispatches to 0x00000001151e1e4c
  0x00000001151e171c: 1f00 40f9 | e303 00aa 

  0x00000001151e1724: ;   {metadata(method data for {method} {0x000000012c031f28} 'dispatchEventImpl' '(Ljava/awt/AWTEvent;)V' in 'java/awt/Container')}
  0x00000001151e1724: 0453 9fd2 | 84e6 a5f2 | 2400 c0f2 

  0x00000001151e1730: ;   {metadata('java/awt/LightweightDispatcher')}
  0x00000001151e1730: 0810 88d2 | 8824 a0f2 | 081d c0f2 | 8980 0491 | 2801 00f9 | 8894 40f9 | 0805 0091 | 8894 00f9 
  0x00000001151e1750: e303 02aa | e203 03aa | e103 00aa 

  0x00000001151e175c: ; ImmutableOopMap {[96]=Oop [104]=Oop }
                      ;*invokevirtual dispatchEvent {reexecute=0 rethrow=0 return_oop=0}
                      ; - java.awt.Container::dispatchEventImpl@12 (line 2310)
                      ;   {optimized virtual_call}
  0x00000001151e175c: f101 0094 

  0x00000001151e1760: ;   {other}
  0x00000001151e1760: 1f20 03d5 | 1f7a 80f2 | 1f00 80f2 | 1f00 0071 

  0x00000001151e1770: ;   {metadata(method data for {method} {0x000000012c031f28} 'dispatchEventImpl' '(Ljava/awt/AWTEvent;)V' in 'java/awt/Container')}
  0x00000001151e1770: 0253 9fd2 | 82e6 a5f2 | 2200 c0f2 | 082b 80d2 | 0929 80d2 | 0111 899a | 4068 61f8 | 0004 0091 
  0x00000001151e1790: 4068 21f8 | 8120 0054 | e133 40f9 

  0x00000001151e179c: ;   {metadata(method data for {method} {0x000000012c031f28} 'dispatchEventImpl' '(Ljava/awt/AWTEvent;)V' in 'java/awt/Container')}
  0x00000001151e179c: 0253 9fd2 | 82e6 a5f2 | 2200 c0f2 | 48fc 40f9 | 0805 0091 | 48fc 00f9 | e10b 46a9 

  0x00000001151e17b8: ; ImmutableOopMap {[96]=Oop [104]=Oop }
                      ;*invokespecial dispatchEventImpl {reexecute=0 rethrow=0 return_oop=0}
                      ; - java.awt.Container::dispatchEventImpl@42 (line 2324)
                      ;   {optimized virtual_call}
  0x00000001151e17b8: 924b f597 

  0x00000001151e17bc: ;   {other}
  0x00000001151e17bc: 1f20 03d5 | 9f85 80f2 | 1f20 80f2 | e133 40f9 

  0x00000001151e17cc: ;   {metadata(method data for {method} {0x000000012c031f28} 'dispatchEventImpl' '(Ljava/awt/AWTEvent;)V' in 'java/awt/Container')}
  0x00000001151e17cc: 0053 9fd2 | 80e6 a5f2 | 2000 c0f2 | 0804 41f9 | 0805 0091 | 0804 01f9 

  0x00000001151e17e4: ;   {metadata(method data for {method} {0x000000012c0410b0} 'getTreeLock' '()Ljava/lang/Object;' in 'java/awt/Component')}
  0x00000001151e17e4: 0044 9ed2 | 20b1 a5f2 | 2000 c0f2 | 02ac 40b9 | 4208 0011 | 02ac 00b9 | 424c 1f12 | 5f00 0071 
  0x00000001151e1804: 6032 0054 

  0x00000001151e1808: ;   {oop(a 'java/awt/Component$AWTTreeLock'{0x0000000480c22690})}
  0x00000001151e1808: 02d2 84d2 | 4218 b0f2 | 8200 c0f2 | e3c3 0191 | 6204 00f9 

  0x00000001151e181c: ; implicit exception: dispatches to 0x00000001151e1e70
  0x00000001151e181c: 4000 40f9 | 0000 40b2 | 6000 00f9 | 4900 00d1 | e803 00aa | 23fd e0c8 | 1f01 00eb | e000 0054 
  0x00000001151e183c: bf3b 03d5 | e803 0091 | 0000 08cb | 00d0 72f2 | 6000 00f9 | 2031 00b5 | 88ab 42f9 | 0805 0091 
  0x00000001151e185c: 88ab 02f9 | e237 40f9 

  0x00000001151e1864: ; implicit exception: dispatches to 0x00000001151e1e80
  0x00000001151e1864: 5f00 40f9 | e303 02aa 

  0x00000001151e186c: ;   {metadata(method data for {method} {0x000000012c031f28} 'dispatchEventImpl' '(Ljava/awt/AWTEvent;)V' in 'java/awt/Container')}
  0x00000001151e186c: 0453 9fd2 | 84e6 a5f2 | 2400 c0f2 | 6308 40b9 | 031d c0f2 | 8940 0991 | 2801 40f9 | 7f00 08eb 
  0x00000001151e188c: a100 0054 | 882c 41f9 | 0805 0091 | 882c 01f9 | 1c00 0014 | 8980 0991 | 2801 40f9 | 7f00 08eb 
  0x00000001151e18ac: a100 0054 | 8834 41f9 | 0805 0091 | 8834 01f9 | 1400 0014 | 8940 0991 | 2801 40f9 | c800 00b5 
  0x00000001151e18cc: 2301 00f9 | e803 40b2 | 8960 0991 | 2801 00f9 | 0c00 0014 | 8980 0991 | 2801 40f9 | c800 00b5 
  0x00000001151e18ec: 2301 00f9 | e803 40b2 | 89a0 0991 | 2801 00f9 | 0400 0014 | 8820 41f9 | 0805 0091 | 8820 01f9 
  0x00000001151e190c: 4210 40b9 

  0x00000001151e1910: ;   {metadata(method data for {method} {0x000000012c031f28} 'dispatchEventImpl' '(Ljava/awt/AWTEvent;)V' in 'java/awt/Container')}
  0x00000001151e1910: 0353 9fd2 | 83e6 a5f2 | 2300 c0f2 | 0450 80d2 | 5f90 0171 | e103 04aa | 0852 80d2 | 0401 819a 
  0x00000001151e1930: 5f94 0171 | e103 04aa | 0854 80d2 | 0401 819a | 6168 64f8 | 2104 0091 | 6168 24f8 | 5f90 0171 
  0x00000001151e1950: 8008 0054 | 5f94 0171 | 4110 0054 

  0x00000001151e195c: ;   {metadata(method data for {method} {0x000000012c031f28} 'dispatchEventImpl' '(Ljava/awt/AWTEvent;)V' in 'java/awt/Container')}
  0x00000001151e195c: 0253 9fd2 | 82e6 a5f2 | 2200 c0f2 | 485c 41f9 | 0805 0091 | 485c 01f9 

  0x00000001151e1974: ;   {metadata(method data for {method} {0x000000012c28fe70} 'enabledOnToolkit' '(J)Z' in 'java/awt/Toolkit')}
  0x00000001151e1974: 0240 80d2 | a2e6 a5f2 | 2200 c0f2 | 43ac 40b9 | 6308 0011 | 43ac 00b9 | 634c 1f12 | 7f00 0071 
  0x00000001151e1994: 8027 0054 

  0x00000001151e1998: ;   {oop(a 'java/lang/Class'{0x0000000481144e70} = 'java/awt/Toolkit')}
  0x00000001151e1998: 02ce 89d2 | 8222 b0f2 | 8200 c0f2 | bf3b 03d5 | 4340 40f9 | bf39 03d5 | e203 70b2 | 6200 028a 
  0x00000001151e19b8: 5f00 00f1 

  0x00000001151e19bc: ;   {metadata(method data for {method} {0x000000012c28fe70} 'enabledOnToolkit' '(J)Z' in 'java/awt/Toolkit')}
  0x00000001151e19bc: 0240 80d2 | a2e6 a5f2 | 2200 c0f2 | e803 78b2 | e90f 7cb2 | 0311 899a | 4468 63f8 | 8404 0091 
  0x00000001151e19dc: 4468 23f8 | 6100 0054 | 0200 a052 | 0800 0014 

  0x00000001151e19ec: ;   {metadata(method data for {method} {0x000000012c28fe70} 'enabledOnToolkit' '(J)Z' in 'java/awt/Toolkit')}
  0x00000001151e19ec: 0240 80d2 | a2e6 a5f2 | 2200 c0f2 | 4388 40f9 | 6304 0091 | 4388 00f9 | e203 0032 | 4400 0012 
  0x00000001151e1a0c: e133 40f9 

  0x00000001151e1a10: ;   {metadata(method data for {method} {0x000000012c031f28} 'dispatchEventImpl' '(Ljava/awt/AWTEvent;)V' in 'java/awt/Container')}
  0x00000001151e1a10: 0253 9fd2 | 82e6 a5f2 | 2200 c0f2 | 4864 41f9 | 0805 0091 | 4864 01f9 | 42af 8052 | 0300 80d2 
  0x00000001151e1a30: e133 40f9 

  0x00000001151e1a34: ; ImmutableOopMap {[120]=Oop }
                      ;*invokevirtual createChildHierarchyEvents {reexecute=0 rethrow=0 return_oop=0}
                      ; - java.awt.Container::dispatchEventImpl@95 (line 2329)
                      ;   {optimized virtual_call}
  0x00000001151e1a34: d3c9 9395 

  0x00000001151e1a38: ;   {other}
  0x00000001151e1a38: 1f20 03d5 | 1fd5 80f2 | 1f40 80f2 

  0x00000001151e1a44: ;   {metadata(method data for {method} {0x000000012c031f28} 'dispatchEventImpl' '(Ljava/awt/AWTEvent;)V' in 'java/awt/Container')}
  0x00000001151e1a44: 0253 9fd2 | 82e6 a5f2 | 2200 c0f2 | 4380 41f9 | 6304 0091 | 4380 01f9 | 4100 0014 

  0x00000001151e1a60: ;   {metadata(method data for {method} {0x000000012c031f28} 'dispatchEventImpl' '(Ljava/awt/AWTEvent;)V' in 'java/awt/Container')}
  0x00000001151e1a60: 0253 9fd2 | 82e6 a5f2 | 2200 c0f2 | 488c 41f9 | 0805 0091 | 488c 01f9 

  0x00000001151e1a78: ;   {metadata(method data for {method} {0x000000012c28fe70} 'enabledOnToolkit' '(J)Z' in 'java/awt/Toolkit')}
  0x00000001151e1a78: 0240 80d2 | a2e6 a5f2 | 2200 c0f2 | 43ac 40b9 | 6308 0011 | 43ac 00b9 | 634c 1f12 | 7f00 0071 
  0x00000001151e1a98: 6020 0054 

  0x00000001151e1a9c: ;   {oop(a 'java/lang/Class'{0x0000000481144e70} = 'java/awt/Toolkit')}
  0x00000001151e1a9c: 02ce 89d2 | 8222 b0f2 | 8200 c0f2 | bf3b 03d5 | 4340 40f9 | bf39 03d5 | e203 70b2 | 6200 028a 
  0x00000001151e1abc: 5f00 00f1 

  0x00000001151e1ac0: ;   {metadata(method data for {method} {0x000000012c28fe70} 'enabledOnToolkit' '(J)Z' in 'java/awt/Toolkit')}
  0x00000001151e1ac0: 0240 80d2 | a2e6 a5f2 | 2200 c0f2 | e803 78b2 | e90f 7cb2 | 0311 899a | 4468 63f8 | 8404 0091 
  0x00000001151e1ae0: 4468 23f8 | 6100 0054 | 0200 a052 | 0800 0014 

  0x00000001151e1af0: ;   {metadata(method data for {method} {0x000000012c28fe70} 'enabledOnToolkit' '(J)Z' in 'java/awt/Toolkit')}
  0x00000001151e1af0: 0240 80d2 | a2e6 a5f2 | 2200 c0f2 | 4388 40f9 | 6304 0091 | 4388 00f9 | e203 0032 | 4400 0012 
  0x00000001151e1b10: e133 40f9 

  0x00000001151e1b14: ;   {metadata(method data for {method} {0x000000012c031f28} 'dispatchEventImpl' '(Ljava/awt/AWTEvent;)V' in 'java/awt/Container')}
  0x00000001151e1b14: 0253 9fd2 | 82e6 a5f2 | 2200 c0f2 | 4894 41f9 | 0805 0091 | 4894 01f9 | 22af 8052 | 0300 80d2 
  0x00000001151e1b34: e133 40f9 

  0x00000001151e1b38: ; ImmutableOopMap {[120]=Oop }
                      ;*invokevirtual createChildHierarchyEvents {reexecute=0 rethrow=0 return_oop=0}
                      ; - java.awt.Container::dispatchEventImpl@112 (line 2333)
                      ;   {optimized virtual_call}
  0x00000001151e1b38: 92c9 9395 

  0x00000001151e1b3c: ;   {other}
  0x00000001151e1b3c: 1f20 03d5 | 9ff5 80f2 | 1f60 80f2 

  0x00000001151e1b48: ;   {metadata(method data for {method} {0x000000012c031f28} 'dispatchEventImpl' '(Ljava/awt/AWTEvent;)V' in 'java/awt/Container')}
  0x00000001151e1b48: 0053 9fd2 | 80e6 a5f2 | 2000 c0f2 | 01b0 41f9 | 2104 0091 | 01b0 01f9 

  0x00000001151e1b60: ;   {oop(a 'java/awt/Component$AWTTreeLock'{0x0000000480c22690})}
  0x00000001151e1b60: 00d2 84d2 | 4018 b0f2 | 8000 c0f2 | e0c3 0191 | 0100 40f9 | 0101 00b4 | 0204 40f9 | e903 00aa 
  0x00000001151e1b80: 41fc e0c8 | 3f01 00eb | 6000 0054 | bf3b 03d5 | cd00 0014 | 88ab 42f9 | 0805 00d1 | 88ab 02f9 
  0x00000001151e1ba0: 8100 0014 | e237 40f9 

  0x00000001151e1ba8: ; implicit exception: dispatches to 0x00000001151e1ed4
  0x00000001151e1ba8: 5f00 40f9 | e003 02aa 

  0x00000001151e1bb0: ;   {metadata(method data for {method} {0x000000012c031f28} 'dispatchEventImpl' '(Ljava/awt/AWTEvent;)V' in 'java/awt/Container')}
  0x00000001151e1bb0: 0353 9fd2 | 83e6 a5f2 | 2300 c0f2 | 0008 40b9 | 001d c0f2 | 69e0 0591 | 2801 40f9 | 1f00 08eb 
  0x00000001151e1bd0: a100 0054 | 68c0 40f9 | 0805 0091 | 68c0 00f9 | 1c00 0014 | 6920 0691 | 2801 40f9 | 1f00 08eb 
  0x00000001151e1bf0: a100 0054 | 68c8 40f9 | 0805 0091 | 68c8 00f9 | 1400 0014 | 69e0 0591 | 2801 40f9 | c800 00b5 
  0x00000001151e1c10: 2001 00f9 | e803 40b2 | 6900 0691 | 2801 00f9 | 0c00 0014 | 6920 0691 | 2801 40f9 | c800 00b5 
  0x00000001151e1c30: 2001 00f9 | e803 40b2 | 6940 0691 | 2801 00f9 | 0400 0014 | 68b4 40f9 | 0805 0091 | 68b4 00f9 
  0x00000001151e1c50: e103 02aa | 094e 9ed2 | a924 a0f2 | 091d c0f2 

  0x00000001151e1c60: ; ImmutableOopMap {[96]=Oop [104]=Oop }
                      ;*invokevirtual consume {reexecute=0 rethrow=0 return_oop=0}
                      ; - java.awt.Container::dispatchEventImpl@19 (line 2317)
                      ;   {virtual_call}
  0x00000001151e1c60: a84a fe97 

  0x00000001151e1c64: ;   {other}
  0x00000001151e1c64: 1f20 03d5 | 9f1a 81f2 | 1f80 80f2 | bf3b 03d5 | e133 40f9 | 2240 40b9 | 42f0 7dd3 | bf39 03d5 
  0x00000001151e1c84: e003 1faa | 5f00 00eb 

  0x00000001151e1c8c: ;   {metadata(method data for {method} {0x000000012c031f28} 'dispatchEventImpl' '(Ljava/awt/AWTEvent;)V' in 'java/awt/Container')}
  0x00000001151e1c8c: 0253 9fd2 | 82e6 a5f2 | 2200 c0f2 | 0834 80d2 | 0936 80d2 | 0001 899a | 4368 60f8 | 6304 0091 
  0x00000001151e1cac: 4368 20f8 | e006 0054 | e237 40f9 | bf3b 03d5 | 2140 40b9 | 21f0 7dd3 | bf39 03d5 

  0x00000001151e1cc8: ; implicit exception: dispatches to 0x00000001151e1ed8
  0x00000001151e1cc8: 3f00 40f9 | e003 01aa 

  0x00000001151e1cd0: ;   {metadata(method data for {method} {0x000000012c031f28} 'dispatchEventImpl' '(Ljava/awt/AWTEvent;)V' in 'java/awt/Container')}
  0x00000001151e1cd0: 0353 9fd2 | 83e6 a5f2 | 2300 c0f2 | 0008 40b9 | 001d c0f2 | 6940 0791 | 2801 40f9 | 1f00 08eb 
  0x00000001151e1cf0: a100 0054 | 68ec 40f9 | 0805 0091 | 68ec 00f9 | 1c00 0014 | 6980 0791 | 2801 40f9 | 1f00 08eb 
  0x00000001151e1d10: a100 0054 | 68f4 40f9 | 0805 0091 | 68f4 00f9 | 1400 0014 | 6940 0791 | 2801 40f9 | c800 00b5 
  0x00000001151e1d30: 2001 00f9 | e803 40b2 | 6960 0791 | 2801 00f9 | 0c00 0014 | 6980 0791 | 2801 40f9 | c800 00b5 
  0x00000001151e1d50: 2001 00f9 | e803 40b2 | 69a0 0791 | 2801 00f9 | 0400 0014 | 68e0 40f9 | 0805 0091 | 68e0 00f9 
  0x00000001151e1d70: 0979 91d2 | c924 a0f2 | 091d c0f2 

  0x00000001151e1d7c: ; ImmutableOopMap {}
                      ;*invokeinterface handleEvent {reexecute=0 rethrow=0 return_oop=0}
                      ; - java.awt.Container::dispatchEventImpl@34 (line 2319)
                      ;   {virtual_call}
  0x00000001151e1d7c: 51e3 fb97 

  0x00000001151e1d80: ;   {other}
  0x00000001151e1d80: 1f20 03d5 | 1f3e 81f2 | 1fa0 80f2 | fd7b 49a9 | ff83 0291 

  0x00000001151e1d94: ;   {poll_return}
  0x00000001151e1d94: 882b 42f9 | ff63 28eb | 080a 0054 | c003 5fd6 

  0x00000001151e1da4: ;   {metadata(method data for {method} {0x000000012c031f28} 'dispatchEventImpl' '(Ljava/awt/AWTEvent;)V' in 'java/awt/Container')}
  0x00000001151e1da4: 0053 9fd2 | 80e6 a5f2 | 2000 c0f2 | 01bc 41f9 | 2104 0091 | 01bc 01f9 | fd7b 49a9 | ff83 0291 
  0x00000001151e1dc4: ;   {poll_return}
  0x00000001151e1dc4: 882b 42f9 | ff63 28eb | e808 0054 | c003 5fd6 | 8083 42f9 | 9f83 02f9 | 9f87 02f9 | e103 00aa 
  0x00000001151e1de4: ;   {oop(a 'java/awt/Component$AWTTreeLock'{0x0000000480c22690})}
  0x00000001151e1de4: 00d2 84d2 | 4018 b0f2 | 8000 c0f2 | e0c3 0191 | 0200 40f9 | 0201 00b4 | 0304 40f9 | e903 00aa 
  0x00000001151e1e04: 62fc e0c8 | 3f01 00eb | 6000 0054 | bf3b 03d5 | 3800 0014 | 88ab 42f9 | 0805 00d1 | 88ab 02f9 
  0x00000001151e1e24: e003 01aa | 3a00 0014 

  0x00000001151e1e2c: ;   {metadata({method} {0x000000012c031f28} 'dispatchEventImpl' '(Ljava/awt/AWTEvent;)V' in 'java/awt/Container')}
  0x00000001151e1e2c: 08e5 83d2 | 6880 a5f2 | 2800 c0f2 | e807 00f9 | 0800 8092 | e803 00f9 

  0x00000001151e1e44: ; ImmutableOopMap {c_rarg1=Oop c_rarg2=Oop [96]=Oop [104]=Oop }
                      ;*synchronization entry
                      ; - java.awt.Container::dispatchEventImpl@-1 (line 2310)
                      ;   {runtime_call counter_overflow Runtime1 stub}
  0x00000001151e1e44: ef35 9795 | 27fe ff17 

  0x00000001151e1e4c: ; ImmutableOopMap {c_rarg2=Oop c_rarg0=Oop [96]=Oop [104]=Oop }
                      ;*invokevirtual dispatchEvent {reexecute=0 rethrow=0 return_oop=0}
                      ; - java.awt.Container::dispatchEventImpl@12 (line 2310)
                      ;   {runtime_call throw_null_pointer_exception Runtime1 stub}
  0x00000001151e1e4c: cd1e 9795 

  0x00000001151e1e50: ;   {metadata({method} {0x000000012c0410b0} 'getTreeLock' '()Ljava/lang/Object;' in 'java/awt/Component')}
  0x00000001151e1e50: 0816 82d2 | 8880 a5f2 | 2800 c0f2 | e807 00f9 | 0800 8092 | e803 00f9 

  0x00000001151e1e68: ; ImmutableOopMap {[96]=Oop [104]=Oop }
                      ;*synchronization entry
                      ; - java.awt.Component::getTreeLock@-1 (line 1230)
                      ; - java.awt.Container::dispatchEventImpl@46 (line 2326)
                      ;   {runtime_call counter_overflow Runtime1 stub}
  0x00000001151e1e68: e635 9795 | 67fe ff17 

  0x00000001151e1e70: ; ImmutableOopMap {c_rarg2=Oop [96]=Oop [104]=Oop }
                      ;*monitorenter {reexecute=0 rethrow=0 return_oop=0}
                      ; - java.awt.Container::dispatchEventImpl@51 (line 2326)
                      ;   {runtime_call throw_null_pointer_exception Runtime1 stub}
  0x00000001151e1e70: c41e 9795 | e30b 00a9 

  0x00000001151e1e78: ; ImmutableOopMap {c_rarg2=Oop [96]=Oop [104]=Oop [120]=Oop }
                      ;*monitorenter {reexecute=0 rethrow=0 return_oop=0}
                      ; - java.awt.Container::dispatchEventImpl@51 (line 2326)
                      ;   {runtime_call monitorenter_nofpu Runtime1 stub}
  0x00000001151e1e78: 222f 9795 | 79fe ff17 

  0x00000001151e1e80: ; ImmutableOopMap {c_rarg2=Oop [96]=Oop [104]=Oop [120]=Oop }
                      ;*invokevirtual getID {reexecute=0 rethrow=0 return_oop=0}
                      ; - java.awt.Container::dispatchEventImpl@53 (line 2327)
                      ;   {runtime_call throw_null_pointer_exception Runtime1 stub}
  0x00000001151e1e80: c01e 9795 

  0x00000001151e1e84: ;   {metadata({method} {0x000000012c28fe70} 'enabledOnToolkit' '(J)Z' in 'java/awt/Toolkit')}
  0x00000001151e1e84: 08ce 9fd2 | 0885 a5f2 | 2800 c0f2 | e807 00f9 | 0800 8092 | e803 00f9 

  0x00000001151e1e9c: ; ImmutableOopMap {[96]=Oop [120]=Oop }
                      ;*synchronization entry
                      ; - java.awt.Toolkit::enabledOnToolkit@-1 (line 1909)
                      ; - java.awt.Container::dispatchEventImpl@92 (line 2330)
                      ;   {runtime_call counter_overflow Runtime1 stub}
  0x00000001151e1e9c: d935 9795 | befe ff17 

  0x00000001151e1ea4: ;   {metadata({method} {0x000000012c28fe70} 'enabledOnToolkit' '(J)Z' in 'java/awt/Toolkit')}
  0x00000001151e1ea4: 08ce 9fd2 | 0885 a5f2 | 2800 c0f2 | e807 00f9 | 0800 8092 | e803 00f9 

  0x00000001151e1ebc: ; ImmutableOopMap {[96]=Oop [120]=Oop }
                      ;*synchronization entry
                      ; - java.awt.Toolkit::enabledOnToolkit@-1 (line 1909)
                      ; - java.awt.Container::dispatchEventImpl@109 (line 2334)
                      ;   {runtime_call counter_overflow Runtime1 stub}
  0x00000001151e1ebc: d135 9795 | f7fe ff17 | e0c3 0191 | e003 00f9 | bee6 ff10 

  0x00000001151e1ed0: ;   {runtime_call monitorexit_nofpu Runtime1 stub}
  0x00000001151e1ed0: 8c30 9715 

  0x00000001151e1ed4: ; ImmutableOopMap {c_rarg2=Oop [96]=Oop [104]=Oop }
                      ;*invokevirtual consume {reexecute=0 rethrow=0 return_oop=0}
                      ; - java.awt.Container::dispatchEventImpl@19 (line 2317)
                      ;   {runtime_call throw_null_pointer_exception Runtime1 stub}
  0x00000001151e1ed4: ab1e 9795 

  0x00000001151e1ed8: ; ImmutableOopMap {c_rarg2=Oop c_rarg1=Oop [104]=Oop }
                      ;*invokeinterface handleEvent {reexecute=0 rethrow=0 return_oop=0}
                      ; - java.awt.Container::dispatchEventImpl@34 (line 2319)
                      ;   {runtime_call throw_null_pointer_exception Runtime1 stub}
  0x00000001151e1ed8: aa1e 9795 

  0x00000001151e1edc: ;   {internal_word}
  0x00000001151e1edc: c8f5 ff10 | 8837 02f9 

  0x00000001151e1ee4: ;   {runtime_call SafepointBlob}
  0x00000001151e1ee4: 87e2 9315 

  0x00000001151e1ee8: ;   {internal_word}
  0x00000001151e1ee8: e8f6 ff10 | 8837 02f9 

  0x00000001151e1ef0: ;   {runtime_call SafepointBlob}
  0x00000001151e1ef0: 84e2 9315 | e0c3 0191 | e003 00f9 | 5ef9 ff10 

  0x00000001151e1f00: ;   {runtime_call monitorexit_nofpu Runtime1 stub}
  0x00000001151e1f00: 8030 9715 | 8083 42f9 | 9f83 02f9 | 9f87 02f9 | fd7b 49a9 | ff83 0291 

  0x00000001151e1f18: ;   {runtime_call unwind_exception Runtime1 stub}
  0x00000001151e1f18: 1a19 9715 | 0000 0000 
[Stub Code]
  0x00000001151e1f20: ;   {no_reloc}
  0x00000001151e1f20: df3f 03d5 

  0x00000001151e1f24: ;   {metadata({method} {0x000000012cfefcd0} 'dispatchEvent' '(Ljava/awt/AWTEvent;)Z' in 'java/awt/LightweightDispatcher')}
  0x00000001151e1f24: 0c9a 9fd2 | cc9f a5f2 | 2c00 c0f2 | 88ba 92d2 | a86d a3f2 | 2800 c0f2 | 0001 1fd6 

  0x00000001151e1f40: ;   {trampoline_stub}
  0x00000001151e1f40: 4800 0058 | 0001 1fd6 | 201f 1e15 | 0100 0000 

  0x00000001151e1f50: ;   {static_stub}
  0x00000001151e1f50: df3f 03d5 

  0x00000001151e1f54: ;   {metadata(nullptr)}
  0x00000001151e1f54: 0c00 80d2 | 0c00 a0f2 | 0c00 c0f2 | 0800 80d2 | 0800 a0f2 | 0800 c0f2 | 0001 1fd6 

  0x00000001151e1f70: ;   {trampoline_stub}
  0x00000001151e1f70: 4800 0058 | 0001 1fd6 | 0046 f314 | 0100 0000 

  0x00000001151e1f80: ;   {trampoline_stub}
  0x00000001151e1f80: 4800 0058 | 0001 1fd6 | 8041 6d1b | 0100 0000 

  0x00000001151e1f90: ;   {trampoline_stub}
  0x00000001151e1f90: 4800 0058 | 0001 1fd6 | 8041 6d1b | 0100 0000 

  0x00000001151e1fa0: ;   {static_stub}
  0x00000001151e1fa0: df3f 03d5 

  0x00000001151e1fa4: ;   {metadata(nullptr)}
  0x00000001151e1fa4: 0c00 80d2 | 0c00 a0f2 | 0c00 c0f2 | 0800 80d2 | 0800 a0f2 | 0800 c0f2 | 0001 1fd6 

  0x00000001151e1fc0: ;   {trampoline_stub}
  0x00000001151e1fc0: 4800 0058 | 0001 1fd6 | 0047 1715 | 0100 0000 

  0x00000001151e1fd0: ;   {static_stub}
  0x00000001151e1fd0: df3f 03d5 

  0x00000001151e1fd4: ;   {metadata(nullptr)}
  0x00000001151e1fd4: 0c00 80d2 | 0c00 a0f2 | 0c00 c0f2 | 0800 80d2 | 0800 a0f2 | 0800 c0f2 | 0001 1fd6 

  0x00000001151e1ff0: ;   {trampoline_stub}
  0x00000001151e1ff0: 4800 0058 | 0001 1fd6 | c0aa 0d15 | 0100 0000 

  0x00000001151e2000: ;   {static_stub}
  0x00000001151e2000: df3f 03d5 

  0x00000001151e2004: ;   {metadata(nullptr)}
  0x00000001151e2004: 0c00 80d2 | 0c00 a0f2 | 0c00 c0f2 | 0800 80d2 | 0800 a0f2 | 0800 c0f2 | 0001 1fd6 
[Exception Handler]
  0x00000001151e2020: ;   {runtime_call handle_exception_from_callee Runtime1 stub}
  0x00000001151e2020: 9827 9795 | c1d5 bbd4 | fe8a 4d0b | 0100 0000 
[Deopt Handler Code]
  0x00000001151e2030: 1e00 0010 

  0x00000001151e2034: ;   {runtime_call DeoptimizationBlob}
  0x00000001151e2034: 03e3 9315 
[/MachCode]


Compiled method (c1) 962092 14002       3       java.awt.Component::dispatchEvent (6 bytes)
 total in heap  [0x000000011471f210,0x000000011471f640] = 1072
 relocation     [0x000000011471f360,0x000000011471f398] = 56
 main code      [0x000000011471f3c0,0x000000011471f580] = 448
 stub code      [0x000000011471f580,0x000000011471f5c8] = 72
 metadata       [0x000000011471f5c8,0x000000011471f5e0] = 24
 scopes data    [0x000000011471f5e0,0x000000011471f5f8] = 24
 scopes pcs     [0x000000011471f5f8,0x000000011471f638] = 64
 dependencies   [0x000000011471f638,0x000000011471f640] = 8

[Constant Pool (empty)]

[MachCode]
[Entry Point]
  # {method} {0x000000012c049600} 'dispatchEvent' '(Ljava/awt/AWTEvent;)V' in 'java/awt/Component'
  # this:     c_rarg1:c_rarg1 
                        = 'java/awt/Component'
  # parm0:    c_rarg2:c_rarg2 
                        = 'java/awt/AWTEvent'
  #           [sp+0x30]  (sp of caller)
  0x000000011471f3c0: 2808 40b9 | 3f01 086b | c001 0054 

  0x000000011471f3cc: ;   {runtime_call ic_miss_stub}
  0x000000011471f3cc: add2 be15 | 1f20 03d5 | 1f20 03d5 | 1f20 03d5 | 1f20 03d5 | 1f20 03d5 | 1f20 03d5 | 1f20 03d5 
  0x000000011471f3ec: 1f20 03d5 | 1f20 03d5 | 1f20 03d5 | 1f20 03d5 | 1f20 03d5 
[Verified Entry Point]
  0x000000011471f400: 1f20 03d5 | e953 40d1 | 3f01 00f9 | ffc3 00d1 | fd7b 02a9 | 2801 0018 | 8923 40b9 | 1f01 09eb 
  0x000000011471f420: e000 0054 | 0830 9bd2 | a86d a3f2 | 2800 c0f2 | 0001 3fd6 | 0200 0014 | 5000 0000 

  0x000000011471f43c: ;   {metadata(method data for {method} {0x000000012c049600} 'dispatchEvent' '(Ljava/awt/AWTEvent;)V' in 'java/awt/Component')}
  0x000000011471f43c: 008e 8fd2 | 40ce a5f2 | 2000 c0f2 | 03ac 40b9 | 6308 0011 | 03ac 00b9 | 6324 1f12 | 7f00 0071 
  0x000000011471f45c: e006 0054 | e003 01aa 

  0x000000011471f464: ;   {metadata(method data for {method} {0x000000012c049600} 'dispatchEvent' '(Ljava/awt/AWTEvent;)V' in 'java/awt/Component')}
  0x000000011471f464: 038e 8fd2 | 43ce a5f2 | 2300 c0f2 | 0008 40b9 | 001d c0f2 | 6900 0491 | 2801 40f9 | 1f00 08eb 
  0x000000011471f484: a100 0054 | 6884 40f9 | 0805 0091 | 6884 00f9 | 1c00 0014 | 6940 0491 | 2801 40f9 | 1f00 08eb 
  0x000000011471f4a4: a100 0054 | 688c 40f9 | 0805 0091 | 688c 00f9 | 1400 0014 | 6900 0491 | 2801 40f9 | c800 00b5 
  0x000000011471f4c4: 2001 00f9 | e803 40b2 | 6920 0491 | 2801 00f9 | 0c00 0014 | 6940 0491 | 2801 40f9 | c800 00b5 
  0x000000011471f4e4: 2001 00f9 | e803 40b2 | 6960 0491 | 2801 00f9 | 0400 0014 | 6878 40f9 | 0805 0091 | 6878 00f9 
  0x000000011471f504: e9ff 9fd2 | e9ff bff2 | e9ff dff2 

  0x000000011471f510: ; ImmutableOopMap {}
                      ;*invokevirtual dispatchEventImpl {reexecute=0 rethrow=0 return_oop=0}
                      ; - java.awt.Component::dispatchEvent@2 (line 4828)
                      ;   {virtual_call}
  0x000000011471f510: 34fe c695 

  0x000000011471f514: ;   {other}
  0x000000011471f514: 1f20 03d5 | 9f60 80f2 | 1f00 80f2 | fd7b 42a9 | ffc3 0091 

  0x000000011471f528: ;   {poll_return}
  0x000000011471f528: 882b 42f9 | ff63 28eb | 4801 0054 | c003 5fd6 

  0x000000011471f538: ;   {metadata({method} {0x000000012c049600} 'dispatchEvent' '(Ljava/awt/AWTEvent;)V' in 'java/awt/Component')}
  0x000000011471f538: 08c0 92d2 | 8880 a5f2 | 2800 c0f2 | e807 00f9 | 0800 8092 | e803 00f9 

  0x000000011471f550: ; ImmutableOopMap {c_rarg1=Oop c_rarg2=Oop }
                      ;*synchronization entry
                      ; - java.awt.Component::dispatchEvent@-1 (line 4828)
                      ;   {runtime_call counter_overflow Runtime1 stub}
  0x000000011471f550: 2c40 c295 | c3ff ff17 

  0x000000011471f558: ;   {internal_word}
  0x000000011471f558: 88fe ff10 | 8837 02f9 

  0x000000011471f560: ;   {runtime_call SafepointBlob}
  0x000000011471f560: e8ec be15 | 8083 42f9 | 9f83 02f9 | 9f87 02f9 | fd7b 42a9 | ffc3 0091 

  0x000000011471f578: ;   {runtime_call unwind_exception Runtime1 stub}
  0x000000011471f578: 8223 c215 | 0000 0000 
[Stub Code]
  0x000000011471f580: ;   {no_reloc}
  0x000000011471f580: df3f 03d5 

  0x000000011471f584: ;   {metadata(nullptr)}
  0x000000011471f584: 0c00 80d2 | 0c00 a0f2 | 0c00 c0f2 | 0800 80d2 | 0800 a0f2 | 0800 c0f2 | 0001 1fd6 

  0x000000011471f5a0: ;   {trampoline_stub}
  0x000000011471f5a0: 4800 0058 | 0001 1fd6 | e0ed 8d1b | 0100 0000 
[Exception Handler]
  0x000000011471f5b0: ;   {runtime_call handle_exception_from_callee Runtime1 stub}
  0x000000011471f5b0: 3432 c295 | c1d5 bbd4 | fe8a 4d0b | 0100 0000 
[Deopt Handler Code]
  0x000000011471f5c0: 1e00 0010 

  0x000000011471f5c4: ;   {runtime_call DeoptimizationBlob}
  0x000000011471f5c4: 9fed be15 
[/MachCode]


---------------  P R O C E S S  ---------------

Threads class SMR info:
_java_thread_list=0x0000000955ccd380, length=39, elements={
0x000000010540b7a0, 0x000000095ad18000, 0x000000095ad18700, 0x000000095ad18e00,
0x000000095ad19500, 0x000000095ad19c00, 0x000000010542aca0, 0x000000010542b4a0,
0x000000095ad1a300, 0x000000095ad1aa00, 0x00000009588ec000, 0x00000009588ec700,
0x00000009588ef100, 0x00000009589ea300, 0x0000000958b88000, 0x0000000958058e00,
0x000000095814d500, 0x0000000958262a00, 0x0000000958263100, 0x0000000957490000,
0x0000000957179c00, 0x000000095743e300, 0x00000009597eea00, 0x0000000958b89500,
0x000000095727dc00, 0x00000009573f3800, 0x0000000956108700, 0x0000000956108e00,
0x0000000956109500, 0x000000095610b100, 0x0000000955cbaa00, 0x0000000955cbb800,
0x0000000958355500, 0x0000000955fd8000, 0x000000095743dc00, 0x0000000955fd9500,
0x00000009589eaa00, 0x0000000958b8b100, 0x0000000956158e00
}

Java Threads: ( => current thread )
  0x000000010540b7a0 JavaThread "main"                              [_thread_blocked, id=5379, stack(0x000000016b230000,0x000000016b433000) (2060K)]
  0x000000095ad18000 JavaThread "Reference Handler"          daemon [_thread_blocked, id=25091, stack(0x000000016c3a8000,0x000000016c5ab000) (2060K)]
  0x000000095ad18700 JavaThread "Finalizer"                  daemon [_thread_blocked, id=25603, stack(0x000000016c5b4000,0x000000016c7b7000) (2060K)]
  0x000000095ad18e00 JavaThread "Signal Dispatcher"          daemon [_thread_blocked, id=30467, stack(0x000000016c7c0000,0x000000016c9c3000) (2060K)]
  0x000000095ad19500 JavaThread "Service Thread"             daemon [_thread_blocked, id=26371, stack(0x000000016c9cc000,0x000000016cbcf000) (2060K)]
  0x000000095ad19c00 JavaThread "Monitor Deflation Thread"   daemon [_thread_blocked, id=26883, stack(0x000000016cbd8000,0x000000016cddb000) (2060K)]
  0x000000010542aca0 JavaThread "C2 CompilerThread0"         daemon [_thread_blocked, id=30211, stack(0x000000016cde4000,0x000000016cfe7000) (2060K)]
  0x000000010542b4a0 JavaThread "C1 CompilerThread0"         daemon [_thread_blocked, id=29699, stack(0x000000016cff0000,0x000000016d1f3000) (2060K)]
  0x000000095ad1a300 JavaThread "Notification Thread"        daemon [_thread_blocked, id=27395, stack(0x000000016d1fc000,0x000000016d3ff000) (2060K)]
  0x000000095ad1aa00 JavaThread "Common-Cleaner"             daemon [_thread_blocked, id=27907, stack(0x000000016d408000,0x000000016d60b000) (2060K)]
  0x00000009588ec000 JavaThread "TimerQueue"                 daemon [_thread_blocked, id=36363, stack(0x000000016ea8c000,0x000000016ec8f000) (2060K)]
  0x00000009588ec700 JavaThread "AppKit Thread"              daemon [_thread_in_native, id=259, stack(0x000000016a9a8000,0x000000016b1a4000) (8176K)]
  0x00000009588ef100 JavaThread "kotlinx.coroutines.DefaultExecutor" daemon [_thread_blocked, id=65059, stack(0x000000016ec98000,0x000000016ee9b000) (2060K)]
  0x00000009589ea300 JavaThread "AWT-Shutdown"                      [_thread_blocked, id=58643, stack(0x000000016f578000,0x000000016f77b000) (2060K)]
  0x0000000958b88000 JavaThread "DefaultDispatcher-worker-8" daemon [_thread_blocked, id=65803, stack(0x000000016fb9c000,0x000000016fd9f000) (2060K)]
=>0x0000000958058e00 JavaThread "AWT-EventQueue-0"                  [_thread_in_native, id=129555, stack(0x0000000170bfc000,0x0000000170dff000) (2060K)]
  0x000000095814d500 JavaThread "Reference Cleaner"          daemon [_thread_blocked, id=121867, stack(0x0000000170e08000,0x000000017100b000) (2060K)]
  0x0000000958262a00 JavaThread "Java2D Queue Flusher"       daemon [_thread_blocked, id=88355, stack(0x0000000171014000,0x0000000171217000) (2060K)]
  0x0000000958263100 JavaThread "Java2D Disposer"            daemon [_thread_blocked, id=69139, stack(0x0000000171220000,0x0000000171423000) (2060K)]
  0x0000000957490000 JavaThread "DefaultDispatcher-worker-9" daemon [_thread_blocked, id=109831, stack(0x00000001727b0000,0x00000001729b3000) (2060K)]
  0x0000000957179c00 JavaThread "DefaultDispatcher-worker-13" daemon [_thread_blocked, id=86279, stack(0x000000016e880000,0x000000016ea83000) (2060K)]
  0x000000095743e300 JavaThread "skiko-dispatcher-to-block-on" daemon [_thread_blocked, id=173987, stack(0x000000016f990000,0x000000016fb93000) (2060K)]
  0x00000009597eea00 JavaThread "DefaultDispatcher-worker-6" daemon [_thread_blocked, id=162323, stack(0x00000001707e4000,0x00000001709e7000) (2060K)]
  0x0000000958b89500 JavaThread "DefaultDispatcher-worker-14" daemon [_thread_blocked, id=107783, stack(0x0000000171b68000,0x0000000171d6b000) (2060K)]
  0x000000095727dc00 JavaThread "skiko-dispatcher-to-block-on" daemon [_thread_blocked, id=140559, stack(0x0000000171f80000,0x0000000172183000) (2060K)]
  0x00000009573f3800 JavaThread "DefaultDispatcher-worker-5" daemon [_thread_blocked, id=138243, stack(0x000000017218c000,0x000000017238f000) (2060K)]
  0x0000000956108700 JavaThread "DefaultDispatcher-worker-2" daemon [_thread_in_native, id=135963, stack(0x00000001725a4000,0x00000001727a7000) (2060K)]
  0x0000000956108e00 JavaThread "DefaultDispatcher-worker-1" daemon [_thread_blocked, id=137235, stack(0x0000000172dd4000,0x0000000172fd7000) (2060K)]
  0x0000000956109500 JavaThread "DefaultDispatcher-worker-4" daemon [_thread_in_native, id=89663, stack(0x0000000172fe0000,0x00000001731e3000) (2060K)]
  0x000000095610b100 JavaThread "DefaultDispatcher-worker-7" daemon [_thread_in_native, id=102923, stack(0x0000000173810000,0x0000000173a13000) (2060K)]
  0x0000000955cbaa00 JavaThread "DefaultDispatcher-worker-12" daemon [_thread_blocked, id=139155, stack(0x0000000173e34000,0x0000000174037000) (2060K)]
  0x0000000955cbb800 JavaThread "DefaultDispatcher-worker-10" daemon [_thread_blocked, id=164163, stack(0x000000017424c000,0x000000017444f000) (2060K)]
  0x0000000958355500 JavaThread "SpelaEmulation"             daemon [_thread_blocked, id=148227, stack(0x0000000174458000,0x000000017465b000) (2060K)]
  0x0000000955fd8000 JavaThread "Java Sound Event Dispatcher" daemon [_thread_blocked, id=248067, stack(0x0000000174664000,0x0000000174867000) (2060K)]
  0x000000095743dc00 JavaThread "DefaultDispatcher-worker-15" daemon [_thread_blocked, id=108815, stack(0x000000016e468000,0x000000016e66b000) (2060K)]
  0x0000000955fd9500 JavaThread "DefaultDispatcher-worker-3" daemon [_thread_blocked, id=151971, stack(0x000000016e674000,0x000000016e877000) (2060K)]
  0x00000009589eaa00 JavaThread "DefaultDispatcher-worker-16" daemon [_thread_blocked, id=67927, stack(0x000000016eea4000,0x000000016f0a7000) (2060K)]
  0x0000000958b8b100 JavaThread "DefaultDispatcher-worker-11" daemon [_thread_blocked, id=247311, stack(0x000000016f0b0000,0x000000016f2b3000) (2060K)]
  0x0000000956158e00 JavaThread "DefaultDispatcher-worker-17" daemon [_thread_blocked, id=105851, stack(0x000000016f784000,0x000000016f987000) (2060K)]
Total: 39

Other Threads:
  0x000000095acc1400 VMThread "VM Thread"                           [id=17667, stack(0x000000016c084000,0x000000016c287000) (2060K)]
  0x000000010541f800 WatcherThread "VM Periodic Task Thread"        [id=21251, stack(0x000000016be78000,0x000000016c07b000) (2060K)]
  0x0000000105414c80 WorkerThread "GC Thread#0"                     [id=12035, stack(0x000000016b43c000,0x000000016b63f000) (2060K)]
  0x0000000959627c00 WorkerThread "GC Thread#1"                     [id=28163, stack(0x000000016d614000,0x000000016d817000) (2060K)]
  0x0000000959000000 WorkerThread "GC Thread#2"                     [id=28675, stack(0x000000016d820000,0x000000016da23000) (2060K)]
  0x0000000959000400 WorkerThread "GC Thread#3"                     [id=32771, stack(0x000000016da2c000,0x000000016dc2f000) (2060K)]
  0x0000000959000800 WorkerThread "GC Thread#4"                     [id=33027, stack(0x000000016dc38000,0x000000016de3b000) (2060K)]
  0x0000000959000c00 WorkerThread "GC Thread#5"                     [id=43011, stack(0x000000016de44000,0x000000016e047000) (2060K)]
  0x0000000959001000 WorkerThread "GC Thread#6"                     [id=33539, stack(0x000000016e050000,0x000000016e253000) (2060K)]
  0x0000000959001400 WorkerThread "GC Thread#7"                     [id=34051, stack(0x000000016e25c000,0x000000016e45f000) (2060K)]
  0x0000000105415d10 ConcurrentGCThread "G1 Main Marker"            [id=13827, stack(0x000000016b648000,0x000000016b84b000) (2060K)]
  0x00000001054168c0 WorkerThread "G1 Conc#0"                       [id=13315, stack(0x000000016b854000,0x000000016ba57000) (2060K)]
  0x0000000958375000 WorkerThread "G1 Conc#1"                       [id=117775, stack(0x000000017142c000,0x000000017162f000) (2060K)]
  0x0000000105419a20 ConcurrentGCThread "G1 Refine#0"               [id=12803, stack(0x000000016ba60000,0x000000016bc63000) (2060K)]
  0x000000095acc0000 ConcurrentGCThread "G1 Service"                [id=16643, stack(0x000000016bc6c000,0x000000016be6f000) (2060K)]
Total: 15

Threads with active compile tasks:
Total: 0

VM state: not at safepoint (normal execution)

VM Mutex/Monitor currently owned by a thread: None

Heap address: 0x0000000480000000, size: 6144 MB, Compressed Oops mode: Zero based, Oop shift amount: 3

CDS archive(s) mapped at: [0x000000e800000000-0x000000e800c94000-0x000000e800c94000), size 13189120, SharedBaseAddress: 0x000000e800000000, ArchiveRelocationMode: 1.
Compressed class space mapped at: 0x000000e801000000-0x000000e841000000, reserved size: 1073741824
Narrow klass base: 0x000000e800000000, Narrow klass shift: 0, Narrow klass range: 0x100000000

GC Precious Log:
 CardTable entry size: 512
 Card Set container configuration: InlinePtr #cards 4 size 8 Array Of Cards #cards 32 size 80 Howl #buckets 8 coarsen threshold 7372 Howl Bitmap #cards 1024 size 144 coarsen threshold 921 Card regions per heap region 1 cards per card region 8192
 CPUs: 8 total, 8 available
 Memory: 24576M
 Large Page Support: Disabled
 NUMA Support: Disabled
 Compressed Oops: Enabled (Zero based)
 Heap Region Size: 4M
 Heap Min Capacity: 8M
 Heap Initial Capacity: 384M
 Heap Max Capacity: 6G
 Pre-touch: Disabled
 Parallel Workers: 8
 Concurrent Workers: 2
 Concurrent Refinement Workers: 8
 Periodic GC: Disabled

Heap:
 garbage-first heap   total 131072K, used 57492K [0x0000000480000000, 0x0000000600000000)
  region size 4096K, 1 young (4096K), 0 survivors (0K)
 Metaspace       used 57389K, committed 58368K, reserved 1114112K
  class space    used 5831K, committed 6272K, reserved 1048576K

Heap Regions: E=young(eden), S=young(survivor), O=old, HS=humongous(starts), HC=humongous(continues), CS=collection set, F=free, TAMS=top-at-mark-start, PB=parsable bottom
|   0|0x0000000480000000, 0x0000000480400000, 0x0000000480400000|100%| O|  |TAMS 0x0000000480000000| PB 0x0000000480000000| Untracked 
|   1|0x0000000480400000, 0x00000004807ffff0, 0x0000000480800000| 99%| O|  |TAMS 0x0000000480400000| PB 0x0000000480400000| Untracked 
|   2|0x0000000480800000, 0x0000000480c00000, 0x0000000480c00000|100%| O|  |TAMS 0x0000000480800000| PB 0x0000000480800000| Untracked 
|   3|0x0000000480c00000, 0x0000000480ffffe8, 0x0000000481000000| 99%| O|  |TAMS 0x0000000480c00000| PB 0x0000000480c00000| Untracked 
|   4|0x0000000481000000, 0x00000004813f9980, 0x0000000481400000| 99%| O|  |TAMS 0x0000000481000000| PB 0x0000000481000000| Untracked 
|   5|0x0000000481400000, 0x00000004815c4d78, 0x0000000481800000| 44%| O|  |TAMS 0x0000000481400000| PB 0x0000000481400000| Untracked 
|   6|0x0000000481800000, 0x0000000481a66958, 0x0000000481c00000| 60%| O|  |TAMS 0x0000000481800000| PB 0x0000000481800000| Untracked 
|   7|0x0000000481c00000, 0x0000000481c00000, 0x0000000482000000|  0%| F|  |TAMS 0x0000000481c00000| PB 0x0000000481c00000| Untracked 
|   8|0x0000000482000000, 0x0000000482000000, 0x0000000482400000|  0%| F|  |TAMS 0x0000000482000000| PB 0x0000000482000000| Untracked 
|   9|0x0000000482400000, 0x0000000482800000, 0x0000000482800000|100%|HS|  |TAMS 0x0000000482400000| PB 0x0000000482400000| Untracked 
|  10|0x0000000482800000, 0x0000000482c00000, 0x0000000482c00000|100%|HC|  |TAMS 0x0000000482800000| PB 0x0000000482800000| Untracked 
|  11|0x0000000482c00000, 0x0000000483000000, 0x0000000483000000|100%|HC|  |TAMS 0x0000000482c00000| PB 0x0000000482c00000| Untracked 
|  12|0x0000000483000000, 0x0000000483400000, 0x0000000483400000|100%|HC|  |TAMS 0x0000000483000000| PB 0x0000000483000000| Untracked 
|  13|0x0000000483400000, 0x0000000483400000, 0x0000000483800000|  0%| F|  |TAMS 0x0000000483400000| PB 0x0000000483400000| Untracked 
|  14|0x0000000483800000, 0x0000000483800000, 0x0000000483c00000|  0%| F|  |TAMS 0x0000000483800000| PB 0x0000000483800000| Untracked 
|  15|0x0000000483c00000, 0x0000000483c00000, 0x0000000484000000|  0%| F|  |TAMS 0x0000000483c00000| PB 0x0000000483c00000| Untracked 
|  16|0x0000000484000000, 0x0000000484000000, 0x0000000484400000|  0%| F|  |TAMS 0x0000000484000000| PB 0x0000000484000000| Untracked 
|  17|0x0000000484400000, 0x0000000484800000, 0x0000000484800000|100%|HS|  |TAMS 0x0000000484400000| PB 0x0000000484400000| Untracked 
|  18|0x0000000484800000, 0x0000000484c00000, 0x0000000484c00000|100%|HC|  |TAMS 0x0000000484800000| PB 0x0000000484800000| Untracked 
|  19|0x0000000484c00000, 0x0000000485000000, 0x0000000485000000|100%|HC|  |TAMS 0x0000000484c00000| PB 0x0000000484c00000| Untracked 
|  20|0x0000000485000000, 0x0000000485400000, 0x0000000485400000|100%|HC|  |TAMS 0x0000000485000000| PB 0x0000000485000000| Untracked 
|  21|0x0000000485400000, 0x0000000485400000, 0x0000000485800000|  0%| F|  |TAMS 0x0000000485400000| PB 0x0000000485400000| Untracked 
|  22|0x0000000485800000, 0x0000000485800000, 0x0000000485c00000|  0%| F|  |TAMS 0x0000000485800000| PB 0x0000000485800000| Untracked 
|  23|0x0000000485c00000, 0x0000000485c00000, 0x0000000486000000|  0%| F|  |TAMS 0x0000000485c00000| PB 0x0000000485c00000| Untracked 
|  24|0x0000000486000000, 0x0000000486000000, 0x0000000486400000|  0%| F|  |TAMS 0x0000000486000000| PB 0x0000000486000000| Untracked 
|  25|0x0000000486400000, 0x0000000486400000, 0x0000000486800000|  0%| F|  |TAMS 0x0000000486400000| PB 0x0000000486400000| Untracked 
|  26|0x0000000486800000, 0x0000000486800000, 0x0000000486c00000|  0%| F|  |TAMS 0x0000000486800000| PB 0x0000000486800000| Untracked 
|  27|0x0000000486c00000, 0x0000000486c00000, 0x0000000487000000|  0%| F|  |TAMS 0x0000000486c00000| PB 0x0000000486c00000| Untracked 
|  28|0x0000000487000000, 0x0000000487000000, 0x0000000487400000|  0%| F|  |TAMS 0x0000000487000000| PB 0x0000000487000000| Untracked 
|  95|0x0000000497c00000, 0x0000000497c00000, 0x0000000498000000|  0%| F|  |TAMS 0x0000000497c00000| PB 0x0000000497c00000| Untracked 
|1534|0x00000005ff800000, 0x00000005ff800000, 0x00000005ffc00000|  0%| F|  |TAMS 0x00000005ff800000| PB 0x00000005ff800000| Untracked 
|1535|0x00000005ffc00000, 0x00000005ffd65db0, 0x0000000600000000| 34%| E|  |TAMS 0x00000005ffc00000| PB 0x00000005ffc00000| Complete 

Card table byte_map: [0x0000000123164000,0x0000000123d64000] _byte_map_base: 0x0000000120d64000

Marking Bits: (CMBitMap*) 0x0000000105415530
 Bits: [0x0000000123d64000, 0x0000000129d64000)

Polling page: 0x0000000104c88000

Metaspace:

Usage:
  Non-class:     50.35 MB used.
      Class:      5.69 MB used.
       Both:     56.04 MB used.

Virtual space:
  Non-class space:       64.00 MB reserved,      50.88 MB ( 79%) committed,  1 nodes.
      Class space:        1.00 GB reserved,       6.12 MB ( <1%) committed,  1 nodes.
             Both:        1.06 GB reserved,      57.00 MB (  5%) committed. 

Chunk freelists:
   Non-Class:  12.53 MB
       Class:  9.73 MB
        Both:  22.26 MB

MaxMetaspaceSize: unlimited
CompressedClassSpaceSize: 1.00 GB
Initial GC threshold: 21.00 MB
Current GC threshold: 95.00 MB
CDS: on
 - commit_granule_bytes: 65536.
 - commit_granule_words: 8192.
 - virtual_space_node_default_size: 8388608.
 - enlarge_chunks_in_place: 1.
 - use_allocation_guard: 0.


Internal statistics:

num_allocs_failed_limit: 19.
num_arena_births: 1358.
num_arena_deaths: 16.
num_vsnodes_births: 2.
num_vsnodes_deaths: 0.
num_space_committed: 910.
num_space_uncommitted: 0.
num_chunks_returned_to_freelist: 39.
num_chunks_taken_from_freelist: 3382.
num_chunk_merges: 19.
num_chunk_splits: 2325.
num_chunks_enlarged: 1680.
num_inconsistent_stats: 0.

CodeHeap 'non-profiled nmethods': size=120032Kb used=5739Kb max_used=5739Kb free=114292Kb
 bounds [0x000000011bc2c000, 0x000000011c1ec000, 0x0000000123164000]
CodeHeap 'profiled nmethods': size=120016Kb used=16399Kb max_used=23216Kb free=103617Kb
 bounds [0x0000000114164000, 0x0000000115814000, 0x000000011b698000]
CodeHeap 'non-nmethods': size=5712Kb used=2954Kb max_used=3053Kb free=2757Kb
 bounds [0x000000011b698000, 0x000000011b998000, 0x000000011bc2c000]
CodeCache: size=245760Kb, used=25092Kb, max_used=32008Kb, free=220666Kb
 total_blobs=9039, nmethods=6834, adapters=2113, full_count=0
Compilation: enabled, stopped_count=0, restarted_count=0

Compilation events (20 events):
Event: 961.882 Thread 0x000000010542b4a0 15942       3       org.jetbrains.skia.PaintKt::access$_nSetStrokeCap (6 bytes)
Event: 961.882 Thread 0x000000010542b4a0 nmethod 15942 0x0000000115654a90 code [0x0000000115654c40, 0x0000000115654d70]
Event: 961.882 Thread 0x000000010542b4a0 15943   !   3       org.jetbrains.skia.Paint::setStrokeCap (39 bytes)
Event: 961.882 Thread 0x000000010542b4a0 nmethod 15943 0x0000000115653a10 code [0x0000000115653d00, 0x0000000115654628]
Event: 961.898 Thread 0x000000010542aca0 15944   !   4       java.awt.EventDispatchThread::filterAndCheckEvent (108 bytes)
Event: 961.901 Thread 0x000000010542aca0 nmethod 15944 0x000000011bee3290 code [0x000000011bee34c0, 0x000000011bee3d58]
Event: 961.914 Thread 0x000000010542aca0 15945       4       androidx.collection.IntList::get (37 bytes)
Event: 961.915 Thread 0x000000010542aca0 nmethod 15945 0x000000011bee2e90 code [0x000000011bee3040, 0x000000011bee3158]
Event: 961.931 Thread 0x000000010542b4a0 15946       1       javax.swing.AbstractButton::isBorderPainted (5 bytes)
Event: 961.931 Thread 0x000000010542b4a0 nmethod 15946 0x000000011bee2b90 code [0x000000011bee2d00, 0x000000011bee2da8]
Event: 961.964 Thread 0x000000010542aca0 15947   !   4       java.util.concurrent.ConcurrentHashMap::replaceNode (437 bytes)
Event: 961.964 Thread 0x000000010542b4a0 15948       3       java.lang.invoke.Invokers::checkCustomized (23 bytes)
Event: 961.965 Thread 0x000000010542b4a0 nmethod 15948 0x0000000115653510 code [0x00000001156536c0, 0x00000001156538a8]
Event: 961.965 Thread 0x000000010542b4a0 15949       1       java.lang.invoke.MethodHandleImpl::isCompileConstant (2 bytes)
Event: 961.965 Thread 0x000000010542b4a0 nmethod 15949 0x000000011bee2890 code [0x000000011bee2a00, 0x000000011bee2a98]
Event: 961.966 Thread 0x000000010542b4a0 15950       1       java.beans.PropertyChangeEvent::getOldValue (5 bytes)
Event: 961.966 Thread 0x000000010542b4a0 nmethod 15950 0x000000011bee2590 code [0x000000011bee2700, 0x000000011bee27a8]
Event: 961.966 Thread 0x000000010542b4a0 15951   !   3       java.awt.Window::getInputContext (36 bytes)
Event: 961.967 Thread 0x000000010542b4a0 nmethod 15951 0x0000000115652b90 code [0x0000000115652d80, 0x00000001156532b0]
Event: 961.967 Thread 0x000000010542b4a0 15952       3       java.lang.invoke.TypeConvertingMethodAdapter::convertType (299 bytes)

GC Heap History (20 events):
Event: 835.028 GC heap before
{Heap before GC invocations=79 (full 20):
 garbage-first heap   total 131072K, used 110942K [0x0000000480000000, 0x0000000600000000)
  region size 4096K, 12 young (49152K), 0 survivors (0K)
 Metaspace       used 55554K, committed 56448K, reserved 1114112K
  class space    used 5605K, committed 5952K, reserved 1048576K
}
Event: 835.030 GC heap after
{Heap after GC invocations=80 (full 20):
 garbage-first heap   total 131072K, used 66136K [0x0000000480000000, 0x0000000600000000)
  region size 4096K, 1 young (4096K), 1 survivors (4096K)
 Metaspace       used 55554K, committed 56448K, reserved 1114112K
  class space    used 5605K, committed 5952K, reserved 1048576K
}
Event: 841.655 GC heap before
{Heap before GC invocations=81 (full 20):
 garbage-first heap   total 131072K, used 74328K [0x0000000480000000, 0x0000000600000000)
  region size 4096K, 5 young (20480K), 1 survivors (4096K)
 Metaspace       used 55554K, committed 56448K, reserved 1114112K
  class space    used 5605K, committed 5952K, reserved 1048576K
}
Event: 841.701 GC heap after
{Heap after GC invocations=82 (full 21):
 garbage-first heap   total 131072K, used 65891K [0x0000000480000000, 0x0000000600000000)
  region size 4096K, 0 young (0K), 0 survivors (0K)
 Metaspace       used 55554K, committed 56448K, reserved 1114112K
  class space    used 5605K, committed 5952K, reserved 1048576K
}
Event: 865.392 GC heap before
{Heap before GC invocations=82 (full 21):
 garbage-first heap   total 131072K, used 110947K [0x0000000480000000, 0x0000000600000000)
  region size 4096K, 12 young (49152K), 0 survivors (0K)
 Metaspace       used 55558K, committed 56448K, reserved 1114112K
  class space    used 5605K, committed 5952K, reserved 1048576K
}
Event: 865.394 GC heap after
{Heap after GC invocations=83 (full 21):
 garbage-first heap   total 131072K, used 66120K [0x0000000480000000, 0x0000000600000000)
  region size 4096K, 1 young (4096K), 1 survivors (4096K)
 Metaspace       used 55558K, committed 56448K, reserved 1114112K
  class space    used 5605K, committed 5952K, reserved 1048576K
}
Event: 871.703 GC heap before
{Heap before GC invocations=84 (full 21):
 garbage-first heap   total 131072K, used 78408K [0x0000000480000000, 0x0000000600000000)
  region size 4096K, 5 young (20480K), 1 survivors (4096K)
 Metaspace       used 55559K, committed 56448K, reserved 1114112K
  class space    used 5605K, committed 5952K, reserved 1048576K
}
Event: 871.704 GC heap after
{Heap after GC invocations=85 (full 21):
 garbage-first heap   total 131072K, used 65970K [0x0000000480000000, 0x0000000600000000)
  region size 4096K, 1 young (4096K), 1 survivors (4096K)
 Metaspace       used 55559K, committed 56448K, reserved 1114112K
  class space    used 5605K, committed 5952K, reserved 1048576K
}
Event: 871.706 GC heap before
{Heap before GC invocations=85 (full 21):
 garbage-first heap   total 131072K, used 65970K [0x0000000480000000, 0x0000000600000000)
  region size 4096K, 2 young (8192K), 1 survivors (4096K)
 Metaspace       used 55559K, committed 56448K, reserved 1114112K
  class space    used 5605K, committed 5952K, reserved 1048576K
}
Event: 871.747 GC heap after
{Heap after GC invocations=86 (full 22):
 garbage-first heap   total 131072K, used 65872K [0x0000000480000000, 0x0000000600000000)
  region size 4096K, 0 young (0K), 0 survivors (0K)
 Metaspace       used 55559K, committed 56448K, reserved 1114112K
  class space    used 5605K, committed 5952K, reserved 1048576K
}
Event: 895.155 GC heap before
{Heap before GC invocations=86 (full 22):
 garbage-first heap   total 131072K, used 110928K [0x0000000480000000, 0x0000000600000000)
  region size 4096K, 12 young (49152K), 0 survivors (0K)
 Metaspace       used 55569K, committed 56448K, reserved 1114112K
  class space    used 5605K, committed 5952K, reserved 1048576K
}
Event: 895.159 GC heap after
{Heap after GC invocations=87 (full 22):
 garbage-first heap   total 131072K, used 66108K [0x0000000480000000, 0x0000000600000000)
  region size 4096K, 1 young (4096K), 1 survivors (4096K)
 Metaspace       used 55569K, committed 56448K, reserved 1114112K
  class space    used 5605K, committed 5952K, reserved 1048576K
}
Event: 901.749 GC heap before
{Heap before GC invocations=88 (full 22):
 garbage-first heap   total 131072K, used 74300K [0x0000000480000000, 0x0000000600000000)
  region size 4096K, 5 young (20480K), 1 survivors (4096K)
 Metaspace       used 55593K, committed 56448K, reserved 1114112K
  class space    used 5605K, committed 5952K, reserved 1048576K
}
Event: 901.777 GC heap after
{Heap after GC invocations=89 (full 23):
 garbage-first heap   total 131072K, used 65909K [0x0000000480000000, 0x0000000600000000)
  region size 4096K, 0 young (0K), 0 survivors (0K)
 Metaspace       used 55593K, committed 56448K, reserved 1114112K
  class space    used 5605K, committed 5952K, reserved 1048576K
}
Event: 924.488 GC heap before
{Heap before GC invocations=89 (full 23):
 garbage-first heap   total 131072K, used 110965K [0x0000000480000000, 0x0000000600000000)
  region size 4096K, 12 young (49152K), 0 survivors (0K)
 Metaspace       used 55701K, committed 56576K, reserved 1114112K
  class space    used 5605K, committed 5952K, reserved 1048576K
}
Event: 924.490 GC heap after
{Heap after GC invocations=90 (full 23):
 garbage-first heap   total 131072K, used 66137K [0x0000000480000000, 0x0000000600000000)
  region size 4096K, 1 young (4096K), 1 survivors (4096K)
 Metaspace       used 55701K, committed 56576K, reserved 1114112K
  class space    used 5605K, committed 5952K, reserved 1048576K
}
Event: 931.778 GC heap before
{Heap before GC invocations=91 (full 23):
 garbage-first heap   total 131072K, used 74329K [0x0000000480000000, 0x0000000600000000)
  region size 4096K, 5 young (20480K), 1 survivors (4096K)
 Metaspace       used 55723K, committed 56576K, reserved 1114112K
  class space    used 5605K, committed 5952K, reserved 1048576K
}
Event: 931.795 GC heap after
{Heap after GC invocations=92 (full 24):
 garbage-first heap   total 131072K, used 65930K [0x0000000480000000, 0x0000000600000000)
  region size 4096K, 0 young (0K), 0 survivors (0K)
 Metaspace       used 55723K, committed 56576K, reserved 1114112K
  class space    used 5605K, committed 5952K, reserved 1048576K
}
Event: 961.795 GC heap before
{Heap before GC invocations=92 (full 24):
 garbage-first heap   total 131072K, used 90506K [0x0000000480000000, 0x0000000600000000)
  region size 4096K, 8 young (32768K), 0 survivors (0K)
 Metaspace       used 57363K, committed 58368K, reserved 1114112K
  class space    used 5828K, committed 6272K, reserved 1048576K
}
Event: 961.825 GC heap after
{Heap after GC invocations=93 (full 25):
 garbage-first heap   total 131072K, used 57492K [0x0000000480000000, 0x0000000600000000)
  region size 4096K, 0 young (0K), 0 survivors (0K)
 Metaspace       used 57363K, committed 58368K, reserved 1114112K
  class space    used 5828K, committed 6272K, reserved 1048576K
}

Dll operation events (16 events):
Event: 0.003 Loaded shared library /Users/mattias800/Library/Java/JavaVirtualMachines/ms-21.0.10/Contents/Home/lib/libjava.dylib
Event: 0.022 Loaded shared library /Users/mattias800/Library/Java/JavaVirtualMachines/ms-21.0.10/Contents/Home/lib/libnio.dylib
Event: 0.024 Loaded shared library /Users/mattias800/Library/Java/JavaVirtualMachines/ms-21.0.10/Contents/Home/lib/libzip.dylib
Event: 0.184 Loaded shared library /Users/mattias800/Library/Java/JavaVirtualMachines/ms-21.0.10/Contents/Home/lib/libjimage.dylib
Event: 0.257 Loaded shared library /Users/mattias800/Library/Java/JavaVirtualMachines/ms-21.0.10/Contents/Home/lib/libnet.dylib
Event: 0.607 Loaded shared library /private/var/folders/00/y_pwwndd1hj9rnmh0xwj36v80000gn/T/sqlite-3.51.0.0-e378bbea-c89a-4144-b8f2-256eddf43389-libsqlitejdbc.dylib
Event: 0.706 Loaded shared library /Users/mattias800/Library/Java/JavaVirtualMachines/ms-21.0.10/Contents/Home/lib/libawt.dylib
Event: 0.718 Loaded shared library /Users/mattias800/Library/Java/JavaVirtualMachines/ms-21.0.10/Contents/Home/lib/libawt_lwawt.dylib
Event: 0.729 Loaded shared library /Users/mattias800/Library/Java/JavaVirtualMachines/ms-21.0.10/Contents/Home/lib/libfontmanager.dylib
Event: 0.777 Loaded shared library /Users/mattias800/Library/Java/JavaVirtualMachines/ms-21.0.10/Contents/Home/lib/libextnet.dylib
Event: 0.968 Loading shared library /Users/mattias800/Library/Java/JavaVirtualMachines/ms-21.0.10/Contents/Home/lib/libspela-libretro.dylib failed, dlopen(/Users/mattias800/Library/Java/JavaVirtualMachines/ms-21.0.10/Contents/Home/lib/libspela-libretro.dylib, 0x0001):
Event: 0.969 Loading shared library /Users/mattias800/Library/Java/JavaVirtualMachines/ms-21.0.10/Contents/Home/lib/libspela-libretro.jnilib failed, dlopen(/Users/mattias800/Library/Java/JavaVirtualMachines/ms-21.0.10/Contents/Home/lib/libspela-libretro.jnilib, 0x0001
Event: 0.982 Loaded shared library /Users/mattias800/repos/spela/player/desktop/build/native/libspela-libretro.dylib
Event: 0.998 Loaded shared library /Users/mattias800/.skiko/384a41e7bf8dcab7fe3ef7dfb14a2adf281ce448c1f711cac5e69a7b97ae2f4a/libskiko-macos-arm64.dylib
Event: 1.013 Loaded shared library /Users/mattias800/Library/Java/JavaVirtualMachines/ms-21.0.10/Contents/Home/lib/libosxui.dylib
Event: 225.384 Loaded shared library /Users/mattias800/Library/Java/JavaVirtualMachines/ms-21.0.10/Contents/Home/lib/libjsound.dylib

Deoptimization events (20 events):
Event: 960.165 Thread 0x0000000958058e00 Uncommon trap: trap_request=0xffffff76 fr.pc=0x000000011bcdab14 relative=0x0000000000000154
Event: 960.165 Thread 0x0000000958058e00 Uncommon trap: reason=predicate action=maybe_recompile pc=0x000000011bcdab14 method=java.awt.EventDispatchThread.pumpEventsForFilter(ILjava/awt/Conditional;Ljava/awt/EventFilter;)V @ 10 c2
Event: 960.165 Thread 0x0000000958058e00 DEOPT PACKING pc=0x000000011bcdab14 sp=0x0000000170dfde80
Event: 960.165 Thread 0x0000000958058e00 DEOPT UNPACKING pc=0x000000011b6db01c sp=0x0000000170dfde40 mode 2
Event: 961.117 Thread 0x00000009589eaa00 Uncommon trap: trap_request=0xffffffde fr.pc=0x000000011bf06e10 relative=0x00000000000006d0
Event: 961.117 Thread 0x00000009589eaa00 Uncommon trap: reason=class_check action=maybe_recompile pc=0x000000011bf06e10 method=kotlinx.coroutines.JobSupport.invokeOnCompletionInternal$kotlinx_coroutines_core(ZLkotlinx/coroutines/JobNode;)Lkotlinx/coroutines/DisposableHandle; @ 292 c2
Event: 961.117 Thread 0x00000009589eaa00 DEOPT PACKING pc=0x000000011bf06e10 sp=0x000000016f0a6580
Event: 961.117 Thread 0x00000009589eaa00 DEOPT UNPACKING pc=0x000000011b6db01c sp=0x000000016f0a62a0 mode 2
Event: 961.117 Thread 0x00000009589eaa00 Uncommon trap: trap_request=0xffffffde fr.pc=0x000000011be5b86c relative=0x00000000000001ac
Event: 961.117 Thread 0x00000009589eaa00 Uncommon trap: reason=class_check action=maybe_recompile pc=0x000000011be5b86c method=kotlinx.coroutines.CancellableContinuationImpl.invokeOnCancellationImpl(Ljava/lang/Object;)V @ 60 c2
Event: 961.117 Thread 0x00000009589eaa00 DEOPT PACKING pc=0x000000011be5b86c sp=0x000000016f0a65a0
Event: 961.117 Thread 0x00000009589eaa00 DEOPT UNPACKING pc=0x000000011b6db01c sp=0x000000016f0a64d0 mode 2
Event: 961.964 Thread 0x0000000958058e00 Uncommon trap: trap_request=0xffffff3d fr.pc=0x000000011bfdfb5c relative=0x000000000000029c
Event: 961.964 Thread 0x0000000958058e00 Uncommon trap: reason=unstable_fused_if action=reinterpret pc=0x000000011bfdfb5c method=java.awt.AWTEvent.<init>(Ljava/lang/Object;I)V @ 28 c2
Event: 961.964 Thread 0x0000000958058e00 DEOPT PACKING pc=0x000000011bfdfb5c sp=0x0000000170dfd1e0
Event: 961.964 Thread 0x0000000958058e00 DEOPT UNPACKING pc=0x000000011b6db01c sp=0x0000000170dfd190 mode 2
Event: 961.964 Thread 0x000000095727dc00 Uncommon trap: trap_request=0xffffff45 fr.pc=0x000000011c02a354 relative=0x00000000000051d4
Event: 961.964 Thread 0x000000095727dc00 Uncommon trap: reason=unstable_if action=reinterpret pc=0x000000011c02a354 method=java.awt.EventQueue.getPriority(Ljava/awt/AWTEvent;)I @ 22 c2
Event: 961.964 Thread 0x000000095727dc00 DEOPT PACKING pc=0x000000011c02a354 sp=0x00000001721824e0
Event: 961.964 Thread 0x000000095727dc00 DEOPT UNPACKING pc=0x000000011b6db01c sp=0x00000001721821f0 mode 2

Classes loaded (20 events):
Event: 958.657 Loading class java/beans/WeakIdentityMap$Entry
Event: 958.657 Loading class java/beans/WeakIdentityMap$Entry done
Event: 958.657 Loading class com/apple/eawt/_AppDockIconHandler
Event: 958.658 Loading class com/apple/eawt/_AppDockIconHandler done
Event: 958.658 Loading class sun/lwawt/macosx/CTrayIcon$IconObserver
Event: 958.659 Loading class sun/lwawt/macosx/CTrayIcon$IconObserver done
Event: 958.666 Loading class sun/awt/image/MultiResolutionToolkitImage$ObserverCache
Event: 958.667 Loading class sun/awt/image/MultiResolutionToolkitImage$ObserverCache done
Event: 958.667 Loading class com/apple/laf/AquaRootPaneUI$DefaultButtonPainter
Event: 958.668 Loading class com/apple/laf/AquaRootPaneUI$DefaultButtonPainter done
Event: 958.753 Loading class java/awt/LightweightDispatcher$2
Event: 958.753 Loading class java/awt/LightweightDispatcher$2 done
Event: 961.834 Loading class javax/swing/event/ChangeEvent
Event: 961.834 Loading class javax/swing/event/ChangeEvent done
Event: 961.964 Loading class java/awt/KeyboardFocusManager$2
Event: 961.964 Loading class java/awt/KeyboardFocusManager$2 done
Event: 961.964 Loading class sun/awt/SunToolkit$1
Event: 961.964 Loading class sun/awt/SunToolkit$1 done
Event: 961.966 Loading class java/awt/Window$1DisposeAction
Event: 961.966 Loading class java/awt/Window$1DisposeAction done

Classes unloaded (8 events):
Event: 224.473 Thread 0x000000095acc1400 Unloading class 0x000000e8014ba000 'java/lang/invoke/LambdaForm$MH+0x000000e8014ba000'
Event: 224.473 Thread 0x000000095acc1400 Unloading class 0x000000e8014b9c00 'java/lang/invoke/LambdaForm$DMH+0x000000e8014b9c00'
Event: 224.473 Thread 0x000000095acc1400 Unloading class 0x000000e8014b9800 'java/lang/invoke/LambdaForm$MH+0x000000e8014b9800'
Event: 224.473 Thread 0x000000095acc1400 Unloading class 0x000000e8014b9400 'java/lang/invoke/LambdaForm$MH+0x000000e8014b9400'
Event: 224.473 Thread 0x000000095acc1400 Unloading class 0x000000e8014b8400 'java/lang/invoke/LambdaForm$DMH+0x000000e8014b8400'
Event: 224.473 Thread 0x000000095acc1400 Unloading class 0x000000e8013d1800 'java/lang/invoke/LambdaForm$MH+0x000000e8013d1800'
Event: 224.473 Thread 0x000000095acc1400 Unloading class 0x000000e8013d1400 'java/lang/invoke/LambdaForm$DMH+0x000000e8013d1400'
Event: 224.473 Thread 0x000000095acc1400 Unloading class 0x000000e8013d0800 'java/lang/invoke/LambdaForm$DMH+0x000000e8013d0800'

Classes redefined (0 events):
No events

Internal exceptions (20 events):
Event: 224.444 Thread 0x0000000958b88000 Exception <a 'sun/nio/fs/UnixException'{0x0000000482ae2600}> (0x0000000482ae2600) 
thrown [src/hotspot/share/prims/jni.cpp, line 520]
Event: 224.444 Thread 0x00000009597eea00 Exception <a 'sun/nio/fs/UnixException'{0x0000000482ae74a0}> (0x0000000482ae74a0) 
thrown [src/hotspot/share/prims/jni.cpp, line 520]
Event: 224.444 Thread 0x0000000958b89500 Exception <a 'sun/nio/fs/UnixException'{0x0000000482aea138}> (0x0000000482aea138) 
thrown [src/hotspot/share/prims/jni.cpp, line 520]
Event: 224.444 Thread 0x000000095743f800 Exception <a 'sun/nio/fs/UnixException'{0x0000000482ad9410}> (0x0000000482ad9410) 
thrown [src/hotspot/share/prims/jni.cpp, line 520]
Event: 224.445 Thread 0x0000000957179500 Exception <a 'sun/nio/fs/UnixException'{0x0000000482ac88a8}> (0x0000000482ac88a8) 
thrown [src/hotspot/share/prims/jni.cpp, line 520]
Event: 224.447 Thread 0x0000000958b89500 Exception <a 'sun/nio/fs/UnixException'{0x0000000482b44d08}> (0x0000000482b44d08) 
thrown [src/hotspot/share/prims/jni.cpp, line 520]
Event: 224.448 Thread 0x00000009597eea00 Exception <a 'sun/nio/fs/UnixException'{0x0000000482ae87b0}> (0x0000000482ae87b0) 
thrown [src/hotspot/share/prims/jni.cpp, line 520]
Event: 224.635 Thread 0x00000009597edc00 Exception <a 'java/lang/NoSuchMethodError'{0x0000000497ca6770}: 'void java.lang.invoke.DirectMethodHandle$Holder.invokeStatic(java.lang.Object, int, java.lang.Object)'> (0x0000000497ca6770) 
thrown [src/hotspot/share/interpreter/linkResolver.cpp, line 773]
Event: 225.222 Thread 0x0000000958355500 Exception <a 'java/lang/ClassNotFoundException'{0x0000000497e9c130}: sun/util/logging/resources/spi/loggingProvider> (0x0000000497e9c130) 
thrown [src/hotspot/share/classfile/systemDictionary.cpp, line 312]
Event: 238.024 Thread 0x000000095814d500 Implicit null exception at 0x000000011c18b2d4 to 0x000000011c18be10
Event: 294.054 Thread 0x000000095ad18000 Implicit null exception at 0x000000011bfcf0e8 to 0x000000011bfcf16c
Event: 314.763 Thread 0x0000000958058e00 Implicit null exception at 0x000000011be3a334 to 0x000000011be3b918
Event: 957.979 Thread 0x0000000958058e00 Exception <a 'java/lang/NoClassDefFoundError'{0x0000000486936e40}: com/spela/player/presentation/viewmodel/EmulationViewModel$stopGame$2> (0x0000000486936e40) 
thrown [src/hotspot/share/classfile/systemDictionary.cpp, line 301]
Event: 958.112 Thread 0x0000000958058e00 Exception <a 'java/lang/NoSuchMethodError'{0x00000004869538e0}: 'java.lang.Object java.lang.invoke.DirectMethodHandle$Holder.invokeSpecial(java.lang.Object, java.lang.Object, double, double)'> (0x00000004869538e0) 
thrown [src/hotspot/share/interpreter/linkResolver.cpp, line 773]
Event: 958.114 Thread 0x0000000958058e00 Exception <a 'java/lang/NoSuchMethodError'{0x000000048695c310}: 'void java.lang.invoke.DirectMethodHandle$Holder.invokeStatic(java.lang.Object, java.lang.Object, java.lang.Object, long)'> (0x000000048695c310) 
thrown [src/hotspot/share/interpreter/linkResolver.cpp, line 773]
Event: 958.118 Thread 0x0000000958058e00 Implicit null exception at 0x000000011bea5734 to 0x000000011bea5778
Event: 958.633 Thread 0x0000000958058e00 Exception <a 'java/lang/NoSuchMethodError'{0x0000000486a84808}: 'java.lang.Object java.lang.invoke.DirectMethodHandle$Holder.newInvokeSpecial(java.lang.Object, int, int, java.lang.Object, java.lang.Object, java.lang.Object)'> (0x0000000486a84808) 
thrown [src/hotspot/share/interpreter/linkResolver.cpp, line 773]
Event: 958.633 Thread 0x0000000958058e00 Exception <a 'java/lang/NoSuchMethodError'{0x0000000486a88e30}: 'java.lang.Object java.lang.invoke.DirectMethodHandle$Holder.invokeSpecial(java.lang.Object, java.lang.Object, int, int, java.lang.Object, java.lang.Object, java.lang.Object)'> (0x0000000486a88e30) 
thrown [src/hotspot/share/interpreter/linkResolver.cpp, line 773]
Event: 958.652 Thread 0x0000000958058e00 Exception <a 'java/lang/NoSuchMethodError'{0x0000000486ab40c8}: 'java.lang.Object java.lang.invoke.DirectMethodHandle$Holder.newInvokeSpecial(java.lang.Object, java.lang.Object, int, int, int, int)'> (0x0000000486ab40c8) 
thrown [src/hotspot/share/interpreter/linkResolver.cpp, line 773]
Event: 958.669 Thread 0x0000000958058e00 Implicit null exception at 0x000000011c18b4c0 to 0x000000011c18c000

ZGC Phase Switch (0 events):
No events

VM Operations (20 events):
Event: 958.541 Executing non-safepoint VM operation: HandshakeAllThreads (Deoptimize)
Event: 958.541 Executing non-safepoint VM operation: HandshakeAllThreads (Deoptimize) done
Event: 958.542 Executing non-safepoint VM operation: HandshakeAllThreads (Deoptimize)
Event: 958.542 Executing non-safepoint VM operation: HandshakeAllThreads (Deoptimize) done
Event: 958.565 Executing non-safepoint VM operation: HandshakeAllThreads (Deoptimize)
Event: 958.565 Executing non-safepoint VM operation: HandshakeAllThreads (Deoptimize) done
Event: 958.675 Executing safepoint VM operation: ICBufferFull
Event: 958.675 Executing safepoint VM operation: ICBufferFull done
Event: 958.760 Executing safepoint VM operation: ICBufferFull
Event: 958.760 Executing safepoint VM operation: ICBufferFull done
Event: 959.763 Executing safepoint VM operation: Cleanup
Event: 959.763 Executing safepoint VM operation: Cleanup done
Event: 960.764 Executing safepoint VM operation: Cleanup
Event: 960.764 Executing safepoint VM operation: Cleanup done
Event: 961.431 Executing non-safepoint VM operation: HandshakeAllThreads (HandshakeForDeflation)
Event: 961.431 Executing non-safepoint VM operation: HandshakeAllThreads (HandshakeForDeflation) done
Event: 961.431 Executing non-safepoint VM operation: RendezvousGCThreads
Event: 961.431 Executing non-safepoint VM operation: RendezvousGCThreads done
Event: 961.795 Executing safepoint VM operation: G1CollectFull (System.gc())
Event: 961.825 Executing safepoint VM operation: G1CollectFull (System.gc()) done

Memory protections (20 events):
Event: 284.457 Protecting memory [0x0000000172398000,0x00000001723a4000] with protection modes 3
Event: 287.646 Protecting memory [0x000000016fda8000,0x000000016fdb4000] with protection modes 3
Event: 287.649 Protecting memory [0x00000001729bc000,0x00000001729c8000] with protection modes 3
Event: 287.649 Protecting memory [0x000000016e674000,0x000000016e680000] with protection modes 3
Event: 287.663 Protecting memory [0x000000016f0b0000,0x000000016f0bc000] with protection modes 3
Event: 287.663 Protecting memory [0x00000001731ec000,0x00000001731f8000] with protection modes 3
Event: 287.663 Protecting memory [0x000000017195c000,0x0000000171968000] with protection modes 3
Event: 287.664 Protecting memory [0x000000016eea4000,0x000000016eeb0000] with protection modes 3
Event: 287.664 Protecting memory [0x000000016e468000,0x000000016e474000] with protection modes 3
Event: 347.671 Protecting memory [0x0000000171d74000,0x0000000171d80000] with protection modes 3
Event: 347.671 Protecting memory [0x00000001705d8000,0x00000001705e4000] with protection modes 3
Event: 347.671 Protecting memory [0x0000000173c28000,0x0000000173c34000] with protection modes 3
Event: 347.671 Protecting memory [0x00000001709f0000,0x00000001709fc000] with protection modes 3
Event: 347.687 Protecting memory [0x000000016e468000,0x000000016e474000] with protection modes 0
Event: 527.751 Protecting memory [0x000000016e674000,0x000000016e680000] with protection modes 0
Event: 707.821 Protecting memory [0x00000001701c0000,0x00000001701cc000] with protection modes 3
Event: 767.891 Protecting memory [0x000000016eea4000,0x000000016eeb0000] with protection modes 0
Event: 827.932 Protecting memory [0x000000016f0b0000,0x000000016f0bc000] with protection modes 0
Event: 947.958 Protecting memory [0x0000000173a1c000,0x0000000173a28000] with protection modes 3
Event: 947.975 Protecting memory [0x000000016f784000,0x000000016f790000] with protection modes 0

Nmethod flushes (20 events):
Event: 931.786 Thread 0x000000095acc1400 flushing  nmethod 0x000000011454b690
Event: 931.786 Thread 0x000000095acc1400 flushing  nmethod 0x0000000114991d10
Event: 931.786 Thread 0x000000095acc1400 flushing  nmethod 0x00000001149ceb10
Event: 931.786 Thread 0x000000095acc1400 flushing  nmethod 0x0000000114c5ec10
Event: 931.786 Thread 0x000000095acc1400 flushing  nmethod 0x0000000114c90a90
Event: 931.786 Thread 0x000000095acc1400 flushing  nmethod 0x0000000114c90f10
Event: 931.786 Thread 0x000000095acc1400 flushing  nmethod 0x0000000114745110
Event: 931.786 Thread 0x000000095acc1400 flushing  nmethod 0x0000000114815210
Event: 931.786 Thread 0x000000095acc1400 flushing  nmethod 0x0000000114c85b90
Event: 931.786 Thread 0x000000095acc1400 flushing  nmethod 0x0000000115082c10
Event: 931.786 Thread 0x000000095acc1400 flushing  nmethod 0x0000000115084010
Event: 931.786 Thread 0x000000095acc1400 flushing  nmethod 0x00000001151a9490
Event: 961.814 Thread 0x000000095acc1400 flushing  nmethod 0x0000000114971890
Event: 961.814 Thread 0x000000095acc1400 flushing  nmethod 0x00000001149bdd90
Event: 961.814 Thread 0x000000095acc1400 flushing  nmethod 0x0000000114ad3f90
Event: 961.814 Thread 0x000000095acc1400 flushing  nmethod 0x0000000114fbb890
Event: 961.814 Thread 0x000000095acc1400 flushing  nmethod 0x0000000115180710
Event: 961.814 Thread 0x000000095acc1400 flushing  nmethod 0x000000011422b890
Event: 961.814 Thread 0x000000095acc1400 flushing  nmethod 0x0000000114ae8390
Event: 961.814 Thread 0x000000095acc1400 flushing  nmethod 0x00000001155a8510

Events (20 events):
Event: 284.457 Thread 0x0000000956108000 Thread exited: 0x0000000956108000
Event: 287.646 Thread 0x000000095743f800 Thread exited: 0x000000095743f800
Event: 287.649 Thread 0x0000000957490700 Thread exited: 0x0000000957490700
Event: 287.649 Thread 0x00000009597ee300 Thread exited: 0x00000009597ee300
Event: 287.663 Thread 0x00000009589e9c00 Thread exited: 0x00000009589e9c00
Event: 287.663 Thread 0x0000000956109c00 Thread exited: 0x0000000956109c00
Event: 287.663 Thread 0x000000095743ce00 Thread exited: 0x000000095743ce00
Event: 287.664 Thread 0x00000009589e9500 Thread exited: 0x00000009589e9500
Event: 287.664 Thread 0x0000000957179500 Thread exited: 0x0000000957179500
Event: 347.671 Thread 0x000000095743dc00 Thread exited: 0x000000095743dc00
Event: 347.671 Thread 0x0000000958b8b100 Thread exited: 0x0000000958b8b100
Event: 347.671 Thread 0x0000000955cba300 Thread exited: 0x0000000955cba300
Event: 347.671 Thread 0x00000009597edc00 Thread exited: 0x00000009597edc00
Event: 347.687 Thread 0x00000009589eaa00 Thread added: 0x000000095743dc00
Event: 527.751 Thread 0x0000000956108e00 Thread added: 0x0000000955fd9500
Event: 707.821 Thread 0x00000009589eaa00 Thread exited: 0x00000009589eaa00
Event: 767.891 Thread 0x00000009573f3800 Thread added: 0x00000009589eaa00
Event: 827.932 Thread 0x0000000955cb9c00 Thread added: 0x0000000958b8b100
Event: 947.958 Thread 0x0000000955cb9c00 Thread exited: 0x0000000955cb9c00
Event: 947.975 Thread 0x0000000955fd9500 Thread added: 0x0000000956158e00


Dynamic libraries:
0x0000000104ca0000 	/Users/mattias800/Library/Java/JavaVirtualMachines/ms-21.0.10/Contents/Home/lib/libjli.dylib
0x00000001b9723000 	/System/Library/Frameworks/Cocoa.framework/Versions/A/Cocoa
0x000000019eab0000 	/System/Library/Frameworks/AppKit.framework/Versions/C/AppKit
0x00000001a2124000 	/System/Library/Frameworks/CoreData.framework/Versions/A/CoreData
0x000000019beaa000 	/System/Library/Frameworks/Foundation.framework/Versions/C/Foundation
0x00000001aa0e7000 	/usr/lib/libSystem.B.dylib
0x00000001a01dd000 	/System/Library/PrivateFrameworks/UIFoundation.framework/Versions/A/UIFoundation
0x0000000253ef5000 	/System/Library/PrivateFrameworks/CollectionViewCore.framework/Versions/A/CollectionViewCore
0x00000001a7478000 	/System/Library/PrivateFrameworks/XCTTargetBootstrap.framework/Versions/A/XCTTargetBootstrap
0x00000001acb50000 	/System/Library/PrivateFrameworks/InternationalSupport.framework/Versions/A/InternationalSupport
0x00000001aceaa000 	/System/Library/PrivateFrameworks/UserActivity.framework/Versions/A/UserActivity
0x00000001a27b4000 	/System/Library/PrivateFrameworks/BaseBoard.framework/Versions/A/BaseBoard
0x000000025c6c2000 	/System/Library/PrivateFrameworks/FrontBoard.framework/Versions/A/FrontBoard
0x00000001b4563000 	/System/Library/PrivateFrameworks/FrontBoardServices.framework/Versions/A/FrontBoardServices
0x0000000298661000 	/usr/lib/libRosetta.dylib
0x000000028bf16000 	/System/Library/PrivateFrameworks/UIIntelligenceSupport.framework/Versions/A/UIIntelligenceSupport
0x0000000248dfe000 	/System/Library/Frameworks/SwiftUICore.framework/Versions/A/SwiftUICore
0x00000002924ca000 	/System/Library/PrivateFrameworks/WritingTools.framework/Versions/A/WritingTools
0x000000029131b000 	/System/Library/PrivateFrameworks/WindowManagement.framework/Versions/A/WindowManagement
0x000000019bb09000 	/System/Library/Frameworks/SystemConfiguration.framework/Versions/A/SystemConfiguration
0x00000001abd82000 	/usr/lib/libspindump.dylib
0x00000001a0398000 	/System/Library/Frameworks/UniformTypeIdentifiers.framework/Versions/A/UniformTypeIdentifiers
0x00000001a937e000 	/usr/lib/libbsm.0.dylib
0x00000001a4b82000 	/usr/lib/libapp_launch_measurement.dylib
0x00000001a3e77000 	/System/Library/PrivateFrameworks/CoreAnalytics.framework/Versions/A/CoreAnalytics
0x00000001a4b86000 	/System/Library/PrivateFrameworks/CoreAutoLayout.framework/Versions/A/CoreAutoLayout
0x00000001a69c3000 	/System/Library/Frameworks/Metal.framework/Versions/A/Metal
0x00000001a7dcb000 	/usr/lib/liblangid.dylib
0x00000001a747e000 	/System/Library/PrivateFrameworks/CoreSVG.framework/Versions/A/CoreSVG
0x00000001a0df9000 	/System/Library/PrivateFrameworks/SkyLight.framework/Versions/A/SkyLight
0x000000025c3fb000 	/System/Library/PrivateFrameworks/FocusEngine.framework/Versions/A/FocusEngine
0x00000001a13c0000 	/System/Library/Frameworks/CoreGraphics.framework/Versions/A/CoreGraphics
0x0000000259ff6000 	/System/Library/PrivateFrameworks/DesignLibrary.framework/Versions/A/DesignLibrary
0x00000001b282b000 	/System/Library/Frameworks/Accelerate.framework/Versions/A/Accelerate
0x00000001abb77000 	/System/Library/PrivateFrameworks/IconServices.framework/Versions/A/IconServices
0x00000001a699b000 	/System/Library/Frameworks/IOSurface.framework/Versions/A/IOSurface
0x00000001a3ea7000 	/usr/lib/libDiagnosticMessagesClient.dylib
0x00000001aa030000 	/usr/lib/libz.1.dylib
0x00000001b6b53000 	/System/Library/Frameworks/ApplicationServices.framework/Versions/A/ApplicationServices
0x00000001a7463000 	/System/Library/PrivateFrameworks/DFRFoundation.framework/Versions/A/DFRFoundation
0x000000019e2ff000 	/usr/lib/libicucore.A.dylib
0x00000001ae0e7000 	/System/Library/Frameworks/AudioToolbox.framework/Versions/A/AudioToolbox
0x00000001ace58000 	/System/Library/PrivateFrameworks/DataDetectorsCore.framework/Versions/A/DataDetectorsCore
0x000000028cb29000 	/System/Library/PrivateFrameworks/UpdateCycle.framework/Versions/A/UpdateCycle
0x00000001cad4e000 	/System/Library/PrivateFrameworks/TextInput.framework/Versions/A/TextInput
0x00000001a0d3b000 	/usr/lib/libMobileGestalt.dylib
0x00000001a715f000 	/System/Library/Frameworks/Carbon.framework/Versions/A/Frameworks/HIToolbox.framework/Versions/A/HIToolbox
0x00000001a43dc000 	/System/Library/Frameworks/QuartzCore.framework/Versions/A/QuartzCore
0x000000019deda000 	/System/Library/Frameworks/Security.framework/Versions/A/Security
0x00000001b21aa000 	/System/Library/Frameworks/Carbon.framework/Versions/A/Frameworks/SpeechRecognition.framework/Versions/A/SpeechRecognition
0x00000001a4851000 	/System/Library/PrivateFrameworks/CoreUI.framework/Versions/A/CoreUI
0x000000019d728000 	/System/Library/Frameworks/CoreAudio.framework/Versions/A/CoreAudio
0x00000001a3f9b000 	/System/Library/Frameworks/DiskArbitration.framework/Versions/A/DiskArbitration
0x00000001ac32a000 	/System/Library/PrivateFrameworks/MultitouchSupport.framework/Versions/A/MultitouchSupport
0x00000001a0d39000 	/usr/lib/libenergytrace.dylib
0x00000001be232000 	/System/Library/PrivateFrameworks/RenderBox.framework/Versions/A/RenderBox
0x000000019e957000 	/System/Library/Frameworks/IOKit.framework/Versions/A/IOKit
0x00000001b25b4000 	/System/Library/Frameworks/CoreServices.framework/Versions/A/CoreServices
0x00000001a4b13000 	/System/Library/PrivateFrameworks/PerformanceAnalysis.framework/Versions/A/PerformanceAnalysis
0x000000023e7e8000 	/System/Library/Frameworks/OpenGL.framework/Versions/A/OpenGL
0x00000001a4bd0000 	/usr/lib/libxml2.2.dylib
0x00000001a925f000 	/System/Library/PrivateFrameworks/MobileKeyBag.framework/Versions/A/MobileKeyBag
0x000000019a1c0000 	/usr/lib/libobjc.A.dylib
0x000000019a526000 	/usr/lib/libc++.1.dylib
0x00000001b2531000 	/System/Library/Frameworks/Accessibility.framework/Versions/A/Accessibility
0x00000001a1b1a000 	/System/Library/Frameworks/ColorSync.framework/Versions/A/ColorSync
0x000000019a657000 	/System/Library/Frameworks/CoreFoundation.framework/Versions/A/CoreFoundation
0x00000001a780b000 	/System/Library/Frameworks/CoreImage.framework/Versions/A/CoreImage
0x000000019d4fb000 	/System/Library/Frameworks/CoreText.framework/Versions/A/CoreText
0x00000002400f2000 	/System/Library/Frameworks/CoreTransferable.framework/Versions/A/CoreTransferable
0x000000024062e000 	/System/Library/Frameworks/DataDetection.framework/Versions/A/DataDetection
0x0000000240643000 	/System/Library/Frameworks/DeveloperToolsSupport.framework/Versions/A/DeveloperToolsSupport
0x00000001a74bc000 	/System/Library/Frameworks/ImageIO.framework/Versions/A/ImageIO
0x0000000249d73000 	/System/Library/Frameworks/Symbols.framework/Versions/A/Symbols
0x00000001cff73000 	/System/Library/PrivateFrameworks/AttributeGraph.framework/Versions/A/AttributeGraph
0x00000001b4642000 	/System/Library/PrivateFrameworks/BoardServices.framework/Versions/A/BoardServices
0x00000001f4732000 	/System/Library/PrivateFrameworks/FeatureFlags.framework/Versions/A/FeatureFlags
0x000000026563b000 	/System/Library/PrivateFrameworks/Gestures.framework/Versions/A/Gestures
0x00000001aa0ec000 	/System/Library/PrivateFrameworks/SoftLinking.framework/Versions/A/SoftLinking
0x00000001de817000 	/usr/lib/swift/libswiftAccelerate.dylib
0x00000001d4c8e000 	/usr/lib/swift/libswiftCompression.dylib
0x00000001ada4f000 	/usr/lib/swift/libswiftCore.dylib
0x00000001c701f000 	/usr/lib/swift/libswiftCoreFoundation.dylib
0x00000001c7078000 	/usr/lib/swift/libswiftCoreImage.dylib
0x00000001b42de000 	/usr/lib/swift/libswiftDispatch.dylib
0x00000001c7079000 	/usr/lib/swift/libswiftIOKit.dylib
0x00000001d4c81000 	/usr/lib/swift/libswiftMetal.dylib
0x00000001e4006000 	/usr/lib/swift/libswiftOSLog.dylib
0x00000001b71a4000 	/usr/lib/swift/libswiftObjectiveC.dylib
0x00000002998a2000 	/usr/lib/swift/libswiftObservation.dylib
0x00000001d9f9a000 	/usr/lib/swift/libswiftQuartzCore.dylib
0x00000002999e1000 	/usr/lib/swift/libswiftSynchronization.dylib
0x00000001de808000 	/usr/lib/swift/libswiftUniformTypeIdentifiers.dylib
0x00000001c7031000 	/usr/lib/swift/libswiftXPC.dylib
0x0000000299a1b000 	/usr/lib/swift/libswift_Builtin_float.dylib
0x0000000299a1e000 	/usr/lib/swift/libswift_Concurrency.dylib
0x00000001b71a8000 	/usr/lib/swift/libswiftos.dylib
0x00000001caade000 	/usr/lib/swift/libswiftsimd.dylib
0x00000001aa313000 	/usr/lib/libcompression.dylib
0x00000001acab0000 	/System/Library/PrivateFrameworks/TextureIO.framework/Versions/A/TextureIO
0x00000001a1cc6000 	/System/Library/Frameworks/ApplicationServices.framework/Versions/A/Frameworks/HIServices.framework/Versions/A/HIServices
0x00000001ab800000 	/usr/lib/libate.dylib
0x00000001aa0e1000 	/usr/lib/system/libcache.dylib
0x00000001aa09c000 	/usr/lib/system/libcommonCrypto.dylib
0x00000001aa0c7000 	/usr/lib/system/libcompiler_rt.dylib
0x00000001aa0bc000 	/usr/lib/system/libcopyfile.dylib
0x000000019a360000 	/usr/lib/system/libcorecrypto.dylib
0x000000019a459000 	/usr/lib/system/libdispatch.dylib
0x000000019a214000 	/usr/lib/system/libdyld.dylib
0x00000001aa0d7000 	/usr/lib/system/libkeymgr.dylib
0x00000001aa07f000 	/usr/lib/system/libmacho.dylib
0x00000001a9356000 	/usr/lib/system/libquarantine.dylib
0x00000001aa0d4000 	/usr/lib/system/libremovefile.dylib
0x00000001a0dbc000 	/usr/lib/system/libsystem_asl.dylib
0x000000019a2e5000 	/usr/lib/system/libsystem_blocks.dylib
0x000000019a4a3000 	/usr/lib/system/libsystem_c.dylib
0x00000001aa0cb000 	/usr/lib/system/libsystem_collections.dylib
0x00000001a7db8000 	/usr/lib/system/libsystem_configuration.dylib
0x00000001a6962000 	/usr/lib/system/libsystem_containermanager.dylib
0x00000001a9ae6000 	/usr/lib/system/libsystem_coreservices.dylib
0x000000019e5d1000 	/usr/lib/system/libsystem_darwin.dylib
0x0000000299d71000 	/usr/lib/system/libsystem_darwindirectory.dylib
0x00000001aa0d8000 	/usr/lib/system/libsystem_dnssd.dylib
0x0000000299d75000 	/usr/lib/system/libsystem_eligibility.dylib
0x000000019a4a0000 	/usr/lib/system/libsystem_featureflags.dylib
0x000000019a627000 	/usr/lib/system/libsystem_info.dylib
0x00000001aa040000 	/usr/lib/system/libsystem_m.dylib
0x000000019a40d000 	/usr/lib/system/libsystem_malloc.dylib
0x00000001a0d1e000 	/usr/lib/system/libsystem_networkextension.dylib
0x000000019ea42000 	/usr/lib/system/libsystem_notify.dylib
0x00000001a7dbd000 	/usr/lib/system/libsystem_sandbox.dylib
0x0000000299d7f000 	/usr/lib/system/libsystem_sanitizers.dylib
0x00000001aa0d0000 	/usr/lib/system/libsystem_secinit.dylib
0x000000019a5d4000 	/usr/lib/system/libsystem_kernel.dylib
0x000000019a61e000 	/usr/lib/system/libsystem_platform.dylib
0x000000019a611000 	/usr/lib/system/libsystem_pthread.dylib
0x00000001a2998000 	/usr/lib/system/libsystem_symptoms.dylib
0x000000019a33f000 	/usr/lib/system/libsystem_trace.dylib
0x0000000299d87000 	/usr/lib/system/libsystem_trial.dylib
0x00000001aa0aa000 	/usr/lib/system/libunwind.dylib
0x000000019a2e9000 	/usr/lib/system/libxpc.dylib
0x000000019a5b9000 	/usr/lib/libc++abi.dylib
0x00000002995b2000 	/usr/lib/libswiftPrespecialized.dylib
0x00000001aa0e9000 	/usr/lib/libfakelink.dylib
0x00000001a0962000 	/System/Library/Frameworks/CFNetwork.framework/Versions/A/CFNetwork
0x00000001aa13d000 	/usr/lib/libarchive.2.dylib
0x00000001b02bf000 	/System/Library/Frameworks/Combine.framework/Versions/A/Combine
0x0000000253f1a000 	/System/Library/PrivateFrameworks/CollectionsInternal.framework/Versions/A/CollectionsInternal
0x000000027b099000 	/System/Library/PrivateFrameworks/ReflectionInternal.framework/Versions/A/ReflectionInternal
0x000000027bf25000 	/System/Library/PrivateFrameworks/RuntimeInternal.framework/Versions/A/RuntimeInternal
0x00000001c3ec6000 	/usr/lib/swift/libswiftDarwin.dylib
0x00000002999e9000 	/usr/lib/swift/libswiftSystem.dylib
0x0000000299aa8000 	/usr/lib/swift/libswift_DarwinFoundation1.dylib
0x0000000299b89000 	/usr/lib/swift/libswift_StringProcessing.dylib
0x000000019e8d6000 	/System/Library/PrivateFrameworks/CoreServicesInternal.framework/Versions/A/CoreServicesInternal
0x00000001aa0b4000 	/usr/lib/liboah.dylib
0x00000001b65f1000 	/System/Library/PrivateFrameworks/DiskImages.framework/Versions/A/DiskImages
0x00000001c3988000 	/System/Library/Frameworks/NetFS.framework/Versions/A/NetFS
0x00000001a4b4a000 	/System/Library/Frameworks/CoreServices.framework/Versions/A/Frameworks/FSEvents.framework/Versions/A/FSEvents
0x000000019e5dc000 	/System/Library/Frameworks/CoreServices.framework/Versions/A/Frameworks/CarbonCore.framework/Versions/A/CarbonCore
0x00000001a3f0f000 	/System/Library/Frameworks/CoreServices.framework/Versions/A/Frameworks/Metadata.framework/Versions/A/Metadata
0x00000001a9aee000 	/System/Library/Frameworks/CoreServices.framework/Versions/A/Frameworks/OSServices.framework/Versions/A/OSServices
0x00000001aa235000 	/System/Library/Frameworks/CoreServices.framework/Versions/A/Frameworks/SearchKit.framework/Versions/A/SearchKit
0x00000001a2911000 	/System/Library/Frameworks/CoreServices.framework/Versions/A/Frameworks/AE.framework/Versions/A/AE
0x000000019aba1000 	/System/Library/Frameworks/CoreServices.framework/Versions/A/Frameworks/LaunchServices.framework/Versions/A/LaunchServices
0x00000001ab656000 	/System/Library/Frameworks/CoreServices.framework/Versions/A/Frameworks/DictionaryServices.framework/Versions/A/DictionaryServices
0x00000001a4b58000 	/System/Library/Frameworks/CoreServices.framework/Versions/A/Frameworks/SharedFileList.framework/Versions/A/SharedFileList
0x00000001aa2ca000 	/usr/lib/libapple_nghttp2.dylib
0x00000001a252b000 	/usr/lib/libsqlite3.dylib
0x00000001b6839000 	/System/Library/PrivateFrameworks/AppSupport.framework/Versions/A/AppSupport
0x00000001ae781000 	/System/Library/Frameworks/GSS.framework/Versions/A/GSS
0x00000001a28a5000 	/System/Library/PrivateFrameworks/RunningBoardServices.framework/Versions/A/RunningBoardServices
0x00000001b7132000 	/System/Library/PrivateFrameworks/StreamingZip.framework/Versions/A/StreamingZip
0x00000001a29a1000 	/System/Library/Frameworks/Network.framework/Versions/A/Network
0x00000001aa083000 	/usr/lib/system/libkxld.dylib
0x000000024f77b000 	/System/Library/PrivateFrameworks/AppleKeyStore.framework/Versions/A/AppleKeyStore
0x0000000298344000 	/usr/lib/libCoreEntitlements.dylib
0x0000000270f6b000 	/System/Library/PrivateFrameworks/MessageSecurity.framework/Versions/A/MessageSecurity
0x00000001a250f000 	/System/Library/PrivateFrameworks/ProtocolBuffer.framework/Versions/A/ProtocolBuffer
0x00000001b36df000 	/System/Library/PrivateFrameworks/SymptomDiagnosticReporter.framework/Versions/A/SymptomDiagnosticReporter
0x00000001ab89a000 	/System/Library/PrivateFrameworks/CrashReporterSupport.framework/Versions/A/CrashReporterSupport
0x00000001a9acd000 	/System/Library/PrivateFrameworks/AppleFSCompression.framework/Versions/A/AppleFSCompression
0x00000001a9366000 	/usr/lib/libcoretls.dylib
0x00000001ab6cd000 	/usr/lib/libcoretls_cfhelpers.dylib
0x00000001aa30c000 	/usr/lib/libpam.2.dylib
0x00000001ab73f000 	/usr/lib/libxar.1.dylib
0x00000001ab6cf000 	/System/Library/PrivateFrameworks/APFS.framework/Versions/A/APFS
0x00000002869d1000 	/System/Library/PrivateFrameworks/SwiftASN1Internal.framework/Versions/A/SwiftASN1Internal
0x00000001ab74e000 	/usr/lib/libutil.dylib
0x00000001a7dc6000 	/System/Library/PrivateFrameworks/AppleSystemInfo.framework/Versions/A/AppleSystemInfo
0x00000001a904e000 	/System/Library/PrivateFrameworks/IOMobileFramebuffer.framework/Versions/A/IOMobileFramebuffer
0x00000001c6ee5000 	/System/Library/PrivateFrameworks/LoggingSupport.framework/Versions/A/LoggingSupport
0x00000001ae7e4000 	/System/Library/PrivateFrameworks/MobileAsset.framework/Versions/A/MobileAsset
0x00000001b36ef000 	/System/Library/PrivateFrameworks/PowerLog.framework/Versions/A/PowerLog
0x0000000248c90000 	/System/Library/Frameworks/SwiftData.framework/Versions/A/SwiftData
0x00000001a4d7d000 	/System/Library/PrivateFrameworks/UserManagement.framework/Versions/A/UserManagement
0x00000001a088d000 	/usr/lib/libboringssl.dylib
0x00000001a2986000 	/usr/lib/libdns_services.dylib
0x00000001c5f1c000 	/usr/lib/libquic.dylib
0x00000001ad9df000 	/usr/lib/libusrtcp.dylib
0x000000025056d000 	/System/Library/PrivateFrameworks/AtomicsInternal.framework/Versions/A/AtomicsInternal
0x00000001ec892000 	/System/Library/PrivateFrameworks/InternalSwiftProtobuf.framework/Versions/A/InternalSwiftProtobuf
0x0000000299879000 	/usr/lib/swift/libswiftDistributed.dylib
0x00000001a7dc4000 	/System/Library/PrivateFrameworks/AggregateDictionary.framework/Versions/A/AggregateDictionary
0x0000000250d00000 	/System/Library/PrivateFrameworks/BiomeLibrary.framework/Versions/A/BiomeLibrary
0x00000001d5ca1000 	/System/Library/PrivateFrameworks/BiomeStreams.framework/Versions/A/BiomeStreams
0x00000001d1e6c000 	/System/Library/PrivateFrameworks/BiomeFoundation.framework/Versions/A/BiomeFoundation
0x00000001dbd62000 	/System/Library/PrivateFrameworks/BiomePubSub.framework/Versions/A/BiomePubSub
0x00000001b815e000 	/System/Library/PrivateFrameworks/ProactiveSupport.framework/Versions/A/ProactiveSupport
0x00000001ab6ae000 	/usr/lib/liblzma.5.dylib
0x00000001b6b54000 	/System/Library/PrivateFrameworks/InternationalTextSearch.framework/Versions/A/InternationalTextSearch
0x00000001ce370000 	/System/Library/PrivateFrameworks/SoftwareUpdateCoreSupport.framework/Versions/A/SoftwareUpdateCoreSupport
0x00000001d6725000 	/System/Library/PrivateFrameworks/SoftwareUpdateCoreConnect.framework/Versions/A/SoftwareUpdateCoreConnect
0x00000001b66ef000 	/System/Library/PrivateFrameworks/RemoteServiceDiscovery.framework/Versions/A/RemoteServiceDiscovery
0x00000001cdf67000 	/System/Library/PrivateFrameworks/MSUDataAccessor.framework/Versions/A/MSUDataAccessor
0x00000001c9041000 	/usr/lib/libbootpolicy.dylib
0x00000001b6706000 	/System/Library/PrivateFrameworks/RemoteXPC.framework/Versions/A/RemoteXPC
0x00000001d5b6d000 	/usr/lib/libFDR.dylib
0x00000001db983000 	/usr/lib/libamsupport.dylib
0x0000000298659000 	/usr/lib/libReverseProxyDevice.dylib
0x000000024f0a4000 	/System/Library/PrivateFrameworks/AppleDeviceQuerySupport.framework/Versions/A/AppleDeviceQuerySupport
0x00000001dea17000 	/usr/lib/libpartition2_dynamic.dylib
0x00000001aa2a6000 	/System/Library/PrivateFrameworks/AppleSauce.framework/Versions/A/AppleSauce
0x00000002981e5000 	/usr/lib/libAppleArchive.dylib
0x00000001a9ad9000 	/usr/lib/libbz2.1.0.dylib
0x00000001a3fa5000 	/System/Library/Frameworks/Accelerate.framework/Versions/A/Frameworks/vImage.framework/Versions/A/vImage
0x00000001b258e000 	/System/Library/Frameworks/Accelerate.framework/Versions/A/Frameworks/vecLib.framework/Versions/A/vecLib
0x00000001ab785000 	/System/Library/Frameworks/Accelerate.framework/Versions/A/Frameworks/vecLib.framework/Versions/A/libvMisc.dylib
0x000000019b0a1000 	/System/Library/Frameworks/Accelerate.framework/Versions/A/Frameworks/vecLib.framework/Versions/A/libBLAS.dylib
0x00000001a4cb7000 	/System/Library/Frameworks/CoreVideo.framework/Versions/A/CoreVideo
0x00000001ae388000 	/System/Library/Frameworks/ApplicationServices.framework/Versions/A/Frameworks/ATS.framework/Versions/A/ATS
0x00000001aca39000 	/System/Library/Frameworks/ApplicationServices.framework/Versions/A/Frameworks/PrintCore.framework/Versions/A/PrintCore
0x00000001ae74a000 	/System/Library/Frameworks/ApplicationServices.framework/Versions/A/Frameworks/QD.framework/Versions/A/QD
0x00000001ae745000 	/System/Library/Frameworks/ApplicationServices.framework/Versions/A/Frameworks/ColorSyncLegacy.framework/Versions/A/ColorSyncLegacy
0x00000001ae35a000 	/System/Library/Frameworks/ApplicationServices.framework/Versions/A/Frameworks/SpeechSynthesis.framework/Versions/A/SpeechSynthesis
0x00000001a6e8d000 	/System/Library/PrivateFrameworks/FontServices.framework/libFontParser.dylib
0x00000001b6415000 	/System/Library/PrivateFrameworks/BackBoardServices.framework/Versions/A/BackBoardServices
0x0000000250c19000 	/System/Library/PrivateFrameworks/BackBoardHIDEventFoundation.framework/Versions/A/BackBoardHIDEventFoundation
0x000000019d00c000 	/System/Library/Frameworks/CoreDisplay.framework/Versions/A/CoreDisplay
0x00000001ac370000 	/System/Library/Frameworks/VideoToolbox.framework/Versions/A/VideoToolbox
0x00000001aa30a000 	/System/Library/Frameworks/MetalPerformanceShaders.framework/Versions/A/MetalPerformanceShaders
0x000000027a105000 	/System/Library/PrivateFrameworks/ProDisplayLibrary.framework/Versions/A/ProDisplayLibrary
0x00000001ba1f5000 	/System/Library/PrivateFrameworks/IOSurfaceAccelerator.framework/Versions/A/IOSurfaceAccelerator
0x00000001a69b8000 	/System/Library/PrivateFrameworks/IOAccelerator.framework/Versions/A/IOAccelerator
0x00000001a6cd0000 	/System/Library/Frameworks/CoreMedia.framework/Versions/A/CoreMedia
0x00000001a0dd4000 	/System/Library/PrivateFrameworks/TCC.framework/Versions/A/TCC
0x00000001ac328000 	/System/Library/PrivateFrameworks/WatchdogClient.framework/Versions/A/WatchdogClient
0x00000001c6fff000 	/usr/lib/swift/libswiftCoreAudio.dylib
0x00000001e285f000 	/usr/lib/swift/libswiftCoreMedia.dylib
0x0000000299a03000 	/usr/lib/swift/libswiftVideoToolbox.dylib
0x00000001dbdc0000 	/System/Library/PrivateFrameworks/BiomeStorage.framework/Versions/A/BiomeStorage
0x000000026b5cb000 	/System/Library/PrivateFrameworks/IntelligencePlatformLibrary.framework/Versions/A/IntelligencePlatformLibrary
0x0000000279404000 	/System/Library/PrivateFrameworks/PoirotSchematizer.framework/Versions/A/PoirotSchematizer
0x0000000251548000 	/System/Library/PrivateFrameworks/BiomeSync.framework/Versions/A/BiomeSync
0x0000000250ce6000 	/System/Library/PrivateFrameworks/BiomeDSL.framework/Versions/A/BiomeDSL
0x000000027946e000 	/System/Library/PrivateFrameworks/PoirotUDFs.framework/Versions/A/PoirotUDFs
0x00000002793d3000 	/System/Library/PrivateFrameworks/PoirotSQLite.framework/Versions/A/PoirotSQLite
0x00000001b4b5f000 	/System/Library/PrivateFrameworks/CoreTime.framework/Versions/A/CoreTime
0x00000001aa122000 	/usr/lib/libiconv.2.dylib
0x00000001aa07e000 	/usr/lib/libcharset.1.dylib
0x0000000299ae9000 	/usr/lib/swift/libswift_RegexParser.dylib
0x0000000252b59000 	/System/Library/PrivateFrameworks/CascadeSets.framework/Versions/A/CascadeSets
0x00000001ae954000 	/System/Library/PrivateFrameworks/CorePhoneNumbers.framework/Versions/A/CorePhoneNumbers
0x00000001ac110000 	/System/Library/PrivateFrameworks/AppleJPEG.framework/Versions/A/AppleJPEG
0x00000001abaf2000 	/usr/lib/libexpat.1.dylib
0x00000001ac90c000 	/System/Library/Frameworks/ImageIO.framework/Versions/A/Resources/libPng.dylib
0x00000001ac938000 	/System/Library/Frameworks/ImageIO.framework/Versions/A/Resources/libTIFF.dylib
0x00000001aca22000 	/System/Library/Frameworks/ImageIO.framework/Versions/A/Resources/libGIF.dylib
0x00000001ac155000 	/System/Library/Frameworks/ImageIO.framework/Versions/A/Resources/libJP2.dylib
0x00000001ac9c8000 	/System/Library/Frameworks/ImageIO.framework/Versions/A/Resources/libJPEG.dylib
0x00000001ac9bf000 	/System/Library/Frameworks/ImageIO.framework/Versions/A/Resources/libRadiance.dylib
0x0000000261da9000 	/System/Library/PrivateFrameworks/GPUCompiler.framework/Versions/32023/Libraries/libllvm-flatbuffers.dylib
0x000000025c6b5000 	/System/Library/PrivateFrameworks/FramePacing.framework/Versions/A/FramePacing
0x000000023e7da000 	/System/Library/Frameworks/OpenGL.framework/Versions/A/Libraries/libCoreFSCache.dylib
0x000000025d7f6000 	/System/Library/PrivateFrameworks/GPUCompiler.framework/Versions/32023/Libraries/libGPUCompilerUtils.dylib
0x00000001b470f000 	/System/Library/PrivateFrameworks/GraphicsServices.framework/Versions/A/GraphicsServices
0x00000001b82ea000 	/System/Library/PrivateFrameworks/ASEProcessing.framework/Versions/A/ASEProcessing
0x00000001e8061000 	/System/Library/PrivateFrameworks/Symbolication.framework/Versions/A/Symbolication
0x0000000278ff0000 	/System/Library/PrivateFrameworks/PhotosensitivityProcessing.framework/Versions/A/PhotosensitivityProcessing
0x000000027c15e000 	/System/Library/PrivateFrameworks/SILManager.framework/Versions/A/SILManager
0x00000001abd24000 	/System/Library/PrivateFrameworks/GraphVisualizer.framework/Versions/A/GraphVisualizer
0x000000023e839000 	/System/Library/Frameworks/OpenGL.framework/Versions/A/Libraries/libGLU.dylib
0x000000023e7fc000 	/System/Library/Frameworks/OpenGL.framework/Versions/A/Libraries/libGFXShared.dylib
0x000000023e9c8000 	/System/Library/Frameworks/OpenGL.framework/Versions/A/Libraries/libGL.dylib
0x000000023e805000 	/System/Library/Frameworks/OpenGL.framework/Versions/A/Libraries/libGLImage.dylib
0x000000023e7f9000 	/System/Library/Frameworks/OpenGL.framework/Versions/A/Libraries/libCVMSPluginSupport.dylib
0x000000023e7e2000 	/System/Library/Frameworks/OpenGL.framework/Versions/A/Libraries/libCoreVMClient.dylib
0x000000025c5c0000 	/System/Library/PrivateFrameworks/FontServices.framework/Versions/A/FontServices
0x00000001abd34000 	/System/Library/PrivateFrameworks/OTSVG.framework/Versions/A/OTSVG
0x00000001a47fe000 	/System/Library/Frameworks/ApplicationServices.framework/Versions/A/Frameworks/ATS.framework/Versions/A/Resources/libFontRegistry.dylib
0x0000000298b69000 	/usr/lib/libhvf.dylib
0x0000000275e28000 	/System/Library/PrivateFrameworks/ParsingInternal.framework/Versions/A/ParsingInternal
0x000000025c5c4000 	/System/Library/PrivateFrameworks/FontServices.framework/libXTFontStaticRegistryData.dylib
0x00000001a7d03000 	/System/Library/Frameworks/MetalPerformanceShaders.framework/Versions/A/Frameworks/MPSCore.framework/Versions/A/MPSCore
0x00000001a9a38000 	/System/Library/Frameworks/MetalPerformanceShaders.framework/Versions/A/Frameworks/MPSImage.framework/Versions/A/MPSImage
0x00000001a9409000 	/System/Library/Frameworks/MetalPerformanceShaders.framework/Versions/A/Frameworks/MPSNeuralNetwork.framework/Versions/A/MPSNeuralNetwork
0x00000001a9841000 	/System/Library/Frameworks/MetalPerformanceShaders.framework/Versions/A/Frameworks/MPSMatrix.framework/Versions/A/MPSMatrix
0x00000001a9656000 	/System/Library/Frameworks/MetalPerformanceShaders.framework/Versions/A/Frameworks/MPSRayIntersector.framework/Versions/A/MPSRayIntersector
0x00000001a9873000 	/System/Library/Frameworks/MetalPerformanceShaders.framework/Versions/A/Frameworks/MPSNDArray.framework/Versions/A/MPSNDArray
0x0000000242971000 	/System/Library/Frameworks/MetalPerformanceShaders.framework/Versions/A/Frameworks/MPSFunctions.framework/Versions/A/MPSFunctions
0x0000000242952000 	/System/Library/Frameworks/MetalPerformanceShaders.framework/Versions/A/Frameworks/MPSBenchmarkLoop.framework/Versions/A/MPSBenchmarkLoop
0x0000000242986000 	/System/Library/Frameworks/MetalPerformanceShaders.framework/Versions/A/Frameworks/MPSHost.framework/Versions/A/MPSHost
0x000000019aebd000 	/System/Library/PrivateFrameworks/MetalTools.framework/Versions/A/MetalTools
0x00000001cc18a000 	/System/Library/PrivateFrameworks/IOAccelMemoryInfo.framework/Versions/A/IOAccelMemoryInfo
0x00000001da390000 	/System/Library/PrivateFrameworks/kperf.framework/Versions/A/kperf
0x00000001c6ffb000 	/System/Library/PrivateFrameworks/GPURawCounter.framework/Versions/A/GPURawCounter
0x00000001b4a48000 	/System/Library/PrivateFrameworks/CoreSymbolication.framework/Versions/A/CoreSymbolication
0x00000001c6f72000 	/System/Library/PrivateFrameworks/MallocStackLogging.framework/Versions/A/MallocStackLogging
0x00000001b4a25000 	/System/Library/PrivateFrameworks/DebugSymbols.framework/Versions/A/DebugSymbols
0x00000001d8bf6000 	/System/Library/PrivateFrameworks/OSAnalytics.framework/Versions/A/OSAnalytics
0x000000025a4ad000 	/System/Library/PrivateFrameworks/DeviceRecovery.framework/Versions/A/DeviceRecovery
0x0000000240788000 	/System/Library/Frameworks/ExtensionFoundation.framework/Versions/A/ExtensionFoundation
0x00000001abd75000 	/System/Library/PrivateFrameworks/AppServerSupport.framework/Versions/A/AppServerSupport
0x0000000241af0000 	/System/Library/Frameworks/LightweightCodeRequirements.framework/Versions/A/LightweightCodeRequirements
0x00000001ab9f1000 	/System/Library/PrivateFrameworks/PlugInKit.framework/Versions/A/PlugInKit
0x00000001a9277000 	/System/Library/PrivateFrameworks/AssertionServices.framework/Versions/A/AssertionServices
0x00000001abb17000 	/System/Library/PrivateFrameworks/IconFoundation.framework/Versions/A/IconFoundation
0x00000002684cd000 	/System/Library/PrivateFrameworks/IconRendering.framework/Versions/A/IconRendering
0x000000027c0d6000 	/System/Library/PrivateFrameworks/SFSymbols.framework/Versions/A/SFSymbols
0x000000019d130000 	/System/Library/PrivateFrameworks/AudioToolboxCore.framework/Versions/A/AudioToolboxCore
0x00000001ae2c2000 	/System/Library/PrivateFrameworks/AudioSession.framework/Versions/A/AudioSession
0x00000001b9536000 	/System/Library/Frameworks/CoreMIDI.framework/Versions/A/CoreMIDI
0x00000001ae341000 	/usr/lib/libAudioStatistics.dylib
0x00000001a6ca7000 	/System/Library/PrivateFrameworks/caulk.framework/Versions/A/caulk
0x00000001ac8e6000 	/usr/lib/libAudioToolboxUtility.dylib
0x00000001cd7b0000 	/usr/lib/swift/libswiftCoreMIDI.dylib
0x00000001ae753000 	/System/Library/PrivateFrameworks/perfdata.framework/Versions/A/perfdata
0x00000001c6019000 	/System/Library/PrivateFrameworks/SystemPolicy.framework/Versions/A/SystemPolicy
0x00000001ae5f8000 	/usr/lib/libSMC.dylib
0x00000001ae761000 	/usr/lib/libperfcheck.dylib
0x000000025062d000 	/System/Library/PrivateFrameworks/AudioAnalytics.framework/Versions/A/AudioAnalytics
0x0000000299aac000 	/usr/lib/swift/libswift_DarwinFoundation2.dylib
0x0000000299aad000 	/usr/lib/swift/libswift_DarwinFoundation3.dylib
0x00000001ec58f000 	/System/Library/Frameworks/OSLog.framework/Versions/A/OSLog
0x00000001c6fa4000 	/usr/lib/libmis.dylib
0x00000001abc35000 	/System/Library/PrivateFrameworks/MediaExperience.framework/Versions/A/MediaExperience
0x00000001ae090000 	/System/Library/PrivateFrameworks/AudioSession.framework/libSessionUtility.dylib
0x00000001aca28000 	/System/Library/PrivateFrameworks/CMCaptureCore.framework/Versions/A/CMCaptureCore
0x00000001b35d9000 	/System/Library/Frameworks/CoreBluetooth.framework/Versions/A/CoreBluetooth
0x00000001a90e3000 	/System/Library/PrivateFrameworks/CoreUtils.framework/Versions/A/CoreUtils
0x00000001bef59000 	/System/Library/PrivateFrameworks/HID.framework/Versions/A/HID
0x00000002598aa000 	/System/Library/PrivateFrameworks/CoreUtilsExtras.framework/Versions/A/CoreUtilsExtras
0x0000000268422000 	/System/Library/PrivateFrameworks/IO80211.framework/Versions/A/IO80211
0x00000001b0012000 	/System/Library/Frameworks/IOBluetooth.framework/Versions/A/IOBluetooth
0x000000025021b000 	/System/Library/PrivateFrameworks/ArgumentParserInternal.framework/Versions/A/ArgumentParserInternal
0x00000001ab891000 	/usr/lib/libIOReport.dylib
0x00000001a9286000 	/System/Library/Frameworks/SecurityFoundation.framework/Versions/A/SecurityFoundation
0x000000019b881000 	/System/Library/PrivateFrameworks/Lexicon.framework/Versions/A/Lexicon
0x00000001a93f1000 	/usr/lib/libgermantok.dylib
0x00000001a7eef000 	/System/Library/PrivateFrameworks/LinguisticData.framework/Versions/A/LinguisticData
0x00000001b37e1000 	/System/Library/PrivateFrameworks/MediaKit.framework/Versions/A/MediaKit
0x00000001b372c000 	/System/Library/Frameworks/DiscRecording.framework/Versions/A/DiscRecording
0x00000001abb0d000 	/usr/lib/libheimdal-asn1.dylib
0x00000001b7108000 	/System/Library/Frameworks/AudioUnit.framework/Versions/A/AudioUnit
0x00000001a4b1d000 	/System/Library/Frameworks/OpenDirectory.framework/Versions/A/OpenDirectory
0x00000001a4b2b000 	/System/Library/Frameworks/OpenDirectory.framework/Versions/A/Frameworks/CFOpenDirectory.framework/Versions/A/CFOpenDirectory
0x000000023ed4c000 	/System/Library/Frameworks/AVFAudio.framework/Versions/A/AVFAudio
0x00000001bff2a000 	/usr/lib/libAccessibility.dylib
0x000000026c172000 	/System/Library/PrivateFrameworks/IsolatedCoreAudioClient.framework/Versions/A/IsolatedCoreAudioClient
0x0000000289fac000 	/System/Library/PrivateFrameworks/Tightbeam.framework/Versions/A/Tightbeam
0x00000002557a8000 	/System/Library/PrivateFrameworks/CoreAudioOrchestration.framework/Versions/A/CoreAudioOrchestration
0x00000001def6a000 	/System/Library/PrivateFrameworks/AFKUser.framework/Versions/A/AFKUser
0x00000001b287b000 	/System/Library/Frameworks/MediaAccessibility.framework/Versions/A/MediaAccessibility
0x000000028e1cb000 	/System/Library/PrivateFrameworks/VideoToolboxParavirtualizationSupport.framework/Versions/A/VideoToolboxParavirtualizationSupport
0x00000001abaa9000 	/System/Library/PrivateFrameworks/AppleVA.framework/Versions/A/AppleVA
0x00000001ac9ba000 	/System/Library/PrivateFrameworks/GPUWrangler.framework/Versions/A/GPUWrangler
0x00000001ac99a000 	/System/Library/PrivateFrameworks/IOPresentment.framework/Versions/A/IOPresentment
0x00000001ac9c2000 	/System/Library/PrivateFrameworks/DSExternalDisplay.framework/Versions/A/DSExternalDisplay
0x0000000250072000 	/System/Library/PrivateFrameworks/AppleMobileFileIntegrity.framework/Versions/A/AppleMobileFileIntegrity
0x00000002986e6000 	/usr/lib/libTLE.dylib
0x00000001fd895000 	/System/Library/PrivateFrameworks/ConfigProfileHelper.framework/Versions/A/ConfigProfileHelper
0x00000001f26a2000 	/usr/lib/libedit.3.dylib
0x000000026d6f2000 	/System/Library/PrivateFrameworks/MIL.framework/Versions/A/MIL
0x00000001cc14d000 	/usr/lib/libncurses.5.4.dylib
0x00000001a9018000 	/System/Library/PrivateFrameworks/CoreEmoji.framework/Versions/A/CoreEmoji
0x000000019bb9d000 	/usr/lib/libCRFSuite.dylib
0x00000001a7dcd000 	/System/Library/PrivateFrameworks/CoreNLP.framework/Versions/A/CoreNLP
0x00000001a9390000 	/usr/lib/libmecab.dylib
0x00000001aa29d000 	/usr/lib/libThaiTokenizer.dylib
0x00000001eca5a000 	/System/Library/PrivateFrameworks/HIDDisplay.framework/Versions/A/HIDDisplay
0x00000001ac9f4000 	/System/Library/Frameworks/ApplicationServices.framework/Versions/A/Frameworks/ATSUI.framework/Versions/A/ATSUI
0x00000001ae6d9000 	/usr/lib/libcups.2.dylib
0x00000001ae76f000 	/System/Library/Frameworks/Kerberos.framework/Versions/A/Kerberos
0x00000001ae3d0000 	/usr/lib/libresolv.9.dylib
0x00000001abd89000 	/System/Library/PrivateFrameworks/Heimdal.framework/Versions/A/Heimdal
0x00000001b7107000 	/System/Library/Frameworks/Kerberos.framework/Versions/A/Libraries/libHeimdalProxy.dylib
0x00000001ae7d3000 	/System/Library/PrivateFrameworks/CommonAuth.framework/Versions/A/CommonAuth
0x00000001bfe25000 	/System/Library/PrivateFrameworks/AXCoreUtilities.framework/Versions/A/AXCoreUtilities
0x00000002980ff000 	/usr/lib/libAXSafeCategoryBundle.dylib
0x00000001a8ede000 	/System/Library/Frameworks/Accelerate.framework/Versions/A/Frameworks/vecLib.framework/Versions/A/libvDSP.dylib
0x00000001aa3ea000 	/System/Library/Frameworks/Accelerate.framework/Versions/A/Frameworks/vecLib.framework/Versions/A/libLAPACK.dylib
0x00000001a93f4000 	/System/Library/Frameworks/Accelerate.framework/Versions/A/Frameworks/vecLib.framework/Versions/A/libLinearAlgebra.dylib
0x00000001aa2e3000 	/System/Library/Frameworks/Accelerate.framework/Versions/A/Frameworks/vecLib.framework/Versions/A/libSparseBLAS.dylib
0x00000001aa3e5000 	/System/Library/Frameworks/Accelerate.framework/Versions/A/Frameworks/vecLib.framework/Versions/A/libQuadrature.dylib
0x00000001a7ef6000 	/System/Library/Frameworks/Accelerate.framework/Versions/A/Frameworks/vecLib.framework/Versions/A/libBNNS.dylib
0x000000019b996000 	/System/Library/Frameworks/Accelerate.framework/Versions/A/Frameworks/vecLib.framework/Versions/A/libSparse.dylib
0x00000001ae738000 	/System/Library/PrivateFrameworks/NetAuth.framework/Versions/A/NetAuth
0x00000001a4d3c000 	/System/Library/PrivateFrameworks/login.framework/Versions/A/Frameworks/loginsupport.framework/Versions/A/loginsupport
0x00000001a935a000 	/usr/lib/libCheckFix.dylib
0x00000001a3ea9000 	/System/Library/PrivateFrameworks/MetadataUtilities.framework/Versions/A/MetadataUtilities
0x0000000268eea000 	/System/Library/PrivateFrameworks/InstalledContentLibrary.framework/Versions/A/InstalledContentLibrary
0x000000019e917000 	/System/Library/PrivateFrameworks/CoreServicesStore.framework/Versions/A/CoreServicesStore
0x00000001da497000 	/System/Library/PrivateFrameworks/MobileSystemServices.framework/Versions/A/MobileSystemServices
0x00000001ab752000 	/usr/lib/libxslt.1.dylib
0x00000001a9319000 	/System/Library/PrivateFrameworks/BackgroundTaskManagement.framework/Versions/A/BackgroundTaskManagement
0x00000001b67b1000 	/usr/lib/libcurl.4.dylib
0x000000029891f000 	/usr/lib/libcrypto.46.dylib
0x000000029953f000 	/usr/lib/libssl.48.dylib
0x00000001b6487000 	/System/Library/Frameworks/LDAP.framework/Versions/A/LDAP
0x00000001b64c3000 	/System/Library/PrivateFrameworks/TrustEvaluationAgent.framework/Versions/A/TrustEvaluationAgent
0x00000001ae3ed000 	/usr/lib/libsasl2.2.dylib
0x00000001c3ec5000 	/usr/lib/swift/libswiftCoreGraphics.dylib
0x00000001b2f77000 	/usr/lib/swift/libswiftFoundation.dylib
0x00000001fd251000 	/usr/lib/swift/libswiftSwiftOnoneSupport.dylib
0x0000000299c1e000 	/usr/lib/swift/libswiftsys_time.dylib
0x00000001e881e000 	/System/Library/PrivateFrameworks/CoreMaterial.framework/Versions/A/CoreMaterial
0x0000000299964000 	/usr/lib/swift/libswiftSpatial.dylib
0x00000002986e3000 	/usr/lib/libSpatial.dylib
0x000000029801d000 	/System/Library/SubFrameworks/UIUtilities.framework/Versions/A/UIUtilities
0x000000010a958000 	/Users/mattias800/Library/Java/JavaVirtualMachines/ms-21.0.10/Contents/Home/lib/server/libjvm.dylib
0x0000000104cc8000 	/Users/mattias800/Library/Java/JavaVirtualMachines/ms-21.0.10/Contents/Home/lib/libjimage.dylib
0x0000000104d54000 	/Users/mattias800/Library/Java/JavaVirtualMachines/ms-21.0.10/Contents/Home/lib/libjava.dylib
0x000000010a528000 	/Users/mattias800/Library/Java/JavaVirtualMachines/ms-21.0.10/Contents/Home/lib/libnio.dylib
0x000000010518c000 	/Users/mattias800/Library/Java/JavaVirtualMachines/ms-21.0.10/Contents/Home/lib/libnet.dylib
0x000000010a578000 	/Users/mattias800/Library/Java/JavaVirtualMachines/ms-21.0.10/Contents/Home/lib/libzip.dylib
0x000000010a6b4000 	/private/var/folders/00/y_pwwndd1hj9rnmh0xwj36v80000gn/T/sqlite-3.51.0.0-e378bbea-c89a-4144-b8f2-256eddf43389-libsqlitejdbc.dylib
0x000000010a7c4000 	/Users/mattias800/Library/Java/JavaVirtualMachines/ms-21.0.10/Contents/Home/lib/libawt.dylib
0x000000010a624000 	/Users/mattias800/Library/Java/JavaVirtualMachines/ms-21.0.10/Contents/Home/lib/libmlib_image.dylib
0x0000000241ae7000 	/System/Library/Frameworks/JavaRuntimeSupport.framework/Versions/A/JavaRuntimeSupport
0x00000001c59ea000 	/System/Library/Frameworks/Carbon.framework/Versions/A/Carbon
0x00000001bbd21000 	/System/Library/Frameworks/Carbon.framework/Versions/A/Frameworks/CommonPanels.framework/Versions/A/CommonPanels
0x00000001b679c000 	/System/Library/Frameworks/Carbon.framework/Versions/A/Frameworks/Help.framework/Versions/A/Help
0x00000001bbd25000 	/System/Library/Frameworks/Carbon.framework/Versions/A/Frameworks/ImageCapture.framework/Versions/A/ImageCapture
0x00000001bbd00000 	/System/Library/Frameworks/Carbon.framework/Versions/A/Frameworks/OpenScripting.framework/Versions/A/OpenScripting
0x00000001bbd20000 	/System/Library/Frameworks/Carbon.framework/Versions/A/Frameworks/Ink.framework/Versions/A/Ink
0x00000001bbd1d000 	/System/Library/Frameworks/Carbon.framework/Versions/A/Frameworks/SecurityHI.framework/Versions/A/SecurityHI
0x0000000298541000 	/usr/lib/libInterpreterSecurity.dylib
0x00000001dc0d0000 	/System/Library/PrivateFrameworks/XprotectFramework.framework/Versions/A/XprotectFramework
0x00000001bf26e000 	/System/Library/PrivateFrameworks/yara.framework/Versions/A/yara
0x00000002984bd000 	/usr/lib/libEndpointSecuritySystem.dylib
0x000000012be98000 	/Users/mattias800/Library/Java/JavaVirtualMachines/ms-21.0.10/Contents/Home/lib/libawt_lwawt.dylib
0x000000010a5d8000 	/Users/mattias800/Library/Java/JavaVirtualMachines/ms-21.0.10/Contents/Home/lib/libosxapp.dylib
0x00000001c3f2c000 	/System/Library/Frameworks/ExceptionHandling.framework/Versions/A/ExceptionHandling
0x00000001321e4000 	/Users/mattias800/Library/Java/JavaVirtualMachines/ms-21.0.10/Contents/Home/lib/libfontmanager.dylib
0x000000012bd64000 	/Users/mattias800/Library/Java/JavaVirtualMachines/ms-21.0.10/Contents/Home/lib/libfreetype.dylib
0x000000010a5bc000 	/Users/mattias800/Library/Java/JavaVirtualMachines/ms-21.0.10/Contents/Home/lib/libextnet.dylib
0x00000001a49da000 	/System/Library/PrivateFrameworks/ViewBridge.framework/Versions/A/ViewBridge
0x000000023f01c000 	/System/Library/Frameworks/AppIntents.framework/Versions/A/AppIntents
0x0000000248507000 	/System/Library/Frameworks/RelevanceKit.framework/Versions/A/RelevanceKit
0x00000001a9ee2000 	/System/Library/Frameworks/CoreSpotlight.framework/Versions/A/CoreSpotlight
0x000000026d205000 	/System/Library/PrivateFrameworks/LinkServices.framework/Versions/A/LinkServices
0x000000025a9c8000 	/System/Library/PrivateFrameworks/DoNotDisturb.framework/Versions/A/DoNotDisturb
0x000000026d060000 	/System/Library/PrivateFrameworks/LinkMetadata.framework/Versions/A/LinkMetadata
0x00000001c7026000 	/usr/lib/swift/libswiftIntents.dylib
0x00000001cc2a7000 	/System/Library/PrivateFrameworks/IntentsCore.framework/Versions/A/IntentsCore
0x0000000250b07000 	/System/Library/PrivateFrameworks/AvailabilityKit.framework/Versions/A/AvailabilityKit
0x000000024de49000 	/System/Library/PrivateFrameworks/AppIntentSchemas.framework/Versions/A/AppIntentSchemas
0x0000000262317000 	/System/Library/PrivateFrameworks/GRDBInternal.framework/Versions/A/GRDBInternal
0x0000000286184000 	/System/Library/PrivateFrameworks/StatusKit.framework/Versions/A/StatusKit
0x00000001b3b10000 	/System/Library/PrivateFrameworks/GenerationalStorage.framework/Versions/A/GenerationalStorage
0x00000001b3938000 	/System/Library/Frameworks/FileProvider.framework/Versions/A/FileProvider
0x00000001a03af000 	/System/Library/PrivateFrameworks/DesktopServicesPriv.framework/Versions/A/DesktopServicesPriv
0x00000001a2713000 	/System/Library/Frameworks/Accounts.framework/Versions/A/Accounts
0x00000001c6a92000 	/System/Library/PrivateFrameworks/FTServices.framework/Versions/A/FTServices
0x00000001bef17000 	/System/Library/PrivateFrameworks/CloudServices.framework/Versions/A/CloudServices
0x00000001b5fd1000 	/System/Library/PrivateFrameworks/CoreWiFi.framework/Versions/A/CoreWiFi
0x00000001a66e2000 	/System/Library/Frameworks/CoreLocation.framework/Versions/A/CoreLocation
0x00000001b5967000 	/System/Library/Frameworks/Intents.framework/Versions/A/Intents
0x000000024acce000 	/System/Library/Frameworks/_LocationEssentials.framework/Versions/A/_LocationEssentials
0x00000001a9e91000 	/System/Library/Frameworks/UserNotifications.framework/Versions/A/UserNotifications
0x00000001a9b21000 	/System/Library/PrivateFrameworks/AuthKit.framework/Versions/A/AuthKit
0x00000001afc1d000 	/System/Library/PrivateFrameworks/Sharing.framework/Versions/A/Sharing
0x00000001af79c000 	/System/Library/PrivateFrameworks/IDSFoundation.framework/Versions/A/IDSFoundation
0x00000001b5fd0000 	/System/Library/PrivateFrameworks/Apple80211.framework/Versions/A/Apple80211
0x00000001a9060000 	/System/Library/Frameworks/CoreWLAN.framework/Versions/A/CoreWLAN
0x00000001cd791000 	/usr/lib/swift/libswiftCoreLocation.dylib
0x00000001adfde000 	/System/Library/PrivateFrameworks/IMFoundation.framework/Versions/A/IMFoundation
0x00000001bf26d000 	/System/Library/PrivateFrameworks/Marco.framework/Versions/A/Marco
0x00000001a279d000 	/System/Library/PrivateFrameworks/CommonUtilities.framework/Versions/A/CommonUtilities
0x00000001bbce8000 	/System/Library/PrivateFrameworks/Engram.framework/Versions/A/Engram
0x00000002998c3000 	/usr/lib/swift/libswiftRegexBuilder.dylib
0x00000001bbc86000 	/usr/lib/libtidy.A.dylib
0x00000001ac09a000 	/System/Library/PrivateFrameworks/Bom.framework/Versions/A/Bom
0x00000001ae40e000 	/usr/lib/libParallelCompression.dylib
0x00000001f47b7000 	/System/Library/PrivateFrameworks/WiFiPeerToPeer.framework/Versions/A/WiFiPeerToPeer
0x0000000252bf9000 	/System/Library/PrivateFrameworks/Centauri.framework/Versions/A/Centauri
0x0000000299053000 	/usr/lib/libmrc.dylib
0x000000026848c000 	/System/Library/PrivateFrameworks/IPConfiguration.framework/Versions/A/IPConfiguration
0x00000001e87e0000 	/System/Library/PrivateFrameworks/Netrb.framework/Versions/A/Netrb
0x00000001ae400000 	/System/Library/PrivateFrameworks/MultiverseSupport.framework/Versions/A/MultiverseSupport
0x00000001b3813000 	/System/Library/PrivateFrameworks/DiskManagement.framework/Versions/A/DiskManagement
0x00000001b371f000 	/System/Library/PrivateFrameworks/AppleIDAuthSupport.framework/Versions/A/AppleIDAuthSupport
0x000000024b5ae000 	/System/Library/PrivateFrameworks/AAAFoundation.framework/Versions/A/AAAFoundation
0x00000001ae912000 	/System/Library/PrivateFrameworks/KeychainCircle.framework/Versions/A/KeychainCircle
0x00000001bfe1b000 	/System/Library/PrivateFrameworks/URLFormatting.framework/Versions/A/URLFormatting
0x00000001b67a5000 	/usr/lib/libcsfde.dylib
0x00000001aba3b000 	/usr/lib/libCoreStorage.dylib
0x00000001b00e9000 	/System/Library/PrivateFrameworks/ProtectedCloudStorage.framework/Versions/A/ProtectedCloudStorage
0x00000001b67a0000 	/System/Library/PrivateFrameworks/EFILogin.framework/Versions/A/EFILogin
0x00000001b3b37000 	/System/Library/PrivateFrameworks/OctagonTrust.framework/Versions/A/OctagonTrust
0x00000001b03b6000 	/System/Library/PrivateFrameworks/GeoServices.framework/Versions/A/GeoServices
0x00000001ae057000 	/System/Library/PrivateFrameworks/LocationSupport.framework/Versions/A/LocationSupport
0x0000000265495000 	/System/Library/PrivateFrameworks/GeoServicesCore.framework/Versions/A/GeoServicesCore
0x00000001bfe19000 	/System/Library/PrivateFrameworks/PhoneNumbers.framework/Versions/A/PhoneNumbers
0x000000026d5e3000 	/System/Library/PrivateFrameworks/LocationLogEncryption.framework/Versions/A/LocationLogEncryption
0x00000001af5bb000 	/System/Library/PrivateFrameworks/IDS.framework/Versions/A/IDS
0x00000001ef472000 	/System/Library/Frameworks/CryptoKit.framework/Versions/A/CryptoKit
0x00000001b7103000 	/System/Library/PrivateFrameworks/CryptoKitCBridging.framework/Versions/A/CryptoKitCBridging
0x00000001b4721000 	/System/Library/Frameworks/CryptoTokenKit.framework/Versions/A/CryptoTokenKit
0x00000001d56ba000 	/System/Library/PrivateFrameworks/FTAWD.framework/Versions/A/FTAWD
0x000000019ea54000 	/usr/lib/libsandbox.1.dylib
0x00000001aba33000 	/usr/lib/libMatch.1.dylib
0x00000001b71c6000 	/System/Library/PrivateFrameworks/IntentsFoundation.framework/Versions/A/IntentsFoundation
0x000000024abd8000 	/System/Library/Frameworks/_AppIntents_AppKit.framework/Versions/A/_AppIntents_AppKit
0x000000010a60c000 	/usr/lib/libobjc-trampolines.dylib
0x00000001d0d4a000 	/System/Library/CoreServices/RawCamera.bundle/Contents/MacOS/RawCamera
0x00000001acf18000 	/System/Library/Frameworks/MediaToolbox.framework/Versions/A/MediaToolbox
0x00000001b3909000 	/System/Library/PrivateFrameworks/CoreAVCHD.framework/Versions/A/CoreAVCHD
0x00000001b3905000 	/System/Library/PrivateFrameworks/Mangrove.framework/Versions/A/Mangrove
0x0000000252275000 	/System/Library/PrivateFrameworks/CMPhoto.framework/Versions/A/CMPhoto
0x00000001b40ef000 	/System/Library/Frameworks/CoreTelephony.framework/Versions/A/CoreTelephony
0x00000001b38f8000 	/System/Library/PrivateFrameworks/CoreAUC.framework/Versions/A/CoreAUC
0x000000024f5a6000 	/System/Library/PrivateFrameworks/AppleJPEGXL.framework/Versions/A/AppleJPEGXL
0x00000001ae964000 	/usr/lib/libTelephonyUtilDynamic.dylib
0x00000001cd776000 	/System/Library/Frameworks/Accelerate.framework/Versions/A/Frameworks/vImage.framework/Versions/A/Libraries/libCGInterfaces.dylib
0x0000000298103000 	/usr/lib/libAccessibilityBaseImplementations.dylib
0x00000002924cf000 	/System/Library/PrivateFrameworks/WritingToolsUI.framework/Versions/A/WritingToolsUI
0x0000000264e77000 	/System/Library/PrivateFrameworks/GenerativeAssistantSettings.framework/Versions/A/GenerativeAssistantSettings
0x0000000287f2a000 	/System/Library/PrivateFrameworks/TextComposer.framework/Versions/A/TextComposer
0x0000000264e4d000 	/System/Library/PrivateFrameworks/GenerativeAssistantCommon.framework/Versions/A/GenerativeAssistantCommon
0x00000001ce82c000 	/System/Library/Frameworks/SwiftUI.framework/Versions/A/SwiftUI
0x000000024ac17000 	/System/Library/Frameworks/_AuthenticationServices_SwiftUI.framework/Versions/A/_AuthenticationServices_SwiftUI
0x000000024db7e000 	/System/Library/PrivateFrameworks/Anvil.framework/Versions/A/Anvil
0x00000001cddd9000 	/System/Library/PrivateFrameworks/AppStoreDaemon.framework/Versions/A/AppStoreDaemon
0x00000001b9779000 	/System/Library/PrivateFrameworks/AppleMediaServices.framework/Versions/A/AppleMediaServices
0x0000000265320000 	/System/Library/PrivateFrameworks/GenerativePartnerServiceUI.framework/Versions/A/GenerativePartnerServiceUI
0x00000001fc7bb000 	/System/Library/PrivateFrameworks/JetEngine.framework/Versions/A/JetEngine
0x00000002652fd000 	/System/Library/PrivateFrameworks/GenerativePartnerService.framework/Versions/A/GenerativePartnerService
0x00000001c6c28000 	/System/Library/Frameworks/SafariServices.framework/Versions/A/SafariServices
0x00000001c3fa5000 	/System/Library/Frameworks/WebKit.framework/Versions/A/WebKit
0x00000001ca171000 	/System/Library/PrivateFrameworks/AppleMediaServicesUI.framework/Versions/A/AppleMediaServicesUI
0x00000001c7909000 	/System/Library/PrivateFrameworks/OnBoardingKit.framework/Versions/A/OnBoardingKit
0x000000027db24000 	/System/Library/PrivateFrameworks/Settings.framework/Versions/A/Settings
0x00000002408be000 	/System/Library/Frameworks/ExtensionKit.framework/Versions/A/ExtensionKit
0x0000000240902000 	/System/Library/Frameworks/FSKit.framework/Versions/A/FSKit
0x000000026d394000 	/System/Library/PrivateFrameworks/LiveFS.framework/Versions/A/LiveFS
0x0000000287e07000 	/System/Library/PrivateFrameworks/TextAnimationSupport.framework/Versions/A/TextAnimationSupport
0x000000027b00c000 	/System/Library/PrivateFrameworks/RecapPerformanceTesting.framework/Versions/A/RecapPerformanceTesting
0x00000001c78f9000 	/System/Library/PrivateFrameworks/SignpostCollection.framework/Versions/A/SignpostCollection
0x00000001b910a000 	/System/Library/Frameworks/WebKit.framework/Versions/A/Frameworks/WebKitLegacy.framework/Versions/A/WebKitLegacy
0x00000001b6ee6000 	/System/Library/PrivateFrameworks/CorePrediction.framework/Versions/A/CorePrediction
0x00000001a5acb000 	/System/Library/Frameworks/WebKit.framework/Versions/A/Frameworks/WebCore.framework/Versions/A/Frameworks/libwebrtc.dylib
0x00000001c3f2f000 	/System/Library/PrivateFrameworks/SafariSafeBrowsing.framework/Versions/A/SafariSafeBrowsing
0x00000001ae476000 	/System/Library/Frameworks/SecurityInterface.framework/Versions/A/SecurityInterface
0x00000001c7908000 	/System/Library/PrivateFrameworks/WebInspectorUI.framework/Versions/A/WebInspectorUI
0x00000001bbd28000 	/System/Library/Frameworks/JavaScriptCore.framework/Versions/A/JavaScriptCore
0x00000001bff60000 	/System/Library/Frameworks/WebKit.framework/Versions/A/Frameworks/WebCore.framework/Versions/A/WebCore
0x000000023fa90000 	/System/Library/Frameworks/BrowserEngineCore.framework/Versions/A/BrowserEngineCore
0x000000024a795000 	/System/Library/Frameworks/WebKit.framework/Versions/A/Frameworks/WebCore.framework/Versions/A/Frameworks/libANGLE-shared.dylib
0x0000000290d71000 	/System/Library/PrivateFrameworks/WebGPU.framework/Versions/A/WebGPU
0x00000001c97e4000 	/System/Library/Frameworks/SceneKit.framework/Versions/A/SceneKit
0x00000001dacf0000 	/System/Library/Frameworks/ModelIO.framework/Versions/A/ModelIO
0x00000001b01e0000 	/System/Library/Frameworks/MetalKit.framework/Versions/A/MetalKit
0x00000001b24b4000 	/System/Library/Frameworks/GLKit.framework/Versions/A/GLKit
0x0000000299f5e000 	/usr/lib/usd/libusd_ms.dylib
0x000000028c1d7000 	/System/Library/PrivateFrameworks/USDLib_FormatLoaderProxy.framework/Versions/A/USDLib_FormatLoaderProxy
0x0000000299c19000 	/usr/lib/swift/libswift_errno.dylib
0x00000001c6a73000 	/System/Library/PrivateFrameworks/CoreOptimization.framework/Versions/A/CoreOptimization
0x00000002509bf000 	/System/Library/PrivateFrameworks/AuthenticationServicesCore.framework/Versions/A/AuthenticationServicesCore
0x00000001d11d0000 	/System/Library/Frameworks/AuthenticationServices.framework/Versions/A/AuthenticationServices
0x00000001ab9cd000 	/System/Library/PrivateFrameworks/SharedWebCredentials.framework/Versions/A/SharedWebCredentials
0x00000001c8797000 	/System/Library/PrivateFrameworks/SafariCore.framework/Versions/A/SafariCore
0x00000001d0cf4000 	/System/Library/PrivateFrameworks/SafariFoundation.framework/Versions/A/SafariFoundation
0x00000001b3237000 	/System/Library/Frameworks/Contacts.framework/Versions/A/Contacts
0x0000000251c10000 	/System/Library/PrivateFrameworks/CBORLibrary.framework/Versions/A/CBORLibrary
0x0000000252c38000 	/System/Library/PrivateFrameworks/Chirp.framework/Versions/A/Chirp
0x0000000253835000 	/System/Library/PrivateFrameworks/CloudSubscriptionFeatures.framework/Versions/A/CloudSubscriptionFeatures
0x00000001b2f78000 	/System/Library/PrivateFrameworks/ContactsFoundation.framework/Versions/A/ContactsFoundation
0x00000001fdbc5000 	/System/Library/PrivateFrameworks/RemoteManagement.framework/Versions/A/RemoteManagement
0x000000027b39a000 	/System/Library/PrivateFrameworks/RemoteManagementModel.framework/Versions/A/RemoteManagementModel
0x000000027b42b000 	/System/Library/PrivateFrameworks/RemoteManagementStore.framework/Versions/A/RemoteManagementStore
0x00000001b01fe000 	/usr/lib/libxcselect.dylib
0x00000001d0c62000 	/System/Library/PrivateFrameworks/DifferentialPrivacy.framework/Versions/A/DifferentialPrivacy
0x000000026fe6f000 	/System/Library/PrivateFrameworks/ManagedSettingsObjC.framework/Versions/A/ManagedSettingsObjC
0x000000026d5e8000 	/System/Library/PrivateFrameworks/LockdownMode.framework/Versions/A/LockdownMode
0x000000028ce1f000 	/System/Library/PrivateFrameworks/VDAF.framework/Versions/A/VDAF
0x00000001b3050000 	/System/Library/PrivateFrameworks/ContactsPersistence.framework/Versions/A/ContactsPersistence
0x00000001b21ae000 	/System/Library/PrivateFrameworks/AppleLDAP.framework/Versions/A/AppleLDAP
0x00000001b6b57000 	/System/Library/Frameworks/ClassKit.framework/Versions/A/ClassKit
0x00000001b8e08000 	/System/Library/PrivateFrameworks/CoreSuggestions.framework/Versions/A/CoreSuggestions
0x00000001b46cf000 	/System/Library/PrivateFrameworks/vCard.framework/Versions/A/vCard
0x00000002544bf000 	/System/Library/PrivateFrameworks/ContactsMetrics.framework/Versions/A/ContactsMetrics
0x00000001abe4a000 	/System/Library/PrivateFrameworks/login.framework/Versions/A/login
0x000000026fe69000 	/System/Library/PrivateFrameworks/ManagedOrganizationContacts.framework/Versions/A/ManagedOrganizationContacts
0x00000001a51c0000 	/System/Library/PrivateFrameworks/CloudDocs.framework/Versions/A/CloudDocs
0x00000001bf7db000 	/System/Library/PrivateFrameworks/ProactiveEventTracker.framework/Versions/A/ProactiveEventTracker
0x00000001ae4b0000 	/System/Library/PrivateFrameworks/CoreFollowUp.framework/Versions/A/CoreFollowUp
0x00000001b8326000 	/System/Library/PrivateFrameworks/ConfigurationProfiles.framework/Versions/A/ConfigurationProfiles
0x0000000259b2e000 	/System/Library/PrivateFrameworks/DMCUtilities.framework/Versions/A/DMCUtilities
0x000000026d669000 	/System/Library/PrivateFrameworks/MDMClientLibrary.framework/Versions/A/MDMClientLibrary
0x000000027b41f000 	/System/Library/PrivateFrameworks/RemoteManagementProtocol.framework/Versions/A/RemoteManagementProtocol
0x00000001b2893000 	/System/Library/PrivateFrameworks/SystemAdministration.framework/Versions/A/SystemAdministration
0x00000001bd75b000 	/System/Library/PrivateFrameworks/PowerlogControl.framework/Versions/A/PowerlogControl
0x00000001bd75d000 	/usr/lib/libUniversalAccess.dylib
0x00000001ba200000 	/System/Library/PrivateFrameworks/FamilyControls.framework/Versions/A/FamilyControls
0x00000001b2183000 	/System/Library/Frameworks/DirectoryService.framework/Versions/A/DirectoryService
0x00000001b6833000 	/System/Library/PrivateFrameworks/LoginUIKit.framework/Versions/A/Frameworks/LoginUICore.framework/Versions/A/LoginUICore
0x00000001ac098000 	/usr/lib/libodfde.dylib
0x00000001ba1fa000 	/System/Library/PrivateFrameworks/UniversalAccess.framework/Versions/A/Libraries/libUAPreferences.dylib
0x00000001ba224000 	/System/Library/PrivateFrameworks/CommerceKit.framework/Versions/A/Frameworks/CommerceCore.framework/Versions/A/CommerceCore
0x0000000259a9a000 	/System/Library/PrivateFrameworks/DEPClientLibrary.framework/Versions/A/DEPClientLibrary
0x0000000259ac3000 	/System/Library/PrivateFrameworks/DMCEnrollmentLibrary.framework/Versions/A/DMCEnrollmentLibrary
0x00000001bd844000 	/System/Library/PrivateFrameworks/SetupAssistantFramework.framework/Versions/A/SetupAssistantFramework
0x00000001b6f3e000 	/System/Library/PrivateFrameworks/AuthKitUI.framework/Versions/A/AuthKitUI
0x00000001b687d000 	/System/Library/PrivateFrameworks/AppSSO.framework/Versions/A/AppSSO
0x00000001cdb35000 	/System/Library/PrivateFrameworks/LocalAuthenticationUI.framework/Versions/A/LocalAuthenticationUI
0x000000027904c000 	/System/Library/PrivateFrameworks/PlatformSSO.framework/Versions/A/PlatformSSO
0x000000027913a000 	/System/Library/PrivateFrameworks/PlatformSSOCore.framework/Versions/A/PlatformSSOCore
0x0000000241b76000 	/System/Library/Frameworks/LocalAuthenticationEmbeddedUI.framework/Versions/A/LocalAuthenticationEmbeddedUI
0x00000001ce5f1000 	/System/Library/PrivateFrameworks/AOSUI.framework/Versions/A/AOSUI
0x00000001bf5a3000 	/System/Library/Frameworks/ContactsUI.framework/Versions/A/ContactsUI
0x00000001b34c8000 	/System/Library/PrivateFrameworks/FamilyCircle.framework/Versions/A/FamilyCircle
0x00000001dc4ba000 	/System/Library/Frameworks/LinkPresentation.framework/Versions/A/LinkPresentation
0x00000001bf154000 	/System/Library/PrivateFrameworks/IASUtilities.framework/Versions/A/IASUtilities
0x0000000268355000 	/System/Library/PrivateFrameworks/IASUtilitiesCore.framework/Versions/A/IASUtilitiesCore
0x000000027b495000 	/System/Library/PrivateFrameworks/RemoteUI.framework/Versions/A/RemoteUI
0x000000026c9f7000 	/System/Library/PrivateFrameworks/LiftUI.framework/Versions/A/LiftUI
0x0000000292add000 	/System/Library/PrivateFrameworks/_IconServices_SwiftUI.framework/Versions/A/_IconServices_SwiftUI
0x0000000253774000 	/System/Library/PrivateFrameworks/CloudSettings.framework/Versions/A/CloudSettings
0x00000001b8ed9000 	/System/Library/Frameworks/EventKit.framework/Versions/A/EventKit
0x00000001c7b1d000 	/System/Library/PrivateFrameworks/SearchFoundation.framework/Versions/A/SearchFoundation
0x00000001de585000 	/System/Library/PrivateFrameworks/Email.framework/Versions/A/Email
0x00000001c6675000 	/System/Library/PrivateFrameworks/CoreRoutine.framework/Versions/A/CoreRoutine
0x00000001fd532000 	/System/Library/PrivateFrameworks/VoiceShortcutClient.framework/Versions/A/VoiceShortcutClient
0x00000001d6255000 	/System/Library/PrivateFrameworks/Categories.framework/Versions/A/Categories
0x00000001ce4a0000 	/System/Library/PrivateFrameworks/ChronoServices.framework/Versions/A/ChronoServices
0x00000002526b9000 	/System/Library/PrivateFrameworks/CalendarDatabase.framework/Versions/A/CalendarDatabase
0x0000000252602000 	/System/Library/PrivateFrameworks/CalendarDaemon.framework/Versions/A/CalendarDaemon
0x00000001b8249000 	/System/Library/PrivateFrameworks/CalendarFoundation.framework/Versions/A/CalendarFoundation
0x00000001b8205000 	/System/Library/PrivateFrameworks/iCalendar.framework/Versions/A/iCalendar
0x0000000259d2d000 	/System/Library/PrivateFrameworks/DataAccessExpress.framework/Versions/A/DataAccessExpress
0x00000001bf705000 	/System/Library/PrivateFrameworks/ContactsAutocomplete.framework/Versions/A/ContactsAutocomplete
0x00000001ce3ed000 	/System/Library/PrivateFrameworks/FTClientServices.framework/Versions/A/FTClientServices
0x0000000275493000 	/System/Library/PrivateFrameworks/OSEligibility.framework/Versions/A/OSEligibility
0x000000028675f000 	/System/Library/PrivateFrameworks/StorageContainersPrivate.framework/Versions/A/StorageContainersPrivate
0x0000000299874000 	/usr/lib/swift/libswiftCoreMediaIO.dylib
0x00000001befde000 	/System/Library/PrivateFrameworks/CoreDAV.framework/Versions/A/CoreDAV
0x00000001b8da9000 	/System/Library/PrivateFrameworks/CalDAV.framework/Versions/A/CalDAV
0x00000001c3c2b000 	/System/Library/PrivateFrameworks/TelephonyUtilities.framework/Versions/A/TelephonyUtilities
0x0000000241b33000 	/System/Library/Frameworks/LiveCommunicationKit.framework/Versions/A/LiveCommunicationKit
0x0000000254071000 	/System/Library/PrivateFrameworks/CommunicationTrust.framework/Versions/A/CommunicationTrust
0x00000001c85a9000 	/System/Library/Frameworks/CallKit.framework/Versions/A/CallKit
0x00000001b34c0000 	/System/Library/PrivateFrameworks/CommunicationsFilter.framework/Versions/A/CommunicationsFilter
0x00000001f27dd000 	/System/Library/PrivateFrameworks/IMTransferServices.framework/Versions/A/IMTransferServices
0x00000001c6a8c000 	/System/Library/PrivateFrameworks/IncomingCallFilter.framework/Versions/A/IncomingCallFilter
0x0000000273be2000 	/System/Library/PrivateFrameworks/NeighborhoodActivityConduit.framework/Versions/A/NeighborhoodActivityConduit
0x00000001caaf6000 	/System/Library/PrivateFrameworks/CallHistory.framework/Versions/A/CallHistory
0x0000000298330000 	/usr/lib/libBASupport.dylib
0x0000000252ad2000 	/System/Library/PrivateFrameworks/CallsUtilities.framework/Versions/A/CallsUtilities
0x0000000252add000 	/System/Library/PrivateFrameworks/CallsXPC.framework/Versions/A/CallsXPC
0x00000001fdd26000 	/usr/lib/swift/libswiftCallKit.dylib
0x0000000252ac5000 	/System/Library/PrivateFrameworks/CallsPersistence.framework/Versions/A/CallsPersistence
0x00000002487de000 	/System/Library/Frameworks/SensitiveContentAnalysis.framework/Versions/A/SensitiveContentAnalysis
0x00000001cbb33000 	/System/Library/PrivateFrameworks/PeopleSuggester.framework/Versions/A/PeopleSuggester
0x00000001d5012000 	/System/Library/PrivateFrameworks/SpotlightReceiver.framework/Versions/A/SpotlightReceiver
0x0000000292aa3000 	/System/Library/PrivateFrameworks/_AppIntentsServices_AppIntents.framework/Versions/A/_AppIntentsServices_AppIntents
0x000000024deb2000 	/System/Library/PrivateFrameworks/AppIntentsServices.framework/Versions/A/AppIntentsServices
0x00000001b81ed000 	/System/Library/PrivateFrameworks/CoreRecents.framework/Versions/A/CoreRecents
0x0000000241008000 	/System/Library/Frameworks/GeoToolbox.framework/Versions/A/GeoToolbox
0x000000024ac9a000 	/System/Library/Frameworks/_GeoToolbox_AppIntents.framework/Versions/A/_GeoToolbox_AppIntents
0x00000001e8213000 	/System/Library/PrivateFrameworks/DiagnosticRequest.framework/Versions/A/DiagnosticRequest
0x00000002929e7000 	/System/Library/PrivateFrameworks/XPCDistributed.framework/Versions/A/XPCDistributed
0x000000027b0a2000 	/System/Library/PrivateFrameworks/RegulatoryDomain.framework/Versions/A/RegulatoryDomain
0x00000001b258c000 	/usr/lib/libCTGreenTeaLogger.dylib
0x000000026d5ba000 	/System/Library/PrivateFrameworks/LocalStatusKit.framework/Versions/A/LocalStatusKit
0x00000001c3b17000 	/System/Library/PrivateFrameworks/CoreParsec.framework/Versions/A/CoreParsec
0x00000001de579000 	/System/Library/PrivateFrameworks/EmailAddressing.framework/Versions/A/EmailAddressing
0x00000001da55f000 	/System/Library/PrivateFrameworks/EmailCore.framework/Versions/A/EmailCore
0x00000001db58d000 	/System/Library/PrivateFrameworks/EmailFoundation.framework/Versions/A/EmailFoundation
0x0000000276bd4000 	/System/Library/PrivateFrameworks/PegasusAPI.framework/Versions/A/PegasusAPI
0x0000000277725000 	/System/Library/PrivateFrameworks/PegasusConfiguration.framework/Versions/A/PegasusConfiguration
0x000000028aa40000 	/System/Library/PrivateFrameworks/ToolKit.framework/Versions/A/ToolKit
0x000000027b82a000 	/System/Library/PrivateFrameworks/ReplicatorEngine.framework/Versions/A/ReplicatorEngine
0x000000027b9cc000 	/System/Library/PrivateFrameworks/ReplicatorServices.framework/Versions/A/ReplicatorServices
0x00000002876fb000 	/System/Library/PrivateFrameworks/SystemWake.framework/Versions/A/SystemWake
0x00000001c877d000 	/System/Library/PrivateFrameworks/ContextKit.framework/Versions/A/ContextKit
0x000000025460c000 	/System/Library/PrivateFrameworks/ContextKitCore.framework/Versions/A/ContextKitCore
0x00000001c6d12000 	/System/Library/Frameworks/LocalAuthentication.framework/Support/DaemonUtils.framework/Versions/A/DaemonUtils
0x000000026d54f000 	/System/Library/PrivateFrameworks/LocalAuthenticationCoreUI.framework/Versions/A/LocalAuthenticationCoreUI
0x00000001ca138000 	/System/Library/PrivateFrameworks/BridgeXPC.framework/Versions/A/BridgeXPC
0x00000001c79e5000 	/System/Library/PrivateFrameworks/CoreKDL.framework/Versions/A/CoreKDL
0x00000001c6012000 	/System/Library/PrivateFrameworks/EmbeddedOSSupportHost.framework/Versions/A/EmbeddedOSSupportHost
0x00000001bacff000 	/System/Library/PrivateFrameworks/LoginUIKit.framework/Versions/A/LoginUIKit
0x00000001d6752000 	/System/Library/PrivateFrameworks/StorageKit.framework/Versions/A/StorageKit
0x00000001ff53b000 	/System/Library/Frameworks/DeviceCheck.framework/Versions/A/DeviceCheck
0x00000001d67cc000 	/System/Library/PrivateFrameworks/CoreWLANKit.framework/Versions/A/CoreWLANKit
0x00000002900f9000 	/System/Library/PrivateFrameworks/Wallpaper.framework/Versions/A/Wallpaper
0x000000029988f000 	/usr/lib/swift/libswiftGLKit.dylib
0x000000029989a000 	/usr/lib/swift/libswiftMetalKit.dylib
0x000000029989e000 	/usr/lib/swift/libswiftModelIO.dylib
0x0000000299961000 	/usr/lib/swift/libswiftSceneKit.dylib
0x000000025a698000 	/System/Library/PrivateFrameworks/DiskImages2.framework/Versions/A/DiskImages2
0x00000001df4bb000 	/System/Library/PrivateFrameworks/DynamicDesktop.framework/Versions/A/DynamicDesktop
0x0000000290288000 	/System/Library/PrivateFrameworks/WallpaperFoundation.framework/Versions/A/WallpaperFoundation
0x00000002902e6000 	/System/Library/PrivateFrameworks/WallpaperTypes.framework/Versions/A/WallpaperTypes
0x00000001f453a000 	/System/Library/PrivateFrameworks/SystemDesktopAppearance.framework/Versions/A/SystemDesktopAppearance
0x0000000295b97000 	/System/Library/PrivateFrameworks/icloudMCCKit.framework/Versions/A/icloudMCCKit
0x000000024ee0c000 	/System/Library/PrivateFrameworks/AppleAccountUI.framework/Versions/A/AppleAccountUI
0x00000001e87ea000 	/System/Library/PrivateFrameworks/PreferencePanesSupport.framework/Versions/A/PreferencePanesSupport
0x00000001ce7a3000 	/System/Library/PrivateFrameworks/FindMyDeviceUI.framework/Versions/A/FindMyDeviceUI
0x00000002937dd000 	/System/Library/PrivateFrameworks/iCloudQuotaUI.framework/Versions/A/iCloudQuotaUI
0x00000001e899e000 	/System/Library/PrivateFrameworks/CoreCDPUI.framework/Versions/A/CoreCDPUI
0x00000001c84d8000 	/System/Library/PrivateFrameworks/CoreFollowUpUI.framework/Versions/A/CoreFollowUpUI
0x00000001d5290000 	/System/Library/PrivateFrameworks/IMCore.framework/Versions/A/IMCore
0x00000001bd7c4000 	/System/Library/PrivateFrameworks/CoreCDP.framework/Versions/A/CoreCDP
0x00000001b9764000 	/System/Library/PrivateFrameworks/AskPermission.framework/Versions/A/AskPermission
0x00000001cc218000 	/System/Library/Frameworks/Quartz.framework/Versions/A/Quartz
0x00000001d8d31000 	/System/Library/PrivateFrameworks/CloudPhotoServicesConfiguration.framework/Versions/A/CloudPhotoServicesConfiguration
0x00000001ca91b000 	/System/Library/PrivateFrameworks/CommerceKit.framework/Versions/A/CommerceKit
0x00000001da62f000 	/System/Library/PrivateFrameworks/FindMyMac.framework/Versions/A/FindMyMac
0x00000001da502000 	/System/Library/Frameworks/PreferencePanes.framework/Versions/A/PreferencePanes
0x00000001cdc20000 	/System/Library/Frameworks/AddressBook.framework/Versions/A/AddressBook
0x00000001b8647000 	/System/Library/PrivateFrameworks/AOSAccounts.framework/Versions/A/AOSAccounts
0x00000001b288d000 	/System/Library/PrivateFrameworks/AppleSRP.framework/Versions/A/AppleSRP
0x00000001b7117000 	/System/Library/PrivateFrameworks/NetFSServer.framework/Versions/A/NetFSServer
0x00000001c96be000 	/System/Library/Frameworks/PDFKit.framework/Versions/A/PDFKit
0x0000000249d8d000 	/System/Library/Frameworks/TabularData.framework/Versions/A/TabularData
0x00000002998b5000 	/usr/lib/swift/libswiftPassKit.dylib
0x00000001ec996000 	/System/Library/Frameworks/PassKit.framework/Versions/A/PassKit
0x00000001bae0a000 	/System/Library/PrivateFrameworks/PassKitCore.framework/Versions/A/PassKitCore
0x00000002764f6000 	/System/Library/PrivateFrameworks/PassKitMacHelperTemp.framework/Versions/A/PassKitMacHelperTemp
0x0000000298280000 	/usr/lib/libAppleSSE.dylib
0x00000001c6d5e000 	/System/Library/PrivateFrameworks/BiometricKit.framework/Versions/A/BiometricKit
0x000000027bfd0000 	/System/Library/PrivateFrameworks/SEService.framework/Versions/A/SEService
0x00000002409c7000 	/System/Library/Frameworks/FinanceKit.framework/Versions/A/FinanceKit
0x00000001cc2c7000 	/System/Library/PrivateFrameworks/NearField.framework/Versions/A/NearField
0x0000000298680000 	/usr/lib/libSESShared.dylib
0x000000027c238000 	/System/Library/PrivateFrameworks/STSXPCHelperClient.framework/Versions/A/STSXPCHelperClient
0x00000001ce02c000 	/usr/lib/libnfshared.dylib
0x0000000287483000 	/System/Library/PrivateFrameworks/Symptoms.framework/Versions/A/Frameworks/SymptomPresentationFeed.framework/Versions/A/SymptomPresentationFeed
0x000000024f822000 	/System/Library/PrivateFrameworks/AppleMediaServicesKitInternal.framework/Versions/A/AppleMediaServicesKitInternal
0x00000002504c5000 	/System/Library/PrivateFrameworks/AsyncAlgorithmsInternal.framework/Versions/A/AsyncAlgorithmsInternal
0x00000002871c5000 	/System/Library/PrivateFrameworks/SymptomShared.framework/Versions/A/SymptomShared
0x00000001ef6df000 	/System/Library/PrivateFrameworks/PassKitUIFoundation.framework/Versions/A/PassKitUIFoundation
0x00000001b21c0000 	/System/Library/Frameworks/MapKit.framework/Versions/A/MapKit
0x00000002653cb000 	/System/Library/PrivateFrameworks/GeoAnalytics.framework/Versions/A/GeoAnalytics
0x00000001ce05a000 	/System/Library/PrivateFrameworks/Navigation.framework/Versions/A/Navigation
0x00000001d7d79000 	/System/Library/PrivateFrameworks/VectorKit.framework/Versions/A/VectorKit
0x00000001bf21f000 	/System/Library/PrivateFrameworks/VirtualGarage.framework/Versions/A/VirtualGarage
0x00000001ce239000 	/System/Library/Frameworks/ExternalAccessory.framework/ExternalAccessory
0x00000001ce254000 	/System/Library/PrivateFrameworks/IAP.framework/Versions/A/IAP
0x00000001b247c000 	/System/Library/PrivateFrameworks/IOPlatformPluginFamily.framework/Versions/A/IOPlatformPluginFamily
0x0000000250b0a000 	/System/Library/PrivateFrameworks/AvatarKit.framework/Versions/A/AvatarKit
0x0000000250bc9000 	/System/Library/PrivateFrameworks/AvatarPersistence.framework/Versions/A/AvatarPersistence
0x000000024a114000 	/System/Library/Frameworks/TipKit.framework/Versions/A/TipKit
0x00000001ba8f1000 	/System/Library/PrivateFrameworks/IMSharedUtilities.framework/Versions/A/IMSharedUtilities
0x0000000299854000 	/usr/lib/swift/libswiftAppleArchive.dylib
0x000000028cf1f000 	/System/Library/PrivateFrameworks/VFX.framework/Versions/A/VFX
0x00000001ea54c000 	/System/Library/PrivateFrameworks/AppleCVA.framework/Versions/A/AppleCVA
0x0000000250bc8000 	/System/Library/PrivateFrameworks/AvatarKitContent.framework/Versions/A/AvatarKitContent
0x00000002428df000 	/System/Library/Frameworks/MetalFX.framework/Versions/A/MetalFX
0x0000000254187000 	/System/Library/PrivateFrameworks/CompositorNonUI.framework/Versions/A/CompositorNonUI
0x000000023ed4b000 	/System/Library/Frameworks/ARKit.framework/Versions/A/ARKit
0x000000024c806000 	/System/Library/PrivateFrameworks/ARKitCore.framework/Versions/A/ARKitCore
0x000000029837a000 	/usr/lib/libDisplayWarpSupport.dylib
0x00000002558e2000 	/System/Library/PrivateFrameworks/CoreComposite.framework/Versions/A/CoreComposite
0x00000002987b4000 	/usr/lib/libchannel.dylib
0x00000002994b1000 	/usr/lib/librealtime_safety.dylib
0x000000024c893000 	/System/Library/PrivateFrameworks/ARKitFoundation.framework/Versions/A/ARKitFoundation
0x000000024eeaa000 	/System/Library/PrivateFrameworks/AppleDepth.framework/Versions/A/AppleDepth
0x000000024f020000 	/System/Library/PrivateFrameworks/AppleDepthCore.framework/Versions/A/AppleDepthCore
0x00000001b25b5000 	/System/Library/PrivateFrameworks/CoreAppleCVA.framework/Versions/A/CoreAppleCVA
0x00000001bf34d000 	/System/Library/PrivateFrameworks/ContactsUICore.framework/Versions/A/ContactsUICore
0x00000001c6b94000 	/System/Library/PrivateFrameworks/ContactsDonation.framework/Versions/A/ContactsDonation
0x00000001c644b000 	/System/Library/PrivateFrameworks/DataDetectors.framework/Versions/A/DataDetectors
0x00000001b8d95000 	/System/Library/Frameworks/MediaLibrary.framework/Versions/A/MediaLibrary
0x00000001b34af000 	/System/Library/PrivateFrameworks/PersonaKit.framework/Versions/A/PersonaKit
0x00000001bf33b000 	/System/Library/PrivateFrameworks/PersonaUI.framework/Versions/A/PersonaUI
0x00000001d9f24000 	/System/Library/PrivateFrameworks/Transparency.framework/Versions/A/Transparency
0x000000025c0fb000 	/System/Library/PrivateFrameworks/FindMyLocate.framework/Versions/A/FindMyLocate
0x00000001c8457000 	/System/Library/PrivateFrameworks/IntlPreferences.framework/Versions/A/IntlPreferences
0x000000025bfd4000 	/System/Library/PrivateFrameworks/FindMyCommon.framework/Versions/A/FindMyCommon
0x000000025bdc3000 	/System/Library/PrivateFrameworks/FindMyBase.framework/Versions/A/FindMyBase
0x000000024745e000 	/System/Library/Frameworks/NearbyInteraction.framework/Versions/A/NearbyInteraction
0x00000001b30ce000 	/System/Library/PrivateFrameworks/AddressBookCore.framework/Versions/A/AddressBookCore
0x00000001cddb7000 	/System/Library/PrivateFrameworks/ToneKit.framework/Versions/A/ToneKit
0x00000001c849e000 	/System/Library/PrivateFrameworks/ToneLibrary.framework/Versions/A/ToneLibrary
0x000000025448c000 	/System/Library/PrivateFrameworks/ContactsAccounts.framework/Versions/A/ContactsAccounts
0x00000001cc133000 	/System/Library/PrivateFrameworks/Lookup.framework/Versions/A/Lookup
0x0000000247d43000 	/System/Library/Frameworks/QuickLookUI.framework/Versions/A/QuickLookUI
0x0000000248758000 	/System/Library/Frameworks/ScreenCaptureKit.framework/Versions/A/ScreenCaptureKit
0x00000001c91d2000 	/System/Library/Frameworks/Quartz.framework/Versions/A/Frameworks/QuartzComposer.framework/Versions/A/QuartzComposer
0x00000001c842e000 	/System/Library/Frameworks/Quartz.framework/Versions/A/Frameworks/QuartzFilters.framework/Versions/A/QuartzFilters
0x00000001c74da000 	/System/Library/Frameworks/Quartz.framework/Versions/A/Frameworks/ImageKit.framework/Versions/A/ImageKit
0x000000023eb58000 	/System/Library/Frameworks/OpenCL.framework/Versions/A/OpenCL
0x00000001c59e9000 	/System/Library/PrivateFrameworks/CorePDF.framework/Versions/A/CorePDF
0x00000001b0177000 	/System/Library/Frameworks/QuickLook.framework/Versions/A/QuickLook
0x00000001bacfa000 	/System/Library/PrivateFrameworks/DisplayServices.framework/Versions/A/DisplayServices
0x00000001c83b3000 	/System/Library/Frameworks/ImageCaptureCore.framework/Versions/A/ImageCaptureCore
0x000000028ef2e000 	/System/Library/PrivateFrameworks/VisionKitCore.framework/Versions/A/VisionKitCore
0x00000001c3ae7000 	/System/Library/PrivateFrameworks/QuickLookSupport.framework/Versions/A/QuickLookSupport
0x0000000270753000 	/System/Library/PrivateFrameworks/MediaAnalysisServices.framework/Versions/A/MediaAnalysisServices
0x00000001cb11e000 	/System/Library/PrivateFrameworks/PhotoLibraryServices.framework/Versions/A/PhotoLibraryServices
0x00000001c7fcb000 	/System/Library/Frameworks/Photos.framework/Versions/A/Photos
0x00000001dc8b1000 	/System/Library/PrivateFrameworks/PhotosFormats.framework/Versions/A/PhotosFormats
0x00000001d8d5c000 	/System/Library/PrivateFrameworks/CloudPhotoLibrary.framework/Versions/A/CloudPhotoLibrary
0x00000001e2156000 	/System/Library/PrivateFrameworks/CloudPhotoServices.framework/Versions/A/CloudPhotoServices
0x00000001de6ea000 	/System/Library/PrivateFrameworks/CoreMediaStream.framework/Versions/A/CoreMediaStream
0x00000001b3b68000 	/System/Library/PrivateFrameworks/CPAnalytics.framework/Versions/A/CPAnalytics
0x00000001dac28000 	/System/Library/PrivateFrameworks/MediaConversionService.framework/Versions/A/MediaConversionService
0x00000001ba8dd000 	/System/Library/PrivateFrameworks/PhotoFoundation.framework/Versions/A/PhotoFoundation
0x0000000277d0d000 	/System/Library/PrivateFrameworks/PhotoLibraryServicesCore.framework/Versions/A/PhotoLibraryServicesCore
0x00000001d499e000 	/System/Library/PrivateFrameworks/MMCS.framework/Versions/A/MMCS
0x00000001b8bee000 	/System/Library/PrivateFrameworks/ChunkingLibrary.framework/Versions/A/ChunkingLibrary
0x00000001b285a000 	/System/Library/PrivateFrameworks/AssetCacheServices.framework/Versions/A/AssetCacheServices
0x00000001b4820000 	/System/Library/PrivateFrameworks/AVFoundationCF.framework/Versions/A/AVFoundationCF
0x00000001f26d8000 	/usr/lib/swift/libswiftDemangle.dylib
0x0000000268546000 	/System/Library/PrivateFrameworks/ImageCaptureDevices.framework/Versions/A/ImageCaptureDevices
0x00000001c6708000 	/System/Library/PrivateFrameworks/MediaStream.framework/Versions/A/MediaStream
0x00000001db0ca000 	/System/Library/PrivateFrameworks/NeutrinoCore.framework/Versions/A/NeutrinoCore
0x00000001a202c000 	/System/Library/PrivateFrameworks/NLP.framework/Versions/A/NLP
0x00000001e0ee9000 	/System/Library/PrivateFrameworks/PhotoImaging.framework/Versions/A/PhotoImaging
0x00000001e2117000 	/System/Library/PrivateFrameworks/PhotosImagingFoundation.framework/Versions/A/PhotosImagingFoundation
0x00000002788ba000 	/System/Library/PrivateFrameworks/PhotosIntelligenceCore.framework/Versions/A/PhotosIntelligenceCore
0x00000001b4c5c000 	/System/Library/PrivateFrameworks/EmbeddedAcousticRecognition.framework/Versions/A/EmbeddedAcousticRecognition
0x00000001cffbb000 	/System/Library/PrivateFrameworks/EmojiFoundation.framework/Versions/A/EmojiFoundation
0x00000001d8fd5000 	/System/Library/PrivateFrameworks/SDAPI.framework/Versions/A/SDAPI
0x00000001e2165000 	/System/Library/PrivateFrameworks/AutoLoop.framework/Versions/A/AutoLoop
0x000000027949b000 	/System/Library/PrivateFrameworks/Portrait.framework/Versions/A/Portrait
0x000000025c78b000 	/System/Library/PrivateFrameworks/FusionTracker.framework/Versions/A/FusionTracker
0x00000001c8c6c000 	/System/Library/PrivateFrameworks/iTunesCloud.framework/Versions/A/iTunesCloud
0x00000001d1ec3000 	/System/Library/PrivateFrameworks/DAAPKit.framework/Versions/A/DAAPKit
0x00000001c3e64000 	/System/Library/PrivateFrameworks/DeviceManagement.framework/Versions/A/DeviceManagement
0x00000001e8164000 	/System/Library/PrivateFrameworks/ScreenTimeUI.framework/Versions/A/ScreenTimeUI
0x00000001c6445000 	/System/Library/PrivateFrameworks/QuickLookNonBaseSystem.framework/Versions/A/QuickLookNonBaseSystem
0x00000001c6c6a000 	/System/Library/PrivateFrameworks/Catalyst.framework/Versions/A/Catalyst
0x00000001c8650000 	/System/Library/PrivateFrameworks/ScreenTimeCore.framework/Versions/A/ScreenTimeCore
0x00000001dbd5b000 	/System/Library/PrivateFrameworks/ScreenTimeServiceUI.framework/Versions/A/ScreenTimeServiceUI
0x00000001d4b2e000 	/System/Library/PrivateFrameworks/ConfigurationEngineModel.framework/Versions/A/ConfigurationEngineModel
0x00000001d7d32000 	/System/Library/PrivateFrameworks/UsageTracking.framework/Versions/A/UsageTracking
0x0000000240659000 	/System/Library/Frameworks/DeviceActivity.framework/Versions/A/DeviceActivity
0x00000001d7d02000 	/System/Library/PrivateFrameworks/KnowledgeMonitor.framework/Versions/A/KnowledgeMonitor
0x00000001ef685000 	/System/Library/PrivateFrameworks/BluetoothManager.framework/Versions/A/BluetoothManager
0x0000000241c64000 	/System/Library/Frameworks/ManagedSettings.framework/Versions/A/ManagedSettings
0x000000026feb0000 	/System/Library/PrivateFrameworks/ManagedSettingsSupport.framework/Versions/A/ManagedSettingsSupport
0x00000001eca66000 	/System/Library/Frameworks/ReplayKit.framework/Versions/A/ReplayKit
0x00000001bbcba000 	/System/Library/PrivateFrameworks/MarkupUI.framework/Versions/A/MarkupUI
0x00000001c641d000 	/System/Library/PrivateFrameworks/SidecarCore.framework/Versions/A/SidecarCore
0x00000001c9087000 	/System/Library/PrivateFrameworks/AnnotationKit.framework/Versions/A/AnnotationKit
0x00000001c771f000 	/System/Library/Frameworks/PencilKit.framework/Versions/A/PencilKit
0x00000001c78e4000 	/System/Library/PrivateFrameworks/SidecarUI.framework/Versions/A/SidecarUI
0x00000001c707a000 	/System/Library/PrivateFrameworks/CoreHandwriting.framework/Versions/A/CoreHandwriting
0x000000019bbd2000 	/usr/lib/libmecabra.dylib
0x00000001bf913000 	/System/Library/PrivateFrameworks/Calculate.framework/Versions/A/Calculate
0x00000001ab77d000 	/usr/lib/libChineseTokenizer.dylib
0x00000001fdaea000 	/System/Library/PrivateFrameworks/ScreenReaderCore.framework/Versions/A/ScreenReaderCore
0x00000002866f1000 	/System/Library/PrivateFrameworks/StocksKit.framework/Versions/A/StocksKit
0x00000001be908000 	/System/Library/PrivateFrameworks/OAuth.framework/Versions/A/OAuth
0x00000002863e2000 	/System/Library/PrivateFrameworks/StocksCore.framework/Versions/A/StocksCore
0x00000002879f3000 	/System/Library/PrivateFrameworks/TeaFoundation.framework/Versions/A/TeaFoundation
0x0000000287bd5000 	/System/Library/PrivateFrameworks/TeaSettings.framework/Versions/A/TeaSettings
0x00000001f3da0000 	/System/Library/PrivateFrameworks/NewsCore.framework/Versions/A/NewsCore
0x000000028798f000 	/System/Library/PrivateFrameworks/TeaDB.framework/Versions/A/TeaDB
0x00000001f079c000 	/System/Library/PrivateFrameworks/RemoteConfiguration.framework/Versions/A/RemoteConfiguration
0x00000001f39ab000 	/System/Library/PrivateFrameworks/NewsTransport.framework/Versions/A/NewsTransport
0x00000001f3d90000 	/System/Library/PrivateFrameworks/NewsFoundation.framework/Versions/A/NewsFoundation
0x00000002741e8000 	/System/Library/PrivateFrameworks/NewsURLBucket.framework/Versions/A/NewsURLBucket
0x00000001cad15000 	/System/Library/PrivateFrameworks/MobileInstallation.framework/Versions/A/MobileInstallation
0x000000024a281000 	/System/Library/Frameworks/Translation.framework/Versions/A/Translation
0x00000001e3b69000 	/System/Library/PrivateFrameworks/RevealCore.framework/Versions/A/RevealCore
0x00000001e3b5d000 	/System/Library/PrivateFrameworks/Reveal.framework/Versions/A/Reveal
0x00000001dba25000 	/System/Library/Frameworks/Speech.framework/Versions/A/Speech
0x000000024b6e6000 	/System/Library/PrivateFrameworks/AIMLExperimentationAnalytics.framework/Versions/A/AIMLExperimentationAnalytics
0x000000024da61000 	/System/Library/PrivateFrameworks/AlgorithmsInternal.framework/Versions/A/AlgorithmsInternal
0x000000028b229000 	/System/Library/PrivateFrameworks/TranslationUIServices.framework/Versions/A/TranslationUIServices
0x000000028a114000 	/System/Library/PrivateFrameworks/TipKitCore.framework/Versions/A/TipKitCore
0x00000001d003f000 	/System/Library/PrivateFrameworks/CoreCDPInternal.framework/Versions/A/CoreCDPInternal
0x0000000268d23000 	/System/Library/PrivateFrameworks/InputAnalytics.framework/Versions/A/InputAnalytics
0x00000001d5b5c000 	/System/Library/Frameworks/InstantMessage.framework/Versions/A/InstantMessage
0x00000001cdb2e000 	/System/Library/PrivateFrameworks/IDSKVStore.framework/Versions/A/IDSKVStore
0x00000001cd7f4000 	/System/Library/PrivateFrameworks/IMDPersistence.framework/Versions/A/IMDPersistence
0x000000028ce15000 	/System/Library/PrivateFrameworks/UserSafety.framework/Versions/A/UserSafety
0x00000001ee895000 	/System/Library/PrivateFrameworks/BlastDoor.framework/Versions/A/BlastDoor
0x000000026d1d5000 	/System/Library/PrivateFrameworks/LinkPresentationStyleSheetParsing.framework/Versions/A/LinkPresentationStyleSheetParsing
0x000000027964c000 	/System/Library/PrivateFrameworks/PosterFoundation.framework/Versions/A/PosterFoundation
0x00000002796db000 	/System/Library/PrivateFrameworks/PosterModel.framework/Versions/A/PosterModel
0x00000002796b6000 	/System/Library/PrivateFrameworks/PosterFuturesKit.framework/Versions/A/PosterFuturesKit
0x000000025bbb2000 	/System/Library/PrivateFrameworks/FeedbackService.framework/Versions/A/FeedbackService
0x00000001c6aeb000 	/System/Library/PrivateFrameworks/CoreSDB.framework/Versions/A/CoreSDB
0x00000002502ae000 	/System/Library/PrivateFrameworks/AskToCore.framework/Versions/A/AskToCore
0x00000001e899b000 	/System/Library/PrivateFrameworks/MachineSettings.framework/Versions/A/MachineSettings
0x00000001da484000 	/System/Library/PrivateFrameworks/BezelServices.framework/Versions/A/BezelServices
0x00000001d1f4f000 	/System/Library/PrivateFrameworks/SPOwner.framework/Versions/A/SPOwner
0x00000001ca980000 	/System/Library/PrivateFrameworks/FMCore.framework/Versions/A/FMCore
0x0000000293735000 	/System/Library/PrivateFrameworks/iCloudQuota.framework/Versions/A/iCloudQuota
0x00000001bf2b8000 	/System/Library/PrivateFrameworks/CoreRecognition.framework/Versions/A/CoreRecognition
0x00000001da53a000 	/System/Library/PrivateFrameworks/InAppMessages.framework/Versions/A/InAppMessages
0x00000001fc6d3000 	/System/Library/PrivateFrameworks/JetUI.framework/Versions/A/JetUI
0x000000026c4b6000 	/System/Library/PrivateFrameworks/JetPack.framework/Versions/A/JetPack
0x00000001da531000 	/System/Library/PrivateFrameworks/InAppMessagesCore.framework/Versions/A/InAppMessagesCore
0x0000000292aed000 	/System/Library/PrivateFrameworks/_JetEngine_SwiftUI.framework/Versions/A/_JetEngine_SwiftUI
0x00000002874ac000 	/System/Library/PrivateFrameworks/Synapse.framework/Versions/A/Synapse
0x0000000252459000 	/System/Library/PrivateFrameworks/CSExattrCrypto.framework/Versions/A/CSExattrCrypto
0x00000001cbe1c000 	/System/Library/PrivateFrameworks/StoreFoundation.framework/Versions/A/StoreFoundation
0x00000001ca97a000 	/System/Library/PrivateFrameworks/ServerInformation.framework/Versions/A/ServerInformation
0x00000001ca3ab000 	/System/Library/PrivateFrameworks/Install.framework/Frameworks/DistributionKit.framework/Versions/A/DistributionKit
0x00000001c38bb000 	/System/Library/PrivateFrameworks/PackageKit.framework/Versions/A/PackageKit
0x00000001ca3ce000 	/System/Library/PrivateFrameworks/OSPersonalization.framework/Versions/A/OSPersonalization
0x00000001cc3a6000 	/System/Library/PrivateFrameworks/BridgeOSSoftwareUpdate.framework/Versions/A/BridgeOSSoftwareUpdate
0x00000001c6f82000 	/System/Library/PrivateFrameworks/StorageManagement.framework/Versions/A/StorageManagement
0x00000001db8a8000 	/usr/lib/libauthinstall.dylib
0x00000001cc3af000 	/System/Library/PrivateFrameworks/InstallerDiagnostics.framework/Versions/A/InstallerDiagnostics
0x00000001dbf27000 	/usr/lib/libcrypto.42.dylib
0x0000000299dbb000 	/usr/lib/updaters/libAppleTconUARPUpdater.dylib
0x0000000299f45000 	/usr/lib/updaters/libT200Updater.dylib
0x00000001cc394000 	/System/Library/PrivateFrameworks/GPUInfo.framework/Versions/A/GPUInfo
0x00000001da635000 	/System/Library/PrivateFrameworks/MobileActivationMacOS.framework/Versions/A/MobileActivationMacOS
0x00000001be84a000 	/System/Library/PrivateFrameworks/AccountsDaemon.framework/Versions/A/AccountsDaemon
0x00000001ae8c3000 	/System/Library/PrivateFrameworks/CacheDelete.framework/Versions/A/CacheDelete
0x00000001b723b000 	/System/Library/Frameworks/QuickLookThumbnailing.framework/Versions/A/QuickLookThumbnailing
0x00000001cc3f3000 	/System/Library/PrivateFrameworks/AOSKit.framework/Versions/A/AOSKit
0x00000001ab8ae000 	/System/Library/PrivateFrameworks/AppSSOCore.framework/Versions/A/AppSSOCore
0x00000001c5df3000 	/System/Library/Frameworks/AVFoundation.framework/Versions/A/AVFoundation
0x0000000250c62000 	/System/Library/PrivateFrameworks/BackgroundSystemTasks.framework/Versions/A/BackgroundSystemTasks
0x00000001b7151000 	/System/Library/PrivateFrameworks/DuetActivityScheduler.framework/Versions/A/DuetActivityScheduler
0x00000001d8c8b000 	/System/Library/PrivateFrameworks/NetworkServiceProxy.framework/Versions/A/NetworkServiceProxy
0x00000001b24ee000 	/usr/lib/libnetworkextension.dylib
0x00000001b4b6a000 	/System/Library/PrivateFrameworks/Rapport.framework/Versions/A/Rapport
0x00000002871d5000 	/System/Library/PrivateFrameworks/Symptoms.framework/Versions/A/Frameworks/SymptomAnalytics.framework/Versions/A/SymptomAnalytics
0x00000001af2f7000 	/System/Library/Frameworks/NetworkExtension.framework/Versions/A/NetworkExtension
0x00000001b5911000 	/System/Library/PrivateFrameworks/CoreDuetContext.framework/Versions/A/CoreDuetContext
0x00000001a0659000 	/System/Library/PrivateFrameworks/CoreDuet.framework/Versions/A/CoreDuet
0x00000001ba636000 	/System/Library/PrivateFrameworks/AssistantServices.framework/Versions/A/AssistantServices
0x00000001b4964000 	/System/Library/PrivateFrameworks/SAObjects.framework/Versions/A/SAObjects
0x00000001ba231000 	/System/Library/PrivateFrameworks/MediaRemote.framework/Versions/A/MediaRemote
0x00000001cc8e7000 	/System/Library/PrivateFrameworks/SiriInstrumentation.framework/Versions/A/SiriInstrumentation
0x000000027e134000 	/System/Library/PrivateFrameworks/SiriAnalytics.framework/Versions/A/SiriAnalytics
0x0000000283fdb000 	/System/Library/PrivateFrameworks/SiriTTSService.framework/Versions/A/SiriTTSService
0x000000027ea70000 	/System/Library/PrivateFrameworks/SiriCrossDeviceArbitration.framework/Versions/A/SiriCrossDeviceArbitration
0x00000001ca143000 	/System/Library/PrivateFrameworks/FeedbackLogger.framework/Versions/A/FeedbackLogger
0x000000025b75a000 	/System/Library/PrivateFrameworks/FaceTimeNameUtility.framework/Versions/A/FaceTimeNameUtility
0x000000027eac4000 	/System/Library/PrivateFrameworks/SiriCrossDeviceArbitrationFeedback.framework/Versions/A/SiriCrossDeviceArbitrationFeedback
0x00000002651b5000 	/System/Library/PrivateFrameworks/GenerativeModels.framework/Versions/A/GenerativeModels
0x000000023ee91000 	/System/Library/Frameworks/AVRouting.framework/Versions/A/AVRouting
0x00000001bf0cb000 	/System/Library/PrivateFrameworks/MediaServices.framework/Versions/A/MediaServices
0x00000001b47a2000 	/System/Library/Frameworks/LocalAuthentication.framework/Versions/A/LocalAuthentication
0x000000026d40b000 	/System/Library/PrivateFrameworks/LocalAuthenticationCore.framework/Versions/A/LocalAuthenticationCore
0x000000026d590000 	/System/Library/PrivateFrameworks/LocalAuthenticationCredentialServices.framework/Versions/A/LocalAuthenticationCredentialServices
0x00000001b480e000 	/System/Library/Frameworks/LocalAuthentication.framework/Support/SharedUtils.framework/Versions/A/SharedUtils
0x00000001abcf8000 	/System/Library/PrivateFrameworks/PersistentConnection.framework/Versions/A/PersistentConnection
0x00000002857f0000 	/System/Library/PrivateFrameworks/SonicFoundation.framework/Versions/A/SonicFoundation
0x0000000259fb8000 	/System/Library/PrivateFrameworks/Dendrite.framework/Versions/A/Dendrite
0x00000001ce7f6000 	/usr/lib/libtailspin.dylib
0x00000001e2275000 	/System/Library/PrivateFrameworks/Osprey.framework/Versions/A/Osprey
0x0000000283635000 	/System/Library/PrivateFrameworks/SiriTTS.framework/Versions/A/SiriTTS
0x00000001c6bb1000 	/System/Library/Frameworks/NaturalLanguage.framework/Versions/A/NaturalLanguage
0x000000028241b000 	/System/Library/PrivateFrameworks/SiriPowerInstrumentation.framework/Versions/A/SiriPowerInstrumentation
0x00000001c7a74000 	/System/Library/PrivateFrameworks/Trial.framework/Versions/A/Trial
0x00000001c79f6000 	/System/Library/PrivateFrameworks/TrialProto.framework/Versions/A/TrialProto
0x000000028c4da000 	/System/Library/PrivateFrameworks/UnifiedAssetFramework.framework/Versions/A/UnifiedAssetFramework
0x00000001e429d000 	/usr/lib/swift/libswiftAVFoundation.dylib
0x00000001f473e000 	/usr/lib/swift/libswiftNaturalLanguage.dylib
0x000000028798d000 	/System/Library/PrivateFrameworks/TailspinSymbolication.framework/Versions/A/TailspinSymbolication
0x0000000259bf7000 	/System/Library/PrivateFrameworks/Darwinup.framework/Versions/A/Darwinup
0x00000001dac63000 	/System/Library/PrivateFrameworks/SignpostSupport.framework/Versions/A/SignpostSupport
0x00000001c6a78000 	/System/Library/PrivateFrameworks/FeatureFlagsSupport.framework/Versions/A/FeatureFlagsSupport
0x00000001da396000 	/System/Library/PrivateFrameworks/ktrace.framework/Versions/A/ktrace
0x00000001dae92000 	/System/Library/PrivateFrameworks/SampleAnalysis.framework/Versions/A/SampleAnalysis
0x00000001e3b37000 	/System/Library/PrivateFrameworks/kperfdata.framework/Versions/A/kperfdata
0x00000001b02b8000 	/usr/lib/libdscsym.dylib
0x00000001e3ff3000 	/System/Library/PrivateFrameworks/BulkSymbolication.framework/Versions/A/BulkSymbolication
0x00000001b7287000 	/System/Library/PrivateFrameworks/Espresso.framework/Versions/A/Espresso
0x00000001a52a1000 	/System/Library/Frameworks/CoreML.framework/Versions/A/CoreML
0x00000001fde91000 	/System/Library/PrivateFrameworks/ANECompiler.framework/Versions/A/ANECompiler
0x00000001b9380000 	/System/Library/PrivateFrameworks/AppleNeuralEngine.framework/Versions/A/AppleNeuralEngine
0x000000024298b000 	/System/Library/Frameworks/MetalPerformanceShadersGraph.framework/Versions/A/MetalPerformanceShadersGraph
0x000000026de97000 	/System/Library/PrivateFrameworks/MLCompilerServices.framework/Versions/A/MLCompilerServices
0x00000001b812b000 	/System/Library/PrivateFrameworks/ANEServices.framework/Versions/A/ANEServices
0x0000000275244000 	/System/Library/PrivateFrameworks/ODIE.framework/Versions/A/ODIE
0x000000026de3b000 	/System/Library/PrivateFrameworks/MLCompilerRuntime.framework/Versions/A/MLCompilerRuntime
0x00000001a96ab000 	/System/Library/Frameworks/MLCompute.framework/Versions/A/MLCompute
0x000000026ddbd000 	/System/Library/PrivateFrameworks/MLAssetIO.framework/Versions/A/MLAssetIO
0x0000000299893000 	/usr/lib/swift/libswiftMLCompute.dylib
0x00000001b42f5000 	/System/Library/PrivateFrameworks/AVFCore.framework/Versions/A/AVFCore
0x00000001bd855000 	/System/Library/PrivateFrameworks/AVFCapture.framework/Versions/A/AVFCapture
0x000000025205e000 	/System/Library/PrivateFrameworks/CMImaging.framework/Versions/A/CMImaging
0x00000001bda9f000 	/System/Library/PrivateFrameworks/Quagga.framework/Versions/A/Quagga
0x00000001bdbd3000 	/System/Library/PrivateFrameworks/CMCapture.framework/Versions/A/CMCapture
0x00000001ae4e7000 	/System/Library/Frameworks/CoreMediaIO.framework/Versions/A/CoreMediaIO
0x0000000251f9a000 	/System/Library/PrivateFrameworks/CMCaptureDevice.framework/Versions/A/CMCaptureDevice
0x00000001abe6e000 	/System/Library/PrivateFrameworks/CoreBrightness.framework/Versions/A/CoreBrightness
0x00000002530b0000 	/System/Library/PrivateFrameworks/CinematicFraming.framework/Versions/A/CinematicFraming
0x0000000271efa000 	/System/Library/PrivateFrameworks/ModelManagerServices.framework/Versions/A/ModelManagerServices
0x00000001e1333000 	/System/Library/PrivateFrameworks/CPMS.framework/Versions/A/CPMS
0x0000000287683000 	/System/Library/PrivateFrameworks/SystemStatus.framework/Versions/A/SystemStatus
0x00000001c59eb000 	/System/Library/Frameworks/CoreMotion.framework/Versions/A/CoreMotion
0x00000001d5c1a000 	/System/Library/PrivateFrameworks/TimeSync.framework/Versions/A/TimeSync
0x000000025a8da000 	/System/Library/PrivateFrameworks/DistributedSensing.framework/Versions/A/DistributedSensing
0x00000001d118e000 	/System/Library/PrivateFrameworks/MobileBluetooth.framework/Versions/A/MobileBluetooth
0x00000001d791a000 	/System/Library/PrivateFrameworks/IOKitten.framework/Versions/A/IOKitten
0x000000024f4a9000 	/System/Library/PrivateFrameworks/AppleIntelligenceReporting.framework/Versions/A/AppleIntelligenceReporting
0x000000019ce4e000 	/System/Library/PrivateFrameworks/LanguageModeling.framework/Versions/A/LanguageModeling
0x00000001a1e33000 	/System/Library/PrivateFrameworks/Montreal.framework/Versions/A/Montreal
0x00000001aa12a000 	/usr/lib/libcmph.dylib
0x0000000265292000 	/System/Library/PrivateFrameworks/GenerativeModelsFoundation.framework/Versions/A/GenerativeModelsFoundation
0x000000028a47d000 	/System/Library/PrivateFrameworks/TokenGeneration.framework/Versions/A/TokenGeneration
0x0000000265071000 	/System/Library/PrivateFrameworks/GenerativeFunctions.framework/Versions/A/GenerativeFunctions
0x00000002650bd000 	/System/Library/PrivateFrameworks/GenerativeFunctionsFoundation.framework/Versions/A/GenerativeFunctionsFoundation
0x0000000271b17000 	/System/Library/PrivateFrameworks/ModelCatalog.framework/Versions/A/ModelCatalog
0x000000027d5e0000 	/System/Library/PrivateFrameworks/SensitiveContentAnalysisML.framework/Versions/A/SensitiveContentAnalysisML
0x0000000265152000 	/System/Library/PrivateFrameworks/GenerativeFunctionsInstrumentation.framework/Versions/A/GenerativeFunctionsInstrumentation
0x000000027a7dc000 	/System/Library/PrivateFrameworks/PromptKit.framework/Versions/A/PromptKit
0x000000027a2ad000 	/System/Library/PrivateFrameworks/ProactiveDaemonSupport.framework/Versions/A/ProactiveDaemonSupport
0x000000028a6cb000 	/System/Library/PrivateFrameworks/TokenGenerationCore.framework/Versions/A/TokenGenerationCore
0x000000024f10a000 	/System/Library/PrivateFrameworks/AppleFlatBuffers.framework/Versions/A/AppleFlatBuffers
0x000000027d819000 	/System/Library/PrivateFrameworks/SentencePieceInternal.framework/Versions/A/SentencePieceInternal
0x00000001b28d2000 	/System/Library/Frameworks/Vision.framework/Versions/A/Vision
0x00000002595ce000 	/System/Library/PrivateFrameworks/CoreSceneUnderstanding.framework/Versions/A/CoreSceneUnderstanding
0x000000028eee2000 	/System/Library/PrivateFrameworks/VisionCore.framework/Versions/A/VisionCore
0x00000001d0127000 	/System/Library/Frameworks/Vision.framework/libfaceCore.dylib
0x00000001d0c4a000 	/System/Library/PrivateFrameworks/Futhark.framework/Versions/A/Futhark
0x00000001d4a4a000 	/System/Library/PrivateFrameworks/InertiaCam.framework/Versions/A/InertiaCam
0x00000001d09d2000 	/System/Library/PrivateFrameworks/TextRecognition.framework/Versions/A/TextRecognition
0x00000001ab8cf000 	/System/Library/PrivateFrameworks/CVNLP.framework/Versions/A/CVNLP
0x00000001a4d3f000 	/System/Library/PrivateFrameworks/ApplePushService.framework/Versions/A/ApplePushService
0x00000001a4daa000 	/System/Library/Frameworks/CloudKit.framework/Versions/A/CloudKit
0x00000001b82e9000 	/System/Library/PrivateFrameworks/CoreDuetDaemonProtocol.framework/Versions/A/CoreDuetDaemonProtocol
0x00000001dd47a000 	/System/Library/PrivateFrameworks/DeviceIdentity.framework/Versions/A/DeviceIdentity
0x000000024896f000 	/System/Library/Frameworks/SharedWithYouCore.framework/Versions/A/SharedWithYouCore
0x0000000253958000 	/System/Library/PrivateFrameworks/CloudTelemetry.framework/Versions/A/CloudTelemetry
0x00000001b6c1e000 	/System/Library/PrivateFrameworks/AppleAccount.framework/Versions/A/AppleAccount
0x00000001b71e0000 	/System/Library/PrivateFrameworks/C2.framework/Versions/A/C2
0x00000002535ca000 	/System/Library/PrivateFrameworks/CloudCoreInternal.framework/Versions/A/CloudCoreInternal
0x000000025336f000 	/System/Library/PrivateFrameworks/CloudAsset.framework/Versions/A/CloudAsset
0x00000001b71d7000 	/System/Library/Frameworks/PushKit.framework/Versions/A/PushKit
0x0000000253978000 	/System/Library/PrivateFrameworks/CloudTelemetryTools.framework/Versions/A/CloudTelemetryTools
0x00000001b90db000 	/System/Library/PrivateFrameworks/RTCReporting.framework/Versions/A/RTCReporting
0x000000024b5cb000 	/System/Library/PrivateFrameworks/AAAFoundationSwift.framework/Versions/A/AAAFoundationSwift
0x00000001b6ea9000 	/System/Library/PrivateFrameworks/AppleIDSSOAuthentication.framework/Versions/A/AppleIDSSOAuthentication
0x00000001cbcc7000 	/System/Library/PrivateFrameworks/CaptiveNetwork.framework/Versions/A/CaptiveNetwork
0x00000001b66af000 	/System/Library/PrivateFrameworks/EAP8021X.framework/Versions/A/EAP8021X
0x00000002599dd000 	/System/Library/PrivateFrameworks/CryptoKitPrivate.framework/Versions/A/CryptoKitPrivate
0x00000001c6042000 	/System/Library/PrivateFrameworks/FindMyDevice.framework/Versions/A/FindMyDevice
0x00000001badea000 	/System/Library/PrivateFrameworks/FMCoreLite.framework/Versions/A/FMCoreLite
0x00000001a934b000 	/System/Library/Frameworks/ServiceManagement.framework/Versions/A/ServiceManagement
0x00000001dae5b000 	/System/Library/PrivateFrameworks/UIKitServices.framework/Versions/A/UIKitServices
0x0000000140a90000 	/System/Library/Extensions/AGXMetalG14G.bundle/Contents/MacOS/AGXMetalG14G
0x00000001bef6c000 	/System/Library/PrivateFrameworks/IOGPU.framework/Versions/A/IOGPU
0x000000013f864000 	/Users/mattias800/repos/spela/player/desktop/build/native/libspela-libretro.dylib
0x000000013fa38000 	/opt/homebrew/Cellar/sdl2/2.32.10/lib/libSDL2-2.0.0.dylib
0x000000013f838000 	/Users/mattias800/Library/Java/JavaVirtualMachines/ms-21.0.10/Contents/Home/lib/libjawt.dylib
0x00000001400f4000 	/opt/homebrew/Cellar/molten-vk/1.4.0/lib/libMoltenVK.dylib
0x00000001b48ab000 	/System/Library/Frameworks/CoreHaptics.framework/Versions/A/CoreHaptics
0x00000001b69c6000 	/System/Library/Frameworks/GameController.framework/Versions/A/GameController
0x0000000262f02000 	/System/Library/PrivateFrameworks/GameControllerFoundation.framework/Versions/A/GameControllerFoundation
0x0000000262fa6000 	/System/Library/PrivateFrameworks/GameControllerSettings.framework/Versions/A/GameControllerSettings
0x00000001ef362000 	/System/Library/Frameworks/ForceFeedback.framework/Versions/A/ForceFeedback
0x0000000262fb9000 	/System/Library/PrivateFrameworks/GameControllerUI.framework/Versions/A/GameControllerUI
0x0000000142910000 	/Users/mattias800/.skiko/384a41e7bf8dcab7fe3ef7dfb14a2adf281ce448c1f711cac5e69a7b97ae2f4a/libskiko-macos-arm64.dylib
0x000000013f908000 	/Users/mattias800/Library/Java/JavaVirtualMachines/ms-21.0.10/Contents/Home/lib/libosxui.dylib
0x000000028819e000 	/System/Library/PrivateFrameworks/TextInputUI.framework/Versions/A/TextInputUI
0x00000002881d3000 	/System/Library/PrivateFrameworks/TextInputUIMacHelper.framework/Versions/A/TextInputUIMacHelper
0x00000001d0d3a000 	/System/Library/PrivateFrameworks/SafariPlatformSupport.framework/Versions/A/SafariPlatformSupport
0x0000000285e11000 	/System/Library/PrivateFrameworks/SpotlightKnowledge.framework/Versions/A/SpotlightKnowledge
0x0000000285df8000 	/System/Library/PrivateFrameworks/SpotlightEmbedding.framework/Versions/A/SpotlightEmbedding
0x00000001a05fc000 	/System/Library/PrivateFrameworks/SpotlightLinguistics.framework/Versions/A/SpotlightLinguistics
0x0000000285fc5000 	/System/Library/PrivateFrameworks/SpotlightResources.framework/Versions/A/SpotlightResources
0x00000001cbc8b000 	/System/Library/PrivateFrameworks/DataDeliveryServices.framework/Versions/A/DataDeliveryServices
0x00000001552ac000 	/Users/mattias800/Library/Application Support/Spela/cores/vice_x64_libretro.dylib
0x0000000145e28000 	/Users/mattias800/Library/Java/JavaVirtualMachines/ms-21.0.10/Contents/Home/lib/libjsound.dylib
0x00000001461a8000 	/System/Library/Components/CoreAudio.component/Contents/MacOS/CoreAudio

JVMTI agents: none


VM Arguments:
jvm_args: -Dcompose.application.configure.swing.globals=true -Dcompose.application.resources.dir=/Users/mattias800/repos/spela/player/desktop/build/compose/tmp/prepareAppResources -Djava.library.path=/Users/mattias800/repos/spela/player/desktop/build/native -Dfile.encoding=UTF-8 -Duser.country=US -Duser.language=en -Duser.variant 
java_command: com.spela.player.desktop.MainKt
java_class_path (initial): /Users/mattias800/repos/spela/player/desktop/build/libs/desktop-desktop.jar:/Users/mattias800/repos/spela/player/shared/build/libs/shared-desktop.jar:/Users/mattias800/.gradle/caches/modules-2/files-2.1/io.ktor/ktor-client-cio-jvm/3.4.0/84786f75d08fe5042f17c246380eb8381d125a6b/ktor-client-cio-jvm-3.4.0.jar:/Users/mattias800/.gradle/caches/modules-2/files-2.1/org.jetbrains.compose.material3/material3-desktop/1.9.0/19004c4eb3dc6618eb66a076bbe3d7e1a2e7b85/material3-desktop-1.9.0.jar:/Users/mattias800/.gradle/caches/modules-2/files-2.1/org.jetbrains.compose.components/components-resources-desktop/1.10.1/c6115b607f77e9d033de360f989850d3824bf112/library-desktop-1.10.1.jar:/Users/mattias800/.gradle/caches/modules-2/files-2.1/org.jetbrains.compose.desktop/desktop-jvm/1.10.1/42facd9840309ac4eb841a986c5d1b97d2780471/desktop-jvm-1.10.1.jar:/Users/mattias800/.gradle/caches/modules-2/files-2.1/io.coil-kt.coil3/coil-compose-jvm/3.3.0/38281ac8d9773163bb49be7a871239ea0b953f21/coil-compose-jvm-3.3.0.jar:/Users/mattias800/.gradle/caches/modules-2/files-2.1/io.coil-kt.coil3/coil-compose-core-jvm/3.3.0/4ea0aece0de785d13342ef927464bf75d918f80b/coil-compose-core-jvm-3.3.0.jar:/Users/mattias800/.gradle/caches/modules-2/files-2.1/org.jetbrains.compose.material/material-desktop/1.10.1/63e1c3c6705d111bf84e41110e7729df5b85163e/material-desktop-1.10.1.jar:/Users/mattias800/.gradle/caches/modules-2/files-2.1/org.jetbrains.compose.material/material-ripple-desktop/1.10.1/74a14824f086339703264689c5a7cf4ceb39ed40/material-ripple-desktop-1.10.1.jar:/Users/mattias800/.gradle/caches/modules-2/files-2.1/org.jetbrains.compose.foundation/foundation-desktop/1.10.1/d9ba57abee3527886ea640d3b390a70ba9e28af/foundation-desktop-1.10.1.jar:/Users/mattias800/.gradle/caches/modules-2/files-2.1/org.jetbrains.compose.material/material-icons-extended-desktop/1.7.3/c7c5465dd754043076875b32bce0dd7f5a354fe8/material-icons-extended-desktop-1.7.3.jar:/Users/mattias800/.gradle/caches/modules-2/files-2.1/org.jetbrains.compose.animation/animation-desktop/1.10.1/17f777e04f7fe5dff2fe7992d0c0bda81c3a3897/animation-desktop-1.10.1.jar:/Users/mattias800/.gradle/caches/modules-2/files-2.1/org.jetbrains.compose.foundation/foundation-layout-desktop/1.10.1/263364f922ef14fb64f1313a384a0c31cd6f3fa5/foundation-layout-desktop-1.10.1.jar:/Users/mattias800/.gradle/caches/modules-2/files-2.1/org.jetbrains.compose.material/material-icons-core-desktop/1.7.3/414b3096050fe647b0638832eace80f22c06b85c/material-icons-core-desktop-1.7.3.jar:/Users/mattias800/.gradle/caches/modules-2/files-2.1/org.jetbrains.compose.animation/animation-core-desktop/1.10.1/5dd98c5745e548644b7657901bbcc4c2c8f9ec59/animation-core-desktop-1.10.1.jar:/Users/mattias800/.gradle/caches/modules-2/files-2.1/org.jetbrains.compose.ui/ui-desktop/1.10.1/73a6b1e10434fb11bae82daa68c205c71af03c55/ui-desktop-1.10.1.jar:/Users/mattias800/.gradle/caches/modules-2/files-2.1/io.ktor/ktor-client-content-negotiation-jvm/3.4.0/266c1aef9d340c22cd859dd5c9174c2e1d86489f/ktor-client-content-negotiation-jvm-3.4.0.jar:/Users/mattias800/.gradle/caches/modules-2/files-2.1/io.ktor/ktor-client-auth-jvm/3.4.0/14d75d5e7552a8e26a2ad4dd511a76d4a0c5502f/ktor-client-auth-jvm-3.4.0.jar:/Users/mattias800/.gradle/caches/modules-2/files-2.1/io.ktor/ktor-client-logging-jvm/3.4.0/278d41697d9194d36290842bfdae03d674b3f365/ktor-client-logging-jvm-3.4.0.jar:/Users/mattias800/.gradle/caches/modules-2/files-2.1/io.ktor/ktor-client-websockets-jvm/3.4.0/69e1468e52be95fd339dd8026e78985a6ef981e6/ktor-client-websockets-jvm-3.4.0.jar:/Users/mattias800/.gradle/caches/modules-2/files-2.1/io.coil-kt.coil3/coil-network-ktor3-jvm/3.3.0/70b76d7093cce8124a2b2e665ac281992755376e/coil-network-ktor3-jvm-3.3.0.jar:/Users/mattias800/.gradle/caches/modules-2/files-2.1/io.ktor/ktor-client-core-jvm/3.4.0/1f017fc4dcf7e3ff5152a28923b7639a9ba82123/ktor-client-core-jvm-3.4.0.jar:/Users/mattias800/.gradle/caches/modules-2/files-2.1/io.ktor/ktor-serialization-kotlinx-json-jvm/3.4.0/2a09f17d70b6e61623fd8aff9bdce6d7877892/ktor-serialization-kotlinx-json-jvm-3.4.0.jar:/Users/mattias800/.gradle/caches/modules-2/files-2.1/app.cash.sqldelight/coroutines-extensions-jvm/2.2.1/57db01cca75db01f64c58fb1db3aad67b1a52708/sqldelight-coroutines-extensions-jvm-2.2.1.jar:/Users/mattias800/.gradle/caches/modules-2/files-2.1/org.jetbrains.skiko/skiko-awt-runtime-macos-arm64/0.9.37.4/a21a251e5695f2b8da63842e9e8a5ecb2f219dce/skiko-awt-runtime-macos-arm64-0.9.37.4.jar:/Users/mattias800/.gradle/caches/modules-2/files-2.1/io.coil-kt.coil3/coil-svg-jvm/3.3.0/8a566f5afbde353030373d6cf86d907143cfa803/coil-svg-jvm-3.3.0.jar:/Users/mattias800/.gradle/caches/modules-2/files-2.1/org.jetbrains.compose.ui/ui-text-desktop/1.10.1/7babd6e2dea601e74bed24b4017350e1acf4569c/ui-text-desktop-1.10.1.jar:/Users/mattias800/.gradle/caches/modules-2/files-2.1/org.jetbrains.compose.ui/ui-graphics-desktop/1.10.1/c0b9e89e8f5ac5b0253d32d8da2758643ca1e19b/ui-graphics-desktop-1.10.1.jar:/Users/mattias800/.gradle/caches/modules-2/files-2.1/io.coil-kt.coil3/coil-jvm/3.3.0/246e1bf044d5f858315c517f7f770f6dc0516195/coil-jvm-3.3.0.jar:/Users/mattias800/.gradle/caches/modules-2/files-2.1/io.coil-kt.coil3/coil-network-core-jvm/3.3.0/c50c4cf1424afcc90532ed8064bcaa14d88d0ea8/coil-network-core-jvm-3.3.0.jar:/Users/mattias800/.gradle/caches/modules-2/files-2.1/io.coil-kt.coil3/coil-core-jvm/3.3.0/70ff6cf3312784cddfe695b2e2f62aec53778b38/coil-core-jvm-3.3.0.jar:/Users/mattias800/.gradle/caches/modules-2/files-2.1/org.jetbrains.skiko/skiko-awt/0.9.37.4/fc7470cca1041a52b182a921205c5c224e7709ad/skiko-awt-0.9.37.4.jar:/Users/mattias800/.gradle/caches/modules-2/files-2.1/org.jetbrains.kotlinx/kotlinx-coroutines-slf4j/1.10.2/1271f9d4a929150bb87ab8d1dc1e86d4bcf039f3/kotlinx-coroutines-slf4j-1.10.2.jar:/Users/mattias800/.gradle/caches/modules-2/files-2.1/io.ktor/ktor-http-cio-jvm/3.4.0/2c1f50d77b7d825175acf56f6cb494fc1145e23e/ktor-http-cio-jvm-3.4.0.jar:/Users/mattias800/.gradle/caches/modules-2/files-2.1/io.ktor/ktor-websocket-serialization-jvm/3.4.0/20093fc55064238930e96c8dd12a2d96af6ff81d/ktor-websocket-serialization-jvm-3.4.0.jar:/Users/mattias800/.gradle/caches/modules-2/files-2.1/io.ktor/ktor-serialization-kotlinx-jvm/3.4.0/d001db47b2ebe8ad8b2cb1bb2a687688840f5887/ktor-serialization-kotlinx-jvm-3.4.0.jar:/Users/mattias800/.gradle/caches/modules-2/files-2.1/io.ktor/ktor-serialization-jvm/3.4.0/406af3e14bc41086ac933c02c67bd7ee762cfb4b/ktor-serialization-jvm-3.4.0.jar:/Users/mattias800/.gradle/caches/modules-2/files-2.1/io.ktor/ktor-websockets-jvm/3.4.0/5c8a9438372c7de912cf6da0e275ec17056d6451/ktor-websockets-jvm-3.4.0.jar:/Users/mattias800/.gradle/caches/modules-2/files-2.1/io.ktor/ktor-network-tls-jvm/3.4.0/10bb3d46d3fba6ccfc27f03fbeec029a756358b1/ktor-network-tls-jvm-3.4.0.jar:/Users/mattias800/.gradle/caches/modules-2/files-2.1/io.insert-koin/koin-compose-jvm/4.0.0/cf45eee3ae6e58e04a6771a8c04a8937395f8ea0/koin-compose-jvm-4.0.0.jar:/Users/mattias800/.gradle/caches/modules-2/files-2.1/org.jetbrains.compose.ui/ui-backhandler-desktop/1.10.1/ed725f86a0fdff73fb37561ffb606166725e4b6f/ui-backhandler-desktop-1.10.1.jar:/Users/mattias800/.gradle/caches/modules-2/files-2.1/androidx.navigationevent/navigationevent-desktop/1.0.2/ddb1e7fe97ed51c3d35bba493f97fcf12398719/navigationevent-desktop-1.0.2.jar:/Users/mattias800/.gradle/caches/modules-2/files-2.1/androidx.compose.runtime/runtime-annotation-jvm/1.10.2/ea491da34ba40ae9bd340c393566753ddfd95a76/runtime-annotation-jvm-1.10.2.jar:/Users/mattias800/.gradle/caches/modules-2/files-2.1/androidx.compose.runtime/runtime-retain-desktop/1.10.2/879812e3cd2c6151f5d91f515a35952b1be07a76/runtime-retain-desktop-1.10.2.jar:/Users/mattias800/.gradle/caches/modules-2/files-2.1/androidx.compose.runtime/runtime-saveable-desktop/1.10.2/f6903c683c07ba479659ba4eb55bc7c80a7c433e/runtime-saveable-desktop-1.10.2.jar:/Users/mattias800/.gradle/caches/modules-2/files-2.1/org.jetbrains.compose.runtime/runtime-saveable-desktop/1.10.1/9b0e2a8ce3ae7d2b1a40307bc9271933b238cfd4/runtime-saveable-desktop-1.10.1.jar:/Users/mattias800/.gradle/caches/modules-2/files-2.1/org.jetbrains.androidx.lifecycle/lifecycle-runtime-compose-desktop/2.9.6/7b6b6793f3c4c5996b20d1d99cf728e5fac00364/lifecycle-runtime-compose-desktop-2.9.6.jar:/Users/mattias800/.gradle/caches/modules-2/files-2.1/org.jetbrains.compose.ui/ui-unit-desktop/1.10.1/aeeb2f31358ab5abf0bafa0828de2faba7189db5/ui-unit-desktop-1.10.1.jar:/Users/mattias800/.gradle/caches/modules-2/files-2.1/org.jetbrains.compose.ui/ui-geometry-desktop/1.10.1/779ddaadbc03720f7bb2507f6ed6dc4ffc9e7f3e/ui-geometry-desktop-1.10.1.jar:/Users/mattias800/.gradle/caches/modules-2/files-2.1/org.jetbrains.compose.ui/ui-tooling-preview-desktop/1.10.1/6d464d6c6d654d45aecdfaff7a08d64af62217e2/ui-tooling-preview-desktop-1.10.1.jar:/Users/mattias800/.gradle/caches/modules-2/files-2.1/org.jetbrains.androidx.savedstate/savedstate-compose-desktop/1.3.6/63692375ffe667f12cb3ea8aa1e605d659ed2add/savedstate-compose-desktop-1.3.6.jar:/Users/mattias800/.gradle/caches/modules-2/files-2.1/org.jetbrains.compose.runtime/runtime-desktop/1.10.1/edbd39fc9691f4ba1e29c6690341148db4272752/runtime-desktop-1.10.1.jar:/Users/mattias800/.gradle/caches/modules-2/files-2.1/androidx.lifecycle/lifecycle-viewmodel-savedstate-desktop/2.9.4/72a1919b08c5a4da224d8a65ce1589aa69934e8a/lifecycle-viewmodel-savedstate-desktop-2.9.4.jar:/Users/mattias800/.gradle/caches/modules-2/files-2.1/androidx.lifecycle/lifecycle-viewmodel-desktop/2.9.4/93fee6d78f0df0e38f36e0fa2eff74f8da6d5481/lifecycle-viewmodel-desktop-2.9.4.jar:/Users/mattias800/.gradle/caches/modules-2/files-2.1/androidx.lifecycle/lifecycle-runtime-desktop/2.9.4/1cc820319ec0139e76b8a2fe4be0b356b4e624c4/lifecycle-runtime-desktop-2.9.4.jar:/Users/mattias800/.gradle/caches/modules-2/files-2.1/androidx.savedstate/savedstate-compose-desktop/1.3.3/cd60b543d5722a8b5e6cea1e4ccdec8b4375a22b/savedstate-compose-desktop-1.3.3.jar:/Users/mattias800/.gradle/caches/modules-2/files-2.1/androidx.savedstate/savedstate-desktop/1.3.3/1c5bfc3fb56614538528060a06f2c03e34fa5188/savedstate-desktop-1.3.3.jar:/Users/mattias800/.gradle/caches/modules-2/files-2.1/androidx.lifecycle/lifecycle-common-jvm/2.9.4/ab739bccdb3541983385af169565c7c035d897e7/lifecycle-common-jvm-2.9.4.jar:/Users/mattias800/.gradle/caches/modules-2/files-2.1/androidx.lifecycle/lifecycle-runtime-compose-desktop/2.9.4/86a4ffec845d4e488078118a0b5095bd1fabcafe/lifecycle-runtime-compose-desktop-2.9.4.jar:/Users/mattias800/.gradle/caches/modules-2/files-2.1/androidx.compose.runtime/runtime-desktop/1.10.2/b1705e2087f06395622b784aa88e2e738043459/runtime-desktop-1.10.2.jar:/Users/mattias800/.gradle/caches/modules-2/files-2.1/io.ktor/ktor-http-jvm/3.4.0/81e4323a06aa6751f59ffe6e35e61277af17fdb5/ktor-http-jvm-3.4.0.jar:/Users/mattias800/.gradle/caches/modules-2/files-2.1/io.ktor/ktor-events-jvm/3.4.0/d6e6800119bf169c0559eeaf49477757e50a736/ktor-events-jvm-3.4.0.jar:/Users/mattias800/.gradle/caches/modules-2/files-2.1/io.ktor/ktor-sse-jvm/3.4.0/3b4493bfb71b536fc0c055d645ceb1a44b318637/ktor-sse-jvm-3.4.0.jar:/Users/mattias800/.gradle/caches/modules-2/files-2.1/app.cash.sqldelight/async-extensions-jvm/2.2.1/1caa5e80a3f9587d9521bb5786d8004169abb659/sqldelight-async-extensions-jvm-2.2.1.jar:/Users/mattias800/.gradle/caches/modules-2/files-2.1/io.ktor/ktor-network-jvm/3.4.0/8d6179be0155e1d34f844a8317b7f1950772a372/ktor-network-jvm-3.4.0.jar:/Users/mattias800/.gradle/caches/modules-2/files-2.1/io.ktor/ktor-utils-jvm/3.4.0/ce54b074feee2cc3cdac2ba93420f18adc71061d/ktor-utils-jvm-3.4.0.jar:/Users/mattias800/.gradle/caches/modules-2/files-2.1/io.ktor/ktor-io-jvm/3.4.0/16e3233d00797f77f2b918a65d40479c28dc2bde/ktor-io-jvm-3.4.0.jar:/Users/mattias800/.gradle/caches/modules-2/files-2.1/org.jetbrains.kotlinx/kotlinx-coroutines-core-jvm/1.10.2/4a9f78ef49483748e2c129f3d124b8fa249dafbf/kotlinx-coroutines-core-jvm-1.10.2.jar:/Users/mattias800/.gradle/caches/modules-2/files-2.1/org.jetbrains.kotlinx/kotlinx-coroutines-swing/1.10.2/ccb5a2e7c83fa76da0ba4677f05678d3bd3eed57/kotlinx-coroutines-swing-1.10.2.jar:/Users/mattias800/.gradle/caches/modules-2/files-2.1/app.cash.sqldelight/sqlite-driver/2.2.1/14c7c61ee75309171122d51489aa0bae72e3d28f/sqlite-driver-2.2.1.jar:/Users/mattias800/.gradle/caches/modules-2/files-2.1/io.insert-koin/koin-core-jvm/4.0.0/6a66dcf3885c4783432e98845b10f0b5e48ef5b1/koin-core-jvm-4.0.0.jar:/Users/mattias800/.gradle/caches/modules-2/files-2.1/app.cash.sqldelight/jdbc-driver/2.2.1/bd1eec7b45a148d571ecb1d4db97ca5c259a9a9c/jdbc-driver-2.2.1.jar:/Users/mattias800/.gradle/caches/modules-2/files-2.1/app.cash.sqldelight/runtime-jvm/2.2.1/db9095b526694836a06428c2ef14b0562b8a7028/runtime-jvm-2.2.1.jar:/Users/mattias800/.gradle/caches/modules-2/files-2.1/org.jetbrains.kotlinx/kotlinx-serialization-json-io-jvm/1.10.0/50ca77d6d3986562a140275d6c8b07086af55f83/kotlinx-serialization-json-io-jvm-1.10.0.jar:/Users/mattias800/.gradle/caches/modules-2/files-2.1/org.jetbrains.kotlinx/kotlinx-serialization-core-jvm/1.10.0/9400c03c056953bbbf30e861e63735c90e9eb320/kotlinx-serialization-core-jvm-1.10.0.jar:/Users/mattias800/.gradle/caches/modules-2/files-2.1/org.jetbrains.kotlinx/kotlinx-serialization-json-jvm/1.10.0/a74d7819e02bad98af4d6b56c4f45aa6d31ef4ad/kotlinx-serialization-json-jvm-1.10.0.jar:/Users/mattias800/.gradle/caches/modules-2/files-2.1/org.jetbrains.kotlinx/kotlinx-datetime-jvm/0.7.1/81c2e0246bd28cc2dcbdf0ab53628322e66a9de9/kotlinx-datetime-jvm-0.7.1.jar:/Users/mattias800/.gradle/caches/modules-2/files-2.1/org.jetbrains.kotlin/kotlin-stdlib-jdk8/2.2.20/57c4d839a6e5ad105d61ffc5cc0bf4de649c1714/kotlin-stdlib-jdk8-2.2.20.jar:/Users/mattias800/.gradle/caches/modules-2/files-2.1/co.touchlab/stately-concurrent-collections-jvm/2.1.0/5c03b644537d7926a8f77e5735a8bebb55dafdcd/stately-concurrent-collections-jvm-2.1.0.jar:/Users/mattias800/.gradle/caches/modules-2/files-2.1/co.touchlab/stately-concurrency-jvm/2.1.0/6285428408c4d7e4a6d9a09511de877103effd81/stately-concurrency-jvm-2.1.0.jar:/Users/mattias800/.gradle/caches/modules-2/files-2.1/org.jetbrains.compose.ui/ui-util-desktop/1.10.1/fe41825dccacb792ded7df579736a0ed919ee270/ui-util-desktop-1.10.1.jar:/Users/mattias800/.gradle/caches/modules-2/files-2.1/org.jetbrains.kotlinx/atomicfu-jvm/0.23.2/a4601dc42dceb031a586058e8356ff778a57dea0/atomicfu-jvm-0.23.2.jar:/Users/mattias800/.gradle/caches/modules-2/files-2.1/org.jetbrains.kotlin/kotlin-stdlib-jdk7/2.2.20/bdbe3b5d872fa3b74d8fcd4e7ca3193f4abc9cc8/kotlin-stdlib-jdk7-2.2.20.jar:/Users/mattias800/.gradle/caches/modules-2/files-2.1/androidx.collection/collection-jvm/1.5.0/7ba2c69414d46ebc2dd76598bdd0a75c54281a57/collection-jvm-1.5.0.jar:/Users/mattias800/.gradle/caches/modules-2/files-2.1/androidx.arch.core/core-common/2.2.0/5e1b8b81dfd5f52c56a8d53b18ca759c19a301f3/core-common-2.2.0.jar:/Users/mattias800/.gradle/caches/modules-2/files-2.1/androidx.annotation/annotation-jvm/1.9.1/b17951747e38bf3986a24431b9ba0d039958aa5f/annotation-jvm-1.9.1.jar:/Users/mattias800/.gradle/caches/modules-2/files-2.1/co.touchlab/stately-strict-jvm/2.1.0/3ae8369209065455f4630793bf6aca0fb88c8b6b/stately-strict-jvm-2.1.0.jar:/Users/mattias800/.gradle/caches/modules-2/files-2.1/com.squareup.okio/okio-jvm/3.15.0/cb3c285187640f543150fcac1ae012bdd778c0e1/okio-jvm-3.15.0.jar:/Users/mattias800/.gradle/caches/modules-2/files-2.1/org.jetbrains.kotlinx/kotlinx-io-core-jvm/0.8.2/358a9f2ba2dc81c5dc84c3d1853f6e5efba63be1/kotlinx-io-core-jvm-0.8.2.jar:/Users/mattias800/.gradle/caches/modules-2/files-2.1/org.jetbrains.kotlinx/kotlinx-io-bytestring-jvm/0.8.2/89c5399596250e71f2bba6d2415972a078a525c7/kotlinx-io-bytestring-jvm-0.8.2.jar:/Users/mattias800/.gradle/caches/modules-2/files-2.1/org.jetbrains.kotlin/kotlin-stdlib/2.3.10/8b80e2f80a3b7daa99c16017f91d4c72cd8b31a6/kotlin-stdlib-2.3.10.jar:/Users/mattias800/.gradle/caches/modules-2/files-2.1/org.jetbrains/annotations/23.0.0/8cc20c07506ec18e0834947b84a864bfc094484e/annotations-23.0.0.jar:/Users/mattias800/.gradle/caches/modules-2/files-2.1/org.xerial/sqlite-jdbc/3.51.0.0/17c4e0d41dd482d6f35547f4235d55e72b7cf0f1/sqlite-jdbc-3.51.0.0.jar:/Users/mattias800/.gradle/caches/modules-2/files-2.1/org.slf4j/slf4j-api/2.0.17/d9e58ac9c7779ba3bf8142aff6c830617a7fe60f/slf4j-api-2.0.17.jar:/Users/mattias800/.gradle/caches/modules-2/files-2.1/org.jetbrains.runtime/jbr-api/1.5.0/4158e485a7a4ecfd521e03095d81e0225529e8d2/jbr-api-1.5.0.jar:/Users/mattias800/.gradle/caches/modules-2/files-2.1/org.jspecify/jspecify/1.0.0/7425a601c1c7ec76645a78d22b8c6a627edee507/jspecify-1.0.0.jar
Launcher Type: SUN_STANDARD

[Global flags]
     intx CICompilerCount                          = 4                                         {product} {ergonomic}
     uint ConcGCThreads                            = 2                                         {product} {ergonomic}
     uint G1ConcRefinementThreads                  = 8                                         {product} {ergonomic}
   size_t G1HeapRegionSize                         = 4194304                                   {product} {ergonomic}
    uintx GCDrainStackTargetSize                   = 64                                        {product} {ergonomic}
   size_t InitialHeapSize                          = 402653184                                 {product} {ergonomic}
   size_t MarkStackSize                            = 4194304                                   {product} {ergonomic}
   size_t MaxHeapSize                              = 6442450944                                {product} {ergonomic}
   size_t MaxNewSize                               = 3862953984                                {product} {ergonomic}
   size_t MinHeapDeltaBytes                        = 4194304                                   {product} {ergonomic}
   size_t MinHeapSize                              = 8388608                                   {product} {ergonomic}
    uintx NonNMethodCodeHeapSize                   = 5839564                                {pd product} {ergonomic}
    uintx NonProfiledCodeHeapSize                  = 122909338                              {pd product} {ergonomic}
    uintx ProfiledCodeHeapSize                     = 122909338                              {pd product} {ergonomic}
    uintx ReservedCodeCacheSize                    = 251658240                              {pd product} {ergonomic}
     bool SegmentedCodeCache                       = true                                      {product} {ergonomic}
   size_t SoftMaxHeapSize                          = 6442450944                             {manageable} {ergonomic}
     bool UseCompressedOops                        = true                           {product lp64_product} {ergonomic}
     bool UseG1GC                                  = true                                      {product} {ergonomic}
     bool UseNUMA                                  = false                                     {product} {ergonomic}
     bool UseNUMAInterleaving                      = false                                     {product} {ergonomic}

Logging:
Log output configuration:
 #0: stdout all=warning uptime,level,tags foldmultilines=false
 #1: stderr all=off uptime,level,tags foldmultilines=false

Release file:
IMPLEMENTOR="Microsoft"
IMPLEMENTOR_VERSION="Microsoft-13106411"
JAVA_RUNTIME_VERSION="21.0.10+7-LTS"
JAVA_VERSION="21.0.10"
JAVA_VERSION_DATE="2026-01-20"
LIBC="default"
MODULES="java.base java.compiler java.datatransfer java.xml java.prefs java.desktop java.instrument java.logging java.management java.security.sasl java.naming java.rmi java.management.rmi java.net.http java.scripting java.security.jgss java.transaction.xa java.sql java.sql.rowset java.xml.crypto java.se java.smartcardio jdk.accessibility jdk.internal.jvmstat jdk.attach jdk.charsets jdk.internal.opt jdk.zipfs jdk.compiler jdk.crypto.ec jdk.crypto.cryptoki jdk.dynalink jdk.internal.ed jdk.editpad jdk.hotspot.agent jdk.httpserver jdk.incubator.vector jdk.internal.le jdk.internal.vm.ci jdk.internal.vm.compiler jdk.internal.vm.compiler.management jdk.jartool jdk.javadoc jdk.jcmd jdk.management jdk.management.agent jdk.jconsole jdk.jdeps jdk.jdwp.agent jdk.jdi jdk.jfr jdk.jlink jdk.jpackage jdk.jshell jdk.jsobject jdk.jstatd jdk.localedata jdk.management.jfr jdk.naming.dns jdk.naming.rmi jdk.net jdk.nio.mapmode jdk.random jdk.sctp jdk.security.auth jdk.security.jgss jdk.unsupported jdk.unsupported.desktop jdk.xml.dom"
OS_ARCH="aarch64"
OS_NAME="Darwin"
SOURCE=".:git:e69b6ef7382e"

Environment Variables:
PATH=/Users/mattias800/Library/Android/sdk/emulator:/Users/mattias800/Library/Android/sdk/tools:/Users/mattias800/Library/Android/sdk/platform-tools:/Users/mattias800/.antigravity/antigravity/bin:/Users/mattias800/.local/bin:/Users/mattias800/.mzsh/bin:/Users/mattias800/.bun/bin:/Users/mattias800/Library/pnpm:/opt/homebrew/bin:/opt/homebrew/sbin:/usr/local/bin:/System/Cryptexes/App/usr/bin:/usr/bin:/bin:/usr/sbin:/sbin:/var/run/com.apple.security.cryptexd/codex.system/bootstrap/usr/local/bin:/var/run/com.apple.security.cryptexd/codex.system/bootstrap/usr/bin:/var/run/com.apple.security.cryptexd/codex.system/bootstrap/usr/appleinternal/bin:/opt/pmk/env/global/bin:/Library/Apple/usr/bin:/usr/local/share/dotnet:~/.dotnet/tools:/Users/mattias800/Library/Application Support/JetBrains/Toolbox/scripts:/Users/mattias800/.lmstudio/bin:/Users/mattias800/.maestro/bin:/Users/mattias800/.maestro/bin:/Applications/Warp.app/Contents/Resources/bin
SHELL=/bin/zsh
LANG=C.UTF-8
LC_CTYPE=UTF-8
TERM=xterm-256color
TMPDIR=/var/folders/00/y_pwwndd1hj9rnmh0xwj36v80000gn/T/
DYLD_FALLBACK_LIBRARY_PATH=/tmp/spela-vulkan:/opt/homebrew/lib:/usr/local/lib

Active Locale:
LC_ALL=C.UTF-8/UTF-8/C.UTF-8/C.UTF-8/C.UTF-8/C.UTF-8
LC_COLLATE=C.UTF-8
LC_CTYPE=UTF-8
LC_MESSAGES=C.UTF-8
LC_MONETARY=C.UTF-8
LC_NUMERIC=C.UTF-8
LC_TIME=C.UTF-8

Signal Handlers:
   SIGSEGV: crash_handler in libjvm.dylib, mask=11100110000111110111111111111111, flags=SA_ONSTACK|SA_RESTART|SA_SIGINFO, unblocked
    SIGBUS: crash_handler in libjvm.dylib, mask=11100110000111110111111111111111, flags=SA_RESTART|SA_SIGINFO, unblocked
    SIGFPE: crash_handler in libjvm.dylib, mask=11100110000111110111111111111111, flags=SA_RESTART|SA_SIGINFO, unblocked
   SIGPIPE: javaSignalHandler in libjvm.dylib, mask=11100110000111110111111111111111, flags=SA_RESTART|SA_SIGINFO, blocked
   SIGXFSZ: javaSignalHandler in libjvm.dylib, mask=11100110000111110111111111111111, flags=SA_RESTART|SA_SIGINFO, blocked
    SIGILL: crash_handler in libjvm.dylib, mask=11100110000111110111111111111111, flags=SA_RESTART|SA_SIGINFO, unblocked
   SIGUSR2: SR_handler in libjvm.dylib, mask=00000000000000000000000000000000, flags=SA_RESTART|SA_SIGINFO, blocked
    SIGHUP: UserHandler in libjvm.dylib, mask=11100110000111110111111111111111, flags=SA_RESTART|SA_SIGINFO, blocked
    SIGINT: SIG_IGN, mask=00000000000000000000000000000000, flags=none, blocked
   SIGTERM: UserHandler in libjvm.dylib, mask=11100110000111110111111111111111, flags=SA_RESTART|SA_SIGINFO, blocked
   SIGQUIT: UserHandler in libjvm.dylib, mask=11100110000111110111111111111111, flags=SA_RESTART|SA_SIGINFO, blocked
   SIGTRAP: crash_handler in libjvm.dylib, mask=11100110000111110111111111111111, flags=SA_RESTART|SA_SIGINFO, unblocked


Periodic native trim disabled

---------------  S Y S T E M  ---------------

OS:
uname: Darwin 25.3.0 Darwin Kernel Version 25.3.0: Wed Jan 28 20:56:34 PST 2026; root:xnu-12377.91.3~2/RELEASE_ARM64_T8112 arm64
OS uptime: 14 days 15:03 hours
rlimit (soft/hard): STACK 8176k/65520k , CORE 0k/infinity , NPROC 4000/6000 , NOFILE 1048576/infinity , AS infinity/infinity , CPU infinity/infinity , DATA infinity/infinity , FSIZE infinity/infinity , MEMLOCK infinity/infinity , RSS infinity/infinity
load average: 7.21 6.49 5.16

CPU: total 8 (initial active 8) 0x61:0x0:0xda33d83d:0, fp, asimd, aes, pmull, sha1, sha256, crc32, lse, sha3, sha512
machdep.cpu.brand_string:Apple M2
hw.cachelinesize:128
hw.l1icachesize:131072
hw.l1dcachesize:65536
hw.l2cachesize:4194304

Memory: 16k page, physical 25165824k(204960k free), swap 8388608k(1206336k free)

vm_info: OpenJDK 64-Bit Server VM (21.0.10+7-LTS) for bsd-aarch64 JRE (21.0.10+7-LTS), built on 2026-01-15T18:35:20Z by "MicrosoftCorporation" with clang Apple LLVM 15.0.0 (clang-1500.1.0.2.5)

END.
