#
# A fatal error has been detected by the Java Runtime Environment:
#
#  SIGSEGV (0xb) at pc=0x000000023ff46e98, pid=7111, tid=168963
#
# JRE version: OpenJDK Runtime Environment Microsoft-13106411 (21.0.10+7) (build 21.0.10+7-LTS)
# Java VM: OpenJDK 64-Bit Server VM Microsoft-13106411 (21.0.10+7-LTS, mixed mode, sharing, tiered, compressed oops, compressed class ptrs, g1 gc, bsd-aarch64)
# Problematic frame:
# C  [libGL.dylib+0x2e98]  glActiveTexture+0xc
#
# No core dump will be written. Core dumps have been disabled. To enable core dumping, try "ulimit -c unlimited" before starting Java again
#
# If you would like to submit a bug report, please visit:
#   https://github.com/microsoft/openjdk/issues
# The crash happened outside the Java Virtual Machine in native code.
# See problematic frame for where to report the bug.
#

---------------  S U M M A R Y ------------

Command Line: -Dcompose.application.configure.swing.globals=true -Dcompose.application.resources.dir=/Users/mattias800/repos/spela/player/desktop/build/compose/tmp/prepareAppResources -Djava.library.path=/Users/mattias800/repos/spela/player/desktop/build/native -Dfile.encoding=UTF-8 -Duser.country=US -Duser.language=en -Duser.variant com.spela.player.desktop.MainKt

Host: "Mac14,2" arm64, 8 cores, 24G, Darwin 25.2.0, macOS 26.2 (25C56)
Time: Fri Feb 27 21:32:55 2026 CET elapsed time: 140.778932 seconds (0d 0h 2m 20s)

---------------  T H R E A D  ---------------

Current thread (0x00000007e6ad2a00):  JavaThread "DefaultDispatcher-worker-23" daemon [_thread_in_native, id=168963, stack(0x0000000172bac000,0x0000000172daf000) (2060K)]

Stack: [0x0000000172bac000,0x0000000172daf000],  sp=0x0000000172dae370,  free space=2056k
Native frames: (J=compiled Java code, j=interpreted, Vv=VM code, C=native code)
C  [libGL.dylib+0x2e98]  glActiveTexture+0xc
C  [ppsspp_libretro.dylib+0x3ffeb8]  GLRenderManager::Run(GLRRenderThreadTask&)+0xac
C  [ppsspp_libretro.dylib+0x3ffd3c]  GLRenderManager::ThreadFrame(bool)+0x138
C  [ppsspp_libretro.dylib+0x8688]  retro_serialize_size+0x60
C  [libspela-libretro.dylib+0x6020]  Java_com_spela_player_libretro_LibretroJni_nativeSerialize+0x40
j  com.spela.player.libretro.LibretroJni.nativeSerialize()[B+0
j  com.spela.player.libretro.DesktopLibretroController.serialize()[B+4
j  com.spela.player.presentation.viewmodel.SaveManager.autoSaveOnStop(Ljava/lang/String;Lkotlin/coroutines/Continuation;)Ljava/lang/Object;+98
j  com.spela.player.presentation.viewmodel.EmulationViewModel$stopGame$1.invokeSuspend(Ljava/lang/Object;)Ljava/lang/Object;+233
J 8985 c2 kotlin.coroutines.jvm.internal.BaseContinuationImpl.resumeWith(Ljava/lang/Object;)V (124 bytes) @ 0x000000011b9bca9c [0x000000011b9bca40+0x000000000000005c]
J 8337 c2 kotlinx.coroutines.DispatchedTask.run()V (387 bytes) @ 0x000000011b8eb2ac [0x000000011b8eb040+0x000000000000026c]
J 8938% c2 kotlinx.coroutines.scheduling.CoroutineScheduler$Worker.runWorker()V (118 bytes) @ 0x000000011b9a9b98 [0x000000011b9a9440+0x0000000000000758]
j  kotlinx.coroutines.scheduling.CoroutineScheduler$Worker.run()V+1
v  ~StubRoutines::call_stub 0x000000011afb4154
V  [libjvm.dylib+0x4b2d3c]  JavaCalls::call_helper(JavaValue*, methodHandle const&, JavaCallArguments*, JavaThread*)+0x3d8
V  [libjvm.dylib+0x4b1c74]  JavaCalls::call_virtual(JavaValue*, Klass*, Symbol*, Symbol*, JavaCallArguments*, JavaThread*)+0x140
V  [libjvm.dylib+0x4b1d40]  JavaCalls::call_virtual(JavaValue*, Handle, Klass*, Symbol*, Symbol*, JavaThread*)+0x64
V  [libjvm.dylib+0x581e98]  thread_entry(JavaThread*, JavaThread*)+0x9c
V  [libjvm.dylib+0x4c7084]  JavaThread::thread_main_inner()+0x98
V  [libjvm.dylib+0x9ff190]  Thread::call_run()+0xc8
V  [libjvm.dylib+0x821ab8]  thread_native_entry(Thread*)+0x118
C  [libsystem_pthread.dylib+0x6c08]  _pthread_start+0x88
Java frames: (J=compiled Java code, j=interpreted, Vv=VM code)
j  com.spela.player.libretro.LibretroJni.nativeSerialize()[B+0
j  com.spela.player.libretro.DesktopLibretroController.serialize()[B+4
j  com.spela.player.presentation.viewmodel.SaveManager.autoSaveOnStop(Ljava/lang/String;Lkotlin/coroutines/Continuation;)Ljava/lang/Object;+98
j  com.spela.player.presentation.viewmodel.EmulationViewModel$stopGame$1.invokeSuspend(Ljava/lang/Object;)Ljava/lang/Object;+233
J 8985 c2 kotlin.coroutines.jvm.internal.BaseContinuationImpl.resumeWith(Ljava/lang/Object;)V (124 bytes) @ 0x000000011b9bca9c [0x000000011b9bca40+0x000000000000005c]
J 8337 c2 kotlinx.coroutines.DispatchedTask.run()V (387 bytes) @ 0x000000011b8eb2ac [0x000000011b8eb040+0x000000000000026c]
J 8938% c2 kotlinx.coroutines.scheduling.CoroutineScheduler$Worker.runWorker()V (118 bytes) @ 0x000000011b9a9b98 [0x000000011b9a9440+0x0000000000000758]
j  kotlinx.coroutines.scheduling.CoroutineScheduler$Worker.run()V+1
v  ~StubRoutines::call_stub 0x000000011afb4154

siginfo: si_signo: 11 (SIGSEGV), si_code: 2 (SEGV_ACCERR), si_addr: 0x0000000000000ab8

Registers:
 x0=0x00000000000084c0  x1=0x00000000000084c0  x2=0x0000000000000000  x3=0x0000000080500001
 x4=0x0000000000000025  x5=0x0000000084400004  x6=0x000000000000003b  x7=0x000000003b9ac230
 x8=0x0000000000000000  x9=0x0000000000000000 x10=0x0000000000000000 x11=0x0000000000000002
x12=0x00000000000001aa x13=0x0000000000000000 x14=0x0000000301000680 x15=0x0000007001560238
x16=0x000000019bc388cc x17=0x000000020a11eee0 x18=0x0000000000000000 x19=0x00000007e650d3c0
x20=0x00000007e860cd00 x21=0x00000007e650d3c0 x22=0x00000007e650dba0 x23=0x00000007e650d3c0
x24=0x00000007e650dcc8 x25=0x0000000000000000 x26=0x00000007e650d441 x27=0x000000700111a3a0
x28=0x00000007e860cd18  fp=0x0000000172dae4b0  lr=0x000000014ce1e410  sp=0x0000000172dae370
pc=0x000000023ff46e98 cpsr=0x0000000060001000

Register to memory mapping:

x0 =0x00000000000084c0 is an unknown value
x1 =0x00000000000084c0 is an unknown value
x2 =0x0 is null
x3 =0x0000000080500001 is an unknown value
x4 =0x0000000000000025 is an unknown value
x5 =0x0000000084400004 is an unknown value
x6 =0x000000000000003b is an unknown value
x7 =0x000000003b9ac230 is an unknown value
x8 =0x0 is null
x9 =0x0 is null
x10=0x0 is null
x11=0x0000000000000002 is an unknown value
x12=0x00000000000001aa is an unknown value
x13=0x0 is null
x14=0x0000000301000680 is an oop: kotlinx.coroutines.scheduling.CoroutineScheduler 
{0x0000000301000680} - klass: 'kotlinx/coroutines/scheduling/CoroutineScheduler'
 - ---- fields (total size 8 words):
 - public final 'corePoolSize' 'I' @12  8 (0x00000008)
 - public final 'idleWorkerKeepAliveNs' 'J' @16  60000000000 (0x0000000df8475800)
 - private volatile synthetic 'parkedWorkersStack$volatile' 'J' @24  1374678941702 (0x0000014011400006)
 - private volatile synthetic 'controlState$volatile' 'J' @32  30786327674914 (0x00001c0000200022)
 - public final 'maxPoolSize' 'I' @40  2097150 (0x001ffffe)
 - private volatile synthetic '_isTerminated$volatile' 'I' @44  0 (0x00000000)
 - public final 'schedulerName' 'Ljava/lang/String;' @48  "DefaultDispatcher"{0x00000003010291d8} (0x6020523b)
 - public final 'globalCpuQueue' 'Lkotlinx/coroutines/scheduling/GlobalQueue;' @52  a 'kotlinx/coroutines/scheduling/GlobalQueue'{0x00000003010a1720} (0x602142e4)
 - public final 'globalBlockingQueue' 'Lkotlinx/coroutines/scheduling/GlobalQueue;' @56  a 'kotlinx/coroutines/scheduling/GlobalQueue'{0x00000003010a1798} (0x602142f3)
 - public final 'workers' 'Lkotlinx/coroutines/internal/ResizableAtomicArray;' @60  a 'kotlinx/coroutines/internal/ResizableAtomicArray'{0x00000003010a1810} (0x60214302)
x15=0x0000007001560238 is pointing into metadata
x16=0x000000019bc388cc: pthread_mutex_unlock+0 in /usr/lib/system/libsystem_pthread.dylib at 0x000000019bc37000
x17=0x000000020a11eee0 points into unknown readable memory: 0x000000019bc388cc | cc 88 c3 9b 01 00 00 00
x18=0x0 is null
x19=0x00000007e650d3c0 points into unknown readable memory: 0x0000000000000000 | 00 00 00 00 00 00 00 00
x20=0x00000007e860cd00 points into unknown readable memory: 0x00000007e862c400 | 00 c4 62 e8 07 00 00 00
x21=0x00000007e650d3c0 points into unknown readable memory: 0x0000000000000000 | 00 00 00 00 00 00 00 00
x22=0x00000007e650dba0 points into unknown readable memory: 0x0000000000000000 | 00 00 00 00 00 00 00 00
x23=0x00000007e650d3c0 points into unknown readable memory: 0x0000000000000000 | 00 00 00 00 00 00 00 00
x24=0x00000007e650dcc8 points into unknown readable memory: 0x00000000434f4e45 | 45 4e 4f 43 00 00 00 00
x25=0x0 is null
x26=0x00000007e650d441 points into unknown readable memory: 01 00 00 00 00 00 00
x27=0x000000700111a3a0 is a pointer to class: 
kotlinx.coroutines.internal.ThreadSafeHeapNode {0x000000700111a3a0}
 - instance size:     2
 - klass size:        64
 - access:            public interface abstract 
 - flags:             rewritten should_verify_class 
 - state:             linked
 - name:              'kotlinx/coroutines/internal/ThreadSafeHeapNode'
 - super:             'java/lang/Object'
 - sub:               
 - nof implementors:  1
 - implementor:    
   'kotlinx/coroutines/EventLoopImplBase$DelayedTask'
 - arrays:            'kotlinx/coroutines/internal/ThreadSafeHeapNode'[]
 - methods:           Array<T>(0x000000012cb5b420)
 - method ordering:   Array<T>(0x0000007000b2f4f8)
 - local interfaces:  Array<T>(0x0000007000617448)
 - trans. interfaces: Array<T>(0x0000007000617448)
 - secondary supers: Array<T>(0x0000007000616f98)
 - hash_slot:         57
 - bitmap:            0x0000000000000000
 - constants:         constant pool [40] {0x000000012cb5b280} for 'kotlinx/coroutines/internal/ThreadSafeHeapNode' cache=0x000000012cb5c6e8
 - class loader data:  loader data: 0x00000007e906bca0 for instance a 'jdk/internal/loader/ClassLoaders$AppClassLoader'{0x0000000301000d68}
 - source file:       'ThreadSafeHeap.kt'
 - class annotations:       Array<T>(0x000000012cb5b698)
 - inner classes:     Array<T>(0x00000070006173d0)
 - nest members:     Array<T>(0x00000070006173d0)
 - permitted subclasses:     Array<T>(0x00000070006173d0)
 - java mirror:       a 'java/lang/Class'{0x0000000301347a20} = 'kotlinx/coroutines/internal/ThreadSafeHeapNode'
 - vtable length      5  (start addr: 0x000000700111a570)
 - itable length      0 (start addr: 0x000000700111a598)
 - ---- static fields (0 words):
 - ---- non-static fields (0 words):
 - non-static oop maps: 
x28=0x00000007e860cd18 points into unknown readable memory: 0x0000000000000004 | 04 00 00 00 00 00 00 00
 fp=0x0000000172dae4b0 is pointing into the stack for thread: 0x00000007e6ad2a00
 lr=0x000000014ce1e410: _ZN13GLQueueRunner12RunInitStepsERK7FastVecI11GLRInitStepEb+0x1b0 in /Users/mattias800/Library/Application Support/Spela/cores/ppsspp_libretro.dylib at 0x000000014ca1c000
 sp=0x0000000172dae370 is pointing into the stack for thread: 0x00000007e6ad2a00

Top of Stack: (sp=0x0000000172dae370)
0x0000000172dae370:   0000000172dae3a0 000000010aa37820
0x0000000172dae380:   000000012cdc2d18 00000007e6ad2a00
0x0000000172dae390:   00000007e83ed138 0000007000483b88
0x0000000172dae3a0:   0000000172dae550 000000010a794220
0x0000000172dae3b0:   0000000000000000 00000007e650dba0
0x0000000172dae3c0:   0000000172dae4c0 000000010ac39cf8
0x0000000172dae3d0:   0000000172dae530 000000013ef9c6d8
0x0000000172dae3e0:   0000000200000001 000000037f80a6a5
0x0000000172dae3f0:   0000000307503b28 0000000301347760
0x0000000172dae400:   00000007e6ad2a00 00000007e84730c0
0x0000000172dae410:   00000007ed18e000 00000007ed18e028
0x0000000172dae420:   00000007ed18e0e8 00000000000000d8
0x0000000172dae430:   0000000172daeba8 0000000000000000
0x0000000172dae440:   0000000000000000 000000011a000000
0x0000000172dae450:   0000000000000000 0000000000000000
0x0000000172dae460:   0000000000000001 000000700111a3a0
0x0000000172dae470:   00000007e650d441 0000000000000000
0x0000000172dae480:   00000007e650dcc8 00000007e650d3c0
0x0000000172dae490:   00000007e650dba0 00000007e650d3c0
0x0000000172dae4a0:   00000007e860cd00 00000007e650d3c0
0x0000000172dae4b0:   0000000172dae520 000000014ce1beb8
0x0000000172dae4c0:   0000000172da0000 0000000000000000
0x0000000172dae4d0:   0000000000000001 000000700111a3a0
0x0000000172dae4e0:   0000000000000001 00000007e860cd00
0x0000000172dae4f0:   00000007e650dcc8 00000007e650dd68
0x0000000172dae500:   00000007e650dd28 00000007e650dc88
0x0000000172dae510:   00000007e650d3c0 0000000000000001
0x0000000172dae520:   0000000172dae590 000000014ce1bd3c
0x0000000172dae530:   00000007e650dc88 000000010a7a6501
0x0000000172dae540:   00000007e6ad2a00 000000700111a3a0
0x0000000172dae550:   000000012cd8bca8 000000030344ce48
0x0000000172dae560:   0000000172dae6e8 0000000302266cd0 

Instructions: (pc=0x000000023ff46e98)
0x000000023ff46d98:   e5 03 04 aa e4 03 03 aa e3 03 02 aa e2 03 01 aa
0x000000023ff46da8:   e1 03 00 aa 68 d0 3b d5 08 79 40 f9 06 c1 46 f9
0x000000023ff46db8:   00 01 40 f9 df 08 1f d6 e3 03 02 aa e2 03 01 aa
0x000000023ff46dc8:   e1 03 00 aa 68 d0 3b d5 08 79 40 f9 04 c5 46 f9
0x000000023ff46dd8:   00 01 40 f9 9f 08 1f d6 e3 03 02 aa e2 03 01 aa
0x000000023ff46de8:   e1 03 00 aa 68 d0 3b d5 08 79 40 f9 04 c9 46 f9
0x000000023ff46df8:   00 01 40 f9 9f 08 1f d6 e4 03 03 aa e3 03 02 aa
0x000000023ff46e08:   e2 03 01 aa e1 03 00 aa 68 d0 3b d5 08 79 40 f9
0x000000023ff46e18:   05 cd 46 f9 00 01 40 f9 bf 08 1f d6 e3 03 02 aa
0x000000023ff46e28:   e2 03 01 aa e1 03 00 aa 68 d0 3b d5 08 79 40 f9
0x000000023ff46e38:   04 d1 46 f9 00 01 40 f9 9f 08 1f d6 e1 03 00 aa
0x000000023ff46e48:   68 d0 3b d5 08 79 40 f9 02 d5 46 f9 00 01 40 f9
0x000000023ff46e58:   5f 08 1f d6 e1 03 00 aa 68 d0 3b d5 08 79 40 f9
0x000000023ff46e68:   02 d9 46 f9 00 01 40 f9 5f 08 1f d6 e1 03 00 aa
0x000000023ff46e78:   68 d0 3b d5 08 79 40 f9 02 59 45 f9 00 01 40 f9
0x000000023ff46e88:   5f 08 1f d6 e1 03 00 aa 68 d0 3b d5 08 79 40 f9
0x000000023ff46e98:   02 5d 45 f9 00 01 40 f9 5f 08 1f d6 e1 03 00 aa
0x000000023ff46ea8:   68 d0 3b d5 08 79 40 f9 02 61 45 f9 00 01 40 f9
0x000000023ff46eb8:   5f 08 1f d6 e2 03 01 aa e1 03 00 aa 68 d0 3b d5
0x000000023ff46ec8:   08 79 40 f9 03 65 45 f9 00 01 40 f9 7f 08 1f d6
0x000000023ff46ed8:   e1 03 00 aa 68 d0 3b d5 08 79 40 f9 02 69 45 f9
0x000000023ff46ee8:   00 01 40 f9 5f 08 1f d6 e2 03 01 aa e1 03 00 aa
0x000000023ff46ef8:   68 d0 3b d5 08 79 40 f9 03 6d 45 f9 00 01 40 f9
0x000000023ff46f08:   7f 08 1f d6 e2 03 01 aa e1 03 00 aa 68 d0 3b d5
0x000000023ff46f18:   08 79 40 f9 03 71 45 f9 00 01 40 f9 7f 08 1f d6
0x000000023ff46f28:   e2 03 01 aa e1 03 00 aa 68 d0 3b d5 08 79 40 f9
0x000000023ff46f38:   03 75 45 f9 00 01 40 f9 7f 08 1f d6 e2 03 01 aa
0x000000023ff46f48:   e1 03 00 aa 68 d0 3b d5 08 79 40 f9 03 79 45 f9
0x000000023ff46f58:   00 01 40 f9 7f 08 1f d6 e2 03 01 aa e1 03 00 aa
0x000000023ff46f68:   68 d0 3b d5 08 79 40 f9 03 7d 45 f9 00 01 40 f9
0x000000023ff46f78:   7f 08 1f d6 e1 03 00 aa 68 d0 3b d5 08 79 40 f9
0x000000023ff46f88:   02 81 45 f9 00 01 40 f9 5f 08 1f d6 e2 03 01 aa 


Stack slot to memory mapping:

stack at sp + 0 slots: 0x0000000172dae3a0 is pointing into the stack for thread: 0x00000007e6ad2a00
stack at sp + 1 slots: 0x000000010aa37820: _ZN6Method10jmethod_idEv+0xa0 in /Users/mattias800/Library/Java/JavaVirtualMachines/ms-21.0.10/Contents/Home/lib/server/libjvm.dylib at 0x000000010a274000
stack at sp + 2 slots: {method} {0x000000012cdc2d18} '<init>' '(ILjava/lang/String;[Z[I)V' in 'com/spela/player/libretro/GamepadState'
stack at sp + 3 slots: 0x00000007e6ad2a00 is a thread
stack at sp + 4 slots: 0x00000007e83ed138 points into unknown readable memory: 0x4928001a081b0001 | 01 00 1b 08 1a 00 28 49
stack at sp + 5 slots: 0x0000007000483b88 is pointing into metadata
stack at sp + 6 slots: 0x0000000172dae550 is pointing into the stack for thread: 0x00000007e6ad2a00
stack at sp + 7 slots: 0x000000010a794220: _ZL13get_method_idP7JNIEnv_P7_jclassPKcS4_bP10JavaThread+0x308 in /Users/mattias800/Library/Java/JavaVirtualMachines/ms-21.0.10/Contents/Home/lib/server/libjvm.dylib at 0x000000010a274000


Compiled method (c2) 140795 8985   !   4       kotlin.coroutines.jvm.internal.BaseContinuationImpl::resumeWith (124 bytes)
 total in heap  [0x000000011b9bc510,0x000000011b9c07c8] = 17080
 relocation     [0x000000011b9bc660,0x000000011b9bca30] = 976
 main code      [0x000000011b9bca40,0x000000011b9bf4a8] = 10856
 stub code      [0x000000011b9bf4a8,0x000000011b9bf5d8] = 304
 oops           [0x000000011b9bf5d8,0x000000011b9bf618] = 64
 metadata       [0x000000011b9bf618,0x000000011b9bf7a0] = 392
 scopes data    [0x000000011b9bf7a0,0x000000011b9bff60] = 1984
 scopes pcs     [0x000000011b9bff60,0x000000011b9c0590] = 1584
 dependencies   [0x000000011b9c0590,0x000000011b9c05c0] = 48
 handler table  [0x000000011b9c05c0,0x000000011b9c0728] = 360
 nul chk table  [0x000000011b9c0728,0x000000011b9c07c8] = 160

[Constant Pool (empty)]

[MachCode]
[Entry Point]
  # {method} {0x000000012c82e080} 'resumeWith' '(Ljava/lang/Object;)V' in 'kotlin/coroutines/jvm/internal/BaseContinuationImpl'
  # this:     c_rarg1:c_rarg1 
                        = 'kotlin/coroutines/jvm/internal/BaseContinuationImpl'
  # parm0:    c_rarg2:c_rarg2 
                        = 'java/lang/Object'
  #           [sp+0xa0]  (sp of caller)
  0x000000011b9bca40: 2808 40b9 | 3f01 086b | 4000 0054 

  0x000000011b9bca4c: ;   {runtime_call ic_miss_stub}
  0x000000011b9bca4c: 0dcd d817 
[Verified Entry Point]
  0x000000011b9bca50: 1f20 03d5 | e953 40d1 | 3f01 00f9 | ff83 02d1 | fd7b 09a9 | e851 0118 | 8923 40b9 | 1f01 09eb 
  0x000000011b9bca70: e150 0154 | 2b0c 40b9 | 6af1 7dd3 | 0a88 00b4 | e10b 00f9 | ea07 00f9 | e10b 40f9 | e9ff 9fd2 
  0x000000011b9bca90: e9ff bff2 | e9ff dff2 

  0x000000011b9bca98: ; ImmutableOopMap {[8]=Oop [16]=Oop }
                      ;*invokevirtual invokeSuspend {reexecute=0 rethrow=0 return_oop=1}
                      ; - kotlin.coroutines.jvm.internal.BaseContinuationImpl::resumeWith@40 (line 34)
                      ;   {virtual_call}
  0x000000011b9bca98: 588c dc97 

  0x000000011b9bca9c: ;   {other}
  0x000000011b9bca9c: 1f20 03d5 | 9fb1 80f2 | 1f00 80f2 

  0x000000011b9bcaa8: ;   {oop(a 'kotlin/coroutines/intrinsics/CoroutineSingletons'{0x0000000301000428})}
  0x000000011b9bcaa8: 0a85 80d2 | 0a20 a0f2 | 6a00 c0f2 | 1f00 0aeb | e100 0054 | fd7b 49a9 | ff83 0291 

  0x000000011b9bcac4: ;   {poll_return}
  0x000000011b9bcac4: 882b 42f9 | ff63 28eb | a84d 0154 | c003 5fd6 | e00f 00f9 | ea07 40f9 | 4b09 40b9 | 6a09 5cd2 
  0x000000011b9bcae4: 5d1d 40f9 | ea03 00f9 | eb23 00b9 | e10b 40f9 | e9ff 9fd2 | e9ff bff2 | e9ff dff2 

  0x000000011b9bcb00: ; ImmutableOopMap {[8]=Oop [24]=Oop }
                      ;*invokevirtual releaseIntercepted {reexecute=0 rethrow=0 return_oop=0}
                      ; - kotlin.coroutines.jvm.internal.BaseContinuationImpl::resumeWith@90 (line 40)
                      ;   {virtual_call}
  0x000000011b9bcb00: d68c dc97 

  0x000000011b9bcb04: ;   {other}
  0x000000011b9bcb04: 1f20 03d5 | 9fbe 80f2 | 1f20 80f2 

  0x000000011b9bcb10: ;   {metadata('kotlin/coroutines/jvm/internal/BaseContinuationImpl')}
  0x000000011b9bcb10: 0a59 92d2 | 4a21 a0f2 | 0a0e c0f2 | bf03 0aeb | 2102 0054 

  0x000000011b9bcb24: ; ImmutableOopMap {[8]=Oop [24]=Oop }
                      ;*goto {reexecute=1 rethrow=0 return_oop=0}
                      ; - (reexecute) kotlin.coroutines.jvm.internal.BaseContinuationImpl::resumeWith@121 (line 30)
  0x000000011b9bcb24: 8a2f 42f9 

  0x000000011b9bcb28: ;   {poll}
  0x000000011b9bcb28: 5f01 40b9 | eb03 40f9 | 6a11 40f9 

  0x000000011b9bcb34: ;   {metadata('kotlin/coroutines/Continuation')}
  0x000000011b9bcb34: 0062 98d2 | 6020 a0f2 | 000e c0f2 | 5f01 00eb | c10f 0054 | ec07 40f9 | 8b0d 40b9 | 6af1 7dd3 
  0x000000011b9bcb54: 0aba 00b4 | e20f 40f9 | ec0b 00f9 | c9ff ff17 

  0x000000011b9bcb64: ;   {metadata('kotlinx/coroutines/StandaloneCoroutine')}
  0x000000011b9bcb64: 8b21 a0d2 | 0bc7 99f2 | ea23 40b9 | 5f01 0b6b | e12b 0054 | ea07 40f9 | f003 0aaa | ec0f 40f9 
  0x000000011b9bcb84: ; implicit exception: dispatches to 0x000000011b9bf250
  0x000000011b9bcb84: 8b09 40b9 

  0x000000011b9bcb88: ;   {metadata('kotlin/Result$Failure')}
  0x000000011b9bcb88: 8a21 a0d2 | 0a8e 95f2 | 7f01 0a6b | a100 0054 | ea0f 40f9 | 4d0d 40b9 | bdf1 7dd3 | bd2b 00b5 
  0x000000011b9bcba8: e80f 40f9 | e803 00f9 | 0e32 0091 | cafd df88 | 4af1 7dd3 

  0x000000011b9bcbbc: ; implicit exception: dispatches to 0x000000011b9bf268
  0x000000011b9bcbbc: 4709 40b9 | e408 5cd2 | 8b10 40f9 

  0x000000011b9bcbc8: ;   {metadata('kotlinx/coroutines/Incomplete')}
  0x000000011b9bcbc8: 0c91 9ad2 | 8c21 a0f2 | 0c0e c0f2 | 7f01 0ceb | 410e 0054 | e603 0aaa | ea03 40f9 | 4c09 40b9 
  0x000000011b9bcbe8: 8c09 5cd2 

  0x000000011b9bcbec: ;   {metadata('kotlinx/coroutines/Empty')}
  0x000000011b9bcbec: 8021 a0d2 | 00d1 9af2 | ff00 006b | 8f11 40f9 | 0d42 0091 | 911d 40f9 | 4bfd 43d3 | 6110 0054 
  0x000000011b9bcc0c: ;   {metadata('kotlinx/coroutines/ChildHandleNode')}
  0x000000011b9bcc0c: a121 a0d2 | 015e 82f2 | ff00 016b | c110 0054 | eeb3 00a9 | edbf 01a9 | f117 00f9 | eb33 00b9 
  0x000000011b9bcc2c: fd03 10aa | e103 10aa | e203 06aa | e303 40f9 

  0x000000011b9bcc3c: ; ImmutableOopMap {rfp=Oop [24]=Derived_oop_rfp [8]=Derived_oop_rfp [0]=Oop [48]=NarrowOop }
                      ;*invokespecial tryMakeCompletingSlowPath {reexecute=0 rethrow=0 return_oop=1}
                      ; - kotlinx.coroutines.JobSupport::tryMakeCompleting@63 (line 894)
                      ; - kotlinx.coroutines.JobSupport::makeCompletingOnce$kotlinx_coroutines_core@18 (line 859)
                      ; - kotlinx.coroutines.AbstractCoroutine::resumeWith@5 (line 99)
                      ; - kotlin.coroutines.jvm.internal.BaseContinuationImpl::resumeWith@114 (line 47)
                      ;   {optimized virtual_call}
  0x000000011b9bcc3c: 112c 2996 

  0x000000011b9bcc40: ;   {other}
  0x000000011b9bcc40: 1f20 03d5 | 1fe6 80f2 | 1f60 80f2 

  0x000000011b9bcc4c: ;   {oop(a 'kotlinx/coroutines/internal/Symbol'{0x0000000301149ba8})}
  0x000000011b9bcc4c: 0a75 93d2 | 8a22 a0f2 | 6a00 c0f2 | 1f00 0aeb | e009 0054 

  0x000000011b9bcc60: ;   {oop(a 'kotlinx/coroutines/internal/Symbol'{0x0000000301149ba8})}
  0x000000011b9bcc60: 1575 93d2 | 9522 a0f2 | 7500 c0f2 | f003 1daa | ea3b 40a9 | ec37 41a9 | ef47 42a9 | eb33 40b9 
  0x000000011b9bcc80: ;   {oop(a 'kotlinx/coroutines/internal/Symbol'{0x0000000301149b08})}
  0x000000011b9bcc80: 0161 93d2 | 8122 a0f2 | 6100 c0f2 | 1f00 01eb | 61f1 ff54 

  0x000000011b9bcc94: ; ImmutableOopMap {r10=Oop r11=NarrowOop r16=Oop r14=Derived_oop_r16 r13=Derived_oop_r16 rdispatch=Oop }
                      ;*goto {reexecute=1 rethrow=0 return_oop=0}
                      ; - (reexecute) kotlinx.coroutines.JobSupport::makeCompletingOnce$kotlinx_coroutines_core@86 (line 1701)
                      ; - kotlinx.coroutines.AbstractCoroutine::resumeWith@5 (line 99)
                      ; - kotlin.coroutines.jvm.internal.BaseContinuationImpl::resumeWith@114 (line 47)
  0x000000011b9bcc94: 822f 42f9 

  0x000000011b9bcc98: ;   {poll}
  0x000000011b9bcc98: 5f00 40b9 | c0fd df88 | 06f0 7dd3 

  0x000000011b9bcca4: ; implicit exception: dispatches to 0x000000011b9bf328
  0x000000011b9bcca4: c708 40b9 | e408 5cd2 | 8010 40f9 

  0x000000011b9bccb0: ;   {metadata('kotlinx/coroutines/Incomplete')}
  0x000000011b9bccb0: 0191 9ad2 | 8121 a0f2 | 010e c0f2 | 1f00 01eb | a14c 0054 

  0x000000011b9bccc4: ;   {metadata('kotlinx/coroutines/Empty')}
  0x000000011b9bccc4: 8121 a0d2 | 01d1 9af2 | ff00 016b | 214f 0054 

  0x000000011b9bccd4: ;   {metadata('kotlinx/coroutines/ChildHandleNode')}
  0x000000011b9bccd4: a021 a0d2 | 005e 82f2 | ff00 006b | 814f 0054 | ea3b 00a9 | f533 01a9 | ed3f 02a9 | f11b 00f9 
  0x000000011b9bccf4: eb3b 00b9 | fd03 10aa | e103 10aa | e203 06aa | e303 0aaa 

  0x000000011b9bcd08: ; ImmutableOopMap {rfp=Oop [32]=Derived_oop_rfp [8]=Derived_oop_rfp [0]=Oop [16]=Oop [56]=NarrowOop }
                      ;*invokespecial tryMakeCompletingSlowPath {reexecute=0 rethrow=0 return_oop=1}
                      ; - kotlinx.coroutines.JobSupport::tryMakeCompleting@63 (line 894)
                      ; - kotlinx.coroutines.JobSupport::makeCompletingOnce$kotlinx_coroutines_core@18 (line 859)
                      ; - kotlinx.coroutines.AbstractCoroutine::resumeWith@5 (line 99)
                      ; - kotlin.coroutines.jvm.internal.BaseContinuationImpl::resumeWith@114 (line 47)
                      ;   {optimized virtual_call}
  0x000000011b9bcd08: 1ecd d897 

  0x000000011b9bcd0c: ;   {other}
  0x000000011b9bcd0c: 1f20 03d5 | 9fff 80f2 | 1fa0 80f2 | f50b 40f9 | 1f00 15eb | a0fd 0054 | f003 1daa | ea3b 40a9 
  0x000000011b9bcd2c: ecb7 41a9 | efc7 42a9 | eb3b 40b9 | d2ff ff17 | e403 0baa | e503 40b2 | 8950 40f9 | 8050 40fd 
  0x000000011b9bcd4c: 8901 6836 | 0054 725f | 0058 200e | 00b8 310e | 0300 669e | 8114 40f9 | 2578 63f8 | a500 00ca 
  0x000000011b9bcd6c: 8500 00b4 | 6900 7036 | 2935 c993 

  0x000000011b9bcd78: ;   {runtime_call StubRoutines (final stubs)}
  0x000000011b9bcd78: b0f3 d897 | 65ee ffb4 | 2104 8012 | fd07 40f9 

  0x000000011b9bcd88: ; ImmutableOopMap {rfp=Oop [24]=Oop }
                      ;*checkcast {reexecute=0 rethrow=0 return_oop=0}
                      ; - kotlin.coroutines.jvm.internal.BaseContinuationImpl::resumeWith@10 (line 29)
                      ;   {runtime_call UncommonTrapBlob}
  0x000000011b9bcd88: 7ee8 d897 

  0x000000011b9bcd8c: ;   {other}
  0x000000011b9bcd8c: 1f20 03d5 | 9f0f 81f2 | 1fc0 80f2 | e007 00f9 | 1900 0014 

  0x000000011b9bcda0: ;   {metadata('kotlinx/coroutines/Incomplete')}
  0x000000011b9bcda0: 0091 9ad2 | 8021 a0f2 | 000e c0f2 | e503 40b2 | 8950 40f9 | 8050 40fd | 8901 78b6 | 0054 505f 
  0x000000011b9bcdc0: 0058 200e | 00b8 310e | 0300 669e | 8114 40f9 | 2578 63f8 | a500 00ca | 8500 00b4 | 6900 80b6 
  0x000000011b9bcde0: 29bd c993 

  0x000000011b9bcde4: ;   {runtime_call StubRoutines (final stubs)}
  0x000000011b9bcde4: 95f3 d897 | a5ef ffb4 

  0x000000011b9bcdec: ;   {oop(a 'kotlinx/coroutines/internal/Symbol'{0x0000000301149ba8})}
  0x000000011b9bcdec: 0a75 93d2 | 8a22 a0f2 | 6a00 c0f2 | fd03 10aa | ea07 00f9 | 4117 8012 

  0x000000011b9bce04: ; ImmutableOopMap {rfp=Oop [0]=Oop [8]=Oop }
                      ;*if_acmpne {reexecute=1 rethrow=0 return_oop=0}
                      ; - (reexecute) kotlinx.coroutines.JobSupport::makeCompletingOnce$kotlinx_coroutines_core@29 (line 861)
                      ; - kotlinx.coroutines.AbstractCoroutine::resumeWith@5 (line 99)
                      ; - kotlin.coroutines.jvm.internal.BaseContinuationImpl::resumeWith@114 (line 47)
                      ;   {runtime_call UncommonTrapBlob}
  0x000000011b9bce04: 5fe8 d897 

  0x000000011b9bce08: ;   {other}
  0x000000011b9bce08: 1f20 03d5 | 1f1f 81f2 | 1fe0 80f2 | 8020 40f9 

  0x000000011b9bce18: ;   {metadata('kotlinx/coroutines/JobNode')}
  0x000000011b9bce18: 010e 82d2 | a121 a0f2 | 010e c0f2 | 1f00 01eb | 20ef ff54 | 7cff ff17 

  0x000000011b9bce30: ;   {metadata('kotlinx/coroutines/CompletedExceptionally')}
  0x000000011b9bce30: 0088 92d2 | 8021 a0f2 | 000e c0f2 | 3f02 00eb | e0ee ff54 

  0x000000011b9bce44: ;   {metadata('kotlinx/coroutines/Incomplete')}
  0x000000011b9bce44: 0091 9ad2 | 8021 a0f2 | 000e c0f2 | ff01 00eb | 40c4 0054 | e403 0caa | e503 40b2 | 8950 40f9 
  0x000000011b9bce64: 8050 40fd | 8901 78b6 | 0054 505f | 0058 200e | 00b8 310e | 0300 669e | 8114 40f9 | 2578 63f8 
  0x000000011b9bce84: a500 00ca | 8500 00b4 | 6900 80b6 | 29bd c993 

  0x000000011b9bce94: ;   {runtime_call StubRoutines (final stubs)}
  0x000000011b9bce94: 69f3 d897 | 25c2 00b4 | 8003 c139 | e058 0035 | c1fc 43d3 | e803 01aa | cbfd e888 | 1f01 016b 
  0x000000011b9bceb4: fd17 9f9a | dd01 0034 | e003 0eaa | e103 0aaa | 2100 00ca | 21fc 56d3 | 2101 00b4 | 00fc 49d3 
  0x000000011b9bced4: 0100 98d2 | e124 a4f2 | 2100 c0f2 | 2000 008b | 0200 c039 | 5f08 0071 | 415e 0054 | 5dc9 0034 
  0x000000011b9bcef4: a0fd df88 | 15f0 7dd3 

  0x000000011b9bcefc: ; implicit exception: dispatches to 0x000000011b9bf298
  0x000000011b9bcefc: a10a 40b9 | 2408 5cd2 | 8010 40f9 

  0x000000011b9bcf08: ;   {metadata('kotlinx/coroutines/ChildHandle')}
  0x000000011b9bcf08: 0197 9bd2 | 8121 a0f2 | 010e c0f2 | 1f00 01eb | 6112 0054 | a00a 40b9 

  0x000000011b9bcf20: ;   {metadata('kotlinx/coroutines/ChildHandleNode')}
  0x000000011b9bcf20: a221 a0d2 | 025e 82f2 | 1f00 026b | 4135 0054 | a11a 40b9 | 21f0 7dd3 | 21c8 00b4 | 3330 0091 
  0x000000011b9bcf40: 74fe df88 | 82f2 7dd3 

  0x000000011b9bcf48: ; implicit exception: dispatches to 0x000000011b9bf2b4
  0x000000011b9bcf48: 4008 40b9 | 0408 5cd2 | ea07 00f9 | eb43 00b9 | 8a20 40f9 

  0x000000011b9bcf5c: ;   {metadata('kotlinx/coroutines/JobNode')}
  0x000000011b9bcf5c: 0b0e 82d2 | ab21 a0f2 | 0b0e c0f2 | e703 02aa | f003 00f9 | ee1b 01a9 | ec37 02a9 | ef47 03a9 
  0x000000011b9bcf7c: f587 04a9 | 5f01 0beb | 4116 0054 | ec03 15aa | 5f00 15eb | 61c6 0054 | 8b03 c139 | 0b5e 0035 
  0x000000011b9bcf9c: ;   {oop(a 'kotlinx/coroutines/Empty'{0x0000000301014520})}
  0x000000011b9bcf9c: 0b04 acd2 | 8b14 85f2 | e803 14aa | 6bfe e888 | 1f01 146b | fd17 9f9a | 1d02 0034 

  0x000000011b9bcfb8: ;   {oop(a 'kotlinx/coroutines/Empty'{0x0000000301014520})}
  0x000000011b9bcfb8: 0ba4 88d2 | 2b20 a0f2 | 6b00 c0f2 | ea03 13aa | 6b01 0aca | 6bfd 56d3 | 2b01 00b4 | 4afd 49d3 
  0x000000011b9bcfd8: 0b00 98d2 | eb24 a4f2 | 2b00 c0f2 | 6001 0a8b | 0b00 c039 | 7f09 0071 | 615d 0054 | 3dc4 0034 
  0x000000011b9bcff8: ;   {oop(a 'kotlinx/coroutines/internal/Symbol'{0x0000000301149ba8})}
  0x000000011b9bcff8: 1575 93d2 | 9522 a0f2 | 7500 c0f2 | f02b 40a9 | ee1b 41a9 | ec37 42a9 | ef47 43a9 | eb43 40b9 
  0x000000011b9bd018: 8103 c139 | 014e 0035 

  0x000000011b9bd020: ;   {oop(a 'kotlinx/coroutines/NonDisposableHandle'{0x0000000301029230})}
  0x000000011b9bd020: 0004 acd2 | c048 8af2 | a0fd 9f88 

  0x000000011b9bd02c: ;   {oop(a 'kotlinx/coroutines/NonDisposableHandle'{0x0000000301029230})}
  0x000000011b9bd02c: 0046 92d2 | 4020 a0f2 | 6000 c0f2 | e103 0daa | d308 40b9 | 0000 01ca | 620a 5cd2 | 00fc 56d3 
  0x000000011b9bd04c: 5420 40f9 | 2001 00b4 | 20fc 49d3 | 0100 98d2 | e124 a4f2 | 2100 c0f2 | 2000 008b | 0200 c039 
  0x000000011b9bd06c: 5f08 0071 | c14c 0054 

  0x000000011b9bd074: ;   {metadata('kotlinx/coroutines/JobNode')}
  0x000000011b9bd074: 000e 82d2 | a021 a0f2 | 000e c0f2 | 9f02 00eb | 610a 0054 | e103 06aa | ea3b 00a9 | f50b 00f9 
  0x000000011b9bd094: fd03 10aa | e6b3 01a9 | edbf 02a9 | f11f 00f9 | eb43 00b9 | e203 1faa | 0952 90d2 | 2923 a0f2 
  0x000000011b9bd0b4: 090e c0f2 

  0x000000011b9bd0b8: ; ImmutableOopMap {rfp=Oop [40]=Derived_oop_rfp [8]=Derived_oop_rfp [0]=Oop [16]=Oop [24]=Oop [64]=NarrowOop }
                      ;*invokevirtual invoke {reexecute=0 rethrow=0 return_oop=0}
                      ; - kotlinx.coroutines.JobSupport::completeStateFinalization@77 (line 311)
                      ; - kotlinx.coroutines.JobSupport::tryFinalizeSimpleState@99 (line 288)
                      ; - kotlinx.coroutines.JobSupport::tryMakeCompleting@45 (line 887)
                      ; - kotlinx.coroutines.JobSupport::makeCompletingOnce$kotlinx_coroutines_core@18 (line 859)
                      ; - kotlinx.coroutines.AbstractCoroutine::resumeWith@5 (line 99)
                      ; - kotlin.coroutines.jvm.internal.BaseContinuationImpl::resumeWith@114 (line 47)
                      ;   {virtual_call}
  0x000000011b9bd0b8: e22e 2c96 

  0x000000011b9bd0bc: ;   {other}
  0x000000011b9bd0bc: 1f20 03d5 | 9f75 81f2 | 1f00 81f2 | f003 1daa | ea3b 40a9 | f50b 40f9 | ec37 42a9 | ef47 43a9 
  0x000000011b9bd0dc: eb43 40b9 | 5f01 15eb | 60ba 0054 | e003 0aaa | e5fe ff17 | e107 40f9 | e20f 40f9 | 0980 87d2 
  0x000000011b9bd0fc: 89cc bcf2 | e900 c0f2 

  0x000000011b9bd104: ; ImmutableOopMap {}
                      ;*invokeinterface resumeWith {reexecute=0 rethrow=0 return_oop=0}
                      ; - kotlin.coroutines.jvm.internal.BaseContinuationImpl::resumeWith@114 (line 47)
                      ;   {virtual_call}
  0x000000011b9bd104: c78a dc97 

  0x000000011b9bd108: ;   {other}
  0x000000011b9bd108: 1f20 03d5 | 1f7f 81f2 | 1f20 81f2 | 6afe ff17 | 80df 40f9 | 8ae7 40f9 | 0b60 0091 | 7f01 0aeb 
  0x000000011b9bd128: e289 0054 | ea03 40b2 | 8bdf 00f9 

  0x000000011b9bd134: ;   {metadata('kotlinx/coroutines/CompletedExceptionally')}
  0x000000011b9bd134: 8c21 a0d2 | 0c88 92f2 | 0a00 00f9 | 0c7c 0129 | 70c1 80f9 | 1f08 00f9 | 0d10 00b9 | 0a30 0091 
  0x000000011b9bd154: 5ffd 9f88 | bf3b 03d5 | e003 00f9 | 94fe ff17 

  0x000000011b9bd164: ;   {metadata('kotlinx/coroutines/ChildHandle')}
  0x000000011b9bd164: 0097 9bd2 | 8021 a0f2 | 000e c0f2 | e503 40b2 | 8950 40f9 | 8050 40fd | 8901 50b6 | 0054 555f 
  0x000000011b9bd184: 0058 200e | 00b8 310e | 0300 669e | 8114 40f9 | 2578 63f8 | a500 00ca | 8500 00b4 | 6900 58b6 
  0x000000011b9bd1a4: 29a9 c993 

  0x000000011b9bd1a8: ;   {runtime_call StubRoutines (final stubs)}
  0x000000011b9bd1a8: a4f2 d897 | 85eb ffb4 | ea1b 00a9 | f50b 00f9 | fd03 10aa | 2104 8012 

  0x000000011b9bd1c0: ; ImmutableOopMap {rfp=Oop [0]=Oop [8]=Oop [16]=Oop }
                      ;*checkcast {reexecute=0 rethrow=0 return_oop=0}
                      ; - kotlinx.coroutines.JobSupport::getParentHandle$kotlinx_coroutines_core@7 (line 129)
                      ; - kotlinx.coroutines.JobSupport::completeStateFinalization@1 (line 300)
                      ; - kotlinx.coroutines.JobSupport::tryFinalizeSimpleState@99 (line 288)
                      ; - kotlinx.coroutines.JobSupport::tryMakeCompleting@45 (line 887)
                      ; - kotlinx.coroutines.JobSupport::makeCompletingOnce$kotlinx_coroutines_core@18 (line 859)
                      ; - kotlinx.coroutines.AbstractCoroutine::resumeWith@5 (line 99)
                      ; - kotlin.coroutines.jvm.internal.BaseContinuationImpl::resumeWith@114 (line 47)
                      ;   {runtime_call UncommonTrapBlob}
  0x000000011b9bd1c0: 70e7 d897 

  0x000000011b9bd1c4: ;   {other}
  0x000000011b9bd1c4: 1f20 03d5 | 9f96 81f2 | 1f40 81f2 

  0x000000011b9bd1d0: ;   {metadata('kotlinx/coroutines/Empty')}
  0x000000011b9bd1d0: 8121 a0d2 | 01d1 9af2 | 7f02 016b | 20f8 ff54 

  0x000000011b9bd1e0: ;   {metadata('kotlinx/coroutines/JobSupport$Finishing')}
  0x000000011b9bd1e0: 2122 a0d2 | 0158 9df2 | 7f02 016b | 01d9 0054 | e003 06aa | 0110 40b9 | 22f0 7dd3 | 22f7 ffb4 
  0x000000011b9bd200: ea3b 00a9 | f533 01a9 | ed3f 02a9 | f11b 00f9 | eb3b 00b9 | fd03 10aa | e103 10aa | e303 1faa 
  0x000000011b9bd220: ; ImmutableOopMap {rfp=Oop [32]=Derived_oop_rfp [8]=Derived_oop_rfp [0]=Oop [16]=Oop [56]=NarrowOop }
                      ;*invokespecial notifyCompletion {reexecute=0 rethrow=0 return_oop=0}
                      ; - kotlinx.coroutines.JobSupport::completeStateFinalization@147 (line 316)
                      ; - kotlinx.coroutines.JobSupport::tryFinalizeSimpleState@99 (line 288)
                      ; - kotlinx.coroutines.JobSupport::tryMakeCompleting@45 (line 887)
                      ; - kotlinx.coroutines.JobSupport::makeCompletingOnce$kotlinx_coroutines_core@18 (line 859)
                      ; - kotlinx.coroutines.AbstractCoroutine::resumeWith@5 (line 99)
                      ; - kotlin.coroutines.jvm.internal.BaseContinuationImpl::resumeWith@114 (line 47)
                      ;   {optimized virtual_call}
  0x000000011b9bd220: d8cb d897 

  0x000000011b9bd224: ;   {other}
  0x000000011b9bd224: 1f20 03d5 | 9fa2 81f2 | 1f60 81f2 | f003 1daa | ea3b 40a9 | f533 41a9 | ed3f 42a9 | f11b 40f9 
  0x000000011b9bd244: eb3b 40b9 | a6ff ff17 | 8a10 40f9 

  0x000000011b9bd250: ;   {metadata('kotlinx/coroutines/Incomplete')}
  0x000000011b9bd250: 0b91 9ad2 | 8b21 a0f2 | 0b0e c0f2 | 5f01 0beb | a11c 0054 | eb03 07aa | 6a09 40b9 

  0x000000011b9bd26c: ;   {metadata('kotlinx/coroutines/NodeList')}
  0x000000011b9bd26c: ac21 a0d2 | 0c43 85f2 | 5f01 0c6b | 6138 0054 | ae32 0091 | cafd df88 | ed03 15aa | 50f1 7dd3 
  0x000000011b9bd28c: ; implicit exception: dispatches to 0x000000011b9bf2e8
  0x000000011b9bd28c: 0b0a 40b9 

  0x000000011b9bd290: ;   {metadata('kotlinx/coroutines/internal/Removed')}
  0x000000011b9bd290: aa21 a0d2 | 0add 85f2 | 7f01 0a6b | a0bd 0054 

  0x000000011b9bd2a0: ;   {oop(a 'kotlinx/coroutines/internal/Symbol'{0x0000000301149ba8})}
  0x000000011b9bd2a0: 1575 93d2 | 9522 a0f2 | 7500 c0f2 | 0b0a 40b9 | 6a09 5cd2 | 4a1d 40f9 | 1f02 0deb | 00cd 0054 
  0x000000011b9bd2c0: ;   {metadata('kotlinx/coroutines/internal/LockFreeLinkedListNode')}
  0x000000011b9bd2c0: 0bca 81d2 | ab21 a0f2 | 0b0e c0f2 | 5f01 0beb | c1bc 0054 | ec03 10aa | 9d51 0091 | aaff df88 
  0x000000011b9bd2e0: 4ff1 7dd3 | 13fe 43d3 | af6d 00b4 | eb09 40b9 

  0x000000011b9bd2f0: ;   {metadata('kotlinx/coroutines/internal/Removed')}
  0x000000011b9bd2f0: aa21 a0d2 | 0add 85f2 | 7f01 0a6b | 21f8 0054 | 8b03 c139 | eb71 0035 | eafd 43d3 | e803 13aa 
  0x000000011b9bd310: cafd e888 | 1f01 136b | f317 9f9a | d301 0034 | ea03 0eaa | eb03 0faa | 6b01 0aca | 6bfd 56d3 
  0x000000011b9bd330: 2b01 00b4 | 4afd 49d3 | 0b00 98d2 | eb24 a4f2 | 2b00 c0f2 | 6001 0a8b | 0a00 c039 | 5f09 0071 
  0x000000011b9bd350: 0172 0054 

  0x000000011b9bd354: ; ImmutableOopMap {r12=Oop r13=Oop r14=Derived_oop_r13 r16=Oop rdispatch=Oop [0]=Oop [40]=Derived_oop_[0] [16]=Derived_oop_[0] [8]=Oop [24]=Oop [64]=NarrowOop }
                      ;*ifeq {reexecute=1 rethrow=0 return_oop=0}
                      ; - (reexecute) kotlinx.coroutines.internal.LockFreeLinkedListNode::removeOrNext@54 (line 154)
                      ; - kotlinx.coroutines.internal.LockFreeLinkedListNode::remove@1 (line 144)
                      ; - kotlinx.coroutines.JobSupport::removeNode$kotlinx_coroutines_core@71 (line 630)
                      ; - kotlinx.coroutines.JobNode::dispose@5 (line 1475)
                      ; - kotlinx.coroutines.JobSupport::completeStateFinalization@15 (line 301)
                      ; - kotlinx.coroutines.JobSupport::tryFinalizeSimpleState@99 (line 288)
                      ; - kotlinx.coroutines.JobSupport::tryMakeCompleting@45 (line 887)
                      ; - kotlinx.coroutines.JobSupport::makeCompletingOnce$kotlinx_coroutines_core@18 (line 859)
                      ; - kotlinx.coroutines.AbstractCoroutine::resumeWith@5 (line 99)
                      ; - kotlin.coroutines.jvm.internal.BaseContinuationImpl::resumeWith@114 (line 47)
  0x000000011b9bd354: 8f2f 42f9 

  0x000000011b9bd358: ;   {poll}
  0x000000011b9bd358: ff01 40b9 | 9375 0034 | 8d41 0091 | aafd df88 | 4ff1 7dd3 

  0x000000011b9bd36c: ; implicit exception: dispatches to 0x000000011b9bf2fc
  0x000000011b9bd36c: eb09 40b9 | 6a09 5cd2 | 4a1d 40f9 

  0x000000011b9bd378: ;   {metadata('kotlinx/coroutines/internal/LockFreeLinkedListNode')}
  0x000000011b9bd378: 0bca 81d2 | ab21 a0f2 | 0b0e c0f2 | 5f01 0beb | e1bb 0054 | ee03 1faa | ef3b 00f9 | ea31 0091 
  0x000000011b9bd398: 4bfd df88 | 6af1 7dd3 | f1fd 43d3 | 5f01 0ceb | a105 0054 | ee3b 40f9 | df01 0feb | 80e2 ff54 
  0x000000011b9bd3b8: 8b03 c139 | 2b7c 0035 | cafd 43d3 | e803 0aaa | b1fd e888 | 1f01 0a6b | f317 9f9a | d301 0034 
  0x000000011b9bd3d8: ea03 0daa | eb03 0faa | 6b01 0aca | 6bfd 56d3 | 2b01 00b4 | 4afd 49d3 | 0b00 98d2 | eb24 a4f2 
  0x000000011b9bd3f8: 2b00 c0f2 | 6001 0a8b | 0a00 c039 | 5f09 0071 | c17d 0054 | d3df ff35 

  0x000000011b9bd410: ; ImmutableOopMap {r12=Oop r13=Derived_oop_r12 rdispatch=Oop [0]=Oop [40]=Derived_oop_[0] [16]=Derived_oop_[0] [8]=Oop [24]=Oop [64]=NarrowOop }
                      ;*goto {reexecute=1 rethrow=0 return_oop=0}
                      ; - (reexecute) kotlinx.coroutines.internal.LockFreeLinkedListNode::correctPrev@55 (line 225)
                      ; - kotlinx.coroutines.internal.LockFreeLinkedListNode::removeOrNext@61 (line 156)
                      ; - kotlinx.coroutines.internal.LockFreeLinkedListNode::remove@1 (line 144)
                      ; - kotlinx.coroutines.JobSupport::removeNode$kotlinx_coroutines_core@71 (line 630)
                      ; - kotlinx.coroutines.JobNode::dispose@5 (line 1475)
                      ; - kotlinx.coroutines.JobSupport::completeStateFinalization@15 (line 301)
                      ; - kotlinx.coroutines.JobSupport::tryFinalizeSimpleState@99 (line 288)
                      ; - kotlinx.coroutines.JobSupport::tryMakeCompleting@45 (line 887)
                      ; - kotlinx.coroutines.JobSupport::makeCompletingOnce$kotlinx_coroutines_core@18 (line 859)
                      ; - kotlinx.coroutines.AbstractCoroutine::resumeWith@5 (line 99)
                      ; - kotlin.coroutines.jvm.internal.BaseContinuationImpl::resumeWith@114 (line 47)
  0x000000011b9bd410: 8b2f 42f9 

  0x000000011b9bd414: ;   {poll}
  0x000000011b9bd414: 7f01 40b9 | 0500 0014 

  0x000000011b9bd41c: ; ImmutableOopMap {rfp=Oop [0]=Oop [40]=Derived_oop_[0] [16]=Derived_oop_[0] [8]=Oop [24]=Oop [64]=NarrowOop [72]=Oop [80]=Derived_oop_[72] }
                      ;*goto {reexecute=1 rethrow=0 return_oop=0}
                      ; - (reexecute) kotlinx.coroutines.internal.LockFreeLinkedListNode::correctPrev@104 (line 235)
                      ; - kotlinx.coroutines.internal.LockFreeLinkedListNode::removeOrNext@61 (line 156)
                      ; - kotlinx.coroutines.internal.LockFreeLinkedListNode::remove@1 (line 144)
                      ; - kotlinx.coroutines.JobSupport::removeNode$kotlinx_coroutines_core@71 (line 630)
                      ; - kotlinx.coroutines.JobNode::dispose@5 (line 1475)
                      ; - kotlinx.coroutines.JobSupport::completeStateFinalization@15 (line 301)
                      ; - kotlinx.coroutines.JobSupport::tryFinalizeSimpleState@99 (line 288)
                      ; - kotlinx.coroutines.JobSupport::tryMakeCompleting@45 (line 887)
                      ; - kotlinx.coroutines.JobSupport::makeCompletingOnce$kotlinx_coroutines_core@18 (line 859)
                      ; - kotlinx.coroutines.AbstractCoroutine::resumeWith@5 (line 99)
                      ; - kotlin.coroutines.jvm.internal.BaseContinuationImpl::resumeWith@114 (line 47)
  0x000000011b9bd41c: 8a2f 42f9 

  0x000000011b9bd420: ;   {poll}
  0x000000011b9bd420: 5f01 40b9 | f503 1daa | ecb7 44a9 | aafd df88 | 4ef1 7dd3 

  0x000000011b9bd434: ; implicit exception: dispatches to 0x000000011b9bf3a0
  0x000000011b9bd434: cb09 40b9 | 6a09 5cd2 | 4a1d 40f9 

  0x000000011b9bd440: ;   {metadata('kotlinx/coroutines/internal/LockFreeLinkedListNode')}
  0x000000011b9bd440: 0bca 81d2 | ab21 a0f2 | 0b0e c0f2 | 5f01 0beb | 21d8 0054 | ee3b 00f9 | 4d00 0014 | f147 00b9 
  0x000000011b9bd460: ecb7 04a9 | efbb 05a9 | ea37 00f9 | fd03 15aa | e103 0caa | e9ff 9fd2 | e9ff bff2 | e9ff dff2 
  0x000000011b9bd480: ; ImmutableOopMap {rfp=Oop [0]=Oop [40]=Derived_oop_[0] [16]=Derived_oop_[0] [8]=Oop [24]=Oop [64]=NarrowOop [68]=NarrowOop [72]=Oop [80]=Derived_oop_[72] [88]=Oop [96]=Oop [104]=Oop [112]=Oop }
                      ;*invokevirtual isRemoved {reexecute=0 rethrow=0 return_oop=0}
                      ; - kotlinx.coroutines.internal.LockFreeLinkedListNode::correctPrev@61 (line 230)
                      ; - kotlinx.coroutines.internal.LockFreeLinkedListNode::removeOrNext@61 (line 156)
                      ; - kotlinx.coroutines.internal.LockFreeLinkedListNode::remove@1 (line 144)
                      ; - kotlinx.coroutines.JobSupport::removeNode$kotlinx_coroutines_core@71 (line 630)
                      ; - kotlinx.coroutines.JobNode::dispose@5 (line 1475)
                      ; - kotlinx.coroutines.JobSupport::completeStateFinalization@15 (line 301)
                      ; - kotlinx.coroutines.JobSupport::tryFinalizeSimpleState@99 (line 288)
                      ; - kotlinx.coroutines.JobSupport::tryMakeCompleting@45 (line 887)
                      ; - kotlinx.coroutines.JobSupport::makeCompletingOnce$kotlinx_coroutines_core@18 (line 859)
                      ; - kotlinx.coroutines.AbstractCoroutine::resumeWith@5 (line 99)
                      ; - kotlin.coroutines.jvm.internal.BaseContinuationImpl::resumeWith@114 (line 47)
                      ;   {virtual_call}
  0x000000011b9bd480: 768a dc97 

  0x000000011b9bd484: ;   {other}
  0x000000011b9bd484: 1f20 03d5 | 9fee 81f2 | 1fe0 81f2 | 2029 0035 | ea37 40f9 

  0x000000011b9bd498: ; implicit exception: dispatches to 0x000000011b9bf2d4
  0x000000011b9bd498: 4a09 40b9 

  0x000000011b9bd49c: ;   {metadata('kotlinx/coroutines/internal/Removed')}
  0x000000011b9bd49c: ac21 a0d2 | 0cdd 85f2 | 5f01 0c6b | 6107 0054 | eb33 40f9 | eb04 00b4 

  0x000000011b9bd4b4: ;   {metadata('kotlinx/coroutines/internal/Removed')}
  0x000000011b9bd4b4: ab21 a0d2 | 0bdd 85f2 | 5f01 0b6b | 61e9 0054 | 8b03 c139 | cb6b 0035 | eb2b 46a9 | 4a0d 40b9 
  0x000000011b9bd4d4: ed47 40b9 | 6b31 0091 | e803 0daa | 6afd e888 | 1f01 0d6b | f417 9f9a | f401 0034 | 4af1 7dd3 
  0x000000011b9bd4f4: ec03 0aaa | 8c01 0bca | 8cfd 56d3 | 4c01 00b4 | 2a01 00b4 | 6afd 49d3 | 0b00 98d2 | eb24 a4f2 
  0x000000011b9bd514: 2b00 c0f2 | 6001 0a8b | 0a00 c039 | 5f09 0071 | 616c 0054 | b4f7 ff34 

  0x000000011b9bd52c: ; ImmutableOopMap {rfp=Oop [0]=Oop [40]=Derived_oop_[0] [16]=Derived_oop_[0] [8]=Oop [24]=Oop [64]=NarrowOop [72]=Oop [80]=Derived_oop_[72] [96]=Oop [112]=Oop }
                      ;*goto {reexecute=1 rethrow=0 return_oop=0}
                      ; - (reexecute) kotlinx.coroutines.internal.LockFreeLinkedListNode::correctPrev@113 (line 238)
                      ; - kotlinx.coroutines.internal.LockFreeLinkedListNode::removeOrNext@61 (line 156)
                      ; - kotlinx.coroutines.internal.LockFreeLinkedListNode::remove@1 (line 144)
                      ; - kotlinx.coroutines.JobSupport::removeNode$kotlinx_coroutines_core@71 (line 630)
                      ; - kotlinx.coroutines.JobNode::dispose@5 (line 1475)
                      ; - kotlinx.coroutines.JobSupport::completeStateFinalization@15 (line 301)
                      ; - kotlinx.coroutines.JobSupport::tryFinalizeSimpleState@99 (line 288)
                      ; - kotlinx.coroutines.JobSupport::tryMakeCompleting@45 (line 887)
                      ; - kotlinx.coroutines.JobSupport::makeCompletingOnce$kotlinx_coroutines_core@18 (line 859)
                      ; - kotlinx.coroutines.AbstractCoroutine::resumeWith@5 (line 99)
                      ; - kotlin.coroutines.jvm.internal.BaseContinuationImpl::resumeWith@114 (line 47)
  0x000000011b9bd52c: 8a2f 42f9 

  0x000000011b9bd530: ;   {poll}
  0x000000011b9bd530: 5f01 40b9 | ea33 40f9 | ee03 1faa | f503 1daa | ecb7 44a9 | ef03 0aaa | 93ff ff17 | ea2f 40f9 
  0x000000011b9bd550: 4a41 0091 | 4afd df88 | 4ef1 7dd3 

  0x000000011b9bd55c: ; implicit exception: dispatches to 0x000000011b9bf314
  0x000000011b9bd55c: cb09 40b9 | 6a09 5cd2 | 4a1d 40f9 

  0x000000011b9bd568: ;   {metadata('kotlinx/coroutines/internal/LockFreeLinkedListNode')}
  0x000000011b9bd568: 0bca 81d2 | ab21 a0f2 | 0b0e c0f2 | 5f01 0beb | e1b4 0054 

  0x000000011b9bd57c: ; ImmutableOopMap {r14=Oop rfp=Oop [0]=Oop [40]=Derived_oop_[0] [16]=Derived_oop_[0] [8]=Oop [24]=Oop [64]=NarrowOop [72]=Oop [80]=Derived_oop_[72] [112]=Oop }
                      ;*goto {reexecute=1 rethrow=0 return_oop=0}
                      ; - (reexecute) kotlinx.coroutines.internal.LockFreeLinkedListNode::correctPrev@127 (line 240)
                      ; - kotlinx.coroutines.internal.LockFreeLinkedListNode::removeOrNext@61 (line 156)
                      ; - kotlinx.coroutines.internal.LockFreeLinkedListNode::remove@1 (line 144)
                      ; - kotlinx.coroutines.JobSupport::removeNode$kotlinx_coroutines_core@71 (line 630)
                      ; - kotlinx.coroutines.JobNode::dispose@5 (line 1475)
                      ; - kotlinx.coroutines.JobSupport::completeStateFinalization@15 (line 301)
                      ; - kotlinx.coroutines.JobSupport::tryFinalizeSimpleState@99 (line 288)
                      ; - kotlinx.coroutines.JobSupport::tryMakeCompleting@45 (line 887)
                      ; - kotlinx.coroutines.JobSupport::makeCompletingOnce$kotlinx_coroutines_core@18 (line 859)
                      ; - kotlinx.coroutines.AbstractCoroutine::resumeWith@5 (line 99)
                      ; - kotlin.coroutines.jvm.internal.BaseContinuationImpl::resumeWith@114 (line 47)
  0x000000011b9bd57c: 8b2f 42f9 

  0x000000011b9bd580: ;   {poll}
  0x000000011b9bd580: 7f01 40b9 | f503 1daa | ecb7 44a9 | ea03 1faa | 0e00 0014 | 4a09 5cd2 | 4a1d 40f9 

  0x000000011b9bd59c: ;   {metadata('kotlinx/coroutines/internal/LockFreeLinkedListNode')}
  0x000000011b9bd59c: 0bca 81d2 | ab21 a0f2 | 0b0e c0f2 | 5f01 0beb | a1b8 0054 | 8b2f 42f9 

  0x000000011b9bd5b4: ; ImmutableOopMap {r14=Oop rfp=Oop [0]=Oop [40]=Derived_oop_[0] [16]=Derived_oop_[0] [8]=Oop [24]=Oop [64]=NarrowOop [72]=Oop [80]=Derived_oop_[72] [88]=Oop [112]=Oop }
                      ;*goto {reexecute=1 rethrow=0 return_oop=0}
                      ; - (reexecute) kotlinx.coroutines.internal.LockFreeLinkedListNode::correctPrev@146 (line 245)
                      ; - kotlinx.coroutines.internal.LockFreeLinkedListNode::removeOrNext@61 (line 156)
                      ; - kotlinx.coroutines.internal.LockFreeLinkedListNode::remove@1 (line 144)
                      ; - kotlinx.coroutines.JobSupport::removeNode$kotlinx_coroutines_core@71 (line 630)
                      ; - kotlinx.coroutines.JobNode::dispose@5 (line 1475)
                      ; - kotlinx.coroutines.JobSupport::completeStateFinalization@15 (line 301)
                      ; - kotlinx.coroutines.JobSupport::tryFinalizeSimpleState@99 (line 288)
                      ; - kotlinx.coroutines.JobSupport::tryMakeCompleting@45 (line 887)
                      ; - kotlinx.coroutines.JobSupport::makeCompletingOnce$kotlinx_coroutines_core@18 (line 859)
                      ; - kotlinx.coroutines.AbstractCoroutine::resumeWith@5 (line 99)
                      ; - kotlin.coroutines.jvm.internal.BaseContinuationImpl::resumeWith@114 (line 47)
  0x000000011b9bd5b4: ee37 40f9 

  0x000000011b9bd5b8: ;   {poll}
  0x000000011b9bd5b8: 7f01 40b9 | f503 1daa | ecb7 44a9 | ea2f 40f9 | ef03 0eaa | ee03 0aaa | 71ff ff17 

  0x000000011b9bd5d4: ;   {metadata('kotlinx/coroutines/NonDisposableHandle')}
  0x000000011b9bd5d4: 8221 a0d2 | 02d7 9bf2 | 1f00 026b | 61b8 0054 

  0x000000011b9bd5e4: ;   {oop(a 'kotlinx/coroutines/internal/Symbol'{0x0000000301149ba8})}
  0x000000011b9bd5e4: 1575 93d2 | 9522 a0f2 | 7500 c0f2 | 8afe ff17 

  0x000000011b9bd5f4: ;   {metadata('kotlinx/coroutines/Incomplete')}
  0x000000011b9bd5f4: 0091 9ad2 | 8021 a0f2 | 000e c0f2 | e503 40b2 | 8950 40f9 | 8050 40fd | 8901 78b6 | 0054 505f 
  0x000000011b9bd614: 0058 200e | 00b8 310e | 0300 669e | 8114 40f9 | 2578 63f8 | a500 00ca | 8500 00b4 | 6900 80b6 
  0x000000011b9bd634: 29bd c993 

  0x000000011b9bd638: ;   {runtime_call StubRoutines (final stubs)}
  0x000000011b9bd638: 80f1 d897 | 45e1 ffb4 | 4117 8012 

  0x000000011b9bd644: ; ImmutableOopMap {[0]=Oop [8]=Oop [24]=Oop }
                      ;*ifeq {reexecute=1 rethrow=0 return_oop=0}
                      ; - (reexecute) kotlinx.coroutines.JobSupport::removeNode$kotlinx_coroutines_core@54 (line 628)
                      ; - kotlinx.coroutines.JobNode::dispose@5 (line 1475)
                      ; - kotlinx.coroutines.JobSupport::completeStateFinalization@15 (line 301)
                      ; - kotlinx.coroutines.JobSupport::tryFinalizeSimpleState@99 (line 288)
                      ; - kotlinx.coroutines.JobSupport::tryMakeCompleting@45 (line 887)
                      ; - kotlinx.coroutines.JobSupport::makeCompletingOnce$kotlinx_coroutines_core@18 (line 859)
                      ; - kotlinx.coroutines.AbstractCoroutine::resumeWith@5 (line 99)
                      ; - kotlin.coroutines.jvm.internal.BaseContinuationImpl::resumeWith@114 (line 47)
                      ;   {runtime_call UncommonTrapBlob}
  0x000000011b9bd644: 4fe6 d897 

  0x000000011b9bd648: ;   {other}
  0x000000011b9bd648: 1f20 03d5 | 1f27 82f2 | 1f60 82f2 

  0x000000011b9bd654: ;   {metadata('kotlinx/coroutines/Incomplete')}
  0x000000011b9bd654: 0091 9ad2 | 8021 a0f2 | 000e c0f2 | e503 40b2 | 8950 40f9 | 8050 40fd | 8901 78b6 | 0054 505f 
  0x000000011b9bd674: 0058 200e | 00b8 310e | 0300 669e | 8114 40f9 | 2578 63f8 | a500 00ca | 8500 00b4 | 6900 80b6 
  0x000000011b9bd694: 29bd c993 

  0x000000011b9bd698: ;   {runtime_call StubRoutines (final stubs)}
  0x000000011b9bd698: 68f1 d897 | f303 0b2a | ea57 00a9 | fd03 10aa | 85b1 00b5 | eb03 132a | 85fd ff17 | 8020 40f9 
  0x000000011b9bd6b8: ;   {metadata('kotlinx/coroutines/JobNode')}
  0x000000011b9bd6b8: 010e 82d2 | a121 a0f2 | 010e c0f2 | 1f00 01eb | e1b0 ff54 | 82fd ff17 

  0x000000011b9bd6d0: ;   {metadata('kotlinx/coroutines/CompletedExceptionally')}
  0x000000011b9bd6d0: 0088 92d2 | 8021 a0f2 | 000e c0f2 | 3f02 00eb | 20b0 ff54 

  0x000000011b9bd6e4: ;   {metadata('kotlinx/coroutines/Incomplete')}
  0x000000011b9bd6e4: 0091 9ad2 | 8021 a0f2 | 000e c0f2 | ff01 00eb | c0b3 0054 | e403 0caa | e503 40b2 | 8950 40f9 
  0x000000011b9bd704: 8050 40fd | 8901 78b6 | 0054 505f | 0058 200e | 00b8 310e | 0300 669e | 8114 40f9 | 2578 63f8 
  0x000000011b9bd724: a500 00ca | 8500 00b4 | 6900 80b6 | 29bd c993 

  0x000000011b9bd734: ;   {runtime_call StubRoutines (final stubs)}
  0x000000011b9bd734: 41f1 d897 | a5b1 00b4 | 8103 c139 | e16b 0035 | c0fc 43d3 | e803 00aa | cbfd e888 | 1f01 006b 
  0x000000011b9bd754: fd17 9f9a | dd01 0034 | e003 0eaa | e103 0aaa | 2100 00ca | 21fc 56d3 | 2101 00b4 | 00fc 49d3 
  0x000000011b9bd774: 0100 98d2 | e124 a4f2 | 2100 c0f2 | 2000 008b | 0100 c039 | 3f08 0071 | 4171 0054 | 3db9 0034 
  0x000000011b9bd794: a0fd df88 | 03f0 7dd3 

  0x000000011b9bd79c: ; implicit exception: dispatches to 0x000000011b9bf35c
  0x000000011b9bd79c: 6108 40b9 | 2408 5cd2 | 8010 40f9 

  0x000000011b9bd7a8: ;   {metadata('kotlinx/coroutines/ChildHandle')}
  0x000000011b9bd7a8: 0197 9bd2 | 8121 a0f2 | 010e c0f2 | 1f00 01eb | 4122 0054 | 6008 40b9 

  0x000000011b9bd7c0: ;   {metadata('kotlinx/coroutines/ChildHandleNode')}
  0x000000011b9bd7c0: a221 a0d2 | 025e 82f2 | 1f00 026b | 215e 0054 | 6118 40b9 | 20f0 7dd3 | 00b8 00b4 | 1430 0091 
  0x000000011b9bd7e0: 93fe df88 | f02b 00a9 | ee57 01a9 | ec37 02a9 | ef47 03a9 | eb43 00b9 | e68f 04a9 | e02f 00f9 
  0x000000011b9bd800: 6af2 7dd3 

  0x000000011b9bd804: ; implicit exception: dispatches to 0x000000011b9bf378
  0x000000011b9bd804: 4b09 40b9 | 6409 5cd2 | 8b20 40f9 

  0x000000011b9bd810: ;   {metadata('kotlinx/coroutines/JobNode')}
  0x000000011b9bd810: 0c0e 82d2 | ac21 a0f2 | 0c0e c0f2 | 7f01 0ceb | a128 0054 | 5f01 03eb | 81b6 0054 | eb03 0aaa 
  0x000000011b9bd830: 8a03 c139 | 6a71 0035 

  0x000000011b9bd838: ;   {oop(a 'kotlinx/coroutines/Empty'{0x0000000301014520})}
  0x000000011b9bd838: 0b04 acd2 | 8b14 85f2 | e803 13aa | 8bfe e888 | 1f01 136b | fd17 9f9a | 1d02 0034 

  0x000000011b9bd854: ;   {oop(a 'kotlinx/coroutines/Empty'{0x0000000301014520})}
  0x000000011b9bd854: 0ba4 88d2 | 2b20 a0f2 | 6b00 c0f2 | ea03 14aa | 6b01 0aca | 6bfd 56d3 | 2b01 00b4 | 4afd 49d3 
  0x000000011b9bd874: 0b00 98d2 | eb24 a4f2 | 2b00 c0f2 | 6001 0a8b | 0a00 c039 | 5f09 0071 | a16f 0054 | 3db4 0034 
  0x000000011b9bd894: f02b 40a9 | ee57 41a9 | ec37 42a9 | ef47 43a9 | eb43 40b9 | e627 40f9 | 8103 c139 | 6161 0035 
  0x000000011b9bd8b4: ;   {oop(a 'kotlinx/coroutines/NonDisposableHandle'{0x0000000301029230})}
  0x000000011b9bd8b4: 0104 acd2 | c148 8af2 | a1fd 9f88 

  0x000000011b9bd8c0: ;   {oop(a 'kotlinx/coroutines/NonDisposableHandle'{0x0000000301029230})}
  0x000000011b9bd8c0: 0146 92d2 | 4120 a0f2 | 6100 c0f2 | e003 0daa | d408 40b9 | 2100 00ca | 820a 5cd2 | 21fc 56d3 
  0x000000011b9bd8e0: 5320 40f9 | 2101 00b4 | 00fc 49d3 | 0100 98d2 | e124 a4f2 | 2100 c0f2 | 2000 008b | 0200 c039 
  0x000000011b9bd900: 5f08 0071 | 2160 0054 

  0x000000011b9bd908: ;   {metadata('kotlinx/coroutines/JobNode')}
  0x000000011b9bd908: 000e 82d2 | a021 a0f2 | 000e c0f2 | 7f02 00eb | a11b 0054 | e103 06aa | ea3b 00a9 | f533 01a9 
  0x000000011b9bd928: ed3f 02a9 | f11b 00f9 | eb3b 00b9 | fd03 10aa | e623 00f9 | e203 1faa | e9ff 9fd2 | e9ff bff2 
  0x000000011b9bd948: e9ff dff2 

  0x000000011b9bd94c: ; ImmutableOopMap {rfp=Oop [32]=Derived_oop_rfp [8]=Derived_oop_rfp [0]=Oop [16]=Oop [56]=NarrowOop [64]=Oop }
                      ;*invokevirtual invoke {reexecute=0 rethrow=0 return_oop=0}
                      ; - kotlinx.coroutines.JobSupport::completeStateFinalization@77 (line 311)
                      ; - kotlinx.coroutines.JobSupport::tryFinalizeSimpleState@99 (line 288)
                      ; - kotlinx.coroutines.JobSupport::tryMakeCompleting@45 (line 887)
                      ; - kotlinx.coroutines.JobSupport::makeCompletingOnce$kotlinx_coroutines_core@18 (line 859)
                      ; - kotlinx.coroutines.AbstractCoroutine::resumeWith@5 (line 99)
                      ; - kotlin.coroutines.jvm.internal.BaseContinuationImpl::resumeWith@114 (line 47)
                      ;   {virtual_call}
  0x000000011b9bd94c: cdca d897 

  0x000000011b9bd950: ;   {other}
  0x000000011b9bd950: 1f20 03d5 | 1f88 82f2 | 1f80 82f2 | f003 1daa | ea3b 40a9 | f533 41a9 | ed3f 42a9 | f11b 40f9 
  0x000000011b9bd970: eb3b 40b9 | 5f01 15eb | a0aa 0054 | e003 0aaa | c0fc ff17 

  0x000000011b9bd984: ;   {metadata('kotlinx/coroutines/JobSupport$Finishing')}
  0x000000011b9bd984: 2c22 a0d2 | 0c58 9df2 | 5f01 0c6b | 219e 0054 | 6b11 40b9 | 7df1 7dd3 | 1dc7 ffb5 | 4117 8012 
  0x000000011b9bd9a4: ; ImmutableOopMap {rfp=Oop [0]=Oop [8]=Oop [24]=Oop }
                      ;*ifnull {reexecute=1 rethrow=0 return_oop=0}
                      ; - (reexecute) kotlinx.coroutines.JobSupport::removeNode$kotlinx_coroutines_core@67 (line 630)
                      ; - kotlinx.coroutines.JobNode::dispose@5 (line 1475)
                      ; - kotlinx.coroutines.JobSupport::completeStateFinalization@15 (line 301)
                      ; - kotlinx.coroutines.JobSupport::tryFinalizeSimpleState@99 (line 288)
                      ; - kotlinx.coroutines.JobSupport::tryMakeCompleting@45 (line 887)
                      ; - kotlinx.coroutines.JobSupport::makeCompletingOnce$kotlinx_coroutines_core@18 (line 859)
                      ; - kotlinx.coroutines.AbstractCoroutine::resumeWith@5 (line 99)
                      ; - kotlin.coroutines.jvm.internal.BaseContinuationImpl::resumeWith@114 (line 47)
                      ;   {runtime_call UncommonTrapBlob}
  0x000000011b9bd9a4: 77e5 d897 

  0x000000011b9bd9a8: ;   {other}
  0x000000011b9bd9a8: 1f20 03d5 | 1f93 82f2 | 1fa0 82f2 | f503 1daa | 93fd ff17 | 8017 40f9 | c069 00b4 | 811f 40f9 
  0x000000011b9bd9c8: 0220 00d1 | 2000 008b | 0680 1ff8 | 8217 00f9 | 33fd ff17 | a001 40b9 | 00f0 7dd3 | e0b1 ffb4 
  0x000000011b9bd9e8: 8117 40f9 | 816d 00b4 | 821f 40f9 | 2320 00d1 | 4100 018b | 2080 1ff8 | 8317 00f9 | 87fd ff17 
  0x000000011b9bda08: f603 0aaa | 8a27 40f9 | fa03 0caa | 8c2f 40f9 | bf3b 03d5 | eb0b 00b9 | f803 15aa | 0b00 c039 
  0x000000011b9bda28: f103 00f9 | fd03 0faa | fb03 0daa | f903 06aa | f703 0eaa | f503 10aa | 4b02 0034 | 1f00 0039 
  0x000000011b9bda48: ca00 00b4 | 4b21 00d1 | 8a01 0a8b | 4081 1ff8 | 8b27 00f9 | 0b00 0014 | e103 1caa | c900 0010 
  0x000000011b9bda68: 89d7 01f9 

  0x000000011b9bda6c: ;   {runtime_call G1BarrierSetRuntime::write_ref_field_post_entry(unsigned char volatile*, JavaThread*)}
  0x000000011b9bda6c: 88f0 80d2 | 284c a1f2 | 2800 c0f2 | 0001 3fd6 

  0x000000011b9bda7c: ;   {other}
  0x000000011b9bda7c: 1f20 03d5 | 1f00 80f2 | 1f00 80f2 | f003 15aa | ea03 16aa | ee03 17aa | f503 18aa | e603 19aa 
  0x000000011b9bda9c: ec03 1aaa | ed03 1baa | ef03 1daa | f103 40f9 | eb0b 40b9 | 71fd ff17 | 8127 40f9 | 822f 40f9 
  0x000000011b9bdabc: bf3b 03d5 | 0400 c039 | 64a1 ff34 | 1f00 0039 | c103 00b5 | f603 06aa | fa03 11aa | f303 10aa 
  0x000000011b9bdadc: f903 0faa | f503 0eaa | f803 0daa | f703 0caa | fb03 0b2a | f403 0aaa | e103 1caa | c900 0010 
  0x000000011b9bdafc: 89d7 01f9 

  0x000000011b9bdb00: ;   {runtime_call G1BarrierSetRuntime::write_ref_field_post_entry(unsigned char volatile*, JavaThread*)}
  0x000000011b9bdb00: 88f0 80d2 | 284c a1f2 | 2800 c0f2 | 0001 3fd6 

  0x000000011b9bdb10: ;   {other}
  0x000000011b9bdb10: 1f20 03d5 | 1f00 80f2 | 1f00 80f2 | f003 13aa | ea03 14aa | ee03 15aa | e603 16aa | ec03 17aa 
  0x000000011b9bdb30: ed03 18aa | ef03 19aa | f103 1aaa | eb03 1b2a | ecfc ff17 | 2320 00d1 | 4100 018b | 2080 1ff8 
  0x000000011b9bdb50: 8327 00f9 | e7fc ff17 | 8b17 40f9 | 8b60 00b4 | 8c1f 40f9 | 6d21 00d1 | 8b01 0b8b | 6281 1ff8 
  0x000000011b9bdb70: 8d17 00f9 | ec03 15aa | 09fd ff17 | e103 00f9 | fd03 02aa | ea0b 00f9 | 4117 8012 

  0x000000011b9bdb8c: ; ImmutableOopMap {rfp=Oop [0]=Oop [16]=Oop }
                      ;*ifnonnull {reexecute=1 rethrow=0 return_oop=0}
                      ; - (reexecute) kotlin.jvm.internal.Intrinsics::checkNotNull@1 (line 24)
                      ; - kotlin.coroutines.jvm.internal.BaseContinuationImpl::resumeWith@31 (line 31)
                      ;   {runtime_call UncommonTrapBlob}
  0x000000011b9bdb8c: fde4 d897 

  0x000000011b9bdb90: ;   {other}
  0x000000011b9bdb90: 1f20 03d5 | 1fd0 82f2 | 1fc0 82f2 | 8a27 40f9 | 8b2f 40f9 | bf3b 03d5 | 0d00 c039 | f303 0caa 
  0x000000011b9bdbb0: 4d02 0034 | 1f00 0039 | ca00 00b4 | 4c21 00d1 | 6a01 0a8b | 4081 1ff8 | 8c27 00f9 | 0b00 0014 
  0x000000011b9bdbd0: e103 1caa | c900 0010 | 89d7 01f9 

  0x000000011b9bdbdc: ;   {runtime_call G1BarrierSetRuntime::write_ref_field_post_entry(unsigned char volatile*, JavaThread*)}
  0x000000011b9bdbdc: 88f0 80d2 | 284c a1f2 | 2800 c0f2 | 0001 3fd6 

  0x000000011b9bdbec: ;   {other}
  0x000000011b9bdbec: 1f20 03d5 | 1f00 80f2 | 1f00 80f2 | ec03 13aa | fefc ff17 | e30b 00f9 

  0x000000011b9bdc04: ;   {metadata('kotlinx/coroutines/ChildHandle')}
  0x000000011b9bdc04: 0097 9bd2 | 8021 a0f2 | 000e c0f2 | e503 40b2 | 8950 40f9 | 8050 40fd | 8901 50b6 | 0054 555f 
  0x000000011b9bdc24: 0058 200e | 00b8 310e | 0300 669e | 8114 40f9 | 2578 63f8 | a500 00ca | 8500 00b4 | 6900 58b6 
  0x000000011b9bdc44: 29a9 c993 

  0x000000011b9bdc48: ;   {runtime_call StubRoutines (final stubs)}
  0x000000011b9bdc48: fcef d897 | e607 00f9 | e603 11aa | f103 0faa | ef03 0daa | e703 0b2a | ed03 0caa | ea03 00f9 
  0x000000011b9bdc68: fd03 10aa | e595 00b5 | ec03 0daa | ed03 0faa | ef03 11aa | f103 06aa | eb03 072a | e68f 40a9 
  0x000000011b9bdc88: cdfe ff17 

  0x000000011b9bdc8c: ;   {metadata('kotlinx/coroutines/Empty')}
  0x000000011b9bdc8c: 8121 a0d2 | 01d1 9af2 | 9f02 016b | e0e6 ff54 

  0x000000011b9bdc9c: ;   {metadata('kotlinx/coroutines/JobSupport$Finishing')}
  0x000000011b9bdc9c: 2122 a0d2 | 0158 9df2 | 9f02 016b | a1a3 0054 | e003 06aa | 0110 40b9 | 22f0 7dd3 | e2e5 ffb4 
  0x000000011b9bdcbc: ea3b 00a9 | f533 01a9 | ed3f 02a9 | f11b 00f9 | eb3b 00b9 | fd03 10aa | e103 10aa | e303 1faa 
  0x000000011b9bdcdc: ; ImmutableOopMap {rfp=Oop [32]=Derived_oop_rfp [8]=Derived_oop_rfp [0]=Oop [16]=Oop [56]=NarrowOop }
                      ;*invokespecial notifyCompletion {reexecute=0 rethrow=0 return_oop=0}
                      ; - kotlinx.coroutines.JobSupport::completeStateFinalization@147 (line 316)
                      ; - kotlinx.coroutines.JobSupport::tryFinalizeSimpleState@99 (line 288)
                      ; - kotlinx.coroutines.JobSupport::tryMakeCompleting@45 (line 887)
                      ; - kotlinx.coroutines.JobSupport::makeCompletingOnce$kotlinx_coroutines_core@18 (line 859)
                      ; - kotlinx.coroutines.AbstractCoroutine::resumeWith@5 (line 99)
                      ; - kotlin.coroutines.jvm.internal.BaseContinuationImpl::resumeWith@114 (line 47)
                      ;   {optimized virtual_call}
  0x000000011b9bdcdc: 29c9 d897 

  0x000000011b9bdce0: ;   {other}
  0x000000011b9bdce0: 1f20 03d5 | 1ffa 82f2 | 1fe0 82f2 | f003 1daa | ea3b 40a9 | f533 41a9 | ed3f 42a9 | f11b 40f9 
  0x000000011b9bdd00: eb3b 40b9 | 1cff ff17 | 1f20 03d5 | 1f20 03d5 

  0x000000011b9bdd10: ; ImmutableOopMap {r13=Oop [0]=Oop [40]=Derived_oop_[0] [16]=Derived_oop_[0] [8]=Oop [24]=Oop [64]=NarrowOop [72]=Oop [88]=Oop [104]=Oop [112]=Derived_oop_[104] }
                      ;*goto {reexecute=1 rethrow=0 return_oop=0}
                      ; - (reexecute) kotlinx.coroutines.internal.LockFreeLinkedListNode::correctPrev@127 (line 240)
                      ; - kotlinx.coroutines.internal.LockFreeLinkedListNode::removeOrNext@61 (line 156)
                      ; - kotlinx.coroutines.internal.LockFreeLinkedListNode::remove@1 (line 144)
                      ; - kotlinx.coroutines.JobSupport::removeNode$kotlinx_coroutines_core@71 (line 630)
                      ; - kotlinx.coroutines.JobNode::dispose@5 (line 1475)
                      ; - kotlinx.coroutines.JobSupport::completeStateFinalization@15 (line 301)
                      ; - kotlinx.coroutines.JobSupport::tryFinalizeSimpleState@99 (line 288)
                      ; - kotlinx.coroutines.JobSupport::tryMakeCompleting@45 (line 887)
                      ; - kotlinx.coroutines.JobSupport::makeCompletingOnce$kotlinx_coroutines_core@18 (line 859)
                      ; - kotlinx.coroutines.AbstractCoroutine::resumeWith@5 (line 99)
                      ; - kotlin.coroutines.jvm.internal.BaseContinuationImpl::resumeWith@114 (line 47)
  0x000000011b9bdd10: 8b2f 42f9 

  0x000000011b9bdd14: ;   {poll}
  0x000000011b9bdd14: 7f01 40b9 | ec3b 40f9 | eb03 1faa | ea03 0daa | eb33 00f9 | ec3b 00f9 | ee03 0aaa | 5a00 0014 
  0x000000011b9bdd34: 8b10 40f9 

  0x000000011b9bdd38: ;   {metadata('kotlinx/coroutines/Incomplete')}
  0x000000011b9bdd38: 0c91 9ad2 | 8c21 a0f2 | 0c0e c0f2 | 7f01 0ceb | 2137 0054 | ec03 0aaa | 8b09 40b9 

  0x000000011b9bdd54: ;   {metadata('kotlinx/coroutines/NodeList')}
  0x000000011b9bdd54: aa21 a0d2 | 0a43 85f2 | 7f01 0a6b | 6139 0054 | ed2b 40f9 | ae31 0091 | cbfd df88 | 6ff1 7dd3 
  0x000000011b9bdd74: ; implicit exception: dispatches to 0x000000011b9bf3b8
  0x000000011b9bdd74: ea09 40b9 

  0x000000011b9bdd78: ;   {metadata('kotlinx/coroutines/internal/Removed')}
  0x000000011b9bdd78: ac21 a0d2 | 0cdd 85f2 | 5f01 0c6b | c08d 0054 | ea09 40b9 | 4a09 5cd2 | 4a1d 40f9 | ff01 0deb 
  0x000000011b9bdd98: 8097 0054 

  0x000000011b9bdd9c: ;   {metadata('kotlinx/coroutines/internal/LockFreeLinkedListNode')}
  0x000000011b9bdd9c: 0bca 81d2 | ab21 a0f2 | 0b0e c0f2 | 5f01 0beb | 018e 0054 | ea03 0faa | 5d51 0091 | abff df88 
  0x000000011b9bddbc: ea37 00f9 | 6af1 7dd3 | ed3b 05a9 | ef33 00f9 | f4fd 43d3 | ea3b 00f9 | ea55 00b4 | 4a09 40b9 
  0x000000011b9bdddc: ;   {metadata('kotlinx/coroutines/internal/Removed')}
  0x000000011b9bdddc: ac21 a0d2 | 0cdd 85f2 | 5f01 0c6b | c1a1 0054 | ec3b 40f9 | 8a03 c139 | aa59 0035 | 8bfd 43d3 
  0x000000011b9bddfc: ee2f 40f9 | e803 14aa | cbfd e888 | 1f01 146b | f417 9f9a | 1402 0034 | eb03 0eaa | ea03 0caa 
  0x000000011b9bde1c: 4a01 0bca | 4afd 56d3 | f303 0eaa | 2a01 00b4 | 6afd 49d3 | 0b00 98d2 | eb24 a4f2 | 2b00 c0f2 
  0x000000011b9bde3c: 6001 0a8b | 0b00 c039 | 7f09 0071 | 6158 0054 | ee03 13aa 

  0x000000011b9bde50: ; ImmutableOopMap {[0]=Oop [40]=Derived_oop_[0] [16]=Derived_oop_[0] [8]=Oop [24]=Oop [64]=NarrowOop [72]=Oop [80]=Oop r14=Derived_oop_[80] [96]=Oop [104]=Oop }
                      ;*ifeq {reexecute=1 rethrow=0 return_oop=0}
                      ; - (reexecute) kotlinx.coroutines.internal.LockFreeLinkedListNode::removeOrNext@54 (line 154)
                      ; - kotlinx.coroutines.internal.LockFreeLinkedListNode::remove@1 (line 144)
                      ; - kotlinx.coroutines.JobSupport::removeNode$kotlinx_coroutines_core@71 (line 630)
                      ; - kotlinx.coroutines.JobNode::dispose@5 (line 1475)
                      ; - kotlinx.coroutines.JobSupport::completeStateFinalization@15 (line 301)
                      ; - kotlinx.coroutines.JobSupport::tryFinalizeSimpleState@99 (line 288)
                      ; - kotlinx.coroutines.JobSupport::tryMakeCompleting@45 (line 887)
                      ; - kotlinx.coroutines.JobSupport::makeCompletingOnce$kotlinx_coroutines_core@18 (line 859)
                      ; - kotlinx.coroutines.AbstractCoroutine::resumeWith@5 (line 99)
                      ; - kotlin.coroutines.jvm.internal.BaseContinuationImpl::resumeWith@114 (line 47)
  0x000000011b9bde50: 8a2f 42f9 

  0x000000011b9bde54: ;   {poll}
  0x000000011b9bde54: 5f01 40b9 | d45a 0034 | ec37 40f9 | 8d41 0091 | abfd df88 | 6ef1 7dd3 

  0x000000011b9bde6c: ; implicit exception: dispatches to 0x000000011b9bf3d0
  0x000000011b9bde6c: ca09 40b9 | 4a09 5cd2 | 4a1d 40f9 

  0x000000011b9bde78: ;   {metadata('kotlinx/coroutines/internal/LockFreeLinkedListNode')}
  0x000000011b9bde78: 0bca 81d2 | ab21 a0f2 | 0b0e c0f2 | 5f01 0beb | e18a 0054 | ea03 1faa | eeab 05a9 | ed3b 00f9 
  0x000000011b9bde98: ca31 0091 | 4afd df88 | 4af1 7dd3 | ea2b 00f9 | cafd 43d3 | ea47 00b9 | ea2b 40f9 | eb37 40f9 
  0x000000011b9bdeb8: fd03 0eaa | 5f01 0beb | 0106 0054 | ec2f 40f9 | ed03 0eaa | 9f01 0eeb | 20ce ff54 | 8b03 c139 
  0x000000011b9bded8: 8b65 0035 | 8afd 43d3 | eb47 40b9 | ec3b 40f9 | e803 0aaa | 8bfd e888 | 1f01 0a6b | f317 9f9a 
  0x000000011b9bdef8: f301 0034 | eb03 0caa | ea03 0daa | 4a01 0bca | 4afd 56d3 | 2a01 00b4 | 6afd 49d3 | 0b00 98d2 
  0x000000011b9bdf18: eb24 a4f2 | 2b00 c0f2 | 6001 0a8b | 0a00 c039 | 5f09 0071 | 6164 0054 | ec3b 40f9 | 13cb ff35 
  0x000000011b9bdf38: ; ImmutableOopMap {[0]=Oop [40]=Derived_oop_[0] [16]=Derived_oop_[0] [8]=Oop [24]=Oop [64]=NarrowOop [72]=Oop [104]=Oop r12=Derived_oop_[104] }
                      ;*goto {reexecute=1 rethrow=0 return_oop=0}
                      ; - (reexecute) kotlinx.coroutines.internal.LockFreeLinkedListNode::correctPrev@55 (line 225)
                      ; - kotlinx.coroutines.internal.LockFreeLinkedListNode::removeOrNext@61 (line 156)
                      ; - kotlinx.coroutines.internal.LockFreeLinkedListNode::remove@1 (line 144)
                      ; - kotlinx.coroutines.JobSupport::removeNode$kotlinx_coroutines_core@71 (line 630)
                      ; - kotlinx.coroutines.JobNode::dispose@5 (line 1475)
                      ; - kotlinx.coroutines.JobSupport::completeStateFinalization@15 (line 301)
                      ; - kotlinx.coroutines.JobSupport::tryFinalizeSimpleState@99 (line 288)
                      ; - kotlinx.coroutines.JobSupport::tryMakeCompleting@45 (line 887)
                      ; - kotlinx.coroutines.JobSupport::makeCompletingOnce$kotlinx_coroutines_core@18 (line 859)
                      ; - kotlinx.coroutines.AbstractCoroutine::resumeWith@5 (line 99)
                      ; - kotlin.coroutines.jvm.internal.BaseContinuationImpl::resumeWith@114 (line 47)
  0x000000011b9bdf38: 8a2f 42f9 

  0x000000011b9bdf3c: ;   {poll}
  0x000000011b9bdf3c: 5f01 40b9 | 0400 0014 

  0x000000011b9bdf44: ; ImmutableOopMap {[0]=Oop [40]=Derived_oop_[0] [16]=Derived_oop_[0] [8]=Oop [24]=Oop [64]=NarrowOop [72]=Oop [104]=Oop [112]=Derived_oop_[104] }
                      ;*goto {reexecute=1 rethrow=0 return_oop=0}
                      ; - (reexecute) kotlinx.coroutines.internal.LockFreeLinkedListNode::correctPrev@104 (line 235)
                      ; - kotlinx.coroutines.internal.LockFreeLinkedListNode::removeOrNext@61 (line 156)
                      ; - kotlinx.coroutines.internal.LockFreeLinkedListNode::remove@1 (line 144)
                      ; - kotlinx.coroutines.JobSupport::removeNode$kotlinx_coroutines_core@71 (line 630)
                      ; - kotlinx.coroutines.JobNode::dispose@5 (line 1475)
                      ; - kotlinx.coroutines.JobSupport::completeStateFinalization@15 (line 301)
                      ; - kotlinx.coroutines.JobSupport::tryFinalizeSimpleState@99 (line 288)
                      ; - kotlinx.coroutines.JobSupport::tryMakeCompleting@45 (line 887)
                      ; - kotlinx.coroutines.JobSupport::makeCompletingOnce$kotlinx_coroutines_core@18 (line 859)
                      ; - kotlinx.coroutines.AbstractCoroutine::resumeWith@5 (line 99)
                      ; - kotlin.coroutines.jvm.internal.BaseContinuationImpl::resumeWith@114 (line 47)
  0x000000011b9bdf44: 8a2f 42f9 

  0x000000011b9bdf48: ;   {poll}
  0x000000011b9bdf48: 5f01 40b9 | ec3b 40f9 | 8afd df88 | 4df1 7dd3 

  0x000000011b9bdf58: ; implicit exception: dispatches to 0x000000011b9bf414
  0x000000011b9bdf58: ab09 40b9 | 6a09 5cd2 | 4a1d 40f9 

  0x000000011b9bdf64: ;   {metadata('kotlinx/coroutines/internal/LockFreeLinkedListNode')}
  0x000000011b9bdf64: 0bca 81d2 | ab21 a0f2 | 0b0e c0f2 | 5f01 0beb | 4190 0054 | ed2f 00f9 | 68ff ff17 | e103 0baa 
  0x000000011b9bdf84: e9ff 9fd2 | e9ff bff2 | e9ff dff2 

  0x000000011b9bdf90: ; ImmutableOopMap {rfp=Oop [0]=Oop [40]=Derived_oop_[0] [16]=Derived_oop_[0] [8]=Oop [24]=Oop [64]=NarrowOop [68]=NarrowOop [72]=Oop [80]=Oop [88]=Oop [96]=Oop [104]=Oop [112]=Derived_oop_[104] }
                      ;*invokevirtual isRemoved {reexecute=0 rethrow=0 return_oop=0}
                      ; - kotlinx.coroutines.internal.LockFreeLinkedListNode::correctPrev@61 (line 230)
                      ; - kotlinx.coroutines.internal.LockFreeLinkedListNode::removeOrNext@61 (line 156)
                      ; - kotlinx.coroutines.internal.LockFreeLinkedListNode::remove@1 (line 144)
                      ; - kotlinx.coroutines.JobSupport::removeNode$kotlinx_coroutines_core@71 (line 630)
                      ; - kotlinx.coroutines.JobNode::dispose@5 (line 1475)
                      ; - kotlinx.coroutines.JobSupport::completeStateFinalization@15 (line 301)
                      ; - kotlinx.coroutines.JobSupport::tryFinalizeSimpleState@99 (line 288)
                      ; - kotlinx.coroutines.JobSupport::tryMakeCompleting@45 (line 887)
                      ; - kotlinx.coroutines.JobSupport::makeCompletingOnce$kotlinx_coroutines_core@18 (line 859)
                      ; - kotlinx.coroutines.AbstractCoroutine::resumeWith@5 (line 99)
                      ; - kotlin.coroutines.jvm.internal.BaseContinuationImpl::resumeWith@114 (line 47)
                      ;   {virtual_call}
  0x000000011b9bdf90: 3cc9 d897 

  0x000000011b9bdf94: ;   {other}
  0x000000011b9bdf94: 1f20 03d5 | 9f50 83f2 | 1f80 83f2 | a0c7 ff35 | ea2b 40f9 

  0x000000011b9bdfa8: ; implicit exception: dispatches to 0x000000011b9bf38c
  0x000000011b9bdfa8: 4b09 40b9 

  0x000000011b9bdfac: ;   {metadata('kotlinx/coroutines/internal/Removed')}
  0x000000011b9bdfac: ac21 a0d2 | 0cdd 85f2 | 7f01 0c6b | a11a 0054 | ea33 40f9 | aa04 00b4 

  0x000000011b9bdfc4: ;   {metadata('kotlinx/coroutines/internal/Removed')}
  0x000000011b9bdfc4: aa21 a0d2 | 0add 85f2 | 7f01 0a6b | 4190 0054 | 8a03 c139 | ea4f 0035 | ea2b 40f9 | 4b0d 40b9 
  0x000000011b9bdfe4: ea33 40f9 | ed47 40b9 | 4a31 0091 | e803 0daa | 4bfd e888 | 1f01 0d6b | f317 9f9a | f301 0034 
  0x000000011b9be004: 6bf1 7dd3 | ec03 0baa | 8c01 0aca | 8cfd 56d3 | 4c01 00b4 | 2b01 00b4 | 4afd 49d3 | 0b00 98d2 
  0x000000011b9be024: eb24 a4f2 | 2b00 c0f2 | 6001 0a8b | 0a00 c039 | 5f09 0071 | e14d 0054 | 53f8 ff34 

  0x000000011b9be040: ; ImmutableOopMap {[0]=Oop [40]=Derived_oop_[0] [16]=Derived_oop_[0] [8]=Oop [24]=Oop [64]=NarrowOop [72]=Oop [88]=Oop [96]=Oop [104]=Oop [112]=Derived_oop_[104] }
                      ;*goto {reexecute=1 rethrow=0 return_oop=0}
                      ; - (reexecute) kotlinx.coroutines.internal.LockFreeLinkedListNode::correctPrev@113 (line 238)
                      ; - kotlinx.coroutines.internal.LockFreeLinkedListNode::removeOrNext@61 (line 156)
                      ; - kotlinx.coroutines.internal.LockFreeLinkedListNode::remove@1 (line 144)
                      ; - kotlinx.coroutines.JobSupport::removeNode$kotlinx_coroutines_core@71 (line 630)
                      ; - kotlinx.coroutines.JobNode::dispose@5 (line 1475)
                      ; - kotlinx.coroutines.JobSupport::completeStateFinalization@15 (line 301)
                      ; - kotlinx.coroutines.JobSupport::tryFinalizeSimpleState@99 (line 288)
                      ; - kotlinx.coroutines.JobSupport::tryMakeCompleting@45 (line 887)
                      ; - kotlinx.coroutines.JobSupport::makeCompletingOnce$kotlinx_coroutines_core@18 (line 859)
                      ; - kotlinx.coroutines.AbstractCoroutine::resumeWith@5 (line 99)
                      ; - kotlin.coroutines.jvm.internal.BaseContinuationImpl::resumeWith@114 (line 47)
  0x000000011b9be040: 8a2f 42f9 

  0x000000011b9be044: ;   {poll}
  0x000000011b9be044: 5f01 40b9 | ed33 40f9 | ec3b 40f9 | 33ff ff17 | ea03 1daa | aa43 0091 | 4bfd df88 | 6df1 7dd3 
  0x000000011b9be064: ; implicit exception: dispatches to 0x000000011b9bf3e8
  0x000000011b9be064: aa09 40b9 | 4a09 5cd2 | 4a1d 40f9 

  0x000000011b9be070: ;   {metadata('kotlinx/coroutines/internal/LockFreeLinkedListNode')}
  0x000000011b9be070: 0bca 81d2 | ab21 a0f2 | 0b0e c0f2 | 5f01 0beb | 80e4 ff54 | fd03 0daa | 2104 8012 

  0x000000011b9be08c: ; ImmutableOopMap {rfp=Oop [0]=Oop [8]=Oop [72]=Oop }
                      ;*checkcast {reexecute=0 rethrow=0 return_oop=0}
                      ; - kotlinx.coroutines.internal.LockFreeLinkedListNode::correctPrev@123 (line 240)
                      ; - kotlinx.coroutines.internal.LockFreeLinkedListNode::removeOrNext@61 (line 156)
                      ; - kotlinx.coroutines.internal.LockFreeLinkedListNode::remove@1 (line 144)
                      ; - kotlinx.coroutines.JobSupport::removeNode$kotlinx_coroutines_core@71 (line 630)
                      ; - kotlinx.coroutines.JobNode::dispose@5 (line 1475)
                      ; - kotlinx.coroutines.JobSupport::completeStateFinalization@15 (line 301)
                      ; - kotlinx.coroutines.JobSupport::tryFinalizeSimpleState@99 (line 288)
                      ; - kotlinx.coroutines.JobSupport::tryMakeCompleting@45 (line 887)
                      ; - kotlinx.coroutines.JobSupport::makeCompletingOnce$kotlinx_coroutines_core@18 (line 859)
                      ; - kotlinx.coroutines.AbstractCoroutine::resumeWith@5 (line 99)
                      ; - kotlin.coroutines.jvm.internal.BaseContinuationImpl::resumeWith@114 (line 47)
                      ;   {runtime_call UncommonTrapBlob}
  0x000000011b9be08c: bde3 d897 

  0x000000011b9be090: ;   {other}
  0x000000011b9be090: 1f20 03d5 | 1f70 83f2 | 1fc0 83f2 | 8adf 40f9 | ec37 00f9 | 8be7 40f9 | 4c41 0091 | f5b7 04a9 
  0x000000011b9be0b0: eec3 05a9 | 9f01 0beb | 8263 0054 | ef03 0aaa | ea03 40b2 | 8cdf 00f9 | ea01 00f9 

  0x000000011b9be0cc: ;   {metadata('kotlinx/coroutines/internal/Removed')}
  0x000000011b9be0cc: aa21 a0d2 | 0add 85f2 | ea09 00b9 | 90c1 80f9 | ff0d 00b9 | ec37 40f9 | 8afd 43d3 | ea0d 00b9 
  0x000000011b9be0ec: bf3b 03d5 | 8b03 c139 | 6b4c 0035 | ebfd 43d3 | abff 9f88 | ea03 1daa | eb03 0faa | 6b01 0aca 
  0x000000011b9be10c: 6bfd 56d3 | 2b01 00b4 | 4afd 49d3 | 0b00 98d2 | eb24 a4f2 | 2b00 c0f2 | 6001 0a8b | 0a00 c039 
  0x000000011b9be12c: 5f09 0071 | 614f 0054 | f5b7 44a9 | eec3 45a9 | 71fc ff17 | 8a17 40f9 | ca4b 00b4 | 8b1f 40f9 
  0x000000011b9be14c: f903 0caa | 4c21 00d1 | 6a01 0a8b | 5081 1ff8 | fa03 0faa | f803 10aa | f703 0eaa | f603 0daa 
  0x000000011b9be16c: f403 15aa | 8c17 00f9 | f503 14aa | ed03 16aa | ee03 17aa | f003 18aa | ec03 19aa | ef03 1aaa 
  0x000000011b9be18c: 5ffc ff17 | 8a27 40f9 | 8b2f 40f9 | bf3b 03d5 | f903 0caa | 0c00 c039 | f803 10aa | f703 0eaa 
  0x000000011b9be1ac: f603 0daa | 4c02 0034 | 1f00 0039 | ca00 00b4 | 4c21 00d1 | 6a01 0a8b | 4081 1ff8 | 8c27 00f9 
  0x000000011b9be1cc: 0b00 0014 | e103 1caa | c900 0010 | 89d7 01f9 

  0x000000011b9be1dc: ;   {runtime_call G1BarrierSetRuntime::write_ref_field_post_entry(unsigned char volatile*, JavaThread*)}
  0x000000011b9be1dc: 88f0 80d2 | 284c a1f2 | 2800 c0f2 | 0001 3fd6 

  0x000000011b9be1ec: ;   {other}
  0x000000011b9be1ec: 1f20 03d5 | 1f00 80f2 | 1f00 80f2 | ed03 16aa | ee03 17aa | f003 18aa | ec03 19aa | 53fc ff17 
  0x000000011b9be20c: cbfd df88 | 70f1 7dd3 

  0x000000011b9be214: ; implicit exception: dispatches to 0x000000011b9bf3fc
  0x000000011b9be214: 0a0a 40b9 

  0x000000011b9be218: ;   {metadata('kotlinx/coroutines/internal/Removed')}
  0x000000011b9be218: ac21 a0d2 | 0cdd 85f2 | 5f01 0c6b | 4184 ff54 | fd03 10aa | 4117 8012 

  0x000000011b9be230: ; ImmutableOopMap {rfp=Oop [0]=Oop [8]=Oop [24]=Oop }
                      ;*ifeq {reexecute=1 rethrow=0 return_oop=0}
                      ; - (reexecute) kotlinx.coroutines.internal.LockFreeLinkedListNode::removeOrNext@10 (line 151)
                      ; - kotlinx.coroutines.internal.LockFreeLinkedListNode::remove@1 (line 144)
                      ; - kotlinx.coroutines.JobSupport::removeNode$kotlinx_coroutines_core@71 (line 630)
                      ; - kotlinx.coroutines.JobNode::dispose@5 (line 1475)
                      ; - kotlinx.coroutines.JobSupport::completeStateFinalization@15 (line 301)
                      ; - kotlinx.coroutines.JobSupport::tryFinalizeSimpleState@99 (line 288)
                      ; - kotlinx.coroutines.JobSupport::tryMakeCompleting@45 (line 887)
                      ; - kotlinx.coroutines.JobSupport::makeCompletingOnce$kotlinx_coroutines_core@18 (line 859)
                      ; - kotlinx.coroutines.AbstractCoroutine::resumeWith@5 (line 99)
                      ; - kotlin.coroutines.jvm.internal.BaseContinuationImpl::resumeWith@114 (line 47)
                      ;   {runtime_call UncommonTrapBlob}
  0x000000011b9be230: 54e3 d897 

  0x000000011b9be234: ;   {other}
  0x000000011b9be234: 1f20 03d5 | 9fa4 83f2 | 1fe0 83f2 | 8a17 40f9 | 4a4f 00b4 | 8b1f 40f9 | 4c21 00d1 | 6a01 0a8b 
  0x000000011b9be254: eb2f 40f9 | 4b81 1ff8 | 8c17 00f9 | 9bfc ff17 | f003 00f9 | ed0b 00b9 

  0x000000011b9be26c: ;   {metadata('kotlinx/coroutines/CompletedExceptionally')}
  0x000000011b9be26c: 0188 92d2 | 8121 a0f2 | 010e c0f2 

  0x000000011b9be278: ; ImmutableOopMap {rfp=Oop [0]=Oop [8]=NarrowOop }
                      ;*new {reexecute=0 rethrow=0 return_oop=1}
                      ; - kotlinx.coroutines.CompletionStateKt::toState@18 (line 8)
                      ; - kotlinx.coroutines.AbstractCoroutine::resumeWith@2 (line 99)
                      ; - kotlin.coroutines.jvm.internal.BaseContinuationImpl::resumeWith@114 (line 47)
                      ;   {runtime_call _new_instance_Java}
  0x000000011b9be278: a23b dc97 

  0x000000011b9be27c: ;   {other}
  0x000000011b9be27c: 1f20 03d5 | 9fad 83f2 | 1f00 84f2 | f003 40f9 | ed0b 40b9 | affb ff17 | 4117 8012 | ec03 00f9 
  0x000000011b9be29c: ea0b 00f9 

  0x000000011b9be2a0: ; ImmutableOopMap {[0]=Oop [16]=Oop [24]=Oop }
                      ;*ifnonnull {reexecute=1 rethrow=0 return_oop=0}
                      ; - (reexecute) kotlin.jvm.internal.Intrinsics::checkNotNull@1 (line 24)
                      ; - kotlin.coroutines.jvm.internal.BaseContinuationImpl::resumeWith@31 (line 31)
                      ;   {runtime_call UncommonTrapBlob}
  0x000000011b9be2a0: 38e3 d897 

  0x000000011b9be2a4: ;   {other}
  0x000000011b9be2a4: 1f20 03d5 | 9fb2 83f2 | 1f20 84f2 | 8a27 40f9 | 8b2f 40f9 | bf3b 03d5 | 0c00 c039 | 4c93 ff34 
  0x000000011b9be2c4: 1f00 0039 | 8a01 00b5 | e103 1caa | c900 0010 | 89d7 01f9 

  0x000000011b9be2d8: ;   {runtime_call G1BarrierSetRuntime::write_ref_field_post_entry(unsigned char volatile*, JavaThread*)}
  0x000000011b9be2d8: 88f0 80d2 | 284c a1f2 | 2800 c0f2 | 0001 3fd6 

  0x000000011b9be2e8: ;   {other}
  0x000000011b9be2e8: 1f20 03d5 | 1f00 80f2 | 1f00 80f2 | 8dfc ff17 | 4c21 00d1 | 6a01 0a8b | 4081 1ff8 | 8c27 00f9 
  0x000000011b9be308: 88fc ff17 | 6a09 5cd2 | 4a1d 40f9 

  0x000000011b9be314: ;   {metadata('kotlinx/coroutines/internal/LockFreeLinkedListNode')}
  0x000000011b9be314: 0bca 81d2 | ab21 a0f2 | 0b0e c0f2 | 5f01 0beb | 216f 0054 | 8b2f 42f9 

  0x000000011b9be32c: ; ImmutableOopMap {r10=Oop rfp=Oop [0]=Oop [40]=Derived_oop_[0] [16]=Derived_oop_[0] [8]=Oop [24]=Oop [64]=NarrowOop [72]=Oop [88]=Oop [104]=Oop [112]=Derived_oop_[104] }
                      ;*goto {reexecute=1 rethrow=0 return_oop=0}
                      ; - (reexecute) kotlinx.coroutines.internal.LockFreeLinkedListNode::correctPrev@146 (line 245)
                      ; - kotlinx.coroutines.internal.LockFreeLinkedListNode::removeOrNext@61 (line 156)
                      ; - kotlinx.coroutines.internal.LockFreeLinkedListNode::remove@1 (line 144)
                      ; - kotlinx.coroutines.JobSupport::removeNode$kotlinx_coroutines_core@71 (line 630)
                      ; - kotlinx.coroutines.JobNode::dispose@5 (line 1475)
                      ; - kotlinx.coroutines.JobSupport::completeStateFinalization@15 (line 301)
                      ; - kotlinx.coroutines.JobSupport::tryFinalizeSimpleState@99 (line 288)
                      ; - kotlinx.coroutines.JobSupport::tryMakeCompleting@45 (line 887)
                      ; - kotlinx.coroutines.JobSupport::makeCompletingOnce$kotlinx_coroutines_core@18 (line 859)
                      ; - kotlinx.coroutines.AbstractCoroutine::resumeWith@5 (line 99)
                      ; - kotlin.coroutines.jvm.internal.BaseContinuationImpl::resumeWith@114 (line 47)
  0x000000011b9be32c: ea2b 40f9 

  0x000000011b9be330: ;   {poll}
  0x000000011b9be330: 7f01 40b9 | ec3b 40f9 | eb03 1daa | 7afe ff17 | 8a17 40f9 | aa49 00b4 | 8b1f 40f9 | f403 0caa 
  0x000000011b9be350: 4c21 00d1 | 6a01 0a8b | 4e81 1ff8 | fa03 112a | f83b 40f9 | f703 0faa | f603 0daa | f303 15aa 
  0x000000011b9be370: 8c17 00f9 | f503 13aa | ec03 14aa | ed03 16aa | ef03 17aa | ee03 18aa | f103 1a2a | 0dfc ff17 
  0x000000011b9be390: ;   {metadata('kotlinx/coroutines/NonDisposableHandle')}
  0x000000011b9be390: 8221 a0d2 | 02d7 9bf2 | 1f00 026b | 80a8 ff54 | ea1b 00a9 | e30b 00f9 | fd03 10aa | 2107 8012 
  0x000000011b9be3b0: ; ImmutableOopMap {rfp=Oop [0]=Oop [8]=Oop [16]=Oop }
                      ;*invokeinterface dispose {reexecute=0 rethrow=0 return_oop=0}
                      ; - kotlinx.coroutines.JobSupport::completeStateFinalization@15 (line 301)
                      ; - kotlinx.coroutines.JobSupport::tryFinalizeSimpleState@99 (line 288)
                      ; - kotlinx.coroutines.JobSupport::tryMakeCompleting@45 (line 887)
                      ; - kotlinx.coroutines.JobSupport::makeCompletingOnce$kotlinx_coroutines_core@18 (line 859)
                      ; - kotlinx.coroutines.AbstractCoroutine::resumeWith@5 (line 99)
                      ; - kotlin.coroutines.jvm.internal.BaseContinuationImpl::resumeWith@114 (line 47)
                      ;   {runtime_call UncommonTrapBlob}
  0x000000011b9be3b0: f4e2 d897 

  0x000000011b9be3b4: ;   {other}
  0x000000011b9be3b4: 1f20 03d5 | 9fd4 83f2 | 1f60 84f2 | 8a27 40f9 | 8b2f 40f9 | bf3b 03d5 | f603 0caa | 0c00 c039 
  0x000000011b9be3d4: f703 0daa | 4c02 0034 | 1f00 0039 | ca00 00b4 | 4c21 00d1 | 6a01 0a8b | 4081 1ff8 | 8c27 00f9 
  0x000000011b9be3f4: 0b00 0014 | e103 1caa | c900 0010 | 89d7 01f9 

  0x000000011b9be404: ;   {runtime_call G1BarrierSetRuntime::write_ref_field_post_entry(unsigned char volatile*, JavaThread*)}
  0x000000011b9be404: 88f0 80d2 | 284c a1f2 | 2800 c0f2 | 0001 3fd6 

  0x000000011b9be414: ;   {other}
  0x000000011b9be414: 1f20 03d5 | 1f00 80f2 | 1f00 80f2 | ec03 16aa | ed03 17aa | f9fb ff17 

  0x000000011b9be42c: ;   {metadata('kotlinx/coroutines/Incomplete')}
  0x000000011b9be42c: 0091 9ad2 | 8021 a0f2 | 000e c0f2 | e503 40b2 | 8950 40f9 | 8050 40fd | 8901 78b6 | 0054 505f 
  0x000000011b9be44c: 0058 200e | 00b8 310e | 0300 669e | 8114 40f9 | 2578 63f8 | a500 00ca | 8500 00b4 | 6900 80b6 
  0x000000011b9be46c: 29bd c993 

  0x000000011b9be470: ;   {runtime_call StubRoutines (final stubs)}
  0x000000011b9be470: f2ed d897 | c5c6 ffb4 | 4117 8012 

  0x000000011b9be47c: ; ImmutableOopMap {[0]=Oop [8]=Oop [72]=Oop }
                      ;*ifeq {reexecute=1 rethrow=0 return_oop=0}
                      ; - (reexecute) kotlinx.coroutines.JobSupport::removeNode$kotlinx_coroutines_core@54 (line 628)
                      ; - kotlinx.coroutines.JobNode::dispose@5 (line 1475)
                      ; - kotlinx.coroutines.JobSupport::completeStateFinalization@15 (line 301)
                      ; - kotlinx.coroutines.JobSupport::tryFinalizeSimpleState@99 (line 288)
                      ; - kotlinx.coroutines.JobSupport::tryMakeCompleting@45 (line 887)
                      ; - kotlinx.coroutines.JobSupport::makeCompletingOnce$kotlinx_coroutines_core@18 (line 859)
                      ; - kotlinx.coroutines.AbstractCoroutine::resumeWith@5 (line 99)
                      ; - kotlin.coroutines.jvm.internal.BaseContinuationImpl::resumeWith@114 (line 47)
                      ;   {runtime_call UncommonTrapBlob}
  0x000000011b9be47c: c1e2 d897 

  0x000000011b9be480: ;   {other}
  0x000000011b9be480: 1f20 03d5 | 1fee 83f2 | 1f80 84f2 

  0x000000011b9be48c: ;   {metadata('kotlinx/coroutines/JobSupport$Finishing')}
  0x000000011b9be48c: 2a22 a0d2 | 0a58 9df2 | 7f01 0a6b | 6166 0054 | 8a11 40b9 | 5df1 7dd3 | 1dc6 ffb5 | 4117 8012 
  0x000000011b9be4ac: ; ImmutableOopMap {rfp=Oop [0]=Oop [8]=Oop [72]=Oop }
                      ;*ifnull {reexecute=1 rethrow=0 return_oop=0}
                      ; - (reexecute) kotlinx.coroutines.JobSupport::removeNode$kotlinx_coroutines_core@67 (line 630)
                      ; - kotlinx.coroutines.JobNode::dispose@5 (line 1475)
                      ; - kotlinx.coroutines.JobSupport::completeStateFinalization@15 (line 301)
                      ; - kotlinx.coroutines.JobSupport::tryFinalizeSimpleState@99 (line 288)
                      ; - kotlinx.coroutines.JobSupport::tryMakeCompleting@45 (line 887)
                      ; - kotlinx.coroutines.JobSupport::makeCompletingOnce$kotlinx_coroutines_core@18 (line 859)
                      ; - kotlinx.coroutines.AbstractCoroutine::resumeWith@5 (line 99)
                      ; - kotlin.coroutines.jvm.internal.BaseContinuationImpl::resumeWith@114 (line 47)
                      ;   {runtime_call UncommonTrapBlob}
  0x000000011b9be4ac: b5e2 d897 

  0x000000011b9be4b0: ;   {other}
  0x000000011b9be4b0: 1f20 03d5 | 1ff4 83f2 | 1fa0 84f2 | 8017 40f9 | 4046 00b4 | 811f 40f9 | 0220 00d1 | 2000 008b 
  0x000000011b9be4d0: 0680 1ff8 | 8217 00f9 | 9bfc ff17 | a001 40b9 | 00f0 7dd3 | 809e ffb4 | 8117 40f9 | 614a 00b4 
  0x000000011b9be4f0: 821f 40f9 | 2320 00d1 | 4100 018b | 2080 1ff8 | 8317 00f9 | ecfc ff17 | f603 0aaa | 8a27 40f9 
  0x000000011b9be510: f903 0caa | 8c2f 40f9 | bf3b 03d5 | eb03 00b9 | f803 15aa | 0b00 c039 | e607 00f9 | fd03 11aa 
  0x000000011b9be530: fb03 0faa | fa03 0daa | f703 0eaa | f503 10aa | 4b02 0034 | 1f00 0039 | ca00 00b4 | 4b21 00d1 
  0x000000011b9be550: 8a01 0a8b | 4081 1ff8 | 8b27 00f9 | 0b00 0014 | e103 1caa | c900 0010 | 89d7 01f9 

  0x000000011b9be56c: ;   {runtime_call G1BarrierSetRuntime::write_ref_field_post_entry(unsigned char volatile*, JavaThread*)}
  0x000000011b9be56c: 88f0 80d2 | 284c a1f2 | 2800 c0f2 | 0001 3fd6 

  0x000000011b9be57c: ;   {other}
  0x000000011b9be57c: 1f20 03d5 | 1f00 80f2 | 1f00 80f2 | f003 15aa | ea03 16aa | ee03 17aa | f503 18aa | ec03 19aa 
  0x000000011b9be59c: ed03 1aaa | ef03 1baa | f103 1daa | eb03 40b9 | e607 40f9 | d6fc ff17 | f403 0aaa | 8a27 40f9 
  0x000000011b9be5bc: f703 0caa | 8c2f 40f9 | bf3b 03d5 | fb03 0b2a | f603 15aa | 0b00 c039 | e603 00f9 | fa03 11aa 
  0x000000011b9be5dc: f903 0faa | f803 0daa | f503 0eaa | f303 10aa | 4b02 0034 | 1f00 0039 | ca00 00b4 | 4b21 00d1 
  0x000000011b9be5fc: 8a01 0a8b | 4081 1ff8 | 8b27 00f9 | 0b00 0014 | e103 1caa | c900 0010 | 89d7 01f9 

  0x000000011b9be618: ;   {runtime_call G1BarrierSetRuntime::write_ref_field_post_entry(unsigned char volatile*, JavaThread*)}
  0x000000011b9be618: 88f0 80d2 | 284c a1f2 | 2800 c0f2 | 0001 3fd6 

  0x000000011b9be628: ;   {other}
  0x000000011b9be628: 1f20 03d5 | 1f00 80f2 | 1f00 80f2 | ee03 15aa | f003 13aa | ea03 14aa | f503 16aa | ec03 17aa 
  0x000000011b9be648: ed03 18aa | ef03 19aa | f103 1aaa | eb03 1b2a | e603 40f9 | 4dfc ff17 | 8a17 40f9 | 2a3d 00b4 
  0x000000011b9be668: 8c1f 40f9 | 4d21 00d1 | 8a01 0a8b | 4b81 1ff8 | 8d17 00f9 | 6ffc ff17 | 8a27 40f9 | 8b2f 40f9 
  0x000000011b9be688: bf3b 03d5 | 0c00 c039 | 0c90 ff34 | 1f00 0039 | 8a01 00b5 | e103 1caa | c900 0010 | 89d7 01f9 
  0x000000011b9be6a8: ;   {runtime_call G1BarrierSetRuntime::write_ref_field_post_entry(unsigned char volatile*, JavaThread*)}
  0x000000011b9be6a8: 88f0 80d2 | 284c a1f2 | 2800 c0f2 | 0001 3fd6 

  0x000000011b9be6b8: ;   {other}
  0x000000011b9be6b8: 1f20 03d5 | 1f00 80f2 | 1f00 80f2 | 73fc ff17 | 4c21 00d1 | 6a01 0a8b | 4081 1ff8 | 8c27 00f9 
  0x000000011b9be6d8: 6efc ff17 | e607 00f9 | fd03 10aa | 4117 8012 

  0x000000011b9be6e8: ; ImmutableOopMap {rfp=Oop [0]=Oop [8]=Oop }
                      ;*ifeq {reexecute=1 rethrow=0 return_oop=0}
                      ; - (reexecute) kotlinx.coroutines.JobSupportKt::boxIncomplete@4 (line 1394)
                      ; - kotlinx.coroutines.JobSupport::tryFinalizeSimpleState@75 (line 285)
                      ; - kotlinx.coroutines.JobSupport::tryMakeCompleting@45 (line 887)
                      ; - kotlinx.coroutines.JobSupport::makeCompletingOnce$kotlinx_coroutines_core@18 (line 859)
                      ; - kotlinx.coroutines.AbstractCoroutine::resumeWith@5 (line 99)
                      ; - kotlin.coroutines.jvm.internal.BaseContinuationImpl::resumeWith@114 (line 47)
                      ;   {runtime_call UncommonTrapBlob}
  0x000000011b9be6e8: 26e2 d897 

  0x000000011b9be6ec: ;   {other}
  0x000000011b9be6ec: 1f20 03d5 | 9f3b 84f2 | 1fc0 84f2 | fa03 11aa | f303 10aa | f903 0faa | f503 0eaa | f803 0daa 
  0x000000011b9be70c: f703 0caa | fb03 0b2a | f603 06aa | e003 06aa | e103 1caa | c900 0010 | 89d7 01f9 

  0x000000011b9be728: ;   {runtime_call G1BarrierSetRuntime::write_ref_field_pre_entry(oopDesc*, JavaThread*)}
  0x000000011b9be728: 88eb 80d2 | 284c a1f2 | 2800 c0f2 | 0001 3fd6 

  0x000000011b9be738: ;   {other}
  0x000000011b9be738: 1f20 03d5 | 1f00 80f2 | 1f00 80f2 | f003 13aa | ea03 40f9 | ee03 15aa | e603 16aa | ec03 17aa 
  0x000000011b9be758: ed03 18aa | ef03 19aa | f103 1aaa | eb03 1b2a | cff9 ff17 | e103 1caa | e003 02aa | c900 0010 
  0x000000011b9be778: 89d7 01f9 

  0x000000011b9be77c: ;   {runtime_call G1BarrierSetRuntime::write_ref_field_pre_entry(oopDesc*, JavaThread*)}
  0x000000011b9be77c: 88eb 80d2 | 284c a1f2 | 2800 c0f2 | 0001 3fd6 

  0x000000011b9be78c: ;   {other}
  0x000000011b9be78c: 1f20 03d5 | 1f00 80f2 | 1f00 80f2 | f7fc ff17 | f703 06aa | fb03 11aa | f303 10aa | fa03 0faa 
  0x000000011b9be7ac: f603 15aa | f503 0eaa | f903 0daa | f803 0caa | fd03 0b2a | f403 0aaa | e103 1caa | c900 0010 
  0x000000011b9be7cc: 89d7 01f9 

  0x000000011b9be7d0: ;   {runtime_call G1BarrierSetRuntime::write_ref_field_pre_entry(oopDesc*, JavaThread*)}
  0x000000011b9be7d0: 88eb 80d2 | 284c a1f2 | 2800 c0f2 | 0001 3fd6 

  0x000000011b9be7e0: ;   {other}
  0x000000011b9be7e0: 1f20 03d5 | 1f00 80f2 | 1f00 80f2 | ee03 15aa | f003 13aa | ea03 14aa | f503 16aa | e603 17aa 
  0x000000011b9be800: ec03 18aa | ed03 19aa | ef03 1aaa | f103 1baa | eb03 1d2a | 03fa ff17 | f02b 00a9 | 4117 8012 
  0x000000011b9be820: ; ImmutableOopMap {[0]=Oop [8]=Oop }
                      ;*ifne {reexecute=1 rethrow=0 return_oop=0}
                      ; - (reexecute) kotlinx.coroutines.JobSupport::tryFinalizeSimpleState@81 (line 285)
                      ; - kotlinx.coroutines.JobSupport::tryMakeCompleting@45 (line 887)
                      ; - kotlinx.coroutines.JobSupport::makeCompletingOnce$kotlinx_coroutines_core@18 (line 859)
                      ; - kotlinx.coroutines.AbstractCoroutine::resumeWith@5 (line 99)
                      ; - kotlin.coroutines.jvm.internal.BaseContinuationImpl::resumeWith@114 (line 47)
                      ;   {runtime_call UncommonTrapBlob}
  0x000000011b9be820: d8e1 d897 

  0x000000011b9be824: ;   {other}
  0x000000011b9be824: 1f20 03d5 | 9f62 84f2 | 1fe0 84f2 | fd03 10aa | ea2b 00a9 | 72f9 ff17 | ea1b 00a9 | f507 01a9 
  0x000000011b9be844: fd03 10aa | 4117 8012 

  0x000000011b9be84c: ; ImmutableOopMap {rfp=Oop [0]=Oop [8]=Oop [16]=Oop [24]=Oop }
                      ;*ifnull {reexecute=1 rethrow=0 return_oop=0}
                      ; - (reexecute) kotlinx.coroutines.JobNode::getJob@5 (line 1464)
                      ; - kotlinx.coroutines.JobNode::dispose@1 (line 1475)
                      ; - kotlinx.coroutines.JobSupport::completeStateFinalization@15 (line 301)
                      ; - kotlinx.coroutines.JobSupport::tryFinalizeSimpleState@99 (line 288)
                      ; - kotlinx.coroutines.JobSupport::tryMakeCompleting@45 (line 887)
                      ; - kotlinx.coroutines.JobSupport::makeCompletingOnce$kotlinx_coroutines_core@18 (line 859)
                      ; - kotlinx.coroutines.AbstractCoroutine::resumeWith@5 (line 99)
                      ; - kotlin.coroutines.jvm.internal.BaseContinuationImpl::resumeWith@114 (line 47)
                      ;   {runtime_call UncommonTrapBlob}
  0x000000011b9be84c: cde1 d897 

  0x000000011b9be850: ;   {other}
  0x000000011b9be850: 1f20 03d5 | 1f68 84f2 | 1f00 85f2 | e20b 00f9 | fd03 15aa | 4117 8012 

  0x000000011b9be868: ; ImmutableOopMap {rfp=Oop [0]=Oop [8]=Oop [16]=Oop [24]=Oop }
                      ;*if_acmpeq {reexecute=1 rethrow=0 return_oop=0}
                      ; - (reexecute) kotlinx.coroutines.JobSupport::removeNode$kotlinx_coroutines_core@29 (line 624)
                      ; - kotlinx.coroutines.JobNode::dispose@5 (line 1475)
                      ; - kotlinx.coroutines.JobSupport::completeStateFinalization@15 (line 301)
                      ; - kotlinx.coroutines.JobSupport::tryFinalizeSimpleState@99 (line 288)
                      ; - kotlinx.coroutines.JobSupport::tryMakeCompleting@45 (line 887)
                      ; - kotlinx.coroutines.JobSupport::makeCompletingOnce$kotlinx_coroutines_core@18 (line 859)
                      ; - kotlinx.coroutines.AbstractCoroutine::resumeWith@5 (line 99)
                      ; - kotlin.coroutines.jvm.internal.BaseContinuationImpl::resumeWith@114 (line 47)
                      ;   {runtime_call UncommonTrapBlob}
  0x000000011b9be868: c6e1 d897 

  0x000000011b9be86c: ;   {other}
  0x000000011b9be86c: 1f20 03d5 | 9f6b 84f2 | 1f20 85f2 | ec0b 00f9 | 4117 8012 

  0x000000011b9be880: ; ImmutableOopMap {[0]=Oop [8]=Oop [16]=Oop [24]=Oop [80]=Oop }
                      ;*ifeq {reexecute=1 rethrow=0 return_oop=0}
                      ; - (reexecute) kotlinx.coroutines.JobSupport::removeNode$kotlinx_coroutines_core@45 (line 626)
                      ; - kotlinx.coroutines.JobNode::dispose@5 (line 1475)
                      ; - kotlinx.coroutines.JobSupport::completeStateFinalization@15 (line 301)
                      ; - kotlinx.coroutines.JobSupport::tryFinalizeSimpleState@99 (line 288)
                      ; - kotlinx.coroutines.JobSupport::tryMakeCompleting@45 (line 887)
                      ; - kotlinx.coroutines.JobSupport::makeCompletingOnce$kotlinx_coroutines_core@18 (line 859)
                      ; - kotlinx.coroutines.AbstractCoroutine::resumeWith@5 (line 99)
                      ; - kotlin.coroutines.jvm.internal.BaseContinuationImpl::resumeWith@114 (line 47)
                      ;   {runtime_call UncommonTrapBlob}
  0x000000011b9be880: c0e1 d897 

  0x000000011b9be884: ;   {other}
  0x000000011b9be884: 1f20 03d5 | 9f6e 84f2 | 1f40 85f2 | 8adf 40f9 | 8be7 40f9 | 4c41 0091 | 9f01 0beb | c244 0054 
  0x000000011b9be8a4: eb03 40b2 | 8cdf 00f9 | 4b01 00f9 

  0x000000011b9be8b0: ;   {metadata('kotlinx/coroutines/internal/Removed')}
  0x000000011b9be8b0: ab21 a0d2 | 0bdd 85f2 | 4b09 00b9 | 90c1 80f9 | 5f0d 00b9 | eb37 40f9 | 6cfd 43d3 | 4c0d 00b9 
  0x000000011b9be8d0: bf3b 03d5 | f303 0aaa | 8a03 c139 | 4a35 0035 | ea03 13aa | 4afd 43d3 | aaff 9f88 | ea03 1daa 
  0x000000011b9be8f0: eb03 13aa | 6b01 0aca | 6bfd 56d3 | 2b01 00b4 | 4afd 49d3 | 0b00 98d2 | eb24 a4f2 | 2b00 c0f2 
  0x000000011b9be910: 6001 0a8b | 0b00 c039 | 7f09 0071 | 0137 0054 | ec03 13aa | 33fd ff17 | 8a17 40f9 | 2a34 00b4 
  0x000000011b9be930: 8b1f 40f9 | f303 0caa | 4c21 00d1 | 6a01 0a8b | eb33 40f9 | 4b81 1ff8 | 8c17 00f9 | ec03 13aa 
  0x000000011b9be950: 2afd ff17 | 8a27 40f9 | 8b2f 40f9 | bf3b 03d5 | 0d00 c039 | 4da7 ff34 | 1f00 0039 | 8a01 00b5 
  0x000000011b9be970: e103 1caa | c900 0010 | 89d7 01f9 

  0x000000011b9be97c: ;   {runtime_call G1BarrierSetRuntime::write_ref_field_post_entry(unsigned char volatile*, JavaThread*)}
  0x000000011b9be97c: 88f0 80d2 | 284c a1f2 | 2800 c0f2 | 0001 3fd6 

  0x000000011b9be98c: ;   {other}
  0x000000011b9be98c: 1f20 03d5 | 1f00 80f2 | 1f00 80f2 | 2dfd ff17 | 4c21 00d1 | 6a01 0a8b | 4081 1ff8 | 8c27 00f9 
  0x000000011b9be9ac: 28fd ff17 | cbfd df88 | 6ff1 7dd3 

  0x000000011b9be9b8: ; implicit exception: dispatches to 0x000000011b9bf428
  0x000000011b9be9b8: ea09 40b9 

  0x000000011b9be9bc: ;   {metadata('kotlinx/coroutines/internal/Removed')}
  0x000000011b9be9bc: ac21 a0d2 | 0cdd 85f2 | 5f01 0c6b | 603e 0054 | ed2b 40f9 | eefc ff17 | 8a17 40f9 | 0a34 00b4 
  0x000000011b9be9dc: 8b1f 40f9 | 4c21 00d1 | 6a01 0a8b | 5d81 1ff8 | 8c17 00f9 | 7bfd ff17 | 8a27 40f9 | 8b2f 40f9 
  0x000000011b9be9fc: bf3b 03d5 | 0c00 c039 | ccb1 ff34 | 1f00 0039 | 8a01 00b5 | e103 1caa | c900 0010 | 89d7 01f9 
  0x000000011b9bea1c: ;   {runtime_call G1BarrierSetRuntime::write_ref_field_post_entry(unsigned char volatile*, JavaThread*)}
  0x000000011b9bea1c: 88f0 80d2 | 284c a1f2 | 2800 c0f2 | 0001 3fd6 

  0x000000011b9bea2c: ;   {other}
  0x000000011b9bea2c: 1f20 03d5 | 1f00 80f2 | 1f00 80f2 | 81fd ff17 | 4c21 00d1 | 6a01 0a8b | 4081 1ff8 | 8c27 00f9 
  0x000000011b9bea4c: 7cfd ff17 | fd03 10aa | 4117 8012 

  0x000000011b9bea58: ; ImmutableOopMap {rfp=Oop [0]=Oop [8]=Oop [24]=Oop }
                      ;*ifeq {reexecute=1 rethrow=0 return_oop=0}
                      ; - (reexecute) kotlinx.coroutines.internal.LockFreeLinkedListNode::removeOrNext@10 (line 151)
                      ; - kotlinx.coroutines.internal.LockFreeLinkedListNode::remove@1 (line 144)
                      ; - kotlinx.coroutines.JobSupport::removeNode$kotlinx_coroutines_core@71 (line 630)
                      ; - kotlinx.coroutines.JobNode::dispose@5 (line 1475)
                      ; - kotlinx.coroutines.JobSupport::completeStateFinalization@15 (line 301)
                      ; - kotlinx.coroutines.JobSupport::tryFinalizeSimpleState@99 (line 288)
                      ; - kotlinx.coroutines.JobSupport::tryMakeCompleting@45 (line 887)
                      ; - kotlinx.coroutines.JobSupport::makeCompletingOnce$kotlinx_coroutines_core@18 (line 859)
                      ; - kotlinx.coroutines.AbstractCoroutine::resumeWith@5 (line 99)
                      ; - kotlin.coroutines.jvm.internal.BaseContinuationImpl::resumeWith@114 (line 47)
                      ;   {runtime_call UncommonTrapBlob}
  0x000000011b9bea58: 4ae1 d897 

  0x000000011b9bea5c: ;   {other}
  0x000000011b9bea5c: 1f20 03d5 | 9fa9 84f2 | 1f60 85f2 | fd03 10aa | 2104 8012 

  0x000000011b9bea70: ; ImmutableOopMap {rfp=Oop [0]=Oop [8]=Oop [24]=Oop }
                      ;*checkcast {reexecute=0 rethrow=0 return_oop=0}
                      ; - kotlinx.coroutines.internal.LockFreeLinkedListNode::removeOrNext@38 (line 153)
                      ; - kotlinx.coroutines.internal.LockFreeLinkedListNode::remove@1 (line 144)
                      ; - kotlinx.coroutines.JobSupport::removeNode$kotlinx_coroutines_core@71 (line 630)
                      ; - kotlinx.coroutines.JobNode::dispose@5 (line 1475)
                      ; - kotlinx.coroutines.JobSupport::completeStateFinalization@15 (line 301)
                      ; - kotlinx.coroutines.JobSupport::tryFinalizeSimpleState@99 (line 288)
                      ; - kotlinx.coroutines.JobSupport::tryMakeCompleting@45 (line 887)
                      ; - kotlinx.coroutines.JobSupport::makeCompletingOnce$kotlinx_coroutines_core@18 (line 859)
                      ; - kotlinx.coroutines.AbstractCoroutine::resumeWith@5 (line 99)
                      ; - kotlin.coroutines.jvm.internal.BaseContinuationImpl::resumeWith@114 (line 47)
                      ;   {runtime_call UncommonTrapBlob}
  0x000000011b9bea70: 44e1 d897 

  0x000000011b9bea74: ;   {other}
  0x000000011b9bea74: 1f20 03d5 | 9fac 84f2 | 1f80 85f2 | aa03 40b9 | 40f1 7dd3 | 80b3 ffb4 | 8a17 40f9 | f503 0faa 
  0x000000011b9bea94: f403 0caa | 2a32 00b4 | 8b1f 40f9 | 4c21 00d1 | 6a01 0a8b | 4081 1ff8 | 8c17 00f9 | ec03 14aa 
  0x000000011b9beab4: ef03 15aa | 90fd ff17 | fa03 0faa | f903 0caa | f803 10aa | f703 0eaa | f603 0daa | e103 1caa 
  0x000000011b9bead4: e003 10aa | c900 0010 | 89d7 01f9 

  0x000000011b9beae0: ;   {runtime_call G1BarrierSetRuntime::write_ref_field_pre_entry(oopDesc*, JavaThread*)}
  0x000000011b9beae0: 88eb 80d2 | 284c a1f2 | 2800 c0f2 | 0001 3fd6 

  0x000000011b9beaf0: ;   {other}
  0x000000011b9beaf0: 1f20 03d5 | 1f00 80f2 | 1f00 80f2 | f403 15aa | 9dfd ff17 | fd03 0faa | 2104 8012 

  0x000000011b9beb0c: ; ImmutableOopMap {rfp=Oop [0]=Oop [8]=Oop [24]=Oop }
                      ;*checkcast {reexecute=0 rethrow=0 return_oop=0}
                      ; - kotlinx.coroutines.internal.LockFreeLinkedListNode::correctPrev@9 (line 213)
                      ; - kotlinx.coroutines.internal.LockFreeLinkedListNode::removeOrNext@61 (line 156)
                      ; - kotlinx.coroutines.internal.LockFreeLinkedListNode::remove@1 (line 144)
                      ; - kotlinx.coroutines.JobSupport::removeNode$kotlinx_coroutines_core@71 (line 630)
                      ; - kotlinx.coroutines.JobNode::dispose@5 (line 1475)
                      ; - kotlinx.coroutines.JobSupport::completeStateFinalization@15 (line 301)
                      ; - kotlinx.coroutines.JobSupport::tryFinalizeSimpleState@99 (line 288)
                      ; - kotlinx.coroutines.JobSupport::tryMakeCompleting@45 (line 887)
                      ; - kotlinx.coroutines.JobSupport::makeCompletingOnce$kotlinx_coroutines_core@18 (line 859)
                      ; - kotlinx.coroutines.AbstractCoroutine::resumeWith@5 (line 99)
                      ; - kotlin.coroutines.jvm.internal.BaseContinuationImpl::resumeWith@114 (line 47)
                      ;   {runtime_call UncommonTrapBlob}
  0x000000011b9beb0c: 1de1 d897 

  0x000000011b9beb10: ;   {other}
  0x000000011b9beb10: 1f20 03d5 | 1fc0 84f2 | 1fa0 85f2 | 8a2f 40f9 | 8b27 40f9 | bf3b 03d5 | f403 0caa | 0c00 c039 
  0x000000011b9beb30: f503 0faa | 4c02 0034 | 1f00 0039 | cb00 00b4 | 6c21 00d1 | 4a01 0b8b | 4081 1ff8 | 8c27 00f9 
  0x000000011b9beb50: 0b00 0014 | e103 1caa | c900 0010 | 89d7 01f9 

  0x000000011b9beb60: ;   {runtime_call G1BarrierSetRuntime::write_ref_field_post_entry(unsigned char volatile*, JavaThread*)}
  0x000000011b9beb60: 88f0 80d2 | 284c a1f2 | 2800 c0f2 | 0001 3fd6 

  0x000000011b9beb70: ;   {other}
  0x000000011b9beb70: 1f20 03d5 | 1f00 80f2 | 1f00 80f2 | ec03 14aa | ef03 15aa | 6cfd ff17 | 8a17 40f9 | ca28 00b4 
  0x000000011b9beb90: 8b1f 40f9 | 4c21 00d1 | f42f 40f9 | 6a01 0a8b | 5481 1ff8 | f303 0eaa | 8c17 00f9 | ed03 13aa 
  0x000000011b9bebb0: ec03 14aa | cafc ff17 | 8a27 40f9 | 8b2f 40f9 | bf3b 03d5 | 0c00 c039 | 4c9b ff34 | 1f00 0039 
  0x000000011b9bebd0: 8a01 00b5 | e103 1caa | c900 0010 | 89d7 01f9 

  0x000000011b9bebe0: ;   {runtime_call G1BarrierSetRuntime::write_ref_field_post_entry(unsigned char volatile*, JavaThread*)}
  0x000000011b9bebe0: 88f0 80d2 | 284c a1f2 | 2800 c0f2 | 0001 3fd6 

  0x000000011b9bebf0: ;   {other}
  0x000000011b9bebf0: 1f20 03d5 | 1f00 80f2 | 1f00 80f2 | cdfc ff17 | 4c21 00d1 | 6a01 0a8b | 4081 1ff8 | 8c27 00f9 
  0x000000011b9bec10: c8fc ff17 | fd03 0eaa | 2104 8012 

  0x000000011b9bec1c: ; ImmutableOopMap {rfp=Oop [0]=Oop [8]=Oop [24]=Oop }
                      ;*checkcast {reexecute=0 rethrow=0 return_oop=0}
                      ; - kotlinx.coroutines.internal.LockFreeLinkedListNode::correctPrev@123 (line 240)
                      ; - kotlinx.coroutines.internal.LockFreeLinkedListNode::removeOrNext@61 (line 156)
                      ; - kotlinx.coroutines.internal.LockFreeLinkedListNode::remove@1 (line 144)
                      ; - kotlinx.coroutines.JobSupport::removeNode$kotlinx_coroutines_core@71 (line 630)
                      ; - kotlinx.coroutines.JobNode::dispose@5 (line 1475)
                      ; - kotlinx.coroutines.JobSupport::completeStateFinalization@15 (line 301)
                      ; - kotlinx.coroutines.JobSupport::tryFinalizeSimpleState@99 (line 288)
                      ; - kotlinx.coroutines.JobSupport::tryMakeCompleting@45 (line 887)
                      ; - kotlinx.coroutines.JobSupport::makeCompletingOnce$kotlinx_coroutines_core@18 (line 859)
                      ; - kotlinx.coroutines.AbstractCoroutine::resumeWith@5 (line 99)
                      ; - kotlin.coroutines.jvm.internal.BaseContinuationImpl::resumeWith@114 (line 47)
                      ;   {runtime_call UncommonTrapBlob}
  0x000000011b9bec1c: d9e0 d897 

  0x000000011b9bec20: ;   {other}
  0x000000011b9bec20: 1f20 03d5 | 1fe2 84f2 | 1fc0 85f2 | e103 1caa | e02f 40f9 | c900 0010 | 89d7 01f9 

  0x000000011b9bec3c: ;   {runtime_call G1BarrierSetRuntime::write_ref_field_pre_entry(oopDesc*, JavaThread*)}
  0x000000011b9bec3c: 88eb 80d2 | 284c a1f2 | 2800 c0f2 | 0001 3fd6 

  0x000000011b9bec4c: ;   {other}
  0x000000011b9bec4c: 1f20 03d5 | 1f00 80f2 | 1f00 80f2 | 1dfa ff17 | f00b 00f9 | fd03 0daa | 4117 8012 

  0x000000011b9bec68: ; ImmutableOopMap {rfp=Oop [0]=Oop [8]=Oop [16]=Oop [24]=Oop }
                      ;*if_acmpne {reexecute=1 rethrow=0 return_oop=0}
                      ; - (reexecute) kotlinx.coroutines.internal.LockFreeLinkedListNode::removeOrNext@23 (line 152)
                      ; - kotlinx.coroutines.internal.LockFreeLinkedListNode::remove@1 (line 144)
                      ; - kotlinx.coroutines.JobSupport::removeNode$kotlinx_coroutines_core@71 (line 630)
                      ; - kotlinx.coroutines.JobNode::dispose@5 (line 1475)
                      ; - kotlinx.coroutines.JobSupport::completeStateFinalization@15 (line 301)
                      ; - kotlinx.coroutines.JobSupport::tryFinalizeSimpleState@99 (line 288)
                      ; - kotlinx.coroutines.JobSupport::tryMakeCompleting@45 (line 887)
                      ; - kotlinx.coroutines.JobSupport::makeCompletingOnce$kotlinx_coroutines_core@18 (line 859)
                      ; - kotlinx.coroutines.AbstractCoroutine::resumeWith@5 (line 99)
                      ; - kotlin.coroutines.jvm.internal.BaseContinuationImpl::resumeWith@114 (line 47)
                      ;   {runtime_call UncommonTrapBlob}
  0x000000011b9bec68: c6e0 d897 

  0x000000011b9bec6c: ;   {other}
  0x000000011b9bec6c: 1f20 03d5 | 9feb 84f2 | 1fe0 85f2 | fa03 112a | f703 0faa | f603 0daa | f403 0caa | e103 1caa 
  0x000000011b9bec8c: e03b 40f9 | c900 0010 | 89d7 01f9 

  0x000000011b9bec98: ;   {runtime_call G1BarrierSetRuntime::write_ref_field_pre_entry(oopDesc*, JavaThread*)}
  0x000000011b9bec98: 88eb 80d2 | 284c a1f2 | 2800 c0f2 | 0001 3fd6 

  0x000000011b9beca8: ;   {other}
  0x000000011b9beca8: 1f20 03d5 | 1f00 80f2 | 1f00 80f2 | f83b 40f9 | f303 15aa | aefd ff17 | 2104 8012 

  0x000000011b9becc4: ; ImmutableOopMap {[0]=Oop [8]=Oop [24]=Oop [104]=Oop }
                      ;*checkcast {reexecute=0 rethrow=0 return_oop=0}
                      ; - kotlinx.coroutines.internal.LockFreeLinkedListNode::correctPrev@142 (line 245)
                      ; - kotlinx.coroutines.internal.LockFreeLinkedListNode::removeOrNext@61 (line 156)
                      ; - kotlinx.coroutines.internal.LockFreeLinkedListNode::remove@1 (line 144)
                      ; - kotlinx.coroutines.JobSupport::removeNode$kotlinx_coroutines_core@71 (line 630)
                      ; - kotlinx.coroutines.JobNode::dispose@5 (line 1475)
                      ; - kotlinx.coroutines.JobSupport::completeStateFinalization@15 (line 301)
                      ; - kotlinx.coroutines.JobSupport::tryFinalizeSimpleState@99 (line 288)
                      ; - kotlinx.coroutines.JobSupport::tryMakeCompleting@45 (line 887)
                      ; - kotlinx.coroutines.JobSupport::makeCompletingOnce$kotlinx_coroutines_core@18 (line 859)
                      ; - kotlinx.coroutines.AbstractCoroutine::resumeWith@5 (line 99)
                      ; - kotlin.coroutines.jvm.internal.BaseContinuationImpl::resumeWith@114 (line 47)
                      ;   {runtime_call UncommonTrapBlob}
  0x000000011b9becc4: afe0 d897 

  0x000000011b9becc8: ;   {other}
  0x000000011b9becc8: 1f20 03d5 | 1ff7 84f2 | 1f00 86f2 | e007 00f9 | 4117 8012 

  0x000000011b9becdc: ; ImmutableOopMap {rfp=Oop [0]=Oop [8]=Oop }
                      ;*if_acmpne {reexecute=1 rethrow=0 return_oop=0}
                      ; - (reexecute) kotlinx.coroutines.JobSupport::makeCompletingOnce$kotlinx_coroutines_core@29 (line 861)
                      ; - kotlinx.coroutines.AbstractCoroutine::resumeWith@5 (line 99)
                      ; - kotlin.coroutines.jvm.internal.BaseContinuationImpl::resumeWith@114 (line 47)
                      ;   {runtime_call UncommonTrapBlob}
  0x000000011b9becdc: a9e0 d897 

  0x000000011b9bece0: ;   {other}
  0x000000011b9bece0: 1f20 03d5 | 1ffa 84f2 | 1f20 86f2 | ea1b 00a9 | f50b 00f9 | fd03 10aa | 2107 8012 

  0x000000011b9becfc: ; ImmutableOopMap {rfp=Oop [0]=Oop [8]=Oop [16]=Oop }
                      ;*invokeinterface dispose {reexecute=0 rethrow=0 return_oop=0}
                      ; - kotlinx.coroutines.JobSupport::completeStateFinalization@15 (line 301)
                      ; - kotlinx.coroutines.JobSupport::tryFinalizeSimpleState@99 (line 288)
                      ; - kotlinx.coroutines.JobSupport::tryMakeCompleting@45 (line 887)
                      ; - kotlinx.coroutines.JobSupport::makeCompletingOnce$kotlinx_coroutines_core@18 (line 859)
                      ; - kotlinx.coroutines.AbstractCoroutine::resumeWith@5 (line 99)
                      ; - kotlin.coroutines.jvm.internal.BaseContinuationImpl::resumeWith@114 (line 47)
                      ;   {runtime_call UncommonTrapBlob}
  0x000000011b9becfc: a1e0 d897 

  0x000000011b9bed00: ;   {other}
  0x000000011b9bed00: 1f20 03d5 | 1ffe 84f2 | 1f40 86f2 | ea1b 00a9 | fd03 10aa | 2107 8012 

  0x000000011b9bed18: ; ImmutableOopMap {rfp=Oop [0]=Oop [8]=Oop }
                      ;*invokeinterface getList {reexecute=0 rethrow=0 return_oop=0}
                      ; - kotlinx.coroutines.JobSupport::completeStateFinalization@135 (line 316)
                      ; - kotlinx.coroutines.JobSupport::tryFinalizeSimpleState@99 (line 288)
                      ; - kotlinx.coroutines.JobSupport::tryMakeCompleting@45 (line 887)
                      ; - kotlinx.coroutines.JobSupport::makeCompletingOnce$kotlinx_coroutines_core@18 (line 859)
                      ; - kotlinx.coroutines.AbstractCoroutine::resumeWith@5 (line 99)
                      ; - kotlin.coroutines.jvm.internal.BaseContinuationImpl::resumeWith@114 (line 47)
                      ;   {runtime_call UncommonTrapBlob}
  0x000000011b9bed18: 9ae0 d897 

  0x000000011b9bed1c: ;   {other}
  0x000000011b9bed1c: 1f20 03d5 | 9f01 85f2 | 1f60 86f2 | f347 00b9 

  0x000000011b9bed2c: ;   {metadata('kotlinx/coroutines/internal/Removed')}
  0x000000011b9bed2c: 01dd 85d2 | a121 a0f2 | 010e c0f2 

  0x000000011b9bed38: ; ImmutableOopMap {[0]=Oop [40]=Derived_oop_[0] [16]=Derived_oop_[0] [8]=Oop [24]=Oop [64]=NarrowOop [68]=NarrowOop [72]=Oop [80]=Oop [88]=Derived_oop_[80] [96]=Oop [104]=Oop rfp=Derived_oop_[104] }
                      ;*new {reexecute=0 rethrow=0 return_oop=1}
                      ; - kotlinx.coroutines.internal.LockFreeLinkedListNode::removed@15 (line 36)
                      ; - kotlinx.coroutines.internal.LockFreeLinkedListNode::removeOrNext@41 (line 153)
                      ; - kotlinx.coroutines.internal.LockFreeLinkedListNode::remove@1 (line 144)
                      ; - kotlinx.coroutines.JobSupport::removeNode$kotlinx_coroutines_core@71 (line 630)
                      ; - kotlinx.coroutines.JobNode::dispose@5 (line 1475)
                      ; - kotlinx.coroutines.JobSupport::completeStateFinalization@15 (line 301)
                      ; - kotlinx.coroutines.JobSupport::tryFinalizeSimpleState@99 (line 288)
                      ; - kotlinx.coroutines.JobSupport::tryMakeCompleting@45 (line 887)
                      ; - kotlinx.coroutines.JobSupport::makeCompletingOnce$kotlinx_coroutines_core@18 (line 859)
                      ; - kotlinx.coroutines.AbstractCoroutine::resumeWith@5 (line 99)
                      ; - kotlin.coroutines.jvm.internal.BaseContinuationImpl::resumeWith@114 (line 47)
                      ;   {runtime_call _new_instance_Java}
  0x000000011b9bed38: f238 dc97 

  0x000000011b9bed3c: ;   {other}
  0x000000011b9bed3c: 1f20 03d5 | 9f05 85f2 | 1f80 86f2 | ef03 00aa | f347 40b9 | e4fc ff17 | fd03 0baa | 2107 8012 
  0x000000011b9bed5c: ; ImmutableOopMap {rfp=Oop [0]=Oop [8]=Oop [24]=Oop [72]=Oop }
                      ;*invokeinterface getList {reexecute=0 rethrow=0 return_oop=0}
                      ; - kotlinx.coroutines.JobSupport::removeNode$kotlinx_coroutines_core@62 (line 630)
                      ; - kotlinx.coroutines.JobNode::dispose@5 (line 1475)
                      ; - kotlinx.coroutines.JobSupport::completeStateFinalization@15 (line 301)
                      ; - kotlinx.coroutines.JobSupport::tryFinalizeSimpleState@99 (line 288)
                      ; - kotlinx.coroutines.JobSupport::tryMakeCompleting@45 (line 887)
                      ; - kotlinx.coroutines.JobSupport::makeCompletingOnce$kotlinx_coroutines_core@18 (line 859)
                      ; - kotlinx.coroutines.AbstractCoroutine::resumeWith@5 (line 99)
                      ; - kotlin.coroutines.jvm.internal.BaseContinuationImpl::resumeWith@114 (line 47)
                      ;   {runtime_call UncommonTrapBlob}
  0x000000011b9bed5c: 89e0 d897 

  0x000000011b9bed60: ;   {other}
  0x000000011b9bed60: 1f20 03d5 | 1f0a 85f2 | 1fa0 86f2 | ea1b 00a9 | fd03 10aa | 4117 8012 

  0x000000011b9bed78: ; ImmutableOopMap {rfp=Oop [0]=Oop [8]=Oop }
                      ;*ifeq {reexecute=1 rethrow=0 return_oop=0}
                      ; - (reexecute) kotlinx.coroutines.JobSupportKt::boxIncomplete@4 (line 1394)
                      ; - kotlinx.coroutines.JobSupport::tryFinalizeSimpleState@75 (line 285)
                      ; - kotlinx.coroutines.JobSupport::tryMakeCompleting@45 (line 887)
                      ; - kotlinx.coroutines.JobSupport::makeCompletingOnce$kotlinx_coroutines_core@18 (line 859)
                      ; - kotlinx.coroutines.AbstractCoroutine::resumeWith@5 (line 99)
                      ; - kotlin.coroutines.jvm.internal.BaseContinuationImpl::resumeWith@114 (line 47)
                      ;   {runtime_call UncommonTrapBlob}
  0x000000011b9bed78: 82e0 d897 

  0x000000011b9bed7c: ;   {other}
  0x000000011b9bed7c: 1f20 03d5 | 9f0d 85f2 | 1fc0 86f2 | fd03 06aa | e003 06aa | fa03 11aa | f303 10aa | f903 0faa 
  0x000000011b9bed9c: f603 15aa | f503 0eaa | f803 0daa | f703 0caa | fb03 0b2a | f403 0aaa | e103 1caa | c900 0010 
  0x000000011b9bedbc: 89d7 01f9 

  0x000000011b9bedc0: ;   {runtime_call G1BarrierSetRuntime::write_ref_field_pre_entry(oopDesc*, JavaThread*)}
  0x000000011b9bedc0: 88eb 80d2 | 284c a1f2 | 2800 c0f2 | 0001 3fd6 

  0x000000011b9bedd0: ;   {other}
  0x000000011b9bedd0: 1f20 03d5 | 1f00 80f2 | 1f00 80f2 | ee03 15aa | f003 13aa | ea03 14aa | f503 16aa | ec03 17aa 
  0x000000011b9bedf0: ed03 18aa | ef03 19aa | f103 1aaa | eb03 1b2a | e603 1daa | 50fa ff17 | e103 1caa | e003 0baa 
  0x000000011b9bee10: c900 0010 | 89d7 01f9 

  0x000000011b9bee18: ;   {runtime_call G1BarrierSetRuntime::write_ref_field_pre_entry(oopDesc*, JavaThread*)}
  0x000000011b9bee18: 88eb 80d2 | 284c a1f2 | 2800 c0f2 | 0001 3fd6 

  0x000000011b9bee28: ;   {other}
  0x000000011b9bee28: 1f20 03d5 | 1f00 80f2 | 1f00 80f2 | 81fa ff17 | fb03 06aa | fa03 11aa | f303 10aa | f903 0faa 
  0x000000011b9bee48: f603 15aa | f503 0eaa | f803 0daa | f703 0caa | fd03 0b2a | f403 0aaa | e103 1caa | c900 0010 
  0x000000011b9bee68: 89d7 01f9 

  0x000000011b9bee6c: ;   {runtime_call G1BarrierSetRuntime::write_ref_field_pre_entry(oopDesc*, JavaThread*)}
  0x000000011b9bee6c: 88eb 80d2 | 284c a1f2 | 2800 c0f2 | 0001 3fd6 

  0x000000011b9bee7c: ;   {other}
  0x000000011b9bee7c: 1f20 03d5 | 1f00 80f2 | 1f00 80f2 | ee03 15aa | f003 13aa | ea03 14aa | f503 16aa | ec03 17aa 
  0x000000011b9bee9c: ed03 18aa | ef03 19aa | f103 1aaa | eb03 1d2a | e603 1baa | 81fa ff17 | f02b 00a9 | 4117 8012 
  0x000000011b9beebc: ; ImmutableOopMap {[0]=Oop [8]=Oop }
                      ;*ifne {reexecute=1 rethrow=0 return_oop=0}
                      ; - (reexecute) kotlinx.coroutines.JobSupport::tryFinalizeSimpleState@81 (line 285)
                      ; - kotlinx.coroutines.JobSupport::tryMakeCompleting@45 (line 887)
                      ; - kotlinx.coroutines.JobSupport::makeCompletingOnce$kotlinx_coroutines_core@18 (line 859)
                      ; - kotlinx.coroutines.AbstractCoroutine::resumeWith@5 (line 99)
                      ; - kotlin.coroutines.jvm.internal.BaseContinuationImpl::resumeWith@114 (line 47)
                      ;   {runtime_call UncommonTrapBlob}
  0x000000011b9beebc: 31e0 d897 

  0x000000011b9beec0: ;   {other}
  0x000000011b9beec0: 1f20 03d5 | 1f36 85f2 | 1fe0 86f2 | fd03 10aa | ea2b 00a9 | 81ff ff17 | ea1b 00a9 | e303 01a9 
  0x000000011b9beee0: fd03 10aa | 4117 8012 

  0x000000011b9beee8: ; ImmutableOopMap {rfp=Oop [0]=Oop [8]=Oop [16]=Oop [24]=Oop }
                      ;*ifnull {reexecute=1 rethrow=0 return_oop=0}
                      ; - (reexecute) kotlinx.coroutines.JobNode::getJob@5 (line 1464)
                      ; - kotlinx.coroutines.JobNode::dispose@1 (line 1475)
                      ; - kotlinx.coroutines.JobSupport::completeStateFinalization@15 (line 301)
                      ; - kotlinx.coroutines.JobSupport::tryFinalizeSimpleState@99 (line 288)
                      ; - kotlinx.coroutines.JobSupport::tryMakeCompleting@45 (line 887)
                      ; - kotlinx.coroutines.JobSupport::makeCompletingOnce$kotlinx_coroutines_core@18 (line 859)
                      ; - kotlinx.coroutines.AbstractCoroutine::resumeWith@5 (line 99)
                      ; - kotlin.coroutines.jvm.internal.BaseContinuationImpl::resumeWith@114 (line 47)
                      ;   {runtime_call UncommonTrapBlob}
  0x000000011b9beee8: 26e0 d897 

  0x000000011b9beeec: ;   {other}
  0x000000011b9beeec: 1f20 03d5 | 9f3b 85f2 | 1f00 87f2 | ea0b 00f9 | fd03 03aa | 4117 8012 

  0x000000011b9bef04: ; ImmutableOopMap {rfp=Oop [0]=Oop [8]=Oop [16]=Oop [72]=Oop }
                      ;*if_acmpeq {reexecute=1 rethrow=0 return_oop=0}
                      ; - (reexecute) kotlinx.coroutines.JobSupport::removeNode$kotlinx_coroutines_core@29 (line 624)
                      ; - kotlinx.coroutines.JobNode::dispose@5 (line 1475)
                      ; - kotlinx.coroutines.JobSupport::completeStateFinalization@15 (line 301)
                      ; - kotlinx.coroutines.JobSupport::tryFinalizeSimpleState@99 (line 288)
                      ; - kotlinx.coroutines.JobSupport::tryMakeCompleting@45 (line 887)
                      ; - kotlinx.coroutines.JobSupport::makeCompletingOnce$kotlinx_coroutines_core@18 (line 859)
                      ; - kotlinx.coroutines.AbstractCoroutine::resumeWith@5 (line 99)
                      ; - kotlin.coroutines.jvm.internal.BaseContinuationImpl::resumeWith@114 (line 47)
                      ;   {runtime_call UncommonTrapBlob}
  0x000000011b9bef04: 1fe0 d897 

  0x000000011b9bef08: ;   {other}
  0x000000011b9bef08: 1f20 03d5 | 1f3f 85f2 | 1f20 87f2 | 4117 8012 

  0x000000011b9bef18: ; ImmutableOopMap {[0]=Oop [8]=Oop [72]=Oop [80]=Oop [88]=Oop }
                      ;*ifeq {reexecute=1 rethrow=0 return_oop=0}
                      ; - (reexecute) kotlinx.coroutines.JobSupport::removeNode$kotlinx_coroutines_core@45 (line 626)
                      ; - kotlinx.coroutines.JobNode::dispose@5 (line 1475)
                      ; - kotlinx.coroutines.JobSupport::completeStateFinalization@15 (line 301)
                      ; - kotlinx.coroutines.JobSupport::tryFinalizeSimpleState@99 (line 288)
                      ; - kotlinx.coroutines.JobSupport::tryMakeCompleting@45 (line 887)
                      ; - kotlinx.coroutines.JobSupport::makeCompletingOnce$kotlinx_coroutines_core@18 (line 859)
                      ; - kotlinx.coroutines.AbstractCoroutine::resumeWith@5 (line 99)
                      ; - kotlin.coroutines.jvm.internal.BaseContinuationImpl::resumeWith@114 (line 47)
                      ;   {runtime_call UncommonTrapBlob}
  0x000000011b9bef18: 1ae0 d897 

  0x000000011b9bef1c: ;   {other}
  0x000000011b9bef1c: 1f20 03d5 | 9f41 85f2 | 1f40 87f2 | 2104 8012 

  0x000000011b9bef2c: ; ImmutableOopMap {rfp=Oop [0]=Oop [8]=Oop [16]=Oop }
                      ;*checkcast {reexecute=0 rethrow=0 return_oop=0}
                      ; - kotlinx.coroutines.JobSupport::getParentHandle$kotlinx_coroutines_core@7 (line 129)
                      ; - kotlinx.coroutines.JobSupport::completeStateFinalization@1 (line 300)
                      ; - kotlinx.coroutines.JobSupport::tryFinalizeSimpleState@99 (line 288)
                      ; - kotlinx.coroutines.JobSupport::tryMakeCompleting@45 (line 887)
                      ; - kotlinx.coroutines.JobSupport::makeCompletingOnce$kotlinx_coroutines_core@18 (line 859)
                      ; - kotlinx.coroutines.AbstractCoroutine::resumeWith@5 (line 99)
                      ; - kotlin.coroutines.jvm.internal.BaseContinuationImpl::resumeWith@114 (line 47)
                      ;   {runtime_call UncommonTrapBlob}
  0x000000011b9bef2c: 15e0 d897 

  0x000000011b9bef30: ;   {other}
  0x000000011b9bef30: 1f20 03d5 | 1f44 85f2 | 1f60 87f2 | fd03 0faa | 4117 8012 

  0x000000011b9bef44: ; ImmutableOopMap {rfp=Oop [0]=Oop [8]=Oop [72]=Oop }
                      ;*ifeq {reexecute=1 rethrow=0 return_oop=0}
                      ; - (reexecute) kotlinx.coroutines.internal.LockFreeLinkedListNode::removeOrNext@10 (line 151)
                      ; - kotlinx.coroutines.internal.LockFreeLinkedListNode::remove@1 (line 144)
                      ; - kotlinx.coroutines.JobSupport::removeNode$kotlinx_coroutines_core@71 (line 630)
                      ; - kotlinx.coroutines.JobNode::dispose@5 (line 1475)
                      ; - kotlinx.coroutines.JobSupport::completeStateFinalization@15 (line 301)
                      ; - kotlinx.coroutines.JobSupport::tryFinalizeSimpleState@99 (line 288)
                      ; - kotlinx.coroutines.JobSupport::tryMakeCompleting@45 (line 887)
                      ; - kotlinx.coroutines.JobSupport::makeCompletingOnce$kotlinx_coroutines_core@18 (line 859)
                      ; - kotlinx.coroutines.AbstractCoroutine::resumeWith@5 (line 99)
                      ; - kotlin.coroutines.jvm.internal.BaseContinuationImpl::resumeWith@114 (line 47)
                      ;   {runtime_call UncommonTrapBlob}
  0x000000011b9bef44: 0fe0 d897 

  0x000000011b9bef48: ;   {other}
  0x000000011b9bef48: 1f20 03d5 | 1f47 85f2 | 1f80 87f2 | fd03 0eaa | 2104 8012 

  0x000000011b9bef5c: ; ImmutableOopMap {rfp=Oop [0]=Oop [8]=Oop [24]=Oop }
                      ;*checkcast {reexecute=0 rethrow=0 return_oop=0}
                      ; - kotlinx.coroutines.internal.LockFreeLinkedListNode::correctPrev@9 (line 213)
                      ; - kotlinx.coroutines.internal.LockFreeLinkedListNode::removeOrNext@61 (line 156)
                      ; - kotlinx.coroutines.internal.LockFreeLinkedListNode::remove@1 (line 144)
                      ; - kotlinx.coroutines.JobSupport::removeNode$kotlinx_coroutines_core@71 (line 630)
                      ; - kotlinx.coroutines.JobNode::dispose@5 (line 1475)
                      ; - kotlinx.coroutines.JobSupport::completeStateFinalization@15 (line 301)
                      ; - kotlinx.coroutines.JobSupport::tryFinalizeSimpleState@99 (line 288)
                      ; - kotlinx.coroutines.JobSupport::tryMakeCompleting@45 (line 887)
                      ; - kotlinx.coroutines.JobSupport::makeCompletingOnce$kotlinx_coroutines_core@18 (line 859)
                      ; - kotlinx.coroutines.AbstractCoroutine::resumeWith@5 (line 99)
                      ; - kotlin.coroutines.jvm.internal.BaseContinuationImpl::resumeWith@114 (line 47)
                      ;   {runtime_call UncommonTrapBlob}
  0x000000011b9bef5c: 09e0 d897 

  0x000000011b9bef60: ;   {other}
  0x000000011b9bef60: 1f20 03d5 | 1f4a 85f2 | 1fa0 87f2 | fd03 0faa | 2104 8012 

  0x000000011b9bef74: ; ImmutableOopMap {rfp=Oop [0]=Oop [8]=Oop [72]=Oop }
                      ;*checkcast {reexecute=0 rethrow=0 return_oop=0}
                      ; - kotlinx.coroutines.internal.LockFreeLinkedListNode::removeOrNext@38 (line 153)
                      ; - kotlinx.coroutines.internal.LockFreeLinkedListNode::remove@1 (line 144)
                      ; - kotlinx.coroutines.JobSupport::removeNode$kotlinx_coroutines_core@71 (line 630)
                      ; - kotlinx.coroutines.JobNode::dispose@5 (line 1475)
                      ; - kotlinx.coroutines.JobSupport::completeStateFinalization@15 (line 301)
                      ; - kotlinx.coroutines.JobSupport::tryFinalizeSimpleState@99 (line 288)
                      ; - kotlinx.coroutines.JobSupport::tryMakeCompleting@45 (line 887)
                      ; - kotlinx.coroutines.JobSupport::makeCompletingOnce$kotlinx_coroutines_core@18 (line 859)
                      ; - kotlinx.coroutines.AbstractCoroutine::resumeWith@5 (line 99)
                      ; - kotlin.coroutines.jvm.internal.BaseContinuationImpl::resumeWith@114 (line 47)
                      ;   {runtime_call UncommonTrapBlob}
  0x000000011b9bef74: 03e0 d897 

  0x000000011b9bef78: ;   {other}
  0x000000011b9bef78: 1f20 03d5 | 1f4d 85f2 | 1fc0 87f2 | ab03 40b9 | 60f1 7dd3 | a0ca ffb4 | 8a17 40f9 | ca10 00b4 
  0x000000011b9bef98: 8b1f 40f9 | 4c21 00d1 | 6a01 0a8b | 4081 1ff8 | 8c17 00f9 | 4dfe ff17 | f303 0caa | e103 1caa 
  0x000000011b9befb8: e033 40f9 | c900 0010 | 89d7 01f9 

  0x000000011b9befc4: ;   {runtime_call G1BarrierSetRuntime::write_ref_field_pre_entry(oopDesc*, JavaThread*)}
  0x000000011b9befc4: 88eb 80d2 | 284c a1f2 | 2800 c0f2 | 0001 3fd6 

  0x000000011b9befd4: ;   {other}
  0x000000011b9befd4: 1f20 03d5 | 1f00 80f2 | 1f00 80f2 | 5bfe ff17 | fd03 0eaa | 2104 8012 

  0x000000011b9befec: ; ImmutableOopMap {rfp=Oop [0]=Oop [8]=Oop [72]=Oop }
                      ;*checkcast {reexecute=0 rethrow=0 return_oop=0}
                      ; - kotlinx.coroutines.internal.LockFreeLinkedListNode::correctPrev@9 (line 213)
                      ; - kotlinx.coroutines.internal.LockFreeLinkedListNode::removeOrNext@61 (line 156)
                      ; - kotlinx.coroutines.internal.LockFreeLinkedListNode::remove@1 (line 144)
                      ; - kotlinx.coroutines.JobSupport::removeNode$kotlinx_coroutines_core@71 (line 630)
                      ; - kotlinx.coroutines.JobNode::dispose@5 (line 1475)
                      ; - kotlinx.coroutines.JobSupport::completeStateFinalization@15 (line 301)
                      ; - kotlinx.coroutines.JobSupport::tryFinalizeSimpleState@99 (line 288)
                      ; - kotlinx.coroutines.JobSupport::tryMakeCompleting@45 (line 887)
                      ; - kotlinx.coroutines.JobSupport::makeCompletingOnce$kotlinx_coroutines_core@18 (line 859)
                      ; - kotlinx.coroutines.AbstractCoroutine::resumeWith@5 (line 99)
                      ; - kotlin.coroutines.jvm.internal.BaseContinuationImpl::resumeWith@114 (line 47)
                      ;   {runtime_call UncommonTrapBlob}
  0x000000011b9befec: e5df d897 

  0x000000011b9beff0: ;   {other}
  0x000000011b9beff0: 1f20 03d5 | 1f5c 85f2 | 1fe0 87f2 | 8a2f 40f9 | 8b27 40f9 | bf3b 03d5 | 0d00 c039 | adc8 ff34 
  0x000000011b9bf010: 1f00 0039 | 8b01 00b5 | e103 1caa | c900 0010 | 89d7 01f9 

  0x000000011b9bf024: ;   {runtime_call G1BarrierSetRuntime::write_ref_field_post_entry(unsigned char volatile*, JavaThread*)}
  0x000000011b9bf024: 88f0 80d2 | 284c a1f2 | 2800 c0f2 | 0001 3fd6 

  0x000000011b9bf034: ;   {other}
  0x000000011b9bf034: 1f20 03d5 | 1f00 80f2 | 1f00 80f2 | 38fe ff17 | 6c21 00d1 | 4a01 0b8b | 4081 1ff8 | 8c27 00f9 
  0x000000011b9bf054: 33fe ff17 | e103 1caa | e003 1daa | c900 0010 | 89d7 01f9 

  0x000000011b9bf068: ;   {runtime_call G1BarrierSetRuntime::write_ref_field_pre_entry(oopDesc*, JavaThread*)}
  0x000000011b9bf068: 88eb 80d2 | 284c a1f2 | 2800 c0f2 | 0001 3fd6 

  0x000000011b9bf078: ;   {other}
  0x000000011b9bf078: 1f20 03d5 | 1f00 80f2 | 1f00 80f2 | d6fb ff17 | ef0b 00f9 | fd03 0daa | 4117 8012 

  0x000000011b9bf094: ; ImmutableOopMap {rfp=Oop [0]=Oop [8]=Oop [16]=Oop [72]=Oop }
                      ;*if_acmpne {reexecute=1 rethrow=0 return_oop=0}
                      ; - (reexecute) kotlinx.coroutines.internal.LockFreeLinkedListNode::removeOrNext@23 (line 152)
                      ; - kotlinx.coroutines.internal.LockFreeLinkedListNode::remove@1 (line 144)
                      ; - kotlinx.coroutines.JobSupport::removeNode$kotlinx_coroutines_core@71 (line 630)
                      ; - kotlinx.coroutines.JobNode::dispose@5 (line 1475)
                      ; - kotlinx.coroutines.JobSupport::completeStateFinalization@15 (line 301)
                      ; - kotlinx.coroutines.JobSupport::tryFinalizeSimpleState@99 (line 288)
                      ; - kotlinx.coroutines.JobSupport::tryMakeCompleting@45 (line 887)
                      ; - kotlinx.coroutines.JobSupport::makeCompletingOnce$kotlinx_coroutines_core@18 (line 859)
                      ; - kotlinx.coroutines.AbstractCoroutine::resumeWith@5 (line 99)
                      ; - kotlin.coroutines.jvm.internal.BaseContinuationImpl::resumeWith@114 (line 47)
                      ;   {runtime_call UncommonTrapBlob}
  0x000000011b9bf094: bbdf d897 

  0x000000011b9bf098: ;   {other}
  0x000000011b9bf098: 1f20 03d5 | 1f71 85f2 | 1f00 88f2 | f303 0eaa | e103 1caa | e02f 40f9 | c900 0010 | 89d7 01f9 
  0x000000011b9bf0b8: ;   {runtime_call G1BarrierSetRuntime::write_ref_field_pre_entry(oopDesc*, JavaThread*)}
  0x000000011b9bf0b8: 88eb 80d2 | 284c a1f2 | 2800 c0f2 | 0001 3fd6 

  0x000000011b9bf0c8: ;   {other}
  0x000000011b9bf0c8: 1f20 03d5 | 1f00 80f2 | 1f00 80f2 | f42f 40f9 | b5fe ff17 | e103 1caa | c900 0010 | 89d7 01f9 
  0x000000011b9bf0e8: ;   {runtime_call G1BarrierSetRuntime::write_ref_field_pre_entry(oopDesc*, JavaThread*)}
  0x000000011b9bf0e8: 88eb 80d2 | 284c a1f2 | 2800 c0f2 | 0001 3fd6 

  0x000000011b9bf0f8: ;   {other}
  0x000000011b9bf0f8: 1f20 03d5 | 1f00 80f2 | 1f00 80f2 | 6bfe ff17 | 2104 8012 

  0x000000011b9bf10c: ; ImmutableOopMap {[0]=Oop [8]=Oop [72]=Oop [80]=Oop }
                      ;*checkcast {reexecute=0 rethrow=0 return_oop=0}
                      ; - kotlinx.coroutines.internal.LockFreeLinkedListNode::correctPrev@142 (line 245)
                      ; - kotlinx.coroutines.internal.LockFreeLinkedListNode::removeOrNext@61 (line 156)
                      ; - kotlinx.coroutines.internal.LockFreeLinkedListNode::remove@1 (line 144)
                      ; - kotlinx.coroutines.JobSupport::removeNode$kotlinx_coroutines_core@71 (line 630)
                      ; - kotlinx.coroutines.JobNode::dispose@5 (line 1475)
                      ; - kotlinx.coroutines.JobSupport::completeStateFinalization@15 (line 301)
                      ; - kotlinx.coroutines.JobSupport::tryFinalizeSimpleState@99 (line 288)
                      ; - kotlinx.coroutines.JobSupport::tryMakeCompleting@45 (line 887)
                      ; - kotlinx.coroutines.JobSupport::makeCompletingOnce$kotlinx_coroutines_core@18 (line 859)
                      ; - kotlinx.coroutines.AbstractCoroutine::resumeWith@5 (line 99)
                      ; - kotlin.coroutines.jvm.internal.BaseContinuationImpl::resumeWith@114 (line 47)
                      ;   {runtime_call UncommonTrapBlob}
  0x000000011b9bf10c: 9ddf d897 

  0x000000011b9bf110: ;   {other}
  0x000000011b9bf110: 1f20 03d5 | 1f80 85f2 | 1f20 88f2 | ea1b 00a9 | fd03 10aa | 2107 8012 

  0x000000011b9bf128: ; ImmutableOopMap {rfp=Oop [0]=Oop [8]=Oop }
                      ;*invokeinterface getList {reexecute=0 rethrow=0 return_oop=0}
                      ; - kotlinx.coroutines.JobSupport::completeStateFinalization@135 (line 316)
                      ; - kotlinx.coroutines.JobSupport::tryFinalizeSimpleState@99 (line 288)
                      ; - kotlinx.coroutines.JobSupport::tryMakeCompleting@45 (line 887)
                      ; - kotlinx.coroutines.JobSupport::makeCompletingOnce$kotlinx_coroutines_core@18 (line 859)
                      ; - kotlinx.coroutines.AbstractCoroutine::resumeWith@5 (line 99)
                      ; - kotlin.coroutines.jvm.internal.BaseContinuationImpl::resumeWith@114 (line 47)
                      ;   {runtime_call UncommonTrapBlob}
  0x000000011b9bf128: 96df d897 

  0x000000011b9bf12c: ;   {other}
  0x000000011b9bf12c: 1f20 03d5 | 9f83 85f2 | 1f40 88f2 | f447 00b9 

  0x000000011b9bf13c: ;   {metadata('kotlinx/coroutines/internal/Removed')}
  0x000000011b9bf13c: 01dd 85d2 | a121 a0f2 | 010e c0f2 

  0x000000011b9bf148: ; ImmutableOopMap {[0]=Oop [40]=Derived_oop_[0] [16]=Derived_oop_[0] [8]=Oop [24]=Oop [64]=NarrowOop [68]=NarrowOop [72]=Oop [80]=Oop [88]=Derived_oop_[80] [96]=Oop [104]=Oop rfp=Derived_oop_[104] }
                      ;*new {reexecute=0 rethrow=0 return_oop=1}
                      ; - kotlinx.coroutines.internal.LockFreeLinkedListNode::removed@15 (line 36)
                      ; - kotlinx.coroutines.internal.LockFreeLinkedListNode::removeOrNext@41 (line 153)
                      ; - kotlinx.coroutines.internal.LockFreeLinkedListNode::remove@1 (line 144)
                      ; - kotlinx.coroutines.JobSupport::removeNode$kotlinx_coroutines_core@71 (line 630)
                      ; - kotlinx.coroutines.JobNode::dispose@5 (line 1475)
                      ; - kotlinx.coroutines.JobSupport::completeStateFinalization@15 (line 301)
                      ; - kotlinx.coroutines.JobSupport::tryFinalizeSimpleState@99 (line 288)
                      ; - kotlinx.coroutines.JobSupport::tryMakeCompleting@45 (line 887)
                      ; - kotlinx.coroutines.JobSupport::makeCompletingOnce$kotlinx_coroutines_core@18 (line 859)
                      ; - kotlinx.coroutines.AbstractCoroutine::resumeWith@5 (line 99)
                      ; - kotlin.coroutines.jvm.internal.BaseContinuationImpl::resumeWith@114 (line 47)
                      ;   {runtime_call _new_instance_Java}
  0x000000011b9bf148: ee37 dc97 

  0x000000011b9bf14c: ;   {other}
  0x000000011b9bf14c: 1f20 03d5 | 9f87 85f2 | 1f60 88f2 | ea03 00aa | f447 40b9 | d9fd ff17 | fd03 0caa | 2107 8012 
  0x000000011b9bf16c: ; ImmutableOopMap {rfp=Oop [0]=Oop [8]=Oop [72]=Oop [80]=Oop }
                      ;*invokeinterface getList {reexecute=0 rethrow=0 return_oop=0}
                      ; - kotlinx.coroutines.JobSupport::removeNode$kotlinx_coroutines_core@62 (line 630)
                      ; - kotlinx.coroutines.JobNode::dispose@5 (line 1475)
                      ; - kotlinx.coroutines.JobSupport::completeStateFinalization@15 (line 301)
                      ; - kotlinx.coroutines.JobSupport::tryFinalizeSimpleState@99 (line 288)
                      ; - kotlinx.coroutines.JobSupport::tryMakeCompleting@45 (line 887)
                      ; - kotlinx.coroutines.JobSupport::makeCompletingOnce$kotlinx_coroutines_core@18 (line 859)
                      ; - kotlinx.coroutines.AbstractCoroutine::resumeWith@5 (line 99)
                      ; - kotlin.coroutines.jvm.internal.BaseContinuationImpl::resumeWith@114 (line 47)
                      ;   {runtime_call UncommonTrapBlob}
  0x000000011b9bf16c: 85df d897 

  0x000000011b9bf170: ;   {other}
  0x000000011b9bf170: 1f20 03d5 | 1f8c 85f2 | 1f80 88f2 | fd03 0daa | 2104 8012 

  0x000000011b9bf184: ; ImmutableOopMap {rfp=Oop [0]=Oop [8]=Oop [72]=Oop }
                      ;*checkcast {reexecute=0 rethrow=0 return_oop=0}
                      ; - kotlinx.coroutines.internal.LockFreeLinkedListNode::correctPrev@9 (line 213)
                      ; - kotlinx.coroutines.internal.LockFreeLinkedListNode::removeOrNext@61 (line 156)
                      ; - kotlinx.coroutines.internal.LockFreeLinkedListNode::remove@1 (line 144)
                      ; - kotlinx.coroutines.JobSupport::removeNode$kotlinx_coroutines_core@71 (line 630)
                      ; - kotlinx.coroutines.JobNode::dispose@5 (line 1475)
                      ; - kotlinx.coroutines.JobSupport::completeStateFinalization@15 (line 301)
                      ; - kotlinx.coroutines.JobSupport::tryFinalizeSimpleState@99 (line 288)
                      ; - kotlinx.coroutines.JobSupport::tryMakeCompleting@45 (line 887)
                      ; - kotlinx.coroutines.JobSupport::makeCompletingOnce$kotlinx_coroutines_core@18 (line 859)
                      ; - kotlinx.coroutines.AbstractCoroutine::resumeWith@5 (line 99)
                      ; - kotlin.coroutines.jvm.internal.BaseContinuationImpl::resumeWith@114 (line 47)
                      ;   {runtime_call UncommonTrapBlob}
  0x000000011b9bf184: 7fdf d897 

  0x000000011b9bf188: ;   {other}
  0x000000011b9bf188: 1f20 03d5 | 1f8f 85f2 | 1fa0 88f2 | fd03 0faa | 4117 8012 

  0x000000011b9bf19c: ; ImmutableOopMap {rfp=Oop [0]=Oop [8]=Oop [72]=Oop }
                      ;*ifeq {reexecute=1 rethrow=0 return_oop=0}
                      ; - (reexecute) kotlinx.coroutines.internal.LockFreeLinkedListNode::removeOrNext@10 (line 151)
                      ; - kotlinx.coroutines.internal.LockFreeLinkedListNode::remove@1 (line 144)
                      ; - kotlinx.coroutines.JobSupport::removeNode$kotlinx_coroutines_core@71 (line 630)
                      ; - kotlinx.coroutines.JobNode::dispose@5 (line 1475)
                      ; - kotlinx.coroutines.JobSupport::completeStateFinalization@15 (line 301)
                      ; - kotlinx.coroutines.JobSupport::tryFinalizeSimpleState@99 (line 288)
                      ; - kotlinx.coroutines.JobSupport::tryMakeCompleting@45 (line 887)
                      ; - kotlinx.coroutines.JobSupport::makeCompletingOnce$kotlinx_coroutines_core@18 (line 859)
                      ; - kotlinx.coroutines.AbstractCoroutine::resumeWith@5 (line 99)
                      ; - kotlin.coroutines.jvm.internal.BaseContinuationImpl::resumeWith@114 (line 47)
                      ;   {runtime_call UncommonTrapBlob}
  0x000000011b9bf19c: 79df d897 

  0x000000011b9bf1a0: ;   {other}
  0x000000011b9bf1a0: 1f20 03d5 | 1f92 85f2 | 1fc0 88f2 | e103 1caa | c900 0010 | 89d7 01f9 

  0x000000011b9bf1b8: ;   {runtime_call G1BarrierSetRuntime::write_ref_field_pre_entry(oopDesc*, JavaThread*)}
  0x000000011b9bf1b8: 88eb 80d2 | 284c a1f2 | 2800 c0f2 | 0001 3fd6 

  0x000000011b9bf1c8: ;   {other}
  0x000000011b9bf1c8: 1f20 03d5 | 1f00 80f2 | 1f00 80f2 | c3fd ff17 | 2104 8012 

  0x000000011b9bf1dc: ; ImmutableOopMap {rfp=Oop [0]=Oop [8]=Oop [72]=Oop [80]=Oop [88]=Oop [96]=Oop [104]=Oop }
                      ;*checkcast {reexecute=0 rethrow=0 return_oop=0}
                      ; - kotlinx.coroutines.internal.LockFreeLinkedListNode::correctPrev@90 (line 234)
                      ; - kotlinx.coroutines.internal.LockFreeLinkedListNode::removeOrNext@61 (line 156)
                      ; - kotlinx.coroutines.internal.LockFreeLinkedListNode::remove@1 (line 144)
                      ; - kotlinx.coroutines.JobSupport::removeNode$kotlinx_coroutines_core@71 (line 630)
                      ; - kotlinx.coroutines.JobNode::dispose@5 (line 1475)
                      ; - kotlinx.coroutines.JobSupport::completeStateFinalization@15 (line 301)
                      ; - kotlinx.coroutines.JobSupport::tryFinalizeSimpleState@99 (line 288)
                      ; - kotlinx.coroutines.JobSupport::tryMakeCompleting@45 (line 887)
                      ; - kotlinx.coroutines.JobSupport::makeCompletingOnce$kotlinx_coroutines_core@18 (line 859)
                      ; - kotlinx.coroutines.AbstractCoroutine::resumeWith@5 (line 99)
                      ; - kotlin.coroutines.jvm.internal.BaseContinuationImpl::resumeWith@114 (line 47)
                      ;   {runtime_call UncommonTrapBlob}
  0x000000011b9bf1dc: 69df d897 

  0x000000011b9bf1e0: ;   {other}
  0x000000011b9bf1e0: 1f20 03d5 | 1f9a 85f2 | 1fe0 88f2 | 2104 8012 

  0x000000011b9bf1f0: ; ImmutableOopMap {[0]=Oop [8]=Oop [24]=Oop [72]=Oop [88]=Oop [96]=Oop [104]=Oop [112]=Oop }
                      ;*checkcast {reexecute=0 rethrow=0 return_oop=0}
                      ; - kotlinx.coroutines.internal.LockFreeLinkedListNode::correctPrev@90 (line 234)
                      ; - kotlinx.coroutines.internal.LockFreeLinkedListNode::removeOrNext@61 (line 156)
                      ; - kotlinx.coroutines.internal.LockFreeLinkedListNode::remove@1 (line 144)
                      ; - kotlinx.coroutines.JobSupport::removeNode$kotlinx_coroutines_core@71 (line 630)
                      ; - kotlinx.coroutines.JobNode::dispose@5 (line 1475)
                      ; - kotlinx.coroutines.JobSupport::completeStateFinalization@15 (line 301)
                      ; - kotlinx.coroutines.JobSupport::tryFinalizeSimpleState@99 (line 288)
                      ; - kotlinx.coroutines.JobSupport::tryMakeCompleting@45 (line 887)
                      ; - kotlinx.coroutines.JobSupport::makeCompletingOnce$kotlinx_coroutines_core@18 (line 859)
                      ; - kotlinx.coroutines.AbstractCoroutine::resumeWith@5 (line 99)
                      ; - kotlin.coroutines.jvm.internal.BaseContinuationImpl::resumeWith@114 (line 47)
                      ;   {runtime_call UncommonTrapBlob}
  0x000000011b9bf1f0: 64df d897 

  0x000000011b9bf1f4: ;   {other}
  0x000000011b9bf1f4: 1f20 03d5 | 9f9c 85f2 | 1f00 89f2 | f00b 00f9 | ec3f 02a9 | fd03 0daa | 2104 8012 

  0x000000011b9bf210: ; ImmutableOopMap {rfp=Oop [0]=Oop [8]=Oop [16]=Oop [24]=Oop [32]=Oop [40]=Oop }
                      ;*checkcast {reexecute=0 rethrow=0 return_oop=0}
                      ; - kotlinx.coroutines.internal.LockFreeLinkedListNode::removed@7 (line 36)
                      ; - kotlinx.coroutines.internal.LockFreeLinkedListNode::removeOrNext@41 (line 153)
                      ; - kotlinx.coroutines.internal.LockFreeLinkedListNode::remove@1 (line 144)
                      ; - kotlinx.coroutines.JobSupport::removeNode$kotlinx_coroutines_core@71 (line 630)
                      ; - kotlinx.coroutines.JobNode::dispose@5 (line 1475)
                      ; - kotlinx.coroutines.JobSupport::completeStateFinalization@15 (line 301)
                      ; - kotlinx.coroutines.JobSupport::tryFinalizeSimpleState@99 (line 288)
                      ; - kotlinx.coroutines.JobSupport::tryMakeCompleting@45 (line 887)
                      ; - kotlinx.coroutines.JobSupport::makeCompletingOnce$kotlinx_coroutines_core@18 (line 859)
                      ; - kotlinx.coroutines.AbstractCoroutine::resumeWith@5 (line 99)
                      ; - kotlin.coroutines.jvm.internal.BaseContinuationImpl::resumeWith@114 (line 47)
                      ;   {runtime_call UncommonTrapBlob}
  0x000000011b9bf210: 5cdf d897 

  0x000000011b9bf214: ;   {other}
  0x000000011b9bf214: 1f20 03d5 | 9fa0 85f2 | 1f20 89f2 | 2104 8012 

  0x000000011b9bf224: ; ImmutableOopMap {[0]=Oop [8]=Oop [72]=Oop [80]=Oop [96]=Oop [104]=Oop [112]=Oop }
                      ;*checkcast {reexecute=0 rethrow=0 return_oop=0}
                      ; - kotlinx.coroutines.internal.LockFreeLinkedListNode::removed@7 (line 36)
                      ; - kotlinx.coroutines.internal.LockFreeLinkedListNode::removeOrNext@41 (line 153)
                      ; - kotlinx.coroutines.internal.LockFreeLinkedListNode::remove@1 (line 144)
                      ; - kotlinx.coroutines.JobSupport::removeNode$kotlinx_coroutines_core@71 (line 630)
                      ; - kotlinx.coroutines.JobNode::dispose@5 (line 1475)
                      ; - kotlinx.coroutines.JobSupport::completeStateFinalization@15 (line 301)
                      ; - kotlinx.coroutines.JobSupport::tryFinalizeSimpleState@99 (line 288)
                      ; - kotlinx.coroutines.JobSupport::tryMakeCompleting@45 (line 887)
                      ; - kotlinx.coroutines.JobSupport::makeCompletingOnce$kotlinx_coroutines_core@18 (line 859)
                      ; - kotlinx.coroutines.AbstractCoroutine::resumeWith@5 (line 99)
                      ; - kotlin.coroutines.jvm.internal.BaseContinuationImpl::resumeWith@114 (line 47)
                      ;   {runtime_call UncommonTrapBlob}
  0x000000011b9bf224: 57df d897 

  0x000000011b9bf228: ;   {other}
  0x000000011b9bf228: 1f20 03d5 | 1fa3 85f2 | 1f40 89f2 | e103 00aa 

  0x000000011b9bf238: ; ImmutableOopMap {[8]=Oop [16]=Oop }
                      ;*invokestatic createFailure {reexecute=0 rethrow=0 return_oop=1}
                      ; - kotlin.coroutines.jvm.internal.BaseContinuationImpl::resumeWith@76 (line 38)
                      ;   {static_call}
  0x000000011b9bf238: 624e 6696 

  0x000000011b9bf23c: ;   {other}
  0x000000011b9bf23c: 1f20 03d5 | 9fa5 85f2 | 1f60 89f2 | e00f 00f9 | 23f6 ff17 | f003 00f9 | 6101 8012 

  0x000000011b9bf258: ; ImmutableOopMap {[0]=Oop [24]=Oop }
                      ;*instanceof {reexecute=0 rethrow=0 return_oop=0}
                      ; - kotlin.Result::exceptionOrNull-impl@1 (line 64)
                      ; - kotlinx.coroutines.CompletionStateKt::toState@3 (line 8)
                      ; - kotlinx.coroutines.AbstractCoroutine::resumeWith@2 (line 99)
                      ; - kotlin.coroutines.jvm.internal.BaseContinuationImpl::resumeWith@114 (line 47)
                      ;   {runtime_call UncommonTrapBlob}
  0x000000011b9bf258: 4adf d897 

  0x000000011b9bf25c: ;   {other}
  0x000000011b9bf25c: 1f20 03d5 | 9fa9 85f2 | 1f80 89f2 | fd03 10aa | 6101 8012 

  0x000000011b9bf270: ; ImmutableOopMap {rfp=Oop [0]=Oop }
                      ;*instanceof {reexecute=0 rethrow=0 return_oop=0}
                      ; - kotlinx.coroutines.JobSupport::tryMakeCompleting@1 (line 878)
                      ; - kotlinx.coroutines.JobSupport::makeCompletingOnce$kotlinx_coroutines_core@18 (line 859)
                      ; - kotlinx.coroutines.AbstractCoroutine::resumeWith@5 (line 99)
                      ; - kotlin.coroutines.jvm.internal.BaseContinuationImpl::resumeWith@114 (line 47)
                      ;   {runtime_call UncommonTrapBlob}
  0x000000011b9bf270: 44df d897 

  0x000000011b9bf274: ;   {other}
  0x000000011b9bf274: 1f20 03d5 | 9fac 85f2 | 1fa0 89f2 | e007 00f9 | 012b 8052 

  0x000000011b9bf288: ; ImmutableOopMap {rfp=Oop [0]=Oop [8]=Oop [24]=Oop }
                      ;*new {reexecute=0 rethrow=0 return_oop=0}
                      ; - kotlinx.coroutines.JobSupport::completeStateFinalization@86 (line 313)
                      ; - kotlinx.coroutines.JobSupport::tryFinalizeSimpleState@99 (line 288)
                      ; - kotlinx.coroutines.JobSupport::tryMakeCompleting@45 (line 887)
                      ; - kotlinx.coroutines.JobSupport::makeCompletingOnce$kotlinx_coroutines_core@18 (line 859)
                      ; - kotlinx.coroutines.AbstractCoroutine::resumeWith@5 (line 99)
                      ; - kotlin.coroutines.jvm.internal.BaseContinuationImpl::resumeWith@114 (line 47)
                      ;   {runtime_call UncommonTrapBlob}
  0x000000011b9bf288: 3edf d897 

  0x000000011b9bf28c: ;   {other}
  0x000000011b9bf28c: 1f20 03d5 | 9faf 85f2 | 1fc0 89f2 | ea1b 00a9 | fd03 10aa | 6101 8012 

  0x000000011b9bf2a4: ; ImmutableOopMap {rfp=Oop [0]=Oop [8]=Oop }
                      ;*checkcast {reexecute=0 rethrow=0 return_oop=0}
                      ; - kotlinx.coroutines.JobSupport::getParentHandle$kotlinx_coroutines_core@7 (line 129)
                      ; - kotlinx.coroutines.JobSupport::completeStateFinalization@1 (line 300)
                      ; - kotlinx.coroutines.JobSupport::tryFinalizeSimpleState@99 (line 288)
                      ; - kotlinx.coroutines.JobSupport::tryMakeCompleting@45 (line 887)
                      ; - kotlinx.coroutines.JobSupport::makeCompletingOnce$kotlinx_coroutines_core@18 (line 859)
                      ; - kotlinx.coroutines.AbstractCoroutine::resumeWith@5 (line 99)
                      ; - kotlin.coroutines.jvm.internal.BaseContinuationImpl::resumeWith@114 (line 47)
                      ;   {runtime_call UncommonTrapBlob}
  0x000000011b9bf2a4: 37df d897 

  0x000000011b9bf2a8: ;   {other}
  0x000000011b9bf2a8: 1f20 03d5 | 1fb3 85f2 | 1fe0 89f2 | ea1b 00a9 | f507 01a9 | fd03 10aa | 6101 8012 

  0x000000011b9bf2c4: ; ImmutableOopMap {rfp=Oop [0]=Oop [8]=Oop [16]=Oop [24]=Oop }
                      ;*instanceof {reexecute=0 rethrow=0 return_oop=0}
                      ; - kotlinx.coroutines.JobSupport::removeNode$kotlinx_coroutines_core@20 (line 623)
                      ; - kotlinx.coroutines.JobNode::dispose@5 (line 1475)
                      ; - kotlinx.coroutines.JobSupport::completeStateFinalization@15 (line 301)
                      ; - kotlinx.coroutines.JobSupport::tryFinalizeSimpleState@99 (line 288)
                      ; - kotlinx.coroutines.JobSupport::tryMakeCompleting@45 (line 887)
                      ; - kotlinx.coroutines.JobSupport::makeCompletingOnce$kotlinx_coroutines_core@18 (line 859)
                      ; - kotlinx.coroutines.AbstractCoroutine::resumeWith@5 (line 99)
                      ; - kotlin.coroutines.jvm.internal.BaseContinuationImpl::resumeWith@114 (line 47)
                      ;   {runtime_call UncommonTrapBlob}
  0x000000011b9bf2c4: 2fdf d897 

  0x000000011b9bf2c8: ;   {other}
  0x000000011b9bf2c8: 1f20 03d5 | 1fb7 85f2 | 1f00 8af2 | 6101 8012 

  0x000000011b9bf2d8: ; ImmutableOopMap {[0]=Oop [8]=Oop [24]=Oop [72]=Oop [88]=Oop [96]=Oop [112]=Oop }
                      ;*instanceof {reexecute=0 rethrow=0 return_oop=0}
                      ; - kotlinx.coroutines.internal.LockFreeLinkedListNode::correctPrev@71 (line 231)
                      ; - kotlinx.coroutines.internal.LockFreeLinkedListNode::removeOrNext@61 (line 156)
                      ; - kotlinx.coroutines.internal.LockFreeLinkedListNode::remove@1 (line 144)
                      ; - kotlinx.coroutines.JobSupport::removeNode$kotlinx_coroutines_core@71 (line 630)
                      ; - kotlinx.coroutines.JobNode::dispose@5 (line 1475)
                      ; - kotlinx.coroutines.JobSupport::completeStateFinalization@15 (line 301)
                      ; - kotlinx.coroutines.JobSupport::tryFinalizeSimpleState@99 (line 288)
                      ; - kotlinx.coroutines.JobSupport::tryMakeCompleting@45 (line 887)
                      ; - kotlinx.coroutines.JobSupport::makeCompletingOnce$kotlinx_coroutines_core@18 (line 859)
                      ; - kotlinx.coroutines.AbstractCoroutine::resumeWith@5 (line 99)
                      ; - kotlin.coroutines.jvm.internal.BaseContinuationImpl::resumeWith@114 (line 47)
                      ;   {runtime_call UncommonTrapBlob}
  0x000000011b9bf2d8: 2adf d897 

  0x000000011b9bf2dc: ;   {other}
  0x000000011b9bf2dc: 1f20 03d5 | 9fb9 85f2 | 1f20 8af2 | 6101 8012 

  0x000000011b9bf2ec: ; ImmutableOopMap {[0]=Oop [8]=Oop [24]=Oop [72]=Oop }
                      ;*instanceof {reexecute=0 rethrow=0 return_oop=0}
                      ; - kotlinx.coroutines.internal.LockFreeLinkedListNode::removeOrNext@7 (line 151)
                      ; - kotlinx.coroutines.internal.LockFreeLinkedListNode::remove@1 (line 144)
                      ; - kotlinx.coroutines.JobSupport::removeNode$kotlinx_coroutines_core@71 (line 630)
                      ; - kotlinx.coroutines.JobNode::dispose@5 (line 1475)
                      ; - kotlinx.coroutines.JobSupport::completeStateFinalization@15 (line 301)
                      ; - kotlinx.coroutines.JobSupport::tryFinalizeSimpleState@99 (line 288)
                      ; - kotlinx.coroutines.JobSupport::tryMakeCompleting@45 (line 887)
                      ; - kotlinx.coroutines.JobSupport::makeCompletingOnce$kotlinx_coroutines_core@18 (line 859)
                      ; - kotlinx.coroutines.AbstractCoroutine::resumeWith@5 (line 99)
                      ; - kotlin.coroutines.jvm.internal.BaseContinuationImpl::resumeWith@114 (line 47)
                      ;   {runtime_call UncommonTrapBlob}
  0x000000011b9bf2ec: 25df d897 

  0x000000011b9bf2f0: ;   {other}
  0x000000011b9bf2f0: 1f20 03d5 | 1fbc 85f2 | 1f40 8af2 | fd03 0caa | 6101 8012 

  0x000000011b9bf304: ; ImmutableOopMap {rfp=Oop [0]=Oop [8]=Oop [24]=Oop }
                      ;*checkcast {reexecute=0 rethrow=0 return_oop=0}
                      ; - kotlinx.coroutines.internal.LockFreeLinkedListNode::correctPrev@9 (line 213)
                      ; - kotlinx.coroutines.internal.LockFreeLinkedListNode::removeOrNext@61 (line 156)
                      ; - kotlinx.coroutines.internal.LockFreeLinkedListNode::remove@1 (line 144)
                      ; - kotlinx.coroutines.JobSupport::removeNode$kotlinx_coroutines_core@71 (line 630)
                      ; - kotlinx.coroutines.JobNode::dispose@5 (line 1475)
                      ; - kotlinx.coroutines.JobSupport::completeStateFinalization@15 (line 301)
                      ; - kotlinx.coroutines.JobSupport::tryFinalizeSimpleState@99 (line 288)
                      ; - kotlinx.coroutines.JobSupport::tryMakeCompleting@45 (line 887)
                      ; - kotlinx.coroutines.JobSupport::makeCompletingOnce$kotlinx_coroutines_core@18 (line 859)
                      ; - kotlinx.coroutines.AbstractCoroutine::resumeWith@5 (line 99)
                      ; - kotlin.coroutines.jvm.internal.BaseContinuationImpl::resumeWith@114 (line 47)
                      ;   {runtime_call UncommonTrapBlob}
  0x000000011b9bf304: 1fdf d897 

  0x000000011b9bf308: ;   {other}
  0x000000011b9bf308: 1f20 03d5 | 1fbf 85f2 | 1f60 8af2 | 6101 8012 

  0x000000011b9bf318: ; ImmutableOopMap {[0]=Oop [8]=Oop [24]=Oop [72]=Oop [112]=Oop }
                      ;*checkcast {reexecute=0 rethrow=0 return_oop=0}
                      ; - kotlinx.coroutines.internal.LockFreeLinkedListNode::correctPrev@123 (line 240)
                      ; - kotlinx.coroutines.internal.LockFreeLinkedListNode::removeOrNext@61 (line 156)
                      ; - kotlinx.coroutines.internal.LockFreeLinkedListNode::remove@1 (line 144)
                      ; - kotlinx.coroutines.JobSupport::removeNode$kotlinx_coroutines_core@71 (line 630)
                      ; - kotlinx.coroutines.JobNode::dispose@5 (line 1475)
                      ; - kotlinx.coroutines.JobSupport::completeStateFinalization@15 (line 301)
                      ; - kotlinx.coroutines.JobSupport::tryFinalizeSimpleState@99 (line 288)
                      ; - kotlinx.coroutines.JobSupport::tryMakeCompleting@45 (line 887)
                      ; - kotlinx.coroutines.JobSupport::makeCompletingOnce$kotlinx_coroutines_core@18 (line 859)
                      ; - kotlinx.coroutines.AbstractCoroutine::resumeWith@5 (line 99)
                      ; - kotlin.coroutines.jvm.internal.BaseContinuationImpl::resumeWith@114 (line 47)
                      ;   {runtime_call UncommonTrapBlob}
  0x000000011b9bf318: 1adf d897 

  0x000000011b9bf31c: ;   {other}
  0x000000011b9bf31c: 1f20 03d5 | 9fc1 85f2 | 1f80 8af2 | ea03 00f9 | fd03 10aa | 6101 8012 

  0x000000011b9bf334: ; ImmutableOopMap {rfp=Oop [0]=Oop }
                      ;*instanceof {reexecute=0 rethrow=0 return_oop=0}
                      ; - kotlinx.coroutines.JobSupport::tryMakeCompleting@1 (line 878)
                      ; - kotlinx.coroutines.JobSupport::makeCompletingOnce$kotlinx_coroutines_core@18 (line 859)
                      ; - kotlinx.coroutines.AbstractCoroutine::resumeWith@5 (line 99)
                      ; - kotlin.coroutines.jvm.internal.BaseContinuationImpl::resumeWith@114 (line 47)
                      ;   {runtime_call UncommonTrapBlob}
  0x000000011b9bf334: 13df d897 

  0x000000011b9bf338: ;   {other}
  0x000000011b9bf338: 1f20 03d5 | 1fc5 85f2 | 1fa0 8af2 | e007 00f9 | 012b 8052 

  0x000000011b9bf34c: ; ImmutableOopMap {rfp=Oop [0]=Oop [8]=Oop [64]=Oop }
                      ;*new {reexecute=0 rethrow=0 return_oop=0}
                      ; - kotlinx.coroutines.JobSupport::completeStateFinalization@86 (line 313)
                      ; - kotlinx.coroutines.JobSupport::tryFinalizeSimpleState@99 (line 288)
                      ; - kotlinx.coroutines.JobSupport::tryMakeCompleting@45 (line 887)
                      ; - kotlinx.coroutines.JobSupport::makeCompletingOnce$kotlinx_coroutines_core@18 (line 859)
                      ; - kotlinx.coroutines.AbstractCoroutine::resumeWith@5 (line 99)
                      ; - kotlin.coroutines.jvm.internal.BaseContinuationImpl::resumeWith@114 (line 47)
                      ;   {runtime_call UncommonTrapBlob}
  0x000000011b9bf34c: 0ddf d897 

  0x000000011b9bf350: ;   {other}
  0x000000011b9bf350: 1f20 03d5 | 1fc8 85f2 | 1fc0 8af2 | ea1b 00a9 | fd03 10aa | 6101 8012 

  0x000000011b9bf368: ; ImmutableOopMap {rfp=Oop [0]=Oop [8]=Oop }
                      ;*checkcast {reexecute=0 rethrow=0 return_oop=0}
                      ; - kotlinx.coroutines.JobSupport::getParentHandle$kotlinx_coroutines_core@7 (line 129)
                      ; - kotlinx.coroutines.JobSupport::completeStateFinalization@1 (line 300)
                      ; - kotlinx.coroutines.JobSupport::tryFinalizeSimpleState@99 (line 288)
                      ; - kotlinx.coroutines.JobSupport::tryMakeCompleting@45 (line 887)
                      ; - kotlinx.coroutines.JobSupport::makeCompletingOnce$kotlinx_coroutines_core@18 (line 859)
                      ; - kotlinx.coroutines.AbstractCoroutine::resumeWith@5 (line 99)
                      ; - kotlin.coroutines.jvm.internal.BaseContinuationImpl::resumeWith@114 (line 47)
                      ;   {runtime_call UncommonTrapBlob}
  0x000000011b9bf368: 06df d897 

  0x000000011b9bf36c: ;   {other}
  0x000000011b9bf36c: 1f20 03d5 | 9fcb 85f2 | 1fe0 8af2 | 6101 8012 

  0x000000011b9bf37c: ; ImmutableOopMap {[0]=Oop [8]=Oop [72]=Oop [80]=Oop [88]=Oop }
                      ;*instanceof {reexecute=0 rethrow=0 return_oop=0}
                      ; - kotlinx.coroutines.JobSupport::removeNode$kotlinx_coroutines_core@20 (line 623)
                      ; - kotlinx.coroutines.JobNode::dispose@5 (line 1475)
                      ; - kotlinx.coroutines.JobSupport::completeStateFinalization@15 (line 301)
                      ; - kotlinx.coroutines.JobSupport::tryFinalizeSimpleState@99 (line 288)
                      ; - kotlinx.coroutines.JobSupport::tryMakeCompleting@45 (line 887)
                      ; - kotlinx.coroutines.JobSupport::makeCompletingOnce$kotlinx_coroutines_core@18 (line 859)
                      ; - kotlinx.coroutines.AbstractCoroutine::resumeWith@5 (line 99)
                      ; - kotlin.coroutines.jvm.internal.BaseContinuationImpl::resumeWith@114 (line 47)
                      ;   {runtime_call UncommonTrapBlob}
  0x000000011b9bf37c: 01df d897 

  0x000000011b9bf380: ;   {other}
  0x000000011b9bf380: 1f20 03d5 | 1fce 85f2 | 1f00 8bf2 | 6101 8012 

  0x000000011b9bf390: ; ImmutableOopMap {rfp=Oop [0]=Oop [8]=Oop [72]=Oop [88]=Oop [96]=Oop [104]=Oop }
                      ;*instanceof {reexecute=0 rethrow=0 return_oop=0}
                      ; - kotlinx.coroutines.internal.LockFreeLinkedListNode::correctPrev@71 (line 231)
                      ; - kotlinx.coroutines.internal.LockFreeLinkedListNode::removeOrNext@61 (line 156)
                      ; - kotlinx.coroutines.internal.LockFreeLinkedListNode::remove@1 (line 144)
                      ; - kotlinx.coroutines.JobSupport::removeNode$kotlinx_coroutines_core@71 (line 630)
                      ; - kotlinx.coroutines.JobNode::dispose@5 (line 1475)
                      ; - kotlinx.coroutines.JobSupport::completeStateFinalization@15 (line 301)
                      ; - kotlinx.coroutines.JobSupport::tryFinalizeSimpleState@99 (line 288)
                      ; - kotlinx.coroutines.JobSupport::tryMakeCompleting@45 (line 887)
                      ; - kotlinx.coroutines.JobSupport::makeCompletingOnce$kotlinx_coroutines_core@18 (line 859)
                      ; - kotlinx.coroutines.AbstractCoroutine::resumeWith@5 (line 99)
                      ; - kotlin.coroutines.jvm.internal.BaseContinuationImpl::resumeWith@114 (line 47)
                      ;   {runtime_call UncommonTrapBlob}
  0x000000011b9bf390: fcde d897 

  0x000000011b9bf394: ;   {other}
  0x000000011b9bf394: 1f20 03d5 | 9fd0 85f2 | 1f20 8bf2 | fd03 0caa | 6101 8012 

  0x000000011b9bf3a8: ; ImmutableOopMap {rfp=Oop [0]=Oop [8]=Oop [24]=Oop }
                      ;*checkcast {reexecute=0 rethrow=0 return_oop=0}
                      ; - kotlinx.coroutines.internal.LockFreeLinkedListNode::correctPrev@9 (line 213)
                      ; - kotlinx.coroutines.internal.LockFreeLinkedListNode::removeOrNext@61 (line 156)
                      ; - kotlinx.coroutines.internal.LockFreeLinkedListNode::remove@1 (line 144)
                      ; - kotlinx.coroutines.JobSupport::removeNode$kotlinx_coroutines_core@71 (line 630)
                      ; - kotlinx.coroutines.JobNode::dispose@5 (line 1475)
                      ; - kotlinx.coroutines.JobSupport::completeStateFinalization@15 (line 301)
                      ; - kotlinx.coroutines.JobSupport::tryFinalizeSimpleState@99 (line 288)
                      ; - kotlinx.coroutines.JobSupport::tryMakeCompleting@45 (line 887)
                      ; - kotlinx.coroutines.JobSupport::makeCompletingOnce$kotlinx_coroutines_core@18 (line 859)
                      ; - kotlinx.coroutines.AbstractCoroutine::resumeWith@5 (line 99)
                      ; - kotlin.coroutines.jvm.internal.BaseContinuationImpl::resumeWith@114 (line 47)
                      ;   {runtime_call UncommonTrapBlob}
  0x000000011b9bf3a8: f6de d897 

  0x000000011b9bf3ac: ;   {other}
  0x000000011b9bf3ac: 1f20 03d5 | 9fd3 85f2 | 1f40 8bf2 | fd03 0daa | 6101 8012 

  0x000000011b9bf3c0: ; ImmutableOopMap {rfp=Oop [0]=Oop [8]=Oop [72]=Oop }
                      ;*instanceof {reexecute=0 rethrow=0 return_oop=0}
                      ; - kotlinx.coroutines.internal.LockFreeLinkedListNode::removeOrNext@7 (line 151)
                      ; - kotlinx.coroutines.internal.LockFreeLinkedListNode::remove@1 (line 144)
                      ; - kotlinx.coroutines.JobSupport::removeNode$kotlinx_coroutines_core@71 (line 630)
                      ; - kotlinx.coroutines.JobNode::dispose@5 (line 1475)
                      ; - kotlinx.coroutines.JobSupport::completeStateFinalization@15 (line 301)
                      ; - kotlinx.coroutines.JobSupport::tryFinalizeSimpleState@99 (line 288)
                      ; - kotlinx.coroutines.JobSupport::tryMakeCompleting@45 (line 887)
                      ; - kotlinx.coroutines.JobSupport::makeCompletingOnce$kotlinx_coroutines_core@18 (line 859)
                      ; - kotlinx.coroutines.AbstractCoroutine::resumeWith@5 (line 99)
                      ; - kotlin.coroutines.jvm.internal.BaseContinuationImpl::resumeWith@114 (line 47)
                      ;   {runtime_call UncommonTrapBlob}
  0x000000011b9bf3c0: f0de d897 

  0x000000011b9bf3c4: ;   {other}
  0x000000011b9bf3c4: 1f20 03d5 | 9fd6 85f2 | 1f60 8bf2 | fd03 0caa | 6101 8012 

  0x000000011b9bf3d8: ; ImmutableOopMap {rfp=Oop [0]=Oop [8]=Oop [72]=Oop }
                      ;*checkcast {reexecute=0 rethrow=0 return_oop=0}
                      ; - kotlinx.coroutines.internal.LockFreeLinkedListNode::correctPrev@9 (line 213)
                      ; - kotlinx.coroutines.internal.LockFreeLinkedListNode::removeOrNext@61 (line 156)
                      ; - kotlinx.coroutines.internal.LockFreeLinkedListNode::remove@1 (line 144)
                      ; - kotlinx.coroutines.JobSupport::removeNode$kotlinx_coroutines_core@71 (line 630)
                      ; - kotlinx.coroutines.JobNode::dispose@5 (line 1475)
                      ; - kotlinx.coroutines.JobSupport::completeStateFinalization@15 (line 301)
                      ; - kotlinx.coroutines.JobSupport::tryFinalizeSimpleState@99 (line 288)
                      ; - kotlinx.coroutines.JobSupport::tryMakeCompleting@45 (line 887)
                      ; - kotlinx.coroutines.JobSupport::makeCompletingOnce$kotlinx_coroutines_core@18 (line 859)
                      ; - kotlinx.coroutines.AbstractCoroutine::resumeWith@5 (line 99)
                      ; - kotlin.coroutines.jvm.internal.BaseContinuationImpl::resumeWith@114 (line 47)
                      ;   {runtime_call UncommonTrapBlob}
  0x000000011b9bf3d8: eade d897 

  0x000000011b9bf3dc: ;   {other}
  0x000000011b9bf3dc: 1f20 03d5 | 9fd9 85f2 | 1f80 8bf2 | 6101 8012 

  0x000000011b9bf3ec: ; ImmutableOopMap {[0]=Oop [8]=Oop [72]=Oop [88]=Oop [104]=Oop }
                      ;*checkcast {reexecute=0 rethrow=0 return_oop=0}
                      ; - kotlinx.coroutines.internal.LockFreeLinkedListNode::correctPrev@123 (line 240)
                      ; - kotlinx.coroutines.internal.LockFreeLinkedListNode::removeOrNext@61 (line 156)
                      ; - kotlinx.coroutines.internal.LockFreeLinkedListNode::remove@1 (line 144)
                      ; - kotlinx.coroutines.JobSupport::removeNode$kotlinx_coroutines_core@71 (line 630)
                      ; - kotlinx.coroutines.JobNode::dispose@5 (line 1475)
                      ; - kotlinx.coroutines.JobSupport::completeStateFinalization@15 (line 301)
                      ; - kotlinx.coroutines.JobSupport::tryFinalizeSimpleState@99 (line 288)
                      ; - kotlinx.coroutines.JobSupport::tryMakeCompleting@45 (line 887)
                      ; - kotlinx.coroutines.JobSupport::makeCompletingOnce$kotlinx_coroutines_core@18 (line 859)
                      ; - kotlinx.coroutines.AbstractCoroutine::resumeWith@5 (line 99)
                      ; - kotlin.coroutines.jvm.internal.BaseContinuationImpl::resumeWith@114 (line 47)
                      ;   {runtime_call UncommonTrapBlob}
  0x000000011b9bf3ec: e5de d897 

  0x000000011b9bf3f0: ;   {other}
  0x000000011b9bf3f0: 1f20 03d5 | 1fdc 85f2 | 1fa0 8bf2 | fd03 0daa | 6101 8012 

  0x000000011b9bf404: ; ImmutableOopMap {rfp=Oop [0]=Oop [8]=Oop [24]=Oop }
                      ;*instanceof {reexecute=0 rethrow=0 return_oop=0}
                      ; - kotlinx.coroutines.internal.LockFreeLinkedListNode::removeOrNext@7 (line 151)
                      ; - kotlinx.coroutines.internal.LockFreeLinkedListNode::remove@1 (line 144)
                      ; - kotlinx.coroutines.JobSupport::removeNode$kotlinx_coroutines_core@71 (line 630)
                      ; - kotlinx.coroutines.JobNode::dispose@5 (line 1475)
                      ; - kotlinx.coroutines.JobSupport::completeStateFinalization@15 (line 301)
                      ; - kotlinx.coroutines.JobSupport::tryFinalizeSimpleState@99 (line 288)
                      ; - kotlinx.coroutines.JobSupport::tryMakeCompleting@45 (line 887)
                      ; - kotlinx.coroutines.JobSupport::makeCompletingOnce$kotlinx_coroutines_core@18 (line 859)
                      ; - kotlinx.coroutines.AbstractCoroutine::resumeWith@5 (line 99)
                      ; - kotlin.coroutines.jvm.internal.BaseContinuationImpl::resumeWith@114 (line 47)
                      ;   {runtime_call UncommonTrapBlob}
  0x000000011b9bf404: dfde d897 

  0x000000011b9bf408: ;   {other}
  0x000000011b9bf408: 1f20 03d5 | 1fdf 85f2 | 1fc0 8bf2 | 6101 8012 

  0x000000011b9bf418: ; ImmutableOopMap {[0]=Oop [8]=Oop [72]=Oop [104]=Oop }
                      ;*checkcast {reexecute=0 rethrow=0 return_oop=0}
                      ; - kotlinx.coroutines.internal.LockFreeLinkedListNode::correctPrev@9 (line 213)
                      ; - kotlinx.coroutines.internal.LockFreeLinkedListNode::removeOrNext@61 (line 156)
                      ; - kotlinx.coroutines.internal.LockFreeLinkedListNode::remove@1 (line 144)
                      ; - kotlinx.coroutines.JobSupport::removeNode$kotlinx_coroutines_core@71 (line 630)
                      ; - kotlinx.coroutines.JobNode::dispose@5 (line 1475)
                      ; - kotlinx.coroutines.JobSupport::completeStateFinalization@15 (line 301)
                      ; - kotlinx.coroutines.JobSupport::tryFinalizeSimpleState@99 (line 288)
                      ; - kotlinx.coroutines.JobSupport::tryMakeCompleting@45 (line 887)
                      ; - kotlinx.coroutines.JobSupport::makeCompletingOnce$kotlinx_coroutines_core@18 (line 859)
                      ; - kotlinx.coroutines.AbstractCoroutine::resumeWith@5 (line 99)
                      ; - kotlin.coroutines.jvm.internal.BaseContinuationImpl::resumeWith@114 (line 47)
                      ;   {runtime_call UncommonTrapBlob}
  0x000000011b9bf418: dade d897 

  0x000000011b9bf41c: ;   {other}
  0x000000011b9bf41c: 1f20 03d5 | 9fe1 85f2 | 1fe0 8bf2 | 6101 8012 

  0x000000011b9bf42c: ; ImmutableOopMap {[0]=Oop [8]=Oop [72]=Oop [80]=Oop }
                      ;*instanceof {reexecute=0 rethrow=0 return_oop=0}
                      ; - kotlinx.coroutines.internal.LockFreeLinkedListNode::removeOrNext@7 (line 151)
                      ; - kotlinx.coroutines.internal.LockFreeLinkedListNode::remove@1 (line 144)
                      ; - kotlinx.coroutines.JobSupport::removeNode$kotlinx_coroutines_core@71 (line 630)
                      ; - kotlinx.coroutines.JobNode::dispose@5 (line 1475)
                      ; - kotlinx.coroutines.JobSupport::completeStateFinalization@15 (line 301)
                      ; - kotlinx.coroutines.JobSupport::tryFinalizeSimpleState@99 (line 288)
                      ; - kotlinx.coroutines.JobSupport::tryMakeCompleting@45 (line 887)
                      ; - kotlinx.coroutines.JobSupport::makeCompletingOnce$kotlinx_coroutines_core@18 (line 859)
                      ; - kotlinx.coroutines.AbstractCoroutine::resumeWith@5 (line 99)
                      ; - kotlin.coroutines.jvm.internal.BaseContinuationImpl::resumeWith@114 (line 47)
                      ;   {runtime_call UncommonTrapBlob}
  0x000000011b9bf42c: d5de d897 

  0x000000011b9bf430: ;   {other}
  0x000000011b9bf430: 1f20 03d5 | 1fe4 85f2 | 1f00 8cf2 | 0b00 0014 | 0a00 0014 | 0900 0014 | 0800 0014 | 0700 0014 
  0x000000011b9bf450: 0600 0014 | e103 00aa | 0700 0014 | 0300 0014 | 0200 0014 | 0100 0014 | e103 00aa | 0200 0014 
  0x000000011b9bf470: e103 00aa | fd7b 49a9 | ff83 0291 

  0x000000011b9bf47c: ;   {runtime_call _rethrow_Java}
  0x000000011b9bf47c: 615c dc17 

  0x000000011b9bf480: ;   {internal_word}
  0x000000011b9bf480: 28b2 fe10 | 8837 02f9 

  0x000000011b9bf488: ;   {runtime_call SafepointBlob}
  0x000000011b9bf488: 1edd d817 | 0830 93d2 | e85f a3f2 | 2800 c0f2 | 0001 3fd6 | 76f5 ff17 

  0x000000011b9bf4a0: ;   {other}
  0x000000011b9bf4a0: 0700 0000 | 0000 0000 
[Stub Code]
  0x000000011b9bf4a8: ;   {no_reloc}
  0x000000011b9bf4a8: 4800 0058 | 0001 1fd6 | f8fb 0d1b | 0100 0000 

  0x000000011b9bf4b8: ;   {trampoline_stub}
  0x000000011b9bf4b8: 4800 0058 | 0001 1fd6 | 58fe 0d1b | 0100 0000 

  0x000000011b9bf4c8: ;   {trampoline_stub}
  0x000000011b9bf4c8: 4800 0058 | 0001 1fd6 | 807c 4014 | 0100 0000 

  0x000000011b9bf4d8: ;   {trampoline_stub}
  0x000000011b9bf4d8: 4800 0058 | 0001 1fd6 | 8001 ff1a | 0100 0000 

  0x000000011b9bf4e8: ;   {trampoline_stub}
  0x000000011b9bf4e8: 4800 0058 | 0001 1fd6 | 408c 4c14 | 0100 0000 

  0x000000011b9bf4f8: ;   {trampoline_stub}
  0x000000011b9bf4f8: 4800 0058 | 0001 1fd6 | 20fc 0d1b | 0100 0000 

  0x000000011b9bf508: ;   {trampoline_stub}
  0x000000011b9bf508: 4800 0058 | 0001 1fd6 | 8001 ff1a | 0100 0000 

  0x000000011b9bf518: ;   {trampoline_stub}
  0x000000011b9bf518: 4800 0058 | 0001 1fd6 | 58fe 0d1b | 0100 0000 

  0x000000011b9bf528: ;   {trampoline_stub}
  0x000000011b9bf528: 4800 0058 | 0001 1fd6 | 8004 ff1a | 0100 0000 

  0x000000011b9bf538: ;   {trampoline_stub}
  0x000000011b9bf538: 4800 0058 | 0001 1fd6 | 8001 ff1a | 0100 0000 

  0x000000011b9bf548: ;   {trampoline_stub}
  0x000000011b9bf548: 4800 0058 | 0001 1fd6 | 8004 ff1a | 0100 0000 

  0x000000011b9bf558: ;   {trampoline_stub}
  0x000000011b9bf558: 4800 0058 | 0001 1fd6 | c02b 3515 | 0100 0000 

  0x000000011b9bf568: ;   {static_stub}
  0x000000011b9bf568: df3f 03d5 

  0x000000011b9bf56c: ;   {metadata(nullptr)}
  0x000000011b9bf56c: 0c00 80d2 | 0c00 a0f2 | 0c00 c0f2 | 0800 80d2 | 0800 a0f2 | 0800 c0f2 | 0001 1fd6 

  0x000000011b9bf588: ;   {static_stub}
  0x000000011b9bf588: df3f 03d5 

  0x000000011b9bf58c: ;   {metadata(nullptr)}
  0x000000011b9bf58c: 0c00 80d2 | 0c00 a0f2 | 0c00 c0f2 | 0800 80d2 | 0800 a0f2 | 0800 c0f2 | 0001 1fd6 

  0x000000011b9bf5a8: ;   {static_stub}
  0x000000011b9bf5a8: df3f 03d5 

  0x000000011b9bf5ac: ;   {metadata(nullptr)}
  0x000000011b9bf5ac: 0c00 80d2 | 0c00 a0f2 | 0c00 c0f2 | 0800 80d2 | 0800 a0f2 | 0800 c0f2 | 0001 1fd6 
[Exception Handler]
  0x000000011b9bf5c8: ;   {runtime_call ExceptionBlob}
  0x000000011b9bf5c8: 4e39 dc17 
[Deopt Handler Code]
  0x000000011b9bf5cc: 1e00 0010 

  0x000000011b9bf5d0: ;   {runtime_call DeoptimizationBlob}
  0x000000011b9bf5d0: 9cdd d817 | 0000 0000 
[/MachCode]


Compiled method (c2) 140859 8337   !   4       kotlinx.coroutines.DispatchedTask::run (387 bytes)
 total in heap  [0x000000011b8eac90,0x000000011b8ec880] = 7152
 relocation     [0x000000011b8eade0,0x000000011b8eb020] = 576
 main code      [0x000000011b8eb040,0x000000011b8ebb50] = 2832
 stub code      [0x000000011b8ebb50,0x000000011b8ebdc0] = 624
 oops           [0x000000011b8ebdc0,0x000000011b8ebdf0] = 48
 metadata       [0x000000011b8ebdf0,0x000000011b8ebea0] = 176
 scopes data    [0x000000011b8ebea0,0x000000011b8ec330] = 1168
 scopes pcs     [0x000000011b8ec330,0x000000011b8ec5b0] = 640
 dependencies   [0x000000011b8ec5b0,0x000000011b8ec5b8] = 8
 handler table  [0x000000011b8ec5b8,0x000000011b8ec858] = 672
 nul chk table  [0x000000011b8ec858,0x000000011b8ec880] = 40

[Constant Pool (empty)]

[MachCode]
[Entry Point]
  # {method} {0x000000012c92ef60} 'run' '()V' in 'kotlinx/coroutines/DispatchedTask'
  #           [sp+0x50]  (sp of caller)
  0x000000011b8eb040: 2808 40b9 | 3f01 086b | 4000 0054 

  0x000000011b8eb04c: ;   {runtime_call ic_miss_stub}
  0x000000011b8eb04c: 8d13 dc17 
[Verified Entry Point]
  0x000000011b8eb050: 1f20 03d5 | e953 40d1 | 3f01 00f9 | ff43 01d1 | fd7b 04a9 | 2857 0018 | 8923 40b9 | 1f01 09eb 
  0x000000011b8eb070: 2156 0054 | e103 00f9 | e9ff 9fd2 | e9ff bff2 | e9ff dff2 

  0x000000011b8eb084: ; ImmutableOopMap {[0]=Oop }
                      ;*invokevirtual getDelegate$kotlinx_coroutines_core {reexecute=0 rethrow=0 return_oop=1}
                      ; - kotlinx.coroutines.DispatchedTask::run@34 (line 80)
                      ;   {virtual_call}
  0x000000011b8eb084: 93d4 df97 

  0x000000011b8eb088: ;   {other}
  0x000000011b8eb088: 1f20 03d5 | 1f7f 80f2 | 1f00 80f2 

  0x000000011b8eb094: ; implicit exception: dispatches to 0x000000011b8eb914
  0x000000011b8eb094: 0a08 40b9 

  0x000000011b8eb098: ;   {metadata('kotlinx/coroutines/internal/DispatchedContinuation')}
  0x000000011b8eb098: 8c21 a0d2 | 0c75 9ef2 | 5f01 0c6b | 413f 0054 | 0b20 40b9 | 0a28 40b9 | 6bf1 7dd3 | eb07 00f9 
  0x000000011b8eb0b8: 5df1 7dd3 | e103 0baa | 0910 90d2 | 29cc bcf2 | e900 c0f2 

  0x000000011b8eb0cc: ; ImmutableOopMap {rfp=Oop [0]=Oop [8]=Oop }
                      ;*invokeinterface getContext {reexecute=0 rethrow=0 return_oop=1}
                      ; - kotlinx.coroutines.DispatchedTask::run@61 (line 222)
                      ;   {virtual_call}
  0x000000011b8eb0cc: e3d3 df97 

  0x000000011b8eb0d0: ;   {other}
  0x000000011b8eb0d0: 1f20 03d5 | 1f88 80f2 | 1f20 80f2 | e00b 00f9 | bd2a 00b4 

  0x000000011b8eb0e4: ;   {oop(a 'java/lang/Integer'{0x0000000301000550} = 0)}
  0x000000011b8eb0e4: 0aaa 80d2 | 0a20 a0f2 | 6a00 c0f2 | bf03 0aeb | e136 0054 | e107 40f9 | 0914 90d2 | 29cc bcf2 
  0x000000011b8eb104: e900 c0f2 

  0x000000011b8eb108: ; ImmutableOopMap {[0]=Oop [8]=Oop [16]=Oop }
                      ;*invokeinterface getContext {reexecute=0 rethrow=0 return_oop=1}
                      ; - kotlinx.coroutines.DispatchedTask::run@103 (line 83)
                      ;   {virtual_call}
  0x000000011b8eb108: d4d3 df97 

  0x000000011b8eb10c: ;   {other}
  0x000000011b8eb10c: 1f20 03d5 | 9f8f 80f2 | 1f40 80f2 | fd03 00aa | e103 40f9 | e9ff 9fd2 | e9ff bff2 | e9ff dff2 
  0x000000011b8eb12c: ; ImmutableOopMap {rfp=Oop [0]=Oop [8]=Oop [16]=Oop }
                      ;*invokevirtual takeState$kotlinx_coroutines_core {reexecute=0 rethrow=0 return_oop=1}
                      ; - kotlinx.coroutines.DispatchedTask::run@111 (line 84)
                      ;   {virtual_call}
  0x000000011b8eb12c: 41d3 df97 

  0x000000011b8eb130: ;   {other}
  0x000000011b8eb130: 1f20 03d5 | 1f94 80f2 | 1f60 80f2 | e00f 00f9 | e103 40f9 | e203 00aa | e9ff 9fd2 | e9ff bff2 
  0x000000011b8eb150: e9ff dff2 

  0x000000011b8eb154: ; ImmutableOopMap {rfp=Oop [0]=Oop [8]=Oop [16]=Oop [24]=Oop }
                      ;*invokevirtual getExceptionalResult$kotlinx_coroutines_core {reexecute=0 rethrow=0 return_oop=1}
                      ; - kotlinx.coroutines.DispatchedTask::run@119 (line 85)
                      ;   {virtual_call}
  0x000000011b8eb154: 77d2 df97 

  0x000000011b8eb158: ;   {other}
  0x000000011b8eb158: 1f20 03d5 | 1f99 80f2 | 1f80 80f2 | 601c 00b5 | ea03 40f9 | 4a19 40b9 | 5f05 0071 | 6000 0054 
  0x000000011b8eb178: 5f09 0071 | a107 0054 | ed03 1daa 

  0x000000011b8eb184: ; implicit exception: dispatches to 0x000000011b8eb8a8
  0x000000011b8eb184: ab09 40b9 

  0x000000011b8eb188: ;   {metadata('kotlin/coroutines/CombinedContext')}
  0x000000011b8eb188: 8a21 a0d2 | 0ab5 8cf2 | 7f01 0a6b | a122 0054 | aa13 40b9 | 41f1 7dd3 

  0x000000011b8eb1a0: ;   {oop(a 'kotlinx/coroutines/Job$Key'{0x00000003011497f0})}
  0x000000011b8eb1a0: 02fe 92d2 | 8222 a0f2 | 6200 c0f2 | 0918 90d2 | 29cc bcf2 | e900 c0f2 

  0x000000011b8eb1b8: ; ImmutableOopMap {rfp=Oop [0]=Oop [8]=Oop [16]=Oop [24]=Oop }
                      ;*invokeinterface get {reexecute=0 rethrow=0 return_oop=1}
                      ; - kotlin.coroutines.CombinedContext::get@14 (line 122)
                      ; - kotlinx.coroutines.DispatchedTask::run@147 (line 91)
                      ;   {virtual_call}
  0x000000011b8eb1b8: 72d3 df97 

  0x000000011b8eb1bc: ;   {other}
  0x000000011b8eb1bc: 1f20 03d5 | 9fa5 80f2 | 1fa0 80f2 | ec03 00aa | e002 00b5 | ab0f 40b9 | 61f1 7dd3 

  0x000000011b8eb1d8: ; implicit exception: dispatches to 0x000000011b8eb8f0
  0x000000011b8eb1d8: 2a08 40b9 

  0x000000011b8eb1dc: ;   {metadata('kotlin/coroutines/CombinedContext')}
  0x000000011b8eb1dc: 8c21 a0d2 | 0cb5 8cf2 | 5f01 0c6b | 010b 0054 | fd03 01aa | aa13 40b9 | 41f1 7dd3 

  0x000000011b8eb1f8: ;   {oop(a 'kotlinx/coroutines/Job$Key'{0x00000003011497f0})}
  0x000000011b8eb1f8: 02fe 92d2 | 8222 a0f2 | 6200 c0f2 | 0920 90d2 | 29cc bcf2 | e900 c0f2 

  0x000000011b8eb210: ; ImmutableOopMap {rfp=Oop [0]=Oop [8]=Oop [16]=Oop [24]=Oop }
                      ;*invokeinterface get {reexecute=0 rethrow=0 return_oop=1}
                      ; - kotlin.coroutines.CombinedContext::get@14 (line 122)
                      ; - kotlinx.coroutines.DispatchedTask::run@147 (line 91)
                      ;   {virtual_call}
  0x000000011b8eb210: 5cd3 df97 

  0x000000011b8eb214: ;   {other}
  0x000000011b8eb214: 1f20 03d5 | 9fb0 80f2 | 1fc0 80f2 | ec03 00aa | 60fd ffb4 

  0x000000011b8eb228: ; implicit exception: dispatches to 0x000000011b8eb8cc
  0x000000011b8eb228: 8a09 40b9 | 4409 5cd2 | 8a10 40f9 

  0x000000011b8eb234: ;   {metadata('kotlinx/coroutines/Job')}
  0x000000011b8eb234: 0b00 98d2 | 8b21 a0f2 | 0b0e c0f2 | 5f01 0beb | 6104 0054 | fd03 0caa | e103 1daa | 0924 90d2 
  0x000000011b8eb254: 29cc bcf2 | e900 c0f2 

  0x000000011b8eb25c: ; ImmutableOopMap {rfp=Oop [0]=Oop [8]=Oop [16]=Oop [24]=Oop }
                      ;*invokeinterface isActive {reexecute=0 rethrow=0 return_oop=0}
                      ; - kotlinx.coroutines.DispatchedTask::run@168 (line 92)
                      ;   {virtual_call}
  0x000000011b8eb25c: 6d84 e497 

  0x000000011b8eb260: ;   {other}
  0x000000011b8eb260: 1f20 03d5 | 1fba 80f2 | 1fe0 80f2 | 6008 0034 | e103 40f9 | e20f 40f9 | e9ff 9fd2 | e9ff bff2 
  0x000000011b8eb280: e9ff dff2 

  0x000000011b8eb284: ; ImmutableOopMap {[0]=Oop [8]=Oop [16]=Oop }
                      ;*invokevirtual getSuccessfulResult$kotlinx_coroutines_core {reexecute=0 rethrow=0 return_oop=1}
                      ; - kotlinx.coroutines.DispatchedTask::run@295 (line 100)
                      ;   {virtual_call}
  0x000000011b8eb284: 5dd2 df97 

  0x000000011b8eb288: ;   {other}
  0x000000011b8eb288: 1f20 03d5 | 1fbf 80f2 | 1f00 81f2 | e107 40f9 | e203 00aa | 095c 92d2 | 29cc bcf2 | e900 c0f2 
  0x000000011b8eb2a8: ; ImmutableOopMap {[0]=Oop [16]=Oop }
                      ;*invokeinterface resumeWith {reexecute=0 rethrow=0 return_oop=0}
                      ; - kotlinx.coroutines.DispatchedTask::run@301 (line 100)
                      ;   {virtual_call}
  0x000000011b8eb2a8: 5ed2 df97 

  0x000000011b8eb2ac: ;   {other}
  0x000000011b8eb2ac: 1f20 03d5 | 9fc3 80f2 | 1f20 81f2 | fd7b 44a9 | ff43 0191 

  0x000000011b8eb2c0: ;   {poll_return}
  0x000000011b8eb2c0: 882b 42f9 | ff63 28eb | 0843 0054 | c003 5fd6 

  0x000000011b8eb2d0: ;   {metadata('kotlinx/coroutines/Job')}
  0x000000011b8eb2d0: 0000 98d2 | 8021 a0f2 | 000e c0f2 | e503 40b2 | 8950 40f9 | 8050 40fd | 8901 e036 | 0054 635f 
  0x000000011b8eb2f0: 0058 200e | 00b8 310e | 0300 669e | 8114 40f9 | 2578 63f8 | a500 00ca | 8500 00b4 | 6900 e836 
  0x000000011b8eb310: 2971 c993 

  0x000000011b8eb314: ;   {runtime_call StubRoutines (final stubs)}
  0x000000011b8eb314: 493a dc97 | 85f9 ffb4 | fd2b 40a9 | ea03 00f9 | ea0b 40f9 | ea07 00f9 | ea0f 40f9 | 2104 8012 
  0x000000011b8eb334: ea33 01a9 

  0x000000011b8eb338: ; ImmutableOopMap {rfp=Oop [0]=Oop [8]=Oop [16]=Oop [24]=Oop }
                      ;*checkcast {reexecute=0 rethrow=0 return_oop=0}
                      ; - kotlinx.coroutines.DispatchedTask::run@152 (line 91)
                      ;   {runtime_call UncommonTrapBlob}
  0x000000011b8eb338: 122f dc97 

  0x000000011b8eb33c: ;   {other}
  0x000000011b8eb33c: 1f20 03d5 | 9fd5 80f2 | 1f40 81f2 

  0x000000011b8eb348: ;   {oop(a 'kotlinx/coroutines/Job$Key'{0x00000003011497f0})}
  0x000000011b8eb348: 02fe 92d2 | 8222 a0f2 | 6200 c0f2 | 0990 89d2 | 29cc bcf2 | e900 c0f2 

  0x000000011b8eb360: ; ImmutableOopMap {[0]=Oop [8]=Oop [16]=Oop [24]=Oop }
                      ;*invokeinterface get {reexecute=0 rethrow=0 return_oop=1}
                      ; - kotlin.coroutines.CombinedContext::get@55 (line 127)
                      ; - kotlinx.coroutines.DispatchedTask::run@147 (line 91)
                      ;   {virtual_call}
  0x000000011b8eb360: 08d3 df97 

  0x000000011b8eb364: ;   {other}
  0x000000011b8eb364: 1f20 03d5 | 9fda 80f2 | 1f60 81f2 | ec03 00aa | adff ff17 | aa0b 40b9 

  0x000000011b8eb37c: ;   {metadata('kotlinx/coroutines/StandaloneCoroutine')}
  0x000000011b8eb37c: 8c21 a0d2 | 0cc7 99f2 | 5f01 0c6b | 4116 0054 | e103 1daa 

  0x000000011b8eb390: ; ImmutableOopMap {[0]=Oop [8]=Oop [16]=Oop [24]=Oop }
                      ;*invokeinterface getCancellationException {reexecute=0 rethrow=0 return_oop=1}
                      ; - kotlinx.coroutines.DispatchedTask::run@178 (line 93)
                      ;   {optimized virtual_call}
  0x000000011b8eb390: fcf9 3a96 

  0x000000011b8eb394: ;   {other}
  0x000000011b8eb394: 1f20 03d5 | 9fe0 80f2 | 1f80 81f2 | e013 00f9 | ec03 40f9 | 8b09 40b9 

  0x000000011b8eb3ac: ;   {metadata('kotlinx/coroutines/internal/DispatchedContinuation')}
  0x000000011b8eb3ac: 8a21 a0d2 | 0a75 9ef2 | 7f01 0a6b | c001 0054 

  0x000000011b8eb3bc: ;   {metadata('kotlinx/coroutines/CancellableContinuationImpl')}
  0x000000011b8eb3bc: aa21 a0d2 | 0a24 87f2 | 7f01 0a6b | 0125 0054 | ea03 0caa | fd03 0aaa | e103 0aaa | e28f 41a9 
  0x000000011b8eb3dc: ; ImmutableOopMap {rfp=Oop [0]=Oop [8]=Oop [16]=Oop [32]=Oop }
                      ;*invokevirtual cancelCompletedResult$kotlinx_coroutines_core {reexecute=0 rethrow=0 return_oop=0}
                      ; - kotlinx.coroutines.DispatchedTask::run@193 (line 94)
                      ;   {optimized virtual_call}
  0x000000011b8eb3dc: 1102 0094 

  0x000000011b8eb3e0: ;   {other}
  0x000000011b8eb3e0: 1f20 03d5 | 1fea 80f2 | 1fa0 81f2 | ec03 40f9 | fd03 0caa | ec03 00f9 | e113 40f9 

  0x000000011b8eb3fc: ;   {oop("exception"{0x00000003011f2fd8})}
  0x000000011b8eb3fc: 02fb 85d2 | e223 a0f2 | 6200 c0f2 

  0x000000011b8eb408: ; ImmutableOopMap {rfp=Oop [0]=Oop [8]=Oop [16]=Oop [32]=Oop }
                      ;*invokestatic checkNotNullParameter {reexecute=0 rethrow=0 return_oop=0}
                      ; - kotlin.ResultKt::createFailure@3
                      ; - kotlinx.coroutines.DispatchedTask::run@246 (line 232)
                      ;   {static_call}
  0x000000011b8eb408: def5 f297 

  0x000000011b8eb40c: ;   {other}
  0x000000011b8eb40c: 1f20 03d5 | 9fef 80f2 | 1fc0 81f2 | 80df 40f9 | 8ae7 40f9 | 0b40 0091 | 7f01 0aeb | 421b 0054 
  0x000000011b8eb42c: ea03 40b2 | 8bdf 00f9 

  0x000000011b8eb434: ;   {metadata('kotlin/Result$Failure')}
  0x000000011b8eb434: 8c21 a0d2 | 0c8e 95f2 | 0a00 00f9 | 0c08 00b9 | 70c1 80f9 | 1f0c 00b9 | ea03 00aa | ea0f 00f9 
  0x000000011b8eb454: e113 40f9 

  0x000000011b8eb458: ;   {oop("exception"{0x00000003011f2fd8})}
  0x000000011b8eb458: 02fb 85d2 | e223 a0f2 | 6200 c0f2 

  0x000000011b8eb464: ; ImmutableOopMap {rfp=Oop [0]=Oop [8]=Oop [16]=Oop [24]=Oop [32]=Oop }
                      ;*invokestatic checkNotNullParameter {reexecute=0 rethrow=0 return_oop=0}
                      ; - kotlin.Result$Failure::<init>@3
                      ; - kotlin.ResultKt::createFailure@11 (line 122)
                      ; - kotlinx.coroutines.DispatchedTask::run@246 (line 232)
                      ;   {static_call}
  0x000000011b8eb464: c7f5 f297 

  0x000000011b8eb468: ;   {other}
  0x000000011b8eb468: 1f20 03d5 | 1ffb 80f2 | 1fe0 81f2 | 8b03 c139 | 0b10 0035 | f30f 40f9 | ec13 40f9 | ea03 13aa 
  0x000000011b8eb488: eb03 0caa | 6b01 0aca | 8dfd 43d3 | 6bfd 56d3 | 6d0e 00b9 | 4b01 00b4 | 2c01 00b4 | 4afd 49d3 
  0x000000011b8eb4a8: 0b00 98d2 | eb24 a4f2 | 2b00 c0f2 | 6001 0a8b | 0b00 c039 | 7f09 0071 | 410f 0054 | bf3b 03d5 
  0x000000011b8eb4c8: e107 40f9 | e203 13aa | 0910 91d2 | 29cc bcf2 | e900 c0f2 

  0x000000011b8eb4dc: ; ImmutableOopMap {rfp=Oop [0]=Oop [16]=Oop }
                      ;*invokeinterface resumeWith {reexecute=0 rethrow=0 return_oop=0}
                      ; - kotlinx.coroutines.DispatchedTask::run@252 (line 232)
                      ;   {virtual_call}
  0x000000011b8eb4dc: d1d1 df97 

  0x000000011b8eb4e0: ;   {other}
  0x000000011b8eb4e0: 1f20 03d5 | 1f0a 81f2 | 1f00 82f2 | 73ff ff17 | fd03 00aa | e103 00aa 

  0x000000011b8eb4f8: ;   {oop("exception"{0x00000003011f2fd8})}
  0x000000011b8eb4f8: 02fb 85d2 | e223 a0f2 | 6200 c0f2 

  0x000000011b8eb504: ; ImmutableOopMap {rfp=Oop [0]=Oop [8]=Oop [16]=Oop }
                      ;*invokestatic checkNotNullParameter {reexecute=0 rethrow=0 return_oop=0}
                      ; - kotlin.ResultKt::createFailure@3
                      ; - kotlinx.coroutines.DispatchedTask::run@273 (line 98)
                      ;   {static_call}
  0x000000011b8eb504: 9ff5 f297 

  0x000000011b8eb508: ;   {other}
  0x000000011b8eb508: 1f20 03d5 | 1f0f 81f2 | 1f20 82f2 | 80df 40f9 | 8ae7 40f9 | 0b40 0091 | 7f01 0aeb | 6214 0054 
  0x000000011b8eb528: ea03 40b2 | 8bdf 00f9 | 0a00 00f9 

  0x000000011b8eb534: ;   {metadata('kotlin/Result$Failure')}
  0x000000011b8eb534: 8a21 a0d2 | 0a8e 95f2 | 0a08 00b9 | 70c1 80f9 | 1f0c 00b9 | ea03 00aa | ea0f 00f9 | e103 1daa 
  0x000000011b8eb554: ;   {oop("exception"{0x00000003011f2fd8})}
  0x000000011b8eb554: 02fb 85d2 | e223 a0f2 | 6200 c0f2 

  0x000000011b8eb560: ; ImmutableOopMap {rfp=Oop [0]=Oop [8]=Oop [16]=Oop [24]=Oop }
                      ;*invokestatic checkNotNullParameter {reexecute=0 rethrow=0 return_oop=0}
                      ; - kotlin.Result$Failure::<init>@3
                      ; - kotlin.ResultKt::createFailure@11 (line 122)
                      ; - kotlinx.coroutines.DispatchedTask::run@273 (line 98)
                      ;   {static_call}
  0x000000011b8eb560: 88f5 f297 

  0x000000011b8eb564: ;   {other}
  0x000000011b8eb564: 1f20 03d5 | 9f1a 81f2 | 1f40 82f2 | 8b03 c139 | 8b0c 0035 | f30f 40f9 | ec03 1daa | ea03 13aa 
  0x000000011b8eb584: eb03 0caa | 6b01 0aca | 8dfd 43d3 | 6bfd 56d3 | 6d0e 00b9 | 2b01 00b4 | 4afd 49d3 | 0b00 98d2 
  0x000000011b8eb5a4: eb24 a4f2 | 2b00 c0f2 | 6001 0a8b | 0a00 c039 | 5f09 0071 | e10b 0054 | bf3b 03d5 | e107 40f9 
  0x000000011b8eb5c4: e203 13aa | 0908 8ad2 | 29cc bcf2 | e900 c0f2 

  0x000000011b8eb5d4: ; ImmutableOopMap {[0]=Oop [16]=Oop }
                      ;*invokeinterface resumeWith {reexecute=0 rethrow=0 return_oop=0}
                      ; - kotlinx.coroutines.DispatchedTask::run@279 (line 98)
                      ;   {virtual_call}
  0x000000011b8eb5d4: 93d1 df97 

  0x000000011b8eb5d8: ;   {other}
  0x000000011b8eb5d8: 1f20 03d5 | 1f29 81f2 | 1f60 82f2 | 35ff ff17 

  0x000000011b8eb5e8: ;   {metadata('coil3/compose/internal/DeferredDispatchCoroutineContext')}
  0x000000011b8eb5e8: 8c2a a0d2 | 0c43 89f2 | 7f01 0c6b | e110 0054 | ea03 0daa | 4b0d 40b9 | 61f1 7dd3 

  0x000000011b8eb604: ;   {oop(a 'kotlinx/coroutines/Job$Key'{0x00000003011497f0})}
  0x000000011b8eb604: 02fe 92d2 | 8222 a0f2 | 6200 c0f2 | 09b5 8cd2 | 8921 a0f2 | 090e c0f2 

  0x000000011b8eb61c: ; ImmutableOopMap {[0]=Oop [8]=Oop [16]=Oop [24]=Oop }
                      ;*invokeinterface get {reexecute=0 rethrow=0 return_oop=1}
                      ; - coil3.compose.internal.ForwardingCoroutineContext::get@5
                      ; - kotlinx.coroutines.DispatchedTask::run@147 (line 91)
                      ;   {virtual_call}
  0x000000011b8eb61c: 69c9 f697 

  0x000000011b8eb620: ;   {other}
  0x000000011b8eb620: 1f20 03d5 | 1f32 81f2 | 1f80 82f2 | ec03 00aa | fefe ff17 | e103 00aa 

  0x000000011b8eb638: ; ImmutableOopMap {[0]=Oop [8]=Oop [16]=Oop }
                      ;*invokestatic threadContextElements {reexecute=0 rethrow=0 return_oop=1}
                      ; - kotlinx.coroutines.internal.ThreadContextKt::updateThreadContext@7 (line 61)
                      ; - kotlinx.coroutines.DispatchedTask::run@71 (line 223)
                      ;   {static_call}
  0x000000011b8eb638: 5214 dc97 

  0x000000011b8eb63c: ;   {other}
  0x000000011b8eb63c: 1f20 03d5 | 9f35 81f2 | 1fa0 82f2 | fd03 00aa | a6fe ff17 | e103 1daa | 09a3 8ed2 | 4922 a0f2 
  0x000000011b8eb65c: 090e c0f2 

  0x000000011b8eb660: ; ImmutableOopMap {[0]=Oop [8]=Oop [16]=Oop [24]=Oop }
                      ;*invokeinterface getCancellationException {reexecute=0 rethrow=0 return_oop=1}
                      ; - kotlinx.coroutines.DispatchedTask::run@178 (line 93)
                      ;   {virtual_call}
  0x000000011b8eb660: 38f9 3a96 

  0x000000011b8eb664: ;   {other}
  0x000000011b8eb664: 1f20 03d5 | 9f3a 81f2 | 1fc0 82f2 | e013 00f9 | 4cff ff17 | f30f 40f9 | 6a0e 40b9 | 40f1 7dd3 
  0x000000011b8eb684: e0ef ffb4 | 8a17 40f9 | ca0a 00b4 | 8b1f 40f9 | 4c21 00d1 | 6a01 0a8b | 4081 1ff8 | 8c17 00f9 
  0x000000011b8eb6a4: 77ff ff17 | 8a2f 40f9 | 8b27 40f9 | bf3b 03d5 | 0d00 c039 | 6df0 ff34 | 1f00 0039 | 8b01 00b5 
  0x000000011b8eb6c4: e103 1caa | c900 0010 | 89d7 01f9 

  0x000000011b8eb6d0: ;   {runtime_call G1BarrierSetRuntime::write_ref_field_post_entry(unsigned char volatile*, JavaThread*)}
  0x000000011b8eb6d0: 88f0 80d2 | 284c a1f2 | 2800 c0f2 | 0001 3fd6 

  0x000000011b8eb6e0: ;   {other}
  0x000000011b8eb6e0: 1f20 03d5 | 1f00 80f2 | 1f00 80f2 | 76ff ff17 | 6c21 00d1 | 4a01 0b8b | 4081 1ff8 | 8c27 00f9 
  0x000000011b8eb700: 71ff ff17 | f30f 40f9 | 6a0e 40b9 | 40f1 7dd3 | 60f3 ffb4 | 8a17 40f9 | 2a09 00b4 | 8b1f 40f9 
  0x000000011b8eb720: 4c21 00d1 | 6a01 0a8b | 4081 1ff8 | 8c17 00f9 | 93ff ff17 | 8a27 40f9 | 8b2f 40f9 | bf3b 03d5 
  0x000000011b8eb740: 0c00 c039 | ccf3 ff34 | 1f00 0039 | 8a01 00b5 | e103 1caa | c900 0010 | 89d7 01f9 

  0x000000011b8eb75c: ;   {runtime_call G1BarrierSetRuntime::write_ref_field_post_entry(unsigned char volatile*, JavaThread*)}
  0x000000011b8eb75c: 88f0 80d2 | 284c a1f2 | 2800 c0f2 | 0001 3fd6 

  0x000000011b8eb76c: ;   {other}
  0x000000011b8eb76c: 1f20 03d5 | 1f00 80f2 | 1f00 80f2 | 91ff ff17 | 4c21 00d1 | 6a01 0a8b | 4081 1ff8 | 8c27 00f9 
  0x000000011b8eb78c: 8cff ff17 

  0x000000011b8eb790: ;   {metadata('kotlin/Result$Failure')}
  0x000000011b8eb790: 018e 95d2 | 8121 a0f2 | 010e c0f2 

  0x000000011b8eb79c: ; ImmutableOopMap {rfp=Oop [0]=Oop [8]=Oop [16]=Oop [32]=Oop }
                      ;*new {reexecute=0 rethrow=0 return_oop=1}
                      ; - kotlin.ResultKt::createFailure@6 (line 122)
                      ; - kotlinx.coroutines.DispatchedTask::run@246 (line 232)
                      ;   {runtime_call _new_instance_Java}
  0x000000011b8eb79c: 5986 df97 

  0x000000011b8eb7a0: ;   {other}
  0x000000011b8eb7a0: 1f20 03d5 | 1f62 81f2 | 1fe0 82f2 | 28ff ff17 

  0x000000011b8eb7b0: ;   {metadata('kotlin/Result$Failure')}
  0x000000011b8eb7b0: 018e 95d2 | 8121 a0f2 | 010e c0f2 

  0x000000011b8eb7bc: ; ImmutableOopMap {rfp=Oop [0]=Oop [8]=Oop [16]=Oop }
                      ;*new {reexecute=0 rethrow=0 return_oop=1}
                      ; - kotlin.ResultKt::createFailure@6 (line 122)
                      ; - kotlinx.coroutines.DispatchedTask::run@273 (line 98)
                      ;   {runtime_call _new_instance_Java}
  0x000000011b8eb7bc: 5186 df97 

  0x000000011b8eb7c0: ;   {other}
  0x000000011b8eb7c0: 1f20 03d5 | 1f66 81f2 | 1f00 83f2 | 5fff ff17 | 4117 8012 

  0x000000011b8eb7d4: ; ImmutableOopMap {rfp=Oop [0]=Oop [8]=Oop [16]=Oop }
                      ;*if_acmpne {reexecute=1 rethrow=0 return_oop=0}
                      ; - (reexecute) kotlinx.coroutines.internal.ThreadContextKt::updateThreadContext@17 (line 64)
                      ; - kotlinx.coroutines.DispatchedTask::run@71 (line 223)
                      ;   {runtime_call UncommonTrapBlob}
  0x000000011b8eb7d4: eb2d dc97 

  0x000000011b8eb7d8: ;   {other}
  0x000000011b8eb7d8: 1f20 03d5 | 1f69 81f2 | 1f20 83f2 | e103 1caa | c900 0010 | 89d7 01f9 

  0x000000011b8eb7f0: ;   {runtime_call G1BarrierSetRuntime::write_ref_field_pre_entry(oopDesc*, JavaThread*)}
  0x000000011b8eb7f0: 88eb 80d2 | 284c a1f2 | 2800 c0f2 | 0001 3fd6 

  0x000000011b8eb800: ;   {other}
  0x000000011b8eb800: 1f20 03d5 | 1f00 80f2 | 1f00 80f2 | 1dff ff17 | fd2b 40a9 | ea03 00f9 | ea0b 40f9 | ea07 00f9 
  0x000000011b8eb820: ea0f 40f9 | 2107 8012 | ea37 01a9 

  0x000000011b8eb82c: ; ImmutableOopMap {rfp=Oop [0]=Oop [8]=Oop [16]=Oop [24]=Oop }
                      ;*invokeinterface get {reexecute=0 rethrow=0 return_oop=0}
                      ; - kotlinx.coroutines.DispatchedTask::run@147 (line 91)
                      ;   {runtime_call UncommonTrapBlob}
  0x000000011b8eb82c: d52d dc97 

  0x000000011b8eb830: ;   {other}
  0x000000011b8eb830: 1f20 03d5 | 1f74 81f2 | 1f40 83f2 | e103 1caa | c900 0010 | 89d7 01f9 

  0x000000011b8eb848: ;   {runtime_call G1BarrierSetRuntime::write_ref_field_pre_entry(oopDesc*, JavaThread*)}
  0x000000011b8eb848: 88eb 80d2 | 284c a1f2 | 2800 c0f2 | 0001 3fd6 

  0x000000011b8eb858: ;   {other}
  0x000000011b8eb858: 1f20 03d5 | 1f00 80f2 | 1f00 80f2 | 46ff ff17 | ea07 40f9 | ea03 00f9 | ea0b 40f9 | 2107 8012 
  0x000000011b8eb878: eab3 00a9 

  0x000000011b8eb87c: ; ImmutableOopMap {[0]=Oop [8]=Oop [16]=Oop [24]=Oop [32]=Oop }
                      ;*invokevirtual cancelCompletedResult$kotlinx_coroutines_core {reexecute=0 rethrow=0 return_oop=0}
                      ; - kotlinx.coroutines.DispatchedTask::run@193 (line 94)
                      ;   {runtime_call UncommonTrapBlob}
  0x000000011b8eb87c: c12d dc97 

  0x000000011b8eb880: ;   {other}
  0x000000011b8eb880: 1f20 03d5 | 1f7e 81f2 | 1f60 83f2 | fd03 40f9 | 2104 8012 | e003 00f9 

  0x000000011b8eb898: ; ImmutableOopMap {rfp=Oop [0]=Oop }
                      ;*checkcast {reexecute=0 rethrow=0 return_oop=0}
                      ; - kotlinx.coroutines.DispatchedTask::run@43 (line 80)
                      ;   {runtime_call UncommonTrapBlob}
  0x000000011b8eb898: ba2d dc97 

  0x000000011b8eb89c: ;   {other}
  0x000000011b8eb89c: 1f20 03d5 | 9f81 81f2 | 1f80 83f2 | fd2b 40a9 | ea03 00f9 | ea0b 40f9 | 2101 8012 | ea07 00f9 
  0x000000011b8eb8bc: ; ImmutableOopMap {rfp=Oop [0]=Oop [8]=Oop [24]=Oop }
                      ;*invokeinterface get {reexecute=0 rethrow=0 return_oop=0}
                      ; - kotlinx.coroutines.DispatchedTask::run@147 (line 91)
                      ;   {runtime_call UncommonTrapBlob}
  0x000000011b8eb8bc: b12d dc97 

  0x000000011b8eb8c0: ;   {other}
  0x000000011b8eb8c0: 1f20 03d5 | 1f86 81f2 | 1fa0 83f2 | fd2b 40a9 | ea03 00f9 | ea0b 40f9 | 6101 8012 | ea07 00f9 
  0x000000011b8eb8e0: ; ImmutableOopMap {rfp=Oop [0]=Oop [8]=Oop [24]=Oop }
                      ;*checkcast {reexecute=0 rethrow=0 return_oop=0}
                      ; - kotlinx.coroutines.DispatchedTask::run@152 (line 91)
                      ;   {runtime_call UncommonTrapBlob}
  0x000000011b8eb8e0: a82d dc97 

  0x000000011b8eb8e4: ;   {other}
  0x000000011b8eb8e4: 1f20 03d5 | 9f8a 81f2 | 1fc0 83f2 | fd2b 40a9 | ea03 00f9 | ea0b 40f9 | 6101 8012 | ea07 00f9 
  0x000000011b8eb904: ; ImmutableOopMap {rfp=Oop [0]=Oop [8]=Oop [24]=Oop }
                      ;*instanceof {reexecute=0 rethrow=0 return_oop=0}
                      ; - kotlin.coroutines.CombinedContext::get@39 (line 124)
                      ; - kotlinx.coroutines.DispatchedTask::run@147 (line 91)
                      ;   {runtime_call UncommonTrapBlob}
  0x000000011b8eb904: 9f2d dc97 

  0x000000011b8eb908: ;   {other}
  0x000000011b8eb908: 1f20 03d5 | 1f8f 81f2 | 1fe0 83f2 | 4117 8012 | fd03 40f9 | e007 00f9 

  0x000000011b8eb920: ; ImmutableOopMap {rfp=Oop [8]=Oop }
                      ;*ifnonnull {reexecute=1 rethrow=0 return_oop=0}
                      ; - (reexecute) kotlin.jvm.internal.Intrinsics::checkNotNull@1 (line 30)
                      ; - kotlinx.coroutines.DispatchedTask::run@40 (line 80)
                      ;   {runtime_call UncommonTrapBlob}
  0x000000011b8eb920: 982d dc97 

  0x000000011b8eb924: ;   {other}
  0x000000011b8eb924: 1f20 03d5 | 9f92 81f2 | 1f00 84f2 | e103 00aa | 0400 0014 | e103 00aa | 0200 0014 | e103 00aa 
  0x000000011b8eb944: fd7b 44a9 | ff43 0191 

  0x000000011b8eb94c: ;   {runtime_call _rethrow_Java}
  0x000000011b8eb94c: 2dab df17 | 2100 0014 | 2300 0014 | e203 00aa | 6b00 0014 | 0b08 40b9 

  0x000000011b8eb964: ;   {metadata('kotlinx/coroutines/DispatchException')}
  0x000000011b8eb964: 8a21 a0d2 | 0ac8 9ef2 | 7f01 0a6b | 41ff ff54 | ea03 00aa | ea07 00f9 | 4c00 0014 | 1200 0014 
  0x000000011b8eb984: e203 00aa | 6000 0014 | 0a08 40b9 

  0x000000011b8eb990: ;   {metadata('kotlinx/coroutines/DispatchException')}
  0x000000011b8eb990: 8c21 a0d2 | 0cc8 9ef2 | 5f01 0c6b | 41ff ff54 | ea03 00aa | ea07 00f9 | 4100 0014 | e007 00f9 
  0x000000011b8eb9b0: 2f00 0014 | 2d00 0014 | e007 00f9 | 2c00 0014 | e007 00f9 | 2a00 0014 | e007 00f9 | 2800 0014 
  0x000000011b8eb9d0: 0100 0014 | e007 00f9 | 2500 0014 | 0100 0014 | e007 00f9 | 2200 0014 | 2000 0014 | e203 00aa 
  0x000000011b8eb9f0: 4600 0014 | 0b08 40b9 

  0x000000011b8eb9f8: ;   {metadata('kotlinx/coroutines/DispatchException')}
  0x000000011b8eb9f8: 8a21 a0d2 | 0ac8 9ef2 | 7f01 0a6b | 41ff ff54 | ea03 00aa | ea07 00f9 | 2700 0014 | 0a08 40b9 
  0x000000011b8eba18: ;   {metadata('kotlinx/coroutines/DispatchException')}
  0x000000011b8eba18: 8c21 a0d2 | 0cc8 9ef2 | 5f01 0c6b | e107 0054 | ea03 00aa | ea07 00f9 | 1f00 0014 | e007 00f9 
  0x000000011b8eba38: 0d00 0014 | e007 00f9 | 0b00 0014 | e007 00f9 | 0900 0014 | e007 00f9 | 0700 0014 | e007 00f9 
  0x000000011b8eba58: 0500 0014 | e007 00f9 | 0300 0014 | 0100 0014 | e007 00f9 | ea07 40f9 

  0x000000011b8eba70: ;   {oop(a 'kotlinx/coroutines/internal/Symbol'{0x0000000301000578})}
  0x000000011b8eba70: 02af 80d2 | 0220 a0f2 | 6200 c0f2 | 5d09 40b9 | e10b 40f9 

  0x000000011b8eba84: ; ImmutableOopMap {[0]=Oop [8]=Oop }
                      ;*invokestatic restoreThreadContext {reexecute=0 rethrow=0 return_oop=0}
                      ; - kotlinx.coroutines.DispatchedTask::run@354 (line 237)
                      ;   {static_call}
  0x000000011b8eba84: 3f13 dc97 

  0x000000011b8eba88: ;   {other}
  0x000000011b8eba88: 1f20 03d5 | 1fbf 81f2 | 1f20 84f2 

  0x000000011b8eba94: ;   {metadata('kotlinx/coroutines/DispatchException')}
  0x000000011b8eba94: 8b21 a0d2 | 0bc8 9ef2 | bf03 0b6b | 2103 0054 | ea07 40f9 | ea07 00f9 | e103 40f9 | e9ff 9fd2 
  0x000000011b8ebab4: e9ff bff2 | e9ff dff2 

  0x000000011b8ebabc: ; ImmutableOopMap {[8]=Oop }
                      ;*invokevirtual getDelegate$kotlinx_coroutines_core {reexecute=0 rethrow=0 return_oop=1}
                      ; - kotlinx.coroutines.DispatchedTask::run@362 (line 105)
                      ;   {virtual_call}
  0x000000011b8ebabc: 7112 dc97 

  0x000000011b8ebac0: ;   {other}
  0x000000011b8ebac0: 1f20 03d5 | 1fc6 81f2 | 1f40 84f2 | e103 00aa | e9ff 9fd2 | e9ff bff2 | e9ff dff2 

  0x000000011b8ebadc: ; ImmutableOopMap {[8]=Oop }
                      ;*invokeinterface getContext {reexecute=0 rethrow=0 return_oop=1}
                      ; - kotlinx.coroutines.DispatchedTask::run@365 (line 105)
                      ;   {virtual_call}
  0x000000011b8ebadc: 6912 dc97 

  0x000000011b8ebae0: ;   {other}
  0x000000011b8ebae0: 1f20 03d5 | 1fca 81f2 | 1f60 84f2 | fd03 00aa | 410a 8012 

  0x000000011b8ebaf4: ; ImmutableOopMap {rfp=Oop [8]=Oop }
                      ;*invokevirtual getCause {reexecute=0 rethrow=0 return_oop=0}
                      ; - kotlinx.coroutines.DispatchedTask::run@371 (line 105)
                      ;   {runtime_call UncommonTrapBlob}
  0x000000011b8ebaf4: 232d dc97 

  0x000000011b8ebaf8: ;   {other}
  0x000000011b8ebaf8: 1f20 03d5 | 1fcd 81f2 | 1f80 84f2 | e207 40f9 | e103 40f9 

  0x000000011b8ebb0c: ; ImmutableOopMap {}
                      ;*invokevirtual handleFatalException$kotlinx_coroutines_core {reexecute=0 rethrow=0 return_oop=0}
                      ; - kotlinx.coroutines.DispatchedTask::run@383 (line 107)
                      ;   {optimized virtual_call}
  0x000000011b8ebb0c: 9d11 dc97 

  0x000000011b8ebb10: ;   {other}
  0x000000011b8ebb10: 1f20 03d5 | 1fd0 81f2 | 1fa0 84f2 | e7fd ff17 | e203 00aa | f9ff ff17 

  0x000000011b8ebb28: ;   {internal_word}
  0x000000011b8ebb28: c8bc ff10 | 8837 02f9 

  0x000000011b8ebb30: ;   {runtime_call SafepointBlob}
  0x000000011b8ebb30: 742b dc17 | 0830 93d2 | e85f a3f2 | 2800 c0f2 | 0001 3fd6 | 4cfd ff17 

  0x000000011b8ebb48: ;   {other}
  0x000000011b8ebb48: 0700 0000 | 0000 0000 
[Stub Code]
  0x000000011b8ebb50: ;   {no_reloc}
  0x000000011b8ebb50: 4800 0058 | 0001 1fd6 | d002 0e1b | 0100 0000 

  0x000000011b8ebb60: ;   {trampoline_stub}
  0x000000011b8ebb60: 4800 0058 | 0001 1fd6 | 5800 0e1b | 0100 0000 

  0x000000011b8ebb70: ;   {trampoline_stub}
  0x000000011b8ebb70: 4800 0058 | 0001 1fd6 | 5800 0e1b | 0100 0000 

  0x000000011b8ebb80: ;   {trampoline_stub}
  0x000000011b8ebb80: 4800 0058 | 0001 1fd6 | 30fe 0d1b | 0100 0000 

  0x000000011b8ebb90: ;   {trampoline_stub}
  0x000000011b8ebb90: 4800 0058 | 0001 1fd6 | 30fb 0d1b | 0100 0000 

  0x000000011b8ebba0: ;   {trampoline_stub}
  0x000000011b8ebba0: 4800 0058 | 0001 1fd6 | 80ff 0d1b | 0100 0000 

  0x000000011b8ebbb0: ;   {trampoline_stub}
  0x000000011b8ebbb0: 4800 0058 | 0001 1fd6 | 80ff 0d1b | 0100 0000 

  0x000000011b8ebbc0: ;   {trampoline_stub}
  0x000000011b8ebbc0: 4800 0058 | 0001 1fd6 | 10c4 201b | 0100 0000 

  0x000000011b8ebbd0: ;   {trampoline_stub}
  0x000000011b8ebbd0: 4800 0058 | 0001 1fd6 | f8fb 0d1b | 0100 0000 

  0x000000011b8ebbe0: ;   {trampoline_stub}
  0x000000011b8ebbe0: 4800 0058 | 0001 1fd6 | 20fc 0d1b | 0100 0000 

  0x000000011b8ebbf0: ;   {trampoline_stub}
  0x000000011b8ebbf0: 4800 0058 | 0001 1fd6 | 80ff 0d1b | 0100 0000 

  0x000000011b8ebc00: ;   {trampoline_stub}
  0x000000011b8ebc00: 4800 0058 | 0001 1fd6 | 809b 7a14 | 0100 0000 

  0x000000011b8ebc10: ;   {trampoline_stub}
  0x000000011b8ebc10: 4800 0058 | 0001 1fd6 | 20bc 8e1b | 0100 0000 

  0x000000011b8ebc20: ;   {static_stub}
  0x000000011b8ebc20: df3f 03d5 

  0x000000011b8ebc24: ;   {metadata({method} {0x000000012c960df0} 'cancelCompletedResult$kotlinx_coroutines_core' '(Ljava/lang/Object;Ljava/lang/Throwable;)V' in 'kotlinx/coroutines/CancellableContinuationImpl')}
  0x000000011b8ebc24: 0cbe 81d2 | cc92 a5f2 | 2c00 c0f2 | 082b 99d2 | c85f a3f2 | 2800 c0f2 | 0001 1fd6 

  0x000000011b8ebc40: ;   {trampoline_stub}
  0x000000011b8ebc40: 4800 0058 | 0001 1fd6 | 808b 5a1b | 0100 0000 

  0x000000011b8ebc50: ;   {trampoline_stub}
  0x000000011b8ebc50: 4800 0058 | 0001 1fd6 | 808b 5a1b | 0100 0000 

  0x000000011b8ebc60: ;   {trampoline_stub}
  0x000000011b8ebc60: 4800 0058 | 0001 1fd6 | 20fc 0d1b | 0100 0000 

  0x000000011b8ebc70: ;   {trampoline_stub}
  0x000000011b8ebc70: 4800 0058 | 0001 1fd6 | 808b 5a1b | 0100 0000 

  0x000000011b8ebc80: ;   {trampoline_stub}
  0x000000011b8ebc80: 4800 0058 | 0001 1fd6 | 808b 5a1b | 0100 0000 

  0x000000011b8ebc90: ;   {trampoline_stub}
  0x000000011b8ebc90: 4800 0058 | 0001 1fd6 | 20fc 0d1b | 0100 0000 

  0x000000011b8ebca0: ;   {trampoline_stub}
  0x000000011b8ebca0: 4800 0058 | 0001 1fd6 | c0db 691b | 0100 0000 

  0x000000011b8ebcb0: ;   {trampoline_stub}
  0x000000011b8ebcb0: 4800 0058 | 0001 1fd6 | 8007 ff1a | 0100 0000 

  0x000000011b8ebcc0: ;   {trampoline_stub}
  0x000000011b8ebcc0: 4800 0058 | 0001 1fd6 | 409b 7a14 | 0100 0000 

  0x000000011b8ebcd0: ;   {trampoline_stub}
  0x000000011b8ebcd0: 4800 0058 | 0001 1fd6 | 8007 ff1a | 0100 0000 

  0x000000011b8ebce0: ;   {trampoline_stub}
  0x000000011b8ebce0: 4800 0058 | 0001 1fd6 | 8004 ff1a | 0100 0000 

  0x000000011b8ebcf0: ;   {trampoline_stub}
  0x000000011b8ebcf0: 4800 0058 | 0001 1fd6 | 8004 ff1a | 0100 0000 

  0x000000011b8ebd00: ;   {trampoline_stub}
  0x000000011b8ebd00: 4800 0058 | 0001 1fd6 | 8001 ff1a | 0100 0000 

  0x000000011b8ebd10: ;   {static_stub}
  0x000000011b8ebd10: df3f 03d5 

  0x000000011b8ebd14: ;   {metadata(nullptr)}
  0x000000011b8ebd14: 0c00 80d2 | 0c00 a0f2 | 0c00 c0f2 | 0800 80d2 | 0800 a0f2 | 0800 c0f2 | 0001 1fd6 

  0x000000011b8ebd30: ;   {static_stub}
  0x000000011b8ebd30: df3f 03d5 

  0x000000011b8ebd34: ;   {metadata(nullptr)}
  0x000000011b8ebd34: 0c00 80d2 | 0c00 a0f2 | 0c00 c0f2 | 0800 80d2 | 0800 a0f2 | 0800 c0f2 | 0001 1fd6 

  0x000000011b8ebd50: ;   {static_stub}
  0x000000011b8ebd50: df3f 03d5 

  0x000000011b8ebd54: ;   {metadata(nullptr)}
  0x000000011b8ebd54: 0c00 80d2 | 0c00 a0f2 | 0c00 c0f2 | 0800 80d2 | 0800 a0f2 | 0800 c0f2 | 0001 1fd6 

  0x000000011b8ebd70: ;   {static_stub}
  0x000000011b8ebd70: df3f 03d5 

  0x000000011b8ebd74: ;   {metadata(nullptr)}
  0x000000011b8ebd74: 0c00 80d2 | 0c00 a0f2 | 0c00 c0f2 | 0800 80d2 | 0800 a0f2 | 0800 c0f2 | 0001 1fd6 

  0x000000011b8ebd90: ;   {static_stub}
  0x000000011b8ebd90: df3f 03d5 

  0x000000011b8ebd94: ;   {metadata(nullptr)}
  0x000000011b8ebd94: 0c00 80d2 | 0c00 a0f2 | 0c00 c0f2 | 0800 80d2 | 0800 a0f2 | 0800 c0f2 | 0001 1fd6 
[Exception Handler]
  0x000000011b8ebdb0: ;   {runtime_call ExceptionBlob}
  0x000000011b8ebdb0: 5487 df17 
[Deopt Handler Code]
  0x000000011b8ebdb4: 1e00 0010 

  0x000000011b8ebdb8: ;   {runtime_call DeoptimizationBlob}
  0x000000011b8ebdb8: a22b dc17 | 0000 0000 
[/MachCode]


Compiled method (c2) 140872 8938 %     4       kotlinx.coroutines.scheduling.CoroutineScheduler$Worker::runWorker @ 2 (118 bytes)
 total in heap  [0x000000011b9a9110,0x000000011b9aae00] = 7408
 relocation     [0x000000011b9a9260,0x000000011b9a9440] = 480
 main code      [0x000000011b9a9440,0x000000011b9aa268] = 3624
 stub code      [0x000000011b9aa268,0x000000011b9aa3e8] = 384
 oops           [0x000000011b9aa3e8,0x000000011b9aa460] = 120
 metadata       [0x000000011b9aa460,0x000000011b9aa590] = 304
 scopes data    [0x000000011b9aa590,0x000000011b9aa9e0] = 1104
 scopes pcs     [0x000000011b9aa9e0,0x000000011b9aace0] = 768
 dependencies   [0x000000011b9aace0,0x000000011b9aacf8] = 24
 handler table  [0x000000011b9aacf8,0x000000011b9aadd0] = 216
 nul chk table  [0x000000011b9aadd0,0x000000011b9aae00] = 48

[Constant Pool (empty)]

[MachCode]
[Verified Entry Point]
  # {method} {0x000000012c93d468} 'runWorker' '()V' in 'kotlinx/coroutines/scheduling/CoroutineScheduler$Worker'
  0x000000011b9a9440: 0000 20d4 | 1f20 03d5 | 1f20 03d5 | 1f20 03d5 | 1f20 03d5 | e953 40d1 | 3f01 00f9 | ff43 02d1 
  0x000000011b9a9460: fd7b 08a9 | e86f 0018 | 8923 40b9 | 1f01 09eb | e16e 0054 | 8ac7 41f9 | 3508 40f9 | 3408 40b9 
  0x000000011b9a9480: 5301 40f9 | e003 01aa | c900 0010 | 89d7 01f9 

  0x000000011b9a9490: ;   {runtime_call SharedRuntime::OSR_migration_end(long*)}
  0x000000011b9a9490: 088c 87d2 | 6856 a1f2 | 2800 c0f2 | 0001 3fd6 

  0x000000011b9a94a0: ;   {other}
  0x000000011b9a94a0: 1f20 03d5 | 1f00 80f2 | 1f00 80f2 

  0x000000011b9a94ac: ; implicit exception: dispatches to 0x000000011b9aa234
  0x000000011b9a94ac: aa0a 40b9 

  0x000000011b9a94b0: ;   {metadata('kotlinx/coroutines/scheduling/CoroutineScheduler$Worker')}
  0x000000011b9a94b0: 8c21 a0d2 | 0cdd 96f2 | 5f01 0c6b | 4163 0054 | f40b 00b9 | f403 15aa | 8a22 0291 | ea03 00f9 
  0x000000011b9a94d0: 8a82 0291 | ea13 00f9 | 8a22 0291 | ea17 00f9 | 8a82 0291 | ea1b 00f9 | 8a82 0291 | ea1f 00f9 
  0x000000011b9a94f0: 8ad2 0191 | ea23 00f9 | 8a82 0291 | 6b0a 40b9 | ea27 00f9 | 8a82 0291 | ea2b 00f9 | 6a09 5cd2 
  0x000000011b9a9510: 6bee 0091 | 4a21 40f9 | 7dee 0091 | f44f 01a9 | ebab 05a9 | 1c00 0014 | ec0b 40f9 | 9ffd 07a9 
  0x000000011b9a9530: ;   {oop(a 'kotlinx/coroutines/scheduling/CoroutineScheduler$WorkerState'{0x0000000301000d50})}
  0x000000011b9a9530: 0c04 acd2 | 4c35 80f2 | 5f01 0c6b | 6053 0054 | 0b30 4039 | 8b27 0035 | 0a08 40b9 | 6e48 00b4 
  0x000000011b9a9550: ;   {metadata('kotlinx/coroutines/CancellableContinuationImpl')}
  0x000000011b9a9550: ac21 a0d2 | 0c24 87f2 | 5f01 0c6b | 4131 0054 | e103 00aa 

  0x000000011b9a9564: ; ImmutableOopMap {[16]=Oop [80]=Derived_oop_[16] [72]=Derived_oop_[16] [64]=Derived_oop_[16] [56]=Derived_oop_[16] [48]=Derived_oop_[16] [40]=Derived_oop_[16] [32]=Derived_oop_[16] [0]=Derived_oop_[16] [24]=Oop [88]=Derived_oop_[24] rfp=Derived_oop_[24] }
                      ;*invokevirtual run {reexecute=0 rethrow=0 return_oop=0}
                      ; - kotlinx.coroutines.scheduling.CoroutineScheduler::runSafely@2 (line 586)
                      ; - kotlinx.coroutines.scheduling.CoroutineScheduler$Worker::executeTask@164 (line 829)
                      ; - kotlinx.coroutines.scheduling.CoroutineScheduler$Worker::runWorker@44 (line 717)
                      ;   {optimized virtual_call}
  0x000000011b9a9564: bb06 fd97 

  0x000000011b9a9568: ;   {other}
  0x000000011b9a9568: 1f20 03d5 | 1f8b 80f2 | 1f00 80f2 

  0x000000011b9a9574: ;   {oop(a 'java/lang/Class'{0x00000003011480d8} = 'kotlinx/coroutines/AbstractTimeSourceKt')}
  0x000000011b9a9574: 0a1b 90d2 | 8a22 a0f2 | 6a00 c0f2 | 4b71 40b9 | 6af1 7dd3 | 0a52 00b5 | eb03 1f2a | eb0b 00b9 
  0x000000011b9a9594: ea0b 40f9 | 4ba5 40b9 | 6af1 7dd3 | 2a3f 00b4 | 4ab1 0091 | 4afd df88 | eb0b 40f9 | 6b9d 40b9 
  0x000000011b9a95b4: 5f05 0071 | 003f 0054 

  0x000000011b9a95bc: ;   {oop(a 'kotlinx/coroutines/scheduling/CoroutineScheduler$WorkerState'{0x0000000301000d38})}
  0x000000011b9a95bc: 0a04 acd2 | ea34 80f2 | 7f01 0a6b | 403f 0054 | ea0b 40f9 | 4241 4239 | e10b 40f9 

  0x000000011b9a95d8: ; ImmutableOopMap {[16]=Oop [80]=Derived_oop_[16] [72]=Derived_oop_[16] [64]=Derived_oop_[16] [56]=Derived_oop_[16] [48]=Derived_oop_[16] [40]=Derived_oop_[16] [32]=Derived_oop_[16] [0]=Derived_oop_[16] [24]=Oop [88]=Derived_oop_[24] rfp=Derived_oop_[24] }
                      ;*invokevirtual findTask {reexecute=0 rethrow=0 return_oop=1}
                      ; - kotlinx.coroutines.scheduling.CoroutineScheduler$Worker::runWorker@27 (line 712)
                      ;   {optimized virtual_call}
  0x000000011b9a95d8: 6eda 0b94 

  0x000000011b9a95dc: ;   {other}
  0x000000011b9a95dc: 1f20 03d5 | 9f99 80f2 | 1f20 80f2 | ea0b 40f9 | 4a9d 40b9 | eb0b 40f9 | 6ca5 40b9 | 4bf1 7dd3 
  0x000000011b9a95fc: e037 00f9 | 8ef1 7dd3 | 20f9 ffb5 | ec0b 40f9 | 9f41 0239 | 8c41 40f9 | 2c19 00b5 | ea1b 40f9 
  0x000000011b9a961c: 4afd df88 

  0x000000011b9a9620: ;   {oop(a 'kotlinx/coroutines/internal/Symbol'{0x0000000301000c10})}
  0x000000011b9a9620: 0c04 acd2 | 4c30 80f2 | 5f01 0c6b | e00f 0054 | 0b00 a012 | ea17 40f9 | 4bfd 9f88 | ea13 40f9 
  0x000000011b9a9640: 4cfd df88 

  0x000000011b9a9644: ;   {oop(a 'kotlinx/coroutines/internal/Symbol'{0x0000000301000c10})}
  0x000000011b9a9644: 0a04 acd2 | 4a30 80f2 | 9f01 0a6b | 20fa ff54 

  0x000000011b9a9654: ;   {metadata('java/lang/BaseVirtualThread')}
  0x000000011b9a9654: 0b1d 94d2 | 4b00 a0f2 | 0b0e c0f2 | ea33 40f9 | 5f01 0beb | a041 0054 | 1f20 03d5 | ea03 40f9 
  0x000000011b9a9674: 4bfd df88 | 7f05 0031 | c1f8 ff54 | ea0b 40f9 | 4ba5 40b9 | 6af1 7dd3 | ca3c 00b4 | 4ab1 0091 
  0x000000011b9a9694: 4afd df88 | eb0b 40f9 | 6c9d 40b9 | 5f05 0071 | 0044 0054 

  0x000000011b9a96a8: ;   {oop(a 'kotlinx/coroutines/scheduling/CoroutineScheduler$WorkerState'{0x0000000301000d38})}
  0x000000011b9a96a8: 0b04 acd2 | eb34 80f2 | 9f01 0b6b | 8df1 7dd3 | 4044 0054 

  0x000000011b9a96bc: ;   {oop(a 'kotlinx/coroutines/scheduling/CoroutineScheduler$WorkerState'{0x000000030114d958})}
  0x000000011b9a96bc: 4a04 acd2 | 6a65 93f2 | 9f01 0a6b | 0101 0054 | ea0b 40f9 | 4ba5 40b9 | 6af1 7dd3 | 0a3b 00b4 
  0x000000011b9a96dc: eb03 56b2 | 4a81 0091 | 4a01 ebf8 

  0x000000011b9a96e8: ;   {oop(a 'kotlinx/coroutines/scheduling/CoroutineScheduler$WorkerState'{0x0000000301000d50})}
  0x000000011b9a96e8: 0b04 acd2 | 4b35 80f2 | 9f01 0b6b | e002 0054 | 8a03 c139 | ca29 0035 | ea0b 40f9 | eb03 0aaa 
  0x000000011b9a9708: ;   {oop(a 'kotlinx/coroutines/scheduling/CoroutineScheduler$WorkerState'{0x0000000301000d50})}
  0x000000011b9a9708: 0aaa 81d2 | 0a20 a0f2 | 6a00 c0f2 | 4a01 0bca | 4cfd 56d3 

  0x000000011b9a971c: ;   {oop(a 'kotlinx/coroutines/scheduling/CoroutineScheduler$WorkerState'{0x0000000301000d50})}
  0x000000011b9a971c: 0a04 acd2 | 4a35 80f2 | ed0b 40f9 | aa9d 00b9 | 2c01 00b4 | 6afd 49d3 | 0b00 98d2 | eb24 a4f2 
  0x000000011b9a973c: 2b00 c0f2 | 6001 0a8b | 0b00 c039 | 7f09 0071 | c128 0054 | ea2f 40f9 | 4afd df08 | eb0b 40f9 
  0x000000011b9a975c: 6ca5 40b9 | 0a40 0035 | 6a3d 40f9 | 93f1 7dd3 | ca01 00b5 | c900 0010 | 89d7 01f9 

  0x000000011b9a9778: ;   {runtime_call os::javaTimeNanos()}
  0x000000011b9a9778: 08e9 8bd2 | 2855 a1f2 | 2800 c0f2 | 0001 3fd6 

  0x000000011b9a9788: ;   {other}
  0x000000011b9a9788: 1f20 03d5 | 1f00 80f2 | 1f00 80f2 

  0x000000011b9a9794: ; implicit exception: dispatches to 0x000000011b9aa1b4
  0x000000011b9a9794: 6a0a 40f9 | 0a00 0a8b | eb0b 40f9 | 6a3d 00f9 

  0x000000011b9a97a4: ; implicit exception: dispatches to 0x000000011b9aa168
  0x000000011b9a97a4: 630a 40f9 | 7f00 00f1 | ad38 0054 

  0x000000011b9a97b0: ;   {oop(a 'jdk/internal/misc/Unsafe'{0x000000030088b418})}
  0x000000011b9a97b0: 0183 96d2 | 0111 a0f2 | 6100 c0f2 | e203 1f2a 

  0x000000011b9a97c0: ; ImmutableOopMap {[16]=Oop [80]=Derived_oop_[16] [72]=Derived_oop_[16] [64]=Derived_oop_[16] [56]=Derived_oop_[16] [48]=Derived_oop_[16] [40]=Derived_oop_[16] [32]=Derived_oop_[16] [0]=Derived_oop_[16] [24]=Oop [88]=Derived_oop_[24] rfp=Derived_oop_[24] }
                      ;*invokevirtual park {reexecute=0 rethrow=0 return_oop=0}
                      ; - java.util.concurrent.locks.LockSupport::parkNanos@27 (line 410)
                      ; - kotlinx.coroutines.scheduling.CoroutineScheduler$Worker::park@31 (line 855)
                      ; - kotlinx.coroutines.scheduling.CoroutineScheduler$Worker::tryPark@79 (line 803)
                      ; - kotlinx.coroutines.scheduling.CoroutineScheduler$Worker::runWorker@103 (line 751)
                      ;   {optimized virtual_call}
  0x000000011b9a97c0: 4479 f097 

  0x000000011b9a97c4: ;   {other}
  0x000000011b9a97c4: 1f20 03d5 | 9fd6 80f2 | 1f40 80f2 | c900 0010 | 89d7 01f9 

  0x000000011b9a97d8: ;   {runtime_call os::javaTimeNanos()}
  0x000000011b9a97d8: 08e9 8bd2 | 2855 a1f2 | 2800 c0f2 | 0001 3fd6 

  0x000000011b9a97e8: ;   {other}
  0x000000011b9a97e8: 1f20 03d5 | 1f00 80f2 | 1f00 80f2 | ea0b 40f9 | 4a3d 40f9 | 0a00 0acb | 4a3c f8b6 

  0x000000011b9a9804: ; ImmutableOopMap {[16]=Oop [80]=Derived_oop_[16] [72]=Derived_oop_[16] [64]=Derived_oop_[16] [56]=Derived_oop_[16] [48]=Derived_oop_[16] [40]=Derived_oop_[16] [32]=Derived_oop_[16] [0]=Derived_oop_[16] [24]=Oop [88]=Derived_oop_[24] rfp=Derived_oop_[24] }
                      ;*goto {reexecute=1 rethrow=0 return_oop=0}
                      ; - (reexecute) kotlinx.coroutines.scheduling.CoroutineScheduler$Worker::tryPark@82 (line 803)
                      ; - kotlinx.coroutines.scheduling.CoroutineScheduler$Worker::runWorker@103 (line 751)
  0x000000011b9a9804: 8a2f 42f9 

  0x000000011b9a9808: ;   {poll}
  0x000000011b9a9808: 5f01 40b9 | ea1f 40f9 | 4afd df88 

  0x000000011b9a9814: ;   {oop(a 'kotlinx/coroutines/internal/Symbol'{0x0000000301000c10})}
  0x000000011b9a9814: 0c04 acd2 | 4c30 80f2 | 5f01 0c6b | a0eb ff54 | 93ff ff17 | ea2b 40f9 | 4cfd df88 | ea0b 40f9 
  0x000000011b9a9834: 4aa5 40b9 | 54f1 7dd3 | b42e 00b4 

  0x000000011b9a9840: ;   {oop(a 'kotlinx/coroutines/internal/Symbol'{0x0000000301000c10})}
  0x000000011b9a9840: 0a04 acd2 | 4a30 80f2 | 9f01 0a6b | 0136 0054 | 9762 0091 | 9862 0091 | 1f20 03d5 | 1f20 03d5 
  0x000000011b9a9860: 13ff dfc8 | ea23 40f9 | 55fd df88 | 8c3e 40b9 | 6d52 4092 | 8af1 7dd3 | eb03 0d2a | 6a2a 00b4 
  0x000000011b9a9880: 4a31 0091 | 4afd df88 | 4af1 7dd3 

  0x000000011b9a988c: ; implicit exception: dispatches to 0x000000011b9aa140
  0x000000011b9a988c: 4c0d 40b9 | 8cf1 7dd3 

  0x000000011b9a9894: ; implicit exception: dispatches to 0x000000011b9aa154
  0x000000011b9a9894: 8a0d 40b9 | 6e02 4891 | d6a9 6b92 | 7f01 0a6b | ca26 0054 | 7f01 0a6b | a229 0054 | 8a69 2d8b 
  0x000000011b9a98b4: 4a41 0091 | 4bfd df88 | 79f1 7dd3 | 8a03 c139 | 2a17 0035 | 2aff 43d3 | eb27 40f9 | 6afd 9f88 
  0x000000011b9a98d4: ea0b 40f9 | ec03 0aaa | ea03 19aa | 4a01 0cca | ab7e 4093 | 4afd 56d3 | 7501 16aa | 4a01 00b4 
  0x000000011b9a98f4: 3901 00b4 | 8afd 49d3 | 0b00 98d2 | eb24 a4f2 | 2b00 c0f2 | 6001 0a8b | 0b00 c039 | 7f09 0071 
  0x000000011b9a9914: 2116 0054 | e803 13aa | f5fe e8c8 | 1f01 13eb | ea17 9f9a | 6ae3 ff35 

  0x000000011b9a992c: ; ImmutableOopMap {resp=Oop rlocals=Derived_oop_resp r23=Derived_oop_resp [16]=Oop [80]=Derived_oop_[16] [72]=Derived_oop_[16] [64]=Derived_oop_[16] [56]=Derived_oop_[16] [48]=Derived_oop_[16] [40]=Derived_oop_[16] [32]=Derived_oop_[16] [0]=Derived_oop_[16] [24]=Oop [88]=Derived_oop_[24] rfp=Derived_oop_[24] }
                      ;*goto {reexecute=1 rethrow=0 return_oop=0}
                      ; - (reexecute) kotlinx.coroutines.scheduling.CoroutineScheduler::parkedWorkersStackPush@119 (line 196)
                      ; - kotlinx.coroutines.scheduling.CoroutineScheduler$Worker::tryPark@12 (line 783)
                      ; - kotlinx.coroutines.scheduling.CoroutineScheduler$Worker::runWorker@103 (line 751)
  0x000000011b9a992c: 8a2f 42f9 

  0x000000011b9a9930: ;   {poll}
  0x000000011b9a9930: 5f01 40b9 | cbff ff17 | ec0b 40b9 | 6c07 0034 

  0x000000011b9a9940: ;   {oop(a 'kotlinx/coroutines/scheduling/CoroutineScheduler$WorkerState'{0x000000030114d958})}
  0x000000011b9a9940: 4d04 acd2 | 6d65 93f2 | 5f01 0d6b | a100 0054 | 4e35 00b4 | ec03 56b2 | cb81 0091 | 6b01 ecf8 
  0x000000011b9a9960: ;   {oop(a 'kotlinx/coroutines/scheduling/CoroutineScheduler$WorkerState'{0x0000000301000d50})}
  0x000000011b9a9960: 0b04 acd2 | 4b35 80f2 | 5f01 0b6b | c002 0054 | 8b03 c139 | 6b1a 0035 

  0x000000011b9a9978: ;   {oop(a 'kotlinx/coroutines/scheduling/CoroutineScheduler$WorkerState'{0x0000000301000d50})}
  0x000000011b9a9978: 0baa 81d2 | 0b20 a0f2 | 6b00 c0f2 | ea0b 40f9 | 6b01 0aca | 6cfd 56d3 

  0x000000011b9a9990: ;   {oop(a 'kotlinx/coroutines/scheduling/CoroutineScheduler$WorkerState'{0x0000000301000d50})}
  0x000000011b9a9990: 0b04 acd2 | 4b35 80f2 | ed0b 40f9 | ab9d 00b9 | 2c01 00b4 | 4afd 49d3 | 0b00 98d2 | eb24 a4f2 
  0x000000011b9a99b0: 2b00 c0f2 | 6001 0a8b | 0b00 c039 | 7f09 0071 | 8119 0054 | aaff df08 | eb0b 40f9 | 6341 40f9 
  0x000000011b9a99d0: aa34 0035 | 7f00 00f1 | 0d32 0054 

  0x000000011b9a99dc: ;   {metadata('java/lang/BaseVirtualThread')}
  0x000000011b9a99dc: 0b1d 94d2 | 4b00 a0f2 | 0b0e c0f2 | ea33 40f9 | 5f01 0beb | 802f 0054 

  0x000000011b9a99f4: ;   {oop(a 'jdk/internal/misc/Unsafe'{0x000000030088b418})}
  0x000000011b9a99f4: 0183 96d2 | 0111 a0f2 | 6100 c0f2 | e203 1f2a 

  0x000000011b9a9a04: ; ImmutableOopMap {[16]=Oop [80]=Derived_oop_[16] [72]=Derived_oop_[16] [64]=Derived_oop_[16] [56]=Derived_oop_[16] [48]=Derived_oop_[16] [40]=Derived_oop_[16] [32]=Derived_oop_[16] [0]=Derived_oop_[16] [24]=Oop [88]=Derived_oop_[24] rfp=Derived_oop_[24] }
                      ;*invokevirtual park {reexecute=0 rethrow=0 return_oop=0}
                      ; - java.util.concurrent.locks.LockSupport::parkNanos@27 (line 410)
                      ; - kotlinx.coroutines.scheduling.CoroutineScheduler$Worker::runWorker@91 (line 741)
                      ;   {optimized virtual_call}
  0x000000011b9a9a04: b378 f097 

  0x000000011b9a9a08: ;   {other}
  0x000000011b9a9a08: 1f20 03d5 | 1f1f 81f2 | 1fa0 80f2 | ea0b 40f9 | eb03 1f2a | 5f41 00f9 | eb0b 00b9 | dcfe ff17 
  0x000000011b9a9a28: ea03 0032 | ea0b 00b9 | d9fe ff17 | e10b 40f9 

  0x000000011b9a9a38: ;   {oop(a 'kotlinx/coroutines/scheduling/CoroutineScheduler$WorkerState'{0x000000030114d940})}
  0x000000011b9a9a38: 0228 9bd2 | 8222 a0f2 | 6200 c0f2 

  0x000000011b9a9a44: ; ImmutableOopMap {[16]=Oop [80]=Derived_oop_[16] [72]=Derived_oop_[16] [64]=Derived_oop_[16] [56]=Derived_oop_[16] [48]=Derived_oop_[16] [40]=Derived_oop_[16] [32]=Derived_oop_[16] [0]=Derived_oop_[16] [24]=Oop [88]=Derived_oop_[24] rfp=Derived_oop_[24] [104]=Oop }
                      ;*invokevirtual tryReleaseCpu {reexecute=0 rethrow=0 return_oop=0}
                      ; - kotlinx.coroutines.scheduling.CoroutineScheduler$Worker::executeTask@66 (line 817)
                      ; - kotlinx.coroutines.scheduling.CoroutineScheduler$Worker::runWorker@44 (line 717)
                      ;   {optimized virtual_call}
  0x000000011b9a9a44: c3ea 0094 

  0x000000011b9a9a48: ;   {other}
  0x000000011b9a9a48: 1f20 03d5 | 1f27 81f2 | 1fc0 80f2 | ea0b 40f9 | 4aa5 40b9 | 8034 0034 | 41f1 7dd3 | c130 00b4 
  0x000000011b9a9a68: ; ImmutableOopMap {[16]=Oop [80]=Derived_oop_[16] [72]=Derived_oop_[16] [64]=Derived_oop_[16] [56]=Derived_oop_[16] [48]=Derived_oop_[16] [40]=Derived_oop_[16] [32]=Derived_oop_[16] [0]=Derived_oop_[16] [24]=Oop [88]=Derived_oop_[24] rfp=Derived_oop_[24] [104]=Oop }
                      ;*invokevirtual signalCpuWork {reexecute=0 rethrow=0 return_oop=0}
                      ; - kotlinx.coroutines.scheduling.CoroutineScheduler$Worker::executeTask@76 (line 818)
                      ; - kotlinx.coroutines.scheduling.CoroutineScheduler$Worker::runWorker@44 (line 717)
                      ;   {optimized virtual_call}
  0x000000011b9a9a68: cabe fe97 

  0x000000011b9a9a6c: ;   {other}
  0x000000011b9a9a6c: 1f20 03d5 | 9f2b 81f2 | 1fe0 80f2 | ea0b 40f9 | 4ba5 40b9 | 61f1 7dd3 | 6130 00b4 | e237 40f9 
  0x000000011b9a9a8c: ; ImmutableOopMap {[16]=Oop [80]=Derived_oop_[16] [72]=Derived_oop_[16] [64]=Derived_oop_[16] [56]=Derived_oop_[16] [48]=Derived_oop_[16] [40]=Derived_oop_[16] [32]=Derived_oop_[16] [0]=Derived_oop_[16] [24]=Oop [88]=Derived_oop_[24] rfp=Derived_oop_[24] }
                      ;*invokevirtual runSafely {reexecute=0 rethrow=0 return_oop=0}
                      ; - kotlinx.coroutines.scheduling.CoroutineScheduler$Worker::executeTask@84 (line 820)
                      ; - kotlinx.coroutines.scheduling.CoroutineScheduler$Worker::runWorker@44 (line 717)
                      ;   {optimized virtual_call}
  0x000000011b9a9a8c: 51d5 fe97 

  0x000000011b9a9a90: ;   {other}
  0x000000011b9a9a90: 1f20 03d5 | 1f30 81f2 | 1f00 81f2 | ea0b 40f9 | 4ba5 40b9 | 6af1 7dd3 | 0a30 00b4 | 4a81 0091 
  0x000000011b9a9ab0: e9ab 6bb2 | 4a01 e9f8 | ea0b 40f9 | 4b9d 40b9 

  0x000000011b9a9ac0: ;   {oop(a 'kotlinx/coroutines/scheduling/CoroutineScheduler$WorkerState'{0x0000000301000d38})}
  0x000000011b9a9ac0: 0a04 acd2 | ea34 80f2 | 7f01 0a6b | 0032 0054 | 8b03 c139 | cb13 0035 | ea0b 40f9 | eb03 0aaa 
  0x000000011b9a9ae0: ;   {oop(a 'kotlinx/coroutines/scheduling/CoroutineScheduler$WorkerState'{0x000000030114d8f8})}
  0x000000011b9a9ae0: 0a1f 9bd2 | 8a22 a0f2 | 6a00 c0f2 | 4a01 0bca | 4cfd 56d3 

  0x000000011b9a9af4: ;   {oop(a 'kotlinx/coroutines/scheduling/CoroutineScheduler$WorkerState'{0x000000030114d8f8})}
  0x000000011b9a9af4: 4a04 acd2 | ea63 93f2 | ed0b 40f9 | aa9d 00b9 | 4cd4 ffb4 | 6afd 49d3 | 0b00 98d2 | eb24 a4f2 
  0x000000011b9a9b14: 2b00 c0f2 | 6001 0a8b | 0a00 c039 | 5f09 0071 | 40d3 ff54 | 8a27 40f9 | 8c2f 40f9 | bf3b 03d5 
  0x000000011b9a9b34: 0b00 c039 | abd2 ff34 | 1f00 0039 | 8a01 00b5 | e103 1caa | c900 0010 | 89d7 01f9 

  0x000000011b9a9b50: ;   {runtime_call G1BarrierSetRuntime::write_ref_field_post_entry(unsigned char volatile*, JavaThread*)}
  0x000000011b9a9b50: 88f0 80d2 | 284c a1f2 | 2800 c0f2 | 0001 3fd6 

  0x000000011b9a9b60: ;   {other}
  0x000000011b9a9b60: 1f20 03d5 | 1f00 80f2 | 1f00 80f2 | 88fe ff17 | 4b21 00d1 | 8a01 0a8b | 4081 1ff8 | 8b27 00f9 
  0x000000011b9a9b80: 83fe ff17 | e103 00aa | e9ff 9fd2 | e9ff bff2 | e9ff dff2 

  0x000000011b9a9b94: ; ImmutableOopMap {[16]=Oop [80]=Derived_oop_[16] [72]=Derived_oop_[16] [64]=Derived_oop_[16] [56]=Derived_oop_[16] [48]=Derived_oop_[16] [40]=Derived_oop_[16] [32]=Derived_oop_[16] [0]=Derived_oop_[16] [24]=Oop [88]=Derived_oop_[24] rfp=Derived_oop_[24] }
                      ;*invokevirtual run {reexecute=0 rethrow=0 return_oop=0}
                      ; - kotlinx.coroutines.scheduling.CoroutineScheduler::runSafely@2 (line 586)
                      ; - kotlinx.coroutines.scheduling.CoroutineScheduler$Worker::executeTask@164 (line 829)
                      ; - kotlinx.coroutines.scheduling.CoroutineScheduler$Worker::runWorker@44 (line 717)
                      ;   {virtual_call}
  0x000000011b9a9b94: b1d8 dc97 

  0x000000011b9a9b98: ;   {other}
  0x000000011b9a9b98: 1f20 03d5 | 1f51 81f2 | 1f20 81f2 | 74fe ff17 | ea0b 40f9 | 4ba1 40b9 | 60f1 7dd3 | a0e8 ffb4 
  0x000000011b9a9bb8: 8a17 40f9 | aa15 00b4 | 8b1f 40f9 | 4c21 00d1 | 6a01 0a8b | 4081 1ff8 | 8c17 00f9 | 3dff ff17 
  0x000000011b9a9bd8: 8b27 40f9 | 8c2f 40f9 | bf3b 03d5 | 0a00 c039 | 8ae9 ff34 | 1f00 0039 | 8b01 00b5 | e103 1caa 
  0x000000011b9a9bf8: c900 0010 | 89d7 01f9 

  0x000000011b9a9c00: ;   {runtime_call G1BarrierSetRuntime::write_ref_field_post_entry(unsigned char volatile*, JavaThread*)}
  0x000000011b9a9c00: 88f0 80d2 | 284c a1f2 | 2800 c0f2 | 0001 3fd6 

  0x000000011b9a9c10: ;   {other}
  0x000000011b9a9c10: 1f20 03d5 | 1f00 80f2 | 1f00 80f2 | 3fff ff17 | 6a21 00d1 | 8b01 0b8b | 6081 1ff8 | 8a27 00f9 
  0x000000011b9a9c30: 3aff ff17 | ea0b 40f9 | 4b9d 40b9 | 60f1 7dd3 | 00d6 ffb4 | 8a17 40f9 | ca14 00b4 | 8b1f 40f9 
  0x000000011b9a9c50: 4c21 00d1 | 6a01 0a8b | 4081 1ff8 | 8c17 00f9 | a8fe ff17 | 8b2f 40f9 | 8c27 40f9 | bf3b 03d5 
  0x000000011b9a9c70: 0a00 c039 | ead6 ff34 | 1f00 0039 | 8c01 00b5 | e103 1caa | c900 0010 | 89d7 01f9 

  0x000000011b9a9c8c: ;   {runtime_call G1BarrierSetRuntime::write_ref_field_post_entry(unsigned char volatile*, JavaThread*)}
  0x000000011b9a9c8c: 88f0 80d2 | 284c a1f2 | 2800 c0f2 | 0001 3fd6 

  0x000000011b9a9c9c: ;   {other}
  0x000000011b9a9c9c: 1f20 03d5 | 1f00 80f2 | 1f00 80f2 | aafe ff17 | 8a21 00d1 | 6b01 0c8b | 6081 1ff8 | 8a27 00f9 
  0x000000011b9a9cbc: a5fe ff17 | ea0b 40f9 | 4a9d 40b9 | 40f1 7dd3 | 60e5 ffb4 | 8a17 40f9 | 2a1b 00b4 | 8b1f 40f9 
  0x000000011b9a9cdc: 4c21 00d1 | 6a01 0a8b | 4081 1ff8 | 8c17 00f9 | 23ff ff17 | 8b27 40f9 | 8c2f 40f9 | bf3b 03d5 
  0x000000011b9a9cfc: 0a00 c039 | 2ae6 ff34 | 1f00 0039 | 8b01 00b5 | e103 1caa | c900 0010 | 89d7 01f9 

  0x000000011b9a9d18: ;   {runtime_call G1BarrierSetRuntime::write_ref_field_post_entry(unsigned char volatile*, JavaThread*)}
  0x000000011b9a9d18: 88f0 80d2 | 284c a1f2 | 2800 c0f2 | 0001 3fd6 

  0x000000011b9a9d28: ;   {other}
  0x000000011b9a9d28: 1f20 03d5 | 1f00 80f2 | 1f00 80f2 | 24ff ff17 | 6a21 00d1 | 8b01 0b8b | 6081 1ff8 | 8a27 00f9 
  0x000000011b9a9d48: 1fff ff17 | ea0b 40f9 | 4a9d 40b9 | 40f1 7dd3 | 00ec ffb4 | 8a17 40f9 | 0a1b 00b4 | 8b1f 40f9 
  0x000000011b9a9d68: 4c21 00d1 | 6a01 0a8b | 4081 1ff8 | 8c17 00f9 | 58ff ff17 | f903 1faa | d0fe ff17 | 2101 8012 
  0x000000011b9a9d88: ; ImmutableOopMap {}
                      ;*invokevirtual isTerminated {reexecute=0 rethrow=0 return_oop=0}
                      ; - kotlinx.coroutines.scheduling.CoroutineScheduler$Worker::runWorker@6 (line 711)
                      ;   {runtime_call UncommonTrapBlob}
  0x000000011b9a9d88: 7e34 d997 

  0x000000011b9a9d8c: ;   {other}
  0x000000011b9a9d8c: 1f20 03d5 | 9f8f 81f2 | 1f40 81f2 | 4117 8012 | ea07 00b9 

  0x000000011b9a9da0: ; ImmutableOopMap {[16]=Oop }
                      ;*if_icmpne {reexecute=1 rethrow=0 return_oop=0}
                      ; - (reexecute) kotlinx.coroutines.scheduling.CoroutineScheduler::isTerminated@8 (line 309)
                      ; - kotlinx.coroutines.scheduling.CoroutineScheduler$Worker::runWorker@6 (line 711)
                      ;   {runtime_call UncommonTrapBlob}
  0x000000011b9a9da0: 7834 d997 

  0x000000011b9a9da4: ;   {other}
  0x000000011b9a9da4: 1f20 03d5 | 9f92 81f2 | 1f60 81f2 | 7df1 7dd3 | 4117 8012 

  0x000000011b9a9db8: ; ImmutableOopMap {rfp=Oop [16]=Oop }
                      ;*if_acmpeq {reexecute=1 rethrow=0 return_oop=0}
                      ; - (reexecute) kotlinx.coroutines.scheduling.CoroutineScheduler$Worker::runWorker@19 (line 711)
                      ;   {runtime_call UncommonTrapBlob}
  0x000000011b9a9db8: 7234 d997 

  0x000000011b9a9dbc: ;   {other}
  0x000000011b9a9dbc: 1f20 03d5 | 9f95 81f2 | 1f80 81f2 | 2101 8012 | fd03 0b2a 

  0x000000011b9a9dd0: ; ImmutableOopMap {}
                      ;*invokevirtual get {reexecute=0 rethrow=0 return_oop=0}
                      ; - kotlinx.coroutines.scheduling.CoroutineScheduler::parkedWorkersStackPush@92 (line 189)
                      ; - kotlinx.coroutines.scheduling.CoroutineScheduler$Worker::tryPark@12 (line 783)
                      ; - kotlinx.coroutines.scheduling.CoroutineScheduler$Worker::runWorker@103 (line 751)
                      ;   {runtime_call UncommonTrapBlob}
  0x000000011b9a9dd0: 6c34 d997 

  0x000000011b9a9dd4: ;   {other}
  0x000000011b9a9dd4: 1f20 03d5 | 9f98 81f2 | 1fa0 81f2 | e80b 40b9 | e803 00b9 | 6103 8012 | f507 00b9 | f407 00f9 
  0x000000011b9a9df4: f3db 01a9 | ec1b 00f9 | eb2b 0729 

  0x000000011b9a9e00: ; ImmutableOopMap {[8]=Oop [16]=Oop [48]=Oop }
                      ;*invokestatic checkIndex {reexecute=0 rethrow=0 return_oop=0}
                      ; - java.lang.invoke.VarHandleReferences$Array::getVolatile@30 (line 604)
                      ; - java.lang.invoke.VarHandleGuards::guard_LI_L@45 (line 687)
                      ; - java.util.concurrent.atomic.AtomicReferenceArray::get@8 (line 101)
                      ; - kotlinx.coroutines.internal.ResizableAtomicArray::get@15 (line 18)
                      ; - kotlinx.coroutines.scheduling.CoroutineScheduler::parkedWorkersStackPush@92 (line 189)
                      ; - kotlinx.coroutines.scheduling.CoroutineScheduler$Worker::tryPark@12 (line 783)
                      ; - kotlinx.coroutines.scheduling.CoroutineScheduler$Worker::runWorker@103 (line 751)
                      ;   {runtime_call UncommonTrapBlob}
  0x000000011b9a9e00: 6034 d997 

  0x000000011b9a9e04: ;   {other}
  0x000000011b9a9e04: 1f20 03d5 | 9f9e 81f2 | 1fc0 81f2 | 2101 8012 

  0x000000011b9a9e14: ; ImmutableOopMap {[16]=Oop }
                      ;*invokevirtual parkedWorkersStackPush {reexecute=0 rethrow=0 return_oop=0}
                      ; - kotlinx.coroutines.scheduling.CoroutineScheduler$Worker::tryPark@12 (line 783)
                      ; - kotlinx.coroutines.scheduling.CoroutineScheduler$Worker::runWorker@103 (line 751)
                      ;   {runtime_call UncommonTrapBlob}
  0x000000011b9a9e14: 5b34 d997 

  0x000000011b9a9e18: ;   {other}
  0x000000011b9a9e18: 1f20 03d5 | 1fa1 81f2 | 1fe0 81f2 | 2101 8012 

  0x000000011b9a9e28: ; ImmutableOopMap {}
                      ;*invokevirtual isTerminated {reexecute=0 rethrow=0 return_oop=0}
                      ; - kotlinx.coroutines.scheduling.CoroutineScheduler$Worker::tryPark@47 (line 800)
                      ; - kotlinx.coroutines.scheduling.CoroutineScheduler$Worker::runWorker@103 (line 751)
                      ;   {runtime_call UncommonTrapBlob}
  0x000000011b9a9e28: 5634 d997 

  0x000000011b9a9e2c: ;   {other}
  0x000000011b9a9e2c: 1f20 03d5 | 9fa3 81f2 | 1f00 82f2 | 6101 8012 | e80b 40b9 | e803 00b9 | edab 01a9 

  0x000000011b9a9e48: ; ImmutableOopMap {[16]=Oop [24]=Oop [32]=Oop }
                      ;*invokevirtual isInstance {reexecute=0 rethrow=0 return_oop=0}
                      ; - java.util.concurrent.atomic.AtomicLongFieldUpdater$CASUpdater::accessCheck@5 (line 440)
                      ; - java.util.concurrent.atomic.AtomicLongFieldUpdater$CASUpdater::getAndAdd@2 (line 493)
                      ; - java.util.concurrent.atomic.AtomicLongFieldUpdater$CASUpdater::addAndGet@3 (line 514)
                      ; - kotlinx.coroutines.scheduling.CoroutineScheduler$Worker::tryReleaseCpu@39 (line 1049)
                      ; - kotlinx.coroutines.scheduling.CoroutineScheduler$Worker::tryPark@70 (line 801)
                      ; - kotlinx.coroutines.scheduling.CoroutineScheduler$Worker::runWorker@103 (line 751)
                      ;   {runtime_call UncommonTrapBlob}
  0x000000011b9a9e48: 4e34 d997 

  0x000000011b9a9e4c: ;   {other}
  0x000000011b9a9e4c: 1f20 03d5 | 9fa7 81f2 | 1f20 82f2 | 2101 8012 | fd03 00aa 

  0x000000011b9a9e60: ; ImmutableOopMap {rfp=Oop }
                      ;*invokevirtual runSafely {reexecute=0 rethrow=0 return_oop=0}
                      ; - kotlinx.coroutines.scheduling.CoroutineScheduler$Worker::executeTask@164 (line 829)
                      ; - kotlinx.coroutines.scheduling.CoroutineScheduler$Worker::runWorker@44 (line 717)
                      ;   {runtime_call UncommonTrapBlob}
  0x000000011b9a9e60: 4834 d997 

  0x000000011b9a9e64: ;   {other}
  0x000000011b9a9e64: 1f20 03d5 | 9faa 81f2 | 1f40 82f2 | e103 1caa | c900 0010 | 89d7 01f9 

  0x000000011b9a9e7c: ;   {runtime_call G1BarrierSetRuntime::write_ref_field_pre_entry(oopDesc*, JavaThread*)}
  0x000000011b9a9e7c: 88eb 80d2 | 284c a1f2 | 2800 c0f2 | 0001 3fd6 

  0x000000011b9a9e8c: ;   {other}
  0x000000011b9a9e8c: 1f20 03d5 | 1f00 80f2 | 1f00 80f2 | 8cfe ff17 

  0x000000011b9a9e9c: ;   {oop(a 'kotlinx/coroutines/internal/Symbol'{0x0000000301000c10})}
  0x000000011b9a9e9c: 0a04 acd2 | 4a30 80f2 | 9f01 0a6b | fd07 9f1a | 2108 8012 

  0x000000011b9a9eb0: ; ImmutableOopMap {[16]=Oop }
                      ;*ifeq {reexecute=1 rethrow=0 return_oop=0}
                      ; - (reexecute) kotlinx.coroutines.scheduling.CoroutineScheduler$Worker::tryPark@29 (line 799)
                      ; - kotlinx.coroutines.scheduling.CoroutineScheduler$Worker::runWorker@103 (line 751)
                      ;   {runtime_call UncommonTrapBlob}
  0x000000011b9a9eb0: 3434 d997 

  0x000000011b9a9eb4: ;   {other}
  0x000000011b9a9eb4: 1f20 03d5 | 9fb4 81f2 | 1f60 82f2 | 7f00 00f1 | fd07 9f1a | bda7 9d5a | 4117 8012 

  0x000000011b9a9ed0: ; ImmutableOopMap {[16]=Oop }
                      ;*ifle {reexecute=1 rethrow=0 return_oop=0}
                      ; - (reexecute) java.util.concurrent.locks.LockSupport::parkNanos@3 (line 406)
                      ; - kotlinx.coroutines.scheduling.CoroutineScheduler$Worker::park@31 (line 855)
                      ; - kotlinx.coroutines.scheduling.CoroutineScheduler$Worker::tryPark@79 (line 803)
                      ; - kotlinx.coroutines.scheduling.CoroutineScheduler$Worker::runWorker@103 (line 751)
                      ;   {runtime_call UncommonTrapBlob}
  0x000000011b9a9ed0: 2c34 d997 

  0x000000011b9a9ed4: ;   {other}
  0x000000011b9a9ed4: 1f20 03d5 | 9fb8 81f2 | 1f80 82f2 | e103 1caa | c900 0010 | 89d7 01f9 

  0x000000011b9a9eec: ;   {runtime_call G1BarrierSetRuntime::write_ref_field_pre_entry(oopDesc*, JavaThread*)}
  0x000000011b9a9eec: 88eb 80d2 | 284c a1f2 | 2800 c0f2 | 0001 3fd6 

  0x000000011b9a9efc: ;   {other}
  0x000000011b9a9efc: 1f20 03d5 | 1f00 80f2 | 1f00 80f2 | fefd ff17 | 9df1 7dd3 | 4117 8012 

  0x000000011b9a9f14: ; ImmutableOopMap {rfp=Oop [16]=Oop }
                      ;*if_acmpeq {reexecute=1 rethrow=0 return_oop=0}
                      ; - (reexecute) kotlinx.coroutines.scheduling.CoroutineScheduler::parkedWorkersStackPush@7 (line 179)
                      ; - kotlinx.coroutines.scheduling.CoroutineScheduler$Worker::tryPark@12 (line 783)
                      ; - kotlinx.coroutines.scheduling.CoroutineScheduler$Worker::runWorker@103 (line 751)
                      ;   {runtime_call UncommonTrapBlob}
  0x000000011b9a9f14: 1b34 d997 

  0x000000011b9a9f18: ;   {other}
  0x000000011b9a9f18: 1f20 03d5 | 1fc1 81f2 | 1fa0 82f2 | 4117 8012 | e80b 40b9 | e82b 0029 

  0x000000011b9a9f30: ; ImmutableOopMap {[16]=Oop }
                      ;*if_icmpne {reexecute=1 rethrow=0 return_oop=0}
                      ; - (reexecute) kotlinx.coroutines.scheduling.CoroutineScheduler::isTerminated@8 (line 309)
                      ; - kotlinx.coroutines.scheduling.CoroutineScheduler$Worker::tryPark@47 (line 800)
                      ; - kotlinx.coroutines.scheduling.CoroutineScheduler$Worker::runWorker@103 (line 751)
                      ;   {runtime_call UncommonTrapBlob}
  0x000000011b9a9f30: 1434 d997 

  0x000000011b9a9f34: ;   {other}
  0x000000011b9a9f34: 1f20 03d5 | 9fc4 81f2 | 1fc0 82f2 | e80b 40b9 | e803 00b9 | 4117 8012 | ed07 00f9 

  0x000000011b9a9f50: ; ImmutableOopMap {[8]=Oop [16]=Oop }
                      ;*if_acmpne {reexecute=1 rethrow=0 return_oop=0}
                      ; - (reexecute) kotlinx.coroutines.scheduling.CoroutineScheduler$Worker::tryPark@60 (line 800)
                      ; - kotlinx.coroutines.scheduling.CoroutineScheduler$Worker::runWorker@103 (line 751)
                      ;   {runtime_call UncommonTrapBlob}
  0x000000011b9a9f50: 0c34 d997 

  0x000000011b9a9f54: ;   {other}
  0x000000011b9a9f54: 1f20 03d5 | 9fc8 81f2 | 1fe0 82f2 | e80b 40b9 | e803 00b9 | e80b 40f9 | e807 00f9 | 4117 8012 
  0x000000011b9a9f74: ea13 00b9 

  0x000000011b9a9f78: ; ImmutableOopMap {[8]=Oop [24]=Oop }
                      ;*ifeq {reexecute=1 rethrow=0 return_oop=0}
                      ; - (reexecute) java.lang.Thread::getAndClearInterrupt@6 (line 1783)
                      ; - java.lang.Thread::interrupted@3 (line 1746)
                      ; - kotlinx.coroutines.scheduling.CoroutineScheduler$Worker::tryPark@74 (line 802)
                      ; - kotlinx.coroutines.scheduling.CoroutineScheduler$Worker::runWorker@103 (line 751)
                      ;   {runtime_call UncommonTrapBlob}
  0x000000011b9a9f78: 0234 d997 

  0x000000011b9a9f7c: ;   {other}
  0x000000011b9a9f7c: 1f20 03d5 | 9fcd 81f2 | 1f00 83f2 | 5f01 00f1 | fd07 9f1a | bda7 9d5a | 4117 8012 

  0x000000011b9a9f98: ; ImmutableOopMap {[16]=Oop }
                      ;*iflt {reexecute=1 rethrow=0 return_oop=0}
                      ; - (reexecute) kotlinx.coroutines.scheduling.CoroutineScheduler$Worker::park@44 (line 858)
                      ; - kotlinx.coroutines.scheduling.CoroutineScheduler$Worker::tryPark@79 (line 803)
                      ; - kotlinx.coroutines.scheduling.CoroutineScheduler$Worker::runWorker@103 (line 751)
                      ;   {runtime_call UncommonTrapBlob}
  0x000000011b9a9f98: fa33 d997 

  0x000000011b9a9f9c: ;   {other}
  0x000000011b9a9f9c: 1f20 03d5 | 9fd1 81f2 | 1f20 83f2 | e80b 40f9 | e803 00f9 | 4117 8012 | eb0b 00f9 

  0x000000011b9a9fb8: ; ImmutableOopMap {[0]=Oop [16]=Oop [104]=Oop }
                      ;*if_acmpne {reexecute=1 rethrow=0 return_oop=0}
                      ; - (reexecute) kotlinx.coroutines.scheduling.CoroutineScheduler$Worker::executeTask@12 (line 811)
                      ; - kotlinx.coroutines.scheduling.CoroutineScheduler$Worker::runWorker@44 (line 717)
                      ;   {runtime_call UncommonTrapBlob}
  0x000000011b9a9fb8: f233 d997 

  0x000000011b9a9fbc: ;   {other}
  0x000000011b9a9fbc: 1f20 03d5 | 9fd5 81f2 | 1f40 83f2 | 4117 8012 | ea07 00f9 

  0x000000011b9a9fd0: ; ImmutableOopMap {[8]=Oop [16]=Oop }
                      ;*ifnull {reexecute=1 rethrow=0 return_oop=0}
                      ; - (reexecute) kotlinx.coroutines.scheduling.CoroutineScheduler::runSafely@9 (line 591)
                      ; - kotlinx.coroutines.scheduling.CoroutineScheduler$Worker::executeTask@164 (line 829)
                      ; - kotlinx.coroutines.scheduling.CoroutineScheduler$Worker::runWorker@44 (line 717)
                      ;   {runtime_call UncommonTrapBlob}
  0x000000011b9a9fd0: ec33 d997 

  0x000000011b9a9fd4: ;   {other}
  0x000000011b9a9fd4: 1f20 03d5 | 9fd8 81f2 | 1f60 83f2 | 4117 8012 | e303 00f9 

  0x000000011b9a9fe8: ; ImmutableOopMap {[16]=Oop }
                      ;*ifeq {reexecute=1 rethrow=0 return_oop=0}
                      ; - (reexecute) java.util.concurrent.locks.LockSupport::parkNanos@12 (line 407)
                      ; - kotlinx.coroutines.scheduling.CoroutineScheduler$Worker::runWorker@91 (line 741)
                      ;   {runtime_call UncommonTrapBlob}
  0x000000011b9a9fe8: e633 d997 

  0x000000011b9a9fec: ;   {other}
  0x000000011b9a9fec: 1f20 03d5 | 9fdb 81f2 | 1f80 83f2 | e80b 40f9 | e803 00f9 | 6101 8012 | ebbb 00a9 

  0x000000011b9aa008: ; ImmutableOopMap {[0]=Oop [8]=Oop [16]=Oop }
                      ;*invokevirtual isInstance {reexecute=0 rethrow=0 return_oop=0}
                      ; - java.util.concurrent.atomic.AtomicLongFieldUpdater$CASUpdater::accessCheck@5 (line 440)
                      ; - java.util.concurrent.atomic.AtomicLongFieldUpdater$CASUpdater::getAndAdd@2 (line 493)
                      ; - java.util.concurrent.atomic.AtomicLongFieldUpdater$CASUpdater::addAndGet@3 (line 514)
                      ; - kotlinx.coroutines.scheduling.CoroutineScheduler$Worker::tryReleaseCpu@39 (line 1049)
                      ; - kotlinx.coroutines.scheduling.CoroutineScheduler$Worker::runWorker@79 (line 739)
                      ;   {runtime_call UncommonTrapBlob}
  0x000000011b9aa008: de33 d997 

  0x000000011b9aa00c: ;   {other}
  0x000000011b9aa00c: 1f20 03d5 | 9fdf 81f2 | 1fa0 83f2 | 7f00 00f1 | fd07 9f1a | bda7 9d5a | 4117 8012 

  0x000000011b9aa028: ; ImmutableOopMap {[16]=Oop }
                      ;*ifle {reexecute=1 rethrow=0 return_oop=0}
                      ; - (reexecute) java.util.concurrent.locks.LockSupport::parkNanos@3 (line 406)
                      ; - kotlinx.coroutines.scheduling.CoroutineScheduler$Worker::runWorker@91 (line 741)
                      ;   {runtime_call UncommonTrapBlob}
  0x000000011b9aa028: d633 d997 

  0x000000011b9aa02c: ;   {other}
  0x000000011b9aa02c: 1f20 03d5 | 9fe3 81f2 | 1fc0 83f2 | e103 1caa | c900 0010 | 89d7 01f9 

  0x000000011b9aa044: ;   {runtime_call G1BarrierSetRuntime::write_ref_field_pre_entry(oopDesc*, JavaThread*)}
  0x000000011b9aa044: 88eb 80d2 | 284c a1f2 | 2800 c0f2 | 0001 3fd6 

  0x000000011b9aa054: ;   {other}
  0x000000011b9aa054: 1f20 03d5 | 1f00 80f2 | 1f00 80f2 | 46fe ff17 | 4117 8012 | ea07 00b9 

  0x000000011b9aa06c: ; ImmutableOopMap {[16]=Oop [24]=Oop }
                      ;*ifeq {reexecute=1 rethrow=0 return_oop=0}
                      ; - (reexecute) java.lang.Thread::getAndClearInterrupt@6 (line 1783)
                      ; - java.lang.Thread::interrupted@3 (line 1746)
                      ; - kotlinx.coroutines.scheduling.CoroutineScheduler$Worker::runWorker@83 (line 740)
                      ;   {runtime_call UncommonTrapBlob}
  0x000000011b9aa06c: c533 d997 

  0x000000011b9aa070: ;   {other}
  0x000000011b9aa070: 1f20 03d5 | 1fec 81f2 | 1fe0 83f2 | 2101 8012 

  0x000000011b9aa080: ; ImmutableOopMap {}
                      ;*invokevirtual signalCpuWork {reexecute=0 rethrow=0 return_oop=0}
                      ; - kotlinx.coroutines.scheduling.CoroutineScheduler$Worker::executeTask@76 (line 818)
                      ; - kotlinx.coroutines.scheduling.CoroutineScheduler$Worker::runWorker@44 (line 717)
                      ;   {runtime_call UncommonTrapBlob}
  0x000000011b9aa080: c033 d997 

  0x000000011b9aa084: ;   {other}
  0x000000011b9aa084: 1f20 03d5 | 9fee 81f2 | 1f00 84f2 | 2101 8012 | fd37 40f9 

  0x000000011b9aa098: ; ImmutableOopMap {rfp=Oop }
                      ;*invokevirtual runSafely {reexecute=0 rethrow=0 return_oop=0}
                      ; - kotlinx.coroutines.scheduling.CoroutineScheduler$Worker::executeTask@84 (line 820)
                      ; - kotlinx.coroutines.scheduling.CoroutineScheduler$Worker::runWorker@44 (line 717)
                      ;   {runtime_call UncommonTrapBlob}
  0x000000011b9aa098: ba33 d997 

  0x000000011b9aa09c: ;   {other}
  0x000000011b9aa09c: 1f20 03d5 | 9ff1 81f2 | 1f20 84f2 | 6101 8012 | ea07 00f9 

  0x000000011b9aa0b0: ; ImmutableOopMap {[8]=Oop [16]=Oop }
                      ;*invokevirtual isInstance {reexecute=0 rethrow=0 return_oop=0}
                      ; - java.util.concurrent.atomic.AtomicLongFieldUpdater$CASUpdater::accessCheck@5 (line 440)
                      ; - java.util.concurrent.atomic.AtomicLongFieldUpdater$CASUpdater::getAndAdd@2 (line 493)
                      ; - java.util.concurrent.atomic.AtomicLongFieldUpdater$CASUpdater::addAndGet@3 (line 514)
                      ; - kotlinx.coroutines.scheduling.CoroutineScheduler$Worker::executeTask@101 (line 1055)
                      ; - kotlinx.coroutines.scheduling.CoroutineScheduler$Worker::runWorker@44 (line 717)
                      ;   {runtime_call UncommonTrapBlob}
  0x000000011b9aa0b0: b433 d997 

  0x000000011b9aa0b4: ;   {other}
  0x000000011b9aa0b4: 1f20 03d5 | 9ff4 81f2 | 1f40 84f2 | e103 1caa | c900 0010 | 89d7 01f9 

  0x000000011b9aa0cc: ;   {runtime_call G1BarrierSetRuntime::write_ref_field_pre_entry(oopDesc*, JavaThread*)}
  0x000000011b9aa0cc: 88eb 80d2 | 284c a1f2 | 2800 c0f2 | 0001 3fd6 

  0x000000011b9aa0dc: ;   {other}
  0x000000011b9aa0dc: 1f20 03d5 | 1f00 80f2 | 1f00 80f2 | 7cfe ff17 | e80b 40f9 | e803 00f9 | 4117 8012 | e013 00b9 
  0x000000011b9aa0fc: ; ImmutableOopMap {[0]=Oop [104]=Oop }
                      ;*ifeq {reexecute=1 rethrow=0 return_oop=0}
                      ; - (reexecute) kotlinx.coroutines.scheduling.CoroutineScheduler$Worker::executeTask@69 (line 817)
                      ; - kotlinx.coroutines.scheduling.CoroutineScheduler$Worker::runWorker@44 (line 717)
                      ;   {runtime_call UncommonTrapBlob}
  0x000000011b9aa0fc: a133 d997 

  0x000000011b9aa100: ;   {other}
  0x000000011b9aa100: 1f20 03d5 | 1ffe 81f2 | 1f60 84f2 | 7df1 7dd3 | 4117 8012 

  0x000000011b9aa114: ; ImmutableOopMap {rfp=Oop [16]=Oop }
                      ;*if_acmpeq {reexecute=1 rethrow=0 return_oop=0}
                      ; - (reexecute) kotlinx.coroutines.scheduling.CoroutineScheduler$Worker::executeTask@115 (line 824)
                      ; - kotlinx.coroutines.scheduling.CoroutineScheduler$Worker::runWorker@44 (line 717)
                      ;   {runtime_call UncommonTrapBlob}
  0x000000011b9aa114: 9b33 d997 

  0x000000011b9aa118: ;   {other}
  0x000000011b9aa118: 1f20 03d5 | 1f01 82f2 | 1f80 84f2 | f503 00f9 | 410e 8012 | fd03 142a 

  0x000000011b9aa130: ; ImmutableOopMap {[0]=Oop }
                      ;*aload_0 {reexecute=0 rethrow=0 return_oop=0}
                      ; - kotlinx.coroutines.scheduling.CoroutineScheduler$Worker::runWorker@2 (line 711)
                      ;   {runtime_call UncommonTrapBlob}
  0x000000011b9aa130: 9433 d997 

  0x000000011b9aa134: ;   {other}
  0x000000011b9aa134: 1f20 03d5 | 9f04 82f2 | 1fa0 84f2 | 2101 8012 

  0x000000011b9aa144: ; ImmutableOopMap {}
                      ;*invokevirtual length {reexecute=0 rethrow=0 return_oop=0}
                      ; - kotlinx.coroutines.internal.ResizableAtomicArray::get@7 (line 18)
                      ; - kotlinx.coroutines.scheduling.CoroutineScheduler::parkedWorkersStackPush@92 (line 189)
                      ; - kotlinx.coroutines.scheduling.CoroutineScheduler$Worker::tryPark@12 (line 783)
                      ; - kotlinx.coroutines.scheduling.CoroutineScheduler$Worker::runWorker@103 (line 751)
                      ;   {runtime_call UncommonTrapBlob}
  0x000000011b9aa144: 8f33 d997 

  0x000000011b9aa148: ;   {other}
  0x000000011b9aa148: 1f20 03d5 | 1f07 82f2 | 1fc0 84f2 | 2101 8012 

  0x000000011b9aa158: ; ImmutableOopMap {}
                      ;*arraylength {reexecute=0 rethrow=0 return_oop=0}
                      ; - java.util.concurrent.atomic.AtomicReferenceArray::length@4 (line 89)
                      ; - kotlinx.coroutines.internal.ResizableAtomicArray::get@7 (line 18)
                      ; - kotlinx.coroutines.scheduling.CoroutineScheduler::parkedWorkersStackPush@92 (line 189)
                      ; - kotlinx.coroutines.scheduling.CoroutineScheduler$Worker::tryPark@12 (line 783)
                      ; - kotlinx.coroutines.scheduling.CoroutineScheduler$Worker::runWorker@103 (line 751)
                      ;   {runtime_call UncommonTrapBlob}
  0x000000011b9aa158: 8a33 d997 

  0x000000011b9aa15c: ;   {other}
  0x000000011b9aa15c: 1f20 03d5 | 9f09 82f2 | 1fe0 84f2 | 2101 8012 

  0x000000011b9aa16c: ; ImmutableOopMap {}
                      ;*getfield idleWorkerKeepAliveNs {reexecute=1 rethrow=0 return_oop=0}
                      ; - (reexecute) kotlinx.coroutines.scheduling.CoroutineScheduler$Worker::park@28 (line 855)
                      ; - kotlinx.coroutines.scheduling.CoroutineScheduler$Worker::tryPark@79 (line 803)
                      ; - kotlinx.coroutines.scheduling.CoroutineScheduler$Worker::runWorker@103 (line 751)
                      ;   {runtime_call UncommonTrapBlob}
  0x000000011b9aa16c: 8533 d997 

  0x000000011b9aa170: ;   {other}
  0x000000011b9aa170: 1f20 03d5 | 1f0c 82f2 | 1f00 85f2 | fd03 00aa | 0200 0014 | fd03 00aa | e10f 40f9 

  0x000000011b9aa18c: ; ImmutableOopMap {rfp=Oop [16]=Oop [24]=Oop }
                      ;*invokevirtual getUncaughtExceptionHandler {reexecute=0 rethrow=0 return_oop=1}
                      ; - kotlinx.coroutines.scheduling.CoroutineScheduler::runSafely@28 (line 589)
                      ; - kotlinx.coroutines.scheduling.CoroutineScheduler$Worker::executeTask@164 (line 829)
                      ; - kotlinx.coroutines.scheduling.CoroutineScheduler$Worker::runWorker@44 (line 717)
                      ;   {optimized virtual_call}
  0x000000011b9aa18c: fd17 d997 

  0x000000011b9aa190: ;   {other}
  0x000000011b9aa190: 1f20 03d5 | 1f10 82f2 | 1f20 85f2 | e007 00f9 | c149 8052 

  0x000000011b9aa1a4: ; ImmutableOopMap {rfp=Oop [8]=Oop [16]=Oop [24]=Oop }
                      ;*invokeinterface uncaughtException {reexecute=0 rethrow=0 return_oop=0}
                      ; - kotlinx.coroutines.scheduling.CoroutineScheduler::runSafely@33 (line 589)
                      ; - kotlinx.coroutines.scheduling.CoroutineScheduler$Worker::executeTask@164 (line 829)
                      ; - kotlinx.coroutines.scheduling.CoroutineScheduler$Worker::runWorker@44 (line 717)
                      ;   {runtime_call UncommonTrapBlob}
  0x000000011b9aa1a4: 7733 d997 

  0x000000011b9aa1a8: ;   {other}
  0x000000011b9aa1a8: 1f20 03d5 | 1f13 82f2 | 1f40 85f2 | 2101 8012 

  0x000000011b9aa1b8: ; ImmutableOopMap {}
                      ;*getfield idleWorkerKeepAliveNs {reexecute=1 rethrow=0 return_oop=0}
                      ; - (reexecute) kotlinx.coroutines.scheduling.CoroutineScheduler$Worker::park@17 (line 853)
                      ; - kotlinx.coroutines.scheduling.CoroutineScheduler$Worker::tryPark@79 (line 803)
                      ; - kotlinx.coroutines.scheduling.CoroutineScheduler$Worker::runWorker@103 (line 751)
                      ;   {runtime_call UncommonTrapBlob}
  0x000000011b9aa1b8: 7233 d997 

  0x000000011b9aa1bc: ;   {other}
  0x000000011b9aa1bc: 1f20 03d5 | 9f15 82f2 | 1f60 85f2 

  0x000000011b9aa1c8: ;   {oop(a 'java/lang/Class'{0x00000003011480d8} = 'kotlinx/coroutines/AbstractTimeSourceKt')}
  0x000000011b9aa1c8: 0a1b 90d2 | 8a22 a0f2 | 6a00 c0f2 | 4a71 40b9 | 5df1 7dd3 | e007 00f9 | bd01 00b4 | 410a 8012 
  0x000000011b9aa1e8: ; ImmutableOopMap {rfp=Oop [8]=Oop [16]=Oop }
                      ;*invokevirtual unTrackTask {reexecute=0 rethrow=0 return_oop=0}
                      ; - kotlinx.coroutines.scheduling.CoroutineScheduler::runSafely@63 (line 591)
                      ; - kotlinx.coroutines.scheduling.CoroutineScheduler$Worker::executeTask@164 (line 829)
                      ; - kotlinx.coroutines.scheduling.CoroutineScheduler$Worker::runWorker@44 (line 717)
                      ;   {runtime_call UncommonTrapBlob}
  0x000000011b9aa1e8: 6633 d997 

  0x000000011b9aa1ec: ;   {other}
  0x000000011b9aa1ec: 1f20 03d5 | 9f1b 82f2 | 1f80 85f2 | e103 00aa | 0b00 0014 | e007 00f9 | 0400 0014 | e007 00f9 
  0x000000011b9aa20c: 0200 0014 | e007 00f9 | e107 40f9 | 0400 0014 | e103 00aa | 0200 0014 | e103 00aa | fd7b 48a9 
  0x000000011b9aa22c: ff43 0291 

  0x000000011b9aa230: ;   {runtime_call _rethrow_Java}
  0x000000011b9aa230: f4b0 dc17 | 2111 8012 | fd03 142a 

  0x000000011b9aa23c: ; ImmutableOopMap {}
                      ;*aload_0 {reexecute=0 rethrow=0 return_oop=0}
                      ; - kotlinx.coroutines.scheduling.CoroutineScheduler$Worker::runWorker@2 (line 711)
                      ;   {runtime_call UncommonTrapBlob}
  0x000000011b9aa23c: 5133 d997 

  0x000000011b9aa240: ;   {other}
  0x000000011b9aa240: 1f20 03d5 | 1f26 82f2 | 1fa0 85f2 | 0830 93d2 | e85f a3f2 | 2800 c0f2 | 0001 3fd6 | 86fc ff17 
  0x000000011b9aa260: ;   {other}
  0x000000011b9aa260: 0600 0000 | 0000 0000 
[Stub Code]
  0x000000011b9aa268: ;   {no_reloc}
  0x000000011b9aa268: 4800 0058 | 0001 1fd6 | 50b0 8e1b | 0100 0000 

  0x000000011b9aa278: ;   {trampoline_stub}
  0x000000011b9aa278: 4800 0058 | 0001 1fd6 | 90ff c91b | 0100 0000 

  0x000000011b9aa288: ;   {trampoline_stub}
  0x000000011b9aa288: 4800 0058 | 0001 1fd6 | d07c 5c1b | 0100 0000 

  0x000000011b9aa298: ;   {trampoline_stub}
  0x000000011b9aa298: 4800 0058 | 0001 1fd6 | d07c 5c1b | 0100 0000 

  0x000000011b9aa2a8: ;   {trampoline_stub}
  0x000000011b9aa2a8: 4800 0058 | 0001 1fd6 | 5045 9e1b | 0100 0000 

  0x000000011b9aa2b8: ;   {trampoline_stub}
  0x000000011b9aa2b8: 4800 0058 | 0001 1fd6 | 9095 951b | 0100 0000 

  0x000000011b9aa2c8: ;   {trampoline_stub}
  0x000000011b9aa2c8: 4800 0058 | 0001 1fd6 | d0ef 951b | 0100 0000 

  0x000000011b9aa2d8: ;   {trampoline_stub}
  0x000000011b9aa2d8: 4800 0058 | 0001 1fd6 | 58fe 0d1b | 0100 0000 

  0x000000011b9aa2e8: ;   {trampoline_stub}
  0x000000011b9aa2e8: 4800 0058 | 0001 1fd6 | 8001 ff1a | 0100 0000 

  0x000000011b9aa2f8: ;   {static_stub}
  0x000000011b9aa2f8: df3f 03d5 

  0x000000011b9aa2fc: ;   {metadata(nullptr)}
  0x000000011b9aa2fc: 0c00 80d2 | 0c00 a0f2 | 0c00 c0f2 | 0800 80d2 | 0800 a0f2 | 0800 c0f2 | 0001 1fd6 

  0x000000011b9aa318: ;   {static_stub}
  0x000000011b9aa318: df3f 03d5 

  0x000000011b9aa31c: ;   {metadata(nullptr)}
  0x000000011b9aa31c: 0c00 80d2 | 0c00 a0f2 | 0c00 c0f2 | 0800 80d2 | 0800 a0f2 | 0800 c0f2 | 0001 1fd6 

  0x000000011b9aa338: ;   {static_stub}
  0x000000011b9aa338: df3f 03d5 

  0x000000011b9aa33c: ;   {metadata(nullptr)}
  0x000000011b9aa33c: 0c00 80d2 | 0c00 a0f2 | 0c00 c0f2 | 0800 80d2 | 0800 a0f2 | 0800 c0f2 | 0001 1fd6 

  0x000000011b9aa358: ;   {static_stub}
  0x000000011b9aa358: df3f 03d5 

  0x000000011b9aa35c: ;   {metadata(nullptr)}
  0x000000011b9aa35c: 0c00 80d2 | 0c00 a0f2 | 0c00 c0f2 | 0800 80d2 | 0800 a0f2 | 0800 c0f2 | 0001 1fd6 

  0x000000011b9aa378: ;   {static_stub}
  0x000000011b9aa378: df3f 03d5 

  0x000000011b9aa37c: ;   {metadata(nullptr)}
  0x000000011b9aa37c: 0c00 80d2 | 0c00 a0f2 | 0c00 c0f2 | 0800 80d2 | 0800 a0f2 | 0800 c0f2 | 0001 1fd6 

  0x000000011b9aa398: ;   {static_stub}
  0x000000011b9aa398: df3f 03d5 

  0x000000011b9aa39c: ;   {metadata(nullptr)}
  0x000000011b9aa39c: 0c00 80d2 | 0c00 a0f2 | 0c00 c0f2 | 0800 80d2 | 0800 a0f2 | 0800 c0f2 | 0001 1fd6 

  0x000000011b9aa3b8: ;   {static_stub}
  0x000000011b9aa3b8: df3f 03d5 

  0x000000011b9aa3bc: ;   {metadata({method} {0x000000012c93e1c0} 'findTask' '(Z)Lkotlinx/coroutines/scheduling/Task;' in 'kotlinx/coroutines/scheduling/CoroutineScheduler$Worker')}
  0x000000011b9aa3bc: 0c38 9cd2 | 6c92 a5f2 | 2c00 c0f2 | 084b 8ad2 | e85f a3f2 | 2800 c0f2 | 0001 1fd6 
[Exception Handler]
  0x000000011b9aa3d8: ;   {runtime_call ExceptionBlob}
  0x000000011b9aa3d8: ca8d dc17 
[Deopt Handler Code]
  0x000000011b9aa3dc: 1e00 0010 

  0x000000011b9aa3e0: ;   {runtime_call DeoptimizationBlob}
  0x000000011b9aa3e0: 1832 d917 | 0000 0000 
[/MachCode]


---------------  P R O C E S S  ---------------

Threads class SMR info:
_java_thread_list=0x00000007e50d0fa0, length=56, elements={
0x0000000104d29860, 0x0000000104d44e10, 0x00000007e8da8000, 0x00000007e8da8700,
0x00000007e8da8e00, 0x00000007e8da9500, 0x0000000104d45650, 0x00000007e9178000,
0x00000007e8da9c00, 0x00000007e8daa300, 0x00000007e8004000, 0x00000007e8004700,
0x00000007e8004e00, 0x00000007e8006300, 0x00000007e8007800, 0x00000007e80b5500,
0x00000007e80b6300, 0x00000007e80b7800, 0x00000007e8200000, 0x00000007e8200700,
0x00000007e8200e00, 0x00000007e8201500, 0x00000007e8201c00, 0x00000007e8202a00,
0x00000007e8203100, 0x00000007e8203800, 0x00000007e8344e00, 0x00000007e8345500,
0x00000007e8345c00, 0x00000007e8346300, 0x00000007e83f0700, 0x00000007e7c9e300,
0x00000007e7c9ea00, 0x00000007e7690e00, 0x00000007e69e0700, 0x00000007e69e0e00,
0x00000007e69e1500, 0x00000007e69e1c00, 0x00000007e69e2a00, 0x00000007e69e3100,
0x00000007e6ad2300, 0x00000007e6ad2a00, 0x00000007e6ad3100, 0x00000007e6ad0700,
0x00000007e6b3a300, 0x00000007e6b7f100, 0x00000007e6be8000, 0x00000007e689dc00,
0x00000007e65cce00, 0x00000007e65cd500, 0x00000007e65cdc00, 0x00000007e65ce300,
0x00000007e6036300, 0x00000007e6037800, 0x00000007e6624700, 0x00000007e50d4000
}

Java Threads: ( => current thread )
  0x0000000104d29860 JavaThread "main"                              [_thread_blocked, id=5635, stack(0x000000016b6b8000,0x000000016b8bb000) (2060K)]
  0x0000000104d44e10 JavaThread "Reference Handler"          daemon [_thread_blocked, id=23555, stack(0x000000016c8bc000,0x000000016cabf000) (2060K)]
  0x00000007e8da8000 JavaThread "Finalizer"                  daemon [_thread_blocked, id=28675, stack(0x000000016cac8000,0x000000016cccb000) (2060K)]
  0x00000007e8da8700 JavaThread "Signal Dispatcher"          daemon [_thread_blocked, id=24323, stack(0x000000016ccd4000,0x000000016ced7000) (2060K)]
  0x00000007e8da8e00 JavaThread "Service Thread"             daemon [_thread_blocked, id=24835, stack(0x000000016cee0000,0x000000016d0e3000) (2060K)]
  0x00000007e8da9500 JavaThread "Monitor Deflation Thread"   daemon [_thread_blocked, id=25347, stack(0x000000016d0ec000,0x000000016d2ef000) (2060K)]
  0x0000000104d45650 JavaThread "C2 CompilerThread0"         daemon [_thread_blocked, id=25603, stack(0x000000016d2f8000,0x000000016d4fb000) (2060K)]
  0x00000007e9178000 JavaThread "C1 CompilerThread0"         daemon [_thread_blocked, id=27907, stack(0x000000016d504000,0x000000016d707000) (2060K)]
  0x00000007e8da9c00 JavaThread "Notification Thread"        daemon [_thread_blocked, id=25859, stack(0x000000016d710000,0x000000016d913000) (2060K)]
  0x00000007e8daa300 JavaThread "Common-Cleaner"             daemon [_thread_blocked, id=27139, stack(0x000000016d91c000,0x000000016db1f000) (2060K)]
  0x00000007e8004000 JavaThread "DefaultDispatcher-worker-1" daemon [_thread_blocked, id=41475, stack(0x000000016e97c000,0x000000016eb7f000) (2060K)]
  0x00000007e8004700 JavaThread "DefaultDispatcher-worker-2" daemon [_thread_blocked, id=34051, stack(0x000000016eb88000,0x000000016ed8b000) (2060K)]
  0x00000007e8004e00 JavaThread "DefaultDispatcher-worker-3" daemon [_thread_blocked, id=34307, stack(0x000000016ed94000,0x000000016ef97000) (2060K)]
  0x00000007e8006300 JavaThread "TimerQueue"                 daemon [_thread_blocked, id=35603, stack(0x000000016efa0000,0x000000016f1a3000) (2060K)]
  0x00000007e8007800 JavaThread "AppKit Thread"              daemon [_thread_in_native, id=259, stack(0x000000016ae30000,0x000000016b62c000) (8176K)]
  0x00000007e80b5500 JavaThread "kotlinx.coroutines.DefaultExecutor" daemon [_thread_blocked, id=44291, stack(0x000000016f1ac000,0x000000016f3af000) (2060K)]
  0x00000007e80b6300 JavaThread "AWT-Shutdown"                      [_thread_blocked, id=50459, stack(0x000000016f444000,0x000000016f647000) (2060K)]
  0x00000007e80b7800 JavaThread "DefaultDispatcher-worker-4" daemon [_thread_blocked, id=51979, stack(0x000000016f650000,0x000000016f853000) (2060K)]
  0x00000007e8200000 JavaThread "DefaultDispatcher-worker-5" daemon [_thread_blocked, id=55555, stack(0x000000016f85c000,0x000000016fa5f000) (2060K)]
  0x00000007e8200700 JavaThread "DefaultDispatcher-worker-6" daemon [_thread_in_native, id=52739, stack(0x000000016fa68000,0x000000016fc6b000) (2060K)]
  0x00000007e8200e00 JavaThread "DefaultDispatcher-worker-8" daemon [_thread_blocked, id=55299, stack(0x000000016fc74000,0x000000016fe77000) (2060K)]
  0x00000007e8201500 JavaThread "DefaultDispatcher-worker-7" daemon [_thread_blocked, id=53507, stack(0x000000016fe80000,0x0000000170083000) (2060K)]
  0x00000007e8201c00 JavaThread "DefaultDispatcher-worker-9" daemon [_thread_blocked, id=54539, stack(0x000000017008c000,0x000000017028f000) (2060K)]
  0x00000007e8202a00 JavaThread "DefaultDispatcher-worker-10" daemon [_thread_blocked, id=85267, stack(0x0000000170298000,0x000000017049b000) (2060K)]
  0x00000007e8203100 JavaThread "DefaultDispatcher-worker-11" daemon [_thread_blocked, id=83715, stack(0x00000001704a4000,0x00000001706a7000) (2060K)]
  0x00000007e8203800 JavaThread "DefaultDispatcher-worker-12" daemon [_thread_blocked, id=68867, stack(0x00000001706b0000,0x00000001708b3000) (2060K)]
  0x00000007e8344e00 JavaThread "DefaultDispatcher-worker-13" daemon [_thread_blocked, id=71939, stack(0x00000001708bc000,0x0000000170abf000) (2060K)]
  0x00000007e8345500 JavaThread "DefaultDispatcher-worker-14" daemon [_thread_blocked, id=78667, stack(0x0000000170ac8000,0x0000000170ccb000) (2060K)]
  0x00000007e8345c00 JavaThread "DefaultDispatcher-worker-15" daemon [_thread_blocked, id=77827, stack(0x0000000170cd4000,0x0000000170ed7000) (2060K)]
  0x00000007e8346300 JavaThread "AWT-EventQueue-0"                  [_thread_blocked, id=130835, stack(0x0000000170ee0000,0x00000001710e3000) (2060K)]
  0x00000007e83f0700 JavaThread "Reference Cleaner"          daemon [_thread_blocked, id=95515, stack(0x00000001710ec000,0x00000001712ef000) (2060K)]
  0x00000007e7c9e300 JavaThread "Java2D Queue Flusher"       daemon [_thread_blocked, id=94995, stack(0x00000001712f8000,0x00000001714fb000) (2060K)]
  0x00000007e7c9ea00 JavaThread "Java2D Disposer"            daemon [_thread_blocked, id=96771, stack(0x0000000171504000,0x0000000171707000) (2060K)]
  0x00000007e7690e00 JavaThread "skiko-dispatcher-to-block-on" daemon [_thread_blocked, id=98563, stack(0x0000000171a34000,0x0000000171c37000) (2060K)]
  0x00000007e69e0700 JavaThread "DefaultDispatcher-worker-16" daemon [_thread_blocked, id=174115, stack(0x0000000171d58000,0x0000000171f5b000) (2060K)]
  0x00000007e69e0e00 JavaThread "DefaultDispatcher-worker-17" daemon [_thread_blocked, id=173827, stack(0x0000000171f64000,0x0000000172167000) (2060K)]
  0x00000007e69e1500 JavaThread "DefaultDispatcher-worker-18" daemon [_thread_blocked, id=174387, stack(0x0000000172170000,0x0000000172373000) (2060K)]
  0x00000007e69e1c00 JavaThread "DefaultDispatcher-worker-21" daemon [_thread_blocked, id=132099, stack(0x000000017237c000,0x000000017257f000) (2060K)]
  0x00000007e69e2a00 JavaThread "DefaultDispatcher-worker-20" daemon [_thread_blocked, id=172803, stack(0x0000000172588000,0x000000017278b000) (2060K)]
  0x00000007e69e3100 JavaThread "DefaultDispatcher-worker-19" daemon [_thread_blocked, id=132867, stack(0x0000000172794000,0x0000000172997000) (2060K)]
  0x00000007e6ad2300 JavaThread "DefaultDispatcher-worker-22" daemon [_thread_in_native, id=169219, stack(0x00000001729a0000,0x0000000172ba3000) (2060K)]
=>0x00000007e6ad2a00 JavaThread "DefaultDispatcher-worker-23" daemon [_thread_in_native, id=168963, stack(0x0000000172bac000,0x0000000172daf000) (2060K)]
  0x00000007e6ad3100 JavaThread "DefaultDispatcher-worker-24" daemon [_thread_blocked, id=168707, stack(0x0000000172db8000,0x0000000172fbb000) (2060K)]
  0x00000007e6ad0700 JavaThread "DefaultDispatcher-worker-25" daemon [_thread_blocked, id=168451, stack(0x0000000172fc4000,0x00000001731c7000) (2060K)]
  0x00000007e6b3a300 JavaThread "DefaultDispatcher-worker-26" daemon [_thread_blocked, id=137379, stack(0x00000001731d0000,0x00000001733d3000) (2060K)]
  0x00000007e6b7f100 JavaThread "DefaultDispatcher-worker-27" daemon [_thread_blocked, id=165699, stack(0x00000001733dc000,0x00000001735df000) (2060K)]
  0x00000007e6be8000 JavaThread "DefaultDispatcher-worker-28" daemon [_thread_blocked, id=164867, stack(0x00000001735e8000,0x00000001737eb000) (2060K)]
  0x00000007e689dc00 JavaThread "DefaultDispatcher-worker-29" daemon [_thread_blocked, id=162819, stack(0x00000001737f4000,0x00000001739f7000) (2060K)]
  0x00000007e65cce00 JavaThread "DefaultDispatcher-worker-30" daemon [_thread_blocked, id=162563, stack(0x0000000173a00000,0x0000000173c03000) (2060K)]
  0x00000007e65cd500 JavaThread "DefaultDispatcher-worker-31" daemon [_thread_blocked, id=142851, stack(0x0000000173c0c000,0x0000000173e0f000) (2060K)]
  0x00000007e65cdc00 JavaThread "DefaultDispatcher-worker-32" daemon [_thread_blocked, id=162307, stack(0x0000000173e18000,0x000000017401b000) (2060K)]
  0x00000007e65ce300 JavaThread "DefaultDispatcher-worker-33" daemon [_thread_blocked, id=143619, stack(0x0000000174024000,0x0000000174227000) (2060K)]
  0x00000007e6036300 JavaThread "Java Sound Event Dispatcher" daemon [_thread_blocked, id=241667, stack(0x00000001747ec000,0x00000001749ef000) (2060K)]
  0x00000007e6037800 JavaThread "skiko-dispatcher-to-block-on" daemon [_thread_blocked, id=151375, stack(0x0000000174230000,0x0000000174433000) (2060K)]
  0x00000007e6624700 JavaThread "DefaultDispatcher-worker-34" daemon [_thread_blocked, id=30019, stack(0x000000017443c000,0x000000017463f000) (2060K)]
  0x00000007e50d4000 JavaThread "SpelaEmulation"             daemon [_thread_blocked, id=233743, stack(0x000000017e4f0000,0x000000017e6f3000) (2060K)]
Total: 56

Other Threads:
  0x00000007e9099400 VMThread "VM Thread"                           [id=17923, stack(0x000000016c50c000,0x000000016c70f000) (2060K)]
  0x0000000104d3ade0 WatcherThread "VM Periodic Task Thread"        [id=17155, stack(0x000000016c300000,0x000000016c503000) (2060K)]
  0x0000000104d30cc0 WorkerThread "GC Thread#0"                     [id=14851, stack(0x000000016b8c4000,0x000000016bac7000) (2060K)]
  0x00000007eb024c00 WorkerThread "GC Thread#1"                     [id=26883, stack(0x000000016db28000,0x000000016dd2b000) (2060K)]
  0x00000007eb025000 WorkerThread "GC Thread#2"                     [id=26627, stack(0x000000016dd34000,0x000000016df37000) (2060K)]
  0x00000007eb025400 WorkerThread "GC Thread#3"                     [id=43267, stack(0x000000016df40000,0x000000016e143000) (2060K)]
  0x00000007eb025800 WorkerThread "GC Thread#4"                     [id=33283, stack(0x000000016e14c000,0x000000016e34f000) (2060K)]
  0x00000007eb025c00 WorkerThread "GC Thread#5"                     [id=42755, stack(0x000000016e358000,0x000000016e55b000) (2060K)]
  0x00000007eb026000 WorkerThread "GC Thread#6"                     [id=42499, stack(0x000000016e564000,0x000000016e767000) (2060K)]
  0x00000007eb026400 WorkerThread "GC Thread#7"                     [id=41987, stack(0x000000016e770000,0x000000016e973000) (2060K)]
  0x0000000104d31ae0 ConcurrentGCThread "G1 Main Marker"            [id=12803, stack(0x000000016bad0000,0x000000016bcd3000) (2060K)]
  0x0000000104d32580 WorkerThread "G1 Conc#0"                       [id=13827, stack(0x000000016bcdc000,0x000000016bedf000) (2060K)]
  0x00000007ebb23800 WorkerThread "G1 Conc#1"                       [id=97027, stack(0x0000000171710000,0x0000000171913000) (2060K)]
  0x0000000104d35220 ConcurrentGCThread "G1 Refine#0"               [id=14083, stack(0x000000016bee8000,0x000000016c0eb000) (2060K)]
  0x00000007e9098000 ConcurrentGCThread "G1 Service"                [id=16643, stack(0x000000016c0f4000,0x000000016c2f7000) (2060K)]
Total: 15

Threads with active compile tasks:
Total: 0

VM state: not at safepoint (normal execution)

VM Mutex/Monitor currently owned by a thread: None

Heap address: 0x0000000300800000, size: 6144 MB, Compressed Oops mode: Zero based, Oop shift amount: 3

CDS archive(s) mapped at: [0x0000007000000000-0x0000007000c94000-0x0000007000c94000), size 13189120, SharedBaseAddress: 0x0000007000000000, ArchiveRelocationMode: 1.
Compressed class space mapped at: 0x0000007001000000-0x0000007041000000, reserved size: 1073741824
Narrow klass base: 0x0000007000000000, Narrow klass shift: 0, Narrow klass range: 0x100000000

GC Precious Log:
 CardTable entry size: 512
 Card Set container configuration: InlinePtr #cards 4 size 8 Array Of Cards #cards 32 size 80 Howl #buckets 8 coarsen threshold 7372 Howl Bitmap #cards 1024 size 144 coarsen threshold 921 Card regions per heap region 1 cards per card region 8192
 CPUs: 8 total, 8 available
 Memory: 24576M
 Large Page Support: Disabled
 NUMA Support: Disabled
 Compressed Oops: Enabled (Zero based)
 Heap Region Size: 4M
 Heap Min Capacity: 8M
 Heap Initial Capacity: 384M
 Heap Max Capacity: 6G
 Pre-touch: Disabled
 Parallel Workers: 8
 Concurrent Workers: 2
 Concurrent Refinement Workers: 8
 Periodic GC: Disabled

Heap:
 garbage-first heap   total 114688K, used 49604K [0x0000000300800000, 0x0000000480800000)
  region size 4096K, 8 young (32768K), 2 survivors (8192K)
 Metaspace       used 61805K, committed 62912K, reserved 1114112K
  class space    used 6412K, committed 6912K, reserved 1048576K

Heap Regions: E=young(eden), S=young(survivor), O=old, HS=humongous(starts), HC=humongous(continues), CS=collection set, F=free, TAMS=top-at-mark-start, PB=parsable bottom
|   0|0x0000000300800000, 0x0000000300c00000, 0x0000000300c00000|100%| O|  |TAMS 0x0000000300800000| PB 0x0000000300800000| Untracked 
|   1|0x0000000300c00000, 0x0000000300fff290, 0x0000000301000000| 99%| O|  |TAMS 0x0000000300c00000| PB 0x0000000300c00000| Untracked 
|   2|0x0000000301000000, 0x00000003013ffff0, 0x0000000301400000| 99%| O|  |TAMS 0x0000000301000000| PB 0x0000000301000000| Untracked 
|   3|0x0000000301400000, 0x000000030173b9d8, 0x0000000301800000| 80%| O|  |TAMS 0x0000000301400000| PB 0x0000000301400000| Untracked 
|   4|0x0000000301800000, 0x0000000301bfffe8, 0x0000000301c00000| 99%| O|  |TAMS 0x0000000301800000| PB 0x0000000301800000| Untracked 
|   5|0x0000000301c00000, 0x0000000302000000, 0x0000000302000000|100%| O|  |TAMS 0x0000000301c00000| PB 0x0000000301c00000| Untracked 
|   6|0x0000000302000000, 0x00000003022bf0c8, 0x0000000302400000| 68%| O|  |TAMS 0x0000000302000000| PB 0x0000000302000000| Untracked 
|   7|0x0000000302400000, 0x00000003024f7068, 0x0000000302800000| 24%| O|  |TAMS 0x0000000302400000| PB 0x0000000302400000| Untracked 
|   8|0x0000000302800000, 0x0000000302800000, 0x0000000302c00000|  0%| F|  |TAMS 0x0000000302800000| PB 0x0000000302800000| Untracked 
|   9|0x0000000302c00000, 0x0000000302c00000, 0x0000000303000000|  0%| F|  |TAMS 0x0000000302c00000| PB 0x0000000302c00000| Untracked 
|  10|0x0000000303000000, 0x0000000303180510, 0x0000000303400000| 37%| S|CS|TAMS 0x0000000303000000| PB 0x0000000303000000| Complete 
|  11|0x0000000303400000, 0x0000000303800000, 0x0000000303800000|100%| S|CS|TAMS 0x0000000303400000| PB 0x0000000303400000| Complete 
|  12|0x0000000303800000, 0x0000000303800000, 0x0000000303c00000|  0%| F|  |TAMS 0x0000000303800000| PB 0x0000000303800000| Untracked 
|  13|0x0000000303c00000, 0x0000000303c00000, 0x0000000304000000|  0%| F|  |TAMS 0x0000000303c00000| PB 0x0000000303c00000| Untracked 
|  14|0x0000000304000000, 0x0000000304000000, 0x0000000304400000|  0%| F|  |TAMS 0x0000000304000000| PB 0x0000000304000000| Untracked 
|  15|0x0000000304400000, 0x0000000304400000, 0x0000000304800000|  0%| F|  |TAMS 0x0000000304400000| PB 0x0000000304400000| Untracked 
|  16|0x0000000304800000, 0x0000000304800000, 0x0000000304c00000|  0%| F|  |TAMS 0x0000000304800000| PB 0x0000000304800000| Untracked 
|  17|0x0000000304c00000, 0x0000000304c00000, 0x0000000305000000|  0%| F|  |TAMS 0x0000000304c00000| PB 0x0000000304c00000| Untracked 
|  18|0x0000000305000000, 0x0000000305000000, 0x0000000305400000|  0%| F|  |TAMS 0x0000000305000000| PB 0x0000000305000000| Untracked 
|  19|0x0000000305400000, 0x0000000305400000, 0x0000000305800000|  0%| F|  |TAMS 0x0000000305400000| PB 0x0000000305400000| Untracked 
|  20|0x0000000305800000, 0x0000000305800000, 0x0000000305c00000|  0%| F|  |TAMS 0x0000000305800000| PB 0x0000000305800000| Untracked 
|  21|0x0000000305c00000, 0x0000000305c00000, 0x0000000306000000|  0%| F|  |TAMS 0x0000000305c00000| PB 0x0000000305c00000| Untracked 
|  22|0x0000000306000000, 0x00000003062aec98, 0x0000000306400000| 67%| E|  |TAMS 0x0000000306000000| PB 0x0000000306000000| Complete 
|  23|0x0000000306400000, 0x0000000306800000, 0x0000000306800000|100%| E|CS|TAMS 0x0000000306400000| PB 0x0000000306400000| Complete 
|  24|0x0000000306800000, 0x0000000306bffb28, 0x0000000306c00000| 99%| E|  |TAMS 0x0000000306800000| PB 0x0000000306800000| Complete 
|  25|0x0000000306c00000, 0x0000000307000000, 0x0000000307000000|100%| E|CS|TAMS 0x0000000306c00000| PB 0x0000000306c00000| Complete 
|  26|0x0000000307000000, 0x0000000307400000, 0x0000000307400000|100%| E|CS|TAMS 0x0000000307000000| PB 0x0000000307000000| Complete 
|  27|0x0000000307400000, 0x0000000307800000, 0x0000000307800000|100%| E|CS|TAMS 0x0000000307400000| PB 0x0000000307400000| Complete 

Card table byte_map: [0x0000000122a80000,0x0000000123680000] _byte_map_base: 0x000000012127c000

Marking Bits: (CMBitMap*) 0x0000000104d31370
 Bits: [0x0000000123680000, 0x0000000129680000)

Polling page: 0x0000000104800000

Metaspace:

Usage:
  Non-class:     54.09 MB used.
      Class:      6.26 MB used.
       Both:     60.36 MB used.

Virtual space:
  Non-class space:       64.00 MB reserved,      54.69 MB ( 85%) committed,  1 nodes.
      Class space:        1.00 GB reserved,       6.75 MB ( <1%) committed,  1 nodes.
             Both:        1.06 GB reserved,      61.44 MB (  6%) committed. 

Chunk freelists:
   Non-Class:  8.75 MB
       Class:  9.23 MB
        Both:  17.98 MB

MaxMetaspaceSize: unlimited
CompressedClassSpaceSize: 1.00 GB
Initial GC threshold: 21.00 MB
Current GC threshold: 99.81 MB
CDS: on
 - commit_granule_bytes: 65536.
 - commit_granule_words: 8192.
 - virtual_space_node_default_size: 8388608.
 - enlarge_chunks_in_place: 1.
 - use_allocation_guard: 0.


Internal statistics:

num_allocs_failed_limit: 9.
num_arena_births: 1570.
num_arena_deaths: 26.
num_vsnodes_births: 2.
num_vsnodes_deaths: 0.
num_space_committed: 983.
num_space_uncommitted: 0.
num_chunks_returned_to_freelist: 45.
num_chunks_taken_from_freelist: 3713.
num_chunk_merges: 18.
num_chunk_splits: 2565.
num_chunks_enlarged: 1903.
num_inconsistent_stats: 0.

CodeHeap 'non-profiled nmethods': size=120032Kb used=8506Kb max_used=8506Kb free=111525Kb
 bounds [0x000000011b548000, 0x000000011bd98000, 0x0000000122a80000]
CodeHeap 'profiled nmethods': size=120016Kb used=24854Kb max_used=25471Kb free=95161Kb
 bounds [0x0000000113a80000, 0x0000000115360000, 0x000000011afb4000]
CodeHeap 'non-nmethods': size=5712Kb used=3151Kb max_used=3250Kb free=2560Kb
 bounds [0x000000011afb4000, 0x000000011b2f4000, 0x000000011b548000]
CodeCache: size=245760Kb, used=36511Kb, max_used=37227Kb, free=209246Kb
 total_blobs=14292, nmethods=11883, adapters=2317, full_count=0
Compilation: enabled, stopped_count=0, restarted_count=0

Compilation events (20 events):
Event: 139.954 Thread 0x0000000104d45650 13932       4       androidx.compose.ui.node.RootNodeOwner::onPointerInput-l-3BpVI (170 bytes)
Event: 139.958 Thread 0x0000000104d45650 nmethod 13932 0x000000011bd8a590 code [0x000000011bd8a780, 0x000000011bd8aca8]
Event: 140.017 Thread 0x00000007e9178000 13933   !   3       java.lang.Thread::sleep (82 bytes)
Event: 140.017 Thread 0x00000007e9178000 nmethod 13933 0x0000000113c80f10 code [0x0000000113c811c0, 0x0000000113c81aa0]
Event: 140.074 Thread 0x0000000104d45650 13934       4       androidx.compose.ui.input.pointer.SyntheticEventSender::updatePointerPosition-73e_hdE (140 bytes)
Event: 140.075 Thread 0x0000000104d45650 nmethod 13934 0x000000011bd8b290 code [0x000000011bd8b440, 0x000000011bd8b6c8]
Event: 140.106 Thread 0x00000007e9178000 13935       3       androidx.collection.MutableScatterSet::addAll (30 bytes)
Event: 140.106 Thread 0x00000007e9178000 nmethod 13935 0x0000000113ab2810 code [0x0000000113ab2a80, 0x0000000113ab31a0]
Event: 140.138 Thread 0x0000000104d45650 13936       4       androidx.compose.ui.scene.CanvasLayersComposeSceneImpl::hoveredOwner (115 bytes)
Event: 140.141 Thread 0x0000000104d45650 nmethod 13936 0x000000011bd8ba10 code [0x000000011bd8bcc0, 0x000000011bd8c458]
Event: 140.185 Thread 0x00000007e9178000 13937       3       jdk.internal.event.ThreadSleepEvent::isTurnedOn (7 bytes)
Event: 140.185 Thread 0x00000007e9178000 nmethod 13937 0x0000000113f33f90 code [0x0000000113f34140, 0x0000000113f34280]
Event: 140.226 Thread 0x00000007e9178000 13938       3       androidx.compose.animation.core.AnimationStateKt::copy (25 bytes)
Event: 140.226 Thread 0x00000007e9178000 nmethod 13938 0x0000000113c80290 code [0x0000000113c80500, 0x0000000113c80bd8]
Event: 140.304 Thread 0x0000000104d45650 13939   !   4       androidx.compose.ui.graphics.layer.GraphicsLayer::record_mL_hObY$lambda$0 (375 bytes)
Event: 140.314 Thread 0x0000000104d45650 nmethod 13939 0x000000011bd8cc10 code [0x000000011bd8cf80, 0x000000011bd8e900]
Event: 140.315 Thread 0x0000000104d45650 13940       4       androidx.compose.ui.input.pointer.SyntheticEventSender::sendInternal-l-3BpVI (37 bytes)
Event: 140.331 Thread 0x0000000104d45650 nmethod 13940 0x000000011bd8fc10 code [0x000000011bd90140, 0x000000011bd92018]
Event: 140.673 Thread 0x00000007e9178000 13942       3       androidx.compose.ui.focus.FocusTransactionsKt::performCustomRequestFocus-Mxy_nc0 (672 bytes)
Event: 140.675 Thread 0x00000007e9178000 nmethod 13942 0x00000001149b3c90 code [0x00000001149b42c0, 0x00000001149b6640]

GC Heap History (20 events):
Event: 11.352 GC heap before
{Heap before GC invocations=10 (full 0):
 garbage-first heap   total 57344K, used 38247K [0x0000000300800000, 0x0000000480800000)
  region size 4096K, 7 young (28672K), 1 survivors (4096K)
 Metaspace       used 51472K, committed 52416K, reserved 1114112K
  class space    used 5437K, committed 5824K, reserved 1048576K
}
Event: 11.354 GC heap after
{Heap after GC invocations=11 (full 0):
 garbage-first heap   total 225280K, used 21398K [0x0000000300800000, 0x0000000480800000)
  region size 4096K, 1 young (4096K), 1 survivors (4096K)
 Metaspace       used 51472K, committed 52416K, reserved 1114112K
  class space    used 5437K, committed 5824K, reserved 1048576K
}
Event: 13.188 GC heap before
{Heap before GC invocations=11 (full 0):
 garbage-first heap   total 225280K, used 148374K [0x0000000300800000, 0x0000000480800000)
  region size 4096K, 33 young (135168K), 1 survivors (4096K)
 Metaspace       used 56005K, committed 57024K, reserved 1114112K
  class space    used 5905K, committed 6336K, reserved 1048576K
}
Event: 13.191 GC heap after
{Heap after GC invocations=12 (full 0):
 garbage-first heap   total 225280K, used 28133K [0x0000000300800000, 0x0000000480800000)
  region size 4096K, 3 young (12288K), 3 survivors (12288K)
 Metaspace       used 56005K, committed 57024K, reserved 1114112K
  class space    used 5905K, committed 6336K, reserved 1048576K
}
Event: 13.901 GC heap before
{Heap before GC invocations=12 (full 0):
 garbage-first heap   total 225280K, used 151013K [0x0000000300800000, 0x0000000480800000)
  region size 4096K, 33 young (135168K), 3 survivors (12288K)
 Metaspace       used 56096K, committed 57152K, reserved 1114112K
  class space    used 5905K, committed 6336K, reserved 1048576K
}
Event: 13.903 GC heap after
{Heap after GC invocations=13 (full 0):
 garbage-first heap   total 225280K, used 27783K [0x0000000300800000, 0x0000000480800000)
  region size 4096K, 3 young (12288K), 3 survivors (12288K)
 Metaspace       used 56096K, committed 57152K, reserved 1114112K
  class space    used 5905K, committed 6336K, reserved 1048576K
}
Event: 14.463 GC heap before
{Heap before GC invocations=13 (full 0):
 garbage-first heap   total 225280K, used 150663K [0x0000000300800000, 0x0000000480800000)
  region size 4096K, 33 young (135168K), 3 survivors (12288K)
 Metaspace       used 56130K, committed 57152K, reserved 1114112K
  class space    used 5905K, committed 6336K, reserved 1048576K
}
Event: 14.465 GC heap after
{Heap after GC invocations=14 (full 0):
 garbage-first heap   total 225280K, used 28427K [0x0000000300800000, 0x0000000480800000)
  region size 4096K, 3 young (12288K), 3 survivors (12288K)
 Metaspace       used 56130K, committed 57152K, reserved 1114112K
  class space    used 5905K, committed 6336K, reserved 1048576K
}
Event: 19.822 GC heap before
{Heap before GC invocations=14 (full 0):
 garbage-first heap   total 225280K, used 147211K [0x0000000300800000, 0x0000000480800000)
  region size 4096K, 33 young (135168K), 3 survivors (12288K)
 Metaspace       used 58557K, committed 59584K, reserved 1114112K
  class space    used 6187K, committed 6592K, reserved 1048576K
}
Event: 19.826 GC heap after
{Heap after GC invocations=15 (full 0):
 garbage-first heap   total 225280K, used 31970K [0x0000000300800000, 0x0000000480800000)
  region size 4096K, 4 young (16384K), 4 survivors (16384K)
 Metaspace       used 58557K, committed 59584K, reserved 1114112K
  class space    used 6187K, committed 6592K, reserved 1048576K
}
Event: 31.180 GC heap before
{Heap before GC invocations=15 (full 0):
 garbage-first heap   total 225280K, used 56546K [0x0000000300800000, 0x0000000480800000)
  region size 4096K, 12 young (49152K), 4 survivors (16384K)
 Metaspace       used 58674K, committed 59712K, reserved 1114112K
  class space    used 6187K, committed 6592K, reserved 1048576K
}
Event: 31.210 GC heap after
{Heap after GC invocations=16 (full 1):
 garbage-first heap   total 122880K, used 27952K [0x0000000300800000, 0x0000000480800000)
  region size 4096K, 0 young (0K), 0 survivors (0K)
 Metaspace       used 58651K, committed 59712K, reserved 1114112K
  class space    used 6180K, committed 6592K, reserved 1048576K
}
Event: 47.439 GC heap before
{Heap before GC invocations=16 (full 1):
 garbage-first heap   total 122880K, used 109872K [0x0000000300800000, 0x0000000480800000)
  region size 4096K, 16 young (65536K), 0 survivors (0K)
 Metaspace       used 59689K, committed 60736K, reserved 1114112K
  class space    used 6279K, committed 6720K, reserved 1048576K
}
Event: 47.441 GC heap after
{Heap after GC invocations=17 (full 1):
 garbage-first heap   total 126976K, used 31424K [0x0000000300800000, 0x0000000480800000)
  region size 4096K, 1 young (4096K), 1 survivors (4096K)
 Metaspace       used 59689K, committed 60736K, reserved 1114112K
  class space    used 6279K, committed 6720K, reserved 1048576K
}
Event: 61.211 GC heap before
{Heap before GC invocations=17 (full 1):
 garbage-first heap   total 126976K, used 76480K [0x0000000300800000, 0x0000000480800000)
  region size 4096K, 14 young (57344K), 1 survivors (4096K)
 Metaspace       used 60243K, committed 61312K, reserved 1114112K
  class space    used 6311K, committed 6720K, reserved 1048576K
}
Event: 61.245 GC heap after
{Heap after GC invocations=18 (full 2):
 garbage-first heap   total 110592K, used 27587K [0x0000000300800000, 0x0000000480800000)
  region size 4096K, 0 young (0K), 0 survivors (0K)
 Metaspace       used 60243K, committed 61312K, reserved 1114112K
  class space    used 6311K, committed 6720K, reserved 1048576K
}
Event: 113.944 GC heap before
{Heap before GC invocations=18 (full 2):
 garbage-first heap   total 110592K, used 101315K [0x0000000300800000, 0x0000000480800000)
  region size 4096K, 14 young (57344K), 0 survivors (0K)
 Metaspace       used 61332K, committed 62400K, reserved 1114112K
  class space    used 6397K, committed 6848K, reserved 1048576K
}
Event: 113.947 GC heap after
{Heap after GC invocations=19 (full 2):
 garbage-first heap   total 114688K, used 30568K [0x0000000300800000, 0x0000000480800000)
  region size 4096K, 1 young (4096K), 1 survivors (4096K)
 Metaspace       used 61332K, committed 62400K, reserved 1114112K
  class space    used 6397K, committed 6848K, reserved 1048576K
}
Event: 130.540 GC heap before
{Heap before GC invocations=19 (full 2):
 garbage-first heap   total 114688K, used 87912K [0x0000000300800000, 0x0000000480800000)
  region size 4096K, 16 young (65536K), 1 survivors (4096K)
 Metaspace       used 61761K, committed 62912K, reserved 1114112K
  class space    used 6412K, committed 6912K, reserved 1048576K
}
Event: 130.546 GC heap after
{Heap after GC invocations=20 (full 2):
 garbage-first heap   total 114688K, used 33220K [0x0000000300800000, 0x0000000480800000)
  region size 4096K, 2 young (8192K), 2 survivors (8192K)
 Metaspace       used 61761K, committed 62912K, reserved 1114112K
  class space    used 6412K, committed 6912K, reserved 1048576K
}

Dll operation events (16 events):
Event: 0.003 Loaded shared library /Users/mattias800/Library/Java/JavaVirtualMachines/ms-21.0.10/Contents/Home/lib/libjava.dylib
Event: 0.023 Loaded shared library /Users/mattias800/Library/Java/JavaVirtualMachines/ms-21.0.10/Contents/Home/lib/libnio.dylib
Event: 0.025 Loaded shared library /Users/mattias800/Library/Java/JavaVirtualMachines/ms-21.0.10/Contents/Home/lib/libzip.dylib
Event: 0.141 Loaded shared library /Users/mattias800/Library/Java/JavaVirtualMachines/ms-21.0.10/Contents/Home/lib/libjimage.dylib
Event: 0.195 Loaded shared library /Users/mattias800/Library/Java/JavaVirtualMachines/ms-21.0.10/Contents/Home/lib/libnet.dylib
Event: 0.531 Loaded shared library /private/var/folders/00/y_pwwndd1hj9rnmh0xwj36v80000gn/T/sqlite-3.51.0.0-433b530e-6bc6-4b8d-b5e2-1c73b0044a05-libsqlitejdbc.dylib
Event: 0.622 Loaded shared library /Users/mattias800/Library/Java/JavaVirtualMachines/ms-21.0.10/Contents/Home/lib/libawt.dylib
Event: 0.632 Loaded shared library /Users/mattias800/Library/Java/JavaVirtualMachines/ms-21.0.10/Contents/Home/lib/libawt_lwawt.dylib
Event: 0.653 Loaded shared library /Users/mattias800/Library/Java/JavaVirtualMachines/ms-21.0.10/Contents/Home/lib/libfontmanager.dylib
Event: 0.705 Loaded shared library /Users/mattias800/Library/Java/JavaVirtualMachines/ms-21.0.10/Contents/Home/lib/libextnet.dylib
Event: 0.841 Loading shared library /Users/mattias800/Library/Java/JavaVirtualMachines/ms-21.0.10/Contents/Home/lib/libspela-libretro.dylib failed, dlopen(/Users/mattias800/Library/Java/JavaVirtualMachines/ms-21.0.10/Contents/Home/lib/libspela-libretro.dylib, 0x0001):
Event: 0.842 Loading shared library /Users/mattias800/Library/Java/JavaVirtualMachines/ms-21.0.10/Contents/Home/lib/libspela-libretro.jnilib failed, dlopen(/Users/mattias800/Library/Java/JavaVirtualMachines/ms-21.0.10/Contents/Home/lib/libspela-libretro.jnilib, 0x0001
Event: 1.088 Loaded shared library /Users/mattias800/repos/spela/player/desktop/build/native/libspela-libretro.dylib
Event: 1.109 Loaded shared library /Users/mattias800/.skiko/384a41e7bf8dcab7fe3ef7dfb14a2adf281ce448c1f711cac5e69a7b97ae2f4a/libskiko-macos-arm64.dylib
Event: 1.120 Loaded shared library /Users/mattias800/Library/Java/JavaVirtualMachines/ms-21.0.10/Contents/Home/lib/libosxui.dylib
Event: 18.109 Loaded shared library /Users/mattias800/Library/Java/JavaVirtualMachines/ms-21.0.10/Contents/Home/lib/libjsound.dylib

Deoptimization events (20 events):
Event: 118.055 Thread 0x00000007e8346300 Uncommon trap: trap_request=0xffffffd6 fr.pc=0x000000011b5dffa4 relative=0x0000000000000f24
Event: 118.055 Thread 0x00000007e8346300 Uncommon trap: reason=array_check action=maybe_recompile pc=0x000000011b5dffa4 method=androidx.compose.runtime.snapshots.SnapshotStateObserver.clear(Ljava/lang/Object;)V @ 120 c2
Event: 118.055 Thread 0x00000007e8346300 DEOPT PACKING pc=0x000000011b5dffa4 sp=0x00000001710e0df0
Event: 118.055 Thread 0x00000007e8346300 DEOPT UNPACKING pc=0x000000011aff701c sp=0x00000001710e0d60 mode 2
Event: 118.055 Thread 0x00000007e8346300 Uncommon trap: trap_request=0xffffffd6 fr.pc=0x000000011b5dffa4 relative=0x0000000000000f24
Event: 118.055 Thread 0x00000007e8346300 Uncommon trap: reason=array_check action=maybe_recompile pc=0x000000011b5dffa4 method=androidx.compose.runtime.snapshots.SnapshotStateObserver.clear(Ljava/lang/Object;)V @ 120 c2
Event: 118.055 Thread 0x00000007e8346300 DEOPT PACKING pc=0x000000011b5dffa4 sp=0x00000001710e1180
Event: 118.055 Thread 0x00000007e8346300 DEOPT UNPACKING pc=0x000000011aff701c sp=0x00000001710e10f0 mode 2
Event: 118.055 Thread 0x00000007e8346300 Uncommon trap: trap_request=0xffffffd6 fr.pc=0x000000011b5dffa4 relative=0x0000000000000f24
Event: 118.055 Thread 0x00000007e8346300 Uncommon trap: reason=array_check action=maybe_recompile pc=0x000000011b5dffa4 method=androidx.compose.runtime.snapshots.SnapshotStateObserver.clear(Ljava/lang/Object;)V @ 120 c2
Event: 118.055 Thread 0x00000007e8346300 DEOPT PACKING pc=0x000000011b5dffa4 sp=0x00000001710e13e0
Event: 118.055 Thread 0x00000007e8346300 DEOPT UNPACKING pc=0x000000011aff701c sp=0x00000001710e1350 mode 2
Event: 129.780 Thread 0x00000007e8004700 Uncommon trap: trap_request=0xffffffde fr.pc=0x000000011b9ae7d4 relative=0x0000000000000094
Event: 129.780 Thread 0x00000007e8004700 Uncommon trap: reason=class_check action=maybe_recompile pc=0x000000011b9ae7d4 method=java.nio.ByteBuffer.position(I)Ljava/nio/Buffer; @ 2 c2
Event: 129.780 Thread 0x00000007e8004700 DEOPT PACKING pc=0x000000011b9ae7d4 sp=0x000000016ed8a250
Event: 129.780 Thread 0x00000007e8004700 DEOPT UNPACKING pc=0x000000011aff701c sp=0x000000016ed8a1e0 mode 2
Event: 139.021 Thread 0x00000007e8346300 Uncommon trap: trap_request=0xffffff6e fr.pc=0x000000011bd7de58 relative=0x0000000000001a58
Event: 139.021 Thread 0x00000007e8346300 Uncommon trap: reason=loop_limit_check action=maybe_recompile pc=0x000000011bd7de58 method=androidx.compose.ui.graphics.layer.GraphicsLayer.recordWithTracking(Lkotlin/jvm/functions/Function1;)V @ 247 c2
Event: 139.021 Thread 0x00000007e8346300 DEOPT PACKING pc=0x000000011bd7de58 sp=0x00000001710e1b90
Event: 139.021 Thread 0x00000007e8346300 DEOPT UNPACKING pc=0x000000011aff701c sp=0x00000001710e1af0 mode 2

Classes loaded (20 events):
Event: 65.357 Loading class javax/swing/AbstractButton
Event: 65.358 Loading class java/awt/ItemSelectable
Event: 65.358 Loading class java/awt/ItemSelectable done
Event: 65.358 Loading class javax/swing/AbstractButton done
Event: 65.358 Loading class javax/swing/JMenuItem done
Event: 65.358 Loading class javax/swing/JMenu done
Event: 107.819 Loading class java/awt/event/MouseWheelEvent
Event: 107.820 Loading class java/awt/event/MouseWheelEvent done
Event: 109.770 Loading class java/awt/Container$MouseEventTargetFilter
Event: 109.770 Loading class java/awt/Container$EventTargetFilter
Event: 109.771 Loading class java/awt/Container$EventTargetFilter done
Event: 109.771 Loading class java/awt/Container$MouseEventTargetFilter done
Event: 109.771 Loading class java/awt/LightweightDispatcher$1
Event: 109.771 Loading class java/awt/LightweightDispatcher$1 done
Event: 109.771 Loading class java/awt/event/AWTEventListenerProxy
Event: 109.771 Loading class java/awt/event/AWTEventListenerProxy done
Event: 109.773 Loading class java/awt/Toolkit$SelectiveAWTEventListener
Event: 109.773 Loading class java/awt/Toolkit$SelectiveAWTEventListener done
Event: 109.773 Loading class java/awt/Toolkit$ToolkitEventMulticaster
Event: 109.773 Loading class java/awt/Toolkit$ToolkitEventMulticaster done

Classes unloaded (13 events):
Event: 31.186 Thread 0x00000007e9099400 Unloading class 0x00000070015d2000 'java/lang/invoke/LambdaForm$MH+0x00000070015d2000'
Event: 31.186 Thread 0x00000007e9099400 Unloading class 0x00000070015d1c00 'java/lang/invoke/LambdaForm$MH+0x00000070015d1c00'
Event: 31.186 Thread 0x00000007e9099400 Unloading class 0x00000070015d1400 'java/lang/invoke/LambdaForm$MH+0x00000070015d1400'
Event: 31.186 Thread 0x00000007e9099400 Unloading class 0x00000070015d2400 'java/lang/invoke/LambdaForm$MH+0x00000070015d2400'
Event: 31.186 Thread 0x00000007e9099400 Unloading class 0x00000070015d0c00 'java/lang/invoke/LambdaForm$MH+0x00000070015d0c00'
Event: 31.186 Thread 0x00000007e9099400 Unloading class 0x00000070015d0800 'java/lang/invoke/LambdaForm$MH+0x00000070015d0800'
Event: 31.186 Thread 0x00000007e9099400 Unloading class 0x00000070015d0400 'java/lang/invoke/LambdaForm$MH+0x00000070015d0400'
Event: 31.186 Thread 0x00000007e9099400 Unloading class 0x0000007001562000 'java/lang/invoke/LambdaForm$MH+0x0000007001562000'
Event: 31.186 Thread 0x00000007e9099400 Unloading class 0x0000007001561800 'java/lang/invoke/LambdaForm$DMH+0x0000007001561800'
Event: 31.186 Thread 0x00000007e9099400 Unloading class 0x0000007001561000 'java/lang/invoke/LambdaForm$DMH+0x0000007001561000'
Event: 31.186 Thread 0x00000007e9099400 Unloading class 0x0000007001560800 'java/lang/invoke/LambdaForm$DMH+0x0000007001560800'
Event: 31.186 Thread 0x00000007e9099400 Unloading class 0x0000007001560c00 'java/lang/invoke/LambdaForm$DMH+0x0000007001560c00'
Event: 31.186 Thread 0x00000007e9099400 Unloading class 0x0000007001560000 'java/lang/invoke/LambdaForm$DMH+0x0000007001560000'

Classes redefined (0 events):
No events

Internal exceptions (20 events):
Event: 115.411 Thread 0x00000007e65ce300 Exception <a 'sun/nio/fs/UnixException'{0x00000003065f72c8}> (0x00000003065f72c8) 
thrown [src/hotspot/share/prims/jni.cpp, line 520]
Event: 115.411 Thread 0x00000007e6ad2a00 Exception <a 'sun/nio/fs/UnixException'{0x00000003065efa30}> (0x00000003065efa30) 
thrown [src/hotspot/share/prims/jni.cpp, line 520]
Event: 115.411 Thread 0x00000007e65ce300 Exception <a 'sun/nio/fs/UnixException'{0x00000003065f8208}> (0x00000003065f8208) 
thrown [src/hotspot/share/prims/jni.cpp, line 520]
Event: 115.611 Thread 0x00000007e69e2a00 Exception <a 'sun/nio/fs/UnixException'{0x000000030586f580}> (0x000000030586f580) 
thrown [src/hotspot/share/prims/jni.cpp, line 520]
Event: 115.612 Thread 0x00000007e69e1c00 Exception <a 'sun/nio/fs/UnixException'{0x00000003058665c0}> (0x00000003058665c0) 
thrown [src/hotspot/share/prims/jni.cpp, line 520]
Event: 115.612 Thread 0x00000007e69e0e00 Exception <a 'sun/nio/fs/UnixException'{0x0000000306fbc450}> (0x0000000306fbc450) 
thrown [src/hotspot/share/prims/jni.cpp, line 520]
Event: 115.612 Thread 0x00000007e69e2a00 Exception <a 'sun/nio/fs/UnixException'{0x00000003058707b0}> (0x00000003058707b0) 
thrown [src/hotspot/share/prims/jni.cpp, line 520]
Event: 115.612 Thread 0x00000007e69e0e00 Exception <a 'sun/nio/fs/UnixException'{0x0000000306fbd3b0}> (0x0000000306fbd3b0) 
thrown [src/hotspot/share/prims/jni.cpp, line 520]
Event: 115.612 Thread 0x00000007e69e1c00 Exception <a 'sun/nio/fs/UnixException'{0x0000000305879ce8}> (0x0000000305879ce8) 
thrown [src/hotspot/share/prims/jni.cpp, line 520]
Event: 115.623 Thread 0x00000007e69e1c00 Exception <a 'sun/nio/fs/UnixException'{0x00000003058b1398}> (0x00000003058b1398) 
thrown [src/hotspot/share/prims/jni.cpp, line 520]
Event: 115.624 Thread 0x00000007e69e3100 Exception <a 'sun/nio/fs/UnixException'{0x00000003058b6e00}> (0x00000003058b6e00) 
thrown [src/hotspot/share/prims/jni.cpp, line 520]
Event: 115.624 Thread 0x00000007e69e1c00 Exception <a 'sun/nio/fs/UnixException'{0x00000003058b3ee0}> (0x00000003058b3ee0) 
thrown [src/hotspot/share/prims/jni.cpp, line 520]
Event: 115.624 Thread 0x00000007e69e3100 Exception <a 'sun/nio/fs/UnixException'{0x00000003058b8180}> (0x00000003058b8180) 
thrown [src/hotspot/share/prims/jni.cpp, line 520]
Event: 115.632 Thread 0x00000007e6ad2a00 Exception <a 'sun/nio/fs/UnixException'{0x0000000305957510}> (0x0000000305957510) 
thrown [src/hotspot/share/prims/jni.cpp, line 520]
Event: 115.632 Thread 0x00000007e65cdc00 Exception <a 'sun/nio/fs/UnixException'{0x0000000305952158}> (0x0000000305952158) 
thrown [src/hotspot/share/prims/jni.cpp, line 520]
Event: 115.632 Thread 0x00000007e6ad2a00 Exception <a 'sun/nio/fs/UnixException'{0x00000003059588b8}> (0x00000003059588b8) 
thrown [src/hotspot/share/prims/jni.cpp, line 520]
Event: 115.633 Thread 0x00000007e65cdc00 Exception <a 'sun/nio/fs/UnixException'{0x0000000305959fd8}> (0x0000000305959fd8) 
thrown [src/hotspot/share/prims/jni.cpp, line 520]
Event: 115.636 Thread 0x00000007e8201500 Exception <a 'sun/nio/fs/UnixException'{0x00000003059a7250}> (0x00000003059a7250) 
thrown [src/hotspot/share/prims/jni.cpp, line 520]
Event: 115.637 Thread 0x00000007e8201500 Exception <a 'sun/nio/fs/UnixException'{0x00000003059affc8}> (0x00000003059affc8) 
thrown [src/hotspot/share/prims/jni.cpp, line 520]
Event: 117.193 Thread 0x00000007e8346300 Implicit null exception at 0x000000011bd30600 to 0x000000011bd308d0

ZGC Phase Switch (0 events):
No events

VM Operations (20 events):
Event: 124.325 Executing safepoint VM operation: Cleanup
Event: 124.325 Executing safepoint VM operation: Cleanup done
Event: 125.326 Executing safepoint VM operation: Cleanup
Event: 125.326 Executing safepoint VM operation: Cleanup done
Event: 127.334 Executing safepoint VM operation: Cleanup
Event: 127.334 Executing safepoint VM operation: Cleanup done
Event: 128.337 Executing safepoint VM operation: Cleanup
Event: 128.337 Executing safepoint VM operation: Cleanup done
Event: 129.342 Executing safepoint VM operation: Cleanup
Event: 129.342 Executing safepoint VM operation: Cleanup done
Event: 130.540 Executing safepoint VM operation: G1CollectForAllocation (G1 Evacuation Pause)
Event: 130.546 Executing safepoint VM operation: G1CollectForAllocation (G1 Evacuation Pause) done
Event: 131.550 Executing safepoint VM operation: Cleanup
Event: 131.550 Executing safepoint VM operation: Cleanup done
Event: 136.563 Executing safepoint VM operation: Cleanup
Event: 136.563 Executing safepoint VM operation: Cleanup done
Event: 139.574 Executing safepoint VM operation: Cleanup
Event: 139.574 Executing safepoint VM operation: Cleanup done
Event: 140.579 Executing safepoint VM operation: Cleanup
Event: 140.579 Executing safepoint VM operation: Cleanup done

Memory protections (20 events):
Event: 44.290 Protecting memory [0x0000000174b10000,0x0000000174b1c000] with protection modes 3
Event: 45.420 Protecting memory [0x0000000174b9c000,0x0000000174ba8000] with protection modes 0
Event: 45.450 Protecting memory [0x00000001744c8000,0x00000001744d4000] with protection modes 3
Event: 45.909 Protecting memory [0x0000000174b9c000,0x0000000174ba8000] with protection modes 3
Event: 46.938 Protecting memory [0x000000017443c000,0x0000000174448000] with protection modes 0
Event: 46.957 Protecting memory [0x0000000174b9c000,0x0000000174ba8000] with protection modes 0
Event: 48.179 Protecting memory [0x000000017443c000,0x0000000174448000] with protection modes 3
Event: 48.179 Protecting memory [0x0000000174b9c000,0x0000000174ba8000] with protection modes 3
Event: 50.875 Protecting memory [0x000000017443c000,0x0000000174448000] with protection modes 0
Event: 50.906 Protecting memory [0x0000000174a84000,0x0000000174a90000] with protection modes 0
Event: 51.122 Protecting memory [0x0000000174a84000,0x0000000174a90000] with protection modes 3
Event: 51.955 Protecting memory [0x000000017443c000,0x0000000174448000] with protection modes 3
Event: 52.043 Protecting memory [0x000000017443c000,0x0000000174448000] with protection modes 0
Event: 52.356 Protecting memory [0x000000017443c000,0x0000000174448000] with protection modes 3
Event: 54.103 Protecting memory [0x000000017443c000,0x0000000174448000] with protection modes 0
Event: 54.218 Protecting memory [0x000000017443c000,0x0000000174448000] with protection modes 3
Event: 54.223 Protecting memory [0x000000017443c000,0x0000000174448000] with protection modes 0
Event: 64.214 Protecting memory [0x000000017443c000,0x0000000174448000] with protection modes 3
Event: 115.384 Protecting memory [0x000000017443c000,0x0000000174448000] with protection modes 0
Event: 118.177 Protecting memory [0x000000017e4f0000,0x000000017e4fc000] with protection modes 0

Nmethod flushes (20 events):
Event: 61.227 Thread 0x00000007e9099400 flushing  nmethod 0x0000000114b85490
Event: 61.227 Thread 0x00000007e9099400 flushing  nmethod 0x0000000114b86990
Event: 61.227 Thread 0x00000007e9099400 flushing  nmethod 0x0000000114b87890
Event: 61.227 Thread 0x00000007e9099400 flushing  nmethod 0x0000000114b97590
Event: 61.227 Thread 0x00000007e9099400 flushing  nmethod 0x0000000114bb7d90
Event: 61.227 Thread 0x00000007e9099400 flushing  nmethod 0x0000000114bbdd10
Event: 61.227 Thread 0x00000007e9099400 flushing  nmethod 0x0000000114bbe610
Event: 61.227 Thread 0x00000007e9099400 flushing osr nmethod 0x0000000114be0190
Event: 61.227 Thread 0x00000007e9099400 flushing  nmethod 0x0000000114bf6e90
Event: 61.227 Thread 0x00000007e9099400 flushing  nmethod 0x0000000114c45790
Event: 61.227 Thread 0x00000007e9099400 flushing  nmethod 0x0000000114c48110
Event: 61.227 Thread 0x00000007e9099400 flushing  nmethod 0x0000000114c4ad90
Event: 61.227 Thread 0x00000007e9099400 flushing  nmethod 0x0000000114ca3b10
Event: 61.227 Thread 0x00000007e9099400 flushing  nmethod 0x0000000114d16610
Event: 61.227 Thread 0x00000007e9099400 flushing  nmethod 0x0000000114d16a10
Event: 61.227 Thread 0x00000007e9099400 flushing  nmethod 0x0000000114d17a90
Event: 61.227 Thread 0x00000007e9099400 flushing  nmethod 0x0000000114d37090
Event: 61.227 Thread 0x00000007e9099400 flushing  nmethod 0x0000000114de7e10
Event: 61.227 Thread 0x00000007e9099400 flushing  nmethod 0x0000000114e2c090
Event: 61.227 Thread 0x00000007e9099400 flushing  nmethod 0x0000000114e2c510

Events (20 events):
Event: 44.290 Thread 0x00000007ee806000 Thread exited: 0x00000007ee806000
Event: 45.420 Thread 0x0000000104d45650 Thread added: 0x00000007edf58000
Event: 45.450 Thread 0x00000007e6035500 Thread exited: 0x00000007e6035500
Event: 45.909 Thread 0x00000007edf58000 Thread exited: 0x00000007edf58000
Event: 46.938 Thread 0x00000007e9178000 Thread added: 0x00000007edf4a000
Event: 46.957 Thread 0x00000007e9178000 Thread added: 0x00000007ead64800
Event: 48.179 Thread 0x00000007edf4a000 Thread exited: 0x00000007edf4a000
Event: 48.179 Thread 0x00000007ead64800 Thread exited: 0x00000007ead64800
Event: 50.875 Thread 0x00000007e9178000 Thread added: 0x00000007ed21a000
Event: 50.906 Thread 0x00000007ed21a000 Thread added: 0x00000007ee8cb000
Event: 51.122 Thread 0x00000007ee8cb000 Thread exited: 0x00000007ee8cb000
Event: 51.955 Thread 0x00000007ed21a000 Thread exited: 0x00000007ed21a000
Event: 52.043 Thread 0x00000007e9178000 Thread added: 0x00000007f0974000
Event: 52.356 Thread 0x00000007f0974000 Thread exited: 0x00000007f0974000
Event: 54.103 Thread 0x00000007e9178000 Thread added: 0x00000007f0977800
Event: 54.218 Thread 0x00000007f0977800 Thread exited: 0x00000007f0977800
Event: 54.223 Thread 0x00000007e80b7800 Thread added: 0x00000007e5714700
Event: 64.215 Thread 0x00000007e5714700 Thread exited: 0x00000007e5714700
Event: 115.383 Thread 0x00000007e6ad3100 Thread added: 0x00000007e6624700
Event: 118.177 Thread 0x00000007e6ad2300 Thread added: 0x00000007e50d4000


Dynamic libraries:
0x0000000104818000 	/Users/mattias800/Library/Java/JavaVirtualMachines/ms-21.0.10/Contents/Home/lib/libjli.dylib
0x00000001bab86000 	/System/Library/Frameworks/Cocoa.framework/Versions/A/Cocoa
0x00000001a00cf000 	/System/Library/Frameworks/AppKit.framework/Versions/C/AppKit
0x00000001a3718000 	/System/Library/Frameworks/CoreData.framework/Versions/A/CoreData
0x000000019d4cf000 	/System/Library/Frameworks/Foundation.framework/Versions/C/Foundation
0x00000001ab657000 	/usr/lib/libSystem.B.dylib
0x00000001a17ff000 	/System/Library/PrivateFrameworks/UIFoundation.framework/Versions/A/UIFoundation
0x00000002520e3000 	/System/Library/PrivateFrameworks/CollectionViewCore.framework/Versions/A/CollectionViewCore
0x00000001a8a23000 	/System/Library/PrivateFrameworks/XCTTargetBootstrap.framework/Versions/A/XCTTargetBootstrap
0x00000001adfd4000 	/System/Library/PrivateFrameworks/InternationalSupport.framework/Versions/A/InternationalSupport
0x00000001ae32e000 	/System/Library/PrivateFrameworks/UserActivity.framework/Versions/A/UserActivity
0x00000001a3da8000 	/System/Library/PrivateFrameworks/BaseBoard.framework/Versions/A/BaseBoard
0x000000025a887000 	/System/Library/PrivateFrameworks/FrontBoard.framework/Versions/A/FrontBoard
0x00000001b59da000 	/System/Library/PrivateFrameworks/FrontBoardServices.framework/Versions/A/FrontBoardServices
0x0000000296104000 	/usr/lib/libRosetta.dylib
0x0000000289a09000 	/System/Library/PrivateFrameworks/UIIntelligenceSupport.framework/Versions/A/UIIntelligenceSupport
0x0000000247086000 	/System/Library/Frameworks/SwiftUICore.framework/Versions/A/SwiftUICore
0x000000028ff83000 	/System/Library/PrivateFrameworks/WritingTools.framework/Versions/A/WritingTools
0x000000028edd9000 	/System/Library/PrivateFrameworks/WindowManagement.framework/Versions/A/WindowManagement
0x000000019d12e000 	/System/Library/Frameworks/SystemConfiguration.framework/Versions/A/SystemConfiguration
0x00000001ad2f1000 	/usr/lib/libspindump.dylib
0x00000001a19ba000 	/System/Library/Frameworks/UniformTypeIdentifiers.framework/Versions/A/UniformTypeIdentifiers
0x00000001aa902000 	/usr/lib/libbsm.0.dylib
0x00000001a6130000 	/usr/lib/libapp_launch_measurement.dylib
0x00000001a5436000 	/System/Library/PrivateFrameworks/CoreAnalytics.framework/Versions/A/CoreAnalytics
0x00000001a6134000 	/System/Library/PrivateFrameworks/CoreAutoLayout.framework/Versions/A/CoreAutoLayout
0x00000001a7f6e000 	/System/Library/Frameworks/Metal.framework/Versions/A/Metal
0x00000001a936e000 	/usr/lib/liblangid.dylib
0x00000001a8a29000 	/System/Library/PrivateFrameworks/CoreSVG.framework/Versions/A/CoreSVG
0x00000001a241b000 	/System/Library/PrivateFrameworks/SkyLight.framework/Versions/A/SkyLight
0x000000025a5c0000 	/System/Library/PrivateFrameworks/FocusEngine.framework/Versions/A/FocusEngine
0x00000001a29b4000 	/System/Library/Frameworks/CoreGraphics.framework/Versions/A/CoreGraphics
0x00000002581cf000 	/System/Library/PrivateFrameworks/DesignLibrary.framework/Versions/A/DesignLibrary
0x00000001b3ca0000 	/System/Library/Frameworks/Accelerate.framework/Versions/A/Accelerate
0x00000001ad0e7000 	/System/Library/PrivateFrameworks/IconServices.framework/Versions/A/IconServices
0x00000001a7f46000 	/System/Library/Frameworks/IOSurface.framework/Versions/A/IOSurface
0x00000001a5466000 	/usr/lib/libDiagnosticMessagesClient.dylib
0x00000001ab5a0000 	/usr/lib/libz.1.dylib
0x00000001b7fc3000 	/System/Library/Frameworks/ApplicationServices.framework/Versions/A/ApplicationServices
0x00000001a8a0e000 	/System/Library/PrivateFrameworks/DFRFoundation.framework/Versions/A/DFRFoundation
0x000000019f91e000 	/usr/lib/libicucore.A.dylib
0x00000001af56a000 	/System/Library/Frameworks/AudioToolbox.framework/Versions/A/AudioToolbox
0x00000001ae2dc000 	/System/Library/PrivateFrameworks/DataDetectorsCore.framework/Versions/A/DataDetectorsCore
0x000000028a5ef000 	/System/Library/PrivateFrameworks/UpdateCycle.framework/Versions/A/UpdateCycle
0x00000001cc194000 	/System/Library/PrivateFrameworks/TextInput.framework/Versions/A/TextInput
0x00000001a235d000 	/usr/lib/libMobileGestalt.dylib
0x00000001a870a000 	/System/Library/Frameworks/Carbon.framework/Versions/A/Frameworks/HIToolbox.framework/Versions/A/HIToolbox
0x00000001a599b000 	/System/Library/Frameworks/QuartzCore.framework/Versions/A/QuartzCore
0x000000019f4f9000 	/System/Library/Frameworks/Security.framework/Versions/A/Security
0x00000001b361f000 	/System/Library/Frameworks/Carbon.framework/Versions/A/Frameworks/SpeechRecognition.framework/Versions/A/SpeechRecognition
0x00000001a5dff000 	/System/Library/PrivateFrameworks/CoreUI.framework/Versions/A/CoreUI
0x000000019ed4d000 	/System/Library/Frameworks/CoreAudio.framework/Versions/A/CoreAudio
0x00000001a555a000 	/System/Library/Frameworks/DiskArbitration.framework/Versions/A/DiskArbitration
0x00000001ad7ae000 	/System/Library/PrivateFrameworks/MultitouchSupport.framework/Versions/A/MultitouchSupport
0x00000001a235b000 	/usr/lib/libenergytrace.dylib
0x00000001bf6c1000 	/System/Library/PrivateFrameworks/RenderBox.framework/Versions/A/RenderBox
0x000000019ff76000 	/System/Library/Frameworks/IOKit.framework/Versions/A/IOKit
0x00000001b3a29000 	/System/Library/Frameworks/CoreServices.framework/Versions/A/CoreServices
0x00000001a60c1000 	/System/Library/PrivateFrameworks/PerformanceAnalysis.framework/Versions/A/PerformanceAnalysis
0x0000000201e1c000 	/System/Library/Frameworks/OpenGL.framework/Versions/A/OpenGL
0x00000001a617e000 	/usr/lib/libxml2.2.dylib
0x00000001aa7e3000 	/System/Library/PrivateFrameworks/MobileKeyBag.framework/Versions/A/MobileKeyBag
0x000000019b7e8000 	/usr/lib/libobjc.A.dylib
0x000000019bb4c000 	/usr/lib/libc++.1.dylib
0x00000001b39a6000 	/System/Library/Frameworks/Accessibility.framework/Versions/A/Accessibility
0x00000001a310e000 	/System/Library/Frameworks/ColorSync.framework/Versions/A/ColorSync
0x000000019bc7d000 	/System/Library/Frameworks/CoreFoundation.framework/Versions/A/CoreFoundation
0x00000001a8db0000 	/System/Library/Frameworks/CoreImage.framework/Versions/A/CoreImage
0x000000019eb20000 	/System/Library/Frameworks/CoreText.framework/Versions/A/CoreText
0x000000024166d000 	/System/Library/Frameworks/CoreTransferable.framework/Versions/A/CoreTransferable
0x0000000241ba9000 	/System/Library/Frameworks/DataDetection.framework/Versions/A/DataDetection
0x0000000241bbe000 	/System/Library/Frameworks/DeveloperToolsSupport.framework/Versions/A/DeveloperToolsSupport
0x00000001a8a67000 	/System/Library/Frameworks/ImageIO.framework/Versions/A/ImageIO
0x0000000247ffb000 	/System/Library/Frameworks/Symbols.framework/Versions/A/Symbols
0x00000001d1368000 	/System/Library/PrivateFrameworks/AttributeGraph.framework/Versions/A/AttributeGraph
0x00000001b5ab9000 	/System/Library/PrivateFrameworks/BoardServices.framework/Versions/A/BoardServices
0x00000001f59fd000 	/System/Library/PrivateFrameworks/FeatureFlags.framework/Versions/A/FeatureFlags
0x00000002637a7000 	/System/Library/PrivateFrameworks/Gestures.framework/Versions/A/Gestures
0x00000001ab65c000 	/System/Library/PrivateFrameworks/SoftLinking.framework/Versions/A/SoftLinking
0x00000001dfb69000 	/usr/lib/swift/libswiftAccelerate.dylib
0x00000001d604b000 	/usr/lib/swift/libswiftCompression.dylib
0x00000001aeed2000 	/usr/lib/swift/libswiftCore.dylib
0x00000001c8478000 	/usr/lib/swift/libswiftCoreFoundation.dylib
0x00000001c84d1000 	/usr/lib/swift/libswiftCoreImage.dylib
0x00000001b5755000 	/usr/lib/swift/libswiftDispatch.dylib
0x00000001c84d2000 	/usr/lib/swift/libswiftIOKit.dylib
0x00000001d603e000 	/usr/lib/swift/libswiftMetal.dylib
0x00000001e534c000 	/usr/lib/swift/libswiftOSLog.dylib
0x00000001b8613000 	/usr/lib/swift/libswiftObjectiveC.dylib
0x0000000297342000 	/usr/lib/swift/libswiftObservation.dylib
0x00000001db301000 	/usr/lib/swift/libswiftQuartzCore.dylib
0x0000000297481000 	/usr/lib/swift/libswiftSynchronization.dylib
0x00000001dfb5a000 	/usr/lib/swift/libswiftUniformTypeIdentifiers.dylib
0x00000001c848a000 	/usr/lib/swift/libswiftXPC.dylib
0x00000002974bb000 	/usr/lib/swift/libswift_Builtin_float.dylib
0x00000002974be000 	/usr/lib/swift/libswift_Concurrency.dylib
0x00000001b8617000 	/usr/lib/swift/libswiftos.dylib
0x00000001cbf29000 	/usr/lib/swift/libswiftsimd.dylib
0x00000001ab883000 	/usr/lib/libcompression.dylib
0x00000001adf34000 	/System/Library/PrivateFrameworks/TextureIO.framework/Versions/A/TextureIO
0x00000001a32ba000 	/System/Library/Frameworks/ApplicationServices.framework/Versions/A/Frameworks/HIServices.framework/Versions/A/HIServices
0x00000001acd70000 	/usr/lib/libate.dylib
0x00000001ab651000 	/usr/lib/system/libcache.dylib
0x00000001ab60c000 	/usr/lib/system/libcommonCrypto.dylib
0x00000001ab637000 	/usr/lib/system/libcompiler_rt.dylib
0x00000001ab62c000 	/usr/lib/system/libcopyfile.dylib
0x000000019b986000 	/usr/lib/system/libcorecrypto.dylib
0x000000019ba7f000 	/usr/lib/system/libdispatch.dylib
0x000000019b83c000 	/usr/lib/system/libdyld.dylib
0x00000001ab647000 	/usr/lib/system/libkeymgr.dylib
0x00000001ab5ef000 	/usr/lib/system/libmacho.dylib
0x00000001aa8da000 	/usr/lib/system/libquarantine.dylib
0x00000001ab644000 	/usr/lib/system/libremovefile.dylib
0x00000001a23de000 	/usr/lib/system/libsystem_asl.dylib
0x000000019b90c000 	/usr/lib/system/libsystem_blocks.dylib
0x000000019bac9000 	/usr/lib/system/libsystem_c.dylib
0x00000001ab63b000 	/usr/lib/system/libsystem_collections.dylib
0x00000001a935b000 	/usr/lib/system/libsystem_configuration.dylib
0x00000001a7f0d000 	/usr/lib/system/libsystem_containermanager.dylib
0x00000001ab05d000 	/usr/lib/system/libsystem_coreservices.dylib
0x000000019fbf0000 	/usr/lib/system/libsystem_darwin.dylib
0x0000000297811000 	/usr/lib/system/libsystem_darwindirectory.dylib
0x00000001ab648000 	/usr/lib/system/libsystem_dnssd.dylib
0x0000000297815000 	/usr/lib/system/libsystem_eligibility.dylib
0x000000019bac6000 	/usr/lib/system/libsystem_featureflags.dylib
0x000000019bc4d000 	/usr/lib/system/libsystem_info.dylib
0x00000001ab5b0000 	/usr/lib/system/libsystem_m.dylib
0x000000019ba33000 	/usr/lib/system/libsystem_malloc.dylib
0x00000001a2340000 	/usr/lib/system/libsystem_networkextension.dylib
0x00000001a0061000 	/usr/lib/system/libsystem_notify.dylib
0x00000001a9360000 	/usr/lib/system/libsystem_sandbox.dylib
0x000000029781f000 	/usr/lib/system/libsystem_sanitizers.dylib
0x00000001ab640000 	/usr/lib/system/libsystem_secinit.dylib
0x000000019bbfa000 	/usr/lib/system/libsystem_kernel.dylib
0x000000019bc44000 	/usr/lib/system/libsystem_platform.dylib
0x000000019bc37000 	/usr/lib/system/libsystem_pthread.dylib
0x00000001a3f8b000 	/usr/lib/system/libsystem_symptoms.dylib
0x000000019b965000 	/usr/lib/system/libsystem_trace.dylib
0x0000000297827000 	/usr/lib/system/libsystem_trial.dylib
0x00000001ab61a000 	/usr/lib/system/libunwind.dylib
0x000000019b910000 	/usr/lib/system/libxpc.dylib
0x000000019bbdf000 	/usr/lib/libc++abi.dylib
0x0000000297052000 	/usr/lib/libswiftPrespecialized.dylib
0x00000001ab659000 	/usr/lib/libfakelink.dylib
0x00000001a1f84000 	/System/Library/Frameworks/CFNetwork.framework/Versions/A/CFNetwork
0x00000001ab6ad000 	/usr/lib/libarchive.2.dylib
0x00000001b1734000 	/System/Library/Frameworks/Combine.framework/Versions/A/Combine
0x0000000252108000 	/System/Library/PrivateFrameworks/CollectionsInternal.framework/Versions/A/CollectionsInternal
0x0000000278c43000 	/System/Library/PrivateFrameworks/ReflectionInternal.framework/Versions/A/ReflectionInternal
0x0000000279acf000 	/System/Library/PrivateFrameworks/RuntimeInternal.framework/Versions/A/RuntimeInternal
0x00000001c5332000 	/usr/lib/swift/libswiftDarwin.dylib
0x0000000297489000 	/usr/lib/swift/libswiftSystem.dylib
0x0000000297548000 	/usr/lib/swift/libswift_DarwinFoundation1.dylib
0x0000000297629000 	/usr/lib/swift/libswift_StringProcessing.dylib
0x000000019fef5000 	/System/Library/PrivateFrameworks/CoreServicesInternal.framework/Versions/A/CoreServicesInternal
0x00000001ab624000 	/usr/lib/liboah.dylib
0x00000001b7a61000 	/System/Library/PrivateFrameworks/DiskImages.framework/Versions/A/DiskImages
0x00000001c4df5000 	/System/Library/Frameworks/NetFS.framework/Versions/A/NetFS
0x00000001a60f8000 	/System/Library/Frameworks/CoreServices.framework/Versions/A/Frameworks/FSEvents.framework/Versions/A/FSEvents
0x000000019fbfb000 	/System/Library/Frameworks/CoreServices.framework/Versions/A/Frameworks/CarbonCore.framework/Versions/A/CarbonCore
0x00000001a54ce000 	/System/Library/Frameworks/CoreServices.framework/Versions/A/Frameworks/Metadata.framework/Versions/A/Metadata
0x00000001ab064000 	/System/Library/Frameworks/CoreServices.framework/Versions/A/Frameworks/OSServices.framework/Versions/A/OSServices
0x00000001ab7a5000 	/System/Library/Frameworks/CoreServices.framework/Versions/A/Frameworks/SearchKit.framework/Versions/A/SearchKit
0x00000001a3f05000 	/System/Library/Frameworks/CoreServices.framework/Versions/A/Frameworks/AE.framework/Versions/A/AE
0x000000019c1c6000 	/System/Library/Frameworks/CoreServices.framework/Versions/A/Frameworks/LaunchServices.framework/Versions/A/LaunchServices
0x00000001acbc6000 	/System/Library/Frameworks/CoreServices.framework/Versions/A/Frameworks/DictionaryServices.framework/Versions/A/DictionaryServices
0x00000001a6106000 	/System/Library/Frameworks/CoreServices.framework/Versions/A/Frameworks/SharedFileList.framework/Versions/A/SharedFileList
0x00000001ab83a000 	/usr/lib/libapple_nghttp2.dylib
0x00000001a3b1f000 	/usr/lib/libsqlite3.dylib
0x00000001b7ca9000 	/System/Library/PrivateFrameworks/AppSupport.framework/Versions/A/AppSupport
0x00000001afc03000 	/System/Library/Frameworks/GSS.framework/Versions/A/GSS
0x00000001a3e99000 	/System/Library/PrivateFrameworks/RunningBoardServices.framework/Versions/A/RunningBoardServices
0x00000001b85a1000 	/System/Library/PrivateFrameworks/StreamingZip.framework/Versions/A/StreamingZip
0x00000001a3f94000 	/System/Library/Frameworks/Network.framework/Versions/A/Network
0x00000001ab5f3000 	/usr/lib/system/libkxld.dylib
0x000000024d9b2000 	/System/Library/PrivateFrameworks/AppleKeyStore.framework/Versions/A/AppleKeyStore
0x0000000295de8000 	/usr/lib/libCoreEntitlements.dylib
0x000000026eb9e000 	/System/Library/PrivateFrameworks/MessageSecurity.framework/Versions/A/MessageSecurity
0x00000001a3b03000 	/System/Library/PrivateFrameworks/ProtocolBuffer.framework/Versions/A/ProtocolBuffer
0x00000001b4b5b000 	/System/Library/PrivateFrameworks/SymptomDiagnosticReporter.framework/Versions/A/SymptomDiagnosticReporter
0x00000001ace0a000 	/System/Library/PrivateFrameworks/CrashReporterSupport.framework/Versions/A/CrashReporterSupport
0x00000001ab044000 	/System/Library/PrivateFrameworks/AppleFSCompression.framework/Versions/A/AppleFSCompression
0x00000001aa8ea000 	/usr/lib/libcoretls.dylib
0x00000001acc3d000 	/usr/lib/libcoretls_cfhelpers.dylib
0x00000001ab87c000 	/usr/lib/libpam.2.dylib
0x00000001accaf000 	/usr/lib/libxar.1.dylib
0x00000001acc3f000 	/System/Library/PrivateFrameworks/APFS.framework/Versions/A/APFS
0x00000002844fb000 	/System/Library/PrivateFrameworks/SwiftASN1Internal.framework/Versions/A/SwiftASN1Internal
0x00000001accbe000 	/usr/lib/libutil.dylib
0x00000001a9369000 	/System/Library/PrivateFrameworks/AppleSystemInfo.framework/Versions/A/AppleSystemInfo
0x00000001aa5d2000 	/System/Library/PrivateFrameworks/IOMobileFramebuffer.framework/Versions/A/IOMobileFramebuffer
0x00000001c833e000 	/System/Library/PrivateFrameworks/LoggingSupport.framework/Versions/A/LoggingSupport
0x00000001afc66000 	/System/Library/PrivateFrameworks/MobileAsset.framework/Versions/A/MobileAsset
0x00000001b4b6b000 	/System/Library/PrivateFrameworks/PowerLog.framework/Versions/A/PowerLog
0x0000000246f24000 	/System/Library/Frameworks/SwiftData.framework/Versions/A/SwiftData
0x00000001a632a000 	/System/Library/PrivateFrameworks/UserManagement.framework/Versions/A/UserManagement
0x00000001a1eaf000 	/usr/lib/libboringssl.dylib
0x00000001a3f79000 	/usr/lib/libdns_services.dylib
0x00000001c7377000 	/usr/lib/libquic.dylib
0x00000001aee62000 	/usr/lib/libusrtcp.dylib
0x000000024e7a5000 	/System/Library/PrivateFrameworks/AtomicsInternal.framework/Versions/A/AtomicsInternal
0x00000001edb84000 	/System/Library/PrivateFrameworks/InternalSwiftProtobuf.framework/Versions/A/InternalSwiftProtobuf
0x0000000297319000 	/usr/lib/swift/libswiftDistributed.dylib
0x00000001a9367000 	/System/Library/PrivateFrameworks/AggregateDictionary.framework/Versions/A/AggregateDictionary
0x000000024ef35000 	/System/Library/PrivateFrameworks/BiomeLibrary.framework/Versions/A/BiomeLibrary
0x00000001d7012000 	/System/Library/PrivateFrameworks/BiomeStreams.framework/Versions/A/BiomeStreams
0x00000001d3249000 	/System/Library/PrivateFrameworks/BiomeFoundation.framework/Versions/A/BiomeFoundation
0x00000001dd0c6000 	/System/Library/PrivateFrameworks/BiomePubSub.framework/Versions/A/BiomePubSub
0x00000001b95c5000 	/System/Library/PrivateFrameworks/ProactiveSupport.framework/Versions/A/ProactiveSupport
0x00000001acc1e000 	/usr/lib/liblzma.5.dylib
0x00000001b7fc4000 	/System/Library/PrivateFrameworks/InternationalTextSearch.framework/Versions/A/InternationalTextSearch
0x00000001cf766000 	/System/Library/PrivateFrameworks/SoftwareUpdateCoreSupport.framework/Versions/A/SoftwareUpdateCoreSupport
0x00000001d7a94000 	/System/Library/PrivateFrameworks/SoftwareUpdateCoreConnect.framework/Versions/A/SoftwareUpdateCoreConnect
0x00000001b7b5f000 	/System/Library/PrivateFrameworks/RemoteServiceDiscovery.framework/Versions/A/RemoteServiceDiscovery
0x00000001cf35d000 	/System/Library/PrivateFrameworks/MSUDataAccessor.framework/Versions/A/MSUDataAccessor
0x00000001ca496000 	/usr/lib/libbootpolicy.dylib
0x00000001b7b76000 	/System/Library/PrivateFrameworks/RemoteXPC.framework/Versions/A/RemoteXPC
0x00000001d6ede000 	/usr/lib/libFDR.dylib
0x00000001dcce7000 	/usr/lib/libamsupport.dylib
0x00000002960fc000 	/usr/lib/libReverseProxyDevice.dylib
0x000000024d30c000 	/System/Library/PrivateFrameworks/AppleDeviceQuerySupport.framework/Versions/A/AppleDeviceQuerySupport
0x00000001dfd69000 	/usr/lib/libpartition2_dynamic.dylib
0x00000001ab816000 	/System/Library/PrivateFrameworks/AppleSauce.framework/Versions/A/AppleSauce
0x0000000295c89000 	/usr/lib/libAppleArchive.dylib
0x00000001ab050000 	/usr/lib/libbz2.1.0.dylib
0x00000001a5564000 	/System/Library/Frameworks/Accelerate.framework/Versions/A/Frameworks/vImage.framework/Versions/A/vImage
0x00000001b3a03000 	/System/Library/Frameworks/Accelerate.framework/Versions/A/Frameworks/vecLib.framework/Versions/A/vecLib
0x00000001accf5000 	/System/Library/Frameworks/Accelerate.framework/Versions/A/Frameworks/vecLib.framework/Versions/A/libvMisc.dylib
0x000000019c6c6000 	/System/Library/Frameworks/Accelerate.framework/Versions/A/Frameworks/vecLib.framework/Versions/A/libBLAS.dylib
0x00000001a6265000 	/System/Library/Frameworks/CoreVideo.framework/Versions/A/CoreVideo
0x00000001af80b000 	/System/Library/Frameworks/ApplicationServices.framework/Versions/A/Frameworks/ATS.framework/Versions/A/ATS
0x00000001adebd000 	/System/Library/Frameworks/ApplicationServices.framework/Versions/A/Frameworks/PrintCore.framework/Versions/A/PrintCore
0x00000001afbcc000 	/System/Library/Frameworks/ApplicationServices.framework/Versions/A/Frameworks/QD.framework/Versions/A/QD
0x00000001afbc7000 	/System/Library/Frameworks/ApplicationServices.framework/Versions/A/Frameworks/ColorSyncLegacy.framework/Versions/A/ColorSyncLegacy
0x00000001af7dd000 	/System/Library/Frameworks/ApplicationServices.framework/Versions/A/Frameworks/SpeechSynthesis.framework/Versions/A/SpeechSynthesis
0x00000001a8438000 	/System/Library/PrivateFrameworks/FontServices.framework/libFontParser.dylib
0x00000001b7885000 	/System/Library/PrivateFrameworks/BackBoardServices.framework/Versions/A/BackBoardServices
0x000000024ee51000 	/System/Library/PrivateFrameworks/BackBoardHIDEventFoundation.framework/Versions/A/BackBoardHIDEventFoundation
0x000000019e631000 	/System/Library/Frameworks/CoreDisplay.framework/Versions/A/CoreDisplay
0x00000001ad7f4000 	/System/Library/Frameworks/VideoToolbox.framework/Versions/A/VideoToolbox
0x00000001ab87a000 	/System/Library/Frameworks/MetalPerformanceShaders.framework/Versions/A/MetalPerformanceShaders
0x0000000277d20000 	/System/Library/PrivateFrameworks/ProDisplayLibrary.framework/Versions/A/ProDisplayLibrary
0x00000001bb64f000 	/System/Library/PrivateFrameworks/IOSurfaceAccelerator.framework/Versions/A/IOSurfaceAccelerator
0x00000001a7f63000 	/System/Library/PrivateFrameworks/IOAccelerator.framework/Versions/A/IOAccelerator
0x00000001a827b000 	/System/Library/Frameworks/CoreMedia.framework/Versions/A/CoreMedia
0x00000001a23f6000 	/System/Library/PrivateFrameworks/TCC.framework/Versions/A/TCC
0x00000001ad7ac000 	/System/Library/PrivateFrameworks/WatchdogClient.framework/Versions/A/WatchdogClient
0x00000001dd124000 	/System/Library/PrivateFrameworks/BiomeStorage.framework/Versions/A/BiomeStorage
0x0000000269746000 	/System/Library/PrivateFrameworks/IntelligencePlatformLibrary.framework/Versions/A/IntelligencePlatformLibrary
0x000000027702d000 	/System/Library/PrivateFrameworks/PoirotSchematizer.framework/Versions/A/PoirotSchematizer
0x000000024f77a000 	/System/Library/PrivateFrameworks/BiomeSync.framework/Versions/A/BiomeSync
0x000000024ef1b000 	/System/Library/PrivateFrameworks/BiomeDSL.framework/Versions/A/BiomeDSL
0x0000000277097000 	/System/Library/PrivateFrameworks/PoirotUDFs.framework/Versions/A/PoirotUDFs
0x0000000276ffc000 	/System/Library/PrivateFrameworks/PoirotSQLite.framework/Versions/A/PoirotSQLite
0x00000001b5fd6000 	/System/Library/PrivateFrameworks/CoreTime.framework/Versions/A/CoreTime
0x00000001ab692000 	/usr/lib/libiconv.2.dylib
0x00000001ab5ee000 	/usr/lib/libcharset.1.dylib
0x0000000297589000 	/usr/lib/swift/libswift_RegexParser.dylib
0x0000000250d83000 	/System/Library/PrivateFrameworks/CascadeSets.framework/Versions/A/CascadeSets
0x00000001afdd3000 	/System/Library/PrivateFrameworks/CorePhoneNumbers.framework/Versions/A/CorePhoneNumbers
0x00000001ad676000 	/System/Library/PrivateFrameworks/AppleJPEG.framework/Versions/A/AppleJPEG
0x00000001ad062000 	/usr/lib/libexpat.1.dylib
0x00000001add90000 	/System/Library/Frameworks/ImageIO.framework/Versions/A/Resources/libPng.dylib
0x00000001addbc000 	/System/Library/Frameworks/ImageIO.framework/Versions/A/Resources/libTIFF.dylib
0x00000001adea6000 	/System/Library/Frameworks/ImageIO.framework/Versions/A/Resources/libGIF.dylib
0x00000001ad6bb000 	/System/Library/Frameworks/ImageIO.framework/Versions/A/Resources/libJP2.dylib
0x00000001ade4c000 	/System/Library/Frameworks/ImageIO.framework/Versions/A/Resources/libJPEG.dylib
0x00000001ade43000 	/System/Library/Frameworks/ImageIO.framework/Versions/A/Resources/libRadiance.dylib
0x000000025ff6e000 	/System/Library/PrivateFrameworks/GPUCompiler.framework/Versions/32023/Libraries/libllvm-flatbuffers.dylib
0x000000025a87a000 	/System/Library/PrivateFrameworks/FramePacing.framework/Versions/A/FramePacing
0x0000000201e0e000 	/System/Library/Frameworks/OpenGL.framework/Versions/A/Libraries/libCoreFSCache.dylib
0x000000025b9bb000 	/System/Library/PrivateFrameworks/GPUCompiler.framework/Versions/32023/Libraries/libGPUCompilerUtils.dylib
0x00000001b5b86000 	/System/Library/PrivateFrameworks/GraphicsServices.framework/Versions/A/GraphicsServices
0x00000001b9751000 	/System/Library/PrivateFrameworks/ASEProcessing.framework/Versions/A/ASEProcessing
0x00000001e93a0000 	/System/Library/PrivateFrameworks/Symbolication.framework/Versions/A/Symbolication
0x0000000276c1d000 	/System/Library/PrivateFrameworks/PhotosensitivityProcessing.framework/Versions/A/PhotosensitivityProcessing
0x00000001ad293000 	/System/Library/PrivateFrameworks/GraphVisualizer.framework/Versions/A/GraphVisualizer
0x0000000201e6d000 	/System/Library/Frameworks/OpenGL.framework/Versions/A/Libraries/libGLU.dylib
0x0000000201e30000 	/System/Library/Frameworks/OpenGL.framework/Versions/A/Libraries/libGFXShared.dylib
0x000000023ff44000 	/System/Library/Frameworks/OpenGL.framework/Versions/A/Libraries/libGL.dylib
0x0000000201e39000 	/System/Library/Frameworks/OpenGL.framework/Versions/A/Libraries/libGLImage.dylib
0x0000000201e2d000 	/System/Library/Frameworks/OpenGL.framework/Versions/A/Libraries/libCVMSPluginSupport.dylib
0x0000000201e16000 	/System/Library/Frameworks/OpenGL.framework/Versions/A/Libraries/libCoreVMClient.dylib
0x000000025a785000 	/System/Library/PrivateFrameworks/FontServices.framework/Versions/A/FontServices
0x00000001ad2a3000 	/System/Library/PrivateFrameworks/OTSVG.framework/Versions/A/OTSVG
0x00000001a5dac000 	/System/Library/Frameworks/ApplicationServices.framework/Versions/A/Frameworks/ATS.framework/Versions/A/Resources/libFontRegistry.dylib
0x000000029660c000 	/usr/lib/libhvf.dylib
0x0000000273a52000 	/System/Library/PrivateFrameworks/ParsingInternal.framework/Versions/A/ParsingInternal
0x000000025a789000 	/System/Library/PrivateFrameworks/FontServices.framework/libXTFontStaticRegistryData.dylib
0x00000001a92a8000 	/System/Library/Frameworks/MetalPerformanceShaders.framework/Versions/A/Frameworks/MPSCore.framework/Versions/A/MPSCore
0x00000001aafaf000 	/System/Library/Frameworks/MetalPerformanceShaders.framework/Versions/A/Frameworks/MPSImage.framework/Versions/A/MPSImage
0x00000001aa98d000 	/System/Library/Frameworks/MetalPerformanceShaders.framework/Versions/A/Frameworks/MPSNeuralNetwork.framework/Versions/A/MPSNeuralNetwork
0x00000001aadc5000 	/System/Library/Frameworks/MetalPerformanceShaders.framework/Versions/A/Frameworks/MPSMatrix.framework/Versions/A/MPSMatrix
0x00000001aabda000 	/System/Library/Frameworks/MetalPerformanceShaders.framework/Versions/A/Frameworks/MPSRayIntersector.framework/Versions/A/MPSRayIntersector
0x00000001aadf7000 	/System/Library/Frameworks/MetalPerformanceShaders.framework/Versions/A/Frameworks/MPSNDArray.framework/Versions/A/MPSNDArray
0x0000000243ee8000 	/System/Library/Frameworks/MetalPerformanceShaders.framework/Versions/A/Frameworks/MPSFunctions.framework/Versions/A/MPSFunctions
0x0000000243ec9000 	/System/Library/Frameworks/MetalPerformanceShaders.framework/Versions/A/Frameworks/MPSBenchmarkLoop.framework/Versions/A/MPSBenchmarkLoop
0x000000019c4e1000 	/System/Library/PrivateFrameworks/MetalTools.framework/Versions/A/MetalTools
0x00000001cd5ce000 	/System/Library/PrivateFrameworks/IOAccelMemoryInfo.framework/Versions/A/IOAccelMemoryInfo
0x00000001db6f7000 	/System/Library/PrivateFrameworks/kperf.framework/Versions/A/kperf
0x00000001c8454000 	/System/Library/PrivateFrameworks/GPURawCounter.framework/Versions/A/GPURawCounter
0x00000001b5ebf000 	/System/Library/PrivateFrameworks/CoreSymbolication.framework/Versions/A/CoreSymbolication
0x00000001c83cb000 	/System/Library/PrivateFrameworks/MallocStackLogging.framework/Versions/A/MallocStackLogging
0x00000001b5e9c000 	/System/Library/PrivateFrameworks/DebugSymbols.framework/Versions/A/DebugSymbols
0x00000001d9f60000 	/System/Library/PrivateFrameworks/OSAnalytics.framework/Versions/A/OSAnalytics
0x0000000258681000 	/System/Library/PrivateFrameworks/DeviceRecovery.framework/Versions/A/DeviceRecovery
0x0000000241d03000 	/System/Library/Frameworks/ExtensionFoundation.framework/Versions/A/ExtensionFoundation
0x00000001ad2e4000 	/System/Library/PrivateFrameworks/AppServerSupport.framework/Versions/A/AppServerSupport
0x00000001acf61000 	/System/Library/PrivateFrameworks/PlugInKit.framework/Versions/A/PlugInKit
0x00000001aa7fb000 	/System/Library/PrivateFrameworks/AssertionServices.framework/Versions/A/AssertionServices
0x00000001ad087000 	/System/Library/PrivateFrameworks/IconFoundation.framework/Versions/A/IconFoundation
0x000000026664a000 	/System/Library/PrivateFrameworks/IconRendering.framework/Versions/A/IconRendering
0x0000000279c80000 	/System/Library/PrivateFrameworks/SFSymbols.framework/Versions/A/SFSymbols
0x000000019e755000 	/System/Library/PrivateFrameworks/AudioToolboxCore.framework/Versions/A/AudioToolboxCore
0x00000001af745000 	/System/Library/PrivateFrameworks/AudioSession.framework/Versions/A/AudioSession
0x00000001ba999000 	/System/Library/Frameworks/CoreMIDI.framework/Versions/A/CoreMIDI
0x00000001af7c4000 	/usr/lib/libAudioStatistics.dylib
0x00000001a8252000 	/System/Library/PrivateFrameworks/caulk.framework/Versions/A/caulk
0x00000001add6a000 	/usr/lib/libAudioToolboxUtility.dylib
0x00000001c8458000 	/usr/lib/swift/libswiftCoreAudio.dylib
0x00000001cebbf000 	/usr/lib/swift/libswiftCoreMIDI.dylib
0x00000001afbd5000 	/System/Library/PrivateFrameworks/perfdata.framework/Versions/A/perfdata
0x00000001c7475000 	/System/Library/PrivateFrameworks/SystemPolicy.framework/Versions/A/SystemPolicy
0x00000001afa7a000 	/usr/lib/libSMC.dylib
0x00000001afbe3000 	/usr/lib/libperfcheck.dylib
0x000000024e865000 	/System/Library/PrivateFrameworks/AudioAnalytics.framework/Versions/A/AudioAnalytics
0x000000029754c000 	/usr/lib/swift/libswift_DarwinFoundation2.dylib
0x000000029754d000 	/usr/lib/swift/libswift_DarwinFoundation3.dylib
0x00000001ed885000 	/System/Library/Frameworks/OSLog.framework/Versions/A/OSLog
0x00000001c83fd000 	/usr/lib/libmis.dylib
0x00000001ad1a4000 	/System/Library/PrivateFrameworks/MediaExperience.framework/Versions/A/MediaExperience
0x00000001af513000 	/System/Library/PrivateFrameworks/AudioSession.framework/libSessionUtility.dylib
0x00000001adeac000 	/System/Library/PrivateFrameworks/CMCaptureCore.framework/Versions/A/CMCaptureCore
0x00000001b4a4a000 	/System/Library/Frameworks/CoreBluetooth.framework/Versions/A/CoreBluetooth
0x00000001aa667000 	/System/Library/PrivateFrameworks/CoreUtils.framework/Versions/A/CoreUtils
0x00000001c03e7000 	/System/Library/PrivateFrameworks/HID.framework/Versions/A/HID
0x0000000257a83000 	/System/Library/PrivateFrameworks/CoreUtilsExtras.framework/Versions/A/CoreUtilsExtras
0x00000002665ac000 	/System/Library/PrivateFrameworks/IO80211.framework/Versions/A/IO80211
0x00000001b148d000 	/System/Library/Frameworks/IOBluetooth.framework/Versions/A/IOBluetooth
0x000000024e453000 	/System/Library/PrivateFrameworks/ArgumentParserInternal.framework/Versions/A/ArgumentParserInternal
0x00000001ace01000 	/usr/lib/libIOReport.dylib
0x00000001aa80a000 	/System/Library/Frameworks/SecurityFoundation.framework/Versions/A/SecurityFoundation
0x000000019cea5000 	/System/Library/PrivateFrameworks/Lexicon.framework/Versions/A/Lexicon
0x00000001aa975000 	/usr/lib/libgermantok.dylib
0x00000001a9492000 	/System/Library/PrivateFrameworks/LinguisticData.framework/Versions/A/LinguisticData
0x00000001b4c5d000 	/System/Library/PrivateFrameworks/MediaKit.framework/Versions/A/MediaKit
0x00000001b4ba8000 	/System/Library/Frameworks/DiscRecording.framework/Versions/A/DiscRecording
0x00000001ad07d000 	/usr/lib/libheimdal-asn1.dylib
0x00000001b8577000 	/System/Library/Frameworks/AudioUnit.framework/Versions/A/AudioUnit
0x00000001a60cb000 	/System/Library/Frameworks/OpenDirectory.framework/Versions/A/OpenDirectory
0x00000001a60d9000 	/System/Library/Frameworks/OpenDirectory.framework/Versions/A/Frameworks/CFOpenDirectory.framework/Versions/A/CFOpenDirectory
0x00000002402c8000 	/System/Library/Frameworks/AVFAudio.framework/Versions/A/AVFAudio
0x00000001c13b1000 	/usr/lib/libAccessibility.dylib
0x000000026a2da000 	/System/Library/PrivateFrameworks/IsolatedCoreAudioClient.framework/Versions/A/IsolatedCoreAudioClient
0x00000001e3ba6000 	/usr/lib/swift/libswiftCoreMedia.dylib
0x0000000287aa3000 	/System/Library/PrivateFrameworks/Tightbeam.framework/Versions/A/Tightbeam
0x0000000253993000 	/System/Library/PrivateFrameworks/CoreAudioOrchestration.framework/Versions/A/CoreAudioOrchestration
0x00000001e02b5000 	/System/Library/PrivateFrameworks/AFKUser.framework/Versions/A/AFKUser
0x00000001b3cf0000 	/System/Library/Frameworks/MediaAccessibility.framework/Versions/A/MediaAccessibility
0x000000028bc8f000 	/System/Library/PrivateFrameworks/VideoToolboxParavirtualizationSupport.framework/Versions/A/VideoToolboxParavirtualizationSupport
0x00000001ad019000 	/System/Library/PrivateFrameworks/AppleVA.framework/Versions/A/AppleVA
0x00000001ade3e000 	/System/Library/PrivateFrameworks/GPUWrangler.framework/Versions/A/GPUWrangler
0x00000001ade1e000 	/System/Library/PrivateFrameworks/IOPresentment.framework/Versions/A/IOPresentment
0x00000001ade46000 	/System/Library/PrivateFrameworks/DSExternalDisplay.framework/Versions/A/DSExternalDisplay
0x000000024e2aa000 	/System/Library/PrivateFrameworks/AppleMobileFileIntegrity.framework/Versions/A/AppleMobileFileIntegrity
0x0000000296189000 	/usr/lib/libTLE.dylib
0x00000001feb4d000 	/System/Library/PrivateFrameworks/ConfigProfileHelper.framework/Versions/A/ConfigProfileHelper
0x00000001f396d000 	/usr/lib/libedit.3.dylib
0x000000026b85b000 	/System/Library/PrivateFrameworks/MIL.framework/Versions/A/MIL
0x00000001cd591000 	/usr/lib/libncurses.5.4.dylib
0x00000001aa59c000 	/System/Library/PrivateFrameworks/CoreEmoji.framework/Versions/A/CoreEmoji
0x000000019d1c2000 	/usr/lib/libCRFSuite.dylib
0x00000001a9370000 	/System/Library/PrivateFrameworks/CoreNLP.framework/Versions/A/CoreNLP
0x00000001aa914000 	/usr/lib/libmecab.dylib
0x00000001ab80d000 	/usr/lib/libThaiTokenizer.dylib
0x00000001edd44000 	/System/Library/PrivateFrameworks/HIDDisplay.framework/Versions/A/HIDDisplay
0x00000001ade78000 	/System/Library/Frameworks/ApplicationServices.framework/Versions/A/Frameworks/ATSUI.framework/Versions/A/ATSUI
0x00000001afb5b000 	/usr/lib/libcups.2.dylib
0x00000001afbf1000 	/System/Library/Frameworks/Kerberos.framework/Versions/A/Kerberos
0x00000001af853000 	/usr/lib/libresolv.9.dylib
0x00000001ad2f8000 	/System/Library/PrivateFrameworks/Heimdal.framework/Versions/A/Heimdal
0x00000001b8576000 	/System/Library/Frameworks/Kerberos.framework/Versions/A/Libraries/libHeimdalProxy.dylib
0x00000001afc55000 	/System/Library/PrivateFrameworks/CommonAuth.framework/Versions/A/CommonAuth
0x00000001c12ac000 	/System/Library/PrivateFrameworks/AXCoreUtilities.framework/Versions/A/AXCoreUtilities
0x0000000295ba3000 	/usr/lib/libAXSafeCategoryBundle.dylib
0x00000001aa481000 	/System/Library/Frameworks/Accelerate.framework/Versions/A/Frameworks/vecLib.framework/Versions/A/libvDSP.dylib
0x00000001ab95a000 	/System/Library/Frameworks/Accelerate.framework/Versions/A/Frameworks/vecLib.framework/Versions/A/libLAPACK.dylib
0x00000001aa978000 	/System/Library/Frameworks/Accelerate.framework/Versions/A/Frameworks/vecLib.framework/Versions/A/libLinearAlgebra.dylib
0x00000001ab853000 	/System/Library/Frameworks/Accelerate.framework/Versions/A/Frameworks/vecLib.framework/Versions/A/libSparseBLAS.dylib
0x00000001ab955000 	/System/Library/Frameworks/Accelerate.framework/Versions/A/Frameworks/vecLib.framework/Versions/A/libQuadrature.dylib
0x00000001a9499000 	/System/Library/Frameworks/Accelerate.framework/Versions/A/Frameworks/vecLib.framework/Versions/A/libBNNS.dylib
0x000000019cfbb000 	/System/Library/Frameworks/Accelerate.framework/Versions/A/Frameworks/vecLib.framework/Versions/A/libSparse.dylib
0x00000001afbba000 	/System/Library/PrivateFrameworks/NetAuth.framework/Versions/A/NetAuth
0x00000001a62e9000 	/System/Library/PrivateFrameworks/login.framework/Versions/A/Frameworks/loginsupport.framework/Versions/A/loginsupport
0x00000001aa8de000 	/usr/lib/libCheckFix.dylib
0x00000001a5468000 	/System/Library/PrivateFrameworks/MetadataUtilities.framework/Versions/A/MetadataUtilities
0x0000000267065000 	/System/Library/PrivateFrameworks/InstalledContentLibrary.framework/Versions/A/InstalledContentLibrary
0x000000019ff36000 	/System/Library/PrivateFrameworks/CoreServicesStore.framework/Versions/A/CoreServicesStore
0x00000001db7fe000 	/System/Library/PrivateFrameworks/MobileSystemServices.framework/Versions/A/MobileSystemServices
0x00000001accc2000 	/usr/lib/libxslt.1.dylib
0x00000001aa89d000 	/System/Library/PrivateFrameworks/BackgroundTaskManagement.framework/Versions/A/BackgroundTaskManagement
0x00000001b7c21000 	/usr/lib/libcurl.4.dylib
0x00000002963c2000 	/usr/lib/libcrypto.46.dylib
0x0000000296fdf000 	/usr/lib/libssl.48.dylib
0x00000001b78f7000 	/System/Library/Frameworks/LDAP.framework/Versions/A/LDAP
0x00000001b7933000 	/System/Library/PrivateFrameworks/TrustEvaluationAgent.framework/Versions/A/TrustEvaluationAgent
0x00000001af870000 	/usr/lib/libsasl2.2.dylib
0x00000001c5331000 	/usr/lib/swift/libswiftCoreGraphics.dylib
0x00000001b43ec000 	/usr/lib/swift/libswiftFoundation.dylib
0x00000001fe50a000 	/usr/lib/swift/libswiftSwiftOnoneSupport.dylib
0x00000002976be000 	/usr/lib/swift/libswiftsys_time.dylib
0x00000001e9b5d000 	/System/Library/PrivateFrameworks/CoreMaterial.framework/Versions/A/CoreMaterial
0x0000000297404000 	/usr/lib/swift/libswiftSpatial.dylib
0x0000000296186000 	/usr/lib/libSpatial.dylib
0x0000000295ac1000 	/System/Library/SubFrameworks/UIUtilities.framework/Versions/A/UIUtilities
0x000000010a274000 	/Users/mattias800/Library/Java/JavaVirtualMachines/ms-21.0.10/Contents/Home/lib/server/libjvm.dylib
0x0000000104ad0000 	/Users/mattias800/Library/Java/JavaVirtualMachines/ms-21.0.10/Contents/Home/lib/libjimage.dylib
0x0000000109140000 	/Users/mattias800/Library/Java/JavaVirtualMachines/ms-21.0.10/Contents/Home/lib/libjava.dylib
0x0000000109f98000 	/Users/mattias800/Library/Java/JavaVirtualMachines/ms-21.0.10/Contents/Home/lib/libnio.dylib
0x0000000109fbc000 	/Users/mattias800/Library/Java/JavaVirtualMachines/ms-21.0.10/Contents/Home/lib/libnet.dylib
0x0000000109fdc000 	/Users/mattias800/Library/Java/JavaVirtualMachines/ms-21.0.10/Contents/Home/lib/libzip.dylib
0x000000010a118000 	/private/var/folders/00/y_pwwndd1hj9rnmh0xwj36v80000gn/T/sqlite-3.51.0.0-433b530e-6bc6-4b8d-b5e2-1c73b0044a05-libsqlitejdbc.dylib
0x000000012b680000 	/Users/mattias800/Library/Java/JavaVirtualMachines/ms-21.0.10/Contents/Home/lib/libawt.dylib
0x000000010a088000 	/Users/mattias800/Library/Java/JavaVirtualMachines/ms-21.0.10/Contents/Home/lib/libmlib_image.dylib
0x0000000243061000 	/System/Library/Frameworks/JavaRuntimeSupport.framework/Versions/A/JavaRuntimeSupport
0x00000001c6e45000 	/System/Library/Frameworks/Carbon.framework/Versions/A/Carbon
0x00000001bd15d000 	/System/Library/Frameworks/Carbon.framework/Versions/A/Frameworks/CommonPanels.framework/Versions/A/CommonPanels
0x00000001b7c0c000 	/System/Library/Frameworks/Carbon.framework/Versions/A/Frameworks/Help.framework/Versions/A/Help
0x00000001bd161000 	/System/Library/Frameworks/Carbon.framework/Versions/A/Frameworks/ImageCapture.framework/Versions/A/ImageCapture
0x00000001bd13c000 	/System/Library/Frameworks/Carbon.framework/Versions/A/Frameworks/OpenScripting.framework/Versions/A/OpenScripting
0x00000001bd15c000 	/System/Library/Frameworks/Carbon.framework/Versions/A/Frameworks/Ink.framework/Versions/A/Ink
0x00000001bd159000 	/System/Library/Frameworks/Carbon.framework/Versions/A/Frameworks/SecurityHI.framework/Versions/A/SecurityHI
0x0000000295fe4000 	/usr/lib/libInterpreterSecurity.dylib
0x00000001dd434000 	/System/Library/PrivateFrameworks/XprotectFramework.framework/Versions/A/XprotectFramework
0x00000001c06fc000 	/System/Library/PrivateFrameworks/yara.framework/Versions/A/yara
0x0000000295f61000 	/usr/lib/libEndpointSecuritySystem.dylib
0x000000012b860000 	/Users/mattias800/Library/Java/JavaVirtualMachines/ms-21.0.10/Contents/Home/lib/libawt_lwawt.dylib
0x000000010a008000 	/Users/mattias800/Library/Java/JavaVirtualMachines/ms-21.0.10/Contents/Home/lib/libosxapp.dylib
0x00000001c5398000 	/System/Library/Frameworks/ExceptionHandling.framework/Versions/A/ExceptionHandling
0x000000012bae8000 	/Users/mattias800/Library/Java/JavaVirtualMachines/ms-21.0.10/Contents/Home/lib/libfontmanager.dylib
0x000000012b998000 	/Users/mattias800/Library/Java/JavaVirtualMachines/ms-21.0.10/Contents/Home/lib/libfreetype.dylib
0x000000012b7e8000 	/Users/mattias800/Library/Java/JavaVirtualMachines/ms-21.0.10/Contents/Home/lib/libextnet.dylib
0x00000001a5f88000 	/System/Library/PrivateFrameworks/ViewBridge.framework/Versions/A/ViewBridge
0x0000000240598000 	/System/Library/Frameworks/AppIntents.framework/Versions/A/AppIntents
0x000000024679c000 	/System/Library/Frameworks/RelevanceKit.framework/Versions/A/RelevanceKit
0x00000001ab452000 	/System/Library/Frameworks/CoreSpotlight.framework/Versions/A/CoreSpotlight
0x000000026b36e000 	/System/Library/PrivateFrameworks/LinkServices.framework/Versions/A/LinkServices
0x0000000258b9c000 	/System/Library/PrivateFrameworks/DoNotDisturb.framework/Versions/A/DoNotDisturb
0x000000026b1c9000 	/System/Library/PrivateFrameworks/LinkMetadata.framework/Versions/A/LinkMetadata
0x00000001c847f000 	/usr/lib/swift/libswiftIntents.dylib
0x00000001cd6eb000 	/System/Library/PrivateFrameworks/IntentsCore.framework/Versions/A/IntentsCore
0x000000024ed3f000 	/System/Library/PrivateFrameworks/AvailabilityKit.framework/Versions/A/AvailabilityKit
0x000000024c0b3000 	/System/Library/PrivateFrameworks/AppIntentSchemas.framework/Versions/A/AppIntentSchemas
0x00000002604dc000 	/System/Library/PrivateFrameworks/GRDBInternal.framework/Versions/A/GRDBInternal
0x0000000283cae000 	/System/Library/PrivateFrameworks/StatusKit.framework/Versions/A/StatusKit
0x00000001b4f8c000 	/System/Library/PrivateFrameworks/GenerationalStorage.framework/Versions/A/GenerationalStorage
0x00000001b4db4000 	/System/Library/Frameworks/FileProvider.framework/Versions/A/FileProvider
0x00000001a19d1000 	/System/Library/PrivateFrameworks/DesktopServicesPriv.framework/Versions/A/DesktopServicesPriv
0x00000001a3d07000 	/System/Library/Frameworks/Accounts.framework/Versions/A/Accounts
0x00000001c7eeb000 	/System/Library/PrivateFrameworks/FTServices.framework/Versions/A/FTServices
0x00000001c03a6000 	/System/Library/PrivateFrameworks/CloudServices.framework/Versions/A/CloudServices
0x00000001b7446000 	/System/Library/PrivateFrameworks/CoreWiFi.framework/Versions/A/CoreWiFi
0x00000001a7c8d000 	/System/Library/Frameworks/CoreLocation.framework/Versions/A/CoreLocation
0x00000001b6ddd000 	/System/Library/Frameworks/Intents.framework/Versions/A/Intents
0x0000000248f56000 	/System/Library/Frameworks/_LocationEssentials.framework/Versions/A/_LocationEssentials
0x00000001ab401000 	/System/Library/Frameworks/UserNotifications.framework/Versions/A/UserNotifications
0x00000001b1098000 	/System/Library/PrivateFrameworks/Sharing.framework/Versions/A/Sharing
0x00000001b0c19000 	/System/Library/PrivateFrameworks/IDSFoundation.framework/Versions/A/IDSFoundation
0x00000001b7445000 	/System/Library/PrivateFrameworks/Apple80211.framework/Versions/A/Apple80211
0x00000001ab097000 	/System/Library/PrivateFrameworks/AuthKit.framework/Versions/A/AuthKit
0x00000001aa5e4000 	/System/Library/Frameworks/CoreWLAN.framework/Versions/A/CoreWLAN
0x00000001ceba0000 	/usr/lib/swift/libswiftCoreLocation.dylib
0x00000001af461000 	/System/Library/PrivateFrameworks/IMFoundation.framework/Versions/A/IMFoundation
0x00000001c06fb000 	/System/Library/PrivateFrameworks/Marco.framework/Versions/A/Marco
0x00000001a3d91000 	/System/Library/PrivateFrameworks/CommonUtilities.framework/Versions/A/CommonUtilities
0x00000001bd124000 	/System/Library/PrivateFrameworks/Engram.framework/Versions/A/Engram
0x0000000297363000 	/usr/lib/swift/libswiftRegexBuilder.dylib
0x00000001bd0c2000 	/usr/lib/libtidy.A.dylib
0x00000001ad600000 	/System/Library/PrivateFrameworks/Bom.framework/Versions/A/Bom
0x00000001af891000 	/usr/lib/libParallelCompression.dylib
0x00000001f5a82000 	/System/Library/PrivateFrameworks/WiFiPeerToPeer.framework/Versions/A/WiFiPeerToPeer
0x0000000296af4000 	/usr/lib/libmrc.dylib
0x0000000266616000 	/System/Library/PrivateFrameworks/IPConfiguration.framework/Versions/A/IPConfiguration
0x00000001e9b1f000 	/System/Library/PrivateFrameworks/Netrb.framework/Versions/A/Netrb
0x00000001af883000 	/System/Library/PrivateFrameworks/MultiverseSupport.framework/Versions/A/MultiverseSupport
0x00000001b4c8f000 	/System/Library/PrivateFrameworks/DiskManagement.framework/Versions/A/DiskManagement
0x00000001b4b9b000 	/System/Library/PrivateFrameworks/AppleIDAuthSupport.framework/Versions/A/AppleIDAuthSupport
0x0000000249836000 	/System/Library/PrivateFrameworks/AAAFoundation.framework/Versions/A/AAAFoundation
0x00000001afd91000 	/System/Library/PrivateFrameworks/KeychainCircle.framework/Versions/A/KeychainCircle
0x00000001c12a2000 	/System/Library/PrivateFrameworks/URLFormatting.framework/Versions/A/URLFormatting
0x00000001b7c15000 	/usr/lib/libcsfde.dylib
0x00000001acfab000 	/usr/lib/libCoreStorage.dylib
0x00000001b1564000 	/System/Library/PrivateFrameworks/ProtectedCloudStorage.framework/Versions/A/ProtectedCloudStorage
0x00000001b7c10000 	/System/Library/PrivateFrameworks/EFILogin.framework/Versions/A/EFILogin
0x00000001b4fb3000 	/System/Library/PrivateFrameworks/OctagonTrust.framework/Versions/A/OctagonTrust
0x00000001b182b000 	/System/Library/PrivateFrameworks/GeoServices.framework/Versions/A/GeoServices
0x00000001af4da000 	/System/Library/PrivateFrameworks/LocationSupport.framework/Versions/A/LocationSupport
0x0000000263601000 	/System/Library/PrivateFrameworks/GeoServicesCore.framework/Versions/A/GeoServicesCore
0x00000001c12a0000 	/System/Library/PrivateFrameworks/PhoneNumbers.framework/Versions/A/PhoneNumbers
0x000000026b74c000 	/System/Library/PrivateFrameworks/LocationLogEncryption.framework/Versions/A/LocationLogEncryption
0x00000001b0a3a000 	/System/Library/PrivateFrameworks/IDS.framework/Versions/A/IDS
0x00000001f0743000 	/System/Library/Frameworks/CryptoKit.framework/Versions/A/CryptoKit
0x00000001b8572000 	/System/Library/PrivateFrameworks/CryptoKitCBridging.framework/Versions/A/CryptoKitCBridging
0x00000001b5b98000 	/System/Library/Frameworks/CryptoTokenKit.framework/Versions/A/CryptoTokenKit
0x00000001d6a37000 	/System/Library/PrivateFrameworks/FTAWD.framework/Versions/A/FTAWD
0x00000001a0073000 	/usr/lib/libsandbox.1.dylib
0x00000001acfa3000 	/usr/lib/libMatch.1.dylib
0x00000001b8635000 	/System/Library/PrivateFrameworks/IntentsFoundation.framework/Versions/A/IntentsFoundation
0x000000012b7d0000 	/usr/lib/libobjc-trampolines.dylib
0x0000000248e60000 	/System/Library/Frameworks/_AppIntents_AppKit.framework/Versions/A/_AppIntents_AppKit
0x00000001d212e000 	/System/Library/CoreServices/RawCamera.bundle/Contents/MacOS/RawCamera
0x00000001ae39c000 	/System/Library/Frameworks/MediaToolbox.framework/Versions/A/MediaToolbox
0x00000001b4d85000 	/System/Library/PrivateFrameworks/CoreAVCHD.framework/Versions/A/CoreAVCHD
0x00000001b4d81000 	/System/Library/PrivateFrameworks/Mangrove.framework/Versions/A/Mangrove
0x00000002504a4000 	/System/Library/PrivateFrameworks/CMPhoto.framework/Versions/A/CMPhoto
0x00000001b5566000 	/System/Library/Frameworks/CoreTelephony.framework/Versions/A/CoreTelephony
0x00000001b4d74000 	/System/Library/PrivateFrameworks/CoreAUC.framework/Versions/A/CoreAUC
0x000000024d7dd000 	/System/Library/PrivateFrameworks/AppleJPEGXL.framework/Versions/A/AppleJPEGXL
0x00000001afde3000 	/usr/lib/libTelephonyUtilDynamic.dylib
0x00000001ceb85000 	/System/Library/Frameworks/Accelerate.framework/Versions/A/Frameworks/vImage.framework/Versions/A/Libraries/libCGInterfaces.dylib
0x0000000295ba7000 	/usr/lib/libAccessibilityBaseImplementations.dylib
0x000000028ff88000 	/System/Library/PrivateFrameworks/WritingToolsUI.framework/Versions/A/WritingToolsUI
0x0000000262fe7000 	/System/Library/PrivateFrameworks/GenerativeAssistantSettings.framework/Versions/A/GenerativeAssistantSettings
0x0000000285a22000 	/System/Library/PrivateFrameworks/TextComposer.framework/Versions/A/TextComposer
0x0000000262fbe000 	/System/Library/PrivateFrameworks/GenerativeAssistantCommon.framework/Versions/A/GenerativeAssistantCommon
0x00000001cfc21000 	/System/Library/Frameworks/SwiftUI.framework/Versions/A/SwiftUI
0x0000000248e9f000 	/System/Library/Frameworks/_AuthenticationServices_SwiftUI.framework/Versions/A/_AuthenticationServices_SwiftUI
0x000000024bde8000 	/System/Library/PrivateFrameworks/Anvil.framework/Versions/A/Anvil
0x00000001cf1cf000 	/System/Library/PrivateFrameworks/AppStoreDaemon.framework/Versions/A/AppStoreDaemon
0x00000001babda000 	/System/Library/PrivateFrameworks/AppleMediaServices.framework/Versions/A/AppleMediaServices
0x000000026348c000 	/System/Library/PrivateFrameworks/GenerativePartnerServiceUI.framework/Versions/A/GenerativePartnerServiceUI
0x00000001fda7b000 	/System/Library/PrivateFrameworks/JetEngine.framework/Versions/A/JetEngine
0x00000002858ff000 	/System/Library/PrivateFrameworks/TextAnimationSupport.framework/Versions/A/TextAnimationSupport
0x0000000278bb6000 	/System/Library/PrivateFrameworks/RecapPerformanceTesting.framework/Versions/A/RecapPerformanceTesting
0x00000001c8d50000 	/System/Library/PrivateFrameworks/SignpostCollection.framework/Versions/A/SignpostCollection
0x000000024ebf7000 	/System/Library/PrivateFrameworks/AuthenticationServicesCore.framework/Versions/A/AuthenticationServicesCore
0x00000001d25ad000 	/System/Library/Frameworks/AuthenticationServices.framework/Versions/A/AuthenticationServices
0x00000001acf3d000 	/System/Library/PrivateFrameworks/SharedWebCredentials.framework/Versions/A/SharedWebCredentials
0x00000001c9bee000 	/System/Library/PrivateFrameworks/SafariCore.framework/Versions/A/SafariCore
0x00000001d20d8000 	/System/Library/PrivateFrameworks/SafariFoundation.framework/Versions/A/SafariFoundation
0x00000001b46ac000 	/System/Library/Frameworks/Contacts.framework/Versions/A/Contacts
0x000000024fe3f000 	/System/Library/PrivateFrameworks/CBORLibrary.framework/Versions/A/CBORLibrary
0x0000000250e26000 	/System/Library/PrivateFrameworks/Chirp.framework/Versions/A/Chirp
0x0000000251a23000 	/System/Library/PrivateFrameworks/CloudSubscriptionFeatures.framework/Versions/A/CloudSubscriptionFeatures
0x00000001b43ed000 	/System/Library/PrivateFrameworks/ContactsFoundation.framework/Versions/A/ContactsFoundation
0x00000001fee7d000 	/System/Library/PrivateFrameworks/RemoteManagement.framework/Versions/A/RemoteManagement
0x0000000278f44000 	/System/Library/PrivateFrameworks/RemoteManagementModel.framework/Versions/A/RemoteManagementModel
0x0000000278fd5000 	/System/Library/PrivateFrameworks/RemoteManagementStore.framework/Versions/A/RemoteManagementStore
0x00000001b1673000 	/usr/lib/libxcselect.dylib
0x00000001d2047000 	/System/Library/PrivateFrameworks/DifferentialPrivacy.framework/Versions/A/DifferentialPrivacy
0x000000026daa5000 	/System/Library/PrivateFrameworks/ManagedSettingsObjC.framework/Versions/A/ManagedSettingsObjC
0x000000026b751000 	/System/Library/PrivateFrameworks/LockdownMode.framework/Versions/A/LockdownMode
0x000000028a8e3000 	/System/Library/PrivateFrameworks/VDAF.framework/Versions/A/VDAF
0x00000001b44c5000 	/System/Library/PrivateFrameworks/ContactsPersistence.framework/Versions/A/ContactsPersistence
0x00000001b3623000 	/System/Library/PrivateFrameworks/AppleLDAP.framework/Versions/A/AppleLDAP
0x00000001b7fc7000 	/System/Library/Frameworks/ClassKit.framework/Versions/A/ClassKit
0x00000001ba26d000 	/System/Library/PrivateFrameworks/CoreSuggestions.framework/Versions/A/CoreSuggestions
0x00000001b5b46000 	/System/Library/PrivateFrameworks/vCard.framework/Versions/A/vCard
0x00000002526ac000 	/System/Library/PrivateFrameworks/ContactsMetrics.framework/Versions/A/ContactsMetrics
0x00000001ad3b9000 	/System/Library/PrivateFrameworks/login.framework/Versions/A/login
0x000000026da9f000 	/System/Library/PrivateFrameworks/ManagedOrganizationContacts.framework/Versions/A/ManagedOrganizationContacts
0x00000001a676c000 	/System/Library/PrivateFrameworks/CloudDocs.framework/Versions/A/CloudDocs
0x00000001c0c62000 	/System/Library/PrivateFrameworks/ProactiveEventTracker.framework/Versions/A/ProactiveEventTracker
0x00000001af933000 	/System/Library/PrivateFrameworks/CoreFollowUp.framework/Versions/A/CoreFollowUp
0x00000001b978c000 	/System/Library/PrivateFrameworks/ConfigurationProfiles.framework/Versions/A/ConfigurationProfiles
0x0000000257d07000 	/System/Library/PrivateFrameworks/DMCUtilities.framework/Versions/A/DMCUtilities
0x000000026b7d2000 	/System/Library/PrivateFrameworks/MDMClientLibrary.framework/Versions/A/MDMClientLibrary
0x0000000278fc9000 	/System/Library/PrivateFrameworks/RemoteManagementProtocol.framework/Versions/A/RemoteManagementProtocol
0x00000001b3d08000 	/System/Library/PrivateFrameworks/SystemAdministration.framework/Versions/A/SystemAdministration
0x00000001bebf4000 	/System/Library/PrivateFrameworks/PowerlogControl.framework/Versions/A/PowerlogControl
0x00000001bebf6000 	/usr/lib/libUniversalAccess.dylib
0x00000001bb65a000 	/System/Library/PrivateFrameworks/FamilyControls.framework/Versions/A/FamilyControls
0x00000001b35f8000 	/System/Library/Frameworks/DirectoryService.framework/Versions/A/DirectoryService
0x00000001b7ca3000 	/System/Library/PrivateFrameworks/LoginUIKit.framework/Versions/A/Frameworks/LoginUICore.framework/Versions/A/LoginUICore
0x00000001ad5fe000 	/usr/lib/libodfde.dylib
0x00000001bb654000 	/System/Library/PrivateFrameworks/UniversalAccess.framework/Versions/A/Libraries/libUAPreferences.dylib
0x00000001bb67e000 	/System/Library/PrivateFrameworks/CommerceKit.framework/Versions/A/Frameworks/CommerceCore.framework/Versions/A/CommerceCore
0x0000000257c73000 	/System/Library/PrivateFrameworks/DEPClientLibrary.framework/Versions/A/DEPClientLibrary
0x0000000257c9c000 	/System/Library/PrivateFrameworks/DMCEnrollmentLibrary.framework/Versions/A/DMCEnrollmentLibrary
0x00000001becd8000 	/System/Library/PrivateFrameworks/SetupAssistantFramework.framework/Versions/A/SetupAssistantFramework
0x00000001b83ae000 	/System/Library/PrivateFrameworks/AuthKitUI.framework/Versions/A/AuthKitUI
0x00000001b7ced000 	/System/Library/PrivateFrameworks/AppSSO.framework/Versions/A/AppSSO
0x00000001cef2b000 	/System/Library/PrivateFrameworks/LocalAuthenticationUI.framework/Versions/A/LocalAuthenticationUI
0x0000000276c79000 	/System/Library/PrivateFrameworks/PlatformSSO.framework/Versions/A/PlatformSSO
0x0000000276d66000 	/System/Library/PrivateFrameworks/PlatformSSOCore.framework/Versions/A/PlatformSSOCore
0x00000002430f0000 	/System/Library/Frameworks/LocalAuthenticationEmbeddedUI.framework/Versions/A/LocalAuthenticationEmbeddedUI
0x00000001cf9e6000 	/System/Library/PrivateFrameworks/AOSUI.framework/Versions/A/AOSUI
0x00000001c0a2a000 	/System/Library/Frameworks/ContactsUI.framework/Versions/A/ContactsUI
0x00000001b493b000 	/System/Library/PrivateFrameworks/FamilyCircle.framework/Versions/A/FamilyCircle
0x00000001dd81d000 	/System/Library/Frameworks/LinkPresentation.framework/Versions/A/LinkPresentation
0x00000001c05e2000 	/System/Library/PrivateFrameworks/IASUtilities.framework/Versions/A/IASUtilities
0x00000002664df000 	/System/Library/PrivateFrameworks/IASUtilitiesCore.framework/Versions/A/IASUtilitiesCore
0x00000001c8d60000 	/System/Library/PrivateFrameworks/OnBoardingKit.framework/Versions/A/OnBoardingKit
0x000000027903f000 	/System/Library/PrivateFrameworks/RemoteUI.framework/Versions/A/RemoteUI
0x00000001c5411000 	/System/Library/Frameworks/WebKit.framework/Versions/A/WebKit
0x00000001bd164000 	/System/Library/Frameworks/JavaScriptCore.framework/Versions/A/JavaScriptCore
0x000000026ab60000 	/System/Library/PrivateFrameworks/LiftUI.framework/Versions/A/LiftUI
0x000000027b67c000 	/System/Library/PrivateFrameworks/Settings.framework/Versions/A/Settings
0x0000000290595000 	/System/Library/PrivateFrameworks/_IconServices_SwiftUI.framework/Versions/A/_IconServices_SwiftUI
0x000000024100c000 	/System/Library/Frameworks/BrowserEngineCore.framework/Versions/A/BrowserEngineCore
0x00000001ba56d000 	/System/Library/Frameworks/WebKit.framework/Versions/A/Frameworks/WebKitLegacy.framework/Versions/A/WebKitLegacy
0x00000001b8356000 	/System/Library/PrivateFrameworks/CorePrediction.framework/Versions/A/CorePrediction
0x00000001a7077000 	/System/Library/Frameworks/WebKit.framework/Versions/A/Frameworks/WebCore.framework/Versions/A/Frameworks/libwebrtc.dylib
0x00000001c539b000 	/System/Library/PrivateFrameworks/SafariSafeBrowsing.framework/Versions/A/SafariSafeBrowsing
0x00000001af8f9000 	/System/Library/Frameworks/SecurityInterface.framework/Versions/A/SecurityInterface
0x00000001c8d5f000 	/System/Library/PrivateFrameworks/WebInspectorUI.framework/Versions/A/WebInspectorUI
0x00000001c13e7000 	/System/Library/Frameworks/WebKit.framework/Versions/A/Frameworks/WebCore.framework/Versions/A/WebCore
0x0000000248a1d000 	/System/Library/Frameworks/WebKit.framework/Versions/A/Frameworks/WebCore.framework/Versions/A/Frameworks/libANGLE-shared.dylib
0x000000028e831000 	/System/Library/PrivateFrameworks/WebGPU.framework/Versions/A/WebGPU
0x00000001cac39000 	/System/Library/Frameworks/SceneKit.framework/Versions/A/SceneKit
0x00000001dc057000 	/System/Library/Frameworks/ModelIO.framework/Versions/A/ModelIO
0x00000001b1655000 	/System/Library/Frameworks/MetalKit.framework/Versions/A/MetalKit
0x00000001b3929000 	/System/Library/Frameworks/GLKit.framework/Versions/A/GLKit
0x0000000297997000 	/usr/lib/usd/libusd_ms.dylib
0x0000000289cc8000 	/System/Library/PrivateFrameworks/USDLib_FormatLoaderProxy.framework/Versions/A/USDLib_FormatLoaderProxy
0x00000002976b9000 	/usr/lib/swift/libswift_errno.dylib
0x00000001c7ecc000 	/System/Library/PrivateFrameworks/CoreOptimization.framework/Versions/A/CoreOptimization
0x0000000241e38000 	/System/Library/Frameworks/ExtensionKit.framework/Versions/A/ExtensionKit
0x0000000251962000 	/System/Library/PrivateFrameworks/CloudSettings.framework/Versions/A/CloudSettings
0x0000000241e7c000 	/System/Library/Frameworks/FSKit.framework/Versions/A/FSKit
0x000000026b4fd000 	/System/Library/PrivateFrameworks/LiveFS.framework/Versions/A/LiveFS
0x00000001ba33e000 	/System/Library/Frameworks/EventKit.framework/Versions/A/EventKit
0x00000001c8f74000 	/System/Library/PrivateFrameworks/SearchFoundation.framework/Versions/A/SearchFoundation
0x00000001df8d7000 	/System/Library/PrivateFrameworks/Email.framework/Versions/A/Email
0x00000001c7ace000 	/System/Library/PrivateFrameworks/CoreRoutine.framework/Versions/A/CoreRoutine
0x00000001fe7eb000 	/System/Library/PrivateFrameworks/VoiceShortcutClient.framework/Versions/A/VoiceShortcutClient
0x00000001d75c6000 	/System/Library/PrivateFrameworks/Categories.framework/Versions/A/Categories
0x00000001cf895000 	/System/Library/PrivateFrameworks/ChronoServices.framework/Versions/A/ChronoServices
0x00000002508e4000 	/System/Library/PrivateFrameworks/CalendarDatabase.framework/Versions/A/CalendarDatabase
0x000000025082e000 	/System/Library/PrivateFrameworks/CalendarDaemon.framework/Versions/A/CalendarDaemon
0x00000001b96b0000 	/System/Library/PrivateFrameworks/CalendarFoundation.framework/Versions/A/CalendarFoundation
0x00000001b966c000 	/System/Library/PrivateFrameworks/iCalendar.framework/Versions/A/iCalendar
0x0000000257f06000 	/System/Library/PrivateFrameworks/DataAccessExpress.framework/Versions/A/DataAccessExpress
0x00000001c0b8c000 	/System/Library/PrivateFrameworks/ContactsAutocomplete.framework/Versions/A/ContactsAutocomplete
0x00000002974a3000 	/usr/lib/swift/libswiftVideoToolbox.dylib
0x00000001cf7e2000 	/System/Library/PrivateFrameworks/FTClientServices.framework/Versions/A/FTClientServices
0x00000002730bd000 	/System/Library/PrivateFrameworks/OSEligibility.framework/Versions/A/OSEligibility
0x0000000284289000 	/System/Library/PrivateFrameworks/StorageContainersPrivate.framework/Versions/A/StorageContainersPrivate
0x0000000297314000 	/usr/lib/swift/libswiftCoreMediaIO.dylib
0x00000001c046c000 	/System/Library/PrivateFrameworks/CoreDAV.framework/Versions/A/CoreDAV
0x00000001ba20e000 	/System/Library/PrivateFrameworks/CalDAV.framework/Versions/A/CalDAV
0x00000001c5098000 	/System/Library/PrivateFrameworks/TelephonyUtilities.framework/Versions/A/TelephonyUtilities
0x00000002430ad000 	/System/Library/Frameworks/LiveCommunicationKit.framework/Versions/A/LiveCommunicationKit
0x000000025225f000 	/System/Library/PrivateFrameworks/CommunicationTrust.framework/Versions/A/CommunicationTrust
0x00000001c9a00000 	/System/Library/Frameworks/CallKit.framework/Versions/A/CallKit
0x00000001b4933000 	/System/Library/PrivateFrameworks/CommunicationsFilter.framework/Versions/A/CommunicationsFilter
0x00000001f3aa8000 	/System/Library/PrivateFrameworks/IMTransferServices.framework/Versions/A/IMTransferServices
0x00000001c7ee5000 	/System/Library/PrivateFrameworks/IncomingCallFilter.framework/Versions/A/IncomingCallFilter
0x000000027180e000 	/System/Library/PrivateFrameworks/NeighborhoodActivityConduit.framework/Versions/A/NeighborhoodActivityConduit
0x00000001cbf41000 	/System/Library/PrivateFrameworks/CallHistory.framework/Versions/A/CallHistory
0x0000000295dd4000 	/usr/lib/libBASupport.dylib
0x0000000250cfc000 	/System/Library/PrivateFrameworks/CallsUtilities.framework/Versions/A/CallsUtilities
0x0000000250d07000 	/System/Library/PrivateFrameworks/CallsXPC.framework/Versions/A/CallsXPC
0x00000001fefde000 	/usr/lib/swift/libswiftCallKit.dylib
0x0000000250cef000 	/System/Library/PrivateFrameworks/CallsPersistence.framework/Versions/A/CallsPersistence
0x0000000246a73000 	/System/Library/Frameworks/SensitiveContentAnalysis.framework/Versions/A/SensitiveContentAnalysis
0x00000001ccf77000 	/System/Library/PrivateFrameworks/PeopleSuggester.framework/Versions/A/PeopleSuggester
0x00000001d63cf000 	/System/Library/PrivateFrameworks/SpotlightReceiver.framework/Versions/A/SpotlightReceiver
0x000000029055c000 	/System/Library/PrivateFrameworks/_AppIntentsServices_AppIntents.framework/Versions/A/_AppIntentsServices_AppIntents
0x000000024c11c000 	/System/Library/PrivateFrameworks/AppIntentsServices.framework/Versions/A/AppIntentsServices
0x00000001b9654000 	/System/Library/PrivateFrameworks/CoreRecents.framework/Versions/A/CoreRecents
0x0000000242582000 	/System/Library/Frameworks/GeoToolbox.framework/Versions/A/GeoToolbox
0x0000000248f22000 	/System/Library/Frameworks/_GeoToolbox_AppIntents.framework/Versions/A/_GeoToolbox_AppIntents
0x00000001e9552000 	/System/Library/PrivateFrameworks/DiagnosticRequest.framework/Versions/A/DiagnosticRequest
0x00000002904a0000 	/System/Library/PrivateFrameworks/XPCDistributed.framework/Versions/A/XPCDistributed
0x0000000278c4c000 	/System/Library/PrivateFrameworks/RegulatoryDomain.framework/Versions/A/RegulatoryDomain
0x00000001b3a01000 	/usr/lib/libCTGreenTeaLogger.dylib
0x000000026b723000 	/System/Library/PrivateFrameworks/LocalStatusKit.framework/Versions/A/LocalStatusKit
0x00000001c4f84000 	/System/Library/PrivateFrameworks/CoreParsec.framework/Versions/A/CoreParsec
0x00000001df8cb000 	/System/Library/PrivateFrameworks/EmailAddressing.framework/Versions/A/EmailAddressing
0x00000001db8c6000 	/System/Library/PrivateFrameworks/EmailCore.framework/Versions/A/EmailCore
0x00000001dc8f4000 	/System/Library/PrivateFrameworks/EmailFoundation.framework/Versions/A/EmailFoundation
0x0000000274802000 	/System/Library/PrivateFrameworks/PegasusAPI.framework/Versions/A/PegasusAPI
0x0000000275353000 	/System/Library/PrivateFrameworks/PegasusConfiguration.framework/Versions/A/PegasusConfiguration
0x0000000288536000 	/System/Library/PrivateFrameworks/ToolKit.framework/Versions/A/ToolKit
0x00000002793d4000 	/System/Library/PrivateFrameworks/ReplicatorEngine.framework/Versions/A/ReplicatorEngine
0x0000000279576000 	/System/Library/PrivateFrameworks/ReplicatorServices.framework/Versions/A/ReplicatorServices
0x00000002851f3000 	/System/Library/PrivateFrameworks/SystemWake.framework/Versions/A/SystemWake
0x00000001c9bd4000 	/System/Library/PrivateFrameworks/ContextKit.framework/Versions/A/ContextKit
0x00000002527f8000 	/System/Library/PrivateFrameworks/ContextKitCore.framework/Versions/A/ContextKitCore
0x00000001c816b000 	/System/Library/Frameworks/LocalAuthentication.framework/Support/DaemonUtils.framework/Versions/A/DaemonUtils
0x000000026b6b8000 	/System/Library/PrivateFrameworks/LocalAuthenticationCoreUI.framework/Versions/A/LocalAuthenticationCoreUI
0x00000001cb58c000 	/System/Library/PrivateFrameworks/BridgeXPC.framework/Versions/A/BridgeXPC
0x00000001c8e3c000 	/System/Library/PrivateFrameworks/CoreKDL.framework/Versions/A/CoreKDL
0x00000001c746e000 	/System/Library/PrivateFrameworks/EmbeddedOSSupportHost.framework/Versions/A/EmbeddedOSSupportHost
0x00000001bc13c000 	/System/Library/PrivateFrameworks/LoginUIKit.framework/Versions/A/LoginUIKit
0x00000001d7ac1000 	/System/Library/PrivateFrameworks/StorageKit.framework/Versions/A/StorageKit
0x00000002007ef000 	/System/Library/Frameworks/DeviceCheck.framework/Versions/A/DeviceCheck
0x00000001d7b3a000 	/System/Library/PrivateFrameworks/CoreWLANKit.framework/Versions/A/CoreWLANKit
0x000000028dbb9000 	/System/Library/PrivateFrameworks/Wallpaper.framework/Versions/A/Wallpaper
0x000000029732f000 	/usr/lib/swift/libswiftGLKit.dylib
0x000000029733a000 	/usr/lib/swift/libswiftMetalKit.dylib
0x000000029733e000 	/usr/lib/swift/libswiftModelIO.dylib
0x0000000297401000 	/usr/lib/swift/libswiftSceneKit.dylib
0x000000025886c000 	/System/Library/PrivateFrameworks/DiskImages2.framework/Versions/A/DiskImages2
0x00000001e0806000 	/System/Library/PrivateFrameworks/DynamicDesktop.framework/Versions/A/DynamicDesktop
0x000000028dd48000 	/System/Library/PrivateFrameworks/WallpaperFoundation.framework/Versions/A/WallpaperFoundation
0x000000028dda5000 	/System/Library/PrivateFrameworks/WallpaperTypes.framework/Versions/A/WallpaperTypes
0x00000001f5805000 	/System/Library/PrivateFrameworks/SystemDesktopAppearance.framework/Versions/A/SystemDesktopAppearance
0x000000029363b000 	/System/Library/PrivateFrameworks/icloudMCCKit.framework/Versions/A/icloudMCCKit
0x000000024d074000 	/System/Library/PrivateFrameworks/AppleAccountUI.framework/Versions/A/AppleAccountUI
0x00000001e9b29000 	/System/Library/PrivateFrameworks/PreferencePanesSupport.framework/Versions/A/PreferencePanesSupport
0x00000001cfb98000 	/System/Library/PrivateFrameworks/FindMyDeviceUI.framework/Versions/A/FindMyDeviceUI
0x0000000291282000 	/System/Library/PrivateFrameworks/iCloudQuotaUI.framework/Versions/A/iCloudQuotaUI
0x00000001e9cdd000 	/System/Library/PrivateFrameworks/CoreCDPUI.framework/Versions/A/CoreCDPUI
0x00000001c992f000 	/System/Library/PrivateFrameworks/CoreFollowUpUI.framework/Versions/A/CoreFollowUpUI
0x00000001d664e000 	/System/Library/PrivateFrameworks/IMCore.framework/Versions/A/IMCore
0x00000001bec5d000 	/System/Library/PrivateFrameworks/CoreCDP.framework/Versions/A/CoreCDP
0x00000001babc5000 	/System/Library/PrivateFrameworks/AskPermission.framework/Versions/A/AskPermission
0x00000001cd65c000 	/System/Library/Frameworks/Quartz.framework/Versions/A/Quartz
0x00000001da09b000 	/System/Library/PrivateFrameworks/CloudPhotoServicesConfiguration.framework/Versions/A/CloudPhotoServicesConfiguration
0x00000001cbd66000 	/System/Library/PrivateFrameworks/CommerceKit.framework/Versions/A/CommerceKit
0x00000001db996000 	/System/Library/PrivateFrameworks/FindMyMac.framework/Versions/A/FindMyMac
0x00000001db869000 	/System/Library/Frameworks/PreferencePanes.framework/Versions/A/PreferencePanes
0x00000001cf016000 	/System/Library/Frameworks/AddressBook.framework/Versions/A/AddressBook
0x00000001b9aad000 	/System/Library/PrivateFrameworks/AOSAccounts.framework/Versions/A/AOSAccounts
0x00000001b3d02000 	/System/Library/PrivateFrameworks/AppleSRP.framework/Versions/A/AppleSRP
0x00000001c8081000 	/System/Library/Frameworks/SafariServices.framework/Versions/A/SafariServices
0x00000001b8586000 	/System/Library/PrivateFrameworks/NetFSServer.framework/Versions/A/NetFSServer
0x00000001cab13000 	/System/Library/Frameworks/PDFKit.framework/Versions/A/PDFKit
0x0000000248015000 	/System/Library/Frameworks/TabularData.framework/Versions/A/TabularData
0x0000000297355000 	/usr/lib/swift/libswiftPassKit.dylib
0x00000001edc80000 	/System/Library/Frameworks/PassKit.framework/Versions/A/PassKit
0x00000001bc246000 	/System/Library/PrivateFrameworks/PassKitCore.framework/Versions/A/PassKitCore
0x0000000274120000 	/System/Library/PrivateFrameworks/PassKitMacHelperTemp.framework/Versions/A/PassKitMacHelperTemp
0x0000000295d24000 	/usr/lib/libAppleSSE.dylib
0x00000001c81b7000 	/System/Library/PrivateFrameworks/BiometricKit.framework/Versions/A/BiometricKit
0x0000000279b7a000 	/System/Library/PrivateFrameworks/SEService.framework/Versions/A/SEService
0x0000000241f41000 	/System/Library/Frameworks/FinanceKit.framework/Versions/A/FinanceKit
0x00000001cd70b000 	/System/Library/PrivateFrameworks/NearField.framework/Versions/A/NearField
0x0000000296123000 	/usr/lib/libSESShared.dylib
0x0000000279de2000 	/System/Library/PrivateFrameworks/STSXPCHelperClient.framework/Versions/A/STSXPCHelperClient
0x00000001cf422000 	/usr/lib/libnfshared.dylib
0x0000000284f7b000 	/System/Library/PrivateFrameworks/Symptoms.framework/Versions/A/Frameworks/SymptomPresentationFeed.framework/Versions/A/SymptomPresentationFeed
0x000000024da59000 	/System/Library/PrivateFrameworks/AppleMediaServicesKitInternal.framework/Versions/A/AppleMediaServicesKitInternal
0x000000024e6fd000 	/System/Library/PrivateFrameworks/AsyncAlgorithmsInternal.framework/Versions/A/AsyncAlgorithmsInternal
0x0000000284cbd000 	/System/Library/PrivateFrameworks/SymptomShared.framework/Versions/A/SymptomShared
0x00000001f09b0000 	/System/Library/PrivateFrameworks/PassKitUIFoundation.framework/Versions/A/PassKitUIFoundation
0x00000001b3635000 	/System/Library/Frameworks/MapKit.framework/Versions/A/MapKit
0x0000000263537000 	/System/Library/PrivateFrameworks/GeoAnalytics.framework/Versions/A/GeoAnalytics
0x00000001cf450000 	/System/Library/PrivateFrameworks/Navigation.framework/Versions/A/Navigation
0x00000001d90e3000 	/System/Library/PrivateFrameworks/VectorKit.framework/Versions/A/VectorKit
0x00000001c06ad000 	/System/Library/PrivateFrameworks/VirtualGarage.framework/Versions/A/VirtualGarage
0x00000001cf62f000 	/System/Library/Frameworks/ExternalAccessory.framework/ExternalAccessory
0x00000001cf64a000 	/System/Library/PrivateFrameworks/IAP.framework/Versions/A/IAP
0x00000001b38f1000 	/System/Library/PrivateFrameworks/IOPlatformPluginFamily.framework/Versions/A/IOPlatformPluginFamily
0x000000024ed42000 	/System/Library/PrivateFrameworks/AvatarKit.framework/Versions/A/AvatarKit
0x000000024ee01000 	/System/Library/PrivateFrameworks/AvatarPersistence.framework/Versions/A/AvatarPersistence
0x000000024839c000 	/System/Library/Frameworks/TipKit.framework/Versions/A/TipKit
0x00000001bbd4a000 	/System/Library/PrivateFrameworks/IMSharedUtilities.framework/Versions/A/IMSharedUtilities
0x00000002972f4000 	/usr/lib/swift/libswiftAppleArchive.dylib
0x000000028a9e3000 	/System/Library/PrivateFrameworks/VFX.framework/Versions/A/VFX
0x00000001eb886000 	/System/Library/PrivateFrameworks/AppleCVA.framework/Versions/A/AppleCVA
0x000000024ee00000 	/System/Library/PrivateFrameworks/AvatarKitContent.framework/Versions/A/AvatarKitContent
0x0000000243e56000 	/System/Library/Frameworks/MetalFX.framework/Versions/A/MetalFX
0x0000000252374000 	/System/Library/PrivateFrameworks/CompositorNonUI.framework/Versions/A/CompositorNonUI
0x00000002402c7000 	/System/Library/Frameworks/ARKit.framework/Versions/A/ARKit
0x000000024aa8d000 	/System/Library/PrivateFrameworks/ARKitCore.framework/Versions/A/ARKitCore
0x0000000295e1e000 	/usr/lib/libDisplayWarpSupport.dylib
0x0000000253ac2000 	/System/Library/PrivateFrameworks/CoreComposite.framework/Versions/A/CoreComposite
0x0000000296257000 	/usr/lib/libchannel.dylib
0x0000000296f51000 	/usr/lib/librealtime_safety.dylib
0x000000024ab1a000 	/System/Library/PrivateFrameworks/ARKitFoundation.framework/Versions/A/ARKitFoundation
0x000000024d112000 	/System/Library/PrivateFrameworks/AppleDepth.framework/Versions/A/AppleDepth
0x000000024d288000 	/System/Library/PrivateFrameworks/AppleDepthCore.framework/Versions/A/AppleDepthCore
0x00000001b3a2a000 	/System/Library/PrivateFrameworks/CoreAppleCVA.framework/Versions/A/CoreAppleCVA
0x00000001c07db000 	/System/Library/PrivateFrameworks/ContactsUICore.framework/Versions/A/ContactsUICore
0x00000001c7fed000 	/System/Library/PrivateFrameworks/ContactsDonation.framework/Versions/A/ContactsDonation
0x00000001c78a4000 	/System/Library/PrivateFrameworks/DataDetectors.framework/Versions/A/DataDetectors
0x00000001ba1fa000 	/System/Library/Frameworks/MediaLibrary.framework/Versions/A/MediaLibrary
0x00000001b4922000 	/System/Library/PrivateFrameworks/PersonaKit.framework/Versions/A/PersonaKit
0x00000001c07c9000 	/System/Library/PrivateFrameworks/PersonaUI.framework/Versions/A/PersonaUI
0x00000001db28b000 	/System/Library/PrivateFrameworks/Transparency.framework/Versions/A/Transparency
0x000000025a2c0000 	/System/Library/PrivateFrameworks/FindMyLocate.framework/Versions/A/FindMyLocate
0x00000001c98ae000 	/System/Library/PrivateFrameworks/IntlPreferences.framework/Versions/A/IntlPreferences
0x000000025a199000 	/System/Library/PrivateFrameworks/FindMyCommon.framework/Versions/A/FindMyCommon
0x0000000259f89000 	/System/Library/PrivateFrameworks/FindMyBase.framework/Versions/A/FindMyBase
0x00000002456f3000 	/System/Library/Frameworks/NearbyInteraction.framework/Versions/A/NearbyInteraction
0x00000001b4543000 	/System/Library/PrivateFrameworks/AddressBookCore.framework/Versions/A/AddressBookCore
0x00000001cf1ad000 	/System/Library/PrivateFrameworks/ToneKit.framework/Versions/A/ToneKit
0x00000001c98f5000 	/System/Library/PrivateFrameworks/ToneLibrary.framework/Versions/A/ToneLibrary
0x0000000252679000 	/System/Library/PrivateFrameworks/ContactsAccounts.framework/Versions/A/ContactsAccounts
0x00000001cd577000 	/System/Library/PrivateFrameworks/Lookup.framework/Versions/A/Lookup
0x0000000245fd8000 	/System/Library/Frameworks/QuickLookUI.framework/Versions/A/QuickLookUI
0x00000002469ed000 	/System/Library/Frameworks/ScreenCaptureKit.framework/Versions/A/ScreenCaptureKit
0x00000001ca627000 	/System/Library/Frameworks/Quartz.framework/Versions/A/Frameworks/QuartzComposer.framework/Versions/A/QuartzComposer
0x00000001c9885000 	/System/Library/Frameworks/Quartz.framework/Versions/A/Frameworks/QuartzFilters.framework/Versions/A/QuartzFilters
0x00000001c8931000 	/System/Library/Frameworks/Quartz.framework/Versions/A/Frameworks/ImageKit.framework/Versions/A/ImageKit
0x00000002400d4000 	/System/Library/Frameworks/OpenCL.framework/Versions/A/OpenCL
0x00000001c6e44000 	/System/Library/PrivateFrameworks/CorePDF.framework/Versions/A/CorePDF
0x00000001b15ec000 	/System/Library/Frameworks/QuickLook.framework/Versions/A/QuickLook
0x00000001bc137000 	/System/Library/PrivateFrameworks/DisplayServices.framework/Versions/A/DisplayServices
0x00000001c980a000 	/System/Library/Frameworks/ImageCaptureCore.framework/Versions/A/ImageCaptureCore
0x000000028c9ef000 	/System/Library/PrivateFrameworks/VisionKitCore.framework/Versions/A/VisionKitCore
0x00000001c4f54000 	/System/Library/PrivateFrameworks/QuickLookSupport.framework/Versions/A/QuickLookSupport
0x000000026e386000 	/System/Library/PrivateFrameworks/MediaAnalysisServices.framework/Versions/A/MediaAnalysisServices
0x00000001cc562000 	/System/Library/PrivateFrameworks/PhotoLibraryServices.framework/Versions/A/PhotoLibraryServices
0x00000001c9422000 	/System/Library/Frameworks/Photos.framework/Versions/A/Photos
0x00000001ddc0f000 	/System/Library/PrivateFrameworks/PhotosFormats.framework/Versions/A/PhotosFormats
0x00000001da0c6000 	/System/Library/PrivateFrameworks/CloudPhotoLibrary.framework/Versions/A/CloudPhotoLibrary
0x00000001e349e000 	/System/Library/PrivateFrameworks/CloudPhotoServices.framework/Versions/A/CloudPhotoServices
0x00000001dfa3c000 	/System/Library/PrivateFrameworks/CoreMediaStream.framework/Versions/A/CoreMediaStream
0x00000001b4fe3000 	/System/Library/PrivateFrameworks/CPAnalytics.framework/Versions/A/CPAnalytics
0x00000001dbf8f000 	/System/Library/PrivateFrameworks/MediaConversionService.framework/Versions/A/MediaConversionService
0x00000001bbd36000 	/System/Library/PrivateFrameworks/PhotoFoundation.framework/Versions/A/PhotoFoundation
0x000000027593b000 	/System/Library/PrivateFrameworks/PhotoLibraryServicesCore.framework/Versions/A/PhotoLibraryServicesCore
0x00000001d5d5b000 	/System/Library/PrivateFrameworks/MMCS.framework/Versions/A/MMCS
0x00000001ba053000 	/System/Library/PrivateFrameworks/ChunkingLibrary.framework/Versions/A/ChunkingLibrary
0x00000001b3ccf000 	/System/Library/PrivateFrameworks/AssetCacheServices.framework/Versions/A/AssetCacheServices
0x00000001b5c97000 	/System/Library/PrivateFrameworks/AVFoundationCF.framework/Versions/A/AVFoundationCF
0x00000001f39a3000 	/usr/lib/swift/libswiftDemangle.dylib
0x00000002666c3000 	/System/Library/PrivateFrameworks/ImageCaptureDevices.framework/Versions/A/ImageCaptureDevices
0x00000001c7b61000 	/System/Library/PrivateFrameworks/MediaStream.framework/Versions/A/MediaStream
0x00000001dc431000 	/System/Library/PrivateFrameworks/NeutrinoCore.framework/Versions/A/NeutrinoCore
0x00000001a3620000 	/System/Library/PrivateFrameworks/NLP.framework/Versions/A/NLP
0x00000001e2231000 	/System/Library/PrivateFrameworks/PhotoImaging.framework/Versions/A/PhotoImaging
0x00000001e345f000 	/System/Library/PrivateFrameworks/PhotosImagingFoundation.framework/Versions/A/PhotosImagingFoundation
0x00000002764e7000 	/System/Library/PrivateFrameworks/PhotosIntelligenceCore.framework/Versions/A/PhotosIntelligenceCore
0x00000001b60d2000 	/System/Library/PrivateFrameworks/EmbeddedAcousticRecognition.framework/Versions/A/EmbeddedAcousticRecognition
0x00000001d13b0000 	/System/Library/PrivateFrameworks/EmojiFoundation.framework/Versions/A/EmojiFoundation
0x00000001da33f000 	/System/Library/PrivateFrameworks/SDAPI.framework/Versions/A/SDAPI
0x00000001e34ad000 	/System/Library/PrivateFrameworks/AutoLoop.framework/Versions/A/AutoLoop
0x00000002770c4000 	/System/Library/PrivateFrameworks/Portrait.framework/Versions/A/Portrait
0x000000025a950000 	/System/Library/PrivateFrameworks/FusionTracker.framework/Versions/A/FusionTracker
0x00000001ca0c1000 	/System/Library/PrivateFrameworks/iTunesCloud.framework/Versions/A/iTunesCloud
0x00000001d32a0000 	/System/Library/PrivateFrameworks/DAAPKit.framework/Versions/A/DAAPKit
0x00000001c52d0000 	/System/Library/PrivateFrameworks/DeviceManagement.framework/Versions/A/DeviceManagement
0x00000001e94a3000 	/System/Library/PrivateFrameworks/ScreenTimeUI.framework/Versions/A/ScreenTimeUI
0x00000001c789e000 	/System/Library/PrivateFrameworks/QuickLookNonBaseSystem.framework/Versions/A/QuickLookNonBaseSystem
0x00000001c80c3000 	/System/Library/PrivateFrameworks/Catalyst.framework/Versions/A/Catalyst
0x00000001c9aa7000 	/System/Library/PrivateFrameworks/ScreenTimeCore.framework/Versions/A/ScreenTimeCore
0x00000001dd0bf000 	/System/Library/PrivateFrameworks/ScreenTimeServiceUI.framework/Versions/A/ScreenTimeServiceUI
0x00000001d5eeb000 	/System/Library/PrivateFrameworks/ConfigurationEngineModel.framework/Versions/A/ConfigurationEngineModel
0x00000001d909c000 	/System/Library/PrivateFrameworks/UsageTracking.framework/Versions/A/UsageTracking
0x0000000241bd4000 	/System/Library/Frameworks/DeviceActivity.framework/Versions/A/DeviceActivity
0x00000001d906c000 	/System/Library/PrivateFrameworks/KnowledgeMonitor.framework/Versions/A/KnowledgeMonitor
0x00000001f0956000 	/System/Library/PrivateFrameworks/BluetoothManager.framework/Versions/A/BluetoothManager
0x00000002431db000 	/System/Library/Frameworks/ManagedSettings.framework/Versions/A/ManagedSettings
0x000000026dae6000 	/System/Library/PrivateFrameworks/ManagedSettingsSupport.framework/Versions/A/ManagedSettingsSupport
0x00000001edd50000 	/System/Library/Frameworks/ReplayKit.framework/Versions/A/ReplayKit
0x00000001bd0f6000 	/System/Library/PrivateFrameworks/MarkupUI.framework/Versions/A/MarkupUI
0x00000001c7876000 	/System/Library/PrivateFrameworks/SidecarCore.framework/Versions/A/SidecarCore
0x00000001ca4dc000 	/System/Library/PrivateFrameworks/AnnotationKit.framework/Versions/A/AnnotationKit
0x00000001c8b76000 	/System/Library/Frameworks/PencilKit.framework/Versions/A/PencilKit
0x00000001c8d3b000 	/System/Library/PrivateFrameworks/SidecarUI.framework/Versions/A/SidecarUI
0x00000001c84d3000 	/System/Library/PrivateFrameworks/CoreHandwriting.framework/Versions/A/CoreHandwriting
0x000000019d1f7000 	/usr/lib/libmecabra.dylib
0x00000001c0d9a000 	/System/Library/PrivateFrameworks/Calculate.framework/Versions/A/Calculate
0x00000001acced000 	/usr/lib/libChineseTokenizer.dylib
0x00000001feda2000 	/System/Library/PrivateFrameworks/ScreenReaderCore.framework/Versions/A/ScreenReaderCore
0x000000028421b000 	/System/Library/PrivateFrameworks/StocksKit.framework/Versions/A/StocksKit
0x00000001bfd97000 	/System/Library/PrivateFrameworks/OAuth.framework/Versions/A/OAuth
0x0000000283f0c000 	/System/Library/PrivateFrameworks/StocksCore.framework/Versions/A/StocksCore
0x00000002854eb000 	/System/Library/PrivateFrameworks/TeaFoundation.framework/Versions/A/TeaFoundation
0x00000002856cd000 	/System/Library/PrivateFrameworks/TeaSettings.framework/Versions/A/TeaSettings
0x00000001f506b000 	/System/Library/PrivateFrameworks/NewsCore.framework/Versions/A/NewsCore
0x0000000285487000 	/System/Library/PrivateFrameworks/TeaDB.framework/Versions/A/TeaDB
0x00000001f1a6a000 	/System/Library/PrivateFrameworks/RemoteConfiguration.framework/Versions/A/RemoteConfiguration
0x00000001f4c76000 	/System/Library/PrivateFrameworks/NewsTransport.framework/Versions/A/NewsTransport
0x00000001f505b000 	/System/Library/PrivateFrameworks/NewsFoundation.framework/Versions/A/NewsFoundation
0x0000000271e14000 	/System/Library/PrivateFrameworks/NewsURLBucket.framework/Versions/A/NewsURLBucket
0x00000001cc15b000 	/System/Library/PrivateFrameworks/MobileInstallation.framework/Versions/A/MobileInstallation
0x0000000248509000 	/System/Library/Frameworks/Translation.framework/Versions/A/Translation
0x00000001e4eaf000 	/System/Library/PrivateFrameworks/RevealCore.framework/Versions/A/RevealCore
0x00000001e4ea3000 	/System/Library/PrivateFrameworks/Reveal.framework/Versions/A/Reveal
0x00000001dcd89000 	/System/Library/Frameworks/Speech.framework/Versions/A/Speech
0x000000024996d000 	/System/Library/PrivateFrameworks/AIMLExperimentationAnalytics.framework/Versions/A/AIMLExperimentationAnalytics
0x000000024bccb000 	/System/Library/PrivateFrameworks/AlgorithmsInternal.framework/Versions/A/AlgorithmsInternal
0x0000000288d1f000 	/System/Library/PrivateFrameworks/TranslationUIServices.framework/Versions/A/TranslationUIServices
0x0000000287c0b000 	/System/Library/PrivateFrameworks/TipKitCore.framework/Versions/A/TipKitCore
0x00000001d1434000 	/System/Library/PrivateFrameworks/CoreCDPInternal.framework/Versions/A/CoreCDPInternal
0x0000000266e9f000 	/System/Library/PrivateFrameworks/InputAnalytics.framework/Versions/A/InputAnalytics
0x00000001d6ecd000 	/System/Library/Frameworks/InstantMessage.framework/Versions/A/InstantMessage
0x00000001cef24000 	/System/Library/PrivateFrameworks/IDSKVStore.framework/Versions/A/IDSKVStore
0x00000001cec03000 	/System/Library/PrivateFrameworks/IMDPersistence.framework/Versions/A/IMDPersistence
0x000000028a8d9000 	/System/Library/PrivateFrameworks/UserSafety.framework/Versions/A/UserSafety
0x00000001efb64000 	/System/Library/PrivateFrameworks/BlastDoor.framework/Versions/A/BlastDoor
0x000000026b33e000 	/System/Library/PrivateFrameworks/LinkPresentationStyleSheetParsing.framework/Versions/A/LinkPresentationStyleSheetParsing
0x0000000277275000 	/System/Library/PrivateFrameworks/PosterFoundation.framework/Versions/A/PosterFoundation
0x0000000277303000 	/System/Library/PrivateFrameworks/PosterModel.framework/Versions/A/PosterModel
0x00000002772de000 	/System/Library/PrivateFrameworks/PosterFuturesKit.framework/Versions/A/PosterFuturesKit
0x0000000259d80000 	/System/Library/PrivateFrameworks/FeedbackService.framework/Versions/A/FeedbackService
0x00000001c7f44000 	/System/Library/PrivateFrameworks/CoreSDB.framework/Versions/A/CoreSDB
0x000000024e4e6000 	/System/Library/PrivateFrameworks/AskToCore.framework/Versions/A/AskToCore
0x00000001e9cda000 	/System/Library/PrivateFrameworks/MachineSettings.framework/Versions/A/MachineSettings
0x00000001db7eb000 	/System/Library/PrivateFrameworks/BezelServices.framework/Versions/A/BezelServices
0x00000001d332c000 	/System/Library/PrivateFrameworks/SPOwner.framework/Versions/A/SPOwner
0x00000001cbdcb000 	/System/Library/PrivateFrameworks/FMCore.framework/Versions/A/FMCore
0x00000001cb5c5000 	/System/Library/PrivateFrameworks/AppleMediaServicesUI.framework/Versions/A/AppleMediaServicesUI
0x00000002911da000 	/System/Library/PrivateFrameworks/iCloudQuota.framework/Versions/A/iCloudQuota
0x00000001c0746000 	/System/Library/PrivateFrameworks/CoreRecognition.framework/Versions/A/CoreRecognition
0x00000001db8a1000 	/System/Library/PrivateFrameworks/InAppMessages.framework/Versions/A/InAppMessages
0x00000001fd993000 	/System/Library/PrivateFrameworks/JetUI.framework/Versions/A/JetUI
0x000000026a61f000 	/System/Library/PrivateFrameworks/JetPack.framework/Versions/A/JetPack
0x00000001db898000 	/System/Library/PrivateFrameworks/InAppMessagesCore.framework/Versions/A/InAppMessagesCore
0x00000002905a5000 	/System/Library/PrivateFrameworks/_JetEngine_SwiftUI.framework/Versions/A/_JetEngine_SwiftUI
0x0000000284fa4000 	/System/Library/PrivateFrameworks/Synapse.framework/Versions/A/Synapse
0x0000000250688000 	/System/Library/PrivateFrameworks/CSExattrCrypto.framework/Versions/A/CSExattrCrypto
0x00000001cd260000 	/System/Library/PrivateFrameworks/StoreFoundation.framework/Versions/A/StoreFoundation
0x00000001cbdc5000 	/System/Library/PrivateFrameworks/ServerInformation.framework/Versions/A/ServerInformation
0x00000001cb7fb000 	/System/Library/PrivateFrameworks/Install.framework/Frameworks/DistributionKit.framework/Versions/A/DistributionKit
0x00000001c4d28000 	/System/Library/PrivateFrameworks/PackageKit.framework/Versions/A/PackageKit
0x00000001cb81e000 	/System/Library/PrivateFrameworks/OSPersonalization.framework/Versions/A/OSPersonalization
0x00000001cd7ea000 	/System/Library/PrivateFrameworks/BridgeOSSoftwareUpdate.framework/Versions/A/BridgeOSSoftwareUpdate
0x00000001c83db000 	/System/Library/PrivateFrameworks/StorageManagement.framework/Versions/A/StorageManagement
0x00000001dcc0f000 	/usr/lib/libauthinstall.dylib
0x00000001cd7f3000 	/System/Library/PrivateFrameworks/InstallerDiagnostics.framework/Versions/A/InstallerDiagnostics
0x00000001dd28b000 	/usr/lib/libcrypto.42.dylib
0x000000029785b000 	/usr/lib/updaters/libAppleTconUARPUpdater.dylib
0x000000029797e000 	/usr/lib/updaters/libT200Updater.dylib
0x00000001cd7d8000 	/System/Library/PrivateFrameworks/GPUInfo.framework/Versions/A/GPUInfo
0x00000001db99c000 	/System/Library/PrivateFrameworks/MobileActivationMacOS.framework/Versions/A/MobileActivationMacOS
0x00000001bfcd9000 	/System/Library/PrivateFrameworks/AccountsDaemon.framework/Versions/A/AccountsDaemon
0x0000000263469000 	/System/Library/PrivateFrameworks/GenerativePartnerService.framework/Versions/A/GenerativePartnerService
0x00000001afd42000 	/System/Library/PrivateFrameworks/CacheDelete.framework/Versions/A/CacheDelete
0x00000001b86aa000 	/System/Library/Frameworks/QuickLookThumbnailing.framework/Versions/A/QuickLookThumbnailing
0x00000001cd837000 	/System/Library/PrivateFrameworks/AOSKit.framework/Versions/A/AOSKit
0x00000001ace1e000 	/System/Library/PrivateFrameworks/AppSSOCore.framework/Versions/A/AppSSOCore
0x00000001c724e000 	/System/Library/Frameworks/AVFoundation.framework/Versions/A/AVFoundation
0x000000024ee9a000 	/System/Library/PrivateFrameworks/BackgroundSystemTasks.framework/Versions/A/BackgroundSystemTasks
0x00000001b85c0000 	/System/Library/PrivateFrameworks/DuetActivityScheduler.framework/Versions/A/DuetActivityScheduler
0x00000001d9ff5000 	/System/Library/PrivateFrameworks/NetworkServiceProxy.framework/Versions/A/NetworkServiceProxy
0x00000001b3963000 	/usr/lib/libnetworkextension.dylib
0x00000001b5fe1000 	/System/Library/PrivateFrameworks/Rapport.framework/Versions/A/Rapport
0x0000000284ccd000 	/System/Library/PrivateFrameworks/Symptoms.framework/Versions/A/Frameworks/SymptomAnalytics.framework/Versions/A/SymptomAnalytics
0x00000001b0776000 	/System/Library/Frameworks/NetworkExtension.framework/Versions/A/NetworkExtension
0x00000001b6d87000 	/System/Library/PrivateFrameworks/CoreDuetContext.framework/Versions/A/CoreDuetContext
0x00000001a1c7b000 	/System/Library/PrivateFrameworks/CoreDuet.framework/Versions/A/CoreDuet
0x00000001bba90000 	/System/Library/PrivateFrameworks/AssistantServices.framework/Versions/A/AssistantServices
0x00000001b5ddb000 	/System/Library/PrivateFrameworks/SAObjects.framework/Versions/A/SAObjects
0x00000001bb68b000 	/System/Library/PrivateFrameworks/MediaRemote.framework/Versions/A/MediaRemote
0x00000001cdd2b000 	/System/Library/PrivateFrameworks/SiriInstrumentation.framework/Versions/A/SiriInstrumentation
0x000000027bc8c000 	/System/Library/PrivateFrameworks/SiriAnalytics.framework/Versions/A/SiriAnalytics
0x0000000281b2e000 	/System/Library/PrivateFrameworks/SiriTTSService.framework/Versions/A/SiriTTSService
0x000000027c5c8000 	/System/Library/PrivateFrameworks/SiriCrossDeviceArbitration.framework/Versions/A/SiriCrossDeviceArbitration
0x00000001cb597000 	/System/Library/PrivateFrameworks/FeedbackLogger.framework/Versions/A/FeedbackLogger
0x000000025992d000 	/System/Library/PrivateFrameworks/FaceTimeNameUtility.framework/Versions/A/FaceTimeNameUtility
0x000000027c61c000 	/System/Library/PrivateFrameworks/SiriCrossDeviceArbitrationFeedback.framework/Versions/A/SiriCrossDeviceArbitrationFeedback
0x0000000263325000 	/System/Library/PrivateFrameworks/GenerativeModels.framework/Versions/A/GenerativeModels
0x000000024040d000 	/System/Library/Frameworks/AVRouting.framework/Versions/A/AVRouting
0x00000001c0559000 	/System/Library/PrivateFrameworks/MediaServices.framework/Versions/A/MediaServices
0x00000001b5c19000 	/System/Library/Frameworks/LocalAuthentication.framework/Versions/A/LocalAuthentication
0x000000026b574000 	/System/Library/PrivateFrameworks/LocalAuthenticationCore.framework/Versions/A/LocalAuthenticationCore
0x000000026b6f9000 	/System/Library/PrivateFrameworks/LocalAuthenticationCredentialServices.framework/Versions/A/LocalAuthenticationCredentialServices
0x00000001b5c85000 	/System/Library/Frameworks/LocalAuthentication.framework/Support/SharedUtils.framework/Versions/A/SharedUtils
0x00000001ad267000 	/System/Library/PrivateFrameworks/PersistentConnection.framework/Versions/A/PersistentConnection
0x0000000283341000 	/System/Library/PrivateFrameworks/SonicFoundation.framework/Versions/A/SonicFoundation
0x0000000258191000 	/System/Library/PrivateFrameworks/Dendrite.framework/Versions/A/Dendrite
0x00000001cfbeb000 	/usr/lib/libtailspin.dylib
0x00000001e35bd000 	/System/Library/PrivateFrameworks/Osprey.framework/Versions/A/Osprey
0x0000000281189000 	/System/Library/PrivateFrameworks/SiriTTS.framework/Versions/A/SiriTTS
0x00000001c800a000 	/System/Library/Frameworks/NaturalLanguage.framework/Versions/A/NaturalLanguage
0x000000027ff6f000 	/System/Library/PrivateFrameworks/SiriPowerInstrumentation.framework/Versions/A/SiriPowerInstrumentation
0x00000001c8ecb000 	/System/Library/PrivateFrameworks/Trial.framework/Versions/A/Trial
0x00000001c8e4d000 	/System/Library/PrivateFrameworks/TrialProto.framework/Versions/A/TrialProto
0x0000000289fc6000 	/System/Library/PrivateFrameworks/UnifiedAssetFramework.framework/Versions/A/UnifiedAssetFramework
0x00000001e55e3000 	/usr/lib/swift/libswiftAVFoundation.dylib
0x00000001f5a09000 	/usr/lib/swift/libswiftNaturalLanguage.dylib
0x0000000285485000 	/System/Library/PrivateFrameworks/TailspinSymbolication.framework/Versions/A/TailspinSymbolication
0x0000000257dd0000 	/System/Library/PrivateFrameworks/Darwinup.framework/Versions/A/Darwinup
0x00000001dbfca000 	/System/Library/PrivateFrameworks/SignpostSupport.framework/Versions/A/SignpostSupport
0x00000001c7ed1000 	/System/Library/PrivateFrameworks/FeatureFlagsSupport.framework/Versions/A/FeatureFlagsSupport
0x00000001db6fd000 	/System/Library/PrivateFrameworks/ktrace.framework/Versions/A/ktrace
0x00000001dc1f9000 	/System/Library/PrivateFrameworks/SampleAnalysis.framework/Versions/A/SampleAnalysis
0x00000001e4e7d000 	/System/Library/PrivateFrameworks/kperfdata.framework/Versions/A/kperfdata
0x00000001b172d000 	/usr/lib/libdscsym.dylib
0x00000001e5339000 	/System/Library/PrivateFrameworks/BulkSymbolication.framework/Versions/A/BulkSymbolication
0x00000001b86f6000 	/System/Library/PrivateFrameworks/Espresso.framework/Versions/A/Espresso
0x00000001a684d000 	/System/Library/Frameworks/CoreML.framework/Versions/A/CoreML
0x00000001ff149000 	/System/Library/PrivateFrameworks/ANECompiler.framework/Versions/A/ANECompiler
0x00000001ba7e3000 	/System/Library/PrivateFrameworks/AppleNeuralEngine.framework/Versions/A/AppleNeuralEngine
0x0000000243efd000 	/System/Library/Frameworks/MetalPerformanceShadersGraph.framework/Versions/A/MetalPerformanceShadersGraph
0x000000026c000000 	/System/Library/PrivateFrameworks/MLCompilerServices.framework/Versions/A/MLCompilerServices
0x00000001b9592000 	/System/Library/PrivateFrameworks/ANEServices.framework/Versions/A/ANEServices
0x0000000272e6f000 	/System/Library/PrivateFrameworks/ODIE.framework/Versions/A/ODIE
0x000000026bfa4000 	/System/Library/PrivateFrameworks/MLCompilerRuntime.framework/Versions/A/MLCompilerRuntime
0x00000001aac2f000 	/System/Library/Frameworks/MLCompute.framework/Versions/A/MLCompute
0x000000026bf26000 	/System/Library/PrivateFrameworks/MLAssetIO.framework/Versions/A/MLAssetIO
0x0000000297333000 	/usr/lib/swift/libswiftMLCompute.dylib
0x00000001b576c000 	/System/Library/PrivateFrameworks/AVFCore.framework/Versions/A/AVFCore
0x00000001bece9000 	/System/Library/PrivateFrameworks/AVFCapture.framework/Versions/A/AVFCapture
0x000000025028d000 	/System/Library/PrivateFrameworks/CMImaging.framework/Versions/A/CMImaging
0x00000001bef32000 	/System/Library/PrivateFrameworks/Quagga.framework/Versions/A/Quagga
0x00000001bf066000 	/System/Library/PrivateFrameworks/CMCapture.framework/Versions/A/CMCapture
0x00000001af969000 	/System/Library/Frameworks/CoreMediaIO.framework/Versions/A/CoreMediaIO
0x00000002501c9000 	/System/Library/PrivateFrameworks/CMCaptureDevice.framework/Versions/A/CMCaptureDevice
0x00000001ad3dd000 	/System/Library/PrivateFrameworks/CoreBrightness.framework/Versions/A/CoreBrightness
0x000000025129e000 	/System/Library/PrivateFrameworks/CinematicFraming.framework/Versions/A/CinematicFraming
0x00000001e267b000 	/System/Library/PrivateFrameworks/CPMS.framework/Versions/A/CPMS
0x000000028517b000 	/System/Library/PrivateFrameworks/SystemStatus.framework/Versions/A/SystemStatus
0x00000001c6e46000 	/System/Library/Frameworks/CoreMotion.framework/Versions/A/CoreMotion
0x00000001d6f8b000 	/System/Library/PrivateFrameworks/TimeSync.framework/Versions/A/TimeSync
0x0000000258aae000 	/System/Library/PrivateFrameworks/DistributedSensing.framework/Versions/A/DistributedSensing
0x00000001d256b000 	/System/Library/PrivateFrameworks/MobileBluetooth.framework/Versions/A/MobileBluetooth
0x00000001d8c84000 	/System/Library/PrivateFrameworks/IOKitten.framework/Versions/A/IOKitten
0x000000019e473000 	/System/Library/PrivateFrameworks/LanguageModeling.framework/Versions/A/LanguageModeling
0x00000001a3427000 	/System/Library/PrivateFrameworks/Montreal.framework/Versions/A/Montreal
0x00000001ab69a000 	/usr/lib/libcmph.dylib
0x00000002633fe000 	/System/Library/PrivateFrameworks/GenerativeModelsFoundation.framework/Versions/A/GenerativeModelsFoundation
0x0000000287f73000 	/System/Library/PrivateFrameworks/TokenGeneration.framework/Versions/A/TokenGeneration
0x00000002631e1000 	/System/Library/PrivateFrameworks/GenerativeFunctions.framework/Versions/A/GenerativeFunctions
0x000000026322d000 	/System/Library/PrivateFrameworks/GenerativeFunctionsFoundation.framework/Versions/A/GenerativeFunctionsFoundation
0x000000026f74c000 	/System/Library/PrivateFrameworks/ModelCatalog.framework/Versions/A/ModelCatalog
0x000000027b139000 	/System/Library/PrivateFrameworks/SensitiveContentAnalysisML.framework/Versions/A/SensitiveContentAnalysisML
0x00000002632c2000 	/System/Library/PrivateFrameworks/GenerativeFunctionsInstrumentation.framework/Versions/A/GenerativeFunctionsInstrumentation
0x0000000278387000 	/System/Library/PrivateFrameworks/PromptKit.framework/Versions/A/PromptKit
0x0000000277e64000 	/System/Library/PrivateFrameworks/ProactiveDaemonSupport.framework/Versions/A/ProactiveDaemonSupport
0x000000026fb2e000 	/System/Library/PrivateFrameworks/ModelManagerServices.framework/Versions/A/ModelManagerServices
0x00000002881c1000 	/System/Library/PrivateFrameworks/TokenGenerationCore.framework/Versions/A/TokenGenerationCore
0x000000024d70a000 	/System/Library/PrivateFrameworks/AppleIntelligenceReporting.framework/Versions/A/AppleIntelligenceReporting
0x000000024d372000 	/System/Library/PrivateFrameworks/AppleFlatBuffers.framework/Versions/A/AppleFlatBuffers
0x000000027b372000 	/System/Library/PrivateFrameworks/SentencePieceInternal.framework/Versions/A/SentencePieceInternal
0x00000001b3d47000 	/System/Library/Frameworks/Vision.framework/Versions/A/Vision
0x00000002577a8000 	/System/Library/PrivateFrameworks/CoreSceneUnderstanding.framework/Versions/A/CoreSceneUnderstanding
0x000000028c9a3000 	/System/Library/PrivateFrameworks/VisionCore.framework/Versions/A/VisionCore
0x00000001d150c000 	/System/Library/Frameworks/Vision.framework/libfaceCore.dylib
0x00000001d202f000 	/System/Library/PrivateFrameworks/Futhark.framework/Versions/A/Futhark
0x00000001d5e07000 	/System/Library/PrivateFrameworks/InertiaCam.framework/Versions/A/InertiaCam
0x00000001d1db7000 	/System/Library/PrivateFrameworks/TextRecognition.framework/Versions/A/TextRecognition
0x00000001ace3f000 	/System/Library/PrivateFrameworks/CVNLP.framework/Versions/A/CVNLP
0x00000001a62ec000 	/System/Library/PrivateFrameworks/ApplePushService.framework/Versions/A/ApplePushService
0x00000001a6357000 	/System/Library/Frameworks/CloudKit.framework/Versions/A/CloudKit
0x00000001b9750000 	/System/Library/PrivateFrameworks/CoreDuetDaemonProtocol.framework/Versions/A/CoreDuetDaemonProtocol
0x00000001de7ce000 	/System/Library/PrivateFrameworks/DeviceIdentity.framework/Versions/A/DeviceIdentity
0x0000000246c04000 	/System/Library/Frameworks/SharedWithYouCore.framework/Versions/A/SharedWithYouCore
0x0000000251b46000 	/System/Library/PrivateFrameworks/CloudTelemetry.framework/Versions/A/CloudTelemetry
0x00000001b808e000 	/System/Library/PrivateFrameworks/AppleAccount.framework/Versions/A/AppleAccount
0x00000001b864f000 	/System/Library/PrivateFrameworks/C2.framework/Versions/A/C2
0x00000002517b8000 	/System/Library/PrivateFrameworks/CloudCoreInternal.framework/Versions/A/CloudCoreInternal
0x000000025155d000 	/System/Library/PrivateFrameworks/CloudAsset.framework/Versions/A/CloudAsset
0x00000001b8646000 	/System/Library/Frameworks/PushKit.framework/Versions/A/PushKit
0x0000000251b66000 	/System/Library/PrivateFrameworks/CloudTelemetryTools.framework/Versions/A/CloudTelemetryTools
0x00000001ba540000 	/System/Library/PrivateFrameworks/RTCReporting.framework/Versions/A/RTCReporting
0x0000000249853000 	/System/Library/PrivateFrameworks/AAAFoundationSwift.framework/Versions/A/AAAFoundationSwift
0x00000001b8319000 	/System/Library/PrivateFrameworks/AppleIDSSOAuthentication.framework/Versions/A/AppleIDSSOAuthentication
0x00000001cd10b000 	/System/Library/PrivateFrameworks/CaptiveNetwork.framework/Versions/A/CaptiveNetwork
0x00000001b7b1f000 	/System/Library/PrivateFrameworks/EAP8021X.framework/Versions/A/EAP8021X
0x0000000257bb6000 	/System/Library/PrivateFrameworks/CryptoKitPrivate.framework/Versions/A/CryptoKitPrivate
0x00000001c749e000 	/System/Library/PrivateFrameworks/FindMyDevice.framework/Versions/A/FindMyDevice
0x00000001bc226000 	/System/Library/PrivateFrameworks/FMCoreLite.framework/Versions/A/FMCoreLite
0x00000001aa8cf000 	/System/Library/Frameworks/ServiceManagement.framework/Versions/A/ServiceManagement
0x00000001dc1c2000 	/System/Library/PrivateFrameworks/UIKitServices.framework/Versions/A/UIKitServices
0x000000014002c000 	/System/Library/Extensions/AGXMetalG14G.bundle/Contents/MacOS/AGXMetalG14G
0x00000001c03fa000 	/System/Library/PrivateFrameworks/IOGPU.framework/Versions/A/IOGPU
0x000000013edbc000 	/Users/mattias800/repos/spela/player/desktop/build/native/libspela-libretro.dylib
0x000000013ef70000 	/opt/homebrew/Cellar/sdl2/2.32.10/lib/libSDL2-2.0.0.dylib
0x000000013eda4000 	/Users/mattias800/Library/Java/JavaVirtualMachines/ms-21.0.10/Contents/Home/lib/libjawt.dylib
0x00000001b5d22000 	/System/Library/Frameworks/CoreHaptics.framework/Versions/A/CoreHaptics
0x00000001b7e36000 	/System/Library/Frameworks/GameController.framework/Versions/A/GameController
0x00000002610c7000 	/System/Library/PrivateFrameworks/GameControllerFoundation.framework/Versions/A/GameControllerFoundation
0x000000026116b000 	/System/Library/PrivateFrameworks/GameControllerSettings.framework/Versions/A/GameControllerSettings
0x00000001f0633000 	/System/Library/Frameworks/ForceFeedback.framework/Versions/A/ForceFeedback
0x000000026117e000 	/System/Library/PrivateFrameworks/GameControllerUI.framework/Versions/A/GameControllerUI
0x0000000141eac000 	/Users/mattias800/.skiko/384a41e7bf8dcab7fe3ef7dfb14a2adf281ce448c1f711cac5e69a7b97ae2f4a/libskiko-macos-arm64.dylib
0x000000013ee40000 	/Users/mattias800/Library/Java/JavaVirtualMachines/ms-21.0.10/Contents/Home/lib/libosxui.dylib
0x0000000285c96000 	/System/Library/PrivateFrameworks/TextInputUI.framework/Versions/A/TextInputUI
0x0000000285cca000 	/System/Library/PrivateFrameworks/TextInputUIMacHelper.framework/Versions/A/TextInputUIMacHelper
0x00000001d211e000 	/System/Library/PrivateFrameworks/SafariPlatformSupport.framework/Versions/A/SafariPlatformSupport
0x000000028393b000 	/System/Library/PrivateFrameworks/SpotlightKnowledge.framework/Versions/A/SpotlightKnowledge
0x0000000258f5c000 	/System/Library/PrivateFrameworks/DocumentUnderstandingClient.framework/Versions/A/DocumentUnderstandingClient
0x0000000283922000 	/System/Library/PrivateFrameworks/SpotlightEmbedding.framework/Versions/A/SpotlightEmbedding
0x00000001a1c1e000 	/System/Library/PrivateFrameworks/SpotlightLinguistics.framework/Versions/A/SpotlightLinguistics
0x0000000283aef000 	/System/Library/PrivateFrameworks/SpotlightResources.framework/Versions/A/SpotlightResources
0x00000001b9b07000 	/System/Library/PrivateFrameworks/SpotlightIndex.framework/Versions/A/SpotlightIndex
0x00000001cd0cf000 	/System/Library/PrivateFrameworks/DataDeliveryServices.framework/Versions/A/DataDeliveryServices
0x00000002512d7000 	/System/Library/PrivateFrameworks/CipherML.framework/Versions/A/CipherML
0x00000002753ae000 	/System/Library/PrivateFrameworks/PegasusKit.framework/Versions/A/PegasusKit
0x00000002848be000 	/System/Library/PrivateFrameworks/SwiftSQLite.framework/Versions/A/SwiftSQLite
0x00000001445dc000 	/Users/mattias800/Library/Java/JavaVirtualMachines/ms-21.0.10/Contents/Home/lib/libjsound.dylib
0x000000014494c000 	/System/Library/Components/CoreAudio.component/Contents/MacOS/CoreAudio
0x000000015d1e0000 	/Users/mattias800/Library/Application Support/Spela/cores/mupen64plus_next_libretro.dylib
0x000000014ca1c000 	/Users/mattias800/Library/Application Support/Spela/cores/ppsspp_libretro.dylib
0x000000023ff4e000 	/System/Library/Frameworks/OpenGL.framework/Versions/A/Resources/GLEngine.bundle/GLEngine
0x000000023fdf0000 	/System/Library/Frameworks/OpenGL.framework/Versions/A/Libraries/libGLProgrammability.dylib
0x00000001446ac000 	/System/Library/Extensions/AppleMetalOpenGLRenderer.bundle/Contents/MacOS/AppleMetalOpenGLRenderer
0x00000002400af000 	/System/Library/Frameworks/OpenGL.framework/Versions/A/Resources/GLRendererFloat.bundle/GLRendererFloat

JVMTI agents: none


VM Arguments:
jvm_args: -Dcompose.application.configure.swing.globals=true -Dcompose.application.resources.dir=/Users/mattias800/repos/spela/player/desktop/build/compose/tmp/prepareAppResources -Djava.library.path=/Users/mattias800/repos/spela/player/desktop/build/native -Dfile.encoding=UTF-8 -Duser.country=US -Duser.language=en -Duser.variant 
java_command: com.spela.player.desktop.MainKt
java_class_path (initial): /Users/mattias800/repos/spela/player/desktop/build/libs/desktop-desktop.jar:/Users/mattias800/repos/spela/player/shared/build/libs/shared-desktop.jar:/Users/mattias800/.gradle/caches/modules-2/files-2.1/org.jetbrains.compose.material3/material3-desktop/1.9.0/19004c4eb3dc6618eb66a076bbe3d7e1a2e7b85/material3-desktop-1.9.0.jar:/Users/mattias800/.gradle/caches/modules-2/files-2.1/org.jetbrains.compose.components/components-resources-desktop/1.10.1/c6115b607f77e9d033de360f989850d3824bf112/library-desktop-1.10.1.jar:/Users/mattias800/.gradle/caches/modules-2/files-2.1/org.jetbrains.compose.desktop/desktop-jvm/1.10.1/42facd9840309ac4eb841a986c5d1b97d2780471/desktop-jvm-1.10.1.jar:/Users/mattias800/.gradle/caches/modules-2/files-2.1/io.coil-kt.coil3/coil-compose-jvm/3.3.0/38281ac8d9773163bb49be7a871239ea0b953f21/coil-compose-jvm-3.3.0.jar:/Users/mattias800/.gradle/caches/modules-2/files-2.1/io.coil-kt.coil3/coil-compose-core-jvm/3.3.0/4ea0aece0de785d13342ef927464bf75d918f80b/coil-compose-core-jvm-3.3.0.jar:/Users/mattias800/.gradle/caches/modules-2/files-2.1/org.jetbrains.compose.material/material-desktop/1.10.1/63e1c3c6705d111bf84e41110e7729df5b85163e/material-desktop-1.10.1.jar:/Users/mattias800/.gradle/caches/modules-2/files-2.1/org.jetbrains.compose.material/material-ripple-desktop/1.10.1/74a14824f086339703264689c5a7cf4ceb39ed40/material-ripple-desktop-1.10.1.jar:/Users/mattias800/.gradle/caches/modules-2/files-2.1/org.jetbrains.compose.foundation/foundation-desktop/1.10.1/d9ba57abee3527886ea640d3b390a70ba9e28af/foundation-desktop-1.10.1.jar:/Users/mattias800/.gradle/caches/modules-2/files-2.1/org.jetbrains.compose.material/material-icons-extended-desktop/1.7.3/c7c5465dd754043076875b32bce0dd7f5a354fe8/material-icons-extended-desktop-1.7.3.jar:/Users/mattias800/.gradle/caches/modules-2/files-2.1/org.jetbrains.compose.animation/animation-desktop/1.10.1/17f777e04f7fe5dff2fe7992d0c0bda81c3a3897/animation-desktop-1.10.1.jar:/Users/mattias800/.gradle/caches/modules-2/files-2.1/org.jetbrains.compose.foundation/foundation-layout-desktop/1.10.1/263364f922ef14fb64f1313a384a0c31cd6f3fa5/foundation-layout-desktop-1.10.1.jar:/Users/mattias800/.gradle/caches/modules-2/files-2.1/org.jetbrains.compose.material/material-icons-core-desktop/1.7.3/414b3096050fe647b0638832eace80f22c06b85c/material-icons-core-desktop-1.7.3.jar:/Users/mattias800/.gradle/caches/modules-2/files-2.1/org.jetbrains.compose.animation/animation-core-desktop/1.10.1/5dd98c5745e548644b7657901bbcc4c2c8f9ec59/animation-core-desktop-1.10.1.jar:/Users/mattias800/.gradle/caches/modules-2/files-2.1/org.jetbrains.compose.ui/ui-desktop/1.10.1/73a6b1e10434fb11bae82daa68c205c71af03c55/ui-desktop-1.10.1.jar:/Users/mattias800/.gradle/caches/modules-2/files-2.1/io.ktor/ktor-client-content-negotiation-jvm/3.4.0/266c1aef9d340c22cd859dd5c9174c2e1d86489f/ktor-client-content-negotiation-jvm-3.4.0.jar:/Users/mattias800/.gradle/caches/modules-2/files-2.1/io.ktor/ktor-client-auth-jvm/3.4.0/14d75d5e7552a8e26a2ad4dd511a76d4a0c5502f/ktor-client-auth-jvm-3.4.0.jar:/Users/mattias800/.gradle/caches/modules-2/files-2.1/io.ktor/ktor-client-logging-jvm/3.4.0/278d41697d9194d36290842bfdae03d674b3f365/ktor-client-logging-jvm-3.4.0.jar:/Users/mattias800/.gradle/caches/modules-2/files-2.1/io.ktor/ktor-client-websockets-jvm/3.4.0/69e1468e52be95fd339dd8026e78985a6ef981e6/ktor-client-websockets-jvm-3.4.0.jar:/Users/mattias800/.gradle/caches/modules-2/files-2.1/io.coil-kt.coil3/coil-network-ktor3-jvm/3.3.0/70b76d7093cce8124a2b2e665ac281992755376e/coil-network-ktor3-jvm-3.3.0.jar:/Users/mattias800/.gradle/caches/modules-2/files-2.1/io.ktor/ktor-client-cio-jvm/3.4.0/84786f75d08fe5042f17c246380eb8381d125a6b/ktor-client-cio-jvm-3.4.0.jar:/Users/mattias800/.gradle/caches/modules-2/files-2.1/io.ktor/ktor-client-core-jvm/3.4.0/1f017fc4dcf7e3ff5152a28923b7639a9ba82123/ktor-client-core-jvm-3.4.0.jar:/Users/mattias800/.gradle/caches/modules-2/files-2.1/io.ktor/ktor-serialization-kotlinx-json-jvm/3.4.0/2a09f17d70b6e61623fd8aff9bdce6d7877892/ktor-serialization-kotlinx-json-jvm-3.4.0.jar:/Users/mattias800/.gradle/caches/modules-2/files-2.1/app.cash.sqldelight/coroutines-extensions-jvm/2.2.1/57db01cca75db01f64c58fb1db3aad67b1a52708/sqldelight-coroutines-extensions-jvm-2.2.1.jar:/Users/mattias800/.gradle/caches/modules-2/files-2.1/org.jetbrains.skiko/skiko-awt-runtime-macos-arm64/0.9.37.4/a21a251e5695f2b8da63842e9e8a5ecb2f219dce/skiko-awt-runtime-macos-arm64-0.9.37.4.jar:/Users/mattias800/.gradle/caches/modules-2/files-2.1/org.jetbrains.compose.ui/ui-text-desktop/1.10.1/7babd6e2dea601e74bed24b4017350e1acf4569c/ui-text-desktop-1.10.1.jar:/Users/mattias800/.gradle/caches/modules-2/files-2.1/org.jetbrains.compose.ui/ui-graphics-desktop/1.10.1/c0b9e89e8f5ac5b0253d32d8da2758643ca1e19b/ui-graphics-desktop-1.10.1.jar:/Users/mattias800/.gradle/caches/modules-2/files-2.1/io.coil-kt.coil3/coil-jvm/3.3.0/246e1bf044d5f858315c517f7f770f6dc0516195/coil-jvm-3.3.0.jar:/Users/mattias800/.gradle/caches/modules-2/files-2.1/io.coil-kt.coil3/coil-network-core-jvm/3.3.0/c50c4cf1424afcc90532ed8064bcaa14d88d0ea8/coil-network-core-jvm-3.3.0.jar:/Users/mattias800/.gradle/caches/modules-2/files-2.1/io.coil-kt.coil3/coil-core-jvm/3.3.0/70ff6cf3312784cddfe695b2e2f62aec53778b38/coil-core-jvm-3.3.0.jar:/Users/mattias800/.gradle/caches/modules-2/files-2.1/org.jetbrains.skiko/skiko-awt/0.9.37.4/fc7470cca1041a52b182a921205c5c224e7709ad/skiko-awt-0.9.37.4.jar:/Users/mattias800/.gradle/caches/modules-2/files-2.1/org.jetbrains.kotlinx/kotlinx-coroutines-slf4j/1.10.2/1271f9d4a929150bb87ab8d1dc1e86d4bcf039f3/kotlinx-coroutines-slf4j-1.10.2.jar:/Users/mattias800/.gradle/caches/modules-2/files-2.1/io.insert-koin/koin-compose-jvm/4.0.0/cf45eee3ae6e58e04a6771a8c04a8937395f8ea0/koin-compose-jvm-4.0.0.jar:/Users/mattias800/.gradle/caches/modules-2/files-2.1/org.jetbrains.compose.ui/ui-backhandler-desktop/1.10.1/ed725f86a0fdff73fb37561ffb606166725e4b6f/ui-backhandler-desktop-1.10.1.jar:/Users/mattias800/.gradle/caches/modules-2/files-2.1/androidx.navigationevent/navigationevent-desktop/1.0.2/ddb1e7fe97ed51c3d35bba493f97fcf12398719/navigationevent-desktop-1.0.2.jar:/Users/mattias800/.gradle/caches/modules-2/files-2.1/androidx.compose.runtime/runtime-annotation-jvm/1.10.2/ea491da34ba40ae9bd340c393566753ddfd95a76/runtime-annotation-jvm-1.10.2.jar:/Users/mattias800/.gradle/caches/modules-2/files-2.1/androidx.compose.runtime/runtime-retain-desktop/1.10.2/879812e3cd2c6151f5d91f515a35952b1be07a76/runtime-retain-desktop-1.10.2.jar:/Users/mattias800/.gradle/caches/modules-2/files-2.1/androidx.compose.runtime/runtime-saveable-desktop/1.10.2/f6903c683c07ba479659ba4eb55bc7c80a7c433e/runtime-saveable-desktop-1.10.2.jar:/Users/mattias800/.gradle/caches/modules-2/files-2.1/org.jetbrains.compose.runtime/runtime-saveable-desktop/1.10.1/9b0e2a8ce3ae7d2b1a40307bc9271933b238cfd4/runtime-saveable-desktop-1.10.1.jar:/Users/mattias800/.gradle/caches/modules-2/files-2.1/org.jetbrains.androidx.lifecycle/lifecycle-runtime-compose-desktop/2.9.6/7b6b6793f3c4c5996b20d1d99cf728e5fac00364/lifecycle-runtime-compose-desktop-2.9.6.jar:/Users/mattias800/.gradle/caches/modules-2/files-2.1/org.jetbrains.compose.ui/ui-unit-desktop/1.10.1/aeeb2f31358ab5abf0bafa0828de2faba7189db5/ui-unit-desktop-1.10.1.jar:/Users/mattias800/.gradle/caches/modules-2/files-2.1/org.jetbrains.compose.ui/ui-geometry-desktop/1.10.1/779ddaadbc03720f7bb2507f6ed6dc4ffc9e7f3e/ui-geometry-desktop-1.10.1.jar:/Users/mattias800/.gradle/caches/modules-2/files-2.1/org.jetbrains.compose.ui/ui-tooling-preview-desktop/1.10.1/6d464d6c6d654d45aecdfaff7a08d64af62217e2/ui-tooling-preview-desktop-1.10.1.jar:/Users/mattias800/.gradle/caches/modules-2/files-2.1/org.jetbrains.androidx.savedstate/savedstate-compose-desktop/1.3.6/63692375ffe667f12cb3ea8aa1e605d659ed2add/savedstate-compose-desktop-1.3.6.jar:/Users/mattias800/.gradle/caches/modules-2/files-2.1/org.jetbrains.compose.runtime/runtime-desktop/1.10.1/edbd39fc9691f4ba1e29c6690341148db4272752/runtime-desktop-1.10.1.jar:/Users/mattias800/.gradle/caches/modules-2/files-2.1/androidx.lifecycle/lifecycle-viewmodel-savedstate-desktop/2.9.4/72a1919b08c5a4da224d8a65ce1589aa69934e8a/lifecycle-viewmodel-savedstate-desktop-2.9.4.jar:/Users/mattias800/.gradle/caches/modules-2/files-2.1/androidx.lifecycle/lifecycle-viewmodel-desktop/2.9.4/93fee6d78f0df0e38f36e0fa2eff74f8da6d5481/lifecycle-viewmodel-desktop-2.9.4.jar:/Users/mattias800/.gradle/caches/modules-2/files-2.1/androidx.lifecycle/lifecycle-runtime-desktop/2.9.4/1cc820319ec0139e76b8a2fe4be0b356b4e624c4/lifecycle-runtime-desktop-2.9.4.jar:/Users/mattias800/.gradle/caches/modules-2/files-2.1/androidx.savedstate/savedstate-compose-desktop/1.3.3/cd60b543d5722a8b5e6cea1e4ccdec8b4375a22b/savedstate-compose-desktop-1.3.3.jar:/Users/mattias800/.gradle/caches/modules-2/files-2.1/androidx.savedstate/savedstate-desktop/1.3.3/1c5bfc3fb56614538528060a06f2c03e34fa5188/savedstate-desktop-1.3.3.jar:/Users/mattias800/.gradle/caches/modules-2/files-2.1/androidx.lifecycle/lifecycle-common-jvm/2.9.4/ab739bccdb3541983385af169565c7c035d897e7/lifecycle-common-jvm-2.9.4.jar:/Users/mattias800/.gradle/caches/modules-2/files-2.1/androidx.lifecycle/lifecycle-runtime-compose-desktop/2.9.4/86a4ffec845d4e488078118a0b5095bd1fabcafe/lifecycle-runtime-compose-desktop-2.9.4.jar:/Users/mattias800/.gradle/caches/modules-2/files-2.1/androidx.compose.runtime/runtime-desktop/1.10.2/b1705e2087f06395622b784aa88e2e738043459/runtime-desktop-1.10.2.jar:/Users/mattias800/.gradle/caches/modules-2/files-2.1/io.ktor/ktor-http-cio-jvm/3.4.0/2c1f50d77b7d825175acf56f6cb494fc1145e23e/ktor-http-cio-jvm-3.4.0.jar:/Users/mattias800/.gradle/caches/modules-2/files-2.1/io.ktor/ktor-websocket-serialization-jvm/3.4.0/20093fc55064238930e96c8dd12a2d96af6ff81d/ktor-websocket-serialization-jvm-3.4.0.jar:/Users/mattias800/.gradle/caches/modules-2/files-2.1/io.ktor/ktor-serialization-kotlinx-jvm/3.4.0/d001db47b2ebe8ad8b2cb1bb2a687688840f5887/ktor-serialization-kotlinx-jvm-3.4.0.jar:/Users/mattias800/.gradle/caches/modules-2/files-2.1/io.ktor/ktor-serialization-jvm/3.4.0/406af3e14bc41086ac933c02c67bd7ee762cfb4b/ktor-serialization-jvm-3.4.0.jar:/Users/mattias800/.gradle/caches/modules-2/files-2.1/io.ktor/ktor-websockets-jvm/3.4.0/5c8a9438372c7de912cf6da0e275ec17056d6451/ktor-websockets-jvm-3.4.0.jar:/Users/mattias800/.gradle/caches/modules-2/files-2.1/io.ktor/ktor-network-tls-jvm/3.4.0/10bb3d46d3fba6ccfc27f03fbeec029a756358b1/ktor-network-tls-jvm-3.4.0.jar:/Users/mattias800/.gradle/caches/modules-2/files-2.1/io.ktor/ktor-http-jvm/3.4.0/81e4323a06aa6751f59ffe6e35e61277af17fdb5/ktor-http-jvm-3.4.0.jar:/Users/mattias800/.gradle/caches/modules-2/files-2.1/io.ktor/ktor-events-jvm/3.4.0/d6e6800119bf169c0559eeaf49477757e50a736/ktor-events-jvm-3.4.0.jar:/Users/mattias800/.gradle/caches/modules-2/files-2.1/io.ktor/ktor-sse-jvm/3.4.0/3b4493bfb71b536fc0c055d645ceb1a44b318637/ktor-sse-jvm-3.4.0.jar:/Users/mattias800/.gradle/caches/modules-2/files-2.1/app.cash.sqldelight/async-extensions-jvm/2.2.1/1caa5e80a3f9587d9521bb5786d8004169abb659/sqldelight-async-extensions-jvm-2.2.1.jar:/Users/mattias800/.gradle/caches/modules-2/files-2.1/io.ktor/ktor-network-jvm/3.4.0/8d6179be0155e1d34f844a8317b7f1950772a372/ktor-network-jvm-3.4.0.jar:/Users/mattias800/.gradle/caches/modules-2/files-2.1/io.ktor/ktor-utils-jvm/3.4.0/ce54b074feee2cc3cdac2ba93420f18adc71061d/ktor-utils-jvm-3.4.0.jar:/Users/mattias800/.gradle/caches/modules-2/files-2.1/io.ktor/ktor-io-jvm/3.4.0/16e3233d00797f77f2b918a65d40479c28dc2bde/ktor-io-jvm-3.4.0.jar:/Users/mattias800/.gradle/caches/modules-2/files-2.1/org.jetbrains.kotlinx/kotlinx-coroutines-core-jvm/1.10.2/4a9f78ef49483748e2c129f3d124b8fa249dafbf/kotlinx-coroutines-core-jvm-1.10.2.jar:/Users/mattias800/.gradle/caches/modules-2/files-2.1/org.jetbrains.kotlinx/kotlinx-coroutines-swing/1.10.2/ccb5a2e7c83fa76da0ba4677f05678d3bd3eed57/kotlinx-coroutines-swing-1.10.2.jar:/Users/mattias800/.gradle/caches/modules-2/files-2.1/app.cash.sqldelight/sqlite-driver/2.2.1/14c7c61ee75309171122d51489aa0bae72e3d28f/sqlite-driver-2.2.1.jar:/Users/mattias800/.gradle/caches/modules-2/files-2.1/io.insert-koin/koin-core-jvm/4.0.0/6a66dcf3885c4783432e98845b10f0b5e48ef5b1/koin-core-jvm-4.0.0.jar:/Users/mattias800/.gradle/caches/modules-2/files-2.1/app.cash.sqldelight/jdbc-driver/2.2.1/bd1eec7b45a148d571ecb1d4db97ca5c259a9a9c/jdbc-driver-2.2.1.jar:/Users/mattias800/.gradle/caches/modules-2/files-2.1/app.cash.sqldelight/runtime-jvm/2.2.1/db9095b526694836a06428c2ef14b0562b8a7028/runtime-jvm-2.2.1.jar:/Users/mattias800/.gradle/caches/modules-2/files-2.1/org.jetbrains.kotlinx/kotlinx-serialization-json-io-jvm/1.10.0/50ca77d6d3986562a140275d6c8b07086af55f83/kotlinx-serialization-json-io-jvm-1.10.0.jar:/Users/mattias800/.gradle/caches/modules-2/files-2.1/org.jetbrains.kotlinx/kotlinx-serialization-core-jvm/1.10.0/9400c03c056953bbbf30e861e63735c90e9eb320/kotlinx-serialization-core-jvm-1.10.0.jar:/Users/mattias800/.gradle/caches/modules-2/files-2.1/org.jetbrains.kotlinx/kotlinx-serialization-json-jvm/1.10.0/a74d7819e02bad98af4d6b56c4f45aa6d31ef4ad/kotlinx-serialization-json-jvm-1.10.0.jar:/Users/mattias800/.gradle/caches/modules-2/files-2.1/org.jetbrains.kotlinx/kotlinx-datetime-jvm/0.7.1/81c2e0246bd28cc2dcbdf0ab53628322e66a9de9/kotlinx-datetime-jvm-0.7.1.jar:/Users/mattias800/.gradle/caches/modules-2/files-2.1/org.jetbrains.kotlin/kotlin-stdlib-jdk8/2.2.20/57c4d839a6e5ad105d61ffc5cc0bf4de649c1714/kotlin-stdlib-jdk8-2.2.20.jar:/Users/mattias800/.gradle/caches/modules-2/files-2.1/co.touchlab/stately-concurrent-collections-jvm/2.1.0/5c03b644537d7926a8f77e5735a8bebb55dafdcd/stately-concurrent-collections-jvm-2.1.0.jar:/Users/mattias800/.gradle/caches/modules-2/files-2.1/co.touchlab/stately-concurrency-jvm/2.1.0/6285428408c4d7e4a6d9a09511de877103effd81/stately-concurrency-jvm-2.1.0.jar:/Users/mattias800/.gradle/caches/modules-2/files-2.1/org.jetbrains.compose.ui/ui-util-desktop/1.10.1/fe41825dccacb792ded7df579736a0ed919ee270/ui-util-desktop-1.10.1.jar:/Users/mattias800/.gradle/caches/modules-2/files-2.1/org.jetbrains.kotlinx/atomicfu-jvm/0.23.2/a4601dc42dceb031a586058e8356ff778a57dea0/atomicfu-jvm-0.23.2.jar:/Users/mattias800/.gradle/caches/modules-2/files-2.1/org.jetbrains.kotlin/kotlin-stdlib-jdk7/2.2.20/bdbe3b5d872fa3b74d8fcd4e7ca3193f4abc9cc8/kotlin-stdlib-jdk7-2.2.20.jar:/Users/mattias800/.gradle/caches/modules-2/files-2.1/androidx.collection/collection-jvm/1.5.0/7ba2c69414d46ebc2dd76598bdd0a75c54281a57/collection-jvm-1.5.0.jar:/Users/mattias800/.gradle/caches/modules-2/files-2.1/androidx.arch.core/core-common/2.2.0/5e1b8b81dfd5f52c56a8d53b18ca759c19a301f3/core-common-2.2.0.jar:/Users/mattias800/.gradle/caches/modules-2/files-2.1/androidx.annotation/annotation-jvm/1.9.1/b17951747e38bf3986a24431b9ba0d039958aa5f/annotation-jvm-1.9.1.jar:/Users/mattias800/.gradle/caches/modules-2/files-2.1/co.touchlab/stately-strict-jvm/2.1.0/3ae8369209065455f4630793bf6aca0fb88c8b6b/stately-strict-jvm-2.1.0.jar:/Users/mattias800/.gradle/caches/modules-2/files-2.1/com.squareup.okio/okio-jvm/3.15.0/cb3c285187640f543150fcac1ae012bdd778c0e1/okio-jvm-3.15.0.jar:/Users/mattias800/.gradle/caches/modules-2/files-2.1/org.jetbrains.kotlinx/kotlinx-io-core-jvm/0.8.2/358a9f2ba2dc81c5dc84c3d1853f6e5efba63be1/kotlinx-io-core-jvm-0.8.2.jar:/Users/mattias800/.gradle/caches/modules-2/files-2.1/org.jetbrains.kotlinx/kotlinx-io-bytestring-jvm/0.8.2/89c5399596250e71f2bba6d2415972a078a525c7/kotlinx-io-bytestring-jvm-0.8.2.jar:/Users/mattias800/.gradle/caches/modules-2/files-2.1/org.jetbrains.kotlin/kotlin-stdlib/2.3.10/8b80e2f80a3b7daa99c16017f91d4c72cd8b31a6/kotlin-stdlib-2.3.10.jar:/Users/mattias800/.gradle/caches/modules-2/files-2.1/org.jetbrains/annotations/23.0.0/8cc20c07506ec18e0834947b84a864bfc094484e/annotations-23.0.0.jar:/Users/mattias800/.gradle/caches/modules-2/files-2.1/org.xerial/sqlite-jdbc/3.51.0.0/17c4e0d41dd482d6f35547f4235d55e72b7cf0f1/sqlite-jdbc-3.51.0.0.jar:/Users/mattias800/.gradle/caches/modules-2/files-2.1/org.slf4j/slf4j-api/2.0.17/d9e58ac9c7779ba3bf8142aff6c830617a7fe60f/slf4j-api-2.0.17.jar:/Users/mattias800/.gradle/caches/modules-2/files-2.1/org.jetbrains.runtime/jbr-api/1.5.0/4158e485a7a4ecfd521e03095d81e0225529e8d2/jbr-api-1.5.0.jar:/Users/mattias800/.gradle/caches/modules-2/files-2.1/org.jspecify/jspecify/1.0.0/7425a601c1c7ec76645a78d22b8c6a627edee507/jspecify-1.0.0.jar
Launcher Type: SUN_STANDARD

[Global flags]
     intx CICompilerCount                          = 4                                         {product} {ergonomic}
     uint ConcGCThreads                            = 2                                         {product} {ergonomic}
     uint G1ConcRefinementThreads                  = 8                                         {product} {ergonomic}
   size_t G1HeapRegionSize                         = 4194304                                   {product} {ergonomic}
    uintx GCDrainStackTargetSize                   = 64                                        {product} {ergonomic}
   size_t InitialHeapSize                          = 402653184                                 {product} {ergonomic}
   size_t MarkStackSize                            = 4194304                                   {product} {ergonomic}
   size_t MaxHeapSize                              = 6442450944                                {product} {ergonomic}
   size_t MaxNewSize                               = 3862953984                                {product} {ergonomic}
   size_t MinHeapDeltaBytes                        = 4194304                                   {product} {ergonomic}
   size_t MinHeapSize                              = 8388608                                   {product} {ergonomic}
    uintx NonNMethodCodeHeapSize                   = 5839564                                {pd product} {ergonomic}
    uintx NonProfiledCodeHeapSize                  = 122909338                              {pd product} {ergonomic}
    uintx ProfiledCodeHeapSize                     = 122909338                              {pd product} {ergonomic}
    uintx ReservedCodeCacheSize                    = 251658240                              {pd product} {ergonomic}
     bool SegmentedCodeCache                       = true                                      {product} {ergonomic}
   size_t SoftMaxHeapSize                          = 6442450944                             {manageable} {ergonomic}
     bool UseCompressedOops                        = true                           {product lp64_product} {ergonomic}
     bool UseG1GC                                  = true                                      {product} {ergonomic}
     bool UseNUMA                                  = false                                     {product} {ergonomic}
     bool UseNUMAInterleaving                      = false                                     {product} {ergonomic}

Logging:
Log output configuration:
 #0: stdout all=warning uptime,level,tags foldmultilines=false
 #1: stderr all=off uptime,level,tags foldmultilines=false

Release file:
IMPLEMENTOR="Microsoft"
IMPLEMENTOR_VERSION="Microsoft-13106411"
JAVA_RUNTIME_VERSION="21.0.10+7-LTS"
JAVA_VERSION="21.0.10"
JAVA_VERSION_DATE="2026-01-20"
LIBC="default"
MODULES="java.base java.compiler java.datatransfer java.xml java.prefs java.desktop java.instrument java.logging java.management java.security.sasl java.naming java.rmi java.management.rmi java.net.http java.scripting java.security.jgss java.transaction.xa java.sql java.sql.rowset java.xml.crypto java.se java.smartcardio jdk.accessibility jdk.internal.jvmstat jdk.attach jdk.charsets jdk.internal.opt jdk.zipfs jdk.compiler jdk.crypto.ec jdk.crypto.cryptoki jdk.dynalink jdk.internal.ed jdk.editpad jdk.hotspot.agent jdk.httpserver jdk.incubator.vector jdk.internal.le jdk.internal.vm.ci jdk.internal.vm.compiler jdk.internal.vm.compiler.management jdk.jartool jdk.javadoc jdk.jcmd jdk.management jdk.management.agent jdk.jconsole jdk.jdeps jdk.jdwp.agent jdk.jdi jdk.jfr jdk.jlink jdk.jpackage jdk.jshell jdk.jsobject jdk.jstatd jdk.localedata jdk.management.jfr jdk.naming.dns jdk.naming.rmi jdk.net jdk.nio.mapmode jdk.random jdk.sctp jdk.security.auth jdk.security.jgss jdk.unsupported jdk.unsupported.desktop jdk.xml.dom"
OS_ARCH="aarch64"
OS_NAME="Darwin"
SOURCE=".:git:e69b6ef7382e"

Environment Variables:
PATH=/Users/mattias800/Library/Android/sdk/emulator:/Users/mattias800/Library/Android/sdk/tools:/Users/mattias800/Library/Android/sdk/platform-tools:/Users/mattias800/.antigravity/antigravity/bin:/Users/mattias800/.local/bin:/Users/mattias800/.mzsh/bin:/Users/mattias800/.bun/bin:/Users/mattias800/Library/pnpm:/opt/homebrew/bin:/opt/homebrew/sbin:/usr/local/bin:/System/Cryptexes/App/usr/bin:/usr/bin:/bin:/usr/sbin:/sbin:/var/run/com.apple.security.cryptexd/codex.system/bootstrap/usr/local/bin:/var/run/com.apple.security.cryptexd/codex.system/bootstrap/usr/bin:/var/run/com.apple.security.cryptexd/codex.system/bootstrap/usr/appleinternal/bin:/opt/pmk/env/global/bin:/Library/Apple/usr/bin:/usr/local/share/dotnet:~/.dotnet/tools:/Applications/Ghostty.app/Contents/MacOS:/Users/mattias800/Library/Application Support/JetBrains/Toolbox/scripts:/Users/mattias800/.lmstudio/bin:/Users/mattias800/.maestro/bin:/Users/mattias800/.maestro/bin
SHELL=/bin/zsh
LANG=en_US.UTF-8
TERM=xterm-256color
TMPDIR=/var/folders/00/y_pwwndd1hj9rnmh0xwj36v80000gn/T/

Active Locale:
LC_ALL=en_US.UTF-8
LC_COLLATE=en_US.UTF-8
LC_CTYPE=en_US.UTF-8
LC_MESSAGES=en_US.UTF-8
LC_MONETARY=en_US.UTF-8
LC_NUMERIC=en_US.UTF-8
LC_TIME=en_US.UTF-8

Signal Handlers:
   SIGSEGV: crash_handler in libjvm.dylib, mask=11100110000111110111111111111111, flags=SA_ONSTACK|SA_RESTART|SA_SIGINFO, unblocked
    SIGBUS: crash_handler in libjvm.dylib, mask=11100110000111110111111111111111, flags=SA_RESTART|SA_SIGINFO, unblocked
    SIGFPE: crash_handler in libjvm.dylib, mask=11100110000111110111111111111111, flags=SA_RESTART|SA_SIGINFO, unblocked
   SIGPIPE: javaSignalHandler in libjvm.dylib, mask=11100110000111110111111111111111, flags=SA_RESTART|SA_SIGINFO, blocked
   SIGXFSZ: javaSignalHandler in libjvm.dylib, mask=11100110000111110111111111111111, flags=SA_RESTART|SA_SIGINFO, blocked
    SIGILL: crash_handler in libjvm.dylib, mask=11100110000111110111111111111111, flags=SA_RESTART|SA_SIGINFO, unblocked
   SIGUSR2: SR_handler in libjvm.dylib, mask=00000000000000000000000000000000, flags=SA_RESTART|SA_SIGINFO, blocked
    SIGHUP: UserHandler in libjvm.dylib, mask=11100110000111110111111111111111, flags=SA_RESTART|SA_SIGINFO, blocked
    SIGINT: UserHandler in libjvm.dylib, mask=11100110000111110111111111111111, flags=SA_RESTART|SA_SIGINFO, blocked
   SIGTERM: UserHandler in libjvm.dylib, mask=11100110000111110111111111111111, flags=SA_RESTART|SA_SIGINFO, blocked
   SIGQUIT: UserHandler in libjvm.dylib, mask=11100110000111110111111111111111, flags=SA_RESTART|SA_SIGINFO, blocked
   SIGTRAP: crash_handler in libjvm.dylib, mask=11100110000111110111111111111111, flags=SA_RESTART|SA_SIGINFO, unblocked


Periodic native trim disabled

---------------  S Y S T E M  ---------------

OS:
uname: Darwin 25.2.0 Darwin Kernel Version 25.2.0: Tue Nov 18 21:09:34 PST 2025; root:xnu-12377.61.12~1/RELEASE_ARM64_T8112 arm64
OS uptime: 6 days 22:42 hours
rlimit (soft/hard): STACK 8176k/65520k , CORE 0k/infinity , NPROC 4000/6000 , NOFILE 1048576/infinity , AS infinity/infinity , CPU infinity/infinity , DATA infinity/infinity , FSIZE infinity/infinity , MEMLOCK infinity/infinity , RSS infinity/infinity
load average: 3.95 3.08 3.08

CPU: total 8 (initial active 8) 0x61:0x0:0xda33d83d:0, fp, asimd, aes, pmull, sha1, sha256, crc32, lse, sha3, sha512
machdep.cpu.brand_string:Apple M2
hw.cachelinesize:128
hw.l1icachesize:131072
hw.l1dcachesize:65536
hw.l2cachesize:4194304

Memory: 16k page, physical 25165824k(142624k free), swap 5242880k(1748160k free)

vm_info: OpenJDK 64-Bit Server VM (21.0.10+7-LTS) for bsd-aarch64 JRE (21.0.10+7-LTS), built on 2026-01-15T18:35:20Z by "MicrosoftCorporation" with clang Apple LLVM 15.0.0 (clang-1500.1.0.2.5)

END.
