#
# A fatal error has been detected by the Java Runtime Environment:
#
#  SIGSEGV (0xb) at pc=0x0000000182fd5838, pid=86529, tid=81411
#
# JRE version: OpenJDK Runtime Environment Microsoft-13106411 (21.0.10+7) (build 21.0.10+7-LTS)
# Java VM: OpenJDK 64-Bit Server VM Microsoft-13106411 (21.0.10+7-LTS, mixed mode, sharing, tiered, compressed oops, compressed class ptrs, g1 gc, bsd-aarch64)
# Problematic frame:
# C  [libobjc.A.dylib+0x9838]  objc_msgSend+0x38
#
# No core dump will be written. Core dumps have been disabled. To enable core dumping, try "ulimit -c unlimited" before starting Java again
#
# If you would like to submit a bug report, please visit:
#   https://github.com/microsoft/openjdk/issues
# The crash happened outside the Java Virtual Machine in native code.
# See problematic frame for where to report the bug.
#

---------------  S U M M A R Y ------------

Command Line: -Dcompose.application.configure.swing.globals=true -Dcompose.application.resources.dir=/Users/mattias800/repos/spela/player/desktop/build/compose/tmp/prepareAppResources -Djava.library.path=/Users/mattias800/repos/spela/player/desktop/build/native -Dfile.encoding=UTF-8 -Duser.country=US -Duser.language=en -Duser.variant com.spela.player.desktop.MainKt

Host: "Mac14,2" arm64, 8 cores, 24G, Darwin 25.2.0, macOS 26.2 (25C56)
Time: Mon Feb 16 08:41:12 2026 CET elapsed time: 7.351290 seconds (0d 0h 0m 7s)

---------------  T H R E A D  ---------------

Current thread (0x00000007ea18f100):  JavaThread "AWT-EventQueue-0"        [_thread_in_native, id=81411, stack(0x0000000172f9c000,0x000000017319f000) (2060K)]

Stack: [0x0000000172f9c000,0x000000017319f000],  sp=0x000000017319d3b0,  free space=2052k
Native frames: (J=compiled Java code, j=interpreted, Vv=VM code, C=native code)
C  [libobjc.A.dylib+0x9838]  objc_msgSend+0x38
C  [libspela-libretro.dylib+0x57a0]  Java_com_spela_player_libretro_LibretroJni_nativeGpuInit+0xec
j  com.spela.player.libretro.LibretroJni.nativeGpuInit(Ljava/lang/Object;)Z+0
j  com.spela.player.libretro.DesktopLibretroController.gpuInit(Ljava/lang/Object;)Z+12
j  com.spela.player.libretro.MetalEmulationSurfaceKt$MetalEmulationSurface$1$1$1$1.addNotify()V+10
j  java.awt.Container.addNotify()V+61 java.desktop@21.0.10
j  javax.swing.JComponent.addNotify()V+1 java.desktop@21.0.10
j  java.awt.Container.addImpl(Ljava/awt/Component;Ljava/lang/Object;I)V+200 java.desktop@21.0.10
j  javax.swing.JLayeredPane.addImpl(Ljava/awt/Component;Ljava/lang/Object;I)V+47 java.desktop@21.0.10
j  java.awt.Container.add(Ljava/awt/Component;I)Ljava/awt/Component;+4 java.desktop@21.0.10
j  androidx.compose.ui.viewinterop.SwingInteropViewHolder.insertInteropView(Ljava/awt/Container;I)V+15
j  androidx.compose.ui.viewinterop.SwingInteropContainer.place$lambda$0(ILandroidx/compose/ui/viewinterop/SwingInteropContainer;ZILandroidx/compose/ui/viewinterop/InteropViewHolder;)Lkotlin/Unit;+58
j  androidx.compose.ui.viewinterop.SwingInteropContainer$$Lambda+0x000000d8014c4430.invoke()Ljava/lang/Object;+20
j  androidx.compose.ui.viewinterop.ScheduledUpdatesSwapchain.execute()Z+118
j  androidx.compose.ui.viewinterop.SwingInteropContainer.executeScheduledUpdates()V+20
j  androidx.compose.ui.viewinterop.SwingInteropContainer.postponingExecutingScheduledUpdates(Lkotlin/jvm/functions/Function0;)V+178
j  androidx.compose.ui.scene.ComposeSceneMediator.onRender(Lorg/jetbrains/skia/Canvas;IIJ)V+30
j  org.jetbrains.skiko.SkiaLayer.update$skiko(J)V+214
j  org.jetbrains.skiko.redrawer.AWTRedrawer.update(J)V+9
j  org.jetbrains.skiko.redrawer.Redrawer$DefaultImpls.update$default(Lorg/jetbrains/skiko/redrawer/Redrawer;JILjava/lang/Object;)V+33
j  org.jetbrains.skiko.redrawer.MetalRedrawer$FrameScheduler.updateIfRequested()V+21
j  org.jetbrains.skiko.redrawer.MetalRedrawer$FrameScheduler.access$updateIfRequested(Lorg/jetbrains/skiko/redrawer/MetalRedrawer$FrameScheduler;)V+1
j  org.jetbrains.skiko.redrawer.MetalRedrawer$FrameScheduler$frameDispatcher$1.invokeSuspend(Ljava/lang/Object;)Ljava/lang/Object;+57
j  org.jetbrains.skiko.redrawer.MetalRedrawer$FrameScheduler$frameDispatcher$1.invoke(Lkotlinx/coroutines/CoroutineScope;Lkotlin/coroutines/Continuation;)Ljava/lang/Object;+12
j  org.jetbrains.skiko.redrawer.MetalRedrawer$FrameScheduler$frameDispatcher$1.invoke(Ljava/lang/Object;Ljava/lang/Object;)Ljava/lang/Object;+9
j  org.jetbrains.skiko.FrameDispatcher$job$1.invokeSuspend(Ljava/lang/Object;)Ljava/lang/Object;+127
J 4167 c1 kotlin.coroutines.jvm.internal.BaseContinuationImpl.resumeWith(Ljava/lang/Object;)V (124 bytes) @ 0x000000010fd12b0c [0x000000010fd12680+0x000000000000048c]
J 3291 c1 kotlinx.coroutines.DispatchedTask.run()V (387 bytes) @ 0x000000010fb6f474 [0x000000010fb6de00+0x0000000000001674]
J 3337 c1 java.awt.event.InvocationEvent.dispatch()V java.desktop@21.0.10 (69 bytes) @ 0x000000010fb86548 [0x000000010fb862c0+0x0000000000000288]
J 3541 c1 java.awt.EventQueue.dispatchEventImpl(Ljava/awt/AWTEvent;Ljava/lang/Object;)V java.desktop@21.0.10 (139 bytes) @ 0x000000010fbfd928 [0x000000010fbfbdc0+0x0000000000001b68]
J 3540 c1 java.awt.EventQueue$4.run()Ljava/lang/Void; java.desktop@21.0.10 (60 bytes) @ 0x000000010fbfb484 [0x000000010fbfb300+0x0000000000000184]
J 3433 c1 java.awt.EventQueue.dispatchEvent(Ljava/awt/AWTEvent;)V java.desktop@21.0.10 (80 bytes) @ 0x000000010fbb6284 [0x000000010fbb5c80+0x0000000000000604]
J 3445 c1 java.awt.EventDispatchThread.pumpOneEventForFilters(I)V java.desktop@21.0.10 (106 bytes) @ 0x000000010fbbf280 [0x000000010fbbe9c0+0x00000000000008c0]
j  java.awt.EventDispatchThread.pumpEventsForFilter(ILjava/awt/Conditional;Ljava/awt/EventFilter;)V+35 java.desktop@21.0.10
j  java.awt.EventDispatchThread.pumpEventsForHierarchy(ILjava/awt/Conditional;Ljava/awt/Component;)V+11 java.desktop@21.0.10
j  java.awt.EventDispatchThread.pumpEvents(ILjava/awt/Conditional;)V+4 java.desktop@21.0.10
j  java.awt.EventDispatchThread.pumpEvents(Ljava/awt/Conditional;)V+3 java.desktop@21.0.10
j  java.awt.EventDispatchThread.run()V+9 java.desktop@21.0.10
v  ~StubRoutines::call_stub 0x0000000116bb0154
V  [libjvm.dylib+0x4b2d3c]  JavaCalls::call_helper(JavaValue*, methodHandle const&, JavaCallArguments*, JavaThread*)+0x3d8
V  [libjvm.dylib+0x4b1c74]  JavaCalls::call_virtual(JavaValue*, Klass*, Symbol*, Symbol*, JavaCallArguments*, JavaThread*)+0x140
V  [libjvm.dylib+0x4b1d40]  JavaCalls::call_virtual(JavaValue*, Handle, Klass*, Symbol*, Symbol*, JavaThread*)+0x64
V  [libjvm.dylib+0x581e98]  thread_entry(JavaThread*, JavaThread*)+0x9c
V  [libjvm.dylib+0x4c7084]  JavaThread::thread_main_inner()+0x98
V  [libjvm.dylib+0x9ff190]  Thread::call_run()+0xc8
V  [libjvm.dylib+0x821ab8]  thread_native_entry(Thread*)+0x118
C  [libsystem_pthread.dylib+0x6c08]  _pthread_start+0x88
Java frames: (J=compiled Java code, j=interpreted, Vv=VM code)
j  com.spela.player.libretro.LibretroJni.nativeGpuInit(Ljava/lang/Object;)Z+0
j  com.spela.player.libretro.DesktopLibretroController.gpuInit(Ljava/lang/Object;)Z+12
j  com.spela.player.libretro.MetalEmulationSurfaceKt$MetalEmulationSurface$1$1$1$1.addNotify()V+10
j  java.awt.Container.addNotify()V+61 java.desktop@21.0.10
j  javax.swing.JComponent.addNotify()V+1 java.desktop@21.0.10
j  java.awt.Container.addImpl(Ljava/awt/Component;Ljava/lang/Object;I)V+200 java.desktop@21.0.10
j  javax.swing.JLayeredPane.addImpl(Ljava/awt/Component;Ljava/lang/Object;I)V+47 java.desktop@21.0.10
j  java.awt.Container.add(Ljava/awt/Component;I)Ljava/awt/Component;+4 java.desktop@21.0.10
j  androidx.compose.ui.viewinterop.SwingInteropViewHolder.insertInteropView(Ljava/awt/Container;I)V+15
j  androidx.compose.ui.viewinterop.SwingInteropContainer.place$lambda$0(ILandroidx/compose/ui/viewinterop/SwingInteropContainer;ZILandroidx/compose/ui/viewinterop/InteropViewHolder;)Lkotlin/Unit;+58
j  androidx.compose.ui.viewinterop.SwingInteropContainer$$Lambda+0x000000d8014c4430.invoke()Ljava/lang/Object;+20
j  androidx.compose.ui.viewinterop.ScheduledUpdatesSwapchain.execute()Z+118
j  androidx.compose.ui.viewinterop.SwingInteropContainer.executeScheduledUpdates()V+20
j  androidx.compose.ui.viewinterop.SwingInteropContainer.postponingExecutingScheduledUpdates(Lkotlin/jvm/functions/Function0;)V+178
j  androidx.compose.ui.scene.ComposeSceneMediator.onRender(Lorg/jetbrains/skia/Canvas;IIJ)V+30
j  org.jetbrains.skiko.SkiaLayer.update$skiko(J)V+214
j  org.jetbrains.skiko.redrawer.AWTRedrawer.update(J)V+9
j  org.jetbrains.skiko.redrawer.Redrawer$DefaultImpls.update$default(Lorg/jetbrains/skiko/redrawer/Redrawer;JILjava/lang/Object;)V+33
j  org.jetbrains.skiko.redrawer.MetalRedrawer$FrameScheduler.updateIfRequested()V+21
j  org.jetbrains.skiko.redrawer.MetalRedrawer$FrameScheduler.access$updateIfRequested(Lorg/jetbrains/skiko/redrawer/MetalRedrawer$FrameScheduler;)V+1
j  org.jetbrains.skiko.redrawer.MetalRedrawer$FrameScheduler$frameDispatcher$1.invokeSuspend(Ljava/lang/Object;)Ljava/lang/Object;+57
j  org.jetbrains.skiko.redrawer.MetalRedrawer$FrameScheduler$frameDispatcher$1.invoke(Lkotlinx/coroutines/CoroutineScope;Lkotlin/coroutines/Continuation;)Ljava/lang/Object;+12
j  org.jetbrains.skiko.redrawer.MetalRedrawer$FrameScheduler$frameDispatcher$1.invoke(Ljava/lang/Object;Ljava/lang/Object;)Ljava/lang/Object;+9
j  org.jetbrains.skiko.FrameDispatcher$job$1.invokeSuspend(Ljava/lang/Object;)Ljava/lang/Object;+127
J 4167 c1 kotlin.coroutines.jvm.internal.BaseContinuationImpl.resumeWith(Ljava/lang/Object;)V (124 bytes) @ 0x000000010fd12b0c [0x000000010fd12680+0x000000000000048c]
J 3291 c1 kotlinx.coroutines.DispatchedTask.run()V (387 bytes) @ 0x000000010fb6f474 [0x000000010fb6de00+0x0000000000001674]
J 3337 c1 java.awt.event.InvocationEvent.dispatch()V java.desktop@21.0.10 (69 bytes) @ 0x000000010fb86548 [0x000000010fb862c0+0x0000000000000288]
J 3541 c1 java.awt.EventQueue.dispatchEventImpl(Ljava/awt/AWTEvent;Ljava/lang/Object;)V java.desktop@21.0.10 (139 bytes) @ 0x000000010fbfd928 [0x000000010fbfbdc0+0x0000000000001b68]
J 3540 c1 java.awt.EventQueue$4.run()Ljava/lang/Void; java.desktop@21.0.10 (60 bytes) @ 0x000000010fbfb484 [0x000000010fbfb300+0x0000000000000184]
J 3433 c1 java.awt.EventQueue.dispatchEvent(Ljava/awt/AWTEvent;)V java.desktop@21.0.10 (80 bytes) @ 0x000000010fbb6284 [0x000000010fbb5c80+0x0000000000000604]
J 3445 c1 java.awt.EventDispatchThread.pumpOneEventForFilters(I)V java.desktop@21.0.10 (106 bytes) @ 0x000000010fbbf280 [0x000000010fbbe9c0+0x00000000000008c0]
j  java.awt.EventDispatchThread.pumpEventsForFilter(ILjava/awt/Conditional;Ljava/awt/EventFilter;)V+35 java.desktop@21.0.10
j  java.awt.EventDispatchThread.pumpEventsForHierarchy(ILjava/awt/Conditional;Ljava/awt/Component;)V+11 java.desktop@21.0.10
j  java.awt.EventDispatchThread.pumpEvents(ILjava/awt/Conditional;)V+4 java.desktop@21.0.10
j  java.awt.EventDispatchThread.pumpEvents(Ljava/awt/Conditional;)V+3 java.desktop@21.0.10
j  java.awt.EventDispatchThread.run()V+9 java.desktop@21.0.10
v  ~StubRoutines::call_stub 0x0000000116bb0154

siginfo: si_signo: 11 (SIGSEGV), si_code: 2 (SEGV_ACCERR), si_addr: 0x0000000000001000

Registers:
 x0=0x000000017319d550  x1=0x00000001fdb484d0  x2=0x0000000000000140  x3=0x000000010069a640
 x4=0x00000007e9273340  x5=0x0000000000000001  x6=0xffffffffbfc007ff  x7=0xfffff0003ffff800
 x8=0x0000000182fd3a18  x9=0x00000000a1a1a1a1 x10=0x0000000000001000 x11=0x0000000000000000
x12=0x0000000000000000 x13=0x0000000000001000 x14=0x0000000480520a30 x15=0x0000000480520a30
x16=0x0000000480520a30 x17=0x0000000000000000 x18=0x0000000000000000 x19=0x0000000116bb68c0
x20=0x000000017319d4d0 x21=0x0000000106bc1f10 x22=0x0000000000000000 x23=0x0000000300bdfa90
x24=0x000000017319d558 x25=0x00000003009c3990 x26=0x00000001294b7e00 x27=0x000000011ce78000
x28=0x00000007ea18f100  fp=0x000000017319d460  lr=0x000000013c45c24c  sp=0x000000017319d3b0
pc=0x0000000182fd5838 cpsr=0x0000000020001000

Register to memory mapping:

x0 =0x000000017319d550 is pointing into the stack for thread: 0x00000007ea18f100
x1 =0x00000001fdb484d0 points into unknown readable memory: 0x5f006e6961746572 | 72 65 74 61 69 6e 00 5f
x2 =0x0000000000000140 is an unknown value
x3 =0x000000010069a640 points into unknown readable memory: 0x0004000401b795e0 | e0 95 b7 01 04 00 04 00
x4 =0x00000007e9273340 points into unknown readable memory: 0x0000000000000002 | 02 00 00 00 00 00 00 00
x5 =0x0000000000000001 is an unknown value
x6 =0xffffffffbfc007ff is an unknown value
x7 =0xfffff0003ffff800 is an unknown value
x8 =0x0000000182fd3a18: objc_retain+0 in /usr/lib/libobjc.A.dylib at 0x0000000182fcc000
x9 =0x00000000a1a1a1a1 is an unknown value
x10=0x0000000000001000 is an unknown value
x11=0x0 is null
x12=0x0 is null
x13=0x0000000000001000 is an unknown value
x14=0x0000000480520a30 is an oop: com.spela.player.libretro.MetalEmulationSurfaceKt$MetalEmulationSurface$1$1$1$1 
{0x0000000480520a30} - klass: 'com/spela/player/libretro/MetalEmulationSurfaceKt$MetalEmulationSurface$1$1$1$1'
 - ---- fields (total size 27 words):
 - 'y' 'I' @12  0 (0x00000000)
 - 'eventMask' 'J' @16  4096 (0x0000000000001000)
 - 'width' 'I' @24  0 (0x00000000)
 - 'height' 'I' @28  0 (0x00000000)
 - 'x' 'I' @32  0 (0x00000000)
 - private 'isFocusTraversableOverridden' 'I' @36  0 (0x00000000)
 - private 'boundsOp' 'I' @40  3 (0x00000003)
 - private 'componentSerializedDataVersion' 'I' @44  4 (0x00000004)
 - private volatile 'valid' 'Z' @48  false (0x00)
 - private 'focusable' 'Z' @49  true (0x01)
 - private transient 'coalescingEnabled' 'Z' @50  false (0x00)
 - private 'focusTraversalKeysEnabled' 'Z' @51  true (0x01)
 - 'minSizeSet' 'Z' @52  false (0x00)
 - 'prefSizeSet' 'Z' @53  false (0x00)
 - 'maxSizeSet' 'Z' @54  false (0x00)
 - 'newEventsOnly' 'Z' @55  false (0x00)
 - 'ignoreRepaint' 'Z' @56  false (0x00)
 - 'isPacked' 'Z' @57  false (0x00)
 - private 'autoFocusTransferOnDisposal' 'Z' @58  true (0x01)
 - private transient 'isAddNotifyComplete' 'Z' @59  true (0x01)
 - transient 'backgroundEraseDisabled' 'Z' @60  false (0x00)
 - 'visible' 'Z' @61  true (0x01)
 - 'enabled' 'Z' @62  true (0x01)
 - private 'nameExplicitlySet' 'Z' @63  false (0x00)
 - volatile transient 'peer' 'Ljava/awt/peer/ComponentPeer;' @64  a 'sun/lwawt/LWCanvasPeer'{0x000000048067b858} (0x900cf70b)
 - transient 'parent' 'Ljava/awt/Container;' @68  a 'androidx/compose/ui/awt/SwingInteropViewGroup'{0x000000048043bb78} (0x9008776f)
 - transient 'appContext' 'Lsun/awt/AppContext;' @72  a 'sun/awt/AppContext'{0x0000000300bdfa90} (0x6017bf52)
 - 'foreground' 'Ljava/awt/Color;' @76  null (0x00000000)
 - 'background' 'Ljava/awt/Color;' @80  null (0x00000000)
 - volatile 'font' 'Ljava/awt/Font;' @84  null (0x00000000)
 - 'peerFont' 'Ljava/awt/Font;' @88  a 'com/apple/laf/AquaFonts$DerivedUIResourceFont'{0x00000003012322e8} (0x6024645d)
 - 'cursor' 'Ljava/awt/Cursor;' @92  null (0x00000000)
 - 'locale' 'Ljava/util/Locale;' @96  null (0x00000000)
 - private volatile transient 'graphicsConfig' 'Ljava/awt/GraphicsConfiguration;' @100  a 'sun/java2d/metal/MTLGraphicsConfig'{0x00000003010551b0} (0x6020aa36)
 - private transient 'bufferStrategy' 'Ljava/awt/image/BufferStrategy;' @104  null (0x00000000)
 - 'dropTarget' 'Ljava/awt/dnd/DropTarget;' @108  null (0x00000000)
 - 'popups' 'Ljava/util/Vector;' @112  null (0x00000000)
 - private 'name' 'Ljava/lang/String;' @116  null (0x00000000)
 - 'focusTraversalKeys' '[Ljava/util/Set;' @120  null (0x00000000)
 - private volatile transient 'acc' 'Ljava/security/AccessControlContext;' @124  a 'java/security/AccessControlContext'{0x0000000480520b40} (0x900a4168)
 - 'minSize' 'Ljava/awt/Dimension;' @128  null (0x00000000)
 - 'prefSize' 'Ljava/awt/Dimension;' @132  null (0x00000000)
 - 'maxSize' 'Ljava/awt/Dimension;' @136  null (0x00000000)
 - transient 'componentOrientation' 'Ljava/awt/ComponentOrientation;' @140  a 'java/awt/ComponentOrientation'{0x0000000301053938} (0x6020a727)
 - transient 'componentListener' 'Ljava/awt/event/ComponentListener;' @144  null (0x00000000)
 - transient 'focusListener' 'Ljava/awt/event/FocusListener;' @148  null (0x00000000)
 - transient 'hierarchyListener' 'Ljava/awt/event/HierarchyListener;' @152  null (0x00000000)
 - transient 'hierarchyBoundsListener' 'Ljava/awt/event/HierarchyBoundsListener;' @156  null (0x00000000)
 - transient 'keyListener' 'Ljava/awt/event/KeyListener;' @160  null (0x00000000)
 - transient 'mouseListener' 'Ljava/awt/event/MouseListener;' @164  null (0x00000000)
 - transient 'mouseMotionListener' 'Ljava/awt/event/MouseMotionListener;' @168  null (0x00000000)
 - transient 'mouseWheelListener' 'Ljava/awt/event/MouseWheelListener;' @172  null (0x00000000)
 - transient 'inputMethodListener' 'Ljava/awt/event/InputMethodListener;' @176  null (0x00000000)
 - private 'changeSupport' 'Ljava/beans/PropertyChangeSupport;' @180  null (0x00000000)
 - private transient 'objectLock' 'Ljava/lang/Object;' @184  a 'java/lang/Object'{0x0000000480520be8} (0x900a417d)
 - private transient 'compoundShape' 'Lsun/java2d/pipe/Region;' @188  null (0x00000000)
 - private transient 'mixingCutoutRegion' 'Lsun/java2d/pipe/Region;' @192  null (0x00000000)
 - transient 'eventCache' '[Lsun/awt/EventQueueItem;' @196  null (0x00000000)
 - protected 'accessibleContext' 'Ljavax/accessibility/AccessibleContext;' @200  null (0x00000000)
 - final synthetic '$controller' 'Lcom/spela/player/libretro/DesktopLibretroController;' @204  a 'com/spela/player/libretro/DesktopLibretroController'{0x000000030185ff38} (0x6030bfe7)
 - final synthetic '$selectedShader' 'Lcom/spela/player/domain/model/ShaderPreset;' @208  a 'com/spela/player/domain/model/ShaderPreset'{0x000000030185ffe8} (0x6030bffd)
 - final synthetic '$gpuInitialized$delegate' 'Landroidx/compose/runtime/MutableState;' @212  a 'androidx/compose/runtime/SnapshotMutableStateImpl'{0x0000000480430c28} (0x90086185)
x15=0x0000000480520a30 is an oop: com.spela.player.libretro.MetalEmulationSurfaceKt$MetalEmulationSurface$1$1$1$1 
{0x0000000480520a30} - klass: 'com/spela/player/libretro/MetalEmulationSurfaceKt$MetalEmulationSurface$1$1$1$1'
 - ---- fields (total size 27 words):
 - 'y' 'I' @12  0 (0x00000000)
 - 'eventMask' 'J' @16  4096 (0x0000000000001000)
 - 'width' 'I' @24  0 (0x00000000)
 - 'height' 'I' @28  0 (0x00000000)
 - 'x' 'I' @32  0 (0x00000000)
 - private 'isFocusTraversableOverridden' 'I' @36  0 (0x00000000)
 - private 'boundsOp' 'I' @40  3 (0x00000003)
 - private 'componentSerializedDataVersion' 'I' @44  4 (0x00000004)
 - private volatile 'valid' 'Z' @48  false (0x00)
 - private 'focusable' 'Z' @49  true (0x01)
 - private transient 'coalescingEnabled' 'Z' @50  false (0x00)
 - private 'focusTraversalKeysEnabled' 'Z' @51  true (0x01)
 - 'minSizeSet' 'Z' @52  false (0x00)
 - 'prefSizeSet' 'Z' @53  false (0x00)
 - 'maxSizeSet' 'Z' @54  false (0x00)
 - 'newEventsOnly' 'Z' @55  false (0x00)
 - 'ignoreRepaint' 'Z' @56  false (0x00)
 - 'isPacked' 'Z' @57  false (0x00)
 - private 'autoFocusTransferOnDisposal' 'Z' @58  true (0x01)
 - private transient 'isAddNotifyComplete' 'Z' @59  true (0x01)
 - transient 'backgroundEraseDisabled' 'Z' @60  false (0x00)
 - 'visible' 'Z' @61  true (0x01)
 - 'enabled' 'Z' @62  true (0x01)
 - private 'nameExplicitlySet' 'Z' @63  false (0x00)
 - volatile transient 'peer' 'Ljava/awt/peer/ComponentPeer;' @64  a 'sun/lwawt/LWCanvasPeer'{0x000000048067b858} (0x900cf70b)
 - transient 'parent' 'Ljava/awt/Container;' @68  a 'androidx/compose/ui/awt/SwingInteropViewGroup'{0x000000048043bb78} (0x9008776f)
 - transient 'appContext' 'Lsun/awt/AppContext;' @72  a 'sun/awt/AppContext'{0x0000000300bdfa90} (0x6017bf52)
 - 'foreground' 'Ljava/awt/Color;' @76  null (0x00000000)
 - 'background' 'Ljava/awt/Color;' @80  null (0x00000000)
 - volatile 'font' 'Ljava/awt/Font;' @84  null (0x00000000)
 - 'peerFont' 'Ljava/awt/Font;' @88  a 'com/apple/laf/AquaFonts$DerivedUIResourceFont'{0x00000003012322e8} (0x6024645d)
 - 'cursor' 'Ljava/awt/Cursor;' @92  null (0x00000000)
 - 'locale' 'Ljava/util/Locale;' @96  null (0x00000000)
 - private volatile transient 'graphicsConfig' 'Ljava/awt/GraphicsConfiguration;' @100  a 'sun/java2d/metal/MTLGraphicsConfig'{0x00000003010551b0} (0x6020aa36)
 - private transient 'bufferStrategy' 'Ljava/awt/image/BufferStrategy;' @104  null (0x00000000)
 - 'dropTarget' 'Ljava/awt/dnd/DropTarget;' @108  null (0x00000000)
 - 'popups' 'Ljava/util/Vector;' @112  null (0x00000000)
 - private 'name' 'Ljava/lang/String;' @116  null (0x00000000)
 - 'focusTraversalKeys' '[Ljava/util/Set;' @120  null (0x00000000)
 - private volatile transient 'acc' 'Ljava/security/AccessControlContext;' @124  a 'java/security/AccessControlContext'{0x0000000480520b40} (0x900a4168)
 - 'minSize' 'Ljava/awt/Dimension;' @128  null (0x00000000)
 - 'prefSize' 'Ljava/awt/Dimension;' @132  null (0x00000000)
 - 'maxSize' 'Ljava/awt/Dimension;' @136  null (0x00000000)
 - transient 'componentOrientation' 'Ljava/awt/ComponentOrientation;' @140  a 'java/awt/ComponentOrientation'{0x0000000301053938} (0x6020a727)
 - transient 'componentListener' 'Ljava/awt/event/ComponentListener;' @144  null (0x00000000)
 - transient 'focusListener' 'Ljava/awt/event/FocusListener;' @148  null (0x00000000)
 - transient 'hierarchyListener' 'Ljava/awt/event/HierarchyListener;' @152  null (0x00000000)
 - transient 'hierarchyBoundsListener' 'Ljava/awt/event/HierarchyBoundsListener;' @156  null (0x00000000)
 - transient 'keyListener' 'Ljava/awt/event/KeyListener;' @160  null (0x00000000)
 - transient 'mouseListener' 'Ljava/awt/event/MouseListener;' @164  null (0x00000000)
 - transient 'mouseMotionListener' 'Ljava/awt/event/MouseMotionListener;' @168  null (0x00000000)
 - transient 'mouseWheelListener' 'Ljava/awt/event/MouseWheelListener;' @172  null (0x00000000)
 - transient 'inputMethodListener' 'Ljava/awt/event/InputMethodListener;' @176  null (0x00000000)
 - private 'changeSupport' 'Ljava/beans/PropertyChangeSupport;' @180  null (0x00000000)
 - private transient 'objectLock' 'Ljava/lang/Object;' @184  a 'java/lang/Object'{0x0000000480520be8} (0x900a417d)
 - private transient 'compoundShape' 'Lsun/java2d/pipe/Region;' @188  null (0x00000000)
 - private transient 'mixingCutoutRegion' 'Lsun/java2d/pipe/Region;' @192  null (0x00000000)
 - transient 'eventCache' '[Lsun/awt/EventQueueItem;' @196  null (0x00000000)
 - protected 'accessibleContext' 'Ljavax/accessibility/AccessibleContext;' @200  null (0x00000000)
 - final synthetic '$controller' 'Lcom/spela/player/libretro/DesktopLibretroController;' @204  a 'com/spela/player/libretro/DesktopLibretroController'{0x000000030185ff38} (0x6030bfe7)
 - final synthetic '$selectedShader' 'Lcom/spela/player/domain/model/ShaderPreset;' @208  a 'com/spela/player/domain/model/ShaderPreset'{0x000000030185ffe8} (0x6030bffd)
 - final synthetic '$gpuInitialized$delegate' 'Landroidx/compose/runtime/MutableState;' @212  a 'androidx/compose/runtime/SnapshotMutableStateImpl'{0x0000000480430c28} (0x90086185)
x16=0x0000000480520a30 is an oop: com.spela.player.libretro.MetalEmulationSurfaceKt$MetalEmulationSurface$1$1$1$1 
{0x0000000480520a30} - klass: 'com/spela/player/libretro/MetalEmulationSurfaceKt$MetalEmulationSurface$1$1$1$1'
 - ---- fields (total size 27 words):
 - 'y' 'I' @12  0 (0x00000000)
 - 'eventMask' 'J' @16  4096 (0x0000000000001000)
 - 'width' 'I' @24  0 (0x00000000)
 - 'height' 'I' @28  0 (0x00000000)
 - 'x' 'I' @32  0 (0x00000000)
 - private 'isFocusTraversableOverridden' 'I' @36  0 (0x00000000)
 - private 'boundsOp' 'I' @40  3 (0x00000003)
 - private 'componentSerializedDataVersion' 'I' @44  4 (0x00000004)
 - private volatile 'valid' 'Z' @48  false (0x00)
 - private 'focusable' 'Z' @49  true (0x01)
 - private transient 'coalescingEnabled' 'Z' @50  false (0x00)
 - private 'focusTraversalKeysEnabled' 'Z' @51  true (0x01)
 - 'minSizeSet' 'Z' @52  false (0x00)
 - 'prefSizeSet' 'Z' @53  false (0x00)
 - 'maxSizeSet' 'Z' @54  false (0x00)
 - 'newEventsOnly' 'Z' @55  false (0x00)
 - 'ignoreRepaint' 'Z' @56  false (0x00)
 - 'isPacked' 'Z' @57  false (0x00)
 - private 'autoFocusTransferOnDisposal' 'Z' @58  true (0x01)
 - private transient 'isAddNotifyComplete' 'Z' @59  true (0x01)
 - transient 'backgroundEraseDisabled' 'Z' @60  false (0x00)
 - 'visible' 'Z' @61  true (0x01)
 - 'enabled' 'Z' @62  true (0x01)
 - private 'nameExplicitlySet' 'Z' @63  false (0x00)
 - volatile transient 'peer' 'Ljava/awt/peer/ComponentPeer;' @64  a 'sun/lwawt/LWCanvasPeer'{0x000000048067b858} (0x900cf70b)
 - transient 'parent' 'Ljava/awt/Container;' @68  a 'androidx/compose/ui/awt/SwingInteropViewGroup'{0x000000048043bb78} (0x9008776f)
 - transient 'appContext' 'Lsun/awt/AppContext;' @72  a 'sun/awt/AppContext'{0x0000000300bdfa90} (0x6017bf52)
 - 'foreground' 'Ljava/awt/Color;' @76  null (0x00000000)
 - 'background' 'Ljava/awt/Color;' @80  null (0x00000000)
 - volatile 'font' 'Ljava/awt/Font;' @84  null (0x00000000)
 - 'peerFont' 'Ljava/awt/Font;' @88  a 'com/apple/laf/AquaFonts$DerivedUIResourceFont'{0x00000003012322e8} (0x6024645d)
 - 'cursor' 'Ljava/awt/Cursor;' @92  null (0x00000000)
 - 'locale' 'Ljava/util/Locale;' @96  null (0x00000000)
 - private volatile transient 'graphicsConfig' 'Ljava/awt/GraphicsConfiguration;' @100  a 'sun/java2d/metal/MTLGraphicsConfig'{0x00000003010551b0} (0x6020aa36)
 - private transient 'bufferStrategy' 'Ljava/awt/image/BufferStrategy;' @104  null (0x00000000)
 - 'dropTarget' 'Ljava/awt/dnd/DropTarget;' @108  null (0x00000000)
 - 'popups' 'Ljava/util/Vector;' @112  null (0x00000000)
 - private 'name' 'Ljava/lang/String;' @116  null (0x00000000)
 - 'focusTraversalKeys' '[Ljava/util/Set;' @120  null (0x00000000)
 - private volatile transient 'acc' 'Ljava/security/AccessControlContext;' @124  a 'java/security/AccessControlContext'{0x0000000480520b40} (0x900a4168)
 - 'minSize' 'Ljava/awt/Dimension;' @128  null (0x00000000)
 - 'prefSize' 'Ljava/awt/Dimension;' @132  null (0x00000000)
 - 'maxSize' 'Ljava/awt/Dimension;' @136  null (0x00000000)
 - transient 'componentOrientation' 'Ljava/awt/ComponentOrientation;' @140  a 'java/awt/ComponentOrientation'{0x0000000301053938} (0x6020a727)
 - transient 'componentListener' 'Ljava/awt/event/ComponentListener;' @144  null (0x00000000)
 - transient 'focusListener' 'Ljava/awt/event/FocusListener;' @148  null (0x00000000)
 - transient 'hierarchyListener' 'Ljava/awt/event/HierarchyListener;' @152  null (0x00000000)
 - transient 'hierarchyBoundsListener' 'Ljava/awt/event/HierarchyBoundsListener;' @156  null (0x00000000)
 - transient 'keyListener' 'Ljava/awt/event/KeyListener;' @160  null (0x00000000)
 - transient 'mouseListener' 'Ljava/awt/event/MouseListener;' @164  null (0x00000000)
 - transient 'mouseMotionListener' 'Ljava/awt/event/MouseMotionListener;' @168  null (0x00000000)
 - transient 'mouseWheelListener' 'Ljava/awt/event/MouseWheelListener;' @172  null (0x00000000)
 - transient 'inputMethodListener' 'Ljava/awt/event/InputMethodListener;' @176  null (0x00000000)
 - private 'changeSupport' 'Ljava/beans/PropertyChangeSupport;' @180  null (0x00000000)
 - private transient 'objectLock' 'Ljava/lang/Object;' @184  a 'java/lang/Object'{0x0000000480520be8} (0x900a417d)
 - private transient 'compoundShape' 'Lsun/java2d/pipe/Region;' @188  null (0x00000000)
 - private transient 'mixingCutoutRegion' 'Lsun/java2d/pipe/Region;' @192  null (0x00000000)
 - transient 'eventCache' '[Lsun/awt/EventQueueItem;' @196  null (0x00000000)
 - protected 'accessibleContext' 'Ljavax/accessibility/AccessibleContext;' @200  null (0x00000000)
 - final synthetic '$controller' 'Lcom/spela/player/libretro/DesktopLibretroController;' @204  a 'com/spela/player/libretro/DesktopLibretroController'{0x000000030185ff38} (0x6030bfe7)
 - final synthetic '$selectedShader' 'Lcom/spela/player/domain/model/ShaderPreset;' @208  a 'com/spela/player/domain/model/ShaderPreset'{0x000000030185ffe8} (0x6030bffd)
 - final synthetic '$gpuInitialized$delegate' 'Landroidx/compose/runtime/MutableState;' @212  a 'androidx/compose/runtime/SnapshotMutableStateImpl'{0x0000000480430c28} (0x90086185)
x17=0x0 is null
x18=0x0 is null
x19=0x0000000116bb68c0 is at code_begin+0 in an Interpreter codelet
result handlers for native calls  [0x0000000116bb68c0, 0x0000000116bb6908]  72 bytes
x20=0x000000017319d4d0 is pointing into the stack for thread: 0x00000007ea18f100
x21=0x0000000106bc1f10: _ZN19TemplateInterpreter13_active_tableE+0 in /Users/mattias800/Library/Java/JavaVirtualMachines/ms-21.0.10/Contents/Home/lib/server/libjvm.dylib at 0x0000000105e70000
x22=0x0 is null
x23=0x0000000300bdfa90 is an oop: sun.awt.AppContext 
{0x0000000300bdfa90} - klass: 'sun/awt/AppContext'
 - ---- fields (total size 7 words):
 - private final 'table' 'Ljava/util/Map;' @12  a 'java/util/HashMap'{0x0000000300bdfac8} (0x6017bf59)
 - private 'DISPOSAL_TIMEOUT' 'J' @16  5000 (0x0000000000001388)
 - private 'THREAD_INTERRUPT_TIMEOUT' 'J' @24  1000 (0x00000000000003e8)
 - private final 'threadGroup' 'Ljava/lang/ThreadGroup;' @32  a 'java/lang/ThreadGroup'{0x00000003008768a0} (0x6010ed14)
 - private 'changeSupport' 'Ljava/beans/PropertyChangeSupport;' @36  null (0x00000000)
 - private volatile 'state' 'Lsun/awt/AppContext$State;' @40  a 'sun/awt/AppContext$State'{0x0000000300bed618} (0x6017dac3)
 - private final 'contextClassLoader' 'Ljava/lang/ClassLoader;' @44  a 'jdk/internal/loader/ClassLoaders$AppClassLoader'{0x0000000301002918} (0x60200523)
 - private 'mostRecentKeyValue' 'Lsun/awt/MostRecentKeyValue;' @48  a 'sun/awt/MostRecentKeyValue'{0x0000000300bed5a8} (0x6017dab5)
 - private 'shadowMostRecentKeyValue' 'Lsun/awt/MostRecentKeyValue;' @52  a 'sun/awt/MostRecentKeyValue'{0x00000003010fb938} (0x6021f727)
x24=0x000000017319d558 is pointing into the stack for thread: 0x00000007ea18f100
x25=0x00000003009c3990 is an oop: java.awt.EventQueue 
{0x00000003009c3990} - klass: 'java/awt/EventQueue'
 - ---- fields (total size 10 words):
 - private volatile 'waitForID' 'I' @12  0 (0x00000000)
 - private 'mostRecentEventTime' 'J' @16  1771227672358 (0x0000019c65656f26)
 - private 'mostRecentKeyEventTime' 'J' @24  1771227665259 (0x0000019c6565536b)
 - private 'queues' '[Ljava/awt/Queue;' @32  a 'java/awt/Queue'[4] {0x0000000300bdf9c8} (0x6017bf39)
 - private 'nextQueue' 'Ljava/awt/EventQueue;' @36  null (0x00000000)
 - private 'previousQueue' 'Ljava/awt/EventQueue;' @40  null (0x00000000)
 - private final 'pushPopLock' 'Ljava/util/concurrent/locks/Lock;' @44  a 'java/util/concurrent/locks/ReentrantLock'{0x0000000300bdfa48} (0x6017bf49)
 - private final 'pushPopCond' 'Ljava/util/concurrent/locks/Condition;' @48  a 'java/util/concurrent/locks/AbstractQueuedSynchronizer$ConditionObject'{0x0000000300bdfa78} (0x6017bf4f)
 - private 'dispatchThread' 'Ljava/awt/EventDispatchThread;' @52  a 'java/awt/EventDispatchThread'{0x0000000300875750} (0x6010eaea)
 - private final 'threadGroup' 'Ljava/lang/ThreadGroup;' @56  a 'java/lang/ThreadGroup'{0x00000003008768d0} (0x6010ed1a)
 - private final 'classLoader' 'Ljava/lang/ClassLoader;' @60  a 'jdk/internal/loader/ClassLoaders$AppClassLoader'{0x0000000301002918} (0x60200523)
 - private 'currentEvent' 'Ljava/lang/ref/WeakReference;' @64  a 'java/lang/ref/WeakReference'{0x0000000301bf5530} (0x6037eaa6)
 - private final 'appContext' 'Lsun/awt/AppContext;' @68  a 'sun/awt/AppContext'{0x0000000300bdfa90} (0x6017bf52)
 - private final 'name' 'Ljava/lang/String;' @72  "AWT-EventQueue-0"{0x0000000300befa50} (0x6017df4a)
 - private 'fwDispatcher' 'Lsun/awt/FwDispatcher;' @76  null (0x00000000)
x26=0x00000001294b7e00 is pointing into metadata
x27=0x000000011ce78000 is an unknown value
x28=0x00000007ea18f100 is a thread
 fp=0x000000017319d460 is pointing into the stack for thread: 0x00000007ea18f100
 lr=0x000000013c45c24c: gpu_renderer_init_surface+0x5c in /Users/mattias800/repos/spela/player/desktop/build/native/libspela-libretro.dylib at 0x000000013c454000
 sp=0x000000017319d3b0 is pointing into the stack for thread: 0x00000007ea18f100

Top of Stack: (sp=0x000000017319d3b0)
0x000000017319d3b0:   00000007ea18f100 0000000000000006
0x000000017319d3c0:   00000001289a3c80 b1212730fd2d00e8
0x000000017319d3d0:   00000001294b7e00 00000003009c3990
0x000000017319d3e0:   000000017319d558 0000000300bdfa90
0x000000017319d3f0:   00000007eb3af1c0 000000013c4596b4
0x000000017319d400:   00000007ea18f100 000000017319d480
0x000000017319d410:   000000017319d470 000000010665d0a0
0x000000017319d420:   0000000000000000 0000000106bc1f10
0x000000017319d430:   000000017319d4d0 0000000116bb68c0
0x000000017319d440:   000000017319d558 000000017319d550
0x000000017319d450:   00000007e9273340 00000007e9273340
0x000000017319d460:   000000017319d4c0 000000013c4597a0
0x000000017319d470:   000000017319d4b0 000000010631c428
0x000000017319d480:   00000001289a3c80 00000007ea18f100
0x000000017319d490:   0000000000000000 0000000106bc1f10
0x000000017319d4a0:   000000017319d550 000000017319d558
0x000000017319d4b0:   00000007ea18f4c0 0000000116bb8974
0x000000017319d4c0:   000000017319d530 0000000116bb8a88
0x000000017319d4d0:   000000017319d510 000000010631a79c
0x000000017319d4e0:   000000017319d4e0 0000000000000000
0x000000017319d4f0:   0000000000000005 00000001294b7e00
0x000000017319d500:   00000003010a9138 000000017319d4d0
0x000000017319d510:   0000000000000000 00000001289a3c80
0x000000017319d520:   0000000000000000 000000017319d530
0x000000017319d530:   000000017319d5b0 0000000116bb504c
0x000000017319d540:   0000000000000000 0000000000000000
0x000000017319d550:   0000000480520a30 00000003018200c0
0x000000017319d560:   000000017319d560 00000001294e28d4
0x000000017319d570:   0000000000000003 00000001294e4eb0
0x000000017319d580:   0000000301a94780 000000017319d530
0x000000017319d590:   0000000000000000 00000001294e28f8
0x000000017319d5a0:   000000017319d550 000000017319d5a0 

Instructions: (pc=0x0000000182fd5838)
0x0000000182fd5738:   1f 20 03 d5 1f 20 03 d5 1f 20 03 d5 1f 20 03 d5
0x0000000182fd5748:   1f 20 03 d5 1f 20 03 d5 1f 20 03 d5 1f 20 03 d5
0x0000000182fd5758:   1f 20 03 d5 1f 20 03 d5 1f 20 03 d5 1f 20 03 d5
0x0000000182fd5768:   1f 20 03 d5 1f 20 03 d5 1f 20 03 d5 1f 20 03 d5
0x0000000182fd5778:   1f 20 03 d5 1f 20 03 d5 1f 20 03 d5 1f 20 03 d5
0x0000000182fd5788:   1f 20 03 d5 1f 20 03 d5 1f 20 03 d5 1f 20 03 d5
0x0000000182fd5798:   1f 20 03 d5 1f 20 03 d5 1f 20 03 d5 1f 20 03 d5
0x0000000182fd57a8:   1f 20 03 d5 1f 20 03 d5 1f 20 03 d5 1f 20 03 d5
0x0000000182fd57b8:   1f 20 03 d5 1f 20 03 d5 1f 20 03 d5 1f 20 03 d5
0x0000000182fd57c8:   1f 20 03 d5 1f 20 03 d5 1f 20 03 d5 1f 20 03 d5
0x0000000182fd57d8:   1f 20 03 d5 1f 20 03 d5 1f 20 03 d5 1f 20 03 d5
0x0000000182fd57e8:   1f 20 03 d5 1f 20 03 d5 1f 20 03 d5 1f 20 03 d5
0x0000000182fd57f8:   1f 20 03 d5 1f 20 03 d5 1f 00 00 f1 ed 03 00 54
0x0000000182fd5808:   0e 00 40 f9 d0 cd 7d 92 ea 03 00 aa 2a 5c ed f2
0x0000000182fd5818:   50 19 c1 da ef 03 10 aa 0a 0a 40 f9 4b fd 70 d3
0x0000000182fd5828:   4a bd 40 92 2c 1c 41 ca 8c 01 0b 0a 4d 11 0c 8b
0x0000000182fd5838:   b1 25 ff a8 3f 01 01 eb 81 00 00 54 4a 01 01 ca
0x0000000182fd5848:   4a 01 10 ca 2a 0e 1f d7 89 17 00 b4 bf 01 0a eb
0x0000000182fd5858:   02 ff ff 54 4d 51 2b 8b 4c 11 0c 8b b1 25 ff a8
0x0000000182fd5868:   3f 01 01 eb c0 fe ff 54 3f 01 00 f1 a0 11 4c fa
0x0000000182fd5878:   68 ff ff 54 b1 00 00 14 a0 01 00 54 0a 08 40 92
0x0000000182fd5888:   0b fc 77 93 5f 1d 00 f1 6c 01 8a 9a 2a 9b 36 d0
0x0000000182fd5898:   4a c1 07 91 4a 0d 0c 8b 4e 01 40 f9 f0 03 0e aa
0x0000000182fd58a8:   aa f3 f1 f2 50 1d c1 da db ff ff 17 01 00 80 d2
0x0000000182fd58b8:   00 e4 00 2f 01 e4 00 2f 02 e4 00 2f 03 e4 00 2f
0x0000000182fd58c8:   c0 03 5f d6 1f 20 03 d5 1f 20 03 d5 1f 20 03 d5
0x0000000182fd58d8:   1f 20 03 d5 1f 20 03 d5 1f 00 00 f1 cd 04 00 54
0x0000000182fd58e8:   0d 00 40 f9 b0 cd 7d 92 ea 03 00 aa 2a 5c ed f2
0x0000000182fd58f8:   50 19 c1 da ef 03 10 aa 0a 0a 40 f9 4b fd 70 d3
0x0000000182fd5908:   4a bd 40 92 2c 1c 41 ca 8c 01 0b 0a 4d 11 0c 8b
0x0000000182fd5918:   b1 25 ff a8 3f 01 01 eb 61 01 00 54 4a 01 01 ca
0x0000000182fd5928:   4a 01 10 ca 51 15 c1 da 2a 06 11 ca 4a 00 f0 b6 


Stack slot to memory mapping:

stack at sp + 0 slots: 0x00000007ea18f100 is a thread
stack at sp + 1 slots: 0x0000000000000006 is an unknown value
stack at sp + 2 slots: {method} {0x00000001289a3c80} 'nativeGpuInit' '(Ljava/lang/Object;)Z' in 'com/spela/player/libretro/LibretroJni'
stack at sp + 3 slots: 0xb1212730fd2d00e8 is an unknown value
stack at sp + 4 slots: 0x00000001294b7e00 is pointing into metadata
stack at sp + 5 slots: 0x00000003009c3990 is an oop: java.awt.EventQueue 
{0x00000003009c3990} - klass: 'java/awt/EventQueue'
 - ---- fields (total size 10 words):
 - private volatile 'waitForID' 'I' @12  0 (0x00000000)
 - private 'mostRecentEventTime' 'J' @16  1771227672358 (0x0000019c65656f26)
 - private 'mostRecentKeyEventTime' 'J' @24  1771227665259 (0x0000019c6565536b)
 - private 'queues' '[Ljava/awt/Queue;' @32  a 'java/awt/Queue'[4] {0x0000000300bdf9c8} (0x6017bf39)
 - private 'nextQueue' 'Ljava/awt/EventQueue;' @36  null (0x00000000)
 - private 'previousQueue' 'Ljava/awt/EventQueue;' @40  null (0x00000000)
 - private final 'pushPopLock' 'Ljava/util/concurrent/locks/Lock;' @44  a 'java/util/concurrent/locks/ReentrantLock'{0x0000000300bdfa48} (0x6017bf49)
 - private final 'pushPopCond' 'Ljava/util/concurrent/locks/Condition;' @48  a 'java/util/concurrent/locks/AbstractQueuedSynchronizer$ConditionObject'{0x0000000300bdfa78} (0x6017bf4f)
 - private 'dispatchThread' 'Ljava/awt/EventDispatchThread;' @52  a 'java/awt/EventDispatchThread'{0x0000000300875750} (0x6010eaea)
 - private final 'threadGroup' 'Ljava/lang/ThreadGroup;' @56  a 'java/lang/ThreadGroup'{0x00000003008768d0} (0x6010ed1a)
 - private final 'classLoader' 'Ljava/lang/ClassLoader;' @60  a 'jdk/internal/loader/ClassLoaders$AppClassLoader'{0x0000000301002918} (0x60200523)
 - private 'currentEvent' 'Ljava/lang/ref/WeakReference;' @64  a 'java/lang/ref/WeakReference'{0x0000000301bf5530} (0x6037eaa6)
 - private final 'appContext' 'Lsun/awt/AppContext;' @68  a 'sun/awt/AppContext'{0x0000000300bdfa90} (0x6017bf52)
 - private final 'name' 'Ljava/lang/String;' @72  "AWT-EventQueue-0"{0x0000000300befa50} (0x6017df4a)
 - private 'fwDispatcher' 'Lsun/awt/FwDispatcher;' @76  null (0x00000000)
stack at sp + 6 slots: 0x000000017319d558 is pointing into the stack for thread: 0x00000007ea18f100
stack at sp + 7 slots: 0x0000000300bdfa90 is an oop: sun.awt.AppContext 
{0x0000000300bdfa90} - klass: 'sun/awt/AppContext'
 - ---- fields (total size 7 words):
 - private final 'table' 'Ljava/util/Map;' @12  a 'java/util/HashMap'{0x0000000300bdfac8} (0x6017bf59)
 - private 'DISPOSAL_TIMEOUT' 'J' @16  5000 (0x0000000000001388)
 - private 'THREAD_INTERRUPT_TIMEOUT' 'J' @24  1000 (0x00000000000003e8)
 - private final 'threadGroup' 'Ljava/lang/ThreadGroup;' @32  a 'java/lang/ThreadGroup'{0x00000003008768a0} (0x6010ed14)
 - private 'changeSupport' 'Ljava/beans/PropertyChangeSupport;' @36  null (0x00000000)
 - private volatile 'state' 'Lsun/awt/AppContext$State;' @40  a 'sun/awt/AppContext$State'{0x0000000300bed618} (0x6017dac3)
 - private final 'contextClassLoader' 'Ljava/lang/ClassLoader;' @44  a 'jdk/internal/loader/ClassLoaders$AppClassLoader'{0x0000000301002918} (0x60200523)
 - private 'mostRecentKeyValue' 'Lsun/awt/MostRecentKeyValue;' @48  a 'sun/awt/MostRecentKeyValue'{0x0000000300bed5a8} (0x6017dab5)
 - private 'shadowMostRecentKeyValue' 'Lsun/awt/MostRecentKeyValue;' @52  a 'sun/awt/MostRecentKeyValue'{0x00000003010fb938} (0x6021f727)


Compiled method (c1) 7360 4167   !   3       kotlin.coroutines.jvm.internal.BaseContinuationImpl::resumeWith (124 bytes)
 total in heap  [0x000000010fd12110,0x000000010fd14f98] = 11912
 relocation     [0x000000010fd12260,0x000000010fd12680] = 1056
 main code      [0x000000010fd12680,0x000000010fd14238] = 7096
 stub code      [0x000000010fd14238,0x000000010fd14470] = 568
 oops           [0x000000010fd14470,0x000000010fd14498] = 40
 metadata       [0x000000010fd14498,0x000000010fd145c8] = 304
 scopes data    [0x000000010fd145c8,0x000000010fd14ab0] = 1256
 scopes pcs     [0x000000010fd14ab0,0x000000010fd14f20] = 1136
 dependencies   [0x000000010fd14f20,0x000000010fd14f28] = 8
 handler table  [0x000000010fd14f28,0x000000010fd14f40] = 24
 nul chk table  [0x000000010fd14f40,0x000000010fd14f98] = 88

[Constant Pool (empty)]

[MachCode]
[Entry Point]
  # {method} {0x00000001284d8768} 'resumeWith' '(Ljava/lang/Object;)V' in 'kotlin/coroutines/jvm/internal/BaseContinuationImpl'
  # this:     c_rarg1:c_rarg1 
                        = 'kotlin/coroutines/jvm/internal/BaseContinuationImpl'
  # parm0:    c_rarg2:c_rarg2 
                        = 'java/lang/Object'
  #           [sp+0x120]  (sp of caller)
  0x000000010fd12680: 2808 40b9 | 3f01 086b | c001 0054 

  0x000000010fd1268c: ;   {runtime_call ic_miss_stub}
  0x000000010fd1268c: fd65 bb15 | 1f20 03d5 | 1f20 03d5 | 1f20 03d5 | 1f20 03d5 | 1f20 03d5 | 1f20 03d5 | 1f20 03d5 
  0x000000010fd126ac: 1f20 03d5 | 1f20 03d5 | 1f20 03d5 | 1f20 03d5 | 1f20 03d5 
[Verified Entry Point]
  0x000000010fd126c0: 1f20 03d5 | e953 40d1 | 3f01 00f9 | ff83 04d1 | fd7b 11a9 | 2801 0018 | 8923 40b9 | 1f01 09eb 
  0x000000010fd126e0: e000 0054 | 0830 8bd2 | e8d7 a2f2 | 2800 c0f2 | 0001 3fd6 | 0200 0014 | 0500 0000 

  0x000000010fd126fc: ;   {metadata(method data for {method} {0x00000001284d8768} 'resumeWith' '(Ljava/lang/Object;)V' in 'kotlin/coroutines/jvm/internal/BaseContinuationImpl')}
  0x000000010fd126fc: 004a 9ed2 | c03d a5f2 | 2000 c0f2 | 03ac 40b9 | 6308 0011 | 03ac 00b9 | 6324 1f12 | 7f00 0071 
  0x000000010fd1271c: 00b9 0054 | 0101 00b5 

  0x000000010fd12724: ;   {metadata(method data for {method} {0x00000001284d8768} 'resumeWith' '(Ljava/lang/Object;)V' in 'kotlin/coroutines/jvm/internal/BaseContinuationImpl')}
  0x000000010fd12724: 054a 9ed2 | c53d a5f2 | 2500 c0f2 | a8a4 4339 | 0801 40b2 | a8a4 0339 | 3d00 0014 

  0x000000010fd12740: ;   {metadata('kotlin/coroutines/Continuation')}
  0x000000010fd12740: 048f 86d2 | 0421 a0f2 | 041b c0f2 | 2508 40b9 | 051b c0f2 | a810 40f9 | 9f00 08eb | e000 0054 
  0x000000010fd12760: bf00 04eb | a000 0054 | e513 bfa9 

  0x000000010fd1276c: ;   {runtime_call slow_subtype_check Runtime1 stub}
  0x000000010fd1276c: c5c8 be95 | e507 41f8 | e504 0034 

  0x000000010fd12778: ;   {metadata(method data for {method} {0x00000001284d8768} 'resumeWith' '(Ljava/lang/Object;)V' in 'kotlin/coroutines/jvm/internal/BaseContinuationImpl')}
  0x000000010fd12778: 054a 9ed2 | c53d a5f2 | 2500 c0f2 | 2408 40b9 | 041b c0f2 | a900 0491 | 2801 40f9 | 9f00 08eb 
  0x000000010fd12798: a100 0054 | a884 40f9 | 0805 0091 | a884 00f9 | 2200 0014 | a940 0491 | 2801 40f9 | 9f00 08eb 
  0x000000010fd127b8: a100 0054 | a88c 40f9 | 0805 0091 | a88c 00f9 | 1a00 0014 | a900 0491 | 2801 40f9 | c800 00b5 
  0x000000010fd127d8: 2401 00f9 | e803 40b2 | a920 0491 | 2801 00f9 | 1200 0014 | a940 0491 | 2801 40f9 | c800 00b5 
  0x000000010fd127f8: 2401 00f9 | e803 40b2 | a960 0491 | 2801 00f9 | 0a00 0014 | 0900 0014 

  0x000000010fd12810: ;   {metadata(method data for {method} {0x00000001284d8768} 'resumeWith' '(Ljava/lang/Object;)V' in 'kotlin/coroutines/jvm/internal/BaseContinuationImpl')}
  0x000000010fd12810: 054a 9ed2 | c53d a5f2 | 2500 c0f2 | a878 40f9 | 0805 00d1 | a878 00f9 | 8d05 0014 | 0100 0014 
  0x000000010fd12830: e003 01aa 

  0x000000010fd12834: ;   {metadata(method data for {method} {0x00000001284d8768} 'resumeWith' '(Ljava/lang/Object;)V' in 'kotlin/coroutines/jvm/internal/BaseContinuationImpl')}
  0x000000010fd12834: 034a 9ed2 | c33d a5f2 | 2300 c0f2 | 6894 40f9 | 0805 0091 | 6894 00f9 

  0x000000010fd1284c: ;   {metadata(method data for {method} {0x0000000128500618} 'probeCoroutineResumed' '(Lkotlin/coroutines/Continuation;)V' in 'kotlin/coroutines/jvm/internal/DebugProbesKt')}
  0x000000010fd1284c: 0300 80d2 | 833c a5f2 | 2300 c0f2 | 64ac 40b9 | 8408 0011 | 64ac 00b9 | 844c 1f12 | 9f00 0071 
  0x000000010fd1286c: c0af 0054 

  0x000000010fd12870: ;   {metadata(method data for {method} {0x0000000128500618} 'probeCoroutineResumed' '(Lkotlin/coroutines/Continuation;)V' in 'kotlin/coroutines/jvm/internal/DebugProbesKt')}
  0x000000010fd12870: 0300 80d2 | 833c a5f2 | 2300 c0f2 | 6878 40f9 | 0805 0091 | 6878 00f9 

  0x000000010fd12888: ;   {metadata(method data for {method} {0x000000012841aec8} 'checkNotNullParameter' '(Ljava/lang/Object;Ljava/lang/String;)V' in 'kotlin/jvm/internal/Intrinsics')}
  0x000000010fd12888: 03d6 8cd2 | c30b a5f2 | 2300 c0f2 | 64ac 40b9 | 8408 0011 | 64ac 00b9 | 844c 1f12 | 9f00 0071 
  0x000000010fd128a8: e0ae 0054 | e303 1faa | 1f00 03eb 

  0x000000010fd128b4: ;   {metadata(method data for {method} {0x000000012841aec8} 'checkNotNullParameter' '(Ljava/lang/Object;Ljava/lang/String;)V' in 'kotlin/jvm/internal/Intrinsics')}
  0x000000010fd128b4: 00d6 8cd2 | c00b a5f2 | 2000 c0f2 | e803 78b2 | e90f 7cb2 | 0301 899a | 0468 63f8 | 8404 0091 
  0x000000010fd128d4: 0468 23f8 | a06c 0054 | 0101 00b5 

  0x000000010fd128e0: ;   {metadata(method data for {method} {0x00000001284d8768} 'resumeWith' '(Ljava/lang/Object;)V' in 'kotlin/coroutines/jvm/internal/BaseContinuationImpl')}
  0x000000010fd128e0: 044a 9ed2 | c43d a5f2 | 2400 c0f2 | 88c4 4439 | 0801 40b2 | 88c4 0439 | 3700 0014 

  0x000000010fd128fc: ;   {metadata('kotlin/coroutines/jvm/internal/BaseContinuationImpl')}
  0x000000010fd128fc: 030f 87d2 | 0321 a0f2 | 031b c0f2 | 2408 40b9 | 041b c0f2 | 881c 40f9 | 7f00 08eb | e104 0054 
  0x000000010fd1291c: ;   {metadata(method data for {method} {0x00000001284d8768} 'resumeWith' '(Ljava/lang/Object;)V' in 'kotlin/coroutines/jvm/internal/BaseContinuationImpl')}
  0x000000010fd1291c: 044a 9ed2 | c43d a5f2 | 2400 c0f2 | 2308 40b9 | 031b c0f2 | 8920 0591 | 2801 40f9 | 7f00 08eb 
  0x000000010fd1293c: a100 0054 | 88a8 40f9 | 0805 0091 | 88a8 00f9 | 2200 0014 | 8960 0591 | 2801 40f9 | 7f00 08eb 
  0x000000010fd1295c: a100 0054 | 88b0 40f9 | 0805 0091 | 88b0 00f9 | 1a00 0014 | 8920 0591 | 2801 40f9 | c800 00b5 
  0x000000010fd1297c: 2301 00f9 | e803 40b2 | 8940 0591 | 2801 00f9 | 1200 0014 | 8960 0591 | 2801 40f9 | c800 00b5 
  0x000000010fd1299c: 2301 00f9 | e803 40b2 | 8980 0591 | 2801 00f9 | 0a00 0014 | 0900 0014 

  0x000000010fd129b4: ;   {metadata(method data for {method} {0x00000001284d8768} 'resumeWith' '(Ljava/lang/Object;)V' in 'kotlin/coroutines/jvm/internal/BaseContinuationImpl')}
  0x000000010fd129b4: 044a 9ed2 | c43d a5f2 | 2400 c0f2 | 889c 40f9 | 0805 00d1 | 889c 00f9 | 3605 0014 | 0100 0014 
  0x000000010fd129d4: e003 01aa 

  0x000000010fd129d8: ; implicit exception: dispatches to 0x000000010fd13eac
  0x000000010fd129d8: 030c 40b9 | 63f0 7dd3 | e35b 00f9 

  0x000000010fd129e4: ;   {metadata(method data for {method} {0x00000001284d8768} 'resumeWith' '(Ljava/lang/Object;)V' in 'kotlin/coroutines/jvm/internal/BaseContinuationImpl')}
  0x000000010fd129e4: 014a 9ed2 | c13d a5f2 | 2100 c0f2 | 28b8 40f9 | 0805 0091 | 28b8 00f9 

  0x000000010fd129fc: ;   {metadata(method data for {method} {0x0000000128419e80} 'checkNotNull' '(Ljava/lang/Object;)V' in 'kotlin/jvm/internal/Intrinsics')}
  0x000000010fd129fc: 019a 8cd2 | c125 a5f2 | 2100 c0f2 | 24ac 40b9 | 8408 0011 | 24ac 00b9 | 844c 1f12 | 9f00 0071 
  0x000000010fd12a1c: a0a4 0054 | e103 1faa | 7f00 01eb 

  0x000000010fd12a28: ;   {metadata(method data for {method} {0x0000000128419e80} 'checkNotNull' '(Ljava/lang/Object;)V' in 'kotlin/jvm/internal/Intrinsics')}
  0x000000010fd12a28: 019a 8cd2 | c125 a5f2 | 2100 c0f2 | e803 78b2 | e90f 7cb2 | 0401 899a | 2568 64f8 | a504 0091 
  0x000000010fd12a48: 2568 24f8 | 6052 0054 | e103 00aa 

  0x000000010fd12a54: ;   {metadata(method data for {method} {0x00000001284d8768} 'resumeWith' '(Ljava/lang/Object;)V' in 'kotlin/coroutines/jvm/internal/BaseContinuationImpl')}
  0x000000010fd12a54: 044a 9ed2 | c43d a5f2 | 2400 c0f2 | 2108 40b9 | 011b c0f2 | 8940 0691 | 2801 40f9 | 3f00 08eb 
  0x000000010fd12a74: a100 0054 | 88cc 40f9 | 0805 0091 | 88cc 00f9 | 1c00 0014 | 8980 0691 | 2801 40f9 | 3f00 08eb 
  0x000000010fd12a94: a100 0054 | 88d4 40f9 | 0805 0091 | 88d4 00f9 | 1400 0014 | 8940 0691 | 2801 40f9 | c800 00b5 
  0x000000010fd12ab4: 2101 00f9 | e803 40b2 | 8960 0691 | 2801 00f9 | 0c00 0014 | 8980 0691 | 2801 40f9 | c800 00b5 
  0x000000010fd12ad4: 2101 00f9 | e803 40b2 | 89a0 0691 | 2801 00f9 | 0400 0014 | 88c0 40f9 | 0805 0091 | 88c0 00f9 
  0x000000010fd12af4: e103 00aa | e057 00f9 | e9ff 9fd2 | e9ff bff2 | e9ff dff2 

  0x000000010fd12b08: ; ImmutableOopMap {[168]=Oop [176]=Oop }
                      ;*invokevirtual invokeSuspend {reexecute=0 rethrow=0 return_oop=0}
                      ; - kotlin.coroutines.jvm.internal.BaseContinuationImpl::resumeWith@40 (line 34)
                      ;   {virtual_call}
  0x000000010fd12b08: fe3c bf95 

  0x000000010fd12b0c: ;   {other}
  0x000000010fd12b0c: 1f20 03d5 | 9f3f 81f2 | 1f00 80f2 

  0x000000010fd12b18: ;   {metadata(method data for {method} {0x00000001284d8768} 'resumeWith' '(Ljava/lang/Object;)V' in 'kotlin/coroutines/jvm/internal/BaseContinuationImpl')}
  0x000000010fd12b18: 034a 9ed2 | c33d a5f2 | 2300 c0f2 | 68dc 40f9 | 0805 0091 | 68dc 00f9 

  0x000000010fd12b30: ;   {metadata(method data for {method} {0x00000001284fe6b8} 'getCOROUTINE_SUSPENDED' '()Ljava/lang/Object;' in 'kotlin/coroutines/intrinsics/IntrinsicsKt__IntrinsicsKt')}
  0x000000010fd12b30: 03ea 8cd2 | 2330 a5f2 | 2300 c0f2 | 64ac 40b9 | 8408 0011 | 64ac 00b9 | 844c 1f12 | 9f00 0071 
  0x000000010fd12b50: 009c 0054 

  0x000000010fd12b54: ;   {oop(a 'kotlin/coroutines/intrinsics/CoroutineSingletons'{0x0000000300925ce0})}
  0x000000010fd12b54: 039c 8bd2 | 4312 a0f2 | 6300 c0f2 | 1f00 03eb 

  0x000000010fd12b64: ;   {metadata(method data for {method} {0x00000001284d8768} 'resumeWith' '(Ljava/lang/Object;)V' in 'kotlin/coroutines/jvm/internal/BaseContinuationImpl')}
  0x000000010fd12b64: 034a 9ed2 | c33d a5f2 | 2300 c0f2 | 083b 80d2 | 0939 80d2 | 0401 899a | 6a68 64f8 | 4a05 0091 
  0x000000010fd12b84: 6a68 24f8 | e06e 0054 

  0x000000010fd12b8c: ;   {metadata(method data for {method} {0x00000001284d8768} 'resumeWith' '(Ljava/lang/Object;)V' in 'kotlin/coroutines/jvm/internal/BaseContinuationImpl')}
  0x000000010fd12b8c: 034a 9ed2 | c33d a5f2 | 2300 c0f2 | 68f4 40f9 | 0805 0091 | 68f4 00f9 

  0x000000010fd12ba4: ;   {metadata(method data for {method} {0x000000012850e590} 'constructor-impl' '(Ljava/lang/Object;)Ljava/lang/Object;' in 'kotlin/Result')}
  0x000000010fd12ba4: 03dc 97d2 | 6333 a5f2 | 2300 c0f2 | 64ac 40b9 | 8408 0011 | 64ac 00b9 | 844c 1f12 | 9f00 0071 
  0x000000010fd12bc4: 6099 0054 

  0x000000010fd12bc8: ;   {metadata(method data for {method} {0x00000001284d8768} 'resumeWith' '(Ljava/lang/Object;)V' in 'kotlin/coroutines/jvm/internal/BaseContinuationImpl')}
  0x000000010fd12bc8: 034a 9ed2 | c33d a5f2 | 2300 c0f2 | 64fc 40f9 | 8404 0091 | 64fc 00f9 | 9100 0014 | 8083 42f9 
  0x000000010fd12be8: 9f83 02f9 | 9f87 02f9 

  0x000000010fd12bf0: ;   {metadata(method data for {method} {0x00000001284d8768} 'resumeWith' '(Ljava/lang/Object;)V' in 'kotlin/coroutines/jvm/internal/BaseContinuationImpl')}
  0x000000010fd12bf0: 034a 9ed2 | c33d a5f2 | 2300 c0f2 | 6808 41f9 | 0805 0091 | 6808 01f9 

  0x000000010fd12c08: ;   {metadata(method data for {method} {0x00000001285246c0} 'createFailure' '(Ljava/lang/Throwable;)Ljava/lang/Object;' in 'kotlin/ResultKt')}
  0x000000010fd12c08: 0374 91d2 | 233e a5f2 | 2300 c0f2 | 64ac 40b9 | 8408 0011 | 64ac 00b9 | 844c 1f12 | 9f00 0071 
  0x000000010fd12c28: 4097 0054 

  0x000000010fd12c2c: ;   {metadata(method data for {method} {0x00000001285246c0} 'createFailure' '(Ljava/lang/Throwable;)Ljava/lang/Object;' in 'kotlin/ResultKt')}
  0x000000010fd12c2c: 0374 91d2 | 233e a5f2 | 2300 c0f2 | 6878 40f9 | 0805 0091 | 6878 00f9 

  0x000000010fd12c44: ;   {metadata(method data for {method} {0x000000012841aec8} 'checkNotNullParameter' '(Ljava/lang/Object;Ljava/lang/String;)V' in 'kotlin/jvm/internal/Intrinsics')}
  0x000000010fd12c44: 03d6 8cd2 | c30b a5f2 | 2300 c0f2 | 64ac 40b9 | 8408 0011 | 64ac 00b9 | 844c 1f12 | 9f00 0071 
  0x000000010fd12c64: 6096 0054 | e303 1faa | 1f00 03eb 

  0x000000010fd12c70: ;   {metadata(method data for {method} {0x000000012841aec8} 'checkNotNullParameter' '(Ljava/lang/Object;Ljava/lang/String;)V' in 'kotlin/jvm/internal/Intrinsics')}
  0x000000010fd12c70: 03d6 8cd2 | c30b a5f2 | 2300 c0f2 | e803 78b2 | e90f 7cb2 | 0401 899a | 6a68 64f8 | 4a05 0091 
  0x000000010fd12c90: 6a68 24f8 | e02f 0054 

  0x000000010fd12c98: ;   {metadata('kotlin/Result$Failure')}
  0x000000010fd12c98: 0316 9ed2 | 0321 a0f2 | 031b c0f2 | e203 00aa | 80df 40f9 | 0b40 0091 | 88e7 40f9 | 7f01 08eb 
  0x000000010fd12cb8: c894 0054 | 8bdf 00f9 | ea03 40b2 | 0a00 00f9 | ea03 032a | 0a7c 0129 | bf3a 03d5 | e103 00aa 
  0x000000010fd12cd8: ;   {metadata(method data for {method} {0x00000001285246c0} 'createFailure' '(Ljava/lang/Throwable;)Ljava/lang/Object;' in 'kotlin/ResultKt')}
  0x000000010fd12cd8: 0374 91d2 | 233e a5f2 | 2300 c0f2 | 6880 40f9 | 0805 0091 | 6880 00f9 

  0x000000010fd12cf0: ;   {metadata(method data for {method} {0x000000012850d528} '<init>' '(Ljava/lang/Throwable;)V' in 'kotlin/Result$Failure')}
  0x000000010fd12cf0: 019e 91d2 | 213e a5f2 | 2100 c0f2 | 23ac 40b9 | 6308 0011 | 23ac 00b9 | 634c 1f12 | 7f00 0071 
  0x000000010fd12d10: 4092 0054 

  0x000000010fd12d14: ;   {metadata(method data for {method} {0x000000012850d528} '<init>' '(Ljava/lang/Throwable;)V' in 'kotlin/Result$Failure')}
  0x000000010fd12d14: 019e 91d2 | 213e a5f2 | 2100 c0f2 | 2878 40f9 | 0805 0091 | 2878 00f9 

  0x000000010fd12d2c: ;   {metadata(method data for {method} {0x000000012841aec8} 'checkNotNullParameter' '(Ljava/lang/Object;Ljava/lang/String;)V' in 'kotlin/jvm/internal/Intrinsics')}
  0x000000010fd12d2c: 01d6 8cd2 | c10b a5f2 | 2100 c0f2 | 23ac 40b9 | 6308 0011 | 23ac 00b9 | 634c 1f12 | 7f00 0071 
  0x000000010fd12d4c: 6091 0054 | e103 1faa | 5f00 01eb 

  0x000000010fd12d58: ;   {metadata(method data for {method} {0x000000012841aec8} 'checkNotNullParameter' '(Ljava/lang/Object;Ljava/lang/String;)V' in 'kotlin/jvm/internal/Intrinsics')}
  0x000000010fd12d58: 01d6 8cd2 | c10b a5f2 | 2100 c0f2 | e803 78b2 | e90f 7cb2 | 0301 899a | 2468 63f8 | 8404 0091 
  0x000000010fd12d78: 2468 23f8 | 6018 0054 | e103 00aa 

  0x000000010fd12d84: ;   {metadata(method data for {method} {0x000000012850d528} '<init>' '(Ljava/lang/Throwable;)V' in 'kotlin/Result$Failure')}
  0x000000010fd12d84: 039e 91d2 | 233e a5f2 | 2300 c0f2 | 6880 40f9 | 0805 0091 | 6880 00f9 

  0x000000010fd12d9c: ;   {metadata(method data for {method} {0x000000d800473798} '<init>' '()V' in 'java/lang/Object')}
  0x000000010fd12d9c: 01a2 94d2 | 0100 a5f2 | 2100 c0f2 | 23ac 40b9 | 6308 0011 | 23ac 00b9 | 634c 1f12 | 7f00 0071 
  0x000000010fd12dbc: e08e 0054 | 8103 4139 | 3f00 0071 | 818f 0054 | 48fc 43d3 | 080c 00b9 | 0100 02ca | 21fc 56d3 
  0x000000010fd12ddc: 3f00 00f1 | 818f 0054 | bf3a 03d5 

  0x000000010fd12de8: ;   {metadata(method data for {method} {0x00000001284d8768} 'resumeWith' '(Ljava/lang/Object;)V' in 'kotlin/coroutines/jvm/internal/BaseContinuationImpl')}
  0x000000010fd12de8: 014a 9ed2 | c13d a5f2 | 2100 c0f2 | 2810 41f9 | 0805 0091 | 2810 01f9 

  0x000000010fd12e00: ;   {metadata(method data for {method} {0x000000012850e590} 'constructor-impl' '(Ljava/lang/Object;)Ljava/lang/Object;' in 'kotlin/Result')}
  0x000000010fd12e00: 01dc 97d2 | 6133 a5f2 | 2100 c0f2 | 22ac 40b9 | 4208 0011 | 22ac 00b9 | 424c 1f12 | 5f00 0071 
  0x000000010fd12e20: 008e 0054 | e05f 00f9 | e157 40f9 

  0x000000010fd12e2c: ;   {metadata(method data for {method} {0x00000001284d8768} 'resumeWith' '(Ljava/lang/Object;)V' in 'kotlin/coroutines/jvm/internal/BaseContinuationImpl')}
  0x000000010fd12e2c: 024a 9ed2 | c23d a5f2 | 2200 c0f2 | 2108 40b9 | 011b c0f2 | 4900 0991 | 2801 40f9 | 3f00 08eb 
  0x000000010fd12e4c: a100 0054 | 4824 41f9 | 0805 0091 | 4824 01f9 | 1c00 0014 | 4940 0991 | 2801 40f9 | 3f00 08eb 
  0x000000010fd12e6c: a100 0054 | 482c 41f9 | 0805 0091 | 482c 01f9 | 1400 0014 | 4900 0991 | 2801 40f9 | c800 00b5 
  0x000000010fd12e8c: 2101 00f9 | e803 40b2 | 4920 0991 | 2801 00f9 | 0c00 0014 | 4940 0991 | 2801 40f9 | c800 00b5 
  0x000000010fd12eac: 2101 00f9 | e803 40b2 | 4960 0991 | 2801 00f9 | 0400 0014 | 4818 41f9 | 0805 0091 | 4818 01f9 
  0x000000010fd12ecc: e157 40f9 | e9ff 9fd2 | e9ff bff2 | e9ff dff2 

  0x000000010fd12edc: ; ImmutableOopMap {[176]=Oop [184]=Oop }
                      ;*invokevirtual releaseIntercepted {reexecute=0 rethrow=0 return_oop=0}
                      ; - kotlin.coroutines.jvm.internal.BaseContinuationImpl::resumeWith@90 (line 40)
                      ;   {virtual_call}
  0x000000010fd12edc: 933c bf95 

  0x000000010fd12ee0: ;   {other}
  0x000000010fd12ee0: 1f20 03d5 | 1fba 81f2 | 1f20 80f2 | e35b 40f9 | 0301 00b5 

  0x000000010fd12ef4: ;   {metadata(method data for {method} {0x00000001284d8768} 'resumeWith' '(Ljava/lang/Object;)V' in 'kotlin/coroutines/jvm/internal/BaseContinuationImpl')}
  0x000000010fd12ef4: 0b4a 9ed2 | cb3d a5f2 | 2b00 c0f2 | 6885 4939 | 0801 40b2 | 6885 0939 | 3700 0014 

  0x000000010fd12f10: ;   {metadata('kotlin/coroutines/jvm/internal/BaseContinuationImpl')}
  0x000000010fd12f10: 0a0f 87d2 | 0a21 a0f2 | 0a1b c0f2 | 6b08 40b9 | 0b1b c0f2 | 681d 40f9 | 5f01 08eb | e104 0054 
  0x000000010fd12f30: ;   {metadata(method data for {method} {0x00000001284d8768} 'resumeWith' '(Ljava/lang/Object;)V' in 'kotlin/coroutines/jvm/internal/BaseContinuationImpl')}
  0x000000010fd12f30: 0b4a 9ed2 | cb3d a5f2 | 2b00 c0f2 | 6a08 40b9 | 0a1b c0f2 | 69e1 0991 | 2801 40f9 | 5f01 08eb 
  0x000000010fd12f50: a100 0054 | 6841 41f9 | 0805 0091 | 6841 01f9 | 2400 0014 | 6921 0a91 | 2801 40f9 | 5f01 08eb 
  0x000000010fd12f70: a100 0054 | 6849 41f9 | 0805 0091 | 6849 01f9 | 1c00 0014 | 69e1 0991 | 2801 40f9 | c800 00b5 
  0x000000010fd12f90: 2a01 00f9 | e803 40b2 | 6901 0a91 | 2801 00f9 | 1400 0014 | 6921 0a91 | 2801 40f9 | c800 00b5 
  0x000000010fd12fb0: 2a01 00f9 | e803 40b2 | 6941 0a91 | 2801 00f9 | 0c00 0014 | 0b00 0014 

  0x000000010fd12fc8: ;   {metadata(method data for {method} {0x00000001284d8768} 'resumeWith' '(Ljava/lang/Object;)V' in 'kotlin/coroutines/jvm/internal/BaseContinuationImpl')}
  0x000000010fd12fc8: 0b4a 9ed2 | cb3d a5f2 | 2b00 c0f2 | 6835 41f9 | 0805 00d1 | 6835 01f9 | 0200 0014 | 0300 0014 
  0x000000010fd12fe8: e003 1faa | 0200 0014 | e003 40b2 | 1f00 0071 

  0x000000010fd12ff8: ;   {metadata(method data for {method} {0x00000001284d8768} 'resumeWith' '(Ljava/lang/Object;)V' in 'kotlin/coroutines/jvm/internal/BaseContinuationImpl')}
  0x000000010fd12ff8: 004a 9ed2 | c03d a5f2 | 2000 c0f2 | 0854 80d2 | 0956 80d2 | 0401 899a | 0a68 64f8 | 4a05 0091 
  0x000000010fd13018: 0a68 24f8 | 0043 0054 

  0x000000010fd13020: ;   {metadata(method data for {method} {0x00000001284d8768} 'resumeWith' '(Ljava/lang/Object;)V' in 'kotlin/coroutines/jvm/internal/BaseContinuationImpl')}
  0x000000010fd13020: 004a 9ed2 | c03d a5f2 | 2000 c0f2 | 0460 41f9 | 8404 0091 | 0460 01f9 

  0x000000010fd13038: ;   {metadata(method data for {method} {0x00000001284d8768} 'resumeWith' '(Ljava/lang/Object;)V' in 'kotlin/coroutines/jvm/internal/BaseContinuationImpl')}
  0x000000010fd13038: 004a 9ed2 | c03d a5f2 | 2000 c0f2 | 04b0 40b9 | 8408 0011 | 04b0 00b9 | 8430 1f12 | 9f00 0071 
  0x000000010fd13058: 407d 0054 

  0x000000010fd1305c: ; ImmutableOopMap {c_rarg3=Oop [176]=Oop [184]=Oop }
                      ;*goto {reexecute=1 rethrow=0 return_oop=0}
                      ; - (reexecute) kotlin.coroutines.jvm.internal.BaseContinuationImpl::resumeWith@121 (line 30)
  0x000000010fd1305c: 882f 42f9 

  0x000000010fd13060: ;   {poll}
  0x000000010fd13060: 1f01 40b9 

  0x000000010fd13064: ;   {metadata(method data for {method} {0x00000001284d8768} 'resumeWith' '(Ljava/lang/Object;)V' in 'kotlin/coroutines/jvm/internal/BaseContinuationImpl')}
  0x000000010fd13064: 004a 9ed2 | c03d a5f2 | 2000 c0f2 | 0488 41f9 | 8404 0091 | 0488 01f9 | e25f 40f9 | e103 03aa 
  0x000000010fd13084: a7fd ff17 | e08b 0ca9 

  0x000000010fd1308c: ;   {metadata(method data for {method} {0x000000012841aec8} 'checkNotNullParameter' '(Ljava/lang/Object;Ljava/lang/String;)V' in 'kotlin/jvm/internal/Intrinsics')}
  0x000000010fd1308c: 04d6 8cd2 | c40b a5f2 | 2400 c0f2 | 8888 40f9 | 0805 0091 | 8888 00f9 

  0x000000010fd130a4: ;   {metadata(method data for {method} {0x000000012841b048} 'throwParameterIsNullNPE' '(Ljava/lang/String;)V' in 'kotlin/jvm/internal/Intrinsics')}
  0x000000010fd130a4: 0403 8dd2 | c40b a5f2 | 2400 c0f2 | 8aac 40b9 | 4a09 0011 | 8aac 00b9 | 4a4d 1f12 | 5f01 0071 
  0x000000010fd130c4: e07a 0054 

  0x000000010fd130c8: ; ImmutableOopMap {[168]=Oop [176]=Oop [200]=Oop [208]=Oop }
                      ;*new {reexecute=0 rethrow=0 return_oop=0}
                      ; - kotlin.jvm.internal.Intrinsics::throwParameterIsNullNPE@0 (line 140)
                      ; - kotlin.jvm.internal.Intrinsics::checkNotNullParameter@5 (line 131)
                      ; - kotlin.Result$Failure::<init>@3
                      ; - kotlin.ResultKt::createFailure@11 (line 122)
                      ; - kotlin.coroutines.jvm.internal.BaseContinuationImpl::resumeWith@76 (line 38)
                      ;   {runtime_call load_mirror_patching Runtime1 stub}
  0x000000010fd130c8: 0ecf be95 | 80df 40f9 | 0bc0 0091 | 88e7 40f9 | 7f01 08eb | 287b 0054 | 8bdf 00f9 | ea03 40b2 
  0x000000010fd130e8: 0a00 00f9 | ea03 032a | 0a7c 0129 | 0a40 0091 | 5f7d 00a9 | 5f7d 01a9 | bf3a 03d5 

  0x000000010fd13104: ;   {metadata(method data for {method} {0x000000012841b048} 'throwParameterIsNullNPE' '(Ljava/lang/String;)V' in 'kotlin/jvm/internal/Intrinsics')}
  0x000000010fd13104: 0103 8dd2 | c10b a5f2 | 2100 c0f2 | 2878 40f9 | 0805 0091 | 2878 00f9 

  0x000000010fd1311c: ;   {oop("exception"{0x000000030123d4a0})}
  0x000000010fd1311c: 0194 9ad2 | 6124 a0f2 | 6100 c0f2 | e063 00f9 

  0x000000010fd1312c: ; ImmutableOopMap {[168]=Oop [176]=Oop [192]=Oop [200]=Oop [208]=Oop }
                      ;*invokestatic createParameterIsNullExceptionMessage {reexecute=0 rethrow=0 return_oop=0}
                      ; - kotlin.jvm.internal.Intrinsics::throwParameterIsNullNPE@5 (line 140)
                      ; - kotlin.jvm.internal.Intrinsics::checkNotNullParameter@5 (line 131)
                      ; - kotlin.Result$Failure::<init>@3
                      ; - kotlin.ResultKt::createFailure@11 (line 122)
                      ; - kotlin.coroutines.jvm.internal.BaseContinuationImpl::resumeWith@76 (line 38)
                      ;   {static_call}
  0x000000010fd1312c: 9565 bb95 

  0x000000010fd13130: ;   {other}
  0x000000010fd13130: 1f20 03d5 | 1f04 82f2 | 1f80 80f2 | e263 40f9 

  0x000000010fd13140: ;   {metadata(method data for {method} {0x000000012841b048} 'throwParameterIsNullNPE' '(Ljava/lang/String;)V' in 'kotlin/jvm/internal/Intrinsics')}
  0x000000010fd13140: 0103 8dd2 | c10b a5f2 | 2100 c0f2 | 2880 40f9 | 0805 0091 | 2880 00f9 | e203 00aa | e163 40f9 
  0x000000010fd13160: ; ImmutableOopMap {[168]=Oop [176]=Oop [192]=Oop [200]=Oop [208]=Oop }
                      ;*invokespecial <init> {reexecute=0 rethrow=0 return_oop=0}
                      ; - kotlin.jvm.internal.Intrinsics::throwParameterIsNullNPE@8 (line 140)
                      ; - kotlin.jvm.internal.Intrinsics::checkNotNullParameter@5 (line 131)
                      ; - kotlin.Result$Failure::<init>@3
                      ; - kotlin.ResultKt::createFailure@11 (line 122)
                      ; - kotlin.coroutines.jvm.internal.BaseContinuationImpl::resumeWith@76 (line 38)
                      ;   {optimized virtual_call}
  0x000000010fd13160: 0864 bb95 

  0x000000010fd13164: ;   {other}
  0x000000010fd13164: 1f20 03d5 | 9f0a 82f2 | 1fa0 80f2 

  0x000000010fd13170: ;   {metadata(method data for {method} {0x000000012841b048} 'throwParameterIsNullNPE' '(Ljava/lang/String;)V' in 'kotlin/jvm/internal/Intrinsics')}
  0x000000010fd13170: 0103 8dd2 | c10b a5f2 | 2100 c0f2 | 2888 40f9 | 0805 0091 | 2888 00f9 

  0x000000010fd13188: ;   {metadata(method data for {method} {0x000000012841c0c0} 'sanitizeStackTrace' '(Ljava/lang/Throwable;)Ljava/lang/Throwable;' in 'kotlin/jvm/internal/Intrinsics')}
  0x000000010fd13188: 01d7 8dd2 | c10b a5f2 | 2100 c0f2 | 20ac 40b9 | 0008 0011 | 20ac 00b9 | 004c 1f12 | 1f00 0071 
  0x000000010fd131a8: 0075 0054 

  0x000000010fd131ac: ;   {oop(a 'java/lang/Class'{0x0000000300bb1a90} = 'kotlin/jvm/internal/Intrinsics')}
  0x000000010fd131ac: 0152 83d2 | 6117 a0f2 | 6100 c0f2 | e003 01aa 

  0x000000010fd131bc: ;   {metadata(method data for {method} {0x000000012841c0c0} 'sanitizeStackTrace' '(Ljava/lang/Throwable;)Ljava/lang/Throwable;' in 'kotlin/jvm/internal/Intrinsics')}
  0x000000010fd131bc: 02d7 8dd2 | c20b a5f2 | 2200 c0f2 | 4878 40f9 | 0805 0091 | 4878 00f9 

  0x000000010fd131d4: ;   {metadata(method data for {method} {0x000000d8004684b0} 'getName' '()Ljava/lang/String;' in 'java/lang/Class')}
  0x000000010fd131d4: 00a7 94d2 | 6000 a5f2 | 2000 c0f2 | 02ac 40b9 | 4208 0011 | 02ac 00b9 | 424c 1f12 | 5f00 0071 
  0x000000010fd131f4: a073 0054 

  0x000000010fd131f8: ; implicit exception: dispatches to 0x000000010fd14088
  0x000000010fd131f8: 212c 40b9 | 21f0 7dd3 | e003 1faa | 3f00 00eb 

  0x000000010fd13208: ;   {metadata(method data for {method} {0x000000d8004684b0} 'getName' '()Ljava/lang/String;' in 'java/lang/Class')}
  0x000000010fd13208: 00a7 94d2 | 6000 a5f2 | 2000 c0f2 | e80f 7cb2 | e903 78b2 | 0201 899a | 0368 62f8 | 6304 0091 
  0x000000010fd13228: 0368 22f8 | 2001 0054 

  0x000000010fd13230: ;   {metadata(method data for {method} {0x000000d8004684b0} 'getName' '()Ljava/lang/String;' in 'java/lang/Class')}
  0x000000010fd13230: 00a7 94d2 | 6000 a5f2 | 2000 c0f2 | 0288 40f9 | 4204 0091 | 0288 00f9 | e003 01aa | 0f00 0014 
  0x000000010fd13250: ;   {oop(a 'java/lang/Class'{0x0000000300bb1a90} = 'kotlin/jvm/internal/Intrinsics')}
  0x000000010fd13250: 0152 83d2 | 6117 a0f2 | 6100 c0f2 | e003 01aa 

  0x000000010fd13260: ;   {metadata(method data for {method} {0x000000d8004684b0} 'getName' '()Ljava/lang/String;' in 'java/lang/Class')}
  0x000000010fd13260: 02a7 94d2 | 6200 a5f2 | 2200 c0f2 | 4894 40f9 | 0805 0091 | 4894 00f9 

  0x000000010fd13278: ; ImmutableOopMap {[168]=Oop [176]=Oop [192]=Oop [200]=Oop [208]=Oop }
                      ;*invokevirtual initClassName {reexecute=0 rethrow=0 return_oop=0}
                      ; - java.lang.Class::getName@14 (line 950)
                      ; - kotlin.jvm.internal.Intrinsics::sanitizeStackTrace@3 (line 253)
                      ; - kotlin.jvm.internal.Intrinsics::throwParameterIsNullNPE@11 (line 140)
                      ; - kotlin.jvm.internal.Intrinsics::checkNotNullParameter@5 (line 131)
                      ; - kotlin.Result$Failure::<init>@3
                      ; - kotlin.ResultKt::createFailure@11 (line 122)
                      ; - kotlin.coroutines.jvm.internal.BaseContinuationImpl::resumeWith@76 (line 38)
                      ;   {optimized virtual_call}
  0x000000010fd13278: c263 bb95 

  0x000000010fd1327c: ;   {other}
  0x000000010fd1327c: 1f20 03d5 | 9f2d 82f2 | 1fc0 80f2 | e163 40f9 | 9f02 0014 | e06b 00f9 

  0x000000010fd13294: ;   {metadata(method data for {method} {0x000000012841aec8} 'checkNotNullParameter' '(Ljava/lang/Object;Ljava/lang/String;)V' in 'kotlin/jvm/internal/Intrinsics')}
  0x000000010fd13294: 03d6 8cd2 | c30b a5f2 | 2300 c0f2 | 6888 40f9 | 0805 0091 | 6888 00f9 

  0x000000010fd132ac: ;   {metadata(method data for {method} {0x000000012841b048} 'throwParameterIsNullNPE' '(Ljava/lang/String;)V' in 'kotlin/jvm/internal/Intrinsics')}
  0x000000010fd132ac: 0303 8dd2 | c30b a5f2 | 2300 c0f2 | 60ac 40b9 | 0008 0011 | 60ac 00b9 | 004c 1f12 | 1f00 0071 
  0x000000010fd132cc: 006e 0054 

  0x000000010fd132d0: ; ImmutableOopMap {[168]=Oop [176]=Oop [208]=Oop }
                      ;*new {reexecute=0 rethrow=0 return_oop=0}
                      ; - kotlin.jvm.internal.Intrinsics::throwParameterIsNullNPE@0 (line 140)
                      ; - kotlin.jvm.internal.Intrinsics::checkNotNullParameter@5 (line 131)
                      ; - kotlin.ResultKt::createFailure@3
                      ; - kotlin.coroutines.jvm.internal.BaseContinuationImpl::resumeWith@76 (line 38)
                      ;   {runtime_call load_mirror_patching Runtime1 stub}
  0x000000010fd132d0: 8cce be95 | 80df 40f9 | 0bc0 0091 | 88e7 40f9 | 7f01 08eb | 486e 0054 | 8bdf 00f9 | ea03 40b2 
  0x000000010fd132f0: 0a00 00f9 | ea03 032a | 0a7c 0129 | 0a40 0091 | 5f7d 00a9 | 5f7d 01a9 | bf3a 03d5 

  0x000000010fd1330c: ;   {metadata(method data for {method} {0x000000012841b048} 'throwParameterIsNullNPE' '(Ljava/lang/String;)V' in 'kotlin/jvm/internal/Intrinsics')}
  0x000000010fd1330c: 0103 8dd2 | c10b a5f2 | 2100 c0f2 | 2878 40f9 | 0805 0091 | 2878 00f9 

  0x000000010fd13324: ;   {oop("exception"{0x000000030123d4a0})}
  0x000000010fd13324: 0194 9ad2 | 6124 a0f2 | 6100 c0f2 | e06f 00f9 

  0x000000010fd13334: ; ImmutableOopMap {[168]=Oop [176]=Oop [208]=Oop [216]=Oop }
                      ;*invokestatic createParameterIsNullExceptionMessage {reexecute=0 rethrow=0 return_oop=0}
                      ; - kotlin.jvm.internal.Intrinsics::throwParameterIsNullNPE@5 (line 140)
                      ; - kotlin.jvm.internal.Intrinsics::checkNotNullParameter@5 (line 131)
                      ; - kotlin.ResultKt::createFailure@3
                      ; - kotlin.coroutines.jvm.internal.BaseContinuationImpl::resumeWith@76 (line 38)
                      ;   {static_call}
  0x000000010fd13334: 1365 bb95 

  0x000000010fd13338: ;   {other}
  0x000000010fd13338: 1f20 03d5 | 1f45 82f2 | 1f00 81f2 | e26f 40f9 

  0x000000010fd13348: ;   {metadata(method data for {method} {0x000000012841b048} 'throwParameterIsNullNPE' '(Ljava/lang/String;)V' in 'kotlin/jvm/internal/Intrinsics')}
  0x000000010fd13348: 0103 8dd2 | c10b a5f2 | 2100 c0f2 | 2880 40f9 | 0805 0091 | 2880 00f9 | e203 00aa | e16f 40f9 
  0x000000010fd13368: ; ImmutableOopMap {[168]=Oop [176]=Oop [208]=Oop [216]=Oop }
                      ;*invokespecial <init> {reexecute=0 rethrow=0 return_oop=0}
                      ; - kotlin.jvm.internal.Intrinsics::throwParameterIsNullNPE@8 (line 140)
                      ; - kotlin.jvm.internal.Intrinsics::checkNotNullParameter@5 (line 131)
                      ; - kotlin.ResultKt::createFailure@3
                      ; - kotlin.coroutines.jvm.internal.BaseContinuationImpl::resumeWith@76 (line 38)
                      ;   {optimized virtual_call}
  0x000000010fd13368: 8663 bb95 

  0x000000010fd1336c: ;   {other}
  0x000000010fd1336c: 1f20 03d5 | 9f4b 82f2 | 1f20 81f2 

  0x000000010fd13378: ;   {metadata(method data for {method} {0x000000012841b048} 'throwParameterIsNullNPE' '(Ljava/lang/String;)V' in 'kotlin/jvm/internal/Intrinsics')}
  0x000000010fd13378: 0103 8dd2 | c10b a5f2 | 2100 c0f2 | 2888 40f9 | 0805 0091 | 2888 00f9 

  0x000000010fd13390: ;   {metadata(method data for {method} {0x000000012841c0c0} 'sanitizeStackTrace' '(Ljava/lang/Throwable;)Ljava/lang/Throwable;' in 'kotlin/jvm/internal/Intrinsics')}
  0x000000010fd13390: 01d7 8dd2 | c10b a5f2 | 2100 c0f2 | 20ac 40b9 | 0008 0011 | 20ac 00b9 | 004c 1f12 | 1f00 0071 
  0x000000010fd133b0: 2068 0054 

  0x000000010fd133b4: ;   {oop(a 'java/lang/Class'{0x0000000300bb1a90} = 'kotlin/jvm/internal/Intrinsics')}
  0x000000010fd133b4: 0152 83d2 | 6117 a0f2 | 6100 c0f2 | e003 01aa 

  0x000000010fd133c4: ;   {metadata(method data for {method} {0x000000012841c0c0} 'sanitizeStackTrace' '(Ljava/lang/Throwable;)Ljava/lang/Throwable;' in 'kotlin/jvm/internal/Intrinsics')}
  0x000000010fd133c4: 02d7 8dd2 | c20b a5f2 | 2200 c0f2 | 4878 40f9 | 0805 0091 | 4878 00f9 

  0x000000010fd133dc: ;   {metadata(method data for {method} {0x000000d8004684b0} 'getName' '()Ljava/lang/String;' in 'java/lang/Class')}
  0x000000010fd133dc: 00a7 94d2 | 6000 a5f2 | 2000 c0f2 | 02ac 40b9 | 4208 0011 | 02ac 00b9 | 424c 1f12 | 5f00 0071 
  0x000000010fd133fc: c066 0054 

  0x000000010fd13400: ; implicit exception: dispatches to 0x000000010fd140f4
  0x000000010fd13400: 212c 40b9 | 21f0 7dd3 | e003 1faa | 3f00 00eb 

  0x000000010fd13410: ;   {metadata(method data for {method} {0x000000d8004684b0} 'getName' '()Ljava/lang/String;' in 'java/lang/Class')}
  0x000000010fd13410: 00a7 94d2 | 6000 a5f2 | 2000 c0f2 | e80f 7cb2 | e903 78b2 | 0201 899a | 0368 62f8 | 6304 0091 
  0x000000010fd13430: 0368 22f8 | 2001 0054 

  0x000000010fd13438: ;   {metadata(method data for {method} {0x000000d8004684b0} 'getName' '()Ljava/lang/String;' in 'java/lang/Class')}
  0x000000010fd13438: 00a7 94d2 | 6000 a5f2 | 2000 c0f2 | 0288 40f9 | 4204 0091 | 0288 00f9 | e003 01aa | 0f00 0014 
  0x000000010fd13458: ;   {oop(a 'java/lang/Class'{0x0000000300bb1a90} = 'kotlin/jvm/internal/Intrinsics')}
  0x000000010fd13458: 0152 83d2 | 6117 a0f2 | 6100 c0f2 | e003 01aa 

  0x000000010fd13468: ;   {metadata(method data for {method} {0x000000d8004684b0} 'getName' '()Ljava/lang/String;' in 'java/lang/Class')}
  0x000000010fd13468: 02a7 94d2 | 6200 a5f2 | 2200 c0f2 | 4894 40f9 | 0805 0091 | 4894 00f9 

  0x000000010fd13480: ; ImmutableOopMap {[168]=Oop [176]=Oop [208]=Oop [216]=Oop }
                      ;*invokevirtual initClassName {reexecute=0 rethrow=0 return_oop=0}
                      ; - java.lang.Class::getName@14 (line 950)
                      ; - kotlin.jvm.internal.Intrinsics::sanitizeStackTrace@3 (line 253)
                      ; - kotlin.jvm.internal.Intrinsics::throwParameterIsNullNPE@11 (line 140)
                      ; - kotlin.jvm.internal.Intrinsics::checkNotNullParameter@5 (line 131)
                      ; - kotlin.ResultKt::createFailure@3
                      ; - kotlin.coroutines.jvm.internal.BaseContinuationImpl::resumeWith@76 (line 38)
                      ;   {optimized virtual_call}
  0x000000010fd13480: 4063 bb95 

  0x000000010fd13484: ;   {other}
  0x000000010fd13484: 1f20 03d5 | 9f6e 82f2 | 1f40 81f2 | e16f 40f9 | d201 0014 | e057 00f9 | e277 00f9 

  0x000000010fd134a0: ;   {metadata(method data for {method} {0x0000000128419e80} 'checkNotNull' '(Ljava/lang/Object;)V' in 'kotlin/jvm/internal/Intrinsics')}
  0x000000010fd134a0: 039a 8cd2 | c325 a5f2 | 2300 c0f2 | 6888 40f9 | 0805 0091 | 6888 00f9 

  0x000000010fd134b8: ;   {metadata(method data for {method} {0x000000012841a168} 'throwJavaNpe' '()V' in 'kotlin/jvm/internal/Intrinsics')}
  0x000000010fd134b8: 03d8 8cd2 | c325 a5f2 | 2300 c0f2 | 60ac 40b9 | 0008 0011 | 60ac 00b9 | 004c 1f12 | 1f00 0071 
  0x000000010fd134d8: 0061 0054 

  0x000000010fd134dc: ; ImmutableOopMap {[168]=Oop [176]=Oop [232]=Oop }
                      ;*new {reexecute=0 rethrow=0 return_oop=0}
                      ; - kotlin.jvm.internal.Intrinsics::throwJavaNpe@0 (line 45)
                      ; - kotlin.jvm.internal.Intrinsics::checkNotNull@4 (line 25)
                      ; - kotlin.coroutines.jvm.internal.BaseContinuationImpl::resumeWith@31 (line 31)
                      ;   {runtime_call load_mirror_patching Runtime1 stub}
  0x000000010fd134dc: 09ce be95 | 80df 40f9 | 0bc0 0091 | 88e7 40f9 | 7f01 08eb | 4861 0054 | 8bdf 00f9 | ea03 40b2 
  0x000000010fd134fc: 0a00 00f9 | ea03 032a | 0a7c 0129 | 0a40 0091 | 5f7d 00a9 | 5f7d 01a9 | bf3a 03d5 | e103 00aa 
  0x000000010fd1351c: ;   {metadata(method data for {method} {0x000000012841a168} 'throwJavaNpe' '()V' in 'kotlin/jvm/internal/Intrinsics')}
  0x000000010fd1351c: 03d8 8cd2 | c325 a5f2 | 2300 c0f2 | 6878 40f9 | 0805 0091 | 6878 00f9 | e103 00aa | e073 00f9 
  0x000000010fd1353c: ; ImmutableOopMap {[168]=Oop [176]=Oop [224]=Oop [232]=Oop }
                      ;*invokespecial <init> {reexecute=0 rethrow=0 return_oop=0}
                      ; - kotlin.jvm.internal.Intrinsics::throwJavaNpe@4 (line 45)
                      ; - kotlin.jvm.internal.Intrinsics::checkNotNull@4 (line 25)
                      ; - kotlin.coroutines.jvm.internal.BaseContinuationImpl::resumeWith@31 (line 31)
                      ;   {optimized virtual_call}
  0x000000010fd1353c: 1163 bb95 

  0x000000010fd13540: ;   {other}
  0x000000010fd13540: 1f20 03d5 | 1f86 82f2 | 1f80 81f2 

  0x000000010fd1354c: ;   {metadata(method data for {method} {0x000000012841a168} 'throwJavaNpe' '()V' in 'kotlin/jvm/internal/Intrinsics')}
  0x000000010fd1354c: 01d8 8cd2 | c125 a5f2 | 2100 c0f2 | 2880 40f9 | 0805 0091 | 2880 00f9 

  0x000000010fd13564: ;   {metadata(method data for {method} {0x000000012841c0c0} 'sanitizeStackTrace' '(Ljava/lang/Throwable;)Ljava/lang/Throwable;' in 'kotlin/jvm/internal/Intrinsics')}
  0x000000010fd13564: 01d7 8dd2 | c10b a5f2 | 2100 c0f2 | 20ac 40b9 | 0008 0011 | 20ac 00b9 | 004c 1f12 | 1f00 0071 
  0x000000010fd13584: e05c 0054 

  0x000000010fd13588: ;   {oop(a 'java/lang/Class'{0x0000000300bb1a90} = 'kotlin/jvm/internal/Intrinsics')}
  0x000000010fd13588: 0152 83d2 | 6117 a0f2 | 6100 c0f2 | e003 01aa 

  0x000000010fd13598: ;   {metadata(method data for {method} {0x000000012841c0c0} 'sanitizeStackTrace' '(Ljava/lang/Throwable;)Ljava/lang/Throwable;' in 'kotlin/jvm/internal/Intrinsics')}
  0x000000010fd13598: 02d7 8dd2 | c20b a5f2 | 2200 c0f2 | 4878 40f9 | 0805 0091 | 4878 00f9 

  0x000000010fd135b0: ;   {metadata(method data for {method} {0x000000d8004684b0} 'getName' '()Ljava/lang/String;' in 'java/lang/Class')}
  0x000000010fd135b0: 00a7 94d2 | 6000 a5f2 | 2000 c0f2 | 02ac 40b9 | 4208 0011 | 02ac 00b9 | 424c 1f12 | 5f00 0071 
  0x000000010fd135d0: 805b 0054 

  0x000000010fd135d4: ; implicit exception: dispatches to 0x000000010fd14160
  0x000000010fd135d4: 212c 40b9 | 21f0 7dd3 | e003 1faa | 3f00 00eb 

  0x000000010fd135e4: ;   {metadata(method data for {method} {0x000000d8004684b0} 'getName' '()Ljava/lang/String;' in 'java/lang/Class')}
  0x000000010fd135e4: 00a7 94d2 | 6000 a5f2 | 2000 c0f2 | e80f 7cb2 | e903 78b2 | 0201 899a | 0368 62f8 | 6304 0091 
  0x000000010fd13604: 0368 22f8 | 2001 0054 

  0x000000010fd1360c: ;   {metadata(method data for {method} {0x000000d8004684b0} 'getName' '()Ljava/lang/String;' in 'java/lang/Class')}
  0x000000010fd1360c: 00a7 94d2 | 6000 a5f2 | 2000 c0f2 | 0288 40f9 | 4204 0091 | 0288 00f9 | e003 01aa | 0f00 0014 
  0x000000010fd1362c: ;   {oop(a 'java/lang/Class'{0x0000000300bb1a90} = 'kotlin/jvm/internal/Intrinsics')}
  0x000000010fd1362c: 0152 83d2 | 6117 a0f2 | 6100 c0f2 | e003 01aa 

  0x000000010fd1363c: ;   {metadata(method data for {method} {0x000000d8004684b0} 'getName' '()Ljava/lang/String;' in 'java/lang/Class')}
  0x000000010fd1363c: 02a7 94d2 | 6200 a5f2 | 2200 c0f2 | 4894 40f9 | 0805 0091 | 4894 00f9 

  0x000000010fd13654: ; ImmutableOopMap {[168]=Oop [176]=Oop [224]=Oop [232]=Oop }
                      ;*invokevirtual initClassName {reexecute=0 rethrow=0 return_oop=0}
                      ; - java.lang.Class::getName@14 (line 950)
                      ; - kotlin.jvm.internal.Intrinsics::sanitizeStackTrace@3 (line 253)
                      ; - kotlin.jvm.internal.Intrinsics::throwJavaNpe@7 (line 45)
                      ; - kotlin.jvm.internal.Intrinsics::checkNotNull@4 (line 25)
                      ; - kotlin.coroutines.jvm.internal.BaseContinuationImpl::resumeWith@31 (line 31)
                      ;   {optimized virtual_call}
  0x000000010fd13654: cb62 bb95 

  0x000000010fd13658: ;   {other}
  0x000000010fd13658: 1f20 03d5 | 1fa9 82f2 | 1fa0 81f2 | e173 40f9 | 1101 0014 | e277 00f9 | e17f 00f9 

  0x000000010fd13674: ;   {metadata(method data for {method} {0x000000012841aec8} 'checkNotNullParameter' '(Ljava/lang/Object;Ljava/lang/String;)V' in 'kotlin/jvm/internal/Intrinsics')}
  0x000000010fd13674: 03d6 8cd2 | c30b a5f2 | 2300 c0f2 | 6888 40f9 | 0805 0091 | 6888 00f9 

  0x000000010fd1368c: ;   {metadata(method data for {method} {0x000000012841b048} 'throwParameterIsNullNPE' '(Ljava/lang/String;)V' in 'kotlin/jvm/internal/Intrinsics')}
  0x000000010fd1368c: 0303 8dd2 | c30b a5f2 | 2300 c0f2 | 60ac 40b9 | 0008 0011 | 60ac 00b9 | 004c 1f12 | 1f00 0071 
  0x000000010fd136ac: c055 0054 

  0x000000010fd136b0: ; ImmutableOopMap {[232]=Oop [248]=Oop }
                      ;*new {reexecute=0 rethrow=0 return_oop=0}
                      ; - kotlin.jvm.internal.Intrinsics::throwParameterIsNullNPE@0 (line 140)
                      ; - kotlin.jvm.internal.Intrinsics::checkNotNullParameter@5 (line 131)
                      ; - kotlin.coroutines.jvm.internal.DebugProbesKt::probeCoroutineResumed@3
                      ; - kotlin.coroutines.jvm.internal.BaseContinuationImpl::resumeWith@13 (line 29)
                      ;   {runtime_call load_mirror_patching Runtime1 stub}
  0x000000010fd136b0: 94cd be95 | 80df 40f9 | 0bc0 0091 | 88e7 40f9 | 7f01 08eb | 0856 0054 | 8bdf 00f9 | ea03 40b2 
  0x000000010fd136d0: 0a00 00f9 | ea03 032a | 0a7c 0129 | 0a40 0091 | 5f7d 00a9 | 5f7d 01a9 | bf3a 03d5 

  0x000000010fd136ec: ;   {metadata(method data for {method} {0x000000012841b048} 'throwParameterIsNullNPE' '(Ljava/lang/String;)V' in 'kotlin/jvm/internal/Intrinsics')}
  0x000000010fd136ec: 0203 8dd2 | c20b a5f2 | 2200 c0f2 | 4878 40f9 | 0805 0091 | 4878 00f9 

  0x000000010fd13704: ;   {oop("frame"{0x00000003010de230})}
  0x000000010fd13704: 0246 9cd2 | a221 a0f2 | 6200 c0f2 | e103 02aa | e07b 00f9 

  0x000000010fd13718: ; ImmutableOopMap {[232]=Oop [240]=Oop [248]=Oop }
                      ;*invokestatic createParameterIsNullExceptionMessage {reexecute=0 rethrow=0 return_oop=0}
                      ; - kotlin.jvm.internal.Intrinsics::throwParameterIsNullNPE@5 (line 140)
                      ; - kotlin.jvm.internal.Intrinsics::checkNotNullParameter@5 (line 131)
                      ; - kotlin.coroutines.jvm.internal.DebugProbesKt::probeCoroutineResumed@3
                      ; - kotlin.coroutines.jvm.internal.BaseContinuationImpl::resumeWith@13 (line 29)
                      ;   {static_call}
  0x000000010fd13718: 1a64 bb95 

  0x000000010fd1371c: ;   {other}
  0x000000010fd1371c: 1f20 03d5 | 9fc1 82f2 | 1fe0 81f2 | e27b 40f9 

  0x000000010fd1372c: ;   {metadata(method data for {method} {0x000000012841b048} 'throwParameterIsNullNPE' '(Ljava/lang/String;)V' in 'kotlin/jvm/internal/Intrinsics')}
  0x000000010fd1372c: 0103 8dd2 | c10b a5f2 | 2100 c0f2 | 2880 40f9 | 0805 0091 | 2880 00f9 | e203 00aa | e17b 40f9 
  0x000000010fd1374c: ; ImmutableOopMap {[232]=Oop [240]=Oop [248]=Oop }
                      ;*invokespecial <init> {reexecute=0 rethrow=0 return_oop=0}
                      ; - kotlin.jvm.internal.Intrinsics::throwParameterIsNullNPE@8 (line 140)
                      ; - kotlin.jvm.internal.Intrinsics::checkNotNullParameter@5 (line 131)
                      ; - kotlin.coroutines.jvm.internal.DebugProbesKt::probeCoroutineResumed@3
                      ; - kotlin.coroutines.jvm.internal.BaseContinuationImpl::resumeWith@13 (line 29)
                      ;   {optimized virtual_call}
  0x000000010fd1374c: 8d62 bb95 

  0x000000010fd13750: ;   {other}
  0x000000010fd13750: 1f20 03d5 | 1fc8 82f2 | 1f00 82f2 

  0x000000010fd1375c: ;   {metadata(method data for {method} {0x000000012841b048} 'throwParameterIsNullNPE' '(Ljava/lang/String;)V' in 'kotlin/jvm/internal/Intrinsics')}
  0x000000010fd1375c: 0103 8dd2 | c10b a5f2 | 2100 c0f2 | 2888 40f9 | 0805 0091 | 2888 00f9 

  0x000000010fd13774: ;   {metadata(method data for {method} {0x000000012841c0c0} 'sanitizeStackTrace' '(Ljava/lang/Throwable;)Ljava/lang/Throwable;' in 'kotlin/jvm/internal/Intrinsics')}
  0x000000010fd13774: 01d7 8dd2 | c10b a5f2 | 2100 c0f2 | 20ac 40b9 | 0008 0011 | 20ac 00b9 | 004c 1f12 | 1f00 0071 
  0x000000010fd13794: c04f 0054 

  0x000000010fd13798: ;   {oop(a 'java/lang/Class'{0x0000000300bb1a90} = 'kotlin/jvm/internal/Intrinsics')}
  0x000000010fd13798: 0152 83d2 | 6117 a0f2 | 6100 c0f2 | e003 01aa 

  0x000000010fd137a8: ;   {metadata(method data for {method} {0x000000012841c0c0} 'sanitizeStackTrace' '(Ljava/lang/Throwable;)Ljava/lang/Throwable;' in 'kotlin/jvm/internal/Intrinsics')}
  0x000000010fd137a8: 02d7 8dd2 | c20b a5f2 | 2200 c0f2 | 4878 40f9 | 0805 0091 | 4878 00f9 

  0x000000010fd137c0: ;   {metadata(method data for {method} {0x000000d8004684b0} 'getName' '()Ljava/lang/String;' in 'java/lang/Class')}
  0x000000010fd137c0: 00a7 94d2 | 6000 a5f2 | 2000 c0f2 | 02ac 40b9 | 4208 0011 | 02ac 00b9 | 424c 1f12 | 5f00 0071 
  0x000000010fd137e0: 604e 0054 

  0x000000010fd137e4: ; implicit exception: dispatches to 0x000000010fd141cc
  0x000000010fd137e4: 212c 40b9 | 21f0 7dd3 | e003 1faa | 3f00 00eb 

  0x000000010fd137f4: ;   {metadata(method data for {method} {0x000000d8004684b0} 'getName' '()Ljava/lang/String;' in 'java/lang/Class')}
  0x000000010fd137f4: 00a7 94d2 | 6000 a5f2 | 2000 c0f2 | e80f 7cb2 | e903 78b2 | 0201 899a | 0368 62f8 | 6304 0091 
  0x000000010fd13814: 0368 22f8 | 2001 0054 

  0x000000010fd1381c: ;   {metadata(method data for {method} {0x000000d8004684b0} 'getName' '()Ljava/lang/String;' in 'java/lang/Class')}
  0x000000010fd1381c: 00a7 94d2 | 6000 a5f2 | 2000 c0f2 | 0288 40f9 | 4204 0091 | 0288 00f9 | e003 01aa | 0f00 0014 
  0x000000010fd1383c: ;   {oop(a 'java/lang/Class'{0x0000000300bb1a90} = 'kotlin/jvm/internal/Intrinsics')}
  0x000000010fd1383c: 0152 83d2 | 6117 a0f2 | 6100 c0f2 | e003 01aa 

  0x000000010fd1384c: ;   {metadata(method data for {method} {0x000000d8004684b0} 'getName' '()Ljava/lang/String;' in 'java/lang/Class')}
  0x000000010fd1384c: 02a7 94d2 | 6200 a5f2 | 2200 c0f2 | 4894 40f9 | 0805 0091 | 4894 00f9 

  0x000000010fd13864: ; ImmutableOopMap {[232]=Oop [240]=Oop [248]=Oop }
                      ;*invokevirtual initClassName {reexecute=0 rethrow=0 return_oop=0}
                      ; - java.lang.Class::getName@14 (line 950)
                      ; - kotlin.jvm.internal.Intrinsics::sanitizeStackTrace@3 (line 253)
                      ; - kotlin.jvm.internal.Intrinsics::throwParameterIsNullNPE@11 (line 140)
                      ; - kotlin.jvm.internal.Intrinsics::checkNotNullParameter@5 (line 131)
                      ; - kotlin.coroutines.jvm.internal.DebugProbesKt::probeCoroutineResumed@3
                      ; - kotlin.coroutines.jvm.internal.BaseContinuationImpl::resumeWith@13 (line 29)
                      ;   {optimized virtual_call}
  0x000000010fd13864: 4762 bb95 

  0x000000010fd13868: ;   {other}
  0x000000010fd13868: 1f20 03d5 | 1feb 82f2 | 1f20 82f2 | e17b 40f9 | 4100 0014 | e05f 40f9 

  0x000000010fd13880: ; implicit exception: dispatches to 0x000000010fd141d0
  0x000000010fd13880: 7f00 40f9 | e203 03aa 

  0x000000010fd13888: ;   {metadata(method data for {method} {0x00000001284d8768} 'resumeWith' '(Ljava/lang/Object;)V' in 'kotlin/coroutines/jvm/internal/BaseContinuationImpl')}
  0x000000010fd13888: 014a 9ed2 | c13d a5f2 | 2100 c0f2 | 4208 40b9 | 021b c0f2 | 29a0 0b91 | 2801 40f9 | 5f00 08eb 
  0x000000010fd138a8: a100 0054 | 2878 41f9 | 0805 0091 | 2878 01f9 | 1c00 0014 | 29e0 0b91 | 2801 40f9 | 5f00 08eb 
  0x000000010fd138c8: a100 0054 | 2880 41f9 | 0805 0091 | 2880 01f9 | 1400 0014 | 29a0 0b91 | 2801 40f9 | c800 00b5 
  0x000000010fd138e8: 2201 00f9 | e803 40b2 | 29c0 0b91 | 2801 00f9 | 0c00 0014 | 29e0 0b91 | 2801 40f9 | c800 00b5 
  0x000000010fd13908: 2201 00f9 | e803 40b2 | 2900 0c91 | 2801 00f9 | 0400 0014 | 286c 41f9 | 0805 0091 | 286c 01f9 
  0x000000010fd13928: e203 00aa | e103 03aa | 0914 95d2 | 0977 bdf2 | e900 c0f2 

  0x000000010fd1393c: ; ImmutableOopMap {}
                      ;*invokeinterface resumeWith {reexecute=0 rethrow=0 return_oop=0}
                      ; - kotlin.coroutines.jvm.internal.BaseContinuationImpl::resumeWith@114 (line 47)
                      ;   {virtual_call}
  0x000000010fd1393c: bf38 bf95 

  0x000000010fd13940: ;   {other}
  0x000000010fd13940: 1f20 03d5 | 1f06 83f2 | 1f40 82f2 | fd7b 51a9 | ff83 0491 

  0x000000010fd13954: ;   {poll_return}
  0x000000010fd13954: 882b 42f9 | ff63 28eb | c843 0054 | c003 5fd6 | fd7b 51a9 | ff83 0491 

  0x000000010fd1396c: ;   {poll_return}
  0x000000010fd1396c: 882b 42f9 | ff63 28eb | 6843 0054 | c003 5fd6 

  0x000000010fd1397c: ;   {metadata(method data for {method} {0x000000012841c0c0} 'sanitizeStackTrace' '(Ljava/lang/Throwable;)Ljava/lang/Throwable;' in 'kotlin/jvm/internal/Intrinsics')}
  0x000000010fd1397c: 02d7 8dd2 | c20b a5f2 | 2200 c0f2 | 4894 40f9 | 0805 0091 | 4894 00f9 | e203 00aa 

  0x000000010fd13998: ; ImmutableOopMap {[232]=Oop [248]=Oop }
                      ;*invokestatic sanitizeStackTrace {reexecute=0 rethrow=0 return_oop=0}
                      ; - kotlin.jvm.internal.Intrinsics::sanitizeStackTrace@6 (line 253)
                      ; - kotlin.jvm.internal.Intrinsics::throwParameterIsNullNPE@11 (line 140)
                      ; - kotlin.jvm.internal.Intrinsics::checkNotNullParameter@5 (line 131)
                      ; - kotlin.coroutines.jvm.internal.DebugProbesKt::probeCoroutineResumed@3
                      ; - kotlin.coroutines.jvm.internal.BaseContinuationImpl::resumeWith@13 (line 29)
                      ;   {static_call}
  0x000000010fd13998: 7a63 bb95 

  0x000000010fd1399c: ;   {other}
  0x000000010fd1399c: 1f20 03d5 | 9f11 83f2 | 1f60 82f2 | e17f 40f9 | 0001 00b5 

  0x000000010fd139b0: ;   {metadata(method data for {method} {0x000000012841b048} 'throwParameterIsNullNPE' '(Ljava/lang/String;)V' in 'kotlin/jvm/internal/Intrinsics')}
  0x000000010fd139b0: 0403 8dd2 | c40b a5f2 | 2400 c0f2 | 8864 4439 | 0801 40b2 | 8864 0439 | 3700 0014 

  0x000000010fd139cc: ;   {metadata('java/lang/NullPointerException')}
  0x000000010fd139cc: 0330 98d2 | c300 a0f2 | 031b c0f2 | 0408 40b9 | 041b c0f2 | 8828 40f9 | 7f00 08eb | e104 0054 
  0x000000010fd139ec: ;   {metadata(method data for {method} {0x000000012841b048} 'throwParameterIsNullNPE' '(Ljava/lang/String;)V' in 'kotlin/jvm/internal/Intrinsics')}
  0x000000010fd139ec: 0403 8dd2 | c40b a5f2 | 2400 c0f2 | 0308 40b9 | 031b c0f2 | 89c0 0491 | 2801 40f9 | 7f00 08eb 
  0x000000010fd13a0c: a100 0054 | 889c 40f9 | 0805 0091 | 889c 00f9 | 2200 0014 | 8900 0591 | 2801 40f9 | 7f00 08eb 
  0x000000010fd13a2c: a100 0054 | 88a4 40f9 | 0805 0091 | 88a4 00f9 | 1a00 0014 | 89c0 0491 | 2801 40f9 | c800 00b5 
  0x000000010fd13a4c: 2301 00f9 | e803 40b2 | 89e0 0491 | 2801 00f9 | 1200 0014 | 8900 0591 | 2801 40f9 | c800 00b5 
  0x000000010fd13a6c: 2301 00f9 | e803 40b2 | 8920 0591 | 2801 00f9 | 0a00 0014 | 0900 0014 

  0x000000010fd13a84: ;   {metadata(method data for {method} {0x000000012841b048} 'throwParameterIsNullNPE' '(Ljava/lang/String;)V' in 'kotlin/jvm/internal/Intrinsics')}
  0x000000010fd13a84: 0403 8dd2 | c40b a5f2 | 2400 c0f2 | 8890 40f9 | 0805 00d1 | 8890 00f9 | d401 0014 | 0100 0014 
  0x000000010fd13aa4: ; implicit exception: dispatches to 0x000000010fd141f4
  0x000000010fd13aa4: 1f00 40f9 | e001 0014 

  0x000000010fd13aac: ;   {metadata(method data for {method} {0x000000012841c0c0} 'sanitizeStackTrace' '(Ljava/lang/Throwable;)Ljava/lang/Throwable;' in 'kotlin/jvm/internal/Intrinsics')}
  0x000000010fd13aac: 02d7 8dd2 | c20b a5f2 | 2200 c0f2 | 4894 40f9 | 0805 0091 | 4894 00f9 | e203 00aa 

  0x000000010fd13ac8: ; ImmutableOopMap {[168]=Oop [176]=Oop [232]=Oop }
                      ;*invokestatic sanitizeStackTrace {reexecute=0 rethrow=0 return_oop=0}
                      ; - kotlin.jvm.internal.Intrinsics::sanitizeStackTrace@6 (line 253)
                      ; - kotlin.jvm.internal.Intrinsics::throwJavaNpe@7 (line 45)
                      ; - kotlin.jvm.internal.Intrinsics::checkNotNull@4 (line 25)
                      ; - kotlin.coroutines.jvm.internal.BaseContinuationImpl::resumeWith@31 (line 31)
                      ;   {static_call}
  0x000000010fd13ac8: 2e63 bb95 

  0x000000010fd13acc: ;   {other}
  0x000000010fd13acc: 1f20 03d5 | 9f37 83f2 | 1f80 82f2 | e277 40f9 | 0001 00b5 

  0x000000010fd13ae0: ;   {metadata(method data for {method} {0x000000012841a168} 'throwJavaNpe' '()V' in 'kotlin/jvm/internal/Intrinsics')}
  0x000000010fd13ae0: 04d8 8cd2 | c425 a5f2 | 2400 c0f2 | 8824 4439 | 0801 40b2 | 8824 0439 | 3700 0014 

  0x000000010fd13afc: ;   {metadata('java/lang/NullPointerException')}
  0x000000010fd13afc: 0330 98d2 | c300 a0f2 | 031b c0f2 | 0408 40b9 | 041b c0f2 | 8828 40f9 | 7f00 08eb | e104 0054 
  0x000000010fd13b1c: ;   {metadata(method data for {method} {0x000000012841a168} 'throwJavaNpe' '()V' in 'kotlin/jvm/internal/Intrinsics')}
  0x000000010fd13b1c: 04d8 8cd2 | c425 a5f2 | 2400 c0f2 | 0308 40b9 | 031b c0f2 | 8980 0491 | 2801 40f9 | 7f00 08eb 
  0x000000010fd13b3c: a100 0054 | 8894 40f9 | 0805 0091 | 8894 00f9 | 2200 0014 | 89c0 0491 | 2801 40f9 | 7f00 08eb 
  0x000000010fd13b5c: a100 0054 | 889c 40f9 | 0805 0091 | 889c 00f9 | 1a00 0014 | 8980 0491 | 2801 40f9 | c800 00b5 
  0x000000010fd13b7c: 2301 00f9 | e803 40b2 | 89a0 0491 | 2801 00f9 | 1200 0014 | 89c0 0491 | 2801 40f9 | c800 00b5 
  0x000000010fd13b9c: 2301 00f9 | e803 40b2 | 89e0 0491 | 2801 00f9 | 0a00 0014 | 0900 0014 

  0x000000010fd13bb4: ;   {metadata(method data for {method} {0x000000012841a168} 'throwJavaNpe' '()V' in 'kotlin/jvm/internal/Intrinsics')}
  0x000000010fd13bb4: 04d8 8cd2 | c425 a5f2 | 2400 c0f2 | 8888 40f9 | 0805 00d1 | 8888 00f9 | 8b01 0014 | 0100 0014 
  0x000000010fd13bd4: ; implicit exception: dispatches to 0x000000010fd14200
  0x000000010fd13bd4: 1f00 40f9 | 9401 0014 

  0x000000010fd13bdc: ;   {metadata(method data for {method} {0x000000012841c0c0} 'sanitizeStackTrace' '(Ljava/lang/Throwable;)Ljava/lang/Throwable;' in 'kotlin/jvm/internal/Intrinsics')}
  0x000000010fd13bdc: 02d7 8dd2 | c20b a5f2 | 2200 c0f2 | 4894 40f9 | 0805 0091 | 4894 00f9 | e203 00aa 

  0x000000010fd13bf8: ; ImmutableOopMap {[168]=Oop [176]=Oop [208]=Oop }
                      ;*invokestatic sanitizeStackTrace {reexecute=0 rethrow=0 return_oop=0}
                      ; - kotlin.jvm.internal.Intrinsics::sanitizeStackTrace@6 (line 253)
                      ; - kotlin.jvm.internal.Intrinsics::throwParameterIsNullNPE@11 (line 140)
                      ; - kotlin.jvm.internal.Intrinsics::checkNotNullParameter@5 (line 131)
                      ; - kotlin.ResultKt::createFailure@3
                      ; - kotlin.coroutines.jvm.internal.BaseContinuationImpl::resumeWith@76 (line 38)
                      ;   {static_call}
  0x000000010fd13bf8: e262 bb95 

  0x000000010fd13bfc: ;   {other}
  0x000000010fd13bfc: 1f20 03d5 | 9f5d 83f2 | 1fa0 82f2 | 0001 00b5 

  0x000000010fd13c0c: ;   {metadata(method data for {method} {0x000000012841b048} 'throwParameterIsNullNPE' '(Ljava/lang/String;)V' in 'kotlin/jvm/internal/Intrinsics')}
  0x000000010fd13c0c: 0303 8dd2 | c30b a5f2 | 2300 c0f2 | 6864 4439 | 0801 40b2 | 6864 0439 | 3700 0014 

  0x000000010fd13c28: ;   {metadata('java/lang/NullPointerException')}
  0x000000010fd13c28: 0230 98d2 | c200 a0f2 | 021b c0f2 | 0308 40b9 | 031b c0f2 | 6828 40f9 | 5f00 08eb | e104 0054 
  0x000000010fd13c48: ;   {metadata(method data for {method} {0x000000012841b048} 'throwParameterIsNullNPE' '(Ljava/lang/String;)V' in 'kotlin/jvm/internal/Intrinsics')}
  0x000000010fd13c48: 0303 8dd2 | c30b a5f2 | 2300 c0f2 | 0208 40b9 | 021b c0f2 | 69c0 0491 | 2801 40f9 | 5f00 08eb 
  0x000000010fd13c68: a100 0054 | 689c 40f9 | 0805 0091 | 689c 00f9 | 2200 0014 | 6900 0591 | 2801 40f9 | 5f00 08eb 
  0x000000010fd13c88: a100 0054 | 68a4 40f9 | 0805 0091 | 68a4 00f9 | 1a00 0014 | 69c0 0491 | 2801 40f9 | c800 00b5 
  0x000000010fd13ca8: 2201 00f9 | e803 40b2 | 69e0 0491 | 2801 00f9 | 1200 0014 | 6900 0591 | 2801 40f9 | c800 00b5 
  0x000000010fd13cc8: 2201 00f9 | e803 40b2 | 6920 0591 | 2801 00f9 | 0a00 0014 | 0900 0014 

  0x000000010fd13ce0: ;   {metadata(method data for {method} {0x000000012841b048} 'throwParameterIsNullNPE' '(Ljava/lang/String;)V' in 'kotlin/jvm/internal/Intrinsics')}
  0x000000010fd13ce0: 0303 8dd2 | c30b a5f2 | 2300 c0f2 | 6890 40f9 | 0805 00d1 | 6890 00f9 | 4301 0014 | 0100 0014 
  0x000000010fd13d00: ; implicit exception: dispatches to 0x000000010fd1420c
  0x000000010fd13d00: 1f00 40f9 | 4901 0014 

  0x000000010fd13d08: ;   {metadata(method data for {method} {0x000000012841c0c0} 'sanitizeStackTrace' '(Ljava/lang/Throwable;)Ljava/lang/Throwable;' in 'kotlin/jvm/internal/Intrinsics')}
  0x000000010fd13d08: 02d7 8dd2 | c20b a5f2 | 2200 c0f2 | 4894 40f9 | 0805 0091 | 4894 00f9 | e203 00aa 

  0x000000010fd13d24: ; ImmutableOopMap {[168]=Oop [176]=Oop [200]=Oop [208]=Oop }
                      ;*invokestatic sanitizeStackTrace {reexecute=0 rethrow=0 return_oop=0}
                      ; - kotlin.jvm.internal.Intrinsics::sanitizeStackTrace@6 (line 253)
                      ; - kotlin.jvm.internal.Intrinsics::throwParameterIsNullNPE@11 (line 140)
                      ; - kotlin.jvm.internal.Intrinsics::checkNotNullParameter@5 (line 131)
                      ; - kotlin.Result$Failure::<init>@3
                      ; - kotlin.ResultKt::createFailure@11 (line 122)
                      ; - kotlin.coroutines.jvm.internal.BaseContinuationImpl::resumeWith@76 (line 38)
                      ;   {static_call}
  0x000000010fd13d24: 9762 bb95 

  0x000000010fd13d28: ;   {other}
  0x000000010fd13d28: 1f20 03d5 | 1f83 83f2 | 1fc0 82f2 | e287 4ca9 | e48f 4aa9 | 0001 00b5 

  0x000000010fd13d40: ;   {metadata(method data for {method} {0x000000012841b048} 'throwParameterIsNullNPE' '(Ljava/lang/String;)V' in 'kotlin/jvm/internal/Intrinsics')}
  0x000000010fd13d40: 0703 8dd2 | c70b a5f2 | 2700 c0f2 | e864 4439 | 0801 40b2 | e864 0439 | 3700 0014 

  0x000000010fd13d5c: ;   {metadata('java/lang/NullPointerException')}
  0x000000010fd13d5c: 0630 98d2 | c600 a0f2 | 061b c0f2 | 0708 40b9 | 071b c0f2 | e828 40f9 | df00 08eb | e104 0054 
  0x000000010fd13d7c: ;   {metadata(method data for {method} {0x000000012841b048} 'throwParameterIsNullNPE' '(Ljava/lang/String;)V' in 'kotlin/jvm/internal/Intrinsics')}
  0x000000010fd13d7c: 0703 8dd2 | c70b a5f2 | 2700 c0f2 | 0608 40b9 | 061b c0f2 | e9c0 0491 | 2801 40f9 | df00 08eb 
  0x000000010fd13d9c: a100 0054 | e89c 40f9 | 0805 0091 | e89c 00f9 | 2200 0014 | e900 0591 | 2801 40f9 | df00 08eb 
  0x000000010fd13dbc: a100 0054 | e8a4 40f9 | 0805 0091 | e8a4 00f9 | 1a00 0014 | e9c0 0491 | 2801 40f9 | c800 00b5 
  0x000000010fd13ddc: 2601 00f9 | e803 40b2 | e9e0 0491 | 2801 00f9 | 1200 0014 | e900 0591 | 2801 40f9 | c800 00b5 
  0x000000010fd13dfc: 2601 00f9 | e803 40b2 | e920 0591 | 2801 00f9 | 0a00 0014 | 0900 0014 

  0x000000010fd13e14: ;   {metadata(method data for {method} {0x000000012841b048} 'throwParameterIsNullNPE' '(Ljava/lang/String;)V' in 'kotlin/jvm/internal/Intrinsics')}
  0x000000010fd13e14: 0703 8dd2 | c70b a5f2 | 2700 c0f2 | e890 40f9 | 0805 00d1 | e890 00f9 | f900 0014 | 0100 0014 
  0x000000010fd13e34: ; implicit exception: dispatches to 0x000000010fd14218
  0x000000010fd13e34: 1f00 40f9 | fc00 0014 

  0x000000010fd13e3c: ;   {metadata({method} {0x00000001284d8768} 'resumeWith' '(Ljava/lang/Object;)V' in 'kotlin/coroutines/jvm/internal/BaseContinuationImpl')}
  0x000000010fd13e3c: 08ed 90d2 | a809 a5f2 | 2800 c0f2 | e807 00f9 | 0800 8092 | e803 00f9 

  0x000000010fd13e54: ; ImmutableOopMap {c_rarg1=Oop c_rarg2=Oop }
                      ;*synchronization entry
                      ; - kotlin.coroutines.jvm.internal.BaseContinuationImpl::resumeWith@-1 (line 24)
                      ;   {runtime_call counter_overflow Runtime1 stub}
  0x000000010fd13e54: ebcd be95 | 32fa ff17 | e803 01aa 

  0x000000010fd13e60: ; ImmutableOopMap {c_rarg2=Oop c_rarg1=Oop }
                      ;*checkcast {reexecute=0 rethrow=0 return_oop=0}
                      ; - kotlin.coroutines.jvm.internal.BaseContinuationImpl::resumeWith@10 (line 29)
                      ;   {runtime_call throw_class_cast_exception Runtime1 stub}
  0x000000010fd13e60: a8c0 be95 

  0x000000010fd13e64: ;   {metadata({method} {0x0000000128500618} 'probeCoroutineResumed' '(Lkotlin/coroutines/Continuation;)V' in 'kotlin/coroutines/jvm/internal/DebugProbesKt')}
  0x000000010fd13e64: 08c3 80d2 | 080a a5f2 | 2800 c0f2 | e807 00f9 | 0800 8092 | e803 00f9 

  0x000000010fd13e7c: ; ImmutableOopMap {c_rarg2=Oop c_rarg1=Oop c_rarg0=Oop }
                      ;*synchronization entry
                      ; - kotlin.coroutines.jvm.internal.DebugProbesKt::probeCoroutineResumed@-1
                      ; - kotlin.coroutines.jvm.internal.BaseContinuationImpl::resumeWith@13 (line 29)
                      ;   {runtime_call counter_overflow Runtime1 stub}
  0x000000010fd13e7c: e1cd be95 | 7cfa ff17 

  0x000000010fd13e84: ;   {metadata({method} {0x000000012841aec8} 'checkNotNullParameter' '(Ljava/lang/Object;Ljava/lang/String;)V' in 'kotlin/jvm/internal/Intrinsics')}
  0x000000010fd13e84: 08d9 95d2 | 2808 a5f2 | 2800 c0f2 | e807 00f9 | 0800 8092 | e803 00f9 

  0x000000010fd13e9c: ; ImmutableOopMap {c_rarg2=Oop c_rarg1=Oop c_rarg0=Oop }
                      ;*synchronization entry
                      ; - kotlin.jvm.internal.Intrinsics::checkNotNullParameter@-1 (line 130)
                      ; - kotlin.coroutines.jvm.internal.DebugProbesKt::probeCoroutineResumed@3
                      ; - kotlin.coroutines.jvm.internal.BaseContinuationImpl::resumeWith@13 (line 29)
                      ;   {runtime_call counter_overflow Runtime1 stub}
  0x000000010fd13e9c: d9cd be95 | 83fa ff17 | e803 01aa 

  0x000000010fd13ea8: ; ImmutableOopMap {c_rarg2=Oop }
                      ;*checkcast {reexecute=0 rethrow=0 return_oop=0}
                      ; - kotlin.coroutines.jvm.internal.BaseContinuationImpl::resumeWith@17 (line 30)
                      ;   {runtime_call throw_class_cast_exception Runtime1 stub}
  0x000000010fd13ea8: 96c0 be95 

  0x000000010fd13eac: ; ImmutableOopMap {c_rarg2=Oop c_rarg0=Oop }
                      ;*getfield completion {reexecute=1 rethrow=0 return_oop=0}
                      ; - (reexecute) kotlin.coroutines.jvm.internal.BaseContinuationImpl::resumeWith@27 (line 31)
                      ;   {runtime_call throw_null_pointer_exception Runtime1 stub}
  0x000000010fd13eac: 15b4 be95 

  0x000000010fd13eb0: ;   {metadata({method} {0x0000000128419e80} 'checkNotNull' '(Ljava/lang/Object;)V' in 'kotlin/jvm/internal/Intrinsics')}
  0x000000010fd13eb0: 08d0 93d2 | 2808 a5f2 | 2800 c0f2 | e807 00f9 | 0800 8092 | e803 00f9 

  0x000000010fd13ec8: ; ImmutableOopMap {c_rarg2=Oop c_rarg0=Oop c_rarg3=Oop [176]=Oop }
                      ;*synchronization entry
                      ; - kotlin.jvm.internal.Intrinsics::checkNotNull@-1 (line 24)
                      ; - kotlin.coroutines.jvm.internal.BaseContinuationImpl::resumeWith@31 (line 31)
                      ;   {runtime_call counter_overflow Runtime1 stub}
  0x000000010fd13ec8: cecd be95 | d5fa ff17 

  0x000000010fd13ed0: ;   {metadata({method} {0x00000001284fe6b8} 'getCOROUTINE_SUSPENDED' '()Ljava/lang/Object;' in 'kotlin/coroutines/intrinsics/IntrinsicsKt__IntrinsicsKt')}
  0x000000010fd13ed0: 08d7 9cd2 | e809 a5f2 | 2800 c0f2 | e807 00f9 | 0800 8092 | e803 00f9 

  0x000000010fd13ee8: ; ImmutableOopMap {c_rarg0=Oop [168]=Oop [176]=Oop }
                      ;*synchronization entry
                      ; - kotlin.coroutines.intrinsics.IntrinsicsKt__IntrinsicsKt::getCOROUTINE_SUSPENDED@-1 (line 57)
                      ; - kotlin.coroutines.jvm.internal.BaseContinuationImpl::resumeWith@47 (line 35)
                      ;   {runtime_call counter_overflow Runtime1 stub}
  0x000000010fd13ee8: c6cd be95 | 1afb ff17 

  0x000000010fd13ef0: ;   {metadata({method} {0x000000012850e590} 'constructor-impl' '(Ljava/lang/Object;)Ljava/lang/Object;' in 'kotlin/Result')}
  0x000000010fd13ef0: 08b2 9cd2 | 080a a5f2 | 2800 c0f2 | e807 00f9 | 0800 8092 | e803 00f9 

  0x000000010fd13f08: ; ImmutableOopMap {c_rarg0=Oop [168]=Oop [176]=Oop }
                      ;*synchronization entry
                      ; - kotlin.Result::constructor-impl@-1
                      ; - kotlin.coroutines.jvm.internal.BaseContinuationImpl::resumeWith@60 (line 36)
                      ;   {runtime_call counter_overflow Runtime1 stub}
  0x000000010fd13f08: becd be95 | 2ffb ff17 

  0x000000010fd13f10: ;   {metadata({method} {0x00000001285246c0} 'createFailure' '(Ljava/lang/Throwable;)Ljava/lang/Object;' in 'kotlin/ResultKt')}
  0x000000010fd13f10: 08d8 88d2 | 480a a5f2 | 2800 c0f2 | e807 00f9 | 0800 8092 | e803 00f9 

  0x000000010fd13f28: ; ImmutableOopMap {c_rarg0=Oop [168]=Oop [176]=Oop }
                      ;*synchronization entry
                      ; - kotlin.ResultKt::createFailure@-1
                      ; - kotlin.coroutines.jvm.internal.BaseContinuationImpl::resumeWith@76 (line 38)
                      ;   {runtime_call counter_overflow Runtime1 stub}
  0x000000010fd13f28: b6cd be95 | 40fb ff17 

  0x000000010fd13f30: ;   {metadata({method} {0x000000012841aec8} 'checkNotNullParameter' '(Ljava/lang/Object;Ljava/lang/String;)V' in 'kotlin/jvm/internal/Intrinsics')}
  0x000000010fd13f30: 08d9 95d2 | 2808 a5f2 | 2800 c0f2 | e807 00f9 | 0800 8092 | e803 00f9 

  0x000000010fd13f48: ; ImmutableOopMap {c_rarg0=Oop [168]=Oop [176]=Oop }
                      ;*synchronization entry
                      ; - kotlin.jvm.internal.Intrinsics::checkNotNullParameter@-1 (line 130)
                      ; - kotlin.ResultKt::createFailure@3
                      ; - kotlin.coroutines.jvm.internal.BaseContinuationImpl::resumeWith@76 (line 38)
                      ;   {runtime_call counter_overflow Runtime1 stub}
  0x000000010fd13f48: aecd be95 | 47fb ff17 

  0x000000010fd13f50: ; ImmutableOopMap {c_rarg2=Oop [168]=Oop [176]=Oop }
                      ;*new {reexecute=0 rethrow=0 return_oop=0}
                      ; - kotlin.ResultKt::createFailure@6 (line 122)
                      ; - kotlin.coroutines.jvm.internal.BaseContinuationImpl::resumeWith@76 (line 38)
                      ;   {runtime_call fast_new_instance Runtime1 stub}
  0x000000010fd13f50: ecb7 be95 | 60fb ff17 

  0x000000010fd13f58: ;   {metadata({method} {0x000000012850d528} '<init>' '(Ljava/lang/Throwable;)V' in 'kotlin/Result$Failure')}
  0x000000010fd13f58: 08a5 9ad2 | 080a a5f2 | 2800 c0f2 | e807 00f9 | 0800 8092 | e803 00f9 

  0x000000010fd13f70: ; ImmutableOopMap {c_rarg2=Oop c_rarg0=Oop [168]=Oop [176]=Oop }
                      ;*synchronization entry
                      ; - kotlin.Result$Failure::<init>@-1
                      ; - kotlin.ResultKt::createFailure@11 (line 122)
                      ; - kotlin.coroutines.jvm.internal.BaseContinuationImpl::resumeWith@76 (line 38)
                      ;   {runtime_call counter_overflow Runtime1 stub}
  0x000000010fd13f70: a4cd be95 | 68fb ff17 

  0x000000010fd13f78: ;   {metadata({method} {0x000000012841aec8} 'checkNotNullParameter' '(Ljava/lang/Object;Ljava/lang/String;)V' in 'kotlin/jvm/internal/Intrinsics')}
  0x000000010fd13f78: 08d9 95d2 | 2808 a5f2 | 2800 c0f2 | e807 00f9 | 0800 8092 | e803 00f9 

  0x000000010fd13f90: ; ImmutableOopMap {c_rarg2=Oop c_rarg0=Oop [168]=Oop [176]=Oop }
                      ;*synchronization entry
                      ; - kotlin.jvm.internal.Intrinsics::checkNotNullParameter@-1 (line 130)
                      ; - kotlin.Result$Failure::<init>@3
                      ; - kotlin.ResultKt::createFailure@11 (line 122)
                      ; - kotlin.coroutines.jvm.internal.BaseContinuationImpl::resumeWith@76 (line 38)
                      ;   {runtime_call counter_overflow Runtime1 stub}
  0x000000010fd13f90: 9ccd be95 | 6ffb ff17 

  0x000000010fd13f98: ;   {metadata({method} {0x000000d800473798} '<init>' '()V' in 'java/lang/Object')}
  0x000000010fd13f98: 08f3 86d2 | e808 a0f2 | 081b c0f2 | e807 00f9 | 0800 8092 | e803 00f9 

  0x000000010fd13fb0: ; ImmutableOopMap {c_rarg2=Oop c_rarg0=Oop [168]=Oop [176]=Oop }
                      ;*synchronization entry
                      ; - java.lang.Object::<init>@-1 (line 45)
                      ; - kotlin.Result$Failure::<init>@7 (line 105)
                      ; - kotlin.ResultKt::createFailure@11 (line 122)
                      ; - kotlin.coroutines.jvm.internal.BaseContinuationImpl::resumeWith@76 (line 38)
                      ;   {runtime_call counter_overflow Runtime1 stub}
  0x000000010fd13fb0: 94cd be95 | 83fb ff17 | 010c 40b9 | 21f0 7dd3 | 6170 ffb4 | e103 00f9 

  0x000000010fd13fc8: ;   {runtime_call g1_pre_barrier_slow}
  0x000000010fd13fc8: 0ecf be95 | 80fb ff17 | a270 ffb4 | e003 00f9 

  0x000000010fd13fd8: ;   {runtime_call g1_post_barrier_slow}
  0x000000010fd13fd8: cacf be95 | 82fb ff17 

  0x000000010fd13fe0: ;   {metadata({method} {0x000000012850e590} 'constructor-impl' '(Ljava/lang/Object;)Ljava/lang/Object;' in 'kotlin/Result')}
  0x000000010fd13fe0: 08b2 9cd2 | 080a a5f2 | 2800 c0f2 | e807 00f9 | 0800 8092 | e803 00f9 

  0x000000010fd13ff8: ; ImmutableOopMap {c_rarg0=Oop [168]=Oop [176]=Oop }
                      ;*synchronization entry
                      ; - kotlin.Result::constructor-impl@-1
                      ; - kotlin.coroutines.jvm.internal.BaseContinuationImpl::resumeWith@79 (line 38)
                      ;   {runtime_call counter_overflow Runtime1 stub}
  0x000000010fd13ff8: 82cd be95 | 8afb ff17 

  0x000000010fd14000: ;   {metadata({method} {0x00000001284d8768} 'resumeWith' '(Ljava/lang/Object;)V' in 'kotlin/coroutines/jvm/internal/BaseContinuationImpl')}
  0x000000010fd14000: 08ed 90d2 | a809 a5f2 | 2800 c0f2 | e807 00f9 | 280f 80d2 | e803 00f9 

  0x000000010fd14018: ; ImmutableOopMap {c_rarg3=Oop [176]=Oop [184]=Oop }
                      ;*goto {reexecute=1 rethrow=0 return_oop=0}
                      ; - (reexecute) kotlin.coroutines.jvm.internal.BaseContinuationImpl::resumeWith@121 (line 30)
                      ;   {runtime_call counter_overflow Runtime1 stub}
  0x000000010fd14018: 7acd be95 | 10fc ff17 

  0x000000010fd14020: ;   {metadata({method} {0x000000012841b048} 'throwParameterIsNullNPE' '(Ljava/lang/String;)V' in 'kotlin/jvm/internal/Intrinsics')}
  0x000000010fd14020: 0809 96d2 | 2808 a5f2 | 2800 c0f2 | e807 00f9 | 0800 8092 | e803 00f9 

  0x000000010fd14038: ; ImmutableOopMap {[168]=Oop [176]=Oop [200]=Oop [208]=Oop }
                      ;*synchronization entry
                      ; - kotlin.jvm.internal.Intrinsics::throwParameterIsNullNPE@-1 (line 140)
                      ; - kotlin.jvm.internal.Intrinsics::checkNotNullParameter@5 (line 131)
                      ; - kotlin.Result$Failure::<init>@3
                      ; - kotlin.ResultKt::createFailure@11 (line 122)
                      ; - kotlin.coroutines.jvm.internal.BaseContinuationImpl::resumeWith@76 (line 38)
                      ;   {runtime_call counter_overflow Runtime1 stub}
  0x000000010fd14038: 72cd be95 | 23fc ff17 

  0x000000010fd14040: ; ImmutableOopMap {[168]=Oop [176]=Oop [200]=Oop [208]=Oop }
                      ;*new {reexecute=0 rethrow=0 return_oop=0}
                      ; - kotlin.jvm.internal.Intrinsics::throwParameterIsNullNPE@0 (line 140)
                      ; - kotlin.jvm.internal.Intrinsics::checkNotNullParameter@5 (line 131)
                      ; - kotlin.Result$Failure::<init>@3
                      ; - kotlin.ResultKt::createFailure@11 (line 122)
                      ; - kotlin.coroutines.jvm.internal.BaseContinuationImpl::resumeWith@76 (line 38)
                      ;   {runtime_call fast_new_instance Runtime1 stub}
  0x000000010fd14040: b0b7 be95 | 30fc ff17 

  0x000000010fd14048: ;   {metadata({method} {0x000000012841c0c0} 'sanitizeStackTrace' '(Ljava/lang/Throwable;)Ljava/lang/Throwable;' in 'kotlin/jvm/internal/Intrinsics')}
  0x000000010fd14048: 0818 98d2 | 2808 a5f2 | 2800 c0f2 | e807 00f9 | 0800 8092 | e803 00f9 

  0x000000010fd14060: ; ImmutableOopMap {[168]=Oop [176]=Oop [192]=Oop [200]=Oop [208]=Oop }
                      ;*synchronization entry
                      ; - kotlin.jvm.internal.Intrinsics::sanitizeStackTrace@-1 (line 253)
                      ; - kotlin.jvm.internal.Intrinsics::throwParameterIsNullNPE@11 (line 140)
                      ; - kotlin.jvm.internal.Intrinsics::checkNotNullParameter@5 (line 131)
                      ; - kotlin.Result$Failure::<init>@3
                      ; - kotlin.ResultKt::createFailure@11 (line 122)
                      ; - kotlin.coroutines.jvm.internal.BaseContinuationImpl::resumeWith@76 (line 38)
                      ;   {runtime_call counter_overflow Runtime1 stub}
  0x000000010fd14060: 68cd be95 | 52fc ff17 

  0x000000010fd14068: ;   {metadata({method} {0x000000d8004684b0} 'getName' '()Ljava/lang/String;' in 'java/lang/Class')}
  0x000000010fd14068: 0896 90d2 | c808 a0f2 | 081b c0f2 | e807 00f9 | 0800 8092 | e803 00f9 

  0x000000010fd14080: ; ImmutableOopMap {c_rarg1=Oop [168]=Oop [176]=Oop [192]=Oop [200]=Oop [208]=Oop }
                      ;*synchronization entry
                      ; - java.lang.Class::getName@-1 (line 949)
                      ; - kotlin.jvm.internal.Intrinsics::sanitizeStackTrace@3 (line 253)
                      ; - kotlin.jvm.internal.Intrinsics::throwParameterIsNullNPE@11 (line 140)
                      ; - kotlin.jvm.internal.Intrinsics::checkNotNullParameter@5 (line 131)
                      ; - kotlin.Result$Failure::<init>@3
                      ; - kotlin.ResultKt::createFailure@11 (line 122)
                      ; - kotlin.coroutines.jvm.internal.BaseContinuationImpl::resumeWith@76 (line 38)
                      ;   {runtime_call counter_overflow Runtime1 stub}
  0x000000010fd14080: 60cd be95 | 5dfc ff17 

  0x000000010fd14088: ; ImmutableOopMap {[168]=Oop [176]=Oop [192]=Oop [200]=Oop [208]=Oop }
                      ;*getfield name {reexecute=1 rethrow=0 return_oop=0}
                      ; - (reexecute) java.lang.Class::getName@1 (line 949)
                      ; - kotlin.jvm.internal.Intrinsics::sanitizeStackTrace@3 (line 253)
                      ; - kotlin.jvm.internal.Intrinsics::throwParameterIsNullNPE@11 (line 140)
                      ; - kotlin.jvm.internal.Intrinsics::checkNotNullParameter@5 (line 131)
                      ; - kotlin.Result$Failure::<init>@3
                      ; - kotlin.ResultKt::createFailure@11 (line 122)
                      ; - kotlin.coroutines.jvm.internal.BaseContinuationImpl::resumeWith@76 (line 38)
                      ;   {runtime_call throw_null_pointer_exception Runtime1 stub}
  0x000000010fd14088: 9eb3 be95 

  0x000000010fd1408c: ;   {metadata({method} {0x000000012841b048} 'throwParameterIsNullNPE' '(Ljava/lang/String;)V' in 'kotlin/jvm/internal/Intrinsics')}
  0x000000010fd1408c: 0809 96d2 | 2808 a5f2 | 2800 c0f2 | e807 00f9 | 0800 8092 | e803 00f9 

  0x000000010fd140a4: ; ImmutableOopMap {[168]=Oop [176]=Oop [208]=Oop }
                      ;*synchronization entry
                      ; - kotlin.jvm.internal.Intrinsics::throwParameterIsNullNPE@-1 (line 140)
                      ; - kotlin.jvm.internal.Intrinsics::checkNotNullParameter@5 (line 131)
                      ; - kotlin.ResultKt::createFailure@3
                      ; - kotlin.coroutines.jvm.internal.BaseContinuationImpl::resumeWith@76 (line 38)
                      ;   {runtime_call counter_overflow Runtime1 stub}
  0x000000010fd140a4: 57cd be95 | 8afc ff17 

  0x000000010fd140ac: ; ImmutableOopMap {[168]=Oop [176]=Oop [208]=Oop }
                      ;*new {reexecute=0 rethrow=0 return_oop=0}
                      ; - kotlin.jvm.internal.Intrinsics::throwParameterIsNullNPE@0 (line 140)
                      ; - kotlin.jvm.internal.Intrinsics::checkNotNullParameter@5 (line 131)
                      ; - kotlin.ResultKt::createFailure@3
                      ; - kotlin.coroutines.jvm.internal.BaseContinuationImpl::resumeWith@76 (line 38)
                      ;   {runtime_call fast_new_instance Runtime1 stub}
  0x000000010fd140ac: 95b7 be95 | 97fc ff17 

  0x000000010fd140b4: ;   {metadata({method} {0x000000012841c0c0} 'sanitizeStackTrace' '(Ljava/lang/Throwable;)Ljava/lang/Throwable;' in 'kotlin/jvm/internal/Intrinsics')}
  0x000000010fd140b4: 0818 98d2 | 2808 a5f2 | 2800 c0f2 | e807 00f9 | 0800 8092 | e803 00f9 

  0x000000010fd140cc: ; ImmutableOopMap {[168]=Oop [176]=Oop [208]=Oop [216]=Oop }
                      ;*synchronization entry
                      ; - kotlin.jvm.internal.Intrinsics::sanitizeStackTrace@-1 (line 253)
                      ; - kotlin.jvm.internal.Intrinsics::throwParameterIsNullNPE@11 (line 140)
                      ; - kotlin.jvm.internal.Intrinsics::checkNotNullParameter@5 (line 131)
                      ; - kotlin.ResultKt::createFailure@3
                      ; - kotlin.coroutines.jvm.internal.BaseContinuationImpl::resumeWith@76 (line 38)
                      ;   {runtime_call counter_overflow Runtime1 stub}
  0x000000010fd140cc: 4dcd be95 | b9fc ff17 

  0x000000010fd140d4: ;   {metadata({method} {0x000000d8004684b0} 'getName' '()Ljava/lang/String;' in 'java/lang/Class')}
  0x000000010fd140d4: 0896 90d2 | c808 a0f2 | 081b c0f2 | e807 00f9 | 0800 8092 | e803 00f9 

  0x000000010fd140ec: ; ImmutableOopMap {c_rarg1=Oop [168]=Oop [176]=Oop [208]=Oop [216]=Oop }
                      ;*synchronization entry
                      ; - java.lang.Class::getName@-1 (line 949)
                      ; - kotlin.jvm.internal.Intrinsics::sanitizeStackTrace@3 (line 253)
                      ; - kotlin.jvm.internal.Intrinsics::throwParameterIsNullNPE@11 (line 140)
                      ; - kotlin.jvm.internal.Intrinsics::checkNotNullParameter@5 (line 131)
                      ; - kotlin.ResultKt::createFailure@3
                      ; - kotlin.coroutines.jvm.internal.BaseContinuationImpl::resumeWith@76 (line 38)
                      ;   {runtime_call counter_overflow Runtime1 stub}
  0x000000010fd140ec: 45cd be95 | c4fc ff17 

  0x000000010fd140f4: ; ImmutableOopMap {[168]=Oop [176]=Oop [208]=Oop [216]=Oop }
                      ;*getfield name {reexecute=1 rethrow=0 return_oop=0}
                      ; - (reexecute) java.lang.Class::getName@1 (line 949)
                      ; - kotlin.jvm.internal.Intrinsics::sanitizeStackTrace@3 (line 253)
                      ; - kotlin.jvm.internal.Intrinsics::throwParameterIsNullNPE@11 (line 140)
                      ; - kotlin.jvm.internal.Intrinsics::checkNotNullParameter@5 (line 131)
                      ; - kotlin.ResultKt::createFailure@3
                      ; - kotlin.coroutines.jvm.internal.BaseContinuationImpl::resumeWith@76 (line 38)
                      ;   {runtime_call throw_null_pointer_exception Runtime1 stub}
  0x000000010fd140f4: 83b3 be95 

  0x000000010fd140f8: ;   {metadata({method} {0x000000012841a168} 'throwJavaNpe' '()V' in 'kotlin/jvm/internal/Intrinsics')}
  0x000000010fd140f8: 082d 94d2 | 2808 a5f2 | 2800 c0f2 | e807 00f9 | 0800 8092 | e803 00f9 

  0x000000010fd14110: ; ImmutableOopMap {[168]=Oop [176]=Oop [232]=Oop }
                      ;*synchronization entry
                      ; - kotlin.jvm.internal.Intrinsics::throwJavaNpe@-1 (line 45)
                      ; - kotlin.jvm.internal.Intrinsics::checkNotNull@4 (line 25)
                      ; - kotlin.coroutines.jvm.internal.BaseContinuationImpl::resumeWith@31 (line 31)
                      ;   {runtime_call counter_overflow Runtime1 stub}
  0x000000010fd14110: 3ccd be95 | f2fc ff17 

  0x000000010fd14118: ; ImmutableOopMap {[168]=Oop [176]=Oop [232]=Oop }
                      ;*new {reexecute=0 rethrow=0 return_oop=0}
                      ; - kotlin.jvm.internal.Intrinsics::throwJavaNpe@0 (line 45)
                      ; - kotlin.jvm.internal.Intrinsics::checkNotNull@4 (line 25)
                      ; - kotlin.coroutines.jvm.internal.BaseContinuationImpl::resumeWith@31 (line 31)
                      ;   {runtime_call fast_new_instance Runtime1 stub}
  0x000000010fd14118: 7ab7 be95 | fffc ff17 

  0x000000010fd14120: ;   {metadata({method} {0x000000012841c0c0} 'sanitizeStackTrace' '(Ljava/lang/Throwable;)Ljava/lang/Throwable;' in 'kotlin/jvm/internal/Intrinsics')}
  0x000000010fd14120: 0818 98d2 | 2808 a5f2 | 2800 c0f2 | e807 00f9 | 0800 8092 | e803 00f9 

  0x000000010fd14138: ; ImmutableOopMap {[168]=Oop [176]=Oop [224]=Oop [232]=Oop }
                      ;*synchronization entry
                      ; - kotlin.jvm.internal.Intrinsics::sanitizeStackTrace@-1 (line 253)
                      ; - kotlin.jvm.internal.Intrinsics::throwJavaNpe@7 (line 45)
                      ; - kotlin.jvm.internal.Intrinsics::checkNotNull@4 (line 25)
                      ; - kotlin.coroutines.jvm.internal.BaseContinuationImpl::resumeWith@31 (line 31)
                      ;   {runtime_call counter_overflow Runtime1 stub}
  0x000000010fd14138: 32cd be95 | 13fd ff17 

  0x000000010fd14140: ;   {metadata({method} {0x000000d8004684b0} 'getName' '()Ljava/lang/String;' in 'java/lang/Class')}
  0x000000010fd14140: 0896 90d2 | c808 a0f2 | 081b c0f2 | e807 00f9 | 0800 8092 | e803 00f9 

  0x000000010fd14158: ; ImmutableOopMap {c_rarg1=Oop [168]=Oop [176]=Oop [224]=Oop [232]=Oop }
                      ;*synchronization entry
                      ; - java.lang.Class::getName@-1 (line 949)
                      ; - kotlin.jvm.internal.Intrinsics::sanitizeStackTrace@3 (line 253)
                      ; - kotlin.jvm.internal.Intrinsics::throwJavaNpe@7 (line 45)
                      ; - kotlin.jvm.internal.Intrinsics::checkNotNull@4 (line 25)
                      ; - kotlin.coroutines.jvm.internal.BaseContinuationImpl::resumeWith@31 (line 31)
                      ;   {runtime_call counter_overflow Runtime1 stub}
  0x000000010fd14158: 2acd be95 | 1efd ff17 

  0x000000010fd14160: ; ImmutableOopMap {[168]=Oop [176]=Oop [224]=Oop [232]=Oop }
                      ;*getfield name {reexecute=1 rethrow=0 return_oop=0}
                      ; - (reexecute) java.lang.Class::getName@1 (line 949)
                      ; - kotlin.jvm.internal.Intrinsics::sanitizeStackTrace@3 (line 253)
                      ; - kotlin.jvm.internal.Intrinsics::throwJavaNpe@7 (line 45)
                      ; - kotlin.jvm.internal.Intrinsics::checkNotNull@4 (line 25)
                      ; - kotlin.coroutines.jvm.internal.BaseContinuationImpl::resumeWith@31 (line 31)
                      ;   {runtime_call throw_null_pointer_exception Runtime1 stub}
  0x000000010fd14160: 68b3 be95 

  0x000000010fd14164: ;   {metadata({method} {0x000000012841b048} 'throwParameterIsNullNPE' '(Ljava/lang/String;)V' in 'kotlin/jvm/internal/Intrinsics')}
  0x000000010fd14164: 0809 96d2 | 2808 a5f2 | 2800 c0f2 | e807 00f9 | 0800 8092 | e803 00f9 

  0x000000010fd1417c: ; ImmutableOopMap {[232]=Oop [248]=Oop }
                      ;*synchronization entry
                      ; - kotlin.jvm.internal.Intrinsics::throwParameterIsNullNPE@-1 (line 140)
                      ; - kotlin.jvm.internal.Intrinsics::checkNotNullParameter@5 (line 131)
                      ; - kotlin.coroutines.jvm.internal.DebugProbesKt::probeCoroutineResumed@3
                      ; - kotlin.coroutines.jvm.internal.BaseContinuationImpl::resumeWith@13 (line 29)
                      ;   {runtime_call counter_overflow Runtime1 stub}
  0x000000010fd1417c: 21cd be95 | 4cfd ff17 

  0x000000010fd14184: ; ImmutableOopMap {[232]=Oop [248]=Oop }
                      ;*new {reexecute=0 rethrow=0 return_oop=0}
                      ; - kotlin.jvm.internal.Intrinsics::throwParameterIsNullNPE@0 (line 140)
                      ; - kotlin.jvm.internal.Intrinsics::checkNotNullParameter@5 (line 131)
                      ; - kotlin.coroutines.jvm.internal.DebugProbesKt::probeCoroutineResumed@3
                      ; - kotlin.coroutines.jvm.internal.BaseContinuationImpl::resumeWith@13 (line 29)
                      ;   {runtime_call fast_new_instance Runtime1 stub}
  0x000000010fd14184: 5fb7 be95 | 59fd ff17 

  0x000000010fd1418c: ;   {metadata({method} {0x000000012841c0c0} 'sanitizeStackTrace' '(Ljava/lang/Throwable;)Ljava/lang/Throwable;' in 'kotlin/jvm/internal/Intrinsics')}
  0x000000010fd1418c: 0818 98d2 | 2808 a5f2 | 2800 c0f2 | e807 00f9 | 0800 8092 | e803 00f9 

  0x000000010fd141a4: ; ImmutableOopMap {[232]=Oop [240]=Oop [248]=Oop }
                      ;*synchronization entry
                      ; - kotlin.jvm.internal.Intrinsics::sanitizeStackTrace@-1 (line 253)
                      ; - kotlin.jvm.internal.Intrinsics::throwParameterIsNullNPE@11 (line 140)
                      ; - kotlin.jvm.internal.Intrinsics::checkNotNullParameter@5 (line 131)
                      ; - kotlin.coroutines.jvm.internal.DebugProbesKt::probeCoroutineResumed@3
                      ; - kotlin.coroutines.jvm.internal.BaseContinuationImpl::resumeWith@13 (line 29)
                      ;   {runtime_call counter_overflow Runtime1 stub}
  0x000000010fd141a4: 17cd be95 | 7cfd ff17 

  0x000000010fd141ac: ;   {metadata({method} {0x000000d8004684b0} 'getName' '()Ljava/lang/String;' in 'java/lang/Class')}
  0x000000010fd141ac: 0896 90d2 | c808 a0f2 | 081b c0f2 | e807 00f9 | 0800 8092 | e803 00f9 

  0x000000010fd141c4: ; ImmutableOopMap {c_rarg1=Oop [232]=Oop [240]=Oop [248]=Oop }
                      ;*synchronization entry
                      ; - java.lang.Class::getName@-1 (line 949)
                      ; - kotlin.jvm.internal.Intrinsics::sanitizeStackTrace@3 (line 253)
                      ; - kotlin.jvm.internal.Intrinsics::throwParameterIsNullNPE@11 (line 140)
                      ; - kotlin.jvm.internal.Intrinsics::checkNotNullParameter@5 (line 131)
                      ; - kotlin.coroutines.jvm.internal.DebugProbesKt::probeCoroutineResumed@3
                      ; - kotlin.coroutines.jvm.internal.BaseContinuationImpl::resumeWith@13 (line 29)
                      ;   {runtime_call counter_overflow Runtime1 stub}
  0x000000010fd141c4: 0fcd be95 | 87fd ff17 

  0x000000010fd141cc: ; ImmutableOopMap {[232]=Oop [240]=Oop [248]=Oop }
                      ;*getfield name {reexecute=1 rethrow=0 return_oop=0}
                      ; - (reexecute) java.lang.Class::getName@1 (line 949)
                      ; - kotlin.jvm.internal.Intrinsics::sanitizeStackTrace@3 (line 253)
                      ; - kotlin.jvm.internal.Intrinsics::throwParameterIsNullNPE@11 (line 140)
                      ; - kotlin.jvm.internal.Intrinsics::checkNotNullParameter@5 (line 131)
                      ; - kotlin.coroutines.jvm.internal.DebugProbesKt::probeCoroutineResumed@3
                      ; - kotlin.coroutines.jvm.internal.BaseContinuationImpl::resumeWith@13 (line 29)
                      ;   {runtime_call throw_null_pointer_exception Runtime1 stub}
  0x000000010fd141cc: 4db3 be95 

  0x000000010fd141d0: ; ImmutableOopMap {c_rarg3=Oop c_rarg0=Oop [176]=Oop }
                      ;*invokeinterface resumeWith {reexecute=0 rethrow=0 return_oop=0}
                      ; - kotlin.coroutines.jvm.internal.BaseContinuationImpl::resumeWith@114 (line 47)
                      ;   {runtime_call throw_null_pointer_exception Runtime1 stub}
  0x000000010fd141d0: 4cb3 be95 

  0x000000010fd141d4: ;   {internal_word}
  0x000000010fd141d4: 08bc ff10 | 8837 02f9 

  0x000000010fd141dc: ;   {runtime_call SafepointBlob}
  0x000000010fd141dc: c979 bb15 

  0x000000010fd141e0: ;   {internal_word}
  0x000000010fd141e0: 68bc ff10 | 8837 02f9 

  0x000000010fd141e8: ;   {runtime_call SafepointBlob}
  0x000000010fd141e8: c679 bb15 | e803 00aa 

  0x000000010fd141f0: ; ImmutableOopMap {c_rarg1=Oop [232]=Oop }
                      ;*checkcast {reexecute=0 rethrow=0 return_oop=0}
                      ; - kotlin.jvm.internal.Intrinsics::throwParameterIsNullNPE@14 (line 140)
                      ; - kotlin.jvm.internal.Intrinsics::checkNotNullParameter@5 (line 131)
                      ; - kotlin.coroutines.jvm.internal.DebugProbesKt::probeCoroutineResumed@3
                      ; - kotlin.coroutines.jvm.internal.BaseContinuationImpl::resumeWith@13 (line 29)
                      ;   {runtime_call throw_class_cast_exception Runtime1 stub}
  0x000000010fd141f0: c4bf be95 

  0x000000010fd141f4: ; ImmutableOopMap {c_rarg1=Oop c_rarg0=Oop [232]=Oop }
                      ;*athrow {reexecute=1 rethrow=0 return_oop=0}
                      ; - (reexecute) kotlin.jvm.internal.Intrinsics::throwParameterIsNullNPE@17 (line 140)
                      ; - kotlin.jvm.internal.Intrinsics::checkNotNullParameter@5 (line 131)
                      ; - kotlin.coroutines.jvm.internal.DebugProbesKt::probeCoroutineResumed@3
                      ; - kotlin.coroutines.jvm.internal.BaseContinuationImpl::resumeWith@13 (line 29)
                      ;   {runtime_call throw_null_pointer_exception Runtime1 stub}
  0x000000010fd141f4: 43b3 be95 | e803 00aa 

  0x000000010fd141fc: ; ImmutableOopMap {c_rarg2=Oop [168]=Oop [176]=Oop }
                      ;*checkcast {reexecute=0 rethrow=0 return_oop=0}
                      ; - kotlin.jvm.internal.Intrinsics::throwJavaNpe@10 (line 45)
                      ; - kotlin.jvm.internal.Intrinsics::checkNotNull@4 (line 25)
                      ; - kotlin.coroutines.jvm.internal.BaseContinuationImpl::resumeWith@31 (line 31)
                      ;   {runtime_call throw_class_cast_exception Runtime1 stub}
  0x000000010fd141fc: c1bf be95 

  0x000000010fd14200: ; ImmutableOopMap {c_rarg2=Oop c_rarg0=Oop [168]=Oop [176]=Oop }
                      ;*athrow {reexecute=1 rethrow=0 return_oop=0}
                      ; - (reexecute) kotlin.jvm.internal.Intrinsics::throwJavaNpe@13 (line 45)
                      ; - kotlin.jvm.internal.Intrinsics::checkNotNull@4 (line 25)
                      ; - kotlin.coroutines.jvm.internal.BaseContinuationImpl::resumeWith@31 (line 31)
                      ;   {runtime_call throw_null_pointer_exception Runtime1 stub}
  0x000000010fd14200: 40b3 be95 | e803 00aa 

  0x000000010fd14208: ; ImmutableOopMap {[168]=Oop [176]=Oop [208]=Oop }
                      ;*checkcast {reexecute=0 rethrow=0 return_oop=0}
                      ; - kotlin.jvm.internal.Intrinsics::throwParameterIsNullNPE@14 (line 140)
                      ; - kotlin.jvm.internal.Intrinsics::checkNotNullParameter@5 (line 131)
                      ; - kotlin.ResultKt::createFailure@3
                      ; - kotlin.coroutines.jvm.internal.BaseContinuationImpl::resumeWith@76 (line 38)
                      ;   {runtime_call throw_class_cast_exception Runtime1 stub}
  0x000000010fd14208: bebf be95 

  0x000000010fd1420c: ; ImmutableOopMap {c_rarg0=Oop [168]=Oop [176]=Oop [208]=Oop }
                      ;*athrow {reexecute=1 rethrow=0 return_oop=0}
                      ; - (reexecute) kotlin.jvm.internal.Intrinsics::throwParameterIsNullNPE@17 (line 140)
                      ; - kotlin.jvm.internal.Intrinsics::checkNotNullParameter@5 (line 131)
                      ; - kotlin.ResultKt::createFailure@3
                      ; - kotlin.coroutines.jvm.internal.BaseContinuationImpl::resumeWith@76 (line 38)
                      ;   {runtime_call throw_null_pointer_exception Runtime1 stub}
  0x000000010fd1420c: 3db3 be95 | e803 00aa 

  0x000000010fd14214: ; ImmutableOopMap {c_rarg2=Oop c_rarg4=Oop c_rarg3=Oop c_rarg1=Oop [176]=Oop }
                      ;*checkcast {reexecute=0 rethrow=0 return_oop=0}
                      ; - kotlin.jvm.internal.Intrinsics::throwParameterIsNullNPE@14 (line 140)
                      ; - kotlin.jvm.internal.Intrinsics::checkNotNullParameter@5 (line 131)
                      ; - kotlin.Result$Failure::<init>@3
                      ; - kotlin.ResultKt::createFailure@11 (line 122)
                      ; - kotlin.coroutines.jvm.internal.BaseContinuationImpl::resumeWith@76 (line 38)
                      ;   {runtime_call throw_class_cast_exception Runtime1 stub}
  0x000000010fd14214: bbbf be95 

  0x000000010fd14218: ; ImmutableOopMap {c_rarg2=Oop c_rarg4=Oop c_rarg3=Oop c_rarg1=Oop c_rarg0=Oop [176]=Oop }
                      ;*athrow {reexecute=1 rethrow=0 return_oop=0}
                      ; - (reexecute) kotlin.jvm.internal.Intrinsics::throwParameterIsNullNPE@17 (line 140)
                      ; - kotlin.jvm.internal.Intrinsics::checkNotNullParameter@5 (line 131)
                      ; - kotlin.Result$Failure::<init>@3
                      ; - kotlin.ResultKt::createFailure@11 (line 122)
                      ; - kotlin.coroutines.jvm.internal.BaseContinuationImpl::resumeWith@76 (line 38)
                      ;   {runtime_call throw_null_pointer_exception Runtime1 stub}
  0x000000010fd14218: 3ab3 be95 | 8083 42f9 | 9f83 02f9 | 9f87 02f9 | fd7b 51a9 | ff83 0491 

  0x000000010fd14230: ;   {runtime_call unwind_exception Runtime1 stub}
  0x000000010fd14230: 74af be15 | 0000 0000 
[Stub Code]
  0x000000010fd14238: ;   {no_reloc}
  0x000000010fd14238: df3f 03d5 

  0x000000010fd1423c: ;   {metadata(nullptr)}
  0x000000010fd1423c: 0c00 80d2 | 0c00 a0f2 | 0c00 c0f2 | 0800 80d2 | 0800 a0f2 | 0800 c0f2 | 0001 1fd6 

  0x000000010fd14258: ;   {trampoline_stub}
  0x000000010fd14258: 4800 0058 | 0001 1fd6 | 001f ce16 | 0100 0000 

  0x000000010fd14268: ;   {static_stub}
  0x000000010fd14268: df3f 03d5 

  0x000000010fd1426c: ;   {metadata(nullptr)}
  0x000000010fd1426c: 0c00 80d2 | 0c00 a0f2 | 0c00 c0f2 | 0800 80d2 | 0800 a0f2 | 0800 c0f2 | 0001 1fd6 

  0x000000010fd14288: ;   {trampoline_stub}
  0x000000010fd14288: 4800 0058 | 0001 1fd6 | 2821 ce16 | 0100 0000 

  0x000000010fd14298: ;   {trampoline_stub}
  0x000000010fd14298: 4800 0058 | 0001 1fd6 | 80c7 be16 | 0100 0000 

  0x000000010fd142a8: ;   {trampoline_stub}
  0x000000010fd142a8: 4800 0058 | 0001 1fd6 | 80c1 be16 | 0100 0000 

  0x000000010fd142b8: ;   {trampoline_stub}
  0x000000010fd142b8: 4800 0058 | 0001 1fd6 | 80c1 be16 | 0100 0000 

  0x000000010fd142c8: ;   {trampoline_stub}
  0x000000010fd142c8: 4800 0058 | 0001 1fd6 | 80c7 be16 | 0100 0000 

  0x000000010fd142d8: ;   {trampoline_stub}
  0x000000010fd142d8: 4800 0058 | 0001 1fd6 | 80c1 be16 | 0100 0000 

  0x000000010fd142e8: ;   {trampoline_stub}
  0x000000010fd142e8: 4800 0058 | 0001 1fd6 | 80c1 be16 | 0100 0000 

  0x000000010fd142f8: ;   {trampoline_stub}
  0x000000010fd142f8: 4800 0058 | 0001 1fd6 | 80c1 be16 | 0100 0000 

  0x000000010fd14308: ;   {trampoline_stub}
  0x000000010fd14308: 4800 0058 | 0001 1fd6 | 80c1 be16 | 0100 0000 

  0x000000010fd14318: ;   {trampoline_stub}
  0x000000010fd14318: 4800 0058 | 0001 1fd6 | 80c7 be16 | 0100 0000 

  0x000000010fd14328: ;   {trampoline_stub}
  0x000000010fd14328: 4800 0058 | 0001 1fd6 | 80c1 be16 | 0100 0000 

  0x000000010fd14338: ;   {trampoline_stub}
  0x000000010fd14338: 4800 0058 | 0001 1fd6 | 80c1 be16 | 0100 0000 

  0x000000010fd14348: ;   {static_stub}
  0x000000010fd14348: df3f 03d5 

  0x000000010fd1434c: ;   {metadata(nullptr)}
  0x000000010fd1434c: 0c00 80d2 | 0c00 a0f2 | 0c00 c0f2 | 0800 80d2 | 0800 a0f2 | 0800 c0f2 | 0001 1fd6 

  0x000000010fd14368: ;   {trampoline_stub}
  0x000000010fd14368: 4800 0058 | 0001 1fd6 | 381c ce16 | 0100 0000 

  0x000000010fd14378: ;   {trampoline_stub}
  0x000000010fd14378: 4800 0058 | 0001 1fd6 | 80c7 be16 | 0100 0000 

  0x000000010fd14388: ;   {trampoline_stub}
  0x000000010fd14388: 4800 0058 | 0001 1fd6 | 80c7 be16 | 0100 0000 

  0x000000010fd14398: ;   {trampoline_stub}
  0x000000010fd14398: 4800 0058 | 0001 1fd6 | 80c7 be16 | 0100 0000 

  0x000000010fd143a8: ;   {trampoline_stub}
  0x000000010fd143a8: 4800 0058 | 0001 1fd6 | 80c7 be16 | 0100 0000 

  0x000000010fd143b8: ;   {static_stub}
  0x000000010fd143b8: df3f 03d5 

  0x000000010fd143bc: ;   {metadata(nullptr)}
  0x000000010fd143bc: 0c00 80d2 | 0c00 a0f2 | 0c00 c0f2 | 0800 80d2 | 0800 a0f2 | 0800 c0f2 | 0001 1fd6 

  0x000000010fd143d8: ;   {static_stub}
  0x000000010fd143d8: df3f 03d5 

  0x000000010fd143dc: ;   {metadata(nullptr)}
  0x000000010fd143dc: 0c00 80d2 | 0c00 a0f2 | 0c00 c0f2 | 0800 80d2 | 0800 a0f2 | 0800 c0f2 | 0001 1fd6 

  0x000000010fd143f8: ;   {static_stub}
  0x000000010fd143f8: df3f 03d5 

  0x000000010fd143fc: ;   {metadata(nullptr)}
  0x000000010fd143fc: 0c00 80d2 | 0c00 a0f2 | 0c00 c0f2 | 0800 80d2 | 0800 a0f2 | 0800 c0f2 | 0001 1fd6 

  0x000000010fd14418: ;   {static_stub}
  0x000000010fd14418: df3f 03d5 

  0x000000010fd1441c: ;   {metadata(nullptr)}
  0x000000010fd1441c: 0c00 80d2 | 0c00 a0f2 | 0c00 c0f2 | 0800 80d2 | 0800 a0f2 | 0800 c0f2 | 0001 1fd6 

  0x000000010fd14438: ;   {static_stub}
  0x000000010fd14438: df3f 03d5 

  0x000000010fd1443c: ;   {metadata(nullptr)}
  0x000000010fd1443c: 0c00 80d2 | 0c00 a0f2 | 0c00 c0f2 | 0800 80d2 | 0800 a0f2 | 0800 c0f2 | 0001 1fd6 
[Exception Handler]
  0x000000010fd14458: ;   {runtime_call handle_exception_from_callee Runtime1 stub}
  0x000000010fd14458: aabd be95 | c1d5 bbd4 | fe0a 9f06 | 0100 0000 
[Deopt Handler Code]
  0x000000010fd14468: 1e00 0010 

  0x000000010fd1446c: ;   {runtime_call DeoptimizationBlob}
  0x000000010fd1446c: f579 bb15 
[/MachCode]


Compiled method (c1) 7386 3291   !   3       kotlinx.coroutines.DispatchedTask::run (387 bytes)
 total in heap  [0x000000010fb6d510,0x000000010fb72fe8] = 23256
 relocation     [0x000000010fb6d660,0x000000010fb6de00] = 1952
 main code      [0x000000010fb6de00,0x000000010fb70df8] = 12280
 stub code      [0x000000010fb70df8,0x000000010fb71400] = 1544
 oops           [0x000000010fb71400,0x000000010fb71430] = 48
 metadata       [0x000000010fb71430,0x000000010fb71600] = 464
 scopes data    [0x000000010fb71600,0x000000010fb71f50] = 2384
 scopes pcs     [0x000000010fb71f50,0x000000010fb726d0] = 1920
 dependencies   [0x000000010fb726d0,0x000000010fb726d8] = 8
 handler table  [0x000000010fb726d8,0x000000010fb72f58] = 2176
 nul chk table  [0x000000010fb72f58,0x000000010fb72fe8] = 144

[Constant Pool (empty)]

[MachCode]
[Entry Point]
  # {method} {0x0000000128504ee8} 'run' '()V' in 'kotlinx/coroutines/DispatchedTask'
  #           [sp+0x180]  (sp of caller)
  0x000000010fb6de00: 2808 40b9 | 3f01 086b | c001 0054 

  0x000000010fb6de0c: ;   {runtime_call ic_miss_stub}
  0x000000010fb6de0c: 1df8 c115 | 1f20 03d5 | 1f20 03d5 | 1f20 03d5 | 1f20 03d5 | 1f20 03d5 | 1f20 03d5 | 1f20 03d5 
  0x000000010fb6de2c: 1f20 03d5 | 1f20 03d5 | 1f20 03d5 | 1f20 03d5 | 1f20 03d5 
[Verified Entry Point]
  0x000000010fb6de40: 1f20 03d5 | e953 40d1 | 3f01 00f9 | ff03 06d1 | fd7b 17a9 | 2801 0018 | 8923 40b9 | 1f01 09eb 
  0x000000010fb6de60: e000 0054 | 0830 8bd2 | e8d7 a2f2 | 2800 c0f2 | 0001 3fd6 | 0200 0014 | 0500 0000 | e15b 00f9 
  0x000000010fb6de80: ;   {metadata(method data for {method} {0x0000000128504ee8} 'run' '()V' in 'kotlinx/coroutines/DispatchedTask')}
  0x000000010fb6de80: 0000 95d2 | 203e a5f2 | 2000 c0f2 | 02ac 40b9 | 4208 0011 | 02ac 00b9 | 4224 1f12 | 5f00 0071 
  0x000000010fb6dea0: a04f 0154 

  0x000000010fb6dea4: ;   {metadata(method data for {method} {0x0000000128504ee8} 'run' '()V' in 'kotlinx/coroutines/DispatchedTask')}
  0x000000010fb6dea4: 0000 95d2 | 203e a5f2 | 2000 c0f2 | 0878 40f9 | 0805 0091 | 0878 00f9 

  0x000000010fb6debc: ;   {metadata(method data for {method} {0x00000001284e1f60} 'getASSERTIONS_ENABLED' '()Z' in 'kotlinx/coroutines/DebugKt')}
  0x000000010fb6debc: 00b8 8bd2 | a030 a5f2 | 2000 c0f2 | 02ac 40b9 | 4208 0011 | 02ac 00b9 | 424c 1f12 | 5f00 0071 
  0x000000010fb6dedc: c04e 0154 

  0x000000010fb6dee0: ;   {metadata(method data for {method} {0x0000000128504ee8} 'run' '()V' in 'kotlinx/coroutines/DispatchedTask')}
  0x000000010fb6dee0: 0000 95d2 | 203e a5f2 | 2000 c0f2 | 0280 40f9 | 4204 0091 | 0280 00f9 | e003 01aa 

  0x000000010fb6defc: ;   {metadata(method data for {method} {0x0000000128504ee8} 'run' '()V' in 'kotlinx/coroutines/DispatchedTask')}
  0x000000010fb6defc: 0200 95d2 | 223e a5f2 | 2200 c0f2 | 0008 40b9 | 001b c0f2 | 4960 0691 | 2801 40f9 | 1f00 08eb 
  0x000000010fb6df1c: a100 0054 | 48d0 40f9 | 0805 0091 | 48d0 00f9 | 1c00 0014 | 49a0 0691 | 2801 40f9 | 1f00 08eb 
  0x000000010fb6df3c: a100 0054 | 48d8 40f9 | 0805 0091 | 48d8 00f9 | 1400 0014 | 4960 0691 | 2801 40f9 | c800 00b5 
  0x000000010fb6df5c: 2001 00f9 | e803 40b2 | 4980 0691 | 2801 00f9 | 0c00 0014 | 49a0 0691 | 2801 40f9 | c800 00b5 
  0x000000010fb6df7c: 2001 00f9 | e803 40b2 | 49c0 0691 | 2801 00f9 | 0400 0014 | 48c4 40f9 | 0805 0091 | 48c4 00f9 
  0x000000010fb6df9c: e003 01aa | e103 00aa | e9ff 9fd2 | e9ff bff2 | e9ff dff2 

  0x000000010fb6dfb0: ; ImmutableOopMap {[176]=Oop }
                      ;*invokevirtual getDelegate$kotlinx_coroutines_core {reexecute=0 rethrow=0 return_oop=0}
                      ; - kotlinx.coroutines.DispatchedTask::run@34 (line 80)
                      ;   {virtual_call}
  0x000000010fb6dfb0: 9ed0 c595 

  0x000000010fb6dfb4: ;   {other}
  0x000000010fb6dfb4: 1f20 03d5 | 9f54 81f2 | 1f00 80f2 | e05f 00f9 

  0x000000010fb6dfc4: ;   {metadata(method data for {method} {0x0000000128504ee8} 'run' '()V' in 'kotlinx/coroutines/DispatchedTask')}
  0x000000010fb6dfc4: 0300 95d2 | 233e a5f2 | 2300 c0f2 | 68e0 40f9 | 0805 0091 | 68e0 00f9 

  0x000000010fb6dfdc: ;   {metadata(method data for {method} {0x0000000128419f50} 'checkNotNull' '(Ljava/lang/Object;Ljava/lang/String;)V' in 'kotlin/jvm/internal/Intrinsics')}
  0x000000010fb6dfdc: 0394 97d2 | a312 a5f2 | 2300 c0f2 | 64ac 40b9 | 8408 0011 | 64ac 00b9 | 844c 1f12 | 9f00 0071 
  0x000000010fb6dffc: c046 0154 | e303 1faa | 1f00 03eb 

  0x000000010fb6e008: ;   {metadata(method data for {method} {0x0000000128419f50} 'checkNotNull' '(Ljava/lang/Object;Ljava/lang/String;)V' in 'kotlin/jvm/internal/Intrinsics')}
  0x000000010fb6e008: 0394 97d2 | a312 a5f2 | 2300 c0f2 | e80f 7cb2 | e903 78b2 | 0411 899a | 6a68 64f8 | 4a05 0091 
  0x000000010fb6e028: 6a68 24f8 | e10e 0054 

  0x000000010fb6e030: ;   {metadata(method data for {method} {0x0000000128419f50} 'checkNotNull' '(Ljava/lang/Object;Ljava/lang/String;)V' in 'kotlin/jvm/internal/Intrinsics')}
  0x000000010fb6e030: 0394 97d2 | a312 a5f2 | 2300 c0f2 | 6888 40f9 | 0805 0091 | 6888 00f9 

  0x000000010fb6e048: ;   {metadata(method data for {method} {0x000000012841a220} 'throwJavaNpe' '(Ljava/lang/String;)V' in 'kotlin/jvm/internal/Intrinsics')}
  0x000000010fb6e048: 03c1 97d2 | a312 a5f2 | 2300 c0f2 | 64ac 40b9 | 8408 0011 | 64ac 00b9 | 844c 1f12 | 9f00 0071 
  0x000000010fb6e068: 6044 0154 

  0x000000010fb6e06c: ; ImmutableOopMap {[176]=Oop [184]=Oop }
                      ;*new {reexecute=0 rethrow=0 return_oop=0}
                      ; - kotlin.jvm.internal.Intrinsics::throwJavaNpe@0 (line 50)
                      ; - kotlin.jvm.internal.Intrinsics::checkNotNull@5 (line 31)
                      ; - kotlinx.coroutines.DispatchedTask::run@40 (line 80)
                      ;   {runtime_call load_mirror_patching Runtime1 stub}
  0x000000010fb6e06c: 2563 c595 | 80df 40f9 | 0bc0 0091 | 88e7 40f9 | 7f01 08eb | a844 0154 | 8bdf 00f9 | ea03 40b2 
  0x000000010fb6e08c: 0a00 00f9 | ea03 032a | 0a7c 0129 | 0a40 0091 | 5f7d 00a9 | 5f7d 01a9 | bf3a 03d5 | e203 00aa 
  0x000000010fb6e0ac: ;   {metadata(method data for {method} {0x000000012841a220} 'throwJavaNpe' '(Ljava/lang/String;)V' in 'kotlin/jvm/internal/Intrinsics')}
  0x000000010fb6e0ac: 01c1 97d2 | a112 a5f2 | 2100 c0f2 | 2878 40f9 | 0805 0091 | 2878 00f9 

  0x000000010fb6e0c4: ;   {oop("null cannot be cast to non-null type kotlinx.coroutines.internal.DispatchedContinuation<T of kotlinx.coroutines.DispatchedTask>"{0x000000030115d0d0})}
  0x000000010fb6e0c4: 021a 9ad2 | a222 a0f2 | 6200 c0f2 | e103 00aa | e063 00f9 

  0x000000010fb6e0d8: ; ImmutableOopMap {[176]=Oop [184]=Oop [192]=Oop }
                      ;*invokespecial <init> {reexecute=0 rethrow=0 return_oop=0}
                      ; - kotlin.jvm.internal.Intrinsics::throwJavaNpe@5 (line 50)
                      ; - kotlin.jvm.internal.Intrinsics::checkNotNull@5 (line 31)
                      ; - kotlinx.coroutines.DispatchedTask::run@40 (line 80)
                      ;   {optimized virtual_call}
  0x000000010fb6e0d8: 2af8 c195 

  0x000000010fb6e0dc: ;   {other}
  0x000000010fb6e0dc: 1f20 03d5 | 9f79 81f2 | 1f40 80f2 

  0x000000010fb6e0e8: ;   {metadata(method data for {method} {0x000000012841a220} 'throwJavaNpe' '(Ljava/lang/String;)V' in 'kotlin/jvm/internal/Intrinsics')}
  0x000000010fb6e0e8: 01c1 97d2 | a112 a5f2 | 2100 c0f2 | 2880 40f9 | 0805 0091 | 2880 00f9 

  0x000000010fb6e100: ;   {metadata(method data for {method} {0x000000012841c0c0} 'sanitizeStackTrace' '(Ljava/lang/Throwable;)Ljava/lang/Throwable;' in 'kotlin/jvm/internal/Intrinsics')}
  0x000000010fb6e100: 01d7 8dd2 | c10b a5f2 | 2100 c0f2 | 20ac 40b9 | 0008 0011 | 20ac 00b9 | 004c 1f12 | 1f00 0071 
  0x000000010fb6e120: e03f 0154 

  0x000000010fb6e124: ;   {oop(a 'java/lang/Class'{0x0000000300bb1a90} = 'kotlin/jvm/internal/Intrinsics')}
  0x000000010fb6e124: 0152 83d2 | 6117 a0f2 | 6100 c0f2 | e003 01aa 

  0x000000010fb6e134: ;   {metadata(method data for {method} {0x000000012841c0c0} 'sanitizeStackTrace' '(Ljava/lang/Throwable;)Ljava/lang/Throwable;' in 'kotlin/jvm/internal/Intrinsics')}
  0x000000010fb6e134: 02d7 8dd2 | c20b a5f2 | 2200 c0f2 | 4878 40f9 | 0805 0091 | 4878 00f9 

  0x000000010fb6e14c: ;   {metadata(method data for {method} {0x000000d8004684b0} 'getName' '()Ljava/lang/String;' in 'java/lang/Class')}
  0x000000010fb6e14c: 00a7 94d2 | 6000 a5f2 | 2000 c0f2 | 02ac 40b9 | 4208 0011 | 02ac 00b9 | 424c 1f12 | 5f00 0071 
  0x000000010fb6e16c: 803e 0154 

  0x000000010fb6e170: ; implicit exception: dispatches to 0x000000010fb7095c
  0x000000010fb6e170: 212c 40b9 | 21f0 7dd3 | e003 1faa | 3f00 00eb 

  0x000000010fb6e180: ;   {metadata(method data for {method} {0x000000d8004684b0} 'getName' '()Ljava/lang/String;' in 'java/lang/Class')}
  0x000000010fb6e180: 00a7 94d2 | 6000 a5f2 | 2000 c0f2 | e80f 7cb2 | e903 78b2 | 0201 899a | 0368 62f8 | 6304 0091 
  0x000000010fb6e1a0: 0368 22f8 | 2001 0054 

  0x000000010fb6e1a8: ;   {metadata(method data for {method} {0x000000d8004684b0} 'getName' '()Ljava/lang/String;' in 'java/lang/Class')}
  0x000000010fb6e1a8: 00a7 94d2 | 6000 a5f2 | 2000 c0f2 | 0288 40f9 | 4204 0091 | 0288 00f9 | e003 01aa | 0f00 0014 
  0x000000010fb6e1c8: ;   {oop(a 'java/lang/Class'{0x0000000300bb1a90} = 'kotlin/jvm/internal/Intrinsics')}
  0x000000010fb6e1c8: 0152 83d2 | 6117 a0f2 | 6100 c0f2 | e003 01aa 

  0x000000010fb6e1d8: ;   {metadata(method data for {method} {0x000000d8004684b0} 'getName' '()Ljava/lang/String;' in 'java/lang/Class')}
  0x000000010fb6e1d8: 02a7 94d2 | 6200 a5f2 | 2200 c0f2 | 4894 40f9 | 0805 0091 | 4894 00f9 

  0x000000010fb6e1f0: ; ImmutableOopMap {[176]=Oop [184]=Oop [192]=Oop }
                      ;*invokevirtual initClassName {reexecute=0 rethrow=0 return_oop=0}
                      ; - java.lang.Class::getName@14 (line 950)
                      ; - kotlin.jvm.internal.Intrinsics::sanitizeStackTrace@3 (line 253)
                      ; - kotlin.jvm.internal.Intrinsics::throwJavaNpe@8 (line 50)
                      ; - kotlin.jvm.internal.Intrinsics::checkNotNull@5 (line 31)
                      ; - kotlinx.coroutines.DispatchedTask::run@40 (line 80)
                      ;   {optimized virtual_call}
  0x000000010fb6e1f0: e4f7 c195 

  0x000000010fb6e1f4: ;   {other}
  0x000000010fb6e1f4: 1f20 03d5 | 9f9c 81f2 | 1f60 80f2 | e163 40f9 | 9808 0014 | 0001 00b5 

  0x000000010fb6e20c: ;   {metadata(method data for {method} {0x0000000128504ee8} 'run' '()V' in 'kotlinx/coroutines/DispatchedTask')}
  0x000000010fb6e20c: 0300 95d2 | 233e a5f2 | 2300 c0f2 | 6824 4739 | 0801 40b2 | 6824 0739 | 3600 0014 

  0x000000010fb6e228: ;   {metadata('kotlinx/coroutines/internal/DispatchedContinuation')}
  0x000000010fb6e228: 0223 9bd2 | 0221 a0f2 | 021b c0f2 | 0808 40b9 | 081b c0f2 | 1f01 02eb | e104 0054 

  0x000000010fb6e244: ;   {metadata(method data for {method} {0x0000000128504ee8} 'run' '()V' in 'kotlinx/coroutines/DispatchedTask')}
  0x000000010fb6e244: 0300 95d2 | 233e a5f2 | 2300 c0f2 | 0208 40b9 | 021b c0f2 | 6980 0791 | 2801 40f9 | 5f00 08eb 
  0x000000010fb6e264: a100 0054 | 68f4 40f9 | 0805 0091 | 68f4 00f9 | 2200 0014 | 69c0 0791 | 2801 40f9 | 5f00 08eb 
  0x000000010fb6e284: a100 0054 | 68fc 40f9 | 0805 0091 | 68fc 00f9 | 1a00 0014 | 6980 0791 | 2801 40f9 | c800 00b5 
  0x000000010fb6e2a4: 2201 00f9 | e803 40b2 | 69a0 0791 | 2801 00f9 | 1200 0014 | 69c0 0791 | 2801 40f9 | c800 00b5 
  0x000000010fb6e2c4: 2201 00f9 | e803 40b2 | 69e0 0791 | 2801 00f9 | 0a00 0014 | 0900 0014 

  0x000000010fb6e2dc: ;   {metadata(method data for {method} {0x0000000128504ee8} 'run' '()V' in 'kotlinx/coroutines/DispatchedTask')}
  0x000000010fb6e2dc: 0300 95d2 | 233e a5f2 | 2300 c0f2 | 68e8 40f9 | 0805 00d1 | 68e8 00f9 | 9b09 0014 | 0100 0014 
  0x000000010fb6e2fc: e103 00aa 

  0x000000010fb6e300: ; implicit exception: dispatches to 0x000000010fb70968
  0x000000010fb6e300: 2020 40b9 | 00f0 7dd3 | 2228 40b9 | 42f0 7dd3 

  0x000000010fb6e310: ; implicit exception: dispatches to 0x000000010fb7096c
  0x000000010fb6e310: 1f00 40f9 | e103 00aa 

  0x000000010fb6e318: ;   {metadata(method data for {method} {0x0000000128504ee8} 'run' '()V' in 'kotlinx/coroutines/DispatchedTask')}
  0x000000010fb6e318: 0300 95d2 | 233e a5f2 | 2300 c0f2 | 2108 40b9 | 011b c0f2 | 6960 0891 | 2801 40f9 | 3f00 08eb 
  0x000000010fb6e338: a100 0054 | 6810 41f9 | 0805 0091 | 6810 01f9 | 1c00 0014 | 69a0 0891 | 2801 40f9 | 3f00 08eb 
  0x000000010fb6e358: a100 0054 | 6818 41f9 | 0805 0091 | 6818 01f9 | 1400 0014 | 6960 0891 | 2801 40f9 | c800 00b5 
  0x000000010fb6e378: 2101 00f9 | e803 40b2 | 6980 0891 | 2801 00f9 | 0c00 0014 | 69a0 0891 | 2801 40f9 | c800 00b5 
  0x000000010fb6e398: 2101 00f9 | e803 40b2 | 69c0 0891 | 2801 00f9 | 0400 0014 | 6804 41f9 | 0805 0091 | 6804 01f9 
  0x000000010fb6e3b8: e103 00aa | e283 0ca9 | 092c 86d2 | 4973 bdf2 | e900 c0f2 

  0x000000010fb6e3cc: ; ImmutableOopMap {[176]=Oop [200]=Oop [208]=Oop }
                      ;*invokeinterface getContext {reexecute=0 rethrow=0 return_oop=0}
                      ; - kotlinx.coroutines.DispatchedTask::run@61 (line 222)
                      ;   {virtual_call}
  0x000000010fb6e3cc: 0dcf c595 

  0x000000010fb6e3d0: ;   {other}
  0x000000010fb6e3d0: 1f20 03d5 | 1fd8 81f2 | 1f80 80f2 

  0x000000010fb6e3dc: ;   {metadata(method data for {method} {0x0000000128504ee8} 'run' '()V' in 'kotlinx/coroutines/DispatchedTask')}
  0x000000010fb6e3dc: 0100 95d2 | 213e a5f2 | 2100 c0f2 | 2820 41f9 | 0805 0091 | 2820 01f9 | e103 00aa | e267 40f9 
  0x000000010fb6e3fc: e06f 00f9 

  0x000000010fb6e400: ; ImmutableOopMap {[176]=Oop [208]=Oop [216]=Oop }
                      ;*invokestatic updateThreadContext {reexecute=0 rethrow=0 return_oop=0}
                      ; - kotlinx.coroutines.DispatchedTask::run@71 (line 223)
                      ;   {static_call}
  0x000000010fb6e400: 90bd fe97 

  0x000000010fb6e404: ;   {other}
  0x000000010fb6e404: 1f20 03d5 | 9fde 81f2 | 1fa0 80f2 

  0x000000010fb6e410: ;   {oop(a 'kotlinx/coroutines/internal/Symbol'{0x00000003009c3848})}
  0x000000010fb6e410: 0109 87d2 | 8113 a0f2 | 6100 c0f2 | 1f00 01eb 

  0x000000010fb6e420: ;   {metadata(method data for {method} {0x0000000128504ee8} 'run' '()V' in 'kotlinx/coroutines/DispatchedTask')}
  0x000000010fb6e420: 0100 95d2 | 213e a5f2 | 2100 c0f2 | 084a 80d2 | 094c 80d2 | 0201 899a | 2368 62f8 | 6304 0091 
  0x000000010fb6e440: 2368 22f8 | a002 0054 

  0x000000010fb6e448: ;   {metadata(method data for {method} {0x0000000128504ee8} 'run' '()V' in 'kotlinx/coroutines/DispatchedTask')}
  0x000000010fb6e448: 0100 95d2 | 213e a5f2 | 2100 c0f2 | 2838 41f9 | 0805 0091 | 2838 01f9 | e10b 4da9 | e303 00aa 
  0x000000010fb6e468: e073 00f9 

  0x000000010fb6e46c: ; ImmutableOopMap {[176]=Oop [208]=Oop [216]=Oop [224]=Oop }
                      ;*invokestatic updateUndispatchedCompletion {reexecute=0 rethrow=0 return_oop=0}
                      ; - kotlinx.coroutines.DispatchedTask::run@89 (line 226)
                      ;   {static_call}
  0x000000010fb6e46c: c5f8 c195 

  0x000000010fb6e470: ;   {other}
  0x000000010fb6e470: 1f20 03d5 | 1fec 81f2 | 1fc0 80f2 

  0x000000010fb6e47c: ;   {metadata(method data for {method} {0x0000000128504ee8} 'run' '()V' in 'kotlinx/coroutines/DispatchedTask')}
  0x000000010fb6e47c: 0100 95d2 | 213e a5f2 | 2100 c0f2 | 2240 41f9 | 4204 0091 | 2240 01f9 | 0300 0014 | e073 00f9 
  0x000000010fb6e49c: e003 1faa | e077 00f9 | e16b 40f9 

  0x000000010fb6e4a8: ;   {metadata(method data for {method} {0x0000000128504ee8} 'run' '()V' in 'kotlinx/coroutines/DispatchedTask')}
  0x000000010fb6e4a8: 0200 95d2 | 223e a5f2 | 2200 c0f2 | 2108 40b9 | 011b c0f2 | 49a0 0a91 | 2801 40f9 | 3f00 08eb 
  0x000000010fb6e4c8: a100 0054 | 4858 41f9 | 0805 0091 | 4858 01f9 | 1c00 0014 | 49e0 0a91 | 2801 40f9 | 3f00 08eb 
  0x000000010fb6e4e8: a100 0054 | 4860 41f9 | 0805 0091 | 4860 01f9 | 1400 0014 | 49a0 0a91 | 2801 40f9 | c800 00b5 
  0x000000010fb6e508: 2101 00f9 | e803 40b2 | 49c0 0a91 | 2801 00f9 | 0c00 0014 | 49e0 0a91 | 2801 40f9 | c800 00b5 
  0x000000010fb6e528: 2101 00f9 | e803 40b2 | 4900 0b91 | 2801 00f9 | 0400 0014 | 484c 41f9 | 0805 0091 | 484c 01f9 
  0x000000010fb6e548: e16b 40f9 | 094c 86d2 | 4973 bdf2 | e900 c0f2 

  0x000000010fb6e558: ; ImmutableOopMap {[176]=Oop [208]=Oop [216]=Oop [224]=Oop [232]=Oop }
                      ;*invokeinterface getContext {reexecute=0 rethrow=0 return_oop=0}
                      ; - kotlinx.coroutines.DispatchedTask::run@103 (line 83)
                      ;   {virtual_call}
  0x000000010fb6e558: aace c595 

  0x000000010fb6e55c: ;   {other}
  0x000000010fb6e55c: 1f20 03d5 | 9f09 82f2 | 1fe0 80f2 | e15b 40f9 

  0x000000010fb6e56c: ;   {metadata(method data for {method} {0x0000000128504ee8} 'run' '()V' in 'kotlinx/coroutines/DispatchedTask')}
  0x000000010fb6e56c: 0200 95d2 | 223e a5f2 | 2200 c0f2 | 2108 40b9 | 011b c0f2 | 4980 0b91 | 2801 40f9 | 3f00 08eb 
  0x000000010fb6e58c: a100 0054 | 4874 41f9 | 0805 0091 | 4874 01f9 | 1c00 0014 | 49c0 0b91 | 2801 40f9 | 3f00 08eb 
  0x000000010fb6e5ac: a100 0054 | 487c 41f9 | 0805 0091 | 487c 01f9 | 1400 0014 | 4980 0b91 | 2801 40f9 | c800 00b5 
  0x000000010fb6e5cc: 2101 00f9 | e803 40b2 | 49a0 0b91 | 2801 00f9 | 0c00 0014 | 49c0 0b91 | 2801 40f9 | c800 00b5 
  0x000000010fb6e5ec: 2101 00f9 | e803 40b2 | 49e0 0b91 | 2801 00f9 | 0400 0014 | 4868 41f9 | 0805 0091 | 4868 01f9 
  0x000000010fb6e60c: e15b 40f9 | e07b 00f9 | e9ff 9fd2 | e9ff bff2 | e9ff dff2 

  0x000000010fb6e620: ; ImmutableOopMap {[176]=Oop [208]=Oop [216]=Oop [224]=Oop [232]=Oop [240]=Oop }
                      ;*invokevirtual takeState$kotlinx_coroutines_core {reexecute=0 rethrow=0 return_oop=0}
                      ; - kotlinx.coroutines.DispatchedTask::run@111 (line 84)
                      ;   {virtual_call}
  0x000000010fb6e620: 1ace c595 

  0x000000010fb6e624: ;   {other}
  0x000000010fb6e624: 1f20 03d5 | 9f22 82f2 | 1f00 81f2 | e07f 00f9 | e15b 40f9 

  0x000000010fb6e638: ;   {metadata(method data for {method} {0x0000000128504ee8} 'run' '()V' in 'kotlinx/coroutines/DispatchedTask')}
  0x000000010fb6e638: 0200 95d2 | 223e a5f2 | 2200 c0f2 | 2108 40b9 | 011b c0f2 | 4960 0c91 | 2801 40f9 | 3f00 08eb 
  0x000000010fb6e658: a100 0054 | 4890 41f9 | 0805 0091 | 4890 01f9 | 1c00 0014 | 49a0 0c91 | 2801 40f9 | 3f00 08eb 
  0x000000010fb6e678: a100 0054 | 4898 41f9 | 0805 0091 | 4898 01f9 | 1400 0014 | 4960 0c91 | 2801 40f9 | c800 00b5 
  0x000000010fb6e698: 2101 00f9 | e803 40b2 | 4980 0c91 | 2801 00f9 | 0c00 0014 | 49a0 0c91 | 2801 40f9 | c800 00b5 
  0x000000010fb6e6b8: 2101 00f9 | e803 40b2 | 49c0 0c91 | 2801 00f9 | 0400 0014 | 4884 41f9 | 0805 0091 | 4884 01f9 
  0x000000010fb6e6d8: e203 00aa | e15b 40f9 | e9ff 9fd2 | e9ff bff2 | e9ff dff2 

  0x000000010fb6e6ec: ; ImmutableOopMap {[176]=Oop [208]=Oop [216]=Oop [224]=Oop [232]=Oop [240]=Oop [248]=Oop }
                      ;*invokevirtual getExceptionalResult$kotlinx_coroutines_core {reexecute=0 rethrow=0 return_oop=0}
                      ; - kotlinx.coroutines.DispatchedTask::run@119 (line 85)
                      ;   {virtual_call}
  0x000000010fb6e6ec: b1cc c595 

  0x000000010fb6e6f0: ;   {other}
  0x000000010fb6e6f0: 1f20 03d5 | 1f3c 82f2 | 1f20 81f2 | e083 00f9 | e203 1faa | 1f00 02eb 

  0x000000010fb6e708: ;   {metadata(method data for {method} {0x0000000128504ee8} 'run' '()V' in 'kotlinx/coroutines/DispatchedTask')}
  0x000000010fb6e708: 0200 95d2 | 223e a5f2 | 2200 c0f2 | 0868 80d2 | 096a 80d2 | 0111 899a | 4368 61f8 | 6304 0091 
  0x000000010fb6e728: 4368 21f8 | e15b 40f9 | 8107 0054 | 2218 40b9 

  0x000000010fb6e738: ;   {metadata(method data for {method} {0x0000000128504ee8} 'run' '()V' in 'kotlinx/coroutines/DispatchedTask')}
  0x000000010fb6e738: 0300 95d2 | 233e a5f2 | 2300 c0f2 | 68b0 41f9 | 0805 0091 | 68b0 01f9 

  0x000000010fb6e750: ;   {metadata(method data for {method} {0x000000012851ee60} 'isCancellableMode' '(I)Z' in 'kotlinx/coroutines/DispatchedTaskKt')}
  0x000000010fb6e750: 03dd 95d2 | c33c a5f2 | 2300 c0f2 | 64ac 40b9 | 8408 0011 | 64ac 00b9 | 844c 1f12 | 9f00 0071 
  0x000000010fb6e770: 0010 0154 | 5f04 0071 

  0x000000010fb6e778: ;   {metadata(method data for {method} {0x000000012851ee60} 'isCancellableMode' '(I)Z' in 'kotlinx/coroutines/DispatchedTaskKt')}
  0x000000010fb6e778: 03dd 95d2 | c33c a5f2 | 2300 c0f2 | e80f 7cb2 | e903 78b2 | 0401 899a | 6568 64f8 | a504 0091 
  0x000000010fb6e798: 6568 24f8 | 8001 0054 | 5f08 0071 

  0x000000010fb6e7a4: ;   {metadata(method data for {method} {0x000000012851ee60} 'isCancellableMode' '(I)Z' in 'kotlinx/coroutines/DispatchedTaskKt')}
  0x000000010fb6e7a4: 02dd 95d2 | c23c a5f2 | 2200 c0f2 | 0822 80d2 | 0924 80d2 | 0311 899a | 4468 63f8 | 8404 0091 
  0x000000010fb6e7c4: 4468 23f8 | 2101 0054 

  0x000000010fb6e7cc: ;   {metadata(method data for {method} {0x000000012851ee60} 'isCancellableMode' '(I)Z' in 'kotlinx/coroutines/DispatchedTaskKt')}
  0x000000010fb6e7cc: 02dd 95d2 | c23c a5f2 | 2200 c0f2 | 4398 40f9 | 6304 0091 | 4398 00f9 | e203 0032 | 0200 0014 
  0x000000010fb6e7ec: 0200 a052 | 4200 0012 | 5f00 0071 

  0x000000010fb6e7f8: ;   {metadata(method data for {method} {0x0000000128504ee8} 'run' '()V' in 'kotlinx/coroutines/DispatchedTask')}
  0x000000010fb6e7f8: 0200 95d2 | 223e a5f2 | 2200 c0f2 | e80b 79b2 | 096e 80d2 | 0311 899a | 4468 63f8 | 8404 0091 
  0x000000010fb6e818: 4468 23f8 | 6100 0054 | e203 1faa | 8300 0014 | e07b 40f9 

  0x000000010fb6e82c: ; implicit exception: dispatches to 0x000000010fb70990
  0x000000010fb6e82c: 1f00 40f9 | e203 00aa 

  0x000000010fb6e834: ;   {metadata(method data for {method} {0x0000000128504ee8} 'run' '()V' in 'kotlinx/coroutines/DispatchedTask')}
  0x000000010fb6e834: 0400 95d2 | 243e a5f2 | 2400 c0f2 | 4208 40b9 | 021b c0f2 | 8960 0f91 | 2801 40f9 | 5f00 08eb 
  0x000000010fb6e854: a100 0054 | 88f0 41f9 | 0805 0091 | 88f0 01f9 | 1c00 0014 | 89a0 0f91 | 2801 40f9 | 5f00 08eb 
  0x000000010fb6e874: a100 0054 | 88f8 41f9 | 0805 0091 | 88f8 01f9 | 1400 0014 | 8960 0f91 | 2801 40f9 | c800 00b5 
  0x000000010fb6e894: 2201 00f9 | e803 40b2 | 8980 0f91 | 2801 00f9 | 0c00 0014 | 89a0 0f91 | 2801 40f9 | c800 00b5 
  0x000000010fb6e8b4: 2201 00f9 | e803 40b2 | 89c0 0f91 | 2801 00f9 | 0400 0014 | 88e4 41f9 | 0805 0091 | 88e4 01f9 
  0x000000010fb6e8d4: ;   {oop(a 'kotlinx/coroutines/Job$Key'{0x0000000300bda9d8})}
  0x000000010fb6e8d4: 023b 95d2 | a217 a0f2 | 6200 c0f2 | e103 00aa | 0930 82d2 | a978 bdf2 | e900 c0f2 

  0x000000010fb6e8f0: ; ImmutableOopMap {[176]=Oop [208]=Oop [216]=Oop [224]=Oop [232]=Oop [248]=Oop [256]=Oop }
                      ;*invokeinterface get {reexecute=0 rethrow=0 return_oop=0}
                      ; - kotlinx.coroutines.DispatchedTask::run@147 (line 91)
                      ;   {virtual_call}
  0x000000010fb6e8f0: 9ccc c595 

  0x000000010fb6e8f4: ;   {other}
  0x000000010fb6e8f4: 1f20 03d5 | 9f7c 82f2 | 1f40 81f2 | 0001 00b5 

  0x000000010fb6e904: ;   {metadata(method data for {method} {0x0000000128504ee8} 'run' '()V' in 'kotlinx/coroutines/DispatchedTask')}
  0x000000010fb6e904: 0300 95d2 | 233e a5f2 | 2300 c0f2 | 68e4 4f39 | 0801 40b2 | 68e4 0f39 | 3d00 0014 

  0x000000010fb6e920: ;   {metadata('kotlinx/coroutines/Job')}
  0x000000010fb6e920: 02ce 8bd2 | 0221 a0f2 | 021b c0f2 | 0308 40b9 | 031b c0f2 | 6810 40f9 | 5f00 08eb | e000 0054 
  0x000000010fb6e940: 7f00 02eb | a000 0054 | e30b bfa9 

  0x000000010fb6e94c: ;   {runtime_call slow_subtype_check Runtime1 stub}
  0x000000010fb6e94c: 4d58 c595 | e307 41f8 | e304 0034 

  0x000000010fb6e958: ;   {metadata(method data for {method} {0x0000000128504ee8} 'run' '()V' in 'kotlinx/coroutines/DispatchedTask')}
  0x000000010fb6e958: 0300 95d2 | 233e a5f2 | 2300 c0f2 | 0208 40b9 | 021b c0f2 | 6940 1091 | 2801 40f9 | 5f00 08eb 
  0x000000010fb6e978: a100 0054 | 680c 42f9 | 0805 0091 | 680c 02f9 | 2200 0014 | 6980 1091 | 2801 40f9 | 5f00 08eb 
  0x000000010fb6e998: a100 0054 | 6814 42f9 | 0805 0091 | 6814 02f9 | 1a00 0014 | 6940 1091 | 2801 40f9 | c800 00b5 
  0x000000010fb6e9b8: 2201 00f9 | e803 40b2 | 6960 1091 | 2801 00f9 | 1200 0014 | 6980 1091 | 2801 40f9 | c800 00b5 
  0x000000010fb6e9d8: 2201 00f9 | e803 40b2 | 69a0 1091 | 2801 00f9 | 0a00 0014 | 0900 0014 

  0x000000010fb6e9f0: ;   {metadata(method data for {method} {0x0000000128504ee8} 'run' '()V' in 'kotlinx/coroutines/DispatchedTask')}
  0x000000010fb6e9f0: 0300 95d2 | 233e a5f2 | 2300 c0f2 | 6800 42f9 | 0805 00d1 | 6800 02f9 | e307 0014 | 0100 0014 
  0x000000010fb6ea10: e103 00aa 

  0x000000010fb6ea14: ;   {metadata(method data for {method} {0x0000000128504ee8} 'run' '()V' in 'kotlinx/coroutines/DispatchedTask')}
  0x000000010fb6ea14: 0000 95d2 | 203e a5f2 | 2000 c0f2 | 021c 42f9 | 4204 0091 | 021c 02f9 | e203 01aa | e103 1faa 
  0x000000010fb6ea34: 5f00 01eb 

  0x000000010fb6ea38: ;   {metadata(method data for {method} {0x0000000128504ee8} 'run' '()V' in 'kotlinx/coroutines/DispatchedTask')}
  0x000000010fb6ea38: 0100 95d2 | 213e a5f2 | 2100 c0f2 | 088a 80d2 | 098c 80d2 | 0001 899a | 2368 60f8 | 6304 0091 
  0x000000010fb6ea58: 2368 20f8 | e007 0054 

  0x000000010fb6ea60: ; implicit exception: dispatches to 0x000000010fb7099c
  0x000000010fb6ea60: 5f00 40f9 | e103 02aa 

  0x000000010fb6ea68: ;   {metadata(method data for {method} {0x0000000128504ee8} 'run' '()V' in 'kotlinx/coroutines/DispatchedTask')}
  0x000000010fb6ea68: 0000 95d2 | 203e a5f2 | 2000 c0f2 | 2108 40b9 | 011b c0f2 | 0900 1291 | 2801 40f9 | 3f00 08eb 
  0x000000010fb6ea88: a100 0054 | 0844 42f9 | 0805 0091 | 0844 02f9 | 1c00 0014 | 0940 1291 | 2801 40f9 | 3f00 08eb 
  0x000000010fb6eaa8: a100 0054 | 084c 42f9 | 0805 0091 | 084c 02f9 | 1400 0014 | 0900 1291 | 2801 40f9 | c800 00b5 
  0x000000010fb6eac8: 2101 00f9 | e803 40b2 | 0920 1291 | 2801 00f9 | 0c00 0014 | 0940 1291 | 2801 40f9 | c800 00b5 
  0x000000010fb6eae8: 2101 00f9 | e803 40b2 | 0960 1291 | 2801 00f9 | 0400 0014 | 0838 42f9 | 0805 0091 | 0838 02f9 
  0x000000010fb6eb08: e103 02aa | e287 00f9 | 0948 86d2 | 4973 bdf2 | e900 c0f2 

  0x000000010fb6eb1c: ; ImmutableOopMap {[176]=Oop [208]=Oop [216]=Oop [224]=Oop [232]=Oop [248]=Oop [256]=Oop [264]=Oop }
                      ;*invokeinterface isActive {reexecute=0 rethrow=0 return_oop=0}
                      ; - kotlinx.coroutines.DispatchedTask::run@168 (line 92)
                      ;   {virtual_call}
  0x000000010fb6eb1c: 1d90 ca95 

  0x000000010fb6eb20: ;   {other}
  0x000000010fb6eb20: 1f20 03d5 | 1fc2 82f2 | 1f60 81f2 | 1f00 0071 

  0x000000010fb6eb30: ;   {metadata(method data for {method} {0x0000000128504ee8} 'run' '()V' in 'kotlinx/coroutines/DispatchedTask')}
  0x000000010fb6eb30: 0300 95d2 | 233e a5f2 | 2300 c0f2 | 0897 80d2 | 0995 80d2 | 0001 899a | 6468 60f8 | 8404 0091 
  0x000000010fb6eb50: 6468 20f8 | 8049 0054 | e083 40f9 | e303 1faa | 1f00 03eb 

  0x000000010fb6eb64: ;   {metadata(method data for {method} {0x0000000128504ee8} 'run' '()V' in 'kotlinx/coroutines/DispatchedTask')}
  0x000000010fb6eb64: 0300 95d2 | 233e a5f2 | 2300 c0f2 | 08e7 80d2 | 09e9 80d2 | 0401 899a | 6a68 64f8 | 4a05 0091 
  0x000000010fb6eb84: 6a68 24f8 | 6039 0054 

  0x000000010fb6eb8c: ;   {metadata(method data for {method} {0x0000000128504ee8} 'run' '()V' in 'kotlinx/coroutines/DispatchedTask')}
  0x000000010fb6eb8c: 0300 95d2 | 233e a5f2 | 2300 c0f2 | 68ac 43f9 | 0805 0091 | 68ac 03f9 

  0x000000010fb6eba4: ;   {metadata(method data for {method} {0x00000001285246c0} 'createFailure' '(Ljava/lang/Throwable;)Ljava/lang/Object;' in 'kotlin/ResultKt')}
  0x000000010fb6eba4: 0374 91d2 | 233e a5f2 | 2300 c0f2 | 64ac 40b9 | 8408 0011 | 64ac 00b9 | 844c 1f12 | 9f00 0071 
  0x000000010fb6ebc4: e0ee 0054 

  0x000000010fb6ebc8: ;   {metadata(method data for {method} {0x00000001285246c0} 'createFailure' '(Ljava/lang/Throwable;)Ljava/lang/Object;' in 'kotlin/ResultKt')}
  0x000000010fb6ebc8: 0374 91d2 | 233e a5f2 | 2300 c0f2 | 6878 40f9 | 0805 0091 | 6878 00f9 

  0x000000010fb6ebe0: ;   {metadata(method data for {method} {0x000000012841aec8} 'checkNotNullParameter' '(Ljava/lang/Object;Ljava/lang/String;)V' in 'kotlin/jvm/internal/Intrinsics')}
  0x000000010fb6ebe0: 03d6 8cd2 | c30b a5f2 | 2300 c0f2 | 64ac 40b9 | 8408 0011 | 64ac 00b9 | 844c 1f12 | 9f00 0071 
  0x000000010fb6ec00: 00ee 0054 | e303 1faa | 1f00 03eb 

  0x000000010fb6ec0c: ;   {metadata(method data for {method} {0x000000012841aec8} 'checkNotNullParameter' '(Ljava/lang/Object;Ljava/lang/String;)V' in 'kotlin/jvm/internal/Intrinsics')}
  0x000000010fb6ec0c: 03d6 8cd2 | c30b a5f2 | 2300 c0f2 | e80f 7cb2 | e903 78b2 | 0411 899a | 6a68 64f8 | 4a05 0091 
  0x000000010fb6ec2c: 6a68 24f8 | 4110 0054 

  0x000000010fb6ec34: ;   {metadata(method data for {method} {0x000000012841aec8} 'checkNotNullParameter' '(Ljava/lang/Object;Ljava/lang/String;)V' in 'kotlin/jvm/internal/Intrinsics')}
  0x000000010fb6ec34: 03d6 8cd2 | c30b a5f2 | 2300 c0f2 | 6888 40f9 | 0805 0091 | 6888 00f9 

  0x000000010fb6ec4c: ;   {metadata(method data for {method} {0x000000012841b048} 'throwParameterIsNullNPE' '(Ljava/lang/String;)V' in 'kotlin/jvm/internal/Intrinsics')}
  0x000000010fb6ec4c: 0303 8dd2 | c30b a5f2 | 2300 c0f2 | 64ac 40b9 | 8408 0011 | 64ac 00b9 | 844c 1f12 | 9f00 0071 
  0x000000010fb6ec6c: a0eb 0054 

  0x000000010fb6ec70: ; ImmutableOopMap {[176]=Oop [208]=Oop [216]=Oop [224]=Oop [232]=Oop [256]=Oop }
                      ;*new {reexecute=0 rethrow=0 return_oop=0}
                      ; - kotlin.jvm.internal.Intrinsics::throwParameterIsNullNPE@0 (line 140)
                      ; - kotlin.jvm.internal.Intrinsics::checkNotNullParameter@5 (line 131)
                      ; - kotlin.ResultKt::createFailure@3
                      ; - kotlinx.coroutines.DispatchedTask::run@273 (line 98)
                      ;   {runtime_call load_mirror_patching Runtime1 stub}
  0x000000010fb6ec70: 2460 c595 | 80df 40f9 | 0bc0 0091 | 88e7 40f9 | 7f01 08eb | e8eb 0054 | 8bdf 00f9 | ea03 40b2 
  0x000000010fb6ec90: 0a00 00f9 | ea03 032a | 0a7c 0129 | 0a40 0091 | 5f7d 00a9 | 5f7d 01a9 | bf3a 03d5 

  0x000000010fb6ecac: ;   {metadata(method data for {method} {0x000000012841b048} 'throwParameterIsNullNPE' '(Ljava/lang/String;)V' in 'kotlin/jvm/internal/Intrinsics')}
  0x000000010fb6ecac: 0103 8dd2 | c10b a5f2 | 2100 c0f2 | 2878 40f9 | 0805 0091 | 2878 00f9 

  0x000000010fb6ecc4: ;   {oop("exception"{0x000000030123d4a0})}
  0x000000010fb6ecc4: 0194 9ad2 | 6124 a0f2 | 6100 c0f2 | e08b 00f9 

  0x000000010fb6ecd4: ; ImmutableOopMap {[176]=Oop [208]=Oop [216]=Oop [224]=Oop [232]=Oop [256]=Oop [272]=Oop }
                      ;*invokestatic createParameterIsNullExceptionMessage {reexecute=0 rethrow=0 return_oop=0}
                      ; - kotlin.jvm.internal.Intrinsics::throwParameterIsNullNPE@5 (line 140)
                      ; - kotlin.jvm.internal.Intrinsics::checkNotNullParameter@5 (line 131)
                      ; - kotlin.ResultKt::createFailure@3
                      ; - kotlinx.coroutines.DispatchedTask::run@273 (line 98)
                      ;   {static_call}
  0x000000010fb6ecd4: abf6 c195 

  0x000000010fb6ecd8: ;   {other}
  0x000000010fb6ecd8: 1f20 03d5 | 1ff9 82f2 | 1fa0 81f2 | e28b 40f9 

  0x000000010fb6ece8: ;   {metadata(method data for {method} {0x000000012841b048} 'throwParameterIsNullNPE' '(Ljava/lang/String;)V' in 'kotlin/jvm/internal/Intrinsics')}
  0x000000010fb6ece8: 0103 8dd2 | c10b a5f2 | 2100 c0f2 | 2880 40f9 | 0805 0091 | 2880 00f9 | e203 00aa | e18b 40f9 
  0x000000010fb6ed08: ; ImmutableOopMap {[176]=Oop [208]=Oop [216]=Oop [224]=Oop [232]=Oop [256]=Oop [272]=Oop }
                      ;*invokespecial <init> {reexecute=0 rethrow=0 return_oop=0}
                      ; - kotlin.jvm.internal.Intrinsics::throwParameterIsNullNPE@8 (line 140)
                      ; - kotlin.jvm.internal.Intrinsics::checkNotNullParameter@5 (line 131)
                      ; - kotlin.ResultKt::createFailure@3
                      ; - kotlinx.coroutines.DispatchedTask::run@273 (line 98)
                      ;   {optimized virtual_call}
  0x000000010fb6ed08: 1ef5 c195 

  0x000000010fb6ed0c: ;   {other}
  0x000000010fb6ed0c: 1f20 03d5 | 9fff 82f2 | 1fc0 81f2 

  0x000000010fb6ed18: ;   {metadata(method data for {method} {0x000000012841b048} 'throwParameterIsNullNPE' '(Ljava/lang/String;)V' in 'kotlin/jvm/internal/Intrinsics')}
  0x000000010fb6ed18: 0103 8dd2 | c10b a5f2 | 2100 c0f2 | 2888 40f9 | 0805 0091 | 2888 00f9 

  0x000000010fb6ed30: ;   {metadata(method data for {method} {0x000000012841c0c0} 'sanitizeStackTrace' '(Ljava/lang/Throwable;)Ljava/lang/Throwable;' in 'kotlin/jvm/internal/Intrinsics')}
  0x000000010fb6ed30: 01d7 8dd2 | c10b a5f2 | 2100 c0f2 | 20ac 40b9 | 0008 0011 | 20ac 00b9 | 004c 1f12 | 1f00 0071 
  0x000000010fb6ed50: c0e5 0054 

  0x000000010fb6ed54: ;   {oop(a 'java/lang/Class'{0x0000000300bb1a90} = 'kotlin/jvm/internal/Intrinsics')}
  0x000000010fb6ed54: 0152 83d2 | 6117 a0f2 | 6100 c0f2 | e003 01aa 

  0x000000010fb6ed64: ;   {metadata(method data for {method} {0x000000012841c0c0} 'sanitizeStackTrace' '(Ljava/lang/Throwable;)Ljava/lang/Throwable;' in 'kotlin/jvm/internal/Intrinsics')}
  0x000000010fb6ed64: 02d7 8dd2 | c20b a5f2 | 2200 c0f2 | 4878 40f9 | 0805 0091 | 4878 00f9 

  0x000000010fb6ed7c: ;   {metadata(method data for {method} {0x000000d8004684b0} 'getName' '()Ljava/lang/String;' in 'java/lang/Class')}
  0x000000010fb6ed7c: 00a7 94d2 | 6000 a5f2 | 2000 c0f2 | 02ac 40b9 | 4208 0011 | 02ac 00b9 | 424c 1f12 | 5f00 0071 
  0x000000010fb6ed9c: 60e4 0054 

  0x000000010fb6eda0: ; implicit exception: dispatches to 0x000000010fb70a48
  0x000000010fb6eda0: 212c 40b9 | 21f0 7dd3 | e003 1faa | 3f00 00eb 

  0x000000010fb6edb0: ;   {metadata(method data for {method} {0x000000d8004684b0} 'getName' '()Ljava/lang/String;' in 'java/lang/Class')}
  0x000000010fb6edb0: 00a7 94d2 | 6000 a5f2 | 2000 c0f2 | e80f 7cb2 | e903 78b2 | 0201 899a | 0368 62f8 | 6304 0091 
  0x000000010fb6edd0: 0368 22f8 | 2001 0054 

  0x000000010fb6edd8: ;   {metadata(method data for {method} {0x000000d8004684b0} 'getName' '()Ljava/lang/String;' in 'java/lang/Class')}
  0x000000010fb6edd8: 00a7 94d2 | 6000 a5f2 | 2000 c0f2 | 0288 40f9 | 4204 0091 | 0288 00f9 | e003 01aa | 0f00 0014 
  0x000000010fb6edf8: ;   {oop(a 'java/lang/Class'{0x0000000300bb1a90} = 'kotlin/jvm/internal/Intrinsics')}
  0x000000010fb6edf8: 0152 83d2 | 6117 a0f2 | 6100 c0f2 | e003 01aa 

  0x000000010fb6ee08: ;   {metadata(method data for {method} {0x000000d8004684b0} 'getName' '()Ljava/lang/String;' in 'java/lang/Class')}
  0x000000010fb6ee08: 02a7 94d2 | 6200 a5f2 | 2200 c0f2 | 4894 40f9 | 0805 0091 | 4894 00f9 

  0x000000010fb6ee20: ; ImmutableOopMap {[176]=Oop [208]=Oop [216]=Oop [224]=Oop [232]=Oop [256]=Oop [272]=Oop }
                      ;*invokevirtual initClassName {reexecute=0 rethrow=0 return_oop=0}
                      ; - java.lang.Class::getName@14 (line 950)
                      ; - kotlin.jvm.internal.Intrinsics::sanitizeStackTrace@3 (line 253)
                      ; - kotlin.jvm.internal.Intrinsics::throwParameterIsNullNPE@11 (line 140)
                      ; - kotlin.jvm.internal.Intrinsics::checkNotNullParameter@5 (line 131)
                      ; - kotlin.ResultKt::createFailure@3
                      ; - kotlinx.coroutines.DispatchedTask::run@273 (line 98)
                      ;   {optimized virtual_call}
  0x000000010fb6ee20: d8f4 c195 

  0x000000010fb6ee24: ;   {other}
  0x000000010fb6ee24: 1f20 03d5 | 9f22 83f2 | 1fe0 81f2 | e18b 40f9 | 0505 0014 

  0x000000010fb6ee38: ;   {metadata('kotlin/Result$Failure')}
  0x000000010fb6ee38: 0316 9ed2 | 0321 a0f2 | 031b c0f2 | e203 00aa | 80df 40f9 | 0b40 0091 | 88e7 40f9 | 7f01 08eb 
  0x000000010fb6ee58: a8df 0054 | 8bdf 00f9 | ea03 40b2 | 0a00 00f9 | ea03 032a | 0a7c 0129 | bf3a 03d5 | e093 00f9 
  0x000000010fb6ee78: e303 00aa 

  0x000000010fb6ee7c: ;   {metadata(method data for {method} {0x00000001285246c0} 'createFailure' '(Ljava/lang/Throwable;)Ljava/lang/Object;' in 'kotlin/ResultKt')}
  0x000000010fb6ee7c: 0474 91d2 | 243e a5f2 | 2400 c0f2 | 8880 40f9 | 0805 0091 | 8880 00f9 

  0x000000010fb6ee94: ;   {metadata(method data for {method} {0x000000012850d528} '<init>' '(Ljava/lang/Throwable;)V' in 'kotlin/Result$Failure')}
  0x000000010fb6ee94: 039e 91d2 | 233e a5f2 | 2300 c0f2 | 64ac 40b9 | 8408 0011 | 64ac 00b9 | 844c 1f12 | 9f00 0071 
  0x000000010fb6eeb4: 00dd 0054 

  0x000000010fb6eeb8: ;   {metadata(method data for {method} {0x000000012850d528} '<init>' '(Ljava/lang/Throwable;)V' in 'kotlin/Result$Failure')}
  0x000000010fb6eeb8: 039e 91d2 | 233e a5f2 | 2300 c0f2 | 6878 40f9 | 0805 0091 | 6878 00f9 

  0x000000010fb6eed0: ;   {metadata(method data for {method} {0x000000012841aec8} 'checkNotNullParameter' '(Ljava/lang/Object;Ljava/lang/String;)V' in 'kotlin/jvm/internal/Intrinsics')}
  0x000000010fb6eed0: 03d6 8cd2 | c30b a5f2 | 2300 c0f2 | 64ac 40b9 | 8408 0011 | 64ac 00b9 | 844c 1f12 | 9f00 0071 
  0x000000010fb6eef0: 20dc 0054 | e303 1faa | 5f00 03eb 

  0x000000010fb6eefc: ;   {metadata(method data for {method} {0x000000012841aec8} 'checkNotNullParameter' '(Ljava/lang/Object;Ljava/lang/String;)V' in 'kotlin/jvm/internal/Intrinsics')}
  0x000000010fb6eefc: 03d6 8cd2 | c30b a5f2 | 2300 c0f2 | e80f 7cb2 | e903 78b2 | 0411 899a | 6a68 64f8 | 4a05 0091 
  0x000000010fb6ef1c: 6a68 24f8 | 4110 0054 

  0x000000010fb6ef24: ;   {metadata(method data for {method} {0x000000012841aec8} 'checkNotNullParameter' '(Ljava/lang/Object;Ljava/lang/String;)V' in 'kotlin/jvm/internal/Intrinsics')}
  0x000000010fb6ef24: 03d6 8cd2 | c30b a5f2 | 2300 c0f2 | 6888 40f9 | 0805 0091 | 6888 00f9 

  0x000000010fb6ef3c: ;   {metadata(method data for {method} {0x000000012841b048} 'throwParameterIsNullNPE' '(Ljava/lang/String;)V' in 'kotlin/jvm/internal/Intrinsics')}
  0x000000010fb6ef3c: 0303 8dd2 | c30b a5f2 | 2300 c0f2 | 64ac 40b9 | 8408 0011 | 64ac 00b9 | 844c 1f12 | 9f00 0071 
  0x000000010fb6ef5c: c0d9 0054 

  0x000000010fb6ef60: ; ImmutableOopMap {[176]=Oop [208]=Oop [216]=Oop [224]=Oop [232]=Oop [256]=Oop [288]=Oop }
                      ;*new {reexecute=0 rethrow=0 return_oop=0}
                      ; - kotlin.jvm.internal.Intrinsics::throwParameterIsNullNPE@0 (line 140)
                      ; - kotlin.jvm.internal.Intrinsics::checkNotNullParameter@5 (line 131)
                      ; - kotlin.Result$Failure::<init>@3
                      ; - kotlin.ResultKt::createFailure@11 (line 122)
                      ; - kotlinx.coroutines.DispatchedTask::run@273 (line 98)
                      ;   {runtime_call load_mirror_patching Runtime1 stub}
  0x000000010fb6ef60: 685f c595 | 80df 40f9 | 0bc0 0091 | 88e7 40f9 | 7f01 08eb | 08da 0054 | 8bdf 00f9 | ea03 40b2 
  0x000000010fb6ef80: 0a00 00f9 | ea03 032a | 0a7c 0129 | 0a40 0091 | 5f7d 00a9 | 5f7d 01a9 | bf3a 03d5 

  0x000000010fb6ef9c: ;   {metadata(method data for {method} {0x000000012841b048} 'throwParameterIsNullNPE' '(Ljava/lang/String;)V' in 'kotlin/jvm/internal/Intrinsics')}
  0x000000010fb6ef9c: 0103 8dd2 | c10b a5f2 | 2100 c0f2 | 2878 40f9 | 0805 0091 | 2878 00f9 

  0x000000010fb6efb4: ;   {oop("exception"{0x000000030123d4a0})}
  0x000000010fb6efb4: 0194 9ad2 | 6124 a0f2 | 6100 c0f2 | e08f 00f9 

  0x000000010fb6efc4: ; ImmutableOopMap {[176]=Oop [208]=Oop [216]=Oop [224]=Oop [232]=Oop [256]=Oop [280]=Oop [288]=Oop }
                      ;*invokestatic createParameterIsNullExceptionMessage {reexecute=0 rethrow=0 return_oop=0}
                      ; - kotlin.jvm.internal.Intrinsics::throwParameterIsNullNPE@5 (line 140)
                      ; - kotlin.jvm.internal.Intrinsics::checkNotNullParameter@5 (line 131)
                      ; - kotlin.Result$Failure::<init>@3
                      ; - kotlin.ResultKt::createFailure@11 (line 122)
                      ; - kotlinx.coroutines.DispatchedTask::run@273 (line 98)
                      ;   {static_call}
  0x000000010fb6efc4: eff5 c195 

  0x000000010fb6efc8: ;   {other}
  0x000000010fb6efc8: 1f20 03d5 | 1f57 83f2 | 1f20 82f2 | e28f 40f9 

  0x000000010fb6efd8: ;   {metadata(method data for {method} {0x000000012841b048} 'throwParameterIsNullNPE' '(Ljava/lang/String;)V' in 'kotlin/jvm/internal/Intrinsics')}
  0x000000010fb6efd8: 0103 8dd2 | c10b a5f2 | 2100 c0f2 | 2880 40f9 | 0805 0091 | 2880 00f9 | e203 00aa | e18f 40f9 
  0x000000010fb6eff8: ; ImmutableOopMap {[176]=Oop [208]=Oop [216]=Oop [224]=Oop [232]=Oop [256]=Oop [280]=Oop [288]=Oop }
                      ;*invokespecial <init> {reexecute=0 rethrow=0 return_oop=0}
                      ; - kotlin.jvm.internal.Intrinsics::throwParameterIsNullNPE@8 (line 140)
                      ; - kotlin.jvm.internal.Intrinsics::checkNotNullParameter@5 (line 131)
                      ; - kotlin.Result$Failure::<init>@3
                      ; - kotlin.ResultKt::createFailure@11 (line 122)
                      ; - kotlinx.coroutines.DispatchedTask::run@273 (line 98)
                      ;   {optimized virtual_call}
  0x000000010fb6eff8: 62f4 c195 

  0x000000010fb6effc: ;   {other}
  0x000000010fb6effc: 1f20 03d5 | 9f5d 83f2 | 1f40 82f2 

  0x000000010fb6f008: ;   {metadata(method data for {method} {0x000000012841b048} 'throwParameterIsNullNPE' '(Ljava/lang/String;)V' in 'kotlin/jvm/internal/Intrinsics')}
  0x000000010fb6f008: 0103 8dd2 | c10b a5f2 | 2100 c0f2 | 2888 40f9 | 0805 0091 | 2888 00f9 

  0x000000010fb6f020: ;   {metadata(method data for {method} {0x000000012841c0c0} 'sanitizeStackTrace' '(Ljava/lang/Throwable;)Ljava/lang/Throwable;' in 'kotlin/jvm/internal/Intrinsics')}
  0x000000010fb6f020: 01d7 8dd2 | c10b a5f2 | 2100 c0f2 | 20ac 40b9 | 0008 0011 | 20ac 00b9 | 004c 1f12 | 1f00 0071 
  0x000000010fb6f040: e0d3 0054 

  0x000000010fb6f044: ;   {oop(a 'java/lang/Class'{0x0000000300bb1a90} = 'kotlin/jvm/internal/Intrinsics')}
  0x000000010fb6f044: 0152 83d2 | 6117 a0f2 | 6100 c0f2 | e003 01aa 

  0x000000010fb6f054: ;   {metadata(method data for {method} {0x000000012841c0c0} 'sanitizeStackTrace' '(Ljava/lang/Throwable;)Ljava/lang/Throwable;' in 'kotlin/jvm/internal/Intrinsics')}
  0x000000010fb6f054: 02d7 8dd2 | c20b a5f2 | 2200 c0f2 | 4878 40f9 | 0805 0091 | 4878 00f9 

  0x000000010fb6f06c: ;   {metadata(method data for {method} {0x000000d8004684b0} 'getName' '()Ljava/lang/String;' in 'java/lang/Class')}
  0x000000010fb6f06c: 00a7 94d2 | 6000 a5f2 | 2000 c0f2 | 02ac 40b9 | 4208 0011 | 02ac 00b9 | 424c 1f12 | 5f00 0071 
  0x000000010fb6f08c: 80d2 0054 

  0x000000010fb6f090: ; implicit exception: dispatches to 0x000000010fb70afc
  0x000000010fb6f090: 212c 40b9 | 21f0 7dd3 | e003 1faa | 3f00 00eb 

  0x000000010fb6f0a0: ;   {metadata(method data for {method} {0x000000d8004684b0} 'getName' '()Ljava/lang/String;' in 'java/lang/Class')}
  0x000000010fb6f0a0: 00a7 94d2 | 6000 a5f2 | 2000 c0f2 | e80f 7cb2 | e903 78b2 | 0201 899a | 0368 62f8 | 6304 0091 
  0x000000010fb6f0c0: 0368 22f8 | 2001 0054 

  0x000000010fb6f0c8: ;   {metadata(method data for {method} {0x000000d8004684b0} 'getName' '()Ljava/lang/String;' in 'java/lang/Class')}
  0x000000010fb6f0c8: 00a7 94d2 | 6000 a5f2 | 2000 c0f2 | 0288 40f9 | 4204 0091 | 0288 00f9 | e003 01aa | 0f00 0014 
  0x000000010fb6f0e8: ;   {oop(a 'java/lang/Class'{0x0000000300bb1a90} = 'kotlin/jvm/internal/Intrinsics')}
  0x000000010fb6f0e8: 0152 83d2 | 6117 a0f2 | 6100 c0f2 | e003 01aa 

  0x000000010fb6f0f8: ;   {metadata(method data for {method} {0x000000d8004684b0} 'getName' '()Ljava/lang/String;' in 'java/lang/Class')}
  0x000000010fb6f0f8: 02a7 94d2 | 6200 a5f2 | 2200 c0f2 | 4894 40f9 | 0805 0091 | 4894 00f9 

  0x000000010fb6f110: ; ImmutableOopMap {[176]=Oop [208]=Oop [216]=Oop [224]=Oop [232]=Oop [256]=Oop [280]=Oop [288]=Oop }
                      ;*invokevirtual initClassName {reexecute=0 rethrow=0 return_oop=0}
                      ; - java.lang.Class::getName@14 (line 950)
                      ; - kotlin.jvm.internal.Intrinsics::sanitizeStackTrace@3 (line 253)
                      ; - kotlin.jvm.internal.Intrinsics::throwParameterIsNullNPE@11 (line 140)
                      ; - kotlin.jvm.internal.Intrinsics::checkNotNullParameter@5 (line 131)
                      ; - kotlin.Result$Failure::<init>@3
                      ; - kotlin.ResultKt::createFailure@11 (line 122)
                      ; - kotlinx.coroutines.DispatchedTask::run@273 (line 98)
                      ;   {optimized virtual_call}
  0x000000010fb6f110: 1cf4 c195 

  0x000000010fb6f114: ;   {other}
  0x000000010fb6f114: 1f20 03d5 | 9f80 83f2 | 1f60 82f2 | e18f 40f9 | fb03 0014 | e303 02aa | e203 00aa 

  0x000000010fb6f130: ;   {metadata(method data for {method} {0x000000012850d528} '<init>' '(Ljava/lang/Throwable;)V' in 'kotlin/Result$Failure')}
  0x000000010fb6f130: 019e 91d2 | 213e a5f2 | 2100 c0f2 | 2880 40f9 | 0805 0091 | 2880 00f9 

  0x000000010fb6f148: ;   {metadata(method data for {method} {0x000000d800473798} '<init>' '()V' in 'java/lang/Object')}
  0x000000010fb6f148: 02a2 94d2 | 0200 a5f2 | 2200 c0f2 | 41ac 40b9 | 2108 0011 | 41ac 00b9 | 214c 1f12 | 3f00 0071 
  0x000000010fb6f168: c0cc 0054 | 8203 4139 | 5f00 0071 | 61cd 0054 | 68fc 43d3 | 080c 00b9 | 0200 03ca | 42fc 56d3 
  0x000000010fb6f188: 5f00 00f1 | 61cd 0054 | bf3a 03d5 

  0x000000010fb6f194: ;   {metadata(method data for {method} {0x0000000128504ee8} 'run' '()V' in 'kotlinx/coroutines/DispatchedTask')}
  0x000000010fb6f194: 0200 95d2 | 223e a5f2 | 2200 c0f2 | 48b4 43f9 | 0805 0091 | 48b4 03f9 

  0x000000010fb6f1ac: ;   {metadata(method data for {method} {0x000000012850e590} 'constructor-impl' '(Ljava/lang/Object;)Ljava/lang/Object;' in 'kotlin/Result')}
  0x000000010fb6f1ac: 02dc 97d2 | 6233 a5f2 | 2200 c0f2 | 41ac 40b9 | 2108 0011 | 41ac 00b9 | 214c 1f12 | 3f00 0071 
  0x000000010fb6f1cc: e0cb 0054 | e26b 40f9 

  0x000000010fb6f1d4: ;   {metadata(method data for {method} {0x0000000128504ee8} 'run' '()V' in 'kotlinx/coroutines/DispatchedTask')}
  0x000000010fb6f1d4: 0100 95d2 | 213e a5f2 | 2100 c0f2 | 4208 40b9 | 021b c0f2 | 2920 1e91 | 2801 40f9 | 5f00 08eb 
  0x000000010fb6f1f4: a100 0054 | 28c8 43f9 | 0805 0091 | 28c8 03f9 | 1c00 0014 | 2960 1e91 | 2801 40f9 | 5f00 08eb 
  0x000000010fb6f214: a100 0054 | 28d0 43f9 | 0805 0091 | 28d0 03f9 | 1400 0014 | 2920 1e91 | 2801 40f9 | c800 00b5 
  0x000000010fb6f234: 2201 00f9 | e803 40b2 | 2940 1e91 | 2801 00f9 | 0c00 0014 | 2960 1e91 | 2801 40f9 | c800 00b5 
  0x000000010fb6f254: 2201 00f9 | e803 40b2 | 2980 1e91 | 2801 00f9 | 0400 0014 | 28bc 43f9 | 0805 0091 | 28bc 03f9 
  0x000000010fb6f274: e203 00aa | e16b 40f9 | 09f8 97d2 | 2922 bdf2 | e900 c0f2 

  0x000000010fb6f288: ; ImmutableOopMap {[176]=Oop [216]=Oop [224]=Oop [232]=Oop }
                      ;*invokeinterface resumeWith {reexecute=0 rethrow=0 return_oop=0}
                      ; - kotlinx.coroutines.DispatchedTask::run@279 (line 98)
                      ;   {virtual_call}
  0x000000010fb6f288: 6cca c595 

  0x000000010fb6f28c: ;   {other}
  0x000000010fb6f28c: 1f20 03d5 | 9faf 83f2 | 1f80 82f2 

  0x000000010fb6f298: ;   {metadata(method data for {method} {0x0000000128504ee8} 'run' '()V' in 'kotlinx/coroutines/DispatchedTask')}
  0x000000010fb6f298: 0200 95d2 | 223e a5f2 | 2200 c0f2 | 41d8 43f9 | 2104 0091 | 41d8 03f9 | c002 0014 | e15b 40f9 
  0x000000010fb6f2b8: ;   {metadata(method data for {method} {0x0000000128504ee8} 'run' '()V' in 'kotlinx/coroutines/DispatchedTask')}
  0x000000010fb6f2b8: 0200 95d2 | 223e a5f2 | 2200 c0f2 | 2108 40b9 | 011b c0f2 | 4960 1f91 | 2801 40f9 | 3f00 08eb 
  0x000000010fb6f2d8: a100 0054 | 48f0 43f9 | 0805 0091 | 48f0 03f9 | 1c00 0014 | 49a0 1f91 | 2801 40f9 | 3f00 08eb 
  0x000000010fb6f2f8: a100 0054 | 48f8 43f9 | 0805 0091 | 48f8 03f9 | 1400 0014 | 4960 1f91 | 2801 40f9 | c800 00b5 
  0x000000010fb6f318: 2101 00f9 | e803 40b2 | 4980 1f91 | 2801 00f9 | 0c00 0014 | 49a0 1f91 | 2801 40f9 | c800 00b5 
  0x000000010fb6f338: 2101 00f9 | e803 40b2 | 49c0 1f91 | 2801 00f9 | 0400 0014 | 48e4 43f9 | 0805 0091 | 48e4 03f9 
  0x000000010fb6f358: e27f 40f9 | e15b 40f9 | e9ff 9fd2 | e9ff bff2 | e9ff dff2 

  0x000000010fb6f36c: ; ImmutableOopMap {[176]=Oop [208]=Oop [216]=Oop [224]=Oop [232]=Oop }
                      ;*invokevirtual getSuccessfulResult$kotlinx_coroutines_core {reexecute=0 rethrow=0 return_oop=0}
                      ; - kotlinx.coroutines.DispatchedTask::run@295 (line 100)
                      ;   {virtual_call}
  0x000000010fb6f36c: e5ca c595 

  0x000000010fb6f370: ;   {other}
  0x000000010fb6f370: 1f20 03d5 | 1fcc 83f2 | 1fa0 82f2 

  0x000000010fb6f37c: ;   {metadata(method data for {method} {0x0000000128504ee8} 'run' '()V' in 'kotlinx/coroutines/DispatchedTask')}
  0x000000010fb6f37c: 0200 95d2 | 223e a5f2 | 2200 c0f2 | 4800 44f9 | 0805 0091 | 4800 04f9 

  0x000000010fb6f394: ;   {metadata(method data for {method} {0x000000012850e590} 'constructor-impl' '(Ljava/lang/Object;)Ljava/lang/Object;' in 'kotlin/Result')}
  0x000000010fb6f394: 02dc 97d2 | 6233 a5f2 | 2200 c0f2 | 41ac 40b9 | 2108 0011 | 41ac 00b9 | 214c 1f12 | 3f00 0071 
  0x000000010fb6f3b4: a0bd 0054 | e26b 40f9 

  0x000000010fb6f3bc: ;   {metadata(method data for {method} {0x0000000128504ee8} 'run' '()V' in 'kotlinx/coroutines/DispatchedTask')}
  0x000000010fb6f3bc: 0100 95d2 | 213e a5f2 | 2100 c0f2 | 4208 40b9 | 021b c0f2 | 2980 2091 | 2801 40f9 | 5f00 08eb 
  0x000000010fb6f3dc: a100 0054 | 2814 44f9 | 0805 0091 | 2814 04f9 | 1c00 0014 | 29c0 2091 | 2801 40f9 | 5f00 08eb 
  0x000000010fb6f3fc: a100 0054 | 281c 44f9 | 0805 0091 | 281c 04f9 | 1400 0014 | 2980 2091 | 2801 40f9 | c800 00b5 
  0x000000010fb6f41c: 2201 00f9 | e803 40b2 | 29a0 2091 | 2801 00f9 | 0c00 0014 | 29c0 2091 | 2801 40f9 | c800 00b5 
  0x000000010fb6f43c: 2201 00f9 | e803 40b2 | 29e0 2091 | 2801 00f9 | 0400 0014 | 2808 44f9 | 0805 0091 | 2808 04f9 
  0x000000010fb6f45c: e203 00aa | e16b 40f9 | 0950 86d2 | 4973 bdf2 | e900 c0f2 

  0x000000010fb6f470: ; ImmutableOopMap {[176]=Oop [216]=Oop [224]=Oop [232]=Oop }
                      ;*invokeinterface resumeWith {reexecute=0 rethrow=0 return_oop=0}
                      ; - kotlinx.coroutines.DispatchedTask::run@301 (line 100)
                      ;   {virtual_call}
  0x000000010fb6f470: f2c9 c595 

  0x000000010fb6f474: ;   {other}
  0x000000010fb6f474: 1f20 03d5 | 9fec 83f2 | 1fc0 82f2 | 4c02 0014 | e287 40f9 | e103 02aa 

  0x000000010fb6f48c: ;   {metadata(method data for {method} {0x0000000128504ee8} 'run' '()V' in 'kotlinx/coroutines/DispatchedTask')}
  0x000000010fb6f48c: 0300 95d2 | 233e a5f2 | 2300 c0f2 | 2108 40b9 | 011b c0f2 | 6960 1391 | 2801 40f9 | 3f00 08eb 
  0x000000010fb6f4ac: a100 0054 | 6870 42f9 | 0805 0091 | 6870 02f9 | 1c00 0014 | 69a0 1391 | 2801 40f9 | 3f00 08eb 
  0x000000010fb6f4cc: a100 0054 | 6878 42f9 | 0805 0091 | 6878 02f9 | 1400 0014 | 6960 1391 | 2801 40f9 | c800 00b5 
  0x000000010fb6f4ec: 2101 00f9 | e803 40b2 | 6980 1391 | 2801 00f9 | 0c00 0014 | 69a0 1391 | 2801 40f9 | c800 00b5 
  0x000000010fb6f50c: 2101 00f9 | e803 40b2 | 69c0 1391 | 2801 00f9 | 0400 0014 | 6864 42f9 | 0805 0091 | 6864 02f9 
  0x000000010fb6f52c: e103 02aa | 097c 87d2 | 4973 bdf2 | e900 c0f2 

  0x000000010fb6f53c: ; ImmutableOopMap {[176]=Oop [208]=Oop [216]=Oop [224]=Oop [232]=Oop [248]=Oop }
                      ;*invokeinterface getCancellationException {reexecute=0 rethrow=0 return_oop=0}
                      ; - kotlinx.coroutines.DispatchedTask::run@178 (line 93)
                      ;   {virtual_call}
  0x000000010fb6f53c: 7c05 c295 

  0x000000010fb6f540: ;   {other}
  0x000000010fb6f540: 1f20 03d5 | 1f06 84f2 | 1fe0 82f2 | e097 00f9 | e15b 40f9 

  0x000000010fb6f554: ;   {metadata(method data for {method} {0x0000000128504ee8} 'run' '()V' in 'kotlinx/coroutines/DispatchedTask')}
  0x000000010fb6f554: 0200 95d2 | 223e a5f2 | 2200 c0f2 | 2108 40b9 | 011b c0f2 | 4920 1591 | 2801 40f9 | 3f00 08eb 
  0x000000010fb6f574: a100 0054 | 48a8 42f9 | 0805 0091 | 48a8 02f9 | 1c00 0014 | 4960 1591 | 2801 40f9 | 3f00 08eb 
  0x000000010fb6f594: a100 0054 | 48b0 42f9 | 0805 0091 | 48b0 02f9 | 1400 0014 | 4920 1591 | 2801 40f9 | c800 00b5 
  0x000000010fb6f5b4: 2101 00f9 | e803 40b2 | 4940 1591 | 2801 00f9 | 0c00 0014 | 4960 1591 | 2801 40f9 | c800 00b5 
  0x000000010fb6f5d4: 2101 00f9 | e803 40b2 | 4980 1591 | 2801 00f9 | 0400 0014 | 489c 42f9 | 0805 0091 | 489c 02f9 
  0x000000010fb6f5f4: e27f 40f9 | e303 00aa | e15b 40f9 | e9ff 9fd2 | e9ff bff2 | e9ff dff2 

  0x000000010fb6f60c: ; ImmutableOopMap {[176]=Oop [208]=Oop [216]=Oop [224]=Oop [232]=Oop [296]=Oop }
                      ;*invokevirtual cancelCompletedResult$kotlinx_coroutines_core {reexecute=0 rethrow=0 return_oop=0}
                      ; - kotlinx.coroutines.DispatchedTask::run@193 (line 94)
                      ;   {virtual_call}
  0x000000010fb6f60c: 29ca c595 

  0x000000010fb6f610: ;   {other}
  0x000000010fb6f610: 1f20 03d5 | 1f20 84f2 | 1f00 83f2 

  0x000000010fb6f61c: ;   {metadata(method data for {method} {0x0000000128504ee8} 'run' '()V' in 'kotlinx/coroutines/DispatchedTask')}
  0x000000010fb6f61c: 0300 95d2 | 233e a5f2 | 2300 c0f2 | 68b8 42f9 | 0805 0091 | 68b8 02f9 

  0x000000010fb6f634: ;   {metadata(method data for {method} {0x00000001284e2090} 'getRECOVER_STACK_TRACES' '()Z' in 'kotlinx/coroutines/DebugKt')}
  0x000000010fb6f634: 03ea 8dd2 | 6345 a5f2 | 2300 c0f2 | 60ac 40b9 | 0008 0011 | 60ac 00b9 | 004c 1f12 | 1f00 0071 
  0x000000010fb6f654: a0a9 0054 

  0x000000010fb6f658: ;   {metadata(method data for {method} {0x0000000128504ee8} 'run' '()V' in 'kotlinx/coroutines/DispatchedTask')}
  0x000000010fb6f658: 0300 95d2 | 233e a5f2 | 2300 c0f2 | 60c0 42f9 | 0004 0091 | 60c0 02f9 

  0x000000010fb6f670: ;   {metadata(method data for {method} {0x0000000128504ee8} 'run' '()V' in 'kotlinx/coroutines/DispatchedTask')}
  0x000000010fb6f670: 0300 95d2 | 233e a5f2 | 2300 c0f2 | 6018 43f9 | 0004 0091 | 6018 03f9 | e097 40f9 

  0x000000010fb6f68c: ;   {metadata(method data for {method} {0x0000000128504ee8} 'run' '()V' in 'kotlinx/coroutines/DispatchedTask')}
  0x000000010fb6f68c: 0300 95d2 | 233e a5f2 | 2300 c0f2 | 6864 43f9 | 0805 0091 | 6864 03f9 

  0x000000010fb6f6a4: ;   {metadata(method data for {method} {0x00000001285246c0} 'createFailure' '(Ljava/lang/Throwable;)Ljava/lang/Object;' in 'kotlin/ResultKt')}
  0x000000010fb6f6a4: 0374 91d2 | 233e a5f2 | 2300 c0f2 | 64ac 40b9 | 8408 0011 | 64ac 00b9 | 844c 1f12 | 9f00 0071 
  0x000000010fb6f6c4: 20a7 0054 

  0x000000010fb6f6c8: ;   {metadata(method data for {method} {0x00000001285246c0} 'createFailure' '(Ljava/lang/Throwable;)Ljava/lang/Object;' in 'kotlin/ResultKt')}
  0x000000010fb6f6c8: 0374 91d2 | 233e a5f2 | 2300 c0f2 | 6878 40f9 | 0805 0091 | 6878 00f9 

  0x000000010fb6f6e0: ;   {metadata(method data for {method} {0x000000012841aec8} 'checkNotNullParameter' '(Ljava/lang/Object;Ljava/lang/String;)V' in 'kotlin/jvm/internal/Intrinsics')}
  0x000000010fb6f6e0: 03d6 8cd2 | c30b a5f2 | 2300 c0f2 | 64ac 40b9 | 8408 0011 | 64ac 00b9 | 844c 1f12 | 9f00 0071 
  0x000000010fb6f700: 40a6 0054 | e303 1faa | 1f00 03eb 

  0x000000010fb6f70c: ;   {metadata(method data for {method} {0x000000012841aec8} 'checkNotNullParameter' '(Ljava/lang/Object;Ljava/lang/String;)V' in 'kotlin/jvm/internal/Intrinsics')}
  0x000000010fb6f70c: 03d6 8cd2 | c30b a5f2 | 2300 c0f2 | e80f 7cb2 | e903 78b2 | 0411 899a | 6a68 64f8 | 4a05 0091 
  0x000000010fb6f72c: 6a68 24f8 | 4110 0054 

  0x000000010fb6f734: ;   {metadata(method data for {method} {0x000000012841aec8} 'checkNotNullParameter' '(Ljava/lang/Object;Ljava/lang/String;)V' in 'kotlin/jvm/internal/Intrinsics')}
  0x000000010fb6f734: 03d6 8cd2 | c30b a5f2 | 2300 c0f2 | 6888 40f9 | 0805 0091 | 6888 00f9 

  0x000000010fb6f74c: ;   {metadata(method data for {method} {0x000000012841b048} 'throwParameterIsNullNPE' '(Ljava/lang/String;)V' in 'kotlin/jvm/internal/Intrinsics')}
  0x000000010fb6f74c: 0303 8dd2 | c30b a5f2 | 2300 c0f2 | 64ac 40b9 | 8408 0011 | 64ac 00b9 | 844c 1f12 | 9f00 0071 
  0x000000010fb6f76c: e0a3 0054 

  0x000000010fb6f770: ; ImmutableOopMap {[176]=Oop [208]=Oop [216]=Oop [224]=Oop [232]=Oop [296]=Oop }
                      ;*new {reexecute=0 rethrow=0 return_oop=0}
                      ; - kotlin.jvm.internal.Intrinsics::throwParameterIsNullNPE@0 (line 140)
                      ; - kotlin.jvm.internal.Intrinsics::checkNotNullParameter@5 (line 131)
                      ; - kotlin.ResultKt::createFailure@3
                      ; - kotlinx.coroutines.DispatchedTask::run@246 (line 232)
                      ;   {runtime_call load_mirror_patching Runtime1 stub}
  0x000000010fb6f770: 645d c595 | 80df 40f9 | 0bc0 0091 | 88e7 40f9 | 7f01 08eb | 28a4 0054 | 8bdf 00f9 | ea03 40b2 
  0x000000010fb6f790: 0a00 00f9 | ea03 032a | 0a7c 0129 | 0a40 0091 | 5f7d 00a9 | 5f7d 01a9 | bf3a 03d5 

  0x000000010fb6f7ac: ;   {metadata(method data for {method} {0x000000012841b048} 'throwParameterIsNullNPE' '(Ljava/lang/String;)V' in 'kotlin/jvm/internal/Intrinsics')}
  0x000000010fb6f7ac: 0103 8dd2 | c10b a5f2 | 2100 c0f2 | 2878 40f9 | 0805 0091 | 2878 00f9 

  0x000000010fb6f7c4: ;   {oop("exception"{0x000000030123d4a0})}
  0x000000010fb6f7c4: 0194 9ad2 | 6124 a0f2 | 6100 c0f2 | e09b 00f9 

  0x000000010fb6f7d4: ; ImmutableOopMap {[176]=Oop [208]=Oop [216]=Oop [224]=Oop [232]=Oop [296]=Oop [304]=Oop }
                      ;*invokestatic createParameterIsNullExceptionMessage {reexecute=0 rethrow=0 return_oop=0}
                      ; - kotlin.jvm.internal.Intrinsics::throwParameterIsNullNPE@5 (line 140)
                      ; - kotlin.jvm.internal.Intrinsics::checkNotNullParameter@5 (line 131)
                      ; - kotlin.ResultKt::createFailure@3
                      ; - kotlinx.coroutines.DispatchedTask::run@246 (line 232)
                      ;   {static_call}
  0x000000010fb6f7d4: ebf3 c195 

  0x000000010fb6f7d8: ;   {other}
  0x000000010fb6f7d8: 1f20 03d5 | 1f59 84f2 | 1f40 83f2 | e29b 40f9 

  0x000000010fb6f7e8: ;   {metadata(method data for {method} {0x000000012841b048} 'throwParameterIsNullNPE' '(Ljava/lang/String;)V' in 'kotlin/jvm/internal/Intrinsics')}
  0x000000010fb6f7e8: 0103 8dd2 | c10b a5f2 | 2100 c0f2 | 2880 40f9 | 0805 0091 | 2880 00f9 | e203 00aa | e19b 40f9 
  0x000000010fb6f808: ; ImmutableOopMap {[176]=Oop [208]=Oop [216]=Oop [224]=Oop [232]=Oop [296]=Oop [304]=Oop }
                      ;*invokespecial <init> {reexecute=0 rethrow=0 return_oop=0}
                      ; - kotlin.jvm.internal.Intrinsics::throwParameterIsNullNPE@8 (line 140)
                      ; - kotlin.jvm.internal.Intrinsics::checkNotNullParameter@5 (line 131)
                      ; - kotlin.ResultKt::createFailure@3
                      ; - kotlinx.coroutines.DispatchedTask::run@246 (line 232)
                      ;   {optimized virtual_call}
  0x000000010fb6f808: 5ef2 c195 

  0x000000010fb6f80c: ;   {other}
  0x000000010fb6f80c: 1f20 03d5 | 9f5f 84f2 | 1f60 83f2 

  0x000000010fb6f818: ;   {metadata(method data for {method} {0x000000012841b048} 'throwParameterIsNullNPE' '(Ljava/lang/String;)V' in 'kotlin/jvm/internal/Intrinsics')}
  0x000000010fb6f818: 0103 8dd2 | c10b a5f2 | 2100 c0f2 | 2888 40f9 | 0805 0091 | 2888 00f9 

  0x000000010fb6f830: ;   {metadata(method data for {method} {0x000000012841c0c0} 'sanitizeStackTrace' '(Ljava/lang/Throwable;)Ljava/lang/Throwable;' in 'kotlin/jvm/internal/Intrinsics')}
  0x000000010fb6f830: 01d7 8dd2 | c10b a5f2 | 2100 c0f2 | 20ac 40b9 | 0008 0011 | 20ac 00b9 | 004c 1f12 | 1f00 0071 
  0x000000010fb6f850: 009e 0054 

  0x000000010fb6f854: ;   {oop(a 'java/lang/Class'{0x0000000300bb1a90} = 'kotlin/jvm/internal/Intrinsics')}
  0x000000010fb6f854: 0152 83d2 | 6117 a0f2 | 6100 c0f2 | e003 01aa 

  0x000000010fb6f864: ;   {metadata(method data for {method} {0x000000012841c0c0} 'sanitizeStackTrace' '(Ljava/lang/Throwable;)Ljava/lang/Throwable;' in 'kotlin/jvm/internal/Intrinsics')}
  0x000000010fb6f864: 02d7 8dd2 | c20b a5f2 | 2200 c0f2 | 4878 40f9 | 0805 0091 | 4878 00f9 

  0x000000010fb6f87c: ;   {metadata(method data for {method} {0x000000d8004684b0} 'getName' '()Ljava/lang/String;' in 'java/lang/Class')}
  0x000000010fb6f87c: 00a7 94d2 | 6000 a5f2 | 2000 c0f2 | 02ac 40b9 | 4208 0011 | 02ac 00b9 | 424c 1f12 | 5f00 0071 
  0x000000010fb6f89c: a09c 0054 

  0x000000010fb6f8a0: ; implicit exception: dispatches to 0x000000010fb70c50
  0x000000010fb6f8a0: 212c 40b9 | 21f0 7dd3 | e003 1faa | 3f00 00eb 

  0x000000010fb6f8b0: ;   {metadata(method data for {method} {0x000000d8004684b0} 'getName' '()Ljava/lang/String;' in 'java/lang/Class')}
  0x000000010fb6f8b0: 00a7 94d2 | 6000 a5f2 | 2000 c0f2 | e80f 7cb2 | e903 78b2 | 0201 899a | 0368 62f8 | 6304 0091 
  0x000000010fb6f8d0: 0368 22f8 | 2001 0054 

  0x000000010fb6f8d8: ;   {metadata(method data for {method} {0x000000d8004684b0} 'getName' '()Ljava/lang/String;' in 'java/lang/Class')}
  0x000000010fb6f8d8: 00a7 94d2 | 6000 a5f2 | 2000 c0f2 | 0288 40f9 | 4204 0091 | 0288 00f9 | e003 01aa | 0f00 0014 
  0x000000010fb6f8f8: ;   {oop(a 'java/lang/Class'{0x0000000300bb1a90} = 'kotlin/jvm/internal/Intrinsics')}
  0x000000010fb6f8f8: 0152 83d2 | 6117 a0f2 | 6100 c0f2 | e003 01aa 

  0x000000010fb6f908: ;   {metadata(method data for {method} {0x000000d8004684b0} 'getName' '()Ljava/lang/String;' in 'java/lang/Class')}
  0x000000010fb6f908: 02a7 94d2 | 6200 a5f2 | 2200 c0f2 | 4894 40f9 | 0805 0091 | 4894 00f9 

  0x000000010fb6f920: ; ImmutableOopMap {[176]=Oop [208]=Oop [216]=Oop [224]=Oop [232]=Oop [296]=Oop [304]=Oop }
                      ;*invokevirtual initClassName {reexecute=0 rethrow=0 return_oop=0}
                      ; - java.lang.Class::getName@14 (line 950)
                      ; - kotlin.jvm.internal.Intrinsics::sanitizeStackTrace@3 (line 253)
                      ; - kotlin.jvm.internal.Intrinsics::throwParameterIsNullNPE@11 (line 140)
                      ; - kotlin.jvm.internal.Intrinsics::checkNotNullParameter@5 (line 131)
                      ; - kotlin.ResultKt::createFailure@3
                      ; - kotlinx.coroutines.DispatchedTask::run@246 (line 232)
                      ;   {optimized virtual_call}
  0x000000010fb6f920: 18f2 c195 

  0x000000010fb6f924: ;   {other}
  0x000000010fb6f924: 1f20 03d5 | 9f82 84f2 | 1f80 83f2 | e19b 40f9 | a901 0014 

  0x000000010fb6f938: ;   {metadata('kotlin/Result$Failure')}
  0x000000010fb6f938: 0316 9ed2 | 0321 a0f2 | 031b c0f2 | e203 00aa | 80df 40f9 | 0b40 0091 | 88e7 40f9 | 7f01 08eb 
  0x000000010fb6f958: e897 0054 | 8bdf 00f9 | ea03 40b2 | 0a00 00f9 | ea03 032a | 0a7c 0129 | bf3a 03d5 | e0a3 00f9 
  0x000000010fb6f978: e303 00aa 

  0x000000010fb6f97c: ;   {metadata(method data for {method} {0x00000001285246c0} 'createFailure' '(Ljava/lang/Throwable;)Ljava/lang/Object;' in 'kotlin/ResultKt')}
  0x000000010fb6f97c: 0474 91d2 | 243e a5f2 | 2400 c0f2 | 8880 40f9 | 0805 0091 | 8880 00f9 

  0x000000010fb6f994: ;   {metadata(method data for {method} {0x000000012850d528} '<init>' '(Ljava/lang/Throwable;)V' in 'kotlin/Result$Failure')}
  0x000000010fb6f994: 039e 91d2 | 233e a5f2 | 2300 c0f2 | 64ac 40b9 | 8408 0011 | 64ac 00b9 | 844c 1f12 | 9f00 0071 
  0x000000010fb6f9b4: 4095 0054 

  0x000000010fb6f9b8: ;   {metadata(method data for {method} {0x000000012850d528} '<init>' '(Ljava/lang/Throwable;)V' in 'kotlin/Result$Failure')}
  0x000000010fb6f9b8: 039e 91d2 | 233e a5f2 | 2300 c0f2 | 6878 40f9 | 0805 0091 | 6878 00f9 

  0x000000010fb6f9d0: ;   {metadata(method data for {method} {0x000000012841aec8} 'checkNotNullParameter' '(Ljava/lang/Object;Ljava/lang/String;)V' in 'kotlin/jvm/internal/Intrinsics')}
  0x000000010fb6f9d0: 03d6 8cd2 | c30b a5f2 | 2300 c0f2 | 64ac 40b9 | 8408 0011 | 64ac 00b9 | 844c 1f12 | 9f00 0071 
  0x000000010fb6f9f0: 6094 0054 | e303 1faa | 5f00 03eb 

  0x000000010fb6f9fc: ;   {metadata(method data for {method} {0x000000012841aec8} 'checkNotNullParameter' '(Ljava/lang/Object;Ljava/lang/String;)V' in 'kotlin/jvm/internal/Intrinsics')}
  0x000000010fb6f9fc: 03d6 8cd2 | c30b a5f2 | 2300 c0f2 | e80f 7cb2 | e903 78b2 | 0411 899a | 6a68 64f8 | 4a05 0091 
  0x000000010fb6fa1c: 6a68 24f8 | 4110 0054 

  0x000000010fb6fa24: ;   {metadata(method data for {method} {0x000000012841aec8} 'checkNotNullParameter' '(Ljava/lang/Object;Ljava/lang/String;)V' in 'kotlin/jvm/internal/Intrinsics')}
  0x000000010fb6fa24: 03d6 8cd2 | c30b a5f2 | 2300 c0f2 | 6888 40f9 | 0805 0091 | 6888 00f9 

  0x000000010fb6fa3c: ;   {metadata(method data for {method} {0x000000012841b048} 'throwParameterIsNullNPE' '(Ljava/lang/String;)V' in 'kotlin/jvm/internal/Intrinsics')}
  0x000000010fb6fa3c: 0303 8dd2 | c30b a5f2 | 2300 c0f2 | 64ac 40b9 | 8408 0011 | 64ac 00b9 | 844c 1f12 | 9f00 0071 
  0x000000010fb6fa5c: 0092 0054 

  0x000000010fb6fa60: ; ImmutableOopMap {[176]=Oop [208]=Oop [216]=Oop [224]=Oop [232]=Oop [296]=Oop [320]=Oop }
                      ;*new {reexecute=0 rethrow=0 return_oop=0}
                      ; - kotlin.jvm.internal.Intrinsics::throwParameterIsNullNPE@0 (line 140)
                      ; - kotlin.jvm.internal.Intrinsics::checkNotNullParameter@5 (line 131)
                      ; - kotlin.Result$Failure::<init>@3
                      ; - kotlin.ResultKt::createFailure@11 (line 122)
                      ; - kotlinx.coroutines.DispatchedTask::run@246 (line 232)
                      ;   {runtime_call load_mirror_patching Runtime1 stub}
  0x000000010fb6fa60: a85c c595 | 80df 40f9 | 0bc0 0091 | 88e7 40f9 | 7f01 08eb | 4892 0054 | 8bdf 00f9 | ea03 40b2 
  0x000000010fb6fa80: 0a00 00f9 | ea03 032a | 0a7c 0129 | 0a40 0091 | 5f7d 00a9 | 5f7d 01a9 | bf3a 03d5 

  0x000000010fb6fa9c: ;   {metadata(method data for {method} {0x000000012841b048} 'throwParameterIsNullNPE' '(Ljava/lang/String;)V' in 'kotlin/jvm/internal/Intrinsics')}
  0x000000010fb6fa9c: 0103 8dd2 | c10b a5f2 | 2100 c0f2 | 2878 40f9 | 0805 0091 | 2878 00f9 

  0x000000010fb6fab4: ;   {oop("exception"{0x000000030123d4a0})}
  0x000000010fb6fab4: 0194 9ad2 | 6124 a0f2 | 6100 c0f2 | e09f 00f9 

  0x000000010fb6fac4: ; ImmutableOopMap {[176]=Oop [208]=Oop [216]=Oop [224]=Oop [232]=Oop [296]=Oop [312]=Oop [320]=Oop }
                      ;*invokestatic createParameterIsNullExceptionMessage {reexecute=0 rethrow=0 return_oop=0}
                      ; - kotlin.jvm.internal.Intrinsics::throwParameterIsNullNPE@5 (line 140)
                      ; - kotlin.jvm.internal.Intrinsics::checkNotNullParameter@5 (line 131)
                      ; - kotlin.Result$Failure::<init>@3
                      ; - kotlin.ResultKt::createFailure@11 (line 122)
                      ; - kotlinx.coroutines.DispatchedTask::run@246 (line 232)
                      ;   {static_call}
  0x000000010fb6fac4: 2ff3 c195 

  0x000000010fb6fac8: ;   {other}
  0x000000010fb6fac8: 1f20 03d5 | 1fb7 84f2 | 1fc0 83f2 | e29f 40f9 

  0x000000010fb6fad8: ;   {metadata(method data for {method} {0x000000012841b048} 'throwParameterIsNullNPE' '(Ljava/lang/String;)V' in 'kotlin/jvm/internal/Intrinsics')}
  0x000000010fb6fad8: 0103 8dd2 | c10b a5f2 | 2100 c0f2 | 2880 40f9 | 0805 0091 | 2880 00f9 | e203 00aa | e19f 40f9 
  0x000000010fb6faf8: ; ImmutableOopMap {[176]=Oop [208]=Oop [216]=Oop [224]=Oop [232]=Oop [296]=Oop [312]=Oop [320]=Oop }
                      ;*invokespecial <init> {reexecute=0 rethrow=0 return_oop=0}
                      ; - kotlin.jvm.internal.Intrinsics::throwParameterIsNullNPE@8 (line 140)
                      ; - kotlin.jvm.internal.Intrinsics::checkNotNullParameter@5 (line 131)
                      ; - kotlin.Result$Failure::<init>@3
                      ; - kotlin.ResultKt::createFailure@11 (line 122)
                      ; - kotlinx.coroutines.DispatchedTask::run@246 (line 232)
                      ;   {optimized virtual_call}
  0x000000010fb6faf8: a2f1 c195 

  0x000000010fb6fafc: ;   {other}
  0x000000010fb6fafc: 1f20 03d5 | 9fbd 84f2 | 1fe0 83f2 

  0x000000010fb6fb08: ;   {metadata(method data for {method} {0x000000012841b048} 'throwParameterIsNullNPE' '(Ljava/lang/String;)V' in 'kotlin/jvm/internal/Intrinsics')}
  0x000000010fb6fb08: 0103 8dd2 | c10b a5f2 | 2100 c0f2 | 2888 40f9 | 0805 0091 | 2888 00f9 

  0x000000010fb6fb20: ;   {metadata(method data for {method} {0x000000012841c0c0} 'sanitizeStackTrace' '(Ljava/lang/Throwable;)Ljava/lang/Throwable;' in 'kotlin/jvm/internal/Intrinsics')}
  0x000000010fb6fb20: 01d7 8dd2 | c10b a5f2 | 2100 c0f2 | 20ac 40b9 | 0008 0011 | 20ac 00b9 | 004c 1f12 | 1f00 0071 
  0x000000010fb6fb40: 208c 0054 

  0x000000010fb6fb44: ;   {oop(a 'java/lang/Class'{0x0000000300bb1a90} = 'kotlin/jvm/internal/Intrinsics')}
  0x000000010fb6fb44: 0152 83d2 | 6117 a0f2 | 6100 c0f2 | e003 01aa 

  0x000000010fb6fb54: ;   {metadata(method data for {method} {0x000000012841c0c0} 'sanitizeStackTrace' '(Ljava/lang/Throwable;)Ljava/lang/Throwable;' in 'kotlin/jvm/internal/Intrinsics')}
  0x000000010fb6fb54: 02d7 8dd2 | c20b a5f2 | 2200 c0f2 | 4878 40f9 | 0805 0091 | 4878 00f9 

  0x000000010fb6fb6c: ;   {metadata(method data for {method} {0x000000d8004684b0} 'getName' '()Ljava/lang/String;' in 'java/lang/Class')}
  0x000000010fb6fb6c: 00a7 94d2 | 6000 a5f2 | 2000 c0f2 | 02ac 40b9 | 4208 0011 | 02ac 00b9 | 424c 1f12 | 5f00 0071 
  0x000000010fb6fb8c: c08a 0054 

  0x000000010fb6fb90: ; implicit exception: dispatches to 0x000000010fb70d04
  0x000000010fb6fb90: 212c 40b9 | 21f0 7dd3 | e003 1faa | 3f00 00eb 

  0x000000010fb6fba0: ;   {metadata(method data for {method} {0x000000d8004684b0} 'getName' '()Ljava/lang/String;' in 'java/lang/Class')}
  0x000000010fb6fba0: 00a7 94d2 | 6000 a5f2 | 2000 c0f2 | e80f 7cb2 | e903 78b2 | 0201 899a | 0368 62f8 | 6304 0091 
  0x000000010fb6fbc0: 0368 22f8 | 2001 0054 

  0x000000010fb6fbc8: ;   {metadata(method data for {method} {0x000000d8004684b0} 'getName' '()Ljava/lang/String;' in 'java/lang/Class')}
  0x000000010fb6fbc8: 00a7 94d2 | 6000 a5f2 | 2000 c0f2 | 0288 40f9 | 4204 0091 | 0288 00f9 | e003 01aa | 0f00 0014 
  0x000000010fb6fbe8: ;   {oop(a 'java/lang/Class'{0x0000000300bb1a90} = 'kotlin/jvm/internal/Intrinsics')}
  0x000000010fb6fbe8: 0152 83d2 | 6117 a0f2 | 6100 c0f2 | e003 01aa 

  0x000000010fb6fbf8: ;   {metadata(method data for {method} {0x000000d8004684b0} 'getName' '()Ljava/lang/String;' in 'java/lang/Class')}
  0x000000010fb6fbf8: 02a7 94d2 | 6200 a5f2 | 2200 c0f2 | 4894 40f9 | 0805 0091 | 4894 00f9 

  0x000000010fb6fc10: ; ImmutableOopMap {[176]=Oop [208]=Oop [216]=Oop [224]=Oop [232]=Oop [296]=Oop [312]=Oop [320]=Oop }
                      ;*invokevirtual initClassName {reexecute=0 rethrow=0 return_oop=0}
                      ; - java.lang.Class::getName@14 (line 950)
                      ; - kotlin.jvm.internal.Intrinsics::sanitizeStackTrace@3 (line 253)
                      ; - kotlin.jvm.internal.Intrinsics::throwParameterIsNullNPE@11 (line 140)
                      ; - kotlin.jvm.internal.Intrinsics::checkNotNullParameter@5 (line 131)
                      ; - kotlin.Result$Failure::<init>@3
                      ; - kotlin.ResultKt::createFailure@11 (line 122)
                      ; - kotlinx.coroutines.DispatchedTask::run@246 (line 232)
                      ;   {optimized virtual_call}
  0x000000010fb6fc10: 5cf1 c195 

  0x000000010fb6fc14: ;   {other}
  0x000000010fb6fc14: 1f20 03d5 | 9fe0 84f2 | 1f00 84f2 | e19f 40f9 | 9f00 0014 | e303 02aa | e203 00aa 

  0x000000010fb6fc30: ;   {metadata(method data for {method} {0x000000012850d528} '<init>' '(Ljava/lang/Throwable;)V' in 'kotlin/Result$Failure')}
  0x000000010fb6fc30: 019e 91d2 | 213e a5f2 | 2100 c0f2 | 2880 40f9 | 0805 0091 | 2880 00f9 

  0x000000010fb6fc48: ;   {metadata(method data for {method} {0x000000d800473798} '<init>' '()V' in 'java/lang/Object')}
  0x000000010fb6fc48: 02a2 94d2 | 0200 a5f2 | 2200 c0f2 | 41ac 40b9 | 2108 0011 | 41ac 00b9 | 214c 1f12 | 3f00 0071 
  0x000000010fb6fc68: 0085 0054 | 8203 4139 | 5f00 0071 | a185 0054 | 68fc 43d3 | 080c 00b9 | 0200 03ca | 42fc 56d3 
  0x000000010fb6fc88: 5f00 00f1 | a185 0054 | bf3a 03d5 

  0x000000010fb6fc94: ;   {metadata(method data for {method} {0x0000000128504ee8} 'run' '()V' in 'kotlinx/coroutines/DispatchedTask')}
  0x000000010fb6fc94: 0200 95d2 | 223e a5f2 | 2200 c0f2 | 486c 43f9 | 0805 0091 | 486c 03f9 

  0x000000010fb6fcac: ;   {metadata(method data for {method} {0x000000012850e590} 'constructor-impl' '(Ljava/lang/Object;)Ljava/lang/Object;' in 'kotlin/Result')}
  0x000000010fb6fcac: 02dc 97d2 | 6233 a5f2 | 2200 c0f2 | 41ac 40b9 | 2108 0011 | 41ac 00b9 | 214c 1f12 | 3f00 0071 
  0x000000010fb6fccc: 2084 0054 | e26b 40f9 

  0x000000010fb6fcd4: ;   {metadata(method data for {method} {0x0000000128504ee8} 'run' '()V' in 'kotlinx/coroutines/DispatchedTask')}
  0x000000010fb6fcd4: 0100 95d2 | 213e a5f2 | 2100 c0f2 | 4208 40b9 | 021b c0f2 | 29e0 1b91 | 2801 40f9 | 5f00 08eb 
  0x000000010fb6fcf4: a100 0054 | 2880 43f9 | 0805 0091 | 2880 03f9 | 1c00 0014 | 2920 1c91 | 2801 40f9 | 5f00 08eb 
  0x000000010fb6fd14: a100 0054 | 2888 43f9 | 0805 0091 | 2888 03f9 | 1400 0014 | 29e0 1b91 | 2801 40f9 | c800 00b5 
  0x000000010fb6fd34: 2201 00f9 | e803 40b2 | 2900 1c91 | 2801 00f9 | 0c00 0014 | 2920 1c91 | 2801 40f9 | c800 00b5 
  0x000000010fb6fd54: 2201 00f9 | e803 40b2 | 2940 1c91 | 2801 00f9 | 0400 0014 | 2874 43f9 | 0805 0091 | 2874 03f9 
  0x000000010fb6fd74: e203 00aa | e16b 40f9 | 090c 93d2 | 0977 bdf2 | e900 c0f2 

  0x000000010fb6fd88: ; ImmutableOopMap {[176]=Oop [216]=Oop [224]=Oop [232]=Oop }
                      ;*invokeinterface resumeWith {reexecute=0 rethrow=0 return_oop=0}
                      ; - kotlinx.coroutines.DispatchedTask::run@252 (line 232)
                      ;   {virtual_call}
  0x000000010fb6fd88: acc7 c595 

  0x000000010fb6fd8c: ;   {other}
  0x000000010fb6fd8c: 1f20 03d5 | 9f0f 85f2 | 1f20 84f2 

  0x000000010fb6fd98: ;   {metadata(method data for {method} {0x0000000128504ee8} 'run' '()V' in 'kotlinx/coroutines/DispatchedTask')}
  0x000000010fb6fd98: 0100 95d2 | 213e a5f2 | 2100 c0f2 | 2090 43f9 | 0004 0091 | 2090 03f9 | e077 40f9 | e103 1faa 
  0x000000010fb6fdb8: 1f00 01eb 

  0x000000010fb6fdbc: ;   {metadata(method data for {method} {0x0000000128504ee8} 'run' '()V' in 'kotlinx/coroutines/DispatchedTask')}
  0x000000010fb6fdbc: 0100 95d2 | 213e a5f2 | 2100 c0f2 | 0809 81d2 | 090b 81d2 | 0201 899a | 2368 62f8 | 6304 0091 
  0x000000010fb6fddc: 2368 22f8 | 2003 0054 

  0x000000010fb6fde4: ; implicit exception: dispatches to 0x000000010fb70d70
  0x000000010fb6fde4: 1f00 40f9 | e103 00aa 

  0x000000010fb6fdec: ;   {metadata(method data for {method} {0x0000000128504ee8} 'run' '()V' in 'kotlinx/coroutines/DispatchedTask')}
  0x000000010fb6fdec: 0200 95d2 | 223e a5f2 | 2200 c0f2 | 4834 44f9 | 0805 0091 | 4834 04f9 | e103 00aa 

  0x000000010fb6fe08: ; ImmutableOopMap {[176]=Oop [216]=Oop [224]=Oop }
                      ;*invokevirtual clearThreadContext {reexecute=0 rethrow=0 return_oop=0}
                      ; - kotlinx.coroutines.DispatchedTask::run@319 (line 236)
                      ;   {optimized virtual_call}
  0x000000010fb6fe08: def0 c195 

  0x000000010fb6fe0c: ;   {other}
  0x000000010fb6fe0c: 1f20 03d5 | 9f1f 85f2 | 1f40 84f2 | 1f00 0071 

  0x000000010fb6fe1c: ;   {metadata(method data for {method} {0x0000000128504ee8} 'run' '()V' in 'kotlinx/coroutines/DispatchedTask')}
  0x000000010fb6fe1c: 0100 95d2 | 213e a5f2 | 2100 c0f2 | 0814 81d2 | 0916 81d2 | 0201 899a | 2068 62f8 | 0004 0091 
  0x000000010fb6fe3c: 2068 22f8 | 8001 0054 

  0x000000010fb6fe44: ;   {metadata(method data for {method} {0x0000000128504ee8} 'run' '()V' in 'kotlinx/coroutines/DispatchedTask')}
  0x000000010fb6fe44: 0100 95d2 | 213e a5f2 | 2100 c0f2 | 2860 44f9 | 0805 0091 | 2860 04f9 | e18b 4da9 

  0x000000010fb6fe60: ; ImmutableOopMap {[176]=Oop }
                      ;*invokestatic restoreThreadContext {reexecute=0 rethrow=0 return_oop=0}
                      ; - kotlinx.coroutines.DispatchedTask::run@329 (line 237)
                      ;   {static_call}
  0x000000010fb6fe60: 28b1 fe97 

  0x000000010fb6fe64: ;   {other}
  0x000000010fb6fe64: 1f20 03d5 | 9f2a 85f2 | 1f60 84f2 

  0x000000010fb6fe70: ;   {metadata(method data for {method} {0x0000000128504ee8} 'run' '()V' in 'kotlinx/coroutines/DispatchedTask')}
  0x000000010fb6fe70: 0100 95d2 | 213e a5f2 | 2100 c0f2 | 2268 44f9 | 4204 0091 | 2268 04f9 | fd7b 57a9 | ff03 0691 
  0x000000010fb6fe90: ;   {poll_return}
  0x000000010fb6fe90: 882b 42f9 | ff63 28eb | e876 0054 | c003 5fd6 

  0x000000010fb6fea0: ;   {metadata(method data for {method} {0x000000012841c0c0} 'sanitizeStackTrace' '(Ljava/lang/Throwable;)Ljava/lang/Throwable;' in 'kotlin/jvm/internal/Intrinsics')}
  0x000000010fb6fea0: 02d7 8dd2 | c20b a5f2 | 2200 c0f2 | 4894 40f9 | 0805 0091 | 4894 00f9 | e203 00aa 

  0x000000010fb6febc: ; ImmutableOopMap {[176]=Oop [208]=Oop [216]=Oop [224]=Oop [232]=Oop [296]=Oop [320]=Oop }
                      ;*invokestatic sanitizeStackTrace {reexecute=0 rethrow=0 return_oop=0}
                      ; - kotlin.jvm.internal.Intrinsics::sanitizeStackTrace@6 (line 253)
                      ; - kotlin.jvm.internal.Intrinsics::throwParameterIsNullNPE@11 (line 140)
                      ; - kotlin.jvm.internal.Intrinsics::checkNotNullParameter@5 (line 131)
                      ; - kotlin.Result$Failure::<init>@3
                      ; - kotlin.ResultKt::createFailure@11 (line 122)
                      ; - kotlinx.coroutines.DispatchedTask::run@246 (line 232)
                      ;   {static_call}
  0x000000010fb6febc: 31f2 c195 

  0x000000010fb6fec0: ;   {other}
  0x000000010fb6fec0: 1f20 03d5 | 1f36 85f2 | 1f80 84f2 | e1a3 40f9 | 0001 00b5 

  0x000000010fb6fed4: ;   {metadata(method data for {method} {0x000000012841b048} 'throwParameterIsNullNPE' '(Ljava/lang/String;)V' in 'kotlin/jvm/internal/Intrinsics')}
  0x000000010fb6fed4: 0403 8dd2 | c40b a5f2 | 2400 c0f2 | 8864 4439 | 0801 40b2 | 8864 0439 | 3700 0014 

  0x000000010fb6fef0: ;   {metadata('java/lang/NullPointerException')}
  0x000000010fb6fef0: 0230 98d2 | c200 a0f2 | 021b c0f2 | 0408 40b9 | 041b c0f2 | 8828 40f9 | 5f00 08eb | e104 0054 
  0x000000010fb6ff10: ;   {metadata(method data for {method} {0x000000012841b048} 'throwParameterIsNullNPE' '(Ljava/lang/String;)V' in 'kotlin/jvm/internal/Intrinsics')}
  0x000000010fb6ff10: 0403 8dd2 | c40b a5f2 | 2400 c0f2 | 0208 40b9 | 021b c0f2 | 89c0 0491 | 2801 40f9 | 5f00 08eb 
  0x000000010fb6ff30: a100 0054 | 889c 40f9 | 0805 0091 | 889c 00f9 | 2200 0014 | 8900 0591 | 2801 40f9 | 5f00 08eb 
  0x000000010fb6ff50: a100 0054 | 88a4 40f9 | 0805 0091 | 88a4 00f9 | 1a00 0014 | 89c0 0491 | 2801 40f9 | c800 00b5 
  0x000000010fb6ff70: 2201 00f9 | e803 40b2 | 89e0 0491 | 2801 00f9 | 1200 0014 | 8900 0591 | 2801 40f9 | c800 00b5 
  0x000000010fb6ff90: 2201 00f9 | e803 40b2 | 8920 0591 | 2801 00f9 | 0a00 0014 | 0900 0014 

  0x000000010fb6ffa8: ;   {metadata(method data for {method} {0x000000012841b048} 'throwParameterIsNullNPE' '(Ljava/lang/String;)V' in 'kotlin/jvm/internal/Intrinsics')}
  0x000000010fb6ffa8: 0403 8dd2 | c40b a5f2 | 2400 c0f2 | 8890 40f9 | 0805 00d1 | 8890 00f9 | 7003 0014 | 0100 0014 
  0x000000010fb6ffc8: ; implicit exception: dispatches to 0x000000010fb70d88
                      ; ImmutableOopMap {c_rarg1=Oop c_rarg0=Oop [176]=Oop [208]=Oop [216]=Oop [224]=Oop [232]=Oop [296]=Oop [320]=Oop }
                      ;*athrow {reexecute=1 rethrow=0 return_oop=0}
                      ; - (reexecute) kotlin.jvm.internal.Intrinsics::throwParameterIsNullNPE@17 (line 140)
                      ; - kotlin.jvm.internal.Intrinsics::checkNotNullParameter@5 (line 131)
                      ; - kotlin.Result$Failure::<init>@3
                      ; - kotlin.ResultKt::createFailure@11 (line 122)
                      ; - kotlinx.coroutines.DispatchedTask::run@246 (line 232)
  0x000000010fb6ffc8: 1f00 40f9 

  0x000000010fb6ffcc: ;   {section_word}
  0x000000010fb6ffcc: 0300 0010 

  0x000000010fb6ffd0: ;   {runtime_call handle_exception_nofpu Runtime1 stub}
  0x000000010fb6ffd0: 6c4c c595 | 1f20 03d5 

  0x000000010fb6ffd8: ;   {metadata(method data for {method} {0x000000012841c0c0} 'sanitizeStackTrace' '(Ljava/lang/Throwable;)Ljava/lang/Throwable;' in 'kotlin/jvm/internal/Intrinsics')}
  0x000000010fb6ffd8: 02d7 8dd2 | c20b a5f2 | 2200 c0f2 | 4894 40f9 | 0805 0091 | 4894 00f9 | e203 00aa 

  0x000000010fb6fff4: ; ImmutableOopMap {[176]=Oop [208]=Oop [216]=Oop [224]=Oop [232]=Oop [296]=Oop }
                      ;*invokestatic sanitizeStackTrace {reexecute=0 rethrow=0 return_oop=0}
                      ; - kotlin.jvm.internal.Intrinsics::sanitizeStackTrace@6 (line 253)
                      ; - kotlin.jvm.internal.Intrinsics::throwParameterIsNullNPE@11 (line 140)
                      ; - kotlin.jvm.internal.Intrinsics::checkNotNullParameter@5 (line 131)
                      ; - kotlin.ResultKt::createFailure@3
                      ; - kotlinx.coroutines.DispatchedTask::run@246 (line 232)
                      ;   {static_call}
  0x000000010fb6fff4: e3f1 c195 

  0x000000010fb6fff8: ;   {other}
  0x000000010fb6fff8: 1f20 03d5 | 1f5d 85f2 | 1fc0 84f2 | e197 40f9 | 0001 00b5 

  0x000000010fb7000c: ;   {metadata(method data for {method} {0x000000012841b048} 'throwParameterIsNullNPE' '(Ljava/lang/String;)V' in 'kotlin/jvm/internal/Intrinsics')}
  0x000000010fb7000c: 0403 8dd2 | c40b a5f2 | 2400 c0f2 | 8864 4439 | 0801 40b2 | 8864 0439 | 3700 0014 

  0x000000010fb70028: ;   {metadata('java/lang/NullPointerException')}
  0x000000010fb70028: 0230 98d2 | c200 a0f2 | 021b c0f2 | 0408 40b9 | 041b c0f2 | 8828 40f9 | 5f00 08eb | e104 0054 
  0x000000010fb70048: ;   {metadata(method data for {method} {0x000000012841b048} 'throwParameterIsNullNPE' '(Ljava/lang/String;)V' in 'kotlin/jvm/internal/Intrinsics')}
  0x000000010fb70048: 0403 8dd2 | c40b a5f2 | 2400 c0f2 | 0208 40b9 | 021b c0f2 | 89c0 0491 | 2801 40f9 | 5f00 08eb 
  0x000000010fb70068: a100 0054 | 889c 40f9 | 0805 0091 | 889c 00f9 | 2200 0014 | 8900 0591 | 2801 40f9 | 5f00 08eb 
  0x000000010fb70088: a100 0054 | 88a4 40f9 | 0805 0091 | 88a4 00f9 | 1a00 0014 | 89c0 0491 | 2801 40f9 | c800 00b5 
  0x000000010fb700a8: 2201 00f9 | e803 40b2 | 89e0 0491 | 2801 00f9 | 1200 0014 | 8900 0591 | 2801 40f9 | c800 00b5 
  0x000000010fb700c8: 2201 00f9 | e803 40b2 | 8920 0591 | 2801 00f9 | 0a00 0014 | 0900 0014 

  0x000000010fb700e0: ;   {metadata(method data for {method} {0x000000012841b048} 'throwParameterIsNullNPE' '(Ljava/lang/String;)V' in 'kotlin/jvm/internal/Intrinsics')}
  0x000000010fb700e0: 0403 8dd2 | c40b a5f2 | 2400 c0f2 | 8890 40f9 | 0805 00d1 | 8890 00f9 | 2503 0014 | 0100 0014 
  0x000000010fb70100: ; implicit exception: dispatches to 0x000000010fb70d94
                      ; ImmutableOopMap {c_rarg1=Oop c_rarg0=Oop [176]=Oop [208]=Oop [216]=Oop [224]=Oop [232]=Oop [296]=Oop }
                      ;*athrow {reexecute=1 rethrow=0 return_oop=0}
                      ; - (reexecute) kotlin.jvm.internal.Intrinsics::throwParameterIsNullNPE@17 (line 140)
                      ; - kotlin.jvm.internal.Intrinsics::checkNotNullParameter@5 (line 131)
                      ; - kotlin.ResultKt::createFailure@3
                      ; - kotlinx.coroutines.DispatchedTask::run@246 (line 232)
  0x000000010fb70100: 1f00 40f9 

  0x000000010fb70104: ;   {section_word}
  0x000000010fb70104: 0300 0010 

  0x000000010fb70108: ;   {runtime_call handle_exception_nofpu Runtime1 stub}
  0x000000010fb70108: 1e4c c595 | 1f20 03d5 

  0x000000010fb70110: ;   {metadata(method data for {method} {0x000000012841c0c0} 'sanitizeStackTrace' '(Ljava/lang/Throwable;)Ljava/lang/Throwable;' in 'kotlin/jvm/internal/Intrinsics')}
  0x000000010fb70110: 02d7 8dd2 | c20b a5f2 | 2200 c0f2 | 4894 40f9 | 0805 0091 | 4894 00f9 | e203 00aa 

  0x000000010fb7012c: ; ImmutableOopMap {[176]=Oop [208]=Oop [216]=Oop [224]=Oop [232]=Oop [256]=Oop [288]=Oop }
                      ;*invokestatic sanitizeStackTrace {reexecute=0 rethrow=0 return_oop=0}
                      ; - kotlin.jvm.internal.Intrinsics::sanitizeStackTrace@6 (line 253)
                      ; - kotlin.jvm.internal.Intrinsics::throwParameterIsNullNPE@11 (line 140)
                      ; - kotlin.jvm.internal.Intrinsics::checkNotNullParameter@5 (line 131)
                      ; - kotlin.Result$Failure::<init>@3
                      ; - kotlin.ResultKt::createFailure@11 (line 122)
                      ; - kotlinx.coroutines.DispatchedTask::run@273 (line 98)
                      ;   {static_call}
  0x000000010fb7012c: 95f1 c195 

  0x000000010fb70130: ;   {other}
  0x000000010fb70130: 1f20 03d5 | 1f84 85f2 | 1f00 85f2 | e193 40f9 | 0001 00b5 

  0x000000010fb70144: ;   {metadata(method data for {method} {0x000000012841b048} 'throwParameterIsNullNPE' '(Ljava/lang/String;)V' in 'kotlin/jvm/internal/Intrinsics')}
  0x000000010fb70144: 0403 8dd2 | c40b a5f2 | 2400 c0f2 | 8864 4439 | 0801 40b2 | 8864 0439 | 3700 0014 

  0x000000010fb70160: ;   {metadata('java/lang/NullPointerException')}
  0x000000010fb70160: 0230 98d2 | c200 a0f2 | 021b c0f2 | 0408 40b9 | 041b c0f2 | 8828 40f9 | 5f00 08eb | e104 0054 
  0x000000010fb70180: ;   {metadata(method data for {method} {0x000000012841b048} 'throwParameterIsNullNPE' '(Ljava/lang/String;)V' in 'kotlin/jvm/internal/Intrinsics')}
  0x000000010fb70180: 0403 8dd2 | c40b a5f2 | 2400 c0f2 | 0208 40b9 | 021b c0f2 | 89c0 0491 | 2801 40f9 | 5f00 08eb 
  0x000000010fb701a0: a100 0054 | 889c 40f9 | 0805 0091 | 889c 00f9 | 2200 0014 | 8900 0591 | 2801 40f9 | 5f00 08eb 
  0x000000010fb701c0: a100 0054 | 88a4 40f9 | 0805 0091 | 88a4 00f9 | 1a00 0014 | 89c0 0491 | 2801 40f9 | c800 00b5 
  0x000000010fb701e0: 2201 00f9 | e803 40b2 | 89e0 0491 | 2801 00f9 | 1200 0014 | 8900 0591 | 2801 40f9 | c800 00b5 
  0x000000010fb70200: 2201 00f9 | e803 40b2 | 8920 0591 | 2801 00f9 | 0a00 0014 | 0900 0014 

  0x000000010fb70218: ;   {metadata(method data for {method} {0x000000012841b048} 'throwParameterIsNullNPE' '(Ljava/lang/String;)V' in 'kotlin/jvm/internal/Intrinsics')}
  0x000000010fb70218: 0403 8dd2 | c40b a5f2 | 2400 c0f2 | 8890 40f9 | 0805 00d1 | 8890 00f9 | da02 0014 | 0100 0014 
  0x000000010fb70238: ; implicit exception: dispatches to 0x000000010fb70da0
                      ; ImmutableOopMap {c_rarg1=Oop c_rarg0=Oop [176]=Oop [208]=Oop [216]=Oop [224]=Oop [232]=Oop [256]=Oop [288]=Oop }
                      ;*athrow {reexecute=1 rethrow=0 return_oop=0}
                      ; - (reexecute) kotlin.jvm.internal.Intrinsics::throwParameterIsNullNPE@17 (line 140)
                      ; - kotlin.jvm.internal.Intrinsics::checkNotNullParameter@5 (line 131)
                      ; - kotlin.Result$Failure::<init>@3
                      ; - kotlin.ResultKt::createFailure@11 (line 122)
                      ; - kotlinx.coroutines.DispatchedTask::run@273 (line 98)
  0x000000010fb70238: 1f00 40f9 

  0x000000010fb7023c: ;   {section_word}
  0x000000010fb7023c: 0300 0010 

  0x000000010fb70240: ;   {runtime_call handle_exception_nofpu Runtime1 stub}
  0x000000010fb70240: d04b c595 | 1f20 03d5 

  0x000000010fb70248: ;   {metadata(method data for {method} {0x000000012841c0c0} 'sanitizeStackTrace' '(Ljava/lang/Throwable;)Ljava/lang/Throwable;' in 'kotlin/jvm/internal/Intrinsics')}
  0x000000010fb70248: 02d7 8dd2 | c20b a5f2 | 2200 c0f2 | 4894 40f9 | 0805 0091 | 4894 00f9 | e203 00aa 

  0x000000010fb70264: ; ImmutableOopMap {[176]=Oop [208]=Oop [216]=Oop [224]=Oop [232]=Oop [256]=Oop }
                      ;*invokestatic sanitizeStackTrace {reexecute=0 rethrow=0 return_oop=0}
                      ; - kotlin.jvm.internal.Intrinsics::sanitizeStackTrace@6 (line 253)
                      ; - kotlin.jvm.internal.Intrinsics::throwParameterIsNullNPE@11 (line 140)
                      ; - kotlin.jvm.internal.Intrinsics::checkNotNullParameter@5 (line 131)
                      ; - kotlin.ResultKt::createFailure@3
                      ; - kotlinx.coroutines.DispatchedTask::run@273 (line 98)
                      ;   {static_call}
  0x000000010fb70264: 47f1 c195 

  0x000000010fb70268: ;   {other}
  0x000000010fb70268: 1f20 03d5 | 1fab 85f2 | 1f40 85f2 | e183 40f9 | e26b 40f9 | 0001 00b5 

  0x000000010fb70280: ;   {metadata(method data for {method} {0x000000012841b048} 'throwParameterIsNullNPE' '(Ljava/lang/String;)V' in 'kotlin/jvm/internal/Intrinsics')}
  0x000000010fb70280: 0503 8dd2 | c50b a5f2 | 2500 c0f2 | a864 4439 | 0801 40b2 | a864 0439 | 3700 0014 

  0x000000010fb7029c: ;   {metadata('java/lang/NullPointerException')}
  0x000000010fb7029c: 0430 98d2 | c400 a0f2 | 041b c0f2 | 0508 40b9 | 051b c0f2 | a828 40f9 | 9f00 08eb | e104 0054 
  0x000000010fb702bc: ;   {metadata(method data for {method} {0x000000012841b048} 'throwParameterIsNullNPE' '(Ljava/lang/String;)V' in 'kotlin/jvm/internal/Intrinsics')}
  0x000000010fb702bc: 0503 8dd2 | c50b a5f2 | 2500 c0f2 | 0408 40b9 | 041b c0f2 | a9c0 0491 | 2801 40f9 | 9f00 08eb 
  0x000000010fb702dc: a100 0054 | a89c 40f9 | 0805 0091 | a89c 00f9 | 2200 0014 | a900 0591 | 2801 40f9 | 9f00 08eb 
  0x000000010fb702fc: a100 0054 | a8a4 40f9 | 0805 0091 | a8a4 00f9 | 1a00 0014 | a9c0 0491 | 2801 40f9 | c800 00b5 
  0x000000010fb7031c: 2401 00f9 | e803 40b2 | a9e0 0491 | 2801 00f9 | 1200 0014 | a900 0591 | 2801 40f9 | c800 00b5 
  0x000000010fb7033c: 2401 00f9 | e803 40b2 | a920 0591 | 2801 00f9 | 0a00 0014 | 0900 0014 

  0x000000010fb70354: ;   {metadata(method data for {method} {0x000000012841b048} 'throwParameterIsNullNPE' '(Ljava/lang/String;)V' in 'kotlin/jvm/internal/Intrinsics')}
  0x000000010fb70354: 0503 8dd2 | c50b a5f2 | 2500 c0f2 | a890 40f9 | 0805 00d1 | a890 00f9 | 8e02 0014 | 0100 0014 
  0x000000010fb70374: ; implicit exception: dispatches to 0x000000010fb70dac
                      ; ImmutableOopMap {c_rarg1=Oop c_rarg2=Oop c_rarg0=Oop [176]=Oop [216]=Oop [224]=Oop [232]=Oop [256]=Oop }
                      ;*athrow {reexecute=1 rethrow=0 return_oop=0}
                      ; - (reexecute) kotlin.jvm.internal.Intrinsics::throwParameterIsNullNPE@17 (line 140)
                      ; - kotlin.jvm.internal.Intrinsics::checkNotNullParameter@5 (line 131)
                      ; - kotlin.ResultKt::createFailure@3
                      ; - kotlinx.coroutines.DispatchedTask::run@273 (line 98)
  0x000000010fb70374: 1f00 40f9 

  0x000000010fb70378: ;   {section_word}
  0x000000010fb70378: 0300 0010 

  0x000000010fb7037c: ;   {runtime_call handle_exception_nofpu Runtime1 stub}
  0x000000010fb7037c: 814b c595 | 1f20 03d5 | 8083 42f9 | 9f83 02f9 | 9f87 02f9 | e177 40f9 | e203 1faa | 3f00 02eb 
  0x000000010fb7039c: ;   {metadata(method data for {method} {0x0000000128504ee8} 'run' '()V' in 'kotlinx/coroutines/DispatchedTask')}
  0x000000010fb7039c: 0200 95d2 | 223e a5f2 | 2200 c0f2 | 081d 81d2 | 091f 81d2 | 0301 899a | 4468 63f8 | 8404 0091 
  0x000000010fb703bc: 4468 23f8 | e0a7 00f9 | 0003 0054 

  0x000000010fb703c8: ; implicit exception: dispatches to 0x000000010fb70db0
  0x000000010fb703c8: 3f00 40f9 | e203 01aa 

  0x000000010fb703d0: ;   {metadata(method data for {method} {0x0000000128504ee8} 'run' '()V' in 'kotlinx/coroutines/DispatchedTask')}
  0x000000010fb703d0: 0300 95d2 | 233e a5f2 | 2300 c0f2 | 6884 44f9 | 0805 0091 | 6884 04f9 

  0x000000010fb703e8: ; ImmutableOopMap {[176]=Oop [216]=Oop [224]=Oop [328]=Oop }
                      ;*invokevirtual clearThreadContext {reexecute=0 rethrow=0 return_oop=0}
                      ; - kotlinx.coroutines.DispatchedTask::run@344 (line 236)
                      ;   {optimized virtual_call}
  0x000000010fb703e8: 66ef c195 

  0x000000010fb703ec: ;   {other}
  0x000000010fb703ec: 1f20 03d5 | 9fdb 85f2 | 1f80 85f2 | 1f00 0071 

  0x000000010fb703fc: ;   {metadata(method data for {method} {0x0000000128504ee8} 'run' '()V' in 'kotlinx/coroutines/DispatchedTask')}
  0x000000010fb703fc: 0100 95d2 | 213e a5f2 | 2100 c0f2 | 0828 81d2 | 092a 81d2 | 0201 899a | 2068 62f8 | 0004 0091 
  0x000000010fb7041c: 2068 22f8 | a001 0054 | e08b 4da9 

  0x000000010fb70428: ;   {metadata(method data for {method} {0x0000000128504ee8} 'run' '()V' in 'kotlinx/coroutines/DispatchedTask')}
  0x000000010fb70428: 0100 95d2 | 213e a5f2 | 2100 c0f2 | 28b0 44f9 | 0805 0091 | 28b0 04f9 | e103 00aa 

  0x000000010fb70444: ; ImmutableOopMap {[176]=Oop [328]=Oop }
                      ;*invokestatic restoreThreadContext {reexecute=0 rethrow=0 return_oop=0}
                      ; - kotlinx.coroutines.DispatchedTask::run@354 (line 237)
                      ;   {static_call}
  0x000000010fb70444: cff0 c195 

  0x000000010fb70448: ;   {other}
  0x000000010fb70448: 1f20 03d5 | 1fe7 85f2 | 1fa0 85f2 

  0x000000010fb70454: ; ImmutableOopMap {c_rarg0=Oop [176]=Oop }
                      ;*athrow {reexecute=1 rethrow=0 return_oop=0}
                      ; - (reexecute) kotlinx.coroutines.DispatchedTask::run@359 (line 237)
  0x000000010fb70454: e0a7 40f9 

  0x000000010fb70458: ;   {section_word}
  0x000000010fb70458: 0300 0010 

  0x000000010fb7045c: ;   {runtime_call handle_exception_nofpu Runtime1 stub}
  0x000000010fb7045c: 494b c595 | 1f20 03d5 

  0x000000010fb70464: ;   {metadata(method data for {method} {0x000000012841c0c0} 'sanitizeStackTrace' '(Ljava/lang/Throwable;)Ljava/lang/Throwable;' in 'kotlin/jvm/internal/Intrinsics')}
  0x000000010fb70464: 02d7 8dd2 | c20b a5f2 | 2200 c0f2 | 4894 40f9 | 0805 0091 | 4894 00f9 | e203 00aa 

  0x000000010fb70480: ; ImmutableOopMap {[176]=Oop [184]=Oop }
                      ;*invokestatic sanitizeStackTrace {reexecute=0 rethrow=0 return_oop=0}
                      ; - kotlin.jvm.internal.Intrinsics::sanitizeStackTrace@6 (line 253)
                      ; - kotlin.jvm.internal.Intrinsics::throwJavaNpe@8 (line 50)
                      ; - kotlin.jvm.internal.Intrinsics::checkNotNull@5 (line 31)
                      ; - kotlinx.coroutines.DispatchedTask::run@40 (line 80)
                      ;   {static_call}
  0x000000010fb70480: c0f0 c195 

  0x000000010fb70484: ;   {other}
  0x000000010fb70484: 1f20 03d5 | 9fee 85f2 | 1fe0 85f2 | e25f 40f9 | 0001 00b5 

  0x000000010fb70498: ;   {metadata(method data for {method} {0x000000012841a220} 'throwJavaNpe' '(Ljava/lang/String;)V' in 'kotlin/jvm/internal/Intrinsics')}
  0x000000010fb70498: 04c1 97d2 | a412 a5f2 | 2400 c0f2 | 8824 4439 | 0801 40b2 | 8824 0439 | 3700 0014 

  0x000000010fb704b4: ;   {metadata('java/lang/NullPointerException')}
  0x000000010fb704b4: 0130 98d2 | c100 a0f2 | 011b c0f2 | 0408 40b9 | 041b c0f2 | 8828 40f9 | 3f00 08eb | e104 0054 
  0x000000010fb704d4: ;   {metadata(method data for {method} {0x000000012841a220} 'throwJavaNpe' '(Ljava/lang/String;)V' in 'kotlin/jvm/internal/Intrinsics')}
  0x000000010fb704d4: 04c1 97d2 | a412 a5f2 | 2400 c0f2 | 0108 40b9 | 011b c0f2 | 8980 0491 | 2801 40f9 | 3f00 08eb 
  0x000000010fb704f4: a100 0054 | 8894 40f9 | 0805 0091 | 8894 00f9 | 2200 0014 | 89c0 0491 | 2801 40f9 | 3f00 08eb 
  0x000000010fb70514: a100 0054 | 889c 40f9 | 0805 0091 | 889c 00f9 | 1a00 0014 | 8980 0491 | 2801 40f9 | c800 00b5 
  0x000000010fb70534: 2101 00f9 | e803 40b2 | 89a0 0491 | 2801 00f9 | 1200 0014 | 89c0 0491 | 2801 40f9 | c800 00b5 
  0x000000010fb70554: 2101 00f9 | e803 40b2 | 89e0 0491 | 2801 00f9 | 0a00 0014 | 0900 0014 

  0x000000010fb7056c: ;   {metadata(method data for {method} {0x000000012841a220} 'throwJavaNpe' '(Ljava/lang/String;)V' in 'kotlin/jvm/internal/Intrinsics')}
  0x000000010fb7056c: 04c1 97d2 | a412 a5f2 | 2400 c0f2 | 8888 40f9 | 0805 00d1 | 8888 00f9 | 0c02 0014 | 0100 0014 
  0x000000010fb7058c: ; implicit exception: dispatches to 0x000000010fb70dbc
                      ; ImmutableOopMap {c_rarg2=Oop c_rarg0=Oop [176]=Oop [184]=Oop }
                      ;*athrow {reexecute=1 rethrow=0 return_oop=0}
                      ; - (reexecute) kotlin.jvm.internal.Intrinsics::throwJavaNpe@14 (line 50)
                      ; - kotlin.jvm.internal.Intrinsics::checkNotNull@5 (line 31)
                      ; - kotlinx.coroutines.DispatchedTask::run@40 (line 80)
  0x000000010fb7058c: 1f00 40f9 

  0x000000010fb70590: ;   {section_word}
  0x000000010fb70590: 0300 0010 

  0x000000010fb70594: ;   {runtime_call handle_exception_nofpu Runtime1 stub}
  0x000000010fb70594: fb4a c595 | 1f20 03d5 | 8083 42f9 | 9f83 02f9 | 9f87 02f9 | e15b 40f9 

  0x000000010fb705ac: ;   {metadata(method data for {method} {0x0000000128504ee8} 'run' '()V' in 'kotlinx/coroutines/DispatchedTask')}
  0x000000010fb705ac: 0200 95d2 | 223e a5f2 | 2200 c0f2 | 4820 45f9 | 0805 0091 | 4820 05f9 | e203 00aa | e15b 40f9 
  0x000000010fb705cc: ; ImmutableOopMap {}
                      ;*invokevirtual handleFatalException$kotlinx_coroutines_core {reexecute=0 rethrow=0 return_oop=0}
                      ; - kotlinx.coroutines.DispatchedTask::run@383 (line 107)
                      ;   {optimized virtual_call}
  0x000000010fb705cc: edee c195 

  0x000000010fb705d0: ;   {other}
  0x000000010fb705d0: 1f20 03d5 | 1f18 86f2 | 1f20 86f2 | fd7b 57a9 | ff03 0691 

  0x000000010fb705e4: ;   {poll_return}
  0x000000010fb705e4: 882b 42f9 | ff63 28eb | a83e 0054 | c003 5fd6 | e15b 40f9 | 8083 42f9 | 9f83 02f9 | 9f87 02f9 
  0x000000010fb70604: e203 01aa 

  0x000000010fb70608: ;   {metadata(method data for {method} {0x0000000128504ee8} 'run' '()V' in 'kotlinx/coroutines/DispatchedTask')}
  0x000000010fb70608: 0300 95d2 | 233e a5f2 | 2300 c0f2 | 4208 40b9 | 021b c0f2 | 6900 2691 | 2801 40f9 | 5f00 08eb 
  0x000000010fb70628: a100 0054 | 68c4 44f9 | 0805 0091 | 68c4 04f9 | 1c00 0014 | 6940 2691 | 2801 40f9 | 5f00 08eb 
  0x000000010fb70648: a100 0054 | 68cc 44f9 | 0805 0091 | 68cc 04f9 | 1400 0014 | 6900 2691 | 2801 40f9 | c800 00b5 
  0x000000010fb70668: 2201 00f9 | e803 40b2 | 6920 2691 | 2801 00f9 | 0c00 0014 | 6940 2691 | 2801 40f9 | c800 00b5 
  0x000000010fb70688: 2201 00f9 | e803 40b2 | 6960 2691 | 2801 00f9 | 0400 0014 | 68b8 44f9 | 0805 0091 | 68b8 04f9 
  0x000000010fb706a8: e0ab 00f9 | e9ff 9fd2 | e9ff bff2 | e9ff dff2 

  0x000000010fb706b8: ; ImmutableOopMap {[336]=Oop }
                      ;*invokevirtual getDelegate$kotlinx_coroutines_core {reexecute=0 rethrow=0 return_oop=0}
                      ; - kotlinx.coroutines.DispatchedTask::run@362 (line 105)
                      ;   {virtual_call}
  0x000000010fb706b8: 72ef c195 

  0x000000010fb706bc: ;   {other}
  0x000000010fb706bc: 1f20 03d5 | 9f35 86f2 | 1f40 86f2 

  0x000000010fb706c8: ; implicit exception: dispatches to 0x000000010fb70dcc
  0x000000010fb706c8: 1f00 40f9 | e103 00aa 

  0x000000010fb706d0: ;   {metadata(method data for {method} {0x0000000128504ee8} 'run' '()V' in 'kotlinx/coroutines/DispatchedTask')}
  0x000000010fb706d0: 0200 95d2 | 223e a5f2 | 2200 c0f2 | 2108 40b9 | 011b c0f2 | 49e0 2691 | 2801 40f9 | 3f00 08eb 
  0x000000010fb706f0: a100 0054 | 48e0 44f9 | 0805 0091 | 48e0 04f9 | 1c00 0014 | 4920 2791 | 2801 40f9 | 3f00 08eb 
  0x000000010fb70710: a100 0054 | 48e8 44f9 | 0805 0091 | 48e8 04f9 | 1400 0014 | 49e0 2691 | 2801 40f9 | c800 00b5 
  0x000000010fb70730: 2101 00f9 | e803 40b2 | 4900 2791 | 2801 00f9 | 0c00 0014 | 4920 2791 | 2801 40f9 | c800 00b5 
  0x000000010fb70750: 2101 00f9 | e803 40b2 | 4940 2791 | 2801 00f9 | 0400 0014 | 48d4 44f9 | 0805 0091 | 48d4 04f9 
  0x000000010fb70770: e103 00aa | e9ff 9fd2 | e9ff bff2 | e9ff dff2 

  0x000000010fb70780: ; ImmutableOopMap {[336]=Oop }
                      ;*invokeinterface getContext {reexecute=0 rethrow=0 return_oop=0}
                      ; - kotlinx.coroutines.DispatchedTask::run@365 (line 105)
                      ;   {virtual_call}
  0x000000010fb70780: 40ef c195 

  0x000000010fb70784: ;   {other}
  0x000000010fb70784: 1f20 03d5 | 9f4e 86f2 | 1f60 86f2 | e1ab 40f9 

  0x000000010fb70794: ;   {metadata(method data for {method} {0x0000000128504ee8} 'run' '()V' in 'kotlinx/coroutines/DispatchedTask')}
  0x000000010fb70794: 0200 95d2 | 223e a5f2 | 2200 c0f2 | 2108 40b9 | 011b c0f2 | 49c0 2791 | 2801 40f9 | 3f00 08eb 
  0x000000010fb707b4: a100 0054 | 48fc 44f9 | 0805 0091 | 48fc 04f9 | 1c00 0014 | 4900 2891 | 2801 40f9 | 3f00 08eb 
  0x000000010fb707d4: a100 0054 | 4804 45f9 | 0805 0091 | 4804 05f9 | 1400 0014 | 49c0 2791 | 2801 40f9 | c800 00b5 
  0x000000010fb707f4: 2101 00f9 | e803 40b2 | 49e0 2791 | 2801 00f9 | 0c00 0014 | 4900 2891 | 2801 40f9 | c800 00b5 
  0x000000010fb70814: 2101 00f9 | e803 40b2 | 4920 2891 | 2801 00f9 | 0400 0014 | 48f0 44f9 | 0805 0091 | 48f0 04f9 
  0x000000010fb70834: e1ab 40f9 | e0af 00f9 

  0x000000010fb7083c: ; ImmutableOopMap {[344]=Oop }
                      ;*invokevirtual getCause {reexecute=0 rethrow=0 return_oop=0}
                      ; - kotlinx.coroutines.DispatchedTask::run@371 (line 105)
                      ;   {optimized virtual_call}
  0x000000010fb7083c: 51ee c195 

  0x000000010fb70840: ;   {other}
  0x000000010fb70840: 1f20 03d5 | 1f66 86f2 | 1f80 86f2 | e1af 40f9 | e203 00aa 

  0x000000010fb70854: ; ImmutableOopMap {}
                      ;*invokestatic handleCoroutineException {reexecute=0 rethrow=0 return_oop=0}
                      ; - kotlinx.coroutines.DispatchedTask::run@374 (line 105)
                      ;   {static_call}
  0x000000010fb70854: cbef c195 

  0x000000010fb70858: ;   {other}
  0x000000010fb70858: 1f20 03d5 | 1f69 86f2 | 1fa0 86f2 

  0x000000010fb70864: ;   {metadata(method data for {method} {0x0000000128504ee8} 'run' '()V' in 'kotlinx/coroutines/DispatchedTask')}
  0x000000010fb70864: 0000 95d2 | 203e a5f2 | 2000 c0f2 | 0114 45f9 | 2104 0091 | 0114 05f9 | fd7b 57a9 | ff03 0691 
  0x000000010fb70884: ;   {poll_return}
  0x000000010fb70884: 882b 42f9 | ff63 28eb | 282a 0054 | c003 5fd6 

  0x000000010fb70894: ;   {metadata({method} {0x0000000128504ee8} 'run' '()V' in 'kotlinx/coroutines/DispatchedTask')}
  0x000000010fb70894: 08dd 89d2 | 080a a5f2 | 2800 c0f2 | e807 00f9 | 0800 8092 | e803 00f9 

  0x000000010fb708ac: ; ImmutableOopMap {c_rarg1=Oop [176]=Oop }
                      ;*synchronization entry
                      ; - kotlinx.coroutines.DispatchedTask::run@-1 (line 78)
                      ;   {runtime_call counter_overflow Runtime1 stub}
  0x000000010fb708ac: 555b c595 | 7df5 ff17 

  0x000000010fb708b4: ;   {metadata({method} {0x00000001284e1f60} 'getASSERTIONS_ENABLED' '()Z' in 'kotlinx/coroutines/DebugKt')}
  0x000000010fb708b4: 08ec 83d2 | c809 a5f2 | 2800 c0f2 | e807 00f9 | 0800 8092 | e803 00f9 

  0x000000010fb708cc: ; ImmutableOopMap {c_rarg1=Oop [176]=Oop }
                      ;*synchronization entry
                      ; - kotlinx.coroutines.DebugKt::getASSERTIONS_ENABLED@-1 (line 63)
                      ; - kotlinx.coroutines.DispatchedTask::run@0 (line 78)
                      ;   {runtime_call counter_overflow Runtime1 stub}
  0x000000010fb708cc: 4d5b c595 | 84f5 ff17 

  0x000000010fb708d4: ;   {metadata({method} {0x0000000128419f50} 'checkNotNull' '(Ljava/lang/Object;Ljava/lang/String;)V' in 'kotlin/jvm/internal/Intrinsics')}
  0x000000010fb708d4: 08ea 93d2 | 2808 a5f2 | 2800 c0f2 | e807 00f9 | 0800 8092 | e803 00f9 

  0x000000010fb708ec: ; ImmutableOopMap {c_rarg0=Oop [176]=Oop [184]=Oop }
                      ;*synchronization entry
                      ; - kotlin.jvm.internal.Intrinsics::checkNotNull@-1 (line 30)
                      ; - kotlinx.coroutines.DispatchedTask::run@40 (line 80)
                      ;   {runtime_call counter_overflow Runtime1 stub}
  0x000000010fb708ec: 455b c595 | c4f5 ff17 

  0x000000010fb708f4: ;   {metadata({method} {0x000000012841a220} 'throwJavaNpe' '(Ljava/lang/String;)V' in 'kotlin/jvm/internal/Intrinsics')}
  0x000000010fb708f4: 0844 94d2 | 2808 a5f2 | 2800 c0f2 | e807 00f9 | 0800 8092 | e803 00f9 

  0x000000010fb7090c: ; ImmutableOopMap {[176]=Oop [184]=Oop }
                      ;*synchronization entry
                      ; - kotlin.jvm.internal.Intrinsics::throwJavaNpe@-1 (line 50)
                      ; - kotlin.jvm.internal.Intrinsics::checkNotNull@5 (line 31)
                      ; - kotlinx.coroutines.DispatchedTask::run@40 (line 80)
                      ;   {runtime_call counter_overflow Runtime1 stub}
  0x000000010fb7090c: 3d5b c595 | d7f5 ff17 

  0x000000010fb70914: ; ImmutableOopMap {[176]=Oop [184]=Oop }
                      ;*new {reexecute=0 rethrow=0 return_oop=0}
                      ; - kotlin.jvm.internal.Intrinsics::throwJavaNpe@0 (line 50)
                      ; - kotlin.jvm.internal.Intrinsics::checkNotNull@5 (line 31)
                      ; - kotlinx.coroutines.DispatchedTask::run@40 (line 80)
                      ;   {runtime_call fast_new_instance Runtime1 stub}
  0x000000010fb70914: 7b45 c595 | e4f5 ff17 

  0x000000010fb7091c: ;   {metadata({method} {0x000000012841c0c0} 'sanitizeStackTrace' '(Ljava/lang/Throwable;)Ljava/lang/Throwable;' in 'kotlin/jvm/internal/Intrinsics')}
  0x000000010fb7091c: 0818 98d2 | 2808 a5f2 | 2800 c0f2 | e807 00f9 | 0800 8092 | e803 00f9 

  0x000000010fb70934: ; ImmutableOopMap {[176]=Oop [184]=Oop [192]=Oop }
                      ;*synchronization entry
                      ; - kotlin.jvm.internal.Intrinsics::sanitizeStackTrace@-1 (line 253)
                      ; - kotlin.jvm.internal.Intrinsics::throwJavaNpe@8 (line 50)
                      ; - kotlin.jvm.internal.Intrinsics::checkNotNull@5 (line 31)
                      ; - kotlinx.coroutines.DispatchedTask::run@40 (line 80)
                      ;   {runtime_call counter_overflow Runtime1 stub}
  0x000000010fb70934: 335b c595 | fbf5 ff17 

  0x000000010fb7093c: ;   {metadata({method} {0x000000d8004684b0} 'getName' '()Ljava/lang/String;' in 'java/lang/Class')}
  0x000000010fb7093c: 0896 90d2 | c808 a0f2 | 081b c0f2 | e807 00f9 | 0800 8092 | e803 00f9 

  0x000000010fb70954: ; ImmutableOopMap {c_rarg1=Oop [176]=Oop [184]=Oop [192]=Oop }
                      ;*synchronization entry
                      ; - java.lang.Class::getName@-1 (line 949)
                      ; - kotlin.jvm.internal.Intrinsics::sanitizeStackTrace@3 (line 253)
                      ; - kotlin.jvm.internal.Intrinsics::throwJavaNpe@8 (line 50)
                      ; - kotlin.jvm.internal.Intrinsics::checkNotNull@5 (line 31)
                      ; - kotlinx.coroutines.DispatchedTask::run@40 (line 80)
                      ;   {runtime_call counter_overflow Runtime1 stub}
  0x000000010fb70954: 2b5b c595 | 06f6 ff17 

  0x000000010fb7095c: ; ImmutableOopMap {[176]=Oop [184]=Oop [192]=Oop }
                      ;*getfield name {reexecute=1 rethrow=0 return_oop=0}
                      ; - (reexecute) java.lang.Class::getName@1 (line 949)
                      ; - kotlin.jvm.internal.Intrinsics::sanitizeStackTrace@3 (line 253)
                      ; - kotlin.jvm.internal.Intrinsics::throwJavaNpe@8 (line 50)
                      ; - kotlin.jvm.internal.Intrinsics::checkNotNull@5 (line 31)
                      ; - kotlinx.coroutines.DispatchedTask::run@40 (line 80)
                      ;   {runtime_call throw_null_pointer_exception Runtime1 stub}
  0x000000010fb7095c: 6941 c595 | e803 00aa 

  0x000000010fb70964: ; ImmutableOopMap {[176]=Oop }
                      ;*checkcast {reexecute=0 rethrow=0 return_oop=0}
                      ; - kotlinx.coroutines.DispatchedTask::run@43 (line 80)
                      ;   {runtime_call throw_class_cast_exception Runtime1 stub}
  0x000000010fb70964: e74d c595 

  0x000000010fb70968: ; ImmutableOopMap {c_rarg1=Oop [176]=Oop }
                      ;*getfield continuation {reexecute=1 rethrow=0 return_oop=0}
                      ; - (reexecute) kotlinx.coroutines.DispatchedTask::run@48 (line 81)
                      ;   {runtime_call throw_null_pointer_exception Runtime1 stub}
  0x000000010fb70968: 6641 c595 

  0x000000010fb7096c: ; ImmutableOopMap {c_rarg0=Oop c_rarg2=Oop [176]=Oop }
                      ;*invokeinterface getContext {reexecute=0 rethrow=0 return_oop=0}
                      ; - kotlinx.coroutines.DispatchedTask::run@61 (line 222)
                      ;   {runtime_call throw_null_pointer_exception Runtime1 stub}
  0x000000010fb7096c: 6541 c595 

  0x000000010fb70970: ;   {metadata({method} {0x000000012851ee60} 'isCancellableMode' '(I)Z' in 'kotlinx/coroutines/DispatchedTaskKt')}
  0x000000010fb70970: 08cc 9dd2 | 280a a5f2 | 2800 c0f2 | e807 00f9 | 0800 8092 | e803 00f9 

  0x000000010fb70988: ; ImmutableOopMap {c_rarg0=Oop c_rarg1=Oop [176]=Oop [208]=Oop [216]=Oop [224]=Oop [232]=Oop [240]=Oop [248]=Oop [256]=Oop }
                      ;*synchronization entry
                      ; - kotlinx.coroutines.DispatchedTaskKt::isCancellableMode@-1 (line 43)
                      ; - kotlinx.coroutines.DispatchedTask::run@133 (line 91)
                      ;   {runtime_call counter_overflow Runtime1 stub}
  0x000000010fb70988: 1e5b c595 | 7af7 ff17 

  0x000000010fb70990: ; ImmutableOopMap {c_rarg0=Oop [176]=Oop [208]=Oop [216]=Oop [224]=Oop [232]=Oop [248]=Oop [256]=Oop }
                      ;*invokeinterface get {reexecute=0 rethrow=0 return_oop=0}
                      ; - kotlinx.coroutines.DispatchedTask::run@147 (line 91)
                      ;   {runtime_call throw_null_pointer_exception Runtime1 stub}
  0x000000010fb70990: 5c41 c595 | e803 00aa 

  0x000000010fb70998: ; ImmutableOopMap {[176]=Oop [208]=Oop [216]=Oop [224]=Oop [232]=Oop [248]=Oop [256]=Oop }
                      ;*checkcast {reexecute=0 rethrow=0 return_oop=0}
                      ; - kotlinx.coroutines.DispatchedTask::run@152 (line 91)
                      ;   {runtime_call throw_class_cast_exception Runtime1 stub}
  0x000000010fb70998: da4d c595 

  0x000000010fb7099c: ; ImmutableOopMap {c_rarg2=Oop [176]=Oop [208]=Oop [216]=Oop [224]=Oop [232]=Oop [248]=Oop [256]=Oop }
                      ;*invokeinterface isActive {reexecute=0 rethrow=0 return_oop=0}
                      ; - kotlinx.coroutines.DispatchedTask::run@168 (line 92)
                      ;   {runtime_call throw_null_pointer_exception Runtime1 stub}
  0x000000010fb7099c: 5941 c595 

  0x000000010fb709a0: ;   {metadata({method} {0x00000001285246c0} 'createFailure' '(Ljava/lang/Throwable;)Ljava/lang/Object;' in 'kotlin/ResultKt')}
  0x000000010fb709a0: 08d8 88d2 | 480a a5f2 | 2800 c0f2 | e807 00f9 | 0800 8092 | e803 00f9 

  0x000000010fb709b8: ; ImmutableOopMap {c_rarg0=Oop [176]=Oop [208]=Oop [216]=Oop [224]=Oop [232]=Oop [256]=Oop }
                      ;*synchronization entry
                      ; - kotlin.ResultKt::createFailure@-1
                      ; - kotlinx.coroutines.DispatchedTask::run@273 (line 98)
                      ;   {runtime_call counter_overflow Runtime1 stub}
  0x000000010fb709b8: 125b c595 | 83f8 ff17 

  0x000000010fb709c0: ;   {metadata({method} {0x000000012841aec8} 'checkNotNullParameter' '(Ljava/lang/Object;Ljava/lang/String;)V' in 'kotlin/jvm/internal/Intrinsics')}
  0x000000010fb709c0: 08d9 95d2 | 2808 a5f2 | 2800 c0f2 | e807 00f9 | 0800 8092 | e803 00f9 

  0x000000010fb709d8: ; ImmutableOopMap {c_rarg0=Oop [176]=Oop [208]=Oop [216]=Oop [224]=Oop [232]=Oop [256]=Oop }
                      ;*synchronization entry
                      ; - kotlin.jvm.internal.Intrinsics::checkNotNullParameter@-1 (line 130)
                      ; - kotlin.ResultKt::createFailure@3
                      ; - kotlinx.coroutines.DispatchedTask::run@273 (line 98)
                      ;   {runtime_call counter_overflow Runtime1 stub}
  0x000000010fb709d8: 0a5b c595 | 8af8 ff17 

  0x000000010fb709e0: ;   {metadata({method} {0x000000012841b048} 'throwParameterIsNullNPE' '(Ljava/lang/String;)V' in 'kotlin/jvm/internal/Intrinsics')}
  0x000000010fb709e0: 0809 96d2 | 2808 a5f2 | 2800 c0f2 | e807 00f9 | 0800 8092 | e803 00f9 

  0x000000010fb709f8: ; ImmutableOopMap {[176]=Oop [208]=Oop [216]=Oop [224]=Oop [232]=Oop [256]=Oop }
                      ;*synchronization entry
                      ; - kotlin.jvm.internal.Intrinsics::throwParameterIsNullNPE@-1 (line 140)
                      ; - kotlin.jvm.internal.Intrinsics::checkNotNullParameter@5 (line 131)
                      ; - kotlin.ResultKt::createFailure@3
                      ; - kotlinx.coroutines.DispatchedTask::run@273 (line 98)
                      ;   {runtime_call counter_overflow Runtime1 stub}
  0x000000010fb709f8: 025b c595 | 9df8 ff17 

  0x000000010fb70a00: ; ImmutableOopMap {[176]=Oop [208]=Oop [216]=Oop [224]=Oop [232]=Oop [256]=Oop }
                      ;*new {reexecute=0 rethrow=0 return_oop=0}
                      ; - kotlin.jvm.internal.Intrinsics::throwParameterIsNullNPE@0 (line 140)
                      ; - kotlin.jvm.internal.Intrinsics::checkNotNullParameter@5 (line 131)
                      ; - kotlin.ResultKt::createFailure@3
                      ; - kotlinx.coroutines.DispatchedTask::run@273 (line 98)
                      ;   {runtime_call fast_new_instance Runtime1 stub}
  0x000000010fb70a00: 4045 c595 | aaf8 ff17 

  0x000000010fb70a08: ;   {metadata({method} {0x000000012841c0c0} 'sanitizeStackTrace' '(Ljava/lang/Throwable;)Ljava/lang/Throwable;' in 'kotlin/jvm/internal/Intrinsics')}
  0x000000010fb70a08: 0818 98d2 | 2808 a5f2 | 2800 c0f2 | e807 00f9 | 0800 8092 | e803 00f9 

  0x000000010fb70a20: ; ImmutableOopMap {[176]=Oop [208]=Oop [216]=Oop [224]=Oop [232]=Oop [256]=Oop [272]=Oop }
                      ;*synchronization entry
                      ; - kotlin.jvm.internal.Intrinsics::sanitizeStackTrace@-1 (line 253)
                      ; - kotlin.jvm.internal.Intrinsics::throwParameterIsNullNPE@11 (line 140)
                      ; - kotlin.jvm.internal.Intrinsics::checkNotNullParameter@5 (line 131)
                      ; - kotlin.ResultKt::createFailure@3
                      ; - kotlinx.coroutines.DispatchedTask::run@273 (line 98)
                      ;   {runtime_call counter_overflow Runtime1 stub}
  0x000000010fb70a20: f85a c595 | ccf8 ff17 

  0x000000010fb70a28: ;   {metadata({method} {0x000000d8004684b0} 'getName' '()Ljava/lang/String;' in 'java/lang/Class')}
  0x000000010fb70a28: 0896 90d2 | c808 a0f2 | 081b c0f2 | e807 00f9 | 0800 8092 | e803 00f9 

  0x000000010fb70a40: ; ImmutableOopMap {c_rarg1=Oop [176]=Oop [208]=Oop [216]=Oop [224]=Oop [232]=Oop [256]=Oop [272]=Oop }
                      ;*synchronization entry
                      ; - java.lang.Class::getName@-1 (line 949)
                      ; - kotlin.jvm.internal.Intrinsics::sanitizeStackTrace@3 (line 253)
                      ; - kotlin.jvm.internal.Intrinsics::throwParameterIsNullNPE@11 (line 140)
                      ; - kotlin.jvm.internal.Intrinsics::checkNotNullParameter@5 (line 131)
                      ; - kotlin.ResultKt::createFailure@3
                      ; - kotlinx.coroutines.DispatchedTask::run@273 (line 98)
                      ;   {runtime_call counter_overflow Runtime1 stub}
  0x000000010fb70a40: f05a c595 | d7f8 ff17 

  0x000000010fb70a48: ; ImmutableOopMap {[176]=Oop [208]=Oop [216]=Oop [224]=Oop [232]=Oop [256]=Oop [272]=Oop }
                      ;*getfield name {reexecute=1 rethrow=0 return_oop=0}
                      ; - (reexecute) java.lang.Class::getName@1 (line 949)
                      ; - kotlin.jvm.internal.Intrinsics::sanitizeStackTrace@3 (line 253)
                      ; - kotlin.jvm.internal.Intrinsics::throwParameterIsNullNPE@11 (line 140)
                      ; - kotlin.jvm.internal.Intrinsics::checkNotNullParameter@5 (line 131)
                      ; - kotlin.ResultKt::createFailure@3
                      ; - kotlinx.coroutines.DispatchedTask::run@273 (line 98)
                      ;   {runtime_call throw_null_pointer_exception Runtime1 stub}
  0x000000010fb70a48: 2e41 c595 

  0x000000010fb70a4c: ; ImmutableOopMap {c_rarg2=Oop [176]=Oop [208]=Oop [216]=Oop [224]=Oop [232]=Oop [256]=Oop }
                      ;*new {reexecute=0 rethrow=0 return_oop=0}
                      ; - kotlin.ResultKt::createFailure@6 (line 122)
                      ; - kotlinx.coroutines.DispatchedTask::run@273 (line 98)
                      ;   {runtime_call fast_new_instance Runtime1 stub}
  0x000000010fb70a4c: 2d45 c595 | 09f9 ff17 

  0x000000010fb70a54: ;   {metadata({method} {0x000000012850d528} '<init>' '(Ljava/lang/Throwable;)V' in 'kotlin/Result$Failure')}
  0x000000010fb70a54: 08a5 9ad2 | 080a a5f2 | 2800 c0f2 | e807 00f9 | 0800 8092 | e803 00f9 

  0x000000010fb70a6c: ; ImmutableOopMap {c_rarg2=Oop c_rarg0=Oop [176]=Oop [208]=Oop [216]=Oop [224]=Oop [232]=Oop [256]=Oop [288]=Oop }
                      ;*synchronization entry
                      ; - kotlin.Result$Failure::<init>@-1
                      ; - kotlin.ResultKt::createFailure@11 (line 122)
                      ; - kotlinx.coroutines.DispatchedTask::run@273 (line 98)
                      ;   {runtime_call counter_overflow Runtime1 stub}
  0x000000010fb70a6c: e55a c595 | 12f9 ff17 

  0x000000010fb70a74: ;   {metadata({method} {0x000000012841aec8} 'checkNotNullParameter' '(Ljava/lang/Object;Ljava/lang/String;)V' in 'kotlin/jvm/internal/Intrinsics')}
  0x000000010fb70a74: 08d9 95d2 | 2808 a5f2 | 2800 c0f2 | e807 00f9 | 0800 8092 | e803 00f9 

  0x000000010fb70a8c: ; ImmutableOopMap {c_rarg2=Oop c_rarg0=Oop [176]=Oop [208]=Oop [216]=Oop [224]=Oop [232]=Oop [256]=Oop [288]=Oop }
                      ;*synchronization entry
                      ; - kotlin.jvm.internal.Intrinsics::checkNotNullParameter@-1 (line 130)
                      ; - kotlin.Result$Failure::<init>@3
                      ; - kotlin.ResultKt::createFailure@11 (line 122)
                      ; - kotlinx.coroutines.DispatchedTask::run@273 (line 98)
                      ;   {runtime_call counter_overflow Runtime1 stub}
  0x000000010fb70a8c: dd5a c595 | 19f9 ff17 

  0x000000010fb70a94: ;   {metadata({method} {0x000000012841b048} 'throwParameterIsNullNPE' '(Ljava/lang/String;)V' in 'kotlin/jvm/internal/Intrinsics')}
  0x000000010fb70a94: 0809 96d2 | 2808 a5f2 | 2800 c0f2 | e807 00f9 | 0800 8092 | e803 00f9 

  0x000000010fb70aac: ; ImmutableOopMap {[176]=Oop [208]=Oop [216]=Oop [224]=Oop [232]=Oop [256]=Oop [288]=Oop }
                      ;*synchronization entry
                      ; - kotlin.jvm.internal.Intrinsics::throwParameterIsNullNPE@-1 (line 140)
                      ; - kotlin.jvm.internal.Intrinsics::checkNotNullParameter@5 (line 131)
                      ; - kotlin.Result$Failure::<init>@3
                      ; - kotlin.ResultKt::createFailure@11 (line 122)
                      ; - kotlinx.coroutines.DispatchedTask::run@273 (line 98)
                      ;   {runtime_call counter_overflow Runtime1 stub}
  0x000000010fb70aac: d55a c595 | 2cf9 ff17 

  0x000000010fb70ab4: ; ImmutableOopMap {[176]=Oop [208]=Oop [216]=Oop [224]=Oop [232]=Oop [256]=Oop [288]=Oop }
                      ;*new {reexecute=0 rethrow=0 return_oop=0}
                      ; - kotlin.jvm.internal.Intrinsics::throwParameterIsNullNPE@0 (line 140)
                      ; - kotlin.jvm.internal.Intrinsics::checkNotNullParameter@5 (line 131)
                      ; - kotlin.Result$Failure::<init>@3
                      ; - kotlin.ResultKt::createFailure@11 (line 122)
                      ; - kotlinx.coroutines.DispatchedTask::run@273 (line 98)
                      ;   {runtime_call fast_new_instance Runtime1 stub}
  0x000000010fb70ab4: 1345 c595 | 39f9 ff17 

  0x000000010fb70abc: ;   {metadata({method} {0x000000012841c0c0} 'sanitizeStackTrace' '(Ljava/lang/Throwable;)Ljava/lang/Throwable;' in 'kotlin/jvm/internal/Intrinsics')}
  0x000000010fb70abc: 0818 98d2 | 2808 a5f2 | 2800 c0f2 | e807 00f9 | 0800 8092 | e803 00f9 

  0x000000010fb70ad4: ; ImmutableOopMap {[176]=Oop [208]=Oop [216]=Oop [224]=Oop [232]=Oop [256]=Oop [280]=Oop [288]=Oop }
                      ;*synchronization entry
                      ; - kotlin.jvm.internal.Intrinsics::sanitizeStackTrace@-1 (line 253)
                      ; - kotlin.jvm.internal.Intrinsics::throwParameterIsNullNPE@11 (line 140)
                      ; - kotlin.jvm.internal.Intrinsics::checkNotNullParameter@5 (line 131)
                      ; - kotlin.Result$Failure::<init>@3
                      ; - kotlin.ResultKt::createFailure@11 (line 122)
                      ; - kotlinx.coroutines.DispatchedTask::run@273 (line 98)
                      ;   {runtime_call counter_overflow Runtime1 stub}
  0x000000010fb70ad4: cb5a c595 | 5bf9 ff17 

  0x000000010fb70adc: ;   {metadata({method} {0x000000d8004684b0} 'getName' '()Ljava/lang/String;' in 'java/lang/Class')}
  0x000000010fb70adc: 0896 90d2 | c808 a0f2 | 081b c0f2 | e807 00f9 | 0800 8092 | e803 00f9 

  0x000000010fb70af4: ; ImmutableOopMap {c_rarg1=Oop [176]=Oop [208]=Oop [216]=Oop [224]=Oop [232]=Oop [256]=Oop [280]=Oop [288]=Oop }
                      ;*synchronization entry
                      ; - java.lang.Class::getName@-1 (line 949)
                      ; - kotlin.jvm.internal.Intrinsics::sanitizeStackTrace@3 (line 253)
                      ; - kotlin.jvm.internal.Intrinsics::throwParameterIsNullNPE@11 (line 140)
                      ; - kotlin.jvm.internal.Intrinsics::checkNotNullParameter@5 (line 131)
                      ; - kotlin.Result$Failure::<init>@3
                      ; - kotlin.ResultKt::createFailure@11 (line 122)
                      ; - kotlinx.coroutines.DispatchedTask::run@273 (line 98)
                      ;   {runtime_call counter_overflow Runtime1 stub}
  0x000000010fb70af4: c35a c595 | 66f9 ff17 

  0x000000010fb70afc: ; ImmutableOopMap {[176]=Oop [208]=Oop [216]=Oop [224]=Oop [232]=Oop [256]=Oop [280]=Oop [288]=Oop }
                      ;*getfield name {reexecute=1 rethrow=0 return_oop=0}
                      ; - (reexecute) java.lang.Class::getName@1 (line 949)
                      ; - kotlin.jvm.internal.Intrinsics::sanitizeStackTrace@3 (line 253)
                      ; - kotlin.jvm.internal.Intrinsics::throwParameterIsNullNPE@11 (line 140)
                      ; - kotlin.jvm.internal.Intrinsics::checkNotNullParameter@5 (line 131)
                      ; - kotlin.Result$Failure::<init>@3
                      ; - kotlin.ResultKt::createFailure@11 (line 122)
                      ; - kotlinx.coroutines.DispatchedTask::run@273 (line 98)
                      ;   {runtime_call throw_null_pointer_exception Runtime1 stub}
  0x000000010fb70afc: 0141 c595 

  0x000000010fb70b00: ;   {metadata({method} {0x000000d800473798} '<init>' '()V' in 'java/lang/Object')}
  0x000000010fb70b00: 08f3 86d2 | e808 a0f2 | 081b c0f2 | e807 00f9 | 0800 8092 | e803 00f9 

  0x000000010fb70b18: ; ImmutableOopMap {c_rarg3=Oop c_rarg0=Oop [176]=Oop [208]=Oop [216]=Oop [224]=Oop [232]=Oop [256]=Oop [288]=Oop }
                      ;*synchronization entry
                      ; - java.lang.Object::<init>@-1 (line 45)
                      ; - kotlin.Result$Failure::<init>@7 (line 105)
                      ; - kotlin.ResultKt::createFailure@11 (line 122)
                      ; - kotlinx.coroutines.DispatchedTask::run@273 (line 98)
                      ;   {runtime_call counter_overflow Runtime1 stub}
  0x000000010fb70b18: ba5a c595 | 94f9 ff17 | 020c 40b9 | 42f0 7dd3 | 8232 ffb4 | e203 00f9 

  0x000000010fb70b30: ;   {runtime_call g1_pre_barrier_slow}
  0x000000010fb70b30: 345c c595 | 91f9 ff17 | c332 ffb4 | e003 00f9 

  0x000000010fb70b40: ;   {runtime_call g1_post_barrier_slow}
  0x000000010fb70b40: f05c c595 | 93f9 ff17 

  0x000000010fb70b48: ;   {metadata({method} {0x000000012850e590} 'constructor-impl' '(Ljava/lang/Object;)Ljava/lang/Object;' in 'kotlin/Result')}
  0x000000010fb70b48: 08b2 9cd2 | 080a a5f2 | 2800 c0f2 | e807 00f9 | 0800 8092 | e803 00f9 

  0x000000010fb70b60: ; ImmutableOopMap {c_rarg0=Oop [176]=Oop [208]=Oop [216]=Oop [224]=Oop [232]=Oop [288]=Oop }
                      ;*synchronization entry
                      ; - kotlin.Result::constructor-impl@-1
                      ; - kotlinx.coroutines.DispatchedTask::run@276 (line 98)
                      ;   {runtime_call counter_overflow Runtime1 stub}
  0x000000010fb70b60: a85a c595 | 9bf9 ff17 

  0x000000010fb70b68: ;   {metadata({method} {0x000000012850e590} 'constructor-impl' '(Ljava/lang/Object;)Ljava/lang/Object;' in 'kotlin/Result')}
  0x000000010fb70b68: 08b2 9cd2 | 080a a5f2 | 2800 c0f2 | e807 00f9 | 0800 8092 | e803 00f9 

  0x000000010fb70b80: ; ImmutableOopMap {c_rarg0=Oop [176]=Oop [208]=Oop [216]=Oop [224]=Oop [232]=Oop }
                      ;*synchronization entry
                      ; - kotlin.Result::constructor-impl@-1
                      ; - kotlinx.coroutines.DispatchedTask::run@298 (line 100)
                      ;   {runtime_call counter_overflow Runtime1 stub}
  0x000000010fb70b80: a05a c595 | 0dfa ff17 

  0x000000010fb70b88: ;   {metadata({method} {0x00000001284e2090} 'getRECOVER_STACK_TRACES' '()Z' in 'kotlinx/coroutines/DebugKt')}
  0x000000010fb70b88: 0812 84d2 | c809 a5f2 | 2800 c0f2 | e807 00f9 | 0800 8092 | e803 00f9 

  0x000000010fb70ba0: ; ImmutableOopMap {[176]=Oop [208]=Oop [216]=Oop [224]=Oop [232]=Oop [296]=Oop }
                      ;*synchronization entry
                      ; - kotlinx.coroutines.DebugKt::getRECOVER_STACK_TRACES@-1 (line 77)
                      ; - kotlinx.coroutines.DispatchedTask::run@211 (line 233)
                      ;   {runtime_call counter_overflow Runtime1 stub}
  0x000000010fb70ba0: 985a c595 | adfa ff17 

  0x000000010fb70ba8: ;   {metadata({method} {0x00000001285246c0} 'createFailure' '(Ljava/lang/Throwable;)Ljava/lang/Object;' in 'kotlin/ResultKt')}
  0x000000010fb70ba8: 08d8 88d2 | 480a a5f2 | 2800 c0f2 | e807 00f9 | 0800 8092 | e803 00f9 

  0x000000010fb70bc0: ; ImmutableOopMap {c_rarg0=Oop [176]=Oop [208]=Oop [216]=Oop [224]=Oop [232]=Oop [296]=Oop }
                      ;*synchronization entry
                      ; - kotlin.ResultKt::createFailure@-1
                      ; - kotlinx.coroutines.DispatchedTask::run@246 (line 232)
                      ;   {runtime_call counter_overflow Runtime1 stub}
  0x000000010fb70bc0: 905a c595 | c1fa ff17 

  0x000000010fb70bc8: ;   {metadata({method} {0x000000012841aec8} 'checkNotNullParameter' '(Ljava/lang/Object;Ljava/lang/String;)V' in 'kotlin/jvm/internal/Intrinsics')}
  0x000000010fb70bc8: 08d9 95d2 | 2808 a5f2 | 2800 c0f2 | e807 00f9 | 0800 8092 | e803 00f9 

  0x000000010fb70be0: ; ImmutableOopMap {c_rarg0=Oop [176]=Oop [208]=Oop [216]=Oop [224]=Oop [232]=Oop [296]=Oop }
                      ;*synchronization entry
                      ; - kotlin.jvm.internal.Intrinsics::checkNotNullParameter@-1 (line 130)
                      ; - kotlin.ResultKt::createFailure@3
                      ; - kotlinx.coroutines.DispatchedTask::run@246 (line 232)
                      ;   {runtime_call counter_overflow Runtime1 stub}
  0x000000010fb70be0: 885a c595 | c8fa ff17 

  0x000000010fb70be8: ;   {metadata({method} {0x000000012841b048} 'throwParameterIsNullNPE' '(Ljava/lang/String;)V' in 'kotlin/jvm/internal/Intrinsics')}
  0x000000010fb70be8: 0809 96d2 | 2808 a5f2 | 2800 c0f2 | e807 00f9 | 0800 8092 | e803 00f9 

  0x000000010fb70c00: ; ImmutableOopMap {[176]=Oop [208]=Oop [216]=Oop [224]=Oop [232]=Oop [296]=Oop }
                      ;*synchronization entry
                      ; - kotlin.jvm.internal.Intrinsics::throwParameterIsNullNPE@-1 (line 140)
                      ; - kotlin.jvm.internal.Intrinsics::checkNotNullParameter@5 (line 131)
                      ; - kotlin.ResultKt::createFailure@3
                      ; - kotlinx.coroutines.DispatchedTask::run@246 (line 232)
                      ;   {runtime_call counter_overflow Runtime1 stub}
  0x000000010fb70c00: 805a c595 | dbfa ff17 

  0x000000010fb70c08: ; ImmutableOopMap {[176]=Oop [208]=Oop [216]=Oop [224]=Oop [232]=Oop [296]=Oop }
                      ;*new {reexecute=0 rethrow=0 return_oop=0}
                      ; - kotlin.jvm.internal.Intrinsics::throwParameterIsNullNPE@0 (line 140)
                      ; - kotlin.jvm.internal.Intrinsics::checkNotNullParameter@5 (line 131)
                      ; - kotlin.ResultKt::createFailure@3
                      ; - kotlinx.coroutines.DispatchedTask::run@246 (line 232)
                      ;   {runtime_call fast_new_instance Runtime1 stub}
  0x000000010fb70c08: be44 c595 | e8fa ff17 

  0x000000010fb70c10: ;   {metadata({method} {0x000000012841c0c0} 'sanitizeStackTrace' '(Ljava/lang/Throwable;)Ljava/lang/Throwable;' in 'kotlin/jvm/internal/Intrinsics')}
  0x000000010fb70c10: 0818 98d2 | 2808 a5f2 | 2800 c0f2 | e807 00f9 | 0800 8092 | e803 00f9 

  0x000000010fb70c28: ; ImmutableOopMap {[176]=Oop [208]=Oop [216]=Oop [224]=Oop [232]=Oop [296]=Oop [304]=Oop }
                      ;*synchronization entry
                      ; - kotlin.jvm.internal.Intrinsics::sanitizeStackTrace@-1 (line 253)
                      ; - kotlin.jvm.internal.Intrinsics::throwParameterIsNullNPE@11 (line 140)
                      ; - kotlin.jvm.internal.Intrinsics::checkNotNullParameter@5 (line 131)
                      ; - kotlin.ResultKt::createFailure@3
                      ; - kotlinx.coroutines.DispatchedTask::run@246 (line 232)
                      ;   {runtime_call counter_overflow Runtime1 stub}
  0x000000010fb70c28: 765a c595 | 0afb ff17 

  0x000000010fb70c30: ;   {metadata({method} {0x000000d8004684b0} 'getName' '()Ljava/lang/String;' in 'java/lang/Class')}
  0x000000010fb70c30: 0896 90d2 | c808 a0f2 | 081b c0f2 | e807 00f9 | 0800 8092 | e803 00f9 

  0x000000010fb70c48: ; ImmutableOopMap {c_rarg1=Oop [176]=Oop [208]=Oop [216]=Oop [224]=Oop [232]=Oop [296]=Oop [304]=Oop }
                      ;*synchronization entry
                      ; - java.lang.Class::getName@-1 (line 949)
                      ; - kotlin.jvm.internal.Intrinsics::sanitizeStackTrace@3 (line 253)
                      ; - kotlin.jvm.internal.Intrinsics::throwParameterIsNullNPE@11 (line 140)
                      ; - kotlin.jvm.internal.Intrinsics::checkNotNullParameter@5 (line 131)
                      ; - kotlin.ResultKt::createFailure@3
                      ; - kotlinx.coroutines.DispatchedTask::run@246 (line 232)
                      ;   {runtime_call counter_overflow Runtime1 stub}
  0x000000010fb70c48: 6e5a c595 | 15fb ff17 

  0x000000010fb70c50: ; ImmutableOopMap {[176]=Oop [208]=Oop [216]=Oop [224]=Oop [232]=Oop [296]=Oop [304]=Oop }
                      ;*getfield name {reexecute=1 rethrow=0 return_oop=0}
                      ; - (reexecute) java.lang.Class::getName@1 (line 949)
                      ; - kotlin.jvm.internal.Intrinsics::sanitizeStackTrace@3 (line 253)
                      ; - kotlin.jvm.internal.Intrinsics::throwParameterIsNullNPE@11 (line 140)
                      ; - kotlin.jvm.internal.Intrinsics::checkNotNullParameter@5 (line 131)
                      ; - kotlin.ResultKt::createFailure@3
                      ; - kotlinx.coroutines.DispatchedTask::run@246 (line 232)
                      ;   {runtime_call throw_null_pointer_exception Runtime1 stub}
  0x000000010fb70c50: ac40 c595 

  0x000000010fb70c54: ; ImmutableOopMap {c_rarg2=Oop [176]=Oop [208]=Oop [216]=Oop [224]=Oop [232]=Oop [296]=Oop }
                      ;*new {reexecute=0 rethrow=0 return_oop=0}
                      ; - kotlin.ResultKt::createFailure@6 (line 122)
                      ; - kotlinx.coroutines.DispatchedTask::run@246 (line 232)
                      ;   {runtime_call fast_new_instance Runtime1 stub}
  0x000000010fb70c54: ab44 c595 | 47fb ff17 

  0x000000010fb70c5c: ;   {metadata({method} {0x000000012850d528} '<init>' '(Ljava/lang/Throwable;)V' in 'kotlin/Result$Failure')}
  0x000000010fb70c5c: 08a5 9ad2 | 080a a5f2 | 2800 c0f2 | e807 00f9 | 0800 8092 | e803 00f9 

  0x000000010fb70c74: ; ImmutableOopMap {c_rarg2=Oop c_rarg0=Oop [176]=Oop [208]=Oop [216]=Oop [224]=Oop [232]=Oop [296]=Oop [320]=Oop }
                      ;*synchronization entry
                      ; - kotlin.Result$Failure::<init>@-1
                      ; - kotlin.ResultKt::createFailure@11 (line 122)
                      ; - kotlinx.coroutines.DispatchedTask::run@246 (line 232)
                      ;   {runtime_call counter_overflow Runtime1 stub}
  0x000000010fb70c74: 635a c595 | 50fb ff17 

  0x000000010fb70c7c: ;   {metadata({method} {0x000000012841aec8} 'checkNotNullParameter' '(Ljava/lang/Object;Ljava/lang/String;)V' in 'kotlin/jvm/internal/Intrinsics')}
  0x000000010fb70c7c: 08d9 95d2 | 2808 a5f2 | 2800 c0f2 | e807 00f9 | 0800 8092 | e803 00f9 

  0x000000010fb70c94: ; ImmutableOopMap {c_rarg2=Oop c_rarg0=Oop [176]=Oop [208]=Oop [216]=Oop [224]=Oop [232]=Oop [296]=Oop [320]=Oop }
                      ;*synchronization entry
                      ; - kotlin.jvm.internal.Intrinsics::checkNotNullParameter@-1 (line 130)
                      ; - kotlin.Result$Failure::<init>@3
                      ; - kotlin.ResultKt::createFailure@11 (line 122)
                      ; - kotlinx.coroutines.DispatchedTask::run@246 (line 232)
                      ;   {runtime_call counter_overflow Runtime1 stub}
  0x000000010fb70c94: 5b5a c595 | 57fb ff17 

  0x000000010fb70c9c: ;   {metadata({method} {0x000000012841b048} 'throwParameterIsNullNPE' '(Ljava/lang/String;)V' in 'kotlin/jvm/internal/Intrinsics')}
  0x000000010fb70c9c: 0809 96d2 | 2808 a5f2 | 2800 c0f2 | e807 00f9 | 0800 8092 | e803 00f9 

  0x000000010fb70cb4: ; ImmutableOopMap {[176]=Oop [208]=Oop [216]=Oop [224]=Oop [232]=Oop [296]=Oop [320]=Oop }
                      ;*synchronization entry
                      ; - kotlin.jvm.internal.Intrinsics::throwParameterIsNullNPE@-1 (line 140)
                      ; - kotlin.jvm.internal.Intrinsics::checkNotNullParameter@5 (line 131)
                      ; - kotlin.Result$Failure::<init>@3
                      ; - kotlin.ResultKt::createFailure@11 (line 122)
                      ; - kotlinx.coroutines.DispatchedTask::run@246 (line 232)
                      ;   {runtime_call counter_overflow Runtime1 stub}
  0x000000010fb70cb4: 535a c595 | 6afb ff17 

  0x000000010fb70cbc: ; ImmutableOopMap {[176]=Oop [208]=Oop [216]=Oop [224]=Oop [232]=Oop [296]=Oop [320]=Oop }
                      ;*new {reexecute=0 rethrow=0 return_oop=0}
                      ; - kotlin.jvm.internal.Intrinsics::throwParameterIsNullNPE@0 (line 140)
                      ; - kotlin.jvm.internal.Intrinsics::checkNotNullParameter@5 (line 131)
                      ; - kotlin.Result$Failure::<init>@3
                      ; - kotlin.ResultKt::createFailure@11 (line 122)
                      ; - kotlinx.coroutines.DispatchedTask::run@246 (line 232)
                      ;   {runtime_call fast_new_instance Runtime1 stub}
  0x000000010fb70cbc: 9144 c595 | 77fb ff17 

  0x000000010fb70cc4: ;   {metadata({method} {0x000000012841c0c0} 'sanitizeStackTrace' '(Ljava/lang/Throwable;)Ljava/lang/Throwable;' in 'kotlin/jvm/internal/Intrinsics')}
  0x000000010fb70cc4: 0818 98d2 | 2808 a5f2 | 2800 c0f2 | e807 00f9 | 0800 8092 | e803 00f9 

  0x000000010fb70cdc: ; ImmutableOopMap {[176]=Oop [208]=Oop [216]=Oop [224]=Oop [232]=Oop [296]=Oop [312]=Oop [320]=Oop }
                      ;*synchronization entry
                      ; - kotlin.jvm.internal.Intrinsics::sanitizeStackTrace@-1 (line 253)
                      ; - kotlin.jvm.internal.Intrinsics::throwParameterIsNullNPE@11 (line 140)
                      ; - kotlin.jvm.internal.Intrinsics::checkNotNullParameter@5 (line 131)
                      ; - kotlin.Result$Failure::<init>@3
                      ; - kotlin.ResultKt::createFailure@11 (line 122)
                      ; - kotlinx.coroutines.DispatchedTask::run@246 (line 232)
                      ;   {runtime_call counter_overflow Runtime1 stub}
  0x000000010fb70cdc: 495a c595 | 99fb ff17 

  0x000000010fb70ce4: ;   {metadata({method} {0x000000d8004684b0} 'getName' '()Ljava/lang/String;' in 'java/lang/Class')}
  0x000000010fb70ce4: 0896 90d2 | c808 a0f2 | 081b c0f2 | e807 00f9 | 0800 8092 | e803 00f9 

  0x000000010fb70cfc: ; ImmutableOopMap {c_rarg1=Oop [176]=Oop [208]=Oop [216]=Oop [224]=Oop [232]=Oop [296]=Oop [312]=Oop [320]=Oop }
                      ;*synchronization entry
                      ; - java.lang.Class::getName@-1 (line 949)
                      ; - kotlin.jvm.internal.Intrinsics::sanitizeStackTrace@3 (line 253)
                      ; - kotlin.jvm.internal.Intrinsics::throwParameterIsNullNPE@11 (line 140)
                      ; - kotlin.jvm.internal.Intrinsics::checkNotNullParameter@5 (line 131)
                      ; - kotlin.Result$Failure::<init>@3
                      ; - kotlin.ResultKt::createFailure@11 (line 122)
                      ; - kotlinx.coroutines.DispatchedTask::run@246 (line 232)
                      ;   {runtime_call counter_overflow Runtime1 stub}
  0x000000010fb70cfc: 415a c595 | a4fb ff17 

  0x000000010fb70d04: ; ImmutableOopMap {[176]=Oop [208]=Oop [216]=Oop [224]=Oop [232]=Oop [296]=Oop [312]=Oop [320]=Oop }
                      ;*getfield name {reexecute=1 rethrow=0 return_oop=0}
                      ; - (reexecute) java.lang.Class::getName@1 (line 949)
                      ; - kotlin.jvm.internal.Intrinsics::sanitizeStackTrace@3 (line 253)
                      ; - kotlin.jvm.internal.Intrinsics::throwParameterIsNullNPE@11 (line 140)
                      ; - kotlin.jvm.internal.Intrinsics::checkNotNullParameter@5 (line 131)
                      ; - kotlin.Result$Failure::<init>@3
                      ; - kotlin.ResultKt::createFailure@11 (line 122)
                      ; - kotlinx.coroutines.DispatchedTask::run@246 (line 232)
                      ;   {runtime_call throw_null_pointer_exception Runtime1 stub}
  0x000000010fb70d04: 7f40 c595 

  0x000000010fb70d08: ;   {metadata({method} {0x000000d800473798} '<init>' '()V' in 'java/lang/Object')}
  0x000000010fb70d08: 08f3 86d2 | e808 a0f2 | 081b c0f2 | e807 00f9 | 0800 8092 | e803 00f9 

  0x000000010fb70d20: ; ImmutableOopMap {c_rarg0=Oop c_rarg3=Oop [176]=Oop [208]=Oop [216]=Oop [224]=Oop [232]=Oop [296]=Oop [320]=Oop }
                      ;*synchronization entry
                      ; - java.lang.Object::<init>@-1 (line 45)
                      ; - kotlin.Result$Failure::<init>@7 (line 105)
                      ; - kotlin.ResultKt::createFailure@11 (line 122)
                      ; - kotlinx.coroutines.DispatchedTask::run@246 (line 232)
                      ;   {runtime_call counter_overflow Runtime1 stub}
  0x000000010fb70d20: 385a c595 | d2fb ff17 | 020c 40b9 | 42f0 7dd3 | 427a ffb4 | e203 00f9 

  0x000000010fb70d38: ;   {runtime_call g1_pre_barrier_slow}
  0x000000010fb70d38: b25b c595 | cffb ff17 | 837a ffb4 | e003 00f9 

  0x000000010fb70d48: ;   {runtime_call g1_post_barrier_slow}
  0x000000010fb70d48: 6e5c c595 | d1fb ff17 

  0x000000010fb70d50: ;   {metadata({method} {0x000000012850e590} 'constructor-impl' '(Ljava/lang/Object;)Ljava/lang/Object;' in 'kotlin/Result')}
  0x000000010fb70d50: 08b2 9cd2 | 080a a5f2 | 2800 c0f2 | e807 00f9 | 0800 8092 | e803 00f9 

  0x000000010fb70d68: ; ImmutableOopMap {c_rarg0=Oop [176]=Oop [208]=Oop [216]=Oop [224]=Oop [232]=Oop [320]=Oop }
                      ;*synchronization entry
                      ; - kotlin.Result::constructor-impl@-1
                      ; - kotlinx.coroutines.DispatchedTask::run@249 (line 232)
                      ;   {runtime_call counter_overflow Runtime1 stub}
  0x000000010fb70d68: 265a c595 | d9fb ff17 

  0x000000010fb70d70: ; ImmutableOopMap {c_rarg0=Oop [176]=Oop [216]=Oop [224]=Oop }
                      ;*invokevirtual clearThreadContext {reexecute=0 rethrow=0 return_oop=0}
                      ; - kotlinx.coroutines.DispatchedTask::run@319 (line 236)
                      ;   {runtime_call throw_null_pointer_exception Runtime1 stub}
  0x000000010fb70d70: 6440 c595 

  0x000000010fb70d74: ;   {internal_word}
  0x000000010fb70d74: e888 ff10 | 8837 02f9 

  0x000000010fb70d7c: ;   {runtime_call SafepointBlob}
  0x000000010fb70d7c: e106 c215 | e803 00aa 

  0x000000010fb70d84: ; ImmutableOopMap {c_rarg1=Oop [176]=Oop [208]=Oop [216]=Oop [224]=Oop [232]=Oop [296]=Oop [320]=Oop }
                      ;*checkcast {reexecute=0 rethrow=0 return_oop=0}
                      ; - kotlin.jvm.internal.Intrinsics::throwParameterIsNullNPE@14 (line 140)
                      ; - kotlin.jvm.internal.Intrinsics::checkNotNullParameter@5 (line 131)
                      ; - kotlin.Result$Failure::<init>@3
                      ; - kotlin.ResultKt::createFailure@11 (line 122)
                      ; - kotlinx.coroutines.DispatchedTask::run@246 (line 232)
                      ;   {runtime_call throw_class_cast_exception Runtime1 stub}
  0x000000010fb70d84: df4c c595 

  0x000000010fb70d88: ; ImmutableOopMap {c_rarg1=Oop c_rarg0=Oop [176]=Oop [208]=Oop [216]=Oop [224]=Oop [232]=Oop [296]=Oop [320]=Oop }
                      ;*athrow {reexecute=1 rethrow=0 return_oop=0}
                      ; - (reexecute) kotlin.jvm.internal.Intrinsics::throwParameterIsNullNPE@17 (line 140)
                      ; - kotlin.jvm.internal.Intrinsics::checkNotNullParameter@5 (line 131)
                      ; - kotlin.Result$Failure::<init>@3
                      ; - kotlin.ResultKt::createFailure@11 (line 122)
                      ; - kotlinx.coroutines.DispatchedTask::run@246 (line 232)
                      ;   {runtime_call throw_null_pointer_exception Runtime1 stub}
  0x000000010fb70d88: 5e40 c595 | e803 00aa 

  0x000000010fb70d90: ; ImmutableOopMap {c_rarg1=Oop [176]=Oop [208]=Oop [216]=Oop [224]=Oop [232]=Oop [296]=Oop }
                      ;*checkcast {reexecute=0 rethrow=0 return_oop=0}
                      ; - kotlin.jvm.internal.Intrinsics::throwParameterIsNullNPE@14 (line 140)
                      ; - kotlin.jvm.internal.Intrinsics::checkNotNullParameter@5 (line 131)
                      ; - kotlin.ResultKt::createFailure@3
                      ; - kotlinx.coroutines.DispatchedTask::run@246 (line 232)
                      ;   {runtime_call throw_class_cast_exception Runtime1 stub}
  0x000000010fb70d90: dc4c c595 

  0x000000010fb70d94: ; ImmutableOopMap {c_rarg1=Oop c_rarg0=Oop [176]=Oop [208]=Oop [216]=Oop [224]=Oop [232]=Oop [296]=Oop }
                      ;*athrow {reexecute=1 rethrow=0 return_oop=0}
                      ; - (reexecute) kotlin.jvm.internal.Intrinsics::throwParameterIsNullNPE@17 (line 140)
                      ; - kotlin.jvm.internal.Intrinsics::checkNotNullParameter@5 (line 131)
                      ; - kotlin.ResultKt::createFailure@3
                      ; - kotlinx.coroutines.DispatchedTask::run@246 (line 232)
                      ;   {runtime_call throw_null_pointer_exception Runtime1 stub}
  0x000000010fb70d94: 5b40 c595 | e803 00aa 

  0x000000010fb70d9c: ; ImmutableOopMap {c_rarg1=Oop [176]=Oop [208]=Oop [216]=Oop [224]=Oop [232]=Oop [256]=Oop [288]=Oop }
                      ;*checkcast {reexecute=0 rethrow=0 return_oop=0}
                      ; - kotlin.jvm.internal.Intrinsics::throwParameterIsNullNPE@14 (line 140)
                      ; - kotlin.jvm.internal.Intrinsics::checkNotNullParameter@5 (line 131)
                      ; - kotlin.Result$Failure::<init>@3
                      ; - kotlin.ResultKt::createFailure@11 (line 122)
                      ; - kotlinx.coroutines.DispatchedTask::run@273 (line 98)
                      ;   {runtime_call throw_class_cast_exception Runtime1 stub}
  0x000000010fb70d9c: d94c c595 

  0x000000010fb70da0: ; ImmutableOopMap {c_rarg1=Oop c_rarg0=Oop [176]=Oop [208]=Oop [216]=Oop [224]=Oop [232]=Oop [256]=Oop [288]=Oop }
                      ;*athrow {reexecute=1 rethrow=0 return_oop=0}
                      ; - (reexecute) kotlin.jvm.internal.Intrinsics::throwParameterIsNullNPE@17 (line 140)
                      ; - kotlin.jvm.internal.Intrinsics::checkNotNullParameter@5 (line 131)
                      ; - kotlin.Result$Failure::<init>@3
                      ; - kotlin.ResultKt::createFailure@11 (line 122)
                      ; - kotlinx.coroutines.DispatchedTask::run@273 (line 98)
                      ;   {runtime_call throw_null_pointer_exception Runtime1 stub}
  0x000000010fb70da0: 5840 c595 | e803 00aa 

  0x000000010fb70da8: ; ImmutableOopMap {c_rarg1=Oop c_rarg2=Oop [176]=Oop [216]=Oop [224]=Oop [232]=Oop [256]=Oop }
                      ;*checkcast {reexecute=0 rethrow=0 return_oop=0}
                      ; - kotlin.jvm.internal.Intrinsics::throwParameterIsNullNPE@14 (line 140)
                      ; - kotlin.jvm.internal.Intrinsics::checkNotNullParameter@5 (line 131)
                      ; - kotlin.ResultKt::createFailure@3
                      ; - kotlinx.coroutines.DispatchedTask::run@273 (line 98)
                      ;   {runtime_call throw_class_cast_exception Runtime1 stub}
  0x000000010fb70da8: d64c c595 

  0x000000010fb70dac: ; ImmutableOopMap {c_rarg1=Oop c_rarg2=Oop c_rarg0=Oop [176]=Oop [216]=Oop [224]=Oop [232]=Oop [256]=Oop }
                      ;*athrow {reexecute=1 rethrow=0 return_oop=0}
                      ; - (reexecute) kotlin.jvm.internal.Intrinsics::throwParameterIsNullNPE@17 (line 140)
                      ; - kotlin.jvm.internal.Intrinsics::checkNotNullParameter@5 (line 131)
                      ; - kotlin.ResultKt::createFailure@3
                      ; - kotlinx.coroutines.DispatchedTask::run@273 (line 98)
                      ;   {runtime_call throw_null_pointer_exception Runtime1 stub}
  0x000000010fb70dac: 5540 c595 

  0x000000010fb70db0: ; ImmutableOopMap {c_rarg1=Oop [176]=Oop [216]=Oop [224]=Oop [328]=Oop }
                      ;*invokevirtual clearThreadContext {reexecute=0 rethrow=0 return_oop=0}
                      ; - kotlinx.coroutines.DispatchedTask::run@344 (line 236)
                      ;   {runtime_call throw_null_pointer_exception Runtime1 stub}
  0x000000010fb70db0: 5440 c595 | e803 00aa 

  0x000000010fb70db8: ; ImmutableOopMap {c_rarg2=Oop [176]=Oop [184]=Oop }
                      ;*checkcast {reexecute=0 rethrow=0 return_oop=0}
                      ; - kotlin.jvm.internal.Intrinsics::throwJavaNpe@11 (line 50)
                      ; - kotlin.jvm.internal.Intrinsics::checkNotNull@5 (line 31)
                      ; - kotlinx.coroutines.DispatchedTask::run@40 (line 80)
                      ;   {runtime_call throw_class_cast_exception Runtime1 stub}
  0x000000010fb70db8: d24c c595 

  0x000000010fb70dbc: ; ImmutableOopMap {c_rarg2=Oop c_rarg0=Oop [176]=Oop [184]=Oop }
                      ;*athrow {reexecute=1 rethrow=0 return_oop=0}
                      ; - (reexecute) kotlin.jvm.internal.Intrinsics::throwJavaNpe@14 (line 50)
                      ; - kotlin.jvm.internal.Intrinsics::checkNotNull@5 (line 31)
                      ; - kotlinx.coroutines.DispatchedTask::run@40 (line 80)
                      ;   {runtime_call throw_null_pointer_exception Runtime1 stub}
  0x000000010fb70dbc: 5140 c595 

  0x000000010fb70dc0: ;   {internal_word}
  0x000000010fb70dc0: 28c1 ff10 | 8837 02f9 

  0x000000010fb70dc8: ;   {runtime_call SafepointBlob}
  0x000000010fb70dc8: ce06 c215 

  0x000000010fb70dcc: ; ImmutableOopMap {c_rarg0=Oop [336]=Oop }
                      ;*invokeinterface getContext {reexecute=0 rethrow=0 return_oop=0}
                      ; - kotlinx.coroutines.DispatchedTask::run@365 (line 105)
                      ;   {runtime_call throw_null_pointer_exception Runtime1 stub}
  0x000000010fb70dcc: 4d40 c595 

  0x000000010fb70dd0: ;   {internal_word}
  0x000000010fb70dd0: a8d5 ff10 | 8837 02f9 

  0x000000010fb70dd8: ;   {runtime_call SafepointBlob}
  0x000000010fb70dd8: ca06 c215 | 8083 42f9 | 9f83 02f9 | 9f87 02f9 | fd7b 57a9 | ff03 0691 

  0x000000010fb70df0: ;   {runtime_call unwind_exception Runtime1 stub}
  0x000000010fb70df0: 843c c515 | 0000 0000 
[Stub Code]
  0x000000010fb70df8: ;   {no_reloc}
  0x000000010fb70df8: df3f 03d5 

  0x000000010fb70dfc: ;   {metadata(nullptr)}
  0x000000010fb70dfc: 0c00 80d2 | 0c00 a0f2 | 0c00 c0f2 | 0800 80d2 | 0800 a0f2 | 0800 c0f2 | 0001 1fd6 

  0x000000010fb70e18: ;   {trampoline_stub}
  0x000000010fb70e18: 4800 0058 | 0001 1fd6 | 2822 ce16 | 0100 0000 

  0x000000010fb70e28: ;   {trampoline_stub}
  0x000000010fb70e28: 4800 0058 | 0001 1fd6 | 80c1 be16 | 0100 0000 

  0x000000010fb70e38: ;   {trampoline_stub}
  0x000000010fb70e38: 4800 0058 | 0001 1fd6 | 80c1 be16 | 0100 0000 

  0x000000010fb70e48: ;   {static_stub}
  0x000000010fb70e48: df3f 03d5 

  0x000000010fb70e4c: ;   {metadata(nullptr)}
  0x000000010fb70e4c: 0c00 80d2 | 0c00 a0f2 | 0c00 c0f2 | 0800 80d2 | 0800 a0f2 | 0800 c0f2 | 0001 1fd6 

  0x000000010fb70e68: ;   {trampoline_stub}
  0x000000010fb70e68: 4800 0058 | 0001 1fd6 | 0020 ce16 | 0100 0000 

  0x000000010fb70e78: ;   {trampoline_stub}
  0x000000010fb70e78: 4800 0058 | 0001 1fd6 | 40da b10f | 0100 0000 

  0x000000010fb70e88: ;   {trampoline_stub}
  0x000000010fb70e88: 4800 0058 | 0001 1fd6 | 80c7 be16 | 0100 0000 

  0x000000010fb70e98: ;   {static_stub}
  0x000000010fb70e98: df3f 03d5 

  0x000000010fb70e9c: ;   {metadata(nullptr)}
  0x000000010fb70e9c: 0c00 80d2 | 0c00 a0f2 | 0c00 c0f2 | 0800 80d2 | 0800 a0f2 | 0800 c0f2 | 0001 1fd6 

  0x000000010fb70eb8: ;   {trampoline_stub}
  0x000000010fb70eb8: 4800 0058 | 0001 1fd6 | 0020 ce16 | 0100 0000 

  0x000000010fb70ec8: ;   {static_stub}
  0x000000010fb70ec8: df3f 03d5 

  0x000000010fb70ecc: ;   {metadata(nullptr)}
  0x000000010fb70ecc: 0c00 80d2 | 0c00 a0f2 | 0c00 c0f2 | 0800 80d2 | 0800 a0f2 | 0800 c0f2 | 0001 1fd6 

  0x000000010fb70ee8: ;   {trampoline_stub}
  0x000000010fb70ee8: 4800 0058 | 0001 1fd6 | 881e ce16 | 0100 0000 

  0x000000010fb70ef8: ;   {static_stub}
  0x000000010fb70ef8: df3f 03d5 

  0x000000010fb70efc: ;   {metadata(nullptr)}
  0x000000010fb70efc: 0c00 80d2 | 0c00 a0f2 | 0c00 c0f2 | 0800 80d2 | 0800 a0f2 | 0800 c0f2 | 0001 1fd6 

  0x000000010fb70f18: ;   {trampoline_stub}
  0x000000010fb70f18: 4800 0058 | 0001 1fd6 | b019 ce16 | 0100 0000 

  0x000000010fb70f28: ;   {static_stub}
  0x000000010fb70f28: df3f 03d5 

  0x000000010fb70f2c: ;   {metadata(nullptr)}
  0x000000010fb70f2c: 0c00 80d2 | 0c00 a0f2 | 0c00 c0f2 | 0800 80d2 | 0800 a0f2 | 0800 c0f2 | 0001 1fd6 

  0x000000010fb70f48: ;   {trampoline_stub}
  0x000000010fb70f48: 4800 0058 | 0001 1fd6 | 601b ce16 | 0100 0000 

  0x000000010fb70f58: ;   {static_stub}
  0x000000010fb70f58: df3f 03d5 

  0x000000010fb70f5c: ;   {metadata(nullptr)}
  0x000000010fb70f5c: 0c00 80d2 | 0c00 a0f2 | 0c00 c0f2 | 0800 80d2 | 0800 a0f2 | 0800 c0f2 | 0001 1fd6 

  0x000000010fb70f78: ;   {trampoline_stub}
  0x000000010fb70f78: 4800 0058 | 0001 1fd6 | 902b e116 | 0100 0000 

  0x000000010fb70f88: ;   {trampoline_stub}
  0x000000010fb70f88: 4800 0058 | 0001 1fd6 | 80c7 be16 | 0100 0000 

  0x000000010fb70f98: ;   {trampoline_stub}
  0x000000010fb70f98: 4800 0058 | 0001 1fd6 | 80c1 be16 | 0100 0000 

  0x000000010fb70fa8: ;   {trampoline_stub}
  0x000000010fb70fa8: 4800 0058 | 0001 1fd6 | 80c1 be16 | 0100 0000 

  0x000000010fb70fb8: ;   {trampoline_stub}
  0x000000010fb70fb8: 4800 0058 | 0001 1fd6 | 80c7 be16 | 0100 0000 

  0x000000010fb70fc8: ;   {trampoline_stub}
  0x000000010fb70fc8: 4800 0058 | 0001 1fd6 | 80c1 be16 | 0100 0000 

  0x000000010fb70fd8: ;   {trampoline_stub}
  0x000000010fb70fd8: 4800 0058 | 0001 1fd6 | 80c1 be16 | 0100 0000 

  0x000000010fb70fe8: ;   {static_stub}
  0x000000010fb70fe8: df3f 03d5 

  0x000000010fb70fec: ;   {metadata(nullptr)}
  0x000000010fb70fec: 0c00 80d2 | 0c00 a0f2 | 0c00 c0f2 | 0800 80d2 | 0800 a0f2 | 0800 c0f2 | 0001 1fd6 

  0x000000010fb71008: ;   {trampoline_stub}
  0x000000010fb71008: 4800 0058 | 0001 1fd6 | 381c ce16 | 0100 0000 

  0x000000010fb71018: ;   {static_stub}
  0x000000010fb71018: df3f 03d5 

  0x000000010fb7101c: ;   {metadata(nullptr)}
  0x000000010fb7101c: 0c00 80d2 | 0c00 a0f2 | 0c00 c0f2 | 0800 80d2 | 0800 a0f2 | 0800 c0f2 | 0001 1fd6 

  0x000000010fb71038: ;   {trampoline_stub}
  0x000000010fb71038: 4800 0058 | 0001 1fd6 | 001f ce16 | 0100 0000 

  0x000000010fb71048: ;   {static_stub}
  0x000000010fb71048: df3f 03d5 

  0x000000010fb7104c: ;   {metadata(nullptr)}
  0x000000010fb7104c: 0c00 80d2 | 0c00 a0f2 | 0c00 c0f2 | 0800 80d2 | 0800 a0f2 | 0800 c0f2 | 0001 1fd6 

  0x000000010fb71068: ;   {trampoline_stub}
  0x000000010fb71068: 4800 0058 | 0001 1fd6 | 381c ce16 | 0100 0000 

  0x000000010fb71078: ;   {static_stub}
  0x000000010fb71078: df3f 03d5 

  0x000000010fb7107c: ;   {metadata(nullptr)}
  0x000000010fb7107c: 0c00 80d2 | 0c00 a0f2 | 0c00 c0f2 | 0800 80d2 | 0800 a0f2 | 0800 c0f2 | 0001 1fd6 

  0x000000010fb71098: ;   {trampoline_stub}
  0x000000010fb71098: 4800 0058 | 0001 1fd6 | 2c0b bf16 | 0100 0000 

  0x000000010fb710a8: ;   {static_stub}
  0x000000010fb710a8: df3f 03d5 

  0x000000010fb710ac: ;   {metadata(nullptr)}
  0x000000010fb710ac: 0c00 80d2 | 0c00 a0f2 | 0c00 c0f2 | 0800 80d2 | 0800 a0f2 | 0800 c0f2 | 0001 1fd6 

  0x000000010fb710c8: ;   {trampoline_stub}
  0x000000010fb710c8: 4800 0058 | 0001 1fd6 | b01e ce16 | 0100 0000 

  0x000000010fb710d8: ;   {trampoline_stub}
  0x000000010fb710d8: 4800 0058 | 0001 1fd6 | 80c7 be16 | 0100 0000 

  0x000000010fb710e8: ;   {trampoline_stub}
  0x000000010fb710e8: 4800 0058 | 0001 1fd6 | 80c1 be16 | 0100 0000 

  0x000000010fb710f8: ;   {trampoline_stub}
  0x000000010fb710f8: 4800 0058 | 0001 1fd6 | 80c1 be16 | 0100 0000 

  0x000000010fb71108: ;   {trampoline_stub}
  0x000000010fb71108: 4800 0058 | 0001 1fd6 | 80c7 be16 | 0100 0000 

  0x000000010fb71118: ;   {trampoline_stub}
  0x000000010fb71118: 4800 0058 | 0001 1fd6 | 80c1 be16 | 0100 0000 

  0x000000010fb71128: ;   {trampoline_stub}
  0x000000010fb71128: 4800 0058 | 0001 1fd6 | 80c1 be16 | 0100 0000 

  0x000000010fb71138: ;   {static_stub}
  0x000000010fb71138: df3f 03d5 

  0x000000010fb7113c: ;   {metadata(nullptr)}
  0x000000010fb7113c: 0c00 80d2 | 0c00 a0f2 | 0c00 c0f2 | 0800 80d2 | 0800 a0f2 | 0800 c0f2 | 0001 1fd6 

  0x000000010fb71158: ;   {trampoline_stub}
  0x000000010fb71158: 4800 0058 | 0001 1fd6 | 381c ce16 | 0100 0000 

  0x000000010fb71168: ;   {trampoline_stub}
  0x000000010fb71168: 4800 0058 | 0001 1fd6 | 80c1 be16 | 0100 0000 

  0x000000010fb71178: ;   {trampoline_stub}
  0x000000010fb71178: 4800 0058 | 0001 1fd6 | 00c3 b10f | 0100 0000 

  0x000000010fb71188: ;   {trampoline_stub}
  0x000000010fb71188: 4800 0058 | 0001 1fd6 | 80c7 be16 | 0100 0000 

  0x000000010fb71198: ;   {trampoline_stub}
  0x000000010fb71198: 4800 0058 | 0001 1fd6 | 80c7 be16 | 0100 0000 

  0x000000010fb711a8: ;   {trampoline_stub}
  0x000000010fb711a8: 4800 0058 | 0001 1fd6 | 80c7 be16 | 0100 0000 

  0x000000010fb711b8: ;   {trampoline_stub}
  0x000000010fb711b8: 4800 0058 | 0001 1fd6 | 80c7 be16 | 0100 0000 

  0x000000010fb711c8: ;   {trampoline_stub}
  0x000000010fb711c8: 4800 0058 | 0001 1fd6 | 80c1 be16 | 0100 0000 

  0x000000010fb711d8: ;   {trampoline_stub}
  0x000000010fb711d8: 4800 0058 | 0001 1fd6 | 80c7 be16 | 0100 0000 

  0x000000010fb711e8: ;   {trampoline_stub}
  0x000000010fb711e8: 4800 0058 | 0001 1fd6 | 80c7 be16 | 0100 0000 

  0x000000010fb711f8: ;   {trampoline_stub}
  0x000000010fb711f8: 4800 0058 | 0001 1fd6 | 80c1 be16 | 0100 0000 

  0x000000010fb71208: ;   {static_stub}
  0x000000010fb71208: df3f 03d5 

  0x000000010fb7120c: ;   {metadata(nullptr)}
  0x000000010fb7120c: 0c00 80d2 | 0c00 a0f2 | 0c00 c0f2 | 0800 80d2 | 0800 a0f2 | 0800 c0f2 | 0001 1fd6 

  0x000000010fb71228: ;   {trampoline_stub}
  0x000000010fb71228: 4800 0058 | 0001 1fd6 | 80c4 be16 | 0100 0000 

  0x000000010fb71238: ;   {static_stub}
  0x000000010fb71238: df3f 03d5 

  0x000000010fb7123c: ;   {metadata(nullptr)}
  0x000000010fb7123c: 0c00 80d2 | 0c00 a0f2 | 0c00 c0f2 | 0800 80d2 | 0800 a0f2 | 0800 c0f2 | 0001 1fd6 

  0x000000010fb71258: ;   {trampoline_stub}
  0x000000010fb71258: 4800 0058 | 0001 1fd6 | 80c4 be16 | 0100 0000 

  0x000000010fb71268: ;   {static_stub}
  0x000000010fb71268: df3f 03d5 

  0x000000010fb7126c: ;   {metadata(nullptr)}
  0x000000010fb7126c: 0c00 80d2 | 0c00 a0f2 | 0c00 c0f2 | 0800 80d2 | 0800 a0f2 | 0800 c0f2 | 0001 1fd6 

  0x000000010fb71288: ;   {trampoline_stub}
  0x000000010fb71288: 4800 0058 | 0001 1fd6 | 80c1 be16 | 0100 0000 

  0x000000010fb71298: ;   {static_stub}
  0x000000010fb71298: df3f 03d5 

  0x000000010fb7129c: ;   {metadata(nullptr)}
  0x000000010fb7129c: 0c00 80d2 | 0c00 a0f2 | 0c00 c0f2 | 0800 80d2 | 0800 a0f2 | 0800 c0f2 | 0001 1fd6 

  0x000000010fb712b8: ;   {trampoline_stub}
  0x000000010fb712b8: 4800 0058 | 0001 1fd6 | 80c7 be16 | 0100 0000 

  0x000000010fb712c8: ;   {static_stub}
  0x000000010fb712c8: df3f 03d5 

  0x000000010fb712cc: ;   {metadata(nullptr)}
  0x000000010fb712cc: 0c00 80d2 | 0c00 a0f2 | 0c00 c0f2 | 0800 80d2 | 0800 a0f2 | 0800 c0f2 | 0001 1fd6 

  0x000000010fb712e8: ;   {static_stub}
  0x000000010fb712e8: df3f 03d5 

  0x000000010fb712ec: ;   {metadata(nullptr)}
  0x000000010fb712ec: 0c00 80d2 | 0c00 a0f2 | 0c00 c0f2 | 0800 80d2 | 0800 a0f2 | 0800 c0f2 | 0001 1fd6 

  0x000000010fb71308: ;   {static_stub}
  0x000000010fb71308: df3f 03d5 

  0x000000010fb7130c: ;   {metadata(nullptr)}
  0x000000010fb7130c: 0c00 80d2 | 0c00 a0f2 | 0c00 c0f2 | 0800 80d2 | 0800 a0f2 | 0800 c0f2 | 0001 1fd6 

  0x000000010fb71328: ;   {static_stub}
  0x000000010fb71328: df3f 03d5 

  0x000000010fb7132c: ;   {metadata(nullptr)}
  0x000000010fb7132c: 0c00 80d2 | 0c00 a0f2 | 0c00 c0f2 | 0800 80d2 | 0800 a0f2 | 0800 c0f2 | 0001 1fd6 

  0x000000010fb71348: ;   {static_stub}
  0x000000010fb71348: df3f 03d5 

  0x000000010fb7134c: ;   {metadata(nullptr)}
  0x000000010fb7134c: 0c00 80d2 | 0c00 a0f2 | 0c00 c0f2 | 0800 80d2 | 0800 a0f2 | 0800 c0f2 | 0001 1fd6 

  0x000000010fb71368: ;   {static_stub}
  0x000000010fb71368: df3f 03d5 

  0x000000010fb7136c: ;   {metadata(nullptr)}
  0x000000010fb7136c: 0c00 80d2 | 0c00 a0f2 | 0c00 c0f2 | 0800 80d2 | 0800 a0f2 | 0800 c0f2 | 0001 1fd6 

  0x000000010fb71388: ;   {static_stub}
  0x000000010fb71388: df3f 03d5 

  0x000000010fb7138c: ;   {metadata(nullptr)}
  0x000000010fb7138c: 0c00 80d2 | 0c00 a0f2 | 0c00 c0f2 | 0800 80d2 | 0800 a0f2 | 0800 c0f2 | 0001 1fd6 

  0x000000010fb713a8: ;   {static_stub}
  0x000000010fb713a8: df3f 03d5 

  0x000000010fb713ac: ;   {metadata(nullptr)}
  0x000000010fb713ac: 0c00 80d2 | 0c00 a0f2 | 0c00 c0f2 | 0800 80d2 | 0800 a0f2 | 0800 c0f2 | 0001 1fd6 

  0x000000010fb713c8: ;   {static_stub}
  0x000000010fb713c8: df3f 03d5 

  0x000000010fb713cc: ;   {metadata(nullptr)}
  0x000000010fb713cc: 0c00 80d2 | 0c00 a0f2 | 0c00 c0f2 | 0800 80d2 | 0800 a0f2 | 0800 c0f2 | 0001 1fd6 
[Exception Handler]
  0x000000010fb713e8: ;   {runtime_call handle_exception_from_callee Runtime1 stub}
  0x000000010fb713e8: c649 c595 | c1d5 bbd4 | fe0a 9f06 | 0100 0000 
[Deopt Handler Code]
  0x000000010fb713f8: 1e00 0010 

  0x000000010fb713fc: ;   {runtime_call DeoptimizationBlob}
  0x000000010fb713fc: 1106 c215 
[/MachCode]


Compiled method (c1) 7433 3337   !   3       java.awt.event.InvocationEvent::dispatch (69 bytes)
 total in heap  [0x000000010fb86090,0x000000010fb86bd8] = 2888
 relocation     [0x000000010fb861e0,0x000000010fb862a0] = 192
 main code      [0x000000010fb862c0,0x000000010fb86948] = 1672
 stub code      [0x000000010fb86948,0x000000010fb86a00] = 184
 metadata       [0x000000010fb86a00,0x000000010fb86a30] = 48
 scopes data    [0x000000010fb86a30,0x000000010fb86a88] = 88
 scopes pcs     [0x000000010fb86a88,0x000000010fb86b28] = 160
 dependencies   [0x000000010fb86b28,0x000000010fb86b30] = 8
 handler table  [0x000000010fb86b30,0x000000010fb86bc0] = 144
 nul chk table  [0x000000010fb86bc0,0x000000010fb86bd8] = 24

[Constant Pool (empty)]

[MachCode]
[Entry Point]
  # {method} {0x000000012826a4d8} 'dispatch' '()V' in 'java/awt/event/InvocationEvent'
  #           [sp+0x40]  (sp of caller)
  0x000000010fb862c0: 2808 40b9 | 3f01 086b | c001 0054 

  0x000000010fb862cc: ;   {runtime_call ic_miss_stub}
  0x000000010fb862cc: ed96 c115 | 1f20 03d5 | 1f20 03d5 | 1f20 03d5 | 1f20 03d5 | 1f20 03d5 | 1f20 03d5 | 1f20 03d5 
  0x000000010fb862ec: 1f20 03d5 | 1f20 03d5 | 1f20 03d5 | 1f20 03d5 | 1f20 03d5 
[Verified Entry Point]
  0x000000010fb86300: 1f20 03d5 | e953 40d1 | 3f01 00f9 | ff03 01d1 | fd7b 03a9 | 2801 0018 | 8923 40b9 | 1f01 09eb 
  0x000000010fb86320: e000 0054 | 0830 8bd2 | e8d7 a2f2 | 2800 c0f2 | 0001 3fd6 | 0200 0014 | 0500 0000 | e10f 00f9 
  0x000000010fb86340: ;   {metadata(method data for {method} {0x000000012826a4d8} 'dispatch' '()V' in 'java/awt/event/InvocationEvent')}
  0x000000010fb86340: 00fd 80d2 | 0047 a5f2 | 2000 c0f2 | 02ac 40b9 | 4208 0011 | 02ac 00b9 | 4224 1f12 | 5f00 0071 
  0x000000010fb86360: 202a 0054 | 20a4 4039 | 1f00 0071 

  0x000000010fb8636c: ;   {metadata(method data for {method} {0x000000012826a4d8} 'dispatch' '()V' in 'java/awt/event/InvocationEvent')}
  0x000000010fb8636c: 00fd 80d2 | 0047 a5f2 | 2000 c0f2 | e80f 7cb2 | e903 78b2 | 0201 899a | 0368 62f8 | 6304 0091 
  0x000000010fb8638c: 0368 22f8 | a007 0054 | 202c 40b9 | 00f0 7dd3 

  0x000000010fb8639c: ; implicit exception: dispatches to 0x000000010fb868c4
  0x000000010fb8639c: 1f00 40f9 | e203 00aa 

  0x000000010fb863a4: ;   {metadata(method data for {method} {0x000000012826a4d8} 'dispatch' '()V' in 'java/awt/event/InvocationEvent')}
  0x000000010fb863a4: 03fd 80d2 | 0347 a5f2 | 2300 c0f2 | 4208 40b9 | 021b c0f2 | 6980 0491 | 2801 40f9 | 5f00 08eb 
  0x000000010fb863c4: a100 0054 | 6894 40f9 | 0805 0091 | 6894 00f9 | 1c00 0014 | 69c0 0491 | 2801 40f9 | 5f00 08eb 
  0x000000010fb863e4: a100 0054 | 689c 40f9 | 0805 0091 | 689c 00f9 | 1400 0014 | 6980 0491 | 2801 40f9 | c800 00b5 
  0x000000010fb86404: 2201 00f9 | e803 40b2 | 69a0 0491 | 2801 00f9 | 0c00 0014 | 69c0 0491 | 2801 40f9 | c800 00b5 
  0x000000010fb86424: 2201 00f9 | e803 40b2 | 69e0 0491 | 2801 00f9 | 0400 0014 | 6888 40f9 | 0805 0091 | 6888 00f9 
  0x000000010fb86444: e103 00aa | e9ff 9fd2 | e9ff bff2 | e9ff dff2 

  0x000000010fb86454: ; ImmutableOopMap {[24]=Oop }
                      ;*invokeinterface run {reexecute=0 rethrow=0 return_oop=0}
                      ; - java.awt.event.InvocationEvent::dispatch@11 (line 308)
                      ;   {virtual_call}
  0x000000010fb86454: 0b98 c195 

  0x000000010fb86458: ;   {other}
  0x000000010fb86458: 1f20 03d5 | 1f79 80f2 | 1f00 80f2 

  0x000000010fb86464: ;   {metadata(method data for {method} {0x000000012826a4d8} 'dispatch' '()V' in 'java/awt/event/InvocationEvent')}
  0x000000010fb86464: 01fd 80d2 | 0147 a5f2 | 2100 c0f2 | 20a4 40f9 | 0004 0091 | 20a4 00f9 | e10f 40f9 | de00 0014 
  0x000000010fb86484: 202c 40b9 | 00f0 7dd3 

  0x000000010fb8648c: ; implicit exception: dispatches to 0x000000010fb868c8
  0x000000010fb8648c: 1f00 40f9 | e203 00aa 

  0x000000010fb86494: ;   {metadata(method data for {method} {0x000000012826a4d8} 'dispatch' '()V' in 'java/awt/event/InvocationEvent')}
  0x000000010fb86494: 03fd 80d2 | 0347 a5f2 | 2300 c0f2 | 4208 40b9 | 021b c0f2 | 6960 0891 | 2801 40f9 | 5f00 08eb 
  0x000000010fb864b4: a100 0054 | 6810 41f9 | 0805 0091 | 6810 01f9 | 1c00 0014 | 69a0 0891 | 2801 40f9 | 5f00 08eb 
  0x000000010fb864d4: a100 0054 | 6818 41f9 | 0805 0091 | 6818 01f9 | 1400 0014 | 6960 0891 | 2801 40f9 | c800 00b5 
  0x000000010fb864f4: 2201 00f9 | e803 40b2 | 6980 0891 | 2801 00f9 | 0c00 0014 | 69a0 0891 | 2801 40f9 | c800 00b5 
  0x000000010fb86514: 2201 00f9 | e803 40b2 | 69c0 0891 | 2801 00f9 | 0400 0014 | 6804 41f9 | 0805 0091 | 6804 01f9 
  0x000000010fb86534: e103 00aa | 092c 91d2 | 0977 bdf2 | e900 c0f2 

  0x000000010fb86544: ; ImmutableOopMap {[24]=Oop }
                      ;*invokeinterface run {reexecute=0 rethrow=0 return_oop=0}
                      ; - java.awt.event.InvocationEvent::dispatch@47 (line 318)
                      ;   {virtual_call}
  0x000000010fb86544: bd6d c595 

  0x000000010fb86548: ;   {other}
  0x000000010fb86548: 1f20 03d5 | 1f97 80f2 | 1f20 80f2 | e10f 40f9 | a800 0014 | 8083 42f9 | 9f83 02f9 | 9f87 02f9 
  0x000000010fb86568: 0001 00b5 

  0x000000010fb8656c: ;   {metadata(method data for {method} {0x000000012826a4d8} 'dispatch' '()V' in 'java/awt/event/InvocationEvent')}
  0x000000010fb8656c: 04fd 80d2 | 0447 a5f2 | 2400 c0f2 | 8864 4539 | 0801 40b2 | 8864 0539 | 3700 0014 

  0x000000010fb86588: ;   {metadata('java/lang/Exception')}
  0x000000010fb86588: 0304 98d2 | 0300 a0f2 | 031b c0f2 | 0408 40b9 | 041b c0f2 | 8820 40f9 | 7f00 08eb | e104 0054 
  0x000000010fb865a8: ;   {metadata(method data for {method} {0x000000012826a4d8} 'dispatch' '()V' in 'java/awt/event/InvocationEvent')}
  0x000000010fb865a8: 04fd 80d2 | 0447 a5f2 | 2400 c0f2 | 0308 40b9 | 031b c0f2 | 89c0 0591 | 2801 40f9 | 7f00 08eb 
  0x000000010fb865c8: a100 0054 | 88bc 40f9 | 0805 0091 | 88bc 00f9 | 2400 0014 | 8900 0691 | 2801 40f9 | 7f00 08eb 
  0x000000010fb865e8: a100 0054 | 88c4 40f9 | 0805 0091 | 88c4 00f9 | 1c00 0014 | 89c0 0591 | 2801 40f9 | c800 00b5 
  0x000000010fb86608: 2301 00f9 | e803 40b2 | 89e0 0591 | 2801 00f9 | 1400 0014 | 8900 0691 | 2801 40f9 | c800 00b5 
  0x000000010fb86628: 2301 00f9 | e803 40b2 | 8920 0691 | 2801 00f9 | 0c00 0014 | 0b00 0014 

  0x000000010fb86640: ;   {metadata(method data for {method} {0x000000012826a4d8} 'dispatch' '()V' in 'java/awt/event/InvocationEvent')}
  0x000000010fb86640: 04fd 80d2 | 0447 a5f2 | 2400 c0f2 | 88b0 40f9 | 0805 00d1 | 88b0 00f9 | 0200 0014 | 0300 0014 
  0x000000010fb86660: e203 1faa | 0200 0014 | e203 40b2 | 5f00 0071 

  0x000000010fb86670: ;   {metadata(method data for {method} {0x000000012826a4d8} 'dispatch' '()V' in 'java/awt/event/InvocationEvent')}
  0x000000010fb86670: 02fd 80d2 | 0247 a5f2 | 2200 c0f2 | 0833 80d2 | 0935 80d2 | 0101 899a | 4368 61f8 | 6304 0091 
  0x000000010fb86690: 4368 21f8 | e10f 40f9 | 2009 0054 | 0001 00b5 

  0x000000010fb866a0: ;   {metadata(method data for {method} {0x000000012826a4d8} 'dispatch' '()V' in 'java/awt/event/InvocationEvent')}
  0x000000010fb866a0: 05fd 80d2 | 0547 a5f2 | 2500 c0f2 | a8c4 4639 | 0801 40b2 | a8c4 0639 | 3700 0014 

  0x000000010fb866bc: ;   {metadata('java/lang/Exception')}
  0x000000010fb866bc: 0404 98d2 | 0400 a0f2 | 041b c0f2 | 0508 40b9 | 051b c0f2 | a820 40f9 | 9f00 08eb | e104 0054 
  0x000000010fb866dc: ;   {metadata(method data for {method} {0x000000012826a4d8} 'dispatch' '()V' in 'java/awt/event/InvocationEvent')}
  0x000000010fb866dc: 05fd 80d2 | 0547 a5f2 | 2500 c0f2 | 0408 40b9 | 041b c0f2 | a920 0791 | 2801 40f9 | 9f00 08eb 
  0x000000010fb866fc: a100 0054 | a8e8 40f9 | 0805 0091 | a8e8 00f9 | 2200 0014 | a960 0791 | 2801 40f9 | 9f00 08eb 
  0x000000010fb8671c: a100 0054 | a8f0 40f9 | 0805 0091 | a8f0 00f9 | 1a00 0014 | a920 0791 | 2801 40f9 | c800 00b5 
  0x000000010fb8673c: 2401 00f9 | e803 40b2 | a940 0791 | 2801 00f9 | 1200 0014 | a960 0791 | 2801 40f9 | c800 00b5 
  0x000000010fb8675c: 2401 00f9 | e803 40b2 | a980 0791 | 2801 00f9 | 0a00 0014 | 0900 0014 

  0x000000010fb86774: ;   {metadata(method data for {method} {0x000000012826a4d8} 'dispatch' '()V' in 'java/awt/event/InvocationEvent')}
  0x000000010fb86774: 05fd 80d2 | 0547 a5f2 | 2500 c0f2 | a8dc 40f9 | 0805 00d1 | a8dc 00f9 | 5000 0014 | 0100 0014 
  0x000000010fb86794: e203 00aa | 8303 4139 | 7f00 0071 | a109 0054 | 48fc 43d3 | 2838 00b9 | 2300 02ca | 63fc 56d3 
  0x000000010fb867b4: 7f00 00f1 | a109 0054 | 8203 4139 | 5f00 0071 | c109 0054 | 08fc 43d3 | 283c 00b9 | 2200 00ca 
  0x000000010fb867d4: 42fc 56d3 | 5f00 00f1 | c109 0054 

  0x000000010fb867e0: ;   {metadata(method data for {method} {0x000000012826a4d8} 'dispatch' '()V' in 'java/awt/event/InvocationEvent')}
  0x000000010fb867e0: 02fd 80d2 | 0247 a5f2 | 2200 c0f2 | 40f8 40f9 | 0004 0091 | 40f8 00f9 | e203 01aa 

  0x000000010fb867fc: ;   {metadata(method data for {method} {0x000000012826a4d8} 'dispatch' '()V' in 'java/awt/event/InvocationEvent')}
  0x000000010fb867fc: 00fd 80d2 | 0047 a5f2 | 2000 c0f2 | 0820 41f9 | 0805 0091 | 0820 01f9 | e203 0032 

  0x000000010fb86818: ; ImmutableOopMap {}
                      ;*invokevirtual finishedDispatching {reexecute=0 rethrow=0 return_oop=0}
                      ; - java.awt.event.InvocationEvent::dispatch@54 (line 321)
                      ;   {optimized virtual_call}
  0x000000010fb86818: 8a68 0194 

  0x000000010fb8681c: ;   {other}
  0x000000010fb8681c: 1f20 03d5 | 9ff1 80f2 | 1f40 80f2 

  0x000000010fb86828: ;   {metadata(method data for {method} {0x000000012826a4d8} 'dispatch' '()V' in 'java/awt/event/InvocationEvent')}
  0x000000010fb86828: 00fd 80d2 | 0047 a5f2 | 2000 c0f2 | 023c 41f9 | 4204 0091 | 023c 01f9 | fd7b 43a9 | ff03 0191 
  0x000000010fb86848: ;   {poll_return}
  0x000000010fb86848: 882b 42f9 | ff63 28eb | a806 0054 | c003 5fd6 | e10f 40f9 | 8083 42f9 | 9f83 02f9 | 9f87 02f9 
  0x000000010fb86868: e203 01aa 

  0x000000010fb8686c: ;   {metadata(method data for {method} {0x000000012826a4d8} 'dispatch' '()V' in 'java/awt/event/InvocationEvent')}
  0x000000010fb8686c: 03fd 80d2 | 0347 a5f2 | 2300 c0f2 | 6848 41f9 | 0805 0091 | 6848 01f9 | e203 0032 | e013 00f9 
  0x000000010fb8688c: ; ImmutableOopMap {[32]=Oop }
                      ;*invokevirtual finishedDispatching {reexecute=0 rethrow=0 return_oop=0}
                      ; - java.awt.event.InvocationEvent::dispatch@63 (line 321)
                      ;   {optimized virtual_call}
  0x000000010fb8688c: 3d96 c195 

  0x000000010fb86890: ;   {other}
  0x000000010fb86890: 1f20 03d5 | 1f00 81f2 | 1f60 80f2 | e013 40f9 | 2700 0014 

  0x000000010fb868a4: ;   {metadata({method} {0x000000012826a4d8} 'dispatch' '()V' in 'java/awt/event/InvocationEvent')}
  0x000000010fb868a4: 089b 94d2 | c804 a5f2 | 2800 c0f2 | e807 00f9 | 0800 8092 | e803 00f9 

  0x000000010fb868bc: ; ImmutableOopMap {c_rarg1=Oop [24]=Oop }
                      ;*synchronization entry
                      ; - java.awt.event.InvocationEvent::dispatch@-1 (line 306)
                      ;   {runtime_call counter_overflow Runtime1 stub}
  0x000000010fb868bc: 5103 c595 | a9fe ff17 

  0x000000010fb868c4: ; ImmutableOopMap {c_rarg1=Oop c_rarg0=Oop [24]=Oop }
                      ;*invokeinterface run {reexecute=0 rethrow=0 return_oop=0}
                      ; - java.awt.event.InvocationEvent::dispatch@11 (line 308)
                      ;   {runtime_call throw_null_pointer_exception Runtime1 stub}
  0x000000010fb868c4: 8fe9 c495 

  0x000000010fb868c8: ; ImmutableOopMap {c_rarg1=Oop c_rarg0=Oop [24]=Oop }
                      ;*invokeinterface run {reexecute=0 rethrow=0 return_oop=0}
                      ; - java.awt.event.InvocationEvent::dispatch@47 (line 318)
                      ;   {runtime_call throw_null_pointer_exception Runtime1 stub}
  0x000000010fb868c8: 8ee9 c495 | e803 00aa 

  0x000000010fb868d0: ; ImmutableOopMap {c_rarg0=Oop c_rarg1=Oop [24]=Oop }
                      ;*checkcast {reexecute=0 rethrow=0 return_oop=0}
                      ; - java.awt.event.InvocationEvent::dispatch@29 (line 312)
                      ;   {runtime_call throw_class_cast_exception Runtime1 stub}
  0x000000010fb868d0: 0cf6 c495 | 2338 40b9 | 63f0 7dd3 | 43f6 ffb4 | e303 00f9 

  0x000000010fb868e4: ;   {runtime_call g1_pre_barrier_slow}
  0x000000010fb868e4: c704 c595 | afff ff17 | 82f6 ffb4 | e103 00f9 

  0x000000010fb868f4: ;   {runtime_call g1_post_barrier_slow}
  0x000000010fb868f4: 8305 c595 | b1ff ff17 | 223c 40b9 | 42f0 7dd3 | 22f6 ffb4 | e203 00f9 

  0x000000010fb8690c: ;   {runtime_call g1_pre_barrier_slow}
  0x000000010fb8690c: bd04 c595 | aeff ff17 | 60f6 ffb4 | e103 00f9 

  0x000000010fb8691c: ;   {runtime_call g1_post_barrier_slow}
  0x000000010fb8691c: 7905 c595 | b0ff ff17 

  0x000000010fb86924: ;   {internal_word}
  0x000000010fb86924: 28f9 ff10 | 8837 02f9 

  0x000000010fb8692c: ;   {runtime_call SafepointBlob}
  0x000000010fb8692c: f5af c115 | 8083 42f9 | 9f83 02f9 | 9f87 02f9 | fd7b 43a9 | ff03 0191 

  0x000000010fb86944: ;   {runtime_call unwind_exception Runtime1 stub}
  0x000000010fb86944: afe5 c415 
[Stub Code]
  0x000000010fb86948: ;   {no_reloc}
  0x000000010fb86948: df3f 03d5 

  0x000000010fb8694c: ;   {metadata(nullptr)}
  0x000000010fb8694c: 0c00 80d2 | 0c00 a0f2 | 0c00 c0f2 | 0800 80d2 | 0800 a0f2 | 0800 c0f2 | 0001 1fd6 

  0x000000010fb86968: ;   {trampoline_stub}
  0x000000010fb86968: 4800 0058 | 0001 1fd6 | 80c4 be16 | 0100 0000 

  0x000000010fb86978: ;   {static_stub}
  0x000000010fb86978: df3f 03d5 

  0x000000010fb8697c: ;   {metadata(nullptr)}
  0x000000010fb8697c: 0c00 80d2 | 0c00 a0f2 | 0c00 c0f2 | 0800 80d2 | 0800 a0f2 | 0800 c0f2 | 0001 1fd6 

  0x000000010fb86998: ;   {trampoline_stub}
  0x000000010fb86998: 4800 0058 | 0001 1fd6 | 381c ce16 | 0100 0000 

  0x000000010fb869a8: ;   {trampoline_stub}
  0x000000010fb869a8: 4800 0058 | 0001 1fd6 | 400a be0f | 0100 0000 

  0x000000010fb869b8: ;   {trampoline_stub}
  0x000000010fb869b8: 4800 0058 | 0001 1fd6 | 80c1 be16 | 0100 0000 

  0x000000010fb869c8: ;   {static_stub}
  0x000000010fb869c8: df3f 03d5 

  0x000000010fb869cc: ;   {metadata({method} {0x000000012826a8d8} 'finishedDispatching' '(Z)V' in 'java/awt/event/InvocationEvent')}
  0x000000010fb869cc: 0c1b 95d2 | cc04 a5f2 | 2c00 c0f2 | 084b 82d2 | e8d7 a2f2 | 2800 c0f2 | 0001 1fd6 
[Exception Handler]
  0x000000010fb869e8: ;   {runtime_call handle_exception_from_callee Runtime1 stub}
  0x000000010fb869e8: 46f4 c495 | c1d5 bbd4 | fe0a 9f06 | 0100 0000 
[Deopt Handler Code]
  0x000000010fb869f8: 1e00 0010 

  0x000000010fb869fc: ;   {runtime_call DeoptimizationBlob}
  0x000000010fb869fc: 91b0 c115 
[/MachCode]


---------------  P R O C E S S  ---------------

Threads class SMR info:
_java_thread_list=0x00000007ebd21460, length=39, elements={
0x0000000100925260, 0x000000010093fc40, 0x00000007e91c4000, 0x00000007e91c4700,
0x00000007e91c4e00, 0x00000007e91c5500, 0x00000007e91b8800, 0x00000007e91b9000,
0x00000007e91c5c00, 0x00000007e91c6300, 0x00000007e9615500, 0x00000007e9615c00,
0x00000007ea18c000, 0x00000007ea18c700, 0x00000007ea18ce00, 0x00000007ea18dc00,
0x00000007ea18e300, 0x00000007ea18f100, 0x00000007ea2b9c00, 0x00000007ea2ba300,
0x00000007ea3f9500, 0x00000007ea5d1500, 0x00000007ea711500, 0x00000007ea712300,
0x00000007e9c68e00, 0x00000007e9c69500, 0x00000007eb793800, 0x00000007eb793100,
0x00000007e9d7c000, 0x00000007e9d7c700, 0x00000007e9d7ce00, 0x00000007e9d7d500,
0x00000007e9d7dc00, 0x00000007e9d7e300, 0x00000007e9d7ea00, 0x00000007e9d7f800,
0x00000007e9d8c000, 0x00000007e9d8c700, 0x00000007ebd51c00
}

Java Threads: ( => current thread )
  0x0000000100925260 JavaThread "main"                              [_thread_blocked, id=6147, stack(0x000000016fcb4000,0x000000016feb7000) (2060K)]
  0x000000010093fc40 JavaThread "Reference Handler"          daemon [_thread_blocked, id=29699, stack(0x0000000170e2c000,0x000000017102f000) (2060K)]
  0x00000007e91c4000 JavaThread "Finalizer"                  daemon [_thread_blocked, id=24323, stack(0x0000000171038000,0x000000017123b000) (2060K)]
  0x00000007e91c4700 JavaThread "Signal Dispatcher"          daemon [_thread_blocked, id=29187, stack(0x0000000171244000,0x0000000171447000) (2060K)]
  0x00000007e91c4e00 JavaThread "Service Thread"             daemon [_thread_blocked, id=24835, stack(0x0000000171450000,0x0000000171653000) (2060K)]
  0x00000007e91c5500 JavaThread "Monitor Deflation Thread"   daemon [_thread_blocked, id=25091, stack(0x000000017165c000,0x000000017185f000) (2060K)]
  0x00000007e91b8800 JavaThread "C2 CompilerThread0"         daemon [_thread_blocked, id=28419, stack(0x0000000171868000,0x0000000171a6b000) (2060K)]
  0x00000007e91b9000 JavaThread "C1 CompilerThread0"         daemon [_thread_blocked, id=28163, stack(0x0000000171a74000,0x0000000171c77000) (2060K)]
  0x00000007e91c5c00 JavaThread "Notification Thread"        daemon [_thread_blocked, id=27907, stack(0x0000000171c80000,0x0000000171e83000) (2060K)]
  0x00000007e91c6300 JavaThread "Common-Cleaner"             daemon [_thread_blocked, id=26115, stack(0x0000000171e8c000,0x000000017208f000) (2060K)]
  0x00000007e9615500 JavaThread "AppKit Thread"              daemon [_thread_in_native, id=259, stack(0x000000016f42c000,0x000000016fc28000) (8176K)]
  0x00000007e9615c00 JavaThread "AWT-Shutdown"                      [_thread_blocked, id=48387, stack(0x000000017223c000,0x000000017243f000) (2060K)]
  0x00000007ea18c000 JavaThread "DefaultDispatcher-worker-1" daemon [_thread_in_native, id=70683, stack(0x0000000172560000,0x0000000172763000) (2060K)]
  0x00000007ea18c700 JavaThread "DefaultDispatcher-worker-2" daemon [_thread_blocked, id=73235, stack(0x000000017276c000,0x000000017296f000) (2060K)]
  0x00000007ea18ce00 JavaThread "DefaultDispatcher-worker-3" daemon [_thread_blocked, id=71699, stack(0x0000000172978000,0x0000000172b7b000) (2060K)]
  0x00000007ea18dc00 JavaThread "Reference Cleaner"          daemon [_thread_blocked, id=72975, stack(0x0000000172b84000,0x0000000172d87000) (2060K)]
  0x00000007ea18e300 JavaThread "kotlinx.coroutines.DefaultExecutor" daemon [_thread_blocked, id=73731, stack(0x0000000172d90000,0x0000000172f93000) (2060K)]
=>0x00000007ea18f100 JavaThread "AWT-EventQueue-0"                  [_thread_in_native, id=81411, stack(0x0000000172f9c000,0x000000017319f000) (2060K)]
  0x00000007ea2b9c00 JavaThread "Java2D Queue Flusher"       daemon [_thread_blocked, id=79367, stack(0x0000000173ffc000,0x00000001741ff000) (2060K)]
  0x00000007ea2ba300 JavaThread "Java2D Disposer"            daemon [_thread_blocked, id=76291, stack(0x0000000174208000,0x000000017440b000) (2060K)]
  0x00000007ea3f9500 JavaThread "TimerQueue"                 daemon [_thread_blocked, id=76803, stack(0x0000000174414000,0x0000000174617000) (2060K)]
  0x00000007ea5d1500 JavaThread "skiko-dispatcher-to-block-on" daemon [_thread_blocked, id=126979, stack(0x0000000174738000,0x000000017493b000) (2060K)]
  0x00000007ea711500 JavaThread "DefaultDispatcher-worker-4" daemon [_thread_blocked, id=91283, stack(0x0000000174b50000,0x0000000174d53000) (2060K)]
  0x00000007ea712300 JavaThread "DefaultDispatcher-worker-5" daemon [_thread_blocked, id=93703, stack(0x0000000174d5c000,0x0000000174f5f000) (2060K)]
  0x00000007e9c68e00 JavaThread "DefaultDispatcher-worker-6" daemon [_thread_blocked, id=126211, stack(0x0000000174f68000,0x000000017516b000) (2060K)]
  0x00000007e9c69500 JavaThread "DefaultDispatcher-worker-7" daemon [_thread_blocked, id=125955, stack(0x0000000175174000,0x0000000175377000) (2060K)]
  0x00000007eb793800 JavaThread "DefaultDispatcher-worker-8" daemon [_thread_blocked, id=122931, stack(0x0000000175380000,0x0000000175583000) (2060K)]
  0x00000007eb793100 JavaThread "DefaultDispatcher-worker-12" daemon [_thread_blocked, id=96587, stack(0x000000017558c000,0x000000017578f000) (2060K)]
  0x00000007e9d7c000 JavaThread "DefaultDispatcher-worker-14" daemon [_thread_blocked, id=122371, stack(0x0000000175798000,0x000000017599b000) (2060K)]
  0x00000007e9d7c700 JavaThread "DefaultDispatcher-worker-17" daemon [_thread_in_native, id=121859, stack(0x00000001759a4000,0x0000000175ba7000) (2060K)]
  0x00000007e9d7ce00 JavaThread "DefaultDispatcher-worker-9" daemon [_thread_blocked, id=121347, stack(0x0000000175bb0000,0x0000000175db3000) (2060K)]
  0x00000007e9d7d500 JavaThread "DefaultDispatcher-worker-13" daemon [_thread_blocked, id=121091, stack(0x0000000175dbc000,0x0000000175fbf000) (2060K)]
  0x00000007e9d7dc00 JavaThread "DefaultDispatcher-worker-15" daemon [_thread_blocked, id=120835, stack(0x0000000175fc8000,0x00000001761cb000) (2060K)]
  0x00000007e9d7e300 JavaThread "DefaultDispatcher-worker-10" daemon [_thread_blocked, id=120579, stack(0x00000001761d4000,0x00000001763d7000) (2060K)]
  0x00000007e9d7ea00 JavaThread "DefaultDispatcher-worker-16" daemon [_thread_blocked, id=99339, stack(0x00000001763e0000,0x00000001765e3000) (2060K)]
  0x00000007e9d7f800 JavaThread "DefaultDispatcher-worker-11" daemon [_thread_blocked, id=99843, stack(0x00000001765ec000,0x00000001767ef000) (2060K)]
  0x00000007e9d8c000 JavaThread "DefaultDispatcher-worker-18" daemon [_thread_blocked, id=120067, stack(0x00000001767f8000,0x00000001769fb000) (2060K)]
  0x00000007e9d8c700 JavaThread "DefaultDispatcher-worker-19" daemon [_thread_blocked, id=100355, stack(0x0000000176a04000,0x0000000176c07000) (2060K)]
  0x00000007ebd51c00 JavaThread "SpelaAudio"                 daemon [_thread_blocked, id=116963, stack(0x0000000176c10000,0x0000000176e13000) (2060K)]
Total: 39

Other Threads:
  0x00000007e9125800 VMThread "VM Thread"                           [id=19971, stack(0x0000000170b08000,0x0000000170d0b000) (2060K)]
  0x0000000100934d70 WatcherThread "VM Periodic Task Thread"        [id=17155, stack(0x00000001708fc000,0x0000000170aff000) (2060K)]
  0x000000010092b660 WorkerThread "GC Thread#0"                     [id=14851, stack(0x000000016fec0000,0x00000001700c3000) (2060K)]
  0x00000007ea239000 WorkerThread "GC Thread#1"                     [id=80899, stack(0x00000001731a8000,0x00000001733ab000) (2060K)]
  0x00000007ea239400 WorkerThread "GC Thread#2"                     [id=73987, stack(0x00000001733b4000,0x00000001735b7000) (2060K)]
  0x00000007ea239800 WorkerThread "GC Thread#3"                     [id=74499, stack(0x00000001735c0000,0x00000001737c3000) (2060K)]
  0x00000007ea239c00 WorkerThread "GC Thread#4"                     [id=80131, stack(0x00000001737cc000,0x00000001739cf000) (2060K)]
  0x00000007ea23a000 WorkerThread "GC Thread#5"                     [id=74755, stack(0x00000001739d8000,0x0000000173bdb000) (2060K)]
  0x00000007ea23a400 WorkerThread "GC Thread#6"                     [id=75267, stack(0x0000000173be4000,0x0000000173de7000) (2060K)]
  0x00000007ea23a800 WorkerThread "GC Thread#7"                     [id=75523, stack(0x0000000173df0000,0x0000000173ff3000) (2060K)]
  0x000000010092c480 ConcurrentGCThread "G1 Main Marker"            [id=14595, stack(0x00000001700cc000,0x00000001702cf000) (2060K)]
  0x000000010092cf30 WorkerThread "G1 Conc#0"                       [id=13315, stack(0x00000001702d8000,0x00000001704db000) (2060K)]
  0x00000007ea6a9400 WorkerThread "G1 Conc#1"                       [id=90455, stack(0x0000000174944000,0x0000000174b47000) (2060K)]
  0x000000010092f5d0 ConcurrentGCThread "G1 Refine#0"               [id=13571, stack(0x00000001704e4000,0x00000001706e7000) (2060K)]
  0x00000007e9124400 ConcurrentGCThread "G1 Service"                [id=21507, stack(0x00000001706f0000,0x00000001708f3000) (2060K)]
Total: 15

Threads with active compile tasks:
Total: 0

VM state: not at safepoint (normal execution)

VM Mutex/Monitor currently owned by a thread: None

Heap address: 0x0000000300800000, size: 6144 MB, Compressed Oops mode: Zero based, Oop shift amount: 3

CDS archive(s) mapped at: [0x000000d800000000-0x000000d800c94000-0x000000d800c94000), size 13189120, SharedBaseAddress: 0x000000d800000000, ArchiveRelocationMode: 1.
Compressed class space mapped at: 0x000000d801000000-0x000000d841000000, reserved size: 1073741824
Narrow klass base: 0x000000d800000000, Narrow klass shift: 0, Narrow klass range: 0x100000000

GC Precious Log:
 CardTable entry size: 512
 Card Set container configuration: InlinePtr #cards 4 size 8 Array Of Cards #cards 32 size 80 Howl #buckets 8 coarsen threshold 7372 Howl Bitmap #cards 1024 size 144 coarsen threshold 921 Card regions per heap region 1 cards per card region 8192
 CPUs: 8 total, 8 available
 Memory: 24576M
 Large Page Support: Disabled
 NUMA Support: Disabled
 Compressed Oops: Enabled (Zero based)
 Heap Region Size: 4M
 Heap Min Capacity: 8M
 Heap Initial Capacity: 384M
 Heap Max Capacity: 6G
 Pre-touch: Disabled
 Parallel Workers: 8
 Concurrent Workers: 2
 Concurrent Refinement Workers: 8
 Periodic GC: Disabled

Heap:
 garbage-first heap   total 225280K, used 14159K [0x0000000300800000, 0x0000000480800000)
  region size 4096K, 3 young (12288K), 2 survivors (8192K)
 Metaspace       used 42799K, committed 43520K, reserved 1114112K
  class space    used 4552K, committed 4864K, reserved 1048576K

Heap Regions: E=young(eden), S=young(survivor), O=old, HS=humongous(starts), HC=humongous(continues), CS=collection set, F=free, TAMS=top-at-mark-start, PB=parsable bottom
|   0|0x0000000300800000, 0x0000000300c00000, 0x0000000300c00000|100%| O|  |TAMS 0x0000000300800000| PB 0x0000000300800000| Untracked 
|   1|0x0000000300c00000, 0x0000000300c00000, 0x0000000301000000|  0%| F|  |TAMS 0x0000000300c00000| PB 0x0000000300c00000| Untracked 
|   2|0x0000000301000000, 0x00000003013657d8, 0x0000000301400000| 84%| O|Cm|TAMS 0x0000000301000000| PB 0x0000000301000000| Complete 
|   3|0x0000000301400000, 0x000000030166e7c0, 0x0000000301800000| 60%| S|CS|TAMS 0x0000000301400000| PB 0x0000000301400000| Complete 
|   4|0x0000000301800000, 0x0000000301c00000, 0x0000000301c00000|100%| S|CS|TAMS 0x0000000301800000| PB 0x0000000301800000| Complete 
|   5|0x0000000301c00000, 0x0000000301c00000, 0x0000000302000000|  0%| F|  |TAMS 0x0000000301c00000| PB 0x0000000301c00000| Untracked 
|   6|0x0000000302000000, 0x0000000302000000, 0x0000000302400000|  0%| F|  |TAMS 0x0000000302000000| PB 0x0000000302000000| Untracked 
|   7|0x0000000302400000, 0x0000000302400000, 0x0000000302800000|  0%| F|  |TAMS 0x0000000302400000| PB 0x0000000302400000| Untracked 
|   8|0x0000000302800000, 0x0000000302800000, 0x0000000302c00000|  0%| F|  |TAMS 0x0000000302800000| PB 0x0000000302800000| Untracked 
|   9|0x0000000302c00000, 0x0000000302c00000, 0x0000000303000000|  0%| F|  |TAMS 0x0000000302c00000| PB 0x0000000302c00000| Untracked 
|  10|0x0000000303000000, 0x0000000303000000, 0x0000000303400000|  0%| F|  |TAMS 0x0000000303000000| PB 0x0000000303000000| Untracked 
|  11|0x0000000303400000, 0x0000000303400000, 0x0000000303800000|  0%| F|  |TAMS 0x0000000303400000| PB 0x0000000303400000| Untracked 
|  12|0x0000000303800000, 0x0000000303800000, 0x0000000303c00000|  0%| F|  |TAMS 0x0000000303800000| PB 0x0000000303800000| Untracked 
|  13|0x0000000303c00000, 0x0000000303c00000, 0x0000000304000000|  0%| F|  |TAMS 0x0000000303c00000| PB 0x0000000303c00000| Untracked 
|  14|0x0000000304000000, 0x0000000304000000, 0x0000000304400000|  0%| F|  |TAMS 0x0000000304000000| PB 0x0000000304000000| Untracked 
|  15|0x0000000304400000, 0x0000000304400000, 0x0000000304800000|  0%| F|  |TAMS 0x0000000304400000| PB 0x0000000304400000| Untracked 
|  16|0x0000000304800000, 0x0000000304800000, 0x0000000304c00000|  0%| F|  |TAMS 0x0000000304800000| PB 0x0000000304800000| Untracked 
|  17|0x0000000304c00000, 0x0000000304c00000, 0x0000000305000000|  0%| F|  |TAMS 0x0000000304c00000| PB 0x0000000304c00000| Untracked 
|  18|0x0000000305000000, 0x0000000305000000, 0x0000000305400000|  0%| F|  |TAMS 0x0000000305000000| PB 0x0000000305000000| Untracked 
|  19|0x0000000305400000, 0x0000000305400000, 0x0000000305800000|  0%| F|  |TAMS 0x0000000305400000| PB 0x0000000305400000| Untracked 
|  20|0x0000000305800000, 0x0000000305800000, 0x0000000305c00000|  0%| F|  |TAMS 0x0000000305800000| PB 0x0000000305800000| Untracked 
|  21|0x0000000305c00000, 0x0000000305c00000, 0x0000000306000000|  0%| F|  |TAMS 0x0000000305c00000| PB 0x0000000305c00000| Untracked 
|  22|0x0000000306000000, 0x0000000306000000, 0x0000000306400000|  0%| F|  |TAMS 0x0000000306000000| PB 0x0000000306000000| Untracked 
|  23|0x0000000306400000, 0x0000000306400000, 0x0000000306800000|  0%| F|  |TAMS 0x0000000306400000| PB 0x0000000306400000| Untracked 
|  24|0x0000000306800000, 0x0000000306800000, 0x0000000306c00000|  0%| F|  |TAMS 0x0000000306800000| PB 0x0000000306800000| Untracked 
|  25|0x0000000306c00000, 0x0000000306c00000, 0x0000000307000000|  0%| F|  |TAMS 0x0000000306c00000| PB 0x0000000306c00000| Untracked 
|  26|0x0000000307000000, 0x0000000307000000, 0x0000000307400000|  0%| F|  |TAMS 0x0000000307000000| PB 0x0000000307000000| Untracked 
|  27|0x0000000307400000, 0x0000000307400000, 0x0000000307800000|  0%| F|  |TAMS 0x0000000307400000| PB 0x0000000307400000| Untracked 
|  28|0x0000000307800000, 0x0000000307800000, 0x0000000307c00000|  0%| F|  |TAMS 0x0000000307800000| PB 0x0000000307800000| Untracked 
|  29|0x0000000307c00000, 0x0000000307c00000, 0x0000000308000000|  0%| F|  |TAMS 0x0000000307c00000| PB 0x0000000307c00000| Untracked 
|  30|0x0000000308000000, 0x0000000308000000, 0x0000000308400000|  0%| F|  |TAMS 0x0000000308000000| PB 0x0000000308000000| Untracked 
|  31|0x0000000308400000, 0x0000000308400000, 0x0000000308800000|  0%| F|  |TAMS 0x0000000308400000| PB 0x0000000308400000| Untracked 
|  32|0x0000000308800000, 0x0000000308800000, 0x0000000308c00000|  0%| F|  |TAMS 0x0000000308800000| PB 0x0000000308800000| Untracked 
|  33|0x0000000308c00000, 0x0000000308c00000, 0x0000000309000000|  0%| F|  |TAMS 0x0000000308c00000| PB 0x0000000308c00000| Untracked 
|  34|0x0000000309000000, 0x0000000309000000, 0x0000000309400000|  0%| F|  |TAMS 0x0000000309000000| PB 0x0000000309000000| Untracked 
|  35|0x0000000309400000, 0x0000000309400000, 0x0000000309800000|  0%| F|  |TAMS 0x0000000309400000| PB 0x0000000309400000| Untracked 
|  36|0x0000000309800000, 0x0000000309800000, 0x0000000309c00000|  0%| F|  |TAMS 0x0000000309800000| PB 0x0000000309800000| Untracked 
|  37|0x0000000309c00000, 0x0000000309c00000, 0x000000030a000000|  0%| F|  |TAMS 0x0000000309c00000| PB 0x0000000309c00000| Untracked 
|  38|0x000000030a000000, 0x000000030a000000, 0x000000030a400000|  0%| F|  |TAMS 0x000000030a000000| PB 0x000000030a000000| Untracked 
|  39|0x000000030a400000, 0x000000030a400000, 0x000000030a800000|  0%| F|  |TAMS 0x000000030a400000| PB 0x000000030a400000| Untracked 
|  40|0x000000030a800000, 0x000000030a800000, 0x000000030ac00000|  0%| F|  |TAMS 0x000000030a800000| PB 0x000000030a800000| Untracked 
|  41|0x000000030ac00000, 0x000000030ac00000, 0x000000030b000000|  0%| F|  |TAMS 0x000000030ac00000| PB 0x000000030ac00000| Untracked 
|  42|0x000000030b000000, 0x000000030b000000, 0x000000030b400000|  0%| F|  |TAMS 0x000000030b000000| PB 0x000000030b000000| Untracked 
|  43|0x000000030b400000, 0x000000030b400000, 0x000000030b800000|  0%| F|  |TAMS 0x000000030b400000| PB 0x000000030b400000| Untracked 
|  44|0x000000030b800000, 0x000000030b800000, 0x000000030bc00000|  0%| F|  |TAMS 0x000000030b800000| PB 0x000000030b800000| Untracked 
|  45|0x000000030bc00000, 0x000000030bc00000, 0x000000030c000000|  0%| F|  |TAMS 0x000000030bc00000| PB 0x000000030bc00000| Untracked 
|  46|0x000000030c000000, 0x000000030c000000, 0x000000030c400000|  0%| F|  |TAMS 0x000000030c000000| PB 0x000000030c000000| Untracked 
|  47|0x000000030c400000, 0x000000030c400000, 0x000000030c800000|  0%| F|  |TAMS 0x000000030c400000| PB 0x000000030c400000| Untracked 
|  48|0x000000030c800000, 0x000000030c800000, 0x000000030cc00000|  0%| F|  |TAMS 0x000000030c800000| PB 0x000000030c800000| Untracked 
|  49|0x000000030cc00000, 0x000000030cc00000, 0x000000030d000000|  0%| F|  |TAMS 0x000000030cc00000| PB 0x000000030cc00000| Untracked 
|  50|0x000000030d000000, 0x000000030d000000, 0x000000030d400000|  0%| F|  |TAMS 0x000000030d000000| PB 0x000000030d000000| Untracked 
|  51|0x000000030d400000, 0x000000030d400000, 0x000000030d800000|  0%| F|  |TAMS 0x000000030d400000| PB 0x000000030d400000| Untracked 
|  87|0x0000000316400000, 0x0000000316400000, 0x0000000316800000|  0%| F|  |TAMS 0x0000000316400000| PB 0x0000000316400000| Untracked 
|  95|0x0000000318400000, 0x0000000318400000, 0x0000000318800000|  0%| F|  |TAMS 0x0000000318400000| PB 0x0000000318400000| Untracked 
|1535|0x0000000480400000, 0x00000004806d4af0, 0x0000000480800000| 70%| E|  |TAMS 0x0000000480400000| PB 0x0000000480400000| Complete 

Card table byte_map: [0x000000011e67c000,0x000000011f27c000] _byte_map_base: 0x000000011ce78000

Marking Bits: (CMBitMap*) 0x000000010092bd10
 Bits: [0x000000011f27c000, 0x000000012527c000)

Polling page: 0x0000000100204000

Metaspace:

Usage:
  Non-class:     37.35 MB used.
      Class:      4.45 MB used.
       Both:     41.80 MB used.

Virtual space:
  Non-class space:       64.00 MB reserved,      37.75 MB ( 59%) committed,  1 nodes.
      Class space:        1.00 GB reserved,       4.75 MB ( <1%) committed,  1 nodes.
             Both:        1.06 GB reserved,      42.50 MB (  4%) committed. 

Chunk freelists:
   Non-Class:  10.12 MB
       Class:  11.23 MB
        Both:  21.35 MB

MaxMetaspaceSize: unlimited
CompressedClassSpaceSize: 1.00 GB
Initial GC threshold: 21.00 MB
Current GC threshold: 59.38 MB
CDS: on
 - commit_granule_bytes: 65536.
 - commit_granule_words: 8192.
 - virtual_space_node_default_size: 8388608.
 - enlarge_chunks_in_place: 1.
 - use_allocation_guard: 0.


Internal statistics:

num_allocs_failed_limit: 9.
num_arena_births: 826.
num_arena_deaths: 0.
num_vsnodes_births: 2.
num_vsnodes_deaths: 0.
num_space_committed: 680.
num_space_uncommitted: 0.
num_chunks_returned_to_freelist: 9.
num_chunks_taken_from_freelist: 2275.
num_chunk_merges: 9.
num_chunk_splits: 1620.
num_chunks_enlarged: 1270.
num_inconsistent_stats: 0.

CodeHeap 'non-profiled nmethods': size=120032Kb used=2003Kb max_used=2003Kb free=118028Kb
 bounds [0x0000000117144000, 0x00000001173b4000, 0x000000011e67c000]
CodeHeap 'profiled nmethods': size=120016Kb used=8969Kb max_used=8969Kb free=111046Kb
 bounds [0x000000010f67c000, 0x000000010ff4c000, 0x0000000116bb0000]
CodeHeap 'non-nmethods': size=5712Kb used=2556Kb max_used=2651Kb free=3155Kb
 bounds [0x0000000116bb0000, 0x0000000116e50000, 0x0000000117144000]
CodeCache: size=245760Kb, used=13528Kb, max_used=13623Kb, free=232229Kb
 total_blobs=6580, nmethods=4782, adapters=1706, full_count=0
Compilation: enabled, stopped_count=0, restarted_count=0

Compilation events (20 events):
Event: 7.347 Thread 0x00000007e91b9000 5007       3       androidx.compose.runtime.snapshots.SnapshotDoubleIndexHeap::shiftUp (88 bytes)
Event: 7.347 Thread 0x00000007e91b8800 nmethod 5003 0x0000000117336010 code [0x00000001173361c0, 0x0000000117336398]
Event: 7.347 Thread 0x00000007e91b9000 nmethod 5007 0x000000010ff2d610 code [0x000000010ff2d800, 0x000000010ff2dbf0]
Event: 7.347 Thread 0x00000007e91b9000 5006       3       androidx.compose.runtime.SlotReader::skipToGroupEnd (47 bytes)
Event: 7.347 Thread 0x00000007e91b9000 nmethod 5006 0x000000010ff2de10 code [0x000000010ff2e000, 0x000000010ff2e340]
Event: 7.348 Thread 0x00000007e91b9000 5008       1       androidx.compose.runtime.SlotWriter::access$getAnchors$p (5 bytes)
Event: 7.348 Thread 0x00000007e91b9000 nmethod 5008 0x0000000117336510 code [0x0000000117336680, 0x0000000117336720]
Event: 7.348 Thread 0x00000007e91b9000 5009       3       kotlin.collections.ArraysKt___ArraysJvmKt::fill (14 bytes)
Event: 7.348 Thread 0x00000007e91b9000 nmethod 5009 0x000000010ff2e510 code [0x000000010ff2e780, 0x000000010ff2edc8]
Event: 7.348 Thread 0x00000007e91b8800 5010       4       java.lang.invoke.MemberName::getMethodOrFieldType (72 bytes)
Event: 7.348 Thread 0x00000007e91b9000 5011       3       androidx.compose.runtime.changelist.Operations::executeAndFlushAllPendingOperations (84 bytes)
Event: 7.349 Thread 0x00000007e91b9000 nmethod 5011 0x000000010ff2f090 code [0x000000010ff2f3c0, 0x000000010ff2ffd8]
Event: 7.350 Thread 0x00000007e91b9000 5018       3       java.lang.invoke.InvokerBytecodeGenerator::addMethod (725 bytes)
Event: 7.350 Thread 0x00000007e91b8800 nmethod 5010 0x0000000117337710 code [0x00000001173379c0, 0x00000001173383a0]
Event: 7.350 Thread 0x00000007e91b8800 5012       4       androidx.compose.ui.layout.Placeable::getMeasuredWidth (21 bytes)
Event: 7.350 Thread 0x00000007e91b8800 nmethod 5012 0x0000000117338910 code [0x0000000117338a80, 0x0000000117338b08]
Event: 7.350 Thread 0x00000007e91b8800 5013       4       androidx.compose.ui.layout.Placeable::getMeasuredHeight (22 bytes)
Event: 7.350 Thread 0x00000007e91b8800 nmethod 5013 0x0000000117338c10 code [0x0000000117338d80, 0x0000000117338e00]
Event: 7.351 Thread 0x00000007e91b9000 nmethod 5018 0x000000010ff30590 code [0x000000010ff30d00, 0x000000010ff33798]
Event: 7.351 Thread 0x00000007e91b9000 5019       3       java.lang.invoke.InvokerBytecodeGenerator::clinit (351 bytes)

GC Heap History (14 events):
Event: 0.306 GC heap before
{Heap before GC invocations=0 (full 0):
 garbage-first heap   total 397312K, used 21536K [0x0000000300800000, 0x0000000480800000)
  region size 4096K, 5 young (20480K), 0 survivors (0K)
 Metaspace       used 5945K, committed 6144K, reserved 1114112K
  class space    used 583K, committed 704K, reserved 1048576K
}
Event: 0.307 GC heap after
{Heap after GC invocations=1 (full 0):
 garbage-first heap   total 397312K, used 5619K [0x0000000300800000, 0x0000000480800000)
  region size 4096K, 1 young (4096K), 1 survivors (4096K)
 Metaspace       used 5945K, committed 6144K, reserved 1114112K
  class space    used 583K, committed 704K, reserved 1048576K
}
Event: 0.416 GC heap before
{Heap before GC invocations=1 (full 0):
 garbage-first heap   total 397312K, used 17907K [0x0000000300800000, 0x0000000480800000)
  region size 4096K, 5 young (20480K), 1 survivors (4096K)
 Metaspace       used 11286K, committed 11520K, reserved 1114112K
  class space    used 1052K, committed 1152K, reserved 1048576K
}
Event: 0.417 GC heap after
{Heap after GC invocations=2 (full 0):
 garbage-first heap   total 397312K, used 6427K [0x0000000300800000, 0x0000000480800000)
  region size 4096K, 1 young (4096K), 1 survivors (4096K)
 Metaspace       used 11286K, committed 11520K, reserved 1114112K
  class space    used 1052K, committed 1152K, reserved 1048576K
}
Event: 0.680 GC heap before
{Heap before GC invocations=2 (full 0):
 garbage-first heap   total 397312K, used 26907K [0x0000000300800000, 0x0000000480800000)
  region size 4096K, 8 young (32768K), 1 survivors (4096K)
 Metaspace       used 21184K, committed 21504K, reserved 1114112K
  class space    used 2207K, committed 2368K, reserved 1048576K
}
Event: 0.682 GC heap after
{Heap after GC invocations=3 (full 0):
 garbage-first heap   total 397312K, used 7646K [0x0000000300800000, 0x0000000480800000)
  region size 4096K, 1 young (4096K), 1 survivors (4096K)
 Metaspace       used 21184K, committed 21504K, reserved 1114112K
  class space    used 2207K, committed 2368K, reserved 1048576K
}
Event: 1.149 GC heap before
{Heap before GC invocations=4 (full 0):
 garbage-first heap   total 57344K, used 48606K [0x0000000300800000, 0x0000000480800000)
  region size 4096K, 11 young (45056K), 1 survivors (4096K)
 Metaspace       used 31040K, committed 31424K, reserved 1114112K
  class space    used 3281K, committed 3456K, reserved 1048576K
}
Event: 1.151 GC heap after
{Heap after GC invocations=5 (full 0):
 garbage-first heap   total 65536K, used 10187K [0x0000000300800000, 0x0000000480800000)
  region size 4096K, 2 young (8192K), 2 survivors (8192K)
 Metaspace       used 31040K, committed 31424K, reserved 1114112K
  class space    used 3281K, committed 3456K, reserved 1048576K
}
Event: 1.309 GC heap before
{Heap before GC invocations=5 (full 0):
 garbage-first heap   total 65536K, used 34763K [0x0000000300800000, 0x0000000480800000)
  region size 4096K, 9 young (36864K), 2 survivors (8192K)
 Metaspace       used 35450K, committed 35968K, reserved 1114112K
  class space    used 3797K, committed 4032K, reserved 1048576K
}
Event: 1.313 GC heap after
{Heap after GC invocations=6 (full 0):
 garbage-first heap   total 65536K, used 11599K [0x0000000300800000, 0x0000000480800000)
  region size 4096K, 2 young (8192K), 2 survivors (8192K)
 Metaspace       used 35450K, committed 35968K, reserved 1114112K
  class space    used 3797K, committed 4032K, reserved 1048576K
}
Event: 1.322 GC heap before
{Heap before GC invocations=6 (full 0):
 garbage-first heap   total 65536K, used 11599K [0x0000000300800000, 0x0000000480800000)
  region size 4096K, 3 young (12288K), 2 survivors (8192K)
 Metaspace       used 35812K, committed 36288K, reserved 1114112K
  class space    used 3841K, committed 4032K, reserved 1048576K
}
Event: 1.324 GC heap after
{Heap after GC invocations=7 (full 0):
 garbage-first heap   total 65536K, used 11965K [0x0000000300800000, 0x0000000480800000)
  region size 4096K, 2 young (8192K), 2 survivors (8192K)
 Metaspace       used 35812K, committed 36288K, reserved 1114112K
  class space    used 3841K, committed 4032K, reserved 1048576K
}
Event: 7.334 GC heap before
{Heap before GC invocations=8 (full 0):
 garbage-first heap   total 57344K, used 40637K [0x0000000300800000, 0x0000000480800000)
  region size 4096K, 9 young (36864K), 2 survivors (8192K)
 Metaspace       used 42344K, committed 43008K, reserved 1114112K
  class space    used 4490K, committed 4800K, reserved 1048576K
}
Event: 7.336 GC heap after
{Heap after GC invocations=9 (full 0):
 garbage-first heap   total 225280K, used 14159K [0x0000000300800000, 0x0000000480800000)
  region size 4096K, 2 young (8192K), 2 survivors (8192K)
 Metaspace       used 42344K, committed 43008K, reserved 1114112K
  class space    used 4490K, committed 4800K, reserved 1048576K
}

Dll operation events (15 events):
Event: 0.003 Loaded shared library /Users/mattias800/Library/Java/JavaVirtualMachines/ms-21.0.10/Contents/Home/lib/libjava.dylib
Event: 0.021 Loaded shared library /Users/mattias800/Library/Java/JavaVirtualMachines/ms-21.0.10/Contents/Home/lib/libnio.dylib
Event: 0.022 Loaded shared library /Users/mattias800/Library/Java/JavaVirtualMachines/ms-21.0.10/Contents/Home/lib/libzip.dylib
Event: 0.064 Loaded shared library /Users/mattias800/Library/Java/JavaVirtualMachines/ms-21.0.10/Contents/Home/lib/libjimage.dylib
Event: 0.068 Loaded shared library /Users/mattias800/.skiko/384a41e7bf8dcab7fe3ef7dfb14a2adf281ce448c1f711cac5e69a7b97ae2f4a/libskiko-macos-arm64.dylib
Event: 0.078 Loaded shared library /Users/mattias800/Library/Java/JavaVirtualMachines/ms-21.0.10/Contents/Home/lib/libawt.dylib
Event: 0.080 Loaded shared library /Users/mattias800/Library/Java/JavaVirtualMachines/ms-21.0.10/Contents/Home/lib/libawt_lwawt.dylib
Event: 0.088 Loaded shared library /Users/mattias800/Library/Java/JavaVirtualMachines/ms-21.0.10/Contents/Home/lib/libfontmanager.dylib
Event: 0.233 Loaded shared library /Users/mattias800/Library/Java/JavaVirtualMachines/ms-21.0.10/Contents/Home/lib/libosxui.dylib
Event: 0.649 Loaded shared library /Users/mattias800/Library/Java/JavaVirtualMachines/ms-21.0.10/Contents/Home/lib/libnet.dylib
Event: 0.969 Loaded shared library /private/var/folders/00/y_pwwndd1hj9rnmh0xwj36v80000gn/T/sqlite-3.51.0.0-562b0fe2-d3af-438f-9048-a2ea18f96156-libsqlitejdbc.dylib
Event: 0.992 Loading shared library /Users/mattias800/Library/Java/JavaVirtualMachines/ms-21.0.10/Contents/Home/lib/libspela-libretro.dylib failed, dlopen(/Users/mattias800/Library/Java/JavaVirtualMachines/ms-21.0.10/Contents/Home/lib/libspela-libretro.dylib, 0x0001):
Event: 0.992 Loading shared library /Users/mattias800/Library/Java/JavaVirtualMachines/ms-21.0.10/Contents/Home/lib/libspela-libretro.jnilib failed, dlopen(/Users/mattias800/Library/Java/JavaVirtualMachines/ms-21.0.10/Contents/Home/lib/libspela-libretro.jnilib, 0x0001
Event: 0.993 Loaded shared library /Users/mattias800/repos/spela/player/desktop/build/native/libspela-libretro.dylib
Event: 1.019 Loaded shared library /Users/mattias800/Library/Java/JavaVirtualMachines/ms-21.0.10/Contents/Home/lib/libextnet.dylib

Deoptimization events (20 events):
Event: 7.059 Thread 0x00000007ea18f100 Uncommon trap: trap_request=0xffffffd6 fr.pc=0x0000000117327ba4 relative=0x00000000000001e4
Event: 7.059 Thread 0x00000007ea18f100 Uncommon trap: reason=array_check action=maybe_recompile pc=0x0000000117327ba4 method=androidx.compose.runtime.collection.MutableVector.add(Ljava/lang/Object;)Z @ 36 c2
Event: 7.059 Thread 0x00000007ea18f100 DEOPT PACKING pc=0x0000000117327ba4 sp=0x000000017319d2a0
Event: 7.059 Thread 0x00000007ea18f100 DEOPT UNPACKING pc=0x0000000116bf301c sp=0x000000017319d230 mode 2
Event: 7.060 Thread 0x00000007ea18f100 Uncommon trap: trap_request=0xffffffd6 fr.pc=0x0000000117327ba4 relative=0x00000000000001e4
Event: 7.060 Thread 0x00000007ea18f100 Uncommon trap: reason=array_check action=maybe_recompile pc=0x0000000117327ba4 method=androidx.compose.runtime.collection.MutableVector.add(Ljava/lang/Object;)Z @ 36 c2
Event: 7.060 Thread 0x00000007ea18f100 DEOPT PACKING pc=0x0000000117327ba4 sp=0x000000017319cfa0
Event: 7.060 Thread 0x00000007ea18f100 DEOPT UNPACKING pc=0x0000000116bf301c sp=0x000000017319cf20 mode 2
Event: 7.060 Thread 0x00000007ea18f100 Uncommon trap: trap_request=0xffffffd6 fr.pc=0x0000000117327ba4 relative=0x00000000000001e4
Event: 7.060 Thread 0x00000007ea18f100 Uncommon trap: reason=array_check action=maybe_recompile pc=0x0000000117327ba4 method=androidx.compose.runtime.collection.MutableVector.add(Ljava/lang/Object;)Z @ 36 c2
Event: 7.060 Thread 0x00000007ea18f100 DEOPT PACKING pc=0x0000000117327ba4 sp=0x000000017319cfa0
Event: 7.060 Thread 0x00000007ea18f100 DEOPT UNPACKING pc=0x0000000116bf301c sp=0x000000017319cf20 mode 2
Event: 7.076 Thread 0x00000007ea18f100 DEOPT PACKING pc=0x000000010f9a6d78 sp=0x000000017319d190
Event: 7.076 Thread 0x00000007ea18f100 DEOPT UNPACKING pc=0x0000000116bf2e7c sp=0x000000017319ce30 mode 0
Event: 7.331 Thread 0x00000007ea18f100 Uncommon trap: trap_request=0xffffff45 fr.pc=0x00000001173304b0 relative=0x0000000000000070
Event: 7.331 Thread 0x00000007ea18f100 Uncommon trap: reason=unstable_if action=reinterpret pc=0x00000001173304b0 method=java.security.AccessController.getContext()Ljava/security/AccessControlContext; @ 5 c2
Event: 7.331 Thread 0x00000007ea18f100 DEOPT PACKING pc=0x00000001173304b0 sp=0x000000017319acd0
Event: 7.331 Thread 0x00000007ea18f100 DEOPT UNPACKING pc=0x0000000116bf301c sp=0x000000017319ac50 mode 2
Event: 7.348 Thread 0x00000007ea18f100 DEOPT PACKING pc=0x000000010fac2f00 sp=0x000000017319cd80
Event: 7.348 Thread 0x00000007ea18f100 DEOPT UNPACKING pc=0x0000000116bf2e7c sp=0x000000017319ca30 mode 0

Classes loaded (20 events):
Event: 5.145 Loading class sun/lwawt/macosx/CCustomCursor
Event: 5.145 Loading class sun/lwawt/macosx/CCustomCursor done
Event: 6.286 Loading class java/util/Collections$UnmodifiableMap$UnmodifiableEntrySet
Event: 6.286 Loading class java/util/Collections$UnmodifiableMap$UnmodifiableEntrySet done
Event: 6.286 Loading class java/util/Collections$UnmodifiableMap$UnmodifiableEntrySet$1
Event: 6.286 Loading class java/util/Collections$UnmodifiableMap$UnmodifiableEntrySet$1 done
Event: 6.286 Loading class java/util/Collections$UnmodifiableMap$UnmodifiableEntrySet$UnmodifiableEntry
Event: 6.286 Loading class java/util/Collections$UnmodifiableMap$UnmodifiableEntrySet$UnmodifiableEntry done
Event: 7.337 Loading class jdk/internal/logger/LoggerFinderLoader
Event: 7.337 Loading class jdk/internal/logger/LoggerFinderLoader done
Event: 7.337 Loading class java/io/FilePermission$1
Event: 7.337 Loading class jdk/internal/access/JavaIOFilePermissionAccess
Event: 7.337 Loading class jdk/internal/access/JavaIOFilePermissionAccess done
Event: 7.337 Loading class java/io/FilePermission$1 done
Event: 7.337 Loading class jdk/internal/logger/LoggerFinderLoader$TemporaryLoggerFinder
Event: 7.337 Loading class jdk/internal/logger/LoggerFinderLoader$TemporaryLoggerFinder done
Event: 7.337 Loading class sun/util/logging/internal/LoggingProviderImpl$JULWrapper
Event: 7.337 Loading class sun/util/logging/internal/LoggingProviderImpl$JULWrapper done
Event: 7.349 Loading class jdk/internal/event/ThreadSleepEvent
Event: 7.349 Loading class jdk/internal/event/ThreadSleepEvent done

Classes unloaded (0 events):
No events

Classes redefined (0 events):
No events

Internal exceptions (20 events):
Event: 1.423 Thread 0x00000007eb793800 Exception <a 'java/io/FileNotFoundException'{0x000000030291da50}> (0x000000030291da50) 
thrown [src/hotspot/share/prims/jni.cpp, line 520]
Event: 1.423 Thread 0x00000007ea18ce00 Exception <a 'java/io/FileNotFoundException'{0x0000000302f07380}> (0x0000000302f07380) 
thrown [src/hotspot/share/prims/jni.cpp, line 520]
Event: 1.423 Thread 0x00000007ea18ce00 Exception <a 'java/io/FileNotFoundException'{0x0000000302f084e8}> (0x0000000302f084e8) 
thrown [src/hotspot/share/prims/jni.cpp, line 520]
Event: 1.424 Thread 0x00000007ea18ce00 Exception <a 'java/io/FileNotFoundException'{0x0000000302f09650}> (0x0000000302f09650) 
thrown [src/hotspot/share/prims/jni.cpp, line 520]
Event: 1.424 Thread 0x00000007ea18ce00 Exception <a 'java/io/FileNotFoundException'{0x0000000302f0a7b8}> (0x0000000302f0a7b8) 
thrown [src/hotspot/share/prims/jni.cpp, line 520]
Event: 1.424 Thread 0x00000007ea18ce00 Exception <a 'java/io/FileNotFoundException'{0x0000000302922af0}> (0x0000000302922af0) 
thrown [src/hotspot/share/prims/jni.cpp, line 520]
Event: 1.425 Thread 0x00000007ea18ce00 Exception <a 'java/io/FileNotFoundException'{0x0000000302923d90}> (0x0000000302923d90) 
thrown [src/hotspot/share/prims/jni.cpp, line 520]
Event: 1.425 Thread 0x00000007ea18ce00 Exception <a 'java/io/FileNotFoundException'{0x0000000302924ef8}> (0x0000000302924ef8) 
thrown [src/hotspot/share/prims/jni.cpp, line 520]
Event: 6.235 Thread 0x00000007ea18f100 Exception <a 'java/lang/NoSuchMethodError'{0x00000003026222d8}: 'java.lang.Object java.lang.invoke.DirectMethodHandle$Holder.invokeStatic(java.lang.Object, java.lang.Object, int, java.lang.Object, java.lang.Object)'> (0x00000003026222d8) 
thrown [src/hotspot/share/interpreter/linkResolver.cpp, line 773]
Event: 6.238 Thread 0x00000007ea18f100 Exception <a 'java/lang/NoSuchMethodError'{0x0000000302646248}: 'java.lang.Object java.lang.invoke.DirectMethodHandle$Holder.newInvokeSpecial(java.lang.Object, java.lang.Object, float)'> (0x0000000302646248) 
thrown [src/hotspot/share/interpreter/linkResolver.cpp, line 773]
Event: 6.240 Thread 0x00000007ea18f100 Exception <a 'java/lang/NoSuchMethodError'{0x0000000302663728}: 'java.lang.Object java.lang.invoke.DirectMethodHandle$Holder.invokeStatic(java.lang.Object, java.lang.Object, long, java.lang.Object)'> (0x0000000302663728) 
thrown [src/hotspot/share/interpreter/linkResolver.cpp, line 773]
Event: 6.240 Thread 0x00000007ea18f100 Exception <a 'java/lang/NoSuchMethodError'{0x000000030266a348}: 'java.lang.Object java.lang.invoke.DirectMethodHandle$Holder.newInvokeSpecial(java.lang.Object, java.lang.Object, long)'> (0x000000030266a348) 
thrown [src/hotspot/share/interpreter/linkResolver.cpp, line 773]
Event: 6.240 Thread 0x00000007ea18f100 Exception <a 'java/lang/NoSuchMethodError'{0x000000030266dd58}: 'java.lang.Object java.lang.invoke.Invokers$Holder.linkToTargetMethod(java.lang.Object, long, java.lang.Object)'> (0x000000030266dd58) 
thrown [src/hotspot/share/interpreter/linkResolver.cpp, line 773]
Event: 6.305 Thread 0x00000007ea18f100 Exception <a 'java/lang/NoSuchMethodError'{0x0000000301c54f08}: 'java.lang.Object java.lang.invoke.DirectMethodHandle$Holder.invokeStatic(java.lang.Object, java.lang.Object, int, int, java.lang.Object)'> (0x0000000301c54f08) 
thrown [src/hotspot/share/interpreter/linkResolver.cpp, line 773]
Event: 6.305 Thread 0x00000007ea18f100 Exception <a 'java/lang/NoSuchMethodError'{0x0000000301c5c120}: 'java.lang.Object java.lang.invoke.DirectMethodHandle$Holder.newInvokeSpecial(java.lang.Object, java.lang.Object, int, int)'> (0x0000000301c5c120) 
thrown [src/hotspot/share/interpreter/linkResolver.cpp, line 773]
Event: 6.305 Thread 0x00000007ea18f100 Exception <a 'java/lang/NoSuchMethodError'{0x0000000301c609a0}: 'java.lang.Object java.lang.invoke.DirectMethodHandle$Holder.invokeSpecial(java.lang.Object, java.lang.Object, java.lang.Object, int, int)'> (0x0000000301c609a0) 
thrown [src/hotspot/share/interpreter/linkResolver.cpp, line 773]
Event: 7.343 Thread 0x00000007ea18f100 Exception <a 'java/lang/NoSuchMethodError'{0x0000000480543c80}: 'java.lang.Object java.lang.invoke.DirectMethodHandle$Holder.invokeStatic(java.lang.Object, long, java.lang.Object, java.lang.Object)'> (0x0000000480543c80) 
thrown [src/hotspot/share/interpreter/linkResolver.cpp, line 773]
Event: 7.343 Thread 0x00000007ea18f100 Exception <a 'java/lang/NoSuchMethodError'{0x000000048054a038}: 'java.lang.Object java.lang.invoke.DirectMethodHandle$Holder.newInvokeSpecial(java.lang.Object, long, java.lang.Object)'> (0x000000048054a038) 
thrown [src/hotspot/share/interpreter/linkResolver.cpp, line 773]
Event: 7.343 Thread 0x00000007ea18f100 Exception <a 'java/lang/NoSuchMethodError'{0x000000048054df40}: 'java.lang.Object java.lang.invoke.DirectMethodHandle$Holder.invokeSpecial(java.lang.Object, java.lang.Object, long, java.lang.Object)'> (0x000000048054df40) 
thrown [src/hotspot/share/interpreter/linkResolver.cpp, line 773]
Event: 7.350 Thread 0x00000007ea18f100 Exception <a 'java/lang/NoSuchMethodError'{0x000000048063a6c0}: 'java.lang.Object java.lang.invoke.DirectMethodHandle$Holder.newInvokeSpecial(java.lang.Object, int, java.lang.Object, int, int, java.lang.Object)'> (0x000000048063a6c0) 
thrown [src/hotspot/share/interpreter/linkResolver.cpp, line 773]

ZGC Phase Switch (0 events):
No events

VM Operations (20 events):
Event: 5.142 Executing non-safepoint VM operation: HandshakeAllThreads (Deoptimize)
Event: 5.142 Executing non-safepoint VM operation: HandshakeAllThreads (Deoptimize) done
Event: 5.142 Executing safepoint VM operation: Cleanup
Event: 5.142 Executing safepoint VM operation: Cleanup done
Event: 5.985 Executing safepoint VM operation: ICBufferFull
Event: 5.986 Executing safepoint VM operation: ICBufferFull done
Event: 6.240 Executing safepoint VM operation: ICBufferFull
Event: 6.240 Executing safepoint VM operation: ICBufferFull done
Event: 6.245 Executing non-safepoint VM operation: HandshakeAllThreads (Deoptimize)
Event: 6.245 Executing non-safepoint VM operation: HandshakeAllThreads (Deoptimize) done
Event: 6.286 Executing safepoint VM operation: ICBufferFull
Event: 6.286 Executing safepoint VM operation: ICBufferFull done
Event: 6.679 Executing safepoint VM operation: ICBufferFull
Event: 6.679 Executing safepoint VM operation: ICBufferFull done
Event: 7.246 Executing safepoint VM operation: ICBufferFull
Event: 7.246 Executing safepoint VM operation: ICBufferFull done
Event: 7.332 Executing non-safepoint VM operation: HandshakeAllThreads (Deoptimize)
Event: 7.332 Executing non-safepoint VM operation: HandshakeAllThreads (Deoptimize) done
Event: 7.334 Executing safepoint VM operation: G1CollectForAllocation (G1 Evacuation Pause)
Event: 7.336 Executing safepoint VM operation: G1CollectForAllocation (G1 Evacuation Pause) done

Memory protections (20 events):
Event: 0.353 Protecting memory [0x0000000174208000,0x0000000174214000] with protection modes 0
Event: 0.442 Protecting memory [0x0000000174414000,0x0000000174420000] with protection modes 0
Event: 0.606 Protecting memory [0x0000000174738000,0x0000000174744000] with protection modes 0
Event: 0.991 Protecting memory [0x0000000174b50000,0x0000000174b5c000] with protection modes 0
Event: 0.991 Protecting memory [0x0000000174d5c000,0x0000000174d68000] with protection modes 0
Event: 1.032 Protecting memory [0x0000000174f68000,0x0000000174f74000] with protection modes 0
Event: 1.032 Protecting memory [0x0000000175174000,0x0000000175180000] with protection modes 0
Event: 1.230 Protecting memory [0x0000000175380000,0x000000017538c000] with protection modes 0
Event: 1.233 Protecting memory [0x000000017558c000,0x0000000175598000] with protection modes 0
Event: 1.235 Protecting memory [0x0000000175798000,0x00000001757a4000] with protection modes 0
Event: 1.236 Protecting memory [0x00000001759a4000,0x00000001759b0000] with protection modes 0
Event: 1.236 Protecting memory [0x0000000175bb0000,0x0000000175bbc000] with protection modes 0
Event: 1.236 Protecting memory [0x0000000175dbc000,0x0000000175dc8000] with protection modes 0
Event: 1.237 Protecting memory [0x0000000175fc8000,0x0000000175fd4000] with protection modes 0
Event: 1.240 Protecting memory [0x00000001761d4000,0x00000001761e0000] with protection modes 0
Event: 1.240 Protecting memory [0x00000001763e0000,0x00000001763ec000] with protection modes 0
Event: 1.240 Protecting memory [0x00000001765ec000,0x00000001765f8000] with protection modes 0
Event: 1.241 Protecting memory [0x00000001767f8000,0x0000000176804000] with protection modes 0
Event: 1.246 Protecting memory [0x0000000176a04000,0x0000000176a10000] with protection modes 0
Event: 7.348 Protecting memory [0x0000000176c10000,0x0000000176c1c000] with protection modes 0

Nmethod flushes (20 events):
Event: 1.328 Thread 0x00000007e9125800 flushing  nmethod 0x000000010f6ad910
Event: 1.328 Thread 0x00000007e9125800 flushing  nmethod 0x000000010f6cd610
Event: 1.328 Thread 0x00000007e9125800 flushing  nmethod 0x000000010f6ce690
Event: 1.328 Thread 0x00000007e9125800 flushing  nmethod 0x000000010f6cf010
Event: 1.328 Thread 0x00000007e9125800 flushing  nmethod 0x000000010f6d0210
Event: 1.328 Thread 0x00000007e9125800 flushing  nmethod 0x000000010f6d1190
Event: 1.328 Thread 0x00000007e9125800 flushing  nmethod 0x000000010f6d2b10
Event: 1.328 Thread 0x00000007e9125800 flushing  nmethod 0x000000010f6e9610
Event: 1.328 Thread 0x00000007e9125800 flushing  nmethod 0x000000010f6e9b10
Event: 1.328 Thread 0x00000007e9125800 flushing  nmethod 0x000000010f6e9f10
Event: 1.328 Thread 0x00000007e9125800 flushing  nmethod 0x000000010f6eab90
Event: 1.328 Thread 0x00000007e9125800 flushing  nmethod 0x000000010f6eaf10
Event: 1.328 Thread 0x00000007e9125800 flushing  nmethod 0x000000010f6eb990
Event: 1.328 Thread 0x00000007e9125800 flushing  nmethod 0x000000010f6ec290
Event: 1.328 Thread 0x00000007e9125800 flushing  nmethod 0x000000010f6ee290
Event: 1.328 Thread 0x00000007e9125800 flushing  nmethod 0x000000010f73ad90
Event: 1.328 Thread 0x00000007e9125800 flushing  nmethod 0x000000010f73de90
Event: 1.328 Thread 0x00000007e9125800 flushing  nmethod 0x000000010f73e910
Event: 1.328 Thread 0x00000007e9125800 flushing  nmethod 0x000000010f7a8910
Event: 1.328 Thread 0x00000007e9125800 flushing  nmethod 0x000000010f7d4210

Events (20 events):
Event: 0.353 Thread 0x00000007ea18f100 Thread added: 0x00000007ea2ba300
Event: 0.442 Thread 0x00000007ea18f100 Thread added: 0x00000007ea3f9500
Event: 0.606 Thread 0x00000007ea18f100 Thread added: 0x00000007ea5d1500
Event: 0.990 Thread 0x00000007ea18f100 Thread added: 0x00000007ea711500
Event: 0.991 Thread 0x00000007ea18c700 Thread added: 0x00000007ea712300
Event: 1.032 Thread 0x00000007ea18c700 Thread added: 0x00000007e9c68e00
Event: 1.032 Thread 0x00000007ea711500 Thread added: 0x00000007e9c69500
Event: 1.229 Thread 0x00000007e9c68e00 Thread added: 0x00000007eb793800
Event: 1.231 Thread 0x00000007e9c68e00 Thread added: 0x00000007eb793100
Event: 1.234 Thread 0x00000007e9c68e00 Thread added: 0x00000007e9d7c000
Event: 1.235 Thread 0x00000007e9c68e00 Thread added: 0x00000007e9d7c700
Event: 1.236 Thread 0x00000007e9c69500 Thread added: 0x00000007e9d7ce00
Event: 1.236 Thread 0x00000007ea18ce00 Thread added: 0x00000007e9d7d500
Event: 1.237 Thread 0x00000007eb793800 Thread added: 0x00000007e9d7dc00
Event: 1.239 Thread 0x00000007ea18c700 Thread added: 0x00000007e9d7e300
Event: 1.240 Thread 0x00000007ea711500 Thread added: 0x00000007e9d7ea00
Event: 1.240 Thread 0x00000007ea18c000 Thread added: 0x00000007e9d7f800
Event: 1.240 Thread 0x00000007e9d7c000 Thread added: 0x00000007e9d8c000
Event: 1.244 Thread 0x00000007eb793100 Thread added: 0x00000007e9d8c700
Event: 7.348 Thread 0x00000007ea18f100 Thread added: 0x00000007ebd51c00


Dynamic libraries:
0x000000010021c000 	/Users/mattias800/Library/Java/JavaVirtualMachines/ms-21.0.10/Contents/Home/lib/libjli.dylib
0x00000001a236a000 	/System/Library/Frameworks/Cocoa.framework/Versions/A/Cocoa
0x00000001878b3000 	/System/Library/Frameworks/AppKit.framework/Versions/C/AppKit
0x000000018aefc000 	/System/Library/Frameworks/CoreData.framework/Versions/A/CoreData
0x0000000184cb3000 	/System/Library/Frameworks/Foundation.framework/Versions/C/Foundation
0x0000000192e3b000 	/usr/lib/libSystem.B.dylib
0x0000000188fe3000 	/System/Library/PrivateFrameworks/UIFoundation.framework/Versions/A/UIFoundation
0x00000002398c7000 	/System/Library/PrivateFrameworks/CollectionViewCore.framework/Versions/A/CollectionViewCore
0x0000000190207000 	/System/Library/PrivateFrameworks/XCTTargetBootstrap.framework/Versions/A/XCTTargetBootstrap
0x00000001957b8000 	/System/Library/PrivateFrameworks/InternationalSupport.framework/Versions/A/InternationalSupport
0x0000000195b12000 	/System/Library/PrivateFrameworks/UserActivity.framework/Versions/A/UserActivity
0x000000018b58c000 	/System/Library/PrivateFrameworks/BaseBoard.framework/Versions/A/BaseBoard
0x000000024206b000 	/System/Library/PrivateFrameworks/FrontBoard.framework/Versions/A/FrontBoard
0x000000019d1be000 	/System/Library/PrivateFrameworks/FrontBoardServices.framework/Versions/A/FrontBoardServices
0x000000027d8e8000 	/usr/lib/libRosetta.dylib
0x00000002711ed000 	/System/Library/PrivateFrameworks/UIIntelligenceSupport.framework/Versions/A/UIIntelligenceSupport
0x000000022e86a000 	/System/Library/Frameworks/SwiftUICore.framework/Versions/A/SwiftUICore
0x0000000277767000 	/System/Library/PrivateFrameworks/WritingTools.framework/Versions/A/WritingTools
0x00000002765bd000 	/System/Library/PrivateFrameworks/WindowManagement.framework/Versions/A/WindowManagement
0x0000000184912000 	/System/Library/Frameworks/SystemConfiguration.framework/Versions/A/SystemConfiguration
0x0000000194ad5000 	/usr/lib/libspindump.dylib
0x000000018919e000 	/System/Library/Frameworks/UniformTypeIdentifiers.framework/Versions/A/UniformTypeIdentifiers
0x00000001920e6000 	/usr/lib/libbsm.0.dylib
0x000000018d914000 	/usr/lib/libapp_launch_measurement.dylib
0x000000018cc1a000 	/System/Library/PrivateFrameworks/CoreAnalytics.framework/Versions/A/CoreAnalytics
0x000000018d918000 	/System/Library/PrivateFrameworks/CoreAutoLayout.framework/Versions/A/CoreAutoLayout
0x000000018f752000 	/System/Library/Frameworks/Metal.framework/Versions/A/Metal
0x0000000190b52000 	/usr/lib/liblangid.dylib
0x000000019020d000 	/System/Library/PrivateFrameworks/CoreSVG.framework/Versions/A/CoreSVG
0x0000000189bff000 	/System/Library/PrivateFrameworks/SkyLight.framework/Versions/A/SkyLight
0x0000000241da4000 	/System/Library/PrivateFrameworks/FocusEngine.framework/Versions/A/FocusEngine
0x000000018a198000 	/System/Library/Frameworks/CoreGraphics.framework/Versions/A/CoreGraphics
0x000000023f9b3000 	/System/Library/PrivateFrameworks/DesignLibrary.framework/Versions/A/DesignLibrary
0x000000019b484000 	/System/Library/Frameworks/Accelerate.framework/Versions/A/Accelerate
0x00000001948cb000 	/System/Library/PrivateFrameworks/IconServices.framework/Versions/A/IconServices
0x000000018f72a000 	/System/Library/Frameworks/IOSurface.framework/Versions/A/IOSurface
0x000000018cc4a000 	/usr/lib/libDiagnosticMessagesClient.dylib
0x0000000192d84000 	/usr/lib/libz.1.dylib
0x000000019f7a7000 	/System/Library/Frameworks/ApplicationServices.framework/Versions/A/ApplicationServices
0x00000001901f2000 	/System/Library/PrivateFrameworks/DFRFoundation.framework/Versions/A/DFRFoundation
0x0000000187102000 	/usr/lib/libicucore.A.dylib
0x0000000196d4e000 	/System/Library/Frameworks/AudioToolbox.framework/Versions/A/AudioToolbox
0x0000000195ac0000 	/System/Library/PrivateFrameworks/DataDetectorsCore.framework/Versions/A/DataDetectorsCore
0x0000000271dd3000 	/System/Library/PrivateFrameworks/UpdateCycle.framework/Versions/A/UpdateCycle
0x00000001b3978000 	/System/Library/PrivateFrameworks/TextInput.framework/Versions/A/TextInput
0x0000000189b41000 	/usr/lib/libMobileGestalt.dylib
0x000000018feee000 	/System/Library/Frameworks/Carbon.framework/Versions/A/Frameworks/HIToolbox.framework/Versions/A/HIToolbox
0x000000018d17f000 	/System/Library/Frameworks/QuartzCore.framework/Versions/A/QuartzCore
0x0000000186cdd000 	/System/Library/Frameworks/Security.framework/Versions/A/Security
0x000000019ae03000 	/System/Library/Frameworks/Carbon.framework/Versions/A/Frameworks/SpeechRecognition.framework/Versions/A/SpeechRecognition
0x000000018d5e3000 	/System/Library/PrivateFrameworks/CoreUI.framework/Versions/A/CoreUI
0x0000000186531000 	/System/Library/Frameworks/CoreAudio.framework/Versions/A/CoreAudio
0x000000018cd3e000 	/System/Library/Frameworks/DiskArbitration.framework/Versions/A/DiskArbitration
0x0000000194f92000 	/System/Library/PrivateFrameworks/MultitouchSupport.framework/Versions/A/MultitouchSupport
0x0000000189b3f000 	/usr/lib/libenergytrace.dylib
0x00000001a6ea5000 	/System/Library/PrivateFrameworks/RenderBox.framework/Versions/A/RenderBox
0x000000018775a000 	/System/Library/Frameworks/IOKit.framework/Versions/A/IOKit
0x000000019b20d000 	/System/Library/Frameworks/CoreServices.framework/Versions/A/CoreServices
0x000000018d8a5000 	/System/Library/PrivateFrameworks/PerformanceAnalysis.framework/Versions/A/PerformanceAnalysis
0x00000001e9600000 	/System/Library/Frameworks/OpenGL.framework/Versions/A/OpenGL
0x000000018d962000 	/usr/lib/libxml2.2.dylib
0x0000000191fc7000 	/System/Library/PrivateFrameworks/MobileKeyBag.framework/Versions/A/MobileKeyBag
0x0000000182fcc000 	/usr/lib/libobjc.A.dylib
0x0000000183330000 	/usr/lib/libc++.1.dylib
0x000000019b18a000 	/System/Library/Frameworks/Accessibility.framework/Versions/A/Accessibility
0x000000018a8f2000 	/System/Library/Frameworks/ColorSync.framework/Versions/A/ColorSync
0x0000000183461000 	/System/Library/Frameworks/CoreFoundation.framework/Versions/A/CoreFoundation
0x0000000190594000 	/System/Library/Frameworks/CoreImage.framework/Versions/A/CoreImage
0x0000000186304000 	/System/Library/Frameworks/CoreText.framework/Versions/A/CoreText
0x0000000228e51000 	/System/Library/Frameworks/CoreTransferable.framework/Versions/A/CoreTransferable
0x000000022938d000 	/System/Library/Frameworks/DataDetection.framework/Versions/A/DataDetection
0x00000002293a2000 	/System/Library/Frameworks/DeveloperToolsSupport.framework/Versions/A/DeveloperToolsSupport
0x000000019024b000 	/System/Library/Frameworks/ImageIO.framework/Versions/A/ImageIO
0x000000022f7df000 	/System/Library/Frameworks/Symbols.framework/Versions/A/Symbols
0x00000001b8b4c000 	/System/Library/PrivateFrameworks/AttributeGraph.framework/Versions/A/AttributeGraph
0x000000019d29d000 	/System/Library/PrivateFrameworks/BoardServices.framework/Versions/A/BoardServices
0x00000001dd1e1000 	/System/Library/PrivateFrameworks/FeatureFlags.framework/Versions/A/FeatureFlags
0x000000024af8b000 	/System/Library/PrivateFrameworks/Gestures.framework/Versions/A/Gestures
0x0000000192e40000 	/System/Library/PrivateFrameworks/SoftLinking.framework/Versions/A/SoftLinking
0x00000001c734d000 	/usr/lib/swift/libswiftAccelerate.dylib
0x00000001bd82f000 	/usr/lib/swift/libswiftCompression.dylib
0x00000001966b6000 	/usr/lib/swift/libswiftCore.dylib
0x00000001afc5c000 	/usr/lib/swift/libswiftCoreFoundation.dylib
0x00000001afcb5000 	/usr/lib/swift/libswiftCoreImage.dylib
0x000000019cf39000 	/usr/lib/swift/libswiftDispatch.dylib
0x00000001afcb6000 	/usr/lib/swift/libswiftIOKit.dylib
0x00000001bd822000 	/usr/lib/swift/libswiftMetal.dylib
0x00000001ccb30000 	/usr/lib/swift/libswiftOSLog.dylib
0x000000019fdf7000 	/usr/lib/swift/libswiftObjectiveC.dylib
0x000000027eb26000 	/usr/lib/swift/libswiftObservation.dylib
0x00000001c2ae5000 	/usr/lib/swift/libswiftQuartzCore.dylib
0x000000027ec65000 	/usr/lib/swift/libswiftSynchronization.dylib
0x00000001c733e000 	/usr/lib/swift/libswiftUniformTypeIdentifiers.dylib
0x00000001afc6e000 	/usr/lib/swift/libswiftXPC.dylib
0x000000027ec9f000 	/usr/lib/swift/libswift_Builtin_float.dylib
0x000000027eca2000 	/usr/lib/swift/libswift_Concurrency.dylib
0x000000019fdfb000 	/usr/lib/swift/libswiftos.dylib
0x00000001b370d000 	/usr/lib/swift/libswiftsimd.dylib
0x0000000193067000 	/usr/lib/libcompression.dylib
0x0000000195718000 	/System/Library/PrivateFrameworks/TextureIO.framework/Versions/A/TextureIO
0x000000018aa9e000 	/System/Library/Frameworks/ApplicationServices.framework/Versions/A/Frameworks/HIServices.framework/Versions/A/HIServices
0x0000000194554000 	/usr/lib/libate.dylib
0x0000000192e35000 	/usr/lib/system/libcache.dylib
0x0000000192df0000 	/usr/lib/system/libcommonCrypto.dylib
0x0000000192e1b000 	/usr/lib/system/libcompiler_rt.dylib
0x0000000192e10000 	/usr/lib/system/libcopyfile.dylib
0x000000018316a000 	/usr/lib/system/libcorecrypto.dylib
0x0000000183263000 	/usr/lib/system/libdispatch.dylib
0x0000000183020000 	/usr/lib/system/libdyld.dylib
0x0000000192e2b000 	/usr/lib/system/libkeymgr.dylib
0x0000000192dd3000 	/usr/lib/system/libmacho.dylib
0x00000001920be000 	/usr/lib/system/libquarantine.dylib
0x0000000192e28000 	/usr/lib/system/libremovefile.dylib
0x0000000189bc2000 	/usr/lib/system/libsystem_asl.dylib
0x00000001830f0000 	/usr/lib/system/libsystem_blocks.dylib
0x00000001832ad000 	/usr/lib/system/libsystem_c.dylib
0x0000000192e1f000 	/usr/lib/system/libsystem_collections.dylib
0x0000000190b3f000 	/usr/lib/system/libsystem_configuration.dylib
0x000000018f6f1000 	/usr/lib/system/libsystem_containermanager.dylib
0x0000000192841000 	/usr/lib/system/libsystem_coreservices.dylib
0x00000001873d4000 	/usr/lib/system/libsystem_darwin.dylib
0x000000027eff5000 	/usr/lib/system/libsystem_darwindirectory.dylib
0x0000000192e2c000 	/usr/lib/system/libsystem_dnssd.dylib
0x000000027eff9000 	/usr/lib/system/libsystem_eligibility.dylib
0x00000001832aa000 	/usr/lib/system/libsystem_featureflags.dylib
0x0000000183431000 	/usr/lib/system/libsystem_info.dylib
0x0000000192d94000 	/usr/lib/system/libsystem_m.dylib
0x0000000183217000 	/usr/lib/system/libsystem_malloc.dylib
0x0000000189b24000 	/usr/lib/system/libsystem_networkextension.dylib
0x0000000187845000 	/usr/lib/system/libsystem_notify.dylib
0x0000000190b44000 	/usr/lib/system/libsystem_sandbox.dylib
0x000000027f003000 	/usr/lib/system/libsystem_sanitizers.dylib
0x0000000192e24000 	/usr/lib/system/libsystem_secinit.dylib
0x00000001833de000 	/usr/lib/system/libsystem_kernel.dylib
0x0000000183428000 	/usr/lib/system/libsystem_platform.dylib
0x000000018341b000 	/usr/lib/system/libsystem_pthread.dylib
0x000000018b76f000 	/usr/lib/system/libsystem_symptoms.dylib
0x0000000183149000 	/usr/lib/system/libsystem_trace.dylib
0x000000027f00b000 	/usr/lib/system/libsystem_trial.dylib
0x0000000192dfe000 	/usr/lib/system/libunwind.dylib
0x00000001830f4000 	/usr/lib/system/libxpc.dylib
0x00000001833c3000 	/usr/lib/libc++abi.dylib
0x000000027e836000 	/usr/lib/libswiftPrespecialized.dylib
0x0000000192e3d000 	/usr/lib/libfakelink.dylib
0x0000000189768000 	/System/Library/Frameworks/CFNetwork.framework/Versions/A/CFNetwork
0x0000000192e91000 	/usr/lib/libarchive.2.dylib
0x0000000198f18000 	/System/Library/Frameworks/Combine.framework/Versions/A/Combine
0x00000002398ec000 	/System/Library/PrivateFrameworks/CollectionsInternal.framework/Versions/A/CollectionsInternal
0x0000000260427000 	/System/Library/PrivateFrameworks/ReflectionInternal.framework/Versions/A/ReflectionInternal
0x00000002612b3000 	/System/Library/PrivateFrameworks/RuntimeInternal.framework/Versions/A/RuntimeInternal
0x00000001acb16000 	/usr/lib/swift/libswiftDarwin.dylib
0x000000027ec6d000 	/usr/lib/swift/libswiftSystem.dylib
0x000000027ed2c000 	/usr/lib/swift/libswift_DarwinFoundation1.dylib
0x000000027ee0d000 	/usr/lib/swift/libswift_StringProcessing.dylib
0x00000001876d9000 	/System/Library/PrivateFrameworks/CoreServicesInternal.framework/Versions/A/CoreServicesInternal
0x0000000192e08000 	/usr/lib/liboah.dylib
0x000000019f245000 	/System/Library/PrivateFrameworks/DiskImages.framework/Versions/A/DiskImages
0x00000001ac5d9000 	/System/Library/Frameworks/NetFS.framework/Versions/A/NetFS
0x000000018d8dc000 	/System/Library/Frameworks/CoreServices.framework/Versions/A/Frameworks/FSEvents.framework/Versions/A/FSEvents
0x00000001873df000 	/System/Library/Frameworks/CoreServices.framework/Versions/A/Frameworks/CarbonCore.framework/Versions/A/CarbonCore
0x000000018ccb2000 	/System/Library/Frameworks/CoreServices.framework/Versions/A/Frameworks/Metadata.framework/Versions/A/Metadata
0x0000000192848000 	/System/Library/Frameworks/CoreServices.framework/Versions/A/Frameworks/OSServices.framework/Versions/A/OSServices
0x0000000192f89000 	/System/Library/Frameworks/CoreServices.framework/Versions/A/Frameworks/SearchKit.framework/Versions/A/SearchKit
0x000000018b6e9000 	/System/Library/Frameworks/CoreServices.framework/Versions/A/Frameworks/AE.framework/Versions/A/AE
0x00000001839aa000 	/System/Library/Frameworks/CoreServices.framework/Versions/A/Frameworks/LaunchServices.framework/Versions/A/LaunchServices
0x00000001943aa000 	/System/Library/Frameworks/CoreServices.framework/Versions/A/Frameworks/DictionaryServices.framework/Versions/A/DictionaryServices
0x000000018d8ea000 	/System/Library/Frameworks/CoreServices.framework/Versions/A/Frameworks/SharedFileList.framework/Versions/A/SharedFileList
0x000000019301e000 	/usr/lib/libapple_nghttp2.dylib
0x000000018b303000 	/usr/lib/libsqlite3.dylib
0x000000019f48d000 	/System/Library/PrivateFrameworks/AppSupport.framework/Versions/A/AppSupport
0x00000001973e7000 	/System/Library/Frameworks/GSS.framework/Versions/A/GSS
0x000000018b67d000 	/System/Library/PrivateFrameworks/RunningBoardServices.framework/Versions/A/RunningBoardServices
0x000000019fd85000 	/System/Library/PrivateFrameworks/StreamingZip.framework/Versions/A/StreamingZip
0x000000018b778000 	/System/Library/Frameworks/Network.framework/Versions/A/Network
0x0000000192dd7000 	/usr/lib/system/libkxld.dylib
0x0000000235196000 	/System/Library/PrivateFrameworks/AppleKeyStore.framework/Versions/A/AppleKeyStore
0x000000027d5cc000 	/usr/lib/libCoreEntitlements.dylib
0x0000000256382000 	/System/Library/PrivateFrameworks/MessageSecurity.framework/Versions/A/MessageSecurity
0x000000018b2e7000 	/System/Library/PrivateFrameworks/ProtocolBuffer.framework/Versions/A/ProtocolBuffer
0x000000019c33f000 	/System/Library/PrivateFrameworks/SymptomDiagnosticReporter.framework/Versions/A/SymptomDiagnosticReporter
0x00000001945ee000 	/System/Library/PrivateFrameworks/CrashReporterSupport.framework/Versions/A/CrashReporterSupport
0x0000000192828000 	/System/Library/PrivateFrameworks/AppleFSCompression.framework/Versions/A/AppleFSCompression
0x00000001920ce000 	/usr/lib/libcoretls.dylib
0x0000000194421000 	/usr/lib/libcoretls_cfhelpers.dylib
0x0000000193060000 	/usr/lib/libpam.2.dylib
0x0000000194493000 	/usr/lib/libxar.1.dylib
0x0000000194423000 	/System/Library/PrivateFrameworks/APFS.framework/Versions/A/APFS
0x000000026bcdf000 	/System/Library/PrivateFrameworks/SwiftASN1Internal.framework/Versions/A/SwiftASN1Internal
0x00000001944a2000 	/usr/lib/libutil.dylib
0x0000000190b4d000 	/System/Library/PrivateFrameworks/AppleSystemInfo.framework/Versions/A/AppleSystemInfo
0x0000000191db6000 	/System/Library/PrivateFrameworks/IOMobileFramebuffer.framework/Versions/A/IOMobileFramebuffer
0x00000001afb22000 	/System/Library/PrivateFrameworks/LoggingSupport.framework/Versions/A/LoggingSupport
0x000000019744a000 	/System/Library/PrivateFrameworks/MobileAsset.framework/Versions/A/MobileAsset
0x000000019c34f000 	/System/Library/PrivateFrameworks/PowerLog.framework/Versions/A/PowerLog
0x000000022e708000 	/System/Library/Frameworks/SwiftData.framework/Versions/A/SwiftData
0x000000018db0e000 	/System/Library/PrivateFrameworks/UserManagement.framework/Versions/A/UserManagement
0x0000000189693000 	/usr/lib/libboringssl.dylib
0x000000018b75d000 	/usr/lib/libdns_services.dylib
0x00000001aeb5b000 	/usr/lib/libquic.dylib
0x0000000196646000 	/usr/lib/libusrtcp.dylib
0x0000000235f89000 	/System/Library/PrivateFrameworks/AtomicsInternal.framework/Versions/A/AtomicsInternal
0x00000001d5368000 	/System/Library/PrivateFrameworks/InternalSwiftProtobuf.framework/Versions/A/InternalSwiftProtobuf
0x000000027eafd000 	/usr/lib/swift/libswiftDistributed.dylib
0x0000000190b4b000 	/System/Library/PrivateFrameworks/AggregateDictionary.framework/Versions/A/AggregateDictionary
0x0000000236719000 	/System/Library/PrivateFrameworks/BiomeLibrary.framework/Versions/A/BiomeLibrary
0x00000001be7f6000 	/System/Library/PrivateFrameworks/BiomeStreams.framework/Versions/A/BiomeStreams
0x00000001baa2d000 	/System/Library/PrivateFrameworks/BiomeFoundation.framework/Versions/A/BiomeFoundation
0x00000001c48aa000 	/System/Library/PrivateFrameworks/BiomePubSub.framework/Versions/A/BiomePubSub
0x00000001a0da9000 	/System/Library/PrivateFrameworks/ProactiveSupport.framework/Versions/A/ProactiveSupport
0x0000000194402000 	/usr/lib/liblzma.5.dylib
0x000000019f7a8000 	/System/Library/PrivateFrameworks/InternationalTextSearch.framework/Versions/A/InternationalTextSearch
0x00000001b6f4a000 	/System/Library/PrivateFrameworks/SoftwareUpdateCoreSupport.framework/Versions/A/SoftwareUpdateCoreSupport
0x00000001bf278000 	/System/Library/PrivateFrameworks/SoftwareUpdateCoreConnect.framework/Versions/A/SoftwareUpdateCoreConnect
0x000000019f343000 	/System/Library/PrivateFrameworks/RemoteServiceDiscovery.framework/Versions/A/RemoteServiceDiscovery
0x00000001b6b41000 	/System/Library/PrivateFrameworks/MSUDataAccessor.framework/Versions/A/MSUDataAccessor
0x00000001b1c7a000 	/usr/lib/libbootpolicy.dylib
0x000000019f35a000 	/System/Library/PrivateFrameworks/RemoteXPC.framework/Versions/A/RemoteXPC
0x00000001be6c2000 	/usr/lib/libFDR.dylib
0x00000001c44cb000 	/usr/lib/libamsupport.dylib
0x000000027d8e0000 	/usr/lib/libReverseProxyDevice.dylib
0x0000000234af0000 	/System/Library/PrivateFrameworks/AppleDeviceQuerySupport.framework/Versions/A/AppleDeviceQuerySupport
0x00000001c754d000 	/usr/lib/libpartition2_dynamic.dylib
0x0000000192ffa000 	/System/Library/PrivateFrameworks/AppleSauce.framework/Versions/A/AppleSauce
0x000000027d46d000 	/usr/lib/libAppleArchive.dylib
0x0000000192834000 	/usr/lib/libbz2.1.0.dylib
0x000000018cd48000 	/System/Library/Frameworks/Accelerate.framework/Versions/A/Frameworks/vImage.framework/Versions/A/vImage
0x000000019b1e7000 	/System/Library/Frameworks/Accelerate.framework/Versions/A/Frameworks/vecLib.framework/Versions/A/vecLib
0x00000001944d9000 	/System/Library/Frameworks/Accelerate.framework/Versions/A/Frameworks/vecLib.framework/Versions/A/libvMisc.dylib
0x0000000183eaa000 	/System/Library/Frameworks/Accelerate.framework/Versions/A/Frameworks/vecLib.framework/Versions/A/libBLAS.dylib
0x000000018da49000 	/System/Library/Frameworks/CoreVideo.framework/Versions/A/CoreVideo
0x0000000196fef000 	/System/Library/Frameworks/ApplicationServices.framework/Versions/A/Frameworks/ATS.framework/Versions/A/ATS
0x00000001956a1000 	/System/Library/Frameworks/ApplicationServices.framework/Versions/A/Frameworks/PrintCore.framework/Versions/A/PrintCore
0x00000001973b0000 	/System/Library/Frameworks/ApplicationServices.framework/Versions/A/Frameworks/QD.framework/Versions/A/QD
0x00000001973ab000 	/System/Library/Frameworks/ApplicationServices.framework/Versions/A/Frameworks/ColorSyncLegacy.framework/Versions/A/ColorSyncLegacy
0x0000000196fc1000 	/System/Library/Frameworks/ApplicationServices.framework/Versions/A/Frameworks/SpeechSynthesis.framework/Versions/A/SpeechSynthesis
0x000000018fc1c000 	/System/Library/PrivateFrameworks/FontServices.framework/libFontParser.dylib
0x000000019f069000 	/System/Library/PrivateFrameworks/BackBoardServices.framework/Versions/A/BackBoardServices
0x0000000236635000 	/System/Library/PrivateFrameworks/BackBoardHIDEventFoundation.framework/Versions/A/BackBoardHIDEventFoundation
0x0000000185e15000 	/System/Library/Frameworks/CoreDisplay.framework/Versions/A/CoreDisplay
0x0000000194fd8000 	/System/Library/Frameworks/VideoToolbox.framework/Versions/A/VideoToolbox
0x000000019305e000 	/System/Library/Frameworks/MetalPerformanceShaders.framework/Versions/A/MetalPerformanceShaders
0x000000025f504000 	/System/Library/PrivateFrameworks/ProDisplayLibrary.framework/Versions/A/ProDisplayLibrary
0x00000001a2e33000 	/System/Library/PrivateFrameworks/IOSurfaceAccelerator.framework/Versions/A/IOSurfaceAccelerator
0x000000018f747000 	/System/Library/PrivateFrameworks/IOAccelerator.framework/Versions/A/IOAccelerator
0x000000018fa5f000 	/System/Library/Frameworks/CoreMedia.framework/Versions/A/CoreMedia
0x0000000189bda000 	/System/Library/PrivateFrameworks/TCC.framework/Versions/A/TCC
0x0000000194f90000 	/System/Library/PrivateFrameworks/WatchdogClient.framework/Versions/A/WatchdogClient
0x00000001c4908000 	/System/Library/PrivateFrameworks/BiomeStorage.framework/Versions/A/BiomeStorage
0x0000000250f2a000 	/System/Library/PrivateFrameworks/IntelligencePlatformLibrary.framework/Versions/A/IntelligencePlatformLibrary
0x000000025e811000 	/System/Library/PrivateFrameworks/PoirotSchematizer.framework/Versions/A/PoirotSchematizer
0x0000000236f5e000 	/System/Library/PrivateFrameworks/BiomeSync.framework/Versions/A/BiomeSync
0x00000002366ff000 	/System/Library/PrivateFrameworks/BiomeDSL.framework/Versions/A/BiomeDSL
0x000000025e87b000 	/System/Library/PrivateFrameworks/PoirotUDFs.framework/Versions/A/PoirotUDFs
0x000000025e7e0000 	/System/Library/PrivateFrameworks/PoirotSQLite.framework/Versions/A/PoirotSQLite
0x000000019d7ba000 	/System/Library/PrivateFrameworks/CoreTime.framework/Versions/A/CoreTime
0x0000000192e76000 	/usr/lib/libiconv.2.dylib
0x0000000192dd2000 	/usr/lib/libcharset.1.dylib
0x000000027ed6d000 	/usr/lib/swift/libswift_RegexParser.dylib
0x0000000238567000 	/System/Library/PrivateFrameworks/CascadeSets.framework/Versions/A/CascadeSets
0x00000001975b7000 	/System/Library/PrivateFrameworks/CorePhoneNumbers.framework/Versions/A/CorePhoneNumbers
0x0000000194e5a000 	/System/Library/PrivateFrameworks/AppleJPEG.framework/Versions/A/AppleJPEG
0x0000000194846000 	/usr/lib/libexpat.1.dylib
0x0000000195574000 	/System/Library/Frameworks/ImageIO.framework/Versions/A/Resources/libPng.dylib
0x00000001955a0000 	/System/Library/Frameworks/ImageIO.framework/Versions/A/Resources/libTIFF.dylib
0x000000019568a000 	/System/Library/Frameworks/ImageIO.framework/Versions/A/Resources/libGIF.dylib
0x0000000194e9f000 	/System/Library/Frameworks/ImageIO.framework/Versions/A/Resources/libJP2.dylib
0x0000000195630000 	/System/Library/Frameworks/ImageIO.framework/Versions/A/Resources/libJPEG.dylib
0x0000000195627000 	/System/Library/Frameworks/ImageIO.framework/Versions/A/Resources/libRadiance.dylib
0x0000000247752000 	/System/Library/PrivateFrameworks/GPUCompiler.framework/Versions/32023/Libraries/libllvm-flatbuffers.dylib
0x000000024205e000 	/System/Library/PrivateFrameworks/FramePacing.framework/Versions/A/FramePacing
0x00000001e95f2000 	/System/Library/Frameworks/OpenGL.framework/Versions/A/Libraries/libCoreFSCache.dylib
0x000000024319f000 	/System/Library/PrivateFrameworks/GPUCompiler.framework/Versions/32023/Libraries/libGPUCompilerUtils.dylib
0x000000019d36a000 	/System/Library/PrivateFrameworks/GraphicsServices.framework/Versions/A/GraphicsServices
0x00000001a0f35000 	/System/Library/PrivateFrameworks/ASEProcessing.framework/Versions/A/ASEProcessing
0x00000001d0b84000 	/System/Library/PrivateFrameworks/Symbolication.framework/Versions/A/Symbolication
0x000000025e401000 	/System/Library/PrivateFrameworks/PhotosensitivityProcessing.framework/Versions/A/PhotosensitivityProcessing
0x0000000194a77000 	/System/Library/PrivateFrameworks/GraphVisualizer.framework/Versions/A/GraphVisualizer
0x00000001e9651000 	/System/Library/Frameworks/OpenGL.framework/Versions/A/Libraries/libGLU.dylib
0x00000001e9614000 	/System/Library/Frameworks/OpenGL.framework/Versions/A/Libraries/libGFXShared.dylib
0x0000000227728000 	/System/Library/Frameworks/OpenGL.framework/Versions/A/Libraries/libGL.dylib
0x00000001e961d000 	/System/Library/Frameworks/OpenGL.framework/Versions/A/Libraries/libGLImage.dylib
0x00000001e9611000 	/System/Library/Frameworks/OpenGL.framework/Versions/A/Libraries/libCVMSPluginSupport.dylib
0x00000001e95fa000 	/System/Library/Frameworks/OpenGL.framework/Versions/A/Libraries/libCoreVMClient.dylib
0x0000000241f69000 	/System/Library/PrivateFrameworks/FontServices.framework/Versions/A/FontServices
0x0000000194a87000 	/System/Library/PrivateFrameworks/OTSVG.framework/Versions/A/OTSVG
0x000000018d590000 	/System/Library/Frameworks/ApplicationServices.framework/Versions/A/Frameworks/ATS.framework/Versions/A/Resources/libFontRegistry.dylib
0x000000027ddf0000 	/usr/lib/libhvf.dylib
0x000000025b236000 	/System/Library/PrivateFrameworks/ParsingInternal.framework/Versions/A/ParsingInternal
0x0000000241f6d000 	/System/Library/PrivateFrameworks/FontServices.framework/libXTFontStaticRegistryData.dylib
0x0000000190a8c000 	/System/Library/Frameworks/MetalPerformanceShaders.framework/Versions/A/Frameworks/MPSCore.framework/Versions/A/MPSCore
0x0000000192793000 	/System/Library/Frameworks/MetalPerformanceShaders.framework/Versions/A/Frameworks/MPSImage.framework/Versions/A/MPSImage
0x0000000192171000 	/System/Library/Frameworks/MetalPerformanceShaders.framework/Versions/A/Frameworks/MPSNeuralNetwork.framework/Versions/A/MPSNeuralNetwork
0x00000001925a9000 	/System/Library/Frameworks/MetalPerformanceShaders.framework/Versions/A/Frameworks/MPSMatrix.framework/Versions/A/MPSMatrix
0x00000001923be000 	/System/Library/Frameworks/MetalPerformanceShaders.framework/Versions/A/Frameworks/MPSRayIntersector.framework/Versions/A/MPSRayIntersector
0x00000001925db000 	/System/Library/Frameworks/MetalPerformanceShaders.framework/Versions/A/Frameworks/MPSNDArray.framework/Versions/A/MPSNDArray
0x000000022b6cc000 	/System/Library/Frameworks/MetalPerformanceShaders.framework/Versions/A/Frameworks/MPSFunctions.framework/Versions/A/MPSFunctions
0x000000022b6ad000 	/System/Library/Frameworks/MetalPerformanceShaders.framework/Versions/A/Frameworks/MPSBenchmarkLoop.framework/Versions/A/MPSBenchmarkLoop
0x0000000183cc5000 	/System/Library/PrivateFrameworks/MetalTools.framework/Versions/A/MetalTools
0x00000001b4db2000 	/System/Library/PrivateFrameworks/IOAccelMemoryInfo.framework/Versions/A/IOAccelMemoryInfo
0x00000001c2edb000 	/System/Library/PrivateFrameworks/kperf.framework/Versions/A/kperf
0x00000001afc38000 	/System/Library/PrivateFrameworks/GPURawCounter.framework/Versions/A/GPURawCounter
0x000000019d6a3000 	/System/Library/PrivateFrameworks/CoreSymbolication.framework/Versions/A/CoreSymbolication
0x00000001afbaf000 	/System/Library/PrivateFrameworks/MallocStackLogging.framework/Versions/A/MallocStackLogging
0x000000019d680000 	/System/Library/PrivateFrameworks/DebugSymbols.framework/Versions/A/DebugSymbols
0x00000001c1744000 	/System/Library/PrivateFrameworks/OSAnalytics.framework/Versions/A/OSAnalytics
0x000000023fe65000 	/System/Library/PrivateFrameworks/DeviceRecovery.framework/Versions/A/DeviceRecovery
0x00000002294e7000 	/System/Library/Frameworks/ExtensionFoundation.framework/Versions/A/ExtensionFoundation
0x0000000194ac8000 	/System/Library/PrivateFrameworks/AppServerSupport.framework/Versions/A/AppServerSupport
0x0000000194745000 	/System/Library/PrivateFrameworks/PlugInKit.framework/Versions/A/PlugInKit
0x0000000191fdf000 	/System/Library/PrivateFrameworks/AssertionServices.framework/Versions/A/AssertionServices
0x000000019486b000 	/System/Library/PrivateFrameworks/IconFoundation.framework/Versions/A/IconFoundation
0x000000024de2e000 	/System/Library/PrivateFrameworks/IconRendering.framework/Versions/A/IconRendering
0x0000000261464000 	/System/Library/PrivateFrameworks/SFSymbols.framework/Versions/A/SFSymbols
0x0000000185f39000 	/System/Library/PrivateFrameworks/AudioToolboxCore.framework/Versions/A/AudioToolboxCore
0x0000000196f29000 	/System/Library/PrivateFrameworks/AudioSession.framework/Versions/A/AudioSession
0x00000001a217d000 	/System/Library/Frameworks/CoreMIDI.framework/Versions/A/CoreMIDI
0x0000000196fa8000 	/usr/lib/libAudioStatistics.dylib
0x000000018fa36000 	/System/Library/PrivateFrameworks/caulk.framework/Versions/A/caulk
0x000000019554e000 	/usr/lib/libAudioToolboxUtility.dylib
0x00000001afc3c000 	/usr/lib/swift/libswiftCoreAudio.dylib
0x00000001b63a3000 	/usr/lib/swift/libswiftCoreMIDI.dylib
0x00000001973b9000 	/System/Library/PrivateFrameworks/perfdata.framework/Versions/A/perfdata
0x00000001aec59000 	/System/Library/PrivateFrameworks/SystemPolicy.framework/Versions/A/SystemPolicy
0x000000019725e000 	/usr/lib/libSMC.dylib
0x00000001973c7000 	/usr/lib/libperfcheck.dylib
0x0000000236049000 	/System/Library/PrivateFrameworks/AudioAnalytics.framework/Versions/A/AudioAnalytics
0x000000027ed30000 	/usr/lib/swift/libswift_DarwinFoundation2.dylib
0x000000027ed31000 	/usr/lib/swift/libswift_DarwinFoundation3.dylib
0x00000001d5069000 	/System/Library/Frameworks/OSLog.framework/Versions/A/OSLog
0x00000001afbe1000 	/usr/lib/libmis.dylib
0x0000000194988000 	/System/Library/PrivateFrameworks/MediaExperience.framework/Versions/A/MediaExperience
0x0000000196cf7000 	/System/Library/PrivateFrameworks/AudioSession.framework/libSessionUtility.dylib
0x0000000195690000 	/System/Library/PrivateFrameworks/CMCaptureCore.framework/Versions/A/CMCaptureCore
0x000000019c22e000 	/System/Library/Frameworks/CoreBluetooth.framework/Versions/A/CoreBluetooth
0x0000000191e4b000 	/System/Library/PrivateFrameworks/CoreUtils.framework/Versions/A/CoreUtils
0x00000001a7bcb000 	/System/Library/PrivateFrameworks/HID.framework/Versions/A/HID
0x000000023f267000 	/System/Library/PrivateFrameworks/CoreUtilsExtras.framework/Versions/A/CoreUtilsExtras
0x000000024dd90000 	/System/Library/PrivateFrameworks/IO80211.framework/Versions/A/IO80211
0x0000000198c71000 	/System/Library/Frameworks/IOBluetooth.framework/Versions/A/IOBluetooth
0x0000000235c37000 	/System/Library/PrivateFrameworks/ArgumentParserInternal.framework/Versions/A/ArgumentParserInternal
0x00000001945e5000 	/usr/lib/libIOReport.dylib
0x0000000191fee000 	/System/Library/Frameworks/SecurityFoundation.framework/Versions/A/SecurityFoundation
0x0000000184689000 	/System/Library/PrivateFrameworks/Lexicon.framework/Versions/A/Lexicon
0x0000000192159000 	/usr/lib/libgermantok.dylib
0x0000000190c76000 	/System/Library/PrivateFrameworks/LinguisticData.framework/Versions/A/LinguisticData
0x000000019c441000 	/System/Library/PrivateFrameworks/MediaKit.framework/Versions/A/MediaKit
0x000000019c38c000 	/System/Library/Frameworks/DiscRecording.framework/Versions/A/DiscRecording
0x0000000194861000 	/usr/lib/libheimdal-asn1.dylib
0x000000019fd5b000 	/System/Library/Frameworks/AudioUnit.framework/Versions/A/AudioUnit
0x000000018d8af000 	/System/Library/Frameworks/OpenDirectory.framework/Versions/A/OpenDirectory
0x000000018d8bd000 	/System/Library/Frameworks/OpenDirectory.framework/Versions/A/Frameworks/CFOpenDirectory.framework/Versions/A/CFOpenDirectory
0x0000000227aac000 	/System/Library/Frameworks/AVFAudio.framework/Versions/A/AVFAudio
0x00000001a8b95000 	/usr/lib/libAccessibility.dylib
0x0000000251abe000 	/System/Library/PrivateFrameworks/IsolatedCoreAudioClient.framework/Versions/A/IsolatedCoreAudioClient
0x00000001cb38a000 	/usr/lib/swift/libswiftCoreMedia.dylib
0x000000026f287000 	/System/Library/PrivateFrameworks/Tightbeam.framework/Versions/A/Tightbeam
0x000000023b177000 	/System/Library/PrivateFrameworks/CoreAudioOrchestration.framework/Versions/A/CoreAudioOrchestration
0x00000001c7a99000 	/System/Library/PrivateFrameworks/AFKUser.framework/Versions/A/AFKUser
0x000000019b4d4000 	/System/Library/Frameworks/MediaAccessibility.framework/Versions/A/MediaAccessibility
0x0000000273473000 	/System/Library/PrivateFrameworks/VideoToolboxParavirtualizationSupport.framework/Versions/A/VideoToolboxParavirtualizationSupport
0x00000001947fd000 	/System/Library/PrivateFrameworks/AppleVA.framework/Versions/A/AppleVA
0x0000000195622000 	/System/Library/PrivateFrameworks/GPUWrangler.framework/Versions/A/GPUWrangler
0x0000000195602000 	/System/Library/PrivateFrameworks/IOPresentment.framework/Versions/A/IOPresentment
0x000000019562a000 	/System/Library/PrivateFrameworks/DSExternalDisplay.framework/Versions/A/DSExternalDisplay
0x0000000235a8e000 	/System/Library/PrivateFrameworks/AppleMobileFileIntegrity.framework/Versions/A/AppleMobileFileIntegrity
0x000000027d96d000 	/usr/lib/libTLE.dylib
0x00000001e6331000 	/System/Library/PrivateFrameworks/ConfigProfileHelper.framework/Versions/A/ConfigProfileHelper
0x00000001db151000 	/usr/lib/libedit.3.dylib
0x000000025303f000 	/System/Library/PrivateFrameworks/MIL.framework/Versions/A/MIL
0x00000001b4d75000 	/usr/lib/libncurses.5.4.dylib
0x0000000191d80000 	/System/Library/PrivateFrameworks/CoreEmoji.framework/Versions/A/CoreEmoji
0x00000001849a6000 	/usr/lib/libCRFSuite.dylib
0x0000000190b54000 	/System/Library/PrivateFrameworks/CoreNLP.framework/Versions/A/CoreNLP
0x00000001920f8000 	/usr/lib/libmecab.dylib
0x0000000192ff1000 	/usr/lib/libThaiTokenizer.dylib
0x00000001d5528000 	/System/Library/PrivateFrameworks/HIDDisplay.framework/Versions/A/HIDDisplay
0x000000019565c000 	/System/Library/Frameworks/ApplicationServices.framework/Versions/A/Frameworks/ATSUI.framework/Versions/A/ATSUI
0x000000019733f000 	/usr/lib/libcups.2.dylib
0x00000001973d5000 	/System/Library/Frameworks/Kerberos.framework/Versions/A/Kerberos
0x0000000197037000 	/usr/lib/libresolv.9.dylib
0x0000000194adc000 	/System/Library/PrivateFrameworks/Heimdal.framework/Versions/A/Heimdal
0x000000019fd5a000 	/System/Library/Frameworks/Kerberos.framework/Versions/A/Libraries/libHeimdalProxy.dylib
0x0000000197439000 	/System/Library/PrivateFrameworks/CommonAuth.framework/Versions/A/CommonAuth
0x00000001a8a90000 	/System/Library/PrivateFrameworks/AXCoreUtilities.framework/Versions/A/AXCoreUtilities
0x000000027d387000 	/usr/lib/libAXSafeCategoryBundle.dylib
0x0000000191c65000 	/System/Library/Frameworks/Accelerate.framework/Versions/A/Frameworks/vecLib.framework/Versions/A/libvDSP.dylib
0x000000019313e000 	/System/Library/Frameworks/Accelerate.framework/Versions/A/Frameworks/vecLib.framework/Versions/A/libLAPACK.dylib
0x000000019215c000 	/System/Library/Frameworks/Accelerate.framework/Versions/A/Frameworks/vecLib.framework/Versions/A/libLinearAlgebra.dylib
0x0000000193037000 	/System/Library/Frameworks/Accelerate.framework/Versions/A/Frameworks/vecLib.framework/Versions/A/libSparseBLAS.dylib
0x0000000193139000 	/System/Library/Frameworks/Accelerate.framework/Versions/A/Frameworks/vecLib.framework/Versions/A/libQuadrature.dylib
0x0000000190c7d000 	/System/Library/Frameworks/Accelerate.framework/Versions/A/Frameworks/vecLib.framework/Versions/A/libBNNS.dylib
0x000000018479f000 	/System/Library/Frameworks/Accelerate.framework/Versions/A/Frameworks/vecLib.framework/Versions/A/libSparse.dylib
0x000000019739e000 	/System/Library/PrivateFrameworks/NetAuth.framework/Versions/A/NetAuth
0x000000018dacd000 	/System/Library/PrivateFrameworks/login.framework/Versions/A/Frameworks/loginsupport.framework/Versions/A/loginsupport
0x00000001920c2000 	/usr/lib/libCheckFix.dylib
0x000000018cc4c000 	/System/Library/PrivateFrameworks/MetadataUtilities.framework/Versions/A/MetadataUtilities
0x000000024e849000 	/System/Library/PrivateFrameworks/InstalledContentLibrary.framework/Versions/A/InstalledContentLibrary
0x000000018771a000 	/System/Library/PrivateFrameworks/CoreServicesStore.framework/Versions/A/CoreServicesStore
0x00000001c2fe2000 	/System/Library/PrivateFrameworks/MobileSystemServices.framework/Versions/A/MobileSystemServices
0x00000001944a6000 	/usr/lib/libxslt.1.dylib
0x0000000192081000 	/System/Library/PrivateFrameworks/BackgroundTaskManagement.framework/Versions/A/BackgroundTaskManagement
0x000000019f405000 	/usr/lib/libcurl.4.dylib
0x000000027dba6000 	/usr/lib/libcrypto.46.dylib
0x000000027e7c3000 	/usr/lib/libssl.48.dylib
0x000000019f0db000 	/System/Library/Frameworks/LDAP.framework/Versions/A/LDAP
0x000000019f117000 	/System/Library/PrivateFrameworks/TrustEvaluationAgent.framework/Versions/A/TrustEvaluationAgent
0x0000000197054000 	/usr/lib/libsasl2.2.dylib
0x00000001acb15000 	/usr/lib/swift/libswiftCoreGraphics.dylib
0x000000019bbd0000 	/usr/lib/swift/libswiftFoundation.dylib
0x00000001e5cee000 	/usr/lib/swift/libswiftSwiftOnoneSupport.dylib
0x000000027eea2000 	/usr/lib/swift/libswiftsys_time.dylib
0x00000001d1341000 	/System/Library/PrivateFrameworks/CoreMaterial.framework/Versions/A/CoreMaterial
0x000000027ebe8000 	/usr/lib/swift/libswiftSpatial.dylib
0x000000027d96a000 	/usr/lib/libSpatial.dylib
0x000000027d2a5000 	/System/Library/SubFrameworks/UIUtilities.framework/Versions/A/UIUtilities
0x0000000105e70000 	/Users/mattias800/Library/Java/JavaVirtualMachines/ms-21.0.10/Contents/Home/lib/server/libjvm.dylib
0x0000000100244000 	/Users/mattias800/Library/Java/JavaVirtualMachines/ms-21.0.10/Contents/Home/lib/libjimage.dylib
0x00000001002d0000 	/Users/mattias800/Library/Java/JavaVirtualMachines/ms-21.0.10/Contents/Home/lib/libjava.dylib
0x0000000100760000 	/Users/mattias800/Library/Java/JavaVirtualMachines/ms-21.0.10/Contents/Home/lib/libnio.dylib
0x00000001059f4000 	/Users/mattias800/Library/Java/JavaVirtualMachines/ms-21.0.10/Contents/Home/lib/libnet.dylib
0x0000000105a14000 	/Users/mattias800/Library/Java/JavaVirtualMachines/ms-21.0.10/Contents/Home/lib/libzip.dylib
0x000000012f4d4000 	/Users/mattias800/.skiko/384a41e7bf8dcab7fe3ef7dfb14a2adf281ce448c1f711cac5e69a7b97ae2f4a/libskiko-macos-arm64.dylib
0x0000000105acc000 	/Users/mattias800/Library/Java/JavaVirtualMachines/ms-21.0.10/Contents/Home/lib/libawt.dylib
0x0000000105b78000 	/Users/mattias800/Library/Java/JavaVirtualMachines/ms-21.0.10/Contents/Home/lib/libmlib_image.dylib
0x000000022a845000 	/System/Library/Frameworks/JavaRuntimeSupport.framework/Versions/A/JavaRuntimeSupport
0x00000001ae629000 	/System/Library/Frameworks/Carbon.framework/Versions/A/Carbon
0x00000001a4941000 	/System/Library/Frameworks/Carbon.framework/Versions/A/Frameworks/CommonPanels.framework/Versions/A/CommonPanels
0x000000019f3f0000 	/System/Library/Frameworks/Carbon.framework/Versions/A/Frameworks/Help.framework/Versions/A/Help
0x00000001a4945000 	/System/Library/Frameworks/Carbon.framework/Versions/A/Frameworks/ImageCapture.framework/Versions/A/ImageCapture
0x00000001a4920000 	/System/Library/Frameworks/Carbon.framework/Versions/A/Frameworks/OpenScripting.framework/Versions/A/OpenScripting
0x00000001a4940000 	/System/Library/Frameworks/Carbon.framework/Versions/A/Frameworks/Ink.framework/Versions/A/Ink
0x00000001a493d000 	/System/Library/Frameworks/Carbon.framework/Versions/A/Frameworks/SecurityHI.framework/Versions/A/SecurityHI
0x000000027d7c8000 	/usr/lib/libInterpreterSecurity.dylib
0x00000001c4c18000 	/System/Library/PrivateFrameworks/XprotectFramework.framework/Versions/A/XprotectFramework
0x00000001a7ee0000 	/System/Library/PrivateFrameworks/yara.framework/Versions/A/yara
0x000000027d745000 	/usr/lib/libEndpointSecuritySystem.dylib
0x0000000105d2c000 	/Users/mattias800/Library/Java/JavaVirtualMachines/ms-21.0.10/Contents/Home/lib/libawt_lwawt.dylib
0x0000000105a74000 	/Users/mattias800/Library/Java/JavaVirtualMachines/ms-21.0.10/Contents/Home/lib/libosxapp.dylib
0x00000001acb7c000 	/System/Library/Frameworks/ExceptionHandling.framework/Versions/A/ExceptionHandling
0x00000001273cc000 	/Users/mattias800/Library/Java/JavaVirtualMachines/ms-21.0.10/Contents/Home/lib/libfontmanager.dylib
0x000000012727c000 	/Users/mattias800/Library/Java/JavaVirtualMachines/ms-21.0.10/Contents/Home/lib/libfreetype.dylib
0x000000018d76c000 	/System/Library/PrivateFrameworks/ViewBridge.framework/Versions/A/ViewBridge
0x0000000227d7c000 	/System/Library/Frameworks/AppIntents.framework/Versions/A/AppIntents
0x000000022df80000 	/System/Library/Frameworks/RelevanceKit.framework/Versions/A/RelevanceKit
0x0000000192c36000 	/System/Library/Frameworks/CoreSpotlight.framework/Versions/A/CoreSpotlight
0x0000000252b52000 	/System/Library/PrivateFrameworks/LinkServices.framework/Versions/A/LinkServices
0x0000000240380000 	/System/Library/PrivateFrameworks/DoNotDisturb.framework/Versions/A/DoNotDisturb
0x00000002529ad000 	/System/Library/PrivateFrameworks/LinkMetadata.framework/Versions/A/LinkMetadata
0x00000001afc63000 	/usr/lib/swift/libswiftIntents.dylib
0x00000001b4ecf000 	/System/Library/PrivateFrameworks/IntentsCore.framework/Versions/A/IntentsCore
0x0000000236523000 	/System/Library/PrivateFrameworks/AvailabilityKit.framework/Versions/A/AvailabilityKit
0x0000000233897000 	/System/Library/PrivateFrameworks/AppIntentSchemas.framework/Versions/A/AppIntentSchemas
0x0000000247cc0000 	/System/Library/PrivateFrameworks/GRDBInternal.framework/Versions/A/GRDBInternal
0x000000026b492000 	/System/Library/PrivateFrameworks/StatusKit.framework/Versions/A/StatusKit
0x000000019c770000 	/System/Library/PrivateFrameworks/GenerationalStorage.framework/Versions/A/GenerationalStorage
0x000000019c598000 	/System/Library/Frameworks/FileProvider.framework/Versions/A/FileProvider
0x00000001891b5000 	/System/Library/PrivateFrameworks/DesktopServicesPriv.framework/Versions/A/DesktopServicesPriv
0x000000018b4eb000 	/System/Library/Frameworks/Accounts.framework/Versions/A/Accounts
0x00000001af6cf000 	/System/Library/PrivateFrameworks/FTServices.framework/Versions/A/FTServices
0x00000001a7b8a000 	/System/Library/PrivateFrameworks/CloudServices.framework/Versions/A/CloudServices
0x000000019ec2a000 	/System/Library/PrivateFrameworks/CoreWiFi.framework/Versions/A/CoreWiFi
0x000000018f471000 	/System/Library/Frameworks/CoreLocation.framework/Versions/A/CoreLocation
0x000000019e5c1000 	/System/Library/Frameworks/Intents.framework/Versions/A/Intents
0x000000023073a000 	/System/Library/Frameworks/_LocationEssentials.framework/Versions/A/_LocationEssentials
0x0000000192be5000 	/System/Library/Frameworks/UserNotifications.framework/Versions/A/UserNotifications
0x000000019887c000 	/System/Library/PrivateFrameworks/Sharing.framework/Versions/A/Sharing
0x00000001983fd000 	/System/Library/PrivateFrameworks/IDSFoundation.framework/Versions/A/IDSFoundation
0x000000019ec29000 	/System/Library/PrivateFrameworks/Apple80211.framework/Versions/A/Apple80211
0x000000019287b000 	/System/Library/PrivateFrameworks/AuthKit.framework/Versions/A/AuthKit
0x0000000191dc8000 	/System/Library/Frameworks/CoreWLAN.framework/Versions/A/CoreWLAN
0x00000001b6384000 	/usr/lib/swift/libswiftCoreLocation.dylib
0x0000000196c45000 	/System/Library/PrivateFrameworks/IMFoundation.framework/Versions/A/IMFoundation
0x00000001a7edf000 	/System/Library/PrivateFrameworks/Marco.framework/Versions/A/Marco
0x000000018b575000 	/System/Library/PrivateFrameworks/CommonUtilities.framework/Versions/A/CommonUtilities
0x00000001a4908000 	/System/Library/PrivateFrameworks/Engram.framework/Versions/A/Engram
0x000000027eb47000 	/usr/lib/swift/libswiftRegexBuilder.dylib
0x00000001a48a6000 	/usr/lib/libtidy.A.dylib
0x0000000194de4000 	/System/Library/PrivateFrameworks/Bom.framework/Versions/A/Bom
0x0000000197075000 	/usr/lib/libParallelCompression.dylib
0x00000001dd266000 	/System/Library/PrivateFrameworks/WiFiPeerToPeer.framework/Versions/A/WiFiPeerToPeer
0x000000027e2d8000 	/usr/lib/libmrc.dylib
0x000000024ddfa000 	/System/Library/PrivateFrameworks/IPConfiguration.framework/Versions/A/IPConfiguration
0x00000001d1303000 	/System/Library/PrivateFrameworks/Netrb.framework/Versions/A/Netrb
0x0000000197067000 	/System/Library/PrivateFrameworks/MultiverseSupport.framework/Versions/A/MultiverseSupport
0x000000019c473000 	/System/Library/PrivateFrameworks/DiskManagement.framework/Versions/A/DiskManagement
0x000000019c37f000 	/System/Library/PrivateFrameworks/AppleIDAuthSupport.framework/Versions/A/AppleIDAuthSupport
0x000000023101a000 	/System/Library/PrivateFrameworks/AAAFoundation.framework/Versions/A/AAAFoundation
0x0000000197575000 	/System/Library/PrivateFrameworks/KeychainCircle.framework/Versions/A/KeychainCircle
0x00000001a8a86000 	/System/Library/PrivateFrameworks/URLFormatting.framework/Versions/A/URLFormatting
0x000000019f3f9000 	/usr/lib/libcsfde.dylib
0x000000019478f000 	/usr/lib/libCoreStorage.dylib
0x0000000198d48000 	/System/Library/PrivateFrameworks/ProtectedCloudStorage.framework/Versions/A/ProtectedCloudStorage
0x000000019f3f4000 	/System/Library/PrivateFrameworks/EFILogin.framework/Versions/A/EFILogin
0x000000019c797000 	/System/Library/PrivateFrameworks/OctagonTrust.framework/Versions/A/OctagonTrust
0x000000019900f000 	/System/Library/PrivateFrameworks/GeoServices.framework/Versions/A/GeoServices
0x0000000196cbe000 	/System/Library/PrivateFrameworks/LocationSupport.framework/Versions/A/LocationSupport
0x000000024ade5000 	/System/Library/PrivateFrameworks/GeoServicesCore.framework/Versions/A/GeoServicesCore
0x00000001a8a84000 	/System/Library/PrivateFrameworks/PhoneNumbers.framework/Versions/A/PhoneNumbers
0x0000000252f30000 	/System/Library/PrivateFrameworks/LocationLogEncryption.framework/Versions/A/LocationLogEncryption
0x000000019821e000 	/System/Library/PrivateFrameworks/IDS.framework/Versions/A/IDS
0x00000001d7f27000 	/System/Library/Frameworks/CryptoKit.framework/Versions/A/CryptoKit
0x000000019fd56000 	/System/Library/PrivateFrameworks/CryptoKitCBridging.framework/Versions/A/CryptoKitCBridging
0x000000019d37c000 	/System/Library/Frameworks/CryptoTokenKit.framework/Versions/A/CryptoTokenKit
0x00000001be21b000 	/System/Library/PrivateFrameworks/FTAWD.framework/Versions/A/FTAWD
0x0000000187857000 	/usr/lib/libsandbox.1.dylib
0x0000000194787000 	/usr/lib/libMatch.1.dylib
0x000000019fe19000 	/System/Library/PrivateFrameworks/IntentsFoundation.framework/Versions/A/IntentsFoundation
0x0000000230644000 	/System/Library/Frameworks/_AppIntents_AppKit.framework/Versions/A/_AppIntents_AppKit
0x0000000105ce4000 	/usr/lib/libobjc-trampolines.dylib
0x00000001b9912000 	/System/Library/CoreServices/RawCamera.bundle/Contents/MacOS/RawCamera
0x0000000195b80000 	/System/Library/Frameworks/MediaToolbox.framework/Versions/A/MediaToolbox
0x000000019c569000 	/System/Library/PrivateFrameworks/CoreAVCHD.framework/Versions/A/CoreAVCHD
0x000000019c565000 	/System/Library/PrivateFrameworks/Mangrove.framework/Versions/A/Mangrove
0x0000000237c88000 	/System/Library/PrivateFrameworks/CMPhoto.framework/Versions/A/CMPhoto
0x000000019cd4a000 	/System/Library/Frameworks/CoreTelephony.framework/Versions/A/CoreTelephony
0x000000019c558000 	/System/Library/PrivateFrameworks/CoreAUC.framework/Versions/A/CoreAUC
0x0000000234fc1000 	/System/Library/PrivateFrameworks/AppleJPEGXL.framework/Versions/A/AppleJPEGXL
0x00000001975c7000 	/usr/lib/libTelephonyUtilDynamic.dylib
0x00000001b6369000 	/System/Library/Frameworks/Accelerate.framework/Versions/A/Frameworks/vImage.framework/Versions/A/Libraries/libCGInterfaces.dylib
0x000000027d38b000 	/usr/lib/libAccessibilityBaseImplementations.dylib
0x000000027776c000 	/System/Library/PrivateFrameworks/WritingToolsUI.framework/Versions/A/WritingToolsUI
0x000000024a7cb000 	/System/Library/PrivateFrameworks/GenerativeAssistantSettings.framework/Versions/A/GenerativeAssistantSettings
0x000000026d206000 	/System/Library/PrivateFrameworks/TextComposer.framework/Versions/A/TextComposer
0x000000024a7a2000 	/System/Library/PrivateFrameworks/GenerativeAssistantCommon.framework/Versions/A/GenerativeAssistantCommon
0x00000001b7405000 	/System/Library/Frameworks/SwiftUI.framework/Versions/A/SwiftUI
0x0000000230683000 	/System/Library/Frameworks/_AuthenticationServices_SwiftUI.framework/Versions/A/_AuthenticationServices_SwiftUI
0x00000002335cc000 	/System/Library/PrivateFrameworks/Anvil.framework/Versions/A/Anvil
0x00000001b69b3000 	/System/Library/PrivateFrameworks/AppStoreDaemon.framework/Versions/A/AppStoreDaemon
0x00000001a23be000 	/System/Library/PrivateFrameworks/AppleMediaServices.framework/Versions/A/AppleMediaServices
0x000000024ac70000 	/System/Library/PrivateFrameworks/GenerativePartnerServiceUI.framework/Versions/A/GenerativePartnerServiceUI
0x00000001e525f000 	/System/Library/PrivateFrameworks/JetEngine.framework/Versions/A/JetEngine
0x000000026d0e3000 	/System/Library/PrivateFrameworks/TextAnimationSupport.framework/Versions/A/TextAnimationSupport
0x000000026039a000 	/System/Library/PrivateFrameworks/RecapPerformanceTesting.framework/Versions/A/RecapPerformanceTesting
0x00000001b0534000 	/System/Library/PrivateFrameworks/SignpostCollection.framework/Versions/A/SignpostCollection
0x00000002363db000 	/System/Library/PrivateFrameworks/AuthenticationServicesCore.framework/Versions/A/AuthenticationServicesCore
0x00000001b9d91000 	/System/Library/Frameworks/AuthenticationServices.framework/Versions/A/AuthenticationServices
0x0000000194721000 	/System/Library/PrivateFrameworks/SharedWebCredentials.framework/Versions/A/SharedWebCredentials
0x00000001b13d2000 	/System/Library/PrivateFrameworks/SafariCore.framework/Versions/A/SafariCore
0x00000001b98bc000 	/System/Library/PrivateFrameworks/SafariFoundation.framework/Versions/A/SafariFoundation
0x000000019be90000 	/System/Library/Frameworks/Contacts.framework/Versions/A/Contacts
0x0000000237623000 	/System/Library/PrivateFrameworks/CBORLibrary.framework/Versions/A/CBORLibrary
0x000000023860a000 	/System/Library/PrivateFrameworks/Chirp.framework/Versions/A/Chirp
0x0000000239207000 	/System/Library/PrivateFrameworks/CloudSubscriptionFeatures.framework/Versions/A/CloudSubscriptionFeatures
0x000000019bbd1000 	/System/Library/PrivateFrameworks/ContactsFoundation.framework/Versions/A/ContactsFoundation
0x00000001e6661000 	/System/Library/PrivateFrameworks/RemoteManagement.framework/Versions/A/RemoteManagement
0x0000000260728000 	/System/Library/PrivateFrameworks/RemoteManagementModel.framework/Versions/A/RemoteManagementModel
0x00000002607b9000 	/System/Library/PrivateFrameworks/RemoteManagementStore.framework/Versions/A/RemoteManagementStore
0x0000000198e57000 	/usr/lib/libxcselect.dylib
0x00000001b982b000 	/System/Library/PrivateFrameworks/DifferentialPrivacy.framework/Versions/A/DifferentialPrivacy
0x0000000255289000 	/System/Library/PrivateFrameworks/ManagedSettingsObjC.framework/Versions/A/ManagedSettingsObjC
0x0000000252f35000 	/System/Library/PrivateFrameworks/LockdownMode.framework/Versions/A/LockdownMode
0x00000002720c7000 	/System/Library/PrivateFrameworks/VDAF.framework/Versions/A/VDAF
0x000000019bca9000 	/System/Library/PrivateFrameworks/ContactsPersistence.framework/Versions/A/ContactsPersistence
0x000000019ae07000 	/System/Library/PrivateFrameworks/AppleLDAP.framework/Versions/A/AppleLDAP
0x000000019f7ab000 	/System/Library/Frameworks/ClassKit.framework/Versions/A/ClassKit
0x00000001a1a51000 	/System/Library/PrivateFrameworks/CoreSuggestions.framework/Versions/A/CoreSuggestions
0x000000019d32a000 	/System/Library/PrivateFrameworks/vCard.framework/Versions/A/vCard
0x0000000239e90000 	/System/Library/PrivateFrameworks/ContactsMetrics.framework/Versions/A/ContactsMetrics
0x0000000194b9d000 	/System/Library/PrivateFrameworks/login.framework/Versions/A/login
0x0000000255283000 	/System/Library/PrivateFrameworks/ManagedOrganizationContacts.framework/Versions/A/ManagedOrganizationContacts
0x000000018df50000 	/System/Library/PrivateFrameworks/CloudDocs.framework/Versions/A/CloudDocs
0x00000001a8446000 	/System/Library/PrivateFrameworks/ProactiveEventTracker.framework/Versions/A/ProactiveEventTracker
0x0000000197117000 	/System/Library/PrivateFrameworks/CoreFollowUp.framework/Versions/A/CoreFollowUp
0x00000001a0f70000 	/System/Library/PrivateFrameworks/ConfigurationProfiles.framework/Versions/A/ConfigurationProfiles
0x000000023f4eb000 	/System/Library/PrivateFrameworks/DMCUtilities.framework/Versions/A/DMCUtilities
0x0000000252fb6000 	/System/Library/PrivateFrameworks/MDMClientLibrary.framework/Versions/A/MDMClientLibrary
0x00000002607ad000 	/System/Library/PrivateFrameworks/RemoteManagementProtocol.framework/Versions/A/RemoteManagementProtocol
0x000000019b4ec000 	/System/Library/PrivateFrameworks/SystemAdministration.framework/Versions/A/SystemAdministration
0x00000001a63d8000 	/System/Library/PrivateFrameworks/PowerlogControl.framework/Versions/A/PowerlogControl
0x00000001a63da000 	/usr/lib/libUniversalAccess.dylib
0x00000001a2e3e000 	/System/Library/PrivateFrameworks/FamilyControls.framework/Versions/A/FamilyControls
0x000000019addc000 	/System/Library/Frameworks/DirectoryService.framework/Versions/A/DirectoryService
0x000000019f487000 	/System/Library/PrivateFrameworks/LoginUIKit.framework/Versions/A/Frameworks/LoginUICore.framework/Versions/A/LoginUICore
0x0000000194de2000 	/usr/lib/libodfde.dylib
0x00000001a2e38000 	/System/Library/PrivateFrameworks/UniversalAccess.framework/Versions/A/Libraries/libUAPreferences.dylib
0x00000001a2e62000 	/System/Library/PrivateFrameworks/CommerceKit.framework/Versions/A/Frameworks/CommerceCore.framework/Versions/A/CommerceCore
0x000000023f457000 	/System/Library/PrivateFrameworks/DEPClientLibrary.framework/Versions/A/DEPClientLibrary
0x000000023f480000 	/System/Library/PrivateFrameworks/DMCEnrollmentLibrary.framework/Versions/A/DMCEnrollmentLibrary
0x00000001a64bc000 	/System/Library/PrivateFrameworks/SetupAssistantFramework.framework/Versions/A/SetupAssistantFramework
0x000000019fb92000 	/System/Library/PrivateFrameworks/AuthKitUI.framework/Versions/A/AuthKitUI
0x000000019f4d1000 	/System/Library/PrivateFrameworks/AppSSO.framework/Versions/A/AppSSO
0x00000001b670f000 	/System/Library/PrivateFrameworks/LocalAuthenticationUI.framework/Versions/A/LocalAuthenticationUI
0x000000025e45d000 	/System/Library/PrivateFrameworks/PlatformSSO.framework/Versions/A/PlatformSSO
0x000000025e54a000 	/System/Library/PrivateFrameworks/PlatformSSOCore.framework/Versions/A/PlatformSSOCore
0x000000022a8d4000 	/System/Library/Frameworks/LocalAuthenticationEmbeddedUI.framework/Versions/A/LocalAuthenticationEmbeddedUI
0x00000001b71ca000 	/System/Library/PrivateFrameworks/AOSUI.framework/Versions/A/AOSUI
0x00000001a820e000 	/System/Library/Frameworks/ContactsUI.framework/Versions/A/ContactsUI
0x000000019c11f000 	/System/Library/PrivateFrameworks/FamilyCircle.framework/Versions/A/FamilyCircle
0x00000001c5001000 	/System/Library/Frameworks/LinkPresentation.framework/Versions/A/LinkPresentation
0x00000001a7dc6000 	/System/Library/PrivateFrameworks/IASUtilities.framework/Versions/A/IASUtilities
0x000000024dcc3000 	/System/Library/PrivateFrameworks/IASUtilitiesCore.framework/Versions/A/IASUtilitiesCore
0x00000001b0544000 	/System/Library/PrivateFrameworks/OnBoardingKit.framework/Versions/A/OnBoardingKit
0x0000000260823000 	/System/Library/PrivateFrameworks/RemoteUI.framework/Versions/A/RemoteUI
0x00000001acbf5000 	/System/Library/Frameworks/WebKit.framework/Versions/A/WebKit
0x00000001a4948000 	/System/Library/Frameworks/JavaScriptCore.framework/Versions/A/JavaScriptCore
0x0000000252344000 	/System/Library/PrivateFrameworks/LiftUI.framework/Versions/A/LiftUI
0x0000000262e60000 	/System/Library/PrivateFrameworks/Settings.framework/Versions/A/Settings
0x0000000277d79000 	/System/Library/PrivateFrameworks/_IconServices_SwiftUI.framework/Versions/A/_IconServices_SwiftUI
0x00000002287f0000 	/System/Library/Frameworks/BrowserEngineCore.framework/Versions/A/BrowserEngineCore
0x00000001a1d51000 	/System/Library/Frameworks/WebKit.framework/Versions/A/Frameworks/WebKitLegacy.framework/Versions/A/WebKitLegacy
0x000000019fb3a000 	/System/Library/PrivateFrameworks/CorePrediction.framework/Versions/A/CorePrediction
0x000000018e85b000 	/System/Library/Frameworks/WebKit.framework/Versions/A/Frameworks/WebCore.framework/Versions/A/Frameworks/libwebrtc.dylib
0x00000001acb7f000 	/System/Library/PrivateFrameworks/SafariSafeBrowsing.framework/Versions/A/SafariSafeBrowsing
0x00000001970dd000 	/System/Library/Frameworks/SecurityInterface.framework/Versions/A/SecurityInterface
0x00000001b0543000 	/System/Library/PrivateFrameworks/WebInspectorUI.framework/Versions/A/WebInspectorUI
0x00000001a8bcb000 	/System/Library/Frameworks/WebKit.framework/Versions/A/Frameworks/WebCore.framework/Versions/A/WebCore
0x0000000230201000 	/System/Library/Frameworks/WebKit.framework/Versions/A/Frameworks/WebCore.framework/Versions/A/Frameworks/libANGLE-shared.dylib
0x0000000276015000 	/System/Library/PrivateFrameworks/WebGPU.framework/Versions/A/WebGPU
0x00000001b241d000 	/System/Library/Frameworks/SceneKit.framework/Versions/A/SceneKit
0x00000001c383b000 	/System/Library/Frameworks/ModelIO.framework/Versions/A/ModelIO
0x0000000198e39000 	/System/Library/Frameworks/MetalKit.framework/Versions/A/MetalKit
0x000000019b10d000 	/System/Library/Frameworks/GLKit.framework/Versions/A/GLKit
0x000000027f17b000 	/usr/lib/usd/libusd_ms.dylib
0x00000002714ac000 	/System/Library/PrivateFrameworks/USDLib_FormatLoaderProxy.framework/Versions/A/USDLib_FormatLoaderProxy
0x000000027ee9d000 	/usr/lib/swift/libswift_errno.dylib
0x00000001af6b0000 	/System/Library/PrivateFrameworks/CoreOptimization.framework/Versions/A/CoreOptimization
0x000000022961c000 	/System/Library/Frameworks/ExtensionKit.framework/Versions/A/ExtensionKit
0x0000000239146000 	/System/Library/PrivateFrameworks/CloudSettings.framework/Versions/A/CloudSettings
0x0000000229660000 	/System/Library/Frameworks/FSKit.framework/Versions/A/FSKit
0x0000000252ce1000 	/System/Library/PrivateFrameworks/LiveFS.framework/Versions/A/LiveFS
0x00000001a1b22000 	/System/Library/Frameworks/EventKit.framework/Versions/A/EventKit
0x00000001b0758000 	/System/Library/PrivateFrameworks/SearchFoundation.framework/Versions/A/SearchFoundation
0x00000001c70bb000 	/System/Library/PrivateFrameworks/Email.framework/Versions/A/Email
0x00000001af2b2000 	/System/Library/PrivateFrameworks/CoreRoutine.framework/Versions/A/CoreRoutine
0x00000001e5fcf000 	/System/Library/PrivateFrameworks/VoiceShortcutClient.framework/Versions/A/VoiceShortcutClient
0x00000001bedaa000 	/System/Library/PrivateFrameworks/Categories.framework/Versions/A/Categories
0x00000001b7079000 	/System/Library/PrivateFrameworks/ChronoServices.framework/Versions/A/ChronoServices
0x00000002380c8000 	/System/Library/PrivateFrameworks/CalendarDatabase.framework/Versions/A/CalendarDatabase
0x0000000238012000 	/System/Library/PrivateFrameworks/CalendarDaemon.framework/Versions/A/CalendarDaemon
0x00000001a0e94000 	/System/Library/PrivateFrameworks/CalendarFoundation.framework/Versions/A/CalendarFoundation
0x00000001a0e50000 	/System/Library/PrivateFrameworks/iCalendar.framework/Versions/A/iCalendar
0x000000023f6ea000 	/System/Library/PrivateFrameworks/DataAccessExpress.framework/Versions/A/DataAccessExpress
0x00000001a8370000 	/System/Library/PrivateFrameworks/ContactsAutocomplete.framework/Versions/A/ContactsAutocomplete
0x000000027ec87000 	/usr/lib/swift/libswiftVideoToolbox.dylib
0x00000001b6fc6000 	/System/Library/PrivateFrameworks/FTClientServices.framework/Versions/A/FTClientServices
0x000000025a8a1000 	/System/Library/PrivateFrameworks/OSEligibility.framework/Versions/A/OSEligibility
0x000000026ba6d000 	/System/Library/PrivateFrameworks/StorageContainersPrivate.framework/Versions/A/StorageContainersPrivate
0x000000027eaf8000 	/usr/lib/swift/libswiftCoreMediaIO.dylib
0x00000001a7c50000 	/System/Library/PrivateFrameworks/CoreDAV.framework/Versions/A/CoreDAV
0x00000001a19f2000 	/System/Library/PrivateFrameworks/CalDAV.framework/Versions/A/CalDAV
0x00000001ac87c000 	/System/Library/PrivateFrameworks/TelephonyUtilities.framework/Versions/A/TelephonyUtilities
0x000000022a891000 	/System/Library/Frameworks/LiveCommunicationKit.framework/Versions/A/LiveCommunicationKit
0x0000000239a43000 	/System/Library/PrivateFrameworks/CommunicationTrust.framework/Versions/A/CommunicationTrust
0x00000001b11e4000 	/System/Library/Frameworks/CallKit.framework/Versions/A/CallKit
0x000000019c117000 	/System/Library/PrivateFrameworks/CommunicationsFilter.framework/Versions/A/CommunicationsFilter
0x00000001db28c000 	/System/Library/PrivateFrameworks/IMTransferServices.framework/Versions/A/IMTransferServices
0x00000001af6c9000 	/System/Library/PrivateFrameworks/IncomingCallFilter.framework/Versions/A/IncomingCallFilter
0x0000000258ff2000 	/System/Library/PrivateFrameworks/NeighborhoodActivityConduit.framework/Versions/A/NeighborhoodActivityConduit
0x00000001b3725000 	/System/Library/PrivateFrameworks/CallHistory.framework/Versions/A/CallHistory
0x000000027d5b8000 	/usr/lib/libBASupport.dylib
0x00000002384e0000 	/System/Library/PrivateFrameworks/CallsUtilities.framework/Versions/A/CallsUtilities
0x00000002384eb000 	/System/Library/PrivateFrameworks/CallsXPC.framework/Versions/A/CallsXPC
0x00000001e67c2000 	/usr/lib/swift/libswiftCallKit.dylib
0x00000002384d3000 	/System/Library/PrivateFrameworks/CallsPersistence.framework/Versions/A/CallsPersistence
0x000000022e257000 	/System/Library/Frameworks/SensitiveContentAnalysis.framework/Versions/A/SensitiveContentAnalysis
0x00000001b475b000 	/System/Library/PrivateFrameworks/PeopleSuggester.framework/Versions/A/PeopleSuggester
0x00000001bdbb3000 	/System/Library/PrivateFrameworks/SpotlightReceiver.framework/Versions/A/SpotlightReceiver
0x0000000277d40000 	/System/Library/PrivateFrameworks/_AppIntentsServices_AppIntents.framework/Versions/A/_AppIntentsServices_AppIntents
0x0000000233900000 	/System/Library/PrivateFrameworks/AppIntentsServices.framework/Versions/A/AppIntentsServices
0x00000001a0e38000 	/System/Library/PrivateFrameworks/CoreRecents.framework/Versions/A/CoreRecents
0x0000000229d66000 	/System/Library/Frameworks/GeoToolbox.framework/Versions/A/GeoToolbox
0x0000000230706000 	/System/Library/Frameworks/_GeoToolbox_AppIntents.framework/Versions/A/_GeoToolbox_AppIntents
0x00000001d0d36000 	/System/Library/PrivateFrameworks/DiagnosticRequest.framework/Versions/A/DiagnosticRequest
0x0000000277c84000 	/System/Library/PrivateFrameworks/XPCDistributed.framework/Versions/A/XPCDistributed
0x0000000260430000 	/System/Library/PrivateFrameworks/RegulatoryDomain.framework/Versions/A/RegulatoryDomain
0x000000019b1e5000 	/usr/lib/libCTGreenTeaLogger.dylib
0x0000000252f07000 	/System/Library/PrivateFrameworks/LocalStatusKit.framework/Versions/A/LocalStatusKit
0x00000001ac768000 	/System/Library/PrivateFrameworks/CoreParsec.framework/Versions/A/CoreParsec
0x00000001c70af000 	/System/Library/PrivateFrameworks/EmailAddressing.framework/Versions/A/EmailAddressing
0x00000001c30aa000 	/System/Library/PrivateFrameworks/EmailCore.framework/Versions/A/EmailCore
0x00000001c40d8000 	/System/Library/PrivateFrameworks/EmailFoundation.framework/Versions/A/EmailFoundation
0x000000025bfe6000 	/System/Library/PrivateFrameworks/PegasusAPI.framework/Versions/A/PegasusAPI
0x000000025cb37000 	/System/Library/PrivateFrameworks/PegasusConfiguration.framework/Versions/A/PegasusConfiguration
0x000000026fd1a000 	/System/Library/PrivateFrameworks/ToolKit.framework/Versions/A/ToolKit
0x0000000260bb8000 	/System/Library/PrivateFrameworks/ReplicatorEngine.framework/Versions/A/ReplicatorEngine
0x0000000260d5a000 	/System/Library/PrivateFrameworks/ReplicatorServices.framework/Versions/A/ReplicatorServices
0x000000026c9d7000 	/System/Library/PrivateFrameworks/SystemWake.framework/Versions/A/SystemWake
0x00000001b13b8000 	/System/Library/PrivateFrameworks/ContextKit.framework/Versions/A/ContextKit
0x0000000239fdc000 	/System/Library/PrivateFrameworks/ContextKitCore.framework/Versions/A/ContextKitCore
0x00000001af94f000 	/System/Library/Frameworks/LocalAuthentication.framework/Support/DaemonUtils.framework/Versions/A/DaemonUtils
0x0000000252e9c000 	/System/Library/PrivateFrameworks/LocalAuthenticationCoreUI.framework/Versions/A/LocalAuthenticationCoreUI
0x00000001b2d70000 	/System/Library/PrivateFrameworks/BridgeXPC.framework/Versions/A/BridgeXPC
0x00000001b0620000 	/System/Library/PrivateFrameworks/CoreKDL.framework/Versions/A/CoreKDL
0x00000001aec52000 	/System/Library/PrivateFrameworks/EmbeddedOSSupportHost.framework/Versions/A/EmbeddedOSSupportHost
0x00000001a3920000 	/System/Library/PrivateFrameworks/LoginUIKit.framework/Versions/A/LoginUIKit
0x00000001bf2a5000 	/System/Library/PrivateFrameworks/StorageKit.framework/Versions/A/StorageKit
0x00000001e7fd3000 	/System/Library/Frameworks/DeviceCheck.framework/Versions/A/DeviceCheck
0x00000001bf31e000 	/System/Library/PrivateFrameworks/CoreWLANKit.framework/Versions/A/CoreWLANKit
0x000000027539d000 	/System/Library/PrivateFrameworks/Wallpaper.framework/Versions/A/Wallpaper
0x000000027eb13000 	/usr/lib/swift/libswiftGLKit.dylib
0x000000027eb1e000 	/usr/lib/swift/libswiftMetalKit.dylib
0x000000027eb22000 	/usr/lib/swift/libswiftModelIO.dylib
0x000000027ebe5000 	/usr/lib/swift/libswiftSceneKit.dylib
0x0000000240050000 	/System/Library/PrivateFrameworks/DiskImages2.framework/Versions/A/DiskImages2
0x00000001c7fea000 	/System/Library/PrivateFrameworks/DynamicDesktop.framework/Versions/A/DynamicDesktop
0x000000027552c000 	/System/Library/PrivateFrameworks/WallpaperFoundation.framework/Versions/A/WallpaperFoundation
0x0000000275589000 	/System/Library/PrivateFrameworks/WallpaperTypes.framework/Versions/A/WallpaperTypes
0x00000001dcfe9000 	/System/Library/PrivateFrameworks/SystemDesktopAppearance.framework/Versions/A/SystemDesktopAppearance
0x000000027ae1f000 	/System/Library/PrivateFrameworks/icloudMCCKit.framework/Versions/A/icloudMCCKit
0x0000000234858000 	/System/Library/PrivateFrameworks/AppleAccountUI.framework/Versions/A/AppleAccountUI
0x00000001d130d000 	/System/Library/PrivateFrameworks/PreferencePanesSupport.framework/Versions/A/PreferencePanesSupport
0x00000001b737c000 	/System/Library/PrivateFrameworks/FindMyDeviceUI.framework/Versions/A/FindMyDeviceUI
0x0000000278a66000 	/System/Library/PrivateFrameworks/iCloudQuotaUI.framework/Versions/A/iCloudQuotaUI
0x00000001d14c1000 	/System/Library/PrivateFrameworks/CoreCDPUI.framework/Versions/A/CoreCDPUI
0x00000001b1113000 	/System/Library/PrivateFrameworks/CoreFollowUpUI.framework/Versions/A/CoreFollowUpUI
0x00000001bde32000 	/System/Library/PrivateFrameworks/IMCore.framework/Versions/A/IMCore
0x00000001a6441000 	/System/Library/PrivateFrameworks/CoreCDP.framework/Versions/A/CoreCDP
0x00000001a23a9000 	/System/Library/PrivateFrameworks/AskPermission.framework/Versions/A/AskPermission
0x00000001b4e40000 	/System/Library/Frameworks/Quartz.framework/Versions/A/Quartz
0x00000001c187f000 	/System/Library/PrivateFrameworks/CloudPhotoServicesConfiguration.framework/Versions/A/CloudPhotoServicesConfiguration
0x00000001b354a000 	/System/Library/PrivateFrameworks/CommerceKit.framework/Versions/A/CommerceKit
0x00000001c317a000 	/System/Library/PrivateFrameworks/FindMyMac.framework/Versions/A/FindMyMac
0x00000001c304d000 	/System/Library/Frameworks/PreferencePanes.framework/Versions/A/PreferencePanes
0x00000001b67fa000 	/System/Library/Frameworks/AddressBook.framework/Versions/A/AddressBook
0x00000001a1291000 	/System/Library/PrivateFrameworks/AOSAccounts.framework/Versions/A/AOSAccounts
0x000000019b4e6000 	/System/Library/PrivateFrameworks/AppleSRP.framework/Versions/A/AppleSRP
0x00000001af865000 	/System/Library/Frameworks/SafariServices.framework/Versions/A/SafariServices
0x000000019fd6a000 	/System/Library/PrivateFrameworks/NetFSServer.framework/Versions/A/NetFSServer
0x00000001b22f7000 	/System/Library/Frameworks/PDFKit.framework/Versions/A/PDFKit
0x000000022f7f9000 	/System/Library/Frameworks/TabularData.framework/Versions/A/TabularData
0x000000027eb39000 	/usr/lib/swift/libswiftPassKit.dylib
0x00000001d5464000 	/System/Library/Frameworks/PassKit.framework/Versions/A/PassKit
0x00000001a3a2a000 	/System/Library/PrivateFrameworks/PassKitCore.framework/Versions/A/PassKitCore
0x000000025b904000 	/System/Library/PrivateFrameworks/PassKitMacHelperTemp.framework/Versions/A/PassKitMacHelperTemp
0x000000027d508000 	/usr/lib/libAppleSSE.dylib
0x00000001af99b000 	/System/Library/PrivateFrameworks/BiometricKit.framework/Versions/A/BiometricKit
0x000000026135e000 	/System/Library/PrivateFrameworks/SEService.framework/Versions/A/SEService
0x0000000229725000 	/System/Library/Frameworks/FinanceKit.framework/Versions/A/FinanceKit
0x00000001b4eef000 	/System/Library/PrivateFrameworks/NearField.framework/Versions/A/NearField
0x000000027d907000 	/usr/lib/libSESShared.dylib
0x00000002615c6000 	/System/Library/PrivateFrameworks/STSXPCHelperClient.framework/Versions/A/STSXPCHelperClient
0x00000001b6c06000 	/usr/lib/libnfshared.dylib
0x000000026c75f000 	/System/Library/PrivateFrameworks/Symptoms.framework/Versions/A/Frameworks/SymptomPresentationFeed.framework/Versions/A/SymptomPresentationFeed
0x000000023523d000 	/System/Library/PrivateFrameworks/AppleMediaServicesKitInternal.framework/Versions/A/AppleMediaServicesKitInternal
0x0000000235ee1000 	/System/Library/PrivateFrameworks/AsyncAlgorithmsInternal.framework/Versions/A/AsyncAlgorithmsInternal
0x000000026c4a1000 	/System/Library/PrivateFrameworks/SymptomShared.framework/Versions/A/SymptomShared
0x00000001d8194000 	/System/Library/PrivateFrameworks/PassKitUIFoundation.framework/Versions/A/PassKitUIFoundation
0x000000019ae19000 	/System/Library/Frameworks/MapKit.framework/Versions/A/MapKit
0x000000024ad1b000 	/System/Library/PrivateFrameworks/GeoAnalytics.framework/Versions/A/GeoAnalytics
0x00000001b6c34000 	/System/Library/PrivateFrameworks/Navigation.framework/Versions/A/Navigation
0x00000001c08c7000 	/System/Library/PrivateFrameworks/VectorKit.framework/Versions/A/VectorKit
0x00000001a7e91000 	/System/Library/PrivateFrameworks/VirtualGarage.framework/Versions/A/VirtualGarage
0x00000001b6e13000 	/System/Library/Frameworks/ExternalAccessory.framework/ExternalAccessory
0x00000001b6e2e000 	/System/Library/PrivateFrameworks/IAP.framework/Versions/A/IAP
0x000000019b0d5000 	/System/Library/PrivateFrameworks/IOPlatformPluginFamily.framework/Versions/A/IOPlatformPluginFamily
0x0000000236526000 	/System/Library/PrivateFrameworks/AvatarKit.framework/Versions/A/AvatarKit
0x00000002365e5000 	/System/Library/PrivateFrameworks/AvatarPersistence.framework/Versions/A/AvatarPersistence
0x000000022fb80000 	/System/Library/Frameworks/TipKit.framework/Versions/A/TipKit
0x00000001a352e000 	/System/Library/PrivateFrameworks/IMSharedUtilities.framework/Versions/A/IMSharedUtilities
0x000000027ead8000 	/usr/lib/swift/libswiftAppleArchive.dylib
0x00000002721c7000 	/System/Library/PrivateFrameworks/VFX.framework/Versions/A/VFX
0x00000001d306a000 	/System/Library/PrivateFrameworks/AppleCVA.framework/Versions/A/AppleCVA
0x00000002365e4000 	/System/Library/PrivateFrameworks/AvatarKitContent.framework/Versions/A/AvatarKitContent
0x000000022b63a000 	/System/Library/Frameworks/MetalFX.framework/Versions/A/MetalFX
0x0000000239b58000 	/System/Library/PrivateFrameworks/CompositorNonUI.framework/Versions/A/CompositorNonUI
0x0000000227aab000 	/System/Library/Frameworks/ARKit.framework/Versions/A/ARKit
0x0000000232271000 	/System/Library/PrivateFrameworks/ARKitCore.framework/Versions/A/ARKitCore
0x000000027d602000 	/usr/lib/libDisplayWarpSupport.dylib
0x000000023b2a6000 	/System/Library/PrivateFrameworks/CoreComposite.framework/Versions/A/CoreComposite
0x000000027da3b000 	/usr/lib/libchannel.dylib
0x000000027e735000 	/usr/lib/librealtime_safety.dylib
0x00000002322fe000 	/System/Library/PrivateFrameworks/ARKitFoundation.framework/Versions/A/ARKitFoundation
0x00000002348f6000 	/System/Library/PrivateFrameworks/AppleDepth.framework/Versions/A/AppleDepth
0x0000000234a6c000 	/System/Library/PrivateFrameworks/AppleDepthCore.framework/Versions/A/AppleDepthCore
0x000000019b20e000 	/System/Library/PrivateFrameworks/CoreAppleCVA.framework/Versions/A/CoreAppleCVA
0x00000001a7fbf000 	/System/Library/PrivateFrameworks/ContactsUICore.framework/Versions/A/ContactsUICore
0x00000001af7d1000 	/System/Library/PrivateFrameworks/ContactsDonation.framework/Versions/A/ContactsDonation
0x00000001af088000 	/System/Library/PrivateFrameworks/DataDetectors.framework/Versions/A/DataDetectors
0x00000001a19de000 	/System/Library/Frameworks/MediaLibrary.framework/Versions/A/MediaLibrary
0x000000019c106000 	/System/Library/PrivateFrameworks/PersonaKit.framework/Versions/A/PersonaKit
0x00000001a7fad000 	/System/Library/PrivateFrameworks/PersonaUI.framework/Versions/A/PersonaUI
0x00000001c2a6f000 	/System/Library/PrivateFrameworks/Transparency.framework/Versions/A/Transparency
0x0000000241aa4000 	/System/Library/PrivateFrameworks/FindMyLocate.framework/Versions/A/FindMyLocate
0x00000001b1092000 	/System/Library/PrivateFrameworks/IntlPreferences.framework/Versions/A/IntlPreferences
0x000000024197d000 	/System/Library/PrivateFrameworks/FindMyCommon.framework/Versions/A/FindMyCommon
0x000000024176d000 	/System/Library/PrivateFrameworks/FindMyBase.framework/Versions/A/FindMyBase
0x000000022ced7000 	/System/Library/Frameworks/NearbyInteraction.framework/Versions/A/NearbyInteraction
0x000000019bd27000 	/System/Library/PrivateFrameworks/AddressBookCore.framework/Versions/A/AddressBookCore
0x00000001b6991000 	/System/Library/PrivateFrameworks/ToneKit.framework/Versions/A/ToneKit
0x00000001b10d9000 	/System/Library/PrivateFrameworks/ToneLibrary.framework/Versions/A/ToneLibrary
0x0000000239e5d000 	/System/Library/PrivateFrameworks/ContactsAccounts.framework/Versions/A/ContactsAccounts
0x00000001b4d5b000 	/System/Library/PrivateFrameworks/Lookup.framework/Versions/A/Lookup
0x000000022d7bc000 	/System/Library/Frameworks/QuickLookUI.framework/Versions/A/QuickLookUI
0x000000022e1d1000 	/System/Library/Frameworks/ScreenCaptureKit.framework/Versions/A/ScreenCaptureKit
0x00000001b1e0b000 	/System/Library/Frameworks/Quartz.framework/Versions/A/Frameworks/QuartzComposer.framework/Versions/A/QuartzComposer
0x00000001b1069000 	/System/Library/Frameworks/Quartz.framework/Versions/A/Frameworks/QuartzFilters.framework/Versions/A/QuartzFilters
0x00000001b0115000 	/System/Library/Frameworks/Quartz.framework/Versions/A/Frameworks/ImageKit.framework/Versions/A/ImageKit
0x00000002278b8000 	/System/Library/Frameworks/OpenCL.framework/Versions/A/OpenCL
0x00000001ae628000 	/System/Library/PrivateFrameworks/CorePDF.framework/Versions/A/CorePDF
0x0000000198dd0000 	/System/Library/Frameworks/QuickLook.framework/Versions/A/QuickLook
0x00000001a391b000 	/System/Library/PrivateFrameworks/DisplayServices.framework/Versions/A/DisplayServices
0x00000001b0fee000 	/System/Library/Frameworks/ImageCaptureCore.framework/Versions/A/ImageCaptureCore
0x00000002741d3000 	/System/Library/PrivateFrameworks/VisionKitCore.framework/Versions/A/VisionKitCore
0x00000001ac738000 	/System/Library/PrivateFrameworks/QuickLookSupport.framework/Versions/A/QuickLookSupport
0x0000000255b6a000 	/System/Library/PrivateFrameworks/MediaAnalysisServices.framework/Versions/A/MediaAnalysisServices
0x00000001b3d46000 	/System/Library/PrivateFrameworks/PhotoLibraryServices.framework/Versions/A/PhotoLibraryServices
0x00000001b0c06000 	/System/Library/Frameworks/Photos.framework/Versions/A/Photos
0x00000001c53f3000 	/System/Library/PrivateFrameworks/PhotosFormats.framework/Versions/A/PhotosFormats
0x00000001c18aa000 	/System/Library/PrivateFrameworks/CloudPhotoLibrary.framework/Versions/A/CloudPhotoLibrary
0x00000001cac82000 	/System/Library/PrivateFrameworks/CloudPhotoServices.framework/Versions/A/CloudPhotoServices
0x00000001c7220000 	/System/Library/PrivateFrameworks/CoreMediaStream.framework/Versions/A/CoreMediaStream
0x000000019c7c7000 	/System/Library/PrivateFrameworks/CPAnalytics.framework/Versions/A/CPAnalytics
0x00000001c3773000 	/System/Library/PrivateFrameworks/MediaConversionService.framework/Versions/A/MediaConversionService
0x00000001a351a000 	/System/Library/PrivateFrameworks/PhotoFoundation.framework/Versions/A/PhotoFoundation
0x000000025d11f000 	/System/Library/PrivateFrameworks/PhotoLibraryServicesCore.framework/Versions/A/PhotoLibraryServicesCore
0x00000001bd53f000 	/System/Library/PrivateFrameworks/MMCS.framework/Versions/A/MMCS
0x00000001a1837000 	/System/Library/PrivateFrameworks/ChunkingLibrary.framework/Versions/A/ChunkingLibrary
0x000000019b4b3000 	/System/Library/PrivateFrameworks/AssetCacheServices.framework/Versions/A/AssetCacheServices
0x000000019d47b000 	/System/Library/PrivateFrameworks/AVFoundationCF.framework/Versions/A/AVFoundationCF
0x00000001db187000 	/usr/lib/swift/libswiftDemangle.dylib
0x000000024dea7000 	/System/Library/PrivateFrameworks/ImageCaptureDevices.framework/Versions/A/ImageCaptureDevices
0x00000001af345000 	/System/Library/PrivateFrameworks/MediaStream.framework/Versions/A/MediaStream
0x00000001c3c15000 	/System/Library/PrivateFrameworks/NeutrinoCore.framework/Versions/A/NeutrinoCore
0x000000018ae04000 	/System/Library/PrivateFrameworks/NLP.framework/Versions/A/NLP
0x00000001c9a15000 	/System/Library/PrivateFrameworks/PhotoImaging.framework/Versions/A/PhotoImaging
0x00000001cac43000 	/System/Library/PrivateFrameworks/PhotosImagingFoundation.framework/Versions/A/PhotosImagingFoundation
0x000000025dccb000 	/System/Library/PrivateFrameworks/PhotosIntelligenceCore.framework/Versions/A/PhotosIntelligenceCore
0x000000019d8b6000 	/System/Library/PrivateFrameworks/EmbeddedAcousticRecognition.framework/Versions/A/EmbeddedAcousticRecognition
0x00000001b8b94000 	/System/Library/PrivateFrameworks/EmojiFoundation.framework/Versions/A/EmojiFoundation
0x00000001c1b23000 	/System/Library/PrivateFrameworks/SDAPI.framework/Versions/A/SDAPI
0x00000001cac91000 	/System/Library/PrivateFrameworks/AutoLoop.framework/Versions/A/AutoLoop
0x000000025e8a8000 	/System/Library/PrivateFrameworks/Portrait.framework/Versions/A/Portrait
0x0000000242134000 	/System/Library/PrivateFrameworks/FusionTracker.framework/Versions/A/FusionTracker
0x00000001b18a5000 	/System/Library/PrivateFrameworks/iTunesCloud.framework/Versions/A/iTunesCloud
0x00000001baa84000 	/System/Library/PrivateFrameworks/DAAPKit.framework/Versions/A/DAAPKit
0x00000001acab4000 	/System/Library/PrivateFrameworks/DeviceManagement.framework/Versions/A/DeviceManagement
0x00000001d0c87000 	/System/Library/PrivateFrameworks/ScreenTimeUI.framework/Versions/A/ScreenTimeUI
0x00000001af082000 	/System/Library/PrivateFrameworks/QuickLookNonBaseSystem.framework/Versions/A/QuickLookNonBaseSystem
0x00000001af8a7000 	/System/Library/PrivateFrameworks/Catalyst.framework/Versions/A/Catalyst
0x00000001b128b000 	/System/Library/PrivateFrameworks/ScreenTimeCore.framework/Versions/A/ScreenTimeCore
0x00000001c48a3000 	/System/Library/PrivateFrameworks/ScreenTimeServiceUI.framework/Versions/A/ScreenTimeServiceUI
0x00000001bd6cf000 	/System/Library/PrivateFrameworks/ConfigurationEngineModel.framework/Versions/A/ConfigurationEngineModel
0x00000001c0880000 	/System/Library/PrivateFrameworks/UsageTracking.framework/Versions/A/UsageTracking
0x00000002293b8000 	/System/Library/Frameworks/DeviceActivity.framework/Versions/A/DeviceActivity
0x00000001c0850000 	/System/Library/PrivateFrameworks/KnowledgeMonitor.framework/Versions/A/KnowledgeMonitor
0x00000001d813a000 	/System/Library/PrivateFrameworks/BluetoothManager.framework/Versions/A/BluetoothManager
0x000000022a9bf000 	/System/Library/Frameworks/ManagedSettings.framework/Versions/A/ManagedSettings
0x00000002552ca000 	/System/Library/PrivateFrameworks/ManagedSettingsSupport.framework/Versions/A/ManagedSettingsSupport
0x00000001d5534000 	/System/Library/Frameworks/ReplayKit.framework/Versions/A/ReplayKit
0x00000001a48da000 	/System/Library/PrivateFrameworks/MarkupUI.framework/Versions/A/MarkupUI
0x00000001af05a000 	/System/Library/PrivateFrameworks/SidecarCore.framework/Versions/A/SidecarCore
0x00000001b1cc0000 	/System/Library/PrivateFrameworks/AnnotationKit.framework/Versions/A/AnnotationKit
0x00000001b035a000 	/System/Library/Frameworks/PencilKit.framework/Versions/A/PencilKit
0x00000001b051f000 	/System/Library/PrivateFrameworks/SidecarUI.framework/Versions/A/SidecarUI
0x00000001afcb7000 	/System/Library/PrivateFrameworks/CoreHandwriting.framework/Versions/A/CoreHandwriting
0x00000001849db000 	/usr/lib/libmecabra.dylib
0x00000001a857e000 	/System/Library/PrivateFrameworks/Calculate.framework/Versions/A/Calculate
0x00000001944d1000 	/usr/lib/libChineseTokenizer.dylib
0x00000001e6586000 	/System/Library/PrivateFrameworks/ScreenReaderCore.framework/Versions/A/ScreenReaderCore
0x000000026b9ff000 	/System/Library/PrivateFrameworks/StocksKit.framework/Versions/A/StocksKit
0x00000001a757b000 	/System/Library/PrivateFrameworks/OAuth.framework/Versions/A/OAuth
0x000000026b6f0000 	/System/Library/PrivateFrameworks/StocksCore.framework/Versions/A/StocksCore
0x000000026cccf000 	/System/Library/PrivateFrameworks/TeaFoundation.framework/Versions/A/TeaFoundation
0x000000026ceb1000 	/System/Library/PrivateFrameworks/TeaSettings.framework/Versions/A/TeaSettings
0x00000001dc84f000 	/System/Library/PrivateFrameworks/NewsCore.framework/Versions/A/NewsCore
0x000000026cc6b000 	/System/Library/PrivateFrameworks/TeaDB.framework/Versions/A/TeaDB
0x00000001d924e000 	/System/Library/PrivateFrameworks/RemoteConfiguration.framework/Versions/A/RemoteConfiguration
0x00000001dc45a000 	/System/Library/PrivateFrameworks/NewsTransport.framework/Versions/A/NewsTransport
0x00000001dc83f000 	/System/Library/PrivateFrameworks/NewsFoundation.framework/Versions/A/NewsFoundation
0x00000002595f8000 	/System/Library/PrivateFrameworks/NewsURLBucket.framework/Versions/A/NewsURLBucket
0x00000001b393f000 	/System/Library/PrivateFrameworks/MobileInstallation.framework/Versions/A/MobileInstallation
0x000000022fced000 	/System/Library/Frameworks/Translation.framework/Versions/A/Translation
0x00000001cc693000 	/System/Library/PrivateFrameworks/RevealCore.framework/Versions/A/RevealCore
0x00000001cc687000 	/System/Library/PrivateFrameworks/Reveal.framework/Versions/A/Reveal
0x00000001c456d000 	/System/Library/Frameworks/Speech.framework/Versions/A/Speech
0x0000000231151000 	/System/Library/PrivateFrameworks/AIMLExperimentationAnalytics.framework/Versions/A/AIMLExperimentationAnalytics
0x00000002334af000 	/System/Library/PrivateFrameworks/AlgorithmsInternal.framework/Versions/A/AlgorithmsInternal
0x0000000270503000 	/System/Library/PrivateFrameworks/TranslationUIServices.framework/Versions/A/TranslationUIServices
0x000000026f3ef000 	/System/Library/PrivateFrameworks/TipKitCore.framework/Versions/A/TipKitCore
0x00000001b8c18000 	/System/Library/PrivateFrameworks/CoreCDPInternal.framework/Versions/A/CoreCDPInternal
0x000000024e683000 	/System/Library/PrivateFrameworks/InputAnalytics.framework/Versions/A/InputAnalytics
0x00000001be6b1000 	/System/Library/Frameworks/InstantMessage.framework/Versions/A/InstantMessage
0x00000001b6708000 	/System/Library/PrivateFrameworks/IDSKVStore.framework/Versions/A/IDSKVStore
0x00000001b63e7000 	/System/Library/PrivateFrameworks/IMDPersistence.framework/Versions/A/IMDPersistence
0x00000002720bd000 	/System/Library/PrivateFrameworks/UserSafety.framework/Versions/A/UserSafety
0x00000001d7348000 	/System/Library/PrivateFrameworks/BlastDoor.framework/Versions/A/BlastDoor
0x0000000252b22000 	/System/Library/PrivateFrameworks/LinkPresentationStyleSheetParsing.framework/Versions/A/LinkPresentationStyleSheetParsing
0x000000025ea59000 	/System/Library/PrivateFrameworks/PosterFoundation.framework/Versions/A/PosterFoundation
0x000000025eae7000 	/System/Library/PrivateFrameworks/PosterModel.framework/Versions/A/PosterModel
0x000000025eac2000 	/System/Library/PrivateFrameworks/PosterFuturesKit.framework/Versions/A/PosterFuturesKit
0x0000000241564000 	/System/Library/PrivateFrameworks/FeedbackService.framework/Versions/A/FeedbackService
0x00000001af728000 	/System/Library/PrivateFrameworks/CoreSDB.framework/Versions/A/CoreSDB
0x0000000235cca000 	/System/Library/PrivateFrameworks/AskToCore.framework/Versions/A/AskToCore
0x00000001d14be000 	/System/Library/PrivateFrameworks/MachineSettings.framework/Versions/A/MachineSettings
0x00000001c2fcf000 	/System/Library/PrivateFrameworks/BezelServices.framework/Versions/A/BezelServices
0x00000001bab10000 	/System/Library/PrivateFrameworks/SPOwner.framework/Versions/A/SPOwner
0x00000001b35af000 	/System/Library/PrivateFrameworks/FMCore.framework/Versions/A/FMCore
0x00000001b2da9000 	/System/Library/PrivateFrameworks/AppleMediaServicesUI.framework/Versions/A/AppleMediaServicesUI
0x00000002789be000 	/System/Library/PrivateFrameworks/iCloudQuota.framework/Versions/A/iCloudQuota
0x00000001a7f2a000 	/System/Library/PrivateFrameworks/CoreRecognition.framework/Versions/A/CoreRecognition
0x00000001c3085000 	/System/Library/PrivateFrameworks/InAppMessages.framework/Versions/A/InAppMessages
0x00000001e5177000 	/System/Library/PrivateFrameworks/JetUI.framework/Versions/A/JetUI
0x0000000251e03000 	/System/Library/PrivateFrameworks/JetPack.framework/Versions/A/JetPack
0x00000001c307c000 	/System/Library/PrivateFrameworks/InAppMessagesCore.framework/Versions/A/InAppMessagesCore
0x0000000277d89000 	/System/Library/PrivateFrameworks/_JetEngine_SwiftUI.framework/Versions/A/_JetEngine_SwiftUI
0x000000026c788000 	/System/Library/PrivateFrameworks/Synapse.framework/Versions/A/Synapse
0x0000000237e6c000 	/System/Library/PrivateFrameworks/CSExattrCrypto.framework/Versions/A/CSExattrCrypto
0x00000001b4a44000 	/System/Library/PrivateFrameworks/StoreFoundation.framework/Versions/A/StoreFoundation
0x00000001b35a9000 	/System/Library/PrivateFrameworks/ServerInformation.framework/Versions/A/ServerInformation
0x00000001b2fdf000 	/System/Library/PrivateFrameworks/Install.framework/Frameworks/DistributionKit.framework/Versions/A/DistributionKit
0x00000001ac50c000 	/System/Library/PrivateFrameworks/PackageKit.framework/Versions/A/PackageKit
0x00000001b3002000 	/System/Library/PrivateFrameworks/OSPersonalization.framework/Versions/A/OSPersonalization
0x00000001b4fce000 	/System/Library/PrivateFrameworks/BridgeOSSoftwareUpdate.framework/Versions/A/BridgeOSSoftwareUpdate
0x00000001afbbf000 	/System/Library/PrivateFrameworks/StorageManagement.framework/Versions/A/StorageManagement
0x00000001c43f3000 	/usr/lib/libauthinstall.dylib
0x00000001b4fd7000 	/System/Library/PrivateFrameworks/InstallerDiagnostics.framework/Versions/A/InstallerDiagnostics
0x00000001c4a6f000 	/usr/lib/libcrypto.42.dylib
0x000000027f03f000 	/usr/lib/updaters/libAppleTconUARPUpdater.dylib
0x000000027f162000 	/usr/lib/updaters/libT200Updater.dylib
0x00000001b4fbc000 	/System/Library/PrivateFrameworks/GPUInfo.framework/Versions/A/GPUInfo
0x00000001c3180000 	/System/Library/PrivateFrameworks/MobileActivationMacOS.framework/Versions/A/MobileActivationMacOS
0x00000001a74bd000 	/System/Library/PrivateFrameworks/AccountsDaemon.framework/Versions/A/AccountsDaemon
0x000000024ac4d000 	/System/Library/PrivateFrameworks/GenerativePartnerService.framework/Versions/A/GenerativePartnerService
0x0000000197526000 	/System/Library/PrivateFrameworks/CacheDelete.framework/Versions/A/CacheDelete
0x000000019fe8e000 	/System/Library/Frameworks/QuickLookThumbnailing.framework/Versions/A/QuickLookThumbnailing
0x00000001b501b000 	/System/Library/PrivateFrameworks/AOSKit.framework/Versions/A/AOSKit
0x0000000194602000 	/System/Library/PrivateFrameworks/AppSSOCore.framework/Versions/A/AppSSOCore
0x00000001aea32000 	/System/Library/Frameworks/AVFoundation.framework/Versions/A/AVFoundation
0x000000023667e000 	/System/Library/PrivateFrameworks/BackgroundSystemTasks.framework/Versions/A/BackgroundSystemTasks
0x000000019fda4000 	/System/Library/PrivateFrameworks/DuetActivityScheduler.framework/Versions/A/DuetActivityScheduler
0x00000001c17d9000 	/System/Library/PrivateFrameworks/NetworkServiceProxy.framework/Versions/A/NetworkServiceProxy
0x000000019b147000 	/usr/lib/libnetworkextension.dylib
0x000000019d7c5000 	/System/Library/PrivateFrameworks/Rapport.framework/Versions/A/Rapport
0x000000026c4b1000 	/System/Library/PrivateFrameworks/Symptoms.framework/Versions/A/Frameworks/SymptomAnalytics.framework/Versions/A/SymptomAnalytics
0x0000000197f5a000 	/System/Library/Frameworks/NetworkExtension.framework/Versions/A/NetworkExtension
0x000000019e56b000 	/System/Library/PrivateFrameworks/CoreDuetContext.framework/Versions/A/CoreDuetContext
0x000000018945f000 	/System/Library/PrivateFrameworks/CoreDuet.framework/Versions/A/CoreDuet
0x00000001a3274000 	/System/Library/PrivateFrameworks/AssistantServices.framework/Versions/A/AssistantServices
0x000000019d5bf000 	/System/Library/PrivateFrameworks/SAObjects.framework/Versions/A/SAObjects
0x00000001a2e6f000 	/System/Library/PrivateFrameworks/MediaRemote.framework/Versions/A/MediaRemote
0x00000001b550f000 	/System/Library/PrivateFrameworks/SiriInstrumentation.framework/Versions/A/SiriInstrumentation
0x0000000263470000 	/System/Library/PrivateFrameworks/SiriAnalytics.framework/Versions/A/SiriAnalytics
0x0000000269312000 	/System/Library/PrivateFrameworks/SiriTTSService.framework/Versions/A/SiriTTSService
0x0000000263dac000 	/System/Library/PrivateFrameworks/SiriCrossDeviceArbitration.framework/Versions/A/SiriCrossDeviceArbitration
0x00000001b2d7b000 	/System/Library/PrivateFrameworks/FeedbackLogger.framework/Versions/A/FeedbackLogger
0x0000000241111000 	/System/Library/PrivateFrameworks/FaceTimeNameUtility.framework/Versions/A/FaceTimeNameUtility
0x0000000263e00000 	/System/Library/PrivateFrameworks/SiriCrossDeviceArbitrationFeedback.framework/Versions/A/SiriCrossDeviceArbitrationFeedback
0x000000024ab09000 	/System/Library/PrivateFrameworks/GenerativeModels.framework/Versions/A/GenerativeModels
0x0000000227bf1000 	/System/Library/Frameworks/AVRouting.framework/Versions/A/AVRouting
0x00000001a7d3d000 	/System/Library/PrivateFrameworks/MediaServices.framework/Versions/A/MediaServices
0x000000019d3fd000 	/System/Library/Frameworks/LocalAuthentication.framework/Versions/A/LocalAuthentication
0x0000000252d58000 	/System/Library/PrivateFrameworks/LocalAuthenticationCore.framework/Versions/A/LocalAuthenticationCore
0x0000000252edd000 	/System/Library/PrivateFrameworks/LocalAuthenticationCredentialServices.framework/Versions/A/LocalAuthenticationCredentialServices
0x000000019d469000 	/System/Library/Frameworks/LocalAuthentication.framework/Support/SharedUtils.framework/Versions/A/SharedUtils
0x0000000194a4b000 	/System/Library/PrivateFrameworks/PersistentConnection.framework/Versions/A/PersistentConnection
0x000000026ab25000 	/System/Library/PrivateFrameworks/SonicFoundation.framework/Versions/A/SonicFoundation
0x000000023f975000 	/System/Library/PrivateFrameworks/Dendrite.framework/Versions/A/Dendrite
0x00000001b73cf000 	/usr/lib/libtailspin.dylib
0x00000001cada1000 	/System/Library/PrivateFrameworks/Osprey.framework/Versions/A/Osprey
0x000000026896d000 	/System/Library/PrivateFrameworks/SiriTTS.framework/Versions/A/SiriTTS
0x00000001af7ee000 	/System/Library/Frameworks/NaturalLanguage.framework/Versions/A/NaturalLanguage
0x0000000267753000 	/System/Library/PrivateFrameworks/SiriPowerInstrumentation.framework/Versions/A/SiriPowerInstrumentation
0x00000001b06af000 	/System/Library/PrivateFrameworks/Trial.framework/Versions/A/Trial
0x00000001b0631000 	/System/Library/PrivateFrameworks/TrialProto.framework/Versions/A/TrialProto
0x00000002717aa000 	/System/Library/PrivateFrameworks/UnifiedAssetFramework.framework/Versions/A/UnifiedAssetFramework
0x00000001ccdc7000 	/usr/lib/swift/libswiftAVFoundation.dylib
0x00000001dd1ed000 	/usr/lib/swift/libswiftNaturalLanguage.dylib
0x000000026cc69000 	/System/Library/PrivateFrameworks/TailspinSymbolication.framework/Versions/A/TailspinSymbolication
0x000000023f5b4000 	/System/Library/PrivateFrameworks/Darwinup.framework/Versions/A/Darwinup
0x00000001c37ae000 	/System/Library/PrivateFrameworks/SignpostSupport.framework/Versions/A/SignpostSupport
0x00000001af6b5000 	/System/Library/PrivateFrameworks/FeatureFlagsSupport.framework/Versions/A/FeatureFlagsSupport
0x00000001c2ee1000 	/System/Library/PrivateFrameworks/ktrace.framework/Versions/A/ktrace
0x00000001c39dd000 	/System/Library/PrivateFrameworks/SampleAnalysis.framework/Versions/A/SampleAnalysis
0x00000001cc661000 	/System/Library/PrivateFrameworks/kperfdata.framework/Versions/A/kperfdata
0x0000000198f11000 	/usr/lib/libdscsym.dylib
0x00000001ccb1d000 	/System/Library/PrivateFrameworks/BulkSymbolication.framework/Versions/A/BulkSymbolication
0x000000019feda000 	/System/Library/PrivateFrameworks/Espresso.framework/Versions/A/Espresso
0x000000018e031000 	/System/Library/Frameworks/CoreML.framework/Versions/A/CoreML
0x00000001e692d000 	/System/Library/PrivateFrameworks/ANECompiler.framework/Versions/A/ANECompiler
0x00000001a1fc7000 	/System/Library/PrivateFrameworks/AppleNeuralEngine.framework/Versions/A/AppleNeuralEngine
0x000000022b6e1000 	/System/Library/Frameworks/MetalPerformanceShadersGraph.framework/Versions/A/MetalPerformanceShadersGraph
0x00000002537e4000 	/System/Library/PrivateFrameworks/MLCompilerServices.framework/Versions/A/MLCompilerServices
0x00000001a0d76000 	/System/Library/PrivateFrameworks/ANEServices.framework/Versions/A/ANEServices
0x000000025a653000 	/System/Library/PrivateFrameworks/ODIE.framework/Versions/A/ODIE
0x0000000253788000 	/System/Library/PrivateFrameworks/MLCompilerRuntime.framework/Versions/A/MLCompilerRuntime
0x0000000192413000 	/System/Library/Frameworks/MLCompute.framework/Versions/A/MLCompute
0x000000025370a000 	/System/Library/PrivateFrameworks/MLAssetIO.framework/Versions/A/MLAssetIO
0x000000027eb17000 	/usr/lib/swift/libswiftMLCompute.dylib
0x000000019cf50000 	/System/Library/PrivateFrameworks/AVFCore.framework/Versions/A/AVFCore
0x00000001a64cd000 	/System/Library/PrivateFrameworks/AVFCapture.framework/Versions/A/AVFCapture
0x0000000237a71000 	/System/Library/PrivateFrameworks/CMImaging.framework/Versions/A/CMImaging
0x00000001a6716000 	/System/Library/PrivateFrameworks/Quagga.framework/Versions/A/Quagga
0x00000001a684a000 	/System/Library/PrivateFrameworks/CMCapture.framework/Versions/A/CMCapture
0x000000019714d000 	/System/Library/Frameworks/CoreMediaIO.framework/Versions/A/CoreMediaIO
0x00000002379ad000 	/System/Library/PrivateFrameworks/CMCaptureDevice.framework/Versions/A/CMCaptureDevice
0x0000000194bc1000 	/System/Library/PrivateFrameworks/CoreBrightness.framework/Versions/A/CoreBrightness
0x0000000238a82000 	/System/Library/PrivateFrameworks/CinematicFraming.framework/Versions/A/CinematicFraming
0x00000001c9e5f000 	/System/Library/PrivateFrameworks/CPMS.framework/Versions/A/CPMS
0x000000026c95f000 	/System/Library/PrivateFrameworks/SystemStatus.framework/Versions/A/SystemStatus
0x00000001ae62a000 	/System/Library/Frameworks/CoreMotion.framework/Versions/A/CoreMotion
0x00000001be76f000 	/System/Library/PrivateFrameworks/TimeSync.framework/Versions/A/TimeSync
0x0000000240292000 	/System/Library/PrivateFrameworks/DistributedSensing.framework/Versions/A/DistributedSensing
0x00000001b9d4f000 	/System/Library/PrivateFrameworks/MobileBluetooth.framework/Versions/A/MobileBluetooth
0x00000001c0468000 	/System/Library/PrivateFrameworks/IOKitten.framework/Versions/A/IOKitten
0x0000000185c57000 	/System/Library/PrivateFrameworks/LanguageModeling.framework/Versions/A/LanguageModeling
0x000000018ac0b000 	/System/Library/PrivateFrameworks/Montreal.framework/Versions/A/Montreal
0x0000000192e7e000 	/usr/lib/libcmph.dylib
0x000000024abe2000 	/System/Library/PrivateFrameworks/GenerativeModelsFoundation.framework/Versions/A/GenerativeModelsFoundation
0x000000026f757000 	/System/Library/PrivateFrameworks/TokenGeneration.framework/Versions/A/TokenGeneration
0x000000024a9c5000 	/System/Library/PrivateFrameworks/GenerativeFunctions.framework/Versions/A/GenerativeFunctions
0x000000024aa11000 	/System/Library/PrivateFrameworks/GenerativeFunctionsFoundation.framework/Versions/A/GenerativeFunctionsFoundation
0x0000000256f30000 	/System/Library/PrivateFrameworks/ModelCatalog.framework/Versions/A/ModelCatalog
0x000000026291d000 	/System/Library/PrivateFrameworks/SensitiveContentAnalysisML.framework/Versions/A/SensitiveContentAnalysisML
0x000000024aaa6000 	/System/Library/PrivateFrameworks/GenerativeFunctionsInstrumentation.framework/Versions/A/GenerativeFunctionsInstrumentation
0x000000025fb6b000 	/System/Library/PrivateFrameworks/PromptKit.framework/Versions/A/PromptKit
0x000000025f648000 	/System/Library/PrivateFrameworks/ProactiveDaemonSupport.framework/Versions/A/ProactiveDaemonSupport
0x0000000257312000 	/System/Library/PrivateFrameworks/ModelManagerServices.framework/Versions/A/ModelManagerServices
0x000000026f9a5000 	/System/Library/PrivateFrameworks/TokenGenerationCore.framework/Versions/A/TokenGenerationCore
0x0000000234eee000 	/System/Library/PrivateFrameworks/AppleIntelligenceReporting.framework/Versions/A/AppleIntelligenceReporting
0x0000000234b56000 	/System/Library/PrivateFrameworks/AppleFlatBuffers.framework/Versions/A/AppleFlatBuffers
0x0000000262b56000 	/System/Library/PrivateFrameworks/SentencePieceInternal.framework/Versions/A/SentencePieceInternal
0x000000019b52b000 	/System/Library/Frameworks/Vision.framework/Versions/A/Vision
0x000000023ef8c000 	/System/Library/PrivateFrameworks/CoreSceneUnderstanding.framework/Versions/A/CoreSceneUnderstanding
0x0000000274187000 	/System/Library/PrivateFrameworks/VisionCore.framework/Versions/A/VisionCore
0x00000001b8cf0000 	/System/Library/Frameworks/Vision.framework/libfaceCore.dylib
0x00000001b9813000 	/System/Library/PrivateFrameworks/Futhark.framework/Versions/A/Futhark
0x00000001bd5eb000 	/System/Library/PrivateFrameworks/InertiaCam.framework/Versions/A/InertiaCam
0x00000001b959b000 	/System/Library/PrivateFrameworks/TextRecognition.framework/Versions/A/TextRecognition
0x0000000194623000 	/System/Library/PrivateFrameworks/CVNLP.framework/Versions/A/CVNLP
0x000000018dad0000 	/System/Library/PrivateFrameworks/ApplePushService.framework/Versions/A/ApplePushService
0x000000018db3b000 	/System/Library/Frameworks/CloudKit.framework/Versions/A/CloudKit
0x00000001a0f34000 	/System/Library/PrivateFrameworks/CoreDuetDaemonProtocol.framework/Versions/A/CoreDuetDaemonProtocol
0x00000001c5fb2000 	/System/Library/PrivateFrameworks/DeviceIdentity.framework/Versions/A/DeviceIdentity
0x000000022e3e8000 	/System/Library/Frameworks/SharedWithYouCore.framework/Versions/A/SharedWithYouCore
0x000000023932a000 	/System/Library/PrivateFrameworks/CloudTelemetry.framework/Versions/A/CloudTelemetry
0x000000019f872000 	/System/Library/PrivateFrameworks/AppleAccount.framework/Versions/A/AppleAccount
0x000000019fe33000 	/System/Library/PrivateFrameworks/C2.framework/Versions/A/C2
0x0000000238f9c000 	/System/Library/PrivateFrameworks/CloudCoreInternal.framework/Versions/A/CloudCoreInternal
0x0000000238d41000 	/System/Library/PrivateFrameworks/CloudAsset.framework/Versions/A/CloudAsset
0x000000019fe2a000 	/System/Library/Frameworks/PushKit.framework/Versions/A/PushKit
0x000000023934a000 	/System/Library/PrivateFrameworks/CloudTelemetryTools.framework/Versions/A/CloudTelemetryTools
0x00000001a1d24000 	/System/Library/PrivateFrameworks/RTCReporting.framework/Versions/A/RTCReporting
0x0000000231037000 	/System/Library/PrivateFrameworks/AAAFoundationSwift.framework/Versions/A/AAAFoundationSwift
0x000000019fafd000 	/System/Library/PrivateFrameworks/AppleIDSSOAuthentication.framework/Versions/A/AppleIDSSOAuthentication
0x00000001b48ef000 	/System/Library/PrivateFrameworks/CaptiveNetwork.framework/Versions/A/CaptiveNetwork
0x000000019f303000 	/System/Library/PrivateFrameworks/EAP8021X.framework/Versions/A/EAP8021X
0x000000023f39a000 	/System/Library/PrivateFrameworks/CryptoKitPrivate.framework/Versions/A/CryptoKitPrivate
0x00000001aec82000 	/System/Library/PrivateFrameworks/FindMyDevice.framework/Versions/A/FindMyDevice
0x00000001a3a0a000 	/System/Library/PrivateFrameworks/FMCoreLite.framework/Versions/A/FMCoreLite
0x00000001920b3000 	/System/Library/Frameworks/ServiceManagement.framework/Versions/A/ServiceManagement
0x00000001c39a6000 	/System/Library/PrivateFrameworks/UIKitServices.framework/Versions/A/UIKitServices
0x000000013cee4000 	/System/Library/Extensions/AGXMetalG14G.bundle/Contents/MacOS/AGXMetalG14G
0x00000001a7bde000 	/System/Library/PrivateFrameworks/IOGPU.framework/Versions/A/IOGPU
0x000000012f484000 	/Users/mattias800/Library/Java/JavaVirtualMachines/ms-21.0.10/Contents/Home/lib/libosxui.dylib
0x000000013c1dc000 	/Users/mattias800/Library/Java/JavaVirtualMachines/ms-21.0.10/Contents/Home/lib/libjawt.dylib
0x000000013c544000 	/private/var/folders/00/y_pwwndd1hj9rnmh0xwj36v80000gn/T/sqlite-3.51.0.0-562b0fe2-d3af-438f-9048-a2ea18f96156-libsqlitejdbc.dylib
0x000000013c454000 	/Users/mattias800/repos/spela/player/desktop/build/native/libspela-libretro.dylib
0x000000013c480000 	/Users/mattias800/Library/Java/JavaVirtualMachines/ms-21.0.10/Contents/Home/lib/libextnet.dylib
0x000000026b11f000 	/System/Library/PrivateFrameworks/SpotlightKnowledge.framework/Versions/A/SpotlightKnowledge
0x0000000240740000 	/System/Library/PrivateFrameworks/DocumentUnderstandingClient.framework/Versions/A/DocumentUnderstandingClient
0x000000026b106000 	/System/Library/PrivateFrameworks/SpotlightEmbedding.framework/Versions/A/SpotlightEmbedding
0x0000000189402000 	/System/Library/PrivateFrameworks/SpotlightLinguistics.framework/Versions/A/SpotlightLinguistics
0x000000026b2d3000 	/System/Library/PrivateFrameworks/SpotlightResources.framework/Versions/A/SpotlightResources
0x00000001a12eb000 	/System/Library/PrivateFrameworks/SpotlightIndex.framework/Versions/A/SpotlightIndex
0x00000001b48b3000 	/System/Library/PrivateFrameworks/DataDeliveryServices.framework/Versions/A/DataDeliveryServices
0x0000000238abb000 	/System/Library/PrivateFrameworks/CipherML.framework/Versions/A/CipherML
0x000000025cb92000 	/System/Library/PrivateFrameworks/PegasusKit.framework/Versions/A/PegasusKit
0x000000026c0a2000 	/System/Library/PrivateFrameworks/SwiftSQLite.framework/Versions/A/SwiftSQLite
0x000000026d47a000 	/System/Library/PrivateFrameworks/TextInputUI.framework/Versions/A/TextInputUI
0x000000026d4ae000 	/System/Library/PrivateFrameworks/TextInputUIMacHelper.framework/Versions/A/TextInputUIMacHelper
0x00000001b9902000 	/System/Library/PrivateFrameworks/SafariPlatformSupport.framework/Versions/A/SafariPlatformSupport

JVMTI agents: none


VM Arguments:
jvm_args: -Dcompose.application.configure.swing.globals=true -Dcompose.application.resources.dir=/Users/mattias800/repos/spela/player/desktop/build/compose/tmp/prepareAppResources -Djava.library.path=/Users/mattias800/repos/spela/player/desktop/build/native -Dfile.encoding=UTF-8 -Duser.country=US -Duser.language=en -Duser.variant 
java_command: com.spela.player.desktop.MainKt
java_class_path (initial): /Users/mattias800/repos/spela/player/desktop/build/libs/desktop-desktop.jar:/Users/mattias800/repos/spela/player/shared/build/libs/shared-desktop.jar:/Users/mattias800/.gradle/caches/modules-2/files-2.1/org.jetbrains.compose.material3/material3-desktop/1.9.0/19004c4eb3dc6618eb66a076bbe3d7e1a2e7b85/material3-desktop-1.9.0.jar:/Users/mattias800/.gradle/caches/modules-2/files-2.1/org.jetbrains.compose.components/components-resources-desktop/1.10.1/c6115b607f77e9d033de360f989850d3824bf112/library-desktop-1.10.1.jar:/Users/mattias800/.gradle/caches/modules-2/files-2.1/org.jetbrains.compose.desktop/desktop-jvm/1.10.1/42facd9840309ac4eb841a986c5d1b97d2780471/desktop-jvm-1.10.1.jar:/Users/mattias800/.gradle/caches/modules-2/files-2.1/io.coil-kt.coil3/coil-compose-jvm/3.3.0/38281ac8d9773163bb49be7a871239ea0b953f21/coil-compose-jvm-3.3.0.jar:/Users/mattias800/.gradle/caches/modules-2/files-2.1/io.coil-kt.coil3/coil-compose-core-jvm/3.3.0/4ea0aece0de785d13342ef927464bf75d918f80b/coil-compose-core-jvm-3.3.0.jar:/Users/mattias800/.gradle/caches/modules-2/files-2.1/org.jetbrains.compose.material/material-desktop/1.10.1/63e1c3c6705d111bf84e41110e7729df5b85163e/material-desktop-1.10.1.jar:/Users/mattias800/.gradle/caches/modules-2/files-2.1/org.jetbrains.compose.material/material-ripple-desktop/1.10.1/74a14824f086339703264689c5a7cf4ceb39ed40/material-ripple-desktop-1.10.1.jar:/Users/mattias800/.gradle/caches/modules-2/files-2.1/org.jetbrains.compose.foundation/foundation-desktop/1.10.1/d9ba57abee3527886ea640d3b390a70ba9e28af/foundation-desktop-1.10.1.jar:/Users/mattias800/.gradle/caches/modules-2/files-2.1/org.jetbrains.compose.material/material-icons-extended-desktop/1.7.3/c7c5465dd754043076875b32bce0dd7f5a354fe8/material-icons-extended-desktop-1.7.3.jar:/Users/mattias800/.gradle/caches/modules-2/files-2.1/org.jetbrains.compose.animation/animation-desktop/1.10.1/17f777e04f7fe5dff2fe7992d0c0bda81c3a3897/animation-desktop-1.10.1.jar:/Users/mattias800/.gradle/caches/modules-2/files-2.1/org.jetbrains.compose.foundation/foundation-layout-desktop/1.10.1/263364f922ef14fb64f1313a384a0c31cd6f3fa5/foundation-layout-desktop-1.10.1.jar:/Users/mattias800/.gradle/caches/modules-2/files-2.1/org.jetbrains.compose.material/material-icons-core-desktop/1.7.3/414b3096050fe647b0638832eace80f22c06b85c/material-icons-core-desktop-1.7.3.jar:/Users/mattias800/.gradle/caches/modules-2/files-2.1/org.jetbrains.compose.animation/animation-core-desktop/1.10.1/5dd98c5745e548644b7657901bbcc4c2c8f9ec59/animation-core-desktop-1.10.1.jar:/Users/mattias800/.gradle/caches/modules-2/files-2.1/org.jetbrains.compose.ui/ui-desktop/1.10.1/73a6b1e10434fb11bae82daa68c205c71af03c55/ui-desktop-1.10.1.jar:/Users/mattias800/.gradle/caches/modules-2/files-2.1/io.ktor/ktor-client-content-negotiation-jvm/3.4.0/266c1aef9d340c22cd859dd5c9174c2e1d86489f/ktor-client-content-negotiation-jvm-3.4.0.jar:/Users/mattias800/.gradle/caches/modules-2/files-2.1/io.ktor/ktor-client-auth-jvm/3.4.0/14d75d5e7552a8e26a2ad4dd511a76d4a0c5502f/ktor-client-auth-jvm-3.4.0.jar:/Users/mattias800/.gradle/caches/modules-2/files-2.1/io.ktor/ktor-client-logging-jvm/3.4.0/278d41697d9194d36290842bfdae03d674b3f365/ktor-client-logging-jvm-3.4.0.jar:/Users/mattias800/.gradle/caches/modules-2/files-2.1/io.ktor/ktor-client-websockets-jvm/3.4.0/69e1468e52be95fd339dd8026e78985a6ef981e6/ktor-client-websockets-jvm-3.4.0.jar:/Users/mattias800/.gradle/caches/modules-2/files-2.1/io.coil-kt.coil3/coil-network-ktor3-jvm/3.3.0/70b76d7093cce8124a2b2e665ac281992755376e/coil-network-ktor3-jvm-3.3.0.jar:/Users/mattias800/.gradle/caches/modules-2/files-2.1/io.ktor/ktor-client-cio-jvm/3.4.0/84786f75d08fe5042f17c246380eb8381d125a6b/ktor-client-cio-jvm-3.4.0.jar:/Users/mattias800/.gradle/caches/modules-2/files-2.1/io.ktor/ktor-client-core-jvm/3.4.0/1f017fc4dcf7e3ff5152a28923b7639a9ba82123/ktor-client-core-jvm-3.4.0.jar:/Users/mattias800/.gradle/caches/modules-2/files-2.1/io.ktor/ktor-serialization-kotlinx-json-jvm/3.4.0/2a09f17d70b6e61623fd8aff9bdce6d7877892/ktor-serialization-kotlinx-json-jvm-3.4.0.jar:/Users/mattias800/.gradle/caches/modules-2/files-2.1/app.cash.sqldelight/coroutines-extensions-jvm/2.2.1/57db01cca75db01f64c58fb1db3aad67b1a52708/sqldelight-coroutines-extensions-jvm-2.2.1.jar:/Users/mattias800/.gradle/caches/modules-2/files-2.1/org.jetbrains.skiko/skiko-awt-runtime-macos-arm64/0.9.37.4/a21a251e5695f2b8da63842e9e8a5ecb2f219dce/skiko-awt-runtime-macos-arm64-0.9.37.4.jar:/Users/mattias800/.gradle/caches/modules-2/files-2.1/org.jetbrains.compose.ui/ui-text-desktop/1.10.1/7babd6e2dea601e74bed24b4017350e1acf4569c/ui-text-desktop-1.10.1.jar:/Users/mattias800/.gradle/caches/modules-2/files-2.1/org.jetbrains.compose.ui/ui-graphics-desktop/1.10.1/c0b9e89e8f5ac5b0253d32d8da2758643ca1e19b/ui-graphics-desktop-1.10.1.jar:/Users/mattias800/.gradle/caches/modules-2/files-2.1/io.coil-kt.coil3/coil-jvm/3.3.0/246e1bf044d5f858315c517f7f770f6dc0516195/coil-jvm-3.3.0.jar:/Users/mattias800/.gradle/caches/modules-2/files-2.1/io.coil-kt.coil3/coil-network-core-jvm/3.3.0/c50c4cf1424afcc90532ed8064bcaa14d88d0ea8/coil-network-core-jvm-3.3.0.jar:/Users/mattias800/.gradle/caches/modules-2/files-2.1/io.coil-kt.coil3/coil-core-jvm/3.3.0/70ff6cf3312784cddfe695b2e2f62aec53778b38/coil-core-jvm-3.3.0.jar:/Users/mattias800/.gradle/caches/modules-2/files-2.1/org.jetbrains.skiko/skiko-awt/0.9.37.4/fc7470cca1041a52b182a921205c5c224e7709ad/skiko-awt-0.9.37.4.jar:/Users/mattias800/.gradle/caches/modules-2/files-2.1/org.jetbrains.kotlinx/kotlinx-coroutines-slf4j/1.10.2/1271f9d4a929150bb87ab8d1dc1e86d4bcf039f3/kotlinx-coroutines-slf4j-1.10.2.jar:/Users/mattias800/.gradle/caches/modules-2/files-2.1/io.insert-koin/koin-compose-jvm/4.0.0/cf45eee3ae6e58e04a6771a8c04a8937395f8ea0/koin-compose-jvm-4.0.0.jar:/Users/mattias800/.gradle/caches/modules-2/files-2.1/org.jetbrains.compose.ui/ui-backhandler-desktop/1.10.1/ed725f86a0fdff73fb37561ffb606166725e4b6f/ui-backhandler-desktop-1.10.1.jar:/Users/mattias800/.gradle/caches/modules-2/files-2.1/androidx.navigationevent/navigationevent-desktop/1.0.2/ddb1e7fe97ed51c3d35bba493f97fcf12398719/navigationevent-desktop-1.0.2.jar:/Users/mattias800/.gradle/caches/modules-2/files-2.1/androidx.compose.runtime/runtime-annotation-jvm/1.10.2/ea491da34ba40ae9bd340c393566753ddfd95a76/runtime-annotation-jvm-1.10.2.jar:/Users/mattias800/.gradle/caches/modules-2/files-2.1/androidx.compose.runtime/runtime-retain-desktop/1.10.2/879812e3cd2c6151f5d91f515a35952b1be07a76/runtime-retain-desktop-1.10.2.jar:/Users/mattias800/.gradle/caches/modules-2/files-2.1/androidx.compose.runtime/runtime-saveable-desktop/1.10.2/f6903c683c07ba479659ba4eb55bc7c80a7c433e/runtime-saveable-desktop-1.10.2.jar:/Users/mattias800/.gradle/caches/modules-2/files-2.1/org.jetbrains.compose.runtime/runtime-saveable-desktop/1.10.1/9b0e2a8ce3ae7d2b1a40307bc9271933b238cfd4/runtime-saveable-desktop-1.10.1.jar:/Users/mattias800/.gradle/caches/modules-2/files-2.1/org.jetbrains.androidx.lifecycle/lifecycle-runtime-compose-desktop/2.9.6/7b6b6793f3c4c5996b20d1d99cf728e5fac00364/lifecycle-runtime-compose-desktop-2.9.6.jar:/Users/mattias800/.gradle/caches/modules-2/files-2.1/org.jetbrains.compose.ui/ui-unit-desktop/1.10.1/aeeb2f31358ab5abf0bafa0828de2faba7189db5/ui-unit-desktop-1.10.1.jar:/Users/mattias800/.gradle/caches/modules-2/files-2.1/org.jetbrains.compose.ui/ui-geometry-desktop/1.10.1/779ddaadbc03720f7bb2507f6ed6dc4ffc9e7f3e/ui-geometry-desktop-1.10.1.jar:/Users/mattias800/.gradle/caches/modules-2/files-2.1/org.jetbrains.compose.ui/ui-tooling-preview-desktop/1.10.1/6d464d6c6d654d45aecdfaff7a08d64af62217e2/ui-tooling-preview-desktop-1.10.1.jar:/Users/mattias800/.gradle/caches/modules-2/files-2.1/org.jetbrains.androidx.savedstate/savedstate-compose-desktop/1.3.6/63692375ffe667f12cb3ea8aa1e605d659ed2add/savedstate-compose-desktop-1.3.6.jar:/Users/mattias800/.gradle/caches/modules-2/files-2.1/org.jetbrains.compose.runtime/runtime-desktop/1.10.1/edbd39fc9691f4ba1e29c6690341148db4272752/runtime-desktop-1.10.1.jar:/Users/mattias800/.gradle/caches/modules-2/files-2.1/androidx.lifecycle/lifecycle-viewmodel-savedstate-desktop/2.9.4/72a1919b08c5a4da224d8a65ce1589aa69934e8a/lifecycle-viewmodel-savedstate-desktop-2.9.4.jar:/Users/mattias800/.gradle/caches/modules-2/files-2.1/androidx.lifecycle/lifecycle-viewmodel-desktop/2.9.4/93fee6d78f0df0e38f36e0fa2eff74f8da6d5481/lifecycle-viewmodel-desktop-2.9.4.jar:/Users/mattias800/.gradle/caches/modules-2/files-2.1/androidx.lifecycle/lifecycle-runtime-desktop/2.9.4/1cc820319ec0139e76b8a2fe4be0b356b4e624c4/lifecycle-runtime-desktop-2.9.4.jar:/Users/mattias800/.gradle/caches/modules-2/files-2.1/androidx.savedstate/savedstate-compose-desktop/1.3.3/cd60b543d5722a8b5e6cea1e4ccdec8b4375a22b/savedstate-compose-desktop-1.3.3.jar:/Users/mattias800/.gradle/caches/modules-2/files-2.1/androidx.savedstate/savedstate-desktop/1.3.3/1c5bfc3fb56614538528060a06f2c03e34fa5188/savedstate-desktop-1.3.3.jar:/Users/mattias800/.gradle/caches/modules-2/files-2.1/androidx.lifecycle/lifecycle-common-jvm/2.9.4/ab739bccdb3541983385af169565c7c035d897e7/lifecycle-common-jvm-2.9.4.jar:/Users/mattias800/.gradle/caches/modules-2/files-2.1/androidx.lifecycle/lifecycle-runtime-compose-desktop/2.9.4/86a4ffec845d4e488078118a0b5095bd1fabcafe/lifecycle-runtime-compose-desktop-2.9.4.jar:/Users/mattias800/.gradle/caches/modules-2/files-2.1/androidx.compose.runtime/runtime-desktop/1.10.2/b1705e2087f06395622b784aa88e2e738043459/runtime-desktop-1.10.2.jar:/Users/mattias800/.gradle/caches/modules-2/files-2.1/io.ktor/ktor-http-cio-jvm/3.4.0/2c1f50d77b7d825175acf56f6cb494fc1145e23e/ktor-http-cio-jvm-3.4.0.jar:/Users/mattias800/.gradle/caches/modules-2/files-2.1/io.ktor/ktor-websocket-serialization-jvm/3.4.0/20093fc55064238930e96c8dd12a2d96af6ff81d/ktor-websocket-serialization-jvm-3.4.0.jar:/Users/mattias800/.gradle/caches/modules-2/files-2.1/io.ktor/ktor-serialization-kotlinx-jvm/3.4.0/d001db47b2ebe8ad8b2cb1bb2a687688840f5887/ktor-serialization-kotlinx-jvm-3.4.0.jar:/Users/mattias800/.gradle/caches/modules-2/files-2.1/io.ktor/ktor-serialization-jvm/3.4.0/406af3e14bc41086ac933c02c67bd7ee762cfb4b/ktor-serialization-jvm-3.4.0.jar:/Users/mattias800/.gradle/caches/modules-2/files-2.1/io.ktor/ktor-websockets-jvm/3.4.0/5c8a9438372c7de912cf6da0e275ec17056d6451/ktor-websockets-jvm-3.4.0.jar:/Users/mattias800/.gradle/caches/modules-2/files-2.1/io.ktor/ktor-network-tls-jvm/3.4.0/10bb3d46d3fba6ccfc27f03fbeec029a756358b1/ktor-network-tls-jvm-3.4.0.jar:/Users/mattias800/.gradle/caches/modules-2/files-2.1/io.ktor/ktor-http-jvm/3.4.0/81e4323a06aa6751f59ffe6e35e61277af17fdb5/ktor-http-jvm-3.4.0.jar:/Users/mattias800/.gradle/caches/modules-2/files-2.1/io.ktor/ktor-events-jvm/3.4.0/d6e6800119bf169c0559eeaf49477757e50a736/ktor-events-jvm-3.4.0.jar:/Users/mattias800/.gradle/caches/modules-2/files-2.1/io.ktor/ktor-sse-jvm/3.4.0/3b4493bfb71b536fc0c055d645ceb1a44b318637/ktor-sse-jvm-3.4.0.jar:/Users/mattias800/.gradle/caches/modules-2/files-2.1/app.cash.sqldelight/async-extensions-jvm/2.2.1/1caa5e80a3f9587d9521bb5786d8004169abb659/sqldelight-async-extensions-jvm-2.2.1.jar:/Users/mattias800/.gradle/caches/modules-2/files-2.1/io.ktor/ktor-network-jvm/3.4.0/8d6179be0155e1d34f844a8317b7f1950772a372/ktor-network-jvm-3.4.0.jar:/Users/mattias800/.gradle/caches/modules-2/files-2.1/io.ktor/ktor-utils-jvm/3.4.0/ce54b074feee2cc3cdac2ba93420f18adc71061d/ktor-utils-jvm-3.4.0.jar:/Users/mattias800/.gradle/caches/modules-2/files-2.1/io.ktor/ktor-io-jvm/3.4.0/16e3233d00797f77f2b918a65d40479c28dc2bde/ktor-io-jvm-3.4.0.jar:/Users/mattias800/.gradle/caches/modules-2/files-2.1/org.jetbrains.kotlinx/kotlinx-coroutines-core-jvm/1.10.2/4a9f78ef49483748e2c129f3d124b8fa249dafbf/kotlinx-coroutines-core-jvm-1.10.2.jar:/Users/mattias800/.gradle/caches/modules-2/files-2.1/org.jetbrains.kotlinx/kotlinx-coroutines-swing/1.10.2/ccb5a2e7c83fa76da0ba4677f05678d3bd3eed57/kotlinx-coroutines-swing-1.10.2.jar:/Users/mattias800/.gradle/caches/modules-2/files-2.1/app.cash.sqldelight/sqlite-driver/2.2.1/14c7c61ee75309171122d51489aa0bae72e3d28f/sqlite-driver-2.2.1.jar:/Users/mattias800/.gradle/caches/modules-2/files-2.1/io.insert-koin/koin-core-jvm/4.0.0/6a66dcf3885c4783432e98845b10f0b5e48ef5b1/koin-core-jvm-4.0.0.jar:/Users/mattias800/.gradle/caches/modules-2/files-2.1/app.cash.sqldelight/jdbc-driver/2.2.1/bd1eec7b45a148d571ecb1d4db97ca5c259a9a9c/jdbc-driver-2.2.1.jar:/Users/mattias800/.gradle/caches/modules-2/files-2.1/app.cash.sqldelight/runtime-jvm/2.2.1/db9095b526694836a06428c2ef14b0562b8a7028/runtime-jvm-2.2.1.jar:/Users/mattias800/.gradle/caches/modules-2/files-2.1/org.jetbrains.kotlinx/kotlinx-serialization-json-io-jvm/1.10.0/50ca77d6d3986562a140275d6c8b07086af55f83/kotlinx-serialization-json-io-jvm-1.10.0.jar:/Users/mattias800/.gradle/caches/modules-2/files-2.1/org.jetbrains.kotlinx/kotlinx-serialization-core-jvm/1.10.0/9400c03c056953bbbf30e861e63735c90e9eb320/kotlinx-serialization-core-jvm-1.10.0.jar:/Users/mattias800/.gradle/caches/modules-2/files-2.1/org.jetbrains.kotlinx/kotlinx-serialization-json-jvm/1.10.0/a74d7819e02bad98af4d6b56c4f45aa6d31ef4ad/kotlinx-serialization-json-jvm-1.10.0.jar:/Users/mattias800/.gradle/caches/modules-2/files-2.1/org.jetbrains.kotlinx/kotlinx-datetime-jvm/0.7.1/81c2e0246bd28cc2dcbdf0ab53628322e66a9de9/kotlinx-datetime-jvm-0.7.1.jar:/Users/mattias800/.gradle/caches/modules-2/files-2.1/org.jetbrains.kotlin/kotlin-stdlib-jdk8/2.2.20/57c4d839a6e5ad105d61ffc5cc0bf4de649c1714/kotlin-stdlib-jdk8-2.2.20.jar:/Users/mattias800/.gradle/caches/modules-2/files-2.1/co.touchlab/stately-concurrent-collections-jvm/2.1.0/5c03b644537d7926a8f77e5735a8bebb55dafdcd/stately-concurrent-collections-jvm-2.1.0.jar:/Users/mattias800/.gradle/caches/modules-2/files-2.1/co.touchlab/stately-concurrency-jvm/2.1.0/6285428408c4d7e4a6d9a09511de877103effd81/stately-concurrency-jvm-2.1.0.jar:/Users/mattias800/.gradle/caches/modules-2/files-2.1/org.jetbrains.compose.ui/ui-util-desktop/1.10.1/fe41825dccacb792ded7df579736a0ed919ee270/ui-util-desktop-1.10.1.jar:/Users/mattias800/.gradle/caches/modules-2/files-2.1/org.jetbrains.kotlinx/atomicfu-jvm/0.23.2/a4601dc42dceb031a586058e8356ff778a57dea0/atomicfu-jvm-0.23.2.jar:/Users/mattias800/.gradle/caches/modules-2/files-2.1/org.jetbrains.kotlin/kotlin-stdlib-jdk7/2.2.20/bdbe3b5d872fa3b74d8fcd4e7ca3193f4abc9cc8/kotlin-stdlib-jdk7-2.2.20.jar:/Users/mattias800/.gradle/caches/modules-2/files-2.1/androidx.collection/collection-jvm/1.5.0/7ba2c69414d46ebc2dd76598bdd0a75c54281a57/collection-jvm-1.5.0.jar:/Users/mattias800/.gradle/caches/modules-2/files-2.1/androidx.arch.core/core-common/2.2.0/5e1b8b81dfd5f52c56a8d53b18ca759c19a301f3/core-common-2.2.0.jar:/Users/mattias800/.gradle/caches/modules-2/files-2.1/androidx.annotation/annotation-jvm/1.9.1/b17951747e38bf3986a24431b9ba0d039958aa5f/annotation-jvm-1.9.1.jar:/Users/mattias800/.gradle/caches/modules-2/files-2.1/co.touchlab/stately-strict-jvm/2.1.0/3ae8369209065455f4630793bf6aca0fb88c8b6b/stately-strict-jvm-2.1.0.jar:/Users/mattias800/.gradle/caches/modules-2/files-2.1/com.squareup.okio/okio-jvm/3.15.0/cb3c285187640f543150fcac1ae012bdd778c0e1/okio-jvm-3.15.0.jar:/Users/mattias800/.gradle/caches/modules-2/files-2.1/org.jetbrains.kotlinx/kotlinx-io-core-jvm/0.8.2/358a9f2ba2dc81c5dc84c3d1853f6e5efba63be1/kotlinx-io-core-jvm-0.8.2.jar:/Users/mattias800/.gradle/caches/modules-2/files-2.1/org.jetbrains.kotlinx/kotlinx-io-bytestring-jvm/0.8.2/89c5399596250e71f2bba6d2415972a078a525c7/kotlinx-io-bytestring-jvm-0.8.2.jar:/Users/mattias800/.gradle/caches/modules-2/files-2.1/org.jetbrains.kotlin/kotlin-stdlib/2.3.10/8b80e2f80a3b7daa99c16017f91d4c72cd8b31a6/kotlin-stdlib-2.3.10.jar:/Users/mattias800/.gradle/caches/modules-2/files-2.1/org.jetbrains/annotations/23.0.0/8cc20c07506ec18e0834947b84a864bfc094484e/annotations-23.0.0.jar:/Users/mattias800/.gradle/caches/modules-2/files-2.1/org.xerial/sqlite-jdbc/3.51.0.0/17c4e0d41dd482d6f35547f4235d55e72b7cf0f1/sqlite-jdbc-3.51.0.0.jar:/Users/mattias800/.gradle/caches/modules-2/files-2.1/org.slf4j/slf4j-api/2.0.17/d9e58ac9c7779ba3bf8142aff6c830617a7fe60f/slf4j-api-2.0.17.jar:/Users/mattias800/.gradle/caches/modules-2/files-2.1/org.jetbrains.runtime/jbr-api/1.5.0/4158e485a7a4ecfd521e03095d81e0225529e8d2/jbr-api-1.5.0.jar:/Users/mattias800/.gradle/caches/modules-2/files-2.1/org.jspecify/jspecify/1.0.0/7425a601c1c7ec76645a78d22b8c6a627edee507/jspecify-1.0.0.jar
Launcher Type: SUN_STANDARD

[Global flags]
     intx CICompilerCount                          = 4                                         {product} {ergonomic}
     uint ConcGCThreads                            = 2                                         {product} {ergonomic}
     uint G1ConcRefinementThreads                  = 8                                         {product} {ergonomic}
   size_t G1HeapRegionSize                         = 4194304                                   {product} {ergonomic}
    uintx GCDrainStackTargetSize                   = 64                                        {product} {ergonomic}
   size_t InitialHeapSize                          = 402653184                                 {product} {ergonomic}
   size_t MarkStackSize                            = 4194304                                   {product} {ergonomic}
   size_t MaxHeapSize                              = 6442450944                                {product} {ergonomic}
   size_t MaxNewSize                               = 3862953984                                {product} {ergonomic}
   size_t MinHeapDeltaBytes                        = 4194304                                   {product} {ergonomic}
   size_t MinHeapSize                              = 8388608                                   {product} {ergonomic}
    uintx NonNMethodCodeHeapSize                   = 5839564                                {pd product} {ergonomic}
    uintx NonProfiledCodeHeapSize                  = 122909338                              {pd product} {ergonomic}
    uintx ProfiledCodeHeapSize                     = 122909338                              {pd product} {ergonomic}
    uintx ReservedCodeCacheSize                    = 251658240                              {pd product} {ergonomic}
     bool SegmentedCodeCache                       = true                                      {product} {ergonomic}
   size_t SoftMaxHeapSize                          = 6442450944                             {manageable} {ergonomic}
     bool UseCompressedOops                        = true                           {product lp64_product} {ergonomic}
     bool UseG1GC                                  = true                                      {product} {ergonomic}
     bool UseNUMA                                  = false                                     {product} {ergonomic}
     bool UseNUMAInterleaving                      = false                                     {product} {ergonomic}

Logging:
Log output configuration:
 #0: stdout all=warning uptime,level,tags foldmultilines=false
 #1: stderr all=off uptime,level,tags foldmultilines=false

Release file:
IMPLEMENTOR="Microsoft"
IMPLEMENTOR_VERSION="Microsoft-13106411"
JAVA_RUNTIME_VERSION="21.0.10+7-LTS"
JAVA_VERSION="21.0.10"
JAVA_VERSION_DATE="2026-01-20"
LIBC="default"
MODULES="java.base java.compiler java.datatransfer java.xml java.prefs java.desktop java.instrument java.logging java.management java.security.sasl java.naming java.rmi java.management.rmi java.net.http java.scripting java.security.jgss java.transaction.xa java.sql java.sql.rowset java.xml.crypto java.se java.smartcardio jdk.accessibility jdk.internal.jvmstat jdk.attach jdk.charsets jdk.internal.opt jdk.zipfs jdk.compiler jdk.crypto.ec jdk.crypto.cryptoki jdk.dynalink jdk.internal.ed jdk.editpad jdk.hotspot.agent jdk.httpserver jdk.incubator.vector jdk.internal.le jdk.internal.vm.ci jdk.internal.vm.compiler jdk.internal.vm.compiler.management jdk.jartool jdk.javadoc jdk.jcmd jdk.management jdk.management.agent jdk.jconsole jdk.jdeps jdk.jdwp.agent jdk.jdi jdk.jfr jdk.jlink jdk.jpackage jdk.jshell jdk.jsobject jdk.jstatd jdk.localedata jdk.management.jfr jdk.naming.dns jdk.naming.rmi jdk.net jdk.nio.mapmode jdk.random jdk.sctp jdk.security.auth jdk.security.jgss jdk.unsupported jdk.unsupported.desktop jdk.xml.dom"
OS_ARCH="aarch64"
OS_NAME="Darwin"
SOURCE=".:git:e69b6ef7382e"

Environment Variables:
PATH=/Users/mattias800/.antigravity/antigravity/bin:/Users/mattias800/.local/bin:/Users/mattias800/.mzsh/bin:/Users/mattias800/.bun/bin:/Users/mattias800/Library/pnpm:/opt/homebrew/bin:/opt/homebrew/sbin:/usr/local/bin:/System/Cryptexes/App/usr/bin:/usr/bin:/bin:/usr/sbin:/sbin:/var/run/com.apple.security.cryptexd/codex.system/bootstrap/usr/local/bin:/var/run/com.apple.security.cryptexd/codex.system/bootstrap/usr/bin:/var/run/com.apple.security.cryptexd/codex.system/bootstrap/usr/appleinternal/bin:/opt/pmk/env/global/bin:/Library/Apple/usr/bin:/usr/local/share/dotnet:~/.dotnet/tools:/Users/mattias800/Library/Application Support/JetBrains/Toolbox/scripts:/Users/mattias800/.lmstudio/bin:/Users/mattias800/.maestro/bin:/Users/mattias800/.maestro/bin:/Applications/Warp.app/Contents/Resources/bin
SHELL=/bin/zsh
LANG=C.UTF-8
LC_CTYPE=UTF-8
TERM=xterm-256color
TMPDIR=/var/folders/00/y_pwwndd1hj9rnmh0xwj36v80000gn/T/

Active Locale:
LC_ALL=C.UTF-8/UTF-8/C.UTF-8/C.UTF-8/C.UTF-8/C.UTF-8
LC_COLLATE=C.UTF-8
LC_CTYPE=UTF-8
LC_MESSAGES=C.UTF-8
LC_MONETARY=C.UTF-8
LC_NUMERIC=C.UTF-8
LC_TIME=C.UTF-8

Signal Handlers:
   SIGSEGV: crash_handler in libjvm.dylib, mask=11100110000111110111111111111111, flags=SA_ONSTACK|SA_RESTART|SA_SIGINFO, unblocked
    SIGBUS: crash_handler in libjvm.dylib, mask=11100110000111110111111111111111, flags=SA_RESTART|SA_SIGINFO, unblocked
    SIGFPE: crash_handler in libjvm.dylib, mask=11100110000111110111111111111111, flags=SA_RESTART|SA_SIGINFO, unblocked
   SIGPIPE: javaSignalHandler in libjvm.dylib, mask=11100110000111110111111111111111, flags=SA_RESTART|SA_SIGINFO, blocked
   SIGXFSZ: javaSignalHandler in libjvm.dylib, mask=11100110000111110111111111111111, flags=SA_RESTART|SA_SIGINFO, blocked
    SIGILL: crash_handler in libjvm.dylib, mask=11100110000111110111111111111111, flags=SA_RESTART|SA_SIGINFO, unblocked
   SIGUSR2: SR_handler in libjvm.dylib, mask=00000000000000000000000000000000, flags=SA_RESTART|SA_SIGINFO, blocked
    SIGHUP: UserHandler in libjvm.dylib, mask=11100110000111110111111111111111, flags=SA_RESTART|SA_SIGINFO, blocked
    SIGINT: UserHandler in libjvm.dylib, mask=11100110000111110111111111111111, flags=SA_RESTART|SA_SIGINFO, blocked
   SIGTERM: UserHandler in libjvm.dylib, mask=11100110000111110111111111111111, flags=SA_RESTART|SA_SIGINFO, blocked
   SIGQUIT: UserHandler in libjvm.dylib, mask=11100110000111110111111111111111, flags=SA_RESTART|SA_SIGINFO, blocked
   SIGTRAP: crash_handler in libjvm.dylib, mask=11100110000111110111111111111111, flags=SA_RESTART|SA_SIGINFO, unblocked


Periodic native trim disabled

---------------  S Y S T E M  ---------------

OS:
uname: Darwin 25.2.0 Darwin Kernel Version 25.2.0: Tue Nov 18 21:09:34 PST 2025; root:xnu-12377.61.12~1/RELEASE_ARM64_T8112 arm64
OS uptime: 2 days 10:07 hours
rlimit (soft/hard): STACK 8176k/65520k , CORE 0k/infinity , NPROC 4000/6000 , NOFILE 1048576/infinity , AS infinity/infinity , CPU infinity/infinity , DATA infinity/infinity , FSIZE infinity/infinity , MEMLOCK infinity/infinity , RSS infinity/infinity
load average: 14.27 8.75 7.51

CPU: total 8 (initial active 8) 0x61:0x0:0xda33d83d:0, fp, asimd, aes, pmull, sha1, sha256, crc32, lse, sha3, sha512
machdep.cpu.brand_string:Apple M2
hw.cachelinesize:128
hw.l1icachesize:131072
hw.l1dcachesize:65536
hw.l2cachesize:4194304

Memory: 16k page, physical 25165824k(186544k free), swap 13631488k(1048256k free)

vm_info: OpenJDK 64-Bit Server VM (21.0.10+7-LTS) for bsd-aarch64 JRE (21.0.10+7-LTS), built on 2026-01-15T18:35:20Z by "MicrosoftCorporation" with clang Apple LLVM 15.0.0 (clang-1500.1.0.2.5)

END.
