#
# A fatal error has been detected by the Java Runtime Environment:
#
#  SIGSEGV (0xb) at pc=0x000000019a61238c, pid=77139, tid=161603
#
# JRE version: OpenJDK Runtime Environment Microsoft-13106411 (21.0.10+7) (build 21.0.10+7-LTS)
# Java VM: OpenJDK 64-Bit Server VM Microsoft-13106411 (21.0.10+7-LTS, mixed mode, sharing, tiered, compressed oops, compressed class ptrs, g1 gc, bsd-aarch64)
# Problematic frame:
# C  [libsystem_pthread.dylib+0x138c]  pthread_mutex_lock+0xc
#
# No core dump will be written. Core dumps have been disabled. To enable core dumping, try "ulimit -c unlimited" before starting Java again
#
# If you would like to submit a bug report, please visit:
#   https://github.com/microsoft/openjdk/issues
# The crash happened outside the Java Virtual Machine in native code.
# See problematic frame for where to report the bug.
#

---------------  S U M M A R Y ------------

Command Line: -Dcompose.application.configure.swing.globals=true -Dcompose.application.resources.dir=/Users/mattias800/repos/spela/player/desktop/build/compose/tmp/prepareAppResources -Djava.library.path=/Users/mattias800/repos/spela/player/desktop/build/native -Dfile.encoding=UTF-8 -Duser.country=US -Duser.language=en -Duser.variant com.spela.player.desktop.MainKt

Host: "Mac14,2" arm64, 8 cores, 24G, Darwin 25.3.0, macOS 26.3.1 (25D2128)
Time: Wed Mar 25 22:59:19 2026 CET elapsed time: 38.297686 seconds (0d 0h 0m 38s)

---------------  T H R E A D  ---------------

Current thread (0x0000000aed885c00):  JavaThread "SpelaEmulation" daemon [_thread_in_native, id=161603, stack(0x0000000177c30000,0x0000000177e33000) (2060K)]

Stack: [0x0000000177c30000,0x0000000177e33000],  sp=0x0000000177e32180,  free space=2056k
Native frames: (J=compiled Java code, j=interpreted, Vv=VM code, C=native code)
C  [libsystem_pthread.dylib+0x138c]  pthread_mutex_lock+0xc
C  [libc++.1.dylib+0x23888]  std::__1::mutex::lock()+0x10
C  [libMoltenVK.dylib+0xe7de8]  mvkWaitForFences(MVKDevice*, unsigned int, VkFence_T* const*, unsigned int, unsigned long long)+0xfc
C  [libMoltenVK.dylib+0x17f70]  vkWaitForFences+0x68
C  [libspela-libretro.dylib+0x19494]  gpu_renderer_render_to_bgra+0xc24
C  [libspela-libretro.dylib+0x96c8]  Java_com_spela_player_libretro_LibretroJni_nativeGpuRenderToBgra+0xb8
J 7905  com.spela.player.libretro.LibretroJni.nativeGpuRenderToBgra([B)J (0 bytes) @ 0x000000011783d8ec [0x000000011783d840+0x00000000000000ac]
J 8126 c1 com.spela.player.libretro.DesktopLibretroController.renderGpuFrameToBgra()V (147 bytes) @ 0x0000000110a13770 [0x0000000110a13340+0x0000000000000430]
j  com.spela.player.libretro.DesktopLibretroController.runEmulationLoop()V+63
j  com.spela.player.libretro.DesktopLibretroController.start$lambda$0(ZLcom/spela/player/libretro/DesktopLibretroController;)V+12
j  com.spela.player.libretro.DesktopLibretroController$$Lambda+0x000000a0015a7098.run()V+8
j  java.lang.Thread.runWith(Ljava/lang/Object;Ljava/lang/Runnable;)V+5 java.base@21.0.10
j  java.lang.Thread.run()V+19 java.base@21.0.10
v  ~StubRoutines::call_stub 0x0000000116f60154
V  [libjvm.dylib+0x4b2d3c]  JavaCalls::call_helper(JavaValue*, methodHandle const&, JavaCallArguments*, JavaThread*)+0x3d8
V  [libjvm.dylib+0x4b1c74]  JavaCalls::call_virtual(JavaValue*, Klass*, Symbol*, Symbol*, JavaCallArguments*, JavaThread*)+0x140
V  [libjvm.dylib+0x4b1d40]  JavaCalls::call_virtual(JavaValue*, Handle, Klass*, Symbol*, Symbol*, JavaThread*)+0x64
V  [libjvm.dylib+0x581e98]  thread_entry(JavaThread*, JavaThread*)+0x9c
V  [libjvm.dylib+0x4c7084]  JavaThread::thread_main_inner()+0x98
V  [libjvm.dylib+0x9ff190]  Thread::call_run()+0xc8
V  [libjvm.dylib+0x821ab8]  thread_native_entry(Thread*)+0x118
C  [libsystem_pthread.dylib+0x6c08]  _pthread_start+0x88
Java frames: (J=compiled Java code, j=interpreted, Vv=VM code)
J 7905  com.spela.player.libretro.LibretroJni.nativeGpuRenderToBgra([B)J (0 bytes) @ 0x000000011783d8ec [0x000000011783d840+0x00000000000000ac]
J 8126 c1 com.spela.player.libretro.DesktopLibretroController.renderGpuFrameToBgra()V (147 bytes) @ 0x0000000110a13770 [0x0000000110a13340+0x0000000000000430]
j  com.spela.player.libretro.DesktopLibretroController.runEmulationLoop()V+63
j  com.spela.player.libretro.DesktopLibretroController.start$lambda$0(ZLcom/spela/player/libretro/DesktopLibretroController;)V+12
j  com.spela.player.libretro.DesktopLibretroController$$Lambda+0x000000a0015a7098.run()V+8
j  java.lang.Thread.runWith(Ljava/lang/Object;Ljava/lang/Runnable;)V+5 java.base@21.0.10
j  java.lang.Thread.run()V+19 java.base@21.0.10
v  ~StubRoutines::call_stub 0x0000000116f60154

siginfo: si_signo: 11 (SIGSEGV), si_code: 2 (SEGV_ACCERR), si_addr: 0x0000000000000028

Registers:
 x0=0x0000000000000028  x1=0x0000000000000000  x2=0x0000000000000000  x3=0x0000000000000000
 x4=0x0000000000000000  x5=0x00000000000000a0  x6=0x0000000000000000  x7=0x0000000000000000
 x8=0x0000000000000000  x9=0x0000000000000000 x10=0x0000000000000000 x11=0x0000000000000002
x12=0x0000000000000000 x13=0x0000000000000000 x14=0x0000000000000000 x15=0x0000000000000000
x16=0x000000019a612380 x17=0x0000000207e9f518 x18=0x0000000000000000 x19=0x0000000af4000bf0
x20=0x0000000000000001 x21=0x0000000000000000 x22=0x0000000177e321a8 x23=0x0000000177e321a8
x24=0x0000000000000000 x25=0x0000000af3eeb818 x26=0x0000000129da4fd0 x27=0x0000000000000000
x28=0x0000000aed885c00  fp=0x0000000177e32180  lr=0x000000019a549888  sp=0x0000000177e32180
pc=0x000000019a61238c cpsr=0x0000000060001000

Register to memory mapping:

x0 =0x0000000000000028 is an unknown value
x1 =0x0 is null
x2 =0x0 is null
x3 =0x0 is null
x4 =0x0 is null
x5 =0x00000000000000a0 is an unknown value
x6 =0x0 is null
x7 =0x0 is null
x8 =0x0 is null
x9 =0x0 is null
x10=0x0 is null
x11=0x0000000000000002 is an unknown value
x12=0x0 is null
x13=0x0 is null
x14=0x0 is null
x15=0x0 is null
x16=0x000000019a612380: pthread_mutex_lock+0 in /usr/lib/system/libsystem_pthread.dylib at 0x000000019a611000
x17=0x0000000207e9f518 points into unknown readable memory: 0x000000019a612380 | 80 23 61 9a 01 00 00 00
x18=0x0 is null
x19=0x0000000af4000bf0 points into unknown readable memory: 0x0000000000000000 | 00 00 00 00 00 00 00 00
x20=0x0000000000000001 is an unknown value
x21=0x0 is null
x22=0x0000000177e321a8 is pointing into the stack for thread: 0x0000000aed885c00
x23=0x0000000177e321a8 is pointing into the stack for thread: 0x0000000aed885c00
x24=0x0 is null
x25=0x0000000af3eeb818 points into unknown readable memory: 0x0000000001cdc0de | de c0 cd 01 00 00 00 00
x26=0x0000000129da4fd0 is pointing into metadata
x27=0x0 is null
x28=0x0000000aed885c00 is a thread
 fp=0x0000000177e32180 is pointing into the stack for thread: 0x0000000aed885c00
 lr=0x000000019a549888: _ZNSt3__15mutex4lockEv+0x10 in /usr/lib/libc++.1.dylib at 0x000000019a526000
 sp=0x0000000177e32180 is pointing into the stack for thread: 0x0000000aed885c00

Top of Stack: (sp=0x0000000177e32180)
0x0000000177e32180:   0000000177e32190 000000019a549888
0x0000000177e32190:   0000000177e32270 000000013bbefde8
0x0000000177e321a0:   0000000177e321a8 000000013be56140
0x0000000177e321b0:   000000013be559d0 000000004d55545a
0x0000000177e321c0:   000020a000000000 4d55545a00000000
0x0000000177e321d0:   0000000000000000 0000000000000000
0x0000000177e321e0:   ffffffffffffffff fffffffe881cde47
0x0000000177e321f0:   4d55545a4d55545a 00000000434f4e45
0x0000000177e32200:   8000000000000000 0000000000000000
0x0000000177e32210:   0000010100000100 0000000000000100
0x0000000177e32220:   0000000000000000 1d4e690100000000
0x0000000177e32230:   0000000000000000 1d4e69aac3a300ea
0x0000000177e32240:   0000000000000001 0000000af4000bf0
0x0000000177e32250:   0000000000000001 0000000000000000
0x0000000177e32260:   ffffffffffffffff 000000013be04914
0x0000000177e32270:   0000000177e322d0 000000013bb1ff70
0x0000000177e32280:   0000000177e322d0 000000013bb1edf8
0x0000000177e32290:   0000000129da4fd0 00000003008a5c50
0x0000000177e322a0:   0000000177e328c8 0000000000000b88
0x0000000177e322b0:   0000000129da36f7 0000000106f71f10
0x0000000177e322c0:   0000000177e327d8 0000000177e327a0
0x0000000177e322d0:   0000000177e325d0 000000011f555494
0x0000000177e322e0:   0f00ffff00000001 0000000177e32408
0x0000000177e322f0:   0000000aed885c00 0000000000000000
0x0000000177e32300:   0000000129da4fd0 00000003008a5c50
0x0000000177e32310:   0000000000000001 0000000000000006
0x0000000177e32320:   0000000177e32538 0000000177e32388
0x0000000177e32330:   0000000177e32370 ffffffffffffffff
0x0000000177e32340:   4370000040800000 0000000044200000
0x0000000177e32350:   0000000000000001 00000000000034b8
0x0000000177e32360:   0000000af3fc0000 0000000177e32558
0x0000000177e32370:   0000000177e323c0 000000013bb55194 

Instructions: (pc=0x000000019a61238c)
0x000000019a61228c:   fd 43 00 91 f4 03 01 aa f3 03 00 aa e0 16 36 d0
0x000000019a61229c:   00 50 00 91 a1 00 a0 52 38 29 00 94 e8 16 36 d0
0x000000019a6122ac:   08 c1 00 91 09 59 73 f8 69 00 00 b5 e9 03 34 aa
0x000000019a6122bc:   09 59 33 f8 a8 16 36 d0 09 19 40 b9 3f 01 13 6b
0x000000019a6122cc:   4a 00 00 54 13 19 00 b9 e0 16 36 d0 00 50 00 91
0x000000019a6122dc:   2e 29 00 94 00 00 80 52 fd 7b 41 a9 f4 4f c2 a8
0x000000019a6122ec:   ff 23 03 d5 c0 03 5f d6 c0 02 80 52 c0 03 5f d6
0x000000019a6122fc:   7f 23 03 d5 f6 57 bd a9 f4 4f 01 a9 fd 7b 02 a9
0x000000019a61230c:   fd 83 00 91 f4 03 01 aa f3 03 00 aa e0 16 36 d0
0x000000019a61231c:   00 50 00 91 a1 00 a0 52 18 29 00 94 08 20 80 52
0x000000019a61232c:   e9 16 36 d0 29 c1 00 91 2a 79 68 f8 ca 00 00 b4
0x000000019a61233c:   08 05 00 91 1f 01 0c f1 81 ff ff 54 75 04 80 52
0x000000019a61234c:   05 00 00 14 15 00 80 52 ea 03 34 aa 2a 79 28 f8
0x000000019a61235c:   68 02 00 f9 e0 16 36 d0 00 50 00 91 0b 29 00 94
0x000000019a61236c:   e0 03 15 aa fd 7b 42 a9 f4 4f 41 a9 f6 57 c3 a8
0x000000019a61237c:   ff 0f 5f d6 7f 23 03 d5 fd 7b bf a9 fd 03 00 91
0x000000019a61238c:   08 00 40 f9 49 8b 8a 52 a9 aa a9 72 1f 01 09 eb
0x000000019a61239c:   61 04 00 54 08 0c 40 b9 09 09 1a 12 3f 01 01 71
0x000000019a6123ac:   c0 04 00 54 88 05 70 37 08 9c 00 91 08 f1 7d 92
0x000000019a6123bc:   09 01 40 f9 69 02 08 37 0a 7c 00 91 4a f1 7d 92
0x000000019a6123cc:   6b d0 3b d5 6b 81 5f f8 ec 03 09 2a ac 01 08 37
0x000000019a6123dc:   29 7d 60 92 2d 01 0c aa ac 01 7f b2 e9 03 0d aa
0x000000019a6123ec:   0c 7d e9 c8 ec 03 09 2a 3f 01 0d eb 01 ff ff 54
0x000000019a6123fc:   4b 01 00 f9 00 00 80 52 fd 7b c1 a8 ff 0f 5f d6
0x000000019a61240c:   01 00 80 52 fd 7b c1 a8 ff 23 03 d5 d0 07 1e ca
0x000000019a61241c:   50 00 f0 b6 20 8e 38 d4 da 00 00 14 01 00 80 52
0x000000019a61242c:   fd 7b c1 a8 ff 23 03 d5 d0 07 1e ca 50 00 f0 b6
0x000000019a61243c:   20 8e 38 d4 12 00 00 14 01 00 80 52 fd 7b c1 a8
0x000000019a61244c:   ff 23 03 d5 d0 07 1e ca 50 00 f0 b6 20 8e 38 d4
0x000000019a61245c:   68 23 00 14 02 00 80 52 68 d0 3b d5 08 19 40 b9
0x000000019a61246c:   01 75 1e 12 08 60 00 91 01 7d e2 88 5f 00 00 71
0x000000019a61247c:   20 fc ff 54 b9 22 00 94 df ff ff 17 7f 23 03 d5 


Stack slot to memory mapping:

stack at sp + 0 slots: 0x0000000177e32190 is pointing into the stack for thread: 0x0000000aed885c00
stack at sp + 1 slots: 0x000000019a549888: _ZNSt3__15mutex4lockEv+0x10 in /usr/lib/libc++.1.dylib at 0x000000019a526000
stack at sp + 2 slots: 0x0000000177e32270 is pointing into the stack for thread: 0x0000000aed885c00
stack at sp + 3 slots: 0x000000013bbefde8: _Z16mvkWaitForFencesP9MVKDevicejPKP9VkFence_Tjy+0xfc in /opt/homebrew/Cellar/molten-vk/1.4.0/lib/libMoltenVK.dylib at 0x000000013bb08000
stack at sp + 4 slots: 0x0000000177e321a8 is pointing into the stack for thread: 0x0000000aed885c00
stack at sp + 5 slots: 0x000000013be56140: _ZTV14MVKFenceSitter+0x10 in /opt/homebrew/Cellar/molten-vk/1.4.0/lib/libMoltenVK.dylib at 0x000000013bb08000
stack at sp + 6 slots: 0x000000013be559d0: _ZTV16MVKSemaphoreImpl+0x10 in /opt/homebrew/Cellar/molten-vk/1.4.0/lib/libMoltenVK.dylib at 0x000000013bb08000
stack at sp + 7 slots: 0x000000004d55545a is an unknown value


Compiled method (n/a) 38316 7905     n 0       com.spela.player.libretro.LibretroJni::nativeGpuRenderToBgra (native)
 total in heap  [0x000000011783d690,0x000000011783da10] = 896
 relocation     [0x000000011783d7e0,0x000000011783d808] = 40
 main code      [0x000000011783d840,0x000000011783da00] = 448
 oops           [0x000000011783da00,0x000000011783da08] = 8
 metadata       [0x000000011783da08,0x000000011783da10] = 8

[Constant Pool (empty)]

[MachCode]
[Entry Point]
  # {method} {0x00000001296e9e20} 'nativeGpuRenderToBgra' '([B)J' in 'com/spela/player/libretro/LibretroJni'
  # this:     c_rarg1:c_rarg1 
                        = 'com/spela/player/libretro/LibretroJni'
  # parm0:    c_rarg2:c_rarg2 
                        = '[B'
  #           [sp+0x60]  (sp of caller)
  0x000000011783d840: 2808 40b9 | 3f01 086b | 4000 0054 

  0x000000011783d84c: ;   {runtime_call ic_miss_stub}
  0x000000011783d84c: 8d79 dd17 
[Verified Entry Point]
  0x000000011783d850: 1f20 03d5 | e953 40d1 | 3f01 00f9 | fd7b bfa9 | fd03 0091 | ff43 01d1 | 2801 0018 | 8923 40b9 
  0x000000011783d870: 1f01 09eb | e000 0054 | 0830 8bd2 | 48df a2f2 | 2800 c0f2 | 0001 3fd6 | 0200 0014 | 0700 0000 
  0x000000011783d890: e207 00f9 | 5f00 1feb | e223 0091 | e203 829a | e103 00f9 | 3f00 1feb | e103 00d1 | e103 819a 
  0x000000011783d8b0: e801 0010 | 88d7 01f9 | e803 0091 | 88d3 01f9 

  0x000000011783d8c0: ;   {external_word}
  0x000000011783d8c0: 08b9 f7f0 | 08a5 7a39 | 8806 0035 | 8003 0f91 | e803 7eb2 | 8933 1191 | 28fd 9f88 

  0x000000011783d8dc: ;   {runtime_call Java_com_spela_player_libretro_LibretroJni_nativeGpuRenderToBgra}
  0x000000011783d8dc: 08c2 8ad2 | 88ea a3f2 | 2800 c0f2 | 0001 3fd6 | a800 80d2 | 884f 04b9 | bf3b 03d5 | 8843 1191 
  0x000000011783d8fc: 08fd dfc8 | bf03 08eb | a803 0054 | 884b 44b9 | 6803 0035 | e803 7db2 | 8933 1191 | 28fd 9f88 
  0x000000011783d91c: 8823 5339 | 1f09 0071 | c001 0054 

  0x000000011783d928: ;   {external_word}
  0x000000011783d928: 08b9 f7f0 | 08a5 7a39 | e804 0035 | 9fd3 01f9 | 9fd7 01f9 | 821b 42f9 | 5f80 00f9 | bf03 0091 
  0x000000011783d948: fd7b c1a8 | 8807 40f9 | 4800 00b5 | c003 5fd6 

  0x000000011783d958: ;   {runtime_call StubRoutines (initial stubs)}
  0x000000011783d958: ca89 dc17 | a083 1ff8 

  0x000000011783d960: ;   {runtime_call SharedRuntime::reguard_yellow_pages()}
  0x000000011783d960: 08dc 9bd2 | a8d5 a0f2 | 2800 c0f2 | 0001 3fd6 | a083 5ff8 | edff ff17 | a083 1ff8 | e003 1caa 
  0x000000011783d980: ;   {runtime_call JavaThread::check_special_condition_for_native_trans(JavaThread*)}
  0x000000011783d980: 8873 90d2 | c8cd a0f2 | 2800 c0f2 | 0001 3fd6 | a083 5ff8 | dfff ff17 | e10b bfa9 

  0x000000011783d99c: ;   {metadata({method} {0x00000001296e9e20} 'nativeGpuRenderToBgra' '([B)J' in 'com/spela/player/libretro/LibretroJni')}
  0x000000011783d99c: 01c4 93d2 | c12d a5f2 | 2100 c0f2 | e003 1caa | e833 bfa9 | 888f 97d2 | a8d5 a0f2 | 2800 c0f2 
  0x000000011783d9bc: 0001 3fd6 | e833 c1a8 | e10b c1a8 | c1ff ff17 | a083 1ff8 

  0x000000011783d9d0: ;   {metadata({method} {0x00000001296e9e20} 'nativeGpuRenderToBgra' '([B)J' in 'com/spela/player/libretro/LibretroJni')}
  0x000000011783d9d0: 01c4 93d2 | c12d a5f2 | 2100 c0f2 | e003 1caa | e833 bfa9 | 08ad 97d2 | a8d5 a0f2 | 2800 c0f2 
  0x000000011783d9f0: 0001 3fd6 | e833 c1a8 | a083 5ff8 | ceff ff17 
[/MachCode]


Compiled method (c1) 38320 8126       3       com.spela.player.libretro.DesktopLibretroController::renderGpuFrameToBgra (147 bytes)
 total in heap  [0x0000000110a13010,0x0000000110a146d8] = 5832
 relocation     [0x0000000110a13160,0x0000000110a13318] = 440
 main code      [0x0000000110a13340,0x0000000110a13f60] = 3104
 stub code      [0x0000000110a13f60,0x0000000110a140f8] = 408
 oops           [0x0000000110a140f8,0x0000000110a14110] = 24
 metadata       [0x0000000110a14110,0x0000000110a141d8] = 200
 scopes data    [0x0000000110a141d8,0x0000000110a14448] = 624
 scopes pcs     [0x0000000110a14448,0x0000000110a14678] = 560
 dependencies   [0x0000000110a14678,0x0000000110a14680] = 8
 nul chk table  [0x0000000110a14680,0x0000000110a146d8] = 88

[Constant Pool (empty)]

[MachCode]
[Entry Point]
  # {method} {0x0000000129da3610} 'renderGpuFrameToBgra' '()V' in 'com/spela/player/libretro/DesktopLibretroController'
  #           [sp+0x100]  (sp of caller)
  0x0000000110a13340: 2808 40b9 | 3f01 086b | c001 0054 

  0x0000000110a1334c: ;   {runtime_call ic_miss_stub}
  0x0000000110a1334c: cd22 9615 | 1f20 03d5 | 1f20 03d5 | 1f20 03d5 | 1f20 03d5 | 1f20 03d5 | 1f20 03d5 | 1f20 03d5 
  0x0000000110a1336c: 1f20 03d5 | 1f20 03d5 | 1f20 03d5 | 1f20 03d5 | 1f20 03d5 
[Verified Entry Point]
  0x0000000110a13380: 1f20 03d5 | e953 40d1 | 3f01 00f9 | ff03 04d1 | fd7b 0fa9 | 2801 0018 | 8923 40b9 | 1f01 09eb 
  0x0000000110a133a0: e000 0054 | 0830 8bd2 | 48df a2f2 | 2800 c0f2 | 0001 3fd6 | 0200 0014 | 0700 0000 | e15b 00f9 
  0x0000000110a133c0: ;   {metadata(method data for {method} {0x0000000129da3610} 'renderGpuFrameToBgra' '()V' in 'com/spela/player/libretro/DesktopLibretroController')}
  0x0000000110a133c0: 00ab 97d2 | 007c a5f2 | 2000 c0f2 | 02ac 40b9 | 4208 0011 | 02ac 00b9 | 4224 1f12 | 5f00 0071 
  0x0000000110a133e0: c04b 0054 | 203c 40b9 | 00f0 7dd3 

  0x0000000110a133ec: ; implicit exception: dispatches to 0x0000000110a13d78
  0x0000000110a133ec: 1f00 40f9 | e203 00aa 

  0x0000000110a133f4: ;   {metadata(method data for {method} {0x0000000129da3610} 'renderGpuFrameToBgra' '()V' in 'com/spela/player/libretro/DesktopLibretroController')}
  0x0000000110a133f4: 03ab 97d2 | 037c a5f2 | 2300 c0f2 | 6878 40f9 | 0805 0091 | 6878 00f9 | e103 00aa 

  0x0000000110a13410: ; ImmutableOopMap {[176]=Oop }
                      ;*invokevirtual nativeGetVideoWidth {reexecute=0 rethrow=0 return_oop=0}
                      ; - com.spela.player.libretro.DesktopLibretroController::renderGpuFrameToBgra@4 (line 269)
                      ;   {optimized virtual_call}
  0x0000000110a13410: f0a5 b895 

  0x0000000110a13414: ;   {other}
  0x0000000110a13414: 1f20 03d5 | 9f80 80f2 | 1f00 80f2 | e15b 40f9 | 223c 40b9 | 42f0 7dd3 

  0x0000000110a1342c: ; implicit exception: dispatches to 0x0000000110a13d7c
  0x0000000110a1342c: 5f00 40f9 | e303 02aa 

  0x0000000110a13434: ;   {metadata(method data for {method} {0x0000000129da3610} 'renderGpuFrameToBgra' '()V' in 'com/spela/player/libretro/DesktopLibretroController')}
  0x0000000110a13434: 04ab 97d2 | 047c a5f2 | 2400 c0f2 | 8894 40f9 | 0805 0091 | 8894 00f9 | e103 02aa | e0bb 00b9 
  0x0000000110a13454: ; ImmutableOopMap {[176]=Oop }
                      ;*invokevirtual nativeGetVideoHeight {reexecute=0 rethrow=0 return_oop=0}
                      ; - com.spela.player.libretro.DesktopLibretroController::renderGpuFrameToBgra@12 (line 270)
                      ;   {optimized virtual_call}
  0x0000000110a13454: dfa6 b895 

  0x0000000110a13458: ;   {other}
  0x0000000110a13458: 1f20 03d5 | 1f89 80f2 | 1f20 80f2 | e3bb 40b9 | 7f00 0071 

  0x0000000110a1346c: ;   {metadata(method data for {method} {0x0000000129da3610} 'renderGpuFrameToBgra' '()V' in 'com/spela/player/libretro/DesktopLibretroController')}
  0x0000000110a1346c: 03ab 97d2 | 037c a5f2 | 2300 c0f2 | 082c 80d2 | 092e 80d2 | 05d1 899a | 6a68 65f8 | 4a05 0091 
  0x0000000110a1348c: 6a68 25f8 | 8d3b 0054 | 1f00 0071 

  0x0000000110a13498: ;   {metadata(method data for {method} {0x0000000129da3610} 'renderGpuFrameToBgra' '()V' in 'com/spela/player/libretro/DesktopLibretroController')}
  0x0000000110a13498: 03ab 97d2 | 037c a5f2 | 2300 c0f2 | 0832 80d2 | e907 79b2 | 00d1 899a | 6568 60f8 | a504 0091 
  0x0000000110a134b8: 6568 20f8 | 2d3a 0054 | e15b 40f9 | bf3b 03d5 | 2328 40b9 | bf3b 03d5 | 200c 40b9 | bf39 03d5 
  0x0000000110a134d8: 657c 001b | a374 1e53 | 2424 40b9 | e4bf 00b9 | 2258 40b9 | 42f0 7dd3 

  0x0000000110a134f0: ; implicit exception: dispatches to 0x0000000110a13d80
  0x0000000110a134f0: 400c 40b9 | 9f00 006b | 6244 0054 | 807c 4093 | 00f4 7ed3 | 0040 0091 | 4068 60b8 | 00f0 7dd3 
  0x0000000110a13510: ; implicit exception: dispatches to 0x0000000110a13d9c
  0x0000000110a13510: 000c 40b9 | 1f00 036b 

  0x0000000110a13518: ;   {metadata(method data for {method} {0x0000000129da3610} 'renderGpuFrameToBgra' '()V' in 'com/spela/player/libretro/DesktopLibretroController')}
  0x0000000110a13518: 00ab 97d2 | 007c a5f2 | 2000 c0f2 | 0834 80d2 | 0936 80d2 | 05a1 899a | 0a68 65f8 | 4a05 0091 
  0x0000000110a13538: 0a68 25f8 | 8a0f 0054 | f303 03aa 

  0x0000000110a13544: ;   {metadata({type array byte})}
  0x0000000110a13544: 0363 84d2 | 0300 a0f2 | 0314 c0f2 | 737e 40d3 | e503 13aa | e85f 40b2 | 7f02 08eb | 0242 0054 
  0x0000000110a13564: eb02 80d2 | 6b41 338b | 6bf1 7d92 | 80df 40f9 | 0b60 2b8b | 88e7 40f9 | 7f01 08eb | 0841 0054 
  0x0000000110a13584: 8bdf 00f9 | 6b01 00cb | ea03 40b2 | 0a00 00f9 | ea03 032a | 0a4c 0129 | 6b41 00f1 | c001 0054 
  0x0000000110a135a4: e803 0baa | 0a40 0091 | 0bfd 43d3 | 6821 00f1 | 4300 0054 

  0x0000000110a135b8: ;   {runtime_call StubRoutines (final stubs)}
  0x0000000110a135b8: 2240 9695 | 6b00 1036 | 5f7d 81a8 | 5f7d 81a8 | 4b00 0836 | 5f7d 81a8 | 4b00 0036 | 5f01 00f9 
  0x0000000110a135d8: bf3a 03d5 | 0001 00b5 

  0x0000000110a135e0: ;   {metadata(method data for {method} {0x0000000129da3610} 'renderGpuFrameToBgra' '()V' in 'com/spela/player/libretro/DesktopLibretroController')}
  0x0000000110a135e0: 05ab 97d2 | 057c a5f2 | 2500 c0f2 | a8e4 4639 | 0801 40b2 | a8e4 0639 | 4000 0014 

  0x0000000110a135fc: ; implicit exception: dispatches to 0x0000000110a13da8
  0x0000000110a135fc: 4308 40b9 | 0314 c0f2 | 0508 40b9 | 0514 c0f2 | 6370 40f9 | bf00 03eb | 6001 0054 | 6614 40b9 
  0x0000000110a1361c: a868 66f8 | 7f00 08eb | e000 0054 | df80 00f1 | 6105 0054 | e50f bfa9 

  0x0000000110a13634: ;   {runtime_call slow_subtype_check Runtime1 stub}
  0x0000000110a13634: 337e 9995 | e317 c1a8 | e304 0034 

  0x0000000110a13640: ;   {metadata(method data for {method} {0x0000000129da3610} 'renderGpuFrameToBgra' '()V' in 'com/spela/player/libretro/DesktopLibretroController')}
  0x0000000110a13640: 05ab 97d2 | 057c a5f2 | 2500 c0f2 | 0308 40b9 | 0314 c0f2 | a940 0791 | 2801 40f9 | 7f00 08eb 
  0x0000000110a13660: a100 0054 | a8ec 40f9 | 0805 0091 | a8ec 00f9 | 2200 0014 | a980 0791 | 2801 40f9 | 7f00 08eb 
  0x0000000110a13680: a100 0054 | a8f4 40f9 | 0805 0091 | a8f4 00f9 | 1a00 0014 | a940 0791 | 2801 40f9 | c800 00b5 
  0x0000000110a136a0: 2301 00f9 | e803 40b2 | a960 0791 | 2801 00f9 | 1200 0014 | a980 0791 | 2801 40f9 | c800 00b5 
  0x0000000110a136c0: 2301 00f9 | e803 40b2 | a9a0 0791 | 2801 00f9 | 0a00 0014 | 0900 0014 

  0x0000000110a136d8: ;   {metadata(method data for {method} {0x0000000129da3610} 'renderGpuFrameToBgra' '()V' in 'com/spela/player/libretro/DesktopLibretroController')}
  0x0000000110a136d8: 05ab 97d2 | 057c a5f2 | 2500 c0f2 | a900 0791 | 2801 40f9 | 0805 00d1 | 2801 00f9 | ae01 0014 
  0x0000000110a136f8: 837c 4093 | 63f4 7ed3 | 6340 0091 | 4360 238b | 8503 4139 | bf00 0071 | 2135 0054 | 08fc 43d3 
  0x0000000110a13718: 6800 00b9 | 6500 00ca | a5fc 56d3 | bf00 00f1 | 2135 0054 | 203c 40b9 | 00f0 7dd3 | 837c 4093 
  0x0000000110a13738: 63f4 7ed3 | 6340 0091 | 4268 63b8 | 42f0 7dd3 

  0x0000000110a13748: ; implicit exception: dispatches to 0x0000000110a13ddc
  0x0000000110a13748: 1f00 40f9 | e303 00aa 

  0x0000000110a13750: ;   {metadata(method data for {method} {0x0000000129da3610} 'renderGpuFrameToBgra' '()V' in 'com/spela/player/libretro/DesktopLibretroController')}
  0x0000000110a13750: 05ab 97d2 | 057c a5f2 | 2500 c0f2 | a8fc 40f9 | 0805 0091 | a8fc 00f9 | e103 00aa 

  0x0000000110a1376c: ; ImmutableOopMap {[176]=Oop }
                      ;*invokevirtual nativeGpuRenderToBgra {reexecute=0 rethrow=0 return_oop=0}
                      ; - com.spela.player.libretro.DesktopLibretroController::renderGpuFrameToBgra@76 (line 282)
                      ;   {optimized virtual_call}
  0x0000000110a1376c: 39a8 b895 

  0x0000000110a13770: ;   {other}
  0x0000000110a13770: 1f20 03d5 | 1fec 80f2 | 1f40 80f2 | e103 00aa | 3f00 00f1 

  0x0000000110a13784: ;   {metadata(method data for {method} {0x0000000129da3610} 'renderGpuFrameToBgra' '()V' in 'com/spela/player/libretro/DesktopLibretroController')}
  0x0000000110a13784: 01ab 97d2 | 017c a5f2 | 2100 c0f2 | 0846 80d2 | 0948 80d2 | 0201 899a | 2368 62f8 | 6304 0091 
  0x0000000110a137a4: 2368 22f8 | 0022 0054 | e15b 40f9 | 02fc 6093 | 427c 40d3 | e2c3 00b9 | 007c 4092 | 007c 40d3 
  0x0000000110a137c4: e0c7 00b9 | 233c 40b9 | 63f0 7dd3 

  0x0000000110a137d0: ; implicit exception: dispatches to 0x0000000110a13de0
  0x0000000110a137d0: 7f00 40f9 | e503 03aa 

  0x0000000110a137d8: ;   {metadata(method data for {method} {0x0000000129da3610} 'renderGpuFrameToBgra' '()V' in 'com/spela/player/libretro/DesktopLibretroController')}
  0x0000000110a137d8: 06ab 97d2 | 067c a5f2 | 2600 c0f2 | c828 41f9 | 0805 0091 | c828 01f9 | e103 03aa 

  0x0000000110a137f4: ; ImmutableOopMap {[176]=Oop }
                      ;*invokevirtual nativeGetAspectRatio {reexecute=0 rethrow=0 return_oop=0}
                      ; - com.spela.player.libretro.DesktopLibretroController::renderGpuFrameToBgra@109 (line 287)
                      ;   {optimized virtual_call}
  0x0000000110a137f4: 17a9 b895 

  0x0000000110a137f8: ;   {other}
  0x0000000110a137f8: 1f20 03d5 | 1ffd 80f2 | 1f60 80f2 | e0e3 00bd 

  0x0000000110a13808: ;   {metadata('com/spela/player/libretro/DesktopLibretroController$RenderedFrame')}
  0x0000000110a13808: 039b 9dd2 | 432b a0f2 | 0314 c0f2 | 80df 40f9 | 0b80 0091 | 88e7 40f9 | 7f01 08eb | 082e 0054 
  0x0000000110a13828: 8bdf 00f9 | ea03 40b2 | 0a00 00f9 | ea03 032a | 0a7c 0129 | 0a40 0091 | 5f7d 00a9 | bf3a 03d5 
  0x0000000110a13848: e06b 00f9 | e15b 40f9 | 2358 40b9 | 63f0 7dd3 

  0x0000000110a13858: ; implicit exception: dispatches to 0x0000000110a13dec
  0x0000000110a13858: 640c 40b9 | e2bf 40b9 | 5f00 046b | 622c 0054 | 447c 4093 | 84f4 7ed3 | 8440 0091 | 6568 64b8 
  0x0000000110a13878: a5f0 7dd3 | e56f 00f9 | e303 00aa 

  0x0000000110a13884: ;   {metadata(method data for {method} {0x0000000129da3610} 'renderGpuFrameToBgra' '()V' in 'com/spela/player/libretro/DesktopLibretroController')}
  0x0000000110a13884: 04ab 97d2 | 047c a5f2 | 2400 c0f2 | 8844 41f9 | 0805 0091 | 8844 01f9 

  0x0000000110a1389c: ;   {metadata(method data for {method} {0x000000012bc82da8} '<init>' '([BIIF)V' in 'com/spela/player/libretro/DesktopLibretroController$RenderedFrame')}
  0x0000000110a1389c: 030a 98d2 | 037c a5f2 | 2300 c0f2 | 64ac 40b9 | 8408 0011 | 64ac 00b9 | 844c 1f12 | 9f00 0071 
  0x0000000110a138bc: 602a 0054 

  0x0000000110a138c0: ;   {metadata(method data for {method} {0x000000012bc82da8} '<init>' '([BIIF)V' in 'com/spela/player/libretro/DesktopLibretroController$RenderedFrame')}
  0x0000000110a138c0: 030a 98d2 | 037c a5f2 | 2300 c0f2 | 6878 40f9 | 0805 0091 | 6878 00f9 

  0x0000000110a138d8: ;   {metadata(method data for {method} {0x000000012943fe90} 'checkNotNullParameter' '(Ljava/lang/Object;Ljava/lang/String;)V' in 'kotlin/jvm/internal/Intrinsics')}
  0x0000000110a138d8: 032d 9fd2 | 832b a5f2 | 2300 c0f2 | 64ac 40b9 | 8408 0011 | 64ac 00b9 | 844c 1f12 | 9f00 0071 
  0x0000000110a138f8: 8029 0054 | e303 1faa | bf00 03eb 

  0x0000000110a13904: ;   {metadata(method data for {method} {0x000000012943fe90} 'checkNotNullParameter' '(Ljava/lang/Object;Ljava/lang/String;)V' in 'kotlin/jvm/internal/Intrinsics')}
  0x0000000110a13904: 032d 9fd2 | 832b a5f2 | 2300 c0f2 | e80f 7cb2 | e903 78b2 | 0411 899a | 6a68 64f8 | 4a05 0091 
  0x0000000110a13924: 6a68 24f8 | 6110 0054 

  0x0000000110a1392c: ;   {metadata(method data for {method} {0x000000012943fe90} 'checkNotNullParameter' '(Ljava/lang/Object;Ljava/lang/String;)V' in 'kotlin/jvm/internal/Intrinsics')}
  0x0000000110a1392c: 032d 9fd2 | 832b a5f2 | 2300 c0f2 | 6888 40f9 | 0805 0091 | 6888 00f9 

  0x0000000110a13944: ;   {metadata(method data for {method} {0x0000000129440060} 'throwParameterIsNullNPE' '(Ljava/lang/String;)V' in 'kotlin/jvm/internal/Intrinsics')}
  0x0000000110a13944: 0360 9fd2 | 832b a5f2 | 2300 c0f2 | 6aac 40b9 | 4a09 0011 | 6aac 00b9 | 4a4d 1f12 | 5f01 0071 
  0x0000000110a13964: 2027 0054 

  0x0000000110a13968: ; ImmutableOopMap {[176]=Oop [208]=Oop [216]=Oop }
                      ;*new {reexecute=0 rethrow=0 return_oop=0}
                      ; - kotlin.jvm.internal.Intrinsics::throwParameterIsNullNPE@0 (line 140)
                      ; - kotlin.jvm.internal.Intrinsics::checkNotNullParameter@5 (line 131)
                      ; - com.spela.player.libretro.DesktopLibretroController$RenderedFrame::<init>@3
                      ; - com.spela.player.libretro.DesktopLibretroController::renderGpuFrameToBgra@132 (line 288)
                      ;   {runtime_call load_mirror_patching Runtime1 stub}
  0x0000000110a13968: 6683 9995 | 80df 40f9 | 0bc0 0091 | 88e7 40f9 | 7f01 08eb | 6827 0054 | 8bdf 00f9 | ea03 40b2 
  0x0000000110a13988: 0a00 00f9 | ea03 032a | 0a7c 0129 | 0a40 0091 | 5f7d 00a9 | 5f7d 01a9 | bf3a 03d5 

  0x0000000110a139a4: ;   {metadata(method data for {method} {0x0000000129440060} 'throwParameterIsNullNPE' '(Ljava/lang/String;)V' in 'kotlin/jvm/internal/Intrinsics')}
  0x0000000110a139a4: 0360 9fd2 | 832b a5f2 | 2300 c0f2 | 6878 40f9 | 0805 0091 | 6878 00f9 

  0x0000000110a139bc: ;   {oop("data"{0x00000003013271b8})}
  0x0000000110a139bc: 0337 8ed2 | 4326 a0f2 | 6300 c0f2 | e103 03aa | e067 00f9 

  0x0000000110a139d0: ; ImmutableOopMap {[176]=Oop [200]=Oop [208]=Oop [216]=Oop }
                      ;*invokestatic createParameterIsNullExceptionMessage {reexecute=0 rethrow=0 return_oop=0}
                      ; - kotlin.jvm.internal.Intrinsics::throwParameterIsNullNPE@5 (line 140)
                      ; - kotlin.jvm.internal.Intrinsics::checkNotNullParameter@5 (line 131)
                      ; - com.spela.player.libretro.DesktopLibretroController$RenderedFrame::<init>@3
                      ; - com.spela.player.libretro.DesktopLibretroController::renderGpuFrameToBgra@132 (line 288)
                      ;   {static_call}
  0x0000000110a139d0: 6c23 9695 

  0x0000000110a139d4: ;   {other}
  0x0000000110a139d4: 1f20 03d5 | 9f38 81f2 | 1fa0 80f2 | e267 40f9 

  0x0000000110a139e4: ;   {metadata(method data for {method} {0x0000000129440060} 'throwParameterIsNullNPE' '(Ljava/lang/String;)V' in 'kotlin/jvm/internal/Intrinsics')}
  0x0000000110a139e4: 0160 9fd2 | 812b a5f2 | 2100 c0f2 | 2880 40f9 | 0805 0091 | 2880 00f9 | e203 00aa | e167 40f9 
  0x0000000110a13a04: ; ImmutableOopMap {[176]=Oop [200]=Oop [208]=Oop [216]=Oop }
                      ;*invokespecial <init> {reexecute=0 rethrow=0 return_oop=0}
                      ; - kotlin.jvm.internal.Intrinsics::throwParameterIsNullNPE@8 (line 140)
                      ; - kotlin.jvm.internal.Intrinsics::checkNotNullParameter@5 (line 131)
                      ; - com.spela.player.libretro.DesktopLibretroController$RenderedFrame::<init>@3
                      ; - com.spela.player.libretro.DesktopLibretroController::renderGpuFrameToBgra@132 (line 288)
                      ;   {optimized virtual_call}
  0x0000000110a13a04: df21 9695 

  0x0000000110a13a08: ;   {other}
  0x0000000110a13a08: 1f20 03d5 | 1f3f 81f2 | 1fc0 80f2 

  0x0000000110a13a14: ;   {metadata(method data for {method} {0x0000000129440060} 'throwParameterIsNullNPE' '(Ljava/lang/String;)V' in 'kotlin/jvm/internal/Intrinsics')}
  0x0000000110a13a14: 0160 9fd2 | 812b a5f2 | 2100 c0f2 | 2888 40f9 | 0805 0091 | 2888 00f9 

  0x0000000110a13a2c: ;   {metadata(method data for {method} {0x0000000129441090} 'sanitizeStackTrace' '(Ljava/lang/Throwable;)Ljava/lang/Throwable;' in 'kotlin/jvm/internal/Intrinsics')}
  0x0000000110a13a2c: 0193 9fd2 | 812b a5f2 | 2100 c0f2 | 20ac 40b9 | 0008 0011 | 20ac 00b9 | 004c 1f12 | 1f00 0071 
  0x0000000110a13a4c: 2021 0054 

  0x0000000110a13a50: ;   {oop(a 'java/lang/Class'{0x0000000300b93080} = 'kotlin/jvm/internal/Intrinsics')}
  0x0000000110a13a50: 0110 86d2 | 2117 a0f2 | 6100 c0f2 | e003 01aa 

  0x0000000110a13a60: ;   {metadata(method data for {method} {0x0000000129441090} 'sanitizeStackTrace' '(Ljava/lang/Throwable;)Ljava/lang/Throwable;' in 'kotlin/jvm/internal/Intrinsics')}
  0x0000000110a13a60: 0293 9fd2 | 822b a5f2 | 2200 c0f2 | 4878 40f9 | 0805 0091 | 4878 00f9 

  0x0000000110a13a78: ;   {metadata(method data for {method} {0x000000a0004684b0} 'getName' '()Ljava/lang/String;' in 'java/lang/Class')}
  0x0000000110a13a78: 00a1 81d2 | e020 a5f2 | 2000 c0f2 | 02ac 40b9 | 4208 0011 | 02ac 00b9 | 424c 1f12 | 5f00 0071 
  0x0000000110a13a98: c01f 0054 

  0x0000000110a13a9c: ; implicit exception: dispatches to 0x0000000110a13eb0
  0x0000000110a13a9c: 212c 40b9 | 21f0 7dd3 | e003 1faa | 3f00 00eb 

  0x0000000110a13aac: ;   {metadata(method data for {method} {0x000000a0004684b0} 'getName' '()Ljava/lang/String;' in 'java/lang/Class')}
  0x0000000110a13aac: 00a1 81d2 | e020 a5f2 | 2000 c0f2 | e80f 7cb2 | e903 78b2 | 0201 899a | 0368 62f8 | 6304 0091 
  0x0000000110a13acc: 0368 22f8 | 2001 0054 

  0x0000000110a13ad4: ;   {metadata(method data for {method} {0x000000a0004684b0} 'getName' '()Ljava/lang/String;' in 'java/lang/Class')}
  0x0000000110a13ad4: 00a1 81d2 | e020 a5f2 | 2000 c0f2 | 0288 40f9 | 4204 0091 | 0288 00f9 | e003 01aa | 0f00 0014 
  0x0000000110a13af4: ;   {oop(a 'java/lang/Class'{0x0000000300b93080} = 'kotlin/jvm/internal/Intrinsics')}
  0x0000000110a13af4: 0110 86d2 | 2117 a0f2 | 6100 c0f2 | e003 01aa 

  0x0000000110a13b04: ;   {metadata(method data for {method} {0x000000a0004684b0} 'getName' '()Ljava/lang/String;' in 'java/lang/Class')}
  0x0000000110a13b04: 02a1 81d2 | e220 a5f2 | 2200 c0f2 | 4894 40f9 | 0805 0091 | 4894 00f9 

  0x0000000110a13b1c: ; ImmutableOopMap {[176]=Oop [200]=Oop [208]=Oop [216]=Oop }
                      ;*invokevirtual initClassName {reexecute=0 rethrow=0 return_oop=0}
                      ; - java.lang.Class::getName@14 (line 950)
                      ; - kotlin.jvm.internal.Intrinsics::sanitizeStackTrace@3 (line 253)
                      ; - kotlin.jvm.internal.Intrinsics::throwParameterIsNullNPE@11 (line 140)
                      ; - kotlin.jvm.internal.Intrinsics::checkNotNullParameter@5 (line 131)
                      ; - com.spela.player.libretro.DesktopLibretroController$RenderedFrame::<init>@3
                      ; - com.spela.player.libretro.DesktopLibretroController::renderGpuFrameToBgra@132 (line 288)
                      ;   {optimized virtual_call}
  0x0000000110a13b1c: 9921 9695 

  0x0000000110a13b20: ;   {other}
  0x0000000110a13b20: 1f20 03d5 | 1f62 81f2 | 1fe0 80f2 | e167 40f9 | 3a00 0014 | e20f 5829 | e103 00aa 

  0x0000000110a13b3c: ;   {metadata(method data for {method} {0x000000012bc82da8} '<init>' '([BIIF)V' in 'com/spela/player/libretro/DesktopLibretroController$RenderedFrame')}
  0x0000000110a13b3c: 040a 98d2 | 047c a5f2 | 2400 c0f2 | 8880 40f9 | 0805 0091 | 8880 00f9 

  0x0000000110a13b54: ;   {metadata(method data for {method} {0x000000a000473798} '<init>' '()V' in 'java/lang/Object')}
  0x0000000110a13b54: 014e 94d2 | 0120 a5f2 | 2100 c0f2 | 24ac 40b9 | 8408 0011 | 24ac 00b9 | 844c 1f12 | 9f00 0071 
  0x0000000110a13b74: 001a 0054 | 8103 4139 | 3f00 0071 | a11a 0054 | a8fc 43d3 | 0818 00b9 | 0100 05ca | 21fc 56d3 
  0x0000000110a13b94: 3f00 00f1 | a11a 0054 | 028c 0129 | 0014 00bd | bf3a 03d5 | e4bf 40b9 | e15b 40f9 | 8203 4139 
  0x0000000110a13bb4: 5f00 0071 | 211a 0054 | bf3b 03d5 | 08fc 43d3 | 285c 00b9 | bf3b 03d5 | 2200 00ca | 42fc 56d3 
  0x0000000110a13bd4: 5f00 00f1 | e119 0054 | e203 0032 | 4200 044b | 2224 00b9 | fd7b 4fa9 | ff03 0491 

  0x0000000110a13bf0: ;   {poll_return}
  0x0000000110a13bf0: 882b 42f9 | ff63 28eb | 6819 0054 | c003 5fd6 | fd7b 4fa9 | ff03 0491 

  0x0000000110a13c08: ;   {poll_return}
  0x0000000110a13c08: 882b 42f9 | ff63 28eb | 0819 0054 | c003 5fd6 

  0x0000000110a13c18: ;   {metadata(method data for {method} {0x0000000129441090} 'sanitizeStackTrace' '(Ljava/lang/Throwable;)Ljava/lang/Throwable;' in 'kotlin/jvm/internal/Intrinsics')}
  0x0000000110a13c18: 0a93 9fd2 | 8a2b a5f2 | 2a00 c0f2 | 4895 40f9 | 0805 0091 | 4895 00f9 | e203 00aa 

  0x0000000110a13c34: ; ImmutableOopMap {[176]=Oop [208]=Oop [216]=Oop }
                      ;*invokestatic sanitizeStackTrace {reexecute=0 rethrow=0 return_oop=0}
                      ; - kotlin.jvm.internal.Intrinsics::sanitizeStackTrace@6 (line 253)
                      ; - kotlin.jvm.internal.Intrinsics::throwParameterIsNullNPE@11 (line 140)
                      ; - kotlin.jvm.internal.Intrinsics::checkNotNullParameter@5 (line 131)
                      ; - com.spela.player.libretro.DesktopLibretroController$RenderedFrame::<init>@3
                      ; - com.spela.player.libretro.DesktopLibretroController::renderGpuFrameToBgra@132 (line 288)
                      ;   {static_call}
  0x0000000110a13c34: d322 9695 

  0x0000000110a13c38: ;   {other}
  0x0000000110a13c38: 1f20 03d5 | 1f85 81f2 | 1f00 81f2 | e317 4da9 | e0e3 40bd | e60b 5829 | e4bf 40b9 | e15b 40f9 
  0x0000000110a13c58: 0001 00b5 

  0x0000000110a13c5c: ;   {metadata(method data for {method} {0x0000000129440060} 'throwParameterIsNullNPE' '(Ljava/lang/String;)V' in 'kotlin/jvm/internal/Intrinsics')}
  0x0000000110a13c5c: 0b60 9fd2 | 8b2b a5f2 | 2b00 c0f2 | 6865 4439 | 0801 40b2 | 6865 0439 | 3700 0014 

  0x0000000110a13c78: ;   {metadata('java/lang/NullPointerException')}
  0x0000000110a13c78: 0a30 98d2 | ca00 a0f2 | 0a14 c0f2 | 0b08 40b9 | 0b14 c0f2 | 6829 40f9 | 5f01 08eb | e104 0054 
  0x0000000110a13c98: ;   {metadata(method data for {method} {0x0000000129440060} 'throwParameterIsNullNPE' '(Ljava/lang/String;)V' in 'kotlin/jvm/internal/Intrinsics')}
  0x0000000110a13c98: 0b60 9fd2 | 8b2b a5f2 | 2b00 c0f2 | 0a08 40b9 | 0a14 c0f2 | 69c1 0491 | 2801 40f9 | 5f01 08eb 
  0x0000000110a13cb8: a100 0054 | 689d 40f9 | 0805 0091 | 689d 00f9 | 2200 0014 | 6901 0591 | 2801 40f9 | 5f01 08eb 
  0x0000000110a13cd8: a100 0054 | 68a5 40f9 | 0805 0091 | 68a5 00f9 | 1a00 0014 | 69c1 0491 | 2801 40f9 | c800 00b5 
  0x0000000110a13cf8: 2a01 00f9 | e803 40b2 | 69e1 0491 | 2801 00f9 | 1200 0014 | 6901 0591 | 2801 40f9 | c800 00b5 
  0x0000000110a13d18: 2a01 00f9 | e803 40b2 | 6921 0591 | 2801 00f9 | 0a00 0014 | 0900 0014 

  0x0000000110a13d30: ;   {metadata(method data for {method} {0x0000000129440060} 'throwParameterIsNullNPE' '(Ljava/lang/String;)V' in 'kotlin/jvm/internal/Intrinsics')}
  0x0000000110a13d30: 0b60 9fd2 | 8b2b a5f2 | 2b00 c0f2 | 6891 40f9 | 0805 00d1 | 6891 00f9 | 7d00 0014 | 0100 0014 
  0x0000000110a13d50: ; implicit exception: dispatches to 0x0000000110a13f44
  0x0000000110a13d50: 1f00 40f9 | 8000 0014 

  0x0000000110a13d58: ;   {metadata({method} {0x0000000129da3610} 'renderGpuFrameToBgra' '()V' in 'com/spela/player/libretro/DesktopLibretroController')}
  0x0000000110a13d58: 08c2 86d2 | 483b a5f2 | 2800 c0f2 | e807 00f9 | 0800 8092 | e803 00f9 

  0x0000000110a13d70: ; ImmutableOopMap {c_rarg1=Oop [176]=Oop }
                      ;*synchronization entry
                      ; - com.spela.player.libretro.DesktopLibretroController::renderGpuFrameToBgra@-1 (line 269)
                      ;   {runtime_call counter_overflow Runtime1 stub}
  0x0000000110a13d70: a484 9995 | 9cfd ff17 

  0x0000000110a13d78: ; ImmutableOopMap {c_rarg1=Oop c_rarg0=Oop [176]=Oop }
                      ;*invokevirtual nativeGetVideoWidth {reexecute=0 rethrow=0 return_oop=0}
                      ; - com.spela.player.libretro.DesktopLibretroController::renderGpuFrameToBgra@4 (line 269)
                      ;   {runtime_call throw_null_pointer_exception Runtime1 stub}
  0x0000000110a13d78: e271 9995 

  0x0000000110a13d7c: ; ImmutableOopMap {c_rarg1=Oop c_rarg2=Oop [176]=Oop }
                      ;*invokevirtual nativeGetVideoHeight {reexecute=0 rethrow=0 return_oop=0}
                      ; - com.spela.player.libretro.DesktopLibretroController::renderGpuFrameToBgra@12 (line 270)
                      ;   {runtime_call throw_null_pointer_exception Runtime1 stub}
  0x0000000110a13d7c: e171 9995 

  0x0000000110a13d80: ; ImmutableOopMap {c_rarg1=Oop c_rarg2=Oop [176]=Oop }
                      ;*aaload {reexecute=0 rethrow=0 return_oop=0}
                      ; - com.spela.player.libretro.DesktopLibretroController::renderGpuFrameToBgra@49 (line 278)
                      ;   {runtime_call throw_null_pointer_exception Runtime1 stub}
  0x0000000110a13d80: e071 9995 | e803 04aa | e903 02aa 

  0x0000000110a13d8c: ;   {runtime_call throw_range_check_failed Runtime1 stub}
  0x0000000110a13d8c: 1e80 9fd2 | dee0 a2f2 | 3e00 c0f2 

  0x0000000110a13d98: ; ImmutableOopMap {c_rarg1=Oop c_rarg2=Oop [176]=Oop }
                      ;*aaload {reexecute=0 rethrow=0 return_oop=0}
                      ; - com.spela.player.libretro.DesktopLibretroController::renderGpuFrameToBgra@49 (line 278)
  0x0000000110a13d98: c003 3fd6 

  0x0000000110a13d9c: ; ImmutableOopMap {c_rarg1=Oop c_rarg2=Oop [176]=Oop }
                      ;*arraylength {reexecute=0 rethrow=0 return_oop=0}
                      ; - com.spela.player.libretro.DesktopLibretroController::renderGpuFrameToBgra@50 (line 278)
                      ;   {runtime_call throw_null_pointer_exception Runtime1 stub}
  0x0000000110a13d9c: d971 9995 

  0x0000000110a13da0: ; ImmutableOopMap {c_rarg1=Oop c_rarg2=Oop [176]=Oop }
                      ;*newarray {reexecute=0 rethrow=0 return_oop=0}
                      ; - com.spela.player.libretro.DesktopLibretroController::renderGpuFrameToBgra@62 (line 279)
                      ;   {runtime_call new_type_array Runtime1 stub}
  0x0000000110a13da0: 9875 9995 | 0efe ff17 

  0x0000000110a13da8: ; ImmutableOopMap {c_rarg1=Oop c_rarg2=Oop c_rarg0=Oop [176]=Oop }
                      ;*aastore {reexecute=1 rethrow=0 return_oop=0}
                      ; - (reexecute) com.spela.player.libretro.DesktopLibretroController::renderGpuFrameToBgra@64 (line 279)
                      ;   {runtime_call throw_null_pointer_exception Runtime1 stub}
  0x0000000110a13da8: d671 9995 | e803 00aa 

  0x0000000110a13db0: ; ImmutableOopMap {c_rarg1=Oop c_rarg2=Oop c_rarg0=Oop [176]=Oop }
                      ;*aastore {reexecute=1 rethrow=0 return_oop=0}
                      ; - (reexecute) com.spela.player.libretro.DesktopLibretroController::renderGpuFrameToBgra@64 (line 279)
                      ;   {runtime_call throw_array_store_exception Runtime1 stub}
  0x0000000110a13db0: 147a 9995 | 6500 40b9 | a5f0 7dd3 | c5ca ffb4 | e503 00f9 

  0x0000000110a13dc4: ;   {runtime_call g1_pre_barrier_slow}
  0x0000000110a13dc4: 0f86 9995 | 53fe ff17 | 00cb ffb4 | e303 00f9 

  0x0000000110a13dd4: ;   {runtime_call g1_post_barrier_slow}
  0x0000000110a13dd4: cb86 9995 | 55fe ff17 

  0x0000000110a13ddc: ; ImmutableOopMap {c_rarg1=Oop c_rarg0=Oop c_rarg2=Oop [176]=Oop }
                      ;*invokevirtual nativeGpuRenderToBgra {reexecute=0 rethrow=0 return_oop=0}
                      ; - com.spela.player.libretro.DesktopLibretroController::renderGpuFrameToBgra@76 (line 282)
                      ;   {runtime_call throw_null_pointer_exception Runtime1 stub}
  0x0000000110a13ddc: c971 9995 

  0x0000000110a13de0: ; ImmutableOopMap {c_rarg1=Oop c_rarg3=Oop [176]=Oop }
                      ;*invokevirtual nativeGetAspectRatio {reexecute=0 rethrow=0 return_oop=0}
                      ; - com.spela.player.libretro.DesktopLibretroController::renderGpuFrameToBgra@109 (line 287)
                      ;   {runtime_call throw_null_pointer_exception Runtime1 stub}
  0x0000000110a13de0: c871 9995 

  0x0000000110a13de4: ; ImmutableOopMap {[176]=Oop }
                      ;*new {reexecute=0 rethrow=0 return_oop=0}
                      ; - com.spela.player.libretro.DesktopLibretroController::renderGpuFrameToBgra@115 (line 288)
                      ;   {runtime_call fast_new_instance Runtime1 stub}
  0x0000000110a13de4: 0774 9995 | 98fe ff17 

  0x0000000110a13dec: ; ImmutableOopMap {c_rarg0=Oop c_rarg1=Oop c_rarg3=Oop [176]=Oop [208]=Oop }
                      ;*aaload {reexecute=0 rethrow=0 return_oop=0}
                      ; - com.spela.player.libretro.DesktopLibretroController::renderGpuFrameToBgra@125 (line 288)
                      ;   {runtime_call throw_null_pointer_exception Runtime1 stub}
  0x0000000110a13dec: c571 9995 | e803 02aa | e903 03aa 

  0x0000000110a13df8: ;   {runtime_call throw_range_check_failed Runtime1 stub}
  0x0000000110a13df8: 1e80 9fd2 | dee0 a2f2 | 3e00 c0f2 

  0x0000000110a13e04: ; ImmutableOopMap {c_rarg0=Oop c_rarg1=Oop c_rarg3=Oop [176]=Oop [208]=Oop }
                      ;*aaload {reexecute=0 rethrow=0 return_oop=0}
                      ; - com.spela.player.libretro.DesktopLibretroController::renderGpuFrameToBgra@125 (line 288)
  0x0000000110a13e04: c003 3fd6 

  0x0000000110a13e08: ;   {metadata({method} {0x000000012bc82da8} '<init>' '([BIIF)V' in 'com/spela/player/libretro/DesktopLibretroController$RenderedFrame')}
  0x0000000110a13e08: 08b5 85d2 | 0879 a5f2 | 2800 c0f2 | e807 00f9 | 0800 8092 | e803 00f9 

  0x0000000110a13e20: ; ImmutableOopMap {c_rarg0=Oop c_rarg1=Oop c_rarg5=Oop [176]=Oop [208]=Oop [216]=Oop }
                      ;*synchronization entry
                      ; - com.spela.player.libretro.DesktopLibretroController$RenderedFrame::<init>@-1
                      ; - com.spela.player.libretro.DesktopLibretroController::renderGpuFrameToBgra@132 (line 288)
                      ;   {runtime_call counter_overflow Runtime1 stub}
  0x0000000110a13e20: 7884 9995 | a7fe ff17 

  0x0000000110a13e28: ;   {metadata({method} {0x000000012943fe90} 'checkNotNullParameter' '(Ljava/lang/Object;Ljava/lang/String;)V' in 'kotlin/jvm/internal/Intrinsics')}
  0x0000000110a13e28: 08d2 9fd2 | 6828 a5f2 | 2800 c0f2 | e807 00f9 | 0800 8092 | e803 00f9 

  0x0000000110a13e40: ; ImmutableOopMap {c_rarg0=Oop c_rarg1=Oop c_rarg5=Oop [176]=Oop [208]=Oop [216]=Oop }
                      ;*synchronization entry
                      ; - kotlin.jvm.internal.Intrinsics::checkNotNullParameter@-1 (line 130)
                      ; - com.spela.player.libretro.DesktopLibretroController$RenderedFrame::<init>@3
                      ; - com.spela.player.libretro.DesktopLibretroController::renderGpuFrameToBgra@132 (line 288)
                      ;   {runtime_call counter_overflow Runtime1 stub}
  0x0000000110a13e40: 7084 9995 | aefe ff17 

  0x0000000110a13e48: ;   {metadata({method} {0x0000000129440060} 'throwParameterIsNullNPE' '(Ljava/lang/String;)V' in 'kotlin/jvm/internal/Intrinsics')}
  0x0000000110a13e48: 080c 80d2 | 8828 a5f2 | 2800 c0f2 | e807 00f9 | 0800 8092 | e803 00f9 

  0x0000000110a13e60: ; ImmutableOopMap {[176]=Oop [208]=Oop [216]=Oop }
                      ;*synchronization entry
                      ; - kotlin.jvm.internal.Intrinsics::throwParameterIsNullNPE@-1 (line 140)
                      ; - kotlin.jvm.internal.Intrinsics::checkNotNullParameter@5 (line 131)
                      ; - com.spela.player.libretro.DesktopLibretroController$RenderedFrame::<init>@3
                      ; - com.spela.player.libretro.DesktopLibretroController::renderGpuFrameToBgra@132 (line 288)
                      ;   {runtime_call counter_overflow Runtime1 stub}
  0x0000000110a13e60: 6884 9995 | c1fe ff17 

  0x0000000110a13e68: ; ImmutableOopMap {[176]=Oop [208]=Oop [216]=Oop }
                      ;*new {reexecute=0 rethrow=0 return_oop=0}
                      ; - kotlin.jvm.internal.Intrinsics::throwParameterIsNullNPE@0 (line 140)
                      ; - kotlin.jvm.internal.Intrinsics::checkNotNullParameter@5 (line 131)
                      ; - com.spela.player.libretro.DesktopLibretroController$RenderedFrame::<init>@3
                      ; - com.spela.player.libretro.DesktopLibretroController::renderGpuFrameToBgra@132 (line 288)
                      ;   {runtime_call fast_new_instance Runtime1 stub}
  0x0000000110a13e68: e673 9995 | cefe ff17 

  0x0000000110a13e70: ;   {metadata({method} {0x0000000129441090} 'sanitizeStackTrace' '(Ljava/lang/Throwable;)Ljava/lang/Throwable;' in 'kotlin/jvm/internal/Intrinsics')}
  0x0000000110a13e70: 0812 82d2 | 8828 a5f2 | 2800 c0f2 | e807 00f9 | 0800 8092 | e803 00f9 

  0x0000000110a13e88: ; ImmutableOopMap {[176]=Oop [200]=Oop [208]=Oop [216]=Oop }
                      ;*synchronization entry
                      ; - kotlin.jvm.internal.Intrinsics::sanitizeStackTrace@-1 (line 253)
                      ; - kotlin.jvm.internal.Intrinsics::throwParameterIsNullNPE@11 (line 140)
                      ; - kotlin.jvm.internal.Intrinsics::checkNotNullParameter@5 (line 131)
                      ; - com.spela.player.libretro.DesktopLibretroController$RenderedFrame::<init>@3
                      ; - com.spela.player.libretro.DesktopLibretroController::renderGpuFrameToBgra@132 (line 288)
                      ;   {runtime_call counter_overflow Runtime1 stub}
  0x0000000110a13e88: 5e84 9995 | f1fe ff17 

  0x0000000110a13e90: ;   {metadata({method} {0x000000a0004684b0} 'getName' '()Ljava/lang/String;' in 'java/lang/Class')}
  0x0000000110a13e90: 0896 90d2 | c808 a0f2 | 0814 c0f2 | e807 00f9 | 0800 8092 | e803 00f9 

  0x0000000110a13ea8: ; ImmutableOopMap {c_rarg1=Oop [176]=Oop [200]=Oop [208]=Oop [216]=Oop }
                      ;*synchronization entry
                      ; - java.lang.Class::getName@-1 (line 949)
                      ; - kotlin.jvm.internal.Intrinsics::sanitizeStackTrace@3 (line 253)
                      ; - kotlin.jvm.internal.Intrinsics::throwParameterIsNullNPE@11 (line 140)
                      ; - kotlin.jvm.internal.Intrinsics::checkNotNullParameter@5 (line 131)
                      ; - com.spela.player.libretro.DesktopLibretroController$RenderedFrame::<init>@3
                      ; - com.spela.player.libretro.DesktopLibretroController::renderGpuFrameToBgra@132 (line 288)
                      ;   {runtime_call counter_overflow Runtime1 stub}
  0x0000000110a13ea8: 5684 9995 | fcfe ff17 

  0x0000000110a13eb0: ; ImmutableOopMap {[176]=Oop [200]=Oop [208]=Oop [216]=Oop }
                      ;*getfield name {reexecute=1 rethrow=0 return_oop=0}
                      ; - (reexecute) java.lang.Class::getName@1 (line 949)
                      ; - kotlin.jvm.internal.Intrinsics::sanitizeStackTrace@3 (line 253)
                      ; - kotlin.jvm.internal.Intrinsics::throwParameterIsNullNPE@11 (line 140)
                      ; - kotlin.jvm.internal.Intrinsics::checkNotNullParameter@5 (line 131)
                      ; - com.spela.player.libretro.DesktopLibretroController$RenderedFrame::<init>@3
                      ; - com.spela.player.libretro.DesktopLibretroController::renderGpuFrameToBgra@132 (line 288)
                      ;   {runtime_call throw_null_pointer_exception Runtime1 stub}
  0x0000000110a13eb0: 9471 9995 

  0x0000000110a13eb4: ;   {metadata({method} {0x000000a000473798} '<init>' '()V' in 'java/lang/Object')}
  0x0000000110a13eb4: 08f3 86d2 | e808 a0f2 | 0814 c0f2 | e807 00f9 | 0800 8092 | e803 00f9 

  0x0000000110a13ecc: ; ImmutableOopMap {c_rarg5=Oop c_rarg0=Oop [176]=Oop [208]=Oop [216]=Oop }
                      ;*synchronization entry
                      ; - java.lang.Object::<init>@-1 (line 45)
                      ; - com.spela.player.libretro.DesktopLibretroController$RenderedFrame::<init>@7 (line 83)
                      ; - com.spela.player.libretro.DesktopLibretroController::renderGpuFrameToBgra@132 (line 288)
                      ;   {runtime_call counter_overflow Runtime1 stub}
  0x0000000110a13ecc: 4d84 9995 | 2aff ff17 | 0118 40b9 | 21f0 7dd3 | 41e5 ffb4 | e103 00f9 

  0x0000000110a13ee4: ;   {runtime_call g1_pre_barrier_slow}
  0x0000000110a13ee4: c785 9995 | 27ff ff17 | 85e5 ffb4 | e003 00f9 

  0x0000000110a13ef4: ;   {runtime_call g1_post_barrier_slow}
  0x0000000110a13ef4: 8386 9995 | 29ff ff17 | 225c 40b9 | 42f0 7dd3 | c2e5 ffb4 | e203 00f9 

  0x0000000110a13f0c: ;   {runtime_call g1_pre_barrier_slow}
  0x0000000110a13f0c: bd85 9995 | 2bff ff17 | 40e6 ffb4 | e103 00f9 

  0x0000000110a13f1c: ;   {runtime_call g1_post_barrier_slow}
  0x0000000110a13f1c: 7986 9995 | 2fff ff17 

  0x0000000110a13f24: ;   {internal_word}
  0x0000000110a13f24: 68e6 ff10 | 8837 02f9 

  0x0000000110a13f2c: ;   {runtime_call SafepointBlob}
  0x0000000110a13f2c: 753a 9615 

  0x0000000110a13f30: ;   {internal_word}
  0x0000000110a13f30: c8e6 ff10 | 8837 02f9 

  0x0000000110a13f38: ;   {runtime_call SafepointBlob}
  0x0000000110a13f38: 723a 9615 | e803 00aa 

  0x0000000110a13f40: ; ImmutableOopMap {c_rarg3=Oop c_rarg5=Oop c_rarg1=Oop [176]=Oop [208]=Oop [216]=Oop }
                      ;*checkcast {reexecute=0 rethrow=0 return_oop=0}
                      ; - kotlin.jvm.internal.Intrinsics::throwParameterIsNullNPE@14 (line 140)
                      ; - kotlin.jvm.internal.Intrinsics::checkNotNullParameter@5 (line 131)
                      ; - com.spela.player.libretro.DesktopLibretroController$RenderedFrame::<init>@3
                      ; - com.spela.player.libretro.DesktopLibretroController::renderGpuFrameToBgra@132 (line 288)
                      ;   {runtime_call throw_class_cast_exception Runtime1 stub}
  0x0000000110a13f40: 707a 9995 

  0x0000000110a13f44: ; ImmutableOopMap {c_rarg3=Oop c_rarg5=Oop c_rarg1=Oop c_rarg0=Oop [176]=Oop [208]=Oop [216]=Oop }
                      ;*athrow {reexecute=1 rethrow=0 return_oop=0}
                      ; - (reexecute) kotlin.jvm.internal.Intrinsics::throwParameterIsNullNPE@17 (line 140)
                      ; - kotlin.jvm.internal.Intrinsics::checkNotNullParameter@5 (line 131)
                      ; - com.spela.player.libretro.DesktopLibretroController$RenderedFrame::<init>@3
                      ; - com.spela.player.libretro.DesktopLibretroController::renderGpuFrameToBgra@132 (line 288)
                      ;   {runtime_call throw_null_pointer_exception Runtime1 stub}
  0x0000000110a13f44: 6f71 9995 | 8083 42f9 | 9f83 02f9 | 9f87 02f9 | fd7b 4fa9 | ff03 0491 

  0x0000000110a13f5c: ;   {runtime_call unwind_exception Runtime1 stub}
  0x0000000110a13f5c: a96d 9915 
[Stub Code]
  0x0000000110a13f60: ;   {no_reloc}
  0x0000000110a13f60: 4800 0058 | 0001 1fd6 | d0cb 8317 | 0100 0000 

  0x0000000110a13f70: ;   {trampoline_stub}
  0x0000000110a13f70: 4800 0058 | 0001 1fd6 | d0cf 8317 | 0100 0000 

  0x0000000110a13f80: ;   {trampoline_stub}
  0x0000000110a13f80: 4800 0058 | 0001 1fd6 | 50d8 8317 | 0100 0000 

  0x0000000110a13f90: ;   {trampoline_stub}
  0x0000000110a13f90: 4800 0058 | 0001 1fd6 | 50dc 8317 | 0100 0000 

  0x0000000110a13fa0: ;   {trampoline_stub}
  0x0000000110a13fa0: 4800 0058 | 0001 1fd6 | 80c7 f916 | 0100 0000 

  0x0000000110a13fb0: ;   {trampoline_stub}
  0x0000000110a13fb0: 4800 0058 | 0001 1fd6 | 80c1 f916 | 0100 0000 

  0x0000000110a13fc0: ;   {trampoline_stub}
  0x0000000110a13fc0: 4800 0058 | 0001 1fd6 | 80c1 f916 | 0100 0000 

  0x0000000110a13fd0: ;   {trampoline_stub}
  0x0000000110a13fd0: 4800 0058 | 0001 1fd6 | 80c7 f916 | 0100 0000 

  0x0000000110a13fe0: ;   {static_stub}
  0x0000000110a13fe0: df3f 03d5 

  0x0000000110a13fe4: ;   {metadata(nullptr)}
  0x0000000110a13fe4: 0c00 80d2 | 0c00 a0f2 | 0c00 c0f2 | 0800 80d2 | 0800 a0f2 | 0800 c0f2 | 0001 1fd6 

  0x0000000110a14000: ;   {static_stub}
  0x0000000110a14000: df3f 03d5 

  0x0000000110a14004: ;   {metadata(nullptr)}
  0x0000000110a14004: 0c00 80d2 | 0c00 a0f2 | 0c00 c0f2 | 0800 80d2 | 0800 a0f2 | 0800 c0f2 | 0001 1fd6 

  0x0000000110a14020: ;   {static_stub}
  0x0000000110a14020: df3f 03d5 

  0x0000000110a14024: ;   {metadata(nullptr)}
  0x0000000110a14024: 0c00 80d2 | 0c00 a0f2 | 0c00 c0f2 | 0800 80d2 | 0800 a0f2 | 0800 c0f2 | 0001 1fd6 

  0x0000000110a14040: ;   {static_stub}
  0x0000000110a14040: df3f 03d5 

  0x0000000110a14044: ;   {metadata(nullptr)}
  0x0000000110a14044: 0c00 80d2 | 0c00 a0f2 | 0c00 c0f2 | 0800 80d2 | 0800 a0f2 | 0800 c0f2 | 0001 1fd6 

  0x0000000110a14060: ;   {static_stub}
  0x0000000110a14060: df3f 03d5 

  0x0000000110a14064: ;   {metadata(nullptr)}
  0x0000000110a14064: 0c00 80d2 | 0c00 a0f2 | 0c00 c0f2 | 0800 80d2 | 0800 a0f2 | 0800 c0f2 | 0001 1fd6 

  0x0000000110a14080: ;   {static_stub}
  0x0000000110a14080: df3f 03d5 

  0x0000000110a14084: ;   {metadata(nullptr)}
  0x0000000110a14084: 0c00 80d2 | 0c00 a0f2 | 0c00 c0f2 | 0800 80d2 | 0800 a0f2 | 0800 c0f2 | 0001 1fd6 

  0x0000000110a140a0: ;   {static_stub}
  0x0000000110a140a0: df3f 03d5 

  0x0000000110a140a4: ;   {metadata(nullptr)}
  0x0000000110a140a4: 0c00 80d2 | 0c00 a0f2 | 0c00 c0f2 | 0800 80d2 | 0800 a0f2 | 0800 c0f2 | 0001 1fd6 

  0x0000000110a140c0: ;   {static_stub}
  0x0000000110a140c0: df3f 03d5 

  0x0000000110a140c4: ;   {metadata(nullptr)}
  0x0000000110a140c4: 0c00 80d2 | 0c00 a0f2 | 0c00 c0f2 | 0800 80d2 | 0800 a0f2 | 0800 c0f2 | 0001 1fd6 
[Exception Handler]
  0x0000000110a140e0: ;   {runtime_call handle_exception_from_callee Runtime1 stub}
  0x0000000110a140e0: 8878 9995 | c1d5 bbd4 | fe0a da06 | 0100 0000 
[Deopt Handler Code]
  0x0000000110a140f0: 1e00 0010 

  0x0000000110a140f4: ;   {runtime_call DeoptimizationBlob}
  0x0000000110a140f4: d33a 9615 
[/MachCode]


---------------  P R O C E S S  ---------------

Threads class SMR info:
_java_thread_list=0x0000000aed9716e0, length=50, elements={
0x0000000100cd3c60, 0x0000000af2d20000, 0x0000000af2d20700, 0x0000000af2d20e00,
0x0000000af2d21500, 0x0000000af2d21c00, 0x0000000100cf24f0, 0x0000000100cf2cf0,
0x0000000af2d22300, 0x0000000af2d22a00, 0x0000000af0c35500, 0x0000000af0c35c00,
0x0000000af0c36300, 0x0000000af0c37800, 0x0000000af0d58000, 0x0000000af0d5aa00,
0x0000000af0e4ce00, 0x0000000af0e4d500, 0x0000000af0e4dc00, 0x0000000af0e4e300,
0x0000000af0e4ea00, 0x0000000af0e4f100, 0x0000000af0fcce00, 0x0000000af0fcd500,
0x0000000af0fcdc00, 0x0000000af0fce300, 0x0000000af0fcea00, 0x0000000af0fcf100,
0x0000000af0fcf800, 0x0000000af0818000, 0x0000000af0818e00, 0x0000000af0124700,
0x0000000af0296a00, 0x0000000af0297100, 0x0000000aefd32300, 0x0000000aef058e00,
0x0000000aef059500, 0x0000000aef059c00, 0x0000000aef05a300, 0x0000000aef05aa00,
0x0000000aef05b100, 0x0000000aef05b800, 0x0000000af0834000, 0x0000000af0834700,
0x0000000af0835c00, 0x0000000af0836300, 0x0000000af0836a00, 0x0000000aeecd3100,
0x0000000aed885c00, 0x0000000aed886300
}

Java Threads: ( => current thread )
  0x0000000100cd3c60 JavaThread "main"                              [_thread_blocked, id=6147, stack(0x000000016f85c000,0x000000016fa5f000) (2060K)]
  0x0000000af2d20000 JavaThread "Reference Handler"          daemon [_thread_blocked, id=24835, stack(0x00000001709d4000,0x0000000170bd7000) (2060K)]
  0x0000000af2d20700 JavaThread "Finalizer"                  daemon [_thread_blocked, id=29955, stack(0x0000000170be0000,0x0000000170de3000) (2060K)]
  0x0000000af2d20e00 JavaThread "Signal Dispatcher"          daemon [_thread_blocked, id=29443, stack(0x0000000170dec000,0x0000000170fef000) (2060K)]
  0x0000000af2d21500 JavaThread "Service Thread"             daemon [_thread_blocked, id=29187, stack(0x0000000170ff8000,0x00000001711fb000) (2060K)]
  0x0000000af2d21c00 JavaThread "Monitor Deflation Thread"   daemon [_thread_blocked, id=25347, stack(0x0000000171204000,0x0000000171407000) (2060K)]
  0x0000000100cf24f0 JavaThread "C2 CompilerThread0"         daemon [_thread_in_native, id=25859, stack(0x0000000171410000,0x0000000171613000) (2060K)]
  0x0000000100cf2cf0 JavaThread "C1 CompilerThread0"         daemon [_thread_blocked, id=26371, stack(0x000000017161c000,0x000000017181f000) (2060K)]
  0x0000000af2d22300 JavaThread "Notification Thread"        daemon [_thread_blocked, id=26627, stack(0x0000000171828000,0x0000000171a2b000) (2060K)]
  0x0000000af2d22a00 JavaThread "Common-Cleaner"             daemon [_thread_blocked, id=28419, stack(0x0000000171a34000,0x0000000171c37000) (2060K)]
  0x0000000af0c35500 JavaThread "DefaultDispatcher-worker-1" daemon [_thread_blocked, id=42243, stack(0x0000000172a94000,0x0000000172c97000) (2060K)]
  0x0000000af0c35c00 JavaThread "DefaultDispatcher-worker-2" daemon [_thread_blocked, id=41987, stack(0x0000000172ca0000,0x0000000172ea3000) (2060K)]
  0x0000000af0c36300 JavaThread "DefaultDispatcher-worker-3" daemon [_thread_blocked, id=41731, stack(0x0000000172eac000,0x00000001730af000) (2060K)]
  0x0000000af0c37800 JavaThread "TimerQueue"                 daemon [_thread_blocked, id=40979, stack(0x00000001730b8000,0x00000001732bb000) (2060K)]
  0x0000000af0d58000 JavaThread "AppKit Thread"              daemon [_thread_in_native, id=259, stack(0x000000016efd4000,0x000000016f7d0000) (8176K)]
  0x0000000af0d5aa00 JavaThread "kotlinx.coroutines.DefaultExecutor" daemon [_thread_blocked, id=65027, stack(0x00000001732c4000,0x00000001734c7000) (2060K)]
  0x0000000af0e4ce00 JavaThread "DefaultDispatcher-worker-4" daemon [_thread_blocked, id=50959, stack(0x0000000173674000,0x0000000173877000) (2060K)]
  0x0000000af0e4d500 JavaThread "DefaultDispatcher-worker-5" daemon [_thread_blocked, id=57091, stack(0x0000000173880000,0x0000000173a83000) (2060K)]
  0x0000000af0e4dc00 JavaThread "DefaultDispatcher-worker-6" daemon [_thread_blocked, id=56835, stack(0x0000000173a8c000,0x0000000173c8f000) (2060K)]
  0x0000000af0e4e300 JavaThread "DefaultDispatcher-worker-7" daemon [_thread_blocked, id=56323, stack(0x0000000173c98000,0x0000000173e9b000) (2060K)]
  0x0000000af0e4ea00 JavaThread "AWT-Shutdown"                      [_thread_blocked, id=52235, stack(0x0000000173ea4000,0x00000001740a7000) (2060K)]
  0x0000000af0e4f100 JavaThread "DefaultDispatcher-worker-8" daemon [_thread_blocked, id=52751, stack(0x00000001740b0000,0x00000001742b3000) (2060K)]
  0x0000000af0fcce00 JavaThread "DefaultDispatcher-worker-9" daemon [_thread_blocked, id=86531, stack(0x00000001742bc000,0x00000001744bf000) (2060K)]
  0x0000000af0fcd500 JavaThread "DefaultDispatcher-worker-12" daemon [_thread_blocked, id=66307, stack(0x00000001744c8000,0x00000001746cb000) (2060K)]
  0x0000000af0fcdc00 JavaThread "DefaultDispatcher-worker-13" daemon [_thread_blocked, id=86275, stack(0x00000001746d4000,0x00000001748d7000) (2060K)]
  0x0000000af0fce300 JavaThread "DefaultDispatcher-worker-10" daemon [_thread_blocked, id=67075, stack(0x00000001748e0000,0x0000000174ae3000) (2060K)]
  0x0000000af0fcea00 JavaThread "DefaultDispatcher-worker-14" daemon [_thread_blocked, id=85763, stack(0x0000000174aec000,0x0000000174cef000) (2060K)]
  0x0000000af0fcf100 JavaThread "DefaultDispatcher-worker-15" daemon [_thread_blocked, id=67587, stack(0x0000000174cf8000,0x0000000174efb000) (2060K)]
  0x0000000af0fcf800 JavaThread "DefaultDispatcher-worker-16" daemon [_thread_blocked, id=85507, stack(0x0000000174f04000,0x0000000175107000) (2060K)]
  0x0000000af0818000 JavaThread "DefaultDispatcher-worker-11" daemon [_thread_blocked, id=84995, stack(0x0000000175110000,0x0000000175313000) (2060K)]
  0x0000000af0818e00 JavaThread "AWT-EventQueue-0"                  [_thread_in_vm, id=73251, stack(0x000000017531c000,0x000000017551f000) (2060K)]
  0x0000000af0124700 JavaThread "Reference Cleaner"          daemon [_thread_blocked, id=124171, stack(0x0000000175528000,0x000000017572b000) (2060K)]
  0x0000000af0296a00 JavaThread "Java2D Queue Flusher"       daemon [_thread_blocked, id=122371, stack(0x0000000175734000,0x0000000175937000) (2060K)]
  0x0000000af0297100 JavaThread "Java2D Disposer"            daemon [_thread_blocked, id=121603, stack(0x0000000175940000,0x0000000175b43000) (2060K)]
  0x0000000aefd32300 JavaThread "skiko-dispatcher-to-block-on" daemon [_thread_blocked, id=116515, stack(0x0000000175e70000,0x0000000176073000) (2060K)]
  0x0000000aef058e00 JavaThread "DefaultDispatcher-worker-17" daemon [_thread_blocked, id=103427, stack(0x000000017607c000,0x000000017627f000) (2060K)]
  0x0000000aef059500 JavaThread "DefaultDispatcher-worker-18" daemon [_thread_blocked, id=113155, stack(0x0000000176288000,0x000000017648b000) (2060K)]
  0x0000000aef059c00 JavaThread "DefaultDispatcher-worker-19" daemon [_thread_in_native, id=103939, stack(0x0000000176494000,0x0000000176697000) (2060K)]
  0x0000000aef05a300 JavaThread "DefaultDispatcher-worker-20" daemon [_thread_blocked, id=102187, stack(0x00000001766a0000,0x00000001768a3000) (2060K)]
  0x0000000aef05aa00 JavaThread "DefaultDispatcher-worker-21" daemon [_thread_blocked, id=104451, stack(0x00000001768ac000,0x0000000176aaf000) (2060K)]
  0x0000000aef05b100 JavaThread "DefaultDispatcher-worker-22" daemon [_thread_blocked, id=113947, stack(0x0000000176ab8000,0x0000000176cbb000) (2060K)]
  0x0000000aef05b800 JavaThread "DefaultDispatcher-worker-23" daemon [_thread_blocked, id=105763, stack(0x0000000176cc4000,0x0000000176ec7000) (2060K)]
  0x0000000af0834000 JavaThread "DefaultDispatcher-worker-24" daemon [_thread_blocked, id=111879, stack(0x0000000176ed0000,0x00000001770d3000) (2060K)]
  0x0000000af0834700 JavaThread "DefaultDispatcher-worker-25" daemon [_thread_blocked, id=106243, stack(0x00000001770dc000,0x00000001772df000) (2060K)]
  0x0000000af0835c00 JavaThread "DefaultDispatcher-worker-26" daemon [_thread_blocked, id=110351, stack(0x00000001772e8000,0x00000001774eb000) (2060K)]
  0x0000000af0836300 JavaThread "DefaultDispatcher-worker-27" daemon [_thread_blocked, id=110095, stack(0x00000001774f4000,0x00000001776f7000) (2060K)]
  0x0000000af0836a00 JavaThread "DefaultDispatcher-worker-28" daemon [_thread_blocked, id=106019, stack(0x0000000177700000,0x0000000177903000) (2060K)]
  0x0000000aeecd3100 JavaThread "skiko-dispatcher-to-block-on" daemon [_thread_blocked, id=168283, stack(0x0000000177a24000,0x0000000177c27000) (2060K)]
=>0x0000000aed885c00 JavaThread "SpelaEmulation"             daemon [_thread_in_native, id=161603, stack(0x0000000177c30000,0x0000000177e33000) (2060K)]
  0x0000000aed886300 JavaThread "Java Sound Event Dispatcher" daemon [_thread_blocked, id=184579, stack(0x0000000178328000,0x000000017852b000) (2060K)]
Total: 50

Other Threads:
  0x0000000af2cc5400 VMThread "VM Thread"                           [id=19459, stack(0x00000001706b0000,0x00000001708b3000) (2060K)]
  0x0000000100ce78c0 WatcherThread "VM Periodic Task Thread"        [id=17411, stack(0x00000001704a4000,0x00000001706a7000) (2060K)]
  0x0000000100cdcf70 WorkerThread "GC Thread#0"                     [id=13827, stack(0x000000016fa68000,0x000000016fc6b000) (2060K)]
  0x0000000af162f800 WorkerThread "GC Thread#1"                     [id=27907, stack(0x0000000171c40000,0x0000000171e43000) (2060K)]
  0x0000000af162fc00 WorkerThread "GC Thread#2"                     [id=27395, stack(0x0000000171e4c000,0x000000017204f000) (2060K)]
  0x0000000af1738000 WorkerThread "GC Thread#3"                     [id=32771, stack(0x0000000172058000,0x000000017225b000) (2060K)]
  0x0000000af1738400 WorkerThread "GC Thread#4"                     [id=43011, stack(0x0000000172264000,0x0000000172467000) (2060K)]
  0x0000000af1738800 WorkerThread "GC Thread#5"                     [id=33283, stack(0x0000000172470000,0x0000000172673000) (2060K)]
  0x0000000af1738c00 WorkerThread "GC Thread#6"                     [id=33795, stack(0x000000017267c000,0x000000017287f000) (2060K)]
  0x0000000af1739000 WorkerThread "GC Thread#7"                     [id=34051, stack(0x0000000172888000,0x0000000172a8b000) (2060K)]
  0x0000000100cde000 ConcurrentGCThread "G1 Main Marker"            [id=13315, stack(0x000000016fc74000,0x000000016fe77000) (2060K)]
  0x0000000100cdeba0 WorkerThread "G1 Conc#0"                       [id=12291, stack(0x000000016fe80000,0x0000000170083000) (2060K)]
  0x0000000af0394000 WorkerThread "G1 Conc#1"                       [id=120839, stack(0x0000000175b4c000,0x0000000175d4f000) (2060K)]
  0x0000000100ce1d00 ConcurrentGCThread "G1 Refine#0"               [id=12803, stack(0x000000017008c000,0x000000017028f000) (2060K)]
  0x0000000af2cc4000 ConcurrentGCThread "G1 Service"                [id=21507, stack(0x0000000170298000,0x000000017049b000) (2060K)]
Total: 15

Threads with active compile tasks:
C2 CompilerThread0  38460 8839       4       java.lang.Class::descriptorString (170 bytes)
Total: 1

VM state: not at safepoint (normal execution)

VM Mutex/Monitor currently owned by a thread: None

Heap address: 0x0000000300800000, size: 6144 MB, Compressed Oops mode: Zero based, Oop shift amount: 3

CDS archive(s) mapped at: [0x000000a000000000-0x000000a000c94000-0x000000a000c94000), size 13189120, SharedBaseAddress: 0x000000a000000000, ArchiveRelocationMode: 1.
Compressed class space mapped at: 0x000000a001000000-0x000000a041000000, reserved size: 1073741824
Narrow klass base: 0x000000a000000000, Narrow klass shift: 0, Narrow klass range: 0x100000000

GC Precious Log:
 CardTable entry size: 512
 Card Set container configuration: InlinePtr #cards 4 size 8 Array Of Cards #cards 32 size 80 Howl #buckets 8 coarsen threshold 7372 Howl Bitmap #cards 1024 size 144 coarsen threshold 921 Card regions per heap region 1 cards per card region 8192
 CPUs: 8 total, 8 available
 Memory: 24576M
 Large Page Support: Disabled
 NUMA Support: Disabled
 Compressed Oops: Enabled (Zero based)
 Heap Region Size: 4M
 Heap Min Capacity: 8M
 Heap Initial Capacity: 384M
 Heap Max Capacity: 6G
 Pre-touch: Disabled
 Parallel Workers: 8
 Concurrent Workers: 2
 Concurrent Refinement Workers: 8
 Periodic GC: Disabled

Heap:
 garbage-first heap   total 225280K, used 88438K [0x0000000300800000, 0x0000000480800000)
  region size 4096K, 6 young (24576K), 0 survivors (0K)
 Metaspace       used 53374K, committed 54272K, reserved 1114112K
  class space    used 5559K, committed 5952K, reserved 1048576K

Heap Regions: E=young(eden), S=young(survivor), O=old, HS=humongous(starts), HC=humongous(continues), CS=collection set, F=free, TAMS=top-at-mark-start, PB=parsable bottom
|   0|0x0000000300800000, 0x0000000300c00000, 0x0000000300c00000|100%| O|  |TAMS 0x0000000300800000| PB 0x0000000300800000| Untracked 
|   1|0x0000000300c00000, 0x0000000300fcdf98, 0x0000000301000000| 95%| O|  |TAMS 0x0000000300c00000| PB 0x0000000300c00000| Untracked 
|   2|0x0000000301000000, 0x0000000301400000, 0x0000000301400000|100%| O|  |TAMS 0x0000000301000000| PB 0x0000000301000000| Untracked 
|   3|0x0000000301400000, 0x00000003017aae28, 0x0000000301800000| 91%| O|  |TAMS 0x0000000301400000| PB 0x0000000301400000| Untracked 
|   4|0x0000000301800000, 0x0000000301bb24e8, 0x0000000301c00000| 92%| O|  |TAMS 0x0000000301800000| PB 0x0000000301800000| Untracked 
|   5|0x0000000301c00000, 0x0000000301f325e8, 0x0000000302000000| 79%| O|  |TAMS 0x0000000301c00000| PB 0x0000000301c00000| Untracked 
|   6|0x0000000302000000, 0x0000000302000000, 0x0000000302400000|  0%| F|  |TAMS 0x0000000302000000| PB 0x0000000302000000| Untracked 
|   7|0x0000000302400000, 0x0000000302800000, 0x0000000302800000|100%|HS|  |TAMS 0x0000000302400000| PB 0x0000000302400000| Untracked 
|   8|0x0000000302800000, 0x0000000302c00000, 0x0000000302c00000|100%|HC|  |TAMS 0x0000000302800000| PB 0x0000000302800000| Untracked 
|   9|0x0000000302c00000, 0x0000000303000000, 0x0000000303000000|100%|HC|  |TAMS 0x0000000302c00000| PB 0x0000000302c00000| Untracked 
|  10|0x0000000303000000, 0x0000000303400000, 0x0000000303400000|100%|HS|  |TAMS 0x0000000303000000| PB 0x0000000303000000| Untracked 
|  11|0x0000000303400000, 0x0000000303800000, 0x0000000303800000|100%|HC|  |TAMS 0x0000000303400000| PB 0x0000000303400000| Untracked 
|  12|0x0000000303800000, 0x0000000303c00000, 0x0000000303c00000|100%|HC|  |TAMS 0x0000000303800000| PB 0x0000000303800000| Untracked 
|  13|0x0000000303c00000, 0x0000000304000000, 0x0000000304000000|100%|HC|  |TAMS 0x0000000303c00000| PB 0x0000000303c00000| Untracked 
|  14|0x0000000304000000, 0x0000000304000000, 0x0000000304400000|  0%| F|  |TAMS 0x0000000304000000| PB 0x0000000304000000| Untracked 
|  15|0x0000000304400000, 0x0000000304400000, 0x0000000304800000|  0%| F|  |TAMS 0x0000000304400000| PB 0x0000000304400000| Untracked 
|  16|0x0000000304800000, 0x0000000304800000, 0x0000000304c00000|  0%| F|  |TAMS 0x0000000304800000| PB 0x0000000304800000| Untracked 
|  17|0x0000000304c00000, 0x0000000304c00000, 0x0000000305000000|  0%| F|  |TAMS 0x0000000304c00000| PB 0x0000000304c00000| Untracked 
|  18|0x0000000305000000, 0x0000000305000000, 0x0000000305400000|  0%| F|  |TAMS 0x0000000305000000| PB 0x0000000305000000| Untracked 
|  19|0x0000000305400000, 0x0000000305400000, 0x0000000305800000|  0%| F|  |TAMS 0x0000000305400000| PB 0x0000000305400000| Untracked 
|  20|0x0000000305800000, 0x0000000305800000, 0x0000000305c00000|  0%| F|  |TAMS 0x0000000305800000| PB 0x0000000305800000| Untracked 
|  21|0x0000000305c00000, 0x0000000305c00000, 0x0000000306000000|  0%| F|  |TAMS 0x0000000305c00000| PB 0x0000000305c00000| Untracked 
|  22|0x0000000306000000, 0x0000000306000000, 0x0000000306400000|  0%| F|  |TAMS 0x0000000306000000| PB 0x0000000306000000| Untracked 
|  23|0x0000000306400000, 0x0000000306800000, 0x0000000306800000|100%|HS|  |TAMS 0x0000000306400000| PB 0x0000000306400000| Untracked 
|  24|0x0000000306800000, 0x0000000306c00000, 0x0000000306c00000|100%|HC|  |TAMS 0x0000000306800000| PB 0x0000000306800000| Untracked 
|  25|0x0000000306c00000, 0x0000000307000000, 0x0000000307000000|100%|HC|  |TAMS 0x0000000306c00000| PB 0x0000000306c00000| Untracked 
|  26|0x0000000307000000, 0x0000000307400000, 0x0000000307400000|100%|HC|  |TAMS 0x0000000307000000| PB 0x0000000307000000| Untracked 
|  27|0x0000000307400000, 0x0000000307400000, 0x0000000307800000|  0%| F|  |TAMS 0x0000000307400000| PB 0x0000000307400000| Untracked 
|  28|0x0000000307800000, 0x0000000307800000, 0x0000000307c00000|  0%| F|  |TAMS 0x0000000307800000| PB 0x0000000307800000| Untracked 
|  29|0x0000000307c00000, 0x0000000307c00000, 0x0000000308000000|  0%| F|  |TAMS 0x0000000307c00000| PB 0x0000000307c00000| Untracked 
|  30|0x0000000308000000, 0x0000000308000000, 0x0000000308400000|  0%| F|  |TAMS 0x0000000308000000| PB 0x0000000308000000| Untracked 
|  31|0x0000000308400000, 0x0000000308400000, 0x0000000308800000|  0%| F|  |TAMS 0x0000000308400000| PB 0x0000000308400000| Untracked 
|  32|0x0000000308800000, 0x0000000308800000, 0x0000000308c00000|  0%| F|  |TAMS 0x0000000308800000| PB 0x0000000308800000| Untracked 
|  33|0x0000000308c00000, 0x0000000308c00000, 0x0000000309000000|  0%| F|  |TAMS 0x0000000308c00000| PB 0x0000000308c00000| Untracked 
|  34|0x0000000309000000, 0x0000000309000000, 0x0000000309400000|  0%| F|  |TAMS 0x0000000309000000| PB 0x0000000309000000| Untracked 
|  35|0x0000000309400000, 0x0000000309400000, 0x0000000309800000|  0%| F|  |TAMS 0x0000000309400000| PB 0x0000000309400000| Untracked 
|  36|0x0000000309800000, 0x0000000309800000, 0x0000000309c00000|  0%| F|  |TAMS 0x0000000309800000| PB 0x0000000309800000| Untracked 
|  37|0x0000000309c00000, 0x0000000309c00000, 0x000000030a000000|  0%| F|  |TAMS 0x0000000309c00000| PB 0x0000000309c00000| Untracked 
|  38|0x000000030a000000, 0x000000030a000000, 0x000000030a400000|  0%| F|  |TAMS 0x000000030a000000| PB 0x000000030a000000| Untracked 
|  39|0x000000030a400000, 0x000000030a400000, 0x000000030a800000|  0%| F|  |TAMS 0x000000030a400000| PB 0x000000030a400000| Untracked 
|  40|0x000000030a800000, 0x000000030a800000, 0x000000030ac00000|  0%| F|  |TAMS 0x000000030a800000| PB 0x000000030a800000| Untracked 
|  41|0x000000030ac00000, 0x000000030ac00000, 0x000000030b000000|  0%| F|  |TAMS 0x000000030ac00000| PB 0x000000030ac00000| Untracked 
|  42|0x000000030b000000, 0x000000030b000000, 0x000000030b400000|  0%| F|  |TAMS 0x000000030b000000| PB 0x000000030b000000| Untracked 
|  43|0x000000030b400000, 0x000000030b400000, 0x000000030b800000|  0%| F|  |TAMS 0x000000030b400000| PB 0x000000030b400000| Untracked 
|  44|0x000000030b800000, 0x000000030b800000, 0x000000030bc00000|  0%| F|  |TAMS 0x000000030b800000| PB 0x000000030b800000| Untracked 
|  45|0x000000030bc00000, 0x000000030bc00000, 0x000000030c000000|  0%| F|  |TAMS 0x000000030bc00000| PB 0x000000030bc00000| Untracked 
|  46|0x000000030c000000, 0x000000030c000000, 0x000000030c400000|  0%| F|  |TAMS 0x000000030c000000| PB 0x000000030c000000| Untracked 
|  47|0x000000030c400000, 0x000000030c400000, 0x000000030c800000|  0%| F|  |TAMS 0x000000030c400000| PB 0x000000030c400000| Untracked 
|  48|0x000000030c800000, 0x000000030c800000, 0x000000030cc00000|  0%| F|  |TAMS 0x000000030c800000| PB 0x000000030c800000| Untracked 
|  49|0x000000030cc00000, 0x000000030ce875f0, 0x000000030d000000| 63%| E|  |TAMS 0x000000030cc00000| PB 0x000000030cc00000| Complete 
|  50|0x000000030d000000, 0x000000030d400000, 0x000000030d400000|100%| E|CS|TAMS 0x000000030d000000| PB 0x000000030d000000| Complete 
|  51|0x000000030d400000, 0x000000030d800000, 0x000000030d800000|100%| E|CS|TAMS 0x000000030d400000| PB 0x000000030d400000| Complete 
|  52|0x000000030d800000, 0x000000030dc00000, 0x000000030dc00000|100%| E|CS|TAMS 0x000000030d800000| PB 0x000000030d800000| Complete 
|  95|0x0000000318400000, 0x0000000318800000, 0x0000000318800000|100%| E|CS|TAMS 0x0000000318400000| PB 0x0000000318400000| Complete 
|1535|0x0000000480400000, 0x0000000480800000, 0x0000000480800000|100%| E|CS|TAMS 0x0000000480400000| PB 0x0000000480400000| Complete 

Card table byte_map: [0x000000011f604000,0x0000000120204000] _byte_map_base: 0x000000011de00000

Marking Bits: (CMBitMap*) 0x0000000100cdd820
 Bits: [0x0000000120204000, 0x0000000126204000)

Polling page: 0x000000010065c000

Metaspace:

Usage:
  Non-class:     46.74 MB used.
      Class:      5.43 MB used.
       Both:     52.17 MB used.

Virtual space:
  Non-class space:       64.00 MB reserved,      47.25 MB ( 74%) committed,  1 nodes.
      Class space:        1.00 GB reserved,       5.81 MB ( <1%) committed,  1 nodes.
             Both:        1.06 GB reserved,      53.06 MB (  5%) committed. 

Chunk freelists:
   Non-Class:  736.00 KB
       Class:  10.16 MB
        Both:  10.88 MB

MaxMetaspaceSize: unlimited
CompressedClassSpaceSize: 1.00 GB
Initial GC threshold: 21.00 MB
Current GC threshold: 86.19 MB
CDS: on
 - commit_granule_bytes: 65536.
 - commit_granule_words: 8192.
 - virtual_space_node_default_size: 8388608.
 - enlarge_chunks_in_place: 1.
 - use_allocation_guard: 0.


Internal statistics:

num_allocs_failed_limit: 6.
num_arena_births: 1232.
num_arena_deaths: 0.
num_vsnodes_births: 2.
num_vsnodes_deaths: 0.
num_space_committed: 848.
num_space_uncommitted: 0.
num_chunks_returned_to_freelist: 6.
num_chunks_taken_from_freelist: 3145.
num_chunk_merges: 3.
num_chunk_splits: 2166.
num_chunks_enlarged: 1602.
num_inconsistent_stats: 0.

CodeHeap 'non-profiled nmethods': size=120032Kb used=4389Kb max_used=4389Kb free=115642Kb
 bounds [0x00000001174f4000, 0x0000000117944000, 0x000000011ea2c000]
CodeHeap 'profiled nmethods': size=120016Kb used=17362Kb max_used=17362Kb free=102653Kb
 bounds [0x000000010fa2c000, 0x0000000110b2c000, 0x0000000116f60000]
CodeHeap 'non-nmethods': size=5712Kb used=2968Kb max_used=2981Kb free=2744Kb
 bounds [0x0000000116f60000, 0x0000000117250000, 0x00000001174f4000]
CodeCache: size=245760Kb, used=24719Kb, max_used=24732Kb, free=221039Kb
 total_blobs=10586, nmethods=8376, adapters=2118, full_count=0
Compilation: enabled, stopped_count=0, restarted_count=0

Compilation events (20 events):
Event: 38.259 Thread 0x0000000100cf2cf0 8814       3       jdk.internal.org.objectweb.asm.SymbolTable::putConstantPool (28 bytes)
Event: 38.260 Thread 0x0000000100cf2cf0 nmethod 8814 0x000000010fe8b890 code [0x000000010fe8ba40, 0x000000010fe8bc58]
Event: 38.261 Thread 0x0000000100cf2cf0 8815       1       androidx.compose.runtime.snapshots.StateListStateRecord::getModification$runtime (5 bytes)
Event: 38.261 Thread 0x0000000100cf2cf0 nmethod 8815 0x0000000117933b10 code [0x0000000117933c80, 0x0000000117933d28]
Event: 38.261 Thread 0x0000000100cf2cf0 8817       3       androidx.collection.MutableObjectIntMap::findIndex (535 bytes)
Event: 38.262 Thread 0x0000000100cf2cf0 nmethod 8817 0x0000000110b11510 code [0x0000000110b117c0, 0x0000000110b12438]
Event: 38.262 Thread 0x0000000100cf2cf0 8818       3       androidx.compose.runtime.DisposableEffectImpl::<init> (10 bytes)
Event: 38.263 Thread 0x0000000100cf2cf0 nmethod 8818 0x000000010fa72210 code [0x000000010fa723c0, 0x000000010fa72588]
Event: 38.266 Thread 0x0000000100cf2cf0 8820       3       androidx.compose.runtime.SlotWriter::forAllDataInRememberOrder (552 bytes)
Event: 38.269 Thread 0x0000000100cf2cf0 nmethod 8820 0x0000000110b12910 code [0x0000000110b12f40, 0x0000000110b154f0]
Event: 38.269 Thread 0x0000000100cf2cf0 8821       3       androidx.compose.ui.node.NodeChain::runDetachLifecycle$ui (43 bytes)
Event: 38.270 Thread 0x0000000100cf2cf0 nmethod 8821 0x0000000110b16b90 code [0x0000000110b16d40, 0x0000000110b17090]
Event: 38.270 Thread 0x0000000100cf2cf0 8822       3       androidx.compose.ui.node.NodeChain::markAsDetached$ui (43 bytes)
Event: 38.270 Thread 0x0000000100cf2cf0 nmethod 8822 0x0000000110b17210 code [0x0000000110b173c0, 0x0000000110b17710]
Event: 38.270 Thread 0x0000000100cf2cf0 8823       1       androidx.compose.ui.platform.GraphicsLayerOwnerLayer::setFrameRate (6 bytes)
Event: 38.270 Thread 0x0000000100cf2cf0 nmethod 8823 0x0000000117933e10 code [0x0000000117933f80, 0x0000000117934028]
Event: 38.270 Thread 0x0000000100cf2cf0 8824       1       androidx.compose.ui.platform.GraphicsLayerOwnerLayer::setFrameRateFromParent (6 bytes)
Event: 38.270 Thread 0x0000000100cf2cf0 nmethod 8824 0x0000000117934110 code [0x0000000117934280, 0x0000000117934328]
Event: 38.270 Thread 0x0000000100cf2cf0 8825       1       androidx.compose.ui.graphics.layer.GraphicsLayer::isReleased (5 bytes)
Event: 38.270 Thread 0x0000000100cf2cf0 nmethod 8825 0x0000000117934410 code [0x0000000117934580, 0x0000000117934628]

GC Heap History (20 events):
Event: 1.124 GC heap before
{Heap before GC invocations=2 (full 0):
 garbage-first heap   total 397312K, used 35770K [0x0000000300800000, 0x0000000480800000)
  region size 4096K, 9 young (36864K), 1 survivors (4096K)
 Metaspace       used 19806K, committed 20032K, reserved 1114112K
  class space    used 1945K, committed 2048K, reserved 1048576K
}
Event: 1.126 GC heap after
{Heap after GC invocations=3 (full 0):
 garbage-first heap   total 397312K, used 9045K [0x0000000300800000, 0x0000000480800000)
  region size 4096K, 1 young (4096K), 1 survivors (4096K)
 Metaspace       used 19806K, committed 20032K, reserved 1114112K
  class space    used 1945K, committed 2048K, reserved 1048576K
}
Event: 1.163 GC heap before
{Heap before GC invocations=3 (full 0):
 garbage-first heap   total 397312K, used 13141K [0x0000000300800000, 0x0000000480800000)
  region size 4096K, 3 young (12288K), 1 survivors (4096K)
 Metaspace       used 21249K, committed 21504K, reserved 1114112K
  class space    used 2120K, committed 2240K, reserved 1048576K
}
Event: 1.165 GC heap after
{Heap after GC invocations=4 (full 0):
 garbage-first heap   total 397312K, used 9393K [0x0000000300800000, 0x0000000480800000)
  region size 4096K, 1 young (4096K), 1 survivors (4096K)
 Metaspace       used 21249K, committed 21504K, reserved 1114112K
  class space    used 2120K, committed 2240K, reserved 1048576K
}
Event: 1.469 GC heap before
{Heap before GC invocations=5 (full 0):
 garbage-first heap   total 57344K, used 50353K [0x0000000300800000, 0x0000000480800000)
  region size 4096K, 11 young (45056K), 1 survivors (4096K)
 Metaspace       used 32163K, committed 32576K, reserved 1114112K
  class space    used 3289K, committed 3456K, reserved 1048576K
}
Event: 1.472 GC heap after
{Heap after GC invocations=6 (full 0):
 garbage-first heap   total 65536K, used 10941K [0x0000000300800000, 0x0000000480800000)
  region size 4096K, 2 young (8192K), 2 survivors (8192K)
 Metaspace       used 32163K, committed 32576K, reserved 1114112K
  class space    used 3289K, committed 3456K, reserved 1048576K
}
Event: 1.609 GC heap before
{Heap before GC invocations=6 (full 0):
 garbage-first heap   total 65536K, used 39613K [0x0000000300800000, 0x0000000480800000)
  region size 4096K, 9 young (36864K), 2 survivors (8192K)
 Metaspace       used 35510K, committed 35968K, reserved 1114112K
  class space    used 3701K, committed 3904K, reserved 1048576K
}
Event: 1.612 GC heap after
{Heap after GC invocations=7 (full 0):
 garbage-first heap   total 65536K, used 12530K [0x0000000300800000, 0x0000000480800000)
  region size 4096K, 2 young (8192K), 2 survivors (8192K)
 Metaspace       used 35510K, committed 35968K, reserved 1114112K
  class space    used 3701K, committed 3904K, reserved 1048576K
}
Event: 1.620 GC heap before
{Heap before GC invocations=7 (full 0):
 garbage-first heap   total 65536K, used 12530K [0x0000000300800000, 0x0000000480800000)
  region size 4096K, 3 young (12288K), 2 survivors (8192K)
 Metaspace       used 35807K, committed 36288K, reserved 1114112K
  class space    used 3737K, committed 3968K, reserved 1048576K
}
Event: 1.622 GC heap after
{Heap after GC invocations=8 (full 0):
 garbage-first heap   total 65536K, used 12573K [0x0000000300800000, 0x0000000480800000)
  region size 4096K, 1 young (4096K), 1 survivors (4096K)
 Metaspace       used 35807K, committed 36288K, reserved 1114112K
  class space    used 3737K, committed 3968K, reserved 1048576K
}
Event: 1.931 GC heap before
{Heap before GC invocations=9 (full 0):
 garbage-first heap   total 57344K, used 41245K [0x0000000300800000, 0x0000000480800000)
  region size 4096K, 9 young (36864K), 1 survivors (4096K)
 Metaspace       used 42609K, committed 43328K, reserved 1114112K
  class space    used 4518K, committed 4800K, reserved 1048576K
}
Event: 1.934 GC heap after
{Heap after GC invocations=10 (full 0):
 garbage-first heap   total 57344K, used 14406K [0x0000000300800000, 0x0000000480800000)
  region size 4096K, 2 young (8192K), 2 survivors (8192K)
 Metaspace       used 42609K, committed 43328K, reserved 1114112K
  class space    used 4518K, committed 4800K, reserved 1048576K
}
Event: 3.554 GC heap before
{Heap before GC invocations=10 (full 0):
 garbage-first heap   total 57344K, used 34886K [0x0000000300800000, 0x0000000480800000)
  region size 4096K, 8 young (32768K), 2 survivors (8192K)
 Metaspace       used 44625K, committed 45376K, reserved 1114112K
  class space    used 4678K, committed 4992K, reserved 1048576K
}
Event: 3.557 GC heap after
{Heap after GC invocations=11 (full 0):
 garbage-first heap   total 225280K, used 16821K [0x0000000300800000, 0x0000000480800000)
  region size 4096K, 1 young (4096K), 1 survivors (4096K)
 Metaspace       used 44625K, committed 45376K, reserved 1114112K
  class space    used 4678K, committed 4992K, reserved 1048576K
}
Event: 5.328 GC heap before
{Heap before GC invocations=11 (full 0):
 garbage-first heap   total 225280K, used 176565K [0x0000000300800000, 0x0000000480800000)
  region size 4096K, 23 young (94208K), 1 survivors (4096K)
 Metaspace       used 50433K, committed 51328K, reserved 1114112K
  class space    used 5279K, committed 5632K, reserved 1048576K
}
Event: 5.332 GC heap after
{Heap after GC invocations=12 (full 0):
 garbage-first heap   total 225280K, used 41257K [0x0000000300800000, 0x0000000480800000)
  region size 4096K, 3 young (12288K), 3 survivors (12288K)
 Metaspace       used 50433K, committed 51328K, reserved 1114112K
  class space    used 5279K, committed 5632K, reserved 1048576K
}
Event: 31.027 GC heap before
{Heap before GC invocations=12 (full 0):
 garbage-first heap   total 225280K, used 123177K [0x0000000300800000, 0x0000000480800000)
  region size 4096K, 18 young (73728K), 3 survivors (12288K)
 Metaspace       used 52068K, committed 52928K, reserved 1114112K
  class space    used 5448K, committed 5824K, reserved 1048576K
}
Event: 31.033 GC heap after
{Heap after GC invocations=13 (full 0):
 garbage-first heap   total 225280K, used 70864K [0x0000000300800000, 0x0000000480800000)
  region size 4096K, 3 young (12288K), 3 survivors (12288K)
 Metaspace       used 52068K, committed 52928K, reserved 1114112K
  class space    used 5448K, committed 5824K, reserved 1048576K
}
Event: 31.033 GC heap before
{Heap before GC invocations=13 (full 0):
 garbage-first heap   total 225280K, used 70864K [0x0000000300800000, 0x0000000480800000)
  region size 4096K, 4 young (16384K), 3 survivors (12288K)
 Metaspace       used 52068K, committed 52928K, reserved 1114112K
  class space    used 5448K, committed 5824K, reserved 1048576K
}
Event: 31.066 GC heap after
{Heap after GC invocations=14 (full 1):
 garbage-first heap   total 225280K, used 67958K [0x0000000300800000, 0x0000000480800000)
  region size 4096K, 0 young (0K), 0 survivors (0K)
 Metaspace       used 52068K, committed 52928K, reserved 1114112K
  class space    used 5448K, committed 5824K, reserved 1048576K
}

Dll operation events (16 events):
Event: 0.004 Loaded shared library /Users/mattias800/Library/Java/JavaVirtualMachines/ms-21.0.10/Contents/Home/lib/libjava.dylib
Event: 0.039 Loaded shared library /Users/mattias800/Library/Java/JavaVirtualMachines/ms-21.0.10/Contents/Home/lib/libnio.dylib
Event: 0.041 Loaded shared library /Users/mattias800/Library/Java/JavaVirtualMachines/ms-21.0.10/Contents/Home/lib/libzip.dylib
Event: 0.183 Loaded shared library /Users/mattias800/Library/Java/JavaVirtualMachines/ms-21.0.10/Contents/Home/lib/libjimage.dylib
Event: 0.256 Loaded shared library /Users/mattias800/Library/Java/JavaVirtualMachines/ms-21.0.10/Contents/Home/lib/libnet.dylib
Event: 0.533 Loaded shared library /private/var/folders/00/y_pwwndd1hj9rnmh0xwj36v80000gn/T/sqlite-3.51.0.0-83143a98-9011-4b12-a8b7-118cd8af402f-libsqlitejdbc.dylib
Event: 0.718 Loaded shared library /Users/mattias800/Library/Java/JavaVirtualMachines/ms-21.0.10/Contents/Home/lib/libawt.dylib
Event: 0.720 Loaded shared library /Users/mattias800/Library/Java/JavaVirtualMachines/ms-21.0.10/Contents/Home/lib/libawt_lwawt.dylib
Event: 0.744 Loaded shared library /Users/mattias800/Library/Java/JavaVirtualMachines/ms-21.0.10/Contents/Home/lib/libfontmanager.dylib
Event: 0.797 Loaded shared library /Users/mattias800/Library/Java/JavaVirtualMachines/ms-21.0.10/Contents/Home/lib/libextnet.dylib
Event: 0.980 Loading shared library /Users/mattias800/Library/Java/JavaVirtualMachines/ms-21.0.10/Contents/Home/lib/libspela-libretro.dylib failed, dlopen(/Users/mattias800/Library/Java/JavaVirtualMachines/ms-21.0.10/Contents/Home/lib/libspela-libretro.dylib, 0x0001):
Event: 0.981 Loading shared library /Users/mattias800/Library/Java/JavaVirtualMachines/ms-21.0.10/Contents/Home/lib/libspela-libretro.jnilib failed, dlopen(/Users/mattias800/Library/Java/JavaVirtualMachines/ms-21.0.10/Contents/Home/lib/libspela-libretro.jnilib, 0x0001
Event: 0.986 Loaded shared library /Users/mattias800/repos/spela/player/desktop/build/native/libspela-libretro.dylib
Event: 0.995 Loaded shared library /Users/mattias800/.skiko/384a41e7bf8dcab7fe3ef7dfb14a2adf281ce448c1f711cac5e69a7b97ae2f4a/libskiko-macos-arm64.dylib
Event: 1.001 Loaded shared library /Users/mattias800/Library/Java/JavaVirtualMachines/ms-21.0.10/Contents/Home/lib/libosxui.dylib
Event: 6.884 Loaded shared library /Users/mattias800/Library/Java/JavaVirtualMachines/ms-21.0.10/Contents/Home/lib/libjsound.dylib

Deoptimization events (20 events):
Event: 38.202 Thread 0x0000000aef058e00 Uncommon trap: trap_request=0xfffffff4 fr.pc=0x00000001178da284 relative=0x0000000000000f04
Event: 38.202 Thread 0x0000000aef058e00 Uncommon trap: reason=null_check action=make_not_entrant pc=0x00000001178da284 method=kotlinx.coroutines.JobSupport.completeStateFinalization(Lkotlinx/coroutines/Incomplete;Ljava/lang/Object;)V @ 37 c2
Event: 38.202 Thread 0x0000000aef058e00 DEOPT PACKING pc=0x00000001178da284 sp=0x000000017627e3b0
Event: 38.202 Thread 0x0000000aef058e00 DEOPT UNPACKING pc=0x0000000116fa301c sp=0x000000017627e340 mode 2
Event: 38.258 Thread 0x0000000af0818e00 Uncommon trap: trap_request=0xffffffc6 fr.pc=0x00000001178a042c relative=0x0000000000002b2c
Event: 38.258 Thread 0x0000000af0818e00 Uncommon trap: reason=bimorphic_or_optimized_type_check action=maybe_recompile pc=0x00000001178a042c method=androidx.compose.runtime.snapshots.SnapshotStateObserver.observeReads(Ljava/lang/Object;Lkotlin/jvm/functions/Function1;Lkotlin/jvm/functions/Funct
Event: 38.258 Thread 0x0000000af0818e00 DEOPT PACKING pc=0x00000001178a042c sp=0x000000017551bb50
Event: 38.258 Thread 0x0000000af0818e00 DEOPT UNPACKING pc=0x0000000116fa301c sp=0x000000017551ba40 mode 2
Event: 38.258 Thread 0x0000000af0818e00 Uncommon trap: trap_request=0xfffffff4 fr.pc=0x00000001178dd090 relative=0x0000000000000090
Event: 38.258 Thread 0x0000000af0818e00 Uncommon trap: reason=null_check action=make_not_entrant pc=0x00000001178dd090 method=androidx.compose.ui.geometry.Offset.equals-impl(JLjava/lang/Object;)Z @ 1 c2
Event: 38.258 Thread 0x0000000af0818e00 DEOPT PACKING pc=0x00000001178dd090 sp=0x000000017551bce0
Event: 38.258 Thread 0x0000000af0818e00 DEOPT UNPACKING pc=0x0000000116fa301c sp=0x000000017551bc60 mode 2
Event: 38.258 Thread 0x0000000af0818e00 Uncommon trap: trap_request=0xffffff45 fr.pc=0x000000011783e4fc relative=0x000000000000047c
Event: 38.258 Thread 0x0000000af0818e00 Uncommon trap: reason=unstable_if action=reinterpret pc=0x000000011783e4fc method=androidx.compose.ui.spatial.RectManager.dispatchCallbacks()V @ 254 c2
Event: 38.258 Thread 0x0000000af0818e00 DEOPT PACKING pc=0x000000011783e4fc sp=0x000000017551bcb0
Event: 38.258 Thread 0x0000000af0818e00 DEOPT UNPACKING pc=0x0000000116fa301c sp=0x000000017551bb90 mode 2
Event: 38.260 Thread 0x0000000af0818e00 Uncommon trap: trap_request=0xffffff45 fr.pc=0x00000001177a3890 relative=0x00000000000007d0
Event: 38.260 Thread 0x0000000af0818e00 Uncommon trap: reason=unstable_if action=reinterpret pc=0x00000001177a3890 method=androidx.collection.MutableObjectIntMap.findIndex(Ljava/lang/Object;)I @ 341 c2
Event: 38.260 Thread 0x0000000af0818e00 DEOPT PACKING pc=0x00000001177a3890 sp=0x000000017551c0d0
Event: 38.260 Thread 0x0000000af0818e00 DEOPT UNPACKING pc=0x0000000116fa301c sp=0x000000017551bfd0 mode 2

Classes loaded (20 events):
Event: 8.185 Loading class jdk/internal/org/objectweb/asm/Edge
Event: 8.185 Loading class jdk/internal/org/objectweb/asm/Edge done
Event: 8.185 Loading class java/lang/reflect/Proxy$ProxyBuilder$1
Event: 8.185 Loading class java/lang/reflect/Proxy$ProxyBuilder$1 done
Event: 8.185 Loading class java/lang/annotation/Target
Event: 8.185 Loading class java/lang/annotation/Target done
Event: 25.359 Loading class java/lang/foreign/MemorySegment
Event: 25.360 Loading class java/lang/foreign/MemorySegment done
Event: 36.523 Loading class javax/swing/JInternalFrame
Event: 36.535 Loading class javax/swing/JInternalFrame done
Event: 36.535 Loading class javax/swing/JMenu
Event: 36.556 Loading class javax/swing/MenuElement
Event: 36.556 Loading class javax/swing/MenuElement done
Event: 36.556 Loading class javax/swing/JMenuItem
Event: 36.557 Loading class javax/swing/AbstractButton
Event: 36.558 Loading class java/awt/ItemSelectable
Event: 36.558 Loading class java/awt/ItemSelectable done
Event: 36.558 Loading class javax/swing/AbstractButton done
Event: 36.558 Loading class javax/swing/JMenuItem done
Event: 36.559 Loading class javax/swing/JMenu done

Classes unloaded (0 events):
No events

Classes redefined (0 events):
No events

Internal exceptions (20 events):
Event: 3.692 Thread 0x0000000af0818e00 Exception <a 'java/lang/NoSuchMethodError'{0x000000030d5853b8}: 'java.lang.Object java.lang.invoke.DirectMethodHandle$Holder.newInvokeSpecial(java.lang.Object, java.lang.Object, java.lang.Object, java.lang.Object, int, java.lang.Object, int)'> (0x000000030d5853b8) 
thrown [src/hotspot/share/interpreter/linkResolver.cpp, line 773]
Event: 3.716 Thread 0x0000000af0818e00 Exception <a 'java/lang/NoSuchMethodError'{0x000000030d2181f0}: 'java.lang.Object java.lang.invoke.DirectMethodHandle$Holder.invokeStatic(java.lang.Object, java.lang.Object, int, int, java.lang.Object)'> (0x000000030d2181f0) 
thrown [src/hotspot/share/interpreter/linkResolver.cpp, line 773]
Event: 3.716 Thread 0x0000000af0818e00 Exception <a 'java/lang/NoSuchMethodError'{0x000000030d21fa80}: 'java.lang.Object java.lang.invoke.DirectMethodHandle$Holder.newInvokeSpecial(java.lang.Object, java.lang.Object, int, int)'> (0x000000030d21fa80) 
thrown [src/hotspot/share/interpreter/linkResolver.cpp, line 773]
Event: 3.716 Thread 0x0000000af0818e00 Exception <a 'java/lang/NoSuchMethodError'{0x000000030d224430}: 'java.lang.Object java.lang.invoke.DirectMethodHandle$Holder.invokeSpecial(java.lang.Object, java.lang.Object, java.lang.Object, int, int)'> (0x000000030d224430) 
thrown [src/hotspot/share/interpreter/linkResolver.cpp, line 773]
Event: 3.716 Thread 0x0000000af0818e00 Exception <a 'java/lang/NoSuchMethodError'{0x000000030d228818}: 'java.lang.Object java.lang.invoke.Invokers$Holder.linkToTargetMethod(java.lang.Object, int, int, java.lang.Object)'> (0x000000030d228818) 
thrown [src/hotspot/share/interpreter/linkResolver.cpp, line 773]
Event: 3.716 Thread 0x0000000af0818e00 Exception <a 'java/lang/NoSuchMethodError'{0x000000030d2328b8}: 'java.lang.Object java.lang.invoke.DirectMethodHandle$Holder.invokeStatic(java.lang.Object, int, java.lang.Object, int, java.lang.Object)'> (0x000000030d2328b8) 
thrown [src/hotspot/share/interpreter/linkResolver.cpp, line 773]
Event: 3.723 Thread 0x0000000af0818e00 Exception <a 'java/lang/NoSuchMethodError'{0x000000030d30a2d0}: 'java.lang.Object java.lang.invoke.DirectMethodHandle$Holder.invokeSpecial(java.lang.Object, java.lang.Object, long, java.lang.Object)'> (0x000000030d30a2d0) 
thrown [src/hotspot/share/interpreter/linkResolver.cpp, line 773]
Event: 3.733 Thread 0x0000000af0818e00 Exception <a 'java/lang/NoSuchMethodError'{0x000000030d3c0f40}: 'java.lang.Object java.lang.invoke.DirectMethodHandle$Holder.newInvokeSpecial(java.lang.Object, java.lang.Object, int, java.lang.Object, java.lang.Object, java.lang.Object, java.lang.Object, java.lang.Object)'> (0x000000030d3c0f40) 
thrown [src/hotspot/share/interpreter/linkResolver.cpp, line 773]
Event: 3.740 Thread 0x0000000af0818e00 Exception <a 'java/lang/NoSuchMethodError'{0x000000030cd0d1e0}: 'java.lang.Object java.lang.invoke.DirectMethodHandle$Holder.newInvokeSpecial(java.lang.Object, java.lang.Object, int, java.lang.Object, java.lang.Object, java.lang.Object, java.lang.Object, java.lang.Object, java.lang.Object, java.lang.Object, int, int)'> (0x000000030cd0d1e0) 
thrown [src/hotspot/share/interpreter/linkResolver.cpp, line 773]
Event: 3.740 Thread 0x0000000af0818e00 Exception <a 'java/lang/NoSuchMethodError'{0x000000030cd12580}: 'java.lang.Object java.lang.invoke.DirectMethodHandle$Holder.invokeSpecial(java.lang.Object, java.lang.Object, java.lang.Object, int, java.lang.Object, java.lang.Object, java.lang.Object, java.lang.Object, java.lang.Object, java.lang.Object, java.lang.Object, int, int)'> (0x000000030cd12580) 
thrown [src/hotspot/share/interpreter/linkResolver.cpp, line 773]
Event: 4.988 Thread 0x0000000af0818e00 Exception <a 'java/lang/NoSuchMethodError'{0x000000030bc78d18}: 'java.lang.Object java.lang.invoke.DirectMethodHandle$Holder.newInvokeSpecial(java.lang.Object, java.lang.Object, java.lang.Object, java.lang.Object, java.lang.Object, int, int)'> (0x000000030bc78d18) 
thrown [src/hotspot/share/interpreter/linkResolver.cpp, line 773]
Event: 4.988 Thread 0x0000000af0818e00 Exception <a 'java/lang/NoSuchMethodError'{0x000000030bc7d030}: 'java.lang.Object java.lang.invoke.DirectMethodHandle$Holder.invokeSpecial(java.lang.Object, java.lang.Object, java.lang.Object, java.lang.Object, java.lang.Object, java.lang.Object, int, int)'> (0x000000030bc7d030) 
thrown [src/hotspot/share/interpreter/linkResolver.cpp, line 773]
Event: 4.988 Thread 0x0000000af0818e00 Exception <a 'java/lang/NoSuchMethodError'{0x000000030bc80c70}: 'java.lang.Object java.lang.invoke.Invokers$Holder.linkToTargetMethod(java.lang.Object, java.lang.Object, java.lang.Object, java.lang.Object, int, int, java.lang.Object)'> (0x000000030bc80c70) 
thrown [src/hotspot/share/interpreter/linkResolver.cpp, line 773]
Event: 5.166 Thread 0x0000000af0fcf100 Exception <a 'java/lang/NoSuchMethodError'{0x000000030931c4e8}: 'void java.lang.invoke.DirectMethodHandle$Holder.invokeStatic(java.lang.Object, int, java.lang.Object)'> (0x000000030931c4e8) 
thrown [src/hotspot/share/interpreter/linkResolver.cpp, line 773]
Event: 6.778 Thread 0x0000000aed885c00 Exception <a 'java/lang/ClassNotFoundException'{0x000000048079afb8}: sun/util/logging/resources/spi/loggingProvider> (0x000000048079afb8) 
thrown [src/hotspot/share/classfile/systemDictionary.cpp, line 312]
Event: 31.069 Thread 0x0000000af0124700 Implicit null exception at 0x0000000117896754 to 0x0000000117897284
Event: 38.202 Thread 0x0000000aef058e00 Implicit null exception at 0x00000001178a9338 to 0x00000001178a951c
Event: 38.202 Thread 0x0000000aef058e00 Implicit null exception at 0x00000001178a9a78 to 0x00000001178a9b10
Event: 38.202 Thread 0x0000000aef058e00 Implicit null exception at 0x00000001178d94f4 to 0x00000001178da278
Event: 38.258 Thread 0x0000000af0818e00 Implicit null exception at 0x00000001178dd024 to 0x00000001178dd084

ZGC Phase Switch (0 events):
No events

VM Operations (20 events):
Event: 31.027 Executing safepoint VM operation: G1CollectFull (System.gc())
Event: 31.027 Executing safepoint VM operation: G1CollectFull (System.gc()) done
Event: 31.027 Executing safepoint VM operation: G1CollectForAllocation (GCLocker Initiated GC)
Event: 31.033 Executing safepoint VM operation: G1CollectForAllocation (GCLocker Initiated GC) done
Event: 31.033 Executing safepoint VM operation: G1CollectFull (System.gc())
Event: 31.066 Executing safepoint VM operation: G1CollectFull (System.gc()) done
Event: 32.071 Executing safepoint VM operation: Cleanup
Event: 32.071 Executing safepoint VM operation: Cleanup done
Event: 33.072 Executing safepoint VM operation: Cleanup
Event: 33.072 Executing safepoint VM operation: Cleanup done
Event: 34.074 Executing safepoint VM operation: Cleanup
Event: 34.074 Executing safepoint VM operation: Cleanup done
Event: 36.085 Executing safepoint VM operation: Cleanup
Event: 36.085 Executing safepoint VM operation: Cleanup done
Event: 37.088 Executing safepoint VM operation: Cleanup
Event: 37.120 Executing safepoint VM operation: Cleanup done
Event: 38.228 Executing non-safepoint VM operation: HandshakeAllThreads (Deoptimize)
Event: 38.229 Executing non-safepoint VM operation: HandshakeAllThreads (Deoptimize) done
Event: 38.229 Executing safepoint VM operation: Cleanup
Event: 38.229 Executing safepoint VM operation: Cleanup done

Memory protections (20 events):
Event: 0.978 Protecting memory [0x000000017531c000,0x0000000175328000] with protection modes 0
Event: 1.026 Protecting memory [0x0000000175528000,0x0000000175534000] with protection modes 0
Event: 1.084 Protecting memory [0x0000000175734000,0x0000000175740000] with protection modes 0
Event: 1.087 Protecting memory [0x0000000175940000,0x000000017594c000] with protection modes 0
Event: 1.370 Protecting memory [0x0000000175e70000,0x0000000175e7c000] with protection modes 0
Event: 1.550 Protecting memory [0x000000017607c000,0x0000000176088000] with protection modes 0
Event: 1.552 Protecting memory [0x0000000176288000,0x0000000176294000] with protection modes 0
Event: 1.556 Protecting memory [0x0000000176494000,0x00000001764a0000] with protection modes 0
Event: 1.557 Protecting memory [0x00000001766a0000,0x00000001766ac000] with protection modes 0
Event: 1.558 Protecting memory [0x00000001768ac000,0x00000001768b8000] with protection modes 0
Event: 1.560 Protecting memory [0x0000000176ab8000,0x0000000176ac4000] with protection modes 0
Event: 1.564 Protecting memory [0x0000000176cc4000,0x0000000176cd0000] with protection modes 0
Event: 1.568 Protecting memory [0x0000000176ed0000,0x0000000176edc000] with protection modes 0
Event: 1.574 Protecting memory [0x00000001770dc000,0x00000001770e8000] with protection modes 0
Event: 1.575 Protecting memory [0x00000001772e8000,0x00000001772f4000] with protection modes 0
Event: 1.576 Protecting memory [0x00000001774f4000,0x0000000177500000] with protection modes 0
Event: 1.578 Protecting memory [0x0000000177700000,0x000000017770c000] with protection modes 0
Event: 2.108 Protecting memory [0x0000000177a24000,0x0000000177a30000] with protection modes 0
Event: 5.166 Protecting memory [0x0000000177c30000,0x0000000177c3c000] with protection modes 0
Event: 6.900 Protecting memory [0x0000000178328000,0x0000000178334000] with protection modes 0

Nmethod flushes (20 events):
Event: 31.043 Thread 0x0000000af2cc5400 flushing  nmethod 0x000000010fa6c290
Event: 31.043 Thread 0x0000000af2cc5400 flushing  nmethod 0x000000010fa72210
Event: 31.043 Thread 0x0000000af2cc5400 flushing  nmethod 0x000000010fa72610
Event: 31.044 Thread 0x0000000af2cc5400 flushing  nmethod 0x000000010fa8f590
Event: 31.044 Thread 0x0000000af2cc5400 flushing  nmethod 0x000000010fac7710
Event: 31.044 Thread 0x0000000af2cc5400 flushing  nmethod 0x000000010faca410
Event: 31.044 Thread 0x0000000af2cc5400 flushing  nmethod 0x000000010face310
Event: 31.044 Thread 0x0000000af2cc5400 flushing  nmethod 0x000000010fae5790
Event: 31.044 Thread 0x0000000af2cc5400 flushing  nmethod 0x000000010fb01d90
Event: 31.044 Thread 0x0000000af2cc5400 flushing  nmethod 0x000000010fc44690
Event: 31.044 Thread 0x0000000af2cc5400 flushing  nmethod 0x000000010fc49890
Event: 31.044 Thread 0x0000000af2cc5400 flushing  nmethod 0x000000010fc4c210
Event: 31.044 Thread 0x0000000af2cc5400 flushing  nmethod 0x000000010fc7ea10
Event: 31.044 Thread 0x0000000af2cc5400 flushing  nmethod 0x000000010fca0210
Event: 31.044 Thread 0x0000000af2cc5400 flushing  nmethod 0x000000010fd36410
Event: 31.044 Thread 0x0000000af2cc5400 flushing  nmethod 0x000000010fd71b90
Event: 31.044 Thread 0x0000000af2cc5400 flushing  nmethod 0x000000010fe86b10
Event: 31.044 Thread 0x0000000af2cc5400 flushing  nmethod 0x000000010fe8ae10
Event: 31.044 Thread 0x0000000af2cc5400 flushing  nmethod 0x000000010fe8b890
Event: 31.044 Thread 0x0000000af2cc5400 flushing  nmethod 0x000000010fe8bb90

Events (20 events):
Event: 0.978 Thread 0x0000000af0c37800 Thread added: 0x0000000af0818e00
Event: 1.026 Thread 0x0000000100cd3c60 Thread added: 0x0000000af0124700
Event: 1.084 Thread 0x0000000af0818e00 Thread added: 0x0000000af0296a00
Event: 1.087 Thread 0x0000000af0818e00 Thread added: 0x0000000af0297100
Event: 1.370 Thread 0x0000000af0818e00 Thread added: 0x0000000aefd32300
Event: 1.550 Thread 0x0000000af0c35500 Thread added: 0x0000000aef058e00
Event: 1.550 Thread 0x0000000af0fcea00 Thread added: 0x0000000aef059500
Event: 1.555 Thread 0x0000000af0fce300 Thread added: 0x0000000aef059c00
Event: 1.556 Thread 0x0000000af0fcf800 Thread added: 0x0000000aef05a300
Event: 1.557 Thread 0x0000000af0e4d500 Thread added: 0x0000000aef05aa00
Event: 1.559 Thread 0x0000000af0fcdc00 Thread added: 0x0000000aef05b100
Event: 1.563 Thread 0x0000000af0c35500 Thread added: 0x0000000aef05b800
Event: 1.565 Thread 0x0000000af0fcd500 Thread added: 0x0000000af0834000
Event: 1.573 Thread 0x0000000af0fcf100 Thread added: 0x0000000af0834700
Event: 1.574 Thread 0x0000000af0e4f100 Thread added: 0x0000000af0835c00
Event: 1.575 Thread 0x0000000af0c36300 Thread added: 0x0000000af0836300
Event: 1.577 Thread 0x0000000af0fcea00 Thread added: 0x0000000af0836a00
Event: 2.108 Thread 0x0000000af0818e00 Thread added: 0x0000000aeecd3100
Event: 5.166 Thread 0x0000000af0fcf100 Thread added: 0x0000000aed885c00
Event: 6.900 Thread 0x0000000aed885c00 Thread added: 0x0000000aed886300


Dynamic libraries:
0x0000000100674000 	/Users/mattias800/Library/Java/JavaVirtualMachines/ms-21.0.10/Contents/Home/lib/libjli.dylib
0x00000001b9723000 	/System/Library/Frameworks/Cocoa.framework/Versions/A/Cocoa
0x000000019eab0000 	/System/Library/Frameworks/AppKit.framework/Versions/C/AppKit
0x00000001a2124000 	/System/Library/Frameworks/CoreData.framework/Versions/A/CoreData
0x000000019beaa000 	/System/Library/Frameworks/Foundation.framework/Versions/C/Foundation
0x00000001aa0e7000 	/usr/lib/libSystem.B.dylib
0x00000001a01dd000 	/System/Library/PrivateFrameworks/UIFoundation.framework/Versions/A/UIFoundation
0x0000000253ef5000 	/System/Library/PrivateFrameworks/CollectionViewCore.framework/Versions/A/CollectionViewCore
0x00000001a7478000 	/System/Library/PrivateFrameworks/XCTTargetBootstrap.framework/Versions/A/XCTTargetBootstrap
0x00000001acb50000 	/System/Library/PrivateFrameworks/InternationalSupport.framework/Versions/A/InternationalSupport
0x00000001aceaa000 	/System/Library/PrivateFrameworks/UserActivity.framework/Versions/A/UserActivity
0x00000001a27b4000 	/System/Library/PrivateFrameworks/BaseBoard.framework/Versions/A/BaseBoard
0x000000025c6c2000 	/System/Library/PrivateFrameworks/FrontBoard.framework/Versions/A/FrontBoard
0x00000001b4563000 	/System/Library/PrivateFrameworks/FrontBoardServices.framework/Versions/A/FrontBoardServices
0x0000000298661000 	/usr/lib/libRosetta.dylib
0x000000028bf16000 	/System/Library/PrivateFrameworks/UIIntelligenceSupport.framework/Versions/A/UIIntelligenceSupport
0x0000000248dfe000 	/System/Library/Frameworks/SwiftUICore.framework/Versions/A/SwiftUICore
0x00000002924ca000 	/System/Library/PrivateFrameworks/WritingTools.framework/Versions/A/WritingTools
0x000000029131b000 	/System/Library/PrivateFrameworks/WindowManagement.framework/Versions/A/WindowManagement
0x000000019bb09000 	/System/Library/Frameworks/SystemConfiguration.framework/Versions/A/SystemConfiguration
0x00000001abd82000 	/usr/lib/libspindump.dylib
0x00000001a0398000 	/System/Library/Frameworks/UniformTypeIdentifiers.framework/Versions/A/UniformTypeIdentifiers
0x00000001a937e000 	/usr/lib/libbsm.0.dylib
0x00000001a4b82000 	/usr/lib/libapp_launch_measurement.dylib
0x00000001a3e77000 	/System/Library/PrivateFrameworks/CoreAnalytics.framework/Versions/A/CoreAnalytics
0x00000001a4b86000 	/System/Library/PrivateFrameworks/CoreAutoLayout.framework/Versions/A/CoreAutoLayout
0x00000001a69c3000 	/System/Library/Frameworks/Metal.framework/Versions/A/Metal
0x00000001a7dcb000 	/usr/lib/liblangid.dylib
0x00000001a747e000 	/System/Library/PrivateFrameworks/CoreSVG.framework/Versions/A/CoreSVG
0x00000001a0df9000 	/System/Library/PrivateFrameworks/SkyLight.framework/Versions/A/SkyLight
0x000000025c3fb000 	/System/Library/PrivateFrameworks/FocusEngine.framework/Versions/A/FocusEngine
0x00000001a13c0000 	/System/Library/Frameworks/CoreGraphics.framework/Versions/A/CoreGraphics
0x0000000259ff6000 	/System/Library/PrivateFrameworks/DesignLibrary.framework/Versions/A/DesignLibrary
0x00000001b282b000 	/System/Library/Frameworks/Accelerate.framework/Versions/A/Accelerate
0x00000001abb77000 	/System/Library/PrivateFrameworks/IconServices.framework/Versions/A/IconServices
0x00000001a699b000 	/System/Library/Frameworks/IOSurface.framework/Versions/A/IOSurface
0x00000001a3ea7000 	/usr/lib/libDiagnosticMessagesClient.dylib
0x00000001aa030000 	/usr/lib/libz.1.dylib
0x00000001b6b53000 	/System/Library/Frameworks/ApplicationServices.framework/Versions/A/ApplicationServices
0x00000001a7463000 	/System/Library/PrivateFrameworks/DFRFoundation.framework/Versions/A/DFRFoundation
0x000000019e2ff000 	/usr/lib/libicucore.A.dylib
0x00000001ae0e7000 	/System/Library/Frameworks/AudioToolbox.framework/Versions/A/AudioToolbox
0x00000001ace58000 	/System/Library/PrivateFrameworks/DataDetectorsCore.framework/Versions/A/DataDetectorsCore
0x000000028cb29000 	/System/Library/PrivateFrameworks/UpdateCycle.framework/Versions/A/UpdateCycle
0x00000001cad4e000 	/System/Library/PrivateFrameworks/TextInput.framework/Versions/A/TextInput
0x00000001a0d3b000 	/usr/lib/libMobileGestalt.dylib
0x00000001a715f000 	/System/Library/Frameworks/Carbon.framework/Versions/A/Frameworks/HIToolbox.framework/Versions/A/HIToolbox
0x00000001a43dc000 	/System/Library/Frameworks/QuartzCore.framework/Versions/A/QuartzCore
0x000000019deda000 	/System/Library/Frameworks/Security.framework/Versions/A/Security
0x00000001b21aa000 	/System/Library/Frameworks/Carbon.framework/Versions/A/Frameworks/SpeechRecognition.framework/Versions/A/SpeechRecognition
0x00000001a4851000 	/System/Library/PrivateFrameworks/CoreUI.framework/Versions/A/CoreUI
0x000000019d728000 	/System/Library/Frameworks/CoreAudio.framework/Versions/A/CoreAudio
0x00000001a3f9b000 	/System/Library/Frameworks/DiskArbitration.framework/Versions/A/DiskArbitration
0x00000001ac32a000 	/System/Library/PrivateFrameworks/MultitouchSupport.framework/Versions/A/MultitouchSupport
0x00000001a0d39000 	/usr/lib/libenergytrace.dylib
0x00000001be232000 	/System/Library/PrivateFrameworks/RenderBox.framework/Versions/A/RenderBox
0x000000019e957000 	/System/Library/Frameworks/IOKit.framework/Versions/A/IOKit
0x00000001b25b4000 	/System/Library/Frameworks/CoreServices.framework/Versions/A/CoreServices
0x00000001a4b13000 	/System/Library/PrivateFrameworks/PerformanceAnalysis.framework/Versions/A/PerformanceAnalysis
0x000000023e7e8000 	/System/Library/Frameworks/OpenGL.framework/Versions/A/OpenGL
0x00000001a4bd0000 	/usr/lib/libxml2.2.dylib
0x00000001a925f000 	/System/Library/PrivateFrameworks/MobileKeyBag.framework/Versions/A/MobileKeyBag
0x000000019a1c0000 	/usr/lib/libobjc.A.dylib
0x000000019a526000 	/usr/lib/libc++.1.dylib
0x00000001b2531000 	/System/Library/Frameworks/Accessibility.framework/Versions/A/Accessibility
0x00000001a1b1a000 	/System/Library/Frameworks/ColorSync.framework/Versions/A/ColorSync
0x000000019a657000 	/System/Library/Frameworks/CoreFoundation.framework/Versions/A/CoreFoundation
0x00000001a780b000 	/System/Library/Frameworks/CoreImage.framework/Versions/A/CoreImage
0x000000019d4fb000 	/System/Library/Frameworks/CoreText.framework/Versions/A/CoreText
0x00000002400f2000 	/System/Library/Frameworks/CoreTransferable.framework/Versions/A/CoreTransferable
0x000000024062e000 	/System/Library/Frameworks/DataDetection.framework/Versions/A/DataDetection
0x0000000240643000 	/System/Library/Frameworks/DeveloperToolsSupport.framework/Versions/A/DeveloperToolsSupport
0x00000001a74bc000 	/System/Library/Frameworks/ImageIO.framework/Versions/A/ImageIO
0x0000000249d73000 	/System/Library/Frameworks/Symbols.framework/Versions/A/Symbols
0x00000001cff73000 	/System/Library/PrivateFrameworks/AttributeGraph.framework/Versions/A/AttributeGraph
0x00000001b4642000 	/System/Library/PrivateFrameworks/BoardServices.framework/Versions/A/BoardServices
0x00000001f4732000 	/System/Library/PrivateFrameworks/FeatureFlags.framework/Versions/A/FeatureFlags
0x000000026563b000 	/System/Library/PrivateFrameworks/Gestures.framework/Versions/A/Gestures
0x00000001aa0ec000 	/System/Library/PrivateFrameworks/SoftLinking.framework/Versions/A/SoftLinking
0x00000001de817000 	/usr/lib/swift/libswiftAccelerate.dylib
0x00000001d4c8e000 	/usr/lib/swift/libswiftCompression.dylib
0x00000001ada4f000 	/usr/lib/swift/libswiftCore.dylib
0x00000001c701f000 	/usr/lib/swift/libswiftCoreFoundation.dylib
0x00000001c7078000 	/usr/lib/swift/libswiftCoreImage.dylib
0x00000001b42de000 	/usr/lib/swift/libswiftDispatch.dylib
0x00000001c7079000 	/usr/lib/swift/libswiftIOKit.dylib
0x00000001d4c81000 	/usr/lib/swift/libswiftMetal.dylib
0x00000001e4006000 	/usr/lib/swift/libswiftOSLog.dylib
0x00000001b71a4000 	/usr/lib/swift/libswiftObjectiveC.dylib
0x00000002998a2000 	/usr/lib/swift/libswiftObservation.dylib
0x00000001d9f9a000 	/usr/lib/swift/libswiftQuartzCore.dylib
0x00000002999e1000 	/usr/lib/swift/libswiftSynchronization.dylib
0x00000001de808000 	/usr/lib/swift/libswiftUniformTypeIdentifiers.dylib
0x00000001c7031000 	/usr/lib/swift/libswiftXPC.dylib
0x0000000299a1b000 	/usr/lib/swift/libswift_Builtin_float.dylib
0x0000000299a1e000 	/usr/lib/swift/libswift_Concurrency.dylib
0x00000001b71a8000 	/usr/lib/swift/libswiftos.dylib
0x00000001caade000 	/usr/lib/swift/libswiftsimd.dylib
0x00000001aa313000 	/usr/lib/libcompression.dylib
0x00000001acab0000 	/System/Library/PrivateFrameworks/TextureIO.framework/Versions/A/TextureIO
0x00000001a1cc6000 	/System/Library/Frameworks/ApplicationServices.framework/Versions/A/Frameworks/HIServices.framework/Versions/A/HIServices
0x00000001ab800000 	/usr/lib/libate.dylib
0x00000001aa0e1000 	/usr/lib/system/libcache.dylib
0x00000001aa09c000 	/usr/lib/system/libcommonCrypto.dylib
0x00000001aa0c7000 	/usr/lib/system/libcompiler_rt.dylib
0x00000001aa0bc000 	/usr/lib/system/libcopyfile.dylib
0x000000019a360000 	/usr/lib/system/libcorecrypto.dylib
0x000000019a459000 	/usr/lib/system/libdispatch.dylib
0x000000019a214000 	/usr/lib/system/libdyld.dylib
0x00000001aa0d7000 	/usr/lib/system/libkeymgr.dylib
0x00000001aa07f000 	/usr/lib/system/libmacho.dylib
0x00000001a9356000 	/usr/lib/system/libquarantine.dylib
0x00000001aa0d4000 	/usr/lib/system/libremovefile.dylib
0x00000001a0dbc000 	/usr/lib/system/libsystem_asl.dylib
0x000000019a2e5000 	/usr/lib/system/libsystem_blocks.dylib
0x000000019a4a3000 	/usr/lib/system/libsystem_c.dylib
0x00000001aa0cb000 	/usr/lib/system/libsystem_collections.dylib
0x00000001a7db8000 	/usr/lib/system/libsystem_configuration.dylib
0x00000001a6962000 	/usr/lib/system/libsystem_containermanager.dylib
0x00000001a9ae6000 	/usr/lib/system/libsystem_coreservices.dylib
0x000000019e5d1000 	/usr/lib/system/libsystem_darwin.dylib
0x0000000299d71000 	/usr/lib/system/libsystem_darwindirectory.dylib
0x00000001aa0d8000 	/usr/lib/system/libsystem_dnssd.dylib
0x0000000299d75000 	/usr/lib/system/libsystem_eligibility.dylib
0x000000019a4a0000 	/usr/lib/system/libsystem_featureflags.dylib
0x000000019a627000 	/usr/lib/system/libsystem_info.dylib
0x00000001aa040000 	/usr/lib/system/libsystem_m.dylib
0x000000019a40d000 	/usr/lib/system/libsystem_malloc.dylib
0x00000001a0d1e000 	/usr/lib/system/libsystem_networkextension.dylib
0x000000019ea42000 	/usr/lib/system/libsystem_notify.dylib
0x00000001a7dbd000 	/usr/lib/system/libsystem_sandbox.dylib
0x0000000299d7f000 	/usr/lib/system/libsystem_sanitizers.dylib
0x00000001aa0d0000 	/usr/lib/system/libsystem_secinit.dylib
0x000000019a5d4000 	/usr/lib/system/libsystem_kernel.dylib
0x000000019a61e000 	/usr/lib/system/libsystem_platform.dylib
0x000000019a611000 	/usr/lib/system/libsystem_pthread.dylib
0x00000001a2998000 	/usr/lib/system/libsystem_symptoms.dylib
0x000000019a33f000 	/usr/lib/system/libsystem_trace.dylib
0x0000000299d87000 	/usr/lib/system/libsystem_trial.dylib
0x00000001aa0aa000 	/usr/lib/system/libunwind.dylib
0x000000019a2e9000 	/usr/lib/system/libxpc.dylib
0x000000019a5b9000 	/usr/lib/libc++abi.dylib
0x00000002995b2000 	/usr/lib/libswiftPrespecialized.dylib
0x00000001aa0e9000 	/usr/lib/libfakelink.dylib
0x00000001a0962000 	/System/Library/Frameworks/CFNetwork.framework/Versions/A/CFNetwork
0x00000001aa13d000 	/usr/lib/libarchive.2.dylib
0x00000001b02bf000 	/System/Library/Frameworks/Combine.framework/Versions/A/Combine
0x0000000253f1a000 	/System/Library/PrivateFrameworks/CollectionsInternal.framework/Versions/A/CollectionsInternal
0x000000027b099000 	/System/Library/PrivateFrameworks/ReflectionInternal.framework/Versions/A/ReflectionInternal
0x000000027bf25000 	/System/Library/PrivateFrameworks/RuntimeInternal.framework/Versions/A/RuntimeInternal
0x00000001c3ec6000 	/usr/lib/swift/libswiftDarwin.dylib
0x00000002999e9000 	/usr/lib/swift/libswiftSystem.dylib
0x0000000299aa8000 	/usr/lib/swift/libswift_DarwinFoundation1.dylib
0x0000000299b89000 	/usr/lib/swift/libswift_StringProcessing.dylib
0x000000019e8d6000 	/System/Library/PrivateFrameworks/CoreServicesInternal.framework/Versions/A/CoreServicesInternal
0x00000001aa0b4000 	/usr/lib/liboah.dylib
0x00000001b65f1000 	/System/Library/PrivateFrameworks/DiskImages.framework/Versions/A/DiskImages
0x00000001c3988000 	/System/Library/Frameworks/NetFS.framework/Versions/A/NetFS
0x00000001a4b4a000 	/System/Library/Frameworks/CoreServices.framework/Versions/A/Frameworks/FSEvents.framework/Versions/A/FSEvents
0x000000019e5dc000 	/System/Library/Frameworks/CoreServices.framework/Versions/A/Frameworks/CarbonCore.framework/Versions/A/CarbonCore
0x00000001a3f0f000 	/System/Library/Frameworks/CoreServices.framework/Versions/A/Frameworks/Metadata.framework/Versions/A/Metadata
0x00000001a9aee000 	/System/Library/Frameworks/CoreServices.framework/Versions/A/Frameworks/OSServices.framework/Versions/A/OSServices
0x00000001aa235000 	/System/Library/Frameworks/CoreServices.framework/Versions/A/Frameworks/SearchKit.framework/Versions/A/SearchKit
0x00000001a2911000 	/System/Library/Frameworks/CoreServices.framework/Versions/A/Frameworks/AE.framework/Versions/A/AE
0x000000019aba1000 	/System/Library/Frameworks/CoreServices.framework/Versions/A/Frameworks/LaunchServices.framework/Versions/A/LaunchServices
0x00000001ab656000 	/System/Library/Frameworks/CoreServices.framework/Versions/A/Frameworks/DictionaryServices.framework/Versions/A/DictionaryServices
0x00000001a4b58000 	/System/Library/Frameworks/CoreServices.framework/Versions/A/Frameworks/SharedFileList.framework/Versions/A/SharedFileList
0x00000001aa2ca000 	/usr/lib/libapple_nghttp2.dylib
0x00000001a252b000 	/usr/lib/libsqlite3.dylib
0x00000001b6839000 	/System/Library/PrivateFrameworks/AppSupport.framework/Versions/A/AppSupport
0x00000001ae781000 	/System/Library/Frameworks/GSS.framework/Versions/A/GSS
0x00000001a28a5000 	/System/Library/PrivateFrameworks/RunningBoardServices.framework/Versions/A/RunningBoardServices
0x00000001b7132000 	/System/Library/PrivateFrameworks/StreamingZip.framework/Versions/A/StreamingZip
0x00000001a29a1000 	/System/Library/Frameworks/Network.framework/Versions/A/Network
0x00000001aa083000 	/usr/lib/system/libkxld.dylib
0x000000024f77b000 	/System/Library/PrivateFrameworks/AppleKeyStore.framework/Versions/A/AppleKeyStore
0x0000000298344000 	/usr/lib/libCoreEntitlements.dylib
0x0000000270f6b000 	/System/Library/PrivateFrameworks/MessageSecurity.framework/Versions/A/MessageSecurity
0x00000001a250f000 	/System/Library/PrivateFrameworks/ProtocolBuffer.framework/Versions/A/ProtocolBuffer
0x00000001b36df000 	/System/Library/PrivateFrameworks/SymptomDiagnosticReporter.framework/Versions/A/SymptomDiagnosticReporter
0x00000001ab89a000 	/System/Library/PrivateFrameworks/CrashReporterSupport.framework/Versions/A/CrashReporterSupport
0x00000001a9acd000 	/System/Library/PrivateFrameworks/AppleFSCompression.framework/Versions/A/AppleFSCompression
0x00000001a9366000 	/usr/lib/libcoretls.dylib
0x00000001ab6cd000 	/usr/lib/libcoretls_cfhelpers.dylib
0x00000001aa30c000 	/usr/lib/libpam.2.dylib
0x00000001ab73f000 	/usr/lib/libxar.1.dylib
0x00000001ab6cf000 	/System/Library/PrivateFrameworks/APFS.framework/Versions/A/APFS
0x00000002869d1000 	/System/Library/PrivateFrameworks/SwiftASN1Internal.framework/Versions/A/SwiftASN1Internal
0x00000001ab74e000 	/usr/lib/libutil.dylib
0x00000001a7dc6000 	/System/Library/PrivateFrameworks/AppleSystemInfo.framework/Versions/A/AppleSystemInfo
0x00000001a904e000 	/System/Library/PrivateFrameworks/IOMobileFramebuffer.framework/Versions/A/IOMobileFramebuffer
0x00000001c6ee5000 	/System/Library/PrivateFrameworks/LoggingSupport.framework/Versions/A/LoggingSupport
0x00000001ae7e4000 	/System/Library/PrivateFrameworks/MobileAsset.framework/Versions/A/MobileAsset
0x00000001b36ef000 	/System/Library/PrivateFrameworks/PowerLog.framework/Versions/A/PowerLog
0x0000000248c90000 	/System/Library/Frameworks/SwiftData.framework/Versions/A/SwiftData
0x00000001a4d7d000 	/System/Library/PrivateFrameworks/UserManagement.framework/Versions/A/UserManagement
0x00000001a088d000 	/usr/lib/libboringssl.dylib
0x00000001a2986000 	/usr/lib/libdns_services.dylib
0x00000001c5f1c000 	/usr/lib/libquic.dylib
0x00000001ad9df000 	/usr/lib/libusrtcp.dylib
0x000000025056d000 	/System/Library/PrivateFrameworks/AtomicsInternal.framework/Versions/A/AtomicsInternal
0x00000001ec892000 	/System/Library/PrivateFrameworks/InternalSwiftProtobuf.framework/Versions/A/InternalSwiftProtobuf
0x0000000299879000 	/usr/lib/swift/libswiftDistributed.dylib
0x00000001a7dc4000 	/System/Library/PrivateFrameworks/AggregateDictionary.framework/Versions/A/AggregateDictionary
0x0000000250d00000 	/System/Library/PrivateFrameworks/BiomeLibrary.framework/Versions/A/BiomeLibrary
0x00000001d5ca1000 	/System/Library/PrivateFrameworks/BiomeStreams.framework/Versions/A/BiomeStreams
0x00000001d1e6c000 	/System/Library/PrivateFrameworks/BiomeFoundation.framework/Versions/A/BiomeFoundation
0x00000001dbd62000 	/System/Library/PrivateFrameworks/BiomePubSub.framework/Versions/A/BiomePubSub
0x00000001b815e000 	/System/Library/PrivateFrameworks/ProactiveSupport.framework/Versions/A/ProactiveSupport
0x00000001ab6ae000 	/usr/lib/liblzma.5.dylib
0x00000001b6b54000 	/System/Library/PrivateFrameworks/InternationalTextSearch.framework/Versions/A/InternationalTextSearch
0x00000001ce370000 	/System/Library/PrivateFrameworks/SoftwareUpdateCoreSupport.framework/Versions/A/SoftwareUpdateCoreSupport
0x00000001d6725000 	/System/Library/PrivateFrameworks/SoftwareUpdateCoreConnect.framework/Versions/A/SoftwareUpdateCoreConnect
0x00000001b66ef000 	/System/Library/PrivateFrameworks/RemoteServiceDiscovery.framework/Versions/A/RemoteServiceDiscovery
0x00000001cdf67000 	/System/Library/PrivateFrameworks/MSUDataAccessor.framework/Versions/A/MSUDataAccessor
0x00000001c9041000 	/usr/lib/libbootpolicy.dylib
0x00000001b6706000 	/System/Library/PrivateFrameworks/RemoteXPC.framework/Versions/A/RemoteXPC
0x00000001d5b6d000 	/usr/lib/libFDR.dylib
0x00000001db983000 	/usr/lib/libamsupport.dylib
0x0000000298659000 	/usr/lib/libReverseProxyDevice.dylib
0x000000024f0a4000 	/System/Library/PrivateFrameworks/AppleDeviceQuerySupport.framework/Versions/A/AppleDeviceQuerySupport
0x00000001dea17000 	/usr/lib/libpartition2_dynamic.dylib
0x00000001aa2a6000 	/System/Library/PrivateFrameworks/AppleSauce.framework/Versions/A/AppleSauce
0x00000002981e5000 	/usr/lib/libAppleArchive.dylib
0x00000001a9ad9000 	/usr/lib/libbz2.1.0.dylib
0x00000001a3fa5000 	/System/Library/Frameworks/Accelerate.framework/Versions/A/Frameworks/vImage.framework/Versions/A/vImage
0x00000001b258e000 	/System/Library/Frameworks/Accelerate.framework/Versions/A/Frameworks/vecLib.framework/Versions/A/vecLib
0x00000001ab785000 	/System/Library/Frameworks/Accelerate.framework/Versions/A/Frameworks/vecLib.framework/Versions/A/libvMisc.dylib
0x000000019b0a1000 	/System/Library/Frameworks/Accelerate.framework/Versions/A/Frameworks/vecLib.framework/Versions/A/libBLAS.dylib
0x00000001a4cb7000 	/System/Library/Frameworks/CoreVideo.framework/Versions/A/CoreVideo
0x00000001ae388000 	/System/Library/Frameworks/ApplicationServices.framework/Versions/A/Frameworks/ATS.framework/Versions/A/ATS
0x00000001aca39000 	/System/Library/Frameworks/ApplicationServices.framework/Versions/A/Frameworks/PrintCore.framework/Versions/A/PrintCore
0x00000001ae74a000 	/System/Library/Frameworks/ApplicationServices.framework/Versions/A/Frameworks/QD.framework/Versions/A/QD
0x00000001ae745000 	/System/Library/Frameworks/ApplicationServices.framework/Versions/A/Frameworks/ColorSyncLegacy.framework/Versions/A/ColorSyncLegacy
0x00000001ae35a000 	/System/Library/Frameworks/ApplicationServices.framework/Versions/A/Frameworks/SpeechSynthesis.framework/Versions/A/SpeechSynthesis
0x00000001a6e8d000 	/System/Library/PrivateFrameworks/FontServices.framework/libFontParser.dylib
0x00000001b6415000 	/System/Library/PrivateFrameworks/BackBoardServices.framework/Versions/A/BackBoardServices
0x0000000250c19000 	/System/Library/PrivateFrameworks/BackBoardHIDEventFoundation.framework/Versions/A/BackBoardHIDEventFoundation
0x000000019d00c000 	/System/Library/Frameworks/CoreDisplay.framework/Versions/A/CoreDisplay
0x00000001ac370000 	/System/Library/Frameworks/VideoToolbox.framework/Versions/A/VideoToolbox
0x00000001aa30a000 	/System/Library/Frameworks/MetalPerformanceShaders.framework/Versions/A/MetalPerformanceShaders
0x000000027a105000 	/System/Library/PrivateFrameworks/ProDisplayLibrary.framework/Versions/A/ProDisplayLibrary
0x00000001ba1f5000 	/System/Library/PrivateFrameworks/IOSurfaceAccelerator.framework/Versions/A/IOSurfaceAccelerator
0x00000001a69b8000 	/System/Library/PrivateFrameworks/IOAccelerator.framework/Versions/A/IOAccelerator
0x00000001a6cd0000 	/System/Library/Frameworks/CoreMedia.framework/Versions/A/CoreMedia
0x00000001a0dd4000 	/System/Library/PrivateFrameworks/TCC.framework/Versions/A/TCC
0x00000001ac328000 	/System/Library/PrivateFrameworks/WatchdogClient.framework/Versions/A/WatchdogClient
0x00000001c6fff000 	/usr/lib/swift/libswiftCoreAudio.dylib
0x00000001e285f000 	/usr/lib/swift/libswiftCoreMedia.dylib
0x0000000299a03000 	/usr/lib/swift/libswiftVideoToolbox.dylib
0x00000001dbdc0000 	/System/Library/PrivateFrameworks/BiomeStorage.framework/Versions/A/BiomeStorage
0x000000026b5cb000 	/System/Library/PrivateFrameworks/IntelligencePlatformLibrary.framework/Versions/A/IntelligencePlatformLibrary
0x0000000279404000 	/System/Library/PrivateFrameworks/PoirotSchematizer.framework/Versions/A/PoirotSchematizer
0x0000000251548000 	/System/Library/PrivateFrameworks/BiomeSync.framework/Versions/A/BiomeSync
0x0000000250ce6000 	/System/Library/PrivateFrameworks/BiomeDSL.framework/Versions/A/BiomeDSL
0x000000027946e000 	/System/Library/PrivateFrameworks/PoirotUDFs.framework/Versions/A/PoirotUDFs
0x00000002793d3000 	/System/Library/PrivateFrameworks/PoirotSQLite.framework/Versions/A/PoirotSQLite
0x00000001b4b5f000 	/System/Library/PrivateFrameworks/CoreTime.framework/Versions/A/CoreTime
0x00000001aa122000 	/usr/lib/libiconv.2.dylib
0x00000001aa07e000 	/usr/lib/libcharset.1.dylib
0x0000000299ae9000 	/usr/lib/swift/libswift_RegexParser.dylib
0x0000000252b59000 	/System/Library/PrivateFrameworks/CascadeSets.framework/Versions/A/CascadeSets
0x00000001ae954000 	/System/Library/PrivateFrameworks/CorePhoneNumbers.framework/Versions/A/CorePhoneNumbers
0x00000001ac110000 	/System/Library/PrivateFrameworks/AppleJPEG.framework/Versions/A/AppleJPEG
0x00000001abaf2000 	/usr/lib/libexpat.1.dylib
0x00000001ac90c000 	/System/Library/Frameworks/ImageIO.framework/Versions/A/Resources/libPng.dylib
0x00000001ac938000 	/System/Library/Frameworks/ImageIO.framework/Versions/A/Resources/libTIFF.dylib
0x00000001aca22000 	/System/Library/Frameworks/ImageIO.framework/Versions/A/Resources/libGIF.dylib
0x00000001ac155000 	/System/Library/Frameworks/ImageIO.framework/Versions/A/Resources/libJP2.dylib
0x00000001ac9c8000 	/System/Library/Frameworks/ImageIO.framework/Versions/A/Resources/libJPEG.dylib
0x00000001ac9bf000 	/System/Library/Frameworks/ImageIO.framework/Versions/A/Resources/libRadiance.dylib
0x0000000261da9000 	/System/Library/PrivateFrameworks/GPUCompiler.framework/Versions/32023/Libraries/libllvm-flatbuffers.dylib
0x000000025c6b5000 	/System/Library/PrivateFrameworks/FramePacing.framework/Versions/A/FramePacing
0x000000023e7da000 	/System/Library/Frameworks/OpenGL.framework/Versions/A/Libraries/libCoreFSCache.dylib
0x000000025d7f6000 	/System/Library/PrivateFrameworks/GPUCompiler.framework/Versions/32023/Libraries/libGPUCompilerUtils.dylib
0x00000001b470f000 	/System/Library/PrivateFrameworks/GraphicsServices.framework/Versions/A/GraphicsServices
0x00000001b82ea000 	/System/Library/PrivateFrameworks/ASEProcessing.framework/Versions/A/ASEProcessing
0x00000001e8061000 	/System/Library/PrivateFrameworks/Symbolication.framework/Versions/A/Symbolication
0x0000000278ff0000 	/System/Library/PrivateFrameworks/PhotosensitivityProcessing.framework/Versions/A/PhotosensitivityProcessing
0x000000027c15e000 	/System/Library/PrivateFrameworks/SILManager.framework/Versions/A/SILManager
0x00000001abd24000 	/System/Library/PrivateFrameworks/GraphVisualizer.framework/Versions/A/GraphVisualizer
0x000000023e839000 	/System/Library/Frameworks/OpenGL.framework/Versions/A/Libraries/libGLU.dylib
0x000000023e7fc000 	/System/Library/Frameworks/OpenGL.framework/Versions/A/Libraries/libGFXShared.dylib
0x000000023e9c8000 	/System/Library/Frameworks/OpenGL.framework/Versions/A/Libraries/libGL.dylib
0x000000023e805000 	/System/Library/Frameworks/OpenGL.framework/Versions/A/Libraries/libGLImage.dylib
0x000000023e7f9000 	/System/Library/Frameworks/OpenGL.framework/Versions/A/Libraries/libCVMSPluginSupport.dylib
0x000000023e7e2000 	/System/Library/Frameworks/OpenGL.framework/Versions/A/Libraries/libCoreVMClient.dylib
0x000000025c5c0000 	/System/Library/PrivateFrameworks/FontServices.framework/Versions/A/FontServices
0x00000001abd34000 	/System/Library/PrivateFrameworks/OTSVG.framework/Versions/A/OTSVG
0x00000001a47fe000 	/System/Library/Frameworks/ApplicationServices.framework/Versions/A/Frameworks/ATS.framework/Versions/A/Resources/libFontRegistry.dylib
0x0000000298b69000 	/usr/lib/libhvf.dylib
0x0000000275e28000 	/System/Library/PrivateFrameworks/ParsingInternal.framework/Versions/A/ParsingInternal
0x000000025c5c4000 	/System/Library/PrivateFrameworks/FontServices.framework/libXTFontStaticRegistryData.dylib
0x00000001a7d03000 	/System/Library/Frameworks/MetalPerformanceShaders.framework/Versions/A/Frameworks/MPSCore.framework/Versions/A/MPSCore
0x00000001a9a38000 	/System/Library/Frameworks/MetalPerformanceShaders.framework/Versions/A/Frameworks/MPSImage.framework/Versions/A/MPSImage
0x00000001a9409000 	/System/Library/Frameworks/MetalPerformanceShaders.framework/Versions/A/Frameworks/MPSNeuralNetwork.framework/Versions/A/MPSNeuralNetwork
0x00000001a9841000 	/System/Library/Frameworks/MetalPerformanceShaders.framework/Versions/A/Frameworks/MPSMatrix.framework/Versions/A/MPSMatrix
0x00000001a9656000 	/System/Library/Frameworks/MetalPerformanceShaders.framework/Versions/A/Frameworks/MPSRayIntersector.framework/Versions/A/MPSRayIntersector
0x00000001a9873000 	/System/Library/Frameworks/MetalPerformanceShaders.framework/Versions/A/Frameworks/MPSNDArray.framework/Versions/A/MPSNDArray
0x0000000242971000 	/System/Library/Frameworks/MetalPerformanceShaders.framework/Versions/A/Frameworks/MPSFunctions.framework/Versions/A/MPSFunctions
0x0000000242952000 	/System/Library/Frameworks/MetalPerformanceShaders.framework/Versions/A/Frameworks/MPSBenchmarkLoop.framework/Versions/A/MPSBenchmarkLoop
0x0000000242986000 	/System/Library/Frameworks/MetalPerformanceShaders.framework/Versions/A/Frameworks/MPSHost.framework/Versions/A/MPSHost
0x000000019aebd000 	/System/Library/PrivateFrameworks/MetalTools.framework/Versions/A/MetalTools
0x00000001cc18a000 	/System/Library/PrivateFrameworks/IOAccelMemoryInfo.framework/Versions/A/IOAccelMemoryInfo
0x00000001da390000 	/System/Library/PrivateFrameworks/kperf.framework/Versions/A/kperf
0x00000001c6ffb000 	/System/Library/PrivateFrameworks/GPURawCounter.framework/Versions/A/GPURawCounter
0x00000001b4a48000 	/System/Library/PrivateFrameworks/CoreSymbolication.framework/Versions/A/CoreSymbolication
0x00000001c6f72000 	/System/Library/PrivateFrameworks/MallocStackLogging.framework/Versions/A/MallocStackLogging
0x00000001b4a25000 	/System/Library/PrivateFrameworks/DebugSymbols.framework/Versions/A/DebugSymbols
0x00000001d8bf6000 	/System/Library/PrivateFrameworks/OSAnalytics.framework/Versions/A/OSAnalytics
0x000000025a4ad000 	/System/Library/PrivateFrameworks/DeviceRecovery.framework/Versions/A/DeviceRecovery
0x0000000240788000 	/System/Library/Frameworks/ExtensionFoundation.framework/Versions/A/ExtensionFoundation
0x00000001abd75000 	/System/Library/PrivateFrameworks/AppServerSupport.framework/Versions/A/AppServerSupport
0x0000000241af0000 	/System/Library/Frameworks/LightweightCodeRequirements.framework/Versions/A/LightweightCodeRequirements
0x00000001ab9f1000 	/System/Library/PrivateFrameworks/PlugInKit.framework/Versions/A/PlugInKit
0x00000001a9277000 	/System/Library/PrivateFrameworks/AssertionServices.framework/Versions/A/AssertionServices
0x00000001abb17000 	/System/Library/PrivateFrameworks/IconFoundation.framework/Versions/A/IconFoundation
0x00000002684cd000 	/System/Library/PrivateFrameworks/IconRendering.framework/Versions/A/IconRendering
0x000000027c0d6000 	/System/Library/PrivateFrameworks/SFSymbols.framework/Versions/A/SFSymbols
0x000000019d130000 	/System/Library/PrivateFrameworks/AudioToolboxCore.framework/Versions/A/AudioToolboxCore
0x00000001ae2c2000 	/System/Library/PrivateFrameworks/AudioSession.framework/Versions/A/AudioSession
0x00000001b9536000 	/System/Library/Frameworks/CoreMIDI.framework/Versions/A/CoreMIDI
0x00000001ae341000 	/usr/lib/libAudioStatistics.dylib
0x00000001a6ca7000 	/System/Library/PrivateFrameworks/caulk.framework/Versions/A/caulk
0x00000001ac8e6000 	/usr/lib/libAudioToolboxUtility.dylib
0x00000001cd7b0000 	/usr/lib/swift/libswiftCoreMIDI.dylib
0x00000001ae753000 	/System/Library/PrivateFrameworks/perfdata.framework/Versions/A/perfdata
0x00000001c6019000 	/System/Library/PrivateFrameworks/SystemPolicy.framework/Versions/A/SystemPolicy
0x00000001ae5f8000 	/usr/lib/libSMC.dylib
0x00000001ae761000 	/usr/lib/libperfcheck.dylib
0x000000025062d000 	/System/Library/PrivateFrameworks/AudioAnalytics.framework/Versions/A/AudioAnalytics
0x0000000299aac000 	/usr/lib/swift/libswift_DarwinFoundation2.dylib
0x0000000299aad000 	/usr/lib/swift/libswift_DarwinFoundation3.dylib
0x00000001ec58f000 	/System/Library/Frameworks/OSLog.framework/Versions/A/OSLog
0x00000001c6fa4000 	/usr/lib/libmis.dylib
0x00000001abc35000 	/System/Library/PrivateFrameworks/MediaExperience.framework/Versions/A/MediaExperience
0x00000001ae090000 	/System/Library/PrivateFrameworks/AudioSession.framework/libSessionUtility.dylib
0x00000001aca28000 	/System/Library/PrivateFrameworks/CMCaptureCore.framework/Versions/A/CMCaptureCore
0x00000001b35d9000 	/System/Library/Frameworks/CoreBluetooth.framework/Versions/A/CoreBluetooth
0x00000001a90e3000 	/System/Library/PrivateFrameworks/CoreUtils.framework/Versions/A/CoreUtils
0x00000001bef59000 	/System/Library/PrivateFrameworks/HID.framework/Versions/A/HID
0x00000002598aa000 	/System/Library/PrivateFrameworks/CoreUtilsExtras.framework/Versions/A/CoreUtilsExtras
0x0000000268422000 	/System/Library/PrivateFrameworks/IO80211.framework/Versions/A/IO80211
0x00000001b0012000 	/System/Library/Frameworks/IOBluetooth.framework/Versions/A/IOBluetooth
0x000000025021b000 	/System/Library/PrivateFrameworks/ArgumentParserInternal.framework/Versions/A/ArgumentParserInternal
0x00000001ab891000 	/usr/lib/libIOReport.dylib
0x00000001a9286000 	/System/Library/Frameworks/SecurityFoundation.framework/Versions/A/SecurityFoundation
0x000000019b881000 	/System/Library/PrivateFrameworks/Lexicon.framework/Versions/A/Lexicon
0x00000001a93f1000 	/usr/lib/libgermantok.dylib
0x00000001a7eef000 	/System/Library/PrivateFrameworks/LinguisticData.framework/Versions/A/LinguisticData
0x00000001b37e1000 	/System/Library/PrivateFrameworks/MediaKit.framework/Versions/A/MediaKit
0x00000001b372c000 	/System/Library/Frameworks/DiscRecording.framework/Versions/A/DiscRecording
0x00000001abb0d000 	/usr/lib/libheimdal-asn1.dylib
0x00000001b7108000 	/System/Library/Frameworks/AudioUnit.framework/Versions/A/AudioUnit
0x00000001a4b1d000 	/System/Library/Frameworks/OpenDirectory.framework/Versions/A/OpenDirectory
0x00000001a4b2b000 	/System/Library/Frameworks/OpenDirectory.framework/Versions/A/Frameworks/CFOpenDirectory.framework/Versions/A/CFOpenDirectory
0x000000023ed4c000 	/System/Library/Frameworks/AVFAudio.framework/Versions/A/AVFAudio
0x00000001bff2a000 	/usr/lib/libAccessibility.dylib
0x000000026c172000 	/System/Library/PrivateFrameworks/IsolatedCoreAudioClient.framework/Versions/A/IsolatedCoreAudioClient
0x0000000289fac000 	/System/Library/PrivateFrameworks/Tightbeam.framework/Versions/A/Tightbeam
0x00000002557a8000 	/System/Library/PrivateFrameworks/CoreAudioOrchestration.framework/Versions/A/CoreAudioOrchestration
0x00000001def6a000 	/System/Library/PrivateFrameworks/AFKUser.framework/Versions/A/AFKUser
0x00000001b287b000 	/System/Library/Frameworks/MediaAccessibility.framework/Versions/A/MediaAccessibility
0x000000028e1cb000 	/System/Library/PrivateFrameworks/VideoToolboxParavirtualizationSupport.framework/Versions/A/VideoToolboxParavirtualizationSupport
0x00000001abaa9000 	/System/Library/PrivateFrameworks/AppleVA.framework/Versions/A/AppleVA
0x00000001ac9ba000 	/System/Library/PrivateFrameworks/GPUWrangler.framework/Versions/A/GPUWrangler
0x00000001ac99a000 	/System/Library/PrivateFrameworks/IOPresentment.framework/Versions/A/IOPresentment
0x00000001ac9c2000 	/System/Library/PrivateFrameworks/DSExternalDisplay.framework/Versions/A/DSExternalDisplay
0x0000000250072000 	/System/Library/PrivateFrameworks/AppleMobileFileIntegrity.framework/Versions/A/AppleMobileFileIntegrity
0x00000002986e6000 	/usr/lib/libTLE.dylib
0x00000001fd895000 	/System/Library/PrivateFrameworks/ConfigProfileHelper.framework/Versions/A/ConfigProfileHelper
0x00000001f26a2000 	/usr/lib/libedit.3.dylib
0x000000026d6f2000 	/System/Library/PrivateFrameworks/MIL.framework/Versions/A/MIL
0x00000001cc14d000 	/usr/lib/libncurses.5.4.dylib
0x00000001a9018000 	/System/Library/PrivateFrameworks/CoreEmoji.framework/Versions/A/CoreEmoji
0x000000019bb9d000 	/usr/lib/libCRFSuite.dylib
0x00000001a7dcd000 	/System/Library/PrivateFrameworks/CoreNLP.framework/Versions/A/CoreNLP
0x00000001a9390000 	/usr/lib/libmecab.dylib
0x00000001aa29d000 	/usr/lib/libThaiTokenizer.dylib
0x00000001eca5a000 	/System/Library/PrivateFrameworks/HIDDisplay.framework/Versions/A/HIDDisplay
0x00000001ac9f4000 	/System/Library/Frameworks/ApplicationServices.framework/Versions/A/Frameworks/ATSUI.framework/Versions/A/ATSUI
0x00000001ae6d9000 	/usr/lib/libcups.2.dylib
0x00000001ae76f000 	/System/Library/Frameworks/Kerberos.framework/Versions/A/Kerberos
0x00000001ae3d0000 	/usr/lib/libresolv.9.dylib
0x00000001abd89000 	/System/Library/PrivateFrameworks/Heimdal.framework/Versions/A/Heimdal
0x00000001b7107000 	/System/Library/Frameworks/Kerberos.framework/Versions/A/Libraries/libHeimdalProxy.dylib
0x00000001ae7d3000 	/System/Library/PrivateFrameworks/CommonAuth.framework/Versions/A/CommonAuth
0x00000001bfe25000 	/System/Library/PrivateFrameworks/AXCoreUtilities.framework/Versions/A/AXCoreUtilities
0x00000002980ff000 	/usr/lib/libAXSafeCategoryBundle.dylib
0x00000001a8ede000 	/System/Library/Frameworks/Accelerate.framework/Versions/A/Frameworks/vecLib.framework/Versions/A/libvDSP.dylib
0x00000001aa3ea000 	/System/Library/Frameworks/Accelerate.framework/Versions/A/Frameworks/vecLib.framework/Versions/A/libLAPACK.dylib
0x00000001a93f4000 	/System/Library/Frameworks/Accelerate.framework/Versions/A/Frameworks/vecLib.framework/Versions/A/libLinearAlgebra.dylib
0x00000001aa2e3000 	/System/Library/Frameworks/Accelerate.framework/Versions/A/Frameworks/vecLib.framework/Versions/A/libSparseBLAS.dylib
0x00000001aa3e5000 	/System/Library/Frameworks/Accelerate.framework/Versions/A/Frameworks/vecLib.framework/Versions/A/libQuadrature.dylib
0x00000001a7ef6000 	/System/Library/Frameworks/Accelerate.framework/Versions/A/Frameworks/vecLib.framework/Versions/A/libBNNS.dylib
0x000000019b996000 	/System/Library/Frameworks/Accelerate.framework/Versions/A/Frameworks/vecLib.framework/Versions/A/libSparse.dylib
0x00000001ae738000 	/System/Library/PrivateFrameworks/NetAuth.framework/Versions/A/NetAuth
0x00000001a4d3c000 	/System/Library/PrivateFrameworks/login.framework/Versions/A/Frameworks/loginsupport.framework/Versions/A/loginsupport
0x00000001a935a000 	/usr/lib/libCheckFix.dylib
0x00000001a3ea9000 	/System/Library/PrivateFrameworks/MetadataUtilities.framework/Versions/A/MetadataUtilities
0x0000000268eea000 	/System/Library/PrivateFrameworks/InstalledContentLibrary.framework/Versions/A/InstalledContentLibrary
0x000000019e917000 	/System/Library/PrivateFrameworks/CoreServicesStore.framework/Versions/A/CoreServicesStore
0x00000001da497000 	/System/Library/PrivateFrameworks/MobileSystemServices.framework/Versions/A/MobileSystemServices
0x00000001ab752000 	/usr/lib/libxslt.1.dylib
0x00000001a9319000 	/System/Library/PrivateFrameworks/BackgroundTaskManagement.framework/Versions/A/BackgroundTaskManagement
0x00000001b67b1000 	/usr/lib/libcurl.4.dylib
0x000000029891f000 	/usr/lib/libcrypto.46.dylib
0x000000029953f000 	/usr/lib/libssl.48.dylib
0x00000001b6487000 	/System/Library/Frameworks/LDAP.framework/Versions/A/LDAP
0x00000001b64c3000 	/System/Library/PrivateFrameworks/TrustEvaluationAgent.framework/Versions/A/TrustEvaluationAgent
0x00000001ae3ed000 	/usr/lib/libsasl2.2.dylib
0x00000001c3ec5000 	/usr/lib/swift/libswiftCoreGraphics.dylib
0x00000001b2f77000 	/usr/lib/swift/libswiftFoundation.dylib
0x00000001fd251000 	/usr/lib/swift/libswiftSwiftOnoneSupport.dylib
0x0000000299c1e000 	/usr/lib/swift/libswiftsys_time.dylib
0x00000001e881e000 	/System/Library/PrivateFrameworks/CoreMaterial.framework/Versions/A/CoreMaterial
0x0000000299964000 	/usr/lib/swift/libswiftSpatial.dylib
0x00000002986e3000 	/usr/lib/libSpatial.dylib
0x000000029801d000 	/System/Library/SubFrameworks/UIUtilities.framework/Versions/A/UIUtilities
0x0000000106220000 	/Users/mattias800/Library/Java/JavaVirtualMachines/ms-21.0.10/Contents/Home/lib/server/libjvm.dylib
0x000000010069c000 	/Users/mattias800/Library/Java/JavaVirtualMachines/ms-21.0.10/Contents/Home/lib/libjimage.dylib
0x0000000100728000 	/Users/mattias800/Library/Java/JavaVirtualMachines/ms-21.0.10/Contents/Home/lib/libjava.dylib
0x00000001009ac000 	/Users/mattias800/Library/Java/JavaVirtualMachines/ms-21.0.10/Contents/Home/lib/libnio.dylib
0x0000000105e90000 	/Users/mattias800/Library/Java/JavaVirtualMachines/ms-21.0.10/Contents/Home/lib/libnet.dylib
0x0000000105eb0000 	/Users/mattias800/Library/Java/JavaVirtualMachines/ms-21.0.10/Contents/Home/lib/libzip.dylib
0x0000000105fec000 	/private/var/folders/00/y_pwwndd1hj9rnmh0xwj36v80000gn/T/sqlite-3.51.0.0-83143a98-9011-4b12-a8b7-118cd8af402f-libsqlitejdbc.dylib
0x00000001060fc000 	/Users/mattias800/Library/Java/JavaVirtualMachines/ms-21.0.10/Contents/Home/lib/libawt.dylib
0x0000000105f5c000 	/Users/mattias800/Library/Java/JavaVirtualMachines/ms-21.0.10/Contents/Home/lib/libmlib_image.dylib
0x0000000241ae7000 	/System/Library/Frameworks/JavaRuntimeSupport.framework/Versions/A/JavaRuntimeSupport
0x00000001c59ea000 	/System/Library/Frameworks/Carbon.framework/Versions/A/Carbon
0x00000001bbd21000 	/System/Library/Frameworks/Carbon.framework/Versions/A/Frameworks/CommonPanels.framework/Versions/A/CommonPanels
0x00000001b679c000 	/System/Library/Frameworks/Carbon.framework/Versions/A/Frameworks/Help.framework/Versions/A/Help
0x00000001bbd25000 	/System/Library/Frameworks/Carbon.framework/Versions/A/Frameworks/ImageCapture.framework/Versions/A/ImageCapture
0x00000001bbd00000 	/System/Library/Frameworks/Carbon.framework/Versions/A/Frameworks/OpenScripting.framework/Versions/A/OpenScripting
0x00000001bbd20000 	/System/Library/Frameworks/Carbon.framework/Versions/A/Frameworks/Ink.framework/Versions/A/Ink
0x00000001bbd1d000 	/System/Library/Frameworks/Carbon.framework/Versions/A/Frameworks/SecurityHI.framework/Versions/A/SecurityHI
0x0000000298541000 	/usr/lib/libInterpreterSecurity.dylib
0x00000001dc0d0000 	/System/Library/PrivateFrameworks/XprotectFramework.framework/Versions/A/XprotectFramework
0x00000001bf26e000 	/System/Library/PrivateFrameworks/yara.framework/Versions/A/yara
0x00000002984bd000 	/usr/lib/libEndpointSecuritySystem.dylib
0x000000011eb60000 	/Users/mattias800/Library/Java/JavaVirtualMachines/ms-21.0.10/Contents/Home/lib/libawt_lwawt.dylib
0x0000000105f10000 	/Users/mattias800/Library/Java/JavaVirtualMachines/ms-21.0.10/Contents/Home/lib/libosxapp.dylib
0x00000001c3f2c000 	/System/Library/Frameworks/ExceptionHandling.framework/Versions/A/ExceptionHandling
0x000000011ede8000 	/Users/mattias800/Library/Java/JavaVirtualMachines/ms-21.0.10/Contents/Home/lib/libfontmanager.dylib
0x000000011ec98000 	/Users/mattias800/Library/Java/JavaVirtualMachines/ms-21.0.10/Contents/Home/lib/libfreetype.dylib
0x00000001061e4000 	/Users/mattias800/Library/Java/JavaVirtualMachines/ms-21.0.10/Contents/Home/lib/libextnet.dylib
0x000000023f01c000 	/System/Library/Frameworks/AppIntents.framework/Versions/A/AppIntents
0x0000000248507000 	/System/Library/Frameworks/RelevanceKit.framework/Versions/A/RelevanceKit
0x00000001a9ee2000 	/System/Library/Frameworks/CoreSpotlight.framework/Versions/A/CoreSpotlight
0x000000026d205000 	/System/Library/PrivateFrameworks/LinkServices.framework/Versions/A/LinkServices
0x000000025a9c8000 	/System/Library/PrivateFrameworks/DoNotDisturb.framework/Versions/A/DoNotDisturb
0x000000026d060000 	/System/Library/PrivateFrameworks/LinkMetadata.framework/Versions/A/LinkMetadata
0x00000001c7026000 	/usr/lib/swift/libswiftIntents.dylib
0x00000001cc2a7000 	/System/Library/PrivateFrameworks/IntentsCore.framework/Versions/A/IntentsCore
0x0000000250b07000 	/System/Library/PrivateFrameworks/AvailabilityKit.framework/Versions/A/AvailabilityKit
0x000000024de49000 	/System/Library/PrivateFrameworks/AppIntentSchemas.framework/Versions/A/AppIntentSchemas
0x0000000262317000 	/System/Library/PrivateFrameworks/GRDBInternal.framework/Versions/A/GRDBInternal
0x0000000286184000 	/System/Library/PrivateFrameworks/StatusKit.framework/Versions/A/StatusKit
0x00000001b3b10000 	/System/Library/PrivateFrameworks/GenerationalStorage.framework/Versions/A/GenerationalStorage
0x00000001b3938000 	/System/Library/Frameworks/FileProvider.framework/Versions/A/FileProvider
0x00000001a03af000 	/System/Library/PrivateFrameworks/DesktopServicesPriv.framework/Versions/A/DesktopServicesPriv
0x00000001a2713000 	/System/Library/Frameworks/Accounts.framework/Versions/A/Accounts
0x00000001c6a92000 	/System/Library/PrivateFrameworks/FTServices.framework/Versions/A/FTServices
0x00000001bef17000 	/System/Library/PrivateFrameworks/CloudServices.framework/Versions/A/CloudServices
0x00000001b5fd1000 	/System/Library/PrivateFrameworks/CoreWiFi.framework/Versions/A/CoreWiFi
0x00000001a66e2000 	/System/Library/Frameworks/CoreLocation.framework/Versions/A/CoreLocation
0x00000001b5967000 	/System/Library/Frameworks/Intents.framework/Versions/A/Intents
0x000000024acce000 	/System/Library/Frameworks/_LocationEssentials.framework/Versions/A/_LocationEssentials
0x00000001a9e91000 	/System/Library/Frameworks/UserNotifications.framework/Versions/A/UserNotifications
0x00000001a9b21000 	/System/Library/PrivateFrameworks/AuthKit.framework/Versions/A/AuthKit
0x00000001afc1d000 	/System/Library/PrivateFrameworks/Sharing.framework/Versions/A/Sharing
0x00000001af79c000 	/System/Library/PrivateFrameworks/IDSFoundation.framework/Versions/A/IDSFoundation
0x00000001b5fd0000 	/System/Library/PrivateFrameworks/Apple80211.framework/Versions/A/Apple80211
0x00000001a9060000 	/System/Library/Frameworks/CoreWLAN.framework/Versions/A/CoreWLAN
0x00000001cd791000 	/usr/lib/swift/libswiftCoreLocation.dylib
0x00000001adfde000 	/System/Library/PrivateFrameworks/IMFoundation.framework/Versions/A/IMFoundation
0x00000001bf26d000 	/System/Library/PrivateFrameworks/Marco.framework/Versions/A/Marco
0x00000001a279d000 	/System/Library/PrivateFrameworks/CommonUtilities.framework/Versions/A/CommonUtilities
0x00000001bbce8000 	/System/Library/PrivateFrameworks/Engram.framework/Versions/A/Engram
0x00000002998c3000 	/usr/lib/swift/libswiftRegexBuilder.dylib
0x00000001bbc86000 	/usr/lib/libtidy.A.dylib
0x00000001ac09a000 	/System/Library/PrivateFrameworks/Bom.framework/Versions/A/Bom
0x00000001ae40e000 	/usr/lib/libParallelCompression.dylib
0x00000001f47b7000 	/System/Library/PrivateFrameworks/WiFiPeerToPeer.framework/Versions/A/WiFiPeerToPeer
0x0000000252bf9000 	/System/Library/PrivateFrameworks/Centauri.framework/Versions/A/Centauri
0x0000000299053000 	/usr/lib/libmrc.dylib
0x000000026848c000 	/System/Library/PrivateFrameworks/IPConfiguration.framework/Versions/A/IPConfiguration
0x00000001e87e0000 	/System/Library/PrivateFrameworks/Netrb.framework/Versions/A/Netrb
0x00000001ae400000 	/System/Library/PrivateFrameworks/MultiverseSupport.framework/Versions/A/MultiverseSupport
0x00000001b3813000 	/System/Library/PrivateFrameworks/DiskManagement.framework/Versions/A/DiskManagement
0x00000001b371f000 	/System/Library/PrivateFrameworks/AppleIDAuthSupport.framework/Versions/A/AppleIDAuthSupport
0x000000024b5ae000 	/System/Library/PrivateFrameworks/AAAFoundation.framework/Versions/A/AAAFoundation
0x00000001ae912000 	/System/Library/PrivateFrameworks/KeychainCircle.framework/Versions/A/KeychainCircle
0x00000001bfe1b000 	/System/Library/PrivateFrameworks/URLFormatting.framework/Versions/A/URLFormatting
0x00000001b67a5000 	/usr/lib/libcsfde.dylib
0x00000001aba3b000 	/usr/lib/libCoreStorage.dylib
0x00000001b00e9000 	/System/Library/PrivateFrameworks/ProtectedCloudStorage.framework/Versions/A/ProtectedCloudStorage
0x00000001b67a0000 	/System/Library/PrivateFrameworks/EFILogin.framework/Versions/A/EFILogin
0x00000001b3b37000 	/System/Library/PrivateFrameworks/OctagonTrust.framework/Versions/A/OctagonTrust
0x00000001b03b6000 	/System/Library/PrivateFrameworks/GeoServices.framework/Versions/A/GeoServices
0x00000001ae057000 	/System/Library/PrivateFrameworks/LocationSupport.framework/Versions/A/LocationSupport
0x0000000265495000 	/System/Library/PrivateFrameworks/GeoServicesCore.framework/Versions/A/GeoServicesCore
0x00000001bfe19000 	/System/Library/PrivateFrameworks/PhoneNumbers.framework/Versions/A/PhoneNumbers
0x000000026d5e3000 	/System/Library/PrivateFrameworks/LocationLogEncryption.framework/Versions/A/LocationLogEncryption
0x00000001af5bb000 	/System/Library/PrivateFrameworks/IDS.framework/Versions/A/IDS
0x00000001ef472000 	/System/Library/Frameworks/CryptoKit.framework/Versions/A/CryptoKit
0x00000001b7103000 	/System/Library/PrivateFrameworks/CryptoKitCBridging.framework/Versions/A/CryptoKitCBridging
0x00000001b4721000 	/System/Library/Frameworks/CryptoTokenKit.framework/Versions/A/CryptoTokenKit
0x00000001d56ba000 	/System/Library/PrivateFrameworks/FTAWD.framework/Versions/A/FTAWD
0x000000019ea54000 	/usr/lib/libsandbox.1.dylib
0x00000001aba33000 	/usr/lib/libMatch.1.dylib
0x00000001b71c6000 	/System/Library/PrivateFrameworks/IntentsFoundation.framework/Versions/A/IntentsFoundation
0x00000001a49da000 	/System/Library/PrivateFrameworks/ViewBridge.framework/Versions/A/ViewBridge
0x000000024abd8000 	/System/Library/Frameworks/_AppIntents_AppKit.framework/Versions/A/_AppIntents_AppKit
0x0000000105f44000 	/usr/lib/libobjc-trampolines.dylib
0x00000001d0d4a000 	/System/Library/CoreServices/RawCamera.bundle/Contents/MacOS/RawCamera
0x00000001acf18000 	/System/Library/Frameworks/MediaToolbox.framework/Versions/A/MediaToolbox
0x00000001b3909000 	/System/Library/PrivateFrameworks/CoreAVCHD.framework/Versions/A/CoreAVCHD
0x00000001b3905000 	/System/Library/PrivateFrameworks/Mangrove.framework/Versions/A/Mangrove
0x0000000252275000 	/System/Library/PrivateFrameworks/CMPhoto.framework/Versions/A/CMPhoto
0x00000001b40ef000 	/System/Library/Frameworks/CoreTelephony.framework/Versions/A/CoreTelephony
0x00000001b38f8000 	/System/Library/PrivateFrameworks/CoreAUC.framework/Versions/A/CoreAUC
0x000000024f5a6000 	/System/Library/PrivateFrameworks/AppleJPEGXL.framework/Versions/A/AppleJPEGXL
0x00000001ae964000 	/usr/lib/libTelephonyUtilDynamic.dylib
0x00000001cd776000 	/System/Library/Frameworks/Accelerate.framework/Versions/A/Frameworks/vImage.framework/Versions/A/Libraries/libCGInterfaces.dylib
0x0000000298103000 	/usr/lib/libAccessibilityBaseImplementations.dylib
0x00000002924cf000 	/System/Library/PrivateFrameworks/WritingToolsUI.framework/Versions/A/WritingToolsUI
0x0000000264e77000 	/System/Library/PrivateFrameworks/GenerativeAssistantSettings.framework/Versions/A/GenerativeAssistantSettings
0x0000000287f2a000 	/System/Library/PrivateFrameworks/TextComposer.framework/Versions/A/TextComposer
0x0000000264e4d000 	/System/Library/PrivateFrameworks/GenerativeAssistantCommon.framework/Versions/A/GenerativeAssistantCommon
0x00000001ce82c000 	/System/Library/Frameworks/SwiftUI.framework/Versions/A/SwiftUI
0x000000024ac17000 	/System/Library/Frameworks/_AuthenticationServices_SwiftUI.framework/Versions/A/_AuthenticationServices_SwiftUI
0x000000024db7e000 	/System/Library/PrivateFrameworks/Anvil.framework/Versions/A/Anvil
0x00000001cddd9000 	/System/Library/PrivateFrameworks/AppStoreDaemon.framework/Versions/A/AppStoreDaemon
0x00000001b9779000 	/System/Library/PrivateFrameworks/AppleMediaServices.framework/Versions/A/AppleMediaServices
0x0000000265320000 	/System/Library/PrivateFrameworks/GenerativePartnerServiceUI.framework/Versions/A/GenerativePartnerServiceUI
0x00000001fc7bb000 	/System/Library/PrivateFrameworks/JetEngine.framework/Versions/A/JetEngine
0x00000002652fd000 	/System/Library/PrivateFrameworks/GenerativePartnerService.framework/Versions/A/GenerativePartnerService
0x00000001c6c28000 	/System/Library/Frameworks/SafariServices.framework/Versions/A/SafariServices
0x00000001c3fa5000 	/System/Library/Frameworks/WebKit.framework/Versions/A/WebKit
0x00000001ca171000 	/System/Library/PrivateFrameworks/AppleMediaServicesUI.framework/Versions/A/AppleMediaServicesUI
0x00000001c7909000 	/System/Library/PrivateFrameworks/OnBoardingKit.framework/Versions/A/OnBoardingKit
0x000000027db24000 	/System/Library/PrivateFrameworks/Settings.framework/Versions/A/Settings
0x00000002408be000 	/System/Library/Frameworks/ExtensionKit.framework/Versions/A/ExtensionKit
0x0000000240902000 	/System/Library/Frameworks/FSKit.framework/Versions/A/FSKit
0x000000026d394000 	/System/Library/PrivateFrameworks/LiveFS.framework/Versions/A/LiveFS
0x0000000287e07000 	/System/Library/PrivateFrameworks/TextAnimationSupport.framework/Versions/A/TextAnimationSupport
0x000000027b00c000 	/System/Library/PrivateFrameworks/RecapPerformanceTesting.framework/Versions/A/RecapPerformanceTesting
0x00000001c78f9000 	/System/Library/PrivateFrameworks/SignpostCollection.framework/Versions/A/SignpostCollection
0x00000001b910a000 	/System/Library/Frameworks/WebKit.framework/Versions/A/Frameworks/WebKitLegacy.framework/Versions/A/WebKitLegacy
0x00000001b6ee6000 	/System/Library/PrivateFrameworks/CorePrediction.framework/Versions/A/CorePrediction
0x00000001a5acb000 	/System/Library/Frameworks/WebKit.framework/Versions/A/Frameworks/WebCore.framework/Versions/A/Frameworks/libwebrtc.dylib
0x00000001c3f2f000 	/System/Library/PrivateFrameworks/SafariSafeBrowsing.framework/Versions/A/SafariSafeBrowsing
0x00000001ae476000 	/System/Library/Frameworks/SecurityInterface.framework/Versions/A/SecurityInterface
0x00000001c7908000 	/System/Library/PrivateFrameworks/WebInspectorUI.framework/Versions/A/WebInspectorUI
0x00000001bbd28000 	/System/Library/Frameworks/JavaScriptCore.framework/Versions/A/JavaScriptCore
0x00000001bff60000 	/System/Library/Frameworks/WebKit.framework/Versions/A/Frameworks/WebCore.framework/Versions/A/WebCore
0x000000023fa90000 	/System/Library/Frameworks/BrowserEngineCore.framework/Versions/A/BrowserEngineCore
0x000000024a795000 	/System/Library/Frameworks/WebKit.framework/Versions/A/Frameworks/WebCore.framework/Versions/A/Frameworks/libANGLE-shared.dylib
0x0000000290d71000 	/System/Library/PrivateFrameworks/WebGPU.framework/Versions/A/WebGPU
0x00000001c97e4000 	/System/Library/Frameworks/SceneKit.framework/Versions/A/SceneKit
0x00000001dacf0000 	/System/Library/Frameworks/ModelIO.framework/Versions/A/ModelIO
0x00000001b01e0000 	/System/Library/Frameworks/MetalKit.framework/Versions/A/MetalKit
0x00000001b24b4000 	/System/Library/Frameworks/GLKit.framework/Versions/A/GLKit
0x0000000299f5e000 	/usr/lib/usd/libusd_ms.dylib
0x000000028c1d7000 	/System/Library/PrivateFrameworks/USDLib_FormatLoaderProxy.framework/Versions/A/USDLib_FormatLoaderProxy
0x0000000299c19000 	/usr/lib/swift/libswift_errno.dylib
0x00000001c6a73000 	/System/Library/PrivateFrameworks/CoreOptimization.framework/Versions/A/CoreOptimization
0x00000002509bf000 	/System/Library/PrivateFrameworks/AuthenticationServicesCore.framework/Versions/A/AuthenticationServicesCore
0x00000001d11d0000 	/System/Library/Frameworks/AuthenticationServices.framework/Versions/A/AuthenticationServices
0x00000001ab9cd000 	/System/Library/PrivateFrameworks/SharedWebCredentials.framework/Versions/A/SharedWebCredentials
0x00000001c8797000 	/System/Library/PrivateFrameworks/SafariCore.framework/Versions/A/SafariCore
0x00000001d0cf4000 	/System/Library/PrivateFrameworks/SafariFoundation.framework/Versions/A/SafariFoundation
0x00000001b3237000 	/System/Library/Frameworks/Contacts.framework/Versions/A/Contacts
0x0000000251c10000 	/System/Library/PrivateFrameworks/CBORLibrary.framework/Versions/A/CBORLibrary
0x0000000252c38000 	/System/Library/PrivateFrameworks/Chirp.framework/Versions/A/Chirp
0x0000000253835000 	/System/Library/PrivateFrameworks/CloudSubscriptionFeatures.framework/Versions/A/CloudSubscriptionFeatures
0x00000001b2f78000 	/System/Library/PrivateFrameworks/ContactsFoundation.framework/Versions/A/ContactsFoundation
0x00000001fdbc5000 	/System/Library/PrivateFrameworks/RemoteManagement.framework/Versions/A/RemoteManagement
0x000000027b39a000 	/System/Library/PrivateFrameworks/RemoteManagementModel.framework/Versions/A/RemoteManagementModel
0x000000027b42b000 	/System/Library/PrivateFrameworks/RemoteManagementStore.framework/Versions/A/RemoteManagementStore
0x00000001b01fe000 	/usr/lib/libxcselect.dylib
0x00000001d0c62000 	/System/Library/PrivateFrameworks/DifferentialPrivacy.framework/Versions/A/DifferentialPrivacy
0x000000026fe6f000 	/System/Library/PrivateFrameworks/ManagedSettingsObjC.framework/Versions/A/ManagedSettingsObjC
0x000000026d5e8000 	/System/Library/PrivateFrameworks/LockdownMode.framework/Versions/A/LockdownMode
0x000000028ce1f000 	/System/Library/PrivateFrameworks/VDAF.framework/Versions/A/VDAF
0x00000001b3050000 	/System/Library/PrivateFrameworks/ContactsPersistence.framework/Versions/A/ContactsPersistence
0x00000001b21ae000 	/System/Library/PrivateFrameworks/AppleLDAP.framework/Versions/A/AppleLDAP
0x00000001b6b57000 	/System/Library/Frameworks/ClassKit.framework/Versions/A/ClassKit
0x00000001b8e08000 	/System/Library/PrivateFrameworks/CoreSuggestions.framework/Versions/A/CoreSuggestions
0x00000001b46cf000 	/System/Library/PrivateFrameworks/vCard.framework/Versions/A/vCard
0x00000002544bf000 	/System/Library/PrivateFrameworks/ContactsMetrics.framework/Versions/A/ContactsMetrics
0x00000001abe4a000 	/System/Library/PrivateFrameworks/login.framework/Versions/A/login
0x000000026fe69000 	/System/Library/PrivateFrameworks/ManagedOrganizationContacts.framework/Versions/A/ManagedOrganizationContacts
0x00000001a51c0000 	/System/Library/PrivateFrameworks/CloudDocs.framework/Versions/A/CloudDocs
0x00000001bf7db000 	/System/Library/PrivateFrameworks/ProactiveEventTracker.framework/Versions/A/ProactiveEventTracker
0x00000001ae4b0000 	/System/Library/PrivateFrameworks/CoreFollowUp.framework/Versions/A/CoreFollowUp
0x00000001b8326000 	/System/Library/PrivateFrameworks/ConfigurationProfiles.framework/Versions/A/ConfigurationProfiles
0x0000000259b2e000 	/System/Library/PrivateFrameworks/DMCUtilities.framework/Versions/A/DMCUtilities
0x000000026d669000 	/System/Library/PrivateFrameworks/MDMClientLibrary.framework/Versions/A/MDMClientLibrary
0x000000027b41f000 	/System/Library/PrivateFrameworks/RemoteManagementProtocol.framework/Versions/A/RemoteManagementProtocol
0x00000001b2893000 	/System/Library/PrivateFrameworks/SystemAdministration.framework/Versions/A/SystemAdministration
0x00000001bd75b000 	/System/Library/PrivateFrameworks/PowerlogControl.framework/Versions/A/PowerlogControl
0x00000001bd75d000 	/usr/lib/libUniversalAccess.dylib
0x00000001ba200000 	/System/Library/PrivateFrameworks/FamilyControls.framework/Versions/A/FamilyControls
0x00000001b2183000 	/System/Library/Frameworks/DirectoryService.framework/Versions/A/DirectoryService
0x00000001b6833000 	/System/Library/PrivateFrameworks/LoginUIKit.framework/Versions/A/Frameworks/LoginUICore.framework/Versions/A/LoginUICore
0x00000001ac098000 	/usr/lib/libodfde.dylib
0x00000001ba1fa000 	/System/Library/PrivateFrameworks/UniversalAccess.framework/Versions/A/Libraries/libUAPreferences.dylib
0x00000001ba224000 	/System/Library/PrivateFrameworks/CommerceKit.framework/Versions/A/Frameworks/CommerceCore.framework/Versions/A/CommerceCore
0x0000000259a9a000 	/System/Library/PrivateFrameworks/DEPClientLibrary.framework/Versions/A/DEPClientLibrary
0x0000000259ac3000 	/System/Library/PrivateFrameworks/DMCEnrollmentLibrary.framework/Versions/A/DMCEnrollmentLibrary
0x00000001bd844000 	/System/Library/PrivateFrameworks/SetupAssistantFramework.framework/Versions/A/SetupAssistantFramework
0x00000001b6f3e000 	/System/Library/PrivateFrameworks/AuthKitUI.framework/Versions/A/AuthKitUI
0x00000001b687d000 	/System/Library/PrivateFrameworks/AppSSO.framework/Versions/A/AppSSO
0x00000001cdb35000 	/System/Library/PrivateFrameworks/LocalAuthenticationUI.framework/Versions/A/LocalAuthenticationUI
0x000000027904c000 	/System/Library/PrivateFrameworks/PlatformSSO.framework/Versions/A/PlatformSSO
0x000000027913a000 	/System/Library/PrivateFrameworks/PlatformSSOCore.framework/Versions/A/PlatformSSOCore
0x0000000241b76000 	/System/Library/Frameworks/LocalAuthenticationEmbeddedUI.framework/Versions/A/LocalAuthenticationEmbeddedUI
0x00000001ce5f1000 	/System/Library/PrivateFrameworks/AOSUI.framework/Versions/A/AOSUI
0x00000001bf5a3000 	/System/Library/Frameworks/ContactsUI.framework/Versions/A/ContactsUI
0x00000001b34c8000 	/System/Library/PrivateFrameworks/FamilyCircle.framework/Versions/A/FamilyCircle
0x00000001dc4ba000 	/System/Library/Frameworks/LinkPresentation.framework/Versions/A/LinkPresentation
0x00000001bf154000 	/System/Library/PrivateFrameworks/IASUtilities.framework/Versions/A/IASUtilities
0x0000000268355000 	/System/Library/PrivateFrameworks/IASUtilitiesCore.framework/Versions/A/IASUtilitiesCore
0x000000027b495000 	/System/Library/PrivateFrameworks/RemoteUI.framework/Versions/A/RemoteUI
0x000000026c9f7000 	/System/Library/PrivateFrameworks/LiftUI.framework/Versions/A/LiftUI
0x0000000292add000 	/System/Library/PrivateFrameworks/_IconServices_SwiftUI.framework/Versions/A/_IconServices_SwiftUI
0x0000000253774000 	/System/Library/PrivateFrameworks/CloudSettings.framework/Versions/A/CloudSettings
0x00000001b8ed9000 	/System/Library/Frameworks/EventKit.framework/Versions/A/EventKit
0x00000001c7b1d000 	/System/Library/PrivateFrameworks/SearchFoundation.framework/Versions/A/SearchFoundation
0x00000001de585000 	/System/Library/PrivateFrameworks/Email.framework/Versions/A/Email
0x00000001c6675000 	/System/Library/PrivateFrameworks/CoreRoutine.framework/Versions/A/CoreRoutine
0x00000001fd532000 	/System/Library/PrivateFrameworks/VoiceShortcutClient.framework/Versions/A/VoiceShortcutClient
0x00000001d6255000 	/System/Library/PrivateFrameworks/Categories.framework/Versions/A/Categories
0x00000001ce4a0000 	/System/Library/PrivateFrameworks/ChronoServices.framework/Versions/A/ChronoServices
0x00000002526b9000 	/System/Library/PrivateFrameworks/CalendarDatabase.framework/Versions/A/CalendarDatabase
0x0000000252602000 	/System/Library/PrivateFrameworks/CalendarDaemon.framework/Versions/A/CalendarDaemon
0x00000001b8249000 	/System/Library/PrivateFrameworks/CalendarFoundation.framework/Versions/A/CalendarFoundation
0x00000001b8205000 	/System/Library/PrivateFrameworks/iCalendar.framework/Versions/A/iCalendar
0x0000000259d2d000 	/System/Library/PrivateFrameworks/DataAccessExpress.framework/Versions/A/DataAccessExpress
0x00000001bf705000 	/System/Library/PrivateFrameworks/ContactsAutocomplete.framework/Versions/A/ContactsAutocomplete
0x00000001ce3ed000 	/System/Library/PrivateFrameworks/FTClientServices.framework/Versions/A/FTClientServices
0x0000000275493000 	/System/Library/PrivateFrameworks/OSEligibility.framework/Versions/A/OSEligibility
0x000000028675f000 	/System/Library/PrivateFrameworks/StorageContainersPrivate.framework/Versions/A/StorageContainersPrivate
0x0000000299874000 	/usr/lib/swift/libswiftCoreMediaIO.dylib
0x00000001befde000 	/System/Library/PrivateFrameworks/CoreDAV.framework/Versions/A/CoreDAV
0x00000001b8da9000 	/System/Library/PrivateFrameworks/CalDAV.framework/Versions/A/CalDAV
0x00000001c3c2b000 	/System/Library/PrivateFrameworks/TelephonyUtilities.framework/Versions/A/TelephonyUtilities
0x0000000241b33000 	/System/Library/Frameworks/LiveCommunicationKit.framework/Versions/A/LiveCommunicationKit
0x0000000254071000 	/System/Library/PrivateFrameworks/CommunicationTrust.framework/Versions/A/CommunicationTrust
0x00000001c85a9000 	/System/Library/Frameworks/CallKit.framework/Versions/A/CallKit
0x00000001b34c0000 	/System/Library/PrivateFrameworks/CommunicationsFilter.framework/Versions/A/CommunicationsFilter
0x00000001f27dd000 	/System/Library/PrivateFrameworks/IMTransferServices.framework/Versions/A/IMTransferServices
0x00000001c6a8c000 	/System/Library/PrivateFrameworks/IncomingCallFilter.framework/Versions/A/IncomingCallFilter
0x0000000273be2000 	/System/Library/PrivateFrameworks/NeighborhoodActivityConduit.framework/Versions/A/NeighborhoodActivityConduit
0x00000001caaf6000 	/System/Library/PrivateFrameworks/CallHistory.framework/Versions/A/CallHistory
0x0000000298330000 	/usr/lib/libBASupport.dylib
0x0000000252ad2000 	/System/Library/PrivateFrameworks/CallsUtilities.framework/Versions/A/CallsUtilities
0x0000000252add000 	/System/Library/PrivateFrameworks/CallsXPC.framework/Versions/A/CallsXPC
0x00000001fdd26000 	/usr/lib/swift/libswiftCallKit.dylib
0x0000000252ac5000 	/System/Library/PrivateFrameworks/CallsPersistence.framework/Versions/A/CallsPersistence
0x00000002487de000 	/System/Library/Frameworks/SensitiveContentAnalysis.framework/Versions/A/SensitiveContentAnalysis
0x00000001cbb33000 	/System/Library/PrivateFrameworks/PeopleSuggester.framework/Versions/A/PeopleSuggester
0x00000001d5012000 	/System/Library/PrivateFrameworks/SpotlightReceiver.framework/Versions/A/SpotlightReceiver
0x0000000292aa3000 	/System/Library/PrivateFrameworks/_AppIntentsServices_AppIntents.framework/Versions/A/_AppIntentsServices_AppIntents
0x000000024deb2000 	/System/Library/PrivateFrameworks/AppIntentsServices.framework/Versions/A/AppIntentsServices
0x00000001b81ed000 	/System/Library/PrivateFrameworks/CoreRecents.framework/Versions/A/CoreRecents
0x0000000241008000 	/System/Library/Frameworks/GeoToolbox.framework/Versions/A/GeoToolbox
0x000000024ac9a000 	/System/Library/Frameworks/_GeoToolbox_AppIntents.framework/Versions/A/_GeoToolbox_AppIntents
0x00000001e8213000 	/System/Library/PrivateFrameworks/DiagnosticRequest.framework/Versions/A/DiagnosticRequest
0x00000002929e7000 	/System/Library/PrivateFrameworks/XPCDistributed.framework/Versions/A/XPCDistributed
0x000000027b0a2000 	/System/Library/PrivateFrameworks/RegulatoryDomain.framework/Versions/A/RegulatoryDomain
0x00000001b258c000 	/usr/lib/libCTGreenTeaLogger.dylib
0x000000026d5ba000 	/System/Library/PrivateFrameworks/LocalStatusKit.framework/Versions/A/LocalStatusKit
0x00000001c3b17000 	/System/Library/PrivateFrameworks/CoreParsec.framework/Versions/A/CoreParsec
0x00000001de579000 	/System/Library/PrivateFrameworks/EmailAddressing.framework/Versions/A/EmailAddressing
0x00000001da55f000 	/System/Library/PrivateFrameworks/EmailCore.framework/Versions/A/EmailCore
0x00000001db58d000 	/System/Library/PrivateFrameworks/EmailFoundation.framework/Versions/A/EmailFoundation
0x0000000276bd4000 	/System/Library/PrivateFrameworks/PegasusAPI.framework/Versions/A/PegasusAPI
0x0000000277725000 	/System/Library/PrivateFrameworks/PegasusConfiguration.framework/Versions/A/PegasusConfiguration
0x000000028aa40000 	/System/Library/PrivateFrameworks/ToolKit.framework/Versions/A/ToolKit
0x000000027b82a000 	/System/Library/PrivateFrameworks/ReplicatorEngine.framework/Versions/A/ReplicatorEngine
0x000000027b9cc000 	/System/Library/PrivateFrameworks/ReplicatorServices.framework/Versions/A/ReplicatorServices
0x00000002876fb000 	/System/Library/PrivateFrameworks/SystemWake.framework/Versions/A/SystemWake
0x00000001c877d000 	/System/Library/PrivateFrameworks/ContextKit.framework/Versions/A/ContextKit
0x000000025460c000 	/System/Library/PrivateFrameworks/ContextKitCore.framework/Versions/A/ContextKitCore
0x00000001c6d12000 	/System/Library/Frameworks/LocalAuthentication.framework/Support/DaemonUtils.framework/Versions/A/DaemonUtils
0x000000026d54f000 	/System/Library/PrivateFrameworks/LocalAuthenticationCoreUI.framework/Versions/A/LocalAuthenticationCoreUI
0x00000001ca138000 	/System/Library/PrivateFrameworks/BridgeXPC.framework/Versions/A/BridgeXPC
0x00000001c79e5000 	/System/Library/PrivateFrameworks/CoreKDL.framework/Versions/A/CoreKDL
0x00000001c6012000 	/System/Library/PrivateFrameworks/EmbeddedOSSupportHost.framework/Versions/A/EmbeddedOSSupportHost
0x00000001bacff000 	/System/Library/PrivateFrameworks/LoginUIKit.framework/Versions/A/LoginUIKit
0x00000001d6752000 	/System/Library/PrivateFrameworks/StorageKit.framework/Versions/A/StorageKit
0x00000001ff53b000 	/System/Library/Frameworks/DeviceCheck.framework/Versions/A/DeviceCheck
0x00000001d67cc000 	/System/Library/PrivateFrameworks/CoreWLANKit.framework/Versions/A/CoreWLANKit
0x00000002900f9000 	/System/Library/PrivateFrameworks/Wallpaper.framework/Versions/A/Wallpaper
0x000000029988f000 	/usr/lib/swift/libswiftGLKit.dylib
0x000000029989a000 	/usr/lib/swift/libswiftMetalKit.dylib
0x000000029989e000 	/usr/lib/swift/libswiftModelIO.dylib
0x0000000299961000 	/usr/lib/swift/libswiftSceneKit.dylib
0x000000025a698000 	/System/Library/PrivateFrameworks/DiskImages2.framework/Versions/A/DiskImages2
0x00000001df4bb000 	/System/Library/PrivateFrameworks/DynamicDesktop.framework/Versions/A/DynamicDesktop
0x0000000290288000 	/System/Library/PrivateFrameworks/WallpaperFoundation.framework/Versions/A/WallpaperFoundation
0x00000002902e6000 	/System/Library/PrivateFrameworks/WallpaperTypes.framework/Versions/A/WallpaperTypes
0x00000001f453a000 	/System/Library/PrivateFrameworks/SystemDesktopAppearance.framework/Versions/A/SystemDesktopAppearance
0x0000000295b97000 	/System/Library/PrivateFrameworks/icloudMCCKit.framework/Versions/A/icloudMCCKit
0x000000024ee0c000 	/System/Library/PrivateFrameworks/AppleAccountUI.framework/Versions/A/AppleAccountUI
0x00000001e87ea000 	/System/Library/PrivateFrameworks/PreferencePanesSupport.framework/Versions/A/PreferencePanesSupport
0x00000001ce7a3000 	/System/Library/PrivateFrameworks/FindMyDeviceUI.framework/Versions/A/FindMyDeviceUI
0x00000002937dd000 	/System/Library/PrivateFrameworks/iCloudQuotaUI.framework/Versions/A/iCloudQuotaUI
0x00000001e899e000 	/System/Library/PrivateFrameworks/CoreCDPUI.framework/Versions/A/CoreCDPUI
0x00000001c84d8000 	/System/Library/PrivateFrameworks/CoreFollowUpUI.framework/Versions/A/CoreFollowUpUI
0x00000001d5290000 	/System/Library/PrivateFrameworks/IMCore.framework/Versions/A/IMCore
0x00000001bd7c4000 	/System/Library/PrivateFrameworks/CoreCDP.framework/Versions/A/CoreCDP
0x00000001b9764000 	/System/Library/PrivateFrameworks/AskPermission.framework/Versions/A/AskPermission
0x00000001cc218000 	/System/Library/Frameworks/Quartz.framework/Versions/A/Quartz
0x00000001d8d31000 	/System/Library/PrivateFrameworks/CloudPhotoServicesConfiguration.framework/Versions/A/CloudPhotoServicesConfiguration
0x00000001ca91b000 	/System/Library/PrivateFrameworks/CommerceKit.framework/Versions/A/CommerceKit
0x00000001da62f000 	/System/Library/PrivateFrameworks/FindMyMac.framework/Versions/A/FindMyMac
0x00000001da502000 	/System/Library/Frameworks/PreferencePanes.framework/Versions/A/PreferencePanes
0x00000001cdc20000 	/System/Library/Frameworks/AddressBook.framework/Versions/A/AddressBook
0x00000001b8647000 	/System/Library/PrivateFrameworks/AOSAccounts.framework/Versions/A/AOSAccounts
0x00000001b288d000 	/System/Library/PrivateFrameworks/AppleSRP.framework/Versions/A/AppleSRP
0x00000001b7117000 	/System/Library/PrivateFrameworks/NetFSServer.framework/Versions/A/NetFSServer
0x00000001c96be000 	/System/Library/Frameworks/PDFKit.framework/Versions/A/PDFKit
0x0000000249d8d000 	/System/Library/Frameworks/TabularData.framework/Versions/A/TabularData
0x00000002998b5000 	/usr/lib/swift/libswiftPassKit.dylib
0x00000001ec996000 	/System/Library/Frameworks/PassKit.framework/Versions/A/PassKit
0x00000001bae0a000 	/System/Library/PrivateFrameworks/PassKitCore.framework/Versions/A/PassKitCore
0x00000002764f6000 	/System/Library/PrivateFrameworks/PassKitMacHelperTemp.framework/Versions/A/PassKitMacHelperTemp
0x0000000298280000 	/usr/lib/libAppleSSE.dylib
0x00000001c6d5e000 	/System/Library/PrivateFrameworks/BiometricKit.framework/Versions/A/BiometricKit
0x000000027bfd0000 	/System/Library/PrivateFrameworks/SEService.framework/Versions/A/SEService
0x00000002409c7000 	/System/Library/Frameworks/FinanceKit.framework/Versions/A/FinanceKit
0x00000001cc2c7000 	/System/Library/PrivateFrameworks/NearField.framework/Versions/A/NearField
0x0000000298680000 	/usr/lib/libSESShared.dylib
0x000000027c238000 	/System/Library/PrivateFrameworks/STSXPCHelperClient.framework/Versions/A/STSXPCHelperClient
0x00000001ce02c000 	/usr/lib/libnfshared.dylib
0x0000000287483000 	/System/Library/PrivateFrameworks/Symptoms.framework/Versions/A/Frameworks/SymptomPresentationFeed.framework/Versions/A/SymptomPresentationFeed
0x000000024f822000 	/System/Library/PrivateFrameworks/AppleMediaServicesKitInternal.framework/Versions/A/AppleMediaServicesKitInternal
0x00000002504c5000 	/System/Library/PrivateFrameworks/AsyncAlgorithmsInternal.framework/Versions/A/AsyncAlgorithmsInternal
0x00000002871c5000 	/System/Library/PrivateFrameworks/SymptomShared.framework/Versions/A/SymptomShared
0x00000001ef6df000 	/System/Library/PrivateFrameworks/PassKitUIFoundation.framework/Versions/A/PassKitUIFoundation
0x00000001b21c0000 	/System/Library/Frameworks/MapKit.framework/Versions/A/MapKit
0x00000002653cb000 	/System/Library/PrivateFrameworks/GeoAnalytics.framework/Versions/A/GeoAnalytics
0x00000001ce05a000 	/System/Library/PrivateFrameworks/Navigation.framework/Versions/A/Navigation
0x00000001d7d79000 	/System/Library/PrivateFrameworks/VectorKit.framework/Versions/A/VectorKit
0x00000001bf21f000 	/System/Library/PrivateFrameworks/VirtualGarage.framework/Versions/A/VirtualGarage
0x00000001ce239000 	/System/Library/Frameworks/ExternalAccessory.framework/ExternalAccessory
0x00000001ce254000 	/System/Library/PrivateFrameworks/IAP.framework/Versions/A/IAP
0x00000001b247c000 	/System/Library/PrivateFrameworks/IOPlatformPluginFamily.framework/Versions/A/IOPlatformPluginFamily
0x0000000250b0a000 	/System/Library/PrivateFrameworks/AvatarKit.framework/Versions/A/AvatarKit
0x0000000250bc9000 	/System/Library/PrivateFrameworks/AvatarPersistence.framework/Versions/A/AvatarPersistence
0x000000024a114000 	/System/Library/Frameworks/TipKit.framework/Versions/A/TipKit
0x00000001ba8f1000 	/System/Library/PrivateFrameworks/IMSharedUtilities.framework/Versions/A/IMSharedUtilities
0x0000000299854000 	/usr/lib/swift/libswiftAppleArchive.dylib
0x000000028cf1f000 	/System/Library/PrivateFrameworks/VFX.framework/Versions/A/VFX
0x00000001ea54c000 	/System/Library/PrivateFrameworks/AppleCVA.framework/Versions/A/AppleCVA
0x0000000250bc8000 	/System/Library/PrivateFrameworks/AvatarKitContent.framework/Versions/A/AvatarKitContent
0x00000002428df000 	/System/Library/Frameworks/MetalFX.framework/Versions/A/MetalFX
0x0000000254187000 	/System/Library/PrivateFrameworks/CompositorNonUI.framework/Versions/A/CompositorNonUI
0x000000023ed4b000 	/System/Library/Frameworks/ARKit.framework/Versions/A/ARKit
0x000000024c806000 	/System/Library/PrivateFrameworks/ARKitCore.framework/Versions/A/ARKitCore
0x000000029837a000 	/usr/lib/libDisplayWarpSupport.dylib
0x00000002558e2000 	/System/Library/PrivateFrameworks/CoreComposite.framework/Versions/A/CoreComposite
0x00000002987b4000 	/usr/lib/libchannel.dylib
0x00000002994b1000 	/usr/lib/librealtime_safety.dylib
0x000000024c893000 	/System/Library/PrivateFrameworks/ARKitFoundation.framework/Versions/A/ARKitFoundation
0x000000024eeaa000 	/System/Library/PrivateFrameworks/AppleDepth.framework/Versions/A/AppleDepth
0x000000024f020000 	/System/Library/PrivateFrameworks/AppleDepthCore.framework/Versions/A/AppleDepthCore
0x00000001b25b5000 	/System/Library/PrivateFrameworks/CoreAppleCVA.framework/Versions/A/CoreAppleCVA
0x00000001bf34d000 	/System/Library/PrivateFrameworks/ContactsUICore.framework/Versions/A/ContactsUICore
0x00000001c6b94000 	/System/Library/PrivateFrameworks/ContactsDonation.framework/Versions/A/ContactsDonation
0x00000001c644b000 	/System/Library/PrivateFrameworks/DataDetectors.framework/Versions/A/DataDetectors
0x00000001b8d95000 	/System/Library/Frameworks/MediaLibrary.framework/Versions/A/MediaLibrary
0x00000001b34af000 	/System/Library/PrivateFrameworks/PersonaKit.framework/Versions/A/PersonaKit
0x00000001bf33b000 	/System/Library/PrivateFrameworks/PersonaUI.framework/Versions/A/PersonaUI
0x00000001d9f24000 	/System/Library/PrivateFrameworks/Transparency.framework/Versions/A/Transparency
0x000000025c0fb000 	/System/Library/PrivateFrameworks/FindMyLocate.framework/Versions/A/FindMyLocate
0x00000001c8457000 	/System/Library/PrivateFrameworks/IntlPreferences.framework/Versions/A/IntlPreferences
0x000000025bfd4000 	/System/Library/PrivateFrameworks/FindMyCommon.framework/Versions/A/FindMyCommon
0x000000025bdc3000 	/System/Library/PrivateFrameworks/FindMyBase.framework/Versions/A/FindMyBase
0x000000024745e000 	/System/Library/Frameworks/NearbyInteraction.framework/Versions/A/NearbyInteraction
0x00000001b30ce000 	/System/Library/PrivateFrameworks/AddressBookCore.framework/Versions/A/AddressBookCore
0x00000001cddb7000 	/System/Library/PrivateFrameworks/ToneKit.framework/Versions/A/ToneKit
0x00000001c849e000 	/System/Library/PrivateFrameworks/ToneLibrary.framework/Versions/A/ToneLibrary
0x000000025448c000 	/System/Library/PrivateFrameworks/ContactsAccounts.framework/Versions/A/ContactsAccounts
0x00000001cc133000 	/System/Library/PrivateFrameworks/Lookup.framework/Versions/A/Lookup
0x0000000247d43000 	/System/Library/Frameworks/QuickLookUI.framework/Versions/A/QuickLookUI
0x0000000248758000 	/System/Library/Frameworks/ScreenCaptureKit.framework/Versions/A/ScreenCaptureKit
0x00000001c91d2000 	/System/Library/Frameworks/Quartz.framework/Versions/A/Frameworks/QuartzComposer.framework/Versions/A/QuartzComposer
0x00000001c842e000 	/System/Library/Frameworks/Quartz.framework/Versions/A/Frameworks/QuartzFilters.framework/Versions/A/QuartzFilters
0x00000001c74da000 	/System/Library/Frameworks/Quartz.framework/Versions/A/Frameworks/ImageKit.framework/Versions/A/ImageKit
0x000000023eb58000 	/System/Library/Frameworks/OpenCL.framework/Versions/A/OpenCL
0x00000001c59e9000 	/System/Library/PrivateFrameworks/CorePDF.framework/Versions/A/CorePDF
0x00000001b0177000 	/System/Library/Frameworks/QuickLook.framework/Versions/A/QuickLook
0x00000001bacfa000 	/System/Library/PrivateFrameworks/DisplayServices.framework/Versions/A/DisplayServices
0x00000001c83b3000 	/System/Library/Frameworks/ImageCaptureCore.framework/Versions/A/ImageCaptureCore
0x000000028ef2e000 	/System/Library/PrivateFrameworks/VisionKitCore.framework/Versions/A/VisionKitCore
0x00000001c3ae7000 	/System/Library/PrivateFrameworks/QuickLookSupport.framework/Versions/A/QuickLookSupport
0x0000000270753000 	/System/Library/PrivateFrameworks/MediaAnalysisServices.framework/Versions/A/MediaAnalysisServices
0x00000001cb11e000 	/System/Library/PrivateFrameworks/PhotoLibraryServices.framework/Versions/A/PhotoLibraryServices
0x00000001c7fcb000 	/System/Library/Frameworks/Photos.framework/Versions/A/Photos
0x00000001dc8b1000 	/System/Library/PrivateFrameworks/PhotosFormats.framework/Versions/A/PhotosFormats
0x00000001d8d5c000 	/System/Library/PrivateFrameworks/CloudPhotoLibrary.framework/Versions/A/CloudPhotoLibrary
0x00000001e2156000 	/System/Library/PrivateFrameworks/CloudPhotoServices.framework/Versions/A/CloudPhotoServices
0x00000001de6ea000 	/System/Library/PrivateFrameworks/CoreMediaStream.framework/Versions/A/CoreMediaStream
0x00000001b3b68000 	/System/Library/PrivateFrameworks/CPAnalytics.framework/Versions/A/CPAnalytics
0x00000001dac28000 	/System/Library/PrivateFrameworks/MediaConversionService.framework/Versions/A/MediaConversionService
0x00000001ba8dd000 	/System/Library/PrivateFrameworks/PhotoFoundation.framework/Versions/A/PhotoFoundation
0x0000000277d0d000 	/System/Library/PrivateFrameworks/PhotoLibraryServicesCore.framework/Versions/A/PhotoLibraryServicesCore
0x00000001d499e000 	/System/Library/PrivateFrameworks/MMCS.framework/Versions/A/MMCS
0x00000001b8bee000 	/System/Library/PrivateFrameworks/ChunkingLibrary.framework/Versions/A/ChunkingLibrary
0x00000001b285a000 	/System/Library/PrivateFrameworks/AssetCacheServices.framework/Versions/A/AssetCacheServices
0x00000001b4820000 	/System/Library/PrivateFrameworks/AVFoundationCF.framework/Versions/A/AVFoundationCF
0x00000001f26d8000 	/usr/lib/swift/libswiftDemangle.dylib
0x0000000268546000 	/System/Library/PrivateFrameworks/ImageCaptureDevices.framework/Versions/A/ImageCaptureDevices
0x00000001c6708000 	/System/Library/PrivateFrameworks/MediaStream.framework/Versions/A/MediaStream
0x00000001db0ca000 	/System/Library/PrivateFrameworks/NeutrinoCore.framework/Versions/A/NeutrinoCore
0x00000001a202c000 	/System/Library/PrivateFrameworks/NLP.framework/Versions/A/NLP
0x00000001e0ee9000 	/System/Library/PrivateFrameworks/PhotoImaging.framework/Versions/A/PhotoImaging
0x00000001e2117000 	/System/Library/PrivateFrameworks/PhotosImagingFoundation.framework/Versions/A/PhotosImagingFoundation
0x00000002788ba000 	/System/Library/PrivateFrameworks/PhotosIntelligenceCore.framework/Versions/A/PhotosIntelligenceCore
0x00000001b4c5c000 	/System/Library/PrivateFrameworks/EmbeddedAcousticRecognition.framework/Versions/A/EmbeddedAcousticRecognition
0x00000001cffbb000 	/System/Library/PrivateFrameworks/EmojiFoundation.framework/Versions/A/EmojiFoundation
0x00000001d8fd5000 	/System/Library/PrivateFrameworks/SDAPI.framework/Versions/A/SDAPI
0x00000001e2165000 	/System/Library/PrivateFrameworks/AutoLoop.framework/Versions/A/AutoLoop
0x000000027949b000 	/System/Library/PrivateFrameworks/Portrait.framework/Versions/A/Portrait
0x000000025c78b000 	/System/Library/PrivateFrameworks/FusionTracker.framework/Versions/A/FusionTracker
0x00000001c8c6c000 	/System/Library/PrivateFrameworks/iTunesCloud.framework/Versions/A/iTunesCloud
0x00000001d1ec3000 	/System/Library/PrivateFrameworks/DAAPKit.framework/Versions/A/DAAPKit
0x00000001c3e64000 	/System/Library/PrivateFrameworks/DeviceManagement.framework/Versions/A/DeviceManagement
0x00000001e8164000 	/System/Library/PrivateFrameworks/ScreenTimeUI.framework/Versions/A/ScreenTimeUI
0x00000001c6445000 	/System/Library/PrivateFrameworks/QuickLookNonBaseSystem.framework/Versions/A/QuickLookNonBaseSystem
0x00000001c6c6a000 	/System/Library/PrivateFrameworks/Catalyst.framework/Versions/A/Catalyst
0x00000001c8650000 	/System/Library/PrivateFrameworks/ScreenTimeCore.framework/Versions/A/ScreenTimeCore
0x00000001dbd5b000 	/System/Library/PrivateFrameworks/ScreenTimeServiceUI.framework/Versions/A/ScreenTimeServiceUI
0x00000001d4b2e000 	/System/Library/PrivateFrameworks/ConfigurationEngineModel.framework/Versions/A/ConfigurationEngineModel
0x00000001d7d32000 	/System/Library/PrivateFrameworks/UsageTracking.framework/Versions/A/UsageTracking
0x0000000240659000 	/System/Library/Frameworks/DeviceActivity.framework/Versions/A/DeviceActivity
0x00000001d7d02000 	/System/Library/PrivateFrameworks/KnowledgeMonitor.framework/Versions/A/KnowledgeMonitor
0x00000001ef685000 	/System/Library/PrivateFrameworks/BluetoothManager.framework/Versions/A/BluetoothManager
0x0000000241c64000 	/System/Library/Frameworks/ManagedSettings.framework/Versions/A/ManagedSettings
0x000000026feb0000 	/System/Library/PrivateFrameworks/ManagedSettingsSupport.framework/Versions/A/ManagedSettingsSupport
0x00000001eca66000 	/System/Library/Frameworks/ReplayKit.framework/Versions/A/ReplayKit
0x00000001bbcba000 	/System/Library/PrivateFrameworks/MarkupUI.framework/Versions/A/MarkupUI
0x00000001c641d000 	/System/Library/PrivateFrameworks/SidecarCore.framework/Versions/A/SidecarCore
0x00000001c9087000 	/System/Library/PrivateFrameworks/AnnotationKit.framework/Versions/A/AnnotationKit
0x00000001c771f000 	/System/Library/Frameworks/PencilKit.framework/Versions/A/PencilKit
0x00000001c78e4000 	/System/Library/PrivateFrameworks/SidecarUI.framework/Versions/A/SidecarUI
0x00000001c707a000 	/System/Library/PrivateFrameworks/CoreHandwriting.framework/Versions/A/CoreHandwriting
0x000000019bbd2000 	/usr/lib/libmecabra.dylib
0x00000001bf913000 	/System/Library/PrivateFrameworks/Calculate.framework/Versions/A/Calculate
0x00000001ab77d000 	/usr/lib/libChineseTokenizer.dylib
0x00000001fdaea000 	/System/Library/PrivateFrameworks/ScreenReaderCore.framework/Versions/A/ScreenReaderCore
0x00000002866f1000 	/System/Library/PrivateFrameworks/StocksKit.framework/Versions/A/StocksKit
0x00000001be908000 	/System/Library/PrivateFrameworks/OAuth.framework/Versions/A/OAuth
0x00000002863e2000 	/System/Library/PrivateFrameworks/StocksCore.framework/Versions/A/StocksCore
0x00000002879f3000 	/System/Library/PrivateFrameworks/TeaFoundation.framework/Versions/A/TeaFoundation
0x0000000287bd5000 	/System/Library/PrivateFrameworks/TeaSettings.framework/Versions/A/TeaSettings
0x00000001f3da0000 	/System/Library/PrivateFrameworks/NewsCore.framework/Versions/A/NewsCore
0x000000028798f000 	/System/Library/PrivateFrameworks/TeaDB.framework/Versions/A/TeaDB
0x00000001f079c000 	/System/Library/PrivateFrameworks/RemoteConfiguration.framework/Versions/A/RemoteConfiguration
0x00000001f39ab000 	/System/Library/PrivateFrameworks/NewsTransport.framework/Versions/A/NewsTransport
0x00000001f3d90000 	/System/Library/PrivateFrameworks/NewsFoundation.framework/Versions/A/NewsFoundation
0x00000002741e8000 	/System/Library/PrivateFrameworks/NewsURLBucket.framework/Versions/A/NewsURLBucket
0x00000001cad15000 	/System/Library/PrivateFrameworks/MobileInstallation.framework/Versions/A/MobileInstallation
0x000000024a281000 	/System/Library/Frameworks/Translation.framework/Versions/A/Translation
0x00000001e3b69000 	/System/Library/PrivateFrameworks/RevealCore.framework/Versions/A/RevealCore
0x00000001e3b5d000 	/System/Library/PrivateFrameworks/Reveal.framework/Versions/A/Reveal
0x00000001dba25000 	/System/Library/Frameworks/Speech.framework/Versions/A/Speech
0x000000024b6e6000 	/System/Library/PrivateFrameworks/AIMLExperimentationAnalytics.framework/Versions/A/AIMLExperimentationAnalytics
0x000000024da61000 	/System/Library/PrivateFrameworks/AlgorithmsInternal.framework/Versions/A/AlgorithmsInternal
0x000000028b229000 	/System/Library/PrivateFrameworks/TranslationUIServices.framework/Versions/A/TranslationUIServices
0x000000028a114000 	/System/Library/PrivateFrameworks/TipKitCore.framework/Versions/A/TipKitCore
0x00000001d003f000 	/System/Library/PrivateFrameworks/CoreCDPInternal.framework/Versions/A/CoreCDPInternal
0x0000000268d23000 	/System/Library/PrivateFrameworks/InputAnalytics.framework/Versions/A/InputAnalytics
0x00000001d5b5c000 	/System/Library/Frameworks/InstantMessage.framework/Versions/A/InstantMessage
0x00000001cdb2e000 	/System/Library/PrivateFrameworks/IDSKVStore.framework/Versions/A/IDSKVStore
0x00000001cd7f4000 	/System/Library/PrivateFrameworks/IMDPersistence.framework/Versions/A/IMDPersistence
0x000000028ce15000 	/System/Library/PrivateFrameworks/UserSafety.framework/Versions/A/UserSafety
0x00000001ee895000 	/System/Library/PrivateFrameworks/BlastDoor.framework/Versions/A/BlastDoor
0x000000026d1d5000 	/System/Library/PrivateFrameworks/LinkPresentationStyleSheetParsing.framework/Versions/A/LinkPresentationStyleSheetParsing
0x000000027964c000 	/System/Library/PrivateFrameworks/PosterFoundation.framework/Versions/A/PosterFoundation
0x00000002796db000 	/System/Library/PrivateFrameworks/PosterModel.framework/Versions/A/PosterModel
0x00000002796b6000 	/System/Library/PrivateFrameworks/PosterFuturesKit.framework/Versions/A/PosterFuturesKit
0x000000025bbb2000 	/System/Library/PrivateFrameworks/FeedbackService.framework/Versions/A/FeedbackService
0x00000001c6aeb000 	/System/Library/PrivateFrameworks/CoreSDB.framework/Versions/A/CoreSDB
0x00000002502ae000 	/System/Library/PrivateFrameworks/AskToCore.framework/Versions/A/AskToCore
0x00000001e899b000 	/System/Library/PrivateFrameworks/MachineSettings.framework/Versions/A/MachineSettings
0x00000001da484000 	/System/Library/PrivateFrameworks/BezelServices.framework/Versions/A/BezelServices
0x00000001d1f4f000 	/System/Library/PrivateFrameworks/SPOwner.framework/Versions/A/SPOwner
0x00000001ca980000 	/System/Library/PrivateFrameworks/FMCore.framework/Versions/A/FMCore
0x0000000293735000 	/System/Library/PrivateFrameworks/iCloudQuota.framework/Versions/A/iCloudQuota
0x00000001bf2b8000 	/System/Library/PrivateFrameworks/CoreRecognition.framework/Versions/A/CoreRecognition
0x00000001da53a000 	/System/Library/PrivateFrameworks/InAppMessages.framework/Versions/A/InAppMessages
0x00000001fc6d3000 	/System/Library/PrivateFrameworks/JetUI.framework/Versions/A/JetUI
0x000000026c4b6000 	/System/Library/PrivateFrameworks/JetPack.framework/Versions/A/JetPack
0x00000001da531000 	/System/Library/PrivateFrameworks/InAppMessagesCore.framework/Versions/A/InAppMessagesCore
0x0000000292aed000 	/System/Library/PrivateFrameworks/_JetEngine_SwiftUI.framework/Versions/A/_JetEngine_SwiftUI
0x00000002874ac000 	/System/Library/PrivateFrameworks/Synapse.framework/Versions/A/Synapse
0x0000000252459000 	/System/Library/PrivateFrameworks/CSExattrCrypto.framework/Versions/A/CSExattrCrypto
0x00000001cbe1c000 	/System/Library/PrivateFrameworks/StoreFoundation.framework/Versions/A/StoreFoundation
0x00000001ca97a000 	/System/Library/PrivateFrameworks/ServerInformation.framework/Versions/A/ServerInformation
0x00000001ca3ab000 	/System/Library/PrivateFrameworks/Install.framework/Frameworks/DistributionKit.framework/Versions/A/DistributionKit
0x00000001c38bb000 	/System/Library/PrivateFrameworks/PackageKit.framework/Versions/A/PackageKit
0x00000001ca3ce000 	/System/Library/PrivateFrameworks/OSPersonalization.framework/Versions/A/OSPersonalization
0x00000001cc3a6000 	/System/Library/PrivateFrameworks/BridgeOSSoftwareUpdate.framework/Versions/A/BridgeOSSoftwareUpdate
0x00000001c6f82000 	/System/Library/PrivateFrameworks/StorageManagement.framework/Versions/A/StorageManagement
0x00000001db8a8000 	/usr/lib/libauthinstall.dylib
0x00000001cc3af000 	/System/Library/PrivateFrameworks/InstallerDiagnostics.framework/Versions/A/InstallerDiagnostics
0x00000001dbf27000 	/usr/lib/libcrypto.42.dylib
0x0000000299dbb000 	/usr/lib/updaters/libAppleTconUARPUpdater.dylib
0x0000000299f45000 	/usr/lib/updaters/libT200Updater.dylib
0x00000001cc394000 	/System/Library/PrivateFrameworks/GPUInfo.framework/Versions/A/GPUInfo
0x00000001da635000 	/System/Library/PrivateFrameworks/MobileActivationMacOS.framework/Versions/A/MobileActivationMacOS
0x00000001be84a000 	/System/Library/PrivateFrameworks/AccountsDaemon.framework/Versions/A/AccountsDaemon
0x00000001ae8c3000 	/System/Library/PrivateFrameworks/CacheDelete.framework/Versions/A/CacheDelete
0x00000001b723b000 	/System/Library/Frameworks/QuickLookThumbnailing.framework/Versions/A/QuickLookThumbnailing
0x00000001cc3f3000 	/System/Library/PrivateFrameworks/AOSKit.framework/Versions/A/AOSKit
0x00000001ab8ae000 	/System/Library/PrivateFrameworks/AppSSOCore.framework/Versions/A/AppSSOCore
0x00000001c5df3000 	/System/Library/Frameworks/AVFoundation.framework/Versions/A/AVFoundation
0x0000000250c62000 	/System/Library/PrivateFrameworks/BackgroundSystemTasks.framework/Versions/A/BackgroundSystemTasks
0x00000001b7151000 	/System/Library/PrivateFrameworks/DuetActivityScheduler.framework/Versions/A/DuetActivityScheduler
0x00000001d8c8b000 	/System/Library/PrivateFrameworks/NetworkServiceProxy.framework/Versions/A/NetworkServiceProxy
0x00000001b24ee000 	/usr/lib/libnetworkextension.dylib
0x00000001b4b6a000 	/System/Library/PrivateFrameworks/Rapport.framework/Versions/A/Rapport
0x00000002871d5000 	/System/Library/PrivateFrameworks/Symptoms.framework/Versions/A/Frameworks/SymptomAnalytics.framework/Versions/A/SymptomAnalytics
0x00000001af2f7000 	/System/Library/Frameworks/NetworkExtension.framework/Versions/A/NetworkExtension
0x00000001b5911000 	/System/Library/PrivateFrameworks/CoreDuetContext.framework/Versions/A/CoreDuetContext
0x00000001a0659000 	/System/Library/PrivateFrameworks/CoreDuet.framework/Versions/A/CoreDuet
0x00000001ba636000 	/System/Library/PrivateFrameworks/AssistantServices.framework/Versions/A/AssistantServices
0x00000001b4964000 	/System/Library/PrivateFrameworks/SAObjects.framework/Versions/A/SAObjects
0x00000001ba231000 	/System/Library/PrivateFrameworks/MediaRemote.framework/Versions/A/MediaRemote
0x00000001cc8e7000 	/System/Library/PrivateFrameworks/SiriInstrumentation.framework/Versions/A/SiriInstrumentation
0x000000027e134000 	/System/Library/PrivateFrameworks/SiriAnalytics.framework/Versions/A/SiriAnalytics
0x0000000283fdb000 	/System/Library/PrivateFrameworks/SiriTTSService.framework/Versions/A/SiriTTSService
0x000000027ea70000 	/System/Library/PrivateFrameworks/SiriCrossDeviceArbitration.framework/Versions/A/SiriCrossDeviceArbitration
0x00000001ca143000 	/System/Library/PrivateFrameworks/FeedbackLogger.framework/Versions/A/FeedbackLogger
0x000000025b75a000 	/System/Library/PrivateFrameworks/FaceTimeNameUtility.framework/Versions/A/FaceTimeNameUtility
0x000000027eac4000 	/System/Library/PrivateFrameworks/SiriCrossDeviceArbitrationFeedback.framework/Versions/A/SiriCrossDeviceArbitrationFeedback
0x00000002651b5000 	/System/Library/PrivateFrameworks/GenerativeModels.framework/Versions/A/GenerativeModels
0x000000023ee91000 	/System/Library/Frameworks/AVRouting.framework/Versions/A/AVRouting
0x00000001bf0cb000 	/System/Library/PrivateFrameworks/MediaServices.framework/Versions/A/MediaServices
0x00000001b47a2000 	/System/Library/Frameworks/LocalAuthentication.framework/Versions/A/LocalAuthentication
0x000000026d40b000 	/System/Library/PrivateFrameworks/LocalAuthenticationCore.framework/Versions/A/LocalAuthenticationCore
0x000000026d590000 	/System/Library/PrivateFrameworks/LocalAuthenticationCredentialServices.framework/Versions/A/LocalAuthenticationCredentialServices
0x00000001b480e000 	/System/Library/Frameworks/LocalAuthentication.framework/Support/SharedUtils.framework/Versions/A/SharedUtils
0x00000001abcf8000 	/System/Library/PrivateFrameworks/PersistentConnection.framework/Versions/A/PersistentConnection
0x00000002857f0000 	/System/Library/PrivateFrameworks/SonicFoundation.framework/Versions/A/SonicFoundation
0x0000000259fb8000 	/System/Library/PrivateFrameworks/Dendrite.framework/Versions/A/Dendrite
0x00000001ce7f6000 	/usr/lib/libtailspin.dylib
0x00000001e2275000 	/System/Library/PrivateFrameworks/Osprey.framework/Versions/A/Osprey
0x0000000283635000 	/System/Library/PrivateFrameworks/SiriTTS.framework/Versions/A/SiriTTS
0x00000001c6bb1000 	/System/Library/Frameworks/NaturalLanguage.framework/Versions/A/NaturalLanguage
0x000000028241b000 	/System/Library/PrivateFrameworks/SiriPowerInstrumentation.framework/Versions/A/SiriPowerInstrumentation
0x00000001c7a74000 	/System/Library/PrivateFrameworks/Trial.framework/Versions/A/Trial
0x00000001c79f6000 	/System/Library/PrivateFrameworks/TrialProto.framework/Versions/A/TrialProto
0x000000028c4da000 	/System/Library/PrivateFrameworks/UnifiedAssetFramework.framework/Versions/A/UnifiedAssetFramework
0x00000001e429d000 	/usr/lib/swift/libswiftAVFoundation.dylib
0x00000001f473e000 	/usr/lib/swift/libswiftNaturalLanguage.dylib
0x000000028798d000 	/System/Library/PrivateFrameworks/TailspinSymbolication.framework/Versions/A/TailspinSymbolication
0x0000000259bf7000 	/System/Library/PrivateFrameworks/Darwinup.framework/Versions/A/Darwinup
0x00000001dac63000 	/System/Library/PrivateFrameworks/SignpostSupport.framework/Versions/A/SignpostSupport
0x00000001c6a78000 	/System/Library/PrivateFrameworks/FeatureFlagsSupport.framework/Versions/A/FeatureFlagsSupport
0x00000001da396000 	/System/Library/PrivateFrameworks/ktrace.framework/Versions/A/ktrace
0x00000001dae92000 	/System/Library/PrivateFrameworks/SampleAnalysis.framework/Versions/A/SampleAnalysis
0x00000001e3b37000 	/System/Library/PrivateFrameworks/kperfdata.framework/Versions/A/kperfdata
0x00000001b02b8000 	/usr/lib/libdscsym.dylib
0x00000001e3ff3000 	/System/Library/PrivateFrameworks/BulkSymbolication.framework/Versions/A/BulkSymbolication
0x00000001b7287000 	/System/Library/PrivateFrameworks/Espresso.framework/Versions/A/Espresso
0x00000001a52a1000 	/System/Library/Frameworks/CoreML.framework/Versions/A/CoreML
0x00000001fde91000 	/System/Library/PrivateFrameworks/ANECompiler.framework/Versions/A/ANECompiler
0x00000001b9380000 	/System/Library/PrivateFrameworks/AppleNeuralEngine.framework/Versions/A/AppleNeuralEngine
0x000000024298b000 	/System/Library/Frameworks/MetalPerformanceShadersGraph.framework/Versions/A/MetalPerformanceShadersGraph
0x000000026de97000 	/System/Library/PrivateFrameworks/MLCompilerServices.framework/Versions/A/MLCompilerServices
0x00000001b812b000 	/System/Library/PrivateFrameworks/ANEServices.framework/Versions/A/ANEServices
0x0000000275244000 	/System/Library/PrivateFrameworks/ODIE.framework/Versions/A/ODIE
0x000000026de3b000 	/System/Library/PrivateFrameworks/MLCompilerRuntime.framework/Versions/A/MLCompilerRuntime
0x00000001a96ab000 	/System/Library/Frameworks/MLCompute.framework/Versions/A/MLCompute
0x000000026ddbd000 	/System/Library/PrivateFrameworks/MLAssetIO.framework/Versions/A/MLAssetIO
0x0000000299893000 	/usr/lib/swift/libswiftMLCompute.dylib
0x00000001b42f5000 	/System/Library/PrivateFrameworks/AVFCore.framework/Versions/A/AVFCore
0x00000001bd855000 	/System/Library/PrivateFrameworks/AVFCapture.framework/Versions/A/AVFCapture
0x000000025205e000 	/System/Library/PrivateFrameworks/CMImaging.framework/Versions/A/CMImaging
0x00000001bda9f000 	/System/Library/PrivateFrameworks/Quagga.framework/Versions/A/Quagga
0x00000001bdbd3000 	/System/Library/PrivateFrameworks/CMCapture.framework/Versions/A/CMCapture
0x00000001ae4e7000 	/System/Library/Frameworks/CoreMediaIO.framework/Versions/A/CoreMediaIO
0x0000000251f9a000 	/System/Library/PrivateFrameworks/CMCaptureDevice.framework/Versions/A/CMCaptureDevice
0x00000001abe6e000 	/System/Library/PrivateFrameworks/CoreBrightness.framework/Versions/A/CoreBrightness
0x00000002530b0000 	/System/Library/PrivateFrameworks/CinematicFraming.framework/Versions/A/CinematicFraming
0x0000000271efa000 	/System/Library/PrivateFrameworks/ModelManagerServices.framework/Versions/A/ModelManagerServices
0x00000001e1333000 	/System/Library/PrivateFrameworks/CPMS.framework/Versions/A/CPMS
0x0000000287683000 	/System/Library/PrivateFrameworks/SystemStatus.framework/Versions/A/SystemStatus
0x00000001c59eb000 	/System/Library/Frameworks/CoreMotion.framework/Versions/A/CoreMotion
0x00000001d5c1a000 	/System/Library/PrivateFrameworks/TimeSync.framework/Versions/A/TimeSync
0x000000025a8da000 	/System/Library/PrivateFrameworks/DistributedSensing.framework/Versions/A/DistributedSensing
0x00000001d118e000 	/System/Library/PrivateFrameworks/MobileBluetooth.framework/Versions/A/MobileBluetooth
0x00000001d791a000 	/System/Library/PrivateFrameworks/IOKitten.framework/Versions/A/IOKitten
0x000000024f4a9000 	/System/Library/PrivateFrameworks/AppleIntelligenceReporting.framework/Versions/A/AppleIntelligenceReporting
0x000000019ce4e000 	/System/Library/PrivateFrameworks/LanguageModeling.framework/Versions/A/LanguageModeling
0x00000001a1e33000 	/System/Library/PrivateFrameworks/Montreal.framework/Versions/A/Montreal
0x00000001aa12a000 	/usr/lib/libcmph.dylib
0x0000000265292000 	/System/Library/PrivateFrameworks/GenerativeModelsFoundation.framework/Versions/A/GenerativeModelsFoundation
0x000000028a47d000 	/System/Library/PrivateFrameworks/TokenGeneration.framework/Versions/A/TokenGeneration
0x0000000265071000 	/System/Library/PrivateFrameworks/GenerativeFunctions.framework/Versions/A/GenerativeFunctions
0x00000002650bd000 	/System/Library/PrivateFrameworks/GenerativeFunctionsFoundation.framework/Versions/A/GenerativeFunctionsFoundation
0x0000000271b17000 	/System/Library/PrivateFrameworks/ModelCatalog.framework/Versions/A/ModelCatalog
0x000000027d5e0000 	/System/Library/PrivateFrameworks/SensitiveContentAnalysisML.framework/Versions/A/SensitiveContentAnalysisML
0x0000000265152000 	/System/Library/PrivateFrameworks/GenerativeFunctionsInstrumentation.framework/Versions/A/GenerativeFunctionsInstrumentation
0x000000027a7dc000 	/System/Library/PrivateFrameworks/PromptKit.framework/Versions/A/PromptKit
0x000000027a2ad000 	/System/Library/PrivateFrameworks/ProactiveDaemonSupport.framework/Versions/A/ProactiveDaemonSupport
0x000000028a6cb000 	/System/Library/PrivateFrameworks/TokenGenerationCore.framework/Versions/A/TokenGenerationCore
0x000000024f10a000 	/System/Library/PrivateFrameworks/AppleFlatBuffers.framework/Versions/A/AppleFlatBuffers
0x000000027d819000 	/System/Library/PrivateFrameworks/SentencePieceInternal.framework/Versions/A/SentencePieceInternal
0x00000001b28d2000 	/System/Library/Frameworks/Vision.framework/Versions/A/Vision
0x00000002595ce000 	/System/Library/PrivateFrameworks/CoreSceneUnderstanding.framework/Versions/A/CoreSceneUnderstanding
0x000000028eee2000 	/System/Library/PrivateFrameworks/VisionCore.framework/Versions/A/VisionCore
0x00000001d0127000 	/System/Library/Frameworks/Vision.framework/libfaceCore.dylib
0x00000001d0c4a000 	/System/Library/PrivateFrameworks/Futhark.framework/Versions/A/Futhark
0x00000001d4a4a000 	/System/Library/PrivateFrameworks/InertiaCam.framework/Versions/A/InertiaCam
0x00000001d09d2000 	/System/Library/PrivateFrameworks/TextRecognition.framework/Versions/A/TextRecognition
0x00000001ab8cf000 	/System/Library/PrivateFrameworks/CVNLP.framework/Versions/A/CVNLP
0x00000001a4d3f000 	/System/Library/PrivateFrameworks/ApplePushService.framework/Versions/A/ApplePushService
0x00000001a4daa000 	/System/Library/Frameworks/CloudKit.framework/Versions/A/CloudKit
0x00000001b82e9000 	/System/Library/PrivateFrameworks/CoreDuetDaemonProtocol.framework/Versions/A/CoreDuetDaemonProtocol
0x00000001dd47a000 	/System/Library/PrivateFrameworks/DeviceIdentity.framework/Versions/A/DeviceIdentity
0x000000024896f000 	/System/Library/Frameworks/SharedWithYouCore.framework/Versions/A/SharedWithYouCore
0x0000000253958000 	/System/Library/PrivateFrameworks/CloudTelemetry.framework/Versions/A/CloudTelemetry
0x00000001b6c1e000 	/System/Library/PrivateFrameworks/AppleAccount.framework/Versions/A/AppleAccount
0x00000001b71e0000 	/System/Library/PrivateFrameworks/C2.framework/Versions/A/C2
0x00000002535ca000 	/System/Library/PrivateFrameworks/CloudCoreInternal.framework/Versions/A/CloudCoreInternal
0x000000025336f000 	/System/Library/PrivateFrameworks/CloudAsset.framework/Versions/A/CloudAsset
0x00000001b71d7000 	/System/Library/Frameworks/PushKit.framework/Versions/A/PushKit
0x0000000253978000 	/System/Library/PrivateFrameworks/CloudTelemetryTools.framework/Versions/A/CloudTelemetryTools
0x00000001b90db000 	/System/Library/PrivateFrameworks/RTCReporting.framework/Versions/A/RTCReporting
0x000000024b5cb000 	/System/Library/PrivateFrameworks/AAAFoundationSwift.framework/Versions/A/AAAFoundationSwift
0x00000001b6ea9000 	/System/Library/PrivateFrameworks/AppleIDSSOAuthentication.framework/Versions/A/AppleIDSSOAuthentication
0x00000001cbcc7000 	/System/Library/PrivateFrameworks/CaptiveNetwork.framework/Versions/A/CaptiveNetwork
0x00000001b66af000 	/System/Library/PrivateFrameworks/EAP8021X.framework/Versions/A/EAP8021X
0x00000002599dd000 	/System/Library/PrivateFrameworks/CryptoKitPrivate.framework/Versions/A/CryptoKitPrivate
0x00000001c6042000 	/System/Library/PrivateFrameworks/FindMyDevice.framework/Versions/A/FindMyDevice
0x00000001badea000 	/System/Library/PrivateFrameworks/FMCoreLite.framework/Versions/A/FMCoreLite
0x00000001a934b000 	/System/Library/Frameworks/ServiceManagement.framework/Versions/A/ServiceManagement
0x00000001dae5b000 	/System/Library/PrivateFrameworks/UIKitServices.framework/Versions/A/UIKitServices
0x000000013c880000 	/System/Library/Extensions/AGXMetalG14G.bundle/Contents/MacOS/AGXMetalG14G
0x00000001bef6c000 	/System/Library/PrivateFrameworks/IOGPU.framework/Versions/A/IOGPU
0x000000011f53c000 	/Users/mattias800/repos/spela/player/desktop/build/native/libspela-libretro.dylib
0x000000013b44c000 	/opt/homebrew/Cellar/sdl2/2.32.10/lib/libSDL2-2.0.0.dylib
0x000000011f510000 	/Users/mattias800/Library/Java/JavaVirtualMachines/ms-21.0.10/Contents/Home/lib/libjawt.dylib
0x000000013bb08000 	/opt/homebrew/Cellar/molten-vk/1.4.0/lib/libMoltenVK.dylib
0x00000001b48ab000 	/System/Library/Frameworks/CoreHaptics.framework/Versions/A/CoreHaptics
0x00000001b69c6000 	/System/Library/Frameworks/GameController.framework/Versions/A/GameController
0x0000000262f02000 	/System/Library/PrivateFrameworks/GameControllerFoundation.framework/Versions/A/GameControllerFoundation
0x0000000262fa6000 	/System/Library/PrivateFrameworks/GameControllerSettings.framework/Versions/A/GameControllerSettings
0x00000001ef362000 	/System/Library/Frameworks/ForceFeedback.framework/Versions/A/ForceFeedback
0x0000000262fb9000 	/System/Library/PrivateFrameworks/GameControllerUI.framework/Versions/A/GameControllerUI
0x000000013e700000 	/Users/mattias800/.skiko/384a41e7bf8dcab7fe3ef7dfb14a2adf281ce448c1f711cac5e69a7b97ae2f4a/libskiko-macos-arm64.dylib
0x000000011f5e0000 	/Users/mattias800/Library/Java/JavaVirtualMachines/ms-21.0.10/Contents/Home/lib/libosxui.dylib
0x000000028819e000 	/System/Library/PrivateFrameworks/TextInputUI.framework/Versions/A/TextInputUI
0x00000002881d3000 	/System/Library/PrivateFrameworks/TextInputUIMacHelper.framework/Versions/A/TextInputUIMacHelper
0x00000001d0d3a000 	/System/Library/PrivateFrameworks/SafariPlatformSupport.framework/Versions/A/SafariPlatformSupport
0x0000000285e11000 	/System/Library/PrivateFrameworks/SpotlightKnowledge.framework/Versions/A/SpotlightKnowledge
0x0000000285df8000 	/System/Library/PrivateFrameworks/SpotlightEmbedding.framework/Versions/A/SpotlightEmbedding
0x00000001a05fc000 	/System/Library/PrivateFrameworks/SpotlightLinguistics.framework/Versions/A/SpotlightLinguistics
0x0000000285fc5000 	/System/Library/PrivateFrameworks/SpotlightResources.framework/Versions/A/SpotlightResources
0x00000001cbc8b000 	/System/Library/PrivateFrameworks/DataDeliveryServices.framework/Versions/A/DataDeliveryServices
0x0000000151454000 	/Users/mattias800/Library/Application Support/Spela/cores/mupen64plus_next_libretro.dylib
0x0000000141174000 	/Users/mattias800/Library/Java/JavaVirtualMachines/ms-21.0.10/Contents/Home/lib/libjsound.dylib
0x0000000150d94000 	/System/Library/Components/CoreAudio.component/Contents/MacOS/CoreAudio

JVMTI agents: none


VM Arguments:
jvm_args: -Dcompose.application.configure.swing.globals=true -Dcompose.application.resources.dir=/Users/mattias800/repos/spela/player/desktop/build/compose/tmp/prepareAppResources -Djava.library.path=/Users/mattias800/repos/spela/player/desktop/build/native -Dfile.encoding=UTF-8 -Duser.country=US -Duser.language=en -Duser.variant 
java_command: com.spela.player.desktop.MainKt
java_class_path (initial): /Users/mattias800/repos/spela/player/desktop/build/libs/desktop-desktop.jar:/Users/mattias800/repos/spela/player/shared/build/libs/shared-desktop.jar:/Users/mattias800/.gradle/caches/modules-2/files-2.1/io.ktor/ktor-client-cio-jvm/3.4.0/84786f75d08fe5042f17c246380eb8381d125a6b/ktor-client-cio-jvm-3.4.0.jar:/Users/mattias800/.gradle/caches/modules-2/files-2.1/org.jetbrains.compose.material3/material3-desktop/1.9.0/19004c4eb3dc6618eb66a076bbe3d7e1a2e7b85/material3-desktop-1.9.0.jar:/Users/mattias800/.gradle/caches/modules-2/files-2.1/org.jetbrains.compose.components/components-resources-desktop/1.10.1/c6115b607f77e9d033de360f989850d3824bf112/library-desktop-1.10.1.jar:/Users/mattias800/.gradle/caches/modules-2/files-2.1/org.jetbrains.compose.desktop/desktop-jvm/1.10.1/42facd9840309ac4eb841a986c5d1b97d2780471/desktop-jvm-1.10.1.jar:/Users/mattias800/.gradle/caches/modules-2/files-2.1/io.coil-kt.coil3/coil-compose-jvm/3.3.0/38281ac8d9773163bb49be7a871239ea0b953f21/coil-compose-jvm-3.3.0.jar:/Users/mattias800/.gradle/caches/modules-2/files-2.1/io.coil-kt.coil3/coil-compose-core-jvm/3.3.0/4ea0aece0de785d13342ef927464bf75d918f80b/coil-compose-core-jvm-3.3.0.jar:/Users/mattias800/.gradle/caches/modules-2/files-2.1/org.jetbrains.compose.material/material-desktop/1.10.1/63e1c3c6705d111bf84e41110e7729df5b85163e/material-desktop-1.10.1.jar:/Users/mattias800/.gradle/caches/modules-2/files-2.1/org.jetbrains.compose.material/material-ripple-desktop/1.10.1/74a14824f086339703264689c5a7cf4ceb39ed40/material-ripple-desktop-1.10.1.jar:/Users/mattias800/.gradle/caches/modules-2/files-2.1/org.jetbrains.compose.foundation/foundation-desktop/1.10.1/d9ba57abee3527886ea640d3b390a70ba9e28af/foundation-desktop-1.10.1.jar:/Users/mattias800/.gradle/caches/modules-2/files-2.1/org.jetbrains.compose.material/material-icons-extended-desktop/1.7.3/c7c5465dd754043076875b32bce0dd7f5a354fe8/material-icons-extended-desktop-1.7.3.jar:/Users/mattias800/.gradle/caches/modules-2/files-2.1/org.jetbrains.compose.animation/animation-desktop/1.10.1/17f777e04f7fe5dff2fe7992d0c0bda81c3a3897/animation-desktop-1.10.1.jar:/Users/mattias800/.gradle/caches/modules-2/files-2.1/org.jetbrains.compose.foundation/foundation-layout-desktop/1.10.1/263364f922ef14fb64f1313a384a0c31cd6f3fa5/foundation-layout-desktop-1.10.1.jar:/Users/mattias800/.gradle/caches/modules-2/files-2.1/org.jetbrains.compose.material/material-icons-core-desktop/1.7.3/414b3096050fe647b0638832eace80f22c06b85c/material-icons-core-desktop-1.7.3.jar:/Users/mattias800/.gradle/caches/modules-2/files-2.1/org.jetbrains.compose.animation/animation-core-desktop/1.10.1/5dd98c5745e548644b7657901bbcc4c2c8f9ec59/animation-core-desktop-1.10.1.jar:/Users/mattias800/.gradle/caches/modules-2/files-2.1/org.jetbrains.compose.ui/ui-desktop/1.10.1/73a6b1e10434fb11bae82daa68c205c71af03c55/ui-desktop-1.10.1.jar:/Users/mattias800/.gradle/caches/modules-2/files-2.1/io.ktor/ktor-client-content-negotiation-jvm/3.4.0/266c1aef9d340c22cd859dd5c9174c2e1d86489f/ktor-client-content-negotiation-jvm-3.4.0.jar:/Users/mattias800/.gradle/caches/modules-2/files-2.1/io.ktor/ktor-client-auth-jvm/3.4.0/14d75d5e7552a8e26a2ad4dd511a76d4a0c5502f/ktor-client-auth-jvm-3.4.0.jar:/Users/mattias800/.gradle/caches/modules-2/files-2.1/io.ktor/ktor-client-logging-jvm/3.4.0/278d41697d9194d36290842bfdae03d674b3f365/ktor-client-logging-jvm-3.4.0.jar:/Users/mattias800/.gradle/caches/modules-2/files-2.1/io.ktor/ktor-client-websockets-jvm/3.4.0/69e1468e52be95fd339dd8026e78985a6ef981e6/ktor-client-websockets-jvm-3.4.0.jar:/Users/mattias800/.gradle/caches/modules-2/files-2.1/io.coil-kt.coil3/coil-network-ktor3-jvm/3.3.0/70b76d7093cce8124a2b2e665ac281992755376e/coil-network-ktor3-jvm-3.3.0.jar:/Users/mattias800/.gradle/caches/modules-2/files-2.1/io.ktor/ktor-client-core-jvm/3.4.0/1f017fc4dcf7e3ff5152a28923b7639a9ba82123/ktor-client-core-jvm-3.4.0.jar:/Users/mattias800/.gradle/caches/modules-2/files-2.1/io.ktor/ktor-serialization-kotlinx-json-jvm/3.4.0/2a09f17d70b6e61623fd8aff9bdce6d7877892/ktor-serialization-kotlinx-json-jvm-3.4.0.jar:/Users/mattias800/.gradle/caches/modules-2/files-2.1/app.cash.sqldelight/coroutines-extensions-jvm/2.2.1/57db01cca75db01f64c58fb1db3aad67b1a52708/sqldelight-coroutines-extensions-jvm-2.2.1.jar:/Users/mattias800/.gradle/caches/modules-2/files-2.1/org.jetbrains.skiko/skiko-awt-runtime-macos-arm64/0.9.37.4/a21a251e5695f2b8da63842e9e8a5ecb2f219dce/skiko-awt-runtime-macos-arm64-0.9.37.4.jar:/Users/mattias800/.gradle/caches/modules-2/files-2.1/io.coil-kt.coil3/coil-svg-jvm/3.3.0/8a566f5afbde353030373d6cf86d907143cfa803/coil-svg-jvm-3.3.0.jar:/Users/mattias800/.gradle/caches/modules-2/files-2.1/org.jetbrains.compose.ui/ui-text-desktop/1.10.1/7babd6e2dea601e74bed24b4017350e1acf4569c/ui-text-desktop-1.10.1.jar:/Users/mattias800/.gradle/caches/modules-2/files-2.1/org.jetbrains.compose.ui/ui-graphics-desktop/1.10.1/c0b9e89e8f5ac5b0253d32d8da2758643ca1e19b/ui-graphics-desktop-1.10.1.jar:/Users/mattias800/.gradle/caches/modules-2/files-2.1/io.coil-kt.coil3/coil-jvm/3.3.0/246e1bf044d5f858315c517f7f770f6dc0516195/coil-jvm-3.3.0.jar:/Users/mattias800/.gradle/caches/modules-2/files-2.1/io.coil-kt.coil3/coil-network-core-jvm/3.3.0/c50c4cf1424afcc90532ed8064bcaa14d88d0ea8/coil-network-core-jvm-3.3.0.jar:/Users/mattias800/.gradle/caches/modules-2/files-2.1/io.coil-kt.coil3/coil-core-jvm/3.3.0/70ff6cf3312784cddfe695b2e2f62aec53778b38/coil-core-jvm-3.3.0.jar:/Users/mattias800/.gradle/caches/modules-2/files-2.1/org.jetbrains.skiko/skiko-awt/0.9.37.4/fc7470cca1041a52b182a921205c5c224e7709ad/skiko-awt-0.9.37.4.jar:/Users/mattias800/.gradle/caches/modules-2/files-2.1/org.jetbrains.kotlinx/kotlinx-coroutines-slf4j/1.10.2/1271f9d4a929150bb87ab8d1dc1e86d4bcf039f3/kotlinx-coroutines-slf4j-1.10.2.jar:/Users/mattias800/.gradle/caches/modules-2/files-2.1/io.ktor/ktor-http-cio-jvm/3.4.0/2c1f50d77b7d825175acf56f6cb494fc1145e23e/ktor-http-cio-jvm-3.4.0.jar:/Users/mattias800/.gradle/caches/modules-2/files-2.1/io.ktor/ktor-websocket-serialization-jvm/3.4.0/20093fc55064238930e96c8dd12a2d96af6ff81d/ktor-websocket-serialization-jvm-3.4.0.jar:/Users/mattias800/.gradle/caches/modules-2/files-2.1/io.ktor/ktor-serialization-kotlinx-jvm/3.4.0/d001db47b2ebe8ad8b2cb1bb2a687688840f5887/ktor-serialization-kotlinx-jvm-3.4.0.jar:/Users/mattias800/.gradle/caches/modules-2/files-2.1/io.ktor/ktor-serialization-jvm/3.4.0/406af3e14bc41086ac933c02c67bd7ee762cfb4b/ktor-serialization-jvm-3.4.0.jar:/Users/mattias800/.gradle/caches/modules-2/files-2.1/io.ktor/ktor-websockets-jvm/3.4.0/5c8a9438372c7de912cf6da0e275ec17056d6451/ktor-websockets-jvm-3.4.0.jar:/Users/mattias800/.gradle/caches/modules-2/files-2.1/io.ktor/ktor-network-tls-jvm/3.4.0/10bb3d46d3fba6ccfc27f03fbeec029a756358b1/ktor-network-tls-jvm-3.4.0.jar:/Users/mattias800/.gradle/caches/modules-2/files-2.1/io.insert-koin/koin-compose-jvm/4.0.0/cf45eee3ae6e58e04a6771a8c04a8937395f8ea0/koin-compose-jvm-4.0.0.jar:/Users/mattias800/.gradle/caches/modules-2/files-2.1/org.jetbrains.compose.ui/ui-backhandler-desktop/1.10.1/ed725f86a0fdff73fb37561ffb606166725e4b6f/ui-backhandler-desktop-1.10.1.jar:/Users/mattias800/.gradle/caches/modules-2/files-2.1/androidx.navigationevent/navigationevent-desktop/1.0.2/ddb1e7fe97ed51c3d35bba493f97fcf12398719/navigationevent-desktop-1.0.2.jar:/Users/mattias800/.gradle/caches/modules-2/files-2.1/androidx.compose.runtime/runtime-annotation-jvm/1.10.2/ea491da34ba40ae9bd340c393566753ddfd95a76/runtime-annotation-jvm-1.10.2.jar:/Users/mattias800/.gradle/caches/modules-2/files-2.1/androidx.compose.runtime/runtime-retain-desktop/1.10.2/879812e3cd2c6151f5d91f515a35952b1be07a76/runtime-retain-desktop-1.10.2.jar:/Users/mattias800/.gradle/caches/modules-2/files-2.1/androidx.compose.runtime/runtime-saveable-desktop/1.10.2/f6903c683c07ba479659ba4eb55bc7c80a7c433e/runtime-saveable-desktop-1.10.2.jar:/Users/mattias800/.gradle/caches/modules-2/files-2.1/org.jetbrains.compose.runtime/runtime-saveable-desktop/1.10.1/9b0e2a8ce3ae7d2b1a40307bc9271933b238cfd4/runtime-saveable-desktop-1.10.1.jar:/Users/mattias800/.gradle/caches/modules-2/files-2.1/org.jetbrains.androidx.lifecycle/lifecycle-runtime-compose-desktop/2.9.6/7b6b6793f3c4c5996b20d1d99cf728e5fac00364/lifecycle-runtime-compose-desktop-2.9.6.jar:/Users/mattias800/.gradle/caches/modules-2/files-2.1/org.jetbrains.compose.ui/ui-unit-desktop/1.10.1/aeeb2f31358ab5abf0bafa0828de2faba7189db5/ui-unit-desktop-1.10.1.jar:/Users/mattias800/.gradle/caches/modules-2/files-2.1/org.jetbrains.compose.ui/ui-geometry-desktop/1.10.1/779ddaadbc03720f7bb2507f6ed6dc4ffc9e7f3e/ui-geometry-desktop-1.10.1.jar:/Users/mattias800/.gradle/caches/modules-2/files-2.1/org.jetbrains.compose.ui/ui-tooling-preview-desktop/1.10.1/6d464d6c6d654d45aecdfaff7a08d64af62217e2/ui-tooling-preview-desktop-1.10.1.jar:/Users/mattias800/.gradle/caches/modules-2/files-2.1/org.jetbrains.androidx.savedstate/savedstate-compose-desktop/1.3.6/63692375ffe667f12cb3ea8aa1e605d659ed2add/savedstate-compose-desktop-1.3.6.jar:/Users/mattias800/.gradle/caches/modules-2/files-2.1/org.jetbrains.compose.runtime/runtime-desktop/1.10.1/edbd39fc9691f4ba1e29c6690341148db4272752/runtime-desktop-1.10.1.jar:/Users/mattias800/.gradle/caches/modules-2/files-2.1/androidx.lifecycle/lifecycle-viewmodel-savedstate-desktop/2.9.4/72a1919b08c5a4da224d8a65ce1589aa69934e8a/lifecycle-viewmodel-savedstate-desktop-2.9.4.jar:/Users/mattias800/.gradle/caches/modules-2/files-2.1/androidx.lifecycle/lifecycle-viewmodel-desktop/2.9.4/93fee6d78f0df0e38f36e0fa2eff74f8da6d5481/lifecycle-viewmodel-desktop-2.9.4.jar:/Users/mattias800/.gradle/caches/modules-2/files-2.1/androidx.lifecycle/lifecycle-runtime-desktop/2.9.4/1cc820319ec0139e76b8a2fe4be0b356b4e624c4/lifecycle-runtime-desktop-2.9.4.jar:/Users/mattias800/.gradle/caches/modules-2/files-2.1/androidx.savedstate/savedstate-compose-desktop/1.3.3/cd60b543d5722a8b5e6cea1e4ccdec8b4375a22b/savedstate-compose-desktop-1.3.3.jar:/Users/mattias800/.gradle/caches/modules-2/files-2.1/androidx.savedstate/savedstate-desktop/1.3.3/1c5bfc3fb56614538528060a06f2c03e34fa5188/savedstate-desktop-1.3.3.jar:/Users/mattias800/.gradle/caches/modules-2/files-2.1/androidx.lifecycle/lifecycle-common-jvm/2.9.4/ab739bccdb3541983385af169565c7c035d897e7/lifecycle-common-jvm-2.9.4.jar:/Users/mattias800/.gradle/caches/modules-2/files-2.1/androidx.lifecycle/lifecycle-runtime-compose-desktop/2.9.4/86a4ffec845d4e488078118a0b5095bd1fabcafe/lifecycle-runtime-compose-desktop-2.9.4.jar:/Users/mattias800/.gradle/caches/modules-2/files-2.1/androidx.compose.runtime/runtime-desktop/1.10.2/b1705e2087f06395622b784aa88e2e738043459/runtime-desktop-1.10.2.jar:/Users/mattias800/.gradle/caches/modules-2/files-2.1/io.ktor/ktor-http-jvm/3.4.0/81e4323a06aa6751f59ffe6e35e61277af17fdb5/ktor-http-jvm-3.4.0.jar:/Users/mattias800/.gradle/caches/modules-2/files-2.1/io.ktor/ktor-events-jvm/3.4.0/d6e6800119bf169c0559eeaf49477757e50a736/ktor-events-jvm-3.4.0.jar:/Users/mattias800/.gradle/caches/modules-2/files-2.1/io.ktor/ktor-sse-jvm/3.4.0/3b4493bfb71b536fc0c055d645ceb1a44b318637/ktor-sse-jvm-3.4.0.jar:/Users/mattias800/.gradle/caches/modules-2/files-2.1/app.cash.sqldelight/async-extensions-jvm/2.2.1/1caa5e80a3f9587d9521bb5786d8004169abb659/sqldelight-async-extensions-jvm-2.2.1.jar:/Users/mattias800/.gradle/caches/modules-2/files-2.1/io.ktor/ktor-network-jvm/3.4.0/8d6179be0155e1d34f844a8317b7f1950772a372/ktor-network-jvm-3.4.0.jar:/Users/mattias800/.gradle/caches/modules-2/files-2.1/io.ktor/ktor-utils-jvm/3.4.0/ce54b074feee2cc3cdac2ba93420f18adc71061d/ktor-utils-jvm-3.4.0.jar:/Users/mattias800/.gradle/caches/modules-2/files-2.1/io.ktor/ktor-io-jvm/3.4.0/16e3233d00797f77f2b918a65d40479c28dc2bde/ktor-io-jvm-3.4.0.jar:/Users/mattias800/.gradle/caches/modules-2/files-2.1/org.jetbrains.kotlinx/kotlinx-coroutines-core-jvm/1.10.2/4a9f78ef49483748e2c129f3d124b8fa249dafbf/kotlinx-coroutines-core-jvm-1.10.2.jar:/Users/mattias800/.gradle/caches/modules-2/files-2.1/org.jetbrains.kotlinx/kotlinx-coroutines-swing/1.10.2/ccb5a2e7c83fa76da0ba4677f05678d3bd3eed57/kotlinx-coroutines-swing-1.10.2.jar:/Users/mattias800/.gradle/caches/modules-2/files-2.1/app.cash.sqldelight/sqlite-driver/2.2.1/14c7c61ee75309171122d51489aa0bae72e3d28f/sqlite-driver-2.2.1.jar:/Users/mattias800/.gradle/caches/modules-2/files-2.1/io.insert-koin/koin-core-jvm/4.0.0/6a66dcf3885c4783432e98845b10f0b5e48ef5b1/koin-core-jvm-4.0.0.jar:/Users/mattias800/.gradle/caches/modules-2/files-2.1/app.cash.sqldelight/jdbc-driver/2.2.1/bd1eec7b45a148d571ecb1d4db97ca5c259a9a9c/jdbc-driver-2.2.1.jar:/Users/mattias800/.gradle/caches/modules-2/files-2.1/app.cash.sqldelight/runtime-jvm/2.2.1/db9095b526694836a06428c2ef14b0562b8a7028/runtime-jvm-2.2.1.jar:/Users/mattias800/.gradle/caches/modules-2/files-2.1/org.jetbrains.kotlinx/kotlinx-serialization-json-io-jvm/1.10.0/50ca77d6d3986562a140275d6c8b07086af55f83/kotlinx-serialization-json-io-jvm-1.10.0.jar:/Users/mattias800/.gradle/caches/modules-2/files-2.1/org.jetbrains.kotlinx/kotlinx-serialization-core-jvm/1.10.0/9400c03c056953bbbf30e861e63735c90e9eb320/kotlinx-serialization-core-jvm-1.10.0.jar:/Users/mattias800/.gradle/caches/modules-2/files-2.1/org.jetbrains.kotlinx/kotlinx-serialization-json-jvm/1.10.0/a74d7819e02bad98af4d6b56c4f45aa6d31ef4ad/kotlinx-serialization-json-jvm-1.10.0.jar:/Users/mattias800/.gradle/caches/modules-2/files-2.1/org.jetbrains.kotlinx/kotlinx-datetime-jvm/0.7.1/81c2e0246bd28cc2dcbdf0ab53628322e66a9de9/kotlinx-datetime-jvm-0.7.1.jar:/Users/mattias800/.gradle/caches/modules-2/files-2.1/org.jetbrains.kotlin/kotlin-stdlib-jdk8/2.2.20/57c4d839a6e5ad105d61ffc5cc0bf4de649c1714/kotlin-stdlib-jdk8-2.2.20.jar:/Users/mattias800/.gradle/caches/modules-2/files-2.1/co.touchlab/stately-concurrent-collections-jvm/2.1.0/5c03b644537d7926a8f77e5735a8bebb55dafdcd/stately-concurrent-collections-jvm-2.1.0.jar:/Users/mattias800/.gradle/caches/modules-2/files-2.1/co.touchlab/stately-concurrency-jvm/2.1.0/6285428408c4d7e4a6d9a09511de877103effd81/stately-concurrency-jvm-2.1.0.jar:/Users/mattias800/.gradle/caches/modules-2/files-2.1/org.jetbrains.compose.ui/ui-util-desktop/1.10.1/fe41825dccacb792ded7df579736a0ed919ee270/ui-util-desktop-1.10.1.jar:/Users/mattias800/.gradle/caches/modules-2/files-2.1/org.jetbrains.kotlinx/atomicfu-jvm/0.23.2/a4601dc42dceb031a586058e8356ff778a57dea0/atomicfu-jvm-0.23.2.jar:/Users/mattias800/.gradle/caches/modules-2/files-2.1/org.jetbrains.kotlin/kotlin-stdlib-jdk7/2.2.20/bdbe3b5d872fa3b74d8fcd4e7ca3193f4abc9cc8/kotlin-stdlib-jdk7-2.2.20.jar:/Users/mattias800/.gradle/caches/modules-2/files-2.1/androidx.collection/collection-jvm/1.5.0/7ba2c69414d46ebc2dd76598bdd0a75c54281a57/collection-jvm-1.5.0.jar:/Users/mattias800/.gradle/caches/modules-2/files-2.1/androidx.arch.core/core-common/2.2.0/5e1b8b81dfd5f52c56a8d53b18ca759c19a301f3/core-common-2.2.0.jar:/Users/mattias800/.gradle/caches/modules-2/files-2.1/androidx.annotation/annotation-jvm/1.9.1/b17951747e38bf3986a24431b9ba0d039958aa5f/annotation-jvm-1.9.1.jar:/Users/mattias800/.gradle/caches/modules-2/files-2.1/co.touchlab/stately-strict-jvm/2.1.0/3ae8369209065455f4630793bf6aca0fb88c8b6b/stately-strict-jvm-2.1.0.jar:/Users/mattias800/.gradle/caches/modules-2/files-2.1/com.squareup.okio/okio-jvm/3.15.0/cb3c285187640f543150fcac1ae012bdd778c0e1/okio-jvm-3.15.0.jar:/Users/mattias800/.gradle/caches/modules-2/files-2.1/org.jetbrains.kotlinx/kotlinx-io-core-jvm/0.8.2/358a9f2ba2dc81c5dc84c3d1853f6e5efba63be1/kotlinx-io-core-jvm-0.8.2.jar:/Users/mattias800/.gradle/caches/modules-2/files-2.1/org.jetbrains.kotlinx/kotlinx-io-bytestring-jvm/0.8.2/89c5399596250e71f2bba6d2415972a078a525c7/kotlinx-io-bytestring-jvm-0.8.2.jar:/Users/mattias800/.gradle/caches/modules-2/files-2.1/org.jetbrains.kotlin/kotlin-stdlib/2.3.10/8b80e2f80a3b7daa99c16017f91d4c72cd8b31a6/kotlin-stdlib-2.3.10.jar:/Users/mattias800/.gradle/caches/modules-2/files-2.1/org.jetbrains/annotations/23.0.0/8cc20c07506ec18e0834947b84a864bfc094484e/annotations-23.0.0.jar:/Users/mattias800/.gradle/caches/modules-2/files-2.1/org.xerial/sqlite-jdbc/3.51.0.0/17c4e0d41dd482d6f35547f4235d55e72b7cf0f1/sqlite-jdbc-3.51.0.0.jar:/Users/mattias800/.gradle/caches/modules-2/files-2.1/org.slf4j/slf4j-api/2.0.17/d9e58ac9c7779ba3bf8142aff6c830617a7fe60f/slf4j-api-2.0.17.jar:/Users/mattias800/.gradle/caches/modules-2/files-2.1/org.jetbrains.runtime/jbr-api/1.5.0/4158e485a7a4ecfd521e03095d81e0225529e8d2/jbr-api-1.5.0.jar:/Users/mattias800/.gradle/caches/modules-2/files-2.1/org.jspecify/jspecify/1.0.0/7425a601c1c7ec76645a78d22b8c6a627edee507/jspecify-1.0.0.jar
Launcher Type: SUN_STANDARD

[Global flags]
     intx CICompilerCount                          = 4                                         {product} {ergonomic}
     uint ConcGCThreads                            = 2                                         {product} {ergonomic}
     uint G1ConcRefinementThreads                  = 8                                         {product} {ergonomic}
   size_t G1HeapRegionSize                         = 4194304                                   {product} {ergonomic}
    uintx GCDrainStackTargetSize                   = 64                                        {product} {ergonomic}
   size_t InitialHeapSize                          = 402653184                                 {product} {ergonomic}
   size_t MarkStackSize                            = 4194304                                   {product} {ergonomic}
   size_t MaxHeapSize                              = 6442450944                                {product} {ergonomic}
   size_t MaxNewSize                               = 3862953984                                {product} {ergonomic}
   size_t MinHeapDeltaBytes                        = 4194304                                   {product} {ergonomic}
   size_t MinHeapSize                              = 8388608                                   {product} {ergonomic}
    uintx NonNMethodCodeHeapSize                   = 5839564                                {pd product} {ergonomic}
    uintx NonProfiledCodeHeapSize                  = 122909338                              {pd product} {ergonomic}
    uintx ProfiledCodeHeapSize                     = 122909338                              {pd product} {ergonomic}
    uintx ReservedCodeCacheSize                    = 251658240                              {pd product} {ergonomic}
     bool SegmentedCodeCache                       = true                                      {product} {ergonomic}
   size_t SoftMaxHeapSize                          = 6442450944                             {manageable} {ergonomic}
     bool UseCompressedOops                        = true                           {product lp64_product} {ergonomic}
     bool UseG1GC                                  = true                                      {product} {ergonomic}
     bool UseNUMA                                  = false                                     {product} {ergonomic}
     bool UseNUMAInterleaving                      = false                                     {product} {ergonomic}

Logging:
Log output configuration:
 #0: stdout all=warning uptime,level,tags foldmultilines=false
 #1: stderr all=off uptime,level,tags foldmultilines=false

Release file:
IMPLEMENTOR="Microsoft"
IMPLEMENTOR_VERSION="Microsoft-13106411"
JAVA_RUNTIME_VERSION="21.0.10+7-LTS"
JAVA_VERSION="21.0.10"
JAVA_VERSION_DATE="2026-01-20"
LIBC="default"
MODULES="java.base java.compiler java.datatransfer java.xml java.prefs java.desktop java.instrument java.logging java.management java.security.sasl java.naming java.rmi java.management.rmi java.net.http java.scripting java.security.jgss java.transaction.xa java.sql java.sql.rowset java.xml.crypto java.se java.smartcardio jdk.accessibility jdk.internal.jvmstat jdk.attach jdk.charsets jdk.internal.opt jdk.zipfs jdk.compiler jdk.crypto.ec jdk.crypto.cryptoki jdk.dynalink jdk.internal.ed jdk.editpad jdk.hotspot.agent jdk.httpserver jdk.incubator.vector jdk.internal.le jdk.internal.vm.ci jdk.internal.vm.compiler jdk.internal.vm.compiler.management jdk.jartool jdk.javadoc jdk.jcmd jdk.management jdk.management.agent jdk.jconsole jdk.jdeps jdk.jdwp.agent jdk.jdi jdk.jfr jdk.jlink jdk.jpackage jdk.jshell jdk.jsobject jdk.jstatd jdk.localedata jdk.management.jfr jdk.naming.dns jdk.naming.rmi jdk.net jdk.nio.mapmode jdk.random jdk.sctp jdk.security.auth jdk.security.jgss jdk.unsupported jdk.unsupported.desktop jdk.xml.dom"
OS_ARCH="aarch64"
OS_NAME="Darwin"
SOURCE=".:git:e69b6ef7382e"

Environment Variables:
PATH=/Users/mattias800/Library/Android/sdk/emulator:/Users/mattias800/Library/Android/sdk/tools:/Users/mattias800/Library/Android/sdk/platform-tools:/Users/mattias800/.antigravity/antigravity/bin:/Users/mattias800/.local/bin:/Users/mattias800/.mzsh/bin:/Users/mattias800/.bun/bin:/Users/mattias800/Library/pnpm:/opt/homebrew/bin:/opt/homebrew/sbin:/usr/local/bin:/System/Cryptexes/App/usr/bin:/usr/bin:/bin:/usr/sbin:/sbin:/var/run/com.apple.security.cryptexd/codex.system/bootstrap/usr/local/bin:/var/run/com.apple.security.cryptexd/codex.system/bootstrap/usr/bin:/var/run/com.apple.security.cryptexd/codex.system/bootstrap/usr/appleinternal/bin:/opt/pmk/env/global/bin:/Library/Apple/usr/bin:/usr/local/share/dotnet:~/.dotnet/tools:/Users/mattias800/Library/Application Support/JetBrains/Toolbox/scripts:/Users/mattias800/.lmstudio/bin:/Users/mattias800/.maestro/bin:/Users/mattias800/.maestro/bin:/Applications/Warp.app/Contents/Resources/bin
SHELL=/bin/zsh
LANG=C.UTF-8
LC_CTYPE=UTF-8
TERM=xterm-256color
TMPDIR=/var/folders/00/y_pwwndd1hj9rnmh0xwj36v80000gn/T/
DYLD_FALLBACK_LIBRARY_PATH=/tmp/spela-vulkan:/opt/homebrew/lib:/usr/local/lib

Active Locale:
LC_ALL=C.UTF-8/UTF-8/C.UTF-8/C.UTF-8/C.UTF-8/C.UTF-8
LC_COLLATE=C.UTF-8
LC_CTYPE=UTF-8
LC_MESSAGES=C.UTF-8
LC_MONETARY=C.UTF-8
LC_NUMERIC=C.UTF-8
LC_TIME=C.UTF-8

Signal Handlers:
   SIGSEGV: crash_handler in libjvm.dylib, mask=11100110000111110111111111111111, flags=SA_ONSTACK|SA_RESTART|SA_SIGINFO, unblocked
    SIGBUS: crash_handler in libjvm.dylib, mask=11100110000111110111111111111111, flags=SA_RESTART|SA_SIGINFO, unblocked
    SIGFPE: crash_handler in libjvm.dylib, mask=11100110000111110111111111111111, flags=SA_RESTART|SA_SIGINFO, unblocked
   SIGPIPE: javaSignalHandler in libjvm.dylib, mask=11100110000111110111111111111111, flags=SA_RESTART|SA_SIGINFO, blocked
   SIGXFSZ: javaSignalHandler in libjvm.dylib, mask=11100110000111110111111111111111, flags=SA_RESTART|SA_SIGINFO, blocked
    SIGILL: crash_handler in libjvm.dylib, mask=11100110000111110111111111111111, flags=SA_RESTART|SA_SIGINFO, unblocked
   SIGUSR2: SR_handler in libjvm.dylib, mask=00000000000000000000000000000000, flags=SA_RESTART|SA_SIGINFO, blocked
    SIGHUP: UserHandler in libjvm.dylib, mask=11100110000111110111111111111111, flags=SA_RESTART|SA_SIGINFO, blocked
    SIGINT: SIG_IGN, mask=00000000000000000000000000000000, flags=none, blocked
   SIGTERM: UserHandler in libjvm.dylib, mask=11100110000111110111111111111111, flags=SA_RESTART|SA_SIGINFO, blocked
   SIGQUIT: UserHandler in libjvm.dylib, mask=11100110000111110111111111111111, flags=SA_RESTART|SA_SIGINFO, blocked
   SIGTRAP: crash_handler in libjvm.dylib, mask=11100110000111110111111111111111, flags=SA_RESTART|SA_SIGINFO, unblocked


Periodic native trim disabled

---------------  S Y S T E M  ---------------

OS:
uname: Darwin 25.3.0 Darwin Kernel Version 25.3.0: Wed Jan 28 20:56:34 PST 2026; root:xnu-12377.91.3~2/RELEASE_ARM64_T8112 arm64
OS uptime: 14 days 21:26 hours
rlimit (soft/hard): STACK 8176k/65520k , CORE 0k/infinity , NPROC 4000/6000 , NOFILE 1048576/infinity , AS infinity/infinity , CPU infinity/infinity , DATA infinity/infinity , FSIZE infinity/infinity , MEMLOCK infinity/infinity , RSS infinity/infinity
load average: 12.65 8.81 7.76

CPU: total 8 (initial active 8) 0x61:0x0:0xda33d83d:0, fp, asimd, aes, pmull, sha1, sha256, crc32, lse, sha3, sha512
machdep.cpu.brand_string:Apple M2
hw.cachelinesize:128
hw.l1icachesize:131072
hw.l1dcachesize:65536
hw.l2cachesize:4194304

Memory: 16k page, physical 25165824k(168960k free), swap 12582912k(1425024k free)

vm_info: OpenJDK 64-Bit Server VM (21.0.10+7-LTS) for bsd-aarch64 JRE (21.0.10+7-LTS), built on 2026-01-15T18:35:20Z by "MicrosoftCorporation" with clang Apple LLVM 15.0.0 (clang-1500.1.0.2.5)

END.
