#
# A fatal error has been detected by the Java Runtime Environment:
#
#  SIGSEGV (0xb) at pc=0x000000023e9cae98, pid=94538, tid=245507
#
# JRE version: OpenJDK Runtime Environment Microsoft-13106411 (21.0.10+7) (build 21.0.10+7-LTS)
# Java VM: OpenJDK 64-Bit Server VM Microsoft-13106411 (21.0.10+7-LTS, mixed mode, sharing, tiered, compressed oops, compressed class ptrs, g1 gc, bsd-aarch64)
# Problematic frame:
# C  [libGL.dylib+0x2e98]  glActiveTexture+0xc
#
# No core dump will be written. Core dumps have been disabled. To enable core dumping, try "ulimit -c unlimited" before starting Java again
#
# If you would like to submit a bug report, please visit:
#   https://github.com/microsoft/openjdk/issues
# The crash happened outside the Java Virtual Machine in native code.
# See problematic frame for where to report the bug.
#

---------------  S U M M A R Y ------------

Command Line: -Dcompose.application.configure.swing.globals=true -Dcompose.application.resources.dir=/Users/mattias800/repos/spela/player/desktop/build/compose/tmp/prepareAppResources -Djava.library.path=/Users/mattias800/repos/spela/player/desktop/build/native -Dfile.encoding=UTF-8 -Duser.country=US -Duser.language=en -Duser.variant com.spela.player.desktop.MainKt

Host: "Mac14,2" arm64, 8 cores, 24G, Darwin 25.3.0, macOS 26.3.1 (25D2128)
Time: Wed Mar 25 17:37:32 2026 CET elapsed time: 2409.164439 seconds (0d 0h 40m 9s)

---------------  T H R E A D  ---------------

Current thread (0x0000000b6d0b7100):  JavaThread "DefaultDispatcher-worker-23" daemon [_thread_in_native, id=245507, stack(0x00000001787c8000,0x00000001789cb000) (2060K)]

Stack: [0x00000001787c8000,0x00000001789cb000],  sp=0x00000001789ca300,  free space=2056k
Native frames: (J=compiled Java code, j=interpreted, Vv=VM code, C=native code)
C  [libGL.dylib+0x2e98]  glActiveTexture+0xc
C  [ppsspp_libretro.dylib+0x3ffeb8]  GLRenderManager::Run(GLRRenderThreadTask&)+0xac
C  [ppsspp_libretro.dylib+0x3ffd3c]  GLRenderManager::ThreadFrame(bool)+0x138
C  [ppsspp_libretro.dylib+0x8688]  retro_serialize_size+0x60
C  [libspela-libretro.dylib+0x7a5c]  Java_com_spela_player_libretro_LibretroJni_nativeSerializeSize+0x58
j  com.spela.player.libretro.LibretroJni.nativeSerializeSize()J+0
j  com.spela.player.libretro.DesktopLibretroController.supportsSaveStates()Z+4
j  com.spela.player.presentation.viewmodel.EmulationViewModel$startGame$2.invokeSuspend(Ljava/lang/Object;)Ljava/lang/Object;+5948
J 5097 c2 kotlin.coroutines.jvm.internal.BaseContinuationImpl.resumeWith(Ljava/lang/Object;)V (124 bytes) @ 0x00000001262d1cd8 [0x00000001262d1c80+0x0000000000000058]
J 11001 c2 kotlinx.coroutines.DispatchedTask.run()V (387 bytes) @ 0x00000001262c6e2c [0x00000001262c6bc0+0x000000000000026c]
J 9427 c2 kotlinx.coroutines.scheduling.CoroutineScheduler.runSafely(Lkotlinx/coroutines/scheduling/Task;)V (73 bytes) @ 0x0000000126567b20 [0x0000000126567ac0+0x0000000000000060]
J 14407 c2 kotlinx.coroutines.scheduling.CoroutineScheduler$Worker.executeTask(Lkotlinx/coroutines/scheduling/Task;)V (168 bytes) @ 0x0000000126311170 [0x0000000126310e00+0x0000000000000370]
J 11783 c2 kotlinx.coroutines.scheduling.CoroutineScheduler$Worker.runWorker()V (118 bytes) @ 0x00000001263973c8 [0x00000001263971c0+0x0000000000000208]
j  kotlinx.coroutines.scheduling.CoroutineScheduler$Worker.run()V+1
v  ~StubRoutines::call_stub 0x0000000125b38154
V  [libjvm.dylib+0x4b2d3c]  JavaCalls::call_helper(JavaValue*, methodHandle const&, JavaCallArguments*, JavaThread*)+0x3d8
V  [libjvm.dylib+0x4b1c74]  JavaCalls::call_virtual(JavaValue*, Klass*, Symbol*, Symbol*, JavaCallArguments*, JavaThread*)+0x140
V  [libjvm.dylib+0x4b1d40]  JavaCalls::call_virtual(JavaValue*, Handle, Klass*, Symbol*, Symbol*, JavaThread*)+0x64
V  [libjvm.dylib+0x581e98]  thread_entry(JavaThread*, JavaThread*)+0x9c
V  [libjvm.dylib+0x4c7084]  JavaThread::thread_main_inner()+0x98
V  [libjvm.dylib+0x9ff190]  Thread::call_run()+0xc8
V  [libjvm.dylib+0x821ab8]  thread_native_entry(Thread*)+0x118
C  [libsystem_pthread.dylib+0x6c08]  _pthread_start+0x88
Java frames: (J=compiled Java code, j=interpreted, Vv=VM code)
j  com.spela.player.libretro.LibretroJni.nativeSerializeSize()J+0
j  com.spela.player.libretro.DesktopLibretroController.supportsSaveStates()Z+4
j  com.spela.player.presentation.viewmodel.EmulationViewModel$startGame$2.invokeSuspend(Ljava/lang/Object;)Ljava/lang/Object;+5948
J 5097 c2 kotlin.coroutines.jvm.internal.BaseContinuationImpl.resumeWith(Ljava/lang/Object;)V (124 bytes) @ 0x00000001262d1cd8 [0x00000001262d1c80+0x0000000000000058]
J 11001 c2 kotlinx.coroutines.DispatchedTask.run()V (387 bytes) @ 0x00000001262c6e2c [0x00000001262c6bc0+0x000000000000026c]
J 9427 c2 kotlinx.coroutines.scheduling.CoroutineScheduler.runSafely(Lkotlinx/coroutines/scheduling/Task;)V (73 bytes) @ 0x0000000126567b20 [0x0000000126567ac0+0x0000000000000060]
J 14407 c2 kotlinx.coroutines.scheduling.CoroutineScheduler$Worker.executeTask(Lkotlinx/coroutines/scheduling/Task;)V (168 bytes) @ 0x0000000126311170 [0x0000000126310e00+0x0000000000000370]
J 11783 c2 kotlinx.coroutines.scheduling.CoroutineScheduler$Worker.runWorker()V (118 bytes) @ 0x00000001263973c8 [0x00000001263971c0+0x0000000000000208]
j  kotlinx.coroutines.scheduling.CoroutineScheduler$Worker.run()V+1
v  ~StubRoutines::call_stub 0x0000000125b38154

siginfo: si_signo: 11 (SIGSEGV), si_code: 2 (SEGV_ACCERR), si_addr: 0x0000000000000ab8

Registers:
 x0=0x00000000000084c0  x1=0x00000000000084c0  x2=0x0000000000000000  x3=0x0000000050500001
 x4=0x0000000000000023  x5=0x000000000000000c  x6=0x000000010aefd000  x7=0x0000000000000001
 x8=0x0000000000000000  x9=0x0000000000000000 x10=0x0000000000000000 x11=0x0000000000000002
x12=0x000000000000013c x13=0x0000000000000000 x14=0x2065746174732065 x15=0x0a74726f70707573
x16=0x000000019a6128cc x17=0x0000000207e9f528 x18=0x0000000000000000 x19=0x0000000b6cc65bc0
x20=0x0000000b71e77300 x21=0x0000000b6cc65e48 x22=0x0000000b6cc663a0 x23=0x0000000b6cc65e48
x24=0x0000000b6cc664c8 x25=0x0000000000000001 x26=0x0000000b6cc65ec9 x27=0x0000000000000020
x28=0x0000000b71e77318  fp=0x00000001789ca440  lr=0x000000015cae6410  sp=0x00000001789ca300
pc=0x000000023e9cae98 cpsr=0x0000000060001000

Register to memory mapping:

x0 =0x00000000000084c0 is an unknown value
x1 =0x00000000000084c0 is an unknown value
x2 =0x0 is null
x3 =0x0000000050500001 is an unknown value
x4 =0x0000000000000023 is an unknown value
x5 =0x000000000000000c is an unknown value
x6 =0x000000010aefd000: all_RegisterImpls+0x14 in /Users/mattias800/Library/Java/JavaVirtualMachines/ms-21.0.10/Contents/Home/lib/server/libjvm.dylib at 0x000000010a1b4000
x7 =0x0000000000000001 is an unknown value
x8 =0x0 is null
x9 =0x0 is null
x10=0x0 is null
x11=0x0000000000000002 is an unknown value
x12=0x000000000000013c is an unknown value
x13=0x0 is null
x14=0x2065746174732065 is an unknown value
x15=0x0a74726f70707573 is an unknown value
x16=0x000000019a6128cc: pthread_mutex_unlock+0 in /usr/lib/system/libsystem_pthread.dylib at 0x000000019a611000
x17=0x0000000207e9f528 points into unknown readable memory: 0x000000019a6128cc | cc 28 61 9a 01 00 00 00
x18=0x0 is null
x19=0x0000000b6cc65bc0 points into unknown readable memory: 0x0000000000000000 | 00 00 00 00 00 00 00 00
x20=0x0000000b71e77300 points into unknown readable memory: 0x0000000b6cccabb0 | b0 ab cc 6c 0b 00 00 00
x21=0x0000000b6cc65e48 points into unknown readable memory: 0x0000000000000000 | 00 00 00 00 00 00 00 00
x22=0x0000000b6cc663a0 points into unknown readable memory: 0x0000000000000000 | 00 00 00 00 00 00 00 00
x23=0x0000000b6cc65e48 points into unknown readable memory: 0x0000000000000000 | 00 00 00 00 00 00 00 00
x24=0x0000000b6cc664c8 points into unknown readable memory: 0x00000000434f4e45 | 45 4e 4f 43 00 00 00 00
x25=0x0000000000000001 is an unknown value
x26=0x0000000b6cc65ec9 points into unknown readable memory: 01 00 00 00 00 00 00
x27=0x0000000000000020 is an unknown value
x28=0x0000000b71e77318 points into unknown readable memory: 0x0000000000000004 | 04 00 00 00 00 00 00 00
 fp=0x00000001789ca440 is pointing into the stack for thread: 0x0000000b6d0b7100
 lr=0x000000015cae6410: _ZN13GLQueueRunner12RunInitStepsERK7FastVecI11GLRInitStepEb+0x1b0 in /Users/mattias800/Library/Application Support/Spela/cores/ppsspp_libretro.dylib at 0x000000015c6e4000
 sp=0x00000001789ca300 is pointing into the stack for thread: 0x0000000b6d0b7100

Top of Stack: (sp=0x00000001789ca300)
0x00000001789ca300:   00000001789ca730 000000011efb4a4c
0x00000001789ca310:   0000004200000000 00000006800800a8
0x00000001789ca320:   00000006800800c8 0000000b778bf440
0x00000001789ca330:   0000000000000003 0000000000004280
0x00000001789ca340:   0000000000000003 0000000b6cc663a0
0x00000001789ca350:   0000000680080070 0000000000000042
0x00000001789ca360:   00000001789ca730 0000000680077b58
0x00000001789ca370:   0000000687cc3a38 000000f8011a4400
0x00000001789ca380:   0000000000000000 000000011e3e9383
0x00000001789ca390:   00000001789ca730 000000011f93b388
0x00000001789ca3a0:   00000001789ca730 000000011fa89a50
0x00000001789ca3b0:   00000001789ca3e0 000000010a977820
0x00000001789ca3c0:   00000001789ca730 000000011f914a48
0x00000001789ca3d0:   0000000b78507118 000000f800483b88
0x00000001789ca3e0:   0000000000000000 0000000000000000
0x00000001789ca3f0:   0000000000000001 0000000000000020
0x00000001789ca400:   0000000b6cc65ec9 0000000000000001
0x00000001789ca410:   0000000b6cc664c8 0000000b6cc65e48
0x00000001789ca420:   0000000b6cc663a0 0000000b6cc65e48
0x00000001789ca430:   0000000b71e77300 0000000b6cc65bc0
0x00000001789ca440:   00000001789ca4b0 000000015cae3eb8
0x00000001789ca450:   0000000b7b5ada00 0000000b7b5ada28
0x00000001789ca460:   0000000000000001 0000000000000020
0x00000001789ca470:   0000000000000001 0000000b71e77300
0x00000001789ca480:   0000000b6cc664c8 0000000b6cc66568
0x00000001789ca490:   0000000b6cc66528 0000000b6cc66488
0x00000001789ca4a0:   0000000b6cc65bc0 0000000000000001
0x00000001789ca4b0:   00000001789ca520 000000015cae3d3c
0x00000001789ca4c0:   0000000b6cc66488 00000001789ca501
0x00000001789ca4d0:   0000000b6d0b7100 0000000000000020
0x00000001789ca4e0:   000000012ed98000 0000000680862130
0x00000001789ca4f0:   00000001789ca668 0000000000002000 

Instructions: (pc=0x000000023e9cae98)
0x000000023e9cad98:   e5 03 04 aa e4 03 03 aa e3 03 02 aa e2 03 01 aa
0x000000023e9cada8:   e1 03 00 aa 68 d0 3b d5 08 79 40 f9 06 c1 46 f9
0x000000023e9cadb8:   00 01 40 f9 df 08 1f d6 e3 03 02 aa e2 03 01 aa
0x000000023e9cadc8:   e1 03 00 aa 68 d0 3b d5 08 79 40 f9 04 c5 46 f9
0x000000023e9cadd8:   00 01 40 f9 9f 08 1f d6 e3 03 02 aa e2 03 01 aa
0x000000023e9cade8:   e1 03 00 aa 68 d0 3b d5 08 79 40 f9 04 c9 46 f9
0x000000023e9cadf8:   00 01 40 f9 9f 08 1f d6 e4 03 03 aa e3 03 02 aa
0x000000023e9cae08:   e2 03 01 aa e1 03 00 aa 68 d0 3b d5 08 79 40 f9
0x000000023e9cae18:   05 cd 46 f9 00 01 40 f9 bf 08 1f d6 e3 03 02 aa
0x000000023e9cae28:   e2 03 01 aa e1 03 00 aa 68 d0 3b d5 08 79 40 f9
0x000000023e9cae38:   04 d1 46 f9 00 01 40 f9 9f 08 1f d6 e1 03 00 aa
0x000000023e9cae48:   68 d0 3b d5 08 79 40 f9 02 d5 46 f9 00 01 40 f9
0x000000023e9cae58:   5f 08 1f d6 e1 03 00 aa 68 d0 3b d5 08 79 40 f9
0x000000023e9cae68:   02 d9 46 f9 00 01 40 f9 5f 08 1f d6 e1 03 00 aa
0x000000023e9cae78:   68 d0 3b d5 08 79 40 f9 02 59 45 f9 00 01 40 f9
0x000000023e9cae88:   5f 08 1f d6 e1 03 00 aa 68 d0 3b d5 08 79 40 f9
0x000000023e9cae98:   02 5d 45 f9 00 01 40 f9 5f 08 1f d6 e1 03 00 aa
0x000000023e9caea8:   68 d0 3b d5 08 79 40 f9 02 61 45 f9 00 01 40 f9
0x000000023e9caeb8:   5f 08 1f d6 e2 03 01 aa e1 03 00 aa 68 d0 3b d5
0x000000023e9caec8:   08 79 40 f9 03 65 45 f9 00 01 40 f9 7f 08 1f d6
0x000000023e9caed8:   e1 03 00 aa 68 d0 3b d5 08 79 40 f9 02 69 45 f9
0x000000023e9caee8:   00 01 40 f9 5f 08 1f d6 e2 03 01 aa e1 03 00 aa
0x000000023e9caef8:   68 d0 3b d5 08 79 40 f9 03 6d 45 f9 00 01 40 f9
0x000000023e9caf08:   7f 08 1f d6 e2 03 01 aa e1 03 00 aa 68 d0 3b d5
0x000000023e9caf18:   08 79 40 f9 03 71 45 f9 00 01 40 f9 7f 08 1f d6
0x000000023e9caf28:   e2 03 01 aa e1 03 00 aa 68 d0 3b d5 08 79 40 f9
0x000000023e9caf38:   03 75 45 f9 00 01 40 f9 7f 08 1f d6 e2 03 01 aa
0x000000023e9caf48:   e1 03 00 aa 68 d0 3b d5 08 79 40 f9 03 79 45 f9
0x000000023e9caf58:   00 01 40 f9 7f 08 1f d6 e2 03 01 aa e1 03 00 aa
0x000000023e9caf68:   68 d0 3b d5 08 79 40 f9 03 7d 45 f9 00 01 40 f9
0x000000023e9caf78:   7f 08 1f d6 e1 03 00 aa 68 d0 3b d5 08 79 40 f9
0x000000023e9caf88:   02 81 45 f9 00 01 40 f9 5f 08 1f d6 e2 03 01 aa 


Stack slot to memory mapping:

stack at sp + 0 slots: 0x00000001789ca730 is pointing into the stack for thread: 0x0000000b6d0b7100
stack at sp + 1 slots: 0x000000011efb4a4c is at entry_point+1676 in (nmethod*)0x000000011efb4110
Compiled method (c1) 2409174 13608       3       sun.nio.cs.StreamEncoder::writeBytes (139 bytes)
 total in heap  [0x000000011efb4110,0x000000011efb5160] = 4176
 relocation     [0x000000011efb4260,0x000000011efb43b0] = 336
 main code      [0x000000011efb43c0,0x000000011efb4ca0] = 2272
 stub code      [0x000000011efb4ca0,0x000000011efb4e18] = 376
 metadata       [0x000000011efb4e18,0x000000011efb4e80] = 104
 scopes data    [0x000000011efb4e80,0x000000011efb4f88] = 264
 scopes pcs     [0x000000011efb4f88,0x000000011efb5128] = 416
 dependencies   [0x000000011efb5128,0x000000011efb5130] = 8
 nul chk table  [0x000000011efb5130,0x000000011efb5160] = 48
stack at sp + 2 slots: 0x0000004200000000 is an unknown value
stack at sp + 3 slots: 0x00000006800800a8 is an oop: jdk.internal.misc.InternalLock 
{0x00000006800800a8} - klass: 'jdk/internal/misc/InternalLock'
 - ---- fields (total size 2 words):
 - private final 'lock' 'Ljava/util/concurrent/locks/ReentrantLock;' @12  a 'java/util/concurrent/locks/ReentrantLock'{0x00000006800800b8} (0xd0010017)
stack at sp + 4 slots: 0x00000006800800c8 is an oop: java.util.concurrent.locks.ReentrantLock$NonfairSync 
{0x00000006800800c8} - klass: 'java/util/concurrent/locks/ReentrantLock$NonfairSync'
 - ---- fields (total size 4 words):
 - private transient 'exclusiveOwnerThread' 'Ljava/lang/Thread;' @12  null (0x00000000)
 - private volatile 'state' 'I' @16  0 (0x00000000)
 - private volatile transient 'head' 'Ljava/util/concurrent/locks/AbstractQueuedSynchronizer$Node;' @20  null (0x00000000)
 - private volatile transient 'tail' 'Ljava/util/concurrent/locks/AbstractQueuedSynchronizer$Node;' @24  null (0x00000000)
stack at sp + 5 slots: 0x0000000b778bf440 points into unknown readable memory: 0x0000000000000000 | 00 00 00 00 00 00 00 00
stack at sp + 6 slots: 0x0000000000000003 is an unknown value
stack at sp + 7 slots: 0x0000000000004280 is an unknown value


Compiled method (c2) 2409175 5097   !   4       kotlin.coroutines.jvm.internal.BaseContinuationImpl::resumeWith (124 bytes)
 total in heap  [0x00000001262d1a90,0x00000001262d2368] = 2264
 relocation     [0x00000001262d1be0,0x00000001262d1c78] = 152
 main code      [0x00000001262d1c80,0x00000001262d2040] = 960
 stub code      [0x00000001262d2040,0x00000001262d20c0] = 128
 oops           [0x00000001262d20c0,0x00000001262d20d8] = 24
 metadata       [0x00000001262d20d8,0x00000001262d2118] = 64
 scopes data    [0x00000001262d2118,0x00000001262d2210] = 248
 scopes pcs     [0x00000001262d2210,0x00000001262d22d0] = 192
 dependencies   [0x00000001262d22d0,0x00000001262d22d8] = 8
 handler table  [0x00000001262d22d8,0x00000001262d2368] = 144

[Constant Pool (empty)]

[MachCode]
[Entry Point]
  # {method} {0x000000012e84ddb8} 'resumeWith' '(Ljava/lang/Object;)V' in 'kotlin/coroutines/jvm/internal/BaseContinuationImpl'
  # this:     c_rarg1:c_rarg1 
                        = 'kotlin/coroutines/jvm/internal/BaseContinuationImpl'
  # parm0:    c_rarg2:c_rarg2 
                        = 'java/lang/Object'
  #           [sp+0x40]  (sp of caller)
  0x00000001262d1c80: 2808 40b9 | 3f01 086b | 4000 0054 

  0x00000001262d1c8c: ;   {runtime_call ic_miss_stub}
  0x00000001262d1c8c: 7d88 e217 
[Verified Entry Point]
  0x00000001262d1c90: 1f20 03d5 | e953 40d1 | 3f01 00f9 | ff03 01d1 | fd7b 03a9 | c81c 0018 | 8923 40b9 | 1f01 09eb 
  0x00000001262d1cb0: c11b 0054 | 2a0c 40b9 | 4af1 7dd3 | ea0a 00b4 | e1ab 00a9 | e107 40f9 | e9ff 9fd2 | e9ff bff2 
  0x00000001262d1cd0: e9ff dff2 

  0x00000001262d1cd4: ; ImmutableOopMap {[8]=Oop [16]=Oop }
                      ;*invokevirtual invokeSuspend {reexecute=0 rethrow=0 return_oop=1}
                      ; - kotlin.coroutines.jvm.internal.BaseContinuationImpl::resumeWith@40 (line 34)
                      ;   {virtual_call}
  0x00000001262d1cd4: 3948 e697 

  0x00000001262d1cd8: ;   {other}
  0x00000001262d1cd8: 1f20 03d5 | 1f49 80f2 | 1f00 80f2 

  0x00000001262d1ce4: ;   {oop(a 'kotlin/coroutines/intrinsics/CoroutineSingletons'{0x000000068081dfc8})}
  0x00000001262d1ce4: 0af9 9bd2 | 2a10 b0f2 | ca00 c0f2 | 1f00 0aeb | 8004 0054 | e00f 00f9 | ea0b 40f9 | 4a09 40b9 
  0x00000001262d1d04: 4a11 5dd2 | 5d1d 40f9 | ea03 00f9 | e107 40f9 | e9ff 9fd2 | e9ff bff2 | e9ff dff2 

  0x00000001262d1d20: ; ImmutableOopMap {[16]=Oop [24]=Oop }
                      ;*invokevirtual releaseIntercepted {reexecute=0 rethrow=0 return_oop=0}
                      ; - kotlin.coroutines.jvm.internal.BaseContinuationImpl::resumeWith@90 (line 40)
                      ;   {virtual_call}
  0x00000001262d1d20: ba47 e697 

  0x00000001262d1d24: ;   {other}
  0x00000001262d1d24: 1f20 03d5 | 9f52 80f2 | 1f20 80f2 

  0x00000001262d1d30: ;   {metadata('kotlin/coroutines/jvm/internal/BaseContinuationImpl')}
  0x00000001262d1d30: 0adb 92d2 | 4a21 a0f2 | 0a1f c0f2 | bf03 0aeb | e102 0054 

  0x00000001262d1d44: ; ImmutableOopMap {[16]=Oop [24]=Oop }
                      ;*goto {reexecute=1 rethrow=0 return_oop=0}
                      ; - (reexecute) kotlin.coroutines.jvm.internal.BaseContinuationImpl::resumeWith@121 (line 30)
  0x00000001262d1d44: 8a2f 42f9 

  0x00000001262d1d48: ;   {poll}
  0x00000001262d1d48: 5f01 40b9 | eb03 40f9 | 6a11 40f9 

  0x00000001262d1d54: ;   {metadata('kotlin/coroutines/Continuation')}
  0x00000001262d1d54: 0001 9dd2 | 6020 a0f2 | 001f c0f2 | 5f01 00eb | e102 0054 | ea0b 40f9 | 4b0d 40b9 | 6bf1 7dd3 
  0x00000001262d1d74: 2b06 00b4 | e20f 40f9 | eaaf 00a9 | d1ff ff17 | fd7b 43a9 | ff03 0191 

  0x00000001262d1d8c: ;   {poll_return}
  0x00000001262d1d8c: 882b 42f9 | ff63 28eb | 4814 0054 | c003 5fd6 | e10b 41a9 | 093c 85d2 | 0940 aef2 | 6901 c0f2 
  0x00000001262d1dac: ; ImmutableOopMap {}
                      ;*invokeinterface resumeWith {reexecute=0 rethrow=0 return_oop=0}
                      ; - kotlin.coroutines.jvm.internal.BaseContinuationImpl::resumeWith@114 (line 47)
                      ;   {virtual_call}
  0x00000001262d1dac: 4947 e697 

  0x00000001262d1db0: ;   {other}
  0x00000001262d1db0: 1f20 03d5 | 1f64 80f2 | 1f60 80f2 | f2ff ff17 | e403 0baa | e503 40b2 | 8950 40f9 | 8050 40fd 
  0x00000001262d1dd0: 8901 6836 | 0054 725f | 0058 200e | 00b8 310e | 0300 669e | 8114 40f9 | 2578 63f8 | a500 00ca 
  0x00000001262d1df0: 8500 00b4 | 6900 7036 | 2935 c993 

  0x00000001262d1dfc: ;   {runtime_call StubRoutines (final stubs)}
  0x00000001262d1dfc: 8faf e297 | 45fb ffb4 | 2104 8012 

  0x00000001262d1e08: ; ImmutableOopMap {[16]=Oop [24]=Oop }
                      ;*checkcast {reexecute=0 rethrow=0 return_oop=0}
                      ; - kotlin.coroutines.jvm.internal.BaseContinuationImpl::resumeWith@10 (line 29)
                      ;   {runtime_call UncommonTrapBlob}
  0x00000001262d1e08: 5ea4 e297 

  0x00000001262d1e0c: ;   {other}
  0x00000001262d1e0c: 1f20 03d5 | 9f6f 80f2 | 1f80 80f2 | e103 00f9 | fd03 02aa | ea0b 00f9 | 4117 8012 

  0x00000001262d1e28: ; ImmutableOopMap {rfp=Oop [0]=Oop [16]=Oop }
                      ;*ifnonnull {reexecute=1 rethrow=0 return_oop=0}
                      ; - (reexecute) kotlin.jvm.internal.Intrinsics::checkNotNull@1 (line 24)
                      ; - kotlin.coroutines.jvm.internal.BaseContinuationImpl::resumeWith@31 (line 31)
                      ;   {runtime_call UncommonTrapBlob}
  0x00000001262d1e28: 56a4 e297 

  0x00000001262d1e2c: ;   {other}
  0x00000001262d1e2c: 1f20 03d5 | 9f73 80f2 | 1fa0 80f2 | 4117 8012 | ea03 00f9 | eb0b 00f9 

  0x00000001262d1e44: ; ImmutableOopMap {[0]=Oop [16]=Oop [24]=Oop }
                      ;*ifnonnull {reexecute=1 rethrow=0 return_oop=0}
                      ; - (reexecute) kotlin.jvm.internal.Intrinsics::checkNotNull@1 (line 24)
                      ; - kotlin.coroutines.jvm.internal.BaseContinuationImpl::resumeWith@31 (line 31)
                      ;   {runtime_call UncommonTrapBlob}
  0x00000001262d1e44: 4fa4 e297 

  0x00000001262d1e48: ;   {other}
  0x00000001262d1e48: 1f20 03d5 | 1f77 80f2 | 1fc0 80f2 | e103 1caa | c900 0010 | 89d7 01f9 

  0x00000001262d1e60: ;   {runtime_call G1BarrierSetRuntime::write_ref_field_pre_entry(oopDesc*, JavaThread*)}
  0x00000001262d1e60: 88eb 80d2 | a84a a1f2 | 2800 c0f2 | 0001 3fd6 

  0x00000001262d1e70: ;   {other}
  0x00000001262d1e70: 1f20 03d5 | 1f00 80f2 | 1f00 80f2 | 2200 0014 | e003 00f9 | e103 00aa 

  0x00000001262d1e88: ;   {oop("exception"{0x0000000680acba50})}
  0x00000001262d1e88: 024a 97d2 | 8215 b0f2 | c200 c0f2 

  0x00000001262d1e94: ; ImmutableOopMap {[0]=Oop [8]=Oop [16]=Oop }
                      ;*invokestatic checkNotNullParameter {reexecute=0 rethrow=0 return_oop=0}
                      ; - kotlin.ResultKt::createFailure@3
                      ; - kotlin.coroutines.jvm.internal.BaseContinuationImpl::resumeWith@76 (line 38)
                      ;   {static_call}
  0x00000001262d1e94: db69 f997 

  0x00000001262d1e98: ;   {other}
  0x00000001262d1e98: 1f20 03d5 | 1f81 80f2 | 1fe0 80f2 | 80df 40f9 | 8ae7 40f9 | 0b40 0091 | 7f01 0aeb | 0209 0054 
  0x00000001262d1eb8: ea03 40b2 | 8bdf 00f9 

  0x00000001262d1ec0: ;   {metadata('kotlin/Result$Failure')}
  0x00000001262d1ec0: 8c21 a0d2 | 0c13 96f2 | 0a00 00f9 | 0c08 00b9 | 70c1 80f9 | 1f0c 00b9 | fd03 00aa | e103 40f9 
  0x00000001262d1ee0: ;   {oop("exception"{0x0000000680acba50})}
  0x00000001262d1ee0: 024a 97d2 | 8215 b0f2 | c200 c0f2 

  0x00000001262d1eec: ; ImmutableOopMap {rfp=Oop [0]=Oop [8]=Oop [16]=Oop }
                      ;*invokestatic checkNotNullParameter {reexecute=0 rethrow=0 return_oop=0}
                      ; - kotlin.Result$Failure::<init>@3
                      ; - kotlin.ResultKt::createFailure@11 (line 122)
                      ; - kotlin.coroutines.jvm.internal.BaseContinuationImpl::resumeWith@76 (line 38)
                      ;   {static_call}
  0x00000001262d1eec: c569 f997 

  0x00000001262d1ef0: ;   {other}
  0x00000001262d1ef0: 1f20 03d5 | 1f8c 80f2 | 1f00 81f2 | 8a03 c139 | 6a02 0035 | ec03 40f9 | ea03 1daa | eb03 0caa 
  0x00000001262d1f10: 6b01 0aca | 8cfd 43d3 | 6bfd 56d3 | ac0f 00b9 | 0b01 00b4 | 4afd 49d3 | 8b0b a2d2 | 2b00 c0f2 
  0x00000001262d1f30: 6001 0a8b | 0b00 c039 | 7f09 0071 | e101 0054 | bf3b 03d5 | fd0f 00f9 | 6dff ff17 | ab0f 40b9 
  0x00000001262d1f50: 60f1 7dd3 | 80fd ffb4 | 8a17 40f9 | caf7 ffb4 | 8b1f 40f9 | 4c21 00d1 | 6a01 0a8b | 4081 1ff8 
  0x00000001262d1f70: 8c17 00f9 | e4ff ff17 | 8a2f 40f9 | 8b27 40f9 | bf3b 03d5 | 0d00 c039 | cdfd ff34 | 1f00 0039 
  0x00000001262d1f90: 8b01 00b5 | e103 1caa | c900 0010 | 89d7 01f9 

  0x00000001262d1fa0: ;   {runtime_call G1BarrierSetRuntime::write_ref_field_post_entry(unsigned char volatile*, JavaThread*)}
  0x00000001262d1fa0: 88f0 80d2 | a84a a1f2 | 2800 c0f2 | 0001 3fd6 

  0x00000001262d1fb0: ;   {other}
  0x00000001262d1fb0: 1f20 03d5 | 1f00 80f2 | 1f00 80f2 | e1ff ff17 | 6c21 00d1 | 4a01 0b8b | 4081 1ff8 | 8c27 00f9 
  0x00000001262d1fd0: dcff ff17 

  0x00000001262d1fd4: ;   {metadata('kotlin/Result$Failure')}
  0x00000001262d1fd4: 0113 96d2 | 8121 a0f2 | 011f c0f2 

  0x00000001262d1fe0: ; ImmutableOopMap {[0]=Oop [8]=Oop [16]=Oop }
                      ;*new {reexecute=0 rethrow=0 return_oop=1}
                      ; - kotlin.ResultKt::createFailure@6 (line 122)
                      ; - kotlin.coroutines.jvm.internal.BaseContinuationImpl::resumeWith@76 (line 38)
                      ;   {runtime_call _new_instance_Java}
  0x00000001262d1fe0: c80e e697 

  0x00000001262d1fe4: ;   {other}
  0x00000001262d1fe4: 1f20 03d5 | 9faa 80f2 | 1f20 81f2 | baff ff17 | 0200 0014 | 0100 0014 | e103 00aa | 0400 0014 
  0x00000001262d2004: e103 00aa | 0200 0014 | e103 00aa | fd7b 43a9 | ff03 0191 

  0x00000001262d2018: ;   {runtime_call _rethrow_Java}
  0x00000001262d2018: 3a21 e617 

  0x00000001262d201c: ;   {internal_word}
  0x00000001262d201c: 88eb ff10 | 8837 02f9 

  0x00000001262d2024: ;   {runtime_call SafepointBlob}
  0x00000001262d2024: 37a2 e217 | 0830 9bd2 | e8b6 a4f2 | 2800 c0f2 | 0001 3fd6 | 1fff ff17 

  0x00000001262d203c: ;   {other}
  0x00000001262d203c: 0f00 0000 
[Stub Code]
  0x00000001262d2040: ;   {no_reloc}
  0x00000001262d2040: 4800 0058 | 0001 1fd6 | b83d c625 | 0100 0000 

  0x00000001262d2050: ;   {trampoline_stub}
  0x00000001262d2050: 4800 0058 | 0001 1fd6 | 083c c625 | 0100 0000 

  0x00000001262d2060: ;   {trampoline_stub}
  0x00000001262d2060: 4800 0058 | 0001 1fd6 | d03a c625 | 0100 0000 

  0x00000001262d2070: ;   {trampoline_stub}
  0x00000001262d2070: 4800 0058 | 0001 1fd6 | 00c6 1226 | 0100 0000 

  0x00000001262d2080: ;   {trampoline_stub}
  0x00000001262d2080: 4800 0058 | 0001 1fd6 | 00c6 1226 | 0100 0000 

  0x00000001262d2090: ;   {static_stub}
  0x00000001262d2090: df3f 03d5 

  0x00000001262d2094: ;   {metadata(nullptr)}
  0x00000001262d2094: 0c00 80d2 | 0c00 a0f2 | 0c00 c0f2 | 0800 80d2 | 0800 a0f2 | 0800 c0f2 | 0001 1fd6 
[Exception Handler]
  0x00000001262d20b0: ;   {runtime_call ExceptionBlob}
  0x00000001262d20b0: d4fb e517 
[Deopt Handler Code]
  0x00000001262d20b4: 1e00 0010 

  0x00000001262d20b8: ;   {runtime_call DeoptimizationBlob}
  0x00000001262d20b8: e2a2 e217 | 0000 0000 
[/MachCode]


Compiled method (c2) 2409181 11001   !   4       kotlinx.coroutines.DispatchedTask::run (387 bytes)
 total in heap  [0x00000001262c6810,0x00000001262c8490] = 7296
 relocation     [0x00000001262c6960,0x00000001262c6b90] = 560
 main code      [0x00000001262c6bc0,0x00000001262c7690] = 2768
 stub code      [0x00000001262c7690,0x00000001262c78c0] = 560
 oops           [0x00000001262c78c0,0x00000001262c7900] = 64
 metadata       [0x00000001262c7900,0x00000001262c79e8] = 232
 scopes data    [0x00000001262c79e8,0x00000001262c7f48] = 1376
 scopes pcs     [0x00000001262c7f48,0x00000001262c81f8] = 688
 dependencies   [0x00000001262c81f8,0x00000001262c8200] = 8
 handler table  [0x00000001262c8200,0x00000001262c8458] = 600
 nul chk table  [0x00000001262c8458,0x00000001262c8490] = 56

[Constant Pool (empty)]

[MachCode]
[Entry Point]
  # {method} {0x000000012e96eca0} 'run' '()V' in 'kotlinx/coroutines/DispatchedTask'
  #           [sp+0x50]  (sp of caller)
  0x00000001262c6bc0: 2808 40b9 | 3f01 086b | 4000 0054 

  0x00000001262c6bcc: ;   {runtime_call ic_miss_stub}
  0x00000001262c6bcc: adb4 e217 
[Verified Entry Point]
  0x00000001262c6bd0: 1f20 03d5 | e953 40d1 | 3f01 00f9 | ff43 01d1 | fd7b 04a9 | 2855 0018 | 8923 40b9 | 1f01 09eb 
  0x00000001262c6bf0: 2154 0054 | e103 00f9 | e9ff 9fd2 | e9ff bff2 | e9ff dff2 

  0x00000001262c6c04: ; ImmutableOopMap {[0]=Oop }
                      ;*invokevirtual getDelegate$kotlinx_coroutines_core {reexecute=0 rethrow=0 return_oop=1}
                      ; - kotlinx.coroutines.DispatchedTask::run@34 (line 80)
                      ;   {virtual_call}
  0x00000001262c6c04: 0174 e697 

  0x00000001262c6c08: ;   {other}
  0x00000001262c6c08: 1f20 03d5 | 1f7f 80f2 | 1f00 80f2 

  0x00000001262c6c14: ; implicit exception: dispatches to 0x00000001262c756c
  0x00000001262c6c14: 0a08 40b9 

  0x00000001262c6c18: ;   {metadata('kotlinx/coroutines/internal/DispatchedContinuation')}
  0x00000001262c6c18: 8c21 a0d2 | 0c0d 9ff2 | 5f01 0c6b | c140 0054 | 0b20 40b9 | 0a28 40b9 | 6bf1 7dd3 | eb07 00f9 
  0x00000001262c6c38: 5df1 7dd3 | e103 0baa | 094c 96d2 | c97f aef2 | 6901 c0f2 

  0x00000001262c6c4c: ; ImmutableOopMap {rfp=Oop [0]=Oop [8]=Oop }
                      ;*invokeinterface getContext {reexecute=0 rethrow=0 return_oop=1}
                      ; - kotlinx.coroutines.DispatchedTask::run@61 (line 222)
                      ;   {virtual_call}
  0x00000001262c6c4c: af74 e697 

  0x00000001262c6c50: ;   {other}
  0x00000001262c6c50: 1f20 03d5 | 1f88 80f2 | 1f20 80f2 | e00b 00f9 | 1d19 00b4 

  0x00000001262c6c64: ;   {oop(a 'java/lang/Integer'{0x0000000680802828} = 0)}
  0x00000001262c6c64: 0a05 85d2 | 0a10 b0f2 | ca00 c0f2 | bf03 0aeb | 8136 0054 | e107 40f9 | 0948 96d2 | c97f aef2 
  0x00000001262c6c84: 6901 c0f2 

  0x00000001262c6c88: ; ImmutableOopMap {[0]=Oop [8]=Oop [16]=Oop }
                      ;*invokeinterface getContext {reexecute=0 rethrow=0 return_oop=1}
                      ; - kotlinx.coroutines.DispatchedTask::run@103 (line 83)
                      ;   {virtual_call}
  0x00000001262c6c88: a074 e697 

  0x00000001262c6c8c: ;   {other}
  0x00000001262c6c8c: 1f20 03d5 | 9f8f 80f2 | 1f40 80f2 | fd03 00aa | e103 40f9 | e9ff 9fd2 | e9ff bff2 | e9ff dff2 
  0x00000001262c6cac: ; ImmutableOopMap {rfp=Oop [0]=Oop [8]=Oop [16]=Oop }
                      ;*invokevirtual takeState$kotlinx_coroutines_core {reexecute=0 rethrow=0 return_oop=1}
                      ; - kotlinx.coroutines.DispatchedTask::run@111 (line 84)
                      ;   {virtual_call}
  0x00000001262c6cac: cd73 e697 

  0x00000001262c6cb0: ;   {other}
  0x00000001262c6cb0: 1f20 03d5 | 1f94 80f2 | 1f60 80f2 | e00f 00f9 | e103 40f9 | e203 00aa | e9ff 9fd2 | e9ff bff2 
  0x00000001262c6cd0: e9ff dff2 

  0x00000001262c6cd4: ; ImmutableOopMap {rfp=Oop [0]=Oop [8]=Oop [16]=Oop [24]=Oop }
                      ;*invokevirtual getExceptionalResult$kotlinx_coroutines_core {reexecute=0 rethrow=0 return_oop=1}
                      ; - kotlinx.coroutines.DispatchedTask::run@119 (line 85)
                      ;   {virtual_call}
  0x00000001262c6cd4: 5be5 ea97 

  0x00000001262c6cd8: ;   {other}
  0x00000001262c6cd8: 1f20 03d5 | 1f99 80f2 | 1f80 80f2 | 0025 00b5 | ea03 40f9 | 4a19 40b9 | 5f05 0071 | 6000 0054 
  0x00000001262c6cf8: 5f09 0071 | a107 0054 | ed03 1daa 

  0x00000001262c6d04: ; implicit exception: dispatches to 0x00000001262c74d8
  0x00000001262c6d04: ab09 40b9 

  0x00000001262c6d08: ;   {metadata('kotlin/coroutines/CombinedContext')}
  0x00000001262c6d08: 8a21 a0d2 | 0a1c 8df2 | 7f01 0a6b | 6125 0054 | aa13 40b9 | 41f1 7dd3 

  0x00000001262c6d20: ;   {oop(a 'kotlinx/coroutines/Job$Key'{0x00000006808db770})}
  0x00000001262c6d20: 02ee 96d2 | a211 b0f2 | c200 c0f2 | 09d0 94d2 | c97b aef2 | 6901 c0f2 

  0x00000001262c6d38: ; ImmutableOopMap {rfp=Oop [0]=Oop [8]=Oop [16]=Oop [24]=Oop }
                      ;*invokeinterface get {reexecute=0 rethrow=0 return_oop=1}
                      ; - kotlin.coroutines.CombinedContext::get@14 (line 122)
                      ; - kotlinx.coroutines.DispatchedTask::run@147 (line 91)
                      ;   {virtual_call}
  0x00000001262c6d38: 3e74 e697 

  0x00000001262c6d3c: ;   {other}
  0x00000001262c6d3c: 1f20 03d5 | 9fa5 80f2 | 1fa0 80f2 | ec03 00aa | e002 00b5 | ab0f 40b9 | 61f1 7dd3 

  0x00000001262c6d58: ; implicit exception: dispatches to 0x00000001262c7548
  0x00000001262c6d58: 2a08 40b9 

  0x00000001262c6d5c: ;   {metadata('kotlin/coroutines/CombinedContext')}
  0x00000001262c6d5c: 8c21 a0d2 | 0c1c 8df2 | 5f01 0c6b | 410f 0054 | fd03 01aa | aa13 40b9 | 41f1 7dd3 

  0x00000001262c6d78: ;   {oop(a 'kotlinx/coroutines/Job$Key'{0x00000006808db770})}
  0x00000001262c6d78: 02ee 96d2 | a211 b0f2 | c200 c0f2 | 09b0 97d2 | c97f aef2 | 6901 c0f2 

  0x00000001262c6d90: ; ImmutableOopMap {rfp=Oop [0]=Oop [8]=Oop [16]=Oop [24]=Oop }
                      ;*invokeinterface get {reexecute=0 rethrow=0 return_oop=1}
                      ; - kotlin.coroutines.CombinedContext::get@14 (line 122)
                      ; - kotlinx.coroutines.DispatchedTask::run@147 (line 91)
                      ;   {virtual_call}
  0x00000001262c6d90: 2874 e697 

  0x00000001262c6d94: ;   {other}
  0x00000001262c6d94: 1f20 03d5 | 9fb0 80f2 | 1fc0 80f2 | ec03 00aa | 60fd ffb4 

  0x00000001262c6da8: ; implicit exception: dispatches to 0x00000001262c74fc
  0x00000001262c6da8: 8a09 40b9 | 4411 5dd2 | 8a10 40f9 

  0x00000001262c6db4: ;   {metadata('kotlinx/coroutines/Job')}
  0x00000001262c6db4: 0b98 98d2 | 8b21 a0f2 | 0b1f c0f2 | 5f01 0beb | 6104 0054 | fd03 0caa | e103 1daa | 0968 95d2 
  0x00000001262c6dd4: c97b aef2 | 6901 c0f2 

  0x00000001262c6ddc: ; ImmutableOopMap {rfp=Oop [0]=Oop [8]=Oop [16]=Oop [24]=Oop }
                      ;*invokeinterface isActive {reexecute=0 rethrow=0 return_oop=0}
                      ; - kotlinx.coroutines.DispatchedTask::run@168 (line 92)
                      ;   {virtual_call}
  0x00000001262c6ddc: ede4 ea97 

  0x00000001262c6de0: ;   {other}
  0x00000001262c6de0: 1f20 03d5 | 1fba 80f2 | 1fe0 80f2 | 6015 0034 | e103 40f9 | e20f 40f9 | e9ff 9fd2 | e9ff bff2 
  0x00000001262c6e00: e9ff dff2 

  0x00000001262c6e04: ; ImmutableOopMap {[0]=Oop [8]=Oop [16]=Oop }
                      ;*invokevirtual getSuccessfulResult$kotlinx_coroutines_core {reexecute=0 rethrow=0 return_oop=1}
                      ; - kotlinx.coroutines.DispatchedTask::run@295 (line 100)
                      ;   {virtual_call}
  0x00000001262c6e04: 0174 e697 

  0x00000001262c6e08: ;   {other}
  0x00000001262c6e08: 1f20 03d5 | 1fbf 80f2 | 1f00 81f2 | e107 40f9 | e203 00aa | 0934 92d2 | c97f aef2 | 6901 c0f2 
  0x00000001262c6e28: ; ImmutableOopMap {[0]=Oop [16]=Oop }
                      ;*invokeinterface resumeWith {reexecute=0 rethrow=0 return_oop=0}
                      ; - kotlinx.coroutines.DispatchedTask::run@301 (line 100)
                      ;   {virtual_call}
  0x00000001262c6e28: 2a73 e697 

  0x00000001262c6e2c: ;   {other}
  0x00000001262c6e2c: 1f20 03d5 | 9fc3 80f2 | 1f20 81f2 | fd7b 44a9 | ff43 0191 

  0x00000001262c6e40: ;   {poll_return}
  0x00000001262c6e40: 882b 42f9 | ff63 28eb | 0841 0054 | c003 5fd6 

  0x00000001262c6e50: ;   {metadata('kotlinx/coroutines/Job')}
  0x00000001262c6e50: 0098 98d2 | 8021 a0f2 | 001f c0f2 | e503 40b2 | 8950 40f9 | 8050 40fd | 8901 e036 | 0054 635f 
  0x00000001262c6e70: 0058 200e | 00b8 310e | 0300 669e | 8114 40f9 | 2578 63f8 | a500 00ca | 8500 00b4 | 6900 e836 
  0x00000001262c6e90: 2971 c993 

  0x00000001262c6e94: ;   {runtime_call StubRoutines (final stubs)}
  0x00000001262c6e94: 69db e297 | 85f9 ffb4 | 8b03 c139 | 0b22 0035 

  0x00000001262c6ea4: ;   {oop(a 'java/lang/ClassCastException'{0x0000000680c03ff0})}
  0x00000001262c6ea4: 0afe 87d2 | 0a18 b0f2 | ca00 c0f2 | 5f15 00b9 | ea07 00f9 | ea07 40f9 

  0x00000001262c6ebc: ;   {oop(a 'kotlinx/coroutines/internal/Symbol'{0x00000006808528a0})}
  0x00000001262c6ebc: 0214 85d2 | a210 b0f2 | c200 c0f2 | 5d09 40b9 | e10b 40f9 

  0x00000001262c6ed0: ; ImmutableOopMap {[0]=Oop [8]=Oop }
                      ;*invokestatic restoreThreadContext {reexecute=0 rethrow=0 return_oop=0}
                      ; - kotlinx.coroutines.DispatchedTask::run@354 (line 237)
                      ;   {static_call}
  0x00000001262c6ed0: 2cb6 e297 

  0x00000001262c6ed4: ;   {other}
  0x00000001262c6ed4: 1f20 03d5 | 9fd8 80f2 | 1f40 81f2 

  0x00000001262c6ee0: ;   {metadata('kotlinx/coroutines/DispatchException')}
  0x00000001262c6ee0: 8b21 a0d2 | 0b60 9ff2 | bf03 0b6b | 810c 0054 | ea07 40f9 | ea07 00f9 | e103 40f9 | e9ff 9fd2 
  0x00000001262c6f00: e9ff bff2 | e9ff dff2 

  0x00000001262c6f08: ; ImmutableOopMap {[8]=Oop }
                      ;*invokevirtual getDelegate$kotlinx_coroutines_core {reexecute=0 rethrow=0 return_oop=1}
                      ; - kotlinx.coroutines.DispatchedTask::run@362 (line 105)
                      ;   {virtual_call}
  0x00000001262c6f08: 5eb5 e297 

  0x00000001262c6f0c: ;   {other}
  0x00000001262c6f0c: 1f20 03d5 | 9fdf 80f2 | 1f60 81f2 | e103 00aa | e9ff 9fd2 | e9ff bff2 | e9ff dff2 

  0x00000001262c6f28: ; ImmutableOopMap {[8]=Oop }
                      ;*invokeinterface getContext {reexecute=0 rethrow=0 return_oop=1}
                      ; - kotlinx.coroutines.DispatchedTask::run@365 (line 105)
                      ;   {virtual_call}
  0x00000001262c6f28: 56b5 e297 

  0x00000001262c6f2c: ;   {other}
  0x00000001262c6f2c: 1f20 03d5 | 9fe3 80f2 | 1f80 81f2 | fd03 00aa | 410a 8012 

  0x00000001262c6f40: ; ImmutableOopMap {rfp=Oop [8]=Oop }
                      ;*invokevirtual getCause {reexecute=0 rethrow=0 return_oop=0}
                      ; - kotlinx.coroutines.DispatchedTask::run@371 (line 105)
                      ;   {runtime_call UncommonTrapBlob}
  0x00000001262c6f40: 10d0 e297 

  0x00000001262c6f44: ;   {other}
  0x00000001262c6f44: 1f20 03d5 | 9fe6 80f2 | 1fa0 81f2 

  0x00000001262c6f50: ;   {oop(a 'kotlinx/coroutines/Job$Key'{0x00000006808db770})}
  0x00000001262c6f50: 02ee 96d2 | a211 b0f2 | c200 c0f2 | 090c 93d2 | c97b aef2 | 6901 c0f2 

  0x00000001262c6f68: ; ImmutableOopMap {[0]=Oop [8]=Oop [16]=Oop [24]=Oop }
                      ;*invokeinterface get {reexecute=0 rethrow=0 return_oop=1}
                      ; - kotlin.coroutines.CombinedContext::get@55 (line 127)
                      ; - kotlinx.coroutines.DispatchedTask::run@147 (line 91)
                      ;   {virtual_call}
  0x00000001262c6f68: b273 e697 

  0x00000001262c6f6c: ;   {other}
  0x00000001262c6f6c: 1f20 03d5 | 9feb 80f2 | 1fc0 81f2 | ec03 00aa | 8bff ff17 

  0x00000001262c6f80: ; implicit exception: dispatches to 0x00000001262c75dc
  0x00000001262c6f80: 0b08 40b9 

  0x00000001262c6f84: ;   {metadata('kotlin/coroutines/CombinedContext')}
  0x00000001262c6f84: 8a21 a0d2 | 0a1c 8df2 | 7f01 0a6b 

  0x00000001262c6f90: ;   {oop(a 'kotlinx/coroutines/internal/ThreadContextKt$$Lambda+0x000000f8010ca208'{0x00000006809e9518})}
  0x00000001262c6f90: 03a3 92d2 | c313 b0f2 | c300 c0f2 | 8116 0054 | fd03 00aa | aa0f 40b9 | 41f1 7dd3 

  0x00000001262c6fac: ;   {oop(a 'java/lang/Integer'{0x0000000680802828} = 0)}
  0x00000001262c6fac: 0205 85d2 | 0210 b0f2 | c200 c0f2 | e9ff 9fd2 | e9ff bff2 | e9ff dff2 

  0x00000001262c6fc4: ; ImmutableOopMap {rfp=Oop [0]=Oop [8]=Oop [16]=Oop }
                      ;*invokeinterface fold {reexecute=0 rethrow=0 return_oop=1}
                      ; - kotlin.coroutines.CombinedContext::fold@13 (line 133)
                      ; - kotlinx.coroutines.internal.ThreadContextKt::threadContextElements@8 (line 55)
                      ; - kotlinx.coroutines.internal.ThreadContextKt::updateThreadContext@7 (line 61)
                      ; - kotlinx.coroutines.DispatchedTask::run@71 (line 223)
                      ;   {virtual_call}
  0x00000001262c6fc4: 2fb5 e297 

  0x00000001262c6fc8: ;   {other}
  0x00000001262c6fc8: 1f20 03d5 | 1ff7 80f2 | 1fe0 81f2 | ac13 40b9 | ea03 00aa | 9df1 7dd3 

  0x00000001262c6fe0: ; implicit exception: dispatches to 0x00000001262c75f8
  0x00000001262c6fe0: ab0b 40b9 | 6411 5dd2 | 8b10 40f9 

  0x00000001262c6fec: ;   {metadata('kotlin/coroutines/CoroutineContext$Element')}
  0x00000001262c6fec: 0c96 9dd2 | 6c21 a0f2 | 0c1f c0f2 | 7f01 0ceb | 8110 0054 | ab0b 40b9 | 6411 5dd2 | 8b10 40f9 
  0x00000001262c700c: ;   {metadata('kotlinx/coroutines/ThreadContextElement')}
  0x00000001262c700c: 0c4c 8fd2 | 8c21 a0f2 | 0c1f c0f2 | 7f01 0ceb | 401b 0054 

  0x00000001262c7020: ;   {metadata('kotlinx/coroutines/ThreadContextElement')}
  0x00000001262c7020: 004c 8fd2 | 8021 a0f2 | 001f c0f2 | e503 40b2 | 8950 40f9 | 8050 40fd | 8901 2036 | 0054 7b5f 
  0x00000001262c7040: 0058 200e | 00b8 310e | 0300 669e | 8114 40f9 | 2578 63f8 | a500 00ca | 8500 00b4 | 6900 2836 
  0x00000001262c7060: 2911 c993 

  0x00000001262c7064: ;   {runtime_call StubRoutines (final stubs)}
  0x00000001262c7064: f5da e297 | e518 00b4 | eb03 0aaa | 0a1a 00b4 | fd03 0aaa | fbfe ff17 | e207 40f9 | e103 40f9 
  0x00000001262c7084: ; ImmutableOopMap {}
                      ;*invokevirtual handleFatalException$kotlinx_coroutines_core {reexecute=0 rethrow=0 return_oop=0}
                      ; - kotlinx.coroutines.DispatchedTask::run@383 (line 107)
                      ;   {optimized virtual_call}
  0x00000001262c7084: 3fb4 e297 

  0x00000001262c7088: ;   {other}
  0x00000001262c7088: 1f20 03d5 | 1f0f 81f2 | 1f00 82f2 | 69ff ff17 | aa0b 40b9 

  0x00000001262c709c: ;   {metadata('kotlinx/coroutines/StandaloneCoroutine')}
  0x00000001262c709c: 8c21 a0d2 | 0c5f 9af2 | 5f01 0c6b | 8110 0054 | e103 1daa 

  0x00000001262c70b0: ; ImmutableOopMap {[0]=Oop [8]=Oop [16]=Oop [24]=Oop }
                      ;*invokeinterface getCancellationException {reexecute=0 rethrow=0 return_oop=1}
                      ; - kotlinx.coroutines.DispatchedTask::run@178 (line 93)
                      ;   {optimized virtual_call}
  0x00000001262c70b0: 948d 3696 

  0x00000001262c70b4: ;   {other}
  0x00000001262c70b4: 1f20 03d5 | 9f14 81f2 | 1f20 82f2 | e013 00f9 | ed03 40f9 | ab09 40b9 

  0x00000001262c70cc: ;   {metadata('kotlinx/coroutines/internal/DispatchedContinuation')}
  0x00000001262c70cc: 8a21 a0d2 | 0a0d 9ff2 | 7f01 0a6b | c001 0054 

  0x00000001262c70dc: ;   {metadata('kotlinx/coroutines/CancellableContinuationImpl')}
  0x00000001262c70dc: aa21 a0d2 | 0a7a 89f2 | 7f01 0a6b | a118 0054 | ea03 0daa | fd03 0aaa | e103 0aaa | e28f 41a9 
  0x00000001262c70fc: ; ImmutableOopMap {rfp=Oop [0]=Oop [8]=Oop [16]=Oop [32]=Oop }
                      ;*invokevirtual cancelCompletedResult$kotlinx_coroutines_core {reexecute=0 rethrow=0 return_oop=0}
                      ; - kotlinx.coroutines.DispatchedTask::run@193 (line 94)
                      ;   {optimized virtual_call}
  0x00000001262c70fc: ad01 0094 

  0x00000001262c7100: ;   {other}
  0x00000001262c7100: 1f20 03d5 | 1f1e 81f2 | 1f40 82f2 | ed03 40f9 | fd03 0daa | ee13 40f9 | 2e14 00b4 | 82df 40f9 
  0x00000001262c7120: 8ae7 40f9 | 4b40 0091 | 7f01 0aeb | 620f 0054 | ea03 40b2 | 8bdf 00f9 

  0x00000001262c7138: ;   {metadata('kotlin/Result$Failure')}
  0x00000001262c7138: 8c21 a0d2 | 0c13 96f2 | 4a00 00f9 | 4c08 00b9 | 70c1 80f9 | 5f0c 00b9 | ed03 00f9 | cafd 43d3 
  0x00000001262c7158: 4a0c 00b9 | bf3b 03d5 | e107 40f9 | 0998 80d2 | 2988 aef2 | 6901 c0f2 

  0x00000001262c7170: ; ImmutableOopMap {rfp=Oop [0]=Oop [16]=Oop }
                      ;*invokeinterface resumeWith {reexecute=0 rethrow=0 return_oop=0}
                      ; - kotlinx.coroutines.DispatchedTask::run@252 (line 232)
                      ;   {virtual_call}
  0x00000001262c7170: 5872 e697 

  0x00000001262c7174: ;   {other}
  0x00000001262c7174: 1f20 03d5 | 9f2c 81f2 | 1f60 82f2 | 2eff ff17 | e103 00aa 

  0x00000001262c7188: ; ImmutableOopMap {[0]=Oop [8]=Oop [16]=Oop }
                      ;*invokestatic createFailure {reexecute=0 rethrow=0 return_oop=1}
                      ; - kotlinx.coroutines.DispatchedTask::run@273 (line 98)
                      ;   {static_call}
  0x00000001262c7188: ee1a 5096 

  0x00000001262c718c: ;   {other}
  0x00000001262c718c: 1f20 03d5 | 9f2f 81f2 | 1f80 82f2 | e107 40f9 | e203 00aa | 0914 85d2 | 2988 aef2 | 6901 c0f2 
  0x00000001262c71ac: ; ImmutableOopMap {[0]=Oop [16]=Oop }
                      ;*invokeinterface resumeWith {reexecute=0 rethrow=0 return_oop=0}
                      ; - kotlinx.coroutines.DispatchedTask::run@279 (line 98)
                      ;   {virtual_call}
  0x00000001262c71ac: 4972 e697 

  0x00000001262c71b0: ;   {other}
  0x00000001262c71b0: 1f20 03d5 | 1f34 81f2 | 1fa0 82f2 | 1fff ff17 

  0x00000001262c71c0: ;   {metadata('coil3/compose/internal/DeferredDispatchCoroutineContext')}
  0x00000001262c71c0: 0c29 a0d2 | 0c1e 8ff2 | 7f01 0c6b | 2110 0054 | ea03 0daa | 4b0d 40b9 | 61f1 7dd3 

  0x00000001262c71dc: ;   {oop(a 'kotlinx/coroutines/Job$Key'{0x00000006808db770})}
  0x00000001262c71dc: 02ee 96d2 | a211 b0f2 | c200 c0f2 | 091c 8dd2 | 8921 a0f2 | 091f c0f2 

  0x00000001262c71f4: ; ImmutableOopMap {[0]=Oop [8]=Oop [16]=Oop [24]=Oop }
                      ;*invokeinterface get {reexecute=0 rethrow=0 return_oop=1}
                      ; - coil3.compose.internal.ForwardingCoroutineContext::get@5
                      ; - kotlinx.coroutines.DispatchedTask::run@147 (line 91)
                      ;   {virtual_call}
  0x00000001262c71f4: b328 ff97 

  0x00000001262c71f8: ;   {other}
  0x00000001262c71f8: 1f20 03d5 | 1f3d 81f2 | 1fc0 82f2 | ec03 00aa | e8fe ff17 

  0x00000001262c720c: ;   {metadata('kotlin/coroutines/CoroutineContext$Element')}
  0x00000001262c720c: 0096 9dd2 | 6021 a0f2 | 001f c0f2 | e503 40b2 | 8950 40f9 | 8050 40fd | 8901 58b6 | 0054 545f 
  0x00000001262c722c: 0058 200e | 00b8 310e | 0300 669e | 8114 40f9 | 2578 63f8 | a500 00ca | 8500 00b4 | 6900 60b6 
  0x00000001262c724c: 29ad c993 

  0x00000001262c7250: ;   {runtime_call StubRoutines (final stubs)}
  0x00000001262c7250: 7ada e297 | 65ed ffb4 | 2104 8012 

  0x00000001262c725c: ; ImmutableOopMap {rfp=Oop [0]=Oop [8]=Oop [16]=Oop }
                      ;*checkcast {reexecute=0 rethrow=0 return_oop=0}
                      ; - kotlinx.coroutines.internal.ThreadContextKt$$Lambda/0x000000f8010ca208::invoke@2
                      ; - kotlin.coroutines.CombinedContext::fold@22 (line 133)
                      ; - kotlinx.coroutines.internal.ThreadContextKt::threadContextElements@8 (line 55)
                      ; - kotlinx.coroutines.internal.ThreadContextKt::updateThreadContext@7 (line 61)
                      ; - kotlinx.coroutines.DispatchedTask::run@71 (line 223)
                      ;   {runtime_call UncommonTrapBlob}
  0x00000001262c725c: 49cf e297 

  0x00000001262c7260: ;   {other}
  0x00000001262c7260: 1f20 03d5 | 1f4a 81f2 | 1fe0 82f2 

  0x00000001262c726c: ;   {metadata('coil3/compose/internal/DeferredDispatchCoroutineContext')}
  0x00000001262c726c: 0a29 a0d2 | 0a1e 8ff2 | 7f01 0a6b | 410d 0054 | ea03 00aa | 4a0d 40b9 | 41f1 7dd3 

  0x00000001262c7288: ;   {oop(a 'java/lang/Integer'{0x0000000680802828} = 0)}
  0x00000001262c7288: 0205 85d2 | 0210 b0f2 | c200 c0f2 | e9ff 9fd2 | e9ff bff2 | e9ff dff2 

  0x00000001262c72a0: ; ImmutableOopMap {[0]=Oop [8]=Oop [16]=Oop }
                      ;*invokeinterface fold {reexecute=0 rethrow=0 return_oop=1}
                      ; - coil3.compose.internal.ForwardingCoroutineContext::fold@6
                      ; - kotlinx.coroutines.internal.ThreadContextKt::threadContextElements@8 (line 55)
                      ; - kotlinx.coroutines.internal.ThreadContextKt::updateThreadContext@7 (line 61)
                      ; - kotlinx.coroutines.DispatchedTask::run@71 (line 223)
                      ;   {virtual_call}
  0x00000001262c72a0: 78b4 e297 

  0x00000001262c72a4: ;   {other}
  0x00000001262c72a4: 1f20 03d5 | 9f52 81f2 | 1f00 83f2 | ea03 00aa | 6eff ff17 | e103 1daa | 09ee 86d2 | 4922 a0f2 
  0x00000001262c72c4: 091f c0f2 

  0x00000001262c72c8: ; ImmutableOopMap {[0]=Oop [8]=Oop [16]=Oop [24]=Oop }
                      ;*invokeinterface getCancellationException {reexecute=0 rethrow=0 return_oop=1}
                      ; - kotlinx.coroutines.DispatchedTask::run@178 (line 93)
                      ;   {virtual_call}
  0x00000001262c72c8: fe8c 3696 

  0x00000001262c72cc: ;   {other}
  0x00000001262c72cc: 1f20 03d5 | 9f57 81f2 | 1f20 83f2 | e013 00f9 | 7aff ff17 

  0x00000001262c72e0: ;   {oop(a 'java/lang/ClassCastException'{0x0000000680c03ff0})}
  0x00000001262c72e0: 0afe 87d2 | 0a18 b0f2 | ca00 c0f2 | 4a15 40b9 | 40f1 7dd3 | 80dd ffb4 | 8a17 40f9 | ea02 00b4 
  0x00000001262c7300: 8b1f 40f9 | 4c21 00d1 | 6a01 0a8b | 4081 1ff8 | 8c17 00f9 | e4fe ff17 | ed03 00f9 

  0x00000001262c731c: ;   {metadata('kotlin/Result$Failure')}
  0x00000001262c731c: 0113 96d2 | 8121 a0f2 | 011f c0f2 

  0x00000001262c7328: ; ImmutableOopMap {rfp=Oop [0]=Oop [8]=Oop [16]=Oop [32]=Oop }
                      ;*new {reexecute=0 rethrow=0 return_oop=1}
                      ; - kotlin.ResultKt::createFailure@6 (line 122)
                      ; - kotlinx.coroutines.DispatchedTask::run@246 (line 232)
                      ;   {runtime_call _new_instance_Java}
  0x00000001262c7328: f639 e697 

  0x00000001262c732c: ;   {other}
  0x00000001262c732c: 1f20 03d5 | 9f63 81f2 | 1f40 83f2 | e203 00aa | ee13 40f9 | 85ff ff17 | 4117 8012 

  0x00000001262c7348: ; ImmutableOopMap {rfp=Oop [0]=Oop [8]=Oop [16]=Oop }
                      ;*if_acmpne {reexecute=1 rethrow=0 return_oop=0}
                      ; - (reexecute) kotlinx.coroutines.internal.ThreadContextKt::updateThreadContext@17 (line 64)
                      ; - kotlinx.coroutines.DispatchedTask::run@71 (line 223)
                      ;   {runtime_call UncommonTrapBlob}
  0x00000001262c7348: 0ecf e297 

  0x00000001262c734c: ;   {other}
  0x00000001262c734c: 1f20 03d5 | 9f67 81f2 | 1f60 83f2 | e103 1caa | c900 0010 | 89d7 01f9 

  0x00000001262c7364: ;   {runtime_call G1BarrierSetRuntime::write_ref_field_pre_entry(oopDesc*, JavaThread*)}
  0x00000001262c7364: 88eb 80d2 | a84a a1f2 | 2800 c0f2 | 0001 3fd6 

  0x00000001262c7374: ;   {other}
  0x00000001262c7374: 1f20 03d5 | 1f00 80f2 | 1f00 80f2 | c9fe ff17 | 4117 8012 | ea13 00f9 

  0x00000001262c738c: ; ImmutableOopMap {rfp=Oop [0]=Oop [8]=Oop [16]=Oop [32]=Oop }
                      ;*ifeq {reexecute=1 rethrow=0 return_oop=0}
                      ; - (reexecute) kotlinx.coroutines.internal.ThreadContextKt::countAll$lambda$0@4 (line 32)
                      ; - kotlinx.coroutines.internal.ThreadContextKt$$Lambda/0x000000f8010ca208::invoke@5
                      ; - kotlin.coroutines.CombinedContext::fold@22 (line 133)
                      ; - kotlinx.coroutines.internal.ThreadContextKt::threadContextElements@8 (line 55)
                      ; - kotlinx.coroutines.internal.ThreadContextKt::updateThreadContext@7 (line 61)
                      ; - kotlinx.coroutines.DispatchedTask::run@71 (line 223)
                      ;   {runtime_call UncommonTrapBlob}
  0x00000001262c738c: fdce e297 

  0x00000001262c7390: ;   {other}
  0x00000001262c7390: 1f20 03d5 | 1f70 81f2 | 1f80 83f2 | 6114 8012 

  0x00000001262c73a0: ; ImmutableOopMap {rfp=Oop [8]=Oop [16]=Oop [32]=Oop }
                      ;*ifnonnull {reexecute=1 rethrow=0 return_oop=0}
                      ; - (reexecute) kotlin.jvm.internal.Intrinsics::checkNotNullParameter@1 (line 130)
                      ; - kotlin.ResultKt::createFailure@3
                      ; - kotlinx.coroutines.DispatchedTask::run@246 (line 232)
                      ;   {runtime_call UncommonTrapBlob}
  0x00000001262c73a0: f8ce e297 

  0x00000001262c73a4: ;   {other}
  0x00000001262c73a4: 1f20 03d5 | 9f72 81f2 | 1fa0 83f2 | fd2b 40a9 | 4117 8012 | ea03 00f9 | eb13 00f9 

  0x00000001262c73c0: ; ImmutableOopMap {rfp=Oop [0]=Oop [16]=Oop [32]=Oop }
                      ;*ifnonnull {reexecute=1 rethrow=0 return_oop=0}
                      ; - (reexecute) kotlin.jvm.internal.Intrinsics::checkNotNull@1 (line 24)
                      ; - kotlinx.coroutines.internal.ThreadContextKt::threadContextElements@14 (line 55)
                      ; - kotlinx.coroutines.internal.ThreadContextKt::updateThreadContext@7 (line 61)
                      ; - kotlinx.coroutines.DispatchedTask::run@71 (line 223)
                      ;   {runtime_call UncommonTrapBlob}
  0x00000001262c73c0: f0ce e297 

  0x00000001262c73c4: ;   {other}
  0x00000001262c73c4: 1f20 03d5 | 9f76 81f2 | 1fc0 83f2 | fd2b 40a9 | ea03 00f9 | ea0b 40f9 | ea07 00f9 | ea0f 40f9 
  0x00000001262c73e4: 2107 8012 | ea37 01a9 

  0x00000001262c73ec: ; ImmutableOopMap {rfp=Oop [0]=Oop [8]=Oop [16]=Oop [24]=Oop }
                      ;*invokeinterface get {reexecute=0 rethrow=0 return_oop=0}
                      ; - kotlinx.coroutines.DispatchedTask::run@147 (line 91)
                      ;   {runtime_call UncommonTrapBlob}
  0x00000001262c73ec: e5ce e297 

  0x00000001262c73f0: ;   {other}
  0x00000001262c73f0: 1f20 03d5 | 1f7c 81f2 | 1fe0 83f2 | ea07 40f9 | ea03 00f9 | ea0b 40f9 | 2107 8012 | eab7 00a9 
  0x00000001262c7410: ; ImmutableOopMap {[0]=Oop [8]=Oop [16]=Oop [24]=Oop [32]=Oop }
                      ;*invokevirtual cancelCompletedResult$kotlinx_coroutines_core {reexecute=0 rethrow=0 return_oop=0}
                      ; - kotlinx.coroutines.DispatchedTask::run@193 (line 94)
                      ;   {runtime_call UncommonTrapBlob}
  0x00000001262c7410: dcce e297 

  0x00000001262c7414: ;   {other}
  0x00000001262c7414: 1f20 03d5 | 9f80 81f2 | 1f00 84f2 | fd2b 40a9 | 2107 8012 | ea03 00f9 

  0x00000001262c742c: ; ImmutableOopMap {rfp=Oop [0]=Oop [16]=Oop }
                      ;*invokeinterface fold {reexecute=0 rethrow=0 return_oop=0}
                      ; - kotlinx.coroutines.internal.ThreadContextKt::threadContextElements@8 (line 55)
                      ; - kotlinx.coroutines.internal.ThreadContextKt::updateThreadContext@7 (line 61)
                      ; - kotlinx.coroutines.DispatchedTask::run@71 (line 223)
                      ;   {runtime_call UncommonTrapBlob}
  0x00000001262c742c: d5ce e297 

  0x00000001262c7430: ;   {other}
  0x00000001262c7430: 1f20 03d5 | 1f84 81f2 | 1f20 84f2 | fd03 40f9 | 2104 8012 | e003 00f9 

  0x00000001262c7448: ; ImmutableOopMap {rfp=Oop [0]=Oop }
                      ;*checkcast {reexecute=0 rethrow=0 return_oop=0}
                      ; - kotlinx.coroutines.DispatchedTask::run@43 (line 80)
                      ;   {runtime_call UncommonTrapBlob}
  0x00000001262c7448: cece e297 

  0x00000001262c744c: ;   {other}
  0x00000001262c744c: 1f20 03d5 | 9f87 81f2 | 1f40 84f2 | 0a08 40b9 

  0x00000001262c745c: ;   {metadata('kotlinx/coroutines/DispatchException')}
  0x00000001262c745c: 8c21 a0d2 | 0c60 9ff2 | 5f01 0c6b | 8100 0054 | ea03 00aa | ea07 00f9 | a1fe ff17 | e203 00aa 
  0x00000001262c747c: 01ff ff17 | 0b08 40b9 

  0x00000001262c7484: ;   {metadata('kotlinx/coroutines/DispatchException')}
  0x00000001262c7484: 8a21 a0d2 | 0a60 9ff2 | 7f01 0a6b | 8100 0054 | ea03 00aa | ea07 00f9 | 97fe ff17 | e203 00aa 
  0x00000001262c74a4: f7fe ff17 | e007 00f9 | 83fe ff17 | e007 00f9 | 81fe ff17 | e007 00f9 | 7ffe ff17 | e007 00f9 
  0x00000001262c74c4: 7dfe ff17 | e007 00f9 | 7bfe ff17 | e007 00f9 | 79fe ff17 | fd2b 40a9 | ea03 00f9 | ea0b 40f9 
  0x00000001262c74e4: 2101 8012 | ea07 00f9 

  0x00000001262c74ec: ; ImmutableOopMap {rfp=Oop [0]=Oop [8]=Oop [24]=Oop }
                      ;*invokeinterface get {reexecute=0 rethrow=0 return_oop=0}
                      ; - kotlinx.coroutines.DispatchedTask::run@147 (line 91)
                      ;   {runtime_call UncommonTrapBlob}
  0x00000001262c74ec: a5ce e297 

  0x00000001262c74f0: ;   {other}
  0x00000001262c74f0: 1f20 03d5 | 1f9c 81f2 | 1f60 84f2 | fd2b 40a9 | ea03 00f9 | ea0b 40f9 | 6101 8012 | ea07 00f9 
  0x00000001262c7510: ; ImmutableOopMap {rfp=Oop [0]=Oop [8]=Oop [24]=Oop }
                      ;*checkcast {reexecute=0 rethrow=0 return_oop=0}
                      ; - kotlinx.coroutines.DispatchedTask::run@152 (line 91)
                      ;   {runtime_call UncommonTrapBlob}
  0x00000001262c7510: 9cce e297 

  0x00000001262c7514: ;   {other}
  0x00000001262c7514: 1f20 03d5 | 9fa0 81f2 | 1f80 84f2 | 0b08 40b9 

  0x00000001262c7524: ;   {metadata('kotlinx/coroutines/DispatchException')}
  0x00000001262c7524: 8a21 a0d2 | 0a60 9ff2 | 7f01 0a6b | 8100 0054 | ea03 00aa | ea07 00f9 | 6ffe ff17 | e203 00aa 
  0x00000001262c7544: cffe ff17 | fd2b 40a9 | ea03 00f9 | ea0b 40f9 | 6101 8012 | ea07 00f9 

  0x00000001262c755c: ; ImmutableOopMap {rfp=Oop [0]=Oop [8]=Oop [24]=Oop }
                      ;*instanceof {reexecute=0 rethrow=0 return_oop=0}
                      ; - kotlin.coroutines.CombinedContext::get@39 (line 124)
                      ; - kotlinx.coroutines.DispatchedTask::run@147 (line 91)
                      ;   {runtime_call UncommonTrapBlob}
  0x00000001262c755c: 89ce e297 

  0x00000001262c7560: ;   {other}
  0x00000001262c7560: 1f20 03d5 | 1faa 81f2 | 1fa0 84f2 | 4117 8012 | fd03 40f9 | e007 00f9 

  0x00000001262c7578: ; ImmutableOopMap {rfp=Oop [8]=Oop }
                      ;*ifnonnull {reexecute=1 rethrow=0 return_oop=0}
                      ; - (reexecute) kotlin.jvm.internal.Intrinsics::checkNotNull@1 (line 30)
                      ; - kotlinx.coroutines.DispatchedTask::run@40 (line 80)
                      ;   {runtime_call UncommonTrapBlob}
  0x00000001262c7578: 82ce e297 

  0x00000001262c757c: ;   {other}
  0x00000001262c757c: 1f20 03d5 | 9fad 81f2 | 1fc0 84f2 | e103 00aa | 0400 0014 | e103 00aa | 0200 0014 | e103 00aa 
  0x00000001262c759c: fd7b 44a9 | ff43 0191 

  0x00000001262c75a4: ;   {runtime_call _rethrow_Java}
  0x00000001262c75a4: d74b e617 | e007 00f9 | 43fe ff17 | e007 00f9 | 41fe ff17 | e007 00f9 | 3ffe ff17 | 0300 0014 
  0x00000001262c75c4: 0200 0014 | 0100 0014 | e007 00f9 | 3afe ff17 | e007 00f9 | 38fe ff17 | fd2b 40a9 | 2101 8012 
  0x00000001262c75e4: ea03 00f9 

  0x00000001262c75e8: ; ImmutableOopMap {rfp=Oop [0]=Oop [16]=Oop }
                      ;*invokeinterface fold {reexecute=0 rethrow=0 return_oop=0}
                      ; - kotlinx.coroutines.internal.ThreadContextKt::threadContextElements@8 (line 55)
                      ; - kotlinx.coroutines.internal.ThreadContextKt::updateThreadContext@7 (line 61)
                      ; - kotlinx.coroutines.DispatchedTask::run@71 (line 223)
                      ;   {runtime_call UncommonTrapBlob}
  0x00000001262c75e8: 66ce e297 

  0x00000001262c75ec: ;   {other}
  0x00000001262c75ec: 1f20 03d5 | 9fbb 81f2 | 1fe0 84f2 | fd2f 40a9 | 6101 8012 | eb03 00f9 | e00f 00f9 

  0x00000001262c7608: ; ImmutableOopMap {rfp=Oop [0]=Oop [16]=Oop [24]=Oop }
                      ;*checkcast {reexecute=0 rethrow=0 return_oop=0}
                      ; - kotlinx.coroutines.internal.ThreadContextKt$$Lambda/0x000000f8010ca208::invoke@2
                      ; - kotlin.coroutines.CombinedContext::fold@22 (line 133)
                      ; - kotlinx.coroutines.internal.ThreadContextKt::threadContextElements@8 (line 55)
                      ; - kotlinx.coroutines.internal.ThreadContextKt::updateThreadContext@7 (line 61)
                      ; - kotlinx.coroutines.DispatchedTask::run@71 (line 223)
                      ;   {runtime_call UncommonTrapBlob}
  0x00000001262c7608: 5ece e297 

  0x00000001262c760c: ;   {other}
  0x00000001262c760c: 1f20 03d5 | 9fbf 81f2 | 1f00 85f2 | 0b08 40b9 | 0200 0014 | 0b08 40b9 | 6a11 5dd2 | 4a25 40f9 
  0x00000001262c762c: ;   {metadata('kotlinx/coroutines/DispatchException')}
  0x00000001262c762c: 0b60 9fd2 | 8b21 a0f2 | 0b1f c0f2 | 5f01 0beb | 8100 0054 | ea03 00aa | ea07 00f9 | 2cfe ff17 
  0x00000001262c764c: e203 00aa | 8cfe ff17 | 0100 0014 | e007 00f9 | 17fe ff17 | e007 00f9 | 15fe ff17 

  0x00000001262c7668: ;   {internal_word}
  0x00000001262c7668: c8be ff10 | 8837 02f9 

  0x00000001262c7670: ;   {runtime_call SafepointBlob}
  0x00000001262c7670: a4cc e217 | 0830 9bd2 | e8b6 a4f2 | 2800 c0f2 | 0001 3fd6 | 5cfd ff17 

  0x00000001262c7688: ;   {other}
  0x00000001262c7688: 0f00 0000 | 0000 0000 
[Stub Code]
  0x00000001262c7690: ;   {no_reloc}
  0x00000001262c7690: 4800 0058 | 0001 1fd6 | 083c c625 | 0100 0000 

  0x00000001262c76a0: ;   {trampoline_stub}
  0x00000001262c76a0: 4800 0058 | 0001 1fd6 | 083f c625 | 0100 0000 

  0x00000001262c76b0: ;   {trampoline_stub}
  0x00000001262c76b0: 4800 0058 | 0001 1fd6 | 083f c625 | 0100 0000 

  0x00000001262c76c0: ;   {trampoline_stub}
  0x00000001262c76c0: 4800 0058 | 0001 1fd6 | e03b c625 | 0100 0000 

  0x00000001262c76d0: ;   {trampoline_stub}
  0x00000001262c76d0: 4800 0058 | 0001 1fd6 | 4002 d825 | 0100 0000 

  0x00000001262c76e0: ;   {trampoline_stub}
  0x00000001262c76e0: 4800 0058 | 0001 1fd6 | 303e c625 | 0100 0000 

  0x00000001262c76f0: ;   {trampoline_stub}
  0x00000001262c76f0: 4800 0058 | 0001 1fd6 | 303e c625 | 0100 0000 

  0x00000001262c7700: ;   {trampoline_stub}
  0x00000001262c7700: 4800 0058 | 0001 1fd6 | 9001 d825 | 0100 0000 

  0x00000001262c7710: ;   {trampoline_stub}
  0x00000001262c7710: 4800 0058 | 0001 1fd6 | 083e c625 | 0100 0000 

  0x00000001262c7720: ;   {trampoline_stub}
  0x00000001262c7720: 4800 0058 | 0001 1fd6 | d03a c625 | 0100 0000 

  0x00000001262c7730: ;   {trampoline_stub}
  0x00000001262c7730: 4800 0058 | 0001 1fd6 | 8047 b725 | 0100 0000 

  0x00000001262c7740: ;   {trampoline_stub}
  0x00000001262c7740: 4800 0058 | 0001 1fd6 | 8044 b725 | 0100 0000 

  0x00000001262c7750: ;   {trampoline_stub}
  0x00000001262c7750: 4800 0058 | 0001 1fd6 | 8044 b725 | 0100 0000 

  0x00000001262c7760: ;   {trampoline_stub}
  0x00000001262c7760: 4800 0058 | 0001 1fd6 | 303e c625 | 0100 0000 

  0x00000001262c7770: ;   {trampoline_stub}
  0x00000001262c7770: 4800 0058 | 0001 1fd6 | 8044 b725 | 0100 0000 

  0x00000001262c7780: ;   {trampoline_stub}
  0x00000001262c7780: 4800 0058 | 0001 1fd6 | 8041 b725 | 0100 0000 

  0x00000001262c7790: ;   {trampoline_stub}
  0x00000001262c7790: 4800 0058 | 0001 1fd6 | 00a7 061f | 0100 0000 

  0x00000001262c77a0: ;   {trampoline_stub}
  0x00000001262c77a0: 4800 0058 | 0001 1fd6 | b077 2c26 | 0100 0000 

  0x00000001262c77b0: ;   {static_stub}
  0x00000001262c77b0: df3f 03d5 

  0x00000001262c77b4: ;   {metadata({method} {0x000000012e9a7b48} 'cancelCompletedResult$kotlinx_coroutines_core' '(Ljava/lang/Object;Ljava/lang/Throwable;)V' in 'kotlinx/coroutines/CancellableContinuationImpl')}
  0x00000001262c77b4: 0c69 8fd2 | 4cd3 a5f2 | 2c00 c0f2 | 082b 81d2 | e8b6 a4f2 | 2800 c0f2 | 0001 1fd6 

  0x00000001262c77d0: ;   {trampoline_stub}
  0x00000001262c77d0: 4800 0058 | 0001 1fd6 | d03a c625 | 0100 0000 

  0x00000001262c77e0: ;   {trampoline_stub}
  0x00000001262c77e0: 4800 0058 | 0001 1fd6 | 40dd 6c1f | 0100 0000 

  0x00000001262c77f0: ;   {trampoline_stub}
  0x00000001262c77f0: 4800 0058 | 0001 1fd6 | d03a c625 | 0100 0000 

  0x00000001262c7800: ;   {trampoline_stub}
  0x00000001262c7800: 4800 0058 | 0001 1fd6 | c014 2926 | 0100 0000 

  0x00000001262c7810: ;   {trampoline_stub}
  0x00000001262c7810: 4800 0058 | 0001 1fd6 | 8044 b725 | 0100 0000 

  0x00000001262c7820: ;   {trampoline_stub}
  0x00000001262c7820: 4800 0058 | 0001 1fd6 | c0a6 061f | 0100 0000 

  0x00000001262c7830: ;   {static_stub}
  0x00000001262c7830: df3f 03d5 

  0x00000001262c7834: ;   {metadata(nullptr)}
  0x00000001262c7834: 0c00 80d2 | 0c00 a0f2 | 0c00 c0f2 | 0800 80d2 | 0800 a0f2 | 0800 c0f2 | 0001 1fd6 

  0x00000001262c7850: ;   {static_stub}
  0x00000001262c7850: df3f 03d5 

  0x00000001262c7854: ;   {metadata(nullptr)}
  0x00000001262c7854: 0c00 80d2 | 0c00 a0f2 | 0c00 c0f2 | 0800 80d2 | 0800 a0f2 | 0800 c0f2 | 0001 1fd6 

  0x00000001262c7870: ;   {static_stub}
  0x00000001262c7870: df3f 03d5 

  0x00000001262c7874: ;   {metadata(nullptr)}
  0x00000001262c7874: 0c00 80d2 | 0c00 a0f2 | 0c00 c0f2 | 0800 80d2 | 0800 a0f2 | 0800 c0f2 | 0001 1fd6 

  0x00000001262c7890: ;   {static_stub}
  0x00000001262c7890: df3f 03d5 

  0x00000001262c7894: ;   {metadata(nullptr)}
  0x00000001262c7894: 0c00 80d2 | 0c00 a0f2 | 0c00 c0f2 | 0800 80d2 | 0800 a0f2 | 0800 c0f2 | 0001 1fd6 
[Exception Handler]
  0x00000001262c78b0: ;   {runtime_call ExceptionBlob}
  0x00000001262c78b0: d425 e617 
[Deopt Handler Code]
  0x00000001262c78b4: 1e00 0010 

  0x00000001262c78b8: ;   {runtime_call DeoptimizationBlob}
  0x00000001262c78b8: e2cc e217 | 0000 0000 
[/MachCode]


Compiled method (c2) 2409197 9427   !   4       kotlinx.coroutines.scheduling.CoroutineScheduler::runSafely (73 bytes)
 total in heap  [0x0000000126567910,0x0000000126567d68] = 1112
 relocation     [0x0000000126567a60,0x0000000126567aa8] = 72
 main code      [0x0000000126567ac0,0x0000000126567bf0] = 304
 stub code      [0x0000000126567bf0,0x0000000126567c40] = 80
 oops           [0x0000000126567c40,0x0000000126567c50] = 16
 metadata       [0x0000000126567c50,0x0000000126567c70] = 32
 scopes data    [0x0000000126567c70,0x0000000126567cc0] = 80
 scopes pcs     [0x0000000126567cc0,0x0000000126567d30] = 112
 dependencies   [0x0000000126567d30,0x0000000126567d38] = 8
 handler table  [0x0000000126567d38,0x0000000126567d68] = 48

[Constant Pool (empty)]

[MachCode]
[Entry Point]
  # {method} {0x000000012e91dba8} 'runSafely' '(Lkotlinx/coroutines/scheduling/Task;)V' in 'kotlinx/coroutines/scheduling/CoroutineScheduler'
  # this:     c_rarg1:c_rarg1 
                        = 'kotlinx/coroutines/scheduling/CoroutineScheduler'
  # parm0:    c_rarg2:c_rarg2 
                        = 'kotlinx/coroutines/scheduling/Task'
  #           [sp+0x40]  (sp of caller)
  0x0000000126567ac0: 2808 40b9 | 3f01 086b | 4000 0054 

  0x0000000126567acc: ;   {runtime_call ic_miss_stub}
  0x0000000126567acc: ed30 d817 
[Verified Entry Point]
  0x0000000126567ad0: 1f20 03d5 | e953 40d1 | 3f01 00f9 | ff03 01d1 | fd7b 03a9 | 4808 0018 | 8923 40b9 | 1f01 09eb 
  0x0000000126567af0: 4107 0054 | 8ac7 41f9 | 4a01 40f9 | ea03 00f9 

  0x0000000126567b00: ;   {oop(a 'java/lang/Class'{0x000000068095e6d0} = 'kotlinx/coroutines/AbstractTimeSourceKt')}
  0x0000000126567b00: 1dda 9cd2 | bd12 b0f2 | dd00 c0f2 | e103 02aa | e9ff 9fd2 | e9ff bff2 | e9ff dff2 

  0x0000000126567b1c: ; ImmutableOopMap {rfp=Oop [0]=Oop }
                      ;*invokevirtual run {reexecute=0 rethrow=0 return_oop=0}
                      ; - kotlinx.coroutines.scheduling.CoroutineScheduler::runSafely@2 (line 586)
                      ;   {virtual_call}
  0x0000000126567b1c: a7f0 db97 

  0x0000000126567b20: ;   {other}
  0x0000000126567b20: 1f20 03d5 | 1f42 80f2 | 1f00 80f2 | ab73 40b9 | 7df1 7dd3 | fd00 00b5 | fd7b 43a9 | ff03 0191 
  0x0000000126567b40: ;   {poll_return}
  0x0000000126567b40: 882b 42f9 | ff63 28eb | 2804 0054 | c003 5fd6 | 4117 8012 

  0x0000000126567b54: ; ImmutableOopMap {rfp=Oop }
                      ;*ifnull {reexecute=1 rethrow=0 return_oop=0}
                      ; - (reexecute) kotlinx.coroutines.scheduling.CoroutineScheduler::runSafely@9 (line 591)
                      ;   {runtime_call UncommonTrapBlob}
  0x0000000126567b54: 0b4d d897 

  0x0000000126567b58: ;   {other}
  0x0000000126567b58: 1f20 03d5 | 1f49 80f2 | 1f20 80f2 | e007 00f9 | e103 40f9 

  0x0000000126567b6c: ; ImmutableOopMap {rfp=Oop [0]=Oop [8]=Oop }
                      ;*invokevirtual getUncaughtExceptionHandler {reexecute=0 rethrow=0 return_oop=1}
                      ; - kotlinx.coroutines.scheduling.CoroutineScheduler::runSafely@28 (line 589)
                      ;   {optimized virtual_call}
  0x0000000126567b6c: 8531 d897 

  0x0000000126567b70: ;   {other}
  0x0000000126567b70: 1f20 03d5 | 1f4c 80f2 | 1f40 80f2 | e00b 00f9 | c149 8052 | fd03 40f9 

  0x0000000126567b88: ; ImmutableOopMap {rfp=Oop [8]=Oop [16]=Oop }
                      ;*invokeinterface uncaughtException {reexecute=0 rethrow=0 return_oop=0}
                      ; - kotlinx.coroutines.scheduling.CoroutineScheduler::runSafely@33 (line 589)
                      ;   {runtime_call UncommonTrapBlob}
  0x0000000126567b88: fe4c d897 

  0x0000000126567b8c: ;   {other}
  0x0000000126567b8c: 1f20 03d5 | 9f4f 80f2 | 1f60 80f2 | aa73 40b9 | 5df1 7dd3 | e003 00f9 | bd00 00b5 | e103 00aa 
  0x0000000126567bac: fd7b 43a9 | ff03 0191 

  0x0000000126567bb4: ;   {runtime_call _rethrow_Java}
  0x0000000126567bb4: 53ca db17 | 410a 8012 

  0x0000000126567bbc: ; ImmutableOopMap {rfp=Oop [0]=Oop }
                      ;*invokevirtual unTrackTask {reexecute=0 rethrow=0 return_oop=0}
                      ; - kotlinx.coroutines.scheduling.CoroutineScheduler::runSafely@63 (line 591)
                      ;   {runtime_call UncommonTrapBlob}
  0x0000000126567bbc: f14c d897 

  0x0000000126567bc0: ;   {other}
  0x0000000126567bc0: 1f20 03d5 | 1f56 80f2 | 1f80 80f2 

  0x0000000126567bcc: ;   {internal_word}
  0x0000000126567bcc: a8fb ff10 | 8837 02f9 

  0x0000000126567bd4: ;   {runtime_call SafepointBlob}
  0x0000000126567bd4: 4b4b d817 | 0830 9bd2 | e8b6 a4f2 | 2800 c0f2 | 0001 3fd6 | c3ff ff17 

  0x0000000126567bec: ;   {other}
  0x0000000126567bec: 0f00 0000 
[Stub Code]
  0x0000000126567bf0: ;   {no_reloc}
  0x0000000126567bf0: 4800 0058 | 0001 1fd6 | b83d c625 | 0100 0000 

  0x0000000126567c00: ;   {trampoline_stub}
  0x0000000126567c00: 4800 0058 | 0001 1fd6 | 8041 b725 | 0100 0000 

  0x0000000126567c10: ;   {static_stub}
  0x0000000126567c10: df3f 03d5 

  0x0000000126567c14: ;   {metadata(nullptr)}
  0x0000000126567c14: 0c00 80d2 | 0c00 a0f2 | 0c00 c0f2 | 0800 80d2 | 0800 a0f2 | 0800 c0f2 | 0001 1fd6 
[Exception Handler]
  0x0000000126567c30: ;   {runtime_call ExceptionBlob}
  0x0000000126567c30: f4a4 db17 
[Deopt Handler Code]
  0x0000000126567c34: 1e00 0010 

  0x0000000126567c38: ;   {runtime_call DeoptimizationBlob}
  0x0000000126567c38: 024c d817 | 0000 0000 
[/MachCode]


---------------  P R O C E S S  ---------------

Threads class SMR info:
_java_thread_list=0x0000000b6cce06c0, length=52, elements={
0x0000000104c68100, 0x0000000104c889c0, 0x0000000b76d3c000, 0x0000000b76d3c700,
0x0000000b76d3ce00, 0x0000000b76d3d500, 0x0000000b77164000, 0x0000000b77164800,
0x0000000b76d3dc00, 0x0000000b76d3e300, 0x0000000b76fef100, 0x0000000b76fef800,
0x0000000b7506a300, 0x0000000b750f4e00, 0x0000000b752baa00, 0x0000000b7534e300,
0x0000000b74460e00, 0x0000000b74461500, 0x0000000b71dbaa00, 0x0000000b723f4e00,
0x0000000b7238f100, 0x0000000b76fece00, 0x0000000b72148000, 0x0000000b6d009c00,
0x0000000b6d009500, 0x0000000b6d008e00, 0x0000000b6d00b100, 0x0000000b752b8e00,
0x0000000b72149500, 0x0000000b750f6300, 0x0000000b750f4700, 0x0000000b71cc7100,
0x0000000b74798700, 0x0000000b74798e00, 0x0000000b7479a300, 0x0000000b7479aa00,
0x0000000b7479b800, 0x0000000b6d09c000, 0x0000000b6d09f800, 0x0000000b6d0a8000,
0x0000000b6d0a8700, 0x0000000b6d0a8e00, 0x0000000b6d0ab100, 0x0000000b6e458700,
0x0000000b6e458e00, 0x0000000b6d0b4000, 0x0000000b6d0b4e00, 0x0000000b6d0b5500,
0x0000000b6d0b7100, 0x0000000b71dbb800, 0x0000000b6ccee300, 0x0000000b6cceea00
}

Java Threads: ( => current thread )
  0x0000000104c68100 JavaThread "main"                              [_thread_blocked, id=4611, stack(0x000000016b9b8000,0x000000016bbbb000) (2060K)]
  0x0000000104c889c0 JavaThread "Reference Handler"          daemon [_thread_blocked, id=30467, stack(0x000000016cb30000,0x000000016cd33000) (2060K)]
  0x0000000b76d3c000 JavaThread "Finalizer"                  daemon [_thread_blocked, id=30211, stack(0x000000016cd3c000,0x000000016cf3f000) (2060K)]
  0x0000000b76d3c700 JavaThread "Signal Dispatcher"          daemon [_thread_blocked, id=29699, stack(0x000000016cf48000,0x000000016d14b000) (2060K)]
  0x0000000b76d3ce00 JavaThread "Service Thread"             daemon [_thread_blocked, id=29187, stack(0x000000016d154000,0x000000016d357000) (2060K)]
  0x0000000b76d3d500 JavaThread "Monitor Deflation Thread"   daemon [_thread_blocked, id=25603, stack(0x000000016d360000,0x000000016d563000) (2060K)]
  0x0000000b77164000 JavaThread "C2 CompilerThread0"         daemon [_thread_blocked, id=25859, stack(0x000000016d56c000,0x000000016d76f000) (2060K)]
  0x0000000b77164800 JavaThread "C1 CompilerThread0"         daemon [_thread_blocked, id=28419, stack(0x000000016d778000,0x000000016d97b000) (2060K)]
  0x0000000b76d3dc00 JavaThread "Notification Thread"        daemon [_thread_blocked, id=26371, stack(0x000000016d984000,0x000000016db87000) (2060K)]
  0x0000000b76d3e300 JavaThread "Common-Cleaner"             daemon [_thread_blocked, id=27907, stack(0x000000016db90000,0x000000016dd93000) (2060K)]
  0x0000000b76fef100 JavaThread "TimerQueue"                 daemon [_thread_blocked, id=34567, stack(0x000000016f214000,0x000000016f417000) (2060K)]
  0x0000000b76fef800 JavaThread "AppKit Thread"              daemon [_thread_in_native, id=259, stack(0x000000016b130000,0x000000016b92c000) (8176K)]
  0x0000000b7506a300 JavaThread "kotlinx.coroutines.DefaultExecutor" daemon [_thread_blocked, id=64515, stack(0x000000016f420000,0x000000016f623000) (2060K)]
  0x0000000b750f4e00 JavaThread "AWT-Shutdown"                      [_thread_blocked, id=50447, stack(0x000000016fc74000,0x000000016fe77000) (2060K)]
  0x0000000b752baa00 JavaThread "AWT-EventQueue-0"                  [_thread_blocked, id=76547, stack(0x0000000170cd4000,0x0000000170ed7000) (2060K)]
  0x0000000b7534e300 JavaThread "Reference Cleaner"          daemon [_thread_blocked, id=92683, stack(0x0000000170f6c000,0x000000017116f000) (2060K)]
  0x0000000b74460e00 JavaThread "Java2D Queue Flusher"       daemon [_thread_blocked, id=93699, stack(0x0000000171178000,0x000000017137b000) (2060K)]
  0x0000000b74461500 JavaThread "Java2D Disposer"            daemon [_thread_blocked, id=94211, stack(0x0000000171384000,0x0000000171587000) (2060K)]
  0x0000000b71dbaa00 JavaThread "Java Sound Event Dispatcher" daemon [_thread_blocked, id=179971, stack(0x0000000173b80000,0x0000000173d83000) (2060K)]
  0x0000000b723f4e00 JavaThread "DefaultDispatcher-worker-8" daemon [_thread_blocked, id=65039, stack(0x0000000170298000,0x000000017049b000) (2060K)]
  0x0000000b7238f100 JavaThread "DefaultDispatcher-worker-6" daemon [_thread_blocked, id=109111, stack(0x0000000171ed8000,0x00000001720db000) (2060K)]
  0x0000000b76fece00 JavaThread "DefaultDispatcher-worker-3" daemon [_thread_blocked, id=52019, stack(0x00000001708bc000,0x0000000170abf000) (2060K)]
  0x0000000b72148000 JavaThread "DefaultDispatcher-worker-9" daemon [_thread_blocked, id=165963, stack(0x000000016f62c000,0x000000016f82f000) (2060K)]
  0x0000000b6d009c00 JavaThread "DefaultDispatcher-worker-5" daemon [_thread_blocked, id=91671, stack(0x0000000170ac8000,0x0000000170ccb000) (2060K)]
  0x0000000b6d009500 JavaThread "DefaultDispatcher-worker-12" daemon [_thread_in_native, id=249235, stack(0x00000001704a4000,0x00000001706a7000) (2060K)]
  0x0000000b6d008e00 JavaThread "DefaultDispatcher-worker-13" daemon [_thread_blocked, id=60539, stack(0x00000001706b0000,0x00000001708b3000) (2060K)]
  0x0000000b6d00b100 JavaThread "DefaultDispatcher-worker-14" daemon [_thread_blocked, id=138143, stack(0x00000001718b4000,0x0000000171ab7000) (2060K)]
  0x0000000b752b8e00 JavaThread "skiko-dispatcher-to-block-on" daemon [_thread_in_native, id=79615, stack(0x0000000171ac0000,0x0000000171cc3000) (2060K)]
  0x0000000b72149500 JavaThread "DefaultDispatcher-worker-16" daemon [_thread_blocked, id=70875, stack(0x00000001720e4000,0x00000001722e7000) (2060K)]
  0x0000000b750f6300 JavaThread "DefaultDispatcher-worker-17" daemon [_thread_blocked, id=184387, stack(0x00000001722f0000,0x00000001724f3000) (2060K)]
  0x0000000b750f4700 JavaThread "DefaultDispatcher-worker-18" daemon [_thread_blocked, id=102691, stack(0x00000001724fc000,0x00000001726ff000) (2060K)]
  0x0000000b71cc7100 JavaThread "DefaultDispatcher-worker-22" daemon [_thread_blocked, id=107019, stack(0x0000000172d2c000,0x0000000172f2f000) (2060K)]
  0x0000000b74798700 JavaThread "DefaultDispatcher-worker-26" daemon [_thread_blocked, id=142723, stack(0x000000017355c000,0x000000017375f000) (2060K)]
  0x0000000b74798e00 JavaThread "DefaultDispatcher-worker-28" daemon [_thread_blocked, id=113427, stack(0x0000000173768000,0x000000017396b000) (2060K)]
  0x0000000b7479a300 JavaThread "DefaultDispatcher-worker-19" daemon [_thread_blocked, id=70927, stack(0x0000000174024000,0x0000000174227000) (2060K)]
  0x0000000b7479aa00 JavaThread "DefaultDispatcher-worker-10" daemon [_thread_blocked, id=122635, stack(0x0000000174230000,0x0000000174433000) (2060K)]
  0x0000000b7479b800 JavaThread "DefaultDispatcher-worker-1" daemon [_thread_blocked, id=75379, stack(0x0000000174648000,0x000000017484b000) (2060K)]
  0x0000000b6d09c000 JavaThread "DefaultDispatcher-worker-27" daemon [_thread_blocked, id=109363, stack(0x0000000174854000,0x0000000174a57000) (2060K)]
  0x0000000b6d09f800 JavaThread "DefaultDispatcher-worker-29" daemon [_thread_blocked, id=123659, stack(0x00000001756a8000,0x00000001758ab000) (2060K)]
  0x0000000b6d0a8000 JavaThread "DefaultDispatcher-worker-25" daemon [_thread_blocked, id=169003, stack(0x00000001758b4000,0x0000000175ab7000) (2060K)]
  0x0000000b6d0a8700 JavaThread "DefaultDispatcher-worker-20" daemon [_thread_blocked, id=162363, stack(0x0000000175ac0000,0x0000000175cc3000) (2060K)]
  0x0000000b6d0a8e00 JavaThread "DefaultDispatcher-worker-7" daemon [_thread_blocked, id=173311, stack(0x0000000175ccc000,0x0000000175ecf000) (2060K)]
  0x0000000b6d0ab100 JavaThread "DefaultDispatcher-worker-21" daemon [_thread_blocked, id=184871, stack(0x0000000176708000,0x000000017690b000) (2060K)]
  0x0000000b6e458700 JavaThread "DefaultDispatcher-worker-2" daemon [_thread_blocked, id=248875, stack(0x0000000176d2c000,0x0000000176f2f000) (2060K)]
  0x0000000b6e458e00 JavaThread "DefaultDispatcher-worker-11" daemon [_thread_blocked, id=103723, stack(0x0000000176f38000,0x000000017713b000) (2060K)]
  0x0000000b6d0b4000 JavaThread "DefaultDispatcher-worker-15" daemon [_thread_in_native, id=186115, stack(0x0000000177974000,0x0000000177b77000) (2060K)]
  0x0000000b6d0b4e00 JavaThread "DefaultDispatcher-worker-24" daemon [_thread_blocked, id=247299, stack(0x0000000177d8c000,0x0000000177f8f000) (2060K)]
  0x0000000b6d0b5500 JavaThread "DefaultDispatcher-worker-4" daemon [_thread_blocked, id=246787, stack(0x0000000177f98000,0x000000017819b000) (2060K)]
=>0x0000000b6d0b7100 JavaThread "DefaultDispatcher-worker-23" daemon [_thread_in_native, id=245507, stack(0x00000001787c8000,0x00000001789cb000) (2060K)]
  0x0000000b71dbb800 JavaThread "DefaultDispatcher-worker-30" daemon [_thread_blocked, id=140771, stack(0x000000016ebf0000,0x000000016edf3000) (2060K)]
  0x0000000b6ccee300 JavaThread "SpelaEmulation"             daemon [_thread_blocked, id=187171, stack(0x0000000172794000,0x0000000172997000) (2060K)]
  0x0000000b6cceea00 JavaThread "skiko-dispatcher-to-block-on" daemon [_thread_blocked, id=238339, stack(0x0000000172ab8000,0x0000000172cbb000) (2060K)]
Total: 52

Other Threads:
  0x0000000b7710d400 VMThread "VM Thread"                           [id=18435, stack(0x000000016c80c000,0x000000016ca0f000) (2060K)]
  0x0000000104c7b6c0 WatcherThread "VM Periodic Task Thread"        [id=17155, stack(0x000000016c600000,0x000000016c803000) (2060K)]
  0x0000000104c71610 WorkerThread "GC Thread#0"                     [id=14595, stack(0x000000016bbc4000,0x000000016bdc7000) (2060K)]
  0x0000000b77e93c00 WorkerThread "GC Thread#1"                     [id=26627, stack(0x000000016dd9c000,0x000000016df9f000) (2060K)]
  0x0000000b77fd4000 WorkerThread "GC Thread#2"                     [id=27139, stack(0x000000016dfa8000,0x000000016e1ab000) (2060K)]
  0x0000000b77fd4400 WorkerThread "GC Thread#3"                     [id=32771, stack(0x000000016e1b4000,0x000000016e3b7000) (2060K)]
  0x0000000b77fd4800 WorkerThread "GC Thread#4"                     [id=43011, stack(0x000000016e3c0000,0x000000016e5c3000) (2060K)]
  0x0000000b77fd4c00 WorkerThread "GC Thread#5"                     [id=42499, stack(0x000000016e5cc000,0x000000016e7cf000) (2060K)]
  0x0000000b77fd5000 WorkerThread "GC Thread#6"                     [id=33283, stack(0x000000016e7d8000,0x000000016e9db000) (2060K)]
  0x0000000b77fd5400 WorkerThread "GC Thread#7"                     [id=41987, stack(0x000000016e9e4000,0x000000016ebe7000) (2060K)]
  0x0000000104c726a0 ConcurrentGCThread "G1 Main Marker"            [id=14083, stack(0x000000016bdd0000,0x000000016bfd3000) (2060K)]
  0x0000000104c73240 WorkerThread "G1 Conc#0"                       [id=13315, stack(0x000000016bfdc000,0x000000016c1df000) (2060K)]
  0x0000000b787fa000 WorkerThread "G1 Conc#1"                       [id=122883, stack(0x0000000171590000,0x0000000171793000) (2060K)]
  0x0000000104c75c40 ConcurrentGCThread "G1 Refine#0"               [id=13571, stack(0x000000016c1e8000,0x000000016c3eb000) (2060K)]
  0x0000000b7710c000 ConcurrentGCThread "G1 Service"                [id=16643, stack(0x000000016c3f4000,0x000000016c5f7000) (2060K)]
Total: 15

Threads with active compile tasks:
Total: 0

VM state: not at safepoint (normal execution)

VM Mutex/Monitor currently owned by a thread: None

Heap address: 0x0000000680000000, size: 6144 MB, Compressed Oops mode: Zero based, Oop shift amount: 3

CDS archive(s) mapped at: [0x000000f800000000-0x000000f800c94000-0x000000f800c94000), size 13189120, SharedBaseAddress: 0x000000f800000000, ArchiveRelocationMode: 1.
Compressed class space mapped at: 0x000000f801000000-0x000000f841000000, reserved size: 1073741824
Narrow klass base: 0x000000f800000000, Narrow klass shift: 0, Narrow klass range: 0x100000000

GC Precious Log:
 CardTable entry size: 512
 Card Set container configuration: InlinePtr #cards 4 size 8 Array Of Cards #cards 32 size 80 Howl #buckets 8 coarsen threshold 7372 Howl Bitmap #cards 1024 size 144 coarsen threshold 921 Card regions per heap region 1 cards per card region 8192
 CPUs: 8 total, 8 available
 Memory: 24576M
 Large Page Support: Disabled
 NUMA Support: Disabled
 Compressed Oops: Enabled (Zero based)
 Heap Region Size: 4M
 Heap Min Capacity: 8M
 Heap Initial Capacity: 384M
 Heap Max Capacity: 6G
 Pre-touch: Disabled
 Parallel Workers: 8
 Concurrent Workers: 2
 Concurrent Refinement Workers: 8
 Periodic GC: Disabled

Heap:
 garbage-first heap   total 204800K, used 168248K [0x0000000680000000, 0x0000000800000000)
  region size 4096K, 24 young (98304K), 2 survivors (8192K)
 Metaspace       used 57597K, committed 58560K, reserved 1114112K
  class space    used 5844K, committed 6272K, reserved 1048576K

Heap Regions: E=young(eden), S=young(survivor), O=old, HS=humongous(starts), HC=humongous(continues), CS=collection set, F=free, TAMS=top-at-mark-start, PB=parsable bottom
|   0|0x0000000680000000, 0x0000000680400000, 0x0000000680400000|100%| O|  |TAMS 0x0000000680000000| PB 0x0000000680000000| Untracked 
|   1|0x0000000680400000, 0x00000006807fffd0, 0x0000000680800000| 99%| O|  |TAMS 0x0000000680400000| PB 0x0000000680400000| Untracked 
|   2|0x0000000680800000, 0x0000000680bfffe8, 0x0000000680c00000| 99%| O|  |TAMS 0x0000000680800000| PB 0x0000000680800000| Untracked 
|   3|0x0000000680c00000, 0x0000000680fd3288, 0x0000000681000000| 95%| O|  |TAMS 0x0000000680c00000| PB 0x0000000680c00000| Untracked 
|   4|0x0000000681000000, 0x0000000681075798, 0x0000000681400000| 11%| O|  |TAMS 0x0000000681000000| PB 0x0000000681000000| Untracked 
|   5|0x0000000681400000, 0x0000000681800000, 0x0000000681800000|100%|HS|  |TAMS 0x0000000681400000| PB 0x0000000681400000| Untracked 
|   6|0x0000000681800000, 0x0000000681c00000, 0x0000000681c00000|100%|HC|  |TAMS 0x0000000681800000| PB 0x0000000681800000| Untracked 
|   7|0x0000000681c00000, 0x0000000682000000, 0x0000000682000000|100%|HC|  |TAMS 0x0000000681c00000| PB 0x0000000681c00000| Untracked 
|   8|0x0000000682000000, 0x0000000682400000, 0x0000000682400000|100%|HC|  |TAMS 0x0000000682000000| PB 0x0000000682000000| Untracked 
|   9|0x0000000682400000, 0x000000068240c3b0, 0x0000000682800000|  1%| O|  |TAMS 0x0000000682400000| PB 0x0000000682400000| Untracked 
|  10|0x0000000682800000, 0x0000000682a71e18, 0x0000000682c00000| 61%| O|  |TAMS 0x0000000682800000| PB 0x0000000682800000| Untracked 
|  11|0x0000000682c00000, 0x0000000682c00000, 0x0000000683000000|  0%| F|  |TAMS 0x0000000682c00000| PB 0x0000000682c00000| Untracked 
|  12|0x0000000683000000, 0x0000000683400000, 0x0000000683400000|100%|HS|  |TAMS 0x0000000683000000| PB 0x0000000683000000| Untracked 
|  13|0x0000000683400000, 0x0000000683800000, 0x0000000683800000|100%|HC|  |TAMS 0x0000000683400000| PB 0x0000000683400000| Untracked 
|  14|0x0000000683800000, 0x0000000683c00000, 0x0000000683c00000|100%|HC|  |TAMS 0x0000000683800000| PB 0x0000000683800000| Untracked 
|  15|0x0000000683c00000, 0x0000000684000000, 0x0000000684000000|100%|HC|  |TAMS 0x0000000683c00000| PB 0x0000000683c00000| Untracked 
|  16|0x0000000684000000, 0x0000000684000000, 0x0000000684400000|  0%| F|  |TAMS 0x0000000684000000| PB 0x0000000684000000| Untracked 
|  17|0x0000000684400000, 0x0000000684400000, 0x0000000684800000|  0%| F|  |TAMS 0x0000000684400000| PB 0x0000000684400000| Untracked 
|  18|0x0000000684800000, 0x0000000684987758, 0x0000000684c00000| 38%| S|CS|TAMS 0x0000000684800000| PB 0x0000000684800000| Complete 
|  19|0x0000000684c00000, 0x0000000685000000, 0x0000000685000000|100%| S|CS|TAMS 0x0000000684c00000| PB 0x0000000684c00000| Complete 
|  20|0x0000000685000000, 0x0000000685400000, 0x0000000685400000|100%|HS|  |TAMS 0x0000000685000000| PB 0x0000000685000000| Complete 
|  21|0x0000000685400000, 0x0000000685800000, 0x0000000685800000|100%|HC|  |TAMS 0x0000000685400000| PB 0x0000000685400000| Complete 
|  22|0x0000000685800000, 0x0000000685c00000, 0x0000000685c00000|100%|HC|  |TAMS 0x0000000685800000| PB 0x0000000685800000| Complete 
|  23|0x0000000685c00000, 0x0000000686000000, 0x0000000686000000|100%|HS|  |TAMS 0x0000000685c00000| PB 0x0000000685c00000| Complete 
|  24|0x0000000686000000, 0x0000000686400000, 0x0000000686400000|100%|HC|  |TAMS 0x0000000686000000| PB 0x0000000686000000| Complete 
|  25|0x0000000686400000, 0x0000000686800000, 0x0000000686800000|100%|HC|  |TAMS 0x0000000686400000| PB 0x0000000686400000| Complete 
|  26|0x0000000686800000, 0x0000000686c00000, 0x0000000686c00000|100%|HC|  |TAMS 0x0000000686800000| PB 0x0000000686800000| Complete 
|  27|0x0000000686c00000, 0x0000000686c00000, 0x0000000687000000|  0%| F|  |TAMS 0x0000000686c00000| PB 0x0000000686c00000| Untracked 
|  28|0x0000000687000000, 0x00000006871d8720, 0x0000000687400000| 46%| E|  |TAMS 0x0000000687000000| PB 0x0000000687000000| Complete 
|  29|0x0000000687400000, 0x0000000687800000, 0x0000000687800000|100%| E|CS|TAMS 0x0000000687400000| PB 0x0000000687400000| Complete 
|  30|0x0000000687800000, 0x0000000687c00000, 0x0000000687c00000|100%| E|CS|TAMS 0x0000000687800000| PB 0x0000000687800000| Complete 
|  31|0x0000000687c00000, 0x0000000688000000, 0x0000000688000000|100%| E|CS|TAMS 0x0000000687c00000| PB 0x0000000687c00000| Complete 
|  32|0x0000000688000000, 0x0000000688400000, 0x0000000688400000|100%| E|CS|TAMS 0x0000000688000000| PB 0x0000000688000000| Complete 
|  33|0x0000000688400000, 0x0000000688800000, 0x0000000688800000|100%| E|CS|TAMS 0x0000000688400000| PB 0x0000000688400000| Complete 
|  34|0x0000000688800000, 0x0000000688c00000, 0x0000000688c00000|100%| E|CS|TAMS 0x0000000688800000| PB 0x0000000688800000| Complete 
|  35|0x0000000688c00000, 0x0000000689000000, 0x0000000689000000|100%| E|CS|TAMS 0x0000000688c00000| PB 0x0000000688c00000| Complete 
|  36|0x0000000689000000, 0x0000000689400000, 0x0000000689400000|100%| E|CS|TAMS 0x0000000689000000| PB 0x0000000689000000| Complete 
|  37|0x0000000689400000, 0x0000000689800000, 0x0000000689800000|100%| E|CS|TAMS 0x0000000689400000| PB 0x0000000689400000| Complete 
|  38|0x0000000689800000, 0x0000000689c00000, 0x0000000689c00000|100%| E|CS|TAMS 0x0000000689800000| PB 0x0000000689800000| Complete 
|  39|0x0000000689c00000, 0x000000068a000000, 0x000000068a000000|100%| E|CS|TAMS 0x0000000689c00000| PB 0x0000000689c00000| Complete 
|  40|0x000000068a000000, 0x000000068a400000, 0x000000068a400000|100%| E|CS|TAMS 0x000000068a000000| PB 0x000000068a000000| Complete 
|  41|0x000000068a400000, 0x000000068a800000, 0x000000068a800000|100%| E|CS|TAMS 0x000000068a400000| PB 0x000000068a400000| Complete 
|  42|0x000000068a800000, 0x000000068ac00000, 0x000000068ac00000|100%| E|CS|TAMS 0x000000068a800000| PB 0x000000068a800000| Complete 
|  43|0x000000068ac00000, 0x000000068b000000, 0x000000068b000000|100%| E|CS|TAMS 0x000000068ac00000| PB 0x000000068ac00000| Complete 
|  44|0x000000068b000000, 0x000000068b400000, 0x000000068b400000|100%| E|  |TAMS 0x000000068b000000| PB 0x000000068b000000| Complete 
|  45|0x000000068b400000, 0x000000068b800000, 0x000000068b800000|100%| E|CS|TAMS 0x000000068b400000| PB 0x000000068b400000| Complete 
|  46|0x000000068b800000, 0x000000068bc00000, 0x000000068bc00000|100%| E|CS|TAMS 0x000000068b800000| PB 0x000000068b800000| Complete 
|  47|0x000000068bc00000, 0x000000068c000000, 0x000000068c000000|100%| E|CS|TAMS 0x000000068bc00000| PB 0x000000068bc00000| Complete 
|  48|0x000000068c000000, 0x000000068c400000, 0x000000068c400000|100%| E|CS|TAMS 0x000000068c000000| PB 0x000000068c000000| Complete 
|  49|0x000000068c400000, 0x000000068c800000, 0x000000068c800000|100%| E|CS|TAMS 0x000000068c400000| PB 0x000000068c400000| Complete 

Card table byte_map: [0x00000001139c0000,0x00000001145c0000] _byte_map_base: 0x00000001105c0000

Marking Bits: (CMBitMap*) 0x0000000104c71ec0
 Bits: [0x00000001145c0000, 0x000000011a5c0000)

Polling page: 0x0000000104500000

Metaspace:

Usage:
  Non-class:     50.54 MB used.
      Class:      5.71 MB used.
       Both:     56.25 MB used.

Virtual space:
  Non-class space:       64.00 MB reserved,      51.06 MB ( 80%) committed,  1 nodes.
      Class space:        1.00 GB reserved,       6.12 MB ( <1%) committed,  1 nodes.
             Both:        1.06 GB reserved,      57.19 MB (  5%) committed. 

Chunk freelists:
   Non-Class:  12.62 MB
       Class:  9.85 MB
        Both:  22.48 MB

MaxMetaspaceSize: unlimited
CompressedClassSpaceSize: 1.00 GB
Initial GC threshold: 21.00 MB
Current GC threshold: 91.25 MB
CDS: on
 - commit_granule_bytes: 65536.
 - commit_granule_words: 8192.
 - virtual_space_node_default_size: 8388608.
 - enlarge_chunks_in_place: 1.
 - use_allocation_guard: 0.


Internal statistics:

num_allocs_failed_limit: 9.
num_arena_births: 1428.
num_arena_deaths: 0.
num_vsnodes_births: 2.
num_vsnodes_deaths: 0.
num_space_committed: 913.
num_space_uncommitted: 0.
num_chunks_returned_to_freelist: 9.
num_chunks_taken_from_freelist: 3506.
num_chunk_merges: 6.
num_chunk_splits: 2403.
num_chunks_enlarged: 1756.
num_inconsistent_stats: 0.

CodeHeap 'non-profiled nmethods': size=120032Kb used=7587Kb max_used=7587Kb free=112444Kb
 bounds [0x00000001260cc000, 0x000000012683c000, 0x000000012d604000]
CodeHeap 'profiled nmethods': size=120016Kb used=21605Kb max_used=21605Kb free=98410Kb
 bounds [0x000000011e604000, 0x000000011fb24000, 0x0000000125b38000]
CodeHeap 'non-nmethods': size=5712Kb used=3005Kb max_used=3089Kb free=2706Kb
 bounds [0x0000000125b38000, 0x0000000125e58000, 0x00000001260cc000]
CodeCache: size=245760Kb, used=32197Kb, max_used=32281Kb, free=213560Kb
 total_blobs=11791, nmethods=9529, adapters=2170, full_count=0
Compilation: enabled, stopped_count=0, restarted_count=0

Compilation events (20 events):
Event: 2408.023 Thread 0x0000000b77164800 17194       3       com.spela.player.libretro.MetalFrameBuffers::ensureCapacity (92 bytes)
Event: 2408.023 Thread 0x0000000b77164800 nmethod 17194 0x000000011fb17790 code [0x000000011fb17b40, 0x000000011fb18970]
Event: 2408.647 Thread 0x0000000b77164000 17195       4       com.spela.player.libretro.DesktopLibretroController$RenderedFrame::<init> (32 bytes)
Event: 2408.648 Thread 0x0000000b77164000 nmethod 17195 0x0000000126832690 code [0x0000000126832800, 0x00000001268329c8]
Event: 2408.655 Thread 0x0000000b77164800 17196       3       com.spela.player.libretro.DesktopLibretroController::renderGpuFrameToBgra (147 bytes)
Event: 2408.656 Thread 0x0000000b77164800 nmethod 17196 0x000000011fb18f90 code [0x000000011fb192c0, 0x000000011fb1a078]
Event: 2408.773 Thread 0x0000000b77164000 17197       4       java.util.concurrent.locks.AbstractQueuedSynchronizer$ConditionObject::doSignal (62 bytes)
Event: 2408.777 Thread 0x0000000b77164000 nmethod 17197 0x0000000126832a90 code [0x0000000126832c40, 0x0000000126833230]
Event: 2408.790 Thread 0x0000000b77164800 17199       2       java.nio.ShortBuffer::put (9 bytes)
Event: 2408.790 Thread 0x0000000b77164000 17198       4       java.nio.HeapByteBuffer::asShortBuffer (67 bytes)
Event: 2408.791 Thread 0x0000000b77164800 nmethod 17199 0x000000011fb1a690 code [0x000000011fb1a840, 0x000000011fb1a9a0]
Event: 2408.793 Thread 0x0000000b77164000 nmethod 17198 0x0000000126833410 code [0x00000001268335c0, 0x00000001268339e8]
Event: 2408.808 Thread 0x0000000b77164800 17200       3       com.spela.player.libretro.DesktopAudioPlayer::writeSync (95 bytes)
Event: 2408.808 Thread 0x0000000b77164800 nmethod 17200 0x000000011fb1aa90 code [0x000000011fb1ae40, 0x000000011fb1bda8]
Event: 2408.891 Thread 0x0000000b77164800 17201       3       androidx.compose.runtime.SlotWriter::removeSlots (68 bytes)
Event: 2408.892 Thread 0x0000000b77164800 nmethod 17201 0x000000011fb1c390 code [0x000000011fb1c680, 0x000000011fb1d128]
Event: 2409.040 Thread 0x0000000b77164000 17203       4       java.lang.invoke.VarHandleGuards::guard_LL_V (123 bytes)
Event: 2409.042 Thread 0x0000000b77164000 nmethod 17203 0x0000000126833d10 code [0x0000000126833f00, 0x0000000126834270]
Event: 2409.042 Thread 0x0000000b77164000 17204       4       java.lang.invoke.VarHandleReferences$FieldInstanceReadWrite::set (35 bytes)
Event: 2409.043 Thread 0x0000000b77164000 nmethod 17204 0x0000000126834610 code [0x00000001268347c0, 0x0000000126834af0]

GC Heap History (20 events):
Event: 211.003 GC heap before
{Heap before GC invocations=15 (full 3):
 garbage-first heap   total 225280K, used 116970K [0x0000000680000000, 0x0000000800000000)
  region size 4096K, 15 young (61440K), 0 survivors (0K)
 Metaspace       used 53854K, committed 54784K, reserved 1114112K
  class space    used 5526K, committed 5888K, reserved 1048576K
}
Event: 211.023 GC heap after
{Heap after GC invocations=16 (full 4):
 garbage-first heap   total 225280K, used 63734K [0x0000000680000000, 0x0000000800000000)
  region size 4096K, 0 young (0K), 0 survivors (0K)
 Metaspace       used 53854K, committed 54784K, reserved 1114112K
  class space    used 5526K, committed 5888K, reserved 1048576K
}
Event: 241.026 GC heap before
{Heap before GC invocations=16 (full 4):
 garbage-first heap   total 225280K, used 121078K [0x0000000680000000, 0x0000000800000000)
  region size 4096K, 16 young (65536K), 0 survivors (0K)
 Metaspace       used 54128K, committed 54976K, reserved 1114112K
  class space    used 5543K, committed 5888K, reserved 1048576K
}
Event: 241.051 GC heap after
{Heap after GC invocations=17 (full 5):
 garbage-first heap   total 225280K, used 64071K [0x0000000680000000, 0x0000000800000000)
  region size 4096K, 0 young (0K), 0 survivors (0K)
 Metaspace       used 54128K, committed 54976K, reserved 1114112K
  class space    used 5543K, committed 5888K, reserved 1048576K
}
Event: 271.057 GC heap before
{Heap before GC invocations=17 (full 5):
 garbage-first heap   total 225280K, used 129607K [0x0000000680000000, 0x0000000800000000)
  region size 4096K, 17 young (69632K), 0 survivors (0K)
 Metaspace       used 54415K, committed 55296K, reserved 1114112K
  class space    used 5546K, committed 5888K, reserved 1048576K
}
Event: 271.059 GC heap after
{Heap after GC invocations=18 (full 5):
 garbage-first heap   total 225280K, used 64699K [0x0000000680000000, 0x0000000800000000)
  region size 4096K, 1 young (4096K), 1 survivors (4096K)
 Metaspace       used 54415K, committed 55296K, reserved 1114112K
  class space    used 5546K, committed 5888K, reserved 1048576K
}
Event: 271.059 GC heap before
{Heap before GC invocations=18 (full 5):
 garbage-first heap   total 225280K, used 64699K [0x0000000680000000, 0x0000000800000000)
  region size 4096K, 2 young (8192K), 1 survivors (4096K)
 Metaspace       used 54415K, committed 55296K, reserved 1114112K
  class space    used 5546K, committed 5888K, reserved 1048576K
}
Event: 271.077 GC heap after
{Heap after GC invocations=19 (full 6):
 garbage-first heap   total 225280K, used 63861K [0x0000000680000000, 0x0000000800000000)
  region size 4096K, 0 young (0K), 0 survivors (0K)
 Metaspace       used 54415K, committed 55296K, reserved 1114112K
  class space    used 5546K, committed 5888K, reserved 1048576K
}
Event: 301.078 GC heap before
{Heap before GC invocations=19 (full 6):
 garbage-first heap   total 225280K, used 125301K [0x0000000680000000, 0x0000000800000000)
  region size 4096K, 16 young (65536K), 0 survivors (0K)
 Metaspace       used 54469K, committed 55296K, reserved 1114112K
  class space    used 5546K, committed 5888K, reserved 1048576K
}
Event: 301.096 GC heap after
{Heap after GC invocations=20 (full 7):
 garbage-first heap   total 225280K, used 63830K [0x0000000680000000, 0x0000000800000000)
  region size 4096K, 0 young (0K), 0 survivors (0K)
 Metaspace       used 54469K, committed 55296K, reserved 1114112K
  class space    used 5546K, committed 5888K, reserved 1048576K
}
Event: 331.098 GC heap before
{Heap before GC invocations=20 (full 7):
 garbage-first heap   total 225280K, used 125270K [0x0000000680000000, 0x0000000800000000)
  region size 4096K, 16 young (65536K), 0 survivors (0K)
 Metaspace       used 54507K, committed 55360K, reserved 1114112K
  class space    used 5546K, committed 5888K, reserved 1048576K
}
Event: 331.119 GC heap after
{Heap after GC invocations=21 (full 8):
 garbage-first heap   total 225280K, used 63830K [0x0000000680000000, 0x0000000800000000)
  region size 4096K, 0 young (0K), 0 survivors (0K)
 Metaspace       used 54507K, committed 55360K, reserved 1114112K
  class space    used 5546K, committed 5888K, reserved 1048576K
}
Event: 361.121 GC heap before
{Heap before GC invocations=21 (full 8):
 garbage-first heap   total 225280K, used 125270K [0x0000000680000000, 0x0000000800000000)
  region size 4096K, 16 young (65536K), 0 survivors (0K)
 Metaspace       used 54531K, committed 55360K, reserved 1114112K
  class space    used 5546K, committed 5888K, reserved 1048576K
}
Event: 361.122 GC heap after
{Heap after GC invocations=22 (full 8):
 garbage-first heap   total 225280K, used 64204K [0x0000000680000000, 0x0000000800000000)
  region size 4096K, 1 young (4096K), 1 survivors (4096K)
 Metaspace       used 54531K, committed 55360K, reserved 1114112K
  class space    used 5546K, committed 5888K, reserved 1048576K
}
Event: 361.123 GC heap before
{Heap before GC invocations=22 (full 8):
 garbage-first heap   total 225280K, used 64204K [0x0000000680000000, 0x0000000800000000)
  region size 4096K, 2 young (8192K), 1 survivors (4096K)
 Metaspace       used 54531K, committed 55360K, reserved 1114112K
  class space    used 5546K, committed 5888K, reserved 1048576K
}
Event: 361.144 GC heap after
{Heap after GC invocations=23 (full 9):
 garbage-first heap   total 225280K, used 63830K [0x0000000680000000, 0x0000000800000000)
  region size 4096K, 0 young (0K), 0 survivors (0K)
 Metaspace       used 54531K, committed 55360K, reserved 1114112K
  class space    used 5546K, committed 5888K, reserved 1048576K
}
Event: 391.145 GC heap before
{Heap before GC invocations=23 (full 9):
 garbage-first heap   total 225280K, used 125270K [0x0000000680000000, 0x0000000800000000)
  region size 4096K, 17 young (69632K), 0 survivors (0K)
 Metaspace       used 55200K, committed 56064K, reserved 1114112K
  class space    used 5610K, committed 5952K, reserved 1048576K
}
Event: 391.171 GC heap after
{Heap after GC invocations=24 (full 10):
 garbage-first heap   total 204800K, used 51994K [0x0000000680000000, 0x0000000800000000)
  region size 4096K, 0 young (0K), 0 survivors (0K)
 Metaspace       used 55200K, committed 56064K, reserved 1114112K
  class space    used 5610K, committed 5952K, reserved 1048576K
}
Event: 2399.603 GC heap before
{Heap before GC invocations=24 (full 10):
 garbage-first heap   total 204800K, used 174874K [0x0000000680000000, 0x0000000800000000)
  region size 4096K, 30 young (122880K), 0 survivors (0K)
 Metaspace       used 57026K, committed 57920K, reserved 1114112K
  class space    used 5786K, committed 6144K, reserved 1048576K
}
Event: 2399.610 GC heap after
{Heap after GC invocations=25 (full 10):
 garbage-first heap   total 204800K, used 57656K [0x0000000680000000, 0x0000000800000000)
  region size 4096K, 2 young (8192K), 2 survivors (8192K)
 Metaspace       used 57026K, committed 57920K, reserved 1114112K
  class space    used 5786K, committed 6144K, reserved 1048576K
}

Dll operation events (16 events):
Event: 0.005 Loaded shared library /Users/mattias800/Library/Java/JavaVirtualMachines/ms-21.0.10/Contents/Home/lib/libjava.dylib
Event: 0.028 Loaded shared library /Users/mattias800/Library/Java/JavaVirtualMachines/ms-21.0.10/Contents/Home/lib/libnio.dylib
Event: 0.030 Loaded shared library /Users/mattias800/Library/Java/JavaVirtualMachines/ms-21.0.10/Contents/Home/lib/libzip.dylib
Event: 0.187 Loaded shared library /Users/mattias800/Library/Java/JavaVirtualMachines/ms-21.0.10/Contents/Home/lib/libjimage.dylib
Event: 0.249 Loaded shared library /Users/mattias800/Library/Java/JavaVirtualMachines/ms-21.0.10/Contents/Home/lib/libnet.dylib
Event: 0.530 Loaded shared library /private/var/folders/00/y_pwwndd1hj9rnmh0xwj36v80000gn/T/sqlite-3.51.0.0-6634748e-80d3-4131-8459-af14a7a13fd8-libsqlitejdbc.dylib
Event: 0.620 Loaded shared library /Users/mattias800/Library/Java/JavaVirtualMachines/ms-21.0.10/Contents/Home/lib/libawt.dylib
Event: 0.622 Loaded shared library /Users/mattias800/Library/Java/JavaVirtualMachines/ms-21.0.10/Contents/Home/lib/libawt_lwawt.dylib
Event: 0.634 Loaded shared library /Users/mattias800/Library/Java/JavaVirtualMachines/ms-21.0.10/Contents/Home/lib/libfontmanager.dylib
Event: 0.684 Loaded shared library /Users/mattias800/Library/Java/JavaVirtualMachines/ms-21.0.10/Contents/Home/lib/libextnet.dylib
Event: 0.852 Loading shared library /Users/mattias800/Library/Java/JavaVirtualMachines/ms-21.0.10/Contents/Home/lib/libspela-libretro.dylib failed, dlopen(/Users/mattias800/Library/Java/JavaVirtualMachines/ms-21.0.10/Contents/Home/lib/libspela-libretro.dylib, 0x0001):
Event: 0.852 Loading shared library /Users/mattias800/Library/Java/JavaVirtualMachines/ms-21.0.10/Contents/Home/lib/libspela-libretro.jnilib failed, dlopen(/Users/mattias800/Library/Java/JavaVirtualMachines/ms-21.0.10/Contents/Home/lib/libspela-libretro.jnilib, 0x0001
Event: 0.859 Loaded shared library /Users/mattias800/repos/spela/player/desktop/build/native/libspela-libretro.dylib
Event: 0.871 Loaded shared library /Users/mattias800/.skiko/384a41e7bf8dcab7fe3ef7dfb14a2adf281ce448c1f711cac5e69a7b97ae2f4a/libskiko-macos-arm64.dylib
Event: 0.882 Loaded shared library /Users/mattias800/Library/Java/JavaVirtualMachines/ms-21.0.10/Contents/Home/lib/libosxui.dylib
Event: 22.736 Loaded shared library /Users/mattias800/Library/Java/JavaVirtualMachines/ms-21.0.10/Contents/Home/lib/libjsound.dylib

Deoptimization events (20 events):
Event: 2405.880 Thread 0x0000000b6d009500 Uncommon trap: trap_request=0xffffff45 fr.pc=0x00000001267f74e0 relative=0x00000000000001a0
Event: 2405.880 Thread 0x0000000b6d009500 Uncommon trap: reason=unstable_if action=reinterpret pc=0x00000001267f74e0 method=java.util.LinkedHashMap.sequencedValues()Ljava/util/SequencedCollection; @ 6 c2
Event: 2405.880 Thread 0x0000000b6d009500 DEOPT PACKING pc=0x00000001267f74e0 sp=0x00000001706a62b0
Event: 2405.880 Thread 0x0000000b6d009500 DEOPT UNPACKING pc=0x0000000125b7b01c sp=0x00000001706a6230 mode 2
Event: 2406.157 Thread 0x0000000b752baa00 Uncommon trap: trap_request=0xffffffde fr.pc=0x0000000126116f08 relative=0x0000000000000388
Event: 2406.157 Thread 0x0000000b752baa00 Uncommon trap: reason=class_check action=maybe_recompile pc=0x0000000126116f08 method=androidx.compose.ui.util.ComponentUpdater$UpdateScope.set(Ljava/lang/Object;Lkotlin/jvm/functions/Function1;)V @ 50 c2
Event: 2406.157 Thread 0x0000000b752baa00 DEOPT PACKING pc=0x0000000126116f08 sp=0x0000000170ed5c50
Event: 2406.157 Thread 0x0000000b752baa00 DEOPT UNPACKING pc=0x0000000125b7b01c sp=0x0000000170ed5bf0 mode 2
Event: 2406.368 Thread 0x0000000b6ccee300 Uncommon trap: trap_request=0xffffff45 fr.pc=0x00000001265b5abc relative=0x00000000000003fc
Event: 2406.368 Thread 0x0000000b6ccee300 Uncommon trap: reason=unstable_if action=reinterpret pc=0x00000001265b5abc method=com.spela.player.libretro.DesktopLibretroController.renderGpuFrameToBgra()V @ 17 c2
Event: 2406.368 Thread 0x0000000b6ccee300 DEOPT PACKING pc=0x00000001265b5abc sp=0x0000000172996750
Event: 2406.368 Thread 0x0000000b6ccee300 DEOPT UNPACKING pc=0x0000000125b7b01c sp=0x00000001729966a0 mode 2
Event: 2406.416 Thread 0x0000000b6ccee300 Uncommon trap: trap_request=0xffffff45 fr.pc=0x00000001262eac2c relative=0x0000000000000c6c
Event: 2406.416 Thread 0x0000000b6ccee300 Uncommon trap: reason=unstable_if action=reinterpret pc=0x00000001262eac2c method=com.spela.player.libretro.DesktopAudioPlayer.ensureStarted()Z @ 4 c2
Event: 2406.416 Thread 0x0000000b6ccee300 DEOPT PACKING pc=0x00000001262eac2c sp=0x0000000172996710
Event: 2406.416 Thread 0x0000000b6ccee300 DEOPT UNPACKING pc=0x0000000125b7b01c sp=0x0000000172996630 mode 2
Event: 2409.023 Thread 0x0000000b752b8e00 Uncommon trap: trap_request=0xffffff45 fr.pc=0x00000001265e7980 relative=0x0000000000001080
Event: 2409.023 Thread 0x0000000b752b8e00 Uncommon trap: reason=unstable_if action=reinterpret pc=0x00000001265e7980 method=java.util.concurrent.SynchronousQueue$Transferer.xferLifo(Ljava/lang/Object;J)Ljava/lang/Object; @ 215 c2
Event: 2409.023 Thread 0x0000000b752b8e00 DEOPT PACKING pc=0x00000001265e7980 sp=0x0000000171cc2790
Event: 2409.023 Thread 0x0000000b752b8e00 DEOPT UNPACKING pc=0x0000000125b7b01c sp=0x0000000171cc2700 mode 2

Classes loaded (20 events):
Event: 388.622 Loading class java/util/zip/DeflaterOutputStream done
Event: 388.622 Loading class java/util/zip/ZipOutputStream done
Event: 388.622 Loading class java/util/zip/Deflater
Event: 388.622 Loading class java/util/zip/Deflater done
Event: 388.622 Loading class java/util/zip/Deflater$DeflaterZStreamRef
Event: 388.622 Loading class java/util/zip/Deflater$DeflaterZStreamRef done
Event: 388.626 Loading class java/util/zip/ZipOutputStream$XEntry
Event: 388.626 Loading class java/util/zip/ZipOutputStream$XEntry done
Event: 388.725 Loading class java/util/Vector$Itr
Event: 388.725 Loading class java/util/Vector$Itr done
Event: 2340.765 Loading class java/awt/event/MouseWheelEvent
Event: 2340.766 Loading class java/awt/event/MouseWheelEvent done
Event: 2399.444 Loading class java/io/FileOutputStream$1
Event: 2399.444 Loading class java/io/FileOutputStream$1 done
Event: 2399.448 Loading class java/nio/channels/spi/AbstractInterruptibleChannel$1
Event: 2399.448 Loading class java/nio/channels/spi/AbstractInterruptibleChannel$1 done
Event: 2399.451 Loading class sun/nio/fs/UnixFileSystem$Flags
Event: 2399.451 Loading class sun/nio/fs/UnixFileSystem$Flags done
Event: 2406.156 Loading class java/security/CodeSigner
Event: 2406.156 Loading class java/security/CodeSigner done

Classes unloaded (0 events):
No events

Classes redefined (0 events):
No events

Internal exceptions (20 events):
Event: 2401.833 Thread 0x0000000b71dbb800 Exception <a 'sun/nio/fs/UnixException'{0x000000068b8ed5b8}> (0x000000068b8ed5b8) 
thrown [src/hotspot/share/prims/jni.cpp, line 520]
Event: 2401.834 Thread 0x0000000b6e458e00 Exception <a 'sun/nio/fs/UnixException'{0x000000068b0375e8}> (0x000000068b0375e8) 
thrown [src/hotspot/share/prims/jni.cpp, line 520]
Event: 2401.835 Thread 0x0000000b6e458e00 Exception <a 'sun/nio/fs/UnixException'{0x000000068b038528}> (0x000000068b038528) 
thrown [src/hotspot/share/prims/jni.cpp, line 520]
Event: 2401.836 Thread 0x0000000b6d0a8000 Exception <a 'sun/nio/fs/UnixException'{0x000000068b064080}> (0x000000068b064080) 
thrown [src/hotspot/share/prims/jni.cpp, line 520]
Event: 2401.837 Thread 0x0000000b6d0a8000 Exception <a 'sun/nio/fs/UnixException'{0x000000068b064fc0}> (0x000000068b064fc0) 
thrown [src/hotspot/share/prims/jni.cpp, line 520]
Event: 2401.839 Thread 0x0000000b6d00b100 Exception <a 'sun/nio/fs/UnixException'{0x000000068b02fbc0}> (0x000000068b02fbc0) 
thrown [src/hotspot/share/prims/jni.cpp, line 520]
Event: 2401.840 Thread 0x0000000b6d00b100 Exception <a 'sun/nio/fs/UnixException'{0x000000068b030b20}> (0x000000068b030b20) 
thrown [src/hotspot/share/prims/jni.cpp, line 520]
Event: 2401.845 Thread 0x0000000b6e458e00 Exception <a 'sun/nio/fs/UnixException'{0x000000068b2dfb10}> (0x000000068b2dfb10) 
thrown [src/hotspot/share/prims/jni.cpp, line 520]
Event: 2401.845 Thread 0x0000000b6e458e00 Exception <a 'sun/nio/fs/UnixException'{0x000000068b2e0a50}> (0x000000068b2e0a50) 
thrown [src/hotspot/share/prims/jni.cpp, line 520]
Event: 2403.138 Thread 0x0000000b74798e00 Exception <a 'java/lang/NoSuchMethodError'{0x000000068a9d2478}: 'java.lang.Object java.lang.invoke.DirectMethodHandle$Holder.newInvokeSpecial(java.lang.Object, long, java.lang.Object, java.lang.Object, java.lang.Object)'> (0x000000068a9d2478) 
thrown [src/hotspot/share/interpreter/linkResolver.cpp, line 773]
Event: 2403.138 Thread 0x0000000b74798e00 Exception <a 'java/lang/NoSuchMethodError'{0x000000068a9d65f8}: 'java.lang.Object java.lang.invoke.DirectMethodHandle$Holder.invokeSpecial(java.lang.Object, java.lang.Object, long, java.lang.Object, java.lang.Object, java.lang.Object)'> (0x000000068a9d65f8) 
thrown [src/hotspot/share/interpreter/linkResolver.cpp, line 773]
Event: 2403.529 Thread 0x0000000b750f4700 Exception <a 'java/lang/NoSuchMethodError'{0x0000000687848f38}: 'java.lang.Object java.lang.invoke.DirectMethodHandle$Holder.invokeSpecial(java.lang.Object, java.lang.Object, int, long)'> (0x0000000687848f38) 
thrown [src/hotspot/share/interpreter/linkResolver.cpp, line 773]
Event: 2403.529 Thread 0x0000000b750f4700 Exception <a 'java/lang/NoSuchMethodError'{0x000000068784c268}: 'java.lang.Object java.lang.invoke.Invokers$Holder.linkToTargetMethod(int, long, java.lang.Object)'> (0x000000068784c268) 
thrown [src/hotspot/share/interpreter/linkResolver.cpp, line 773]
Event: 2403.531 Thread 0x0000000b750f4700 Exception <a 'java/lang/NoSuchMethodError'{0x000000068787eed8}: 'java.lang.Object java.lang.invoke.DirectMethodHandle$Holder.invokeSpecial(java.lang.Object, java.lang.Object, java.lang.Object, long, long)'> (0x000000068787eed8) 
thrown [src/hotspot/share/interpreter/linkResolver.cpp, line 773]
Event: 2403.531 Thread 0x0000000b750f4700 Exception <a 'java/lang/NoSuchMethodError'{0x0000000687882498}: 'java.lang.Object java.lang.invoke.Invokers$Holder.linkToTargetMethod(java.lang.Object, long, long, java.lang.Object)'> (0x0000000687882498) 
thrown [src/hotspot/share/interpreter/linkResolver.cpp, line 773]
Event: 2403.531 Thread 0x0000000b750f4700 Exception <a 'java/lang/NoSuchMethodError'{0x0000000687887038}: 'java.lang.Object java.lang.invoke.DirectMethodHandle$Holder.invokeStatic(java.lang.Object, java.lang.Object, java.lang.Object, long, long, java.lang.Object)'> (0x0000000687887038) 
thrown [src/hotspot/share/interpreter/linkResolver.cpp, line 773]
Event: 2403.531 Thread 0x0000000b750f4700 Exception <a 'java/lang/NoSuchMethodError'{0x000000068788dab8}: 'java.lang.Object java.lang.invoke.DirectMethodHandle$Holder.newInvokeSpecial(java.lang.Object, java.lang.Object, java.lang.Object, long, long)'> (0x000000068788dab8) 
thrown [src/hotspot/share/interpreter/linkResolver.cpp, line 773]
Event: 2403.531 Thread 0x0000000b750f4700 Exception <a 'java/lang/NoSuchMethodError'{0x0000000687891870}: 'java.lang.Object java.lang.invoke.DirectMethodHandle$Holder.invokeSpecial(java.lang.Object, java.lang.Object, java.lang.Object, java.lang.Object, long, long)'> (0x0000000687891870) 
thrown [src/hotspot/share/interpreter/linkResolver.cpp, line 773]
Event: 2403.531 Thread 0x0000000b750f4700 Exception <a 'java/lang/NoSuchMethodError'{0x0000000687895368}: 'java.lang.Object java.lang.invoke.Invokers$Holder.linkToTargetMethod(java.lang.Object, java.lang.Object, long, long, java.lang.Object)'> (0x0000000687895368) 
thrown [src/hotspot/share/interpreter/linkResolver.cpp, line 773]
Event: 2406.416 Thread 0x0000000b6ccee300 Implicit null exception at 0x00000001262ea00c to 0x00000001262eac1c

ZGC Phase Switch (0 events):
No events

VM Operations (20 events):
Event: 2401.903 Executing safepoint VM operation: ICBufferFull
Event: 2401.903 Executing safepoint VM operation: ICBufferFull done
Event: 2402.905 Executing safepoint VM operation: Cleanup
Event: 2402.905 Executing safepoint VM operation: Cleanup done
Event: 2403.105 Executing non-safepoint VM operation: HandshakeAllThreads (HandshakeForDeflation)
Event: 2403.105 Executing non-safepoint VM operation: HandshakeAllThreads (HandshakeForDeflation) done
Event: 2403.105 Executing non-safepoint VM operation: RendezvousGCThreads
Event: 2403.105 Executing non-safepoint VM operation: RendezvousGCThreads done
Event: 2403.233 Executing safepoint VM operation: ICBufferFull
Event: 2403.233 Executing safepoint VM operation: ICBufferFull done
Event: 2403.233 Executing safepoint VM operation: ICBufferFull
Event: 2403.233 Executing safepoint VM operation: ICBufferFull done
Event: 2403.460 Executing safepoint VM operation: ICBufferFull
Event: 2403.460 Executing safepoint VM operation: ICBufferFull done
Event: 2404.460 Executing safepoint VM operation: Cleanup
Event: 2404.460 Executing safepoint VM operation: Cleanup done
Event: 2406.469 Executing safepoint VM operation: Cleanup
Event: 2406.469 Executing safepoint VM operation: Cleanup done
Event: 2407.474 Executing safepoint VM operation: Cleanup
Event: 2407.474 Executing safepoint VM operation: Cleanup done

Memory protections (20 events):
Event: 2400.088 Protecting memory [0x0000000174e78000,0x0000000174e84000] with protection modes 3
Event: 2400.088 Protecting memory [0x0000000177768000,0x0000000177774000] with protection modes 3
Event: 2400.088 Protecting memory [0x0000000176914000,0x0000000176920000] with protection modes 3
Event: 2400.088 Protecting memory [0x0000000174c6c000,0x0000000174c78000] with protection modes 3
Event: 2400.088 Protecting memory [0x0000000173144000,0x0000000173150000] with protection modes 3
Event: 2400.088 Protecting memory [0x00000001764fc000,0x0000000176508000] with protection modes 3
Event: 2400.088 Protecting memory [0x000000017755c000,0x0000000177568000] with protection modes 3
Event: 2400.088 Protecting memory [0x0000000172914000,0x0000000172920000] with protection modes 3
Event: 2400.088 Protecting memory [0x000000016ebf0000,0x000000016ebfc000] with protection modes 3
Event: 2400.095 Protecting memory [0x0000000177144000,0x0000000177150000] with protection modes 3
Event: 2400.096 Protecting memory [0x0000000175290000,0x000000017529c000] with protection modes 3
Event: 2400.097 Protecting memory [0x0000000175084000,0x0000000175090000] with protection modes 3
Event: 2400.097 Protecting memory [0x0000000173350000,0x000000017335c000] with protection modes 3
Event: 2400.098 Protecting memory [0x0000000174a60000,0x0000000174a6c000] with protection modes 3
Event: 2400.098 Protecting memory [0x000000016edfc000,0x000000016ee08000] with protection modes 3
Event: 2400.098 Protecting memory [0x00000001762f0000,0x00000001762fc000] with protection modes 3
Event: 2400.098 Protecting memory [0x0000000172708000,0x0000000172714000] with protection modes 3
Event: 2401.756 Protecting memory [0x000000016ebf0000,0x000000016ebfc000] with protection modes 0
Event: 2406.156 Protecting memory [0x0000000172794000,0x00000001727a0000] with protection modes 0
Event: 2408.123 Protecting memory [0x0000000172ab8000,0x0000000172ac4000] with protection modes 0

Nmethod flushes (20 events):
Event: 391.157 Thread 0x0000000b7710d400 flushing  nmethod 0x000000011f0fc490
Event: 391.157 Thread 0x0000000b7710d400 flushing  nmethod 0x000000011f100690
Event: 391.157 Thread 0x0000000b7710d400 flushing osr nmethod 0x000000011f38d690
Event: 391.157 Thread 0x0000000b7710d400 flushing  nmethod 0x000000011f480c90
Event: 391.157 Thread 0x0000000b7710d400 flushing  nmethod 0x000000011f5f5b90
Event: 391.157 Thread 0x0000000b7710d400 flushing  nmethod 0x000000011f70b510
Event: 391.157 Thread 0x0000000b7710d400 flushing osr nmethod 0x000000011e60fa90
Event: 391.157 Thread 0x0000000b7710d400 flushing  nmethod 0x000000011f647390
Event: 391.157 Thread 0x0000000b7710d400 flushing  nmethod 0x000000011f701390
Event: 391.157 Thread 0x0000000b7710d400 flushing  nmethod 0x000000011e70df90
Event: 391.157 Thread 0x0000000b7710d400 flushing  nmethod 0x000000011edf3010
Event: 391.157 Thread 0x0000000b7710d400 flushing  nmethod 0x000000011ef25f10
Event: 391.157 Thread 0x0000000b7710d400 flushing  nmethod 0x000000011f13b810
Event: 391.157 Thread 0x0000000b7710d400 flushing  nmethod 0x000000011f5c2890
Event: 391.157 Thread 0x0000000b7710d400 flushing  nmethod 0x00000001263c3b10
Event: 391.157 Thread 0x0000000b7710d400 flushing  nmethod 0x000000011e7c9110
Event: 391.157 Thread 0x0000000b7710d400 flushing  nmethod 0x000000011e93ae10
Event: 391.157 Thread 0x0000000b7710d400 flushing  nmethod 0x000000011eec6610
Event: 391.157 Thread 0x0000000b7710d400 flushing  nmethod 0x000000011f21ae90
Event: 391.157 Thread 0x0000000b7710d400 flushing  nmethod 0x000000011f5fa890

Events (20 events):
Event: 2400.088 Thread 0x0000000b6d09d500 Thread exited: 0x0000000b6d09d500
Event: 2400.088 Thread 0x0000000b6e45aa00 Thread exited: 0x0000000b6e45aa00
Event: 2400.088 Thread 0x0000000b6d0ab800 Thread exited: 0x0000000b6d0ab800
Event: 2400.088 Thread 0x0000000b6d09ce00 Thread exited: 0x0000000b6d09ce00
Event: 2400.088 Thread 0x0000000b74f20e00 Thread exited: 0x0000000b74f20e00
Event: 2400.088 Thread 0x0000000b6d0aaa00 Thread exited: 0x0000000b6d0aaa00
Event: 2400.088 Thread 0x0000000b7238f800 Thread exited: 0x0000000b7238f800
Event: 2400.088 Thread 0x0000000b6e45a300 Thread exited: 0x0000000b6e45a300
Event: 2400.088 Thread 0x0000000b6d00a300 Thread exited: 0x0000000b6d00a300
Event: 2400.095 Thread 0x0000000b6e459500 Thread exited: 0x0000000b6e459500
Event: 2400.096 Thread 0x0000000b6d09ea00 Thread exited: 0x0000000b6d09ea00
Event: 2400.097 Thread 0x0000000b6d09dc00 Thread exited: 0x0000000b6d09dc00
Event: 2400.097 Thread 0x0000000b74798000 Thread exited: 0x0000000b74798000
Event: 2400.098 Thread 0x0000000b6d09c700 Thread exited: 0x0000000b6d09c700
Event: 2400.098 Thread 0x0000000b6d008700 Thread exited: 0x0000000b6d008700
Event: 2400.098 Thread 0x0000000b6d0aa300 Thread exited: 0x0000000b6d0aa300
Event: 2400.098 Thread 0x0000000b7238c000 Thread exited: 0x0000000b7238c000
Event: 2401.756 Thread 0x0000000b72149500 Thread added: 0x0000000b71dbb800
Event: 2406.156 Thread 0x0000000b74798700 Thread added: 0x0000000b6ccee300
Event: 2408.123 Thread 0x0000000b752baa00 Thread added: 0x0000000b6cceea00


Dynamic libraries:
0x0000000104518000 	/Users/mattias800/Library/Java/JavaVirtualMachines/ms-21.0.10/Contents/Home/lib/libjli.dylib
0x00000001b9723000 	/System/Library/Frameworks/Cocoa.framework/Versions/A/Cocoa
0x000000019eab0000 	/System/Library/Frameworks/AppKit.framework/Versions/C/AppKit
0x00000001a2124000 	/System/Library/Frameworks/CoreData.framework/Versions/A/CoreData
0x000000019beaa000 	/System/Library/Frameworks/Foundation.framework/Versions/C/Foundation
0x00000001aa0e7000 	/usr/lib/libSystem.B.dylib
0x00000001a01dd000 	/System/Library/PrivateFrameworks/UIFoundation.framework/Versions/A/UIFoundation
0x0000000253ef5000 	/System/Library/PrivateFrameworks/CollectionViewCore.framework/Versions/A/CollectionViewCore
0x00000001a7478000 	/System/Library/PrivateFrameworks/XCTTargetBootstrap.framework/Versions/A/XCTTargetBootstrap
0x00000001acb50000 	/System/Library/PrivateFrameworks/InternationalSupport.framework/Versions/A/InternationalSupport
0x00000001aceaa000 	/System/Library/PrivateFrameworks/UserActivity.framework/Versions/A/UserActivity
0x00000001a27b4000 	/System/Library/PrivateFrameworks/BaseBoard.framework/Versions/A/BaseBoard
0x000000025c6c2000 	/System/Library/PrivateFrameworks/FrontBoard.framework/Versions/A/FrontBoard
0x00000001b4563000 	/System/Library/PrivateFrameworks/FrontBoardServices.framework/Versions/A/FrontBoardServices
0x0000000298661000 	/usr/lib/libRosetta.dylib
0x000000028bf16000 	/System/Library/PrivateFrameworks/UIIntelligenceSupport.framework/Versions/A/UIIntelligenceSupport
0x0000000248dfe000 	/System/Library/Frameworks/SwiftUICore.framework/Versions/A/SwiftUICore
0x00000002924ca000 	/System/Library/PrivateFrameworks/WritingTools.framework/Versions/A/WritingTools
0x000000029131b000 	/System/Library/PrivateFrameworks/WindowManagement.framework/Versions/A/WindowManagement
0x000000019bb09000 	/System/Library/Frameworks/SystemConfiguration.framework/Versions/A/SystemConfiguration
0x00000001abd82000 	/usr/lib/libspindump.dylib
0x00000001a0398000 	/System/Library/Frameworks/UniformTypeIdentifiers.framework/Versions/A/UniformTypeIdentifiers
0x00000001a937e000 	/usr/lib/libbsm.0.dylib
0x00000001a4b82000 	/usr/lib/libapp_launch_measurement.dylib
0x00000001a3e77000 	/System/Library/PrivateFrameworks/CoreAnalytics.framework/Versions/A/CoreAnalytics
0x00000001a4b86000 	/System/Library/PrivateFrameworks/CoreAutoLayout.framework/Versions/A/CoreAutoLayout
0x00000001a69c3000 	/System/Library/Frameworks/Metal.framework/Versions/A/Metal
0x00000001a7dcb000 	/usr/lib/liblangid.dylib
0x00000001a747e000 	/System/Library/PrivateFrameworks/CoreSVG.framework/Versions/A/CoreSVG
0x00000001a0df9000 	/System/Library/PrivateFrameworks/SkyLight.framework/Versions/A/SkyLight
0x000000025c3fb000 	/System/Library/PrivateFrameworks/FocusEngine.framework/Versions/A/FocusEngine
0x00000001a13c0000 	/System/Library/Frameworks/CoreGraphics.framework/Versions/A/CoreGraphics
0x0000000259ff6000 	/System/Library/PrivateFrameworks/DesignLibrary.framework/Versions/A/DesignLibrary
0x00000001b282b000 	/System/Library/Frameworks/Accelerate.framework/Versions/A/Accelerate
0x00000001abb77000 	/System/Library/PrivateFrameworks/IconServices.framework/Versions/A/IconServices
0x00000001a699b000 	/System/Library/Frameworks/IOSurface.framework/Versions/A/IOSurface
0x00000001a3ea7000 	/usr/lib/libDiagnosticMessagesClient.dylib
0x00000001aa030000 	/usr/lib/libz.1.dylib
0x00000001b6b53000 	/System/Library/Frameworks/ApplicationServices.framework/Versions/A/ApplicationServices
0x00000001a7463000 	/System/Library/PrivateFrameworks/DFRFoundation.framework/Versions/A/DFRFoundation
0x000000019e2ff000 	/usr/lib/libicucore.A.dylib
0x00000001ae0e7000 	/System/Library/Frameworks/AudioToolbox.framework/Versions/A/AudioToolbox
0x00000001ace58000 	/System/Library/PrivateFrameworks/DataDetectorsCore.framework/Versions/A/DataDetectorsCore
0x000000028cb29000 	/System/Library/PrivateFrameworks/UpdateCycle.framework/Versions/A/UpdateCycle
0x00000001cad4e000 	/System/Library/PrivateFrameworks/TextInput.framework/Versions/A/TextInput
0x00000001a0d3b000 	/usr/lib/libMobileGestalt.dylib
0x00000001a715f000 	/System/Library/Frameworks/Carbon.framework/Versions/A/Frameworks/HIToolbox.framework/Versions/A/HIToolbox
0x00000001a43dc000 	/System/Library/Frameworks/QuartzCore.framework/Versions/A/QuartzCore
0x000000019deda000 	/System/Library/Frameworks/Security.framework/Versions/A/Security
0x00000001b21aa000 	/System/Library/Frameworks/Carbon.framework/Versions/A/Frameworks/SpeechRecognition.framework/Versions/A/SpeechRecognition
0x00000001a4851000 	/System/Library/PrivateFrameworks/CoreUI.framework/Versions/A/CoreUI
0x000000019d728000 	/System/Library/Frameworks/CoreAudio.framework/Versions/A/CoreAudio
0x00000001a3f9b000 	/System/Library/Frameworks/DiskArbitration.framework/Versions/A/DiskArbitration
0x00000001ac32a000 	/System/Library/PrivateFrameworks/MultitouchSupport.framework/Versions/A/MultitouchSupport
0x00000001a0d39000 	/usr/lib/libenergytrace.dylib
0x00000001be232000 	/System/Library/PrivateFrameworks/RenderBox.framework/Versions/A/RenderBox
0x000000019e957000 	/System/Library/Frameworks/IOKit.framework/Versions/A/IOKit
0x00000001b25b4000 	/System/Library/Frameworks/CoreServices.framework/Versions/A/CoreServices
0x00000001a4b13000 	/System/Library/PrivateFrameworks/PerformanceAnalysis.framework/Versions/A/PerformanceAnalysis
0x000000023e7e8000 	/System/Library/Frameworks/OpenGL.framework/Versions/A/OpenGL
0x00000001a4bd0000 	/usr/lib/libxml2.2.dylib
0x00000001a925f000 	/System/Library/PrivateFrameworks/MobileKeyBag.framework/Versions/A/MobileKeyBag
0x000000019a1c0000 	/usr/lib/libobjc.A.dylib
0x000000019a526000 	/usr/lib/libc++.1.dylib
0x00000001b2531000 	/System/Library/Frameworks/Accessibility.framework/Versions/A/Accessibility
0x00000001a1b1a000 	/System/Library/Frameworks/ColorSync.framework/Versions/A/ColorSync
0x000000019a657000 	/System/Library/Frameworks/CoreFoundation.framework/Versions/A/CoreFoundation
0x00000001a780b000 	/System/Library/Frameworks/CoreImage.framework/Versions/A/CoreImage
0x000000019d4fb000 	/System/Library/Frameworks/CoreText.framework/Versions/A/CoreText
0x00000002400f2000 	/System/Library/Frameworks/CoreTransferable.framework/Versions/A/CoreTransferable
0x000000024062e000 	/System/Library/Frameworks/DataDetection.framework/Versions/A/DataDetection
0x0000000240643000 	/System/Library/Frameworks/DeveloperToolsSupport.framework/Versions/A/DeveloperToolsSupport
0x00000001a74bc000 	/System/Library/Frameworks/ImageIO.framework/Versions/A/ImageIO
0x0000000249d73000 	/System/Library/Frameworks/Symbols.framework/Versions/A/Symbols
0x00000001cff73000 	/System/Library/PrivateFrameworks/AttributeGraph.framework/Versions/A/AttributeGraph
0x00000001b4642000 	/System/Library/PrivateFrameworks/BoardServices.framework/Versions/A/BoardServices
0x00000001f4732000 	/System/Library/PrivateFrameworks/FeatureFlags.framework/Versions/A/FeatureFlags
0x000000026563b000 	/System/Library/PrivateFrameworks/Gestures.framework/Versions/A/Gestures
0x00000001aa0ec000 	/System/Library/PrivateFrameworks/SoftLinking.framework/Versions/A/SoftLinking
0x00000001de817000 	/usr/lib/swift/libswiftAccelerate.dylib
0x00000001d4c8e000 	/usr/lib/swift/libswiftCompression.dylib
0x00000001ada4f000 	/usr/lib/swift/libswiftCore.dylib
0x00000001c701f000 	/usr/lib/swift/libswiftCoreFoundation.dylib
0x00000001c7078000 	/usr/lib/swift/libswiftCoreImage.dylib
0x00000001b42de000 	/usr/lib/swift/libswiftDispatch.dylib
0x00000001c7079000 	/usr/lib/swift/libswiftIOKit.dylib
0x00000001d4c81000 	/usr/lib/swift/libswiftMetal.dylib
0x00000001e4006000 	/usr/lib/swift/libswiftOSLog.dylib
0x00000001b71a4000 	/usr/lib/swift/libswiftObjectiveC.dylib
0x00000002998a2000 	/usr/lib/swift/libswiftObservation.dylib
0x00000001d9f9a000 	/usr/lib/swift/libswiftQuartzCore.dylib
0x00000002999e1000 	/usr/lib/swift/libswiftSynchronization.dylib
0x00000001de808000 	/usr/lib/swift/libswiftUniformTypeIdentifiers.dylib
0x00000001c7031000 	/usr/lib/swift/libswiftXPC.dylib
0x0000000299a1b000 	/usr/lib/swift/libswift_Builtin_float.dylib
0x0000000299a1e000 	/usr/lib/swift/libswift_Concurrency.dylib
0x00000001b71a8000 	/usr/lib/swift/libswiftos.dylib
0x00000001caade000 	/usr/lib/swift/libswiftsimd.dylib
0x00000001aa313000 	/usr/lib/libcompression.dylib
0x00000001acab0000 	/System/Library/PrivateFrameworks/TextureIO.framework/Versions/A/TextureIO
0x00000001a1cc6000 	/System/Library/Frameworks/ApplicationServices.framework/Versions/A/Frameworks/HIServices.framework/Versions/A/HIServices
0x00000001ab800000 	/usr/lib/libate.dylib
0x00000001aa0e1000 	/usr/lib/system/libcache.dylib
0x00000001aa09c000 	/usr/lib/system/libcommonCrypto.dylib
0x00000001aa0c7000 	/usr/lib/system/libcompiler_rt.dylib
0x00000001aa0bc000 	/usr/lib/system/libcopyfile.dylib
0x000000019a360000 	/usr/lib/system/libcorecrypto.dylib
0x000000019a459000 	/usr/lib/system/libdispatch.dylib
0x000000019a214000 	/usr/lib/system/libdyld.dylib
0x00000001aa0d7000 	/usr/lib/system/libkeymgr.dylib
0x00000001aa07f000 	/usr/lib/system/libmacho.dylib
0x00000001a9356000 	/usr/lib/system/libquarantine.dylib
0x00000001aa0d4000 	/usr/lib/system/libremovefile.dylib
0x00000001a0dbc000 	/usr/lib/system/libsystem_asl.dylib
0x000000019a2e5000 	/usr/lib/system/libsystem_blocks.dylib
0x000000019a4a3000 	/usr/lib/system/libsystem_c.dylib
0x00000001aa0cb000 	/usr/lib/system/libsystem_collections.dylib
0x00000001a7db8000 	/usr/lib/system/libsystem_configuration.dylib
0x00000001a6962000 	/usr/lib/system/libsystem_containermanager.dylib
0x00000001a9ae6000 	/usr/lib/system/libsystem_coreservices.dylib
0x000000019e5d1000 	/usr/lib/system/libsystem_darwin.dylib
0x0000000299d71000 	/usr/lib/system/libsystem_darwindirectory.dylib
0x00000001aa0d8000 	/usr/lib/system/libsystem_dnssd.dylib
0x0000000299d75000 	/usr/lib/system/libsystem_eligibility.dylib
0x000000019a4a0000 	/usr/lib/system/libsystem_featureflags.dylib
0x000000019a627000 	/usr/lib/system/libsystem_info.dylib
0x00000001aa040000 	/usr/lib/system/libsystem_m.dylib
0x000000019a40d000 	/usr/lib/system/libsystem_malloc.dylib
0x00000001a0d1e000 	/usr/lib/system/libsystem_networkextension.dylib
0x000000019ea42000 	/usr/lib/system/libsystem_notify.dylib
0x00000001a7dbd000 	/usr/lib/system/libsystem_sandbox.dylib
0x0000000299d7f000 	/usr/lib/system/libsystem_sanitizers.dylib
0x00000001aa0d0000 	/usr/lib/system/libsystem_secinit.dylib
0x000000019a5d4000 	/usr/lib/system/libsystem_kernel.dylib
0x000000019a61e000 	/usr/lib/system/libsystem_platform.dylib
0x000000019a611000 	/usr/lib/system/libsystem_pthread.dylib
0x00000001a2998000 	/usr/lib/system/libsystem_symptoms.dylib
0x000000019a33f000 	/usr/lib/system/libsystem_trace.dylib
0x0000000299d87000 	/usr/lib/system/libsystem_trial.dylib
0x00000001aa0aa000 	/usr/lib/system/libunwind.dylib
0x000000019a2e9000 	/usr/lib/system/libxpc.dylib
0x000000019a5b9000 	/usr/lib/libc++abi.dylib
0x00000002995b2000 	/usr/lib/libswiftPrespecialized.dylib
0x00000001aa0e9000 	/usr/lib/libfakelink.dylib
0x00000001a0962000 	/System/Library/Frameworks/CFNetwork.framework/Versions/A/CFNetwork
0x00000001aa13d000 	/usr/lib/libarchive.2.dylib
0x00000001b02bf000 	/System/Library/Frameworks/Combine.framework/Versions/A/Combine
0x0000000253f1a000 	/System/Library/PrivateFrameworks/CollectionsInternal.framework/Versions/A/CollectionsInternal
0x000000027b099000 	/System/Library/PrivateFrameworks/ReflectionInternal.framework/Versions/A/ReflectionInternal
0x000000027bf25000 	/System/Library/PrivateFrameworks/RuntimeInternal.framework/Versions/A/RuntimeInternal
0x00000001c3ec6000 	/usr/lib/swift/libswiftDarwin.dylib
0x00000002999e9000 	/usr/lib/swift/libswiftSystem.dylib
0x0000000299aa8000 	/usr/lib/swift/libswift_DarwinFoundation1.dylib
0x0000000299b89000 	/usr/lib/swift/libswift_StringProcessing.dylib
0x000000019e8d6000 	/System/Library/PrivateFrameworks/CoreServicesInternal.framework/Versions/A/CoreServicesInternal
0x00000001aa0b4000 	/usr/lib/liboah.dylib
0x00000001b65f1000 	/System/Library/PrivateFrameworks/DiskImages.framework/Versions/A/DiskImages
0x00000001c3988000 	/System/Library/Frameworks/NetFS.framework/Versions/A/NetFS
0x00000001a4b4a000 	/System/Library/Frameworks/CoreServices.framework/Versions/A/Frameworks/FSEvents.framework/Versions/A/FSEvents
0x000000019e5dc000 	/System/Library/Frameworks/CoreServices.framework/Versions/A/Frameworks/CarbonCore.framework/Versions/A/CarbonCore
0x00000001a3f0f000 	/System/Library/Frameworks/CoreServices.framework/Versions/A/Frameworks/Metadata.framework/Versions/A/Metadata
0x00000001a9aee000 	/System/Library/Frameworks/CoreServices.framework/Versions/A/Frameworks/OSServices.framework/Versions/A/OSServices
0x00000001aa235000 	/System/Library/Frameworks/CoreServices.framework/Versions/A/Frameworks/SearchKit.framework/Versions/A/SearchKit
0x00000001a2911000 	/System/Library/Frameworks/CoreServices.framework/Versions/A/Frameworks/AE.framework/Versions/A/AE
0x000000019aba1000 	/System/Library/Frameworks/CoreServices.framework/Versions/A/Frameworks/LaunchServices.framework/Versions/A/LaunchServices
0x00000001ab656000 	/System/Library/Frameworks/CoreServices.framework/Versions/A/Frameworks/DictionaryServices.framework/Versions/A/DictionaryServices
0x00000001a4b58000 	/System/Library/Frameworks/CoreServices.framework/Versions/A/Frameworks/SharedFileList.framework/Versions/A/SharedFileList
0x00000001aa2ca000 	/usr/lib/libapple_nghttp2.dylib
0x00000001a252b000 	/usr/lib/libsqlite3.dylib
0x00000001b6839000 	/System/Library/PrivateFrameworks/AppSupport.framework/Versions/A/AppSupport
0x00000001ae781000 	/System/Library/Frameworks/GSS.framework/Versions/A/GSS
0x00000001a28a5000 	/System/Library/PrivateFrameworks/RunningBoardServices.framework/Versions/A/RunningBoardServices
0x00000001b7132000 	/System/Library/PrivateFrameworks/StreamingZip.framework/Versions/A/StreamingZip
0x00000001a29a1000 	/System/Library/Frameworks/Network.framework/Versions/A/Network
0x00000001aa083000 	/usr/lib/system/libkxld.dylib
0x000000024f77b000 	/System/Library/PrivateFrameworks/AppleKeyStore.framework/Versions/A/AppleKeyStore
0x0000000298344000 	/usr/lib/libCoreEntitlements.dylib
0x0000000270f6b000 	/System/Library/PrivateFrameworks/MessageSecurity.framework/Versions/A/MessageSecurity
0x00000001a250f000 	/System/Library/PrivateFrameworks/ProtocolBuffer.framework/Versions/A/ProtocolBuffer
0x00000001b36df000 	/System/Library/PrivateFrameworks/SymptomDiagnosticReporter.framework/Versions/A/SymptomDiagnosticReporter
0x00000001ab89a000 	/System/Library/PrivateFrameworks/CrashReporterSupport.framework/Versions/A/CrashReporterSupport
0x00000001a9acd000 	/System/Library/PrivateFrameworks/AppleFSCompression.framework/Versions/A/AppleFSCompression
0x00000001a9366000 	/usr/lib/libcoretls.dylib
0x00000001ab6cd000 	/usr/lib/libcoretls_cfhelpers.dylib
0x00000001aa30c000 	/usr/lib/libpam.2.dylib
0x00000001ab73f000 	/usr/lib/libxar.1.dylib
0x00000001ab6cf000 	/System/Library/PrivateFrameworks/APFS.framework/Versions/A/APFS
0x00000002869d1000 	/System/Library/PrivateFrameworks/SwiftASN1Internal.framework/Versions/A/SwiftASN1Internal
0x00000001ab74e000 	/usr/lib/libutil.dylib
0x00000001a7dc6000 	/System/Library/PrivateFrameworks/AppleSystemInfo.framework/Versions/A/AppleSystemInfo
0x00000001a904e000 	/System/Library/PrivateFrameworks/IOMobileFramebuffer.framework/Versions/A/IOMobileFramebuffer
0x00000001c6ee5000 	/System/Library/PrivateFrameworks/LoggingSupport.framework/Versions/A/LoggingSupport
0x00000001ae7e4000 	/System/Library/PrivateFrameworks/MobileAsset.framework/Versions/A/MobileAsset
0x00000001b36ef000 	/System/Library/PrivateFrameworks/PowerLog.framework/Versions/A/PowerLog
0x0000000248c90000 	/System/Library/Frameworks/SwiftData.framework/Versions/A/SwiftData
0x00000001a4d7d000 	/System/Library/PrivateFrameworks/UserManagement.framework/Versions/A/UserManagement
0x00000001a088d000 	/usr/lib/libboringssl.dylib
0x00000001a2986000 	/usr/lib/libdns_services.dylib
0x00000001c5f1c000 	/usr/lib/libquic.dylib
0x00000001ad9df000 	/usr/lib/libusrtcp.dylib
0x000000025056d000 	/System/Library/PrivateFrameworks/AtomicsInternal.framework/Versions/A/AtomicsInternal
0x00000001ec892000 	/System/Library/PrivateFrameworks/InternalSwiftProtobuf.framework/Versions/A/InternalSwiftProtobuf
0x0000000299879000 	/usr/lib/swift/libswiftDistributed.dylib
0x00000001a7dc4000 	/System/Library/PrivateFrameworks/AggregateDictionary.framework/Versions/A/AggregateDictionary
0x0000000250d00000 	/System/Library/PrivateFrameworks/BiomeLibrary.framework/Versions/A/BiomeLibrary
0x00000001d5ca1000 	/System/Library/PrivateFrameworks/BiomeStreams.framework/Versions/A/BiomeStreams
0x00000001d1e6c000 	/System/Library/PrivateFrameworks/BiomeFoundation.framework/Versions/A/BiomeFoundation
0x00000001dbd62000 	/System/Library/PrivateFrameworks/BiomePubSub.framework/Versions/A/BiomePubSub
0x00000001b815e000 	/System/Library/PrivateFrameworks/ProactiveSupport.framework/Versions/A/ProactiveSupport
0x00000001ab6ae000 	/usr/lib/liblzma.5.dylib
0x00000001b6b54000 	/System/Library/PrivateFrameworks/InternationalTextSearch.framework/Versions/A/InternationalTextSearch
0x00000001ce370000 	/System/Library/PrivateFrameworks/SoftwareUpdateCoreSupport.framework/Versions/A/SoftwareUpdateCoreSupport
0x00000001d6725000 	/System/Library/PrivateFrameworks/SoftwareUpdateCoreConnect.framework/Versions/A/SoftwareUpdateCoreConnect
0x00000001b66ef000 	/System/Library/PrivateFrameworks/RemoteServiceDiscovery.framework/Versions/A/RemoteServiceDiscovery
0x00000001cdf67000 	/System/Library/PrivateFrameworks/MSUDataAccessor.framework/Versions/A/MSUDataAccessor
0x00000001c9041000 	/usr/lib/libbootpolicy.dylib
0x00000001b6706000 	/System/Library/PrivateFrameworks/RemoteXPC.framework/Versions/A/RemoteXPC
0x00000001d5b6d000 	/usr/lib/libFDR.dylib
0x00000001db983000 	/usr/lib/libamsupport.dylib
0x0000000298659000 	/usr/lib/libReverseProxyDevice.dylib
0x000000024f0a4000 	/System/Library/PrivateFrameworks/AppleDeviceQuerySupport.framework/Versions/A/AppleDeviceQuerySupport
0x00000001dea17000 	/usr/lib/libpartition2_dynamic.dylib
0x00000001aa2a6000 	/System/Library/PrivateFrameworks/AppleSauce.framework/Versions/A/AppleSauce
0x00000002981e5000 	/usr/lib/libAppleArchive.dylib
0x00000001a9ad9000 	/usr/lib/libbz2.1.0.dylib
0x00000001a3fa5000 	/System/Library/Frameworks/Accelerate.framework/Versions/A/Frameworks/vImage.framework/Versions/A/vImage
0x00000001b258e000 	/System/Library/Frameworks/Accelerate.framework/Versions/A/Frameworks/vecLib.framework/Versions/A/vecLib
0x00000001ab785000 	/System/Library/Frameworks/Accelerate.framework/Versions/A/Frameworks/vecLib.framework/Versions/A/libvMisc.dylib
0x000000019b0a1000 	/System/Library/Frameworks/Accelerate.framework/Versions/A/Frameworks/vecLib.framework/Versions/A/libBLAS.dylib
0x00000001a4cb7000 	/System/Library/Frameworks/CoreVideo.framework/Versions/A/CoreVideo
0x00000001ae388000 	/System/Library/Frameworks/ApplicationServices.framework/Versions/A/Frameworks/ATS.framework/Versions/A/ATS
0x00000001aca39000 	/System/Library/Frameworks/ApplicationServices.framework/Versions/A/Frameworks/PrintCore.framework/Versions/A/PrintCore
0x00000001ae74a000 	/System/Library/Frameworks/ApplicationServices.framework/Versions/A/Frameworks/QD.framework/Versions/A/QD
0x00000001ae745000 	/System/Library/Frameworks/ApplicationServices.framework/Versions/A/Frameworks/ColorSyncLegacy.framework/Versions/A/ColorSyncLegacy
0x00000001ae35a000 	/System/Library/Frameworks/ApplicationServices.framework/Versions/A/Frameworks/SpeechSynthesis.framework/Versions/A/SpeechSynthesis
0x00000001a6e8d000 	/System/Library/PrivateFrameworks/FontServices.framework/libFontParser.dylib
0x00000001b6415000 	/System/Library/PrivateFrameworks/BackBoardServices.framework/Versions/A/BackBoardServices
0x0000000250c19000 	/System/Library/PrivateFrameworks/BackBoardHIDEventFoundation.framework/Versions/A/BackBoardHIDEventFoundation
0x000000019d00c000 	/System/Library/Frameworks/CoreDisplay.framework/Versions/A/CoreDisplay
0x00000001ac370000 	/System/Library/Frameworks/VideoToolbox.framework/Versions/A/VideoToolbox
0x00000001aa30a000 	/System/Library/Frameworks/MetalPerformanceShaders.framework/Versions/A/MetalPerformanceShaders
0x000000027a105000 	/System/Library/PrivateFrameworks/ProDisplayLibrary.framework/Versions/A/ProDisplayLibrary
0x00000001ba1f5000 	/System/Library/PrivateFrameworks/IOSurfaceAccelerator.framework/Versions/A/IOSurfaceAccelerator
0x00000001a69b8000 	/System/Library/PrivateFrameworks/IOAccelerator.framework/Versions/A/IOAccelerator
0x00000001a6cd0000 	/System/Library/Frameworks/CoreMedia.framework/Versions/A/CoreMedia
0x00000001a0dd4000 	/System/Library/PrivateFrameworks/TCC.framework/Versions/A/TCC
0x00000001ac328000 	/System/Library/PrivateFrameworks/WatchdogClient.framework/Versions/A/WatchdogClient
0x00000001c6fff000 	/usr/lib/swift/libswiftCoreAudio.dylib
0x00000001e285f000 	/usr/lib/swift/libswiftCoreMedia.dylib
0x0000000299a03000 	/usr/lib/swift/libswiftVideoToolbox.dylib
0x00000001dbdc0000 	/System/Library/PrivateFrameworks/BiomeStorage.framework/Versions/A/BiomeStorage
0x000000026b5cb000 	/System/Library/PrivateFrameworks/IntelligencePlatformLibrary.framework/Versions/A/IntelligencePlatformLibrary
0x0000000279404000 	/System/Library/PrivateFrameworks/PoirotSchematizer.framework/Versions/A/PoirotSchematizer
0x0000000251548000 	/System/Library/PrivateFrameworks/BiomeSync.framework/Versions/A/BiomeSync
0x0000000250ce6000 	/System/Library/PrivateFrameworks/BiomeDSL.framework/Versions/A/BiomeDSL
0x000000027946e000 	/System/Library/PrivateFrameworks/PoirotUDFs.framework/Versions/A/PoirotUDFs
0x00000002793d3000 	/System/Library/PrivateFrameworks/PoirotSQLite.framework/Versions/A/PoirotSQLite
0x00000001b4b5f000 	/System/Library/PrivateFrameworks/CoreTime.framework/Versions/A/CoreTime
0x00000001aa122000 	/usr/lib/libiconv.2.dylib
0x00000001aa07e000 	/usr/lib/libcharset.1.dylib
0x0000000299ae9000 	/usr/lib/swift/libswift_RegexParser.dylib
0x0000000252b59000 	/System/Library/PrivateFrameworks/CascadeSets.framework/Versions/A/CascadeSets
0x00000001ae954000 	/System/Library/PrivateFrameworks/CorePhoneNumbers.framework/Versions/A/CorePhoneNumbers
0x00000001ac110000 	/System/Library/PrivateFrameworks/AppleJPEG.framework/Versions/A/AppleJPEG
0x00000001abaf2000 	/usr/lib/libexpat.1.dylib
0x00000001ac90c000 	/System/Library/Frameworks/ImageIO.framework/Versions/A/Resources/libPng.dylib
0x00000001ac938000 	/System/Library/Frameworks/ImageIO.framework/Versions/A/Resources/libTIFF.dylib
0x00000001aca22000 	/System/Library/Frameworks/ImageIO.framework/Versions/A/Resources/libGIF.dylib
0x00000001ac155000 	/System/Library/Frameworks/ImageIO.framework/Versions/A/Resources/libJP2.dylib
0x00000001ac9c8000 	/System/Library/Frameworks/ImageIO.framework/Versions/A/Resources/libJPEG.dylib
0x00000001ac9bf000 	/System/Library/Frameworks/ImageIO.framework/Versions/A/Resources/libRadiance.dylib
0x0000000261da9000 	/System/Library/PrivateFrameworks/GPUCompiler.framework/Versions/32023/Libraries/libllvm-flatbuffers.dylib
0x000000025c6b5000 	/System/Library/PrivateFrameworks/FramePacing.framework/Versions/A/FramePacing
0x000000023e7da000 	/System/Library/Frameworks/OpenGL.framework/Versions/A/Libraries/libCoreFSCache.dylib
0x000000025d7f6000 	/System/Library/PrivateFrameworks/GPUCompiler.framework/Versions/32023/Libraries/libGPUCompilerUtils.dylib
0x00000001b470f000 	/System/Library/PrivateFrameworks/GraphicsServices.framework/Versions/A/GraphicsServices
0x00000001b82ea000 	/System/Library/PrivateFrameworks/ASEProcessing.framework/Versions/A/ASEProcessing
0x00000001e8061000 	/System/Library/PrivateFrameworks/Symbolication.framework/Versions/A/Symbolication
0x0000000278ff0000 	/System/Library/PrivateFrameworks/PhotosensitivityProcessing.framework/Versions/A/PhotosensitivityProcessing
0x000000027c15e000 	/System/Library/PrivateFrameworks/SILManager.framework/Versions/A/SILManager
0x00000001abd24000 	/System/Library/PrivateFrameworks/GraphVisualizer.framework/Versions/A/GraphVisualizer
0x000000023e839000 	/System/Library/Frameworks/OpenGL.framework/Versions/A/Libraries/libGLU.dylib
0x000000023e7fc000 	/System/Library/Frameworks/OpenGL.framework/Versions/A/Libraries/libGFXShared.dylib
0x000000023e9c8000 	/System/Library/Frameworks/OpenGL.framework/Versions/A/Libraries/libGL.dylib
0x000000023e805000 	/System/Library/Frameworks/OpenGL.framework/Versions/A/Libraries/libGLImage.dylib
0x000000023e7f9000 	/System/Library/Frameworks/OpenGL.framework/Versions/A/Libraries/libCVMSPluginSupport.dylib
0x000000023e7e2000 	/System/Library/Frameworks/OpenGL.framework/Versions/A/Libraries/libCoreVMClient.dylib
0x000000025c5c0000 	/System/Library/PrivateFrameworks/FontServices.framework/Versions/A/FontServices
0x00000001abd34000 	/System/Library/PrivateFrameworks/OTSVG.framework/Versions/A/OTSVG
0x00000001a47fe000 	/System/Library/Frameworks/ApplicationServices.framework/Versions/A/Frameworks/ATS.framework/Versions/A/Resources/libFontRegistry.dylib
0x0000000298b69000 	/usr/lib/libhvf.dylib
0x0000000275e28000 	/System/Library/PrivateFrameworks/ParsingInternal.framework/Versions/A/ParsingInternal
0x000000025c5c4000 	/System/Library/PrivateFrameworks/FontServices.framework/libXTFontStaticRegistryData.dylib
0x00000001a7d03000 	/System/Library/Frameworks/MetalPerformanceShaders.framework/Versions/A/Frameworks/MPSCore.framework/Versions/A/MPSCore
0x00000001a9a38000 	/System/Library/Frameworks/MetalPerformanceShaders.framework/Versions/A/Frameworks/MPSImage.framework/Versions/A/MPSImage
0x00000001a9409000 	/System/Library/Frameworks/MetalPerformanceShaders.framework/Versions/A/Frameworks/MPSNeuralNetwork.framework/Versions/A/MPSNeuralNetwork
0x00000001a9841000 	/System/Library/Frameworks/MetalPerformanceShaders.framework/Versions/A/Frameworks/MPSMatrix.framework/Versions/A/MPSMatrix
0x00000001a9656000 	/System/Library/Frameworks/MetalPerformanceShaders.framework/Versions/A/Frameworks/MPSRayIntersector.framework/Versions/A/MPSRayIntersector
0x00000001a9873000 	/System/Library/Frameworks/MetalPerformanceShaders.framework/Versions/A/Frameworks/MPSNDArray.framework/Versions/A/MPSNDArray
0x0000000242971000 	/System/Library/Frameworks/MetalPerformanceShaders.framework/Versions/A/Frameworks/MPSFunctions.framework/Versions/A/MPSFunctions
0x0000000242952000 	/System/Library/Frameworks/MetalPerformanceShaders.framework/Versions/A/Frameworks/MPSBenchmarkLoop.framework/Versions/A/MPSBenchmarkLoop
0x0000000242986000 	/System/Library/Frameworks/MetalPerformanceShaders.framework/Versions/A/Frameworks/MPSHost.framework/Versions/A/MPSHost
0x000000019aebd000 	/System/Library/PrivateFrameworks/MetalTools.framework/Versions/A/MetalTools
0x00000001cc18a000 	/System/Library/PrivateFrameworks/IOAccelMemoryInfo.framework/Versions/A/IOAccelMemoryInfo
0x00000001da390000 	/System/Library/PrivateFrameworks/kperf.framework/Versions/A/kperf
0x00000001c6ffb000 	/System/Library/PrivateFrameworks/GPURawCounter.framework/Versions/A/GPURawCounter
0x00000001b4a48000 	/System/Library/PrivateFrameworks/CoreSymbolication.framework/Versions/A/CoreSymbolication
0x00000001c6f72000 	/System/Library/PrivateFrameworks/MallocStackLogging.framework/Versions/A/MallocStackLogging
0x00000001b4a25000 	/System/Library/PrivateFrameworks/DebugSymbols.framework/Versions/A/DebugSymbols
0x00000001d8bf6000 	/System/Library/PrivateFrameworks/OSAnalytics.framework/Versions/A/OSAnalytics
0x000000025a4ad000 	/System/Library/PrivateFrameworks/DeviceRecovery.framework/Versions/A/DeviceRecovery
0x0000000240788000 	/System/Library/Frameworks/ExtensionFoundation.framework/Versions/A/ExtensionFoundation
0x00000001abd75000 	/System/Library/PrivateFrameworks/AppServerSupport.framework/Versions/A/AppServerSupport
0x0000000241af0000 	/System/Library/Frameworks/LightweightCodeRequirements.framework/Versions/A/LightweightCodeRequirements
0x00000001ab9f1000 	/System/Library/PrivateFrameworks/PlugInKit.framework/Versions/A/PlugInKit
0x00000001a9277000 	/System/Library/PrivateFrameworks/AssertionServices.framework/Versions/A/AssertionServices
0x00000001abb17000 	/System/Library/PrivateFrameworks/IconFoundation.framework/Versions/A/IconFoundation
0x00000002684cd000 	/System/Library/PrivateFrameworks/IconRendering.framework/Versions/A/IconRendering
0x000000027c0d6000 	/System/Library/PrivateFrameworks/SFSymbols.framework/Versions/A/SFSymbols
0x000000019d130000 	/System/Library/PrivateFrameworks/AudioToolboxCore.framework/Versions/A/AudioToolboxCore
0x00000001ae2c2000 	/System/Library/PrivateFrameworks/AudioSession.framework/Versions/A/AudioSession
0x00000001b9536000 	/System/Library/Frameworks/CoreMIDI.framework/Versions/A/CoreMIDI
0x00000001ae341000 	/usr/lib/libAudioStatistics.dylib
0x00000001a6ca7000 	/System/Library/PrivateFrameworks/caulk.framework/Versions/A/caulk
0x00000001ac8e6000 	/usr/lib/libAudioToolboxUtility.dylib
0x00000001cd7b0000 	/usr/lib/swift/libswiftCoreMIDI.dylib
0x00000001ae753000 	/System/Library/PrivateFrameworks/perfdata.framework/Versions/A/perfdata
0x00000001c6019000 	/System/Library/PrivateFrameworks/SystemPolicy.framework/Versions/A/SystemPolicy
0x00000001ae5f8000 	/usr/lib/libSMC.dylib
0x00000001ae761000 	/usr/lib/libperfcheck.dylib
0x000000025062d000 	/System/Library/PrivateFrameworks/AudioAnalytics.framework/Versions/A/AudioAnalytics
0x0000000299aac000 	/usr/lib/swift/libswift_DarwinFoundation2.dylib
0x0000000299aad000 	/usr/lib/swift/libswift_DarwinFoundation3.dylib
0x00000001ec58f000 	/System/Library/Frameworks/OSLog.framework/Versions/A/OSLog
0x00000001c6fa4000 	/usr/lib/libmis.dylib
0x00000001abc35000 	/System/Library/PrivateFrameworks/MediaExperience.framework/Versions/A/MediaExperience
0x00000001ae090000 	/System/Library/PrivateFrameworks/AudioSession.framework/libSessionUtility.dylib
0x00000001aca28000 	/System/Library/PrivateFrameworks/CMCaptureCore.framework/Versions/A/CMCaptureCore
0x00000001b35d9000 	/System/Library/Frameworks/CoreBluetooth.framework/Versions/A/CoreBluetooth
0x00000001a90e3000 	/System/Library/PrivateFrameworks/CoreUtils.framework/Versions/A/CoreUtils
0x00000001bef59000 	/System/Library/PrivateFrameworks/HID.framework/Versions/A/HID
0x00000002598aa000 	/System/Library/PrivateFrameworks/CoreUtilsExtras.framework/Versions/A/CoreUtilsExtras
0x0000000268422000 	/System/Library/PrivateFrameworks/IO80211.framework/Versions/A/IO80211
0x00000001b0012000 	/System/Library/Frameworks/IOBluetooth.framework/Versions/A/IOBluetooth
0x000000025021b000 	/System/Library/PrivateFrameworks/ArgumentParserInternal.framework/Versions/A/ArgumentParserInternal
0x00000001ab891000 	/usr/lib/libIOReport.dylib
0x00000001a9286000 	/System/Library/Frameworks/SecurityFoundation.framework/Versions/A/SecurityFoundation
0x000000019b881000 	/System/Library/PrivateFrameworks/Lexicon.framework/Versions/A/Lexicon
0x00000001a93f1000 	/usr/lib/libgermantok.dylib
0x00000001a7eef000 	/System/Library/PrivateFrameworks/LinguisticData.framework/Versions/A/LinguisticData
0x00000001b37e1000 	/System/Library/PrivateFrameworks/MediaKit.framework/Versions/A/MediaKit
0x00000001b372c000 	/System/Library/Frameworks/DiscRecording.framework/Versions/A/DiscRecording
0x00000001abb0d000 	/usr/lib/libheimdal-asn1.dylib
0x00000001b7108000 	/System/Library/Frameworks/AudioUnit.framework/Versions/A/AudioUnit
0x00000001a4b1d000 	/System/Library/Frameworks/OpenDirectory.framework/Versions/A/OpenDirectory
0x00000001a4b2b000 	/System/Library/Frameworks/OpenDirectory.framework/Versions/A/Frameworks/CFOpenDirectory.framework/Versions/A/CFOpenDirectory
0x000000023ed4c000 	/System/Library/Frameworks/AVFAudio.framework/Versions/A/AVFAudio
0x00000001bff2a000 	/usr/lib/libAccessibility.dylib
0x000000026c172000 	/System/Library/PrivateFrameworks/IsolatedCoreAudioClient.framework/Versions/A/IsolatedCoreAudioClient
0x0000000289fac000 	/System/Library/PrivateFrameworks/Tightbeam.framework/Versions/A/Tightbeam
0x00000002557a8000 	/System/Library/PrivateFrameworks/CoreAudioOrchestration.framework/Versions/A/CoreAudioOrchestration
0x00000001def6a000 	/System/Library/PrivateFrameworks/AFKUser.framework/Versions/A/AFKUser
0x00000001b287b000 	/System/Library/Frameworks/MediaAccessibility.framework/Versions/A/MediaAccessibility
0x000000028e1cb000 	/System/Library/PrivateFrameworks/VideoToolboxParavirtualizationSupport.framework/Versions/A/VideoToolboxParavirtualizationSupport
0x00000001abaa9000 	/System/Library/PrivateFrameworks/AppleVA.framework/Versions/A/AppleVA
0x00000001ac9ba000 	/System/Library/PrivateFrameworks/GPUWrangler.framework/Versions/A/GPUWrangler
0x00000001ac99a000 	/System/Library/PrivateFrameworks/IOPresentment.framework/Versions/A/IOPresentment
0x00000001ac9c2000 	/System/Library/PrivateFrameworks/DSExternalDisplay.framework/Versions/A/DSExternalDisplay
0x0000000250072000 	/System/Library/PrivateFrameworks/AppleMobileFileIntegrity.framework/Versions/A/AppleMobileFileIntegrity
0x00000002986e6000 	/usr/lib/libTLE.dylib
0x00000001fd895000 	/System/Library/PrivateFrameworks/ConfigProfileHelper.framework/Versions/A/ConfigProfileHelper
0x00000001f26a2000 	/usr/lib/libedit.3.dylib
0x000000026d6f2000 	/System/Library/PrivateFrameworks/MIL.framework/Versions/A/MIL
0x00000001cc14d000 	/usr/lib/libncurses.5.4.dylib
0x00000001a9018000 	/System/Library/PrivateFrameworks/CoreEmoji.framework/Versions/A/CoreEmoji
0x000000019bb9d000 	/usr/lib/libCRFSuite.dylib
0x00000001a7dcd000 	/System/Library/PrivateFrameworks/CoreNLP.framework/Versions/A/CoreNLP
0x00000001a9390000 	/usr/lib/libmecab.dylib
0x00000001aa29d000 	/usr/lib/libThaiTokenizer.dylib
0x00000001eca5a000 	/System/Library/PrivateFrameworks/HIDDisplay.framework/Versions/A/HIDDisplay
0x00000001ac9f4000 	/System/Library/Frameworks/ApplicationServices.framework/Versions/A/Frameworks/ATSUI.framework/Versions/A/ATSUI
0x00000001ae6d9000 	/usr/lib/libcups.2.dylib
0x00000001ae76f000 	/System/Library/Frameworks/Kerberos.framework/Versions/A/Kerberos
0x00000001ae3d0000 	/usr/lib/libresolv.9.dylib
0x00000001abd89000 	/System/Library/PrivateFrameworks/Heimdal.framework/Versions/A/Heimdal
0x00000001b7107000 	/System/Library/Frameworks/Kerberos.framework/Versions/A/Libraries/libHeimdalProxy.dylib
0x00000001ae7d3000 	/System/Library/PrivateFrameworks/CommonAuth.framework/Versions/A/CommonAuth
0x00000001bfe25000 	/System/Library/PrivateFrameworks/AXCoreUtilities.framework/Versions/A/AXCoreUtilities
0x00000002980ff000 	/usr/lib/libAXSafeCategoryBundle.dylib
0x00000001a8ede000 	/System/Library/Frameworks/Accelerate.framework/Versions/A/Frameworks/vecLib.framework/Versions/A/libvDSP.dylib
0x00000001aa3ea000 	/System/Library/Frameworks/Accelerate.framework/Versions/A/Frameworks/vecLib.framework/Versions/A/libLAPACK.dylib
0x00000001a93f4000 	/System/Library/Frameworks/Accelerate.framework/Versions/A/Frameworks/vecLib.framework/Versions/A/libLinearAlgebra.dylib
0x00000001aa2e3000 	/System/Library/Frameworks/Accelerate.framework/Versions/A/Frameworks/vecLib.framework/Versions/A/libSparseBLAS.dylib
0x00000001aa3e5000 	/System/Library/Frameworks/Accelerate.framework/Versions/A/Frameworks/vecLib.framework/Versions/A/libQuadrature.dylib
0x00000001a7ef6000 	/System/Library/Frameworks/Accelerate.framework/Versions/A/Frameworks/vecLib.framework/Versions/A/libBNNS.dylib
0x000000019b996000 	/System/Library/Frameworks/Accelerate.framework/Versions/A/Frameworks/vecLib.framework/Versions/A/libSparse.dylib
0x00000001ae738000 	/System/Library/PrivateFrameworks/NetAuth.framework/Versions/A/NetAuth
0x00000001a4d3c000 	/System/Library/PrivateFrameworks/login.framework/Versions/A/Frameworks/loginsupport.framework/Versions/A/loginsupport
0x00000001a935a000 	/usr/lib/libCheckFix.dylib
0x00000001a3ea9000 	/System/Library/PrivateFrameworks/MetadataUtilities.framework/Versions/A/MetadataUtilities
0x0000000268eea000 	/System/Library/PrivateFrameworks/InstalledContentLibrary.framework/Versions/A/InstalledContentLibrary
0x000000019e917000 	/System/Library/PrivateFrameworks/CoreServicesStore.framework/Versions/A/CoreServicesStore
0x00000001da497000 	/System/Library/PrivateFrameworks/MobileSystemServices.framework/Versions/A/MobileSystemServices
0x00000001ab752000 	/usr/lib/libxslt.1.dylib
0x00000001a9319000 	/System/Library/PrivateFrameworks/BackgroundTaskManagement.framework/Versions/A/BackgroundTaskManagement
0x00000001b67b1000 	/usr/lib/libcurl.4.dylib
0x000000029891f000 	/usr/lib/libcrypto.46.dylib
0x000000029953f000 	/usr/lib/libssl.48.dylib
0x00000001b6487000 	/System/Library/Frameworks/LDAP.framework/Versions/A/LDAP
0x00000001b64c3000 	/System/Library/PrivateFrameworks/TrustEvaluationAgent.framework/Versions/A/TrustEvaluationAgent
0x00000001ae3ed000 	/usr/lib/libsasl2.2.dylib
0x00000001c3ec5000 	/usr/lib/swift/libswiftCoreGraphics.dylib
0x00000001b2f77000 	/usr/lib/swift/libswiftFoundation.dylib
0x00000001fd251000 	/usr/lib/swift/libswiftSwiftOnoneSupport.dylib
0x0000000299c1e000 	/usr/lib/swift/libswiftsys_time.dylib
0x00000001e881e000 	/System/Library/PrivateFrameworks/CoreMaterial.framework/Versions/A/CoreMaterial
0x0000000299964000 	/usr/lib/swift/libswiftSpatial.dylib
0x00000002986e3000 	/usr/lib/libSpatial.dylib
0x000000029801d000 	/System/Library/SubFrameworks/UIUtilities.framework/Versions/A/UIUtilities
0x000000010a1b4000 	/Users/mattias800/Library/Java/JavaVirtualMachines/ms-21.0.10/Contents/Home/lib/server/libjvm.dylib
0x0000000104540000 	/Users/mattias800/Library/Java/JavaVirtualMachines/ms-21.0.10/Contents/Home/lib/libjimage.dylib
0x00000001045cc000 	/Users/mattias800/Library/Java/JavaVirtualMachines/ms-21.0.10/Contents/Home/lib/libjava.dylib
0x0000000109d38000 	/Users/mattias800/Library/Java/JavaVirtualMachines/ms-21.0.10/Contents/Home/lib/libnio.dylib
0x0000000109d5c000 	/Users/mattias800/Library/Java/JavaVirtualMachines/ms-21.0.10/Contents/Home/lib/libnet.dylib
0x0000000109d7c000 	/Users/mattias800/Library/Java/JavaVirtualMachines/ms-21.0.10/Contents/Home/lib/libzip.dylib
0x0000000109eb8000 	/private/var/folders/00/y_pwwndd1hj9rnmh0xwj36v80000gn/T/sqlite-3.51.0.0-6634748e-80d3-4131-8459-af14a7a13fd8-libsqlitejdbc.dylib
0x0000000109fc8000 	/Users/mattias800/Library/Java/JavaVirtualMachines/ms-21.0.10/Contents/Home/lib/libawt.dylib
0x0000000109e28000 	/Users/mattias800/Library/Java/JavaVirtualMachines/ms-21.0.10/Contents/Home/lib/libmlib_image.dylib
0x0000000241ae7000 	/System/Library/Frameworks/JavaRuntimeSupport.framework/Versions/A/JavaRuntimeSupport
0x00000001c59ea000 	/System/Library/Frameworks/Carbon.framework/Versions/A/Carbon
0x00000001bbd21000 	/System/Library/Frameworks/Carbon.framework/Versions/A/Frameworks/CommonPanels.framework/Versions/A/CommonPanels
0x00000001b679c000 	/System/Library/Frameworks/Carbon.framework/Versions/A/Frameworks/Help.framework/Versions/A/Help
0x00000001bbd25000 	/System/Library/Frameworks/Carbon.framework/Versions/A/Frameworks/ImageCapture.framework/Versions/A/ImageCapture
0x00000001bbd00000 	/System/Library/Frameworks/Carbon.framework/Versions/A/Frameworks/OpenScripting.framework/Versions/A/OpenScripting
0x00000001bbd20000 	/System/Library/Frameworks/Carbon.framework/Versions/A/Frameworks/Ink.framework/Versions/A/Ink
0x00000001bbd1d000 	/System/Library/Frameworks/Carbon.framework/Versions/A/Frameworks/SecurityHI.framework/Versions/A/SecurityHI
0x0000000298541000 	/usr/lib/libInterpreterSecurity.dylib
0x00000001dc0d0000 	/System/Library/PrivateFrameworks/XprotectFramework.framework/Versions/A/XprotectFramework
0x00000001bf26e000 	/System/Library/PrivateFrameworks/yara.framework/Versions/A/yara
0x00000002984bd000 	/usr/lib/libEndpointSecuritySystem.dylib
0x000000011c5c0000 	/Users/mattias800/Library/Java/JavaVirtualMachines/ms-21.0.10/Contents/Home/lib/libawt_lwawt.dylib
0x0000000109da8000 	/Users/mattias800/Library/Java/JavaVirtualMachines/ms-21.0.10/Contents/Home/lib/libosxapp.dylib
0x00000001c3f2c000 	/System/Library/Frameworks/ExceptionHandling.framework/Versions/A/ExceptionHandling
0x000000011c848000 	/Users/mattias800/Library/Java/JavaVirtualMachines/ms-21.0.10/Contents/Home/lib/libfontmanager.dylib
0x000000011c6f8000 	/Users/mattias800/Library/Java/JavaVirtualMachines/ms-21.0.10/Contents/Home/lib/libfreetype.dylib
0x000000010a174000 	/Users/mattias800/Library/Java/JavaVirtualMachines/ms-21.0.10/Contents/Home/lib/libextnet.dylib
0x00000001a49da000 	/System/Library/PrivateFrameworks/ViewBridge.framework/Versions/A/ViewBridge
0x000000023f01c000 	/System/Library/Frameworks/AppIntents.framework/Versions/A/AppIntents
0x0000000248507000 	/System/Library/Frameworks/RelevanceKit.framework/Versions/A/RelevanceKit
0x00000001a9ee2000 	/System/Library/Frameworks/CoreSpotlight.framework/Versions/A/CoreSpotlight
0x000000026d205000 	/System/Library/PrivateFrameworks/LinkServices.framework/Versions/A/LinkServices
0x000000025a9c8000 	/System/Library/PrivateFrameworks/DoNotDisturb.framework/Versions/A/DoNotDisturb
0x000000026d060000 	/System/Library/PrivateFrameworks/LinkMetadata.framework/Versions/A/LinkMetadata
0x00000001c7026000 	/usr/lib/swift/libswiftIntents.dylib
0x00000001cc2a7000 	/System/Library/PrivateFrameworks/IntentsCore.framework/Versions/A/IntentsCore
0x0000000250b07000 	/System/Library/PrivateFrameworks/AvailabilityKit.framework/Versions/A/AvailabilityKit
0x000000024de49000 	/System/Library/PrivateFrameworks/AppIntentSchemas.framework/Versions/A/AppIntentSchemas
0x0000000262317000 	/System/Library/PrivateFrameworks/GRDBInternal.framework/Versions/A/GRDBInternal
0x0000000286184000 	/System/Library/PrivateFrameworks/StatusKit.framework/Versions/A/StatusKit
0x00000001b3b10000 	/System/Library/PrivateFrameworks/GenerationalStorage.framework/Versions/A/GenerationalStorage
0x00000001b3938000 	/System/Library/Frameworks/FileProvider.framework/Versions/A/FileProvider
0x00000001a03af000 	/System/Library/PrivateFrameworks/DesktopServicesPriv.framework/Versions/A/DesktopServicesPriv
0x00000001a2713000 	/System/Library/Frameworks/Accounts.framework/Versions/A/Accounts
0x00000001c6a92000 	/System/Library/PrivateFrameworks/FTServices.framework/Versions/A/FTServices
0x00000001bef17000 	/System/Library/PrivateFrameworks/CloudServices.framework/Versions/A/CloudServices
0x00000001b5fd1000 	/System/Library/PrivateFrameworks/CoreWiFi.framework/Versions/A/CoreWiFi
0x00000001a66e2000 	/System/Library/Frameworks/CoreLocation.framework/Versions/A/CoreLocation
0x00000001b5967000 	/System/Library/Frameworks/Intents.framework/Versions/A/Intents
0x000000024acce000 	/System/Library/Frameworks/_LocationEssentials.framework/Versions/A/_LocationEssentials
0x00000001a9e91000 	/System/Library/Frameworks/UserNotifications.framework/Versions/A/UserNotifications
0x00000001a9b21000 	/System/Library/PrivateFrameworks/AuthKit.framework/Versions/A/AuthKit
0x00000001afc1d000 	/System/Library/PrivateFrameworks/Sharing.framework/Versions/A/Sharing
0x00000001af79c000 	/System/Library/PrivateFrameworks/IDSFoundation.framework/Versions/A/IDSFoundation
0x00000001b5fd0000 	/System/Library/PrivateFrameworks/Apple80211.framework/Versions/A/Apple80211
0x00000001a9060000 	/System/Library/Frameworks/CoreWLAN.framework/Versions/A/CoreWLAN
0x00000001cd791000 	/usr/lib/swift/libswiftCoreLocation.dylib
0x00000001adfde000 	/System/Library/PrivateFrameworks/IMFoundation.framework/Versions/A/IMFoundation
0x00000001bf26d000 	/System/Library/PrivateFrameworks/Marco.framework/Versions/A/Marco
0x00000001a279d000 	/System/Library/PrivateFrameworks/CommonUtilities.framework/Versions/A/CommonUtilities
0x00000001bbce8000 	/System/Library/PrivateFrameworks/Engram.framework/Versions/A/Engram
0x00000002998c3000 	/usr/lib/swift/libswiftRegexBuilder.dylib
0x00000001bbc86000 	/usr/lib/libtidy.A.dylib
0x00000001ac09a000 	/System/Library/PrivateFrameworks/Bom.framework/Versions/A/Bom
0x00000001ae40e000 	/usr/lib/libParallelCompression.dylib
0x00000001f47b7000 	/System/Library/PrivateFrameworks/WiFiPeerToPeer.framework/Versions/A/WiFiPeerToPeer
0x0000000252bf9000 	/System/Library/PrivateFrameworks/Centauri.framework/Versions/A/Centauri
0x0000000299053000 	/usr/lib/libmrc.dylib
0x000000026848c000 	/System/Library/PrivateFrameworks/IPConfiguration.framework/Versions/A/IPConfiguration
0x00000001e87e0000 	/System/Library/PrivateFrameworks/Netrb.framework/Versions/A/Netrb
0x00000001ae400000 	/System/Library/PrivateFrameworks/MultiverseSupport.framework/Versions/A/MultiverseSupport
0x00000001b3813000 	/System/Library/PrivateFrameworks/DiskManagement.framework/Versions/A/DiskManagement
0x00000001b371f000 	/System/Library/PrivateFrameworks/AppleIDAuthSupport.framework/Versions/A/AppleIDAuthSupport
0x000000024b5ae000 	/System/Library/PrivateFrameworks/AAAFoundation.framework/Versions/A/AAAFoundation
0x00000001ae912000 	/System/Library/PrivateFrameworks/KeychainCircle.framework/Versions/A/KeychainCircle
0x00000001bfe1b000 	/System/Library/PrivateFrameworks/URLFormatting.framework/Versions/A/URLFormatting
0x00000001b67a5000 	/usr/lib/libcsfde.dylib
0x00000001aba3b000 	/usr/lib/libCoreStorage.dylib
0x00000001b00e9000 	/System/Library/PrivateFrameworks/ProtectedCloudStorage.framework/Versions/A/ProtectedCloudStorage
0x00000001b67a0000 	/System/Library/PrivateFrameworks/EFILogin.framework/Versions/A/EFILogin
0x00000001b3b37000 	/System/Library/PrivateFrameworks/OctagonTrust.framework/Versions/A/OctagonTrust
0x00000001b03b6000 	/System/Library/PrivateFrameworks/GeoServices.framework/Versions/A/GeoServices
0x00000001ae057000 	/System/Library/PrivateFrameworks/LocationSupport.framework/Versions/A/LocationSupport
0x0000000265495000 	/System/Library/PrivateFrameworks/GeoServicesCore.framework/Versions/A/GeoServicesCore
0x00000001bfe19000 	/System/Library/PrivateFrameworks/PhoneNumbers.framework/Versions/A/PhoneNumbers
0x000000026d5e3000 	/System/Library/PrivateFrameworks/LocationLogEncryption.framework/Versions/A/LocationLogEncryption
0x00000001af5bb000 	/System/Library/PrivateFrameworks/IDS.framework/Versions/A/IDS
0x00000001ef472000 	/System/Library/Frameworks/CryptoKit.framework/Versions/A/CryptoKit
0x00000001b7103000 	/System/Library/PrivateFrameworks/CryptoKitCBridging.framework/Versions/A/CryptoKitCBridging
0x00000001b4721000 	/System/Library/Frameworks/CryptoTokenKit.framework/Versions/A/CryptoTokenKit
0x00000001d56ba000 	/System/Library/PrivateFrameworks/FTAWD.framework/Versions/A/FTAWD
0x000000019ea54000 	/usr/lib/libsandbox.1.dylib
0x00000001aba33000 	/usr/lib/libMatch.1.dylib
0x00000001b71c6000 	/System/Library/PrivateFrameworks/IntentsFoundation.framework/Versions/A/IntentsFoundation
0x000000011c82c000 	/usr/lib/libobjc-trampolines.dylib
0x00000001d0d4a000 	/System/Library/CoreServices/RawCamera.bundle/Contents/MacOS/RawCamera
0x00000001acf18000 	/System/Library/Frameworks/MediaToolbox.framework/Versions/A/MediaToolbox
0x00000001b3909000 	/System/Library/PrivateFrameworks/CoreAVCHD.framework/Versions/A/CoreAVCHD
0x00000001b3905000 	/System/Library/PrivateFrameworks/Mangrove.framework/Versions/A/Mangrove
0x0000000252275000 	/System/Library/PrivateFrameworks/CMPhoto.framework/Versions/A/CMPhoto
0x00000001b40ef000 	/System/Library/Frameworks/CoreTelephony.framework/Versions/A/CoreTelephony
0x00000001b38f8000 	/System/Library/PrivateFrameworks/CoreAUC.framework/Versions/A/CoreAUC
0x000000024f5a6000 	/System/Library/PrivateFrameworks/AppleJPEGXL.framework/Versions/A/AppleJPEGXL
0x00000001ae964000 	/usr/lib/libTelephonyUtilDynamic.dylib
0x000000024abd8000 	/System/Library/Frameworks/_AppIntents_AppKit.framework/Versions/A/_AppIntents_AppKit
0x00000001cd776000 	/System/Library/Frameworks/Accelerate.framework/Versions/A/Frameworks/vImage.framework/Versions/A/Libraries/libCGInterfaces.dylib
0x0000000298103000 	/usr/lib/libAccessibilityBaseImplementations.dylib
0x00000002924cf000 	/System/Library/PrivateFrameworks/WritingToolsUI.framework/Versions/A/WritingToolsUI
0x0000000264e77000 	/System/Library/PrivateFrameworks/GenerativeAssistantSettings.framework/Versions/A/GenerativeAssistantSettings
0x0000000287f2a000 	/System/Library/PrivateFrameworks/TextComposer.framework/Versions/A/TextComposer
0x0000000264e4d000 	/System/Library/PrivateFrameworks/GenerativeAssistantCommon.framework/Versions/A/GenerativeAssistantCommon
0x00000001ce82c000 	/System/Library/Frameworks/SwiftUI.framework/Versions/A/SwiftUI
0x000000024ac17000 	/System/Library/Frameworks/_AuthenticationServices_SwiftUI.framework/Versions/A/_AuthenticationServices_SwiftUI
0x000000024db7e000 	/System/Library/PrivateFrameworks/Anvil.framework/Versions/A/Anvil
0x00000001cddd9000 	/System/Library/PrivateFrameworks/AppStoreDaemon.framework/Versions/A/AppStoreDaemon
0x00000001b9779000 	/System/Library/PrivateFrameworks/AppleMediaServices.framework/Versions/A/AppleMediaServices
0x0000000265320000 	/System/Library/PrivateFrameworks/GenerativePartnerServiceUI.framework/Versions/A/GenerativePartnerServiceUI
0x00000001fc7bb000 	/System/Library/PrivateFrameworks/JetEngine.framework/Versions/A/JetEngine
0x00000002652fd000 	/System/Library/PrivateFrameworks/GenerativePartnerService.framework/Versions/A/GenerativePartnerService
0x00000001c6c28000 	/System/Library/Frameworks/SafariServices.framework/Versions/A/SafariServices
0x00000001c3fa5000 	/System/Library/Frameworks/WebKit.framework/Versions/A/WebKit
0x00000001ca171000 	/System/Library/PrivateFrameworks/AppleMediaServicesUI.framework/Versions/A/AppleMediaServicesUI
0x00000001c7909000 	/System/Library/PrivateFrameworks/OnBoardingKit.framework/Versions/A/OnBoardingKit
0x000000027db24000 	/System/Library/PrivateFrameworks/Settings.framework/Versions/A/Settings
0x00000002408be000 	/System/Library/Frameworks/ExtensionKit.framework/Versions/A/ExtensionKit
0x0000000240902000 	/System/Library/Frameworks/FSKit.framework/Versions/A/FSKit
0x000000026d394000 	/System/Library/PrivateFrameworks/LiveFS.framework/Versions/A/LiveFS
0x0000000287e07000 	/System/Library/PrivateFrameworks/TextAnimationSupport.framework/Versions/A/TextAnimationSupport
0x000000027b00c000 	/System/Library/PrivateFrameworks/RecapPerformanceTesting.framework/Versions/A/RecapPerformanceTesting
0x00000001c78f9000 	/System/Library/PrivateFrameworks/SignpostCollection.framework/Versions/A/SignpostCollection
0x00000001b910a000 	/System/Library/Frameworks/WebKit.framework/Versions/A/Frameworks/WebKitLegacy.framework/Versions/A/WebKitLegacy
0x00000001b6ee6000 	/System/Library/PrivateFrameworks/CorePrediction.framework/Versions/A/CorePrediction
0x00000001a5acb000 	/System/Library/Frameworks/WebKit.framework/Versions/A/Frameworks/WebCore.framework/Versions/A/Frameworks/libwebrtc.dylib
0x00000001c3f2f000 	/System/Library/PrivateFrameworks/SafariSafeBrowsing.framework/Versions/A/SafariSafeBrowsing
0x00000001ae476000 	/System/Library/Frameworks/SecurityInterface.framework/Versions/A/SecurityInterface
0x00000001c7908000 	/System/Library/PrivateFrameworks/WebInspectorUI.framework/Versions/A/WebInspectorUI
0x00000001bbd28000 	/System/Library/Frameworks/JavaScriptCore.framework/Versions/A/JavaScriptCore
0x00000001bff60000 	/System/Library/Frameworks/WebKit.framework/Versions/A/Frameworks/WebCore.framework/Versions/A/WebCore
0x000000023fa90000 	/System/Library/Frameworks/BrowserEngineCore.framework/Versions/A/BrowserEngineCore
0x000000024a795000 	/System/Library/Frameworks/WebKit.framework/Versions/A/Frameworks/WebCore.framework/Versions/A/Frameworks/libANGLE-shared.dylib
0x0000000290d71000 	/System/Library/PrivateFrameworks/WebGPU.framework/Versions/A/WebGPU
0x00000001c97e4000 	/System/Library/Frameworks/SceneKit.framework/Versions/A/SceneKit
0x00000001dacf0000 	/System/Library/Frameworks/ModelIO.framework/Versions/A/ModelIO
0x00000001b01e0000 	/System/Library/Frameworks/MetalKit.framework/Versions/A/MetalKit
0x00000001b24b4000 	/System/Library/Frameworks/GLKit.framework/Versions/A/GLKit
0x0000000299f5e000 	/usr/lib/usd/libusd_ms.dylib
0x000000028c1d7000 	/System/Library/PrivateFrameworks/USDLib_FormatLoaderProxy.framework/Versions/A/USDLib_FormatLoaderProxy
0x0000000299c19000 	/usr/lib/swift/libswift_errno.dylib
0x00000001c6a73000 	/System/Library/PrivateFrameworks/CoreOptimization.framework/Versions/A/CoreOptimization
0x00000002509bf000 	/System/Library/PrivateFrameworks/AuthenticationServicesCore.framework/Versions/A/AuthenticationServicesCore
0x00000001d11d0000 	/System/Library/Frameworks/AuthenticationServices.framework/Versions/A/AuthenticationServices
0x00000001ab9cd000 	/System/Library/PrivateFrameworks/SharedWebCredentials.framework/Versions/A/SharedWebCredentials
0x00000001c8797000 	/System/Library/PrivateFrameworks/SafariCore.framework/Versions/A/SafariCore
0x00000001d0cf4000 	/System/Library/PrivateFrameworks/SafariFoundation.framework/Versions/A/SafariFoundation
0x00000001b3237000 	/System/Library/Frameworks/Contacts.framework/Versions/A/Contacts
0x0000000251c10000 	/System/Library/PrivateFrameworks/CBORLibrary.framework/Versions/A/CBORLibrary
0x0000000252c38000 	/System/Library/PrivateFrameworks/Chirp.framework/Versions/A/Chirp
0x0000000253835000 	/System/Library/PrivateFrameworks/CloudSubscriptionFeatures.framework/Versions/A/CloudSubscriptionFeatures
0x00000001b2f78000 	/System/Library/PrivateFrameworks/ContactsFoundation.framework/Versions/A/ContactsFoundation
0x00000001fdbc5000 	/System/Library/PrivateFrameworks/RemoteManagement.framework/Versions/A/RemoteManagement
0x000000027b39a000 	/System/Library/PrivateFrameworks/RemoteManagementModel.framework/Versions/A/RemoteManagementModel
0x000000027b42b000 	/System/Library/PrivateFrameworks/RemoteManagementStore.framework/Versions/A/RemoteManagementStore
0x00000001b01fe000 	/usr/lib/libxcselect.dylib
0x00000001d0c62000 	/System/Library/PrivateFrameworks/DifferentialPrivacy.framework/Versions/A/DifferentialPrivacy
0x000000026fe6f000 	/System/Library/PrivateFrameworks/ManagedSettingsObjC.framework/Versions/A/ManagedSettingsObjC
0x000000026d5e8000 	/System/Library/PrivateFrameworks/LockdownMode.framework/Versions/A/LockdownMode
0x000000028ce1f000 	/System/Library/PrivateFrameworks/VDAF.framework/Versions/A/VDAF
0x00000001b3050000 	/System/Library/PrivateFrameworks/ContactsPersistence.framework/Versions/A/ContactsPersistence
0x00000001b21ae000 	/System/Library/PrivateFrameworks/AppleLDAP.framework/Versions/A/AppleLDAP
0x00000001b6b57000 	/System/Library/Frameworks/ClassKit.framework/Versions/A/ClassKit
0x00000001b8e08000 	/System/Library/PrivateFrameworks/CoreSuggestions.framework/Versions/A/CoreSuggestions
0x00000001b46cf000 	/System/Library/PrivateFrameworks/vCard.framework/Versions/A/vCard
0x00000002544bf000 	/System/Library/PrivateFrameworks/ContactsMetrics.framework/Versions/A/ContactsMetrics
0x00000001abe4a000 	/System/Library/PrivateFrameworks/login.framework/Versions/A/login
0x000000026fe69000 	/System/Library/PrivateFrameworks/ManagedOrganizationContacts.framework/Versions/A/ManagedOrganizationContacts
0x00000001a51c0000 	/System/Library/PrivateFrameworks/CloudDocs.framework/Versions/A/CloudDocs
0x00000001bf7db000 	/System/Library/PrivateFrameworks/ProactiveEventTracker.framework/Versions/A/ProactiveEventTracker
0x00000001ae4b0000 	/System/Library/PrivateFrameworks/CoreFollowUp.framework/Versions/A/CoreFollowUp
0x00000001b8326000 	/System/Library/PrivateFrameworks/ConfigurationProfiles.framework/Versions/A/ConfigurationProfiles
0x0000000259b2e000 	/System/Library/PrivateFrameworks/DMCUtilities.framework/Versions/A/DMCUtilities
0x000000026d669000 	/System/Library/PrivateFrameworks/MDMClientLibrary.framework/Versions/A/MDMClientLibrary
0x000000027b41f000 	/System/Library/PrivateFrameworks/RemoteManagementProtocol.framework/Versions/A/RemoteManagementProtocol
0x00000001b2893000 	/System/Library/PrivateFrameworks/SystemAdministration.framework/Versions/A/SystemAdministration
0x00000001bd75b000 	/System/Library/PrivateFrameworks/PowerlogControl.framework/Versions/A/PowerlogControl
0x00000001bd75d000 	/usr/lib/libUniversalAccess.dylib
0x00000001ba200000 	/System/Library/PrivateFrameworks/FamilyControls.framework/Versions/A/FamilyControls
0x00000001b2183000 	/System/Library/Frameworks/DirectoryService.framework/Versions/A/DirectoryService
0x00000001b6833000 	/System/Library/PrivateFrameworks/LoginUIKit.framework/Versions/A/Frameworks/LoginUICore.framework/Versions/A/LoginUICore
0x00000001ac098000 	/usr/lib/libodfde.dylib
0x00000001ba1fa000 	/System/Library/PrivateFrameworks/UniversalAccess.framework/Versions/A/Libraries/libUAPreferences.dylib
0x00000001ba224000 	/System/Library/PrivateFrameworks/CommerceKit.framework/Versions/A/Frameworks/CommerceCore.framework/Versions/A/CommerceCore
0x0000000259a9a000 	/System/Library/PrivateFrameworks/DEPClientLibrary.framework/Versions/A/DEPClientLibrary
0x0000000259ac3000 	/System/Library/PrivateFrameworks/DMCEnrollmentLibrary.framework/Versions/A/DMCEnrollmentLibrary
0x00000001bd844000 	/System/Library/PrivateFrameworks/SetupAssistantFramework.framework/Versions/A/SetupAssistantFramework
0x00000001b6f3e000 	/System/Library/PrivateFrameworks/AuthKitUI.framework/Versions/A/AuthKitUI
0x00000001b687d000 	/System/Library/PrivateFrameworks/AppSSO.framework/Versions/A/AppSSO
0x00000001cdb35000 	/System/Library/PrivateFrameworks/LocalAuthenticationUI.framework/Versions/A/LocalAuthenticationUI
0x000000027904c000 	/System/Library/PrivateFrameworks/PlatformSSO.framework/Versions/A/PlatformSSO
0x000000027913a000 	/System/Library/PrivateFrameworks/PlatformSSOCore.framework/Versions/A/PlatformSSOCore
0x0000000241b76000 	/System/Library/Frameworks/LocalAuthenticationEmbeddedUI.framework/Versions/A/LocalAuthenticationEmbeddedUI
0x00000001ce5f1000 	/System/Library/PrivateFrameworks/AOSUI.framework/Versions/A/AOSUI
0x00000001bf5a3000 	/System/Library/Frameworks/ContactsUI.framework/Versions/A/ContactsUI
0x00000001b34c8000 	/System/Library/PrivateFrameworks/FamilyCircle.framework/Versions/A/FamilyCircle
0x00000001dc4ba000 	/System/Library/Frameworks/LinkPresentation.framework/Versions/A/LinkPresentation
0x00000001bf154000 	/System/Library/PrivateFrameworks/IASUtilities.framework/Versions/A/IASUtilities
0x0000000268355000 	/System/Library/PrivateFrameworks/IASUtilitiesCore.framework/Versions/A/IASUtilitiesCore
0x000000027b495000 	/System/Library/PrivateFrameworks/RemoteUI.framework/Versions/A/RemoteUI
0x000000026c9f7000 	/System/Library/PrivateFrameworks/LiftUI.framework/Versions/A/LiftUI
0x0000000292add000 	/System/Library/PrivateFrameworks/_IconServices_SwiftUI.framework/Versions/A/_IconServices_SwiftUI
0x0000000253774000 	/System/Library/PrivateFrameworks/CloudSettings.framework/Versions/A/CloudSettings
0x00000001b8ed9000 	/System/Library/Frameworks/EventKit.framework/Versions/A/EventKit
0x00000001c7b1d000 	/System/Library/PrivateFrameworks/SearchFoundation.framework/Versions/A/SearchFoundation
0x00000001de585000 	/System/Library/PrivateFrameworks/Email.framework/Versions/A/Email
0x00000001c6675000 	/System/Library/PrivateFrameworks/CoreRoutine.framework/Versions/A/CoreRoutine
0x00000001fd532000 	/System/Library/PrivateFrameworks/VoiceShortcutClient.framework/Versions/A/VoiceShortcutClient
0x00000001d6255000 	/System/Library/PrivateFrameworks/Categories.framework/Versions/A/Categories
0x00000001ce4a0000 	/System/Library/PrivateFrameworks/ChronoServices.framework/Versions/A/ChronoServices
0x00000002526b9000 	/System/Library/PrivateFrameworks/CalendarDatabase.framework/Versions/A/CalendarDatabase
0x0000000252602000 	/System/Library/PrivateFrameworks/CalendarDaemon.framework/Versions/A/CalendarDaemon
0x00000001b8249000 	/System/Library/PrivateFrameworks/CalendarFoundation.framework/Versions/A/CalendarFoundation
0x00000001b8205000 	/System/Library/PrivateFrameworks/iCalendar.framework/Versions/A/iCalendar
0x0000000259d2d000 	/System/Library/PrivateFrameworks/DataAccessExpress.framework/Versions/A/DataAccessExpress
0x00000001bf705000 	/System/Library/PrivateFrameworks/ContactsAutocomplete.framework/Versions/A/ContactsAutocomplete
0x00000001ce3ed000 	/System/Library/PrivateFrameworks/FTClientServices.framework/Versions/A/FTClientServices
0x0000000275493000 	/System/Library/PrivateFrameworks/OSEligibility.framework/Versions/A/OSEligibility
0x000000028675f000 	/System/Library/PrivateFrameworks/StorageContainersPrivate.framework/Versions/A/StorageContainersPrivate
0x0000000299874000 	/usr/lib/swift/libswiftCoreMediaIO.dylib
0x00000001befde000 	/System/Library/PrivateFrameworks/CoreDAV.framework/Versions/A/CoreDAV
0x00000001b8da9000 	/System/Library/PrivateFrameworks/CalDAV.framework/Versions/A/CalDAV
0x00000001c3c2b000 	/System/Library/PrivateFrameworks/TelephonyUtilities.framework/Versions/A/TelephonyUtilities
0x0000000241b33000 	/System/Library/Frameworks/LiveCommunicationKit.framework/Versions/A/LiveCommunicationKit
0x0000000254071000 	/System/Library/PrivateFrameworks/CommunicationTrust.framework/Versions/A/CommunicationTrust
0x00000001c85a9000 	/System/Library/Frameworks/CallKit.framework/Versions/A/CallKit
0x00000001b34c0000 	/System/Library/PrivateFrameworks/CommunicationsFilter.framework/Versions/A/CommunicationsFilter
0x00000001f27dd000 	/System/Library/PrivateFrameworks/IMTransferServices.framework/Versions/A/IMTransferServices
0x00000001c6a8c000 	/System/Library/PrivateFrameworks/IncomingCallFilter.framework/Versions/A/IncomingCallFilter
0x0000000273be2000 	/System/Library/PrivateFrameworks/NeighborhoodActivityConduit.framework/Versions/A/NeighborhoodActivityConduit
0x00000001caaf6000 	/System/Library/PrivateFrameworks/CallHistory.framework/Versions/A/CallHistory
0x0000000298330000 	/usr/lib/libBASupport.dylib
0x0000000252ad2000 	/System/Library/PrivateFrameworks/CallsUtilities.framework/Versions/A/CallsUtilities
0x0000000252add000 	/System/Library/PrivateFrameworks/CallsXPC.framework/Versions/A/CallsXPC
0x00000001fdd26000 	/usr/lib/swift/libswiftCallKit.dylib
0x0000000252ac5000 	/System/Library/PrivateFrameworks/CallsPersistence.framework/Versions/A/CallsPersistence
0x00000002487de000 	/System/Library/Frameworks/SensitiveContentAnalysis.framework/Versions/A/SensitiveContentAnalysis
0x00000001cbb33000 	/System/Library/PrivateFrameworks/PeopleSuggester.framework/Versions/A/PeopleSuggester
0x00000001d5012000 	/System/Library/PrivateFrameworks/SpotlightReceiver.framework/Versions/A/SpotlightReceiver
0x0000000292aa3000 	/System/Library/PrivateFrameworks/_AppIntentsServices_AppIntents.framework/Versions/A/_AppIntentsServices_AppIntents
0x000000024deb2000 	/System/Library/PrivateFrameworks/AppIntentsServices.framework/Versions/A/AppIntentsServices
0x00000001b81ed000 	/System/Library/PrivateFrameworks/CoreRecents.framework/Versions/A/CoreRecents
0x0000000241008000 	/System/Library/Frameworks/GeoToolbox.framework/Versions/A/GeoToolbox
0x000000024ac9a000 	/System/Library/Frameworks/_GeoToolbox_AppIntents.framework/Versions/A/_GeoToolbox_AppIntents
0x00000001e8213000 	/System/Library/PrivateFrameworks/DiagnosticRequest.framework/Versions/A/DiagnosticRequest
0x00000002929e7000 	/System/Library/PrivateFrameworks/XPCDistributed.framework/Versions/A/XPCDistributed
0x000000027b0a2000 	/System/Library/PrivateFrameworks/RegulatoryDomain.framework/Versions/A/RegulatoryDomain
0x00000001b258c000 	/usr/lib/libCTGreenTeaLogger.dylib
0x000000026d5ba000 	/System/Library/PrivateFrameworks/LocalStatusKit.framework/Versions/A/LocalStatusKit
0x00000001c3b17000 	/System/Library/PrivateFrameworks/CoreParsec.framework/Versions/A/CoreParsec
0x00000001de579000 	/System/Library/PrivateFrameworks/EmailAddressing.framework/Versions/A/EmailAddressing
0x00000001da55f000 	/System/Library/PrivateFrameworks/EmailCore.framework/Versions/A/EmailCore
0x00000001db58d000 	/System/Library/PrivateFrameworks/EmailFoundation.framework/Versions/A/EmailFoundation
0x0000000276bd4000 	/System/Library/PrivateFrameworks/PegasusAPI.framework/Versions/A/PegasusAPI
0x0000000277725000 	/System/Library/PrivateFrameworks/PegasusConfiguration.framework/Versions/A/PegasusConfiguration
0x000000028aa40000 	/System/Library/PrivateFrameworks/ToolKit.framework/Versions/A/ToolKit
0x000000027b82a000 	/System/Library/PrivateFrameworks/ReplicatorEngine.framework/Versions/A/ReplicatorEngine
0x000000027b9cc000 	/System/Library/PrivateFrameworks/ReplicatorServices.framework/Versions/A/ReplicatorServices
0x00000002876fb000 	/System/Library/PrivateFrameworks/SystemWake.framework/Versions/A/SystemWake
0x00000001c877d000 	/System/Library/PrivateFrameworks/ContextKit.framework/Versions/A/ContextKit
0x000000025460c000 	/System/Library/PrivateFrameworks/ContextKitCore.framework/Versions/A/ContextKitCore
0x00000001c6d12000 	/System/Library/Frameworks/LocalAuthentication.framework/Support/DaemonUtils.framework/Versions/A/DaemonUtils
0x000000026d54f000 	/System/Library/PrivateFrameworks/LocalAuthenticationCoreUI.framework/Versions/A/LocalAuthenticationCoreUI
0x00000001ca138000 	/System/Library/PrivateFrameworks/BridgeXPC.framework/Versions/A/BridgeXPC
0x00000001c79e5000 	/System/Library/PrivateFrameworks/CoreKDL.framework/Versions/A/CoreKDL
0x00000001c6012000 	/System/Library/PrivateFrameworks/EmbeddedOSSupportHost.framework/Versions/A/EmbeddedOSSupportHost
0x00000001bacff000 	/System/Library/PrivateFrameworks/LoginUIKit.framework/Versions/A/LoginUIKit
0x00000001d6752000 	/System/Library/PrivateFrameworks/StorageKit.framework/Versions/A/StorageKit
0x00000001ff53b000 	/System/Library/Frameworks/DeviceCheck.framework/Versions/A/DeviceCheck
0x00000001d67cc000 	/System/Library/PrivateFrameworks/CoreWLANKit.framework/Versions/A/CoreWLANKit
0x00000002900f9000 	/System/Library/PrivateFrameworks/Wallpaper.framework/Versions/A/Wallpaper
0x000000029988f000 	/usr/lib/swift/libswiftGLKit.dylib
0x000000029989a000 	/usr/lib/swift/libswiftMetalKit.dylib
0x000000029989e000 	/usr/lib/swift/libswiftModelIO.dylib
0x0000000299961000 	/usr/lib/swift/libswiftSceneKit.dylib
0x000000025a698000 	/System/Library/PrivateFrameworks/DiskImages2.framework/Versions/A/DiskImages2
0x00000001df4bb000 	/System/Library/PrivateFrameworks/DynamicDesktop.framework/Versions/A/DynamicDesktop
0x0000000290288000 	/System/Library/PrivateFrameworks/WallpaperFoundation.framework/Versions/A/WallpaperFoundation
0x00000002902e6000 	/System/Library/PrivateFrameworks/WallpaperTypes.framework/Versions/A/WallpaperTypes
0x00000001f453a000 	/System/Library/PrivateFrameworks/SystemDesktopAppearance.framework/Versions/A/SystemDesktopAppearance
0x0000000295b97000 	/System/Library/PrivateFrameworks/icloudMCCKit.framework/Versions/A/icloudMCCKit
0x000000024ee0c000 	/System/Library/PrivateFrameworks/AppleAccountUI.framework/Versions/A/AppleAccountUI
0x00000001e87ea000 	/System/Library/PrivateFrameworks/PreferencePanesSupport.framework/Versions/A/PreferencePanesSupport
0x00000001ce7a3000 	/System/Library/PrivateFrameworks/FindMyDeviceUI.framework/Versions/A/FindMyDeviceUI
0x00000002937dd000 	/System/Library/PrivateFrameworks/iCloudQuotaUI.framework/Versions/A/iCloudQuotaUI
0x00000001e899e000 	/System/Library/PrivateFrameworks/CoreCDPUI.framework/Versions/A/CoreCDPUI
0x00000001c84d8000 	/System/Library/PrivateFrameworks/CoreFollowUpUI.framework/Versions/A/CoreFollowUpUI
0x00000001d5290000 	/System/Library/PrivateFrameworks/IMCore.framework/Versions/A/IMCore
0x00000001bd7c4000 	/System/Library/PrivateFrameworks/CoreCDP.framework/Versions/A/CoreCDP
0x00000001b9764000 	/System/Library/PrivateFrameworks/AskPermission.framework/Versions/A/AskPermission
0x00000001cc218000 	/System/Library/Frameworks/Quartz.framework/Versions/A/Quartz
0x00000001d8d31000 	/System/Library/PrivateFrameworks/CloudPhotoServicesConfiguration.framework/Versions/A/CloudPhotoServicesConfiguration
0x00000001ca91b000 	/System/Library/PrivateFrameworks/CommerceKit.framework/Versions/A/CommerceKit
0x00000001da62f000 	/System/Library/PrivateFrameworks/FindMyMac.framework/Versions/A/FindMyMac
0x00000001da502000 	/System/Library/Frameworks/PreferencePanes.framework/Versions/A/PreferencePanes
0x00000001cdc20000 	/System/Library/Frameworks/AddressBook.framework/Versions/A/AddressBook
0x00000001b8647000 	/System/Library/PrivateFrameworks/AOSAccounts.framework/Versions/A/AOSAccounts
0x00000001b288d000 	/System/Library/PrivateFrameworks/AppleSRP.framework/Versions/A/AppleSRP
0x00000001b7117000 	/System/Library/PrivateFrameworks/NetFSServer.framework/Versions/A/NetFSServer
0x00000001c96be000 	/System/Library/Frameworks/PDFKit.framework/Versions/A/PDFKit
0x0000000249d8d000 	/System/Library/Frameworks/TabularData.framework/Versions/A/TabularData
0x00000002998b5000 	/usr/lib/swift/libswiftPassKit.dylib
0x00000001ec996000 	/System/Library/Frameworks/PassKit.framework/Versions/A/PassKit
0x00000001bae0a000 	/System/Library/PrivateFrameworks/PassKitCore.framework/Versions/A/PassKitCore
0x00000002764f6000 	/System/Library/PrivateFrameworks/PassKitMacHelperTemp.framework/Versions/A/PassKitMacHelperTemp
0x0000000298280000 	/usr/lib/libAppleSSE.dylib
0x00000001c6d5e000 	/System/Library/PrivateFrameworks/BiometricKit.framework/Versions/A/BiometricKit
0x000000027bfd0000 	/System/Library/PrivateFrameworks/SEService.framework/Versions/A/SEService
0x00000002409c7000 	/System/Library/Frameworks/FinanceKit.framework/Versions/A/FinanceKit
0x00000001cc2c7000 	/System/Library/PrivateFrameworks/NearField.framework/Versions/A/NearField
0x0000000298680000 	/usr/lib/libSESShared.dylib
0x000000027c238000 	/System/Library/PrivateFrameworks/STSXPCHelperClient.framework/Versions/A/STSXPCHelperClient
0x00000001ce02c000 	/usr/lib/libnfshared.dylib
0x0000000287483000 	/System/Library/PrivateFrameworks/Symptoms.framework/Versions/A/Frameworks/SymptomPresentationFeed.framework/Versions/A/SymptomPresentationFeed
0x000000024f822000 	/System/Library/PrivateFrameworks/AppleMediaServicesKitInternal.framework/Versions/A/AppleMediaServicesKitInternal
0x00000002504c5000 	/System/Library/PrivateFrameworks/AsyncAlgorithmsInternal.framework/Versions/A/AsyncAlgorithmsInternal
0x00000002871c5000 	/System/Library/PrivateFrameworks/SymptomShared.framework/Versions/A/SymptomShared
0x00000001ef6df000 	/System/Library/PrivateFrameworks/PassKitUIFoundation.framework/Versions/A/PassKitUIFoundation
0x00000001b21c0000 	/System/Library/Frameworks/MapKit.framework/Versions/A/MapKit
0x00000002653cb000 	/System/Library/PrivateFrameworks/GeoAnalytics.framework/Versions/A/GeoAnalytics
0x00000001ce05a000 	/System/Library/PrivateFrameworks/Navigation.framework/Versions/A/Navigation
0x00000001d7d79000 	/System/Library/PrivateFrameworks/VectorKit.framework/Versions/A/VectorKit
0x00000001bf21f000 	/System/Library/PrivateFrameworks/VirtualGarage.framework/Versions/A/VirtualGarage
0x00000001ce239000 	/System/Library/Frameworks/ExternalAccessory.framework/ExternalAccessory
0x00000001ce254000 	/System/Library/PrivateFrameworks/IAP.framework/Versions/A/IAP
0x00000001b247c000 	/System/Library/PrivateFrameworks/IOPlatformPluginFamily.framework/Versions/A/IOPlatformPluginFamily
0x0000000250b0a000 	/System/Library/PrivateFrameworks/AvatarKit.framework/Versions/A/AvatarKit
0x0000000250bc9000 	/System/Library/PrivateFrameworks/AvatarPersistence.framework/Versions/A/AvatarPersistence
0x000000024a114000 	/System/Library/Frameworks/TipKit.framework/Versions/A/TipKit
0x00000001ba8f1000 	/System/Library/PrivateFrameworks/IMSharedUtilities.framework/Versions/A/IMSharedUtilities
0x0000000299854000 	/usr/lib/swift/libswiftAppleArchive.dylib
0x000000028cf1f000 	/System/Library/PrivateFrameworks/VFX.framework/Versions/A/VFX
0x00000001ea54c000 	/System/Library/PrivateFrameworks/AppleCVA.framework/Versions/A/AppleCVA
0x0000000250bc8000 	/System/Library/PrivateFrameworks/AvatarKitContent.framework/Versions/A/AvatarKitContent
0x00000002428df000 	/System/Library/Frameworks/MetalFX.framework/Versions/A/MetalFX
0x0000000254187000 	/System/Library/PrivateFrameworks/CompositorNonUI.framework/Versions/A/CompositorNonUI
0x000000023ed4b000 	/System/Library/Frameworks/ARKit.framework/Versions/A/ARKit
0x000000024c806000 	/System/Library/PrivateFrameworks/ARKitCore.framework/Versions/A/ARKitCore
0x000000029837a000 	/usr/lib/libDisplayWarpSupport.dylib
0x00000002558e2000 	/System/Library/PrivateFrameworks/CoreComposite.framework/Versions/A/CoreComposite
0x00000002987b4000 	/usr/lib/libchannel.dylib
0x00000002994b1000 	/usr/lib/librealtime_safety.dylib
0x000000024c893000 	/System/Library/PrivateFrameworks/ARKitFoundation.framework/Versions/A/ARKitFoundation
0x000000024eeaa000 	/System/Library/PrivateFrameworks/AppleDepth.framework/Versions/A/AppleDepth
0x000000024f020000 	/System/Library/PrivateFrameworks/AppleDepthCore.framework/Versions/A/AppleDepthCore
0x00000001b25b5000 	/System/Library/PrivateFrameworks/CoreAppleCVA.framework/Versions/A/CoreAppleCVA
0x00000001bf34d000 	/System/Library/PrivateFrameworks/ContactsUICore.framework/Versions/A/ContactsUICore
0x00000001c6b94000 	/System/Library/PrivateFrameworks/ContactsDonation.framework/Versions/A/ContactsDonation
0x00000001c644b000 	/System/Library/PrivateFrameworks/DataDetectors.framework/Versions/A/DataDetectors
0x00000001b8d95000 	/System/Library/Frameworks/MediaLibrary.framework/Versions/A/MediaLibrary
0x00000001b34af000 	/System/Library/PrivateFrameworks/PersonaKit.framework/Versions/A/PersonaKit
0x00000001bf33b000 	/System/Library/PrivateFrameworks/PersonaUI.framework/Versions/A/PersonaUI
0x00000001d9f24000 	/System/Library/PrivateFrameworks/Transparency.framework/Versions/A/Transparency
0x000000025c0fb000 	/System/Library/PrivateFrameworks/FindMyLocate.framework/Versions/A/FindMyLocate
0x00000001c8457000 	/System/Library/PrivateFrameworks/IntlPreferences.framework/Versions/A/IntlPreferences
0x000000025bfd4000 	/System/Library/PrivateFrameworks/FindMyCommon.framework/Versions/A/FindMyCommon
0x000000025bdc3000 	/System/Library/PrivateFrameworks/FindMyBase.framework/Versions/A/FindMyBase
0x000000024745e000 	/System/Library/Frameworks/NearbyInteraction.framework/Versions/A/NearbyInteraction
0x00000001b30ce000 	/System/Library/PrivateFrameworks/AddressBookCore.framework/Versions/A/AddressBookCore
0x00000001cddb7000 	/System/Library/PrivateFrameworks/ToneKit.framework/Versions/A/ToneKit
0x00000001c849e000 	/System/Library/PrivateFrameworks/ToneLibrary.framework/Versions/A/ToneLibrary
0x000000025448c000 	/System/Library/PrivateFrameworks/ContactsAccounts.framework/Versions/A/ContactsAccounts
0x00000001cc133000 	/System/Library/PrivateFrameworks/Lookup.framework/Versions/A/Lookup
0x0000000247d43000 	/System/Library/Frameworks/QuickLookUI.framework/Versions/A/QuickLookUI
0x0000000248758000 	/System/Library/Frameworks/ScreenCaptureKit.framework/Versions/A/ScreenCaptureKit
0x00000001c91d2000 	/System/Library/Frameworks/Quartz.framework/Versions/A/Frameworks/QuartzComposer.framework/Versions/A/QuartzComposer
0x00000001c842e000 	/System/Library/Frameworks/Quartz.framework/Versions/A/Frameworks/QuartzFilters.framework/Versions/A/QuartzFilters
0x00000001c74da000 	/System/Library/Frameworks/Quartz.framework/Versions/A/Frameworks/ImageKit.framework/Versions/A/ImageKit
0x000000023eb58000 	/System/Library/Frameworks/OpenCL.framework/Versions/A/OpenCL
0x00000001c59e9000 	/System/Library/PrivateFrameworks/CorePDF.framework/Versions/A/CorePDF
0x00000001b0177000 	/System/Library/Frameworks/QuickLook.framework/Versions/A/QuickLook
0x00000001bacfa000 	/System/Library/PrivateFrameworks/DisplayServices.framework/Versions/A/DisplayServices
0x00000001c83b3000 	/System/Library/Frameworks/ImageCaptureCore.framework/Versions/A/ImageCaptureCore
0x000000028ef2e000 	/System/Library/PrivateFrameworks/VisionKitCore.framework/Versions/A/VisionKitCore
0x00000001c3ae7000 	/System/Library/PrivateFrameworks/QuickLookSupport.framework/Versions/A/QuickLookSupport
0x0000000270753000 	/System/Library/PrivateFrameworks/MediaAnalysisServices.framework/Versions/A/MediaAnalysisServices
0x00000001cb11e000 	/System/Library/PrivateFrameworks/PhotoLibraryServices.framework/Versions/A/PhotoLibraryServices
0x00000001c7fcb000 	/System/Library/Frameworks/Photos.framework/Versions/A/Photos
0x00000001dc8b1000 	/System/Library/PrivateFrameworks/PhotosFormats.framework/Versions/A/PhotosFormats
0x00000001d8d5c000 	/System/Library/PrivateFrameworks/CloudPhotoLibrary.framework/Versions/A/CloudPhotoLibrary
0x00000001e2156000 	/System/Library/PrivateFrameworks/CloudPhotoServices.framework/Versions/A/CloudPhotoServices
0x00000001de6ea000 	/System/Library/PrivateFrameworks/CoreMediaStream.framework/Versions/A/CoreMediaStream
0x00000001b3b68000 	/System/Library/PrivateFrameworks/CPAnalytics.framework/Versions/A/CPAnalytics
0x00000001dac28000 	/System/Library/PrivateFrameworks/MediaConversionService.framework/Versions/A/MediaConversionService
0x00000001ba8dd000 	/System/Library/PrivateFrameworks/PhotoFoundation.framework/Versions/A/PhotoFoundation
0x0000000277d0d000 	/System/Library/PrivateFrameworks/PhotoLibraryServicesCore.framework/Versions/A/PhotoLibraryServicesCore
0x00000001d499e000 	/System/Library/PrivateFrameworks/MMCS.framework/Versions/A/MMCS
0x00000001b8bee000 	/System/Library/PrivateFrameworks/ChunkingLibrary.framework/Versions/A/ChunkingLibrary
0x00000001b285a000 	/System/Library/PrivateFrameworks/AssetCacheServices.framework/Versions/A/AssetCacheServices
0x00000001b4820000 	/System/Library/PrivateFrameworks/AVFoundationCF.framework/Versions/A/AVFoundationCF
0x00000001f26d8000 	/usr/lib/swift/libswiftDemangle.dylib
0x0000000268546000 	/System/Library/PrivateFrameworks/ImageCaptureDevices.framework/Versions/A/ImageCaptureDevices
0x00000001c6708000 	/System/Library/PrivateFrameworks/MediaStream.framework/Versions/A/MediaStream
0x00000001db0ca000 	/System/Library/PrivateFrameworks/NeutrinoCore.framework/Versions/A/NeutrinoCore
0x00000001a202c000 	/System/Library/PrivateFrameworks/NLP.framework/Versions/A/NLP
0x00000001e0ee9000 	/System/Library/PrivateFrameworks/PhotoImaging.framework/Versions/A/PhotoImaging
0x00000001e2117000 	/System/Library/PrivateFrameworks/PhotosImagingFoundation.framework/Versions/A/PhotosImagingFoundation
0x00000002788ba000 	/System/Library/PrivateFrameworks/PhotosIntelligenceCore.framework/Versions/A/PhotosIntelligenceCore
0x00000001b4c5c000 	/System/Library/PrivateFrameworks/EmbeddedAcousticRecognition.framework/Versions/A/EmbeddedAcousticRecognition
0x00000001cffbb000 	/System/Library/PrivateFrameworks/EmojiFoundation.framework/Versions/A/EmojiFoundation
0x00000001d8fd5000 	/System/Library/PrivateFrameworks/SDAPI.framework/Versions/A/SDAPI
0x00000001e2165000 	/System/Library/PrivateFrameworks/AutoLoop.framework/Versions/A/AutoLoop
0x000000027949b000 	/System/Library/PrivateFrameworks/Portrait.framework/Versions/A/Portrait
0x000000025c78b000 	/System/Library/PrivateFrameworks/FusionTracker.framework/Versions/A/FusionTracker
0x00000001c8c6c000 	/System/Library/PrivateFrameworks/iTunesCloud.framework/Versions/A/iTunesCloud
0x00000001d1ec3000 	/System/Library/PrivateFrameworks/DAAPKit.framework/Versions/A/DAAPKit
0x00000001c3e64000 	/System/Library/PrivateFrameworks/DeviceManagement.framework/Versions/A/DeviceManagement
0x00000001e8164000 	/System/Library/PrivateFrameworks/ScreenTimeUI.framework/Versions/A/ScreenTimeUI
0x00000001c6445000 	/System/Library/PrivateFrameworks/QuickLookNonBaseSystem.framework/Versions/A/QuickLookNonBaseSystem
0x00000001c6c6a000 	/System/Library/PrivateFrameworks/Catalyst.framework/Versions/A/Catalyst
0x00000001c8650000 	/System/Library/PrivateFrameworks/ScreenTimeCore.framework/Versions/A/ScreenTimeCore
0x00000001dbd5b000 	/System/Library/PrivateFrameworks/ScreenTimeServiceUI.framework/Versions/A/ScreenTimeServiceUI
0x00000001d4b2e000 	/System/Library/PrivateFrameworks/ConfigurationEngineModel.framework/Versions/A/ConfigurationEngineModel
0x00000001d7d32000 	/System/Library/PrivateFrameworks/UsageTracking.framework/Versions/A/UsageTracking
0x0000000240659000 	/System/Library/Frameworks/DeviceActivity.framework/Versions/A/DeviceActivity
0x00000001d7d02000 	/System/Library/PrivateFrameworks/KnowledgeMonitor.framework/Versions/A/KnowledgeMonitor
0x00000001ef685000 	/System/Library/PrivateFrameworks/BluetoothManager.framework/Versions/A/BluetoothManager
0x0000000241c64000 	/System/Library/Frameworks/ManagedSettings.framework/Versions/A/ManagedSettings
0x000000026feb0000 	/System/Library/PrivateFrameworks/ManagedSettingsSupport.framework/Versions/A/ManagedSettingsSupport
0x00000001eca66000 	/System/Library/Frameworks/ReplayKit.framework/Versions/A/ReplayKit
0x00000001bbcba000 	/System/Library/PrivateFrameworks/MarkupUI.framework/Versions/A/MarkupUI
0x00000001c641d000 	/System/Library/PrivateFrameworks/SidecarCore.framework/Versions/A/SidecarCore
0x00000001c9087000 	/System/Library/PrivateFrameworks/AnnotationKit.framework/Versions/A/AnnotationKit
0x00000001c771f000 	/System/Library/Frameworks/PencilKit.framework/Versions/A/PencilKit
0x00000001c78e4000 	/System/Library/PrivateFrameworks/SidecarUI.framework/Versions/A/SidecarUI
0x00000001c707a000 	/System/Library/PrivateFrameworks/CoreHandwriting.framework/Versions/A/CoreHandwriting
0x000000019bbd2000 	/usr/lib/libmecabra.dylib
0x00000001bf913000 	/System/Library/PrivateFrameworks/Calculate.framework/Versions/A/Calculate
0x00000001ab77d000 	/usr/lib/libChineseTokenizer.dylib
0x00000001fdaea000 	/System/Library/PrivateFrameworks/ScreenReaderCore.framework/Versions/A/ScreenReaderCore
0x00000002866f1000 	/System/Library/PrivateFrameworks/StocksKit.framework/Versions/A/StocksKit
0x00000001be908000 	/System/Library/PrivateFrameworks/OAuth.framework/Versions/A/OAuth
0x00000002863e2000 	/System/Library/PrivateFrameworks/StocksCore.framework/Versions/A/StocksCore
0x00000002879f3000 	/System/Library/PrivateFrameworks/TeaFoundation.framework/Versions/A/TeaFoundation
0x0000000287bd5000 	/System/Library/PrivateFrameworks/TeaSettings.framework/Versions/A/TeaSettings
0x00000001f3da0000 	/System/Library/PrivateFrameworks/NewsCore.framework/Versions/A/NewsCore
0x000000028798f000 	/System/Library/PrivateFrameworks/TeaDB.framework/Versions/A/TeaDB
0x00000001f079c000 	/System/Library/PrivateFrameworks/RemoteConfiguration.framework/Versions/A/RemoteConfiguration
0x00000001f39ab000 	/System/Library/PrivateFrameworks/NewsTransport.framework/Versions/A/NewsTransport
0x00000001f3d90000 	/System/Library/PrivateFrameworks/NewsFoundation.framework/Versions/A/NewsFoundation
0x00000002741e8000 	/System/Library/PrivateFrameworks/NewsURLBucket.framework/Versions/A/NewsURLBucket
0x00000001cad15000 	/System/Library/PrivateFrameworks/MobileInstallation.framework/Versions/A/MobileInstallation
0x000000024a281000 	/System/Library/Frameworks/Translation.framework/Versions/A/Translation
0x00000001e3b69000 	/System/Library/PrivateFrameworks/RevealCore.framework/Versions/A/RevealCore
0x00000001e3b5d000 	/System/Library/PrivateFrameworks/Reveal.framework/Versions/A/Reveal
0x00000001dba25000 	/System/Library/Frameworks/Speech.framework/Versions/A/Speech
0x000000024b6e6000 	/System/Library/PrivateFrameworks/AIMLExperimentationAnalytics.framework/Versions/A/AIMLExperimentationAnalytics
0x000000024da61000 	/System/Library/PrivateFrameworks/AlgorithmsInternal.framework/Versions/A/AlgorithmsInternal
0x000000028b229000 	/System/Library/PrivateFrameworks/TranslationUIServices.framework/Versions/A/TranslationUIServices
0x000000028a114000 	/System/Library/PrivateFrameworks/TipKitCore.framework/Versions/A/TipKitCore
0x00000001d003f000 	/System/Library/PrivateFrameworks/CoreCDPInternal.framework/Versions/A/CoreCDPInternal
0x0000000268d23000 	/System/Library/PrivateFrameworks/InputAnalytics.framework/Versions/A/InputAnalytics
0x00000001d5b5c000 	/System/Library/Frameworks/InstantMessage.framework/Versions/A/InstantMessage
0x00000001cdb2e000 	/System/Library/PrivateFrameworks/IDSKVStore.framework/Versions/A/IDSKVStore
0x00000001cd7f4000 	/System/Library/PrivateFrameworks/IMDPersistence.framework/Versions/A/IMDPersistence
0x000000028ce15000 	/System/Library/PrivateFrameworks/UserSafety.framework/Versions/A/UserSafety
0x00000001ee895000 	/System/Library/PrivateFrameworks/BlastDoor.framework/Versions/A/BlastDoor
0x000000026d1d5000 	/System/Library/PrivateFrameworks/LinkPresentationStyleSheetParsing.framework/Versions/A/LinkPresentationStyleSheetParsing
0x000000027964c000 	/System/Library/PrivateFrameworks/PosterFoundation.framework/Versions/A/PosterFoundation
0x00000002796db000 	/System/Library/PrivateFrameworks/PosterModel.framework/Versions/A/PosterModel
0x00000002796b6000 	/System/Library/PrivateFrameworks/PosterFuturesKit.framework/Versions/A/PosterFuturesKit
0x000000025bbb2000 	/System/Library/PrivateFrameworks/FeedbackService.framework/Versions/A/FeedbackService
0x00000001c6aeb000 	/System/Library/PrivateFrameworks/CoreSDB.framework/Versions/A/CoreSDB
0x00000002502ae000 	/System/Library/PrivateFrameworks/AskToCore.framework/Versions/A/AskToCore
0x00000001e899b000 	/System/Library/PrivateFrameworks/MachineSettings.framework/Versions/A/MachineSettings
0x00000001da484000 	/System/Library/PrivateFrameworks/BezelServices.framework/Versions/A/BezelServices
0x00000001d1f4f000 	/System/Library/PrivateFrameworks/SPOwner.framework/Versions/A/SPOwner
0x00000001ca980000 	/System/Library/PrivateFrameworks/FMCore.framework/Versions/A/FMCore
0x0000000293735000 	/System/Library/PrivateFrameworks/iCloudQuota.framework/Versions/A/iCloudQuota
0x00000001bf2b8000 	/System/Library/PrivateFrameworks/CoreRecognition.framework/Versions/A/CoreRecognition
0x00000001da53a000 	/System/Library/PrivateFrameworks/InAppMessages.framework/Versions/A/InAppMessages
0x00000001fc6d3000 	/System/Library/PrivateFrameworks/JetUI.framework/Versions/A/JetUI
0x000000026c4b6000 	/System/Library/PrivateFrameworks/JetPack.framework/Versions/A/JetPack
0x00000001da531000 	/System/Library/PrivateFrameworks/InAppMessagesCore.framework/Versions/A/InAppMessagesCore
0x0000000292aed000 	/System/Library/PrivateFrameworks/_JetEngine_SwiftUI.framework/Versions/A/_JetEngine_SwiftUI
0x00000002874ac000 	/System/Library/PrivateFrameworks/Synapse.framework/Versions/A/Synapse
0x0000000252459000 	/System/Library/PrivateFrameworks/CSExattrCrypto.framework/Versions/A/CSExattrCrypto
0x00000001cbe1c000 	/System/Library/PrivateFrameworks/StoreFoundation.framework/Versions/A/StoreFoundation
0x00000001ca97a000 	/System/Library/PrivateFrameworks/ServerInformation.framework/Versions/A/ServerInformation
0x00000001ca3ab000 	/System/Library/PrivateFrameworks/Install.framework/Frameworks/DistributionKit.framework/Versions/A/DistributionKit
0x00000001c38bb000 	/System/Library/PrivateFrameworks/PackageKit.framework/Versions/A/PackageKit
0x00000001ca3ce000 	/System/Library/PrivateFrameworks/OSPersonalization.framework/Versions/A/OSPersonalization
0x00000001cc3a6000 	/System/Library/PrivateFrameworks/BridgeOSSoftwareUpdate.framework/Versions/A/BridgeOSSoftwareUpdate
0x00000001c6f82000 	/System/Library/PrivateFrameworks/StorageManagement.framework/Versions/A/StorageManagement
0x00000001db8a8000 	/usr/lib/libauthinstall.dylib
0x00000001cc3af000 	/System/Library/PrivateFrameworks/InstallerDiagnostics.framework/Versions/A/InstallerDiagnostics
0x00000001dbf27000 	/usr/lib/libcrypto.42.dylib
0x0000000299dbb000 	/usr/lib/updaters/libAppleTconUARPUpdater.dylib
0x0000000299f45000 	/usr/lib/updaters/libT200Updater.dylib
0x00000001cc394000 	/System/Library/PrivateFrameworks/GPUInfo.framework/Versions/A/GPUInfo
0x00000001da635000 	/System/Library/PrivateFrameworks/MobileActivationMacOS.framework/Versions/A/MobileActivationMacOS
0x00000001be84a000 	/System/Library/PrivateFrameworks/AccountsDaemon.framework/Versions/A/AccountsDaemon
0x00000001ae8c3000 	/System/Library/PrivateFrameworks/CacheDelete.framework/Versions/A/CacheDelete
0x00000001b723b000 	/System/Library/Frameworks/QuickLookThumbnailing.framework/Versions/A/QuickLookThumbnailing
0x00000001cc3f3000 	/System/Library/PrivateFrameworks/AOSKit.framework/Versions/A/AOSKit
0x00000001ab8ae000 	/System/Library/PrivateFrameworks/AppSSOCore.framework/Versions/A/AppSSOCore
0x00000001c5df3000 	/System/Library/Frameworks/AVFoundation.framework/Versions/A/AVFoundation
0x0000000250c62000 	/System/Library/PrivateFrameworks/BackgroundSystemTasks.framework/Versions/A/BackgroundSystemTasks
0x00000001b7151000 	/System/Library/PrivateFrameworks/DuetActivityScheduler.framework/Versions/A/DuetActivityScheduler
0x00000001d8c8b000 	/System/Library/PrivateFrameworks/NetworkServiceProxy.framework/Versions/A/NetworkServiceProxy
0x00000001b24ee000 	/usr/lib/libnetworkextension.dylib
0x00000001b4b6a000 	/System/Library/PrivateFrameworks/Rapport.framework/Versions/A/Rapport
0x00000002871d5000 	/System/Library/PrivateFrameworks/Symptoms.framework/Versions/A/Frameworks/SymptomAnalytics.framework/Versions/A/SymptomAnalytics
0x00000001af2f7000 	/System/Library/Frameworks/NetworkExtension.framework/Versions/A/NetworkExtension
0x00000001b5911000 	/System/Library/PrivateFrameworks/CoreDuetContext.framework/Versions/A/CoreDuetContext
0x00000001a0659000 	/System/Library/PrivateFrameworks/CoreDuet.framework/Versions/A/CoreDuet
0x00000001ba636000 	/System/Library/PrivateFrameworks/AssistantServices.framework/Versions/A/AssistantServices
0x00000001b4964000 	/System/Library/PrivateFrameworks/SAObjects.framework/Versions/A/SAObjects
0x00000001ba231000 	/System/Library/PrivateFrameworks/MediaRemote.framework/Versions/A/MediaRemote
0x00000001cc8e7000 	/System/Library/PrivateFrameworks/SiriInstrumentation.framework/Versions/A/SiriInstrumentation
0x000000027e134000 	/System/Library/PrivateFrameworks/SiriAnalytics.framework/Versions/A/SiriAnalytics
0x0000000283fdb000 	/System/Library/PrivateFrameworks/SiriTTSService.framework/Versions/A/SiriTTSService
0x000000027ea70000 	/System/Library/PrivateFrameworks/SiriCrossDeviceArbitration.framework/Versions/A/SiriCrossDeviceArbitration
0x00000001ca143000 	/System/Library/PrivateFrameworks/FeedbackLogger.framework/Versions/A/FeedbackLogger
0x000000025b75a000 	/System/Library/PrivateFrameworks/FaceTimeNameUtility.framework/Versions/A/FaceTimeNameUtility
0x000000027eac4000 	/System/Library/PrivateFrameworks/SiriCrossDeviceArbitrationFeedback.framework/Versions/A/SiriCrossDeviceArbitrationFeedback
0x00000002651b5000 	/System/Library/PrivateFrameworks/GenerativeModels.framework/Versions/A/GenerativeModels
0x000000023ee91000 	/System/Library/Frameworks/AVRouting.framework/Versions/A/AVRouting
0x00000001bf0cb000 	/System/Library/PrivateFrameworks/MediaServices.framework/Versions/A/MediaServices
0x00000001b47a2000 	/System/Library/Frameworks/LocalAuthentication.framework/Versions/A/LocalAuthentication
0x000000026d40b000 	/System/Library/PrivateFrameworks/LocalAuthenticationCore.framework/Versions/A/LocalAuthenticationCore
0x000000026d590000 	/System/Library/PrivateFrameworks/LocalAuthenticationCredentialServices.framework/Versions/A/LocalAuthenticationCredentialServices
0x00000001b480e000 	/System/Library/Frameworks/LocalAuthentication.framework/Support/SharedUtils.framework/Versions/A/SharedUtils
0x00000001abcf8000 	/System/Library/PrivateFrameworks/PersistentConnection.framework/Versions/A/PersistentConnection
0x00000002857f0000 	/System/Library/PrivateFrameworks/SonicFoundation.framework/Versions/A/SonicFoundation
0x0000000259fb8000 	/System/Library/PrivateFrameworks/Dendrite.framework/Versions/A/Dendrite
0x00000001ce7f6000 	/usr/lib/libtailspin.dylib
0x00000001e2275000 	/System/Library/PrivateFrameworks/Osprey.framework/Versions/A/Osprey
0x0000000283635000 	/System/Library/PrivateFrameworks/SiriTTS.framework/Versions/A/SiriTTS
0x00000001c6bb1000 	/System/Library/Frameworks/NaturalLanguage.framework/Versions/A/NaturalLanguage
0x000000028241b000 	/System/Library/PrivateFrameworks/SiriPowerInstrumentation.framework/Versions/A/SiriPowerInstrumentation
0x00000001c7a74000 	/System/Library/PrivateFrameworks/Trial.framework/Versions/A/Trial
0x00000001c79f6000 	/System/Library/PrivateFrameworks/TrialProto.framework/Versions/A/TrialProto
0x000000028c4da000 	/System/Library/PrivateFrameworks/UnifiedAssetFramework.framework/Versions/A/UnifiedAssetFramework
0x00000001e429d000 	/usr/lib/swift/libswiftAVFoundation.dylib
0x00000001f473e000 	/usr/lib/swift/libswiftNaturalLanguage.dylib
0x000000028798d000 	/System/Library/PrivateFrameworks/TailspinSymbolication.framework/Versions/A/TailspinSymbolication
0x0000000259bf7000 	/System/Library/PrivateFrameworks/Darwinup.framework/Versions/A/Darwinup
0x00000001dac63000 	/System/Library/PrivateFrameworks/SignpostSupport.framework/Versions/A/SignpostSupport
0x00000001c6a78000 	/System/Library/PrivateFrameworks/FeatureFlagsSupport.framework/Versions/A/FeatureFlagsSupport
0x00000001da396000 	/System/Library/PrivateFrameworks/ktrace.framework/Versions/A/ktrace
0x00000001dae92000 	/System/Library/PrivateFrameworks/SampleAnalysis.framework/Versions/A/SampleAnalysis
0x00000001e3b37000 	/System/Library/PrivateFrameworks/kperfdata.framework/Versions/A/kperfdata
0x00000001b02b8000 	/usr/lib/libdscsym.dylib
0x00000001e3ff3000 	/System/Library/PrivateFrameworks/BulkSymbolication.framework/Versions/A/BulkSymbolication
0x00000001b7287000 	/System/Library/PrivateFrameworks/Espresso.framework/Versions/A/Espresso
0x00000001a52a1000 	/System/Library/Frameworks/CoreML.framework/Versions/A/CoreML
0x00000001fde91000 	/System/Library/PrivateFrameworks/ANECompiler.framework/Versions/A/ANECompiler
0x00000001b9380000 	/System/Library/PrivateFrameworks/AppleNeuralEngine.framework/Versions/A/AppleNeuralEngine
0x000000024298b000 	/System/Library/Frameworks/MetalPerformanceShadersGraph.framework/Versions/A/MetalPerformanceShadersGraph
0x000000026de97000 	/System/Library/PrivateFrameworks/MLCompilerServices.framework/Versions/A/MLCompilerServices
0x00000001b812b000 	/System/Library/PrivateFrameworks/ANEServices.framework/Versions/A/ANEServices
0x0000000275244000 	/System/Library/PrivateFrameworks/ODIE.framework/Versions/A/ODIE
0x000000026de3b000 	/System/Library/PrivateFrameworks/MLCompilerRuntime.framework/Versions/A/MLCompilerRuntime
0x00000001a96ab000 	/System/Library/Frameworks/MLCompute.framework/Versions/A/MLCompute
0x000000026ddbd000 	/System/Library/PrivateFrameworks/MLAssetIO.framework/Versions/A/MLAssetIO
0x0000000299893000 	/usr/lib/swift/libswiftMLCompute.dylib
0x00000001b42f5000 	/System/Library/PrivateFrameworks/AVFCore.framework/Versions/A/AVFCore
0x00000001bd855000 	/System/Library/PrivateFrameworks/AVFCapture.framework/Versions/A/AVFCapture
0x000000025205e000 	/System/Library/PrivateFrameworks/CMImaging.framework/Versions/A/CMImaging
0x00000001bda9f000 	/System/Library/PrivateFrameworks/Quagga.framework/Versions/A/Quagga
0x00000001bdbd3000 	/System/Library/PrivateFrameworks/CMCapture.framework/Versions/A/CMCapture
0x00000001ae4e7000 	/System/Library/Frameworks/CoreMediaIO.framework/Versions/A/CoreMediaIO
0x0000000251f9a000 	/System/Library/PrivateFrameworks/CMCaptureDevice.framework/Versions/A/CMCaptureDevice
0x00000001abe6e000 	/System/Library/PrivateFrameworks/CoreBrightness.framework/Versions/A/CoreBrightness
0x00000002530b0000 	/System/Library/PrivateFrameworks/CinematicFraming.framework/Versions/A/CinematicFraming
0x0000000271efa000 	/System/Library/PrivateFrameworks/ModelManagerServices.framework/Versions/A/ModelManagerServices
0x00000001e1333000 	/System/Library/PrivateFrameworks/CPMS.framework/Versions/A/CPMS
0x0000000287683000 	/System/Library/PrivateFrameworks/SystemStatus.framework/Versions/A/SystemStatus
0x00000001c59eb000 	/System/Library/Frameworks/CoreMotion.framework/Versions/A/CoreMotion
0x00000001d5c1a000 	/System/Library/PrivateFrameworks/TimeSync.framework/Versions/A/TimeSync
0x000000025a8da000 	/System/Library/PrivateFrameworks/DistributedSensing.framework/Versions/A/DistributedSensing
0x00000001d118e000 	/System/Library/PrivateFrameworks/MobileBluetooth.framework/Versions/A/MobileBluetooth
0x00000001d791a000 	/System/Library/PrivateFrameworks/IOKitten.framework/Versions/A/IOKitten
0x000000024f4a9000 	/System/Library/PrivateFrameworks/AppleIntelligenceReporting.framework/Versions/A/AppleIntelligenceReporting
0x000000019ce4e000 	/System/Library/PrivateFrameworks/LanguageModeling.framework/Versions/A/LanguageModeling
0x00000001a1e33000 	/System/Library/PrivateFrameworks/Montreal.framework/Versions/A/Montreal
0x00000001aa12a000 	/usr/lib/libcmph.dylib
0x0000000265292000 	/System/Library/PrivateFrameworks/GenerativeModelsFoundation.framework/Versions/A/GenerativeModelsFoundation
0x000000028a47d000 	/System/Library/PrivateFrameworks/TokenGeneration.framework/Versions/A/TokenGeneration
0x0000000265071000 	/System/Library/PrivateFrameworks/GenerativeFunctions.framework/Versions/A/GenerativeFunctions
0x00000002650bd000 	/System/Library/PrivateFrameworks/GenerativeFunctionsFoundation.framework/Versions/A/GenerativeFunctionsFoundation
0x0000000271b17000 	/System/Library/PrivateFrameworks/ModelCatalog.framework/Versions/A/ModelCatalog
0x000000027d5e0000 	/System/Library/PrivateFrameworks/SensitiveContentAnalysisML.framework/Versions/A/SensitiveContentAnalysisML
0x0000000265152000 	/System/Library/PrivateFrameworks/GenerativeFunctionsInstrumentation.framework/Versions/A/GenerativeFunctionsInstrumentation
0x000000027a7dc000 	/System/Library/PrivateFrameworks/PromptKit.framework/Versions/A/PromptKit
0x000000027a2ad000 	/System/Library/PrivateFrameworks/ProactiveDaemonSupport.framework/Versions/A/ProactiveDaemonSupport
0x000000028a6cb000 	/System/Library/PrivateFrameworks/TokenGenerationCore.framework/Versions/A/TokenGenerationCore
0x000000024f10a000 	/System/Library/PrivateFrameworks/AppleFlatBuffers.framework/Versions/A/AppleFlatBuffers
0x000000027d819000 	/System/Library/PrivateFrameworks/SentencePieceInternal.framework/Versions/A/SentencePieceInternal
0x00000001b28d2000 	/System/Library/Frameworks/Vision.framework/Versions/A/Vision
0x00000002595ce000 	/System/Library/PrivateFrameworks/CoreSceneUnderstanding.framework/Versions/A/CoreSceneUnderstanding
0x000000028eee2000 	/System/Library/PrivateFrameworks/VisionCore.framework/Versions/A/VisionCore
0x00000001d0127000 	/System/Library/Frameworks/Vision.framework/libfaceCore.dylib
0x00000001d0c4a000 	/System/Library/PrivateFrameworks/Futhark.framework/Versions/A/Futhark
0x00000001d4a4a000 	/System/Library/PrivateFrameworks/InertiaCam.framework/Versions/A/InertiaCam
0x00000001d09d2000 	/System/Library/PrivateFrameworks/TextRecognition.framework/Versions/A/TextRecognition
0x00000001ab8cf000 	/System/Library/PrivateFrameworks/CVNLP.framework/Versions/A/CVNLP
0x00000001a4d3f000 	/System/Library/PrivateFrameworks/ApplePushService.framework/Versions/A/ApplePushService
0x00000001a4daa000 	/System/Library/Frameworks/CloudKit.framework/Versions/A/CloudKit
0x00000001b82e9000 	/System/Library/PrivateFrameworks/CoreDuetDaemonProtocol.framework/Versions/A/CoreDuetDaemonProtocol
0x00000001dd47a000 	/System/Library/PrivateFrameworks/DeviceIdentity.framework/Versions/A/DeviceIdentity
0x000000024896f000 	/System/Library/Frameworks/SharedWithYouCore.framework/Versions/A/SharedWithYouCore
0x0000000253958000 	/System/Library/PrivateFrameworks/CloudTelemetry.framework/Versions/A/CloudTelemetry
0x00000001b6c1e000 	/System/Library/PrivateFrameworks/AppleAccount.framework/Versions/A/AppleAccount
0x00000001b71e0000 	/System/Library/PrivateFrameworks/C2.framework/Versions/A/C2
0x00000002535ca000 	/System/Library/PrivateFrameworks/CloudCoreInternal.framework/Versions/A/CloudCoreInternal
0x000000025336f000 	/System/Library/PrivateFrameworks/CloudAsset.framework/Versions/A/CloudAsset
0x00000001b71d7000 	/System/Library/Frameworks/PushKit.framework/Versions/A/PushKit
0x0000000253978000 	/System/Library/PrivateFrameworks/CloudTelemetryTools.framework/Versions/A/CloudTelemetryTools
0x00000001b90db000 	/System/Library/PrivateFrameworks/RTCReporting.framework/Versions/A/RTCReporting
0x000000024b5cb000 	/System/Library/PrivateFrameworks/AAAFoundationSwift.framework/Versions/A/AAAFoundationSwift
0x00000001b6ea9000 	/System/Library/PrivateFrameworks/AppleIDSSOAuthentication.framework/Versions/A/AppleIDSSOAuthentication
0x00000001cbcc7000 	/System/Library/PrivateFrameworks/CaptiveNetwork.framework/Versions/A/CaptiveNetwork
0x00000001b66af000 	/System/Library/PrivateFrameworks/EAP8021X.framework/Versions/A/EAP8021X
0x00000002599dd000 	/System/Library/PrivateFrameworks/CryptoKitPrivate.framework/Versions/A/CryptoKitPrivate
0x00000001c6042000 	/System/Library/PrivateFrameworks/FindMyDevice.framework/Versions/A/FindMyDevice
0x00000001badea000 	/System/Library/PrivateFrameworks/FMCoreLite.framework/Versions/A/FMCoreLite
0x00000001a934b000 	/System/Library/Frameworks/ServiceManagement.framework/Versions/A/ServiceManagement
0x00000001dae5b000 	/System/Library/PrivateFrameworks/UIKitServices.framework/Versions/A/UIKitServices
0x0000000140a74000 	/System/Library/Extensions/AGXMetalG14G.bundle/Contents/MacOS/AGXMetalG14G
0x00000001bef6c000 	/System/Library/PrivateFrameworks/IOGPU.framework/Versions/A/IOGPU
0x000000011e3c4000 	/Users/mattias800/repos/spela/player/desktop/build/native/libspela-libretro.dylib
0x000000012de08000 	/opt/homebrew/Cellar/sdl2/2.32.10/lib/libSDL2-2.0.0.dylib
0x000000011e398000 	/Users/mattias800/Library/Java/JavaVirtualMachines/ms-21.0.10/Contents/Home/lib/libjawt.dylib
0x000000013fa1c000 	/opt/homebrew/Cellar/molten-vk/1.4.0/lib/libMoltenVK.dylib
0x00000001b48ab000 	/System/Library/Frameworks/CoreHaptics.framework/Versions/A/CoreHaptics
0x00000001b69c6000 	/System/Library/Frameworks/GameController.framework/Versions/A/GameController
0x0000000262f02000 	/System/Library/PrivateFrameworks/GameControllerFoundation.framework/Versions/A/GameControllerFoundation
0x0000000262fa6000 	/System/Library/PrivateFrameworks/GameControllerSettings.framework/Versions/A/GameControllerSettings
0x00000001ef362000 	/System/Library/Frameworks/ForceFeedback.framework/Versions/A/ForceFeedback
0x0000000262fb9000 	/System/Library/PrivateFrameworks/GameControllerUI.framework/Versions/A/GameControllerUI
0x00000001428f4000 	/Users/mattias800/.skiko/384a41e7bf8dcab7fe3ef7dfb14a2adf281ce448c1f711cac5e69a7b97ae2f4a/libskiko-macos-arm64.dylib
0x000000011e468000 	/Users/mattias800/Library/Java/JavaVirtualMachines/ms-21.0.10/Contents/Home/lib/libosxui.dylib
0x000000028819e000 	/System/Library/PrivateFrameworks/TextInputUI.framework/Versions/A/TextInputUI
0x00000002881d3000 	/System/Library/PrivateFrameworks/TextInputUIMacHelper.framework/Versions/A/TextInputUIMacHelper
0x00000001d0d3a000 	/System/Library/PrivateFrameworks/SafariPlatformSupport.framework/Versions/A/SafariPlatformSupport
0x0000000285e11000 	/System/Library/PrivateFrameworks/SpotlightKnowledge.framework/Versions/A/SpotlightKnowledge
0x0000000285df8000 	/System/Library/PrivateFrameworks/SpotlightEmbedding.framework/Versions/A/SpotlightEmbedding
0x00000001a05fc000 	/System/Library/PrivateFrameworks/SpotlightLinguistics.framework/Versions/A/SpotlightLinguistics
0x0000000285fc5000 	/System/Library/PrivateFrameworks/SpotlightResources.framework/Versions/A/SpotlightResources
0x00000001cbc8b000 	/System/Library/PrivateFrameworks/DataDeliveryServices.framework/Versions/A/DataDeliveryServices
0x0000000145318000 	/Users/mattias800/Library/Java/JavaVirtualMachines/ms-21.0.10/Contents/Home/lib/libjsound.dylib
0x0000000145648000 	/System/Library/Components/CoreAudio.component/Contents/MacOS/CoreAudio
0x000000015c6e4000 	/Users/mattias800/Library/Application Support/Spela/cores/ppsspp_libretro.dylib
0x000000023e9d2000 	/System/Library/Frameworks/OpenGL.framework/Versions/A/Resources/GLEngine.bundle/GLEngine
0x000000023e874000 	/System/Library/Frameworks/OpenGL.framework/Versions/A/Libraries/libGLProgrammability.dylib
0x000000014424c000 	/System/Library/Extensions/AppleMetalOpenGLRenderer.bundle/Contents/MacOS/AppleMetalOpenGLRenderer
0x000000023eb33000 	/System/Library/Frameworks/OpenGL.framework/Versions/A/Resources/GLRendererFloat.bundle/GLRendererFloat

JVMTI agents: none


VM Arguments:
jvm_args: -Dcompose.application.configure.swing.globals=true -Dcompose.application.resources.dir=/Users/mattias800/repos/spela/player/desktop/build/compose/tmp/prepareAppResources -Djava.library.path=/Users/mattias800/repos/spela/player/desktop/build/native -Dfile.encoding=UTF-8 -Duser.country=US -Duser.language=en -Duser.variant 
java_command: com.spela.player.desktop.MainKt
java_class_path (initial): /Users/mattias800/repos/spela/player/desktop/build/libs/desktop-desktop.jar:/Users/mattias800/repos/spela/player/shared/build/libs/shared-desktop.jar:/Users/mattias800/.gradle/caches/modules-2/files-2.1/io.ktor/ktor-client-cio-jvm/3.4.0/84786f75d08fe5042f17c246380eb8381d125a6b/ktor-client-cio-jvm-3.4.0.jar:/Users/mattias800/.gradle/caches/modules-2/files-2.1/org.jetbrains.compose.material3/material3-desktop/1.9.0/19004c4eb3dc6618eb66a076bbe3d7e1a2e7b85/material3-desktop-1.9.0.jar:/Users/mattias800/.gradle/caches/modules-2/files-2.1/org.jetbrains.compose.components/components-resources-desktop/1.10.1/c6115b607f77e9d033de360f989850d3824bf112/library-desktop-1.10.1.jar:/Users/mattias800/.gradle/caches/modules-2/files-2.1/org.jetbrains.compose.desktop/desktop-jvm/1.10.1/42facd9840309ac4eb841a986c5d1b97d2780471/desktop-jvm-1.10.1.jar:/Users/mattias800/.gradle/caches/modules-2/files-2.1/io.coil-kt.coil3/coil-compose-jvm/3.3.0/38281ac8d9773163bb49be7a871239ea0b953f21/coil-compose-jvm-3.3.0.jar:/Users/mattias800/.gradle/caches/modules-2/files-2.1/io.coil-kt.coil3/coil-compose-core-jvm/3.3.0/4ea0aece0de785d13342ef927464bf75d918f80b/coil-compose-core-jvm-3.3.0.jar:/Users/mattias800/.gradle/caches/modules-2/files-2.1/org.jetbrains.compose.material/material-desktop/1.10.1/63e1c3c6705d111bf84e41110e7729df5b85163e/material-desktop-1.10.1.jar:/Users/mattias800/.gradle/caches/modules-2/files-2.1/org.jetbrains.compose.material/material-ripple-desktop/1.10.1/74a14824f086339703264689c5a7cf4ceb39ed40/material-ripple-desktop-1.10.1.jar:/Users/mattias800/.gradle/caches/modules-2/files-2.1/org.jetbrains.compose.foundation/foundation-desktop/1.10.1/d9ba57abee3527886ea640d3b390a70ba9e28af/foundation-desktop-1.10.1.jar:/Users/mattias800/.gradle/caches/modules-2/files-2.1/org.jetbrains.compose.material/material-icons-extended-desktop/1.7.3/c7c5465dd754043076875b32bce0dd7f5a354fe8/material-icons-extended-desktop-1.7.3.jar:/Users/mattias800/.gradle/caches/modules-2/files-2.1/org.jetbrains.compose.animation/animation-desktop/1.10.1/17f777e04f7fe5dff2fe7992d0c0bda81c3a3897/animation-desktop-1.10.1.jar:/Users/mattias800/.gradle/caches/modules-2/files-2.1/org.jetbrains.compose.foundation/foundation-layout-desktop/1.10.1/263364f922ef14fb64f1313a384a0c31cd6f3fa5/foundation-layout-desktop-1.10.1.jar:/Users/mattias800/.gradle/caches/modules-2/files-2.1/org.jetbrains.compose.material/material-icons-core-desktop/1.7.3/414b3096050fe647b0638832eace80f22c06b85c/material-icons-core-desktop-1.7.3.jar:/Users/mattias800/.gradle/caches/modules-2/files-2.1/org.jetbrains.compose.animation/animation-core-desktop/1.10.1/5dd98c5745e548644b7657901bbcc4c2c8f9ec59/animation-core-desktop-1.10.1.jar:/Users/mattias800/.gradle/caches/modules-2/files-2.1/org.jetbrains.compose.ui/ui-desktop/1.10.1/73a6b1e10434fb11bae82daa68c205c71af03c55/ui-desktop-1.10.1.jar:/Users/mattias800/.gradle/caches/modules-2/files-2.1/io.ktor/ktor-client-content-negotiation-jvm/3.4.0/266c1aef9d340c22cd859dd5c9174c2e1d86489f/ktor-client-content-negotiation-jvm-3.4.0.jar:/Users/mattias800/.gradle/caches/modules-2/files-2.1/io.ktor/ktor-client-auth-jvm/3.4.0/14d75d5e7552a8e26a2ad4dd511a76d4a0c5502f/ktor-client-auth-jvm-3.4.0.jar:/Users/mattias800/.gradle/caches/modules-2/files-2.1/io.ktor/ktor-client-logging-jvm/3.4.0/278d41697d9194d36290842bfdae03d674b3f365/ktor-client-logging-jvm-3.4.0.jar:/Users/mattias800/.gradle/caches/modules-2/files-2.1/io.ktor/ktor-client-websockets-jvm/3.4.0/69e1468e52be95fd339dd8026e78985a6ef981e6/ktor-client-websockets-jvm-3.4.0.jar:/Users/mattias800/.gradle/caches/modules-2/files-2.1/io.coil-kt.coil3/coil-network-ktor3-jvm/3.3.0/70b76d7093cce8124a2b2e665ac281992755376e/coil-network-ktor3-jvm-3.3.0.jar:/Users/mattias800/.gradle/caches/modules-2/files-2.1/io.ktor/ktor-client-core-jvm/3.4.0/1f017fc4dcf7e3ff5152a28923b7639a9ba82123/ktor-client-core-jvm-3.4.0.jar:/Users/mattias800/.gradle/caches/modules-2/files-2.1/io.ktor/ktor-serialization-kotlinx-json-jvm/3.4.0/2a09f17d70b6e61623fd8aff9bdce6d7877892/ktor-serialization-kotlinx-json-jvm-3.4.0.jar:/Users/mattias800/.gradle/caches/modules-2/files-2.1/app.cash.sqldelight/coroutines-extensions-jvm/2.2.1/57db01cca75db01f64c58fb1db3aad67b1a52708/sqldelight-coroutines-extensions-jvm-2.2.1.jar:/Users/mattias800/.gradle/caches/modules-2/files-2.1/org.jetbrains.skiko/skiko-awt-runtime-macos-arm64/0.9.37.4/a21a251e5695f2b8da63842e9e8a5ecb2f219dce/skiko-awt-runtime-macos-arm64-0.9.37.4.jar:/Users/mattias800/.gradle/caches/modules-2/files-2.1/io.coil-kt.coil3/coil-svg-jvm/3.3.0/8a566f5afbde353030373d6cf86d907143cfa803/coil-svg-jvm-3.3.0.jar:/Users/mattias800/.gradle/caches/modules-2/files-2.1/org.jetbrains.compose.ui/ui-text-desktop/1.10.1/7babd6e2dea601e74bed24b4017350e1acf4569c/ui-text-desktop-1.10.1.jar:/Users/mattias800/.gradle/caches/modules-2/files-2.1/org.jetbrains.compose.ui/ui-graphics-desktop/1.10.1/c0b9e89e8f5ac5b0253d32d8da2758643ca1e19b/ui-graphics-desktop-1.10.1.jar:/Users/mattias800/.gradle/caches/modules-2/files-2.1/io.coil-kt.coil3/coil-jvm/3.3.0/246e1bf044d5f858315c517f7f770f6dc0516195/coil-jvm-3.3.0.jar:/Users/mattias800/.gradle/caches/modules-2/files-2.1/io.coil-kt.coil3/coil-network-core-jvm/3.3.0/c50c4cf1424afcc90532ed8064bcaa14d88d0ea8/coil-network-core-jvm-3.3.0.jar:/Users/mattias800/.gradle/caches/modules-2/files-2.1/io.coil-kt.coil3/coil-core-jvm/3.3.0/70ff6cf3312784cddfe695b2e2f62aec53778b38/coil-core-jvm-3.3.0.jar:/Users/mattias800/.gradle/caches/modules-2/files-2.1/org.jetbrains.skiko/skiko-awt/0.9.37.4/fc7470cca1041a52b182a921205c5c224e7709ad/skiko-awt-0.9.37.4.jar:/Users/mattias800/.gradle/caches/modules-2/files-2.1/org.jetbrains.kotlinx/kotlinx-coroutines-slf4j/1.10.2/1271f9d4a929150bb87ab8d1dc1e86d4bcf039f3/kotlinx-coroutines-slf4j-1.10.2.jar:/Users/mattias800/.gradle/caches/modules-2/files-2.1/io.ktor/ktor-http-cio-jvm/3.4.0/2c1f50d77b7d825175acf56f6cb494fc1145e23e/ktor-http-cio-jvm-3.4.0.jar:/Users/mattias800/.gradle/caches/modules-2/files-2.1/io.ktor/ktor-websocket-serialization-jvm/3.4.0/20093fc55064238930e96c8dd12a2d96af6ff81d/ktor-websocket-serialization-jvm-3.4.0.jar:/Users/mattias800/.gradle/caches/modules-2/files-2.1/io.ktor/ktor-serialization-kotlinx-jvm/3.4.0/d001db47b2ebe8ad8b2cb1bb2a687688840f5887/ktor-serialization-kotlinx-jvm-3.4.0.jar:/Users/mattias800/.gradle/caches/modules-2/files-2.1/io.ktor/ktor-serialization-jvm/3.4.0/406af3e14bc41086ac933c02c67bd7ee762cfb4b/ktor-serialization-jvm-3.4.0.jar:/Users/mattias800/.gradle/caches/modules-2/files-2.1/io.ktor/ktor-websockets-jvm/3.4.0/5c8a9438372c7de912cf6da0e275ec17056d6451/ktor-websockets-jvm-3.4.0.jar:/Users/mattias800/.gradle/caches/modules-2/files-2.1/io.ktor/ktor-network-tls-jvm/3.4.0/10bb3d46d3fba6ccfc27f03fbeec029a756358b1/ktor-network-tls-jvm-3.4.0.jar:/Users/mattias800/.gradle/caches/modules-2/files-2.1/io.insert-koin/koin-compose-jvm/4.0.0/cf45eee3ae6e58e04a6771a8c04a8937395f8ea0/koin-compose-jvm-4.0.0.jar:/Users/mattias800/.gradle/caches/modules-2/files-2.1/org.jetbrains.compose.ui/ui-backhandler-desktop/1.10.1/ed725f86a0fdff73fb37561ffb606166725e4b6f/ui-backhandler-desktop-1.10.1.jar:/Users/mattias800/.gradle/caches/modules-2/files-2.1/androidx.navigationevent/navigationevent-desktop/1.0.2/ddb1e7fe97ed51c3d35bba493f97fcf12398719/navigationevent-desktop-1.0.2.jar:/Users/mattias800/.gradle/caches/modules-2/files-2.1/androidx.compose.runtime/runtime-annotation-jvm/1.10.2/ea491da34ba40ae9bd340c393566753ddfd95a76/runtime-annotation-jvm-1.10.2.jar:/Users/mattias800/.gradle/caches/modules-2/files-2.1/androidx.compose.runtime/runtime-retain-desktop/1.10.2/879812e3cd2c6151f5d91f515a35952b1be07a76/runtime-retain-desktop-1.10.2.jar:/Users/mattias800/.gradle/caches/modules-2/files-2.1/androidx.compose.runtime/runtime-saveable-desktop/1.10.2/f6903c683c07ba479659ba4eb55bc7c80a7c433e/runtime-saveable-desktop-1.10.2.jar:/Users/mattias800/.gradle/caches/modules-2/files-2.1/org.jetbrains.compose.runtime/runtime-saveable-desktop/1.10.1/9b0e2a8ce3ae7d2b1a40307bc9271933b238cfd4/runtime-saveable-desktop-1.10.1.jar:/Users/mattias800/.gradle/caches/modules-2/files-2.1/org.jetbrains.androidx.lifecycle/lifecycle-runtime-compose-desktop/2.9.6/7b6b6793f3c4c5996b20d1d99cf728e5fac00364/lifecycle-runtime-compose-desktop-2.9.6.jar:/Users/mattias800/.gradle/caches/modules-2/files-2.1/org.jetbrains.compose.ui/ui-unit-desktop/1.10.1/aeeb2f31358ab5abf0bafa0828de2faba7189db5/ui-unit-desktop-1.10.1.jar:/Users/mattias800/.gradle/caches/modules-2/files-2.1/org.jetbrains.compose.ui/ui-geometry-desktop/1.10.1/779ddaadbc03720f7bb2507f6ed6dc4ffc9e7f3e/ui-geometry-desktop-1.10.1.jar:/Users/mattias800/.gradle/caches/modules-2/files-2.1/org.jetbrains.compose.ui/ui-tooling-preview-desktop/1.10.1/6d464d6c6d654d45aecdfaff7a08d64af62217e2/ui-tooling-preview-desktop-1.10.1.jar:/Users/mattias800/.gradle/caches/modules-2/files-2.1/org.jetbrains.androidx.savedstate/savedstate-compose-desktop/1.3.6/63692375ffe667f12cb3ea8aa1e605d659ed2add/savedstate-compose-desktop-1.3.6.jar:/Users/mattias800/.gradle/caches/modules-2/files-2.1/org.jetbrains.compose.runtime/runtime-desktop/1.10.1/edbd39fc9691f4ba1e29c6690341148db4272752/runtime-desktop-1.10.1.jar:/Users/mattias800/.gradle/caches/modules-2/files-2.1/androidx.lifecycle/lifecycle-viewmodel-savedstate-desktop/2.9.4/72a1919b08c5a4da224d8a65ce1589aa69934e8a/lifecycle-viewmodel-savedstate-desktop-2.9.4.jar:/Users/mattias800/.gradle/caches/modules-2/files-2.1/androidx.lifecycle/lifecycle-viewmodel-desktop/2.9.4/93fee6d78f0df0e38f36e0fa2eff74f8da6d5481/lifecycle-viewmodel-desktop-2.9.4.jar:/Users/mattias800/.gradle/caches/modules-2/files-2.1/androidx.lifecycle/lifecycle-runtime-desktop/2.9.4/1cc820319ec0139e76b8a2fe4be0b356b4e624c4/lifecycle-runtime-desktop-2.9.4.jar:/Users/mattias800/.gradle/caches/modules-2/files-2.1/androidx.savedstate/savedstate-compose-desktop/1.3.3/cd60b543d5722a8b5e6cea1e4ccdec8b4375a22b/savedstate-compose-desktop-1.3.3.jar:/Users/mattias800/.gradle/caches/modules-2/files-2.1/androidx.savedstate/savedstate-desktop/1.3.3/1c5bfc3fb56614538528060a06f2c03e34fa5188/savedstate-desktop-1.3.3.jar:/Users/mattias800/.gradle/caches/modules-2/files-2.1/androidx.lifecycle/lifecycle-common-jvm/2.9.4/ab739bccdb3541983385af169565c7c035d897e7/lifecycle-common-jvm-2.9.4.jar:/Users/mattias800/.gradle/caches/modules-2/files-2.1/androidx.lifecycle/lifecycle-runtime-compose-desktop/2.9.4/86a4ffec845d4e488078118a0b5095bd1fabcafe/lifecycle-runtime-compose-desktop-2.9.4.jar:/Users/mattias800/.gradle/caches/modules-2/files-2.1/androidx.compose.runtime/runtime-desktop/1.10.2/b1705e2087f06395622b784aa88e2e738043459/runtime-desktop-1.10.2.jar:/Users/mattias800/.gradle/caches/modules-2/files-2.1/io.ktor/ktor-http-jvm/3.4.0/81e4323a06aa6751f59ffe6e35e61277af17fdb5/ktor-http-jvm-3.4.0.jar:/Users/mattias800/.gradle/caches/modules-2/files-2.1/io.ktor/ktor-events-jvm/3.4.0/d6e6800119bf169c0559eeaf49477757e50a736/ktor-events-jvm-3.4.0.jar:/Users/mattias800/.gradle/caches/modules-2/files-2.1/io.ktor/ktor-sse-jvm/3.4.0/3b4493bfb71b536fc0c055d645ceb1a44b318637/ktor-sse-jvm-3.4.0.jar:/Users/mattias800/.gradle/caches/modules-2/files-2.1/app.cash.sqldelight/async-extensions-jvm/2.2.1/1caa5e80a3f9587d9521bb5786d8004169abb659/sqldelight-async-extensions-jvm-2.2.1.jar:/Users/mattias800/.gradle/caches/modules-2/files-2.1/io.ktor/ktor-network-jvm/3.4.0/8d6179be0155e1d34f844a8317b7f1950772a372/ktor-network-jvm-3.4.0.jar:/Users/mattias800/.gradle/caches/modules-2/files-2.1/io.ktor/ktor-utils-jvm/3.4.0/ce54b074feee2cc3cdac2ba93420f18adc71061d/ktor-utils-jvm-3.4.0.jar:/Users/mattias800/.gradle/caches/modules-2/files-2.1/io.ktor/ktor-io-jvm/3.4.0/16e3233d00797f77f2b918a65d40479c28dc2bde/ktor-io-jvm-3.4.0.jar:/Users/mattias800/.gradle/caches/modules-2/files-2.1/org.jetbrains.kotlinx/kotlinx-coroutines-core-jvm/1.10.2/4a9f78ef49483748e2c129f3d124b8fa249dafbf/kotlinx-coroutines-core-jvm-1.10.2.jar:/Users/mattias800/.gradle/caches/modules-2/files-2.1/org.jetbrains.kotlinx/kotlinx-coroutines-swing/1.10.2/ccb5a2e7c83fa76da0ba4677f05678d3bd3eed57/kotlinx-coroutines-swing-1.10.2.jar:/Users/mattias800/.gradle/caches/modules-2/files-2.1/app.cash.sqldelight/sqlite-driver/2.2.1/14c7c61ee75309171122d51489aa0bae72e3d28f/sqlite-driver-2.2.1.jar:/Users/mattias800/.gradle/caches/modules-2/files-2.1/io.insert-koin/koin-core-jvm/4.0.0/6a66dcf3885c4783432e98845b10f0b5e48ef5b1/koin-core-jvm-4.0.0.jar:/Users/mattias800/.gradle/caches/modules-2/files-2.1/app.cash.sqldelight/jdbc-driver/2.2.1/bd1eec7b45a148d571ecb1d4db97ca5c259a9a9c/jdbc-driver-2.2.1.jar:/Users/mattias800/.gradle/caches/modules-2/files-2.1/app.cash.sqldelight/runtime-jvm/2.2.1/db9095b526694836a06428c2ef14b0562b8a7028/runtime-jvm-2.2.1.jar:/Users/mattias800/.gradle/caches/modules-2/files-2.1/org.jetbrains.kotlinx/kotlinx-serialization-json-io-jvm/1.10.0/50ca77d6d3986562a140275d6c8b07086af55f83/kotlinx-serialization-json-io-jvm-1.10.0.jar:/Users/mattias800/.gradle/caches/modules-2/files-2.1/org.jetbrains.kotlinx/kotlinx-serialization-core-jvm/1.10.0/9400c03c056953bbbf30e861e63735c90e9eb320/kotlinx-serialization-core-jvm-1.10.0.jar:/Users/mattias800/.gradle/caches/modules-2/files-2.1/org.jetbrains.kotlinx/kotlinx-serialization-json-jvm/1.10.0/a74d7819e02bad98af4d6b56c4f45aa6d31ef4ad/kotlinx-serialization-json-jvm-1.10.0.jar:/Users/mattias800/.gradle/caches/modules-2/files-2.1/org.jetbrains.kotlinx/kotlinx-datetime-jvm/0.7.1/81c2e0246bd28cc2dcbdf0ab53628322e66a9de9/kotlinx-datetime-jvm-0.7.1.jar:/Users/mattias800/.gradle/caches/modules-2/files-2.1/org.jetbrains.kotlin/kotlin-stdlib-jdk8/2.2.20/57c4d839a6e5ad105d61ffc5cc0bf4de649c1714/kotlin-stdlib-jdk8-2.2.20.jar:/Users/mattias800/.gradle/caches/modules-2/files-2.1/co.touchlab/stately-concurrent-collections-jvm/2.1.0/5c03b644537d7926a8f77e5735a8bebb55dafdcd/stately-concurrent-collections-jvm-2.1.0.jar:/Users/mattias800/.gradle/caches/modules-2/files-2.1/co.touchlab/stately-concurrency-jvm/2.1.0/6285428408c4d7e4a6d9a09511de877103effd81/stately-concurrency-jvm-2.1.0.jar:/Users/mattias800/.gradle/caches/modules-2/files-2.1/org.jetbrains.compose.ui/ui-util-desktop/1.10.1/fe41825dccacb792ded7df579736a0ed919ee270/ui-util-desktop-1.10.1.jar:/Users/mattias800/.gradle/caches/modules-2/files-2.1/org.jetbrains.kotlinx/atomicfu-jvm/0.23.2/a4601dc42dceb031a586058e8356ff778a57dea0/atomicfu-jvm-0.23.2.jar:/Users/mattias800/.gradle/caches/modules-2/files-2.1/org.jetbrains.kotlin/kotlin-stdlib-jdk7/2.2.20/bdbe3b5d872fa3b74d8fcd4e7ca3193f4abc9cc8/kotlin-stdlib-jdk7-2.2.20.jar:/Users/mattias800/.gradle/caches/modules-2/files-2.1/androidx.collection/collection-jvm/1.5.0/7ba2c69414d46ebc2dd76598bdd0a75c54281a57/collection-jvm-1.5.0.jar:/Users/mattias800/.gradle/caches/modules-2/files-2.1/androidx.arch.core/core-common/2.2.0/5e1b8b81dfd5f52c56a8d53b18ca759c19a301f3/core-common-2.2.0.jar:/Users/mattias800/.gradle/caches/modules-2/files-2.1/androidx.annotation/annotation-jvm/1.9.1/b17951747e38bf3986a24431b9ba0d039958aa5f/annotation-jvm-1.9.1.jar:/Users/mattias800/.gradle/caches/modules-2/files-2.1/co.touchlab/stately-strict-jvm/2.1.0/3ae8369209065455f4630793bf6aca0fb88c8b6b/stately-strict-jvm-2.1.0.jar:/Users/mattias800/.gradle/caches/modules-2/files-2.1/com.squareup.okio/okio-jvm/3.15.0/cb3c285187640f543150fcac1ae012bdd778c0e1/okio-jvm-3.15.0.jar:/Users/mattias800/.gradle/caches/modules-2/files-2.1/org.jetbrains.kotlinx/kotlinx-io-core-jvm/0.8.2/358a9f2ba2dc81c5dc84c3d1853f6e5efba63be1/kotlinx-io-core-jvm-0.8.2.jar:/Users/mattias800/.gradle/caches/modules-2/files-2.1/org.jetbrains.kotlinx/kotlinx-io-bytestring-jvm/0.8.2/89c5399596250e71f2bba6d2415972a078a525c7/kotlinx-io-bytestring-jvm-0.8.2.jar:/Users/mattias800/.gradle/caches/modules-2/files-2.1/org.jetbrains.kotlin/kotlin-stdlib/2.3.10/8b80e2f80a3b7daa99c16017f91d4c72cd8b31a6/kotlin-stdlib-2.3.10.jar:/Users/mattias800/.gradle/caches/modules-2/files-2.1/org.jetbrains/annotations/23.0.0/8cc20c07506ec18e0834947b84a864bfc094484e/annotations-23.0.0.jar:/Users/mattias800/.gradle/caches/modules-2/files-2.1/org.xerial/sqlite-jdbc/3.51.0.0/17c4e0d41dd482d6f35547f4235d55e72b7cf0f1/sqlite-jdbc-3.51.0.0.jar:/Users/mattias800/.gradle/caches/modules-2/files-2.1/org.slf4j/slf4j-api/2.0.17/d9e58ac9c7779ba3bf8142aff6c830617a7fe60f/slf4j-api-2.0.17.jar:/Users/mattias800/.gradle/caches/modules-2/files-2.1/org.jetbrains.runtime/jbr-api/1.5.0/4158e485a7a4ecfd521e03095d81e0225529e8d2/jbr-api-1.5.0.jar:/Users/mattias800/.gradle/caches/modules-2/files-2.1/org.jspecify/jspecify/1.0.0/7425a601c1c7ec76645a78d22b8c6a627edee507/jspecify-1.0.0.jar
Launcher Type: SUN_STANDARD

[Global flags]
     intx CICompilerCount                          = 4                                         {product} {ergonomic}
     uint ConcGCThreads                            = 2                                         {product} {ergonomic}
     uint G1ConcRefinementThreads                  = 8                                         {product} {ergonomic}
   size_t G1HeapRegionSize                         = 4194304                                   {product} {ergonomic}
    uintx GCDrainStackTargetSize                   = 64                                        {product} {ergonomic}
   size_t InitialHeapSize                          = 402653184                                 {product} {ergonomic}
   size_t MarkStackSize                            = 4194304                                   {product} {ergonomic}
   size_t MaxHeapSize                              = 6442450944                                {product} {ergonomic}
   size_t MaxNewSize                               = 3862953984                                {product} {ergonomic}
   size_t MinHeapDeltaBytes                        = 4194304                                   {product} {ergonomic}
   size_t MinHeapSize                              = 8388608                                   {product} {ergonomic}
    uintx NonNMethodCodeHeapSize                   = 5839564                                {pd product} {ergonomic}
    uintx NonProfiledCodeHeapSize                  = 122909338                              {pd product} {ergonomic}
    uintx ProfiledCodeHeapSize                     = 122909338                              {pd product} {ergonomic}
    uintx ReservedCodeCacheSize                    = 251658240                              {pd product} {ergonomic}
     bool SegmentedCodeCache                       = true                                      {product} {ergonomic}
   size_t SoftMaxHeapSize                          = 6442450944                             {manageable} {ergonomic}
     bool UseCompressedOops                        = true                           {product lp64_product} {ergonomic}
     bool UseG1GC                                  = true                                      {product} {ergonomic}
     bool UseNUMA                                  = false                                     {product} {ergonomic}
     bool UseNUMAInterleaving                      = false                                     {product} {ergonomic}

Logging:
Log output configuration:
 #0: stdout all=warning uptime,level,tags foldmultilines=false
 #1: stderr all=off uptime,level,tags foldmultilines=false

Release file:
IMPLEMENTOR="Microsoft"
IMPLEMENTOR_VERSION="Microsoft-13106411"
JAVA_RUNTIME_VERSION="21.0.10+7-LTS"
JAVA_VERSION="21.0.10"
JAVA_VERSION_DATE="2026-01-20"
LIBC="default"
MODULES="java.base java.compiler java.datatransfer java.xml java.prefs java.desktop java.instrument java.logging java.management java.security.sasl java.naming java.rmi java.management.rmi java.net.http java.scripting java.security.jgss java.transaction.xa java.sql java.sql.rowset java.xml.crypto java.se java.smartcardio jdk.accessibility jdk.internal.jvmstat jdk.attach jdk.charsets jdk.internal.opt jdk.zipfs jdk.compiler jdk.crypto.ec jdk.crypto.cryptoki jdk.dynalink jdk.internal.ed jdk.editpad jdk.hotspot.agent jdk.httpserver jdk.incubator.vector jdk.internal.le jdk.internal.vm.ci jdk.internal.vm.compiler jdk.internal.vm.compiler.management jdk.jartool jdk.javadoc jdk.jcmd jdk.management jdk.management.agent jdk.jconsole jdk.jdeps jdk.jdwp.agent jdk.jdi jdk.jfr jdk.jlink jdk.jpackage jdk.jshell jdk.jsobject jdk.jstatd jdk.localedata jdk.management.jfr jdk.naming.dns jdk.naming.rmi jdk.net jdk.nio.mapmode jdk.random jdk.sctp jdk.security.auth jdk.security.jgss jdk.unsupported jdk.unsupported.desktop jdk.xml.dom"
OS_ARCH="aarch64"
OS_NAME="Darwin"
SOURCE=".:git:e69b6ef7382e"

Environment Variables:
PATH=/Users/mattias800/Library/Android/sdk/emulator:/Users/mattias800/Library/Android/sdk/tools:/Users/mattias800/Library/Android/sdk/platform-tools:/Users/mattias800/.antigravity/antigravity/bin:/Users/mattias800/.local/bin:/Users/mattias800/.mzsh/bin:/Users/mattias800/.bun/bin:/Users/mattias800/Library/pnpm:/opt/homebrew/bin:/opt/homebrew/sbin:/usr/local/bin:/System/Cryptexes/App/usr/bin:/usr/bin:/bin:/usr/sbin:/sbin:/var/run/com.apple.security.cryptexd/codex.system/bootstrap/usr/local/bin:/var/run/com.apple.security.cryptexd/codex.system/bootstrap/usr/bin:/var/run/com.apple.security.cryptexd/codex.system/bootstrap/usr/appleinternal/bin:/opt/pmk/env/global/bin:/Library/Apple/usr/bin:/usr/local/share/dotnet:~/.dotnet/tools:/Users/mattias800/Library/Application Support/JetBrains/Toolbox/scripts:/Users/mattias800/.lmstudio/bin:/Users/mattias800/.maestro/bin:/Users/mattias800/.maestro/bin:/Applications/Warp.app/Contents/Resources/bin
SHELL=/bin/zsh
LANG=C.UTF-8
LC_CTYPE=UTF-8
TERM=xterm-256color
TMPDIR=/var/folders/00/y_pwwndd1hj9rnmh0xwj36v80000gn/T/
DYLD_FALLBACK_LIBRARY_PATH=/tmp/spela-vulkan:/opt/homebrew/lib:/usr/local/lib

Active Locale:
LC_ALL=C.UTF-8/UTF-8/C.UTF-8/C.UTF-8/C.UTF-8/C.UTF-8
LC_COLLATE=C.UTF-8
LC_CTYPE=UTF-8
LC_MESSAGES=C.UTF-8
LC_MONETARY=C.UTF-8
LC_NUMERIC=C.UTF-8
LC_TIME=C.UTF-8

Signal Handlers:
   SIGSEGV: crash_handler in libjvm.dylib, mask=11100110000111110111111111111111, flags=SA_ONSTACK|SA_RESTART|SA_SIGINFO, unblocked
    SIGBUS: crash_handler in libjvm.dylib, mask=11100110000111110111111111111111, flags=SA_RESTART|SA_SIGINFO, unblocked
    SIGFPE: crash_handler in libjvm.dylib, mask=11100110000111110111111111111111, flags=SA_RESTART|SA_SIGINFO, unblocked
   SIGPIPE: javaSignalHandler in libjvm.dylib, mask=11100110000111110111111111111111, flags=SA_RESTART|SA_SIGINFO, blocked
   SIGXFSZ: javaSignalHandler in libjvm.dylib, mask=11100110000111110111111111111111, flags=SA_RESTART|SA_SIGINFO, blocked
    SIGILL: crash_handler in libjvm.dylib, mask=11100110000111110111111111111111, flags=SA_RESTART|SA_SIGINFO, unblocked
   SIGUSR2: SR_handler in libjvm.dylib, mask=00000000000000000000000000000000, flags=SA_RESTART|SA_SIGINFO, blocked
    SIGHUP: UserHandler in libjvm.dylib, mask=11100110000111110111111111111111, flags=SA_RESTART|SA_SIGINFO, blocked
    SIGINT: UserHandler in libjvm.dylib, mask=11100110000111110111111111111111, flags=SA_RESTART|SA_SIGINFO, blocked
   SIGTERM: UserHandler in libjvm.dylib, mask=11100110000111110111111111111111, flags=SA_RESTART|SA_SIGINFO, blocked
   SIGQUIT: UserHandler in libjvm.dylib, mask=11100110000111110111111111111111, flags=SA_RESTART|SA_SIGINFO, blocked
   SIGTRAP: crash_handler in libjvm.dylib, mask=11100110000111110111111111111111, flags=SA_RESTART|SA_SIGINFO, unblocked


Periodic native trim disabled

---------------  S Y S T E M  ---------------

OS:
uname: Darwin 25.3.0 Darwin Kernel Version 25.3.0: Wed Jan 28 20:56:34 PST 2026; root:xnu-12377.91.3~2/RELEASE_ARM64_T8112 arm64
OS uptime: 14 days 16:04 hours
rlimit (soft/hard): STACK 8176k/65520k , CORE 0k/infinity , NPROC 4000/6000 , NOFILE 1048576/infinity , AS infinity/infinity , CPU infinity/infinity , DATA infinity/infinity , FSIZE infinity/infinity , MEMLOCK infinity/infinity , RSS infinity/infinity
load average: 4.98 5.78 5.20

CPU: total 8 (initial active 8) 0x61:0x0:0xda33d83d:0, fp, asimd, aes, pmull, sha1, sha256, crc32, lse, sha3, sha512
machdep.cpu.brand_string:Apple M2
hw.cachelinesize:128
hw.l1icachesize:131072
hw.l1dcachesize:65536
hw.l2cachesize:4194304

Memory: 16k page, physical 25165824k(110096k free), swap 8388608k(991104k free)

vm_info: OpenJDK 64-Bit Server VM (21.0.10+7-LTS) for bsd-aarch64 JRE (21.0.10+7-LTS), built on 2026-01-15T18:35:20Z by "MicrosoftCorporation" with clang Apple LLVM 15.0.0 (clang-1500.1.0.2.5)

END.
