#
# A fatal error has been detected by the Java Runtime Environment:
#
#  SIGBUS (0xa) at pc=0x000000013cdd2f44, pid=78083, tid=120579
#
# JRE version: OpenJDK Runtime Environment Microsoft-13106411 (21.0.10+7) (build 21.0.10+7-LTS)
# Java VM: OpenJDK 64-Bit Server VM Microsoft-13106411 (21.0.10+7-LTS, mixed mode, sharing, tiered, compressed oops, compressed class ptrs, g1 gc, bsd-aarch64)
# Problematic frame:
# C  [libspela-libretro.dylib+0xef44]  patch_segment_pointers+0x204
#
# No core dump will be written. Core dumps have been disabled. To enable core dumping, try "ulimit -c unlimited" before starting Java again
#
# If you would like to submit a bug report, please visit:
#   https://github.com/microsoft/openjdk/issues
# The crash happened outside the Java Virtual Machine in native code.
# See problematic frame for where to report the bug.
#

---------------  S U M M A R Y ------------

Command Line: -Dcompose.application.configure.swing.globals=true -Dcompose.application.resources.dir=/Users/mattias800/repos/spela/player/desktop/build/compose/tmp/prepareAppResources -Djava.library.path=/Users/mattias800/repos/spela/player/desktop/build/native -Dfile.encoding=UTF-8 -Duser.country=US -Duser.language=en -Duser.variant com.spela.player.desktop.MainKt

Host: "Mac14,2" arm64, 8 cores, 24G, Darwin 25.2.0, macOS 26.2 (25C56)
Time: Mon Feb 16 13:06:45 2026 CET elapsed time: 13.617979 seconds (0d 0h 0m 13s)

---------------  T H R E A D  ---------------

Current thread (0x000000098d52e300):  JavaThread "DefaultDispatcher-worker-16" daemon [_thread_in_native, id=120579, stack(0x0000000175bd4000,0x0000000175dd7000) (2060K)]

Stack: [0x0000000175bd4000,0x0000000175dd7000],  sp=0x0000000175dd5fe0,  free space=2055k
Native frames: (J=compiled Java code, j=interpreted, Vv=VM code, C=native code)
C  [libspela-libretro.dylib+0xef44]  patch_segment_pointers+0x204
C  [libspela-libretro.dylib+0xed00]  rebind_symbols_in_image+0x2fc
C  [libspela-libretro.dylib+0xdf40]  rebind_gl_in_core+0x1a8
C  [libspela-libretro.dylib+0xd9d8]  hw_gl_init+0x36c
C  [libspela-libretro.dylib+0x5344]  Java_com_spela_player_libretro_LibretroJni_nativeLoadGame+0x310
j  com.spela.player.libretro.LibretroJni.nativeLoadGame(Ljava/lang/String;)Z+0
j  com.spela.player.libretro.DesktopLibretroController.loadGame(Ljava/lang/String;)V+11
j  com.spela.player.presentation.viewmodel.EmulationViewModel$startGame$2.invokeSuspend(Ljava/lang/Object;)Ljava/lang/Object;+993
J 2547 c1 kotlin.coroutines.jvm.internal.BaseContinuationImpl.resumeWith(Ljava/lang/Object;)V (124 bytes) @ 0x00000001102a838c [0x00000001102a7f00+0x000000000000048c]
J 3379 c1 kotlinx.coroutines.DispatchedTask.run()V (387 bytes) @ 0x00000001103cd374 [0x00000001103cbd00+0x0000000000001674]
J 5440 c1 kotlinx.coroutines.scheduling.CoroutineScheduler.runSafely(Lkotlinx/coroutines/scheduling/Task;)V (73 bytes) @ 0x00000001108c091c [0x00000001108c07c0+0x000000000000015c]
J 5439 c1 kotlinx.coroutines.scheduling.CoroutineScheduler$Worker.executeTask(Lkotlinx/coroutines/scheduling/Task;)V (168 bytes) @ 0x00000001108bfef8 [0x00000001108bfa40+0x00000000000004b8]
j  kotlinx.coroutines.scheduling.CoroutineScheduler$Worker.runWorker()V+44
j  kotlinx.coroutines.scheduling.CoroutineScheduler$Worker.run()V+1
v  ~StubRoutines::call_stub 0x00000001173b0154
V  [libjvm.dylib+0x4b2d3c]  JavaCalls::call_helper(JavaValue*, methodHandle const&, JavaCallArguments*, JavaThread*)+0x3d8
V  [libjvm.dylib+0x4b1c74]  JavaCalls::call_virtual(JavaValue*, Klass*, Symbol*, Symbol*, JavaCallArguments*, JavaThread*)+0x140
V  [libjvm.dylib+0x4b1d40]  JavaCalls::call_virtual(JavaValue*, Handle, Klass*, Symbol*, Symbol*, JavaThread*)+0x64
V  [libjvm.dylib+0x581e98]  thread_entry(JavaThread*, JavaThread*)+0x9c
V  [libjvm.dylib+0x4c7084]  JavaThread::thread_main_inner()+0x98
V  [libjvm.dylib+0x9ff190]  Thread::call_run()+0xc8
V  [libjvm.dylib+0x821ab8]  thread_native_entry(Thread*)+0x118
C  [libsystem_pthread.dylib+0x6c08]  _pthread_start+0x88
Java frames: (J=compiled Java code, j=interpreted, Vv=VM code)
j  com.spela.player.libretro.LibretroJni.nativeLoadGame(Ljava/lang/String;)Z+0
j  com.spela.player.libretro.DesktopLibretroController.loadGame(Ljava/lang/String;)V+11
j  com.spela.player.presentation.viewmodel.EmulationViewModel$startGame$2.invokeSuspend(Ljava/lang/Object;)Ljava/lang/Object;+993
J 2547 c1 kotlin.coroutines.jvm.internal.BaseContinuationImpl.resumeWith(Ljava/lang/Object;)V (124 bytes) @ 0x00000001102a838c [0x00000001102a7f00+0x000000000000048c]
J 3379 c1 kotlinx.coroutines.DispatchedTask.run()V (387 bytes) @ 0x00000001103cd374 [0x00000001103cbd00+0x0000000000001674]
J 5440 c1 kotlinx.coroutines.scheduling.CoroutineScheduler.runSafely(Lkotlinx/coroutines/scheduling/Task;)V (73 bytes) @ 0x00000001108c091c [0x00000001108c07c0+0x000000000000015c]
J 5439 c1 kotlinx.coroutines.scheduling.CoroutineScheduler$Worker.executeTask(Lkotlinx/coroutines/scheduling/Task;)V (168 bytes) @ 0x00000001108bfef8 [0x00000001108bfa40+0x00000000000004b8]
j  kotlinx.coroutines.scheduling.CoroutineScheduler$Worker.runWorker()V+44
j  kotlinx.coroutines.scheduling.CoroutineScheduler$Worker.run()V+1
v  ~StubRoutines::call_stub 0x00000001173b0154

siginfo: si_signo: 10 (SIGBUS), si_code: 1 (BUS_ADRALN), si_addr: 0x000000013cdd8078

Registers:
 x0=0x0000000000000000  x1=0x000000013cdd5e40  x2=0x000000013ce01280  x3=0xfffffffffffffff0
 x4=0x0000000000000000  x5=0x0000000000000000  x6=0x000000013cdd5e1f  x7=0x00000000000001e0
 x8=0x000000013cdd2370  x9=0x000000013cdd8000 x10=0x000000000000000f x11=0x0000000000000000
x12=0x00000000fffffffd x13=0x0000000000000000 x14=0x0000000000000000 x15=0x0000000000000000
x16=0x000000018342c750 x17=0x00000001f1902c48 x18=0x0000000000000000 x19=0x00000001173b68c0
x20=0x0000000175dd63a0 x21=0x00000001073c1f10 x22=0x0000000000000000 x23=0x0000000000000000
x24=0x0000000175dd6428 x25=0x0000000495fc1558 x26=0x00000001294bb6e0 x27=0x0000000000000000
x28=0x000000098d52e300  fp=0x0000000175dd6060  lr=0x000000013cdd2ee8  sp=0x0000000175dd5fe0
pc=0x000000013cdd2f44 cpsr=0x0000000040001000

Register to memory mapping:

x0 =0x0 is null
x1 =0x000000013cdd5e40: <offset 0x11e40> in /Users/mattias800/repos/spela/player/desktop/build/native/libspela-libretro.dylib at 0x000000013cdc4000
x2 =0x000000013ce01280: g_fbo_redirected_read+0x28ff in /Users/mattias800/repos/spela/player/desktop/build/native/libspela-libretro.dylib at 0x000000013cdc4000
x3 =0xfffffffffffffff0 is an unknown value
x4 =0x0 is null
x5 =0x0 is null
x6 =0x000000013cdd5e1f: <offset 0x11e1f> in /Users/mattias800/repos/spela/player/desktop/build/native/libspela-libretro.dylib at 0x000000013cdc4000
x7 =0x00000000000001e0 is an unknown value
x8 =0x000000013cdd2370: hw_gl_bind_framebuffer_redirect+0 in /Users/mattias800/repos/spela/player/desktop/build/native/libspela-libretro.dylib at 0x000000013cdc4000
x9 =0x000000013cdd8000: <offset 0x14000> in /Users/mattias800/repos/spela/player/desktop/build/native/libspela-libretro.dylib at 0x000000013cdc4000
x10=0x000000000000000f is an unknown value
x11=0x0 is null
x12=0x00000000fffffffd is an unknown value
x13=0x0 is null
x14=0x0 is null
x15=0x0 is null
x16=0x000000018342c750: _platform_strcmp$VARIANT$Base+0 in /usr/lib/system/libsystem_platform.dylib at 0x0000000183428000
x17=0x00000001f1902c48 points into unknown readable memory: 0x0000000183428914 | 14 89 42 83 01 00 00 00
x18=0x0 is null
x19=0x00000001173b68c0 is at code_begin+0 in an Interpreter codelet
result handlers for native calls  [0x00000001173b68c0, 0x00000001173b6908]  72 bytes
x20=0x0000000175dd63a0 is pointing into the stack for thread: 0x000000098d52e300
x21=0x00000001073c1f10: _ZN19TemplateInterpreter13_active_tableE+0 in /Users/mattias800/Library/Java/JavaVirtualMachines/ms-21.0.10/Contents/Home/lib/server/libjvm.dylib at 0x0000000106670000
x22=0x0 is null
x23=0x0 is null
x24=0x0000000175dd6428 is pointing into the stack for thread: 0x000000098d52e300
x25=0x0000000495fc1558 is an oop: java.lang.invoke.MethodType 
{0x0000000495fc1558} - klass: 'java/lang/invoke/MethodType'
 - ---- fields (total size 5 words):
 - private final 'rtype' 'Ljava/lang/Class;' @12  a 'java/lang/Class'{0x0000000481137448} = 'kotlinx/serialization/KSerializer' (0x90226e89)
 - private final 'ptypes' '[Ljava/lang/Class;' @16  a 'java/lang/Class'[1] {0x0000000495fc1540} (0x92bf82a8)
 - private 'form' 'Ljava/lang/invoke/MethodTypeForm;' @20  a 'java/lang/invoke/MethodTypeForm'{0x000000048007f338} (0x9000fe67)
 - private 'wrapAlt' 'Ljava/lang/Object;' @24  null (0x00000000)
 - private 'invokers' 'Ljava/lang/invoke/Invokers;' @28  null (0x00000000)
 - private 'methodDescriptor' 'Ljava/lang/String;' @32  null (0x00000000)
 - signature: (Lcom/spela/player/data/remote/dto/LibretroCoreDto$Companion;)Lkotlinx/serialization/KSerializer;
x26=0x00000001294bb6e0 is pointing into metadata
x27=0x0 is null
x28=0x000000098d52e300 is a thread
 fp=0x0000000175dd6060 is pointing into the stack for thread: 0x000000098d52e300
 lr=0x000000013cdd2ee8: patch_segment_pointers+0x1a8 in /Users/mattias800/repos/spela/player/desktop/build/native/libspela-libretro.dylib at 0x000000013cdc4000
 sp=0x0000000175dd5fe0 is pointing into the stack for thread: 0x000000098d52e300

Top of Stack: (sp=0x0000000175dd5fe0)
0x0000000175dd5fe0:   000000013ce03e3e 0000012600001406
0x0000000175dd5ff0:   0000005b0000000f 000000013cdd8000
0x0000000175dd6000:   0000004a42000000 0000000000000006
0x0000000175dd6010:   000000013cdc4290 000000013cdfe960
0x0000000175dd6020:   000000013cdd2370 000000013cdd5e1f
0x0000000175dd6030:   0000015200000000 000000013ce027a0
0x0000000175dd6040:   000000013ce02a38 000000013ce01280
0x0000000175dd6050:   000000013cdc4000 000000013cdc4248
0x0000000175dd6060:   0000000175dd6140 000000013cdd2d00
0x0000000175dd6070:   000000013cdfe960 0000000175dd6108
0x0000000175dd6080:   0000000075dd60d8 000000013ce027a0
0x0000000175dd6090:   000000013ce02a38 000000013ce01280
0x0000000175dd60a0:   000000013cde4000 000000013cdc4558
0x0000000175dd60b0:   000000013cdc4b48 0000001d95fc1558
0x0000000175dd60c0:   000000013cdc4b58 00000002f034a2b8
0x0000000175dd60d0:   000000013cdc4610 000000013cdc45f8
0x0000000175dd60e0:   000000013cdc4558 0000042b00000417
0x0000000175dd60f0:   000000013cdc4000 000000013cdfe960
0x0000000175dd6100:   000000013cdd2370 000000013cdd5e1f
0x0000000175dd6110:   000000013cdc4000 000000013cdc4248
0x0000000175dd6120:   000000013cdc43d0 00000001832bf044
0x0000000175dd6130:   0000000175dd63a0 9ee82a7e1bb300c8
0x0000000175dd6140:   0000000175dd61a0 000000013cdd1f40
0x0000000175dd6150:   000000012f001170 0000000000000000
0x0000000175dd6160:   00008d4100008ce0 00000001073c1f10
0x0000000175dd6170:   00000001ed93e260 000000013cdd2370
0x0000000175dd6180:   000000012f001170 000000013cdc4000
0x0000000175dd6190:   0000042b00000417 0000000000000000
0x0000000175dd61a0:   0000000175dd6270 000000013cdd19d8
0x0000000175dd61b0:   000000098dc49d40 9ee82a7e1bb300c8
0x0000000175dd61c0:   0000000000000000 0000000100cc1bd8
0x0000000175dd61d0:   00000001f034a2b8 00000001f034a2b8 

Instructions: (pc=0x000000013cdd2f44)
0x000000013cdd2e44:   e8 13 40 b9 e9 17 40 b9 08 01 09 6b 82 08 00 54
0x000000013cdd2e54:   01 00 00 14 a8 83 5d f8 e9 27 40 b9 ea 13 40 b9
0x000000013cdd2e64:   29 01 0a 0b 08 59 69 b8 e8 0f 00 b9 e8 0f 40 b9
0x000000013cdd2e74:   09 00 a8 52 08 01 09 6b e0 00 00 54 01 00 00 14
0x000000013cdd2e84:   e8 0f 40 b9 09 00 b0 52 08 01 09 6b 61 00 00 54
0x000000013cdd2e94:   01 00 00 14 2e 00 00 14 e8 0f 40 b9 a9 43 5d b8
0x000000013cdd2ea4:   08 01 09 6b 63 00 00 54 01 00 00 14 28 00 00 14
0x000000013cdd2eb4:   a8 83 5e f8 e9 0f 40 b9 29 ed 7c d3 08 69 69 b8
0x000000013cdd2ec4:   e8 0b 00 b9 a8 03 5e f8 e9 0b 40 b9 08 01 09 8b
0x000000013cdd2ed4:   e8 03 00 f9 e8 03 40 f9 00 05 00 91 a1 83 5c f8
0x000000013cdd2ee4:   ff 00 00 94 e0 00 00 34 01 00 00 14 e0 03 40 f9
0x000000013cdd2ef4:   a1 83 5c f8 fa 00 00 94 80 02 00 35 01 00 00 14
0x000000013cdd2f04:   e8 1f 40 f9 88 01 00 b4 01 00 00 14 e8 1f 40 f9
0x000000013cdd2f14:   08 01 40 f9 08 01 00 b5 01 00 00 14 e8 0f 40 f9
0x000000013cdd2f24:   e9 13 40 b9 08 79 69 f8 e9 1f 40 f9 28 01 00 f9
0x000000013cdd2f34:   01 00 00 14 e8 23 40 f9 e9 0f 40 f9 ea 13 40 b9
0x000000013cdd2f44:   28 79 2a f8 01 00 00 14 01 00 00 14 e8 13 40 b9
0x000000013cdd2f54:   08 05 00 11 e8 13 00 b9 ba ff ff 17 01 00 00 14
0x000000013cdd2f64:   e8 2f 40 b9 08 05 00 11 e8 2f 00 b9 86 ff ff 17
0x000000013cdd2f74:   fd 7b 48 a9 ff 43 02 91 c0 03 5f d6 30 00 00 d0
0x000000013cdd2f84:   10 26 40 f9 00 02 1f d6 30 00 00 d0 10 2a 40 f9
0x000000013cdd2f94:   00 02 1f d6 30 00 00 d0 10 2e 40 f9 00 02 1f d6
0x000000013cdd2fa4:   30 00 00 d0 10 32 40 f9 00 02 1f d6 30 00 00 d0
0x000000013cdd2fb4:   10 36 40 f9 00 02 1f d6 30 00 00 d0 10 3a 40 f9
0x000000013cdd2fc4:   00 02 1f d6 30 00 00 d0 10 02 40 f9 00 02 1f d6
0x000000013cdd2fd4:   30 00 00 d0 10 06 40 f9 00 02 1f d6 30 00 00 d0
0x000000013cdd2fe4:   10 b2 40 f9 00 02 1f d6 30 00 00 d0 10 b6 40 f9
0x000000013cdd2ff4:   00 02 1f d6 30 00 00 d0 10 c6 40 f9 00 02 1f d6
0x000000013cdd3004:   30 00 00 b0 10 ca 40 f9 00 02 1f d6 30 00 00 b0
0x000000013cdd3014:   10 ce 40 f9 00 02 1f d6 30 00 00 b0 10 d2 40 f9
0x000000013cdd3024:   00 02 1f d6 30 00 00 b0 10 d6 40 f9 00 02 1f d6
0x000000013cdd3034:   30 00 00 b0 10 da 40 f9 00 02 1f d6 30 00 00 b0 


Stack slot to memory mapping:

stack at sp + 0 slots: 0x000000013ce03e3e: g_fbo_redirected_read+0x54bd in /Users/mattias800/repos/spela/player/desktop/build/native/libspela-libretro.dylib at 0x000000013cdc4000
stack at sp + 1 slots: 0x0000012600001406 is an unknown value
stack at sp + 2 slots: 0x0000005b0000000f is an unknown value
stack at sp + 3 slots: 0x000000013cdd8000: <offset 0x14000> in /Users/mattias800/repos/spela/player/desktop/build/native/libspela-libretro.dylib at 0x000000013cdc4000
stack at sp + 4 slots: 0x0000004a42000000 is an unknown value
stack at sp + 5 slots: 0x0000000000000006 is an unknown value
stack at sp + 6 slots: 0x000000013cdc4290: <offset 0x290> in /Users/mattias800/repos/spela/player/desktop/build/native/libspela-libretro.dylib at 0x000000013cdc4000
stack at sp + 7 slots: 0x000000013cdfe960: g_real_glBindFramebuffer+0 in /Users/mattias800/repos/spela/player/desktop/build/native/libspela-libretro.dylib at 0x000000013cdc4000


Compiled method (c1) 13623 2547   !   3       kotlin.coroutines.jvm.internal.BaseContinuationImpl::resumeWith (124 bytes)
 total in heap  [0x00000001102a7990,0x00000001102aa818] = 11912
 relocation     [0x00000001102a7ae0,0x00000001102a7f00] = 1056
 main code      [0x00000001102a7f00,0x00000001102a9ab8] = 7096
 stub code      [0x00000001102a9ab8,0x00000001102a9cf0] = 568
 oops           [0x00000001102a9cf0,0x00000001102a9d18] = 40
 metadata       [0x00000001102a9d18,0x00000001102a9e48] = 304
 scopes data    [0x00000001102a9e48,0x00000001102aa330] = 1256
 scopes pcs     [0x00000001102aa330,0x00000001102aa7a0] = 1136
 dependencies   [0x00000001102aa7a0,0x00000001102aa7a8] = 8
 handler table  [0x00000001102aa7a8,0x00000001102aa7c0] = 24
 nul chk table  [0x00000001102aa7c0,0x00000001102aa818] = 88

[Constant Pool (empty)]

[MachCode]
[Entry Point]
  # {method} {0x00000001284d7ac8} 'resumeWith' '(Ljava/lang/Object;)V' in 'kotlin/coroutines/jvm/internal/BaseContinuationImpl'
  # this:     c_rarg1:c_rarg1 
                        = 'kotlin/coroutines/jvm/internal/BaseContinuationImpl'
  # parm0:    c_rarg2:c_rarg2 
                        = 'java/lang/Object'
  #           [sp+0x120]  (sp of caller)
  0x00000001102a7f00: 2808 40b9 | 3f01 086b | c001 0054 

  0x00000001102a7f0c: ;   {runtime_call ic_miss_stub}
  0x00000001102a7f0c: dd0f c515 | 1f20 03d5 | 1f20 03d5 | 1f20 03d5 | 1f20 03d5 | 1f20 03d5 | 1f20 03d5 | 1f20 03d5 
  0x00000001102a7f2c: 1f20 03d5 | 1f20 03d5 | 1f20 03d5 | 1f20 03d5 | 1f20 03d5 
[Verified Entry Point]
  0x00000001102a7f40: 1f20 03d5 | e953 40d1 | 3f01 00f9 | ff83 04d1 | fd7b 11a9 | 2801 0018 | 8923 40b9 | 1f01 09eb 
  0x00000001102a7f60: e000 0054 | 0830 8bd2 | e8e7 a2f2 | 2800 c0f2 | 0001 3fd6 | 0200 0014 | 0500 0000 

  0x00000001102a7f7c: ;   {metadata(method data for {method} {0x00000001284d7ac8} 'resumeWith' '(Ljava/lang/Object;)V' in 'kotlin/coroutines/jvm/internal/BaseContinuationImpl')}
  0x00000001102a7f7c: 0078 95d2 | 403e a5f2 | 2000 c0f2 | 03ac 40b9 | 6308 0011 | 03ac 00b9 | 6324 1f12 | 7f00 0071 
  0x00000001102a7f9c: 00b9 0054 | 0101 00b5 

  0x00000001102a7fa4: ;   {metadata(method data for {method} {0x00000001284d7ac8} 'resumeWith' '(Ljava/lang/Object;)V' in 'kotlin/coroutines/jvm/internal/BaseContinuationImpl')}
  0x00000001102a7fa4: 0578 95d2 | 453e a5f2 | 2500 c0f2 | a8a4 4339 | 0801 40b2 | a8a4 0339 | 3d00 0014 

  0x00000001102a7fc0: ;   {metadata('kotlin/coroutines/Continuation')}
  0x00000001102a7fc0: 043d 85d2 | 0421 a0f2 | 040e c0f2 | 2508 40b9 | a508 5cd2 | a810 40f9 | 9f00 08eb | e000 0054 
  0x00000001102a7fe0: bf00 04eb | a000 0054 | e513 bfa9 

  0x00000001102a7fec: ;   {runtime_call slow_subtype_check Runtime1 stub}
  0x00000001102a7fec: 257b c895 | e507 41f8 | e504 0034 

  0x00000001102a7ff8: ;   {metadata(method data for {method} {0x00000001284d7ac8} 'resumeWith' '(Ljava/lang/Object;)V' in 'kotlin/coroutines/jvm/internal/BaseContinuationImpl')}
  0x00000001102a7ff8: 0578 95d2 | 453e a5f2 | 2500 c0f2 | 2408 40b9 | 8408 5cd2 | a900 0491 | 2801 40f9 | 9f00 08eb 
  0x00000001102a8018: a100 0054 | a884 40f9 | 0805 0091 | a884 00f9 | 2200 0014 | a940 0491 | 2801 40f9 | 9f00 08eb 
  0x00000001102a8038: a100 0054 | a88c 40f9 | 0805 0091 | a88c 00f9 | 1a00 0014 | a900 0491 | 2801 40f9 | c800 00b5 
  0x00000001102a8058: 2401 00f9 | e803 40b2 | a920 0491 | 2801 00f9 | 1200 0014 | a940 0491 | 2801 40f9 | c800 00b5 
  0x00000001102a8078: 2401 00f9 | e803 40b2 | a960 0491 | 2801 00f9 | 0a00 0014 | 0900 0014 

  0x00000001102a8090: ;   {metadata(method data for {method} {0x00000001284d7ac8} 'resumeWith' '(Ljava/lang/Object;)V' in 'kotlin/coroutines/jvm/internal/BaseContinuationImpl')}
  0x00000001102a8090: 0578 95d2 | 453e a5f2 | 2500 c0f2 | a878 40f9 | 0805 00d1 | a878 00f9 | 8d05 0014 | 0100 0014 
  0x00000001102a80b0: e003 01aa 

  0x00000001102a80b4: ;   {metadata(method data for {method} {0x00000001284d7ac8} 'resumeWith' '(Ljava/lang/Object;)V' in 'kotlin/coroutines/jvm/internal/BaseContinuationImpl')}
  0x00000001102a80b4: 0378 95d2 | 433e a5f2 | 2300 c0f2 | 6894 40f9 | 0805 0091 | 6894 00f9 

  0x00000001102a80cc: ;   {metadata(method data for {method} {0x00000001284ff998} 'probeCoroutineResumed' '(Lkotlin/coroutines/Continuation;)V' in 'kotlin/coroutines/jvm/internal/DebugProbesKt')}
  0x00000001102a80cc: 03b8 90d2 | 633d a5f2 | 2300 c0f2 | 64ac 40b9 | 8408 0011 | 64ac 00b9 | 844c 1f12 | 9f00 0071 
  0x00000001102a80ec: c0af 0054 

  0x00000001102a80f0: ;   {metadata(method data for {method} {0x00000001284ff998} 'probeCoroutineResumed' '(Lkotlin/coroutines/Continuation;)V' in 'kotlin/coroutines/jvm/internal/DebugProbesKt')}
  0x00000001102a80f0: 03b8 90d2 | 633d a5f2 | 2300 c0f2 | 6878 40f9 | 0805 0091 | 6878 00f9 

  0x00000001102a8108: ;   {metadata(method data for {method} {0x0000000128403ad0} 'checkNotNullParameter' '(Ljava/lang/Object;Ljava/lang/String;)V' in 'kotlin/jvm/internal/Intrinsics')}
  0x00000001102a8108: 0366 81d2 | 830b a5f2 | 2300 c0f2 | 64ac 40b9 | 8408 0011 | 64ac 00b9 | 844c 1f12 | 9f00 0071 
  0x00000001102a8128: e0ae 0054 | e303 1faa | 1f00 03eb 

  0x00000001102a8134: ;   {metadata(method data for {method} {0x0000000128403ad0} 'checkNotNullParameter' '(Ljava/lang/Object;Ljava/lang/String;)V' in 'kotlin/jvm/internal/Intrinsics')}
  0x00000001102a8134: 0066 81d2 | 800b a5f2 | 2000 c0f2 | e803 78b2 | e90f 7cb2 | 0301 899a | 0468 63f8 | 8404 0091 
  0x00000001102a8154: 0468 23f8 | a06c 0054 | 0101 00b5 

  0x00000001102a8160: ;   {metadata(method data for {method} {0x00000001284d7ac8} 'resumeWith' '(Ljava/lang/Object;)V' in 'kotlin/coroutines/jvm/internal/BaseContinuationImpl')}
  0x00000001102a8160: 0478 95d2 | 443e a5f2 | 2400 c0f2 | 88c4 4439 | 0801 40b2 | 88c4 0439 | 3700 0014 

  0x00000001102a817c: ;   {metadata('kotlin/coroutines/jvm/internal/BaseContinuationImpl')}
  0x00000001102a817c: 03bd 85d2 | 0321 a0f2 | 030e c0f2 | 2408 40b9 | 8408 5cd2 | 881c 40f9 | 7f00 08eb | e104 0054 
  0x00000001102a819c: ;   {metadata(method data for {method} {0x00000001284d7ac8} 'resumeWith' '(Ljava/lang/Object;)V' in 'kotlin/coroutines/jvm/internal/BaseContinuationImpl')}
  0x00000001102a819c: 0478 95d2 | 443e a5f2 | 2400 c0f2 | 2308 40b9 | 6308 5cd2 | 8920 0591 | 2801 40f9 | 7f00 08eb 
  0x00000001102a81bc: a100 0054 | 88a8 40f9 | 0805 0091 | 88a8 00f9 | 2200 0014 | 8960 0591 | 2801 40f9 | 7f00 08eb 
  0x00000001102a81dc: a100 0054 | 88b0 40f9 | 0805 0091 | 88b0 00f9 | 1a00 0014 | 8920 0591 | 2801 40f9 | c800 00b5 
  0x00000001102a81fc: 2301 00f9 | e803 40b2 | 8940 0591 | 2801 00f9 | 1200 0014 | 8960 0591 | 2801 40f9 | c800 00b5 
  0x00000001102a821c: 2301 00f9 | e803 40b2 | 8980 0591 | 2801 00f9 | 0a00 0014 | 0900 0014 

  0x00000001102a8234: ;   {metadata(method data for {method} {0x00000001284d7ac8} 'resumeWith' '(Ljava/lang/Object;)V' in 'kotlin/coroutines/jvm/internal/BaseContinuationImpl')}
  0x00000001102a8234: 0478 95d2 | 443e a5f2 | 2400 c0f2 | 889c 40f9 | 0805 00d1 | 889c 00f9 | 3605 0014 | 0100 0014 
  0x00000001102a8254: e003 01aa 

  0x00000001102a8258: ; implicit exception: dispatches to 0x00000001102a972c
  0x00000001102a8258: 030c 40b9 | 63f0 7dd3 | e35b 00f9 

  0x00000001102a8264: ;   {metadata(method data for {method} {0x00000001284d7ac8} 'resumeWith' '(Ljava/lang/Object;)V' in 'kotlin/coroutines/jvm/internal/BaseContinuationImpl')}
  0x00000001102a8264: 0178 95d2 | 413e a5f2 | 2100 c0f2 | 28b8 40f9 | 0805 0091 | 28b8 00f9 

  0x00000001102a827c: ;   {metadata(method data for {method} {0x0000000128402a88} 'checkNotNull' '(Ljava/lang/Object;)V' in 'kotlin/jvm/internal/Intrinsics')}
  0x00000001102a827c: 012d 93d2 | c125 a5f2 | 2100 c0f2 | 24ac 40b9 | 8408 0011 | 24ac 00b9 | 844c 1f12 | 9f00 0071 
  0x00000001102a829c: a0a4 0054 | e103 1faa | 7f00 01eb 

  0x00000001102a82a8: ;   {metadata(method data for {method} {0x0000000128402a88} 'checkNotNull' '(Ljava/lang/Object;)V' in 'kotlin/jvm/internal/Intrinsics')}
  0x00000001102a82a8: 012d 93d2 | c125 a5f2 | 2100 c0f2 | e803 78b2 | e90f 7cb2 | 0401 899a | 2568 64f8 | a504 0091 
  0x00000001102a82c8: 2568 24f8 | 6052 0054 | e103 00aa 

  0x00000001102a82d4: ;   {metadata(method data for {method} {0x00000001284d7ac8} 'resumeWith' '(Ljava/lang/Object;)V' in 'kotlin/coroutines/jvm/internal/BaseContinuationImpl')}
  0x00000001102a82d4: 0478 95d2 | 443e a5f2 | 2400 c0f2 | 2108 40b9 | 2108 5cd2 | 8940 0691 | 2801 40f9 | 3f00 08eb 
  0x00000001102a82f4: a100 0054 | 88cc 40f9 | 0805 0091 | 88cc 00f9 | 1c00 0014 | 8980 0691 | 2801 40f9 | 3f00 08eb 
  0x00000001102a8314: a100 0054 | 88d4 40f9 | 0805 0091 | 88d4 00f9 | 1400 0014 | 8940 0691 | 2801 40f9 | c800 00b5 
  0x00000001102a8334: 2101 00f9 | e803 40b2 | 8960 0691 | 2801 00f9 | 0c00 0014 | 8980 0691 | 2801 40f9 | c800 00b5 
  0x00000001102a8354: 2101 00f9 | e803 40b2 | 89a0 0691 | 2801 00f9 | 0400 0014 | 88c0 40f9 | 0805 0091 | 88c0 00f9 
  0x00000001102a8374: e103 00aa | e057 00f9 | e9ff 9fd2 | e9ff bff2 | e9ff dff2 

  0x00000001102a8388: ; ImmutableOopMap {[168]=Oop [176]=Oop }
                      ;*invokevirtual invokeSuspend {reexecute=0 rethrow=0 return_oop=0}
                      ; - kotlin.coroutines.jvm.internal.BaseContinuationImpl::resumeWith@40 (line 34)
                      ;   {virtual_call}
  0x00000001102a8388: 08d0 c895 

  0x00000001102a838c: ;   {other}
  0x00000001102a838c: 1f20 03d5 | 9f3f 81f2 | 1f00 80f2 

  0x00000001102a8398: ;   {metadata(method data for {method} {0x00000001284d7ac8} 'resumeWith' '(Ljava/lang/Object;)V' in 'kotlin/coroutines/jvm/internal/BaseContinuationImpl')}
  0x00000001102a8398: 0378 95d2 | 433e a5f2 | 2300 c0f2 | 68dc 40f9 | 0805 0091 | 68dc 00f9 

  0x00000001102a83b0: ;   {metadata(method data for {method} {0x00000001284fda38} 'getCOROUTINE_SUSPENDED' '()Ljava/lang/Object;' in 'kotlin/coroutines/intrinsics/IntrinsicsKt__IntrinsicsKt')}
  0x00000001102a83b0: 036e 97d2 | a32d a5f2 | 2300 c0f2 | 64ac 40b9 | 8408 0011 | 64ac 00b9 | 844c 1f12 | 9f00 0071 
  0x00000001102a83d0: 009c 0054 

  0x00000001102a83d4: ;   {oop(a 'kotlin/coroutines/intrinsics/CoroutineSingletons'{0x00000004803555c0})}
  0x00000001102a83d4: 03b8 8ad2 | a306 b0f2 | 8300 c0f2 | 1f00 03eb 

  0x00000001102a83e4: ;   {metadata(method data for {method} {0x00000001284d7ac8} 'resumeWith' '(Ljava/lang/Object;)V' in 'kotlin/coroutines/jvm/internal/BaseContinuationImpl')}
  0x00000001102a83e4: 0378 95d2 | 433e a5f2 | 2300 c0f2 | 083b 80d2 | 0939 80d2 | 0401 899a | 6a68 64f8 | 4a05 0091 
  0x00000001102a8404: 6a68 24f8 | e06e 0054 

  0x00000001102a840c: ;   {metadata(method data for {method} {0x00000001284d7ac8} 'resumeWith' '(Ljava/lang/Object;)V' in 'kotlin/coroutines/jvm/internal/BaseContinuationImpl')}
  0x00000001102a840c: 0378 95d2 | 433e a5f2 | 2300 c0f2 | 68f4 40f9 | 0805 0091 | 68f4 00f9 

  0x00000001102a8424: ;   {metadata(method data for {method} {0x000000012850b920} 'constructor-impl' '(Ljava/lang/Object;)Ljava/lang/Object;' in 'kotlin/Result')}
  0x00000001102a8424: 038f 87d2 | 833c a5f2 | 2300 c0f2 | 64ac 40b9 | 8408 0011 | 64ac 00b9 | 844c 1f12 | 9f00 0071 
  0x00000001102a8444: 6099 0054 

  0x00000001102a8448: ;   {metadata(method data for {method} {0x00000001284d7ac8} 'resumeWith' '(Ljava/lang/Object;)V' in 'kotlin/coroutines/jvm/internal/BaseContinuationImpl')}
  0x00000001102a8448: 0378 95d2 | 433e a5f2 | 2300 c0f2 | 64fc 40f9 | 8404 0091 | 64fc 00f9 | 9100 0014 | 8083 42f9 
  0x00000001102a8468: 9f83 02f9 | 9f87 02f9 

  0x00000001102a8470: ;   {metadata(method data for {method} {0x00000001284d7ac8} 'resumeWith' '(Ljava/lang/Object;)V' in 'kotlin/coroutines/jvm/internal/BaseContinuationImpl')}
  0x00000001102a8470: 0378 95d2 | 433e a5f2 | 2300 c0f2 | 6808 41f9 | 0805 0091 | 6808 01f9 

  0x00000001102a8488: ;   {metadata(method data for {method} {0x0000000128529e98} 'createFailure' '(Ljava/lang/Throwable;)Ljava/lang/Object;' in 'kotlin/ResultKt')}
  0x00000001102a8488: 03f8 95d2 | 433e a5f2 | 2300 c0f2 | 64ac 40b9 | 8408 0011 | 64ac 00b9 | 844c 1f12 | 9f00 0071 
  0x00000001102a84a8: 4097 0054 

  0x00000001102a84ac: ;   {metadata(method data for {method} {0x0000000128529e98} 'createFailure' '(Ljava/lang/Throwable;)Ljava/lang/Object;' in 'kotlin/ResultKt')}
  0x00000001102a84ac: 03f8 95d2 | 433e a5f2 | 2300 c0f2 | 6878 40f9 | 0805 0091 | 6878 00f9 

  0x00000001102a84c4: ;   {metadata(method data for {method} {0x0000000128403ad0} 'checkNotNullParameter' '(Ljava/lang/Object;Ljava/lang/String;)V' in 'kotlin/jvm/internal/Intrinsics')}
  0x00000001102a84c4: 0366 81d2 | 830b a5f2 | 2300 c0f2 | 64ac 40b9 | 8408 0011 | 64ac 00b9 | 844c 1f12 | 9f00 0071 
  0x00000001102a84e4: 6096 0054 | e303 1faa | 1f00 03eb 

  0x00000001102a84f0: ;   {metadata(method data for {method} {0x0000000128403ad0} 'checkNotNullParameter' '(Ljava/lang/Object;Ljava/lang/String;)V' in 'kotlin/jvm/internal/Intrinsics')}
  0x00000001102a84f0: 0366 81d2 | 830b a5f2 | 2300 c0f2 | e803 78b2 | e90f 7cb2 | 0401 899a | 6a68 64f8 | 4a05 0091 
  0x00000001102a8510: 6a68 24f8 | e02f 0054 

  0x00000001102a8518: ;   {metadata('kotlin/Result$Failure')}
  0x00000001102a8518: 03c7 9cd2 | 0321 a0f2 | 030e c0f2 | e203 00aa | 80df 40f9 | 0b40 0091 | 88e7 40f9 | 7f01 08eb 
  0x00000001102a8538: c894 0054 | 8bdf 00f9 | ea03 40b2 | 0a00 00f9 | 6a08 5cd2 | 0a7c 0129 | bf3a 03d5 | e103 00aa 
  0x00000001102a8558: ;   {metadata(method data for {method} {0x0000000128529e98} 'createFailure' '(Ljava/lang/Throwable;)Ljava/lang/Object;' in 'kotlin/ResultKt')}
  0x00000001102a8558: 03f8 95d2 | 433e a5f2 | 2300 c0f2 | 6880 40f9 | 0805 0091 | 6880 00f9 

  0x00000001102a8570: ;   {metadata(method data for {method} {0x000000012850f8b8} '<init>' '(Ljava/lang/Throwable;)V' in 'kotlin/Result$Failure')}
  0x00000001102a8570: 0122 96d2 | 413e a5f2 | 2100 c0f2 | 23ac 40b9 | 6308 0011 | 23ac 00b9 | 634c 1f12 | 7f00 0071 
  0x00000001102a8590: 4092 0054 

  0x00000001102a8594: ;   {metadata(method data for {method} {0x000000012850f8b8} '<init>' '(Ljava/lang/Throwable;)V' in 'kotlin/Result$Failure')}
  0x00000001102a8594: 0122 96d2 | 413e a5f2 | 2100 c0f2 | 2878 40f9 | 0805 0091 | 2878 00f9 

  0x00000001102a85ac: ;   {metadata(method data for {method} {0x0000000128403ad0} 'checkNotNullParameter' '(Ljava/lang/Object;Ljava/lang/String;)V' in 'kotlin/jvm/internal/Intrinsics')}
  0x00000001102a85ac: 0166 81d2 | 810b a5f2 | 2100 c0f2 | 23ac 40b9 | 6308 0011 | 23ac 00b9 | 634c 1f12 | 7f00 0071 
  0x00000001102a85cc: 6091 0054 | e103 1faa | 5f00 01eb 

  0x00000001102a85d8: ;   {metadata(method data for {method} {0x0000000128403ad0} 'checkNotNullParameter' '(Ljava/lang/Object;Ljava/lang/String;)V' in 'kotlin/jvm/internal/Intrinsics')}
  0x00000001102a85d8: 0166 81d2 | 810b a5f2 | 2100 c0f2 | e803 78b2 | e90f 7cb2 | 0301 899a | 2468 63f8 | 8404 0091 
  0x00000001102a85f8: 2468 23f8 | 6018 0054 | e103 00aa 

  0x00000001102a8604: ;   {metadata(method data for {method} {0x000000012850f8b8} '<init>' '(Ljava/lang/Throwable;)V' in 'kotlin/Result$Failure')}
  0x00000001102a8604: 0322 96d2 | 433e a5f2 | 2300 c0f2 | 6880 40f9 | 0805 0091 | 6880 00f9 

  0x00000001102a861c: ;   {metadata(method data for {method} {0x0000007000473798} '<init>' '()V' in 'java/lang/Object')}
  0x00000001102a861c: 0174 95d2 | 0100 a5f2 | 2100 c0f2 | 23ac 40b9 | 6308 0011 | 23ac 00b9 | 634c 1f12 | 7f00 0071 
  0x00000001102a863c: e08e 0054 | 8103 4139 | 3f00 0071 | 818f 0054 | 48fc 43d3 | 080c 00b9 | 0100 02ca | 21fc 56d3 
  0x00000001102a865c: 3f00 00f1 | 818f 0054 | bf3a 03d5 

  0x00000001102a8668: ;   {metadata(method data for {method} {0x00000001284d7ac8} 'resumeWith' '(Ljava/lang/Object;)V' in 'kotlin/coroutines/jvm/internal/BaseContinuationImpl')}
  0x00000001102a8668: 0178 95d2 | 413e a5f2 | 2100 c0f2 | 2810 41f9 | 0805 0091 | 2810 01f9 

  0x00000001102a8680: ;   {metadata(method data for {method} {0x000000012850b920} 'constructor-impl' '(Ljava/lang/Object;)Ljava/lang/Object;' in 'kotlin/Result')}
  0x00000001102a8680: 018f 87d2 | 813c a5f2 | 2100 c0f2 | 22ac 40b9 | 4208 0011 | 22ac 00b9 | 424c 1f12 | 5f00 0071 
  0x00000001102a86a0: 008e 0054 | e05f 00f9 | e157 40f9 

  0x00000001102a86ac: ;   {metadata(method data for {method} {0x00000001284d7ac8} 'resumeWith' '(Ljava/lang/Object;)V' in 'kotlin/coroutines/jvm/internal/BaseContinuationImpl')}
  0x00000001102a86ac: 0278 95d2 | 423e a5f2 | 2200 c0f2 | 2108 40b9 | 2108 5cd2 | 4900 0991 | 2801 40f9 | 3f00 08eb 
  0x00000001102a86cc: a100 0054 | 4824 41f9 | 0805 0091 | 4824 01f9 | 1c00 0014 | 4940 0991 | 2801 40f9 | 3f00 08eb 
  0x00000001102a86ec: a100 0054 | 482c 41f9 | 0805 0091 | 482c 01f9 | 1400 0014 | 4900 0991 | 2801 40f9 | c800 00b5 
  0x00000001102a870c: 2101 00f9 | e803 40b2 | 4920 0991 | 2801 00f9 | 0c00 0014 | 4940 0991 | 2801 40f9 | c800 00b5 
  0x00000001102a872c: 2101 00f9 | e803 40b2 | 4960 0991 | 2801 00f9 | 0400 0014 | 4818 41f9 | 0805 0091 | 4818 01f9 
  0x00000001102a874c: e157 40f9 | e9ff 9fd2 | e9ff bff2 | e9ff dff2 

  0x00000001102a875c: ; ImmutableOopMap {[176]=Oop [184]=Oop }
                      ;*invokevirtual releaseIntercepted {reexecute=0 rethrow=0 return_oop=0}
                      ; - kotlin.coroutines.jvm.internal.BaseContinuationImpl::resumeWith@90 (line 40)
                      ;   {virtual_call}
  0x00000001102a875c: bfcf c895 

  0x00000001102a8760: ;   {other}
  0x00000001102a8760: 1f20 03d5 | 1fba 81f2 | 1f20 80f2 | e35b 40f9 | 0301 00b5 

  0x00000001102a8774: ;   {metadata(method data for {method} {0x00000001284d7ac8} 'resumeWith' '(Ljava/lang/Object;)V' in 'kotlin/coroutines/jvm/internal/BaseContinuationImpl')}
  0x00000001102a8774: 0b78 95d2 | 4b3e a5f2 | 2b00 c0f2 | 6885 4939 | 0801 40b2 | 6885 0939 | 3700 0014 

  0x00000001102a8790: ;   {metadata('kotlin/coroutines/jvm/internal/BaseContinuationImpl')}
  0x00000001102a8790: 0abd 85d2 | 0a21 a0f2 | 0a0e c0f2 | 6b08 40b9 | 6b09 5cd2 | 681d 40f9 | 5f01 08eb | e104 0054 
  0x00000001102a87b0: ;   {metadata(method data for {method} {0x00000001284d7ac8} 'resumeWith' '(Ljava/lang/Object;)V' in 'kotlin/coroutines/jvm/internal/BaseContinuationImpl')}
  0x00000001102a87b0: 0b78 95d2 | 4b3e a5f2 | 2b00 c0f2 | 6a08 40b9 | 4a09 5cd2 | 69e1 0991 | 2801 40f9 | 5f01 08eb 
  0x00000001102a87d0: a100 0054 | 6841 41f9 | 0805 0091 | 6841 01f9 | 2400 0014 | 6921 0a91 | 2801 40f9 | 5f01 08eb 
  0x00000001102a87f0: a100 0054 | 6849 41f9 | 0805 0091 | 6849 01f9 | 1c00 0014 | 69e1 0991 | 2801 40f9 | c800 00b5 
  0x00000001102a8810: 2a01 00f9 | e803 40b2 | 6901 0a91 | 2801 00f9 | 1400 0014 | 6921 0a91 | 2801 40f9 | c800 00b5 
  0x00000001102a8830: 2a01 00f9 | e803 40b2 | 6941 0a91 | 2801 00f9 | 0c00 0014 | 0b00 0014 

  0x00000001102a8848: ;   {metadata(method data for {method} {0x00000001284d7ac8} 'resumeWith' '(Ljava/lang/Object;)V' in 'kotlin/coroutines/jvm/internal/BaseContinuationImpl')}
  0x00000001102a8848: 0b78 95d2 | 4b3e a5f2 | 2b00 c0f2 | 6835 41f9 | 0805 00d1 | 6835 01f9 | 0200 0014 | 0300 0014 
  0x00000001102a8868: e003 1faa | 0200 0014 | e003 40b2 | 1f00 0071 

  0x00000001102a8878: ;   {metadata(method data for {method} {0x00000001284d7ac8} 'resumeWith' '(Ljava/lang/Object;)V' in 'kotlin/coroutines/jvm/internal/BaseContinuationImpl')}
  0x00000001102a8878: 0078 95d2 | 403e a5f2 | 2000 c0f2 | 0854 80d2 | 0956 80d2 | 0401 899a | 0a68 64f8 | 4a05 0091 
  0x00000001102a8898: 0a68 24f8 | 0043 0054 

  0x00000001102a88a0: ;   {metadata(method data for {method} {0x00000001284d7ac8} 'resumeWith' '(Ljava/lang/Object;)V' in 'kotlin/coroutines/jvm/internal/BaseContinuationImpl')}
  0x00000001102a88a0: 0078 95d2 | 403e a5f2 | 2000 c0f2 | 0460 41f9 | 8404 0091 | 0460 01f9 

  0x00000001102a88b8: ;   {metadata(method data for {method} {0x00000001284d7ac8} 'resumeWith' '(Ljava/lang/Object;)V' in 'kotlin/coroutines/jvm/internal/BaseContinuationImpl')}
  0x00000001102a88b8: 0078 95d2 | 403e a5f2 | 2000 c0f2 | 04b0 40b9 | 8408 0011 | 04b0 00b9 | 8430 1f12 | 9f00 0071 
  0x00000001102a88d8: 407d 0054 

  0x00000001102a88dc: ; ImmutableOopMap {c_rarg3=Oop [176]=Oop [184]=Oop }
                      ;*goto {reexecute=1 rethrow=0 return_oop=0}
                      ; - (reexecute) kotlin.coroutines.jvm.internal.BaseContinuationImpl::resumeWith@121 (line 30)
  0x00000001102a88dc: 882f 42f9 

  0x00000001102a88e0: ;   {poll}
  0x00000001102a88e0: 1f01 40b9 

  0x00000001102a88e4: ;   {metadata(method data for {method} {0x00000001284d7ac8} 'resumeWith' '(Ljava/lang/Object;)V' in 'kotlin/coroutines/jvm/internal/BaseContinuationImpl')}
  0x00000001102a88e4: 0078 95d2 | 403e a5f2 | 2000 c0f2 | 0488 41f9 | 8404 0091 | 0488 01f9 | e25f 40f9 | e103 03aa 
  0x00000001102a8904: a7fd ff17 | e08b 0ca9 

  0x00000001102a890c: ;   {metadata(method data for {method} {0x0000000128403ad0} 'checkNotNullParameter' '(Ljava/lang/Object;Ljava/lang/String;)V' in 'kotlin/jvm/internal/Intrinsics')}
  0x00000001102a890c: 0466 81d2 | 840b a5f2 | 2400 c0f2 | 8888 40f9 | 0805 0091 | 8888 00f9 

  0x00000001102a8924: ;   {metadata(method data for {method} {0x0000000128403c50} 'throwParameterIsNullNPE' '(Ljava/lang/String;)V' in 'kotlin/jvm/internal/Intrinsics')}
  0x00000001102a8924: 0493 81d2 | 840b a5f2 | 2400 c0f2 | 8aac 40b9 | 4a09 0011 | 8aac 00b9 | 4a4d 1f12 | 5f01 0071 
  0x00000001102a8944: e07a 0054 

  0x00000001102a8948: ; ImmutableOopMap {[168]=Oop [176]=Oop [200]=Oop [208]=Oop }
                      ;*new {reexecute=0 rethrow=0 return_oop=0}
                      ; - kotlin.jvm.internal.Intrinsics::throwParameterIsNullNPE@0 (line 140)
                      ; - kotlin.jvm.internal.Intrinsics::checkNotNullParameter@5 (line 131)
                      ; - kotlin.Result$Failure::<init>@3
                      ; - kotlin.ResultKt::createFailure@11 (line 122)
                      ; - kotlin.coroutines.jvm.internal.BaseContinuationImpl::resumeWith@76 (line 38)
                      ;   {runtime_call load_mirror_patching Runtime1 stub}
  0x00000001102a8948: ce7e c895 | 80df 40f9 | 0bc0 0091 | 88e7 40f9 | 7f01 08eb | 287b 0054 | 8bdf 00f9 | ea03 40b2 
  0x00000001102a8968: 0a00 00f9 | 6a08 5cd2 | 0a7c 0129 | 0a40 0091 | 5f7d 00a9 | 5f7d 01a9 | bf3a 03d5 

  0x00000001102a8984: ;   {metadata(method data for {method} {0x0000000128403c50} 'throwParameterIsNullNPE' '(Ljava/lang/String;)V' in 'kotlin/jvm/internal/Intrinsics')}
  0x00000001102a8984: 0193 81d2 | 810b a5f2 | 2100 c0f2 | 2878 40f9 | 0805 0091 | 2878 00f9 

  0x00000001102a899c: ;   {oop("exception"{0x0000000480a445a0})}
  0x00000001102a899c: 01b4 88d2 | 8114 b0f2 | 8100 c0f2 | e063 00f9 

  0x00000001102a89ac: ; ImmutableOopMap {[168]=Oop [176]=Oop [192]=Oop [200]=Oop [208]=Oop }
                      ;*invokestatic createParameterIsNullExceptionMessage {reexecute=0 rethrow=0 return_oop=0}
                      ; - kotlin.jvm.internal.Intrinsics::throwParameterIsNullNPE@5 (line 140)
                      ; - kotlin.jvm.internal.Intrinsics::checkNotNullParameter@5 (line 131)
                      ; - kotlin.Result$Failure::<init>@3
                      ; - kotlin.ResultKt::createFailure@11 (line 122)
                      ; - kotlin.coroutines.jvm.internal.BaseContinuationImpl::resumeWith@76 (line 38)
                      ;   {static_call}
  0x00000001102a89ac: 750f c595 

  0x00000001102a89b0: ;   {other}
  0x00000001102a89b0: 1f20 03d5 | 1f04 82f2 | 1f80 80f2 | e263 40f9 

  0x00000001102a89c0: ;   {metadata(method data for {method} {0x0000000128403c50} 'throwParameterIsNullNPE' '(Ljava/lang/String;)V' in 'kotlin/jvm/internal/Intrinsics')}
  0x00000001102a89c0: 0193 81d2 | 810b a5f2 | 2100 c0f2 | 2880 40f9 | 0805 0091 | 2880 00f9 | e203 00aa | e163 40f9 
  0x00000001102a89e0: ; ImmutableOopMap {[168]=Oop [176]=Oop [192]=Oop [200]=Oop [208]=Oop }
                      ;*invokespecial <init> {reexecute=0 rethrow=0 return_oop=0}
                      ; - kotlin.jvm.internal.Intrinsics::throwParameterIsNullNPE@8 (line 140)
                      ; - kotlin.jvm.internal.Intrinsics::checkNotNullParameter@5 (line 131)
                      ; - kotlin.Result$Failure::<init>@3
                      ; - kotlin.ResultKt::createFailure@11 (line 122)
                      ; - kotlin.coroutines.jvm.internal.BaseContinuationImpl::resumeWith@76 (line 38)
                      ;   {optimized virtual_call}
  0x00000001102a89e0: e80d c595 

  0x00000001102a89e4: ;   {other}
  0x00000001102a89e4: 1f20 03d5 | 9f0a 82f2 | 1fa0 80f2 

  0x00000001102a89f0: ;   {metadata(method data for {method} {0x0000000128403c50} 'throwParameterIsNullNPE' '(Ljava/lang/String;)V' in 'kotlin/jvm/internal/Intrinsics')}
  0x00000001102a89f0: 0193 81d2 | 810b a5f2 | 2100 c0f2 | 2888 40f9 | 0805 0091 | 2888 00f9 

  0x00000001102a8a08: ;   {metadata(method data for {method} {0x0000000128404cd0} 'sanitizeStackTrace' '(Ljava/lang/Throwable;)Ljava/lang/Throwable;' in 'kotlin/jvm/internal/Intrinsics')}
  0x00000001102a8a08: 0167 82d2 | 810b a5f2 | 2100 c0f2 | 20ac 40b9 | 0008 0011 | 20ac 00b9 | 004c 1f12 | 1f00 0071 
  0x00000001102a8a28: 0075 0054 

  0x00000001102a8a2c: ;   {oop(a 'java/lang/Class'{0x00000004801b6708} = 'kotlin/jvm/internal/Intrinsics')}
  0x00000001102a8a2c: 01e1 8cd2 | 6103 b0f2 | 8100 c0f2 | e003 01aa 

  0x00000001102a8a3c: ;   {metadata(method data for {method} {0x0000000128404cd0} 'sanitizeStackTrace' '(Ljava/lang/Throwable;)Ljava/lang/Throwable;' in 'kotlin/jvm/internal/Intrinsics')}
  0x00000001102a8a3c: 0267 82d2 | 820b a5f2 | 2200 c0f2 | 4878 40f9 | 0805 0091 | 4878 00f9 

  0x00000001102a8a54: ;   {metadata(method data for {method} {0x00000070004684b0} 'getName' '()Ljava/lang/String;' in 'java/lang/Class')}
  0x00000001102a8a54: 007b 8ad2 | 8000 a5f2 | 2000 c0f2 | 02ac 40b9 | 4208 0011 | 02ac 00b9 | 424c 1f12 | 5f00 0071 
  0x00000001102a8a74: a073 0054 

  0x00000001102a8a78: ; implicit exception: dispatches to 0x00000001102a9908
  0x00000001102a8a78: 212c 40b9 | 21f0 7dd3 | e003 1faa | 3f00 00eb 

  0x00000001102a8a88: ;   {metadata(method data for {method} {0x00000070004684b0} 'getName' '()Ljava/lang/String;' in 'java/lang/Class')}
  0x00000001102a8a88: 007b 8ad2 | 8000 a5f2 | 2000 c0f2 | e80f 7cb2 | e903 78b2 | 0201 899a | 0368 62f8 | 6304 0091 
  0x00000001102a8aa8: 0368 22f8 | 2001 0054 

  0x00000001102a8ab0: ;   {metadata(method data for {method} {0x00000070004684b0} 'getName' '()Ljava/lang/String;' in 'java/lang/Class')}
  0x00000001102a8ab0: 007b 8ad2 | 8000 a5f2 | 2000 c0f2 | 0288 40f9 | 4204 0091 | 0288 00f9 | e003 01aa | 0f00 0014 
  0x00000001102a8ad0: ;   {oop(a 'java/lang/Class'{0x00000004801b6708} = 'kotlin/jvm/internal/Intrinsics')}
  0x00000001102a8ad0: 01e1 8cd2 | 6103 b0f2 | 8100 c0f2 | e003 01aa 

  0x00000001102a8ae0: ;   {metadata(method data for {method} {0x00000070004684b0} 'getName' '()Ljava/lang/String;' in 'java/lang/Class')}
  0x00000001102a8ae0: 027b 8ad2 | 8200 a5f2 | 2200 c0f2 | 4894 40f9 | 0805 0091 | 4894 00f9 

  0x00000001102a8af8: ; ImmutableOopMap {[168]=Oop [176]=Oop [192]=Oop [200]=Oop [208]=Oop }
                      ;*invokevirtual initClassName {reexecute=0 rethrow=0 return_oop=0}
                      ; - java.lang.Class::getName@14 (line 950)
                      ; - kotlin.jvm.internal.Intrinsics::sanitizeStackTrace@3 (line 253)
                      ; - kotlin.jvm.internal.Intrinsics::throwParameterIsNullNPE@11 (line 140)
                      ; - kotlin.jvm.internal.Intrinsics::checkNotNullParameter@5 (line 131)
                      ; - kotlin.Result$Failure::<init>@3
                      ; - kotlin.ResultKt::createFailure@11 (line 122)
                      ; - kotlin.coroutines.jvm.internal.BaseContinuationImpl::resumeWith@76 (line 38)
                      ;   {optimized virtual_call}
  0x00000001102a8af8: a20d c595 

  0x00000001102a8afc: ;   {other}
  0x00000001102a8afc: 1f20 03d5 | 9f2d 82f2 | 1fc0 80f2 | e163 40f9 | 9f02 0014 | e06b 00f9 

  0x00000001102a8b14: ;   {metadata(method data for {method} {0x0000000128403ad0} 'checkNotNullParameter' '(Ljava/lang/Object;Ljava/lang/String;)V' in 'kotlin/jvm/internal/Intrinsics')}
  0x00000001102a8b14: 0366 81d2 | 830b a5f2 | 2300 c0f2 | 6888 40f9 | 0805 0091 | 6888 00f9 

  0x00000001102a8b2c: ;   {metadata(method data for {method} {0x0000000128403c50} 'throwParameterIsNullNPE' '(Ljava/lang/String;)V' in 'kotlin/jvm/internal/Intrinsics')}
  0x00000001102a8b2c: 0393 81d2 | 830b a5f2 | 2300 c0f2 | 60ac 40b9 | 0008 0011 | 60ac 00b9 | 004c 1f12 | 1f00 0071 
  0x00000001102a8b4c: 006e 0054 

  0x00000001102a8b50: ; ImmutableOopMap {[168]=Oop [176]=Oop [208]=Oop }
                      ;*new {reexecute=0 rethrow=0 return_oop=0}
                      ; - kotlin.jvm.internal.Intrinsics::throwParameterIsNullNPE@0 (line 140)
                      ; - kotlin.jvm.internal.Intrinsics::checkNotNullParameter@5 (line 131)
                      ; - kotlin.ResultKt::createFailure@3
                      ; - kotlin.coroutines.jvm.internal.BaseContinuationImpl::resumeWith@76 (line 38)
                      ;   {runtime_call load_mirror_patching Runtime1 stub}
  0x00000001102a8b50: 4c7e c895 | 80df 40f9 | 0bc0 0091 | 88e7 40f9 | 7f01 08eb | 486e 0054 | 8bdf 00f9 | ea03 40b2 
  0x00000001102a8b70: 0a00 00f9 | 6a08 5cd2 | 0a7c 0129 | 0a40 0091 | 5f7d 00a9 | 5f7d 01a9 | bf3a 03d5 

  0x00000001102a8b8c: ;   {metadata(method data for {method} {0x0000000128403c50} 'throwParameterIsNullNPE' '(Ljava/lang/String;)V' in 'kotlin/jvm/internal/Intrinsics')}
  0x00000001102a8b8c: 0193 81d2 | 810b a5f2 | 2100 c0f2 | 2878 40f9 | 0805 0091 | 2878 00f9 

  0x00000001102a8ba4: ;   {oop("exception"{0x0000000480a445a0})}
  0x00000001102a8ba4: 01b4 88d2 | 8114 b0f2 | 8100 c0f2 | e06f 00f9 

  0x00000001102a8bb4: ; ImmutableOopMap {[168]=Oop [176]=Oop [208]=Oop [216]=Oop }
                      ;*invokestatic createParameterIsNullExceptionMessage {reexecute=0 rethrow=0 return_oop=0}
                      ; - kotlin.jvm.internal.Intrinsics::throwParameterIsNullNPE@5 (line 140)
                      ; - kotlin.jvm.internal.Intrinsics::checkNotNullParameter@5 (line 131)
                      ; - kotlin.ResultKt::createFailure@3
                      ; - kotlin.coroutines.jvm.internal.BaseContinuationImpl::resumeWith@76 (line 38)
                      ;   {static_call}
  0x00000001102a8bb4: f30e c595 

  0x00000001102a8bb8: ;   {other}
  0x00000001102a8bb8: 1f20 03d5 | 1f45 82f2 | 1f00 81f2 | e26f 40f9 

  0x00000001102a8bc8: ;   {metadata(method data for {method} {0x0000000128403c50} 'throwParameterIsNullNPE' '(Ljava/lang/String;)V' in 'kotlin/jvm/internal/Intrinsics')}
  0x00000001102a8bc8: 0193 81d2 | 810b a5f2 | 2100 c0f2 | 2880 40f9 | 0805 0091 | 2880 00f9 | e203 00aa | e16f 40f9 
  0x00000001102a8be8: ; ImmutableOopMap {[168]=Oop [176]=Oop [208]=Oop [216]=Oop }
                      ;*invokespecial <init> {reexecute=0 rethrow=0 return_oop=0}
                      ; - kotlin.jvm.internal.Intrinsics::throwParameterIsNullNPE@8 (line 140)
                      ; - kotlin.jvm.internal.Intrinsics::checkNotNullParameter@5 (line 131)
                      ; - kotlin.ResultKt::createFailure@3
                      ; - kotlin.coroutines.jvm.internal.BaseContinuationImpl::resumeWith@76 (line 38)
                      ;   {optimized virtual_call}
  0x00000001102a8be8: 660d c595 

  0x00000001102a8bec: ;   {other}
  0x00000001102a8bec: 1f20 03d5 | 9f4b 82f2 | 1f20 81f2 

  0x00000001102a8bf8: ;   {metadata(method data for {method} {0x0000000128403c50} 'throwParameterIsNullNPE' '(Ljava/lang/String;)V' in 'kotlin/jvm/internal/Intrinsics')}
  0x00000001102a8bf8: 0193 81d2 | 810b a5f2 | 2100 c0f2 | 2888 40f9 | 0805 0091 | 2888 00f9 

  0x00000001102a8c10: ;   {metadata(method data for {method} {0x0000000128404cd0} 'sanitizeStackTrace' '(Ljava/lang/Throwable;)Ljava/lang/Throwable;' in 'kotlin/jvm/internal/Intrinsics')}
  0x00000001102a8c10: 0167 82d2 | 810b a5f2 | 2100 c0f2 | 20ac 40b9 | 0008 0011 | 20ac 00b9 | 004c 1f12 | 1f00 0071 
  0x00000001102a8c30: 2068 0054 

  0x00000001102a8c34: ;   {oop(a 'java/lang/Class'{0x00000004801b6708} = 'kotlin/jvm/internal/Intrinsics')}
  0x00000001102a8c34: 01e1 8cd2 | 6103 b0f2 | 8100 c0f2 | e003 01aa 

  0x00000001102a8c44: ;   {metadata(method data for {method} {0x0000000128404cd0} 'sanitizeStackTrace' '(Ljava/lang/Throwable;)Ljava/lang/Throwable;' in 'kotlin/jvm/internal/Intrinsics')}
  0x00000001102a8c44: 0267 82d2 | 820b a5f2 | 2200 c0f2 | 4878 40f9 | 0805 0091 | 4878 00f9 

  0x00000001102a8c5c: ;   {metadata(method data for {method} {0x00000070004684b0} 'getName' '()Ljava/lang/String;' in 'java/lang/Class')}
  0x00000001102a8c5c: 007b 8ad2 | 8000 a5f2 | 2000 c0f2 | 02ac 40b9 | 4208 0011 | 02ac 00b9 | 424c 1f12 | 5f00 0071 
  0x00000001102a8c7c: c066 0054 

  0x00000001102a8c80: ; implicit exception: dispatches to 0x00000001102a9974
  0x00000001102a8c80: 212c 40b9 | 21f0 7dd3 | e003 1faa | 3f00 00eb 

  0x00000001102a8c90: ;   {metadata(method data for {method} {0x00000070004684b0} 'getName' '()Ljava/lang/String;' in 'java/lang/Class')}
  0x00000001102a8c90: 007b 8ad2 | 8000 a5f2 | 2000 c0f2 | e80f 7cb2 | e903 78b2 | 0201 899a | 0368 62f8 | 6304 0091 
  0x00000001102a8cb0: 0368 22f8 | 2001 0054 

  0x00000001102a8cb8: ;   {metadata(method data for {method} {0x00000070004684b0} 'getName' '()Ljava/lang/String;' in 'java/lang/Class')}
  0x00000001102a8cb8: 007b 8ad2 | 8000 a5f2 | 2000 c0f2 | 0288 40f9 | 4204 0091 | 0288 00f9 | e003 01aa | 0f00 0014 
  0x00000001102a8cd8: ;   {oop(a 'java/lang/Class'{0x00000004801b6708} = 'kotlin/jvm/internal/Intrinsics')}
  0x00000001102a8cd8: 01e1 8cd2 | 6103 b0f2 | 8100 c0f2 | e003 01aa 

  0x00000001102a8ce8: ;   {metadata(method data for {method} {0x00000070004684b0} 'getName' '()Ljava/lang/String;' in 'java/lang/Class')}
  0x00000001102a8ce8: 027b 8ad2 | 8200 a5f2 | 2200 c0f2 | 4894 40f9 | 0805 0091 | 4894 00f9 

  0x00000001102a8d00: ; ImmutableOopMap {[168]=Oop [176]=Oop [208]=Oop [216]=Oop }
                      ;*invokevirtual initClassName {reexecute=0 rethrow=0 return_oop=0}
                      ; - java.lang.Class::getName@14 (line 950)
                      ; - kotlin.jvm.internal.Intrinsics::sanitizeStackTrace@3 (line 253)
                      ; - kotlin.jvm.internal.Intrinsics::throwParameterIsNullNPE@11 (line 140)
                      ; - kotlin.jvm.internal.Intrinsics::checkNotNullParameter@5 (line 131)
                      ; - kotlin.ResultKt::createFailure@3
                      ; - kotlin.coroutines.jvm.internal.BaseContinuationImpl::resumeWith@76 (line 38)
                      ;   {optimized virtual_call}
  0x00000001102a8d00: 200d c595 

  0x00000001102a8d04: ;   {other}
  0x00000001102a8d04: 1f20 03d5 | 9f6e 82f2 | 1f40 81f2 | e16f 40f9 | d201 0014 | e057 00f9 | e277 00f9 

  0x00000001102a8d20: ;   {metadata(method data for {method} {0x0000000128402a88} 'checkNotNull' '(Ljava/lang/Object;)V' in 'kotlin/jvm/internal/Intrinsics')}
  0x00000001102a8d20: 032d 93d2 | c325 a5f2 | 2300 c0f2 | 6888 40f9 | 0805 0091 | 6888 00f9 

  0x00000001102a8d38: ;   {metadata(method data for {method} {0x0000000128402d70} 'throwJavaNpe' '()V' in 'kotlin/jvm/internal/Intrinsics')}
  0x00000001102a8d38: 03a4 93d2 | c325 a5f2 | 2300 c0f2 | 60ac 40b9 | 0008 0011 | 60ac 00b9 | 004c 1f12 | 1f00 0071 
  0x00000001102a8d58: 0061 0054 

  0x00000001102a8d5c: ; ImmutableOopMap {[168]=Oop [176]=Oop [232]=Oop }
                      ;*new {reexecute=0 rethrow=0 return_oop=0}
                      ; - kotlin.jvm.internal.Intrinsics::throwJavaNpe@0 (line 45)
                      ; - kotlin.jvm.internal.Intrinsics::checkNotNull@4 (line 25)
                      ; - kotlin.coroutines.jvm.internal.BaseContinuationImpl::resumeWith@31 (line 31)
                      ;   {runtime_call load_mirror_patching Runtime1 stub}
  0x00000001102a8d5c: c97d c895 | 80df 40f9 | 0bc0 0091 | 88e7 40f9 | 7f01 08eb | 4861 0054 | 8bdf 00f9 | ea03 40b2 
  0x00000001102a8d7c: 0a00 00f9 | 6a08 5cd2 | 0a7c 0129 | 0a40 0091 | 5f7d 00a9 | 5f7d 01a9 | bf3a 03d5 | e103 00aa 
  0x00000001102a8d9c: ;   {metadata(method data for {method} {0x0000000128402d70} 'throwJavaNpe' '()V' in 'kotlin/jvm/internal/Intrinsics')}
  0x00000001102a8d9c: 03a4 93d2 | c325 a5f2 | 2300 c0f2 | 6878 40f9 | 0805 0091 | 6878 00f9 | e103 00aa | e073 00f9 
  0x00000001102a8dbc: ; ImmutableOopMap {[168]=Oop [176]=Oop [224]=Oop [232]=Oop }
                      ;*invokespecial <init> {reexecute=0 rethrow=0 return_oop=0}
                      ; - kotlin.jvm.internal.Intrinsics::throwJavaNpe@4 (line 45)
                      ; - kotlin.jvm.internal.Intrinsics::checkNotNull@4 (line 25)
                      ; - kotlin.coroutines.jvm.internal.BaseContinuationImpl::resumeWith@31 (line 31)
                      ;   {optimized virtual_call}
  0x00000001102a8dbc: f10c c595 

  0x00000001102a8dc0: ;   {other}
  0x00000001102a8dc0: 1f20 03d5 | 1f86 82f2 | 1f80 81f2 

  0x00000001102a8dcc: ;   {metadata(method data for {method} {0x0000000128402d70} 'throwJavaNpe' '()V' in 'kotlin/jvm/internal/Intrinsics')}
  0x00000001102a8dcc: 01a4 93d2 | c125 a5f2 | 2100 c0f2 | 2880 40f9 | 0805 0091 | 2880 00f9 

  0x00000001102a8de4: ;   {metadata(method data for {method} {0x0000000128404cd0} 'sanitizeStackTrace' '(Ljava/lang/Throwable;)Ljava/lang/Throwable;' in 'kotlin/jvm/internal/Intrinsics')}
  0x00000001102a8de4: 0167 82d2 | 810b a5f2 | 2100 c0f2 | 20ac 40b9 | 0008 0011 | 20ac 00b9 | 004c 1f12 | 1f00 0071 
  0x00000001102a8e04: e05c 0054 

  0x00000001102a8e08: ;   {oop(a 'java/lang/Class'{0x00000004801b6708} = 'kotlin/jvm/internal/Intrinsics')}
  0x00000001102a8e08: 01e1 8cd2 | 6103 b0f2 | 8100 c0f2 | e003 01aa 

  0x00000001102a8e18: ;   {metadata(method data for {method} {0x0000000128404cd0} 'sanitizeStackTrace' '(Ljava/lang/Throwable;)Ljava/lang/Throwable;' in 'kotlin/jvm/internal/Intrinsics')}
  0x00000001102a8e18: 0267 82d2 | 820b a5f2 | 2200 c0f2 | 4878 40f9 | 0805 0091 | 4878 00f9 

  0x00000001102a8e30: ;   {metadata(method data for {method} {0x00000070004684b0} 'getName' '()Ljava/lang/String;' in 'java/lang/Class')}
  0x00000001102a8e30: 007b 8ad2 | 8000 a5f2 | 2000 c0f2 | 02ac 40b9 | 4208 0011 | 02ac 00b9 | 424c 1f12 | 5f00 0071 
  0x00000001102a8e50: 805b 0054 

  0x00000001102a8e54: ; implicit exception: dispatches to 0x00000001102a99e0
  0x00000001102a8e54: 212c 40b9 | 21f0 7dd3 | e003 1faa | 3f00 00eb 

  0x00000001102a8e64: ;   {metadata(method data for {method} {0x00000070004684b0} 'getName' '()Ljava/lang/String;' in 'java/lang/Class')}
  0x00000001102a8e64: 007b 8ad2 | 8000 a5f2 | 2000 c0f2 | e80f 7cb2 | e903 78b2 | 0201 899a | 0368 62f8 | 6304 0091 
  0x00000001102a8e84: 0368 22f8 | 2001 0054 

  0x00000001102a8e8c: ;   {metadata(method data for {method} {0x00000070004684b0} 'getName' '()Ljava/lang/String;' in 'java/lang/Class')}
  0x00000001102a8e8c: 007b 8ad2 | 8000 a5f2 | 2000 c0f2 | 0288 40f9 | 4204 0091 | 0288 00f9 | e003 01aa | 0f00 0014 
  0x00000001102a8eac: ;   {oop(a 'java/lang/Class'{0x00000004801b6708} = 'kotlin/jvm/internal/Intrinsics')}
  0x00000001102a8eac: 01e1 8cd2 | 6103 b0f2 | 8100 c0f2 | e003 01aa 

  0x00000001102a8ebc: ;   {metadata(method data for {method} {0x00000070004684b0} 'getName' '()Ljava/lang/String;' in 'java/lang/Class')}
  0x00000001102a8ebc: 027b 8ad2 | 8200 a5f2 | 2200 c0f2 | 4894 40f9 | 0805 0091 | 4894 00f9 

  0x00000001102a8ed4: ; ImmutableOopMap {[168]=Oop [176]=Oop [224]=Oop [232]=Oop }
                      ;*invokevirtual initClassName {reexecute=0 rethrow=0 return_oop=0}
                      ; - java.lang.Class::getName@14 (line 950)
                      ; - kotlin.jvm.internal.Intrinsics::sanitizeStackTrace@3 (line 253)
                      ; - kotlin.jvm.internal.Intrinsics::throwJavaNpe@7 (line 45)
                      ; - kotlin.jvm.internal.Intrinsics::checkNotNull@4 (line 25)
                      ; - kotlin.coroutines.jvm.internal.BaseContinuationImpl::resumeWith@31 (line 31)
                      ;   {optimized virtual_call}
  0x00000001102a8ed4: ab0c c595 

  0x00000001102a8ed8: ;   {other}
  0x00000001102a8ed8: 1f20 03d5 | 1fa9 82f2 | 1fa0 81f2 | e173 40f9 | 1101 0014 | e277 00f9 | e17f 00f9 

  0x00000001102a8ef4: ;   {metadata(method data for {method} {0x0000000128403ad0} 'checkNotNullParameter' '(Ljava/lang/Object;Ljava/lang/String;)V' in 'kotlin/jvm/internal/Intrinsics')}
  0x00000001102a8ef4: 0366 81d2 | 830b a5f2 | 2300 c0f2 | 6888 40f9 | 0805 0091 | 6888 00f9 

  0x00000001102a8f0c: ;   {metadata(method data for {method} {0x0000000128403c50} 'throwParameterIsNullNPE' '(Ljava/lang/String;)V' in 'kotlin/jvm/internal/Intrinsics')}
  0x00000001102a8f0c: 0393 81d2 | 830b a5f2 | 2300 c0f2 | 60ac 40b9 | 0008 0011 | 60ac 00b9 | 004c 1f12 | 1f00 0071 
  0x00000001102a8f2c: c055 0054 

  0x00000001102a8f30: ; ImmutableOopMap {[232]=Oop [248]=Oop }
                      ;*new {reexecute=0 rethrow=0 return_oop=0}
                      ; - kotlin.jvm.internal.Intrinsics::throwParameterIsNullNPE@0 (line 140)
                      ; - kotlin.jvm.internal.Intrinsics::checkNotNullParameter@5 (line 131)
                      ; - kotlin.coroutines.jvm.internal.DebugProbesKt::probeCoroutineResumed@3
                      ; - kotlin.coroutines.jvm.internal.BaseContinuationImpl::resumeWith@13 (line 29)
                      ;   {runtime_call load_mirror_patching Runtime1 stub}
  0x00000001102a8f30: 547d c895 | 80df 40f9 | 0bc0 0091 | 88e7 40f9 | 7f01 08eb | 0856 0054 | 8bdf 00f9 | ea03 40b2 
  0x00000001102a8f50: 0a00 00f9 | 6a08 5cd2 | 0a7c 0129 | 0a40 0091 | 5f7d 00a9 | 5f7d 01a9 | bf3a 03d5 

  0x00000001102a8f6c: ;   {metadata(method data for {method} {0x0000000128403c50} 'throwParameterIsNullNPE' '(Ljava/lang/String;)V' in 'kotlin/jvm/internal/Intrinsics')}
  0x00000001102a8f6c: 0293 81d2 | 820b a5f2 | 2200 c0f2 | 4878 40f9 | 0805 0091 | 4878 00f9 

  0x00000001102a8f84: ;   {oop("frame"{0x00000004809517b8})}
  0x00000001102a8f84: 02f7 82d2 | a212 b0f2 | 8200 c0f2 | e103 02aa | e07b 00f9 

  0x00000001102a8f98: ; ImmutableOopMap {[232]=Oop [240]=Oop [248]=Oop }
                      ;*invokestatic createParameterIsNullExceptionMessage {reexecute=0 rethrow=0 return_oop=0}
                      ; - kotlin.jvm.internal.Intrinsics::throwParameterIsNullNPE@5 (line 140)
                      ; - kotlin.jvm.internal.Intrinsics::checkNotNullParameter@5 (line 131)
                      ; - kotlin.coroutines.jvm.internal.DebugProbesKt::probeCoroutineResumed@3
                      ; - kotlin.coroutines.jvm.internal.BaseContinuationImpl::resumeWith@13 (line 29)
                      ;   {static_call}
  0x00000001102a8f98: fa0d c595 

  0x00000001102a8f9c: ;   {other}
  0x00000001102a8f9c: 1f20 03d5 | 9fc1 82f2 | 1fe0 81f2 | e27b 40f9 

  0x00000001102a8fac: ;   {metadata(method data for {method} {0x0000000128403c50} 'throwParameterIsNullNPE' '(Ljava/lang/String;)V' in 'kotlin/jvm/internal/Intrinsics')}
  0x00000001102a8fac: 0193 81d2 | 810b a5f2 | 2100 c0f2 | 2880 40f9 | 0805 0091 | 2880 00f9 | e203 00aa | e17b 40f9 
  0x00000001102a8fcc: ; ImmutableOopMap {[232]=Oop [240]=Oop [248]=Oop }
                      ;*invokespecial <init> {reexecute=0 rethrow=0 return_oop=0}
                      ; - kotlin.jvm.internal.Intrinsics::throwParameterIsNullNPE@8 (line 140)
                      ; - kotlin.jvm.internal.Intrinsics::checkNotNullParameter@5 (line 131)
                      ; - kotlin.coroutines.jvm.internal.DebugProbesKt::probeCoroutineResumed@3
                      ; - kotlin.coroutines.jvm.internal.BaseContinuationImpl::resumeWith@13 (line 29)
                      ;   {optimized virtual_call}
  0x00000001102a8fcc: 6d0c c595 

  0x00000001102a8fd0: ;   {other}
  0x00000001102a8fd0: 1f20 03d5 | 1fc8 82f2 | 1f00 82f2 

  0x00000001102a8fdc: ;   {metadata(method data for {method} {0x0000000128403c50} 'throwParameterIsNullNPE' '(Ljava/lang/String;)V' in 'kotlin/jvm/internal/Intrinsics')}
  0x00000001102a8fdc: 0193 81d2 | 810b a5f2 | 2100 c0f2 | 2888 40f9 | 0805 0091 | 2888 00f9 

  0x00000001102a8ff4: ;   {metadata(method data for {method} {0x0000000128404cd0} 'sanitizeStackTrace' '(Ljava/lang/Throwable;)Ljava/lang/Throwable;' in 'kotlin/jvm/internal/Intrinsics')}
  0x00000001102a8ff4: 0167 82d2 | 810b a5f2 | 2100 c0f2 | 20ac 40b9 | 0008 0011 | 20ac 00b9 | 004c 1f12 | 1f00 0071 
  0x00000001102a9014: c04f 0054 

  0x00000001102a9018: ;   {oop(a 'java/lang/Class'{0x00000004801b6708} = 'kotlin/jvm/internal/Intrinsics')}
  0x00000001102a9018: 01e1 8cd2 | 6103 b0f2 | 8100 c0f2 | e003 01aa 

  0x00000001102a9028: ;   {metadata(method data for {method} {0x0000000128404cd0} 'sanitizeStackTrace' '(Ljava/lang/Throwable;)Ljava/lang/Throwable;' in 'kotlin/jvm/internal/Intrinsics')}
  0x00000001102a9028: 0267 82d2 | 820b a5f2 | 2200 c0f2 | 4878 40f9 | 0805 0091 | 4878 00f9 

  0x00000001102a9040: ;   {metadata(method data for {method} {0x00000070004684b0} 'getName' '()Ljava/lang/String;' in 'java/lang/Class')}
  0x00000001102a9040: 007b 8ad2 | 8000 a5f2 | 2000 c0f2 | 02ac 40b9 | 4208 0011 | 02ac 00b9 | 424c 1f12 | 5f00 0071 
  0x00000001102a9060: 604e 0054 

  0x00000001102a9064: ; implicit exception: dispatches to 0x00000001102a9a4c
  0x00000001102a9064: 212c 40b9 | 21f0 7dd3 | e003 1faa | 3f00 00eb 

  0x00000001102a9074: ;   {metadata(method data for {method} {0x00000070004684b0} 'getName' '()Ljava/lang/String;' in 'java/lang/Class')}
  0x00000001102a9074: 007b 8ad2 | 8000 a5f2 | 2000 c0f2 | e80f 7cb2 | e903 78b2 | 0201 899a | 0368 62f8 | 6304 0091 
  0x00000001102a9094: 0368 22f8 | 2001 0054 

  0x00000001102a909c: ;   {metadata(method data for {method} {0x00000070004684b0} 'getName' '()Ljava/lang/String;' in 'java/lang/Class')}
  0x00000001102a909c: 007b 8ad2 | 8000 a5f2 | 2000 c0f2 | 0288 40f9 | 4204 0091 | 0288 00f9 | e003 01aa | 0f00 0014 
  0x00000001102a90bc: ;   {oop(a 'java/lang/Class'{0x00000004801b6708} = 'kotlin/jvm/internal/Intrinsics')}
  0x00000001102a90bc: 01e1 8cd2 | 6103 b0f2 | 8100 c0f2 | e003 01aa 

  0x00000001102a90cc: ;   {metadata(method data for {method} {0x00000070004684b0} 'getName' '()Ljava/lang/String;' in 'java/lang/Class')}
  0x00000001102a90cc: 027b 8ad2 | 8200 a5f2 | 2200 c0f2 | 4894 40f9 | 0805 0091 | 4894 00f9 

  0x00000001102a90e4: ; ImmutableOopMap {[232]=Oop [240]=Oop [248]=Oop }
                      ;*invokevirtual initClassName {reexecute=0 rethrow=0 return_oop=0}
                      ; - java.lang.Class::getName@14 (line 950)
                      ; - kotlin.jvm.internal.Intrinsics::sanitizeStackTrace@3 (line 253)
                      ; - kotlin.jvm.internal.Intrinsics::throwParameterIsNullNPE@11 (line 140)
                      ; - kotlin.jvm.internal.Intrinsics::checkNotNullParameter@5 (line 131)
                      ; - kotlin.coroutines.jvm.internal.DebugProbesKt::probeCoroutineResumed@3
                      ; - kotlin.coroutines.jvm.internal.BaseContinuationImpl::resumeWith@13 (line 29)
                      ;   {optimized virtual_call}
  0x00000001102a90e4: 270c c595 

  0x00000001102a90e8: ;   {other}
  0x00000001102a90e8: 1f20 03d5 | 1feb 82f2 | 1f20 82f2 | e17b 40f9 | 4100 0014 | e05f 40f9 

  0x00000001102a9100: ; implicit exception: dispatches to 0x00000001102a9a50
  0x00000001102a9100: 7f00 40f9 | e203 03aa 

  0x00000001102a9108: ;   {metadata(method data for {method} {0x00000001284d7ac8} 'resumeWith' '(Ljava/lang/Object;)V' in 'kotlin/coroutines/jvm/internal/BaseContinuationImpl')}
  0x00000001102a9108: 0178 95d2 | 413e a5f2 | 2100 c0f2 | 4208 40b9 | 4208 5cd2 | 29a0 0b91 | 2801 40f9 | 5f00 08eb 
  0x00000001102a9128: a100 0054 | 2878 41f9 | 0805 0091 | 2878 01f9 | 1c00 0014 | 29e0 0b91 | 2801 40f9 | 5f00 08eb 
  0x00000001102a9148: a100 0054 | 2880 41f9 | 0805 0091 | 2880 01f9 | 1400 0014 | 29a0 0b91 | 2801 40f9 | c800 00b5 
  0x00000001102a9168: 2201 00f9 | e803 40b2 | 29c0 0b91 | 2801 00f9 | 0c00 0014 | 29e0 0b91 | 2801 40f9 | c800 00b5 
  0x00000001102a9188: 2201 00f9 | e803 40b2 | 2900 0c91 | 2801 00f9 | 0400 0014 | 286c 41f9 | 0805 0091 | 286c 01f9 
  0x00000001102a91a8: e203 00aa | e103 03aa | 0940 9bd2 | c9aa b1f2 | 2901 c0f2 

  0x00000001102a91bc: ; ImmutableOopMap {}
                      ;*invokeinterface resumeWith {reexecute=0 rethrow=0 return_oop=0}
                      ; - kotlin.coroutines.jvm.internal.BaseContinuationImpl::resumeWith@114 (line 47)
                      ;   {virtual_call}
  0x00000001102a91bc: bfcb c895 

  0x00000001102a91c0: ;   {other}
  0x00000001102a91c0: 1f20 03d5 | 1f06 83f2 | 1f40 82f2 | fd7b 51a9 | ff83 0491 

  0x00000001102a91d4: ;   {poll_return}
  0x00000001102a91d4: 882b 42f9 | ff63 28eb | c843 0054 | c003 5fd6 | fd7b 51a9 | ff83 0491 

  0x00000001102a91ec: ;   {poll_return}
  0x00000001102a91ec: 882b 42f9 | ff63 28eb | 6843 0054 | c003 5fd6 

  0x00000001102a91fc: ;   {metadata(method data for {method} {0x0000000128404cd0} 'sanitizeStackTrace' '(Ljava/lang/Throwable;)Ljava/lang/Throwable;' in 'kotlin/jvm/internal/Intrinsics')}
  0x00000001102a91fc: 0267 82d2 | 820b a5f2 | 2200 c0f2 | 4894 40f9 | 0805 0091 | 4894 00f9 | e203 00aa 

  0x00000001102a9218: ; ImmutableOopMap {[232]=Oop [248]=Oop }
                      ;*invokestatic sanitizeStackTrace {reexecute=0 rethrow=0 return_oop=0}
                      ; - kotlin.jvm.internal.Intrinsics::sanitizeStackTrace@6 (line 253)
                      ; - kotlin.jvm.internal.Intrinsics::throwParameterIsNullNPE@11 (line 140)
                      ; - kotlin.jvm.internal.Intrinsics::checkNotNullParameter@5 (line 131)
                      ; - kotlin.coroutines.jvm.internal.DebugProbesKt::probeCoroutineResumed@3
                      ; - kotlin.coroutines.jvm.internal.BaseContinuationImpl::resumeWith@13 (line 29)
                      ;   {static_call}
  0x00000001102a9218: 5a0d c595 

  0x00000001102a921c: ;   {other}
  0x00000001102a921c: 1f20 03d5 | 9f11 83f2 | 1f60 82f2 | e17f 40f9 | 0001 00b5 

  0x00000001102a9230: ;   {metadata(method data for {method} {0x0000000128403c50} 'throwParameterIsNullNPE' '(Ljava/lang/String;)V' in 'kotlin/jvm/internal/Intrinsics')}
  0x00000001102a9230: 0493 81d2 | 840b a5f2 | 2400 c0f2 | 8864 4439 | 0801 40b2 | 8864 0439 | 3700 0014 

  0x00000001102a924c: ;   {metadata('java/lang/NullPointerException')}
  0x00000001102a924c: 0330 98d2 | c300 a0f2 | 030e c0f2 | 0408 40b9 | 8408 5cd2 | 8828 40f9 | 7f00 08eb | e104 0054 
  0x00000001102a926c: ;   {metadata(method data for {method} {0x0000000128403c50} 'throwParameterIsNullNPE' '(Ljava/lang/String;)V' in 'kotlin/jvm/internal/Intrinsics')}
  0x00000001102a926c: 0493 81d2 | 840b a5f2 | 2400 c0f2 | 0308 40b9 | 6308 5cd2 | 89c0 0491 | 2801 40f9 | 7f00 08eb 
  0x00000001102a928c: a100 0054 | 889c 40f9 | 0805 0091 | 889c 00f9 | 2200 0014 | 8900 0591 | 2801 40f9 | 7f00 08eb 
  0x00000001102a92ac: a100 0054 | 88a4 40f9 | 0805 0091 | 88a4 00f9 | 1a00 0014 | 89c0 0491 | 2801 40f9 | c800 00b5 
  0x00000001102a92cc: 2301 00f9 | e803 40b2 | 89e0 0491 | 2801 00f9 | 1200 0014 | 8900 0591 | 2801 40f9 | c800 00b5 
  0x00000001102a92ec: 2301 00f9 | e803 40b2 | 8920 0591 | 2801 00f9 | 0a00 0014 | 0900 0014 

  0x00000001102a9304: ;   {metadata(method data for {method} {0x0000000128403c50} 'throwParameterIsNullNPE' '(Ljava/lang/String;)V' in 'kotlin/jvm/internal/Intrinsics')}
  0x00000001102a9304: 0493 81d2 | 840b a5f2 | 2400 c0f2 | 8890 40f9 | 0805 00d1 | 8890 00f9 | d401 0014 | 0100 0014 
  0x00000001102a9324: ; implicit exception: dispatches to 0x00000001102a9a74
  0x00000001102a9324: 1f00 40f9 | e001 0014 

  0x00000001102a932c: ;   {metadata(method data for {method} {0x0000000128404cd0} 'sanitizeStackTrace' '(Ljava/lang/Throwable;)Ljava/lang/Throwable;' in 'kotlin/jvm/internal/Intrinsics')}
  0x00000001102a932c: 0267 82d2 | 820b a5f2 | 2200 c0f2 | 4894 40f9 | 0805 0091 | 4894 00f9 | e203 00aa 

  0x00000001102a9348: ; ImmutableOopMap {[168]=Oop [176]=Oop [232]=Oop }
                      ;*invokestatic sanitizeStackTrace {reexecute=0 rethrow=0 return_oop=0}
                      ; - kotlin.jvm.internal.Intrinsics::sanitizeStackTrace@6 (line 253)
                      ; - kotlin.jvm.internal.Intrinsics::throwJavaNpe@7 (line 45)
                      ; - kotlin.jvm.internal.Intrinsics::checkNotNull@4 (line 25)
                      ; - kotlin.coroutines.jvm.internal.BaseContinuationImpl::resumeWith@31 (line 31)
                      ;   {static_call}
  0x00000001102a9348: 0e0d c595 

  0x00000001102a934c: ;   {other}
  0x00000001102a934c: 1f20 03d5 | 9f37 83f2 | 1f80 82f2 | e277 40f9 | 0001 00b5 

  0x00000001102a9360: ;   {metadata(method data for {method} {0x0000000128402d70} 'throwJavaNpe' '()V' in 'kotlin/jvm/internal/Intrinsics')}
  0x00000001102a9360: 04a4 93d2 | c425 a5f2 | 2400 c0f2 | 8824 4439 | 0801 40b2 | 8824 0439 | 3700 0014 

  0x00000001102a937c: ;   {metadata('java/lang/NullPointerException')}
  0x00000001102a937c: 0330 98d2 | c300 a0f2 | 030e c0f2 | 0408 40b9 | 8408 5cd2 | 8828 40f9 | 7f00 08eb | e104 0054 
  0x00000001102a939c: ;   {metadata(method data for {method} {0x0000000128402d70} 'throwJavaNpe' '()V' in 'kotlin/jvm/internal/Intrinsics')}
  0x00000001102a939c: 04a4 93d2 | c425 a5f2 | 2400 c0f2 | 0308 40b9 | 6308 5cd2 | 8980 0491 | 2801 40f9 | 7f00 08eb 
  0x00000001102a93bc: a100 0054 | 8894 40f9 | 0805 0091 | 8894 00f9 | 2200 0014 | 89c0 0491 | 2801 40f9 | 7f00 08eb 
  0x00000001102a93dc: a100 0054 | 889c 40f9 | 0805 0091 | 889c 00f9 | 1a00 0014 | 8980 0491 | 2801 40f9 | c800 00b5 
  0x00000001102a93fc: 2301 00f9 | e803 40b2 | 89a0 0491 | 2801 00f9 | 1200 0014 | 89c0 0491 | 2801 40f9 | c800 00b5 
  0x00000001102a941c: 2301 00f9 | e803 40b2 | 89e0 0491 | 2801 00f9 | 0a00 0014 | 0900 0014 

  0x00000001102a9434: ;   {metadata(method data for {method} {0x0000000128402d70} 'throwJavaNpe' '()V' in 'kotlin/jvm/internal/Intrinsics')}
  0x00000001102a9434: 04a4 93d2 | c425 a5f2 | 2400 c0f2 | 8888 40f9 | 0805 00d1 | 8888 00f9 | 8b01 0014 | 0100 0014 
  0x00000001102a9454: ; implicit exception: dispatches to 0x00000001102a9a80
  0x00000001102a9454: 1f00 40f9 | 9401 0014 

  0x00000001102a945c: ;   {metadata(method data for {method} {0x0000000128404cd0} 'sanitizeStackTrace' '(Ljava/lang/Throwable;)Ljava/lang/Throwable;' in 'kotlin/jvm/internal/Intrinsics')}
  0x00000001102a945c: 0267 82d2 | 820b a5f2 | 2200 c0f2 | 4894 40f9 | 0805 0091 | 4894 00f9 | e203 00aa 

  0x00000001102a9478: ; ImmutableOopMap {[168]=Oop [176]=Oop [208]=Oop }
                      ;*invokestatic sanitizeStackTrace {reexecute=0 rethrow=0 return_oop=0}
                      ; - kotlin.jvm.internal.Intrinsics::sanitizeStackTrace@6 (line 253)
                      ; - kotlin.jvm.internal.Intrinsics::throwParameterIsNullNPE@11 (line 140)
                      ; - kotlin.jvm.internal.Intrinsics::checkNotNullParameter@5 (line 131)
                      ; - kotlin.ResultKt::createFailure@3
                      ; - kotlin.coroutines.jvm.internal.BaseContinuationImpl::resumeWith@76 (line 38)
                      ;   {static_call}
  0x00000001102a9478: c20c c595 

  0x00000001102a947c: ;   {other}
  0x00000001102a947c: 1f20 03d5 | 9f5d 83f2 | 1fa0 82f2 | 0001 00b5 

  0x00000001102a948c: ;   {metadata(method data for {method} {0x0000000128403c50} 'throwParameterIsNullNPE' '(Ljava/lang/String;)V' in 'kotlin/jvm/internal/Intrinsics')}
  0x00000001102a948c: 0393 81d2 | 830b a5f2 | 2300 c0f2 | 6864 4439 | 0801 40b2 | 6864 0439 | 3700 0014 

  0x00000001102a94a8: ;   {metadata('java/lang/NullPointerException')}
  0x00000001102a94a8: 0230 98d2 | c200 a0f2 | 020e c0f2 | 0308 40b9 | 6308 5cd2 | 6828 40f9 | 5f00 08eb | e104 0054 
  0x00000001102a94c8: ;   {metadata(method data for {method} {0x0000000128403c50} 'throwParameterIsNullNPE' '(Ljava/lang/String;)V' in 'kotlin/jvm/internal/Intrinsics')}
  0x00000001102a94c8: 0393 81d2 | 830b a5f2 | 2300 c0f2 | 0208 40b9 | 4208 5cd2 | 69c0 0491 | 2801 40f9 | 5f00 08eb 
  0x00000001102a94e8: a100 0054 | 689c 40f9 | 0805 0091 | 689c 00f9 | 2200 0014 | 6900 0591 | 2801 40f9 | 5f00 08eb 
  0x00000001102a9508: a100 0054 | 68a4 40f9 | 0805 0091 | 68a4 00f9 | 1a00 0014 | 69c0 0491 | 2801 40f9 | c800 00b5 
  0x00000001102a9528: 2201 00f9 | e803 40b2 | 69e0 0491 | 2801 00f9 | 1200 0014 | 6900 0591 | 2801 40f9 | c800 00b5 
  0x00000001102a9548: 2201 00f9 | e803 40b2 | 6920 0591 | 2801 00f9 | 0a00 0014 | 0900 0014 

  0x00000001102a9560: ;   {metadata(method data for {method} {0x0000000128403c50} 'throwParameterIsNullNPE' '(Ljava/lang/String;)V' in 'kotlin/jvm/internal/Intrinsics')}
  0x00000001102a9560: 0393 81d2 | 830b a5f2 | 2300 c0f2 | 6890 40f9 | 0805 00d1 | 6890 00f9 | 4301 0014 | 0100 0014 
  0x00000001102a9580: ; implicit exception: dispatches to 0x00000001102a9a8c
  0x00000001102a9580: 1f00 40f9 | 4901 0014 

  0x00000001102a9588: ;   {metadata(method data for {method} {0x0000000128404cd0} 'sanitizeStackTrace' '(Ljava/lang/Throwable;)Ljava/lang/Throwable;' in 'kotlin/jvm/internal/Intrinsics')}
  0x00000001102a9588: 0267 82d2 | 820b a5f2 | 2200 c0f2 | 4894 40f9 | 0805 0091 | 4894 00f9 | e203 00aa 

  0x00000001102a95a4: ; ImmutableOopMap {[168]=Oop [176]=Oop [200]=Oop [208]=Oop }
                      ;*invokestatic sanitizeStackTrace {reexecute=0 rethrow=0 return_oop=0}
                      ; - kotlin.jvm.internal.Intrinsics::sanitizeStackTrace@6 (line 253)
                      ; - kotlin.jvm.internal.Intrinsics::throwParameterIsNullNPE@11 (line 140)
                      ; - kotlin.jvm.internal.Intrinsics::checkNotNullParameter@5 (line 131)
                      ; - kotlin.Result$Failure::<init>@3
                      ; - kotlin.ResultKt::createFailure@11 (line 122)
                      ; - kotlin.coroutines.jvm.internal.BaseContinuationImpl::resumeWith@76 (line 38)
                      ;   {static_call}
  0x00000001102a95a4: 770c c595 

  0x00000001102a95a8: ;   {other}
  0x00000001102a95a8: 1f20 03d5 | 1f83 83f2 | 1fc0 82f2 | e287 4ca9 | e48f 4aa9 | 0001 00b5 

  0x00000001102a95c0: ;   {metadata(method data for {method} {0x0000000128403c50} 'throwParameterIsNullNPE' '(Ljava/lang/String;)V' in 'kotlin/jvm/internal/Intrinsics')}
  0x00000001102a95c0: 0793 81d2 | 870b a5f2 | 2700 c0f2 | e864 4439 | 0801 40b2 | e864 0439 | 3700 0014 

  0x00000001102a95dc: ;   {metadata('java/lang/NullPointerException')}
  0x00000001102a95dc: 0630 98d2 | c600 a0f2 | 060e c0f2 | 0708 40b9 | e708 5cd2 | e828 40f9 | df00 08eb | e104 0054 
  0x00000001102a95fc: ;   {metadata(method data for {method} {0x0000000128403c50} 'throwParameterIsNullNPE' '(Ljava/lang/String;)V' in 'kotlin/jvm/internal/Intrinsics')}
  0x00000001102a95fc: 0793 81d2 | 870b a5f2 | 2700 c0f2 | 0608 40b9 | c608 5cd2 | e9c0 0491 | 2801 40f9 | df00 08eb 
  0x00000001102a961c: a100 0054 | e89c 40f9 | 0805 0091 | e89c 00f9 | 2200 0014 | e900 0591 | 2801 40f9 | df00 08eb 
  0x00000001102a963c: a100 0054 | e8a4 40f9 | 0805 0091 | e8a4 00f9 | 1a00 0014 | e9c0 0491 | 2801 40f9 | c800 00b5 
  0x00000001102a965c: 2601 00f9 | e803 40b2 | e9e0 0491 | 2801 00f9 | 1200 0014 | e900 0591 | 2801 40f9 | c800 00b5 
  0x00000001102a967c: 2601 00f9 | e803 40b2 | e920 0591 | 2801 00f9 | 0a00 0014 | 0900 0014 

  0x00000001102a9694: ;   {metadata(method data for {method} {0x0000000128403c50} 'throwParameterIsNullNPE' '(Ljava/lang/String;)V' in 'kotlin/jvm/internal/Intrinsics')}
  0x00000001102a9694: 0793 81d2 | 870b a5f2 | 2700 c0f2 | e890 40f9 | 0805 00d1 | e890 00f9 | f900 0014 | 0100 0014 
  0x00000001102a96b4: ; implicit exception: dispatches to 0x00000001102a9a98
  0x00000001102a96b4: 1f00 40f9 | fc00 0014 

  0x00000001102a96bc: ;   {metadata({method} {0x00000001284d7ac8} 'resumeWith' '(Ljava/lang/Object;)V' in 'kotlin/coroutines/jvm/internal/BaseContinuationImpl')}
  0x00000001102a96bc: 0859 8fd2 | a809 a5f2 | 2800 c0f2 | e807 00f9 | 0800 8092 | e803 00f9 

  0x00000001102a96d4: ; ImmutableOopMap {c_rarg1=Oop c_rarg2=Oop }
                      ;*synchronization entry
                      ; - kotlin.coroutines.jvm.internal.BaseContinuationImpl::resumeWith@-1 (line 24)
                      ;   {runtime_call counter_overflow Runtime1 stub}
  0x00000001102a96d4: ab7d c895 | 32fa ff17 | e803 01aa 

  0x00000001102a96e0: ; ImmutableOopMap {c_rarg2=Oop c_rarg1=Oop }
                      ;*checkcast {reexecute=0 rethrow=0 return_oop=0}
                      ; - kotlin.coroutines.jvm.internal.BaseContinuationImpl::resumeWith@10 (line 29)
                      ;   {runtime_call throw_class_cast_exception Runtime1 stub}
  0x00000001102a96e0: e873 c895 

  0x00000001102a96e4: ;   {metadata({method} {0x00000001284ff998} 'probeCoroutineResumed' '(Lkotlin/coroutines/Continuation;)V' in 'kotlin/coroutines/jvm/internal/DebugProbesKt')}
  0x00000001102a96e4: 0833 9fd2 | e809 a5f2 | 2800 c0f2 | e807 00f9 | 0800 8092 | e803 00f9 

  0x00000001102a96fc: ; ImmutableOopMap {c_rarg2=Oop c_rarg1=Oop c_rarg0=Oop }
                      ;*synchronization entry
                      ; - kotlin.coroutines.jvm.internal.DebugProbesKt::probeCoroutineResumed@-1
                      ; - kotlin.coroutines.jvm.internal.BaseContinuationImpl::resumeWith@13 (line 29)
                      ;   {runtime_call counter_overflow Runtime1 stub}
  0x00000001102a96fc: a17d c895 | 7cfa ff17 

  0x00000001102a9704: ;   {metadata({method} {0x0000000128403ad0} 'checkNotNullParameter' '(Ljava/lang/Object;Ljava/lang/String;)V' in 'kotlin/jvm/internal/Intrinsics')}
  0x00000001102a9704: 085a 87d2 | 0808 a5f2 | 2800 c0f2 | e807 00f9 | 0800 8092 | e803 00f9 

  0x00000001102a971c: ; ImmutableOopMap {c_rarg2=Oop c_rarg1=Oop c_rarg0=Oop }
                      ;*synchronization entry
                      ; - kotlin.jvm.internal.Intrinsics::checkNotNullParameter@-1 (line 130)
                      ; - kotlin.coroutines.jvm.internal.DebugProbesKt::probeCoroutineResumed@3
                      ; - kotlin.coroutines.jvm.internal.BaseContinuationImpl::resumeWith@13 (line 29)
                      ;   {runtime_call counter_overflow Runtime1 stub}
  0x00000001102a971c: 997d c895 | 83fa ff17 | e803 01aa 

  0x00000001102a9728: ; ImmutableOopMap {c_rarg2=Oop }
                      ;*checkcast {reexecute=0 rethrow=0 return_oop=0}
                      ; - kotlin.coroutines.jvm.internal.BaseContinuationImpl::resumeWith@17 (line 30)
                      ;   {runtime_call throw_class_cast_exception Runtime1 stub}
  0x00000001102a9728: d673 c895 

  0x00000001102a972c: ; ImmutableOopMap {c_rarg2=Oop c_rarg0=Oop }
                      ;*getfield completion {reexecute=1 rethrow=0 return_oop=0}
                      ; - (reexecute) kotlin.coroutines.jvm.internal.BaseContinuationImpl::resumeWith@27 (line 31)
                      ;   {runtime_call throw_null_pointer_exception Runtime1 stub}
  0x00000001102a972c: f52f c695 

  0x00000001102a9730: ;   {metadata({method} {0x0000000128402a88} 'checkNotNull' '(Ljava/lang/Object;)V' in 'kotlin/jvm/internal/Intrinsics')}
  0x00000001102a9730: 0851 85d2 | 0808 a5f2 | 2800 c0f2 | e807 00f9 | 0800 8092 | e803 00f9 

  0x00000001102a9748: ; ImmutableOopMap {c_rarg2=Oop c_rarg0=Oop c_rarg3=Oop [176]=Oop }
                      ;*synchronization entry
                      ; - kotlin.jvm.internal.Intrinsics::checkNotNull@-1 (line 24)
                      ; - kotlin.coroutines.jvm.internal.BaseContinuationImpl::resumeWith@31 (line 31)
                      ;   {runtime_call counter_overflow Runtime1 stub}
  0x00000001102a9748: 8e7d c895 | d5fa ff17 

  0x00000001102a9750: ;   {metadata({method} {0x00000001284fda38} 'getCOROUTINE_SUSPENDED' '()Ljava/lang/Object;' in 'kotlin/coroutines/intrinsics/IntrinsicsKt__IntrinsicsKt')}
  0x00000001102a9750: 0847 9bd2 | e809 a5f2 | 2800 c0f2 | e807 00f9 | 0800 8092 | e803 00f9 

  0x00000001102a9768: ; ImmutableOopMap {c_rarg0=Oop [168]=Oop [176]=Oop }
                      ;*synchronization entry
                      ; - kotlin.coroutines.intrinsics.IntrinsicsKt__IntrinsicsKt::getCOROUTINE_SUSPENDED@-1 (line 57)
                      ; - kotlin.coroutines.jvm.internal.BaseContinuationImpl::resumeWith@47 (line 35)
                      ;   {runtime_call counter_overflow Runtime1 stub}
  0x00000001102a9768: 867d c895 | 1afb ff17 

  0x00000001102a9770: ;   {metadata({method} {0x000000012850b920} 'constructor-impl' '(Ljava/lang/Object;)Ljava/lang/Object;' in 'kotlin/Result')}
  0x00000001102a9770: 0824 97d2 | 080a a5f2 | 2800 c0f2 | e807 00f9 | 0800 8092 | e803 00f9 

  0x00000001102a9788: ; ImmutableOopMap {c_rarg0=Oop [168]=Oop [176]=Oop }
                      ;*synchronization entry
                      ; - kotlin.Result::constructor-impl@-1
                      ; - kotlin.coroutines.jvm.internal.BaseContinuationImpl::resumeWith@60 (line 36)
                      ;   {runtime_call counter_overflow Runtime1 stub}
  0x00000001102a9788: 7e7d c895 | 2ffb ff17 

  0x00000001102a9790: ;   {metadata({method} {0x0000000128529e98} 'createFailure' '(Ljava/lang/Throwable;)Ljava/lang/Object;' in 'kotlin/ResultKt')}
  0x00000001102a9790: 08d3 93d2 | 480a a5f2 | 2800 c0f2 | e807 00f9 | 0800 8092 | e803 00f9 

  0x00000001102a97a8: ; ImmutableOopMap {c_rarg0=Oop [168]=Oop [176]=Oop }
                      ;*synchronization entry
                      ; - kotlin.ResultKt::createFailure@-1
                      ; - kotlin.coroutines.jvm.internal.BaseContinuationImpl::resumeWith@76 (line 38)
                      ;   {runtime_call counter_overflow Runtime1 stub}
  0x00000001102a97a8: 767d c895 | 40fb ff17 

  0x00000001102a97b0: ;   {metadata({method} {0x0000000128403ad0} 'checkNotNullParameter' '(Ljava/lang/Object;Ljava/lang/String;)V' in 'kotlin/jvm/internal/Intrinsics')}
  0x00000001102a97b0: 085a 87d2 | 0808 a5f2 | 2800 c0f2 | e807 00f9 | 0800 8092 | e803 00f9 

  0x00000001102a97c8: ; ImmutableOopMap {c_rarg0=Oop [168]=Oop [176]=Oop }
                      ;*synchronization entry
                      ; - kotlin.jvm.internal.Intrinsics::checkNotNullParameter@-1 (line 130)
                      ; - kotlin.ResultKt::createFailure@3
                      ; - kotlin.coroutines.jvm.internal.BaseContinuationImpl::resumeWith@76 (line 38)
                      ;   {runtime_call counter_overflow Runtime1 stub}
  0x00000001102a97c8: 6e7d c895 | 47fb ff17 

  0x00000001102a97d0: ; ImmutableOopMap {c_rarg2=Oop [168]=Oop [176]=Oop }
                      ;*new {reexecute=0 rethrow=0 return_oop=0}
                      ; - kotlin.ResultKt::createFailure@6 (line 122)
                      ; - kotlin.coroutines.jvm.internal.BaseContinuationImpl::resumeWith@76 (line 38)
                      ;   {runtime_call fast_new_instance Runtime1 stub}
  0x00000001102a97d0: 8c2d c695 | 60fb ff17 

  0x00000001102a97d8: ;   {metadata({method} {0x000000012850f8b8} '<init>' '(Ljava/lang/Throwable;)V' in 'kotlin/Result$Failure')}
  0x00000001102a97d8: 0817 9fd2 | 080a a5f2 | 2800 c0f2 | e807 00f9 | 0800 8092 | e803 00f9 

  0x00000001102a97f0: ; ImmutableOopMap {c_rarg2=Oop c_rarg0=Oop [168]=Oop [176]=Oop }
                      ;*synchronization entry
                      ; - kotlin.Result$Failure::<init>@-1
                      ; - kotlin.ResultKt::createFailure@11 (line 122)
                      ; - kotlin.coroutines.jvm.internal.BaseContinuationImpl::resumeWith@76 (line 38)
                      ;   {runtime_call counter_overflow Runtime1 stub}
  0x00000001102a97f0: 647d c895 | 68fb ff17 

  0x00000001102a97f8: ;   {metadata({method} {0x0000000128403ad0} 'checkNotNullParameter' '(Ljava/lang/Object;Ljava/lang/String;)V' in 'kotlin/jvm/internal/Intrinsics')}
  0x00000001102a97f8: 085a 87d2 | 0808 a5f2 | 2800 c0f2 | e807 00f9 | 0800 8092 | e803 00f9 

  0x00000001102a9810: ; ImmutableOopMap {c_rarg2=Oop c_rarg0=Oop [168]=Oop [176]=Oop }
                      ;*synchronization entry
                      ; - kotlin.jvm.internal.Intrinsics::checkNotNullParameter@-1 (line 130)
                      ; - kotlin.Result$Failure::<init>@3
                      ; - kotlin.ResultKt::createFailure@11 (line 122)
                      ; - kotlin.coroutines.jvm.internal.BaseContinuationImpl::resumeWith@76 (line 38)
                      ;   {runtime_call counter_overflow Runtime1 stub}
  0x00000001102a9810: 5c7d c895 | 6ffb ff17 

  0x00000001102a9818: ;   {metadata({method} {0x0000007000473798} '<init>' '()V' in 'java/lang/Object')}
  0x00000001102a9818: 08f3 86d2 | e808 a0f2 | 080e c0f2 | e807 00f9 | 0800 8092 | e803 00f9 

  0x00000001102a9830: ; ImmutableOopMap {c_rarg2=Oop c_rarg0=Oop [168]=Oop [176]=Oop }
                      ;*synchronization entry
                      ; - java.lang.Object::<init>@-1 (line 45)
                      ; - kotlin.Result$Failure::<init>@7 (line 105)
                      ; - kotlin.ResultKt::createFailure@11 (line 122)
                      ; - kotlin.coroutines.jvm.internal.BaseContinuationImpl::resumeWith@76 (line 38)
                      ;   {runtime_call counter_overflow Runtime1 stub}
  0x00000001102a9830: 547d c895 | 83fb ff17 | 010c 40b9 | 21f0 7dd3 | 6170 ffb4 | e103 00f9 

  0x00000001102a9848: ;   {runtime_call g1_pre_barrier_slow}
  0x00000001102a9848: ce7e c895 | 80fb ff17 | a270 ffb4 | e003 00f9 

  0x00000001102a9858: ;   {runtime_call g1_post_barrier_slow}
  0x00000001102a9858: 8a7f c895 | 82fb ff17 

  0x00000001102a9860: ;   {metadata({method} {0x000000012850b920} 'constructor-impl' '(Ljava/lang/Object;)Ljava/lang/Object;' in 'kotlin/Result')}
  0x00000001102a9860: 0824 97d2 | 080a a5f2 | 2800 c0f2 | e807 00f9 | 0800 8092 | e803 00f9 

  0x00000001102a9878: ; ImmutableOopMap {c_rarg0=Oop [168]=Oop [176]=Oop }
                      ;*synchronization entry
                      ; - kotlin.Result::constructor-impl@-1
                      ; - kotlin.coroutines.jvm.internal.BaseContinuationImpl::resumeWith@79 (line 38)
                      ;   {runtime_call counter_overflow Runtime1 stub}
  0x00000001102a9878: 427d c895 | 8afb ff17 

  0x00000001102a9880: ;   {metadata({method} {0x00000001284d7ac8} 'resumeWith' '(Ljava/lang/Object;)V' in 'kotlin/coroutines/jvm/internal/BaseContinuationImpl')}
  0x00000001102a9880: 0859 8fd2 | a809 a5f2 | 2800 c0f2 | e807 00f9 | 280f 80d2 | e803 00f9 

  0x00000001102a9898: ; ImmutableOopMap {c_rarg3=Oop [176]=Oop [184]=Oop }
                      ;*goto {reexecute=1 rethrow=0 return_oop=0}
                      ; - (reexecute) kotlin.coroutines.jvm.internal.BaseContinuationImpl::resumeWith@121 (line 30)
                      ;   {runtime_call counter_overflow Runtime1 stub}
  0x00000001102a9898: 3a7d c895 | 10fc ff17 

  0x00000001102a98a0: ;   {metadata({method} {0x0000000128403c50} 'throwParameterIsNullNPE' '(Ljava/lang/String;)V' in 'kotlin/jvm/internal/Intrinsics')}
  0x00000001102a98a0: 088a 87d2 | 0808 a5f2 | 2800 c0f2 | e807 00f9 | 0800 8092 | e803 00f9 

  0x00000001102a98b8: ; ImmutableOopMap {[168]=Oop [176]=Oop [200]=Oop [208]=Oop }
                      ;*synchronization entry
                      ; - kotlin.jvm.internal.Intrinsics::throwParameterIsNullNPE@-1 (line 140)
                      ; - kotlin.jvm.internal.Intrinsics::checkNotNullParameter@5 (line 131)
                      ; - kotlin.Result$Failure::<init>@3
                      ; - kotlin.ResultKt::createFailure@11 (line 122)
                      ; - kotlin.coroutines.jvm.internal.BaseContinuationImpl::resumeWith@76 (line 38)
                      ;   {runtime_call counter_overflow Runtime1 stub}
  0x00000001102a98b8: 327d c895 | 23fc ff17 

  0x00000001102a98c0: ; ImmutableOopMap {[168]=Oop [176]=Oop [200]=Oop [208]=Oop }
                      ;*new {reexecute=0 rethrow=0 return_oop=0}
                      ; - kotlin.jvm.internal.Intrinsics::throwParameterIsNullNPE@0 (line 140)
                      ; - kotlin.jvm.internal.Intrinsics::checkNotNullParameter@5 (line 131)
                      ; - kotlin.Result$Failure::<init>@3
                      ; - kotlin.ResultKt::createFailure@11 (line 122)
                      ; - kotlin.coroutines.jvm.internal.BaseContinuationImpl::resumeWith@76 (line 38)
                      ;   {runtime_call fast_new_instance Runtime1 stub}
  0x00000001102a98c0: 502d c695 | 30fc ff17 

  0x00000001102a98c8: ;   {metadata({method} {0x0000000128404cd0} 'sanitizeStackTrace' '(Ljava/lang/Throwable;)Ljava/lang/Throwable;' in 'kotlin/jvm/internal/Intrinsics')}
  0x00000001102a98c8: 089a 89d2 | 0808 a5f2 | 2800 c0f2 | e807 00f9 | 0800 8092 | e803 00f9 

  0x00000001102a98e0: ; ImmutableOopMap {[168]=Oop [176]=Oop [192]=Oop [200]=Oop [208]=Oop }
                      ;*synchronization entry
                      ; - kotlin.jvm.internal.Intrinsics::sanitizeStackTrace@-1 (line 253)
                      ; - kotlin.jvm.internal.Intrinsics::throwParameterIsNullNPE@11 (line 140)
                      ; - kotlin.jvm.internal.Intrinsics::checkNotNullParameter@5 (line 131)
                      ; - kotlin.Result$Failure::<init>@3
                      ; - kotlin.ResultKt::createFailure@11 (line 122)
                      ; - kotlin.coroutines.jvm.internal.BaseContinuationImpl::resumeWith@76 (line 38)
                      ;   {runtime_call counter_overflow Runtime1 stub}
  0x00000001102a98e0: 287d c895 | 52fc ff17 

  0x00000001102a98e8: ;   {metadata({method} {0x00000070004684b0} 'getName' '()Ljava/lang/String;' in 'java/lang/Class')}
  0x00000001102a98e8: 0896 90d2 | c808 a0f2 | 080e c0f2 | e807 00f9 | 0800 8092 | e803 00f9 

  0x00000001102a9900: ; ImmutableOopMap {c_rarg1=Oop [168]=Oop [176]=Oop [192]=Oop [200]=Oop [208]=Oop }
                      ;*synchronization entry
                      ; - java.lang.Class::getName@-1 (line 949)
                      ; - kotlin.jvm.internal.Intrinsics::sanitizeStackTrace@3 (line 253)
                      ; - kotlin.jvm.internal.Intrinsics::throwParameterIsNullNPE@11 (line 140)
                      ; - kotlin.jvm.internal.Intrinsics::checkNotNullParameter@5 (line 131)
                      ; - kotlin.Result$Failure::<init>@3
                      ; - kotlin.ResultKt::createFailure@11 (line 122)
                      ; - kotlin.coroutines.jvm.internal.BaseContinuationImpl::resumeWith@76 (line 38)
                      ;   {runtime_call counter_overflow Runtime1 stub}
  0x00000001102a9900: 207d c895 | 5dfc ff17 

  0x00000001102a9908: ; ImmutableOopMap {[168]=Oop [176]=Oop [192]=Oop [200]=Oop [208]=Oop }
                      ;*getfield name {reexecute=1 rethrow=0 return_oop=0}
                      ; - (reexecute) java.lang.Class::getName@1 (line 949)
                      ; - kotlin.jvm.internal.Intrinsics::sanitizeStackTrace@3 (line 253)
                      ; - kotlin.jvm.internal.Intrinsics::throwParameterIsNullNPE@11 (line 140)
                      ; - kotlin.jvm.internal.Intrinsics::checkNotNullParameter@5 (line 131)
                      ; - kotlin.Result$Failure::<init>@3
                      ; - kotlin.ResultKt::createFailure@11 (line 122)
                      ; - kotlin.coroutines.jvm.internal.BaseContinuationImpl::resumeWith@76 (line 38)
                      ;   {runtime_call throw_null_pointer_exception Runtime1 stub}
  0x00000001102a9908: 7e2f c695 

  0x00000001102a990c: ;   {metadata({method} {0x0000000128403c50} 'throwParameterIsNullNPE' '(Ljava/lang/String;)V' in 'kotlin/jvm/internal/Intrinsics')}
  0x00000001102a990c: 088a 87d2 | 0808 a5f2 | 2800 c0f2 | e807 00f9 | 0800 8092 | e803 00f9 

  0x00000001102a9924: ; ImmutableOopMap {[168]=Oop [176]=Oop [208]=Oop }
                      ;*synchronization entry
                      ; - kotlin.jvm.internal.Intrinsics::throwParameterIsNullNPE@-1 (line 140)
                      ; - kotlin.jvm.internal.Intrinsics::checkNotNullParameter@5 (line 131)
                      ; - kotlin.ResultKt::createFailure@3
                      ; - kotlin.coroutines.jvm.internal.BaseContinuationImpl::resumeWith@76 (line 38)
                      ;   {runtime_call counter_overflow Runtime1 stub}
  0x00000001102a9924: 177d c895 | 8afc ff17 

  0x00000001102a992c: ; ImmutableOopMap {[168]=Oop [176]=Oop [208]=Oop }
                      ;*new {reexecute=0 rethrow=0 return_oop=0}
                      ; - kotlin.jvm.internal.Intrinsics::throwParameterIsNullNPE@0 (line 140)
                      ; - kotlin.jvm.internal.Intrinsics::checkNotNullParameter@5 (line 131)
                      ; - kotlin.ResultKt::createFailure@3
                      ; - kotlin.coroutines.jvm.internal.BaseContinuationImpl::resumeWith@76 (line 38)
                      ;   {runtime_call fast_new_instance Runtime1 stub}
  0x00000001102a992c: 352d c695 | 97fc ff17 

  0x00000001102a9934: ;   {metadata({method} {0x0000000128404cd0} 'sanitizeStackTrace' '(Ljava/lang/Throwable;)Ljava/lang/Throwable;' in 'kotlin/jvm/internal/Intrinsics')}
  0x00000001102a9934: 089a 89d2 | 0808 a5f2 | 2800 c0f2 | e807 00f9 | 0800 8092 | e803 00f9 

  0x00000001102a994c: ; ImmutableOopMap {[168]=Oop [176]=Oop [208]=Oop [216]=Oop }
                      ;*synchronization entry
                      ; - kotlin.jvm.internal.Intrinsics::sanitizeStackTrace@-1 (line 253)
                      ; - kotlin.jvm.internal.Intrinsics::throwParameterIsNullNPE@11 (line 140)
                      ; - kotlin.jvm.internal.Intrinsics::checkNotNullParameter@5 (line 131)
                      ; - kotlin.ResultKt::createFailure@3
                      ; - kotlin.coroutines.jvm.internal.BaseContinuationImpl::resumeWith@76 (line 38)
                      ;   {runtime_call counter_overflow Runtime1 stub}
  0x00000001102a994c: 0d7d c895 | b9fc ff17 

  0x00000001102a9954: ;   {metadata({method} {0x00000070004684b0} 'getName' '()Ljava/lang/String;' in 'java/lang/Class')}
  0x00000001102a9954: 0896 90d2 | c808 a0f2 | 080e c0f2 | e807 00f9 | 0800 8092 | e803 00f9 

  0x00000001102a996c: ; ImmutableOopMap {c_rarg1=Oop [168]=Oop [176]=Oop [208]=Oop [216]=Oop }
                      ;*synchronization entry
                      ; - java.lang.Class::getName@-1 (line 949)
                      ; - kotlin.jvm.internal.Intrinsics::sanitizeStackTrace@3 (line 253)
                      ; - kotlin.jvm.internal.Intrinsics::throwParameterIsNullNPE@11 (line 140)
                      ; - kotlin.jvm.internal.Intrinsics::checkNotNullParameter@5 (line 131)
                      ; - kotlin.ResultKt::createFailure@3
                      ; - kotlin.coroutines.jvm.internal.BaseContinuationImpl::resumeWith@76 (line 38)
                      ;   {runtime_call counter_overflow Runtime1 stub}
  0x00000001102a996c: 057d c895 | c4fc ff17 

  0x00000001102a9974: ; ImmutableOopMap {[168]=Oop [176]=Oop [208]=Oop [216]=Oop }
                      ;*getfield name {reexecute=1 rethrow=0 return_oop=0}
                      ; - (reexecute) java.lang.Class::getName@1 (line 949)
                      ; - kotlin.jvm.internal.Intrinsics::sanitizeStackTrace@3 (line 253)
                      ; - kotlin.jvm.internal.Intrinsics::throwParameterIsNullNPE@11 (line 140)
                      ; - kotlin.jvm.internal.Intrinsics::checkNotNullParameter@5 (line 131)
                      ; - kotlin.ResultKt::createFailure@3
                      ; - kotlin.coroutines.jvm.internal.BaseContinuationImpl::resumeWith@76 (line 38)
                      ;   {runtime_call throw_null_pointer_exception Runtime1 stub}
  0x00000001102a9974: 632f c695 

  0x00000001102a9978: ;   {metadata({method} {0x0000000128402d70} 'throwJavaNpe' '()V' in 'kotlin/jvm/internal/Intrinsics')}
  0x00000001102a9978: 08ae 85d2 | 0808 a5f2 | 2800 c0f2 | e807 00f9 | 0800 8092 | e803 00f9 

  0x00000001102a9990: ; ImmutableOopMap {[168]=Oop [176]=Oop [232]=Oop }
                      ;*synchronization entry
                      ; - kotlin.jvm.internal.Intrinsics::throwJavaNpe@-1 (line 45)
                      ; - kotlin.jvm.internal.Intrinsics::checkNotNull@4 (line 25)
                      ; - kotlin.coroutines.jvm.internal.BaseContinuationImpl::resumeWith@31 (line 31)
                      ;   {runtime_call counter_overflow Runtime1 stub}
  0x00000001102a9990: fc7c c895 | f2fc ff17 

  0x00000001102a9998: ; ImmutableOopMap {[168]=Oop [176]=Oop [232]=Oop }
                      ;*new {reexecute=0 rethrow=0 return_oop=0}
                      ; - kotlin.jvm.internal.Intrinsics::throwJavaNpe@0 (line 45)
                      ; - kotlin.jvm.internal.Intrinsics::checkNotNull@4 (line 25)
                      ; - kotlin.coroutines.jvm.internal.BaseContinuationImpl::resumeWith@31 (line 31)
                      ;   {runtime_call fast_new_instance Runtime1 stub}
  0x00000001102a9998: 1a2d c695 | fffc ff17 

  0x00000001102a99a0: ;   {metadata({method} {0x0000000128404cd0} 'sanitizeStackTrace' '(Ljava/lang/Throwable;)Ljava/lang/Throwable;' in 'kotlin/jvm/internal/Intrinsics')}
  0x00000001102a99a0: 089a 89d2 | 0808 a5f2 | 2800 c0f2 | e807 00f9 | 0800 8092 | e803 00f9 

  0x00000001102a99b8: ; ImmutableOopMap {[168]=Oop [176]=Oop [224]=Oop [232]=Oop }
                      ;*synchronization entry
                      ; - kotlin.jvm.internal.Intrinsics::sanitizeStackTrace@-1 (line 253)
                      ; - kotlin.jvm.internal.Intrinsics::throwJavaNpe@7 (line 45)
                      ; - kotlin.jvm.internal.Intrinsics::checkNotNull@4 (line 25)
                      ; - kotlin.coroutines.jvm.internal.BaseContinuationImpl::resumeWith@31 (line 31)
                      ;   {runtime_call counter_overflow Runtime1 stub}
  0x00000001102a99b8: f27c c895 | 13fd ff17 

  0x00000001102a99c0: ;   {metadata({method} {0x00000070004684b0} 'getName' '()Ljava/lang/String;' in 'java/lang/Class')}
  0x00000001102a99c0: 0896 90d2 | c808 a0f2 | 080e c0f2 | e807 00f9 | 0800 8092 | e803 00f9 

  0x00000001102a99d8: ; ImmutableOopMap {c_rarg1=Oop [168]=Oop [176]=Oop [224]=Oop [232]=Oop }
                      ;*synchronization entry
                      ; - java.lang.Class::getName@-1 (line 949)
                      ; - kotlin.jvm.internal.Intrinsics::sanitizeStackTrace@3 (line 253)
                      ; - kotlin.jvm.internal.Intrinsics::throwJavaNpe@7 (line 45)
                      ; - kotlin.jvm.internal.Intrinsics::checkNotNull@4 (line 25)
                      ; - kotlin.coroutines.jvm.internal.BaseContinuationImpl::resumeWith@31 (line 31)
                      ;   {runtime_call counter_overflow Runtime1 stub}
  0x00000001102a99d8: ea7c c895 | 1efd ff17 

  0x00000001102a99e0: ; ImmutableOopMap {[168]=Oop [176]=Oop [224]=Oop [232]=Oop }
                      ;*getfield name {reexecute=1 rethrow=0 return_oop=0}
                      ; - (reexecute) java.lang.Class::getName@1 (line 949)
                      ; - kotlin.jvm.internal.Intrinsics::sanitizeStackTrace@3 (line 253)
                      ; - kotlin.jvm.internal.Intrinsics::throwJavaNpe@7 (line 45)
                      ; - kotlin.jvm.internal.Intrinsics::checkNotNull@4 (line 25)
                      ; - kotlin.coroutines.jvm.internal.BaseContinuationImpl::resumeWith@31 (line 31)
                      ;   {runtime_call throw_null_pointer_exception Runtime1 stub}
  0x00000001102a99e0: 482f c695 

  0x00000001102a99e4: ;   {metadata({method} {0x0000000128403c50} 'throwParameterIsNullNPE' '(Ljava/lang/String;)V' in 'kotlin/jvm/internal/Intrinsics')}
  0x00000001102a99e4: 088a 87d2 | 0808 a5f2 | 2800 c0f2 | e807 00f9 | 0800 8092 | e803 00f9 

  0x00000001102a99fc: ; ImmutableOopMap {[232]=Oop [248]=Oop }
                      ;*synchronization entry
                      ; - kotlin.jvm.internal.Intrinsics::throwParameterIsNullNPE@-1 (line 140)
                      ; - kotlin.jvm.internal.Intrinsics::checkNotNullParameter@5 (line 131)
                      ; - kotlin.coroutines.jvm.internal.DebugProbesKt::probeCoroutineResumed@3
                      ; - kotlin.coroutines.jvm.internal.BaseContinuationImpl::resumeWith@13 (line 29)
                      ;   {runtime_call counter_overflow Runtime1 stub}
  0x00000001102a99fc: e17c c895 | 4cfd ff17 

  0x00000001102a9a04: ; ImmutableOopMap {[232]=Oop [248]=Oop }
                      ;*new {reexecute=0 rethrow=0 return_oop=0}
                      ; - kotlin.jvm.internal.Intrinsics::throwParameterIsNullNPE@0 (line 140)
                      ; - kotlin.jvm.internal.Intrinsics::checkNotNullParameter@5 (line 131)
                      ; - kotlin.coroutines.jvm.internal.DebugProbesKt::probeCoroutineResumed@3
                      ; - kotlin.coroutines.jvm.internal.BaseContinuationImpl::resumeWith@13 (line 29)
                      ;   {runtime_call fast_new_instance Runtime1 stub}
  0x00000001102a9a04: ff2c c695 | 59fd ff17 

  0x00000001102a9a0c: ;   {metadata({method} {0x0000000128404cd0} 'sanitizeStackTrace' '(Ljava/lang/Throwable;)Ljava/lang/Throwable;' in 'kotlin/jvm/internal/Intrinsics')}
  0x00000001102a9a0c: 089a 89d2 | 0808 a5f2 | 2800 c0f2 | e807 00f9 | 0800 8092 | e803 00f9 

  0x00000001102a9a24: ; ImmutableOopMap {[232]=Oop [240]=Oop [248]=Oop }
                      ;*synchronization entry
                      ; - kotlin.jvm.internal.Intrinsics::sanitizeStackTrace@-1 (line 253)
                      ; - kotlin.jvm.internal.Intrinsics::throwParameterIsNullNPE@11 (line 140)
                      ; - kotlin.jvm.internal.Intrinsics::checkNotNullParameter@5 (line 131)
                      ; - kotlin.coroutines.jvm.internal.DebugProbesKt::probeCoroutineResumed@3
                      ; - kotlin.coroutines.jvm.internal.BaseContinuationImpl::resumeWith@13 (line 29)
                      ;   {runtime_call counter_overflow Runtime1 stub}
  0x00000001102a9a24: d77c c895 | 7cfd ff17 

  0x00000001102a9a2c: ;   {metadata({method} {0x00000070004684b0} 'getName' '()Ljava/lang/String;' in 'java/lang/Class')}
  0x00000001102a9a2c: 0896 90d2 | c808 a0f2 | 080e c0f2 | e807 00f9 | 0800 8092 | e803 00f9 

  0x00000001102a9a44: ; ImmutableOopMap {c_rarg1=Oop [232]=Oop [240]=Oop [248]=Oop }
                      ;*synchronization entry
                      ; - java.lang.Class::getName@-1 (line 949)
                      ; - kotlin.jvm.internal.Intrinsics::sanitizeStackTrace@3 (line 253)
                      ; - kotlin.jvm.internal.Intrinsics::throwParameterIsNullNPE@11 (line 140)
                      ; - kotlin.jvm.internal.Intrinsics::checkNotNullParameter@5 (line 131)
                      ; - kotlin.coroutines.jvm.internal.DebugProbesKt::probeCoroutineResumed@3
                      ; - kotlin.coroutines.jvm.internal.BaseContinuationImpl::resumeWith@13 (line 29)
                      ;   {runtime_call counter_overflow Runtime1 stub}
  0x00000001102a9a44: cf7c c895 | 87fd ff17 

  0x00000001102a9a4c: ; ImmutableOopMap {[232]=Oop [240]=Oop [248]=Oop }
                      ;*getfield name {reexecute=1 rethrow=0 return_oop=0}
                      ; - (reexecute) java.lang.Class::getName@1 (line 949)
                      ; - kotlin.jvm.internal.Intrinsics::sanitizeStackTrace@3 (line 253)
                      ; - kotlin.jvm.internal.Intrinsics::throwParameterIsNullNPE@11 (line 140)
                      ; - kotlin.jvm.internal.Intrinsics::checkNotNullParameter@5 (line 131)
                      ; - kotlin.coroutines.jvm.internal.DebugProbesKt::probeCoroutineResumed@3
                      ; - kotlin.coroutines.jvm.internal.BaseContinuationImpl::resumeWith@13 (line 29)
                      ;   {runtime_call throw_null_pointer_exception Runtime1 stub}
  0x00000001102a9a4c: 2d2f c695 

  0x00000001102a9a50: ; ImmutableOopMap {c_rarg3=Oop c_rarg0=Oop [176]=Oop }
                      ;*invokeinterface resumeWith {reexecute=0 rethrow=0 return_oop=0}
                      ; - kotlin.coroutines.jvm.internal.BaseContinuationImpl::resumeWith@114 (line 47)
                      ;   {runtime_call throw_null_pointer_exception Runtime1 stub}
  0x00000001102a9a50: 2c2f c695 

  0x00000001102a9a54: ;   {internal_word}
  0x00000001102a9a54: 08bc ff10 | 8837 02f9 

  0x00000001102a9a5c: ;   {runtime_call SafepointBlob}
  0x00000001102a9a5c: a923 c515 

  0x00000001102a9a60: ;   {internal_word}
  0x00000001102a9a60: 68bc ff10 | 8837 02f9 

  0x00000001102a9a68: ;   {runtime_call SafepointBlob}
  0x00000001102a9a68: a623 c515 | e803 00aa 

  0x00000001102a9a70: ; ImmutableOopMap {c_rarg1=Oop [232]=Oop }
                      ;*checkcast {reexecute=0 rethrow=0 return_oop=0}
                      ; - kotlin.jvm.internal.Intrinsics::throwParameterIsNullNPE@14 (line 140)
                      ; - kotlin.jvm.internal.Intrinsics::checkNotNullParameter@5 (line 131)
                      ; - kotlin.coroutines.jvm.internal.DebugProbesKt::probeCoroutineResumed@3
                      ; - kotlin.coroutines.jvm.internal.BaseContinuationImpl::resumeWith@13 (line 29)
                      ;   {runtime_call throw_class_cast_exception Runtime1 stub}
  0x00000001102a9a70: 0473 c895 

  0x00000001102a9a74: ; ImmutableOopMap {c_rarg1=Oop c_rarg0=Oop [232]=Oop }
                      ;*athrow {reexecute=1 rethrow=0 return_oop=0}
                      ; - (reexecute) kotlin.jvm.internal.Intrinsics::throwParameterIsNullNPE@17 (line 140)
                      ; - kotlin.jvm.internal.Intrinsics::checkNotNullParameter@5 (line 131)
                      ; - kotlin.coroutines.jvm.internal.DebugProbesKt::probeCoroutineResumed@3
                      ; - kotlin.coroutines.jvm.internal.BaseContinuationImpl::resumeWith@13 (line 29)
                      ;   {runtime_call throw_null_pointer_exception Runtime1 stub}
  0x00000001102a9a74: 232f c695 | e803 00aa 

  0x00000001102a9a7c: ; ImmutableOopMap {c_rarg2=Oop [168]=Oop [176]=Oop }
                      ;*checkcast {reexecute=0 rethrow=0 return_oop=0}
                      ; - kotlin.jvm.internal.Intrinsics::throwJavaNpe@10 (line 45)
                      ; - kotlin.jvm.internal.Intrinsics::checkNotNull@4 (line 25)
                      ; - kotlin.coroutines.jvm.internal.BaseContinuationImpl::resumeWith@31 (line 31)
                      ;   {runtime_call throw_class_cast_exception Runtime1 stub}
  0x00000001102a9a7c: 0173 c895 

  0x00000001102a9a80: ; ImmutableOopMap {c_rarg2=Oop c_rarg0=Oop [168]=Oop [176]=Oop }
                      ;*athrow {reexecute=1 rethrow=0 return_oop=0}
                      ; - (reexecute) kotlin.jvm.internal.Intrinsics::throwJavaNpe@13 (line 45)
                      ; - kotlin.jvm.internal.Intrinsics::checkNotNull@4 (line 25)
                      ; - kotlin.coroutines.jvm.internal.BaseContinuationImpl::resumeWith@31 (line 31)
                      ;   {runtime_call throw_null_pointer_exception Runtime1 stub}
  0x00000001102a9a80: 202f c695 | e803 00aa 

  0x00000001102a9a88: ; ImmutableOopMap {[168]=Oop [176]=Oop [208]=Oop }
                      ;*checkcast {reexecute=0 rethrow=0 return_oop=0}
                      ; - kotlin.jvm.internal.Intrinsics::throwParameterIsNullNPE@14 (line 140)
                      ; - kotlin.jvm.internal.Intrinsics::checkNotNullParameter@5 (line 131)
                      ; - kotlin.ResultKt::createFailure@3
                      ; - kotlin.coroutines.jvm.internal.BaseContinuationImpl::resumeWith@76 (line 38)
                      ;   {runtime_call throw_class_cast_exception Runtime1 stub}
  0x00000001102a9a88: fe72 c895 

  0x00000001102a9a8c: ; ImmutableOopMap {c_rarg0=Oop [168]=Oop [176]=Oop [208]=Oop }
                      ;*athrow {reexecute=1 rethrow=0 return_oop=0}
                      ; - (reexecute) kotlin.jvm.internal.Intrinsics::throwParameterIsNullNPE@17 (line 140)
                      ; - kotlin.jvm.internal.Intrinsics::checkNotNullParameter@5 (line 131)
                      ; - kotlin.ResultKt::createFailure@3
                      ; - kotlin.coroutines.jvm.internal.BaseContinuationImpl::resumeWith@76 (line 38)
                      ;   {runtime_call throw_null_pointer_exception Runtime1 stub}
  0x00000001102a9a8c: 1d2f c695 | e803 00aa 

  0x00000001102a9a94: ; ImmutableOopMap {c_rarg2=Oop c_rarg4=Oop c_rarg3=Oop c_rarg1=Oop [176]=Oop }
                      ;*checkcast {reexecute=0 rethrow=0 return_oop=0}
                      ; - kotlin.jvm.internal.Intrinsics::throwParameterIsNullNPE@14 (line 140)
                      ; - kotlin.jvm.internal.Intrinsics::checkNotNullParameter@5 (line 131)
                      ; - kotlin.Result$Failure::<init>@3
                      ; - kotlin.ResultKt::createFailure@11 (line 122)
                      ; - kotlin.coroutines.jvm.internal.BaseContinuationImpl::resumeWith@76 (line 38)
                      ;   {runtime_call throw_class_cast_exception Runtime1 stub}
  0x00000001102a9a94: fb72 c895 

  0x00000001102a9a98: ; ImmutableOopMap {c_rarg2=Oop c_rarg4=Oop c_rarg3=Oop c_rarg1=Oop c_rarg0=Oop [176]=Oop }
                      ;*athrow {reexecute=1 rethrow=0 return_oop=0}
                      ; - (reexecute) kotlin.jvm.internal.Intrinsics::throwParameterIsNullNPE@17 (line 140)
                      ; - kotlin.jvm.internal.Intrinsics::checkNotNullParameter@5 (line 131)
                      ; - kotlin.Result$Failure::<init>@3
                      ; - kotlin.ResultKt::createFailure@11 (line 122)
                      ; - kotlin.coroutines.jvm.internal.BaseContinuationImpl::resumeWith@76 (line 38)
                      ;   {runtime_call throw_null_pointer_exception Runtime1 stub}
  0x00000001102a9a98: 1a2f c695 | 8083 42f9 | 9f83 02f9 | 9f87 02f9 | fd7b 51a9 | ff83 0491 

  0x00000001102a9ab0: ;   {runtime_call unwind_exception Runtime1 stub}
  0x00000001102a9ab0: d432 c615 | 0000 0000 
[Stub Code]
  0x00000001102a9ab8: ;   {no_reloc}
  0x00000001102a9ab8: df3f 03d5 

  0x00000001102a9abc: ;   {metadata(nullptr)}
  0x00000001102a9abc: 0c00 80d2 | 0c00 a0f2 | 0c00 c0f2 | 0800 80d2 | 0800 a0f2 | 0800 c0f2 | 0001 1fd6 

  0x00000001102a9ad8: ;   {trampoline_stub}
  0x00000001102a9ad8: 4800 0058 | 0001 1fd6 | a8c3 4d17 | 0100 0000 

  0x00000001102a9ae8: ;   {static_stub}
  0x00000001102a9ae8: df3f 03d5 

  0x00000001102a9aec: ;   {metadata(nullptr)}
  0x00000001102a9aec: 0c00 80d2 | 0c00 a0f2 | 0c00 c0f2 | 0800 80d2 | 0800 a0f2 | 0800 c0f2 | 0001 1fd6 

  0x00000001102a9b08: ;   {trampoline_stub}
  0x00000001102a9b08: 4800 0058 | 0001 1fd6 | 58c6 4d17 | 0100 0000 

  0x00000001102a9b18: ;   {trampoline_stub}
  0x00000001102a9b18: 4800 0058 | 0001 1fd6 | 80c7 3e17 | 0100 0000 

  0x00000001102a9b28: ;   {trampoline_stub}
  0x00000001102a9b28: 4800 0058 | 0001 1fd6 | 80c1 3e17 | 0100 0000 

  0x00000001102a9b38: ;   {trampoline_stub}
  0x00000001102a9b38: 4800 0058 | 0001 1fd6 | 80c1 3e17 | 0100 0000 

  0x00000001102a9b48: ;   {trampoline_stub}
  0x00000001102a9b48: 4800 0058 | 0001 1fd6 | 80c7 3e17 | 0100 0000 

  0x00000001102a9b58: ;   {trampoline_stub}
  0x00000001102a9b58: 4800 0058 | 0001 1fd6 | 80c1 3e17 | 0100 0000 

  0x00000001102a9b68: ;   {trampoline_stub}
  0x00000001102a9b68: 4800 0058 | 0001 1fd6 | 80c1 3e17 | 0100 0000 

  0x00000001102a9b78: ;   {trampoline_stub}
  0x00000001102a9b78: 4800 0058 | 0001 1fd6 | 80c1 3e17 | 0100 0000 

  0x00000001102a9b88: ;   {trampoline_stub}
  0x00000001102a9b88: 4800 0058 | 0001 1fd6 | 80c1 3e17 | 0100 0000 

  0x00000001102a9b98: ;   {trampoline_stub}
  0x00000001102a9b98: 4800 0058 | 0001 1fd6 | 80c7 3e17 | 0100 0000 

  0x00000001102a9ba8: ;   {trampoline_stub}
  0x00000001102a9ba8: 4800 0058 | 0001 1fd6 | 80c1 3e17 | 0100 0000 

  0x00000001102a9bb8: ;   {trampoline_stub}
  0x00000001102a9bb8: 4800 0058 | 0001 1fd6 | 80c1 3e17 | 0100 0000 

  0x00000001102a9bc8: ;   {static_stub}
  0x00000001102a9bc8: df3f 03d5 

  0x00000001102a9bcc: ;   {metadata(nullptr)}
  0x00000001102a9bcc: 0c00 80d2 | 0c00 a0f2 | 0c00 c0f2 | 0800 80d2 | 0800 a0f2 | 0800 c0f2 | 0001 1fd6 

  0x00000001102a9be8: ;   {trampoline_stub}
  0x00000001102a9be8: 4800 0058 | 0001 1fd6 | b8c0 4d17 | 0100 0000 

  0x00000001102a9bf8: ;   {trampoline_stub}
  0x00000001102a9bf8: 4800 0058 | 0001 1fd6 | 80c7 3e17 | 0100 0000 

  0x00000001102a9c08: ;   {trampoline_stub}
  0x00000001102a9c08: 4800 0058 | 0001 1fd6 | 80c7 3e17 | 0100 0000 

  0x00000001102a9c18: ;   {trampoline_stub}
  0x00000001102a9c18: 4800 0058 | 0001 1fd6 | 80c7 3e17 | 0100 0000 

  0x00000001102a9c28: ;   {trampoline_stub}
  0x00000001102a9c28: 4800 0058 | 0001 1fd6 | 80c7 3e17 | 0100 0000 

  0x00000001102a9c38: ;   {static_stub}
  0x00000001102a9c38: df3f 03d5 

  0x00000001102a9c3c: ;   {metadata(nullptr)}
  0x00000001102a9c3c: 0c00 80d2 | 0c00 a0f2 | 0c00 c0f2 | 0800 80d2 | 0800 a0f2 | 0800 c0f2 | 0001 1fd6 

  0x00000001102a9c58: ;   {static_stub}
  0x00000001102a9c58: df3f 03d5 

  0x00000001102a9c5c: ;   {metadata(nullptr)}
  0x00000001102a9c5c: 0c00 80d2 | 0c00 a0f2 | 0c00 c0f2 | 0800 80d2 | 0800 a0f2 | 0800 c0f2 | 0001 1fd6 

  0x00000001102a9c78: ;   {static_stub}
  0x00000001102a9c78: df3f 03d5 

  0x00000001102a9c7c: ;   {metadata(nullptr)}
  0x00000001102a9c7c: 0c00 80d2 | 0c00 a0f2 | 0c00 c0f2 | 0800 80d2 | 0800 a0f2 | 0800 c0f2 | 0001 1fd6 

  0x00000001102a9c98: ;   {static_stub}
  0x00000001102a9c98: df3f 03d5 

  0x00000001102a9c9c: ;   {metadata(nullptr)}
  0x00000001102a9c9c: 0c00 80d2 | 0c00 a0f2 | 0c00 c0f2 | 0800 80d2 | 0800 a0f2 | 0800 c0f2 | 0001 1fd6 

  0x00000001102a9cb8: ;   {static_stub}
  0x00000001102a9cb8: df3f 03d5 

  0x00000001102a9cbc: ;   {metadata(nullptr)}
  0x00000001102a9cbc: 0c00 80d2 | 0c00 a0f2 | 0c00 c0f2 | 0800 80d2 | 0800 a0f2 | 0800 c0f2 | 0001 1fd6 
[Exception Handler]
  0x00000001102a9cd8: ;   {runtime_call handle_exception_from_callee Runtime1 stub}
  0x00000001102a9cd8: 0a27 c695 | c1d5 bbd4 | fe0a 1f07 | 0100 0000 
[Deopt Handler Code]
  0x00000001102a9ce8: 1e00 0010 

  0x00000001102a9cec: ;   {runtime_call DeoptimizationBlob}
  0x00000001102a9cec: d523 c515 
[/MachCode]


Compiled method (c1) 13661 3379   !   3       kotlinx.coroutines.DispatchedTask::run (387 bytes)
 total in heap  [0x00000001103cb410,0x00000001103d0ee8] = 23256
 relocation     [0x00000001103cb560,0x00000001103cbd00] = 1952
 main code      [0x00000001103cbd00,0x00000001103cecf8] = 12280
 stub code      [0x00000001103cecf8,0x00000001103cf300] = 1544
 oops           [0x00000001103cf300,0x00000001103cf330] = 48
 metadata       [0x00000001103cf330,0x00000001103cf500] = 464
 scopes data    [0x00000001103cf500,0x00000001103cfe50] = 2384
 scopes pcs     [0x00000001103cfe50,0x00000001103d05d0] = 1920
 dependencies   [0x00000001103d05d0,0x00000001103d05d8] = 8
 handler table  [0x00000001103d05d8,0x00000001103d0e58] = 2176
 nul chk table  [0x00000001103d0e58,0x00000001103d0ee8] = 144

[Constant Pool (empty)]

[MachCode]
[Entry Point]
  # {method} {0x0000000128504278} 'run' '()V' in 'kotlinx/coroutines/DispatchedTask'
  #           [sp+0x180]  (sp of caller)
  0x00000001103cbd00: 2808 40b9 | 3f01 086b | c001 0054 

  0x00000001103cbd0c: ;   {runtime_call ic_miss_stub}
  0x00000001103cbd0c: 5d80 c015 | 1f20 03d5 | 1f20 03d5 | 1f20 03d5 | 1f20 03d5 | 1f20 03d5 | 1f20 03d5 | 1f20 03d5 
  0x00000001103cbd2c: 1f20 03d5 | 1f20 03d5 | 1f20 03d5 | 1f20 03d5 | 1f20 03d5 
[Verified Entry Point]
  0x00000001103cbd40: 1f20 03d5 | e953 40d1 | 3f01 00f9 | ff03 06d1 | fd7b 17a9 | 2801 0018 | 8923 40b9 | 1f01 09eb 
  0x00000001103cbd60: e000 0054 | 0830 8bd2 | e8e7 a2f2 | 2800 c0f2 | 0001 3fd6 | 0200 0014 | 0500 0000 | e15b 00f9 
  0x00000001103cbd80: ;   {metadata(method data for {method} {0x0000000128504278} 'run' '()V' in 'kotlinx/coroutines/DispatchedTask')}
  0x00000001103cbd80: 00c8 99d2 | 6043 a5f2 | 2000 c0f2 | 02ac 40b9 | 4208 0011 | 02ac 00b9 | 4224 1f12 | 5f00 0071 
  0x00000001103cbda0: a04f 0154 

  0x00000001103cbda4: ;   {metadata(method data for {method} {0x0000000128504278} 'run' '()V' in 'kotlinx/coroutines/DispatchedTask')}
  0x00000001103cbda4: 00c8 99d2 | 6043 a5f2 | 2000 c0f2 | 0878 40f9 | 0805 0091 | 0878 00f9 

  0x00000001103cbdbc: ;   {metadata(method data for {method} {0x00000001284e52d8} 'getASSERTIONS_ENABLED' '()Z' in 'kotlinx/coroutines/DebugKt')}
  0x00000001103cbdbc: 0052 86d2 | 402e a5f2 | 2000 c0f2 | 02ac 40b9 | 4208 0011 | 02ac 00b9 | 424c 1f12 | 5f00 0071 
  0x00000001103cbddc: c04e 0154 

  0x00000001103cbde0: ;   {metadata(method data for {method} {0x0000000128504278} 'run' '()V' in 'kotlinx/coroutines/DispatchedTask')}
  0x00000001103cbde0: 00c8 99d2 | 6043 a5f2 | 2000 c0f2 | 0280 40f9 | 4204 0091 | 0280 00f9 | e003 01aa 

  0x00000001103cbdfc: ;   {metadata(method data for {method} {0x0000000128504278} 'run' '()V' in 'kotlinx/coroutines/DispatchedTask')}
  0x00000001103cbdfc: 02c8 99d2 | 6243 a5f2 | 2200 c0f2 | 0008 40b9 | 0008 5cd2 | 4960 0691 | 2801 40f9 | 1f00 08eb 
  0x00000001103cbe1c: a100 0054 | 48d0 40f9 | 0805 0091 | 48d0 00f9 | 1c00 0014 | 49a0 0691 | 2801 40f9 | 1f00 08eb 
  0x00000001103cbe3c: a100 0054 | 48d8 40f9 | 0805 0091 | 48d8 00f9 | 1400 0014 | 4960 0691 | 2801 40f9 | c800 00b5 
  0x00000001103cbe5c: 2001 00f9 | e803 40b2 | 4980 0691 | 2801 00f9 | 0c00 0014 | 49a0 0691 | 2801 40f9 | c800 00b5 
  0x00000001103cbe7c: 2001 00f9 | e803 40b2 | 49c0 0691 | 2801 00f9 | 0400 0014 | 48c4 40f9 | 0805 0091 | 48c4 00f9 
  0x00000001103cbe9c: e003 01aa | e103 00aa | e9ff 9fd2 | e9ff bff2 | e9ff dff2 

  0x00000001103cbeb0: ; ImmutableOopMap {[176]=Oop }
                      ;*invokevirtual getDelegate$kotlinx_coroutines_core {reexecute=0 rethrow=0 return_oop=0}
                      ; - kotlinx.coroutines.DispatchedTask::run@34 (line 80)
                      ;   {virtual_call}
  0x00000001103cbeb0: 0842 c495 

  0x00000001103cbeb4: ;   {other}
  0x00000001103cbeb4: 1f20 03d5 | 9f54 81f2 | 1f00 80f2 | e05f 00f9 

  0x00000001103cbec4: ;   {metadata(method data for {method} {0x0000000128504278} 'run' '()V' in 'kotlinx/coroutines/DispatchedTask')}
  0x00000001103cbec4: 03c8 99d2 | 6343 a5f2 | 2300 c0f2 | 68e0 40f9 | 0805 0091 | 68e0 00f9 

  0x00000001103cbedc: ;   {metadata(method data for {method} {0x0000000128402b58} 'checkNotNull' '(Ljava/lang/Object;Ljava/lang/String;)V' in 'kotlin/jvm/internal/Intrinsics')}
  0x00000001103cbedc: 03b3 9fd2 | a312 a5f2 | 2300 c0f2 | 64ac 40b9 | 8408 0011 | 64ac 00b9 | 844c 1f12 | 9f00 0071 
  0x00000001103cbefc: c046 0154 | e303 1faa | 1f00 03eb 

  0x00000001103cbf08: ;   {metadata(method data for {method} {0x0000000128402b58} 'checkNotNull' '(Ljava/lang/Object;Ljava/lang/String;)V' in 'kotlin/jvm/internal/Intrinsics')}
  0x00000001103cbf08: 03b3 9fd2 | a312 a5f2 | 2300 c0f2 | e80f 7cb2 | e903 78b2 | 0411 899a | 6a68 64f8 | 4a05 0091 
  0x00000001103cbf28: 6a68 24f8 | e10e 0054 

  0x00000001103cbf30: ;   {metadata(method data for {method} {0x0000000128402b58} 'checkNotNull' '(Ljava/lang/Object;Ljava/lang/String;)V' in 'kotlin/jvm/internal/Intrinsics')}
  0x00000001103cbf30: 03b3 9fd2 | a312 a5f2 | 2300 c0f2 | 6888 40f9 | 0805 0091 | 6888 00f9 

  0x00000001103cbf48: ;   {metadata(method data for {method} {0x0000000128402e28} 'throwJavaNpe' '(Ljava/lang/String;)V' in 'kotlin/jvm/internal/Intrinsics')}
  0x00000001103cbf48: 033c 82d2 | c312 a5f2 | 2300 c0f2 | 64ac 40b9 | 8408 0011 | 64ac 00b9 | 844c 1f12 | 9f00 0071 
  0x00000001103cbf68: 6044 0154 

  0x00000001103cbf6c: ; ImmutableOopMap {[176]=Oop [184]=Oop }
                      ;*new {reexecute=0 rethrow=0 return_oop=0}
                      ; - kotlin.jvm.internal.Intrinsics::throwJavaNpe@0 (line 50)
                      ; - kotlin.jvm.internal.Intrinsics::checkNotNull@5 (line 31)
                      ; - kotlinx.coroutines.DispatchedTask::run@40 (line 80)
                      ;   {runtime_call load_mirror_patching Runtime1 stub}
  0x00000001103cbf6c: 45f1 c395 | 80df 40f9 | 0bc0 0091 | 88e7 40f9 | 7f01 08eb | a844 0154 | 8bdf 00f9 | ea03 40b2 
  0x00000001103cbf8c: 0a00 00f9 | 6a08 5cd2 | 0a7c 0129 | 0a40 0091 | 5f7d 00a9 | 5f7d 01a9 | bf3a 03d5 | e203 00aa 
  0x00000001103cbfac: ;   {metadata(method data for {method} {0x0000000128402e28} 'throwJavaNpe' '(Ljava/lang/String;)V' in 'kotlin/jvm/internal/Intrinsics')}
  0x00000001103cbfac: 013c 82d2 | c112 a5f2 | 2100 c0f2 | 2878 40f9 | 0805 0091 | 2878 00f9 

  0x00000001103cbfc4: ;   {oop("null cannot be cast to non-null type kotlinx.coroutines.internal.DispatchedContinuation<T of kotlinx.coroutines.DispatchedTask>"{0x0000000480990de8})}
  0x00000001103cbfc4: 02bd 81d2 | 2213 b0f2 | 8200 c0f2 | e103 00aa | e063 00f9 

  0x00000001103cbfd8: ; ImmutableOopMap {[176]=Oop [184]=Oop [192]=Oop }
                      ;*invokespecial <init> {reexecute=0 rethrow=0 return_oop=0}
                      ; - kotlin.jvm.internal.Intrinsics::throwJavaNpe@5 (line 50)
                      ; - kotlin.jvm.internal.Intrinsics::checkNotNull@5 (line 31)
                      ; - kotlinx.coroutines.DispatchedTask::run@40 (line 80)
                      ;   {optimized virtual_call}
  0x00000001103cbfd8: 6a80 c095 

  0x00000001103cbfdc: ;   {other}
  0x00000001103cbfdc: 1f20 03d5 | 9f79 81f2 | 1f40 80f2 

  0x00000001103cbfe8: ;   {metadata(method data for {method} {0x0000000128402e28} 'throwJavaNpe' '(Ljava/lang/String;)V' in 'kotlin/jvm/internal/Intrinsics')}
  0x00000001103cbfe8: 013c 82d2 | c112 a5f2 | 2100 c0f2 | 2880 40f9 | 0805 0091 | 2880 00f9 

  0x00000001103cc000: ;   {metadata(method data for {method} {0x0000000128404cd0} 'sanitizeStackTrace' '(Ljava/lang/Throwable;)Ljava/lang/Throwable;' in 'kotlin/jvm/internal/Intrinsics')}
  0x00000001103cc000: 0167 82d2 | 810b a5f2 | 2100 c0f2 | 20ac 40b9 | 0008 0011 | 20ac 00b9 | 004c 1f12 | 1f00 0071 
  0x00000001103cc020: e03f 0154 

  0x00000001103cc024: ;   {oop(a 'java/lang/Class'{0x00000004801b6708} = 'kotlin/jvm/internal/Intrinsics')}
  0x00000001103cc024: 01e1 8cd2 | 6103 b0f2 | 8100 c0f2 | e003 01aa 

  0x00000001103cc034: ;   {metadata(method data for {method} {0x0000000128404cd0} 'sanitizeStackTrace' '(Ljava/lang/Throwable;)Ljava/lang/Throwable;' in 'kotlin/jvm/internal/Intrinsics')}
  0x00000001103cc034: 0267 82d2 | 820b a5f2 | 2200 c0f2 | 4878 40f9 | 0805 0091 | 4878 00f9 

  0x00000001103cc04c: ;   {metadata(method data for {method} {0x00000070004684b0} 'getName' '()Ljava/lang/String;' in 'java/lang/Class')}
  0x00000001103cc04c: 007b 8ad2 | 8000 a5f2 | 2000 c0f2 | 02ac 40b9 | 4208 0011 | 02ac 00b9 | 424c 1f12 | 5f00 0071 
  0x00000001103cc06c: 803e 0154 

  0x00000001103cc070: ; implicit exception: dispatches to 0x00000001103ce85c
  0x00000001103cc070: 212c 40b9 | 21f0 7dd3 | e003 1faa | 3f00 00eb 

  0x00000001103cc080: ;   {metadata(method data for {method} {0x00000070004684b0} 'getName' '()Ljava/lang/String;' in 'java/lang/Class')}
  0x00000001103cc080: 007b 8ad2 | 8000 a5f2 | 2000 c0f2 | e80f 7cb2 | e903 78b2 | 0201 899a | 0368 62f8 | 6304 0091 
  0x00000001103cc0a0: 0368 22f8 | 2001 0054 

  0x00000001103cc0a8: ;   {metadata(method data for {method} {0x00000070004684b0} 'getName' '()Ljava/lang/String;' in 'java/lang/Class')}
  0x00000001103cc0a8: 007b 8ad2 | 8000 a5f2 | 2000 c0f2 | 0288 40f9 | 4204 0091 | 0288 00f9 | e003 01aa | 0f00 0014 
  0x00000001103cc0c8: ;   {oop(a 'java/lang/Class'{0x00000004801b6708} = 'kotlin/jvm/internal/Intrinsics')}
  0x00000001103cc0c8: 01e1 8cd2 | 6103 b0f2 | 8100 c0f2 | e003 01aa 

  0x00000001103cc0d8: ;   {metadata(method data for {method} {0x00000070004684b0} 'getName' '()Ljava/lang/String;' in 'java/lang/Class')}
  0x00000001103cc0d8: 027b 8ad2 | 8200 a5f2 | 2200 c0f2 | 4894 40f9 | 0805 0091 | 4894 00f9 

  0x00000001103cc0f0: ; ImmutableOopMap {[176]=Oop [184]=Oop [192]=Oop }
                      ;*invokevirtual initClassName {reexecute=0 rethrow=0 return_oop=0}
                      ; - java.lang.Class::getName@14 (line 950)
                      ; - kotlin.jvm.internal.Intrinsics::sanitizeStackTrace@3 (line 253)
                      ; - kotlin.jvm.internal.Intrinsics::throwJavaNpe@8 (line 50)
                      ; - kotlin.jvm.internal.Intrinsics::checkNotNull@5 (line 31)
                      ; - kotlinx.coroutines.DispatchedTask::run@40 (line 80)
                      ;   {optimized virtual_call}
  0x00000001103cc0f0: 2480 c095 

  0x00000001103cc0f4: ;   {other}
  0x00000001103cc0f4: 1f20 03d5 | 9f9c 81f2 | 1f60 80f2 | e163 40f9 | 9808 0014 | 0001 00b5 

  0x00000001103cc10c: ;   {metadata(method data for {method} {0x0000000128504278} 'run' '()V' in 'kotlinx/coroutines/DispatchedTask')}
  0x00000001103cc10c: 03c8 99d2 | 6343 a5f2 | 2300 c0f2 | 6824 4739 | 0801 40b2 | 6824 0739 | 3600 0014 

  0x00000001103cc128: ;   {metadata('kotlinx/coroutines/internal/DispatchedContinuation')}
  0x00000001103cc128: 02d4 99d2 | 0221 a0f2 | 020e c0f2 | 0808 40b9 | 0809 5cd2 | 1f01 02eb | e104 0054 

  0x00000001103cc144: ;   {metadata(method data for {method} {0x0000000128504278} 'run' '()V' in 'kotlinx/coroutines/DispatchedTask')}
  0x00000001103cc144: 03c8 99d2 | 6343 a5f2 | 2300 c0f2 | 0208 40b9 | 4208 5cd2 | 6980 0791 | 2801 40f9 | 5f00 08eb 
  0x00000001103cc164: a100 0054 | 68f4 40f9 | 0805 0091 | 68f4 00f9 | 2200 0014 | 69c0 0791 | 2801 40f9 | 5f00 08eb 
  0x00000001103cc184: a100 0054 | 68fc 40f9 | 0805 0091 | 68fc 00f9 | 1a00 0014 | 6980 0791 | 2801 40f9 | c800 00b5 
  0x00000001103cc1a4: 2201 00f9 | e803 40b2 | 69a0 0791 | 2801 00f9 | 1200 0014 | 69c0 0791 | 2801 40f9 | c800 00b5 
  0x00000001103cc1c4: 2201 00f9 | e803 40b2 | 69e0 0791 | 2801 00f9 | 0a00 0014 | 0900 0014 

  0x00000001103cc1dc: ;   {metadata(method data for {method} {0x0000000128504278} 'run' '()V' in 'kotlinx/coroutines/DispatchedTask')}
  0x00000001103cc1dc: 03c8 99d2 | 6343 a5f2 | 2300 c0f2 | 68e8 40f9 | 0805 00d1 | 68e8 00f9 | 9b09 0014 | 0100 0014 
  0x00000001103cc1fc: e103 00aa 

  0x00000001103cc200: ; implicit exception: dispatches to 0x00000001103ce868
  0x00000001103cc200: 2020 40b9 | 00f0 7dd3 | 2228 40b9 | 42f0 7dd3 

  0x00000001103cc210: ; implicit exception: dispatches to 0x00000001103ce86c
  0x00000001103cc210: 1f00 40f9 | e103 00aa 

  0x00000001103cc218: ;   {metadata(method data for {method} {0x0000000128504278} 'run' '()V' in 'kotlinx/coroutines/DispatchedTask')}
  0x00000001103cc218: 03c8 99d2 | 6343 a5f2 | 2300 c0f2 | 2108 40b9 | 2108 5cd2 | 6960 0891 | 2801 40f9 | 3f00 08eb 
  0x00000001103cc238: a100 0054 | 6810 41f9 | 0805 0091 | 6810 01f9 | 1c00 0014 | 69a0 0891 | 2801 40f9 | 3f00 08eb 
  0x00000001103cc258: a100 0054 | 6818 41f9 | 0805 0091 | 6818 01f9 | 1400 0014 | 6960 0891 | 2801 40f9 | c800 00b5 
  0x00000001103cc278: 2101 00f9 | e803 40b2 | 6980 0891 | 2801 00f9 | 0c00 0014 | 69a0 0891 | 2801 40f9 | c800 00b5 
  0x00000001103cc298: 2101 00f9 | e803 40b2 | 69c0 0891 | 2801 00f9 | 0400 0014 | 6804 41f9 | 0805 0091 | 6804 01f9 
  0x00000001103cc2b8: e103 00aa | e283 0ca9 | 09cc 9fd2 | c9af b1f2 | 2901 c0f2 

  0x00000001103cc2cc: ; ImmutableOopMap {[176]=Oop [200]=Oop [208]=Oop }
                      ;*invokeinterface getContext {reexecute=0 rethrow=0 return_oop=0}
                      ; - kotlinx.coroutines.DispatchedTask::run@61 (line 222)
                      ;   {virtual_call}
  0x00000001103cc2cc: 7740 c495 

  0x00000001103cc2d0: ;   {other}
  0x00000001103cc2d0: 1f20 03d5 | 1fd8 81f2 | 1f80 80f2 

  0x00000001103cc2dc: ;   {metadata(method data for {method} {0x0000000128504278} 'run' '()V' in 'kotlinx/coroutines/DispatchedTask')}
  0x00000001103cc2dc: 01c8 99d2 | 6143 a5f2 | 2100 c0f2 | 2820 41f9 | 0805 0091 | 2820 01f9 | e103 00aa | e267 40f9 
  0x00000001103cc2fc: e06f 00f9 

  0x00000001103cc300: ; ImmutableOopMap {[176]=Oop [208]=Oop [216]=Oop }
                      ;*invokestatic updateThreadContext {reexecute=0 rethrow=0 return_oop=0}
                      ; - kotlinx.coroutines.DispatchedTask::run@71 (line 223)
                      ;   {static_call}
  0x00000001103cc300: 703e fc97 

  0x00000001103cc304: ;   {other}
  0x00000001103cc304: 1f20 03d5 | 9fde 81f2 | 1fa0 80f2 

  0x00000001103cc310: ;   {oop(a 'kotlinx/coroutines/internal/Symbol'{0x0000000480356b20})}
  0x00000001103cc310: 0164 8dd2 | a106 b0f2 | 8100 c0f2 | 1f00 01eb 

  0x00000001103cc320: ;   {metadata(method data for {method} {0x0000000128504278} 'run' '()V' in 'kotlinx/coroutines/DispatchedTask')}
  0x00000001103cc320: 01c8 99d2 | 6143 a5f2 | 2100 c0f2 | 084a 80d2 | 094c 80d2 | 0201 899a | 2368 62f8 | 6304 0091 
  0x00000001103cc340: 2368 22f8 | a002 0054 

  0x00000001103cc348: ;   {metadata(method data for {method} {0x0000000128504278} 'run' '()V' in 'kotlinx/coroutines/DispatchedTask')}
  0x00000001103cc348: 01c8 99d2 | 6143 a5f2 | 2100 c0f2 | 2838 41f9 | 0805 0091 | 2838 01f9 | e10b 4da9 | e303 00aa 
  0x00000001103cc368: e073 00f9 

  0x00000001103cc36c: ; ImmutableOopMap {[176]=Oop [208]=Oop [216]=Oop [224]=Oop }
                      ;*invokestatic updateUndispatchedCompletion {reexecute=0 rethrow=0 return_oop=0}
                      ; - kotlinx.coroutines.DispatchedTask::run@89 (line 226)
                      ;   {static_call}
  0x00000001103cc36c: 0581 c095 

  0x00000001103cc370: ;   {other}
  0x00000001103cc370: 1f20 03d5 | 1fec 81f2 | 1fc0 80f2 

  0x00000001103cc37c: ;   {metadata(method data for {method} {0x0000000128504278} 'run' '()V' in 'kotlinx/coroutines/DispatchedTask')}
  0x00000001103cc37c: 01c8 99d2 | 6143 a5f2 | 2100 c0f2 | 2240 41f9 | 4204 0091 | 2240 01f9 | 0300 0014 | e073 00f9 
  0x00000001103cc39c: e003 1faa | e077 00f9 | e16b 40f9 

  0x00000001103cc3a8: ;   {metadata(method data for {method} {0x0000000128504278} 'run' '()V' in 'kotlinx/coroutines/DispatchedTask')}
  0x00000001103cc3a8: 02c8 99d2 | 6243 a5f2 | 2200 c0f2 | 2108 40b9 | 2108 5cd2 | 49a0 0a91 | 2801 40f9 | 3f00 08eb 
  0x00000001103cc3c8: a100 0054 | 4858 41f9 | 0805 0091 | 4858 01f9 | 1c00 0014 | 49e0 0a91 | 2801 40f9 | 3f00 08eb 
  0x00000001103cc3e8: a100 0054 | 4860 41f9 | 0805 0091 | 4860 01f9 | 1400 0014 | 49a0 0a91 | 2801 40f9 | c800 00b5 
  0x00000001103cc408: 2101 00f9 | e803 40b2 | 49c0 0a91 | 2801 00f9 | 0c00 0014 | 49e0 0a91 | 2801 40f9 | c800 00b5 
  0x00000001103cc428: 2101 00f9 | e803 40b2 | 4900 0b91 | 2801 00f9 | 0400 0014 | 484c 41f9 | 0805 0091 | 484c 01f9 
  0x00000001103cc448: e16b 40f9 | 09d0 9fd2 | c9af b1f2 | 2901 c0f2 

  0x00000001103cc458: ; ImmutableOopMap {[176]=Oop [208]=Oop [216]=Oop [224]=Oop [232]=Oop }
                      ;*invokeinterface getContext {reexecute=0 rethrow=0 return_oop=0}
                      ; - kotlinx.coroutines.DispatchedTask::run@103 (line 83)
                      ;   {virtual_call}
  0x00000001103cc458: 1440 c495 

  0x00000001103cc45c: ;   {other}
  0x00000001103cc45c: 1f20 03d5 | 9f09 82f2 | 1fe0 80f2 | e15b 40f9 

  0x00000001103cc46c: ;   {metadata(method data for {method} {0x0000000128504278} 'run' '()V' in 'kotlinx/coroutines/DispatchedTask')}
  0x00000001103cc46c: 02c8 99d2 | 6243 a5f2 | 2200 c0f2 | 2108 40b9 | 2108 5cd2 | 4980 0b91 | 2801 40f9 | 3f00 08eb 
  0x00000001103cc48c: a100 0054 | 4874 41f9 | 0805 0091 | 4874 01f9 | 1c00 0014 | 49c0 0b91 | 2801 40f9 | 3f00 08eb 
  0x00000001103cc4ac: a100 0054 | 487c 41f9 | 0805 0091 | 487c 01f9 | 1400 0014 | 4980 0b91 | 2801 40f9 | c800 00b5 
  0x00000001103cc4cc: 2101 00f9 | e803 40b2 | 49a0 0b91 | 2801 00f9 | 0c00 0014 | 49c0 0b91 | 2801 40f9 | c800 00b5 
  0x00000001103cc4ec: 2101 00f9 | e803 40b2 | 49e0 0b91 | 2801 00f9 | 0400 0014 | 4868 41f9 | 0805 0091 | 4868 01f9 
  0x00000001103cc50c: e15b 40f9 | e07b 00f9 | e9ff 9fd2 | e9ff bff2 | e9ff dff2 

  0x00000001103cc520: ; ImmutableOopMap {[176]=Oop [208]=Oop [216]=Oop [224]=Oop [232]=Oop [240]=Oop }
                      ;*invokevirtual takeState$kotlinx_coroutines_core {reexecute=0 rethrow=0 return_oop=0}
                      ; - kotlinx.coroutines.DispatchedTask::run@111 (line 84)
                      ;   {virtual_call}
  0x00000001103cc520: 7a3f c495 

  0x00000001103cc524: ;   {other}
  0x00000001103cc524: 1f20 03d5 | 9f22 82f2 | 1f00 81f2 | e07f 00f9 | e15b 40f9 

  0x00000001103cc538: ;   {metadata(method data for {method} {0x0000000128504278} 'run' '()V' in 'kotlinx/coroutines/DispatchedTask')}
  0x00000001103cc538: 02c8 99d2 | 6243 a5f2 | 2200 c0f2 | 2108 40b9 | 2108 5cd2 | 4960 0c91 | 2801 40f9 | 3f00 08eb 
  0x00000001103cc558: a100 0054 | 4890 41f9 | 0805 0091 | 4890 01f9 | 1c00 0014 | 49a0 0c91 | 2801 40f9 | 3f00 08eb 
  0x00000001103cc578: a100 0054 | 4898 41f9 | 0805 0091 | 4898 01f9 | 1400 0014 | 4960 0c91 | 2801 40f9 | c800 00b5 
  0x00000001103cc598: 2101 00f9 | e803 40b2 | 4980 0c91 | 2801 00f9 | 0c00 0014 | 49a0 0c91 | 2801 40f9 | c800 00b5 
  0x00000001103cc5b8: 2101 00f9 | e803 40b2 | 49c0 0c91 | 2801 00f9 | 0400 0014 | 4884 41f9 | 0805 0091 | 4884 01f9 
  0x00000001103cc5d8: e203 00aa | e15b 40f9 | e9ff 9fd2 | e9ff bff2 | e9ff dff2 

  0x00000001103cc5ec: ; ImmutableOopMap {[176]=Oop [208]=Oop [216]=Oop [224]=Oop [232]=Oop [240]=Oop [248]=Oop }
                      ;*invokevirtual getExceptionalResult$kotlinx_coroutines_core {reexecute=0 rethrow=0 return_oop=0}
                      ; - kotlinx.coroutines.DispatchedTask::run@119 (line 85)
                      ;   {virtual_call}
  0x00000001103cc5ec: fd3d c495 

  0x00000001103cc5f0: ;   {other}
  0x00000001103cc5f0: 1f20 03d5 | 1f3c 82f2 | 1f20 81f2 | e083 00f9 | e203 1faa | 1f00 02eb 

  0x00000001103cc608: ;   {metadata(method data for {method} {0x0000000128504278} 'run' '()V' in 'kotlinx/coroutines/DispatchedTask')}
  0x00000001103cc608: 02c8 99d2 | 6243 a5f2 | 2200 c0f2 | 0868 80d2 | 096a 80d2 | 0111 899a | 4368 61f8 | 6304 0091 
  0x00000001103cc628: 4368 21f8 | e15b 40f9 | 8107 0054 | 2218 40b9 

  0x00000001103cc638: ;   {metadata(method data for {method} {0x0000000128504278} 'run' '()V' in 'kotlinx/coroutines/DispatchedTask')}
  0x00000001103cc638: 03c8 99d2 | 6343 a5f2 | 2300 c0f2 | 68b0 41f9 | 0805 0091 | 68b0 01f9 

  0x00000001103cc650: ;   {metadata(method data for {method} {0x000000012851de00} 'isCancellableMode' '(I)Z' in 'kotlinx/coroutines/DispatchedTaskKt')}
  0x00000001103cc650: 03cb 9ad2 | 433e a5f2 | 2300 c0f2 | 64ac 40b9 | 8408 0011 | 64ac 00b9 | 844c 1f12 | 9f00 0071 
  0x00000001103cc670: 0010 0154 | 5f04 0071 

  0x00000001103cc678: ;   {metadata(method data for {method} {0x000000012851de00} 'isCancellableMode' '(I)Z' in 'kotlinx/coroutines/DispatchedTaskKt')}
  0x00000001103cc678: 03cb 9ad2 | 433e a5f2 | 2300 c0f2 | e80f 7cb2 | e903 78b2 | 0401 899a | 6568 64f8 | a504 0091 
  0x00000001103cc698: 6568 24f8 | 8001 0054 | 5f08 0071 

  0x00000001103cc6a4: ;   {metadata(method data for {method} {0x000000012851de00} 'isCancellableMode' '(I)Z' in 'kotlinx/coroutines/DispatchedTaskKt')}
  0x00000001103cc6a4: 02cb 9ad2 | 423e a5f2 | 2200 c0f2 | 0822 80d2 | 0924 80d2 | 0311 899a | 4468 63f8 | 8404 0091 
  0x00000001103cc6c4: 4468 23f8 | 2101 0054 

  0x00000001103cc6cc: ;   {metadata(method data for {method} {0x000000012851de00} 'isCancellableMode' '(I)Z' in 'kotlinx/coroutines/DispatchedTaskKt')}
  0x00000001103cc6cc: 02cb 9ad2 | 423e a5f2 | 2200 c0f2 | 4398 40f9 | 6304 0091 | 4398 00f9 | e203 0032 | 0200 0014 
  0x00000001103cc6ec: 0200 a052 | 4200 0012 | 5f00 0071 

  0x00000001103cc6f8: ;   {metadata(method data for {method} {0x0000000128504278} 'run' '()V' in 'kotlinx/coroutines/DispatchedTask')}
  0x00000001103cc6f8: 02c8 99d2 | 6243 a5f2 | 2200 c0f2 | e80b 79b2 | 096e 80d2 | 0311 899a | 4468 63f8 | 8404 0091 
  0x00000001103cc718: 4468 23f8 | 6100 0054 | e203 1faa | 8300 0014 | e07b 40f9 

  0x00000001103cc72c: ; implicit exception: dispatches to 0x00000001103ce890
  0x00000001103cc72c: 1f00 40f9 | e203 00aa 

  0x00000001103cc734: ;   {metadata(method data for {method} {0x0000000128504278} 'run' '()V' in 'kotlinx/coroutines/DispatchedTask')}
  0x00000001103cc734: 04c8 99d2 | 6443 a5f2 | 2400 c0f2 | 4208 40b9 | 4208 5cd2 | 8960 0f91 | 2801 40f9 | 5f00 08eb 
  0x00000001103cc754: a100 0054 | 88f0 41f9 | 0805 0091 | 88f0 01f9 | 1c00 0014 | 89a0 0f91 | 2801 40f9 | 5f00 08eb 
  0x00000001103cc774: a100 0054 | 88f8 41f9 | 0805 0091 | 88f8 01f9 | 1400 0014 | 8960 0f91 | 2801 40f9 | c800 00b5 
  0x00000001103cc794: 2201 00f9 | e803 40b2 | 8980 0f91 | 2801 00f9 | 0c00 0014 | 89a0 0f91 | 2801 40f9 | c800 00b5 
  0x00000001103cc7b4: 2201 00f9 | e803 40b2 | 89c0 0f91 | 2801 00f9 | 0400 0014 | 88e4 41f9 | 0805 0091 | 88e4 01f9 
  0x00000001103cc7d4: ;   {oop(a 'kotlinx/coroutines/Job$Key'{0x0000000480350530})}
  0x00000001103cc7d4: 02a6 80d2 | a206 b0f2 | 8200 c0f2 | e103 00aa | 0998 92d2 | 09b4 b1f2 | 2901 c0f2 

  0x00000001103cc7f0: ; ImmutableOopMap {[176]=Oop [208]=Oop [216]=Oop [224]=Oop [232]=Oop [248]=Oop [256]=Oop }
                      ;*invokeinterface get {reexecute=0 rethrow=0 return_oop=0}
                      ; - kotlinx.coroutines.DispatchedTask::run@147 (line 91)
                      ;   {virtual_call}
  0x00000001103cc7f0: fc3d c495 

  0x00000001103cc7f4: ;   {other}
  0x00000001103cc7f4: 1f20 03d5 | 9f7c 82f2 | 1f40 81f2 | 0001 00b5 

  0x00000001103cc804: ;   {metadata(method data for {method} {0x0000000128504278} 'run' '()V' in 'kotlinx/coroutines/DispatchedTask')}
  0x00000001103cc804: 03c8 99d2 | 6343 a5f2 | 2300 c0f2 | 68e4 4f39 | 0801 40b2 | 68e4 0f39 | 3d00 0014 

  0x00000001103cc820: ;   {metadata('kotlinx/coroutines/Job')}
  0x00000001103cc820: 027c 8ad2 | 0221 a0f2 | 020e c0f2 | 0308 40b9 | 6308 5cd2 | 6810 40f9 | 5f00 08eb | e000 0054 
  0x00000001103cc840: 7f00 02eb | a000 0054 | e30b bfa9 

  0x00000001103cc84c: ;   {runtime_call slow_subtype_check Runtime1 stub}
  0x00000001103cc84c: 0de9 c395 | e307 41f8 | e304 0034 

  0x00000001103cc858: ;   {metadata(method data for {method} {0x0000000128504278} 'run' '()V' in 'kotlinx/coroutines/DispatchedTask')}
  0x00000001103cc858: 03c8 99d2 | 6343 a5f2 | 2300 c0f2 | 0208 40b9 | 4208 5cd2 | 6940 1091 | 2801 40f9 | 5f00 08eb 
  0x00000001103cc878: a100 0054 | 680c 42f9 | 0805 0091 | 680c 02f9 | 2200 0014 | 6980 1091 | 2801 40f9 | 5f00 08eb 
  0x00000001103cc898: a100 0054 | 6814 42f9 | 0805 0091 | 6814 02f9 | 1a00 0014 | 6940 1091 | 2801 40f9 | c800 00b5 
  0x00000001103cc8b8: 2201 00f9 | e803 40b2 | 6960 1091 | 2801 00f9 | 1200 0014 | 6980 1091 | 2801 40f9 | c800 00b5 
  0x00000001103cc8d8: 2201 00f9 | e803 40b2 | 69a0 1091 | 2801 00f9 | 0a00 0014 | 0900 0014 

  0x00000001103cc8f0: ;   {metadata(method data for {method} {0x0000000128504278} 'run' '()V' in 'kotlinx/coroutines/DispatchedTask')}
  0x00000001103cc8f0: 03c8 99d2 | 6343 a5f2 | 2300 c0f2 | 6800 42f9 | 0805 00d1 | 6800 02f9 | e307 0014 | 0100 0014 
  0x00000001103cc910: e103 00aa 

  0x00000001103cc914: ;   {metadata(method data for {method} {0x0000000128504278} 'run' '()V' in 'kotlinx/coroutines/DispatchedTask')}
  0x00000001103cc914: 00c8 99d2 | 6043 a5f2 | 2000 c0f2 | 021c 42f9 | 4204 0091 | 021c 02f9 | e203 01aa | e103 1faa 
  0x00000001103cc934: 5f00 01eb 

  0x00000001103cc938: ;   {metadata(method data for {method} {0x0000000128504278} 'run' '()V' in 'kotlinx/coroutines/DispatchedTask')}
  0x00000001103cc938: 01c8 99d2 | 6143 a5f2 | 2100 c0f2 | 088a 80d2 | 098c 80d2 | 0001 899a | 2368 60f8 | 6304 0091 
  0x00000001103cc958: 2368 20f8 | e007 0054 

  0x00000001103cc960: ; implicit exception: dispatches to 0x00000001103ce89c
  0x00000001103cc960: 5f00 40f9 | e103 02aa 

  0x00000001103cc968: ;   {metadata(method data for {method} {0x0000000128504278} 'run' '()V' in 'kotlinx/coroutines/DispatchedTask')}
  0x00000001103cc968: 00c8 99d2 | 6043 a5f2 | 2000 c0f2 | 2108 40b9 | 2108 5cd2 | 0900 1291 | 2801 40f9 | 3f00 08eb 
  0x00000001103cc988: a100 0054 | 0844 42f9 | 0805 0091 | 0844 02f9 | 1c00 0014 | 0940 1291 | 2801 40f9 | 3f00 08eb 
  0x00000001103cc9a8: a100 0054 | 084c 42f9 | 0805 0091 | 084c 02f9 | 1400 0014 | 0900 1291 | 2801 40f9 | c800 00b5 
  0x00000001103cc9c8: 2101 00f9 | e803 40b2 | 0920 1291 | 2801 00f9 | 0c00 0014 | 0940 1291 | 2801 40f9 | c800 00b5 
  0x00000001103cc9e8: 2101 00f9 | e803 40b2 | 0960 1291 | 2801 00f9 | 0400 0014 | 0838 42f9 | 0805 0091 | 0838 02f9 
  0x00000001103cca08: e103 02aa | e287 00f9 | 09d4 9fd2 | c9af b1f2 | 2901 c0f2 

  0x00000001103cca1c: ; ImmutableOopMap {[176]=Oop [208]=Oop [216]=Oop [224]=Oop [232]=Oop [248]=Oop [256]=Oop [264]=Oop }
                      ;*invokeinterface isActive {reexecute=0 rethrow=0 return_oop=0}
                      ; - kotlinx.coroutines.DispatchedTask::run@168 (line 92)
                      ;   {virtual_call}
  0x00000001103cca1c: 1d14 c995 

  0x00000001103cca20: ;   {other}
  0x00000001103cca20: 1f20 03d5 | 1fc2 82f2 | 1f60 81f2 | 1f00 0071 

  0x00000001103cca30: ;   {metadata(method data for {method} {0x0000000128504278} 'run' '()V' in 'kotlinx/coroutines/DispatchedTask')}
  0x00000001103cca30: 03c8 99d2 | 6343 a5f2 | 2300 c0f2 | 0897 80d2 | 0995 80d2 | 0001 899a | 6468 60f8 | 8404 0091 
  0x00000001103cca50: 6468 20f8 | 8049 0054 | e083 40f9 | e303 1faa | 1f00 03eb 

  0x00000001103cca64: ;   {metadata(method data for {method} {0x0000000128504278} 'run' '()V' in 'kotlinx/coroutines/DispatchedTask')}
  0x00000001103cca64: 03c8 99d2 | 6343 a5f2 | 2300 c0f2 | 08e7 80d2 | 09e9 80d2 | 0401 899a | 6a68 64f8 | 4a05 0091 
  0x00000001103cca84: 6a68 24f8 | 6039 0054 

  0x00000001103cca8c: ;   {metadata(method data for {method} {0x0000000128504278} 'run' '()V' in 'kotlinx/coroutines/DispatchedTask')}
  0x00000001103cca8c: 03c8 99d2 | 6343 a5f2 | 2300 c0f2 | 68ac 43f9 | 0805 0091 | 68ac 03f9 

  0x00000001103ccaa4: ;   {metadata(method data for {method} {0x0000000128529e98} 'createFailure' '(Ljava/lang/Throwable;)Ljava/lang/Object;' in 'kotlin/ResultKt')}
  0x00000001103ccaa4: 03f8 95d2 | 433e a5f2 | 2300 c0f2 | 64ac 40b9 | 8408 0011 | 64ac 00b9 | 844c 1f12 | 9f00 0071 
  0x00000001103ccac4: e0ee 0054 

  0x00000001103ccac8: ;   {metadata(method data for {method} {0x0000000128529e98} 'createFailure' '(Ljava/lang/Throwable;)Ljava/lang/Object;' in 'kotlin/ResultKt')}
  0x00000001103ccac8: 03f8 95d2 | 433e a5f2 | 2300 c0f2 | 6878 40f9 | 0805 0091 | 6878 00f9 

  0x00000001103ccae0: ;   {metadata(method data for {method} {0x0000000128403ad0} 'checkNotNullParameter' '(Ljava/lang/Object;Ljava/lang/String;)V' in 'kotlin/jvm/internal/Intrinsics')}
  0x00000001103ccae0: 0366 81d2 | 830b a5f2 | 2300 c0f2 | 64ac 40b9 | 8408 0011 | 64ac 00b9 | 844c 1f12 | 9f00 0071 
  0x00000001103ccb00: 00ee 0054 | e303 1faa | 1f00 03eb 

  0x00000001103ccb0c: ;   {metadata(method data for {method} {0x0000000128403ad0} 'checkNotNullParameter' '(Ljava/lang/Object;Ljava/lang/String;)V' in 'kotlin/jvm/internal/Intrinsics')}
  0x00000001103ccb0c: 0366 81d2 | 830b a5f2 | 2300 c0f2 | e80f 7cb2 | e903 78b2 | 0411 899a | 6a68 64f8 | 4a05 0091 
  0x00000001103ccb2c: 6a68 24f8 | 4110 0054 

  0x00000001103ccb34: ;   {metadata(method data for {method} {0x0000000128403ad0} 'checkNotNullParameter' '(Ljava/lang/Object;Ljava/lang/String;)V' in 'kotlin/jvm/internal/Intrinsics')}
  0x00000001103ccb34: 0366 81d2 | 830b a5f2 | 2300 c0f2 | 6888 40f9 | 0805 0091 | 6888 00f9 

  0x00000001103ccb4c: ;   {metadata(method data for {method} {0x0000000128403c50} 'throwParameterIsNullNPE' '(Ljava/lang/String;)V' in 'kotlin/jvm/internal/Intrinsics')}
  0x00000001103ccb4c: 0393 81d2 | 830b a5f2 | 2300 c0f2 | 64ac 40b9 | 8408 0011 | 64ac 00b9 | 844c 1f12 | 9f00 0071 
  0x00000001103ccb6c: a0eb 0054 

  0x00000001103ccb70: ; ImmutableOopMap {[176]=Oop [208]=Oop [216]=Oop [224]=Oop [232]=Oop [256]=Oop }
                      ;*new {reexecute=0 rethrow=0 return_oop=0}
                      ; - kotlin.jvm.internal.Intrinsics::throwParameterIsNullNPE@0 (line 140)
                      ; - kotlin.jvm.internal.Intrinsics::checkNotNullParameter@5 (line 131)
                      ; - kotlin.ResultKt::createFailure@3
                      ; - kotlinx.coroutines.DispatchedTask::run@273 (line 98)
                      ;   {runtime_call load_mirror_patching Runtime1 stub}
  0x00000001103ccb70: 44ee c395 | 80df 40f9 | 0bc0 0091 | 88e7 40f9 | 7f01 08eb | e8eb 0054 | 8bdf 00f9 | ea03 40b2 
  0x00000001103ccb90: 0a00 00f9 | 6a08 5cd2 | 0a7c 0129 | 0a40 0091 | 5f7d 00a9 | 5f7d 01a9 | bf3a 03d5 

  0x00000001103ccbac: ;   {metadata(method data for {method} {0x0000000128403c50} 'throwParameterIsNullNPE' '(Ljava/lang/String;)V' in 'kotlin/jvm/internal/Intrinsics')}
  0x00000001103ccbac: 0193 81d2 | 810b a5f2 | 2100 c0f2 | 2878 40f9 | 0805 0091 | 2878 00f9 

  0x00000001103ccbc4: ;   {oop("exception"{0x0000000480a445a0})}
  0x00000001103ccbc4: 01b4 88d2 | 8114 b0f2 | 8100 c0f2 | e08b 00f9 

  0x00000001103ccbd4: ; ImmutableOopMap {[176]=Oop [208]=Oop [216]=Oop [224]=Oop [232]=Oop [256]=Oop [272]=Oop }
                      ;*invokestatic createParameterIsNullExceptionMessage {reexecute=0 rethrow=0 return_oop=0}
                      ; - kotlin.jvm.internal.Intrinsics::throwParameterIsNullNPE@5 (line 140)
                      ; - kotlin.jvm.internal.Intrinsics::checkNotNullParameter@5 (line 131)
                      ; - kotlin.ResultKt::createFailure@3
                      ; - kotlinx.coroutines.DispatchedTask::run@273 (line 98)
                      ;   {static_call}
  0x00000001103ccbd4: eb7e c095 

  0x00000001103ccbd8: ;   {other}
  0x00000001103ccbd8: 1f20 03d5 | 1ff9 82f2 | 1fa0 81f2 | e28b 40f9 

  0x00000001103ccbe8: ;   {metadata(method data for {method} {0x0000000128403c50} 'throwParameterIsNullNPE' '(Ljava/lang/String;)V' in 'kotlin/jvm/internal/Intrinsics')}
  0x00000001103ccbe8: 0193 81d2 | 810b a5f2 | 2100 c0f2 | 2880 40f9 | 0805 0091 | 2880 00f9 | e203 00aa | e18b 40f9 
  0x00000001103ccc08: ; ImmutableOopMap {[176]=Oop [208]=Oop [216]=Oop [224]=Oop [232]=Oop [256]=Oop [272]=Oop }
                      ;*invokespecial <init> {reexecute=0 rethrow=0 return_oop=0}
                      ; - kotlin.jvm.internal.Intrinsics::throwParameterIsNullNPE@8 (line 140)
                      ; - kotlin.jvm.internal.Intrinsics::checkNotNullParameter@5 (line 131)
                      ; - kotlin.ResultKt::createFailure@3
                      ; - kotlinx.coroutines.DispatchedTask::run@273 (line 98)
                      ;   {optimized virtual_call}
  0x00000001103ccc08: 5e7d c095 

  0x00000001103ccc0c: ;   {other}
  0x00000001103ccc0c: 1f20 03d5 | 9fff 82f2 | 1fc0 81f2 

  0x00000001103ccc18: ;   {metadata(method data for {method} {0x0000000128403c50} 'throwParameterIsNullNPE' '(Ljava/lang/String;)V' in 'kotlin/jvm/internal/Intrinsics')}
  0x00000001103ccc18: 0193 81d2 | 810b a5f2 | 2100 c0f2 | 2888 40f9 | 0805 0091 | 2888 00f9 

  0x00000001103ccc30: ;   {metadata(method data for {method} {0x0000000128404cd0} 'sanitizeStackTrace' '(Ljava/lang/Throwable;)Ljava/lang/Throwable;' in 'kotlin/jvm/internal/Intrinsics')}
  0x00000001103ccc30: 0167 82d2 | 810b a5f2 | 2100 c0f2 | 20ac 40b9 | 0008 0011 | 20ac 00b9 | 004c 1f12 | 1f00 0071 
  0x00000001103ccc50: c0e5 0054 

  0x00000001103ccc54: ;   {oop(a 'java/lang/Class'{0x00000004801b6708} = 'kotlin/jvm/internal/Intrinsics')}
  0x00000001103ccc54: 01e1 8cd2 | 6103 b0f2 | 8100 c0f2 | e003 01aa 

  0x00000001103ccc64: ;   {metadata(method data for {method} {0x0000000128404cd0} 'sanitizeStackTrace' '(Ljava/lang/Throwable;)Ljava/lang/Throwable;' in 'kotlin/jvm/internal/Intrinsics')}
  0x00000001103ccc64: 0267 82d2 | 820b a5f2 | 2200 c0f2 | 4878 40f9 | 0805 0091 | 4878 00f9 

  0x00000001103ccc7c: ;   {metadata(method data for {method} {0x00000070004684b0} 'getName' '()Ljava/lang/String;' in 'java/lang/Class')}
  0x00000001103ccc7c: 007b 8ad2 | 8000 a5f2 | 2000 c0f2 | 02ac 40b9 | 4208 0011 | 02ac 00b9 | 424c 1f12 | 5f00 0071 
  0x00000001103ccc9c: 60e4 0054 

  0x00000001103ccca0: ; implicit exception: dispatches to 0x00000001103ce948
  0x00000001103ccca0: 212c 40b9 | 21f0 7dd3 | e003 1faa | 3f00 00eb 

  0x00000001103cccb0: ;   {metadata(method data for {method} {0x00000070004684b0} 'getName' '()Ljava/lang/String;' in 'java/lang/Class')}
  0x00000001103cccb0: 007b 8ad2 | 8000 a5f2 | 2000 c0f2 | e80f 7cb2 | e903 78b2 | 0201 899a | 0368 62f8 | 6304 0091 
  0x00000001103cccd0: 0368 22f8 | 2001 0054 

  0x00000001103cccd8: ;   {metadata(method data for {method} {0x00000070004684b0} 'getName' '()Ljava/lang/String;' in 'java/lang/Class')}
  0x00000001103cccd8: 007b 8ad2 | 8000 a5f2 | 2000 c0f2 | 0288 40f9 | 4204 0091 | 0288 00f9 | e003 01aa | 0f00 0014 
  0x00000001103cccf8: ;   {oop(a 'java/lang/Class'{0x00000004801b6708} = 'kotlin/jvm/internal/Intrinsics')}
  0x00000001103cccf8: 01e1 8cd2 | 6103 b0f2 | 8100 c0f2 | e003 01aa 

  0x00000001103ccd08: ;   {metadata(method data for {method} {0x00000070004684b0} 'getName' '()Ljava/lang/String;' in 'java/lang/Class')}
  0x00000001103ccd08: 027b 8ad2 | 8200 a5f2 | 2200 c0f2 | 4894 40f9 | 0805 0091 | 4894 00f9 

  0x00000001103ccd20: ; ImmutableOopMap {[176]=Oop [208]=Oop [216]=Oop [224]=Oop [232]=Oop [256]=Oop [272]=Oop }
                      ;*invokevirtual initClassName {reexecute=0 rethrow=0 return_oop=0}
                      ; - java.lang.Class::getName@14 (line 950)
                      ; - kotlin.jvm.internal.Intrinsics::sanitizeStackTrace@3 (line 253)
                      ; - kotlin.jvm.internal.Intrinsics::throwParameterIsNullNPE@11 (line 140)
                      ; - kotlin.jvm.internal.Intrinsics::checkNotNullParameter@5 (line 131)
                      ; - kotlin.ResultKt::createFailure@3
                      ; - kotlinx.coroutines.DispatchedTask::run@273 (line 98)
                      ;   {optimized virtual_call}
  0x00000001103ccd20: 187d c095 

  0x00000001103ccd24: ;   {other}
  0x00000001103ccd24: 1f20 03d5 | 9f22 83f2 | 1fe0 81f2 | e18b 40f9 | 0505 0014 

  0x00000001103ccd38: ;   {metadata('kotlin/Result$Failure')}
  0x00000001103ccd38: 03c7 9cd2 | 0321 a0f2 | 030e c0f2 | e203 00aa | 80df 40f9 | 0b40 0091 | 88e7 40f9 | 7f01 08eb 
  0x00000001103ccd58: a8df 0054 | 8bdf 00f9 | ea03 40b2 | 0a00 00f9 | 6a08 5cd2 | 0a7c 0129 | bf3a 03d5 | e093 00f9 
  0x00000001103ccd78: e303 00aa 

  0x00000001103ccd7c: ;   {metadata(method data for {method} {0x0000000128529e98} 'createFailure' '(Ljava/lang/Throwable;)Ljava/lang/Object;' in 'kotlin/ResultKt')}
  0x00000001103ccd7c: 04f8 95d2 | 443e a5f2 | 2400 c0f2 | 8880 40f9 | 0805 0091 | 8880 00f9 

  0x00000001103ccd94: ;   {metadata(method data for {method} {0x000000012850f8b8} '<init>' '(Ljava/lang/Throwable;)V' in 'kotlin/Result$Failure')}
  0x00000001103ccd94: 0322 96d2 | 433e a5f2 | 2300 c0f2 | 64ac 40b9 | 8408 0011 | 64ac 00b9 | 844c 1f12 | 9f00 0071 
  0x00000001103ccdb4: 00dd 0054 

  0x00000001103ccdb8: ;   {metadata(method data for {method} {0x000000012850f8b8} '<init>' '(Ljava/lang/Throwable;)V' in 'kotlin/Result$Failure')}
  0x00000001103ccdb8: 0322 96d2 | 433e a5f2 | 2300 c0f2 | 6878 40f9 | 0805 0091 | 6878 00f9 

  0x00000001103ccdd0: ;   {metadata(method data for {method} {0x0000000128403ad0} 'checkNotNullParameter' '(Ljava/lang/Object;Ljava/lang/String;)V' in 'kotlin/jvm/internal/Intrinsics')}
  0x00000001103ccdd0: 0366 81d2 | 830b a5f2 | 2300 c0f2 | 64ac 40b9 | 8408 0011 | 64ac 00b9 | 844c 1f12 | 9f00 0071 
  0x00000001103ccdf0: 20dc 0054 | e303 1faa | 5f00 03eb 

  0x00000001103ccdfc: ;   {metadata(method data for {method} {0x0000000128403ad0} 'checkNotNullParameter' '(Ljava/lang/Object;Ljava/lang/String;)V' in 'kotlin/jvm/internal/Intrinsics')}
  0x00000001103ccdfc: 0366 81d2 | 830b a5f2 | 2300 c0f2 | e80f 7cb2 | e903 78b2 | 0411 899a | 6a68 64f8 | 4a05 0091 
  0x00000001103cce1c: 6a68 24f8 | 4110 0054 

  0x00000001103cce24: ;   {metadata(method data for {method} {0x0000000128403ad0} 'checkNotNullParameter' '(Ljava/lang/Object;Ljava/lang/String;)V' in 'kotlin/jvm/internal/Intrinsics')}
  0x00000001103cce24: 0366 81d2 | 830b a5f2 | 2300 c0f2 | 6888 40f9 | 0805 0091 | 6888 00f9 

  0x00000001103cce3c: ;   {metadata(method data for {method} {0x0000000128403c50} 'throwParameterIsNullNPE' '(Ljava/lang/String;)V' in 'kotlin/jvm/internal/Intrinsics')}
  0x00000001103cce3c: 0393 81d2 | 830b a5f2 | 2300 c0f2 | 64ac 40b9 | 8408 0011 | 64ac 00b9 | 844c 1f12 | 9f00 0071 
  0x00000001103cce5c: c0d9 0054 

  0x00000001103cce60: ; ImmutableOopMap {[176]=Oop [208]=Oop [216]=Oop [224]=Oop [232]=Oop [256]=Oop [288]=Oop }
                      ;*new {reexecute=0 rethrow=0 return_oop=0}
                      ; - kotlin.jvm.internal.Intrinsics::throwParameterIsNullNPE@0 (line 140)
                      ; - kotlin.jvm.internal.Intrinsics::checkNotNullParameter@5 (line 131)
                      ; - kotlin.Result$Failure::<init>@3
                      ; - kotlin.ResultKt::createFailure@11 (line 122)
                      ; - kotlinx.coroutines.DispatchedTask::run@273 (line 98)
                      ;   {runtime_call load_mirror_patching Runtime1 stub}
  0x00000001103cce60: 88ed c395 | 80df 40f9 | 0bc0 0091 | 88e7 40f9 | 7f01 08eb | 08da 0054 | 8bdf 00f9 | ea03 40b2 
  0x00000001103cce80: 0a00 00f9 | 6a08 5cd2 | 0a7c 0129 | 0a40 0091 | 5f7d 00a9 | 5f7d 01a9 | bf3a 03d5 

  0x00000001103cce9c: ;   {metadata(method data for {method} {0x0000000128403c50} 'throwParameterIsNullNPE' '(Ljava/lang/String;)V' in 'kotlin/jvm/internal/Intrinsics')}
  0x00000001103cce9c: 0193 81d2 | 810b a5f2 | 2100 c0f2 | 2878 40f9 | 0805 0091 | 2878 00f9 

  0x00000001103cceb4: ;   {oop("exception"{0x0000000480a445a0})}
  0x00000001103cceb4: 01b4 88d2 | 8114 b0f2 | 8100 c0f2 | e08f 00f9 

  0x00000001103ccec4: ; ImmutableOopMap {[176]=Oop [208]=Oop [216]=Oop [224]=Oop [232]=Oop [256]=Oop [280]=Oop [288]=Oop }
                      ;*invokestatic createParameterIsNullExceptionMessage {reexecute=0 rethrow=0 return_oop=0}
                      ; - kotlin.jvm.internal.Intrinsics::throwParameterIsNullNPE@5 (line 140)
                      ; - kotlin.jvm.internal.Intrinsics::checkNotNullParameter@5 (line 131)
                      ; - kotlin.Result$Failure::<init>@3
                      ; - kotlin.ResultKt::createFailure@11 (line 122)
                      ; - kotlinx.coroutines.DispatchedTask::run@273 (line 98)
                      ;   {static_call}
  0x00000001103ccec4: 2f7e c095 

  0x00000001103ccec8: ;   {other}
  0x00000001103ccec8: 1f20 03d5 | 1f57 83f2 | 1f20 82f2 | e28f 40f9 

  0x00000001103cced8: ;   {metadata(method data for {method} {0x0000000128403c50} 'throwParameterIsNullNPE' '(Ljava/lang/String;)V' in 'kotlin/jvm/internal/Intrinsics')}
  0x00000001103cced8: 0193 81d2 | 810b a5f2 | 2100 c0f2 | 2880 40f9 | 0805 0091 | 2880 00f9 | e203 00aa | e18f 40f9 
  0x00000001103ccef8: ; ImmutableOopMap {[176]=Oop [208]=Oop [216]=Oop [224]=Oop [232]=Oop [256]=Oop [280]=Oop [288]=Oop }
                      ;*invokespecial <init> {reexecute=0 rethrow=0 return_oop=0}
                      ; - kotlin.jvm.internal.Intrinsics::throwParameterIsNullNPE@8 (line 140)
                      ; - kotlin.jvm.internal.Intrinsics::checkNotNullParameter@5 (line 131)
                      ; - kotlin.Result$Failure::<init>@3
                      ; - kotlin.ResultKt::createFailure@11 (line 122)
                      ; - kotlinx.coroutines.DispatchedTask::run@273 (line 98)
                      ;   {optimized virtual_call}
  0x00000001103ccef8: a27c c095 

  0x00000001103ccefc: ;   {other}
  0x00000001103ccefc: 1f20 03d5 | 9f5d 83f2 | 1f40 82f2 

  0x00000001103ccf08: ;   {metadata(method data for {method} {0x0000000128403c50} 'throwParameterIsNullNPE' '(Ljava/lang/String;)V' in 'kotlin/jvm/internal/Intrinsics')}
  0x00000001103ccf08: 0193 81d2 | 810b a5f2 | 2100 c0f2 | 2888 40f9 | 0805 0091 | 2888 00f9 

  0x00000001103ccf20: ;   {metadata(method data for {method} {0x0000000128404cd0} 'sanitizeStackTrace' '(Ljava/lang/Throwable;)Ljava/lang/Throwable;' in 'kotlin/jvm/internal/Intrinsics')}
  0x00000001103ccf20: 0167 82d2 | 810b a5f2 | 2100 c0f2 | 20ac 40b9 | 0008 0011 | 20ac 00b9 | 004c 1f12 | 1f00 0071 
  0x00000001103ccf40: e0d3 0054 

  0x00000001103ccf44: ;   {oop(a 'java/lang/Class'{0x00000004801b6708} = 'kotlin/jvm/internal/Intrinsics')}
  0x00000001103ccf44: 01e1 8cd2 | 6103 b0f2 | 8100 c0f2 | e003 01aa 

  0x00000001103ccf54: ;   {metadata(method data for {method} {0x0000000128404cd0} 'sanitizeStackTrace' '(Ljava/lang/Throwable;)Ljava/lang/Throwable;' in 'kotlin/jvm/internal/Intrinsics')}
  0x00000001103ccf54: 0267 82d2 | 820b a5f2 | 2200 c0f2 | 4878 40f9 | 0805 0091 | 4878 00f9 

  0x00000001103ccf6c: ;   {metadata(method data for {method} {0x00000070004684b0} 'getName' '()Ljava/lang/String;' in 'java/lang/Class')}
  0x00000001103ccf6c: 007b 8ad2 | 8000 a5f2 | 2000 c0f2 | 02ac 40b9 | 4208 0011 | 02ac 00b9 | 424c 1f12 | 5f00 0071 
  0x00000001103ccf8c: 80d2 0054 

  0x00000001103ccf90: ; implicit exception: dispatches to 0x00000001103ce9fc
  0x00000001103ccf90: 212c 40b9 | 21f0 7dd3 | e003 1faa | 3f00 00eb 

  0x00000001103ccfa0: ;   {metadata(method data for {method} {0x00000070004684b0} 'getName' '()Ljava/lang/String;' in 'java/lang/Class')}
  0x00000001103ccfa0: 007b 8ad2 | 8000 a5f2 | 2000 c0f2 | e80f 7cb2 | e903 78b2 | 0201 899a | 0368 62f8 | 6304 0091 
  0x00000001103ccfc0: 0368 22f8 | 2001 0054 

  0x00000001103ccfc8: ;   {metadata(method data for {method} {0x00000070004684b0} 'getName' '()Ljava/lang/String;' in 'java/lang/Class')}
  0x00000001103ccfc8: 007b 8ad2 | 8000 a5f2 | 2000 c0f2 | 0288 40f9 | 4204 0091 | 0288 00f9 | e003 01aa | 0f00 0014 
  0x00000001103ccfe8: ;   {oop(a 'java/lang/Class'{0x00000004801b6708} = 'kotlin/jvm/internal/Intrinsics')}
  0x00000001103ccfe8: 01e1 8cd2 | 6103 b0f2 | 8100 c0f2 | e003 01aa 

  0x00000001103ccff8: ;   {metadata(method data for {method} {0x00000070004684b0} 'getName' '()Ljava/lang/String;' in 'java/lang/Class')}
  0x00000001103ccff8: 027b 8ad2 | 8200 a5f2 | 2200 c0f2 | 4894 40f9 | 0805 0091 | 4894 00f9 

  0x00000001103cd010: ; ImmutableOopMap {[176]=Oop [208]=Oop [216]=Oop [224]=Oop [232]=Oop [256]=Oop [280]=Oop [288]=Oop }
                      ;*invokevirtual initClassName {reexecute=0 rethrow=0 return_oop=0}
                      ; - java.lang.Class::getName@14 (line 950)
                      ; - kotlin.jvm.internal.Intrinsics::sanitizeStackTrace@3 (line 253)
                      ; - kotlin.jvm.internal.Intrinsics::throwParameterIsNullNPE@11 (line 140)
                      ; - kotlin.jvm.internal.Intrinsics::checkNotNullParameter@5 (line 131)
                      ; - kotlin.Result$Failure::<init>@3
                      ; - kotlin.ResultKt::createFailure@11 (line 122)
                      ; - kotlinx.coroutines.DispatchedTask::run@273 (line 98)
                      ;   {optimized virtual_call}
  0x00000001103cd010: 5c7c c095 

  0x00000001103cd014: ;   {other}
  0x00000001103cd014: 1f20 03d5 | 9f80 83f2 | 1f60 82f2 | e18f 40f9 | fb03 0014 | e303 02aa | e203 00aa 

  0x00000001103cd030: ;   {metadata(method data for {method} {0x000000012850f8b8} '<init>' '(Ljava/lang/Throwable;)V' in 'kotlin/Result$Failure')}
  0x00000001103cd030: 0122 96d2 | 413e a5f2 | 2100 c0f2 | 2880 40f9 | 0805 0091 | 2880 00f9 

  0x00000001103cd048: ;   {metadata(method data for {method} {0x0000007000473798} '<init>' '()V' in 'java/lang/Object')}
  0x00000001103cd048: 0274 95d2 | 0200 a5f2 | 2200 c0f2 | 41ac 40b9 | 2108 0011 | 41ac 00b9 | 214c 1f12 | 3f00 0071 
  0x00000001103cd068: c0cc 0054 | 8203 4139 | 5f00 0071 | 61cd 0054 | 68fc 43d3 | 080c 00b9 | 0200 03ca | 42fc 56d3 
  0x00000001103cd088: 5f00 00f1 | 61cd 0054 | bf3a 03d5 

  0x00000001103cd094: ;   {metadata(method data for {method} {0x0000000128504278} 'run' '()V' in 'kotlinx/coroutines/DispatchedTask')}
  0x00000001103cd094: 02c8 99d2 | 6243 a5f2 | 2200 c0f2 | 48b4 43f9 | 0805 0091 | 48b4 03f9 

  0x00000001103cd0ac: ;   {metadata(method data for {method} {0x000000012850b920} 'constructor-impl' '(Ljava/lang/Object;)Ljava/lang/Object;' in 'kotlin/Result')}
  0x00000001103cd0ac: 028f 87d2 | 823c a5f2 | 2200 c0f2 | 41ac 40b9 | 2108 0011 | 41ac 00b9 | 214c 1f12 | 3f00 0071 
  0x00000001103cd0cc: e0cb 0054 | e26b 40f9 

  0x00000001103cd0d4: ;   {metadata(method data for {method} {0x0000000128504278} 'run' '()V' in 'kotlinx/coroutines/DispatchedTask')}
  0x00000001103cd0d4: 01c8 99d2 | 6143 a5f2 | 2100 c0f2 | 4208 40b9 | 4208 5cd2 | 2920 1e91 | 2801 40f9 | 5f00 08eb 
  0x00000001103cd0f4: a100 0054 | 28c8 43f9 | 0805 0091 | 28c8 03f9 | 1c00 0014 | 2960 1e91 | 2801 40f9 | 5f00 08eb 
  0x00000001103cd114: a100 0054 | 28d0 43f9 | 0805 0091 | 28d0 03f9 | 1400 0014 | 2920 1e91 | 2801 40f9 | c800 00b5 
  0x00000001103cd134: 2201 00f9 | e803 40b2 | 2940 1e91 | 2801 00f9 | 0c00 0014 | 2960 1e91 | 2801 40f9 | c800 00b5 
  0x00000001103cd154: 2201 00f9 | e803 40b2 | 2980 1e91 | 2801 00f9 | 0400 0014 | 28bc 43f9 | 0805 0091 | 28bc 03f9 
  0x00000001103cd174: e203 00aa | e16b 40f9 | 0900 9cd2 | c9af b1f2 | 2901 c0f2 

  0x00000001103cd188: ; ImmutableOopMap {[176]=Oop [216]=Oop [224]=Oop [232]=Oop }
                      ;*invokeinterface resumeWith {reexecute=0 rethrow=0 return_oop=0}
                      ; - kotlinx.coroutines.DispatchedTask::run@279 (line 98)
                      ;   {virtual_call}
  0x00000001103cd188: cc3b c495 

  0x00000001103cd18c: ;   {other}
  0x00000001103cd18c: 1f20 03d5 | 9faf 83f2 | 1f80 82f2 

  0x00000001103cd198: ;   {metadata(method data for {method} {0x0000000128504278} 'run' '()V' in 'kotlinx/coroutines/DispatchedTask')}
  0x00000001103cd198: 02c8 99d2 | 6243 a5f2 | 2200 c0f2 | 41d8 43f9 | 2104 0091 | 41d8 03f9 | c002 0014 | e15b 40f9 
  0x00000001103cd1b8: ;   {metadata(method data for {method} {0x0000000128504278} 'run' '()V' in 'kotlinx/coroutines/DispatchedTask')}
  0x00000001103cd1b8: 02c8 99d2 | 6243 a5f2 | 2200 c0f2 | 2108 40b9 | 2108 5cd2 | 4960 1f91 | 2801 40f9 | 3f00 08eb 
  0x00000001103cd1d8: a100 0054 | 48f0 43f9 | 0805 0091 | 48f0 03f9 | 1c00 0014 | 49a0 1f91 | 2801 40f9 | 3f00 08eb 
  0x00000001103cd1f8: a100 0054 | 48f8 43f9 | 0805 0091 | 48f8 03f9 | 1400 0014 | 4960 1f91 | 2801 40f9 | c800 00b5 
  0x00000001103cd218: 2101 00f9 | e803 40b2 | 4980 1f91 | 2801 00f9 | 0c00 0014 | 49a0 1f91 | 2801 40f9 | c800 00b5 
  0x00000001103cd238: 2101 00f9 | e803 40b2 | 49c0 1f91 | 2801 00f9 | 0400 0014 | 48e4 43f9 | 0805 0091 | 48e4 03f9 
  0x00000001103cd258: e27f 40f9 | e15b 40f9 | e9ff 9fd2 | e9ff bff2 | e9ff dff2 

  0x00000001103cd26c: ; ImmutableOopMap {[176]=Oop [208]=Oop [216]=Oop [224]=Oop [232]=Oop }
                      ;*invokevirtual getSuccessfulResult$kotlinx_coroutines_core {reexecute=0 rethrow=0 return_oop=0}
                      ; - kotlinx.coroutines.DispatchedTask::run@295 (line 100)
                      ;   {virtual_call}
  0x00000001103cd26c: 4f3c c495 

  0x00000001103cd270: ;   {other}
  0x00000001103cd270: 1f20 03d5 | 1fcc 83f2 | 1fa0 82f2 

  0x00000001103cd27c: ;   {metadata(method data for {method} {0x0000000128504278} 'run' '()V' in 'kotlinx/coroutines/DispatchedTask')}
  0x00000001103cd27c: 02c8 99d2 | 6243 a5f2 | 2200 c0f2 | 4800 44f9 | 0805 0091 | 4800 04f9 

  0x00000001103cd294: ;   {metadata(method data for {method} {0x000000012850b920} 'constructor-impl' '(Ljava/lang/Object;)Ljava/lang/Object;' in 'kotlin/Result')}
  0x00000001103cd294: 028f 87d2 | 823c a5f2 | 2200 c0f2 | 41ac 40b9 | 2108 0011 | 41ac 00b9 | 214c 1f12 | 3f00 0071 
  0x00000001103cd2b4: a0bd 0054 | e26b 40f9 

  0x00000001103cd2bc: ;   {metadata(method data for {method} {0x0000000128504278} 'run' '()V' in 'kotlinx/coroutines/DispatchedTask')}
  0x00000001103cd2bc: 01c8 99d2 | 6143 a5f2 | 2100 c0f2 | 4208 40b9 | 4208 5cd2 | 2980 2091 | 2801 40f9 | 5f00 08eb 
  0x00000001103cd2dc: a100 0054 | 2814 44f9 | 0805 0091 | 2814 04f9 | 1c00 0014 | 29c0 2091 | 2801 40f9 | 5f00 08eb 
  0x00000001103cd2fc: a100 0054 | 281c 44f9 | 0805 0091 | 281c 04f9 | 1400 0014 | 2980 2091 | 2801 40f9 | c800 00b5 
  0x00000001103cd31c: 2201 00f9 | e803 40b2 | 29a0 2091 | 2801 00f9 | 0c00 0014 | 29c0 2091 | 2801 40f9 | c800 00b5 
  0x00000001103cd33c: 2201 00f9 | e803 40b2 | 29e0 2091 | 2801 00f9 | 0400 0014 | 2808 44f9 | 0805 0091 | 2808 04f9 
  0x00000001103cd35c: e203 00aa | e16b 40f9 | 09c8 9fd2 | c9af b1f2 | 2901 c0f2 

  0x00000001103cd370: ; ImmutableOopMap {[176]=Oop [216]=Oop [224]=Oop [232]=Oop }
                      ;*invokeinterface resumeWith {reexecute=0 rethrow=0 return_oop=0}
                      ; - kotlinx.coroutines.DispatchedTask::run@301 (line 100)
                      ;   {virtual_call}
  0x00000001103cd370: 523b c495 

  0x00000001103cd374: ;   {other}
  0x00000001103cd374: 1f20 03d5 | 9fec 83f2 | 1fc0 82f2 | 4c02 0014 | e287 40f9 | e103 02aa 

  0x00000001103cd38c: ;   {metadata(method data for {method} {0x0000000128504278} 'run' '()V' in 'kotlinx/coroutines/DispatchedTask')}
  0x00000001103cd38c: 03c8 99d2 | 6343 a5f2 | 2300 c0f2 | 2108 40b9 | 2108 5cd2 | 6960 1391 | 2801 40f9 | 3f00 08eb 
  0x00000001103cd3ac: a100 0054 | 6870 42f9 | 0805 0091 | 6870 02f9 | 1c00 0014 | 69a0 1391 | 2801 40f9 | 3f00 08eb 
  0x00000001103cd3cc: a100 0054 | 6878 42f9 | 0805 0091 | 6878 02f9 | 1400 0014 | 6960 1391 | 2801 40f9 | c800 00b5 
  0x00000001103cd3ec: 2101 00f9 | e803 40b2 | 6980 1391 | 2801 00f9 | 0c00 0014 | 69a0 1391 | 2801 40f9 | c800 00b5 
  0x00000001103cd40c: 2101 00f9 | e803 40b2 | 69c0 1391 | 2801 00f9 | 0400 0014 | 6864 42f9 | 0805 0091 | 6864 02f9 
  0x00000001103cd42c: e103 02aa | 09ac 96d2 | 29b7 b1f2 | 2901 c0f2 

  0x00000001103cd43c: ; ImmutableOopMap {[176]=Oop [208]=Oop [216]=Oop [224]=Oop [232]=Oop [248]=Oop }
                      ;*invokeinterface getCancellationException {reexecute=0 rethrow=0 return_oop=0}
                      ; - kotlinx.coroutines.DispatchedTask::run@178 (line 93)
                      ;   {virtual_call}
  0x00000001103cd43c: 9b3a c495 

  0x00000001103cd440: ;   {other}
  0x00000001103cd440: 1f20 03d5 | 1f06 84f2 | 1fe0 82f2 | e097 00f9 | e15b 40f9 

  0x00000001103cd454: ;   {metadata(method data for {method} {0x0000000128504278} 'run' '()V' in 'kotlinx/coroutines/DispatchedTask')}
  0x00000001103cd454: 02c8 99d2 | 6243 a5f2 | 2200 c0f2 | 2108 40b9 | 2108 5cd2 | 4920 1591 | 2801 40f9 | 3f00 08eb 
  0x00000001103cd474: a100 0054 | 48a8 42f9 | 0805 0091 | 48a8 02f9 | 1c00 0014 | 4960 1591 | 2801 40f9 | 3f00 08eb 
  0x00000001103cd494: a100 0054 | 48b0 42f9 | 0805 0091 | 48b0 02f9 | 1400 0014 | 4920 1591 | 2801 40f9 | c800 00b5 
  0x00000001103cd4b4: 2101 00f9 | e803 40b2 | 4940 1591 | 2801 00f9 | 0c00 0014 | 4960 1591 | 2801 40f9 | c800 00b5 
  0x00000001103cd4d4: 2101 00f9 | e803 40b2 | 4980 1591 | 2801 00f9 | 0400 0014 | 489c 42f9 | 0805 0091 | 489c 02f9 
  0x00000001103cd4f4: e27f 40f9 | e303 00aa | e15b 40f9 | e9ff 9fd2 | e9ff bff2 | e9ff dff2 

  0x00000001103cd50c: ; ImmutableOopMap {[176]=Oop [208]=Oop [216]=Oop [224]=Oop [232]=Oop [296]=Oop }
                      ;*invokevirtual cancelCompletedResult$kotlinx_coroutines_core {reexecute=0 rethrow=0 return_oop=0}
                      ; - kotlinx.coroutines.DispatchedTask::run@193 (line 94)
                      ;   {virtual_call}
  0x00000001103cd50c: 933b c495 

  0x00000001103cd510: ;   {other}
  0x00000001103cd510: 1f20 03d5 | 1f20 84f2 | 1f00 83f2 

  0x00000001103cd51c: ;   {metadata(method data for {method} {0x0000000128504278} 'run' '()V' in 'kotlinx/coroutines/DispatchedTask')}
  0x00000001103cd51c: 03c8 99d2 | 6343 a5f2 | 2300 c0f2 | 68b8 42f9 | 0805 0091 | 68b8 02f9 

  0x00000001103cd534: ;   {metadata(method data for {method} {0x00000001284e5408} 'getRECOVER_STACK_TRACES' '()Z' in 'kotlinx/coroutines/DebugKt')}
  0x00000001103cd534: 0398 9ed2 | 0346 a5f2 | 2300 c0f2 | 60ac 40b9 | 0008 0011 | 60ac 00b9 | 004c 1f12 | 1f00 0071 
  0x00000001103cd554: a0a9 0054 

  0x00000001103cd558: ;   {metadata(method data for {method} {0x0000000128504278} 'run' '()V' in 'kotlinx/coroutines/DispatchedTask')}
  0x00000001103cd558: 03c8 99d2 | 6343 a5f2 | 2300 c0f2 | 60c0 42f9 | 0004 0091 | 60c0 02f9 

  0x00000001103cd570: ;   {metadata(method data for {method} {0x0000000128504278} 'run' '()V' in 'kotlinx/coroutines/DispatchedTask')}
  0x00000001103cd570: 03c8 99d2 | 6343 a5f2 | 2300 c0f2 | 6018 43f9 | 0004 0091 | 6018 03f9 | e097 40f9 

  0x00000001103cd58c: ;   {metadata(method data for {method} {0x0000000128504278} 'run' '()V' in 'kotlinx/coroutines/DispatchedTask')}
  0x00000001103cd58c: 03c8 99d2 | 6343 a5f2 | 2300 c0f2 | 6864 43f9 | 0805 0091 | 6864 03f9 

  0x00000001103cd5a4: ;   {metadata(method data for {method} {0x0000000128529e98} 'createFailure' '(Ljava/lang/Throwable;)Ljava/lang/Object;' in 'kotlin/ResultKt')}
  0x00000001103cd5a4: 03f8 95d2 | 433e a5f2 | 2300 c0f2 | 64ac 40b9 | 8408 0011 | 64ac 00b9 | 844c 1f12 | 9f00 0071 
  0x00000001103cd5c4: 20a7 0054 

  0x00000001103cd5c8: ;   {metadata(method data for {method} {0x0000000128529e98} 'createFailure' '(Ljava/lang/Throwable;)Ljava/lang/Object;' in 'kotlin/ResultKt')}
  0x00000001103cd5c8: 03f8 95d2 | 433e a5f2 | 2300 c0f2 | 6878 40f9 | 0805 0091 | 6878 00f9 

  0x00000001103cd5e0: ;   {metadata(method data for {method} {0x0000000128403ad0} 'checkNotNullParameter' '(Ljava/lang/Object;Ljava/lang/String;)V' in 'kotlin/jvm/internal/Intrinsics')}
  0x00000001103cd5e0: 0366 81d2 | 830b a5f2 | 2300 c0f2 | 64ac 40b9 | 8408 0011 | 64ac 00b9 | 844c 1f12 | 9f00 0071 
  0x00000001103cd600: 40a6 0054 | e303 1faa | 1f00 03eb 

  0x00000001103cd60c: ;   {metadata(method data for {method} {0x0000000128403ad0} 'checkNotNullParameter' '(Ljava/lang/Object;Ljava/lang/String;)V' in 'kotlin/jvm/internal/Intrinsics')}
  0x00000001103cd60c: 0366 81d2 | 830b a5f2 | 2300 c0f2 | e80f 7cb2 | e903 78b2 | 0411 899a | 6a68 64f8 | 4a05 0091 
  0x00000001103cd62c: 6a68 24f8 | 4110 0054 

  0x00000001103cd634: ;   {metadata(method data for {method} {0x0000000128403ad0} 'checkNotNullParameter' '(Ljava/lang/Object;Ljava/lang/String;)V' in 'kotlin/jvm/internal/Intrinsics')}
  0x00000001103cd634: 0366 81d2 | 830b a5f2 | 2300 c0f2 | 6888 40f9 | 0805 0091 | 6888 00f9 

  0x00000001103cd64c: ;   {metadata(method data for {method} {0x0000000128403c50} 'throwParameterIsNullNPE' '(Ljava/lang/String;)V' in 'kotlin/jvm/internal/Intrinsics')}
  0x00000001103cd64c: 0393 81d2 | 830b a5f2 | 2300 c0f2 | 64ac 40b9 | 8408 0011 | 64ac 00b9 | 844c 1f12 | 9f00 0071 
  0x00000001103cd66c: e0a3 0054 

  0x00000001103cd670: ; ImmutableOopMap {[176]=Oop [208]=Oop [216]=Oop [224]=Oop [232]=Oop [296]=Oop }
                      ;*new {reexecute=0 rethrow=0 return_oop=0}
                      ; - kotlin.jvm.internal.Intrinsics::throwParameterIsNullNPE@0 (line 140)
                      ; - kotlin.jvm.internal.Intrinsics::checkNotNullParameter@5 (line 131)
                      ; - kotlin.ResultKt::createFailure@3
                      ; - kotlinx.coroutines.DispatchedTask::run@246 (line 232)
                      ;   {runtime_call load_mirror_patching Runtime1 stub}
  0x00000001103cd670: 84eb c395 | 80df 40f9 | 0bc0 0091 | 88e7 40f9 | 7f01 08eb | 28a4 0054 | 8bdf 00f9 | ea03 40b2 
  0x00000001103cd690: 0a00 00f9 | 6a08 5cd2 | 0a7c 0129 | 0a40 0091 | 5f7d 00a9 | 5f7d 01a9 | bf3a 03d5 

  0x00000001103cd6ac: ;   {metadata(method data for {method} {0x0000000128403c50} 'throwParameterIsNullNPE' '(Ljava/lang/String;)V' in 'kotlin/jvm/internal/Intrinsics')}
  0x00000001103cd6ac: 0193 81d2 | 810b a5f2 | 2100 c0f2 | 2878 40f9 | 0805 0091 | 2878 00f9 

  0x00000001103cd6c4: ;   {oop("exception"{0x0000000480a445a0})}
  0x00000001103cd6c4: 01b4 88d2 | 8114 b0f2 | 8100 c0f2 | e09b 00f9 

  0x00000001103cd6d4: ; ImmutableOopMap {[176]=Oop [208]=Oop [216]=Oop [224]=Oop [232]=Oop [296]=Oop [304]=Oop }
                      ;*invokestatic createParameterIsNullExceptionMessage {reexecute=0 rethrow=0 return_oop=0}
                      ; - kotlin.jvm.internal.Intrinsics::throwParameterIsNullNPE@5 (line 140)
                      ; - kotlin.jvm.internal.Intrinsics::checkNotNullParameter@5 (line 131)
                      ; - kotlin.ResultKt::createFailure@3
                      ; - kotlinx.coroutines.DispatchedTask::run@246 (line 232)
                      ;   {static_call}
  0x00000001103cd6d4: 2b7c c095 

  0x00000001103cd6d8: ;   {other}
  0x00000001103cd6d8: 1f20 03d5 | 1f59 84f2 | 1f40 83f2 | e29b 40f9 

  0x00000001103cd6e8: ;   {metadata(method data for {method} {0x0000000128403c50} 'throwParameterIsNullNPE' '(Ljava/lang/String;)V' in 'kotlin/jvm/internal/Intrinsics')}
  0x00000001103cd6e8: 0193 81d2 | 810b a5f2 | 2100 c0f2 | 2880 40f9 | 0805 0091 | 2880 00f9 | e203 00aa | e19b 40f9 
  0x00000001103cd708: ; ImmutableOopMap {[176]=Oop [208]=Oop [216]=Oop [224]=Oop [232]=Oop [296]=Oop [304]=Oop }
                      ;*invokespecial <init> {reexecute=0 rethrow=0 return_oop=0}
                      ; - kotlin.jvm.internal.Intrinsics::throwParameterIsNullNPE@8 (line 140)
                      ; - kotlin.jvm.internal.Intrinsics::checkNotNullParameter@5 (line 131)
                      ; - kotlin.ResultKt::createFailure@3
                      ; - kotlinx.coroutines.DispatchedTask::run@246 (line 232)
                      ;   {optimized virtual_call}
  0x00000001103cd708: 9e7a c095 

  0x00000001103cd70c: ;   {other}
  0x00000001103cd70c: 1f20 03d5 | 9f5f 84f2 | 1f60 83f2 

  0x00000001103cd718: ;   {metadata(method data for {method} {0x0000000128403c50} 'throwParameterIsNullNPE' '(Ljava/lang/String;)V' in 'kotlin/jvm/internal/Intrinsics')}
  0x00000001103cd718: 0193 81d2 | 810b a5f2 | 2100 c0f2 | 2888 40f9 | 0805 0091 | 2888 00f9 

  0x00000001103cd730: ;   {metadata(method data for {method} {0x0000000128404cd0} 'sanitizeStackTrace' '(Ljava/lang/Throwable;)Ljava/lang/Throwable;' in 'kotlin/jvm/internal/Intrinsics')}
  0x00000001103cd730: 0167 82d2 | 810b a5f2 | 2100 c0f2 | 20ac 40b9 | 0008 0011 | 20ac 00b9 | 004c 1f12 | 1f00 0071 
  0x00000001103cd750: 009e 0054 

  0x00000001103cd754: ;   {oop(a 'java/lang/Class'{0x00000004801b6708} = 'kotlin/jvm/internal/Intrinsics')}
  0x00000001103cd754: 01e1 8cd2 | 6103 b0f2 | 8100 c0f2 | e003 01aa 

  0x00000001103cd764: ;   {metadata(method data for {method} {0x0000000128404cd0} 'sanitizeStackTrace' '(Ljava/lang/Throwable;)Ljava/lang/Throwable;' in 'kotlin/jvm/internal/Intrinsics')}
  0x00000001103cd764: 0267 82d2 | 820b a5f2 | 2200 c0f2 | 4878 40f9 | 0805 0091 | 4878 00f9 

  0x00000001103cd77c: ;   {metadata(method data for {method} {0x00000070004684b0} 'getName' '()Ljava/lang/String;' in 'java/lang/Class')}
  0x00000001103cd77c: 007b 8ad2 | 8000 a5f2 | 2000 c0f2 | 02ac 40b9 | 4208 0011 | 02ac 00b9 | 424c 1f12 | 5f00 0071 
  0x00000001103cd79c: a09c 0054 

  0x00000001103cd7a0: ; implicit exception: dispatches to 0x00000001103ceb50
  0x00000001103cd7a0: 212c 40b9 | 21f0 7dd3 | e003 1faa | 3f00 00eb 

  0x00000001103cd7b0: ;   {metadata(method data for {method} {0x00000070004684b0} 'getName' '()Ljava/lang/String;' in 'java/lang/Class')}
  0x00000001103cd7b0: 007b 8ad2 | 8000 a5f2 | 2000 c0f2 | e80f 7cb2 | e903 78b2 | 0201 899a | 0368 62f8 | 6304 0091 
  0x00000001103cd7d0: 0368 22f8 | 2001 0054 

  0x00000001103cd7d8: ;   {metadata(method data for {method} {0x00000070004684b0} 'getName' '()Ljava/lang/String;' in 'java/lang/Class')}
  0x00000001103cd7d8: 007b 8ad2 | 8000 a5f2 | 2000 c0f2 | 0288 40f9 | 4204 0091 | 0288 00f9 | e003 01aa | 0f00 0014 
  0x00000001103cd7f8: ;   {oop(a 'java/lang/Class'{0x00000004801b6708} = 'kotlin/jvm/internal/Intrinsics')}
  0x00000001103cd7f8: 01e1 8cd2 | 6103 b0f2 | 8100 c0f2 | e003 01aa 

  0x00000001103cd808: ;   {metadata(method data for {method} {0x00000070004684b0} 'getName' '()Ljava/lang/String;' in 'java/lang/Class')}
  0x00000001103cd808: 027b 8ad2 | 8200 a5f2 | 2200 c0f2 | 4894 40f9 | 0805 0091 | 4894 00f9 

  0x00000001103cd820: ; ImmutableOopMap {[176]=Oop [208]=Oop [216]=Oop [224]=Oop [232]=Oop [296]=Oop [304]=Oop }
                      ;*invokevirtual initClassName {reexecute=0 rethrow=0 return_oop=0}
                      ; - java.lang.Class::getName@14 (line 950)
                      ; - kotlin.jvm.internal.Intrinsics::sanitizeStackTrace@3 (line 253)
                      ; - kotlin.jvm.internal.Intrinsics::throwParameterIsNullNPE@11 (line 140)
                      ; - kotlin.jvm.internal.Intrinsics::checkNotNullParameter@5 (line 131)
                      ; - kotlin.ResultKt::createFailure@3
                      ; - kotlinx.coroutines.DispatchedTask::run@246 (line 232)
                      ;   {optimized virtual_call}
  0x00000001103cd820: 587a c095 

  0x00000001103cd824: ;   {other}
  0x00000001103cd824: 1f20 03d5 | 9f82 84f2 | 1f80 83f2 | e19b 40f9 | a901 0014 

  0x00000001103cd838: ;   {metadata('kotlin/Result$Failure')}
  0x00000001103cd838: 03c7 9cd2 | 0321 a0f2 | 030e c0f2 | e203 00aa | 80df 40f9 | 0b40 0091 | 88e7 40f9 | 7f01 08eb 
  0x00000001103cd858: e897 0054 | 8bdf 00f9 | ea03 40b2 | 0a00 00f9 | 6a08 5cd2 | 0a7c 0129 | bf3a 03d5 | e0a3 00f9 
  0x00000001103cd878: e303 00aa 

  0x00000001103cd87c: ;   {metadata(method data for {method} {0x0000000128529e98} 'createFailure' '(Ljava/lang/Throwable;)Ljava/lang/Object;' in 'kotlin/ResultKt')}
  0x00000001103cd87c: 04f8 95d2 | 443e a5f2 | 2400 c0f2 | 8880 40f9 | 0805 0091 | 8880 00f9 

  0x00000001103cd894: ;   {metadata(method data for {method} {0x000000012850f8b8} '<init>' '(Ljava/lang/Throwable;)V' in 'kotlin/Result$Failure')}
  0x00000001103cd894: 0322 96d2 | 433e a5f2 | 2300 c0f2 | 64ac 40b9 | 8408 0011 | 64ac 00b9 | 844c 1f12 | 9f00 0071 
  0x00000001103cd8b4: 4095 0054 

  0x00000001103cd8b8: ;   {metadata(method data for {method} {0x000000012850f8b8} '<init>' '(Ljava/lang/Throwable;)V' in 'kotlin/Result$Failure')}
  0x00000001103cd8b8: 0322 96d2 | 433e a5f2 | 2300 c0f2 | 6878 40f9 | 0805 0091 | 6878 00f9 

  0x00000001103cd8d0: ;   {metadata(method data for {method} {0x0000000128403ad0} 'checkNotNullParameter' '(Ljava/lang/Object;Ljava/lang/String;)V' in 'kotlin/jvm/internal/Intrinsics')}
  0x00000001103cd8d0: 0366 81d2 | 830b a5f2 | 2300 c0f2 | 64ac 40b9 | 8408 0011 | 64ac 00b9 | 844c 1f12 | 9f00 0071 
  0x00000001103cd8f0: 6094 0054 | e303 1faa | 5f00 03eb 

  0x00000001103cd8fc: ;   {metadata(method data for {method} {0x0000000128403ad0} 'checkNotNullParameter' '(Ljava/lang/Object;Ljava/lang/String;)V' in 'kotlin/jvm/internal/Intrinsics')}
  0x00000001103cd8fc: 0366 81d2 | 830b a5f2 | 2300 c0f2 | e80f 7cb2 | e903 78b2 | 0411 899a | 6a68 64f8 | 4a05 0091 
  0x00000001103cd91c: 6a68 24f8 | 4110 0054 

  0x00000001103cd924: ;   {metadata(method data for {method} {0x0000000128403ad0} 'checkNotNullParameter' '(Ljava/lang/Object;Ljava/lang/String;)V' in 'kotlin/jvm/internal/Intrinsics')}
  0x00000001103cd924: 0366 81d2 | 830b a5f2 | 2300 c0f2 | 6888 40f9 | 0805 0091 | 6888 00f9 

  0x00000001103cd93c: ;   {metadata(method data for {method} {0x0000000128403c50} 'throwParameterIsNullNPE' '(Ljava/lang/String;)V' in 'kotlin/jvm/internal/Intrinsics')}
  0x00000001103cd93c: 0393 81d2 | 830b a5f2 | 2300 c0f2 | 64ac 40b9 | 8408 0011 | 64ac 00b9 | 844c 1f12 | 9f00 0071 
  0x00000001103cd95c: 0092 0054 

  0x00000001103cd960: ; ImmutableOopMap {[176]=Oop [208]=Oop [216]=Oop [224]=Oop [232]=Oop [296]=Oop [320]=Oop }
                      ;*new {reexecute=0 rethrow=0 return_oop=0}
                      ; - kotlin.jvm.internal.Intrinsics::throwParameterIsNullNPE@0 (line 140)
                      ; - kotlin.jvm.internal.Intrinsics::checkNotNullParameter@5 (line 131)
                      ; - kotlin.Result$Failure::<init>@3
                      ; - kotlin.ResultKt::createFailure@11 (line 122)
                      ; - kotlinx.coroutines.DispatchedTask::run@246 (line 232)
                      ;   {runtime_call load_mirror_patching Runtime1 stub}
  0x00000001103cd960: c8ea c395 | 80df 40f9 | 0bc0 0091 | 88e7 40f9 | 7f01 08eb | 4892 0054 | 8bdf 00f9 | ea03 40b2 
  0x00000001103cd980: 0a00 00f9 | 6a08 5cd2 | 0a7c 0129 | 0a40 0091 | 5f7d 00a9 | 5f7d 01a9 | bf3a 03d5 

  0x00000001103cd99c: ;   {metadata(method data for {method} {0x0000000128403c50} 'throwParameterIsNullNPE' '(Ljava/lang/String;)V' in 'kotlin/jvm/internal/Intrinsics')}
  0x00000001103cd99c: 0193 81d2 | 810b a5f2 | 2100 c0f2 | 2878 40f9 | 0805 0091 | 2878 00f9 

  0x00000001103cd9b4: ;   {oop("exception"{0x0000000480a445a0})}
  0x00000001103cd9b4: 01b4 88d2 | 8114 b0f2 | 8100 c0f2 | e09f 00f9 

  0x00000001103cd9c4: ; ImmutableOopMap {[176]=Oop [208]=Oop [216]=Oop [224]=Oop [232]=Oop [296]=Oop [312]=Oop [320]=Oop }
                      ;*invokestatic createParameterIsNullExceptionMessage {reexecute=0 rethrow=0 return_oop=0}
                      ; - kotlin.jvm.internal.Intrinsics::throwParameterIsNullNPE@5 (line 140)
                      ; - kotlin.jvm.internal.Intrinsics::checkNotNullParameter@5 (line 131)
                      ; - kotlin.Result$Failure::<init>@3
                      ; - kotlin.ResultKt::createFailure@11 (line 122)
                      ; - kotlinx.coroutines.DispatchedTask::run@246 (line 232)
                      ;   {static_call}
  0x00000001103cd9c4: 6f7b c095 

  0x00000001103cd9c8: ;   {other}
  0x00000001103cd9c8: 1f20 03d5 | 1fb7 84f2 | 1fc0 83f2 | e29f 40f9 

  0x00000001103cd9d8: ;   {metadata(method data for {method} {0x0000000128403c50} 'throwParameterIsNullNPE' '(Ljava/lang/String;)V' in 'kotlin/jvm/internal/Intrinsics')}
  0x00000001103cd9d8: 0193 81d2 | 810b a5f2 | 2100 c0f2 | 2880 40f9 | 0805 0091 | 2880 00f9 | e203 00aa | e19f 40f9 
  0x00000001103cd9f8: ; ImmutableOopMap {[176]=Oop [208]=Oop [216]=Oop [224]=Oop [232]=Oop [296]=Oop [312]=Oop [320]=Oop }
                      ;*invokespecial <init> {reexecute=0 rethrow=0 return_oop=0}
                      ; - kotlin.jvm.internal.Intrinsics::throwParameterIsNullNPE@8 (line 140)
                      ; - kotlin.jvm.internal.Intrinsics::checkNotNullParameter@5 (line 131)
                      ; - kotlin.Result$Failure::<init>@3
                      ; - kotlin.ResultKt::createFailure@11 (line 122)
                      ; - kotlinx.coroutines.DispatchedTask::run@246 (line 232)
                      ;   {optimized virtual_call}
  0x00000001103cd9f8: e279 c095 

  0x00000001103cd9fc: ;   {other}
  0x00000001103cd9fc: 1f20 03d5 | 9fbd 84f2 | 1fe0 83f2 

  0x00000001103cda08: ;   {metadata(method data for {method} {0x0000000128403c50} 'throwParameterIsNullNPE' '(Ljava/lang/String;)V' in 'kotlin/jvm/internal/Intrinsics')}
  0x00000001103cda08: 0193 81d2 | 810b a5f2 | 2100 c0f2 | 2888 40f9 | 0805 0091 | 2888 00f9 

  0x00000001103cda20: ;   {metadata(method data for {method} {0x0000000128404cd0} 'sanitizeStackTrace' '(Ljava/lang/Throwable;)Ljava/lang/Throwable;' in 'kotlin/jvm/internal/Intrinsics')}
  0x00000001103cda20: 0167 82d2 | 810b a5f2 | 2100 c0f2 | 20ac 40b9 | 0008 0011 | 20ac 00b9 | 004c 1f12 | 1f00 0071 
  0x00000001103cda40: 208c 0054 

  0x00000001103cda44: ;   {oop(a 'java/lang/Class'{0x00000004801b6708} = 'kotlin/jvm/internal/Intrinsics')}
  0x00000001103cda44: 01e1 8cd2 | 6103 b0f2 | 8100 c0f2 | e003 01aa 

  0x00000001103cda54: ;   {metadata(method data for {method} {0x0000000128404cd0} 'sanitizeStackTrace' '(Ljava/lang/Throwable;)Ljava/lang/Throwable;' in 'kotlin/jvm/internal/Intrinsics')}
  0x00000001103cda54: 0267 82d2 | 820b a5f2 | 2200 c0f2 | 4878 40f9 | 0805 0091 | 4878 00f9 

  0x00000001103cda6c: ;   {metadata(method data for {method} {0x00000070004684b0} 'getName' '()Ljava/lang/String;' in 'java/lang/Class')}
  0x00000001103cda6c: 007b 8ad2 | 8000 a5f2 | 2000 c0f2 | 02ac 40b9 | 4208 0011 | 02ac 00b9 | 424c 1f12 | 5f00 0071 
  0x00000001103cda8c: c08a 0054 

  0x00000001103cda90: ; implicit exception: dispatches to 0x00000001103cec04
  0x00000001103cda90: 212c 40b9 | 21f0 7dd3 | e003 1faa | 3f00 00eb 

  0x00000001103cdaa0: ;   {metadata(method data for {method} {0x00000070004684b0} 'getName' '()Ljava/lang/String;' in 'java/lang/Class')}
  0x00000001103cdaa0: 007b 8ad2 | 8000 a5f2 | 2000 c0f2 | e80f 7cb2 | e903 78b2 | 0201 899a | 0368 62f8 | 6304 0091 
  0x00000001103cdac0: 0368 22f8 | 2001 0054 

  0x00000001103cdac8: ;   {metadata(method data for {method} {0x00000070004684b0} 'getName' '()Ljava/lang/String;' in 'java/lang/Class')}
  0x00000001103cdac8: 007b 8ad2 | 8000 a5f2 | 2000 c0f2 | 0288 40f9 | 4204 0091 | 0288 00f9 | e003 01aa | 0f00 0014 
  0x00000001103cdae8: ;   {oop(a 'java/lang/Class'{0x00000004801b6708} = 'kotlin/jvm/internal/Intrinsics')}
  0x00000001103cdae8: 01e1 8cd2 | 6103 b0f2 | 8100 c0f2 | e003 01aa 

  0x00000001103cdaf8: ;   {metadata(method data for {method} {0x00000070004684b0} 'getName' '()Ljava/lang/String;' in 'java/lang/Class')}
  0x00000001103cdaf8: 027b 8ad2 | 8200 a5f2 | 2200 c0f2 | 4894 40f9 | 0805 0091 | 4894 00f9 

  0x00000001103cdb10: ; ImmutableOopMap {[176]=Oop [208]=Oop [216]=Oop [224]=Oop [232]=Oop [296]=Oop [312]=Oop [320]=Oop }
                      ;*invokevirtual initClassName {reexecute=0 rethrow=0 return_oop=0}
                      ; - java.lang.Class::getName@14 (line 950)
                      ; - kotlin.jvm.internal.Intrinsics::sanitizeStackTrace@3 (line 253)
                      ; - kotlin.jvm.internal.Intrinsics::throwParameterIsNullNPE@11 (line 140)
                      ; - kotlin.jvm.internal.Intrinsics::checkNotNullParameter@5 (line 131)
                      ; - kotlin.Result$Failure::<init>@3
                      ; - kotlin.ResultKt::createFailure@11 (line 122)
                      ; - kotlinx.coroutines.DispatchedTask::run@246 (line 232)
                      ;   {optimized virtual_call}
  0x00000001103cdb10: 9c79 c095 

  0x00000001103cdb14: ;   {other}
  0x00000001103cdb14: 1f20 03d5 | 9fe0 84f2 | 1f00 84f2 | e19f 40f9 | 9f00 0014 | e303 02aa | e203 00aa 

  0x00000001103cdb30: ;   {metadata(method data for {method} {0x000000012850f8b8} '<init>' '(Ljava/lang/Throwable;)V' in 'kotlin/Result$Failure')}
  0x00000001103cdb30: 0122 96d2 | 413e a5f2 | 2100 c0f2 | 2880 40f9 | 0805 0091 | 2880 00f9 

  0x00000001103cdb48: ;   {metadata(method data for {method} {0x0000007000473798} '<init>' '()V' in 'java/lang/Object')}
  0x00000001103cdb48: 0274 95d2 | 0200 a5f2 | 2200 c0f2 | 41ac 40b9 | 2108 0011 | 41ac 00b9 | 214c 1f12 | 3f00 0071 
  0x00000001103cdb68: 0085 0054 | 8203 4139 | 5f00 0071 | a185 0054 | 68fc 43d3 | 080c 00b9 | 0200 03ca | 42fc 56d3 
  0x00000001103cdb88: 5f00 00f1 | a185 0054 | bf3a 03d5 

  0x00000001103cdb94: ;   {metadata(method data for {method} {0x0000000128504278} 'run' '()V' in 'kotlinx/coroutines/DispatchedTask')}
  0x00000001103cdb94: 02c8 99d2 | 6243 a5f2 | 2200 c0f2 | 486c 43f9 | 0805 0091 | 486c 03f9 

  0x00000001103cdbac: ;   {metadata(method data for {method} {0x000000012850b920} 'constructor-impl' '(Ljava/lang/Object;)Ljava/lang/Object;' in 'kotlin/Result')}
  0x00000001103cdbac: 028f 87d2 | 823c a5f2 | 2200 c0f2 | 41ac 40b9 | 2108 0011 | 41ac 00b9 | 214c 1f12 | 3f00 0071 
  0x00000001103cdbcc: 2084 0054 | e26b 40f9 

  0x00000001103cdbd4: ;   {metadata(method data for {method} {0x0000000128504278} 'run' '()V' in 'kotlinx/coroutines/DispatchedTask')}
  0x00000001103cdbd4: 01c8 99d2 | 6143 a5f2 | 2100 c0f2 | 4208 40b9 | 4208 5cd2 | 29e0 1b91 | 2801 40f9 | 5f00 08eb 
  0x00000001103cdbf4: a100 0054 | 2880 43f9 | 0805 0091 | 2880 03f9 | 1c00 0014 | 2920 1c91 | 2801 40f9 | 5f00 08eb 
  0x00000001103cdc14: a100 0054 | 2888 43f9 | 0805 0091 | 2888 03f9 | 1400 0014 | 29e0 1b91 | 2801 40f9 | c800 00b5 
  0x00000001103cdc34: 2201 00f9 | e803 40b2 | 2900 1c91 | 2801 00f9 | 0c00 0014 | 2920 1c91 | 2801 40f9 | c800 00b5 
  0x00000001103cdc54: 2201 00f9 | e803 40b2 | 2940 1c91 | 2801 00f9 | 0400 0014 | 2874 43f9 | 0805 0091 | 2874 03f9 
  0x00000001103cdc74: e203 00aa | e16b 40f9 | 0990 82d2 | 29b2 b1f2 | 2901 c0f2 

  0x00000001103cdc88: ; ImmutableOopMap {[176]=Oop [216]=Oop [224]=Oop [232]=Oop }
                      ;*invokeinterface resumeWith {reexecute=0 rethrow=0 return_oop=0}
                      ; - kotlinx.coroutines.DispatchedTask::run@252 (line 232)
                      ;   {virtual_call}
  0x00000001103cdc88: 0c39 c495 

  0x00000001103cdc8c: ;   {other}
  0x00000001103cdc8c: 1f20 03d5 | 9f0f 85f2 | 1f20 84f2 

  0x00000001103cdc98: ;   {metadata(method data for {method} {0x0000000128504278} 'run' '()V' in 'kotlinx/coroutines/DispatchedTask')}
  0x00000001103cdc98: 01c8 99d2 | 6143 a5f2 | 2100 c0f2 | 2090 43f9 | 0004 0091 | 2090 03f9 | e077 40f9 | e103 1faa 
  0x00000001103cdcb8: 1f00 01eb 

  0x00000001103cdcbc: ;   {metadata(method data for {method} {0x0000000128504278} 'run' '()V' in 'kotlinx/coroutines/DispatchedTask')}
  0x00000001103cdcbc: 01c8 99d2 | 6143 a5f2 | 2100 c0f2 | 0809 81d2 | 090b 81d2 | 0201 899a | 2368 62f8 | 6304 0091 
  0x00000001103cdcdc: 2368 22f8 | 2003 0054 

  0x00000001103cdce4: ; implicit exception: dispatches to 0x00000001103cec70
  0x00000001103cdce4: 1f00 40f9 | e103 00aa 

  0x00000001103cdcec: ;   {metadata(method data for {method} {0x0000000128504278} 'run' '()V' in 'kotlinx/coroutines/DispatchedTask')}
  0x00000001103cdcec: 02c8 99d2 | 6243 a5f2 | 2200 c0f2 | 4834 44f9 | 0805 0091 | 4834 04f9 | e103 00aa 

  0x00000001103cdd08: ; ImmutableOopMap {[176]=Oop [216]=Oop [224]=Oop }
                      ;*invokevirtual clearThreadContext {reexecute=0 rethrow=0 return_oop=0}
                      ; - kotlinx.coroutines.DispatchedTask::run@319 (line 236)
                      ;   {optimized virtual_call}
  0x00000001103cdd08: 1e79 c095 

  0x00000001103cdd0c: ;   {other}
  0x00000001103cdd0c: 1f20 03d5 | 9f1f 85f2 | 1f40 84f2 | 1f00 0071 

  0x00000001103cdd1c: ;   {metadata(method data for {method} {0x0000000128504278} 'run' '()V' in 'kotlinx/coroutines/DispatchedTask')}
  0x00000001103cdd1c: 01c8 99d2 | 6143 a5f2 | 2100 c0f2 | 0814 81d2 | 0916 81d2 | 0201 899a | 2068 62f8 | 0004 0091 
  0x00000001103cdd3c: 2068 22f8 | 8001 0054 

  0x00000001103cdd44: ;   {metadata(method data for {method} {0x0000000128504278} 'run' '()V' in 'kotlinx/coroutines/DispatchedTask')}
  0x00000001103cdd44: 01c8 99d2 | 6143 a5f2 | 2100 c0f2 | 2860 44f9 | 0805 0091 | 2860 04f9 | e18b 4da9 

  0x00000001103cdd60: ; ImmutableOopMap {[176]=Oop }
                      ;*invokestatic restoreThreadContext {reexecute=0 rethrow=0 return_oop=0}
                      ; - kotlinx.coroutines.DispatchedTask::run@329 (line 237)
                      ;   {static_call}
  0x00000001103cdd60: 283f fc97 

  0x00000001103cdd64: ;   {other}
  0x00000001103cdd64: 1f20 03d5 | 9f2a 85f2 | 1f60 84f2 

  0x00000001103cdd70: ;   {metadata(method data for {method} {0x0000000128504278} 'run' '()V' in 'kotlinx/coroutines/DispatchedTask')}
  0x00000001103cdd70: 01c8 99d2 | 6143 a5f2 | 2100 c0f2 | 2268 44f9 | 4204 0091 | 2268 04f9 | fd7b 57a9 | ff03 0691 
  0x00000001103cdd90: ;   {poll_return}
  0x00000001103cdd90: 882b 42f9 | ff63 28eb | e876 0054 | c003 5fd6 

  0x00000001103cdda0: ;   {metadata(method data for {method} {0x0000000128404cd0} 'sanitizeStackTrace' '(Ljava/lang/Throwable;)Ljava/lang/Throwable;' in 'kotlin/jvm/internal/Intrinsics')}
  0x00000001103cdda0: 0267 82d2 | 820b a5f2 | 2200 c0f2 | 4894 40f9 | 0805 0091 | 4894 00f9 | e203 00aa 

  0x00000001103cddbc: ; ImmutableOopMap {[176]=Oop [208]=Oop [216]=Oop [224]=Oop [232]=Oop [296]=Oop [320]=Oop }
                      ;*invokestatic sanitizeStackTrace {reexecute=0 rethrow=0 return_oop=0}
                      ; - kotlin.jvm.internal.Intrinsics::sanitizeStackTrace@6 (line 253)
                      ; - kotlin.jvm.internal.Intrinsics::throwParameterIsNullNPE@11 (line 140)
                      ; - kotlin.jvm.internal.Intrinsics::checkNotNullParameter@5 (line 131)
                      ; - kotlin.Result$Failure::<init>@3
                      ; - kotlin.ResultKt::createFailure@11 (line 122)
                      ; - kotlinx.coroutines.DispatchedTask::run@246 (line 232)
                      ;   {static_call}
  0x00000001103cddbc: 717a c095 

  0x00000001103cddc0: ;   {other}
  0x00000001103cddc0: 1f20 03d5 | 1f36 85f2 | 1f80 84f2 | e1a3 40f9 | 0001 00b5 

  0x00000001103cddd4: ;   {metadata(method data for {method} {0x0000000128403c50} 'throwParameterIsNullNPE' '(Ljava/lang/String;)V' in 'kotlin/jvm/internal/Intrinsics')}
  0x00000001103cddd4: 0493 81d2 | 840b a5f2 | 2400 c0f2 | 8864 4439 | 0801 40b2 | 8864 0439 | 3700 0014 

  0x00000001103cddf0: ;   {metadata('java/lang/NullPointerException')}
  0x00000001103cddf0: 0230 98d2 | c200 a0f2 | 020e c0f2 | 0408 40b9 | 8408 5cd2 | 8828 40f9 | 5f00 08eb | e104 0054 
  0x00000001103cde10: ;   {metadata(method data for {method} {0x0000000128403c50} 'throwParameterIsNullNPE' '(Ljava/lang/String;)V' in 'kotlin/jvm/internal/Intrinsics')}
  0x00000001103cde10: 0493 81d2 | 840b a5f2 | 2400 c0f2 | 0208 40b9 | 4208 5cd2 | 89c0 0491 | 2801 40f9 | 5f00 08eb 
  0x00000001103cde30: a100 0054 | 889c 40f9 | 0805 0091 | 889c 00f9 | 2200 0014 | 8900 0591 | 2801 40f9 | 5f00 08eb 
  0x00000001103cde50: a100 0054 | 88a4 40f9 | 0805 0091 | 88a4 00f9 | 1a00 0014 | 89c0 0491 | 2801 40f9 | c800 00b5 
  0x00000001103cde70: 2201 00f9 | e803 40b2 | 89e0 0491 | 2801 00f9 | 1200 0014 | 8900 0591 | 2801 40f9 | c800 00b5 
  0x00000001103cde90: 2201 00f9 | e803 40b2 | 8920 0591 | 2801 00f9 | 0a00 0014 | 0900 0014 

  0x00000001103cdea8: ;   {metadata(method data for {method} {0x0000000128403c50} 'throwParameterIsNullNPE' '(Ljava/lang/String;)V' in 'kotlin/jvm/internal/Intrinsics')}
  0x00000001103cdea8: 0493 81d2 | 840b a5f2 | 2400 c0f2 | 8890 40f9 | 0805 00d1 | 8890 00f9 | 7003 0014 | 0100 0014 
  0x00000001103cdec8: ; implicit exception: dispatches to 0x00000001103cec88
                      ; ImmutableOopMap {c_rarg1=Oop c_rarg0=Oop [176]=Oop [208]=Oop [216]=Oop [224]=Oop [232]=Oop [296]=Oop [320]=Oop }
                      ;*athrow {reexecute=1 rethrow=0 return_oop=0}
                      ; - (reexecute) kotlin.jvm.internal.Intrinsics::throwParameterIsNullNPE@17 (line 140)
                      ; - kotlin.jvm.internal.Intrinsics::checkNotNullParameter@5 (line 131)
                      ; - kotlin.Result$Failure::<init>@3
                      ; - kotlin.ResultKt::createFailure@11 (line 122)
                      ; - kotlinx.coroutines.DispatchedTask::run@246 (line 232)
  0x00000001103cdec8: 1f00 40f9 

  0x00000001103cdecc: ;   {section_word}
  0x00000001103cdecc: 0300 0010 

  0x00000001103cded0: ;   {runtime_call handle_exception_nofpu Runtime1 stub}
  0x00000001103cded0: 0c98 c195 | 1f20 03d5 

  0x00000001103cded8: ;   {metadata(method data for {method} {0x0000000128404cd0} 'sanitizeStackTrace' '(Ljava/lang/Throwable;)Ljava/lang/Throwable;' in 'kotlin/jvm/internal/Intrinsics')}
  0x00000001103cded8: 0267 82d2 | 820b a5f2 | 2200 c0f2 | 4894 40f9 | 0805 0091 | 4894 00f9 | e203 00aa 

  0x00000001103cdef4: ; ImmutableOopMap {[176]=Oop [208]=Oop [216]=Oop [224]=Oop [232]=Oop [296]=Oop }
                      ;*invokestatic sanitizeStackTrace {reexecute=0 rethrow=0 return_oop=0}
                      ; - kotlin.jvm.internal.Intrinsics::sanitizeStackTrace@6 (line 253)
                      ; - kotlin.jvm.internal.Intrinsics::throwParameterIsNullNPE@11 (line 140)
                      ; - kotlin.jvm.internal.Intrinsics::checkNotNullParameter@5 (line 131)
                      ; - kotlin.ResultKt::createFailure@3
                      ; - kotlinx.coroutines.DispatchedTask::run@246 (line 232)
                      ;   {static_call}
  0x00000001103cdef4: 237a c095 

  0x00000001103cdef8: ;   {other}
  0x00000001103cdef8: 1f20 03d5 | 1f5d 85f2 | 1fc0 84f2 | e197 40f9 | 0001 00b5 

  0x00000001103cdf0c: ;   {metadata(method data for {method} {0x0000000128403c50} 'throwParameterIsNullNPE' '(Ljava/lang/String;)V' in 'kotlin/jvm/internal/Intrinsics')}
  0x00000001103cdf0c: 0493 81d2 | 840b a5f2 | 2400 c0f2 | 8864 4439 | 0801 40b2 | 8864 0439 | 3700 0014 

  0x00000001103cdf28: ;   {metadata('java/lang/NullPointerException')}
  0x00000001103cdf28: 0230 98d2 | c200 a0f2 | 020e c0f2 | 0408 40b9 | 8408 5cd2 | 8828 40f9 | 5f00 08eb | e104 0054 
  0x00000001103cdf48: ;   {metadata(method data for {method} {0x0000000128403c50} 'throwParameterIsNullNPE' '(Ljava/lang/String;)V' in 'kotlin/jvm/internal/Intrinsics')}
  0x00000001103cdf48: 0493 81d2 | 840b a5f2 | 2400 c0f2 | 0208 40b9 | 4208 5cd2 | 89c0 0491 | 2801 40f9 | 5f00 08eb 
  0x00000001103cdf68: a100 0054 | 889c 40f9 | 0805 0091 | 889c 00f9 | 2200 0014 | 8900 0591 | 2801 40f9 | 5f00 08eb 
  0x00000001103cdf88: a100 0054 | 88a4 40f9 | 0805 0091 | 88a4 00f9 | 1a00 0014 | 89c0 0491 | 2801 40f9 | c800 00b5 
  0x00000001103cdfa8: 2201 00f9 | e803 40b2 | 89e0 0491 | 2801 00f9 | 1200 0014 | 8900 0591 | 2801 40f9 | c800 00b5 
  0x00000001103cdfc8: 2201 00f9 | e803 40b2 | 8920 0591 | 2801 00f9 | 0a00 0014 | 0900 0014 

  0x00000001103cdfe0: ;   {metadata(method data for {method} {0x0000000128403c50} 'throwParameterIsNullNPE' '(Ljava/lang/String;)V' in 'kotlin/jvm/internal/Intrinsics')}
  0x00000001103cdfe0: 0493 81d2 | 840b a5f2 | 2400 c0f2 | 8890 40f9 | 0805 00d1 | 8890 00f9 | 2503 0014 | 0100 0014 
  0x00000001103ce000: ; implicit exception: dispatches to 0x00000001103cec94
                      ; ImmutableOopMap {c_rarg1=Oop c_rarg0=Oop [176]=Oop [208]=Oop [216]=Oop [224]=Oop [232]=Oop [296]=Oop }
                      ;*athrow {reexecute=1 rethrow=0 return_oop=0}
                      ; - (reexecute) kotlin.jvm.internal.Intrinsics::throwParameterIsNullNPE@17 (line 140)
                      ; - kotlin.jvm.internal.Intrinsics::checkNotNullParameter@5 (line 131)
                      ; - kotlin.ResultKt::createFailure@3
                      ; - kotlinx.coroutines.DispatchedTask::run@246 (line 232)
  0x00000001103ce000: 1f00 40f9 

  0x00000001103ce004: ;   {section_word}
  0x00000001103ce004: 0300 0010 

  0x00000001103ce008: ;   {runtime_call handle_exception_nofpu Runtime1 stub}
  0x00000001103ce008: be97 c195 | 1f20 03d5 

  0x00000001103ce010: ;   {metadata(method data for {method} {0x0000000128404cd0} 'sanitizeStackTrace' '(Ljava/lang/Throwable;)Ljava/lang/Throwable;' in 'kotlin/jvm/internal/Intrinsics')}
  0x00000001103ce010: 0267 82d2 | 820b a5f2 | 2200 c0f2 | 4894 40f9 | 0805 0091 | 4894 00f9 | e203 00aa 

  0x00000001103ce02c: ; ImmutableOopMap {[176]=Oop [208]=Oop [216]=Oop [224]=Oop [232]=Oop [256]=Oop [288]=Oop }
                      ;*invokestatic sanitizeStackTrace {reexecute=0 rethrow=0 return_oop=0}
                      ; - kotlin.jvm.internal.Intrinsics::sanitizeStackTrace@6 (line 253)
                      ; - kotlin.jvm.internal.Intrinsics::throwParameterIsNullNPE@11 (line 140)
                      ; - kotlin.jvm.internal.Intrinsics::checkNotNullParameter@5 (line 131)
                      ; - kotlin.Result$Failure::<init>@3
                      ; - kotlin.ResultKt::createFailure@11 (line 122)
                      ; - kotlinx.coroutines.DispatchedTask::run@273 (line 98)
                      ;   {static_call}
  0x00000001103ce02c: d579 c095 

  0x00000001103ce030: ;   {other}
  0x00000001103ce030: 1f20 03d5 | 1f84 85f2 | 1f00 85f2 | e193 40f9 | 0001 00b5 

  0x00000001103ce044: ;   {metadata(method data for {method} {0x0000000128403c50} 'throwParameterIsNullNPE' '(Ljava/lang/String;)V' in 'kotlin/jvm/internal/Intrinsics')}
  0x00000001103ce044: 0493 81d2 | 840b a5f2 | 2400 c0f2 | 8864 4439 | 0801 40b2 | 8864 0439 | 3700 0014 

  0x00000001103ce060: ;   {metadata('java/lang/NullPointerException')}
  0x00000001103ce060: 0230 98d2 | c200 a0f2 | 020e c0f2 | 0408 40b9 | 8408 5cd2 | 8828 40f9 | 5f00 08eb | e104 0054 
  0x00000001103ce080: ;   {metadata(method data for {method} {0x0000000128403c50} 'throwParameterIsNullNPE' '(Ljava/lang/String;)V' in 'kotlin/jvm/internal/Intrinsics')}
  0x00000001103ce080: 0493 81d2 | 840b a5f2 | 2400 c0f2 | 0208 40b9 | 4208 5cd2 | 89c0 0491 | 2801 40f9 | 5f00 08eb 
  0x00000001103ce0a0: a100 0054 | 889c 40f9 | 0805 0091 | 889c 00f9 | 2200 0014 | 8900 0591 | 2801 40f9 | 5f00 08eb 
  0x00000001103ce0c0: a100 0054 | 88a4 40f9 | 0805 0091 | 88a4 00f9 | 1a00 0014 | 89c0 0491 | 2801 40f9 | c800 00b5 
  0x00000001103ce0e0: 2201 00f9 | e803 40b2 | 89e0 0491 | 2801 00f9 | 1200 0014 | 8900 0591 | 2801 40f9 | c800 00b5 
  0x00000001103ce100: 2201 00f9 | e803 40b2 | 8920 0591 | 2801 00f9 | 0a00 0014 | 0900 0014 

  0x00000001103ce118: ;   {metadata(method data for {method} {0x0000000128403c50} 'throwParameterIsNullNPE' '(Ljava/lang/String;)V' in 'kotlin/jvm/internal/Intrinsics')}
  0x00000001103ce118: 0493 81d2 | 840b a5f2 | 2400 c0f2 | 8890 40f9 | 0805 00d1 | 8890 00f9 | da02 0014 | 0100 0014 
  0x00000001103ce138: ; implicit exception: dispatches to 0x00000001103ceca0
                      ; ImmutableOopMap {c_rarg1=Oop c_rarg0=Oop [176]=Oop [208]=Oop [216]=Oop [224]=Oop [232]=Oop [256]=Oop [288]=Oop }
                      ;*athrow {reexecute=1 rethrow=0 return_oop=0}
                      ; - (reexecute) kotlin.jvm.internal.Intrinsics::throwParameterIsNullNPE@17 (line 140)
                      ; - kotlin.jvm.internal.Intrinsics::checkNotNullParameter@5 (line 131)
                      ; - kotlin.Result$Failure::<init>@3
                      ; - kotlin.ResultKt::createFailure@11 (line 122)
                      ; - kotlinx.coroutines.DispatchedTask::run@273 (line 98)
  0x00000001103ce138: 1f00 40f9 

  0x00000001103ce13c: ;   {section_word}
  0x00000001103ce13c: 0300 0010 

  0x00000001103ce140: ;   {runtime_call handle_exception_nofpu Runtime1 stub}
  0x00000001103ce140: 7097 c195 | 1f20 03d5 

  0x00000001103ce148: ;   {metadata(method data for {method} {0x0000000128404cd0} 'sanitizeStackTrace' '(Ljava/lang/Throwable;)Ljava/lang/Throwable;' in 'kotlin/jvm/internal/Intrinsics')}
  0x00000001103ce148: 0267 82d2 | 820b a5f2 | 2200 c0f2 | 4894 40f9 | 0805 0091 | 4894 00f9 | e203 00aa 

  0x00000001103ce164: ; ImmutableOopMap {[176]=Oop [208]=Oop [216]=Oop [224]=Oop [232]=Oop [256]=Oop }
                      ;*invokestatic sanitizeStackTrace {reexecute=0 rethrow=0 return_oop=0}
                      ; - kotlin.jvm.internal.Intrinsics::sanitizeStackTrace@6 (line 253)
                      ; - kotlin.jvm.internal.Intrinsics::throwParameterIsNullNPE@11 (line 140)
                      ; - kotlin.jvm.internal.Intrinsics::checkNotNullParameter@5 (line 131)
                      ; - kotlin.ResultKt::createFailure@3
                      ; - kotlinx.coroutines.DispatchedTask::run@273 (line 98)
                      ;   {static_call}
  0x00000001103ce164: 8779 c095 

  0x00000001103ce168: ;   {other}
  0x00000001103ce168: 1f20 03d5 | 1fab 85f2 | 1f40 85f2 | e183 40f9 | e26b 40f9 | 0001 00b5 

  0x00000001103ce180: ;   {metadata(method data for {method} {0x0000000128403c50} 'throwParameterIsNullNPE' '(Ljava/lang/String;)V' in 'kotlin/jvm/internal/Intrinsics')}
  0x00000001103ce180: 0593 81d2 | 850b a5f2 | 2500 c0f2 | a864 4439 | 0801 40b2 | a864 0439 | 3700 0014 

  0x00000001103ce19c: ;   {metadata('java/lang/NullPointerException')}
  0x00000001103ce19c: 0430 98d2 | c400 a0f2 | 040e c0f2 | 0508 40b9 | a508 5cd2 | a828 40f9 | 9f00 08eb | e104 0054 
  0x00000001103ce1bc: ;   {metadata(method data for {method} {0x0000000128403c50} 'throwParameterIsNullNPE' '(Ljava/lang/String;)V' in 'kotlin/jvm/internal/Intrinsics')}
  0x00000001103ce1bc: 0593 81d2 | 850b a5f2 | 2500 c0f2 | 0408 40b9 | 8408 5cd2 | a9c0 0491 | 2801 40f9 | 9f00 08eb 
  0x00000001103ce1dc: a100 0054 | a89c 40f9 | 0805 0091 | a89c 00f9 | 2200 0014 | a900 0591 | 2801 40f9 | 9f00 08eb 
  0x00000001103ce1fc: a100 0054 | a8a4 40f9 | 0805 0091 | a8a4 00f9 | 1a00 0014 | a9c0 0491 | 2801 40f9 | c800 00b5 
  0x00000001103ce21c: 2401 00f9 | e803 40b2 | a9e0 0491 | 2801 00f9 | 1200 0014 | a900 0591 | 2801 40f9 | c800 00b5 
  0x00000001103ce23c: 2401 00f9 | e803 40b2 | a920 0591 | 2801 00f9 | 0a00 0014 | 0900 0014 

  0x00000001103ce254: ;   {metadata(method data for {method} {0x0000000128403c50} 'throwParameterIsNullNPE' '(Ljava/lang/String;)V' in 'kotlin/jvm/internal/Intrinsics')}
  0x00000001103ce254: 0593 81d2 | 850b a5f2 | 2500 c0f2 | a890 40f9 | 0805 00d1 | a890 00f9 | 8e02 0014 | 0100 0014 
  0x00000001103ce274: ; implicit exception: dispatches to 0x00000001103cecac
                      ; ImmutableOopMap {c_rarg1=Oop c_rarg2=Oop c_rarg0=Oop [176]=Oop [216]=Oop [224]=Oop [232]=Oop [256]=Oop }
                      ;*athrow {reexecute=1 rethrow=0 return_oop=0}
                      ; - (reexecute) kotlin.jvm.internal.Intrinsics::throwParameterIsNullNPE@17 (line 140)
                      ; - kotlin.jvm.internal.Intrinsics::checkNotNullParameter@5 (line 131)
                      ; - kotlin.ResultKt::createFailure@3
                      ; - kotlinx.coroutines.DispatchedTask::run@273 (line 98)
  0x00000001103ce274: 1f00 40f9 

  0x00000001103ce278: ;   {section_word}
  0x00000001103ce278: 0300 0010 

  0x00000001103ce27c: ;   {runtime_call handle_exception_nofpu Runtime1 stub}
  0x00000001103ce27c: 2197 c195 | 1f20 03d5 | 8083 42f9 | 9f83 02f9 | 9f87 02f9 | e177 40f9 | e203 1faa | 3f00 02eb 
  0x00000001103ce29c: ;   {metadata(method data for {method} {0x0000000128504278} 'run' '()V' in 'kotlinx/coroutines/DispatchedTask')}
  0x00000001103ce29c: 02c8 99d2 | 6243 a5f2 | 2200 c0f2 | 081d 81d2 | 091f 81d2 | 0301 899a | 4468 63f8 | 8404 0091 
  0x00000001103ce2bc: 4468 23f8 | e0a7 00f9 | 0003 0054 

  0x00000001103ce2c8: ; implicit exception: dispatches to 0x00000001103cecb0
  0x00000001103ce2c8: 3f00 40f9 | e203 01aa 

  0x00000001103ce2d0: ;   {metadata(method data for {method} {0x0000000128504278} 'run' '()V' in 'kotlinx/coroutines/DispatchedTask')}
  0x00000001103ce2d0: 03c8 99d2 | 6343 a5f2 | 2300 c0f2 | 6884 44f9 | 0805 0091 | 6884 04f9 

  0x00000001103ce2e8: ; ImmutableOopMap {[176]=Oop [216]=Oop [224]=Oop [328]=Oop }
                      ;*invokevirtual clearThreadContext {reexecute=0 rethrow=0 return_oop=0}
                      ; - kotlinx.coroutines.DispatchedTask::run@344 (line 236)
                      ;   {optimized virtual_call}
  0x00000001103ce2e8: a677 c095 

  0x00000001103ce2ec: ;   {other}
  0x00000001103ce2ec: 1f20 03d5 | 9fdb 85f2 | 1f80 85f2 | 1f00 0071 

  0x00000001103ce2fc: ;   {metadata(method data for {method} {0x0000000128504278} 'run' '()V' in 'kotlinx/coroutines/DispatchedTask')}
  0x00000001103ce2fc: 01c8 99d2 | 6143 a5f2 | 2100 c0f2 | 0828 81d2 | 092a 81d2 | 0201 899a | 2068 62f8 | 0004 0091 
  0x00000001103ce31c: 2068 22f8 | a001 0054 | e08b 4da9 

  0x00000001103ce328: ;   {metadata(method data for {method} {0x0000000128504278} 'run' '()V' in 'kotlinx/coroutines/DispatchedTask')}
  0x00000001103ce328: 01c8 99d2 | 6143 a5f2 | 2100 c0f2 | 28b0 44f9 | 0805 0091 | 28b0 04f9 | e103 00aa 

  0x00000001103ce344: ; ImmutableOopMap {[176]=Oop [328]=Oop }
                      ;*invokestatic restoreThreadContext {reexecute=0 rethrow=0 return_oop=0}
                      ; - kotlinx.coroutines.DispatchedTask::run@354 (line 237)
                      ;   {static_call}
  0x00000001103ce344: 0f79 c095 

  0x00000001103ce348: ;   {other}
  0x00000001103ce348: 1f20 03d5 | 1fe7 85f2 | 1fa0 85f2 

  0x00000001103ce354: ; ImmutableOopMap {c_rarg0=Oop [176]=Oop }
                      ;*athrow {reexecute=1 rethrow=0 return_oop=0}
                      ; - (reexecute) kotlinx.coroutines.DispatchedTask::run@359 (line 237)
  0x00000001103ce354: e0a7 40f9 

  0x00000001103ce358: ;   {section_word}
  0x00000001103ce358: 0300 0010 

  0x00000001103ce35c: ;   {runtime_call handle_exception_nofpu Runtime1 stub}
  0x00000001103ce35c: e996 c195 | 1f20 03d5 

  0x00000001103ce364: ;   {metadata(method data for {method} {0x0000000128404cd0} 'sanitizeStackTrace' '(Ljava/lang/Throwable;)Ljava/lang/Throwable;' in 'kotlin/jvm/internal/Intrinsics')}
  0x00000001103ce364: 0267 82d2 | 820b a5f2 | 2200 c0f2 | 4894 40f9 | 0805 0091 | 4894 00f9 | e203 00aa 

  0x00000001103ce380: ; ImmutableOopMap {[176]=Oop [184]=Oop }
                      ;*invokestatic sanitizeStackTrace {reexecute=0 rethrow=0 return_oop=0}
                      ; - kotlin.jvm.internal.Intrinsics::sanitizeStackTrace@6 (line 253)
                      ; - kotlin.jvm.internal.Intrinsics::throwJavaNpe@8 (line 50)
                      ; - kotlin.jvm.internal.Intrinsics::checkNotNull@5 (line 31)
                      ; - kotlinx.coroutines.DispatchedTask::run@40 (line 80)
                      ;   {static_call}
  0x00000001103ce380: 0079 c095 

  0x00000001103ce384: ;   {other}
  0x00000001103ce384: 1f20 03d5 | 9fee 85f2 | 1fe0 85f2 | e25f 40f9 | 0001 00b5 

  0x00000001103ce398: ;   {metadata(method data for {method} {0x0000000128402e28} 'throwJavaNpe' '(Ljava/lang/String;)V' in 'kotlin/jvm/internal/Intrinsics')}
  0x00000001103ce398: 043c 82d2 | c412 a5f2 | 2400 c0f2 | 8824 4439 | 0801 40b2 | 8824 0439 | 3700 0014 

  0x00000001103ce3b4: ;   {metadata('java/lang/NullPointerException')}
  0x00000001103ce3b4: 0130 98d2 | c100 a0f2 | 010e c0f2 | 0408 40b9 | 8408 5cd2 | 8828 40f9 | 3f00 08eb | e104 0054 
  0x00000001103ce3d4: ;   {metadata(method data for {method} {0x0000000128402e28} 'throwJavaNpe' '(Ljava/lang/String;)V' in 'kotlin/jvm/internal/Intrinsics')}
  0x00000001103ce3d4: 043c 82d2 | c412 a5f2 | 2400 c0f2 | 0108 40b9 | 2108 5cd2 | 8980 0491 | 2801 40f9 | 3f00 08eb 
  0x00000001103ce3f4: a100 0054 | 8894 40f9 | 0805 0091 | 8894 00f9 | 2200 0014 | 89c0 0491 | 2801 40f9 | 3f00 08eb 
  0x00000001103ce414: a100 0054 | 889c 40f9 | 0805 0091 | 889c 00f9 | 1a00 0014 | 8980 0491 | 2801 40f9 | c800 00b5 
  0x00000001103ce434: 2101 00f9 | e803 40b2 | 89a0 0491 | 2801 00f9 | 1200 0014 | 89c0 0491 | 2801 40f9 | c800 00b5 
  0x00000001103ce454: 2101 00f9 | e803 40b2 | 89e0 0491 | 2801 00f9 | 0a00 0014 | 0900 0014 

  0x00000001103ce46c: ;   {metadata(method data for {method} {0x0000000128402e28} 'throwJavaNpe' '(Ljava/lang/String;)V' in 'kotlin/jvm/internal/Intrinsics')}
  0x00000001103ce46c: 043c 82d2 | c412 a5f2 | 2400 c0f2 | 8888 40f9 | 0805 00d1 | 8888 00f9 | 0c02 0014 | 0100 0014 
  0x00000001103ce48c: ; implicit exception: dispatches to 0x00000001103cecbc
                      ; ImmutableOopMap {c_rarg2=Oop c_rarg0=Oop [176]=Oop [184]=Oop }
                      ;*athrow {reexecute=1 rethrow=0 return_oop=0}
                      ; - (reexecute) kotlin.jvm.internal.Intrinsics::throwJavaNpe@14 (line 50)
                      ; - kotlin.jvm.internal.Intrinsics::checkNotNull@5 (line 31)
                      ; - kotlinx.coroutines.DispatchedTask::run@40 (line 80)
  0x00000001103ce48c: 1f00 40f9 

  0x00000001103ce490: ;   {section_word}
  0x00000001103ce490: 0300 0010 

  0x00000001103ce494: ;   {runtime_call handle_exception_nofpu Runtime1 stub}
  0x00000001103ce494: 9b96 c195 | 1f20 03d5 | 8083 42f9 | 9f83 02f9 | 9f87 02f9 | e15b 40f9 

  0x00000001103ce4ac: ;   {metadata(method data for {method} {0x0000000128504278} 'run' '()V' in 'kotlinx/coroutines/DispatchedTask')}
  0x00000001103ce4ac: 02c8 99d2 | 6243 a5f2 | 2200 c0f2 | 4820 45f9 | 0805 0091 | 4820 05f9 | e203 00aa | e15b 40f9 
  0x00000001103ce4cc: ; ImmutableOopMap {}
                      ;*invokevirtual handleFatalException$kotlinx_coroutines_core {reexecute=0 rethrow=0 return_oop=0}
                      ; - kotlinx.coroutines.DispatchedTask::run@383 (line 107)
                      ;   {optimized virtual_call}
  0x00000001103ce4cc: 2d77 c095 

  0x00000001103ce4d0: ;   {other}
  0x00000001103ce4d0: 1f20 03d5 | 1f18 86f2 | 1f20 86f2 | fd7b 57a9 | ff03 0691 

  0x00000001103ce4e4: ;   {poll_return}
  0x00000001103ce4e4: 882b 42f9 | ff63 28eb | a83e 0054 | c003 5fd6 | e15b 40f9 | 8083 42f9 | 9f83 02f9 | 9f87 02f9 
  0x00000001103ce504: e203 01aa 

  0x00000001103ce508: ;   {metadata(method data for {method} {0x0000000128504278} 'run' '()V' in 'kotlinx/coroutines/DispatchedTask')}
  0x00000001103ce508: 03c8 99d2 | 6343 a5f2 | 2300 c0f2 | 4208 40b9 | 4208 5cd2 | 6900 2691 | 2801 40f9 | 5f00 08eb 
  0x00000001103ce528: a100 0054 | 68c4 44f9 | 0805 0091 | 68c4 04f9 | 1c00 0014 | 6940 2691 | 2801 40f9 | 5f00 08eb 
  0x00000001103ce548: a100 0054 | 68cc 44f9 | 0805 0091 | 68cc 04f9 | 1400 0014 | 6900 2691 | 2801 40f9 | c800 00b5 
  0x00000001103ce568: 2201 00f9 | e803 40b2 | 6920 2691 | 2801 00f9 | 0c00 0014 | 6940 2691 | 2801 40f9 | c800 00b5 
  0x00000001103ce588: 2201 00f9 | e803 40b2 | 6960 2691 | 2801 00f9 | 0400 0014 | 68b8 44f9 | 0805 0091 | 68b8 04f9 
  0x00000001103ce5a8: e0ab 00f9 | e9ff 9fd2 | e9ff bff2 | e9ff dff2 

  0x00000001103ce5b8: ; ImmutableOopMap {[336]=Oop }
                      ;*invokevirtual getDelegate$kotlinx_coroutines_core {reexecute=0 rethrow=0 return_oop=0}
                      ; - kotlinx.coroutines.DispatchedTask::run@362 (line 105)
                      ;   {virtual_call}
  0x00000001103ce5b8: b277 c095 

  0x00000001103ce5bc: ;   {other}
  0x00000001103ce5bc: 1f20 03d5 | 9f35 86f2 | 1f40 86f2 

  0x00000001103ce5c8: ; implicit exception: dispatches to 0x00000001103ceccc
  0x00000001103ce5c8: 1f00 40f9 | e103 00aa 

  0x00000001103ce5d0: ;   {metadata(method data for {method} {0x0000000128504278} 'run' '()V' in 'kotlinx/coroutines/DispatchedTask')}
  0x00000001103ce5d0: 02c8 99d2 | 6243 a5f2 | 2200 c0f2 | 2108 40b9 | 2108 5cd2 | 49e0 2691 | 2801 40f9 | 3f00 08eb 
  0x00000001103ce5f0: a100 0054 | 48e0 44f9 | 0805 0091 | 48e0 04f9 | 1c00 0014 | 4920 2791 | 2801 40f9 | 3f00 08eb 
  0x00000001103ce610: a100 0054 | 48e8 44f9 | 0805 0091 | 48e8 04f9 | 1400 0014 | 49e0 2691 | 2801 40f9 | c800 00b5 
  0x00000001103ce630: 2101 00f9 | e803 40b2 | 4900 2791 | 2801 00f9 | 0c00 0014 | 4920 2791 | 2801 40f9 | c800 00b5 
  0x00000001103ce650: 2101 00f9 | e803 40b2 | 4940 2791 | 2801 00f9 | 0400 0014 | 48d4 44f9 | 0805 0091 | 48d4 04f9 
  0x00000001103ce670: e103 00aa | e9ff 9fd2 | e9ff bff2 | e9ff dff2 

  0x00000001103ce680: ; ImmutableOopMap {[336]=Oop }
                      ;*invokeinterface getContext {reexecute=0 rethrow=0 return_oop=0}
                      ; - kotlinx.coroutines.DispatchedTask::run@365 (line 105)
                      ;   {virtual_call}
  0x00000001103ce680: 8077 c095 

  0x00000001103ce684: ;   {other}
  0x00000001103ce684: 1f20 03d5 | 9f4e 86f2 | 1f60 86f2 | e1ab 40f9 

  0x00000001103ce694: ;   {metadata(method data for {method} {0x0000000128504278} 'run' '()V' in 'kotlinx/coroutines/DispatchedTask')}
  0x00000001103ce694: 02c8 99d2 | 6243 a5f2 | 2200 c0f2 | 2108 40b9 | 2108 5cd2 | 49c0 2791 | 2801 40f9 | 3f00 08eb 
  0x00000001103ce6b4: a100 0054 | 48fc 44f9 | 0805 0091 | 48fc 04f9 | 1c00 0014 | 4900 2891 | 2801 40f9 | 3f00 08eb 
  0x00000001103ce6d4: a100 0054 | 4804 45f9 | 0805 0091 | 4804 05f9 | 1400 0014 | 49c0 2791 | 2801 40f9 | c800 00b5 
  0x00000001103ce6f4: 2101 00f9 | e803 40b2 | 49e0 2791 | 2801 00f9 | 0c00 0014 | 4900 2891 | 2801 40f9 | c800 00b5 
  0x00000001103ce714: 2101 00f9 | e803 40b2 | 4920 2891 | 2801 00f9 | 0400 0014 | 48f0 44f9 | 0805 0091 | 48f0 04f9 
  0x00000001103ce734: e1ab 40f9 | e0af 00f9 

  0x00000001103ce73c: ; ImmutableOopMap {[344]=Oop }
                      ;*invokevirtual getCause {reexecute=0 rethrow=0 return_oop=0}
                      ; - kotlinx.coroutines.DispatchedTask::run@371 (line 105)
                      ;   {optimized virtual_call}
  0x00000001103ce73c: 9176 c095 

  0x00000001103ce740: ;   {other}
  0x00000001103ce740: 1f20 03d5 | 1f66 86f2 | 1f80 86f2 | e1af 40f9 | e203 00aa 

  0x00000001103ce754: ; ImmutableOopMap {}
                      ;*invokestatic handleCoroutineException {reexecute=0 rethrow=0 return_oop=0}
                      ; - kotlinx.coroutines.DispatchedTask::run@374 (line 105)
                      ;   {static_call}
  0x00000001103ce754: 0b78 c095 

  0x00000001103ce758: ;   {other}
  0x00000001103ce758: 1f20 03d5 | 1f69 86f2 | 1fa0 86f2 

  0x00000001103ce764: ;   {metadata(method data for {method} {0x0000000128504278} 'run' '()V' in 'kotlinx/coroutines/DispatchedTask')}
  0x00000001103ce764: 00c8 99d2 | 6043 a5f2 | 2000 c0f2 | 0114 45f9 | 2104 0091 | 0114 05f9 | fd7b 57a9 | ff03 0691 
  0x00000001103ce784: ;   {poll_return}
  0x00000001103ce784: 882b 42f9 | ff63 28eb | 282a 0054 | c003 5fd6 

  0x00000001103ce794: ;   {metadata({method} {0x0000000128504278} 'run' '()V' in 'kotlinx/coroutines/DispatchedTask')}
  0x00000001103ce794: 084f 88d2 | 080a a5f2 | 2800 c0f2 | e807 00f9 | 0800 8092 | e803 00f9 

  0x00000001103ce7ac: ; ImmutableOopMap {c_rarg1=Oop [176]=Oop }
                      ;*synchronization entry
                      ; - kotlinx.coroutines.DispatchedTask::run@-1 (line 78)
                      ;   {runtime_call counter_overflow Runtime1 stub}
  0x00000001103ce7ac: 75e9 c395 | 7df5 ff17 

  0x00000001103ce7b4: ;   {metadata({method} {0x00000001284e52d8} 'getASSERTIONS_ENABLED' '()Z' in 'kotlinx/coroutines/DebugKt')}
  0x00000001103ce7b4: 085b 8ad2 | c809 a5f2 | 2800 c0f2 | e807 00f9 | 0800 8092 | e803 00f9 

  0x00000001103ce7cc: ; ImmutableOopMap {c_rarg1=Oop [176]=Oop }
                      ;*synchronization entry
                      ; - kotlinx.coroutines.DebugKt::getASSERTIONS_ENABLED@-1 (line 63)
                      ; - kotlinx.coroutines.DispatchedTask::run@0 (line 78)
                      ;   {runtime_call counter_overflow Runtime1 stub}
  0x00000001103ce7cc: 6de9 c395 | 84f5 ff17 

  0x00000001103ce7d4: ;   {metadata({method} {0x0000000128402b58} 'checkNotNull' '(Ljava/lang/Object;Ljava/lang/String;)V' in 'kotlin/jvm/internal/Intrinsics')}
  0x00000001103ce7d4: 086b 85d2 | 0808 a5f2 | 2800 c0f2 | e807 00f9 | 0800 8092 | e803 00f9 

  0x00000001103ce7ec: ; ImmutableOopMap {c_rarg0=Oop [176]=Oop [184]=Oop }
                      ;*synchronization entry
                      ; - kotlin.jvm.internal.Intrinsics::checkNotNull@-1 (line 30)
                      ; - kotlinx.coroutines.DispatchedTask::run@40 (line 80)
                      ;   {runtime_call counter_overflow Runtime1 stub}
  0x00000001103ce7ec: 65e9 c395 | c4f5 ff17 

  0x00000001103ce7f4: ;   {metadata({method} {0x0000000128402e28} 'throwJavaNpe' '(Ljava/lang/String;)V' in 'kotlin/jvm/internal/Intrinsics')}
  0x00000001103ce7f4: 08c5 85d2 | 0808 a5f2 | 2800 c0f2 | e807 00f9 | 0800 8092 | e803 00f9 

  0x00000001103ce80c: ; ImmutableOopMap {[176]=Oop [184]=Oop }
                      ;*synchronization entry
                      ; - kotlin.jvm.internal.Intrinsics::throwJavaNpe@-1 (line 50)
                      ; - kotlin.jvm.internal.Intrinsics::checkNotNull@5 (line 31)
                      ; - kotlinx.coroutines.DispatchedTask::run@40 (line 80)
                      ;   {runtime_call counter_overflow Runtime1 stub}
  0x00000001103ce80c: 5de9 c395 | d7f5 ff17 

  0x00000001103ce814: ; ImmutableOopMap {[176]=Oop [184]=Oop }
                      ;*new {reexecute=0 rethrow=0 return_oop=0}
                      ; - kotlin.jvm.internal.Intrinsics::throwJavaNpe@0 (line 50)
                      ; - kotlin.jvm.internal.Intrinsics::checkNotNull@5 (line 31)
                      ; - kotlinx.coroutines.DispatchedTask::run@40 (line 80)
                      ;   {runtime_call fast_new_instance Runtime1 stub}
  0x00000001103ce814: 7b99 c195 | e4f5 ff17 

  0x00000001103ce81c: ;   {metadata({method} {0x0000000128404cd0} 'sanitizeStackTrace' '(Ljava/lang/Throwable;)Ljava/lang/Throwable;' in 'kotlin/jvm/internal/Intrinsics')}
  0x00000001103ce81c: 089a 89d2 | 0808 a5f2 | 2800 c0f2 | e807 00f9 | 0800 8092 | e803 00f9 

  0x00000001103ce834: ; ImmutableOopMap {[176]=Oop [184]=Oop [192]=Oop }
                      ;*synchronization entry
                      ; - kotlin.jvm.internal.Intrinsics::sanitizeStackTrace@-1 (line 253)
                      ; - kotlin.jvm.internal.Intrinsics::throwJavaNpe@8 (line 50)
                      ; - kotlin.jvm.internal.Intrinsics::checkNotNull@5 (line 31)
                      ; - kotlinx.coroutines.DispatchedTask::run@40 (line 80)
                      ;   {runtime_call counter_overflow Runtime1 stub}
  0x00000001103ce834: 53e9 c395 | fbf5 ff17 

  0x00000001103ce83c: ;   {metadata({method} {0x00000070004684b0} 'getName' '()Ljava/lang/String;' in 'java/lang/Class')}
  0x00000001103ce83c: 0896 90d2 | c808 a0f2 | 080e c0f2 | e807 00f9 | 0800 8092 | e803 00f9 

  0x00000001103ce854: ; ImmutableOopMap {c_rarg1=Oop [176]=Oop [184]=Oop [192]=Oop }
                      ;*synchronization entry
                      ; - java.lang.Class::getName@-1 (line 949)
                      ; - kotlin.jvm.internal.Intrinsics::sanitizeStackTrace@3 (line 253)
                      ; - kotlin.jvm.internal.Intrinsics::throwJavaNpe@8 (line 50)
                      ; - kotlin.jvm.internal.Intrinsics::checkNotNull@5 (line 31)
                      ; - kotlinx.coroutines.DispatchedTask::run@40 (line 80)
                      ;   {runtime_call counter_overflow Runtime1 stub}
  0x00000001103ce854: 4be9 c395 | 06f6 ff17 

  0x00000001103ce85c: ; ImmutableOopMap {[176]=Oop [184]=Oop [192]=Oop }
                      ;*getfield name {reexecute=1 rethrow=0 return_oop=0}
                      ; - (reexecute) java.lang.Class::getName@1 (line 949)
                      ; - kotlin.jvm.internal.Intrinsics::sanitizeStackTrace@3 (line 253)
                      ; - kotlin.jvm.internal.Intrinsics::throwJavaNpe@8 (line 50)
                      ; - kotlin.jvm.internal.Intrinsics::checkNotNull@5 (line 31)
                      ; - kotlinx.coroutines.DispatchedTask::run@40 (line 80)
                      ;   {runtime_call throw_null_pointer_exception Runtime1 stub}
  0x00000001103ce85c: a99b c195 | e803 00aa 

  0x00000001103ce864: ; ImmutableOopMap {[176]=Oop }
                      ;*checkcast {reexecute=0 rethrow=0 return_oop=0}
                      ; - kotlinx.coroutines.DispatchedTask::run@43 (line 80)
                      ;   {runtime_call throw_class_cast_exception Runtime1 stub}
  0x00000001103ce864: 87df c395 

  0x00000001103ce868: ; ImmutableOopMap {c_rarg1=Oop [176]=Oop }
                      ;*getfield continuation {reexecute=1 rethrow=0 return_oop=0}
                      ; - (reexecute) kotlinx.coroutines.DispatchedTask::run@48 (line 81)
                      ;   {runtime_call throw_null_pointer_exception Runtime1 stub}
  0x00000001103ce868: a69b c195 

  0x00000001103ce86c: ; ImmutableOopMap {c_rarg0=Oop c_rarg2=Oop [176]=Oop }
                      ;*invokeinterface getContext {reexecute=0 rethrow=0 return_oop=0}
                      ; - kotlinx.coroutines.DispatchedTask::run@61 (line 222)
                      ;   {runtime_call throw_null_pointer_exception Runtime1 stub}
  0x00000001103ce86c: a59b c195 

  0x00000001103ce870: ;   {metadata({method} {0x000000012851de00} 'isCancellableMode' '(I)Z' in 'kotlinx/coroutines/DispatchedTaskKt')}
  0x00000001103ce870: 08c0 9bd2 | 280a a5f2 | 2800 c0f2 | e807 00f9 | 0800 8092 | e803 00f9 

  0x00000001103ce888: ; ImmutableOopMap {c_rarg0=Oop c_rarg1=Oop [176]=Oop [208]=Oop [216]=Oop [224]=Oop [232]=Oop [240]=Oop [248]=Oop [256]=Oop }
                      ;*synchronization entry
                      ; - kotlinx.coroutines.DispatchedTaskKt::isCancellableMode@-1 (line 43)
                      ; - kotlinx.coroutines.DispatchedTask::run@133 (line 91)
                      ;   {runtime_call counter_overflow Runtime1 stub}
  0x00000001103ce888: 3ee9 c395 | 7af7 ff17 

  0x00000001103ce890: ; ImmutableOopMap {c_rarg0=Oop [176]=Oop [208]=Oop [216]=Oop [224]=Oop [232]=Oop [248]=Oop [256]=Oop }
                      ;*invokeinterface get {reexecute=0 rethrow=0 return_oop=0}
                      ; - kotlinx.coroutines.DispatchedTask::run@147 (line 91)
                      ;   {runtime_call throw_null_pointer_exception Runtime1 stub}
  0x00000001103ce890: 9c9b c195 | e803 00aa 

  0x00000001103ce898: ; ImmutableOopMap {[176]=Oop [208]=Oop [216]=Oop [224]=Oop [232]=Oop [248]=Oop [256]=Oop }
                      ;*checkcast {reexecute=0 rethrow=0 return_oop=0}
                      ; - kotlinx.coroutines.DispatchedTask::run@152 (line 91)
                      ;   {runtime_call throw_class_cast_exception Runtime1 stub}
  0x00000001103ce898: 7adf c395 

  0x00000001103ce89c: ; ImmutableOopMap {c_rarg2=Oop [176]=Oop [208]=Oop [216]=Oop [224]=Oop [232]=Oop [248]=Oop [256]=Oop }
                      ;*invokeinterface isActive {reexecute=0 rethrow=0 return_oop=0}
                      ; - kotlinx.coroutines.DispatchedTask::run@168 (line 92)
                      ;   {runtime_call throw_null_pointer_exception Runtime1 stub}
  0x00000001103ce89c: 999b c195 

  0x00000001103ce8a0: ;   {metadata({method} {0x0000000128529e98} 'createFailure' '(Ljava/lang/Throwable;)Ljava/lang/Object;' in 'kotlin/ResultKt')}
  0x00000001103ce8a0: 08d3 93d2 | 480a a5f2 | 2800 c0f2 | e807 00f9 | 0800 8092 | e803 00f9 

  0x00000001103ce8b8: ; ImmutableOopMap {c_rarg0=Oop [176]=Oop [208]=Oop [216]=Oop [224]=Oop [232]=Oop [256]=Oop }
                      ;*synchronization entry
                      ; - kotlin.ResultKt::createFailure@-1
                      ; - kotlinx.coroutines.DispatchedTask::run@273 (line 98)
                      ;   {runtime_call counter_overflow Runtime1 stub}
  0x00000001103ce8b8: 32e9 c395 | 83f8 ff17 

  0x00000001103ce8c0: ;   {metadata({method} {0x0000000128403ad0} 'checkNotNullParameter' '(Ljava/lang/Object;Ljava/lang/String;)V' in 'kotlin/jvm/internal/Intrinsics')}
  0x00000001103ce8c0: 085a 87d2 | 0808 a5f2 | 2800 c0f2 | e807 00f9 | 0800 8092 | e803 00f9 

  0x00000001103ce8d8: ; ImmutableOopMap {c_rarg0=Oop [176]=Oop [208]=Oop [216]=Oop [224]=Oop [232]=Oop [256]=Oop }
                      ;*synchronization entry
                      ; - kotlin.jvm.internal.Intrinsics::checkNotNullParameter@-1 (line 130)
                      ; - kotlin.ResultKt::createFailure@3
                      ; - kotlinx.coroutines.DispatchedTask::run@273 (line 98)
                      ;   {runtime_call counter_overflow Runtime1 stub}
  0x00000001103ce8d8: 2ae9 c395 | 8af8 ff17 

  0x00000001103ce8e0: ;   {metadata({method} {0x0000000128403c50} 'throwParameterIsNullNPE' '(Ljava/lang/String;)V' in 'kotlin/jvm/internal/Intrinsics')}
  0x00000001103ce8e0: 088a 87d2 | 0808 a5f2 | 2800 c0f2 | e807 00f9 | 0800 8092 | e803 00f9 

  0x00000001103ce8f8: ; ImmutableOopMap {[176]=Oop [208]=Oop [216]=Oop [224]=Oop [232]=Oop [256]=Oop }
                      ;*synchronization entry
                      ; - kotlin.jvm.internal.Intrinsics::throwParameterIsNullNPE@-1 (line 140)
                      ; - kotlin.jvm.internal.Intrinsics::checkNotNullParameter@5 (line 131)
                      ; - kotlin.ResultKt::createFailure@3
                      ; - kotlinx.coroutines.DispatchedTask::run@273 (line 98)
                      ;   {runtime_call counter_overflow Runtime1 stub}
  0x00000001103ce8f8: 22e9 c395 | 9df8 ff17 

  0x00000001103ce900: ; ImmutableOopMap {[176]=Oop [208]=Oop [216]=Oop [224]=Oop [232]=Oop [256]=Oop }
                      ;*new {reexecute=0 rethrow=0 return_oop=0}
                      ; - kotlin.jvm.internal.Intrinsics::throwParameterIsNullNPE@0 (line 140)
                      ; - kotlin.jvm.internal.Intrinsics::checkNotNullParameter@5 (line 131)
                      ; - kotlin.ResultKt::createFailure@3
                      ; - kotlinx.coroutines.DispatchedTask::run@273 (line 98)
                      ;   {runtime_call fast_new_instance Runtime1 stub}
  0x00000001103ce900: 4099 c195 | aaf8 ff17 

  0x00000001103ce908: ;   {metadata({method} {0x0000000128404cd0} 'sanitizeStackTrace' '(Ljava/lang/Throwable;)Ljava/lang/Throwable;' in 'kotlin/jvm/internal/Intrinsics')}
  0x00000001103ce908: 089a 89d2 | 0808 a5f2 | 2800 c0f2 | e807 00f9 | 0800 8092 | e803 00f9 

  0x00000001103ce920: ; ImmutableOopMap {[176]=Oop [208]=Oop [216]=Oop [224]=Oop [232]=Oop [256]=Oop [272]=Oop }
                      ;*synchronization entry
                      ; - kotlin.jvm.internal.Intrinsics::sanitizeStackTrace@-1 (line 253)
                      ; - kotlin.jvm.internal.Intrinsics::throwParameterIsNullNPE@11 (line 140)
                      ; - kotlin.jvm.internal.Intrinsics::checkNotNullParameter@5 (line 131)
                      ; - kotlin.ResultKt::createFailure@3
                      ; - kotlinx.coroutines.DispatchedTask::run@273 (line 98)
                      ;   {runtime_call counter_overflow Runtime1 stub}
  0x00000001103ce920: 18e9 c395 | ccf8 ff17 

  0x00000001103ce928: ;   {metadata({method} {0x00000070004684b0} 'getName' '()Ljava/lang/String;' in 'java/lang/Class')}
  0x00000001103ce928: 0896 90d2 | c808 a0f2 | 080e c0f2 | e807 00f9 | 0800 8092 | e803 00f9 

  0x00000001103ce940: ; ImmutableOopMap {c_rarg1=Oop [176]=Oop [208]=Oop [216]=Oop [224]=Oop [232]=Oop [256]=Oop [272]=Oop }
                      ;*synchronization entry
                      ; - java.lang.Class::getName@-1 (line 949)
                      ; - kotlin.jvm.internal.Intrinsics::sanitizeStackTrace@3 (line 253)
                      ; - kotlin.jvm.internal.Intrinsics::throwParameterIsNullNPE@11 (line 140)
                      ; - kotlin.jvm.internal.Intrinsics::checkNotNullParameter@5 (line 131)
                      ; - kotlin.ResultKt::createFailure@3
                      ; - kotlinx.coroutines.DispatchedTask::run@273 (line 98)
                      ;   {runtime_call counter_overflow Runtime1 stub}
  0x00000001103ce940: 10e9 c395 | d7f8 ff17 

  0x00000001103ce948: ; ImmutableOopMap {[176]=Oop [208]=Oop [216]=Oop [224]=Oop [232]=Oop [256]=Oop [272]=Oop }
                      ;*getfield name {reexecute=1 rethrow=0 return_oop=0}
                      ; - (reexecute) java.lang.Class::getName@1 (line 949)
                      ; - kotlin.jvm.internal.Intrinsics::sanitizeStackTrace@3 (line 253)
                      ; - kotlin.jvm.internal.Intrinsics::throwParameterIsNullNPE@11 (line 140)
                      ; - kotlin.jvm.internal.Intrinsics::checkNotNullParameter@5 (line 131)
                      ; - kotlin.ResultKt::createFailure@3
                      ; - kotlinx.coroutines.DispatchedTask::run@273 (line 98)
                      ;   {runtime_call throw_null_pointer_exception Runtime1 stub}
  0x00000001103ce948: 6e9b c195 

  0x00000001103ce94c: ; ImmutableOopMap {c_rarg2=Oop [176]=Oop [208]=Oop [216]=Oop [224]=Oop [232]=Oop [256]=Oop }
                      ;*new {reexecute=0 rethrow=0 return_oop=0}
                      ; - kotlin.ResultKt::createFailure@6 (line 122)
                      ; - kotlinx.coroutines.DispatchedTask::run@273 (line 98)
                      ;   {runtime_call fast_new_instance Runtime1 stub}
  0x00000001103ce94c: 2d99 c195 | 09f9 ff17 

  0x00000001103ce954: ;   {metadata({method} {0x000000012850f8b8} '<init>' '(Ljava/lang/Throwable;)V' in 'kotlin/Result$Failure')}
  0x00000001103ce954: 0817 9fd2 | 080a a5f2 | 2800 c0f2 | e807 00f9 | 0800 8092 | e803 00f9 

  0x00000001103ce96c: ; ImmutableOopMap {c_rarg2=Oop c_rarg0=Oop [176]=Oop [208]=Oop [216]=Oop [224]=Oop [232]=Oop [256]=Oop [288]=Oop }
                      ;*synchronization entry
                      ; - kotlin.Result$Failure::<init>@-1
                      ; - kotlin.ResultKt::createFailure@11 (line 122)
                      ; - kotlinx.coroutines.DispatchedTask::run@273 (line 98)
                      ;   {runtime_call counter_overflow Runtime1 stub}
  0x00000001103ce96c: 05e9 c395 | 12f9 ff17 

  0x00000001103ce974: ;   {metadata({method} {0x0000000128403ad0} 'checkNotNullParameter' '(Ljava/lang/Object;Ljava/lang/String;)V' in 'kotlin/jvm/internal/Intrinsics')}
  0x00000001103ce974: 085a 87d2 | 0808 a5f2 | 2800 c0f2 | e807 00f9 | 0800 8092 | e803 00f9 

  0x00000001103ce98c: ; ImmutableOopMap {c_rarg2=Oop c_rarg0=Oop [176]=Oop [208]=Oop [216]=Oop [224]=Oop [232]=Oop [256]=Oop [288]=Oop }
                      ;*synchronization entry
                      ; - kotlin.jvm.internal.Intrinsics::checkNotNullParameter@-1 (line 130)
                      ; - kotlin.Result$Failure::<init>@3
                      ; - kotlin.ResultKt::createFailure@11 (line 122)
                      ; - kotlinx.coroutines.DispatchedTask::run@273 (line 98)
                      ;   {runtime_call counter_overflow Runtime1 stub}
  0x00000001103ce98c: fde8 c395 | 19f9 ff17 

  0x00000001103ce994: ;   {metadata({method} {0x0000000128403c50} 'throwParameterIsNullNPE' '(Ljava/lang/String;)V' in 'kotlin/jvm/internal/Intrinsics')}
  0x00000001103ce994: 088a 87d2 | 0808 a5f2 | 2800 c0f2 | e807 00f9 | 0800 8092 | e803 00f9 

  0x00000001103ce9ac: ; ImmutableOopMap {[176]=Oop [208]=Oop [216]=Oop [224]=Oop [232]=Oop [256]=Oop [288]=Oop }
                      ;*synchronization entry
                      ; - kotlin.jvm.internal.Intrinsics::throwParameterIsNullNPE@-1 (line 140)
                      ; - kotlin.jvm.internal.Intrinsics::checkNotNullParameter@5 (line 131)
                      ; - kotlin.Result$Failure::<init>@3
                      ; - kotlin.ResultKt::createFailure@11 (line 122)
                      ; - kotlinx.coroutines.DispatchedTask::run@273 (line 98)
                      ;   {runtime_call counter_overflow Runtime1 stub}
  0x00000001103ce9ac: f5e8 c395 | 2cf9 ff17 

  0x00000001103ce9b4: ; ImmutableOopMap {[176]=Oop [208]=Oop [216]=Oop [224]=Oop [232]=Oop [256]=Oop [288]=Oop }
                      ;*new {reexecute=0 rethrow=0 return_oop=0}
                      ; - kotlin.jvm.internal.Intrinsics::throwParameterIsNullNPE@0 (line 140)
                      ; - kotlin.jvm.internal.Intrinsics::checkNotNullParameter@5 (line 131)
                      ; - kotlin.Result$Failure::<init>@3
                      ; - kotlin.ResultKt::createFailure@11 (line 122)
                      ; - kotlinx.coroutines.DispatchedTask::run@273 (line 98)
                      ;   {runtime_call fast_new_instance Runtime1 stub}
  0x00000001103ce9b4: 1399 c195 | 39f9 ff17 

  0x00000001103ce9bc: ;   {metadata({method} {0x0000000128404cd0} 'sanitizeStackTrace' '(Ljava/lang/Throwable;)Ljava/lang/Throwable;' in 'kotlin/jvm/internal/Intrinsics')}
  0x00000001103ce9bc: 089a 89d2 | 0808 a5f2 | 2800 c0f2 | e807 00f9 | 0800 8092 | e803 00f9 

  0x00000001103ce9d4: ; ImmutableOopMap {[176]=Oop [208]=Oop [216]=Oop [224]=Oop [232]=Oop [256]=Oop [280]=Oop [288]=Oop }
                      ;*synchronization entry
                      ; - kotlin.jvm.internal.Intrinsics::sanitizeStackTrace@-1 (line 253)
                      ; - kotlin.jvm.internal.Intrinsics::throwParameterIsNullNPE@11 (line 140)
                      ; - kotlin.jvm.internal.Intrinsics::checkNotNullParameter@5 (line 131)
                      ; - kotlin.Result$Failure::<init>@3
                      ; - kotlin.ResultKt::createFailure@11 (line 122)
                      ; - kotlinx.coroutines.DispatchedTask::run@273 (line 98)
                      ;   {runtime_call counter_overflow Runtime1 stub}
  0x00000001103ce9d4: ebe8 c395 | 5bf9 ff17 

  0x00000001103ce9dc: ;   {metadata({method} {0x00000070004684b0} 'getName' '()Ljava/lang/String;' in 'java/lang/Class')}
  0x00000001103ce9dc: 0896 90d2 | c808 a0f2 | 080e c0f2 | e807 00f9 | 0800 8092 | e803 00f9 

  0x00000001103ce9f4: ; ImmutableOopMap {c_rarg1=Oop [176]=Oop [208]=Oop [216]=Oop [224]=Oop [232]=Oop [256]=Oop [280]=Oop [288]=Oop }
                      ;*synchronization entry
                      ; - java.lang.Class::getName@-1 (line 949)
                      ; - kotlin.jvm.internal.Intrinsics::sanitizeStackTrace@3 (line 253)
                      ; - kotlin.jvm.internal.Intrinsics::throwParameterIsNullNPE@11 (line 140)
                      ; - kotlin.jvm.internal.Intrinsics::checkNotNullParameter@5 (line 131)
                      ; - kotlin.Result$Failure::<init>@3
                      ; - kotlin.ResultKt::createFailure@11 (line 122)
                      ; - kotlinx.coroutines.DispatchedTask::run@273 (line 98)
                      ;   {runtime_call counter_overflow Runtime1 stub}
  0x00000001103ce9f4: e3e8 c395 | 66f9 ff17 

  0x00000001103ce9fc: ; ImmutableOopMap {[176]=Oop [208]=Oop [216]=Oop [224]=Oop [232]=Oop [256]=Oop [280]=Oop [288]=Oop }
                      ;*getfield name {reexecute=1 rethrow=0 return_oop=0}
                      ; - (reexecute) java.lang.Class::getName@1 (line 949)
                      ; - kotlin.jvm.internal.Intrinsics::sanitizeStackTrace@3 (line 253)
                      ; - kotlin.jvm.internal.Intrinsics::throwParameterIsNullNPE@11 (line 140)
                      ; - kotlin.jvm.internal.Intrinsics::checkNotNullParameter@5 (line 131)
                      ; - kotlin.Result$Failure::<init>@3
                      ; - kotlin.ResultKt::createFailure@11 (line 122)
                      ; - kotlinx.coroutines.DispatchedTask::run@273 (line 98)
                      ;   {runtime_call throw_null_pointer_exception Runtime1 stub}
  0x00000001103ce9fc: 419b c195 

  0x00000001103cea00: ;   {metadata({method} {0x0000007000473798} '<init>' '()V' in 'java/lang/Object')}
  0x00000001103cea00: 08f3 86d2 | e808 a0f2 | 080e c0f2 | e807 00f9 | 0800 8092 | e803 00f9 

  0x00000001103cea18: ; ImmutableOopMap {c_rarg3=Oop c_rarg0=Oop [176]=Oop [208]=Oop [216]=Oop [224]=Oop [232]=Oop [256]=Oop [288]=Oop }
                      ;*synchronization entry
                      ; - java.lang.Object::<init>@-1 (line 45)
                      ; - kotlin.Result$Failure::<init>@7 (line 105)
                      ; - kotlin.ResultKt::createFailure@11 (line 122)
                      ; - kotlinx.coroutines.DispatchedTask::run@273 (line 98)
                      ;   {runtime_call counter_overflow Runtime1 stub}
  0x00000001103cea18: dae8 c395 | 94f9 ff17 | 020c 40b9 | 42f0 7dd3 | 8232 ffb4 | e203 00f9 

  0x00000001103cea30: ;   {runtime_call g1_pre_barrier_slow}
  0x00000001103cea30: 54ea c395 | 91f9 ff17 | c332 ffb4 | e003 00f9 

  0x00000001103cea40: ;   {runtime_call g1_post_barrier_slow}
  0x00000001103cea40: 10eb c395 | 93f9 ff17 

  0x00000001103cea48: ;   {metadata({method} {0x000000012850b920} 'constructor-impl' '(Ljava/lang/Object;)Ljava/lang/Object;' in 'kotlin/Result')}
  0x00000001103cea48: 0824 97d2 | 080a a5f2 | 2800 c0f2 | e807 00f9 | 0800 8092 | e803 00f9 

  0x00000001103cea60: ; ImmutableOopMap {c_rarg0=Oop [176]=Oop [208]=Oop [216]=Oop [224]=Oop [232]=Oop [288]=Oop }
                      ;*synchronization entry
                      ; - kotlin.Result::constructor-impl@-1
                      ; - kotlinx.coroutines.DispatchedTask::run@276 (line 98)
                      ;   {runtime_call counter_overflow Runtime1 stub}
  0x00000001103cea60: c8e8 c395 | 9bf9 ff17 

  0x00000001103cea68: ;   {metadata({method} {0x000000012850b920} 'constructor-impl' '(Ljava/lang/Object;)Ljava/lang/Object;' in 'kotlin/Result')}
  0x00000001103cea68: 0824 97d2 | 080a a5f2 | 2800 c0f2 | e807 00f9 | 0800 8092 | e803 00f9 

  0x00000001103cea80: ; ImmutableOopMap {c_rarg0=Oop [176]=Oop [208]=Oop [216]=Oop [224]=Oop [232]=Oop }
                      ;*synchronization entry
                      ; - kotlin.Result::constructor-impl@-1
                      ; - kotlinx.coroutines.DispatchedTask::run@298 (line 100)
                      ;   {runtime_call counter_overflow Runtime1 stub}
  0x00000001103cea80: c0e8 c395 | 0dfa ff17 

  0x00000001103cea88: ;   {metadata({method} {0x00000001284e5408} 'getRECOVER_STACK_TRACES' '()Z' in 'kotlinx/coroutines/DebugKt')}
  0x00000001103cea88: 0881 8ad2 | c809 a5f2 | 2800 c0f2 | e807 00f9 | 0800 8092 | e803 00f9 

  0x00000001103ceaa0: ; ImmutableOopMap {[176]=Oop [208]=Oop [216]=Oop [224]=Oop [232]=Oop [296]=Oop }
                      ;*synchronization entry
                      ; - kotlinx.coroutines.DebugKt::getRECOVER_STACK_TRACES@-1 (line 77)
                      ; - kotlinx.coroutines.DispatchedTask::run@211 (line 233)
                      ;   {runtime_call counter_overflow Runtime1 stub}
  0x00000001103ceaa0: b8e8 c395 | adfa ff17 

  0x00000001103ceaa8: ;   {metadata({method} {0x0000000128529e98} 'createFailure' '(Ljava/lang/Throwable;)Ljava/lang/Object;' in 'kotlin/ResultKt')}
  0x00000001103ceaa8: 08d3 93d2 | 480a a5f2 | 2800 c0f2 | e807 00f9 | 0800 8092 | e803 00f9 

  0x00000001103ceac0: ; ImmutableOopMap {c_rarg0=Oop [176]=Oop [208]=Oop [216]=Oop [224]=Oop [232]=Oop [296]=Oop }
                      ;*synchronization entry
                      ; - kotlin.ResultKt::createFailure@-1
                      ; - kotlinx.coroutines.DispatchedTask::run@246 (line 232)
                      ;   {runtime_call counter_overflow Runtime1 stub}
  0x00000001103ceac0: b0e8 c395 | c1fa ff17 

  0x00000001103ceac8: ;   {metadata({method} {0x0000000128403ad0} 'checkNotNullParameter' '(Ljava/lang/Object;Ljava/lang/String;)V' in 'kotlin/jvm/internal/Intrinsics')}
  0x00000001103ceac8: 085a 87d2 | 0808 a5f2 | 2800 c0f2 | e807 00f9 | 0800 8092 | e803 00f9 

  0x00000001103ceae0: ; ImmutableOopMap {c_rarg0=Oop [176]=Oop [208]=Oop [216]=Oop [224]=Oop [232]=Oop [296]=Oop }
                      ;*synchronization entry
                      ; - kotlin.jvm.internal.Intrinsics::checkNotNullParameter@-1 (line 130)
                      ; - kotlin.ResultKt::createFailure@3
                      ; - kotlinx.coroutines.DispatchedTask::run@246 (line 232)
                      ;   {runtime_call counter_overflow Runtime1 stub}
  0x00000001103ceae0: a8e8 c395 | c8fa ff17 

  0x00000001103ceae8: ;   {metadata({method} {0x0000000128403c50} 'throwParameterIsNullNPE' '(Ljava/lang/String;)V' in 'kotlin/jvm/internal/Intrinsics')}
  0x00000001103ceae8: 088a 87d2 | 0808 a5f2 | 2800 c0f2 | e807 00f9 | 0800 8092 | e803 00f9 

  0x00000001103ceb00: ; ImmutableOopMap {[176]=Oop [208]=Oop [216]=Oop [224]=Oop [232]=Oop [296]=Oop }
                      ;*synchronization entry
                      ; - kotlin.jvm.internal.Intrinsics::throwParameterIsNullNPE@-1 (line 140)
                      ; - kotlin.jvm.internal.Intrinsics::checkNotNullParameter@5 (line 131)
                      ; - kotlin.ResultKt::createFailure@3
                      ; - kotlinx.coroutines.DispatchedTask::run@246 (line 232)
                      ;   {runtime_call counter_overflow Runtime1 stub}
  0x00000001103ceb00: a0e8 c395 | dbfa ff17 

  0x00000001103ceb08: ; ImmutableOopMap {[176]=Oop [208]=Oop [216]=Oop [224]=Oop [232]=Oop [296]=Oop }
                      ;*new {reexecute=0 rethrow=0 return_oop=0}
                      ; - kotlin.jvm.internal.Intrinsics::throwParameterIsNullNPE@0 (line 140)
                      ; - kotlin.jvm.internal.Intrinsics::checkNotNullParameter@5 (line 131)
                      ; - kotlin.ResultKt::createFailure@3
                      ; - kotlinx.coroutines.DispatchedTask::run@246 (line 232)
                      ;   {runtime_call fast_new_instance Runtime1 stub}
  0x00000001103ceb08: be98 c195 | e8fa ff17 

  0x00000001103ceb10: ;   {metadata({method} {0x0000000128404cd0} 'sanitizeStackTrace' '(Ljava/lang/Throwable;)Ljava/lang/Throwable;' in 'kotlin/jvm/internal/Intrinsics')}
  0x00000001103ceb10: 089a 89d2 | 0808 a5f2 | 2800 c0f2 | e807 00f9 | 0800 8092 | e803 00f9 

  0x00000001103ceb28: ; ImmutableOopMap {[176]=Oop [208]=Oop [216]=Oop [224]=Oop [232]=Oop [296]=Oop [304]=Oop }
                      ;*synchronization entry
                      ; - kotlin.jvm.internal.Intrinsics::sanitizeStackTrace@-1 (line 253)
                      ; - kotlin.jvm.internal.Intrinsics::throwParameterIsNullNPE@11 (line 140)
                      ; - kotlin.jvm.internal.Intrinsics::checkNotNullParameter@5 (line 131)
                      ; - kotlin.ResultKt::createFailure@3
                      ; - kotlinx.coroutines.DispatchedTask::run@246 (line 232)
                      ;   {runtime_call counter_overflow Runtime1 stub}
  0x00000001103ceb28: 96e8 c395 | 0afb ff17 

  0x00000001103ceb30: ;   {metadata({method} {0x00000070004684b0} 'getName' '()Ljava/lang/String;' in 'java/lang/Class')}
  0x00000001103ceb30: 0896 90d2 | c808 a0f2 | 080e c0f2 | e807 00f9 | 0800 8092 | e803 00f9 

  0x00000001103ceb48: ; ImmutableOopMap {c_rarg1=Oop [176]=Oop [208]=Oop [216]=Oop [224]=Oop [232]=Oop [296]=Oop [304]=Oop }
                      ;*synchronization entry
                      ; - java.lang.Class::getName@-1 (line 949)
                      ; - kotlin.jvm.internal.Intrinsics::sanitizeStackTrace@3 (line 253)
                      ; - kotlin.jvm.internal.Intrinsics::throwParameterIsNullNPE@11 (line 140)
                      ; - kotlin.jvm.internal.Intrinsics::checkNotNullParameter@5 (line 131)
                      ; - kotlin.ResultKt::createFailure@3
                      ; - kotlinx.coroutines.DispatchedTask::run@246 (line 232)
                      ;   {runtime_call counter_overflow Runtime1 stub}
  0x00000001103ceb48: 8ee8 c395 | 15fb ff17 

  0x00000001103ceb50: ; ImmutableOopMap {[176]=Oop [208]=Oop [216]=Oop [224]=Oop [232]=Oop [296]=Oop [304]=Oop }
                      ;*getfield name {reexecute=1 rethrow=0 return_oop=0}
                      ; - (reexecute) java.lang.Class::getName@1 (line 949)
                      ; - kotlin.jvm.internal.Intrinsics::sanitizeStackTrace@3 (line 253)
                      ; - kotlin.jvm.internal.Intrinsics::throwParameterIsNullNPE@11 (line 140)
                      ; - kotlin.jvm.internal.Intrinsics::checkNotNullParameter@5 (line 131)
                      ; - kotlin.ResultKt::createFailure@3
                      ; - kotlinx.coroutines.DispatchedTask::run@246 (line 232)
                      ;   {runtime_call throw_null_pointer_exception Runtime1 stub}
  0x00000001103ceb50: ec9a c195 

  0x00000001103ceb54: ; ImmutableOopMap {c_rarg2=Oop [176]=Oop [208]=Oop [216]=Oop [224]=Oop [232]=Oop [296]=Oop }
                      ;*new {reexecute=0 rethrow=0 return_oop=0}
                      ; - kotlin.ResultKt::createFailure@6 (line 122)
                      ; - kotlinx.coroutines.DispatchedTask::run@246 (line 232)
                      ;   {runtime_call fast_new_instance Runtime1 stub}
  0x00000001103ceb54: ab98 c195 | 47fb ff17 

  0x00000001103ceb5c: ;   {metadata({method} {0x000000012850f8b8} '<init>' '(Ljava/lang/Throwable;)V' in 'kotlin/Result$Failure')}
  0x00000001103ceb5c: 0817 9fd2 | 080a a5f2 | 2800 c0f2 | e807 00f9 | 0800 8092 | e803 00f9 

  0x00000001103ceb74: ; ImmutableOopMap {c_rarg2=Oop c_rarg0=Oop [176]=Oop [208]=Oop [216]=Oop [224]=Oop [232]=Oop [296]=Oop [320]=Oop }
                      ;*synchronization entry
                      ; - kotlin.Result$Failure::<init>@-1
                      ; - kotlin.ResultKt::createFailure@11 (line 122)
                      ; - kotlinx.coroutines.DispatchedTask::run@246 (line 232)
                      ;   {runtime_call counter_overflow Runtime1 stub}
  0x00000001103ceb74: 83e8 c395 | 50fb ff17 

  0x00000001103ceb7c: ;   {metadata({method} {0x0000000128403ad0} 'checkNotNullParameter' '(Ljava/lang/Object;Ljava/lang/String;)V' in 'kotlin/jvm/internal/Intrinsics')}
  0x00000001103ceb7c: 085a 87d2 | 0808 a5f2 | 2800 c0f2 | e807 00f9 | 0800 8092 | e803 00f9 

  0x00000001103ceb94: ; ImmutableOopMap {c_rarg2=Oop c_rarg0=Oop [176]=Oop [208]=Oop [216]=Oop [224]=Oop [232]=Oop [296]=Oop [320]=Oop }
                      ;*synchronization entry
                      ; - kotlin.jvm.internal.Intrinsics::checkNotNullParameter@-1 (line 130)
                      ; - kotlin.Result$Failure::<init>@3
                      ; - kotlin.ResultKt::createFailure@11 (line 122)
                      ; - kotlinx.coroutines.DispatchedTask::run@246 (line 232)
                      ;   {runtime_call counter_overflow Runtime1 stub}
  0x00000001103ceb94: 7be8 c395 | 57fb ff17 

  0x00000001103ceb9c: ;   {metadata({method} {0x0000000128403c50} 'throwParameterIsNullNPE' '(Ljava/lang/String;)V' in 'kotlin/jvm/internal/Intrinsics')}
  0x00000001103ceb9c: 088a 87d2 | 0808 a5f2 | 2800 c0f2 | e807 00f9 | 0800 8092 | e803 00f9 

  0x00000001103cebb4: ; ImmutableOopMap {[176]=Oop [208]=Oop [216]=Oop [224]=Oop [232]=Oop [296]=Oop [320]=Oop }
                      ;*synchronization entry
                      ; - kotlin.jvm.internal.Intrinsics::throwParameterIsNullNPE@-1 (line 140)
                      ; - kotlin.jvm.internal.Intrinsics::checkNotNullParameter@5 (line 131)
                      ; - kotlin.Result$Failure::<init>@3
                      ; - kotlin.ResultKt::createFailure@11 (line 122)
                      ; - kotlinx.coroutines.DispatchedTask::run@246 (line 232)
                      ;   {runtime_call counter_overflow Runtime1 stub}
  0x00000001103cebb4: 73e8 c395 | 6afb ff17 

  0x00000001103cebbc: ; ImmutableOopMap {[176]=Oop [208]=Oop [216]=Oop [224]=Oop [232]=Oop [296]=Oop [320]=Oop }
                      ;*new {reexecute=0 rethrow=0 return_oop=0}
                      ; - kotlin.jvm.internal.Intrinsics::throwParameterIsNullNPE@0 (line 140)
                      ; - kotlin.jvm.internal.Intrinsics::checkNotNullParameter@5 (line 131)
                      ; - kotlin.Result$Failure::<init>@3
                      ; - kotlin.ResultKt::createFailure@11 (line 122)
                      ; - kotlinx.coroutines.DispatchedTask::run@246 (line 232)
                      ;   {runtime_call fast_new_instance Runtime1 stub}
  0x00000001103cebbc: 9198 c195 | 77fb ff17 

  0x00000001103cebc4: ;   {metadata({method} {0x0000000128404cd0} 'sanitizeStackTrace' '(Ljava/lang/Throwable;)Ljava/lang/Throwable;' in 'kotlin/jvm/internal/Intrinsics')}
  0x00000001103cebc4: 089a 89d2 | 0808 a5f2 | 2800 c0f2 | e807 00f9 | 0800 8092 | e803 00f9 

  0x00000001103cebdc: ; ImmutableOopMap {[176]=Oop [208]=Oop [216]=Oop [224]=Oop [232]=Oop [296]=Oop [312]=Oop [320]=Oop }
                      ;*synchronization entry
                      ; - kotlin.jvm.internal.Intrinsics::sanitizeStackTrace@-1 (line 253)
                      ; - kotlin.jvm.internal.Intrinsics::throwParameterIsNullNPE@11 (line 140)
                      ; - kotlin.jvm.internal.Intrinsics::checkNotNullParameter@5 (line 131)
                      ; - kotlin.Result$Failure::<init>@3
                      ; - kotlin.ResultKt::createFailure@11 (line 122)
                      ; - kotlinx.coroutines.DispatchedTask::run@246 (line 232)
                      ;   {runtime_call counter_overflow Runtime1 stub}
  0x00000001103cebdc: 69e8 c395 | 99fb ff17 

  0x00000001103cebe4: ;   {metadata({method} {0x00000070004684b0} 'getName' '()Ljava/lang/String;' in 'java/lang/Class')}
  0x00000001103cebe4: 0896 90d2 | c808 a0f2 | 080e c0f2 | e807 00f9 | 0800 8092 | e803 00f9 

  0x00000001103cebfc: ; ImmutableOopMap {c_rarg1=Oop [176]=Oop [208]=Oop [216]=Oop [224]=Oop [232]=Oop [296]=Oop [312]=Oop [320]=Oop }
                      ;*synchronization entry
                      ; - java.lang.Class::getName@-1 (line 949)
                      ; - kotlin.jvm.internal.Intrinsics::sanitizeStackTrace@3 (line 253)
                      ; - kotlin.jvm.internal.Intrinsics::throwParameterIsNullNPE@11 (line 140)
                      ; - kotlin.jvm.internal.Intrinsics::checkNotNullParameter@5 (line 131)
                      ; - kotlin.Result$Failure::<init>@3
                      ; - kotlin.ResultKt::createFailure@11 (line 122)
                      ; - kotlinx.coroutines.DispatchedTask::run@246 (line 232)
                      ;   {runtime_call counter_overflow Runtime1 stub}
  0x00000001103cebfc: 61e8 c395 | a4fb ff17 

  0x00000001103cec04: ; ImmutableOopMap {[176]=Oop [208]=Oop [216]=Oop [224]=Oop [232]=Oop [296]=Oop [312]=Oop [320]=Oop }
                      ;*getfield name {reexecute=1 rethrow=0 return_oop=0}
                      ; - (reexecute) java.lang.Class::getName@1 (line 949)
                      ; - kotlin.jvm.internal.Intrinsics::sanitizeStackTrace@3 (line 253)
                      ; - kotlin.jvm.internal.Intrinsics::throwParameterIsNullNPE@11 (line 140)
                      ; - kotlin.jvm.internal.Intrinsics::checkNotNullParameter@5 (line 131)
                      ; - kotlin.Result$Failure::<init>@3
                      ; - kotlin.ResultKt::createFailure@11 (line 122)
                      ; - kotlinx.coroutines.DispatchedTask::run@246 (line 232)
                      ;   {runtime_call throw_null_pointer_exception Runtime1 stub}
  0x00000001103cec04: bf9a c195 

  0x00000001103cec08: ;   {metadata({method} {0x0000007000473798} '<init>' '()V' in 'java/lang/Object')}
  0x00000001103cec08: 08f3 86d2 | e808 a0f2 | 080e c0f2 | e807 00f9 | 0800 8092 | e803 00f9 

  0x00000001103cec20: ; ImmutableOopMap {c_rarg0=Oop c_rarg3=Oop [176]=Oop [208]=Oop [216]=Oop [224]=Oop [232]=Oop [296]=Oop [320]=Oop }
                      ;*synchronization entry
                      ; - java.lang.Object::<init>@-1 (line 45)
                      ; - kotlin.Result$Failure::<init>@7 (line 105)
                      ; - kotlin.ResultKt::createFailure@11 (line 122)
                      ; - kotlinx.coroutines.DispatchedTask::run@246 (line 232)
                      ;   {runtime_call counter_overflow Runtime1 stub}
  0x00000001103cec20: 58e8 c395 | d2fb ff17 | 020c 40b9 | 42f0 7dd3 | 427a ffb4 | e203 00f9 

  0x00000001103cec38: ;   {runtime_call g1_pre_barrier_slow}
  0x00000001103cec38: d2e9 c395 | cffb ff17 | 837a ffb4 | e003 00f9 

  0x00000001103cec48: ;   {runtime_call g1_post_barrier_slow}
  0x00000001103cec48: 8eea c395 | d1fb ff17 

  0x00000001103cec50: ;   {metadata({method} {0x000000012850b920} 'constructor-impl' '(Ljava/lang/Object;)Ljava/lang/Object;' in 'kotlin/Result')}
  0x00000001103cec50: 0824 97d2 | 080a a5f2 | 2800 c0f2 | e807 00f9 | 0800 8092 | e803 00f9 

  0x00000001103cec68: ; ImmutableOopMap {c_rarg0=Oop [176]=Oop [208]=Oop [216]=Oop [224]=Oop [232]=Oop [320]=Oop }
                      ;*synchronization entry
                      ; - kotlin.Result::constructor-impl@-1
                      ; - kotlinx.coroutines.DispatchedTask::run@249 (line 232)
                      ;   {runtime_call counter_overflow Runtime1 stub}
  0x00000001103cec68: 46e8 c395 | d9fb ff17 

  0x00000001103cec70: ; ImmutableOopMap {c_rarg0=Oop [176]=Oop [216]=Oop [224]=Oop }
                      ;*invokevirtual clearThreadContext {reexecute=0 rethrow=0 return_oop=0}
                      ; - kotlinx.coroutines.DispatchedTask::run@319 (line 236)
                      ;   {runtime_call throw_null_pointer_exception Runtime1 stub}
  0x00000001103cec70: a49a c195 

  0x00000001103cec74: ;   {internal_word}
  0x00000001103cec74: e888 ff10 | 8837 02f9 

  0x00000001103cec7c: ;   {runtime_call SafepointBlob}
  0x00000001103cec7c: 218f c015 | e803 00aa 

  0x00000001103cec84: ; ImmutableOopMap {c_rarg1=Oop [176]=Oop [208]=Oop [216]=Oop [224]=Oop [232]=Oop [296]=Oop [320]=Oop }
                      ;*checkcast {reexecute=0 rethrow=0 return_oop=0}
                      ; - kotlin.jvm.internal.Intrinsics::throwParameterIsNullNPE@14 (line 140)
                      ; - kotlin.jvm.internal.Intrinsics::checkNotNullParameter@5 (line 131)
                      ; - kotlin.Result$Failure::<init>@3
                      ; - kotlin.ResultKt::createFailure@11 (line 122)
                      ; - kotlinx.coroutines.DispatchedTask::run@246 (line 232)
                      ;   {runtime_call throw_class_cast_exception Runtime1 stub}
  0x00000001103cec84: 7fde c395 

  0x00000001103cec88: ; ImmutableOopMap {c_rarg1=Oop c_rarg0=Oop [176]=Oop [208]=Oop [216]=Oop [224]=Oop [232]=Oop [296]=Oop [320]=Oop }
                      ;*athrow {reexecute=1 rethrow=0 return_oop=0}
                      ; - (reexecute) kotlin.jvm.internal.Intrinsics::throwParameterIsNullNPE@17 (line 140)
                      ; - kotlin.jvm.internal.Intrinsics::checkNotNullParameter@5 (line 131)
                      ; - kotlin.Result$Failure::<init>@3
                      ; - kotlin.ResultKt::createFailure@11 (line 122)
                      ; - kotlinx.coroutines.DispatchedTask::run@246 (line 232)
                      ;   {runtime_call throw_null_pointer_exception Runtime1 stub}
  0x00000001103cec88: 9e9a c195 | e803 00aa 

  0x00000001103cec90: ; ImmutableOopMap {c_rarg1=Oop [176]=Oop [208]=Oop [216]=Oop [224]=Oop [232]=Oop [296]=Oop }
                      ;*checkcast {reexecute=0 rethrow=0 return_oop=0}
                      ; - kotlin.jvm.internal.Intrinsics::throwParameterIsNullNPE@14 (line 140)
                      ; - kotlin.jvm.internal.Intrinsics::checkNotNullParameter@5 (line 131)
                      ; - kotlin.ResultKt::createFailure@3
                      ; - kotlinx.coroutines.DispatchedTask::run@246 (line 232)
                      ;   {runtime_call throw_class_cast_exception Runtime1 stub}
  0x00000001103cec90: 7cde c395 

  0x00000001103cec94: ; ImmutableOopMap {c_rarg1=Oop c_rarg0=Oop [176]=Oop [208]=Oop [216]=Oop [224]=Oop [232]=Oop [296]=Oop }
                      ;*athrow {reexecute=1 rethrow=0 return_oop=0}
                      ; - (reexecute) kotlin.jvm.internal.Intrinsics::throwParameterIsNullNPE@17 (line 140)
                      ; - kotlin.jvm.internal.Intrinsics::checkNotNullParameter@5 (line 131)
                      ; - kotlin.ResultKt::createFailure@3
                      ; - kotlinx.coroutines.DispatchedTask::run@246 (line 232)
                      ;   {runtime_call throw_null_pointer_exception Runtime1 stub}
  0x00000001103cec94: 9b9a c195 | e803 00aa 

  0x00000001103cec9c: ; ImmutableOopMap {c_rarg1=Oop [176]=Oop [208]=Oop [216]=Oop [224]=Oop [232]=Oop [256]=Oop [288]=Oop }
                      ;*checkcast {reexecute=0 rethrow=0 return_oop=0}
                      ; - kotlin.jvm.internal.Intrinsics::throwParameterIsNullNPE@14 (line 140)
                      ; - kotlin.jvm.internal.Intrinsics::checkNotNullParameter@5 (line 131)
                      ; - kotlin.Result$Failure::<init>@3
                      ; - kotlin.ResultKt::createFailure@11 (line 122)
                      ; - kotlinx.coroutines.DispatchedTask::run@273 (line 98)
                      ;   {runtime_call throw_class_cast_exception Runtime1 stub}
  0x00000001103cec9c: 79de c395 

  0x00000001103ceca0: ; ImmutableOopMap {c_rarg1=Oop c_rarg0=Oop [176]=Oop [208]=Oop [216]=Oop [224]=Oop [232]=Oop [256]=Oop [288]=Oop }
                      ;*athrow {reexecute=1 rethrow=0 return_oop=0}
                      ; - (reexecute) kotlin.jvm.internal.Intrinsics::throwParameterIsNullNPE@17 (line 140)
                      ; - kotlin.jvm.internal.Intrinsics::checkNotNullParameter@5 (line 131)
                      ; - kotlin.Result$Failure::<init>@3
                      ; - kotlin.ResultKt::createFailure@11 (line 122)
                      ; - kotlinx.coroutines.DispatchedTask::run@273 (line 98)
                      ;   {runtime_call throw_null_pointer_exception Runtime1 stub}
  0x00000001103ceca0: 989a c195 | e803 00aa 

  0x00000001103ceca8: ; ImmutableOopMap {c_rarg1=Oop c_rarg2=Oop [176]=Oop [216]=Oop [224]=Oop [232]=Oop [256]=Oop }
                      ;*checkcast {reexecute=0 rethrow=0 return_oop=0}
                      ; - kotlin.jvm.internal.Intrinsics::throwParameterIsNullNPE@14 (line 140)
                      ; - kotlin.jvm.internal.Intrinsics::checkNotNullParameter@5 (line 131)
                      ; - kotlin.ResultKt::createFailure@3
                      ; - kotlinx.coroutines.DispatchedTask::run@273 (line 98)
                      ;   {runtime_call throw_class_cast_exception Runtime1 stub}
  0x00000001103ceca8: 76de c395 

  0x00000001103cecac: ; ImmutableOopMap {c_rarg1=Oop c_rarg2=Oop c_rarg0=Oop [176]=Oop [216]=Oop [224]=Oop [232]=Oop [256]=Oop }
                      ;*athrow {reexecute=1 rethrow=0 return_oop=0}
                      ; - (reexecute) kotlin.jvm.internal.Intrinsics::throwParameterIsNullNPE@17 (line 140)
                      ; - kotlin.jvm.internal.Intrinsics::checkNotNullParameter@5 (line 131)
                      ; - kotlin.ResultKt::createFailure@3
                      ; - kotlinx.coroutines.DispatchedTask::run@273 (line 98)
                      ;   {runtime_call throw_null_pointer_exception Runtime1 stub}
  0x00000001103cecac: 959a c195 

  0x00000001103cecb0: ; ImmutableOopMap {c_rarg1=Oop [176]=Oop [216]=Oop [224]=Oop [328]=Oop }
                      ;*invokevirtual clearThreadContext {reexecute=0 rethrow=0 return_oop=0}
                      ; - kotlinx.coroutines.DispatchedTask::run@344 (line 236)
                      ;   {runtime_call throw_null_pointer_exception Runtime1 stub}
  0x00000001103cecb0: 949a c195 | e803 00aa 

  0x00000001103cecb8: ; ImmutableOopMap {c_rarg2=Oop [176]=Oop [184]=Oop }
                      ;*checkcast {reexecute=0 rethrow=0 return_oop=0}
                      ; - kotlin.jvm.internal.Intrinsics::throwJavaNpe@11 (line 50)
                      ; - kotlin.jvm.internal.Intrinsics::checkNotNull@5 (line 31)
                      ; - kotlinx.coroutines.DispatchedTask::run@40 (line 80)
                      ;   {runtime_call throw_class_cast_exception Runtime1 stub}
  0x00000001103cecb8: 72de c395 

  0x00000001103cecbc: ; ImmutableOopMap {c_rarg2=Oop c_rarg0=Oop [176]=Oop [184]=Oop }
                      ;*athrow {reexecute=1 rethrow=0 return_oop=0}
                      ; - (reexecute) kotlin.jvm.internal.Intrinsics::throwJavaNpe@14 (line 50)
                      ; - kotlin.jvm.internal.Intrinsics::checkNotNull@5 (line 31)
                      ; - kotlinx.coroutines.DispatchedTask::run@40 (line 80)
                      ;   {runtime_call throw_null_pointer_exception Runtime1 stub}
  0x00000001103cecbc: 919a c195 

  0x00000001103cecc0: ;   {internal_word}
  0x00000001103cecc0: 28c1 ff10 | 8837 02f9 

  0x00000001103cecc8: ;   {runtime_call SafepointBlob}
  0x00000001103cecc8: 0e8f c015 

  0x00000001103ceccc: ; ImmutableOopMap {c_rarg0=Oop [336]=Oop }
                      ;*invokeinterface getContext {reexecute=0 rethrow=0 return_oop=0}
                      ; - kotlinx.coroutines.DispatchedTask::run@365 (line 105)
                      ;   {runtime_call throw_null_pointer_exception Runtime1 stub}
  0x00000001103ceccc: 8d9a c195 

  0x00000001103cecd0: ;   {internal_word}
  0x00000001103cecd0: a8d5 ff10 | 8837 02f9 

  0x00000001103cecd8: ;   {runtime_call SafepointBlob}
  0x00000001103cecd8: 0a8f c015 | 8083 42f9 | 9f83 02f9 | 9f87 02f9 | fd7b 57a9 | ff03 0691 

  0x00000001103cecf0: ;   {runtime_call unwind_exception Runtime1 stub}
  0x00000001103cecf0: 449e c115 | 0000 0000 
[Stub Code]
  0x00000001103cecf8: ;   {no_reloc}
  0x00000001103cecf8: df3f 03d5 

  0x00000001103cecfc: ;   {metadata(nullptr)}
  0x00000001103cecfc: 0c00 80d2 | 0c00 a0f2 | 0c00 c0f2 | 0800 80d2 | 0800 a0f2 | 0800 c0f2 | 0001 1fd6 

  0x00000001103ced18: ;   {trampoline_stub}
  0x00000001103ced18: 4800 0058 | 0001 1fd6 | d0c6 4d17 | 0100 0000 

  0x00000001103ced28: ;   {trampoline_stub}
  0x00000001103ced28: 4800 0058 | 0001 1fd6 | 80c1 3e17 | 0100 0000 

  0x00000001103ced38: ;   {trampoline_stub}
  0x00000001103ced38: 4800 0058 | 0001 1fd6 | 80c1 3e17 | 0100 0000 

  0x00000001103ced48: ;   {static_stub}
  0x00000001103ced48: df3f 03d5 

  0x00000001103ced4c: ;   {metadata(nullptr)}
  0x00000001103ced4c: 0c00 80d2 | 0c00 a0f2 | 0c00 c0f2 | 0800 80d2 | 0800 a0f2 | 0800 c0f2 | 0001 1fd6 

  0x00000001103ced68: ;   {trampoline_stub}
  0x00000001103ced68: 4800 0058 | 0001 1fd6 | a8c4 4d17 | 0100 0000 

  0x00000001103ced78: ;   {trampoline_stub}
  0x00000001103ced78: 4800 0058 | 0001 1fd6 | c0bc 2d10 | 0100 0000 

  0x00000001103ced88: ;   {trampoline_stub}
  0x00000001103ced88: 4800 0058 | 0001 1fd6 | 80c7 3e17 | 0100 0000 

  0x00000001103ced98: ;   {static_stub}
  0x00000001103ced98: df3f 03d5 

  0x00000001103ced9c: ;   {metadata(nullptr)}
  0x00000001103ced9c: 0c00 80d2 | 0c00 a0f2 | 0c00 c0f2 | 0800 80d2 | 0800 a0f2 | 0800 c0f2 | 0001 1fd6 

  0x00000001103cedb8: ;   {trampoline_stub}
  0x00000001103cedb8: 4800 0058 | 0001 1fd6 | a8c4 4d17 | 0100 0000 

  0x00000001103cedc8: ;   {static_stub}
  0x00000001103cedc8: df3f 03d5 

  0x00000001103cedcc: ;   {metadata(nullptr)}
  0x00000001103cedcc: 0c00 80d2 | 0c00 a0f2 | 0c00 c0f2 | 0800 80d2 | 0800 a0f2 | 0800 c0f2 | 0001 1fd6 

  0x00000001103cede8: ;   {trampoline_stub}
  0x00000001103cede8: 4800 0058 | 0001 1fd6 | 08c3 4d17 | 0100 0000 

  0x00000001103cedf8: ;   {static_stub}
  0x00000001103cedf8: df3f 03d5 

  0x00000001103cedfc: ;   {metadata(nullptr)}
  0x00000001103cedfc: 0c00 80d2 | 0c00 a0f2 | 0c00 c0f2 | 0800 80d2 | 0800 a0f2 | 0800 c0f2 | 0001 1fd6 

  0x00000001103cee18: ;   {trampoline_stub}
  0x00000001103cee18: 4800 0058 | 0001 1fd6 | e0bd 4d17 | 0100 0000 

  0x00000001103cee28: ;   {static_stub}
  0x00000001103cee28: df3f 03d5 

  0x00000001103cee2c: ;   {metadata(nullptr)}
  0x00000001103cee2c: 0c00 80d2 | 0c00 a0f2 | 0c00 c0f2 | 0800 80d2 | 0800 a0f2 | 0800 c0f2 | 0001 1fd6 

  0x00000001103cee48: ;   {trampoline_stub}
  0x00000001103cee48: 4800 0058 | 0001 1fd6 | e0bf 4d17 | 0100 0000 

  0x00000001103cee58: ;   {static_stub}
  0x00000001103cee58: df3f 03d5 

  0x00000001103cee5c: ;   {metadata(nullptr)}
  0x00000001103cee5c: 0c00 80d2 | 0c00 a0f2 | 0c00 c0f2 | 0800 80d2 | 0800 a0f2 | 0800 c0f2 | 0001 1fd6 

  0x00000001103cee78: ;   {trampoline_stub}
  0x00000001103cee78: 4800 0058 | 0001 1fd6 | 901a 6117 | 0100 0000 

  0x00000001103cee88: ;   {trampoline_stub}
  0x00000001103cee88: 4800 0058 | 0001 1fd6 | 80c7 3e17 | 0100 0000 

  0x00000001103cee98: ;   {trampoline_stub}
  0x00000001103cee98: 4800 0058 | 0001 1fd6 | 80c1 3e17 | 0100 0000 

  0x00000001103ceea8: ;   {trampoline_stub}
  0x00000001103ceea8: 4800 0058 | 0001 1fd6 | 80c1 3e17 | 0100 0000 

  0x00000001103ceeb8: ;   {trampoline_stub}
  0x00000001103ceeb8: 4800 0058 | 0001 1fd6 | 80c7 3e17 | 0100 0000 

  0x00000001103ceec8: ;   {trampoline_stub}
  0x00000001103ceec8: 4800 0058 | 0001 1fd6 | 80c1 3e17 | 0100 0000 

  0x00000001103ceed8: ;   {trampoline_stub}
  0x00000001103ceed8: 4800 0058 | 0001 1fd6 | 80c1 3e17 | 0100 0000 

  0x00000001103ceee8: ;   {static_stub}
  0x00000001103ceee8: df3f 03d5 

  0x00000001103ceeec: ;   {metadata(nullptr)}
  0x00000001103ceeec: 0c00 80d2 | 0c00 a0f2 | 0c00 c0f2 | 0800 80d2 | 0800 a0f2 | 0800 c0f2 | 0001 1fd6 

  0x00000001103cef08: ;   {trampoline_stub}
  0x00000001103cef08: 4800 0058 | 0001 1fd6 | b8c0 4d17 | 0100 0000 

  0x00000001103cef18: ;   {static_stub}
  0x00000001103cef18: df3f 03d5 

  0x00000001103cef1c: ;   {metadata(nullptr)}
  0x00000001103cef1c: 0c00 80d2 | 0c00 a0f2 | 0c00 c0f2 | 0800 80d2 | 0800 a0f2 | 0800 c0f2 | 0001 1fd6 

  0x00000001103cef38: ;   {trampoline_stub}
  0x00000001103cef38: 4800 0058 | 0001 1fd6 | a8c3 4d17 | 0100 0000 

  0x00000001103cef48: ;   {static_stub}
  0x00000001103cef48: df3f 03d5 

  0x00000001103cef4c: ;   {metadata(nullptr)}
  0x00000001103cef4c: 0c00 80d2 | 0c00 a0f2 | 0c00 c0f2 | 0800 80d2 | 0800 a0f2 | 0800 c0f2 | 0001 1fd6 

  0x00000001103cef68: ;   {trampoline_stub}
  0x00000001103cef68: 4800 0058 | 0001 1fd6 | b8c0 4d17 | 0100 0000 

  0x00000001103cef78: ;   {static_stub}
  0x00000001103cef78: df3f 03d5 

  0x00000001103cef7c: ;   {metadata(nullptr)}
  0x00000001103cef7c: 0c00 80d2 | 0c00 a0f2 | 0c00 c0f2 | 0800 80d2 | 0800 a0f2 | 0800 c0f2 | 0001 1fd6 

  0x00000001103cef98: ;   {trampoline_stub}
  0x00000001103cef98: 4800 0058 | 0001 1fd6 | a8be 4d17 | 0100 0000 

  0x00000001103cefa8: ;   {static_stub}
  0x00000001103cefa8: df3f 03d5 

  0x00000001103cefac: ;   {metadata(nullptr)}
  0x00000001103cefac: 0c00 80d2 | 0c00 a0f2 | 0c00 c0f2 | 0800 80d2 | 0800 a0f2 | 0800 c0f2 | 0001 1fd6 

  0x00000001103cefc8: ;   {trampoline_stub}
  0x00000001103cefc8: 4800 0058 | 0001 1fd6 | 58c3 4d17 | 0100 0000 

  0x00000001103cefd8: ;   {trampoline_stub}
  0x00000001103cefd8: 4800 0058 | 0001 1fd6 | 80c7 3e17 | 0100 0000 

  0x00000001103cefe8: ;   {trampoline_stub}
  0x00000001103cefe8: 4800 0058 | 0001 1fd6 | 80c1 3e17 | 0100 0000 

  0x00000001103ceff8: ;   {trampoline_stub}
  0x00000001103ceff8: 4800 0058 | 0001 1fd6 | 80c1 3e17 | 0100 0000 

  0x00000001103cf008: ;   {trampoline_stub}
  0x00000001103cf008: 4800 0058 | 0001 1fd6 | 80c7 3e17 | 0100 0000 

  0x00000001103cf018: ;   {trampoline_stub}
  0x00000001103cf018: 4800 0058 | 0001 1fd6 | 80c1 3e17 | 0100 0000 

  0x00000001103cf028: ;   {trampoline_stub}
  0x00000001103cf028: 4800 0058 | 0001 1fd6 | 80c1 3e17 | 0100 0000 

  0x00000001103cf038: ;   {static_stub}
  0x00000001103cf038: df3f 03d5 

  0x00000001103cf03c: ;   {metadata(nullptr)}
  0x00000001103cf03c: 0c00 80d2 | 0c00 a0f2 | 0c00 c0f2 | 0800 80d2 | 0800 a0f2 | 0800 c0f2 | 0001 1fd6 

  0x00000001103cf058: ;   {trampoline_stub}
  0x00000001103cf058: 4800 0058 | 0001 1fd6 | b8c0 4d17 | 0100 0000 

  0x00000001103cf068: ;   {trampoline_stub}
  0x00000001103cf068: 4800 0058 | 0001 1fd6 | 80c1 3e17 | 0100 0000 

  0x00000001103cf078: ;   {trampoline_stub}
  0x00000001103cf078: 4800 0058 | 0001 1fd6 | 00da 2d10 | 0100 0000 

  0x00000001103cf088: ;   {trampoline_stub}
  0x00000001103cf088: 4800 0058 | 0001 1fd6 | 80c7 3e17 | 0100 0000 

  0x00000001103cf098: ;   {trampoline_stub}
  0x00000001103cf098: 4800 0058 | 0001 1fd6 | 80c7 3e17 | 0100 0000 

  0x00000001103cf0a8: ;   {trampoline_stub}
  0x00000001103cf0a8: 4800 0058 | 0001 1fd6 | 80c7 3e17 | 0100 0000 

  0x00000001103cf0b8: ;   {trampoline_stub}
  0x00000001103cf0b8: 4800 0058 | 0001 1fd6 | 80c7 3e17 | 0100 0000 

  0x00000001103cf0c8: ;   {trampoline_stub}
  0x00000001103cf0c8: 4800 0058 | 0001 1fd6 | 80c1 3e17 | 0100 0000 

  0x00000001103cf0d8: ;   {trampoline_stub}
  0x00000001103cf0d8: 4800 0058 | 0001 1fd6 | 80c7 3e17 | 0100 0000 

  0x00000001103cf0e8: ;   {trampoline_stub}
  0x00000001103cf0e8: 4800 0058 | 0001 1fd6 | 80c7 3e17 | 0100 0000 

  0x00000001103cf0f8: ;   {trampoline_stub}
  0x00000001103cf0f8: 4800 0058 | 0001 1fd6 | 80c1 3e17 | 0100 0000 

  0x00000001103cf108: ;   {static_stub}
  0x00000001103cf108: df3f 03d5 

  0x00000001103cf10c: ;   {metadata(nullptr)}
  0x00000001103cf10c: 0c00 80d2 | 0c00 a0f2 | 0c00 c0f2 | 0800 80d2 | 0800 a0f2 | 0800 c0f2 | 0001 1fd6 

  0x00000001103cf128: ;   {trampoline_stub}
  0x00000001103cf128: 4800 0058 | 0001 1fd6 | 80c4 3e17 | 0100 0000 

  0x00000001103cf138: ;   {static_stub}
  0x00000001103cf138: df3f 03d5 

  0x00000001103cf13c: ;   {metadata(nullptr)}
  0x00000001103cf13c: 0c00 80d2 | 0c00 a0f2 | 0c00 c0f2 | 0800 80d2 | 0800 a0f2 | 0800 c0f2 | 0001 1fd6 

  0x00000001103cf158: ;   {trampoline_stub}
  0x00000001103cf158: 4800 0058 | 0001 1fd6 | 80c4 3e17 | 0100 0000 

  0x00000001103cf168: ;   {static_stub}
  0x00000001103cf168: df3f 03d5 

  0x00000001103cf16c: ;   {metadata(nullptr)}
  0x00000001103cf16c: 0c00 80d2 | 0c00 a0f2 | 0c00 c0f2 | 0800 80d2 | 0800 a0f2 | 0800 c0f2 | 0001 1fd6 

  0x00000001103cf188: ;   {trampoline_stub}
  0x00000001103cf188: 4800 0058 | 0001 1fd6 | 80c1 3e17 | 0100 0000 

  0x00000001103cf198: ;   {static_stub}
  0x00000001103cf198: df3f 03d5 

  0x00000001103cf19c: ;   {metadata(nullptr)}
  0x00000001103cf19c: 0c00 80d2 | 0c00 a0f2 | 0c00 c0f2 | 0800 80d2 | 0800 a0f2 | 0800 c0f2 | 0001 1fd6 

  0x00000001103cf1b8: ;   {trampoline_stub}
  0x00000001103cf1b8: 4800 0058 | 0001 1fd6 | 80c7 3e17 | 0100 0000 

  0x00000001103cf1c8: ;   {static_stub}
  0x00000001103cf1c8: df3f 03d5 

  0x00000001103cf1cc: ;   {metadata(nullptr)}
  0x00000001103cf1cc: 0c00 80d2 | 0c00 a0f2 | 0c00 c0f2 | 0800 80d2 | 0800 a0f2 | 0800 c0f2 | 0001 1fd6 

  0x00000001103cf1e8: ;   {static_stub}
  0x00000001103cf1e8: df3f 03d5 

  0x00000001103cf1ec: ;   {metadata(nullptr)}
  0x00000001103cf1ec: 0c00 80d2 | 0c00 a0f2 | 0c00 c0f2 | 0800 80d2 | 0800 a0f2 | 0800 c0f2 | 0001 1fd6 

  0x00000001103cf208: ;   {static_stub}
  0x00000001103cf208: df3f 03d5 

  0x00000001103cf20c: ;   {metadata(nullptr)}
  0x00000001103cf20c: 0c00 80d2 | 0c00 a0f2 | 0c00 c0f2 | 0800 80d2 | 0800 a0f2 | 0800 c0f2 | 0001 1fd6 

  0x00000001103cf228: ;   {static_stub}
  0x00000001103cf228: df3f 03d5 

  0x00000001103cf22c: ;   {metadata(nullptr)}
  0x00000001103cf22c: 0c00 80d2 | 0c00 a0f2 | 0c00 c0f2 | 0800 80d2 | 0800 a0f2 | 0800 c0f2 | 0001 1fd6 

  0x00000001103cf248: ;   {static_stub}
  0x00000001103cf248: df3f 03d5 

  0x00000001103cf24c: ;   {metadata(nullptr)}
  0x00000001103cf24c: 0c00 80d2 | 0c00 a0f2 | 0c00 c0f2 | 0800 80d2 | 0800 a0f2 | 0800 c0f2 | 0001 1fd6 

  0x00000001103cf268: ;   {static_stub}
  0x00000001103cf268: df3f 03d5 

  0x00000001103cf26c: ;   {metadata(nullptr)}
  0x00000001103cf26c: 0c00 80d2 | 0c00 a0f2 | 0c00 c0f2 | 0800 80d2 | 0800 a0f2 | 0800 c0f2 | 0001 1fd6 

  0x00000001103cf288: ;   {static_stub}
  0x00000001103cf288: df3f 03d5 

  0x00000001103cf28c: ;   {metadata(nullptr)}
  0x00000001103cf28c: 0c00 80d2 | 0c00 a0f2 | 0c00 c0f2 | 0800 80d2 | 0800 a0f2 | 0800 c0f2 | 0001 1fd6 

  0x00000001103cf2a8: ;   {static_stub}
  0x00000001103cf2a8: df3f 03d5 

  0x00000001103cf2ac: ;   {metadata(nullptr)}
  0x00000001103cf2ac: 0c00 80d2 | 0c00 a0f2 | 0c00 c0f2 | 0800 80d2 | 0800 a0f2 | 0800 c0f2 | 0001 1fd6 

  0x00000001103cf2c8: ;   {static_stub}
  0x00000001103cf2c8: df3f 03d5 

  0x00000001103cf2cc: ;   {metadata(nullptr)}
  0x00000001103cf2cc: 0c00 80d2 | 0c00 a0f2 | 0c00 c0f2 | 0800 80d2 | 0800 a0f2 | 0800 c0f2 | 0001 1fd6 
[Exception Handler]
  0x00000001103cf2e8: ;   {runtime_call handle_exception_from_callee Runtime1 stub}
  0x00000001103cf2e8: 8691 c195 | c1d5 bbd4 | fe0a 1f07 | 0100 0000 
[Deopt Handler Code]
  0x00000001103cf2f8: 1e00 0010 

  0x00000001103cf2fc: ;   {runtime_call DeoptimizationBlob}
  0x00000001103cf2fc: 518e c015 
[/MachCode]


Compiled method (c1) 13717 5440   !   3       kotlinx.coroutines.scheduling.CoroutineScheduler::runSafely (73 bytes)
 total in heap  [0x00000001108c0490,0x00000001108c1cb0] = 6176
 relocation     [0x00000001108c05e0,0x00000001108c07b8] = 472
 main code      [0x00000001108c07c0,0x00000001108c1610] = 3664
 stub code      [0x00000001108c1610,0x00000001108c1758] = 328
 oops           [0x00000001108c1758,0x00000001108c1770] = 24
 metadata       [0x00000001108c1770,0x00000001108c1830] = 192
 scopes data    [0x00000001108c1830,0x00000001108c19b8] = 392
 scopes pcs     [0x00000001108c19b8,0x00000001108c1b68] = 432
 dependencies   [0x00000001108c1b68,0x00000001108c1b78] = 16
 handler table  [0x00000001108c1b78,0x00000001108c1c80] = 264
 nul chk table  [0x00000001108c1c80,0x00000001108c1cb0] = 48

[Constant Pool (empty)]

[MachCode]
[Entry Point]
  # {method} {0x00000001284bd3a0} 'runSafely' '(Lkotlinx/coroutines/scheduling/Task;)V' in 'kotlinx/coroutines/scheduling/CoroutineScheduler'
  # this:     c_rarg1:c_rarg1 
                        = 'kotlinx/coroutines/scheduling/CoroutineScheduler'
  # parm0:    c_rarg2:c_rarg2 
                        = 'kotlinx/coroutines/scheduling/Task'
  #           [sp+0xa0]  (sp of caller)
  0x00000001108c07c0: 2808 40b9 | 3f01 086b | c001 0054 

  0x00000001108c07cc: ;   {runtime_call ic_miss_stub}
  0x00000001108c07cc: adad ac15 | 1f20 03d5 | 1f20 03d5 | 1f20 03d5 | 1f20 03d5 | 1f20 03d5 | 1f20 03d5 | 1f20 03d5 
  0x00000001108c07ec: 1f20 03d5 | 1f20 03d5 | 1f20 03d5 | 1f20 03d5 | 1f20 03d5 
[Verified Entry Point]
  0x00000001108c0800: 1f20 03d5 | e953 40d1 | 3f01 00f9 | ff83 02d1 | fd7b 09a9 | 2801 0018 | 8923 40b9 | 1f01 09eb 
  0x00000001108c0820: e000 0054 | 0830 8bd2 | e8e7 a2f2 | 2800 c0f2 | 0001 3fd6 | 0200 0014 | 0500 0000 

  0x00000001108c083c: ;   {metadata(method data for {method} {0x00000001284bd3a0} 'runSafely' '(Lkotlinx/coroutines/scheduling/Task;)V' in 'kotlinx/coroutines/scheduling/CoroutineScheduler')}
  0x00000001108c083c: 0071 9ed2 | 804c a5f2 | 2000 c0f2 | 03ac 40b9 | 6308 0011 | 03ac 00b9 | 6324 1f12 | 7f00 0071 
  0x00000001108c085c: 605f 0054 

  0x00000001108c0860: ; implicit exception: dispatches to 0x00000001108c1468
  0x00000001108c0860: 5f00 40f9 | e103 02aa 

  0x00000001108c0868: ;   {metadata(method data for {method} {0x00000001284bd3a0} 'runSafely' '(Lkotlinx/coroutines/scheduling/Task;)V' in 'kotlinx/coroutines/scheduling/CoroutineScheduler')}
  0x00000001108c0868: 0071 9ed2 | 804c a5f2 | 2000 c0f2 | 2108 40b9 | 2108 5cd2 | 0900 0491 | 2801 40f9 | 3f00 08eb 
  0x00000001108c0888: a100 0054 | 0884 40f9 | 0805 0091 | 0884 00f9 | 1c00 0014 | 0940 0491 | 2801 40f9 | 3f00 08eb 
  0x00000001108c08a8: a100 0054 | 088c 40f9 | 0805 0091 | 088c 00f9 | 1400 0014 | 0900 0491 | 2801 40f9 | c800 00b5 
  0x00000001108c08c8: 2101 00f9 | e803 40b2 | 0920 0491 | 2801 00f9 | 0c00 0014 | 0940 0491 | 2801 40f9 | c800 00b5 
  0x00000001108c08e8: 2101 00f9 | e803 40b2 | 0960 0491 | 2801 00f9 | 0400 0014 | 0878 40f9 | 0805 0091 | 0878 00f9 
  0x00000001108c0908: e103 02aa | 09d0 9dd2 | 0921 a0f2 | 090e c0f2 

  0x00000001108c0918: ; ImmutableOopMap {}
                      ;*invokevirtual run {reexecute=0 rethrow=0 return_oop=0}
                      ; - kotlinx.coroutines.scheduling.CoroutineScheduler::runSafely@2 (line 586)
                      ;   {virtual_call}
  0x00000001108c0918: aaa5 ac95 

  0x00000001108c091c: ;   {other}
  0x00000001108c091c: 1f20 03d5 | 9f91 80f2 | 1f00 80f2 

  0x00000001108c0928: ;   {metadata(method data for {method} {0x00000001284bd3a0} 'runSafely' '(Lkotlinx/coroutines/scheduling/Task;)V' in 'kotlinx/coroutines/scheduling/CoroutineScheduler')}
  0x00000001108c0928: 0171 9ed2 | 814c a5f2 | 2100 c0f2 | 2894 40f9 | 0805 0091 | 2894 00f9 

  0x00000001108c0940: ;   {metadata(method data for {method} {0x0000000128510480} 'access$getTimeSource$p' '()Lkotlinx/coroutines/AbstractTimeSource;' in 'kotlinx/coroutines/AbstractTimeSourceKt')}
  0x00000001108c0940: 01ea 8cd2 | a13e a5f2 | 2100 c0f2 | 20ac 40b9 | 0008 0011 | 20ac 00b9 | 004c 1f12 | 1f00 0071 
  0x00000001108c0960: 6058 0054 

  0x00000001108c0964: ;   {oop(a 'java/lang/Class'{0x0000000480356500} = 'kotlinx/coroutines/AbstractTimeSourceKt')}
  0x00000001108c0964: 01a0 8cd2 | a106 b0f2 | 8100 c0f2 | 2170 40b9 | 21f0 7dd3 | e003 1faa | 3f00 00eb 

  0x00000001108c0980: ;   {metadata(method data for {method} {0x00000001284bd3a0} 'runSafely' '(Lkotlinx/coroutines/scheduling/Task;)V' in 'kotlinx/coroutines/scheduling/CoroutineScheduler')}
  0x00000001108c0980: 0071 9ed2 | 804c a5f2 | 2000 c0f2 | 0827 80d2 | 0929 80d2 | 0201 899a | 0368 62f8 | 6304 0091 
  0x00000001108c09a0: 0368 22f8 | a051 0054 | e9ff 9fd2 | e9ff bff2 | e9ff dff2 

  0x00000001108c09b4: ; ImmutableOopMap {}
                      ;*invokevirtual unTrackTask {reexecute=0 rethrow=0 return_oop=0}
                      ; - kotlinx.coroutines.scheduling.CoroutineScheduler::runSafely@12 (line 591)
                      ;   {virtual_call}
  0x00000001108c09b4: b3ae ac95 

  0x00000001108c09b8: ;   {other}
  0x00000001108c09b8: 1f20 03d5 | 1fa5 80f2 | 1f20 80f2 

  0x00000001108c09c4: ;   {metadata(method data for {method} {0x00000001284bd3a0} 'runSafely' '(Lkotlinx/coroutines/scheduling/Task;)V' in 'kotlinx/coroutines/scheduling/CoroutineScheduler')}
  0x00000001108c09c4: 0071 9ed2 | 804c a5f2 | 2000 c0f2 | 01c8 40f9 | 2104 0091 | 01c8 00f9 | 7f02 0014 | 8083 42f9 
  0x00000001108c09e4: 9f83 02f9 | 9f87 02f9 

  0x00000001108c09ec: ;   {metadata(method data for {method} {0x00000001284bd3a0} 'runSafely' '(Lkotlinx/coroutines/scheduling/Task;)V' in 'kotlinx/coroutines/scheduling/CoroutineScheduler')}
  0x00000001108c09ec: 0171 9ed2 | 814c a5f2 | 2100 c0f2 | 28e0 40f9 | 0805 0091 | 28e0 00f9 | 81c7 41f9 | 2200 40f9 
  0x00000001108c0a0c: e237 00f9 

  0x00000001108c0a10: ; implicit exception: dispatches to 0x00000001108c148c
  0x00000001108c0a10: 5f00 40f9 | e103 02aa 

  0x00000001108c0a18: ;   {metadata(method data for {method} {0x00000001284bd3a0} 'runSafely' '(Lkotlinx/coroutines/scheduling/Task;)V' in 'kotlinx/coroutines/scheduling/CoroutineScheduler')}
  0x00000001108c0a18: 0371 9ed2 | 834c a5f2 | 2300 c0f2 | 2108 40b9 | 2108 5cd2 | 6980 0791 | 2801 40f9 | 3f00 08eb 
  0x00000001108c0a38: a100 0054 | 68f4 40f9 | 0805 0091 | 68f4 00f9 | 1c00 0014 | 69c0 0791 | 2801 40f9 | 3f00 08eb 
  0x00000001108c0a58: a100 0054 | 68fc 40f9 | 0805 0091 | 68fc 00f9 | 1400 0014 | 6980 0791 | 2801 40f9 | c800 00b5 
  0x00000001108c0a78: 2101 00f9 | e803 40b2 | 69a0 0791 | 2801 00f9 | 0c00 0014 | 69c0 0791 | 2801 40f9 | c800 00b5 
  0x00000001108c0a98: 2101 00f9 | e803 40b2 | 69e0 0791 | 2801 00f9 | 0400 0014 | 68e8 40f9 | 0805 0091 | 68e8 00f9 
  0x00000001108c0ab8: ;   {metadata(method data for {method} {0x0000007000017d68} 'getUncaughtExceptionHandler' '()Ljava/lang/Thread$UncaughtExceptionHandler;' in 'java/lang/Thread')}
  0x00000001108c0ab8: 01af 99d2 | 214b a5f2 | 2100 c0f2 | 23ac 40b9 | 6308 0011 | 23ac 00b9 | 634c 1f12 | 7f00 0071 
  0x00000001108c0ad8: c04d 0054 | e103 02aa 

  0x00000001108c0ae0: ;   {metadata(method data for {method} {0x0000007000017d68} 'getUncaughtExceptionHandler' '()Ljava/lang/Thread$UncaughtExceptionHandler;' in 'java/lang/Thread')}
  0x00000001108c0ae0: 03af 99d2 | 234b a5f2 | 2300 c0f2 | 2108 40b9 | 2108 5cd2 | 6900 0491 | 2801 40f9 | 3f00 08eb 
  0x00000001108c0b00: a100 0054 | 6884 40f9 | 0805 0091 | 6884 00f9 | 1c00 0014 | 6940 0491 | 2801 40f9 | 3f00 08eb 
  0x00000001108c0b20: a100 0054 | 688c 40f9 | 0805 0091 | 688c 00f9 | 1400 0014 | 6900 0491 | 2801 40f9 | c800 00b5 
  0x00000001108c0b40: 2101 00f9 | e803 40b2 | 6920 0491 | 2801 00f9 | 0c00 0014 | 6940 0491 | 2801 40f9 | c800 00b5 
  0x00000001108c0b60: 2101 00f9 | e803 40b2 | 6960 0491 | 2801 00f9 | 0400 0014 | 6878 40f9 | 0805 0091 | 6878 00f9 
  0x00000001108c0b80: ;   {metadata(method data for {method} {0x0000007000017c60} 'isTerminated' '()Z' in 'java/lang/Thread')}
  0x00000001108c0b80: 01ee 99d2 | 214b a5f2 | 2100 c0f2 | 23ac 40b9 | 6308 0011 | 23ac 00b9 | 634c 1f12 | 7f00 0071 
  0x00000001108c0ba0: 8048 0054 | e103 02aa 

  0x00000001108c0ba8: ;   {metadata(method data for {method} {0x0000007000017c60} 'isTerminated' '()Z' in 'java/lang/Thread')}
  0x00000001108c0ba8: 03ee 99d2 | 234b a5f2 | 2300 c0f2 | 2108 40b9 | 2108 5cd2 | 6900 0491 | 2801 40f9 | 3f00 08eb 
  0x00000001108c0bc8: a100 0054 | 6884 40f9 | 0805 0091 | 6884 00f9 | 1c00 0014 | 6940 0491 | 2801 40f9 | 3f00 08eb 
  0x00000001108c0be8: a100 0054 | 688c 40f9 | 0805 0091 | 688c 00f9 | 1400 0014 | 6900 0491 | 2801 40f9 | c800 00b5 
  0x00000001108c0c08: 2101 00f9 | e803 40b2 | 6920 0491 | 2801 00f9 | 0c00 0014 | 6940 0491 | 2801 40f9 | c800 00b5 
  0x00000001108c0c28: 2101 00f9 | e803 40b2 | 6960 0491 | 2801 00f9 | 0400 0014 | 6878 40f9 | 0805 0091 | 6878 00f9 
  0x00000001108c0c48: ;   {metadata(method data for {method} {0x0000007000017cb8} 'threadState' '()Ljava/lang/Thread$State;' in 'java/lang/Thread')}
  0x00000001108c0c48: 0122 9ad2 | 214b a5f2 | 2100 c0f2 | 23ac 40b9 | 6308 0011 | 23ac 00b9 | 634c 1f12 | 7f00 0071 
  0x00000001108c0c68: 4043 0054 | 4148 40b9 | 21f0 7dd3 | bf3b 03d5 

  0x00000001108c0c78: ; implicit exception: dispatches to 0x00000001108c14f0
  0x00000001108c0c78: 2118 40b9 | bf39 03d5 

  0x00000001108c0c80: ;   {metadata(method data for {method} {0x0000007000017cb8} 'threadState' '()Ljava/lang/Thread$State;' in 'java/lang/Thread')}
  0x00000001108c0c80: 0322 9ad2 | 234b a5f2 | 2300 c0f2 | 6878 40f9 | 0805 0091 | 6878 00f9 | e03b 00f9 

  0x00000001108c0c9c: ; ImmutableOopMap {[104]=Oop [112]=Oop }
                      ;*invokestatic toThreadState {reexecute=0 rethrow=0 return_oop=0}
                      ; - java.lang.Thread::threadState@7 (line 2748)
                      ; - java.lang.Thread::isTerminated@1 (line 2755)
                      ; - java.lang.Thread::getUncaughtExceptionHandler@1 (line 2864)
                      ; - kotlinx.coroutines.scheduling.CoroutineScheduler::runSafely@28 (line 589)
                      ;   {static_call}
  0x00000001108c0c9c: b9ae ac95 

  0x00000001108c0ca0: ;   {other}
  0x00000001108c0ca0: 1f20 03d5 | 1f02 81f2 | 1f40 80f2 

  0x00000001108c0cac: ;   {oop(a 'java/lang/Thread$State'{0x000000048015d6c8})}
  0x00000001108c0cac: 01d9 9ad2 | a102 b0f2 | 8100 c0f2 | 1f00 01eb 

  0x00000001108c0cbc: ;   {metadata(method data for {method} {0x0000007000017c60} 'isTerminated' '()Z' in 'java/lang/Thread')}
  0x00000001108c0cbc: 01ee 99d2 | 214b a5f2 | 2100 c0f2 | 0825 80d2 | 0927 80d2 | 0011 899a | 2268 60f8 | 4204 0091 
  0x00000001108c0cdc: 2268 20f8 | 2101 0054 

  0x00000001108c0ce4: ;   {metadata(method data for {method} {0x0000007000017c60} 'isTerminated' '()Z' in 'java/lang/Thread')}
  0x00000001108c0ce4: 01ee 99d2 | 214b a5f2 | 2100 c0f2 | 20a4 40f9 | 0004 0091 | 20a4 00f9 | e103 0032 | 0200 0014 
  0x00000001108c0d04: 0100 a052 | 2100 0012 | 3f00 0071 

  0x00000001108c0d10: ;   {metadata(method data for {method} {0x0000007000017d68} 'getUncaughtExceptionHandler' '()Ljava/lang/Thread$UncaughtExceptionHandler;' in 'java/lang/Thread')}
  0x00000001108c0d10: 01af 99d2 | 214b a5f2 | 2100 c0f2 | 0825 80d2 | 0927 80d2 | 0001 899a | 2268 60f8 | 4204 0091 
  0x00000001108c0d30: 2268 20f8 | 8000 0054 | e003 1faa | e237 40f9 | 3f01 0014 | e237 40f9 | bf3b 03d5 | 4168 40b9 
  0x00000001108c0d50: 21f0 7dd3 | bf39 03d5 | e003 1faa | 3f00 00eb 

  0x00000001108c0d60: ;   {metadata(method data for {method} {0x0000007000017d68} 'getUncaughtExceptionHandler' '()Ljava/lang/Thread$UncaughtExceptionHandler;' in 'java/lang/Thread')}
  0x00000001108c0d60: 00af 99d2 | 204b a5f2 | 2000 c0f2 | 0829 80d2 | 092b 80d2 | 0301 899a | 0468 63f8 | 8404 0091 
  0x00000001108c0d80: 0468 23f8 | 0001 0054 

  0x00000001108c0d88: ;   {metadata(method data for {method} {0x0000007000017d68} 'getUncaughtExceptionHandler' '()Ljava/lang/Thread$UncaughtExceptionHandler;' in 'java/lang/Thread')}
  0x00000001108c0d88: 00af 99d2 | 204b a5f2 | 2000 c0f2 | 03b4 40f9 | 6304 0091 | 03b4 00f9 | 2601 0014 | e103 02aa 
  0x00000001108c0da8: ;   {metadata(method data for {method} {0x0000007000017d68} 'getUncaughtExceptionHandler' '()Ljava/lang/Thread$UncaughtExceptionHandler;' in 'java/lang/Thread')}
  0x00000001108c0da8: 00af 99d2 | 204b a5f2 | 2000 c0f2 | 08c0 40f9 | 0805 0091 | 08c0 00f9 

  0x00000001108c0dc0: ;   {metadata(method data for {method} {0x000000700042d730} 'getThreadGroup' '()Ljava/lang/ThreadGroup;' in 'java/lang/Thread')}
  0x00000001108c0dc0: 0186 9ad2 | 214b a5f2 | 2100 c0f2 | 20ac 40b9 | 0008 0011 | 20ac 00b9 | 004c 1f12 | 1f00 0071 
  0x00000001108c0de0: a038 0054 | e103 02aa 

  0x00000001108c0de8: ;   {metadata(method data for {method} {0x000000700042d730} 'getThreadGroup' '()Ljava/lang/ThreadGroup;' in 'java/lang/Thread')}
  0x00000001108c0de8: 0086 9ad2 | 204b a5f2 | 2000 c0f2 | 2108 40b9 | 2108 5cd2 | 0900 0491 | 2801 40f9 | 3f00 08eb 
  0x00000001108c0e08: a100 0054 | 0884 40f9 | 0805 0091 | 0884 00f9 | 1c00 0014 | 0940 0491 | 2801 40f9 | 3f00 08eb 
  0x00000001108c0e28: a100 0054 | 088c 40f9 | 0805 0091 | 088c 00f9 | 1400 0014 | 0900 0491 | 2801 40f9 | c800 00b5 
  0x00000001108c0e48: 2101 00f9 | e803 40b2 | 0920 0491 | 2801 00f9 | 0c00 0014 | 0940 0491 | 2801 40f9 | c800 00b5 
  0x00000001108c0e68: 2101 00f9 | e803 40b2 | 0960 0491 | 2801 00f9 | 0400 0014 | 0878 40f9 | 0805 0091 | 0878 00f9 
  0x00000001108c0e88: ;   {metadata(method data for {method} {0x0000007000017c60} 'isTerminated' '()Z' in 'java/lang/Thread')}
  0x00000001108c0e88: 01ee 99d2 | 214b a5f2 | 2100 c0f2 | 20ac 40b9 | 0008 0011 | 20ac 00b9 | 004c 1f12 | 1f00 0071 
  0x00000001108c0ea8: 6033 0054 | e103 02aa 

  0x00000001108c0eb0: ;   {metadata(method data for {method} {0x0000007000017c60} 'isTerminated' '()Z' in 'java/lang/Thread')}
  0x00000001108c0eb0: 00ee 99d2 | 204b a5f2 | 2000 c0f2 | 2108 40b9 | 2108 5cd2 | 0900 0491 | 2801 40f9 | 3f00 08eb 
  0x00000001108c0ed0: a100 0054 | 0884 40f9 | 0805 0091 | 0884 00f9 | 1c00 0014 | 0940 0491 | 2801 40f9 | 3f00 08eb 
  0x00000001108c0ef0: a100 0054 | 088c 40f9 | 0805 0091 | 088c 00f9 | 1400 0014 | 0900 0491 | 2801 40f9 | c800 00b5 
  0x00000001108c0f10: 2101 00f9 | e803 40b2 | 0920 0491 | 2801 00f9 | 0c00 0014 | 0940 0491 | 2801 40f9 | c800 00b5 
  0x00000001108c0f30: 2101 00f9 | e803 40b2 | 0960 0491 | 2801 00f9 | 0400 0014 | 0878 40f9 | 0805 0091 | 0878 00f9 
  0x00000001108c0f50: ;   {metadata(method data for {method} {0x0000007000017cb8} 'threadState' '()Ljava/lang/Thread$State;' in 'java/lang/Thread')}
  0x00000001108c0f50: 0122 9ad2 | 214b a5f2 | 2100 c0f2 | 20ac 40b9 | 0008 0011 | 20ac 00b9 | 004c 1f12 | 1f00 0071 
  0x00000001108c0f70: 202e 0054 | 4148 40b9 | 21f0 7dd3 | bf3b 03d5 

  0x00000001108c0f80: ; implicit exception: dispatches to 0x00000001108c1554
  0x00000001108c0f80: 2118 40b9 | bf39 03d5 

  0x00000001108c0f88: ;   {metadata(method data for {method} {0x0000007000017cb8} 'threadState' '()Ljava/lang/Thread$State;' in 'java/lang/Thread')}
  0x00000001108c0f88: 0022 9ad2 | 204b a5f2 | 2000 c0f2 | 0878 40f9 | 0805 0091 | 0878 00f9 

  0x00000001108c0fa0: ; ImmutableOopMap {[104]=Oop [112]=Oop }
                      ;*invokestatic toThreadState {reexecute=0 rethrow=0 return_oop=0}
                      ; - java.lang.Thread::threadState@7 (line 2748)
                      ; - java.lang.Thread::isTerminated@1 (line 2755)
                      ; - java.lang.Thread::getThreadGroup@1 (line 1958)
                      ; - java.lang.Thread::getUncaughtExceptionHandler@23 (line 2869)
                      ; - kotlinx.coroutines.scheduling.CoroutineScheduler::runSafely@28 (line 589)
                      ;   {static_call}
  0x00000001108c0fa0: f8ad ac95 

  0x00000001108c0fa4: ;   {other}
  0x00000001108c0fa4: 1f20 03d5 | 9f62 81f2 | 1f60 80f2 

  0x00000001108c0fb0: ;   {oop(a 'java/lang/Thread$State'{0x000000048015d6c8})}
  0x00000001108c0fb0: 02d9 9ad2 | a202 b0f2 | 8200 c0f2 | 1f00 02eb 

  0x00000001108c0fc0: ;   {metadata(method data for {method} {0x0000007000017c60} 'isTerminated' '()Z' in 'java/lang/Thread')}
  0x00000001108c0fc0: 02ee 99d2 | 224b a5f2 | 2200 c0f2 | 0825 80d2 | 0927 80d2 | 0311 899a | 4168 63f8 | 2104 0091 
  0x00000001108c0fe0: 4168 23f8 | 2101 0054 

  0x00000001108c0fe8: ;   {metadata(method data for {method} {0x0000007000017c60} 'isTerminated' '()Z' in 'java/lang/Thread')}
  0x00000001108c0fe8: 02ee 99d2 | 224b a5f2 | 2200 c0f2 | 43a4 40f9 | 6304 0091 | 43a4 00f9 | e203 0032 | 0200 0014 
  0x00000001108c1008: 0200 a052 | 4200 0012 | 5f00 0071 

  0x00000001108c1014: ;   {metadata(method data for {method} {0x000000700042d730} 'getThreadGroup' '()Ljava/lang/ThreadGroup;' in 'java/lang/Thread')}
  0x00000001108c1014: 0286 9ad2 | 224b a5f2 | 2200 c0f2 | 0825 80d2 | 0927 80d2 | 0301 899a | 4168 63f8 | 2104 0091 
  0x00000001108c1034: 4168 23f8 | 8000 0054 | e103 1faa | e237 40f9 | 7d00 0014 | e237 40f9 | e303 02aa 

  0x00000001108c1050: ;   {metadata(method data for {method} {0x000000700042d730} 'getThreadGroup' '()Ljava/lang/ThreadGroup;' in 'java/lang/Thread')}
  0x00000001108c1050: 0186 9ad2 | 214b a5f2 | 2100 c0f2 | 28a4 40f9 | 0805 0091 | 28a4 00f9 

  0x00000001108c1068: ;   {metadata(method data for {method} {0x000000700042d9a8} 'isVirtual' '()Z' in 'java/lang/Thread')}
  0x00000001108c1068: 0350 9fd2 | 8301 a5f2 | 2300 c0f2 | 61ac 40b9 | 2108 0011 | 61ac 00b9 | 214c 1f12 | 3f00 0071 
  0x00000001108c1088: 8026 0054 | 0201 00b5 

  0x00000001108c1090: ;   {metadata(method data for {method} {0x000000700042d9a8} 'isVirtual' '()Z' in 'java/lang/Thread')}
  0x00000001108c1090: 0450 9fd2 | 8401 a5f2 | 2400 c0f2 | 88a4 4339 | 0801 40b2 | 88a4 0339 | 3700 0014 

  0x00000001108c10ac: ;   {metadata('java/lang/BaseVirtualThread')}
  0x00000001108c10ac: 001d 94d2 | 4000 a0f2 | 000e c0f2 | 4408 40b9 | 8408 5cd2 | 8820 40f9 | 1f00 08eb | e104 0054 
  0x00000001108c10cc: ;   {metadata(method data for {method} {0x000000700042d9a8} 'isVirtual' '()Z' in 'java/lang/Thread')}
  0x00000001108c10cc: 0450 9fd2 | 8401 a5f2 | 2400 c0f2 | 4008 40b9 | 0008 5cd2 | 8900 0491 | 2801 40f9 | 1f00 08eb 
  0x00000001108c10ec: a100 0054 | 8884 40f9 | 0805 0091 | 8884 00f9 | 2400 0014 | 8940 0491 | 2801 40f9 | 1f00 08eb 
  0x00000001108c110c: a100 0054 | 888c 40f9 | 0805 0091 | 888c 00f9 | 1c00 0014 | 8900 0491 | 2801 40f9 | c800 00b5 
  0x00000001108c112c: 2001 00f9 | e803 40b2 | 8920 0491 | 2801 00f9 | 1400 0014 | 8940 0491 | 2801 40f9 | c800 00b5 
  0x00000001108c114c: 2001 00f9 | e803 40b2 | 8960 0491 | 2801 00f9 | 0c00 0014 | 0b00 0014 

  0x00000001108c1164: ;   {metadata(method data for {method} {0x000000700042d9a8} 'isVirtual' '()Z' in 'java/lang/Thread')}
  0x00000001108c1164: 0450 9fd2 | 8401 a5f2 | 2400 c0f2 | 8878 40f9 | 0805 00d1 | 8878 00f9 | 0200 0014 | 0300 0014 
  0x00000001108c1184: e303 1faa | 0200 0014 | e303 40b2 | 6300 0012 | 7f00 0071 

  0x00000001108c1198: ;   {metadata(method data for {method} {0x000000700042d730} 'getThreadGroup' '()Ljava/lang/ThreadGroup;' in 'java/lang/Thread')}
  0x00000001108c1198: 0386 9ad2 | 234b a5f2 | 2300 c0f2 | e807 79b2 | 0932 80d2 | 0101 899a | 6068 61f8 | 0004 0091 
  0x00000001108c11b8: 6068 21f8 | 4003 0054 

  0x00000001108c11c0: ;   {metadata(method data for {method} {0x000000700042d730} 'getThreadGroup' '()Ljava/lang/ThreadGroup;' in 'java/lang/Thread')}
  0x00000001108c11c0: 0386 9ad2 | 234b a5f2 | 2300 c0f2 | 68d0 40f9 | 0805 0091 | 68d0 00f9 

  0x00000001108c11d8: ;   {metadata(method data for {method} {0x000000700042cfe0} 'virtualThreadGroup' '()Ljava/lang/ThreadGroup;' in 'java/lang/Thread')}
  0x00000001108c11d8: 03c7 9ad2 | 234b a5f2 | 2300 c0f2 | 61ac 40b9 | 2108 0011 | 61ac 00b9 | 214c 1f12 | 3f00 0071 
  0x00000001108c11f8: 001c 0054 

  0x00000001108c11fc: ; ImmutableOopMap {c_rarg2=Oop [104]=Oop [112]=Oop }
                      ;*getstatic VTHREAD_GROUP {reexecute=1 rethrow=0 return_oop=0}
                      ; - (reexecute) java.lang.Thread::virtualThreadGroup@0 (line 2941)
                      ; - java.lang.Thread::getThreadGroup@16 (line 1961)
                      ; - java.lang.Thread::getUncaughtExceptionHandler@23 (line 2869)
                      ; - kotlinx.coroutines.scheduling.CoroutineScheduler::runSafely@28 (line 589)
                      ;   {runtime_call load_mirror_patching Runtime1 stub}
  0x00000001108c11fc: a11c b095 | 6370 40b9 | 63f0 7dd3 

  0x00000001108c1208: ;   {metadata(method data for {method} {0x000000700042d730} 'getThreadGroup' '()Ljava/lang/ThreadGroup;' in 'java/lang/Thread')}
  0x00000001108c1208: 0186 9ad2 | 214b a5f2 | 2100 c0f2 | 20d8 40f9 | 0004 0091 | 20d8 00f9 | 0500 0014 | 4348 40b9 
  0x00000001108c1228: 63f0 7dd3 

  0x00000001108c122c: ; implicit exception: dispatches to 0x00000001108c1598
  0x00000001108c122c: 6320 40b9 | 63f0 7dd3 | e103 03aa | e003 01aa | e33b 40f9 | e103 00aa | e9ff 9fd2 | e9ff bff2 
  0x00000001108c124c: e9ff dff2 

  0x00000001108c1250: ; ImmutableOopMap {}
                      ;*invokeinterface uncaughtException {reexecute=0 rethrow=0 return_oop=0}
                      ; - kotlinx.coroutines.scheduling.CoroutineScheduler::runSafely@33 (line 589)
                      ;   {virtual_call}
  0x00000001108c1250: 8cac ac95 

  0x00000001108c1254: ;   {other}
  0x00000001108c1254: 1f20 03d5 | 9fb8 81f2 | 1fa0 80f2 

  0x00000001108c1260: ;   {metadata(method data for {method} {0x00000001284bd3a0} 'runSafely' '(Lkotlinx/coroutines/scheduling/Task;)V' in 'kotlinx/coroutines/scheduling/CoroutineScheduler')}
  0x00000001108c1260: 0171 9ed2 | 814c a5f2 | 2100 c0f2 | 2820 41f9 | 0805 0091 | 2820 01f9 

  0x00000001108c1278: ;   {metadata(method data for {method} {0x0000000128510480} 'access$getTimeSource$p' '()Lkotlinx/coroutines/AbstractTimeSource;' in 'kotlinx/coroutines/AbstractTimeSourceKt')}
  0x00000001108c1278: 01ea 8cd2 | a13e a5f2 | 2100 c0f2 | 20ac 40b9 | 0008 0011 | 20ac 00b9 | 004c 1f12 | 1f00 0071 
  0x00000001108c1298: 2018 0054 

  0x00000001108c129c: ;   {oop(a 'java/lang/Class'{0x0000000480356500} = 'kotlinx/coroutines/AbstractTimeSourceKt')}
  0x00000001108c129c: 01a0 8cd2 | a106 b0f2 | 8100 c0f2 | 2170 40b9 | 21f0 7dd3 | e003 1faa | 3f00 00eb 

  0x00000001108c12b8: ;   {metadata(method data for {method} {0x00000001284bd3a0} 'runSafely' '(Lkotlinx/coroutines/scheduling/Task;)V' in 'kotlinx/coroutines/scheduling/CoroutineScheduler')}
  0x00000001108c12b8: 0071 9ed2 | 804c a5f2 | 2000 c0f2 | 084a 80d2 | 094c 80d2 | 0201 899a | 0368 62f8 | 6304 0091 
  0x00000001108c12d8: 0368 22f8 | 6006 0054 | e9ff 9fd2 | e9ff bff2 | e9ff dff2 

  0x00000001108c12ec: ; ImmutableOopMap {}
                      ;*invokevirtual unTrackTask {reexecute=0 rethrow=0 return_oop=0}
                      ; - kotlinx.coroutines.scheduling.CoroutineScheduler::runSafely@45 (line 591)
                      ;   {virtual_call}
  0x00000001108c12ec: 65ac ac95 

  0x00000001108c12f0: ;   {other}
  0x00000001108c12f0: 1f20 03d5 | 1fcc 81f2 | 1fc0 80f2 

  0x00000001108c12fc: ;   {metadata(method data for {method} {0x00000001284bd3a0} 'runSafely' '(Lkotlinx/coroutines/scheduling/Task;)V' in 'kotlinx/coroutines/scheduling/CoroutineScheduler')}
  0x00000001108c12fc: 0071 9ed2 | 804c a5f2 | 2000 c0f2 | 0154 41f9 | 2104 0091 | 0154 01f9 | 2500 0014 | 8083 42f9 
  0x00000001108c131c: 9f83 02f9 | 9f87 02f9 

  0x00000001108c1324: ;   {metadata(method data for {method} {0x00000001284bd3a0} 'runSafely' '(Lkotlinx/coroutines/scheduling/Task;)V' in 'kotlinx/coroutines/scheduling/CoroutineScheduler')}
  0x00000001108c1324: 0171 9ed2 | 814c a5f2 | 2100 c0f2 | 286c 41f9 | 0805 0091 | 286c 01f9 

  0x00000001108c133c: ;   {metadata(method data for {method} {0x0000000128510480} 'access$getTimeSource$p' '()Lkotlinx/coroutines/AbstractTimeSource;' in 'kotlinx/coroutines/AbstractTimeSourceKt')}
  0x00000001108c133c: 01ea 8cd2 | a13e a5f2 | 2100 c0f2 | 22ac 40b9 | 4208 0011 | 22ac 00b9 | 424c 1f12 | 5f00 0071 
  0x00000001108c135c: 0013 0054 

  0x00000001108c1360: ;   {oop(a 'java/lang/Class'{0x0000000480356500} = 'kotlinx/coroutines/AbstractTimeSourceKt')}
  0x00000001108c1360: 01a0 8cd2 | a106 b0f2 | 8100 c0f2 | 2170 40b9 | 21f0 7dd3 | e203 1faa | 3f00 02eb 

  0x00000001108c137c: ;   {metadata(method data for {method} {0x00000001284bd3a0} 'runSafely' '(Lkotlinx/coroutines/scheduling/Task;)V' in 'kotlinx/coroutines/scheduling/CoroutineScheduler')}
  0x00000001108c137c: 0271 9ed2 | 824c a5f2 | 2200 c0f2 | 085d 80d2 | 095f 80d2 | 0301 899a | 4468 63f8 | 8404 0091 
  0x00000001108c139c: 4468 23f8 | 2005 0054 | 1900 0014 

  0x00000001108c13a8: ;   {metadata(method data for {method} {0x00000001284bd3a0} 'runSafely' '(Lkotlinx/coroutines/scheduling/Task;)V' in 'kotlinx/coroutines/scheduling/CoroutineScheduler')}
  0x00000001108c13a8: 0171 9ed2 | 814c a5f2 | 2100 c0f2 | 2060 41f9 | 0004 0091 | 2060 01f9 | fd7b 49a9 | ff83 0291 
  0x00000001108c13c8: ;   {poll_return}
  0x00000001108c13c8: 882b 42f9 | ff63 28eb | 6810 0054 | c003 5fd6 

  0x00000001108c13d8: ;   {metadata(method data for {method} {0x00000001284bd3a0} 'runSafely' '(Lkotlinx/coroutines/scheduling/Task;)V' in 'kotlinx/coroutines/scheduling/CoroutineScheduler')}
  0x00000001108c13d8: 0171 9ed2 | 814c a5f2 | 2100 c0f2 | 20d4 40f9 | 0004 0091 | 20d4 00f9 | fd7b 49a9 | ff83 0291 
  0x00000001108c13f8: ;   {poll_return}
  0x00000001108c13f8: 882b 42f9 | ff63 28eb | 480f 0054 | c003 5fd6 | e03f 00f9 | e9ff 9fd2 | e9ff bff2 | e9ff dff2 
  0x00000001108c1418: ; ImmutableOopMap {[120]=Oop }
                      ;*invokevirtual unTrackTask {reexecute=0 rethrow=0 return_oop=0}
                      ; - kotlinx.coroutines.scheduling.CoroutineScheduler::runSafely@63 (line 591)
                      ;   {virtual_call}
  0x00000001108c1418: 1aac ac95 

  0x00000001108c141c: ;   {other}
  0x00000001108c141c: 1f20 03d5 | 9ff1 81f2 | 1fe0 80f2 

  0x00000001108c1428: ;   {metadata(method data for {method} {0x00000001284bd3a0} 'runSafely' '(Lkotlinx/coroutines/scheduling/Task;)V' in 'kotlinx/coroutines/scheduling/CoroutineScheduler')}
  0x00000001108c1428: 0071 9ed2 | 804c a5f2 | 2000 c0f2 | 01a0 41f9 | 2104 0091 | 01a0 01f9 | e03f 40f9 | 6f00 0014 
  0x00000001108c1448: ;   {metadata({method} {0x00000001284bd3a0} 'runSafely' '(Lkotlinx/coroutines/scheduling/Task;)V' in 'kotlinx/coroutines/scheduling/CoroutineScheduler')}
  0x00000001108c1448: 0874 9ad2 | 6809 a5f2 | 2800 c0f2 | e807 00f9 | 0800 8092 | e803 00f9 

  0x00000001108c1460: ; ImmutableOopMap {c_rarg1=Oop c_rarg2=Oop }
                      ;*synchronization entry
                      ; - kotlinx.coroutines.scheduling.CoroutineScheduler::runSafely@-1 (line 585)
                      ;   {runtime_call counter_overflow Runtime1 stub}
  0x00000001108c1460: 481e b095 | fffc ff17 

  0x00000001108c1468: ; ImmutableOopMap {c_rarg2=Oop }
                      ;*invokevirtual run {reexecute=0 rethrow=0 return_oop=0}
                      ; - kotlinx.coroutines.scheduling.CoroutineScheduler::runSafely@2 (line 586)
                      ;   {runtime_call throw_null_pointer_exception Runtime1 stub}
  0x00000001108c1468: a6d0 ad95 

  0x00000001108c146c: ;   {metadata({method} {0x0000000128510480} 'access$getTimeSource$p' '()Lkotlinx/coroutines/AbstractTimeSource;' in 'kotlinx/coroutines/AbstractTimeSourceKt')}
  0x00000001108c146c: 0890 80d2 | 280a a5f2 | 2800 c0f2 | e807 00f9 | 0800 8092 | e803 00f9 

  0x00000001108c1484: ; ImmutableOopMap {}
                      ;*synchronization entry
                      ; - kotlinx.coroutines.AbstractTimeSourceKt::access$getTimeSource$p@-1 (line 1)
                      ; - kotlinx.coroutines.scheduling.CoroutineScheduler::runSafely@5 (line 591)
                      ;   {runtime_call counter_overflow Runtime1 stub}
  0x00000001108c1484: 3f1e b095 | 37fd ff17 

  0x00000001108c148c: ; ImmutableOopMap {c_rarg0=Oop c_rarg2=Oop [104]=Oop }
                      ;*invokevirtual getUncaughtExceptionHandler {reexecute=0 rethrow=0 return_oop=0}
                      ; - kotlinx.coroutines.scheduling.CoroutineScheduler::runSafely@28 (line 589)
                      ;   {runtime_call throw_null_pointer_exception Runtime1 stub}
  0x00000001108c148c: 9dd0 ad95 

  0x00000001108c1490: ;   {metadata({method} {0x0000007000017d68} 'getUncaughtExceptionHandler' '()Ljava/lang/Thread$UncaughtExceptionHandler;' in 'java/lang/Thread')}
  0x00000001108c1490: 08ad 8fd2 | 2800 a0f2 | 080e c0f2 | e807 00f9 | 0800 8092 | e803 00f9 

  0x00000001108c14a8: ; ImmutableOopMap {c_rarg0=Oop c_rarg2=Oop [104]=Oop }
                      ;*synchronization entry
                      ; - java.lang.Thread::getUncaughtExceptionHandler@-1 (line 2864)
                      ; - kotlinx.coroutines.scheduling.CoroutineScheduler::runSafely@28 (line 589)
                      ;   {runtime_call counter_overflow Runtime1 stub}
  0x00000001108c14a8: 361e b095 | 8cfd ff17 

  0x00000001108c14b0: ;   {metadata({method} {0x0000007000017c60} 'isTerminated' '()Z' in 'java/lang/Thread')}
  0x00000001108c14b0: 088c 8fd2 | 2800 a0f2 | 080e c0f2 | e807 00f9 | 0800 8092 | e803 00f9 

  0x00000001108c14c8: ; ImmutableOopMap {c_rarg0=Oop c_rarg2=Oop [104]=Oop }
                      ;*synchronization entry
                      ; - java.lang.Thread::isTerminated@-1 (line 2755)
                      ; - java.lang.Thread::getUncaughtExceptionHandler@1 (line 2864)
                      ; - kotlinx.coroutines.scheduling.CoroutineScheduler::runSafely@28 (line 589)
                      ;   {runtime_call counter_overflow Runtime1 stub}
  0x00000001108c14c8: 2e1e b095 | b6fd ff17 

  0x00000001108c14d0: ;   {metadata({method} {0x0000007000017cb8} 'threadState' '()Ljava/lang/Thread$State;' in 'java/lang/Thread')}
  0x00000001108c14d0: 0897 8fd2 | 2800 a0f2 | 080e c0f2 | e807 00f9 | 0800 8092 | e803 00f9 

  0x00000001108c14e8: ; ImmutableOopMap {c_rarg0=Oop c_rarg2=Oop [104]=Oop }
                      ;*synchronization entry
                      ; - java.lang.Thread::threadState@-1 (line 2748)
                      ; - java.lang.Thread::isTerminated@1 (line 2755)
                      ; - java.lang.Thread::getUncaughtExceptionHandler@1 (line 2864)
                      ; - kotlinx.coroutines.scheduling.CoroutineScheduler::runSafely@28 (line 589)
                      ;   {runtime_call counter_overflow Runtime1 stub}
  0x00000001108c14e8: 261e b095 | e0fd ff17 

  0x00000001108c14f0: ; ImmutableOopMap {c_rarg0=Oop c_rarg2=Oop [104]=Oop }
                      ;*getfield threadStatus {reexecute=1 rethrow=0 return_oop=0}
                      ; - (reexecute) java.lang.Thread::threadState@4 (line 2748)
                      ; - java.lang.Thread::isTerminated@1 (line 2755)
                      ; - java.lang.Thread::getUncaughtExceptionHandler@1 (line 2864)
                      ; - kotlinx.coroutines.scheduling.CoroutineScheduler::runSafely@28 (line 589)
                      ;   {runtime_call throw_null_pointer_exception Runtime1 stub}
  0x00000001108c14f0: 84d0 ad95 

  0x00000001108c14f4: ;   {metadata({method} {0x000000700042d730} 'getThreadGroup' '()Ljava/lang/ThreadGroup;' in 'java/lang/Thread')}
  0x00000001108c14f4: 08e6 9ad2 | 4808 a0f2 | 080e c0f2 | e807 00f9 | 0800 8092 | e803 00f9 

  0x00000001108c150c: ; ImmutableOopMap {c_rarg2=Oop [104]=Oop [112]=Oop }
                      ;*synchronization entry
                      ; - java.lang.Thread::getThreadGroup@-1 (line 1958)
                      ; - java.lang.Thread::getUncaughtExceptionHandler@23 (line 2869)
                      ; - kotlinx.coroutines.scheduling.CoroutineScheduler::runSafely@28 (line 589)
                      ;   {runtime_call counter_overflow Runtime1 stub}
  0x00000001108c150c: 1d1e b095 | 35fe ff17 

  0x00000001108c1514: ;   {metadata({method} {0x0000007000017c60} 'isTerminated' '()Z' in 'java/lang/Thread')}
  0x00000001108c1514: 088c 8fd2 | 2800 a0f2 | 080e c0f2 | e807 00f9 | 0800 8092 | e803 00f9 

  0x00000001108c152c: ; ImmutableOopMap {c_rarg2=Oop [104]=Oop [112]=Oop }
                      ;*synchronization entry
                      ; - java.lang.Thread::isTerminated@-1 (line 2755)
                      ; - java.lang.Thread::getThreadGroup@1 (line 1958)
                      ; - java.lang.Thread::getUncaughtExceptionHandler@23 (line 2869)
                      ; - kotlinx.coroutines.scheduling.CoroutineScheduler::runSafely@28 (line 589)
                      ;   {runtime_call counter_overflow Runtime1 stub}
  0x00000001108c152c: 151e b095 | 5ffe ff17 

  0x00000001108c1534: ;   {metadata({method} {0x0000007000017cb8} 'threadState' '()Ljava/lang/Thread$State;' in 'java/lang/Thread')}
  0x00000001108c1534: 0897 8fd2 | 2800 a0f2 | 080e c0f2 | e807 00f9 | 0800 8092 | e803 00f9 

  0x00000001108c154c: ; ImmutableOopMap {c_rarg2=Oop [104]=Oop [112]=Oop }
                      ;*synchronization entry
                      ; - java.lang.Thread::threadState@-1 (line 2748)
                      ; - java.lang.Thread::isTerminated@1 (line 2755)
                      ; - java.lang.Thread::getThreadGroup@1 (line 1958)
                      ; - java.lang.Thread::getUncaughtExceptionHandler@23 (line 2869)
                      ; - kotlinx.coroutines.scheduling.CoroutineScheduler::runSafely@28 (line 589)
                      ;   {runtime_call counter_overflow Runtime1 stub}
  0x00000001108c154c: 0d1e b095 | 89fe ff17 

  0x00000001108c1554: ; ImmutableOopMap {c_rarg2=Oop [104]=Oop [112]=Oop }
                      ;*getfield threadStatus {reexecute=1 rethrow=0 return_oop=0}
                      ; - (reexecute) java.lang.Thread::threadState@4 (line 2748)
                      ; - java.lang.Thread::isTerminated@1 (line 2755)
                      ; - java.lang.Thread::getThreadGroup@1 (line 1958)
                      ; - java.lang.Thread::getUncaughtExceptionHandler@23 (line 2869)
                      ; - kotlinx.coroutines.scheduling.CoroutineScheduler::runSafely@28 (line 589)
                      ;   {runtime_call throw_null_pointer_exception Runtime1 stub}
  0x00000001108c1554: 6bd0 ad95 

  0x00000001108c1558: ;   {metadata({method} {0x000000700042d9a8} 'isVirtual' '()Z' in 'java/lang/Thread')}
  0x00000001108c1558: 0835 9bd2 | 4808 a0f2 | 080e c0f2 | e807 00f9 | 0800 8092 | e803 00f9 

  0x00000001108c1570: ; ImmutableOopMap {c_rarg2=Oop [104]=Oop [112]=Oop }
                      ;*synchronization entry
                      ; - java.lang.Thread::isVirtual@-1 (line 1509)
                      ; - java.lang.Thread::getThreadGroup@10 (line 1961)
                      ; - java.lang.Thread::getUncaughtExceptionHandler@23 (line 2869)
                      ; - kotlinx.coroutines.scheduling.CoroutineScheduler::runSafely@28 (line 589)
                      ;   {runtime_call counter_overflow Runtime1 stub}
  0x00000001108c1570: 041e b095 | c6fe ff17 

  0x00000001108c1578: ;   {metadata({method} {0x000000700042cfe0} 'virtualThreadGroup' '()Ljava/lang/ThreadGroup;' in 'java/lang/Thread')}
  0x00000001108c1578: 08fc 99d2 | 4808 a0f2 | 080e c0f2 | e807 00f9 | 0800 8092 | e803 00f9 

  0x00000001108c1590: ; ImmutableOopMap {c_rarg2=Oop [104]=Oop [112]=Oop }
                      ;*synchronization entry
                      ; - java.lang.Thread::virtualThreadGroup@-1 (line 2941)
                      ; - java.lang.Thread::getThreadGroup@16 (line 1961)
                      ; - java.lang.Thread::getUncaughtExceptionHandler@23 (line 2869)
                      ; - kotlinx.coroutines.scheduling.CoroutineScheduler::runSafely@28 (line 589)
                      ;   {runtime_call counter_overflow Runtime1 stub}
  0x00000001108c1590: fc1d b095 | 1aff ff17 

  0x00000001108c1598: ; ImmutableOopMap {c_rarg2=Oop [104]=Oop [112]=Oop }
                      ;*getfield group {reexecute=1 rethrow=0 return_oop=0}
                      ; - (reexecute) java.lang.Thread::getThreadGroup@26 (line 1961)
                      ; - java.lang.Thread::getUncaughtExceptionHandler@23 (line 2869)
                      ; - kotlinx.coroutines.scheduling.CoroutineScheduler::runSafely@28 (line 589)
                      ;   {runtime_call throw_null_pointer_exception Runtime1 stub}
  0x00000001108c1598: 5ad0 ad95 

  0x00000001108c159c: ;   {metadata({method} {0x0000000128510480} 'access$getTimeSource$p' '()Lkotlinx/coroutines/AbstractTimeSource;' in 'kotlinx/coroutines/AbstractTimeSourceKt')}
  0x00000001108c159c: 0890 80d2 | 280a a5f2 | 2800 c0f2 | e807 00f9 | 0800 8092 | e803 00f9 

  0x00000001108c15b4: ; ImmutableOopMap {}
                      ;*synchronization entry
                      ; - kotlinx.coroutines.AbstractTimeSourceKt::access$getTimeSource$p@-1 (line 1)
                      ; - kotlinx.coroutines.scheduling.CoroutineScheduler::runSafely@38 (line 591)
                      ;   {runtime_call counter_overflow Runtime1 stub}
  0x00000001108c15b4: f31d b095 | 39ff ff17 

  0x00000001108c15bc: ;   {metadata({method} {0x0000000128510480} 'access$getTimeSource$p' '()Lkotlinx/coroutines/AbstractTimeSource;' in 'kotlinx/coroutines/AbstractTimeSourceKt')}
  0x00000001108c15bc: 0890 80d2 | 280a a5f2 | 2800 c0f2 | e807 00f9 | 0800 8092 | e803 00f9 

  0x00000001108c15d4: ; ImmutableOopMap {c_rarg0=Oop }
                      ;*synchronization entry
                      ; - kotlinx.coroutines.AbstractTimeSourceKt::access$getTimeSource$p@-1 (line 1)
                      ; - kotlinx.coroutines.scheduling.CoroutineScheduler::runSafely@56 (line 591)
                      ;   {runtime_call counter_overflow Runtime1 stub}
  0x00000001108c15d4: eb1d b095 | 62ff ff17 

  0x00000001108c15dc: ;   {internal_word}
  0x00000001108c15dc: 68ef ff10 | 8837 02f9 

  0x00000001108c15e4: ;   {runtime_call SafepointBlob}
  0x00000001108c15e4: c7c4 ac15 

  0x00000001108c15e8: ;   {internal_word}
  0x00000001108c15e8: 88f0 ff10 | 8837 02f9 

  0x00000001108c15f0: ;   {runtime_call SafepointBlob}
  0x00000001108c15f0: c4c4 ac15 | 8083 42f9 | 9f83 02f9 | 9f87 02f9 | fd7b 49a9 | ff83 0291 

  0x00000001108c1608: ;   {runtime_call unwind_exception Runtime1 stub}
  0x00000001108c1608: fed3 ad15 | 0000 0000 
[Stub Code]
  0x00000001108c1610: ;   {no_reloc}
  0x00000001108c1610: df3f 03d5 

  0x00000001108c1614: ;   {metadata(nullptr)}
  0x00000001108c1614: 0c00 80d2 | 0c00 a0f2 | 0c00 c0f2 | 0800 80d2 | 0800 a0f2 | 0800 c0f2 | 0001 1fd6 

  0x00000001108c1630: ;   {trampoline_stub}
  0x00000001108c1630: 4800 0058 | 0001 1fd6 | c09f 3e17 | 0100 0000 

  0x00000001108c1640: ;   {static_stub}
  0x00000001108c1640: df3f 03d5 

  0x00000001108c1644: ;   {metadata(nullptr)}
  0x00000001108c1644: 0c00 80d2 | 0c00 a0f2 | 0c00 c0f2 | 0800 80d2 | 0800 a0f2 | 0800 c0f2 | 0001 1fd6 

  0x00000001108c1660: ;   {trampoline_stub}
  0x00000001108c1660: 4800 0058 | 0001 1fd6 | 80c4 3e17 | 0100 0000 

  0x00000001108c1670: ;   {trampoline_stub}
  0x00000001108c1670: 4800 0058 | 0001 1fd6 | 80c7 3e17 | 0100 0000 

  0x00000001108c1680: ;   {trampoline_stub}
  0x00000001108c1680: 4800 0058 | 0001 1fd6 | 80c7 3e17 | 0100 0000 

  0x00000001108c1690: ;   {static_stub}
  0x00000001108c1690: df3f 03d5 

  0x00000001108c1694: ;   {metadata(nullptr)}
  0x00000001108c1694: 0c00 80d2 | 0c00 a0f2 | 0c00 c0f2 | 0800 80d2 | 0800 a0f2 | 0800 c0f2 | 0001 1fd6 

  0x00000001108c16b0: ;   {trampoline_stub}
  0x00000001108c16b0: 4800 0058 | 0001 1fd6 | 80c4 3e17 | 0100 0000 

  0x00000001108c16c0: ;   {static_stub}
  0x00000001108c16c0: df3f 03d5 

  0x00000001108c16c4: ;   {metadata(nullptr)}
  0x00000001108c16c4: 0c00 80d2 | 0c00 a0f2 | 0c00 c0f2 | 0800 80d2 | 0800 a0f2 | 0800 c0f2 | 0001 1fd6 

  0x00000001108c16e0: ;   {trampoline_stub}
  0x00000001108c16e0: 4800 0058 | 0001 1fd6 | 80c4 3e17 | 0100 0000 

  0x00000001108c16f0: ;   {static_stub}
  0x00000001108c16f0: df3f 03d5 

  0x00000001108c16f4: ;   {metadata(nullptr)}
  0x00000001108c16f4: 0c00 80d2 | 0c00 a0f2 | 0c00 c0f2 | 0800 80d2 | 0800 a0f2 | 0800 c0f2 | 0001 1fd6 

  0x00000001108c1710: ;   {trampoline_stub}
  0x00000001108c1710: 4800 0058 | 0001 1fd6 | 80c4 3e17 | 0100 0000 

  0x00000001108c1720: ;   {static_stub}
  0x00000001108c1720: df3f 03d5 

  0x00000001108c1724: ;   {metadata(nullptr)}
  0x00000001108c1724: 0c00 80d2 | 0c00 a0f2 | 0c00 c0f2 | 0800 80d2 | 0800 a0f2 | 0800 c0f2 | 0001 1fd6 
[Exception Handler]
  0x00000001108c1740: ;   {runtime_call handle_exception_from_callee Runtime1 stub}
  0x00000001108c1740: 70c8 ad95 | c1d5 bbd4 | fe0a 1f07 | 0100 0000 
[Deopt Handler Code]
  0x00000001108c1750: 1e00 0010 

  0x00000001108c1754: ;   {runtime_call DeoptimizationBlob}
  0x00000001108c1754: 3bc5 ac15 
[/MachCode]


---------------  P R O C E S S  ---------------

Threads class SMR info:
_java_thread_list=0x000000098dc5eee0, length=38, elements={
0x00000001011252c0, 0x000000010113f790, 0x000000098b444000, 0x000000098b444700,
0x000000098b444e00, 0x000000098b445500, 0x000000098b440800, 0x000000098b441000,
0x000000098b445c00, 0x000000098b446300, 0x000000098b230e00, 0x000000098b231500,
0x000000098b233100, 0x000000098b233800, 0x000000098ba3c000, 0x000000098ba3ce00,
0x000000098ba3dc00, 0x000000098ba3e300, 0x000000098bb48e00, 0x000000098bb49500,
0x000000098bde4e00, 0x000000098bfe8700, 0x000000098c3a4700, 0x000000098c3a4e00,
0x000000098cd71500, 0x000000098d4c2300, 0x000000098d4c2a00, 0x000000098d4c3100,
0x000000098d4c3800, 0x000000098d52c000, 0x000000098d52c700, 0x000000098d52ce00,
0x000000098d52d500, 0x000000098d52dc00, 0x000000098d52e300, 0x000000098db82300,
0x000000098db81c00, 0x000000098dcb0000
}

Java Threads: ( => current thread )
  0x00000001011252c0 JavaThread "main"                              [_thread_blocked, id=6147, stack(0x000000016f534000,0x000000016f737000) (2060K)]
  0x000000010113f790 JavaThread "Reference Handler"          daemon [_thread_blocked, id=24323, stack(0x00000001706ac000,0x00000001708af000) (2060K)]
  0x000000098b444000 JavaThread "Finalizer"                  daemon [_thread_blocked, id=24835, stack(0x00000001708b8000,0x0000000170abb000) (2060K)]
  0x000000098b444700 JavaThread "Signal Dispatcher"          daemon [_thread_blocked, id=25091, stack(0x0000000170ac4000,0x0000000170cc7000) (2060K)]
  0x000000098b444e00 JavaThread "Service Thread"             daemon [_thread_blocked, id=29443, stack(0x0000000170cd0000,0x0000000170ed3000) (2060K)]
  0x000000098b445500 JavaThread "Monitor Deflation Thread"   daemon [_thread_blocked, id=25603, stack(0x0000000170edc000,0x00000001710df000) (2060K)]
  0x000000098b440800 JavaThread "C2 CompilerThread0"         daemon [_thread_blocked, id=25859, stack(0x00000001710e8000,0x00000001712eb000) (2060K)]
  0x000000098b441000 JavaThread "C1 CompilerThread0"         daemon [_thread_blocked, id=26371, stack(0x00000001712f4000,0x00000001714f7000) (2060K)]
  0x000000098b445c00 JavaThread "Notification Thread"        daemon [_thread_blocked, id=28675, stack(0x0000000171500000,0x0000000171703000) (2060K)]
  0x000000098b446300 JavaThread "Common-Cleaner"             daemon [_thread_blocked, id=28419, stack(0x000000017170c000,0x000000017190f000) (2060K)]
  0x000000098b230e00 JavaThread "AppKit Thread"              daemon [_thread_in_native, id=259, stack(0x000000016ecac000,0x000000016f4a8000) (8176K)]
  0x000000098b231500 JavaThread "AWT-Shutdown"                      [_thread_blocked, id=48163, stack(0x0000000171abc000,0x0000000171cbf000) (2060K)]
  0x000000098b233100 JavaThread "DefaultDispatcher-worker-1" daemon [_thread_blocked, id=81171, stack(0x0000000171d54000,0x0000000171f57000) (2060K)]
  0x000000098b233800 JavaThread "DefaultDispatcher-worker-2" daemon [_thread_blocked, id=71171, stack(0x0000000171f60000,0x0000000172163000) (2060K)]
  0x000000098ba3c000 JavaThread "DefaultDispatcher-worker-3" daemon [_thread_blocked, id=79619, stack(0x000000017216c000,0x000000017236f000) (2060K)]
  0x000000098ba3ce00 JavaThread "Reference Cleaner"          daemon [_thread_blocked, id=71683, stack(0x0000000172378000,0x000000017257b000) (2060K)]
  0x000000098ba3dc00 JavaThread "kotlinx.coroutines.DefaultExecutor" daemon [_thread_blocked, id=79107, stack(0x0000000172584000,0x0000000172787000) (2060K)]
  0x000000098ba3e300 JavaThread "AWT-EventQueue-0"                  [_thread_blocked, id=78851, stack(0x0000000172790000,0x0000000172993000) (2060K)]
  0x000000098bb48e00 JavaThread "Java2D Queue Flusher"       daemon [_thread_blocked, id=76803, stack(0x00000001737f0000,0x00000001739f3000) (2060K)]
  0x000000098bb49500 JavaThread "Java2D Disposer"            daemon [_thread_blocked, id=76291, stack(0x00000001739fc000,0x0000000173bff000) (2060K)]
  0x000000098bde4e00 JavaThread "TimerQueue"                 daemon [_thread_blocked, id=80135, stack(0x0000000173c08000,0x0000000173e0b000) (2060K)]
  0x000000098bfe8700 JavaThread "skiko-dispatcher-to-block-on" daemon [_thread_in_native, id=126003, stack(0x0000000173ea0000,0x00000001740a3000) (2060K)]
  0x000000098c3a4700 JavaThread "DefaultDispatcher-worker-4" daemon [_thread_blocked, id=91663, stack(0x00000001742b8000,0x00000001744bb000) (2060K)]
  0x000000098c3a4e00 JavaThread "DefaultDispatcher-worker-5" daemon [_thread_blocked, id=126503, stack(0x00000001744c4000,0x00000001746c7000) (2060K)]
  0x000000098cd71500 JavaThread "DefaultDispatcher-worker-6" daemon [_thread_in_native, id=123395, stack(0x00000001746d0000,0x00000001748d3000) (2060K)]
  0x000000098d4c2300 JavaThread "DefaultDispatcher-worker-7" daemon [_thread_blocked, id=121639, stack(0x0000000174968000,0x0000000174b6b000) (2060K)]
  0x000000098d4c2a00 JavaThread "DefaultDispatcher-worker-11" daemon [_thread_blocked, id=122915, stack(0x0000000174b74000,0x0000000174d77000) (2060K)]
  0x000000098d4c3100 JavaThread "DefaultDispatcher-worker-9" daemon [_thread_blocked, id=92711, stack(0x0000000174d80000,0x0000000174f83000) (2060K)]
  0x000000098d4c3800 JavaThread "DefaultDispatcher-worker-10" daemon [_thread_blocked, id=93699, stack(0x0000000174f8c000,0x000000017518f000) (2060K)]
  0x000000098d52c000 JavaThread "DefaultDispatcher-worker-8" daemon [_thread_blocked, id=94211, stack(0x0000000175198000,0x000000017539b000) (2060K)]
  0x000000098d52c700 JavaThread "DefaultDispatcher-worker-12" daemon [_thread_blocked, id=94723, stack(0x00000001753a4000,0x00000001755a7000) (2060K)]
  0x000000098d52ce00 JavaThread "DefaultDispatcher-worker-13" daemon [_thread_blocked, id=94979, stack(0x00000001755b0000,0x00000001757b3000) (2060K)]
  0x000000098d52d500 JavaThread "DefaultDispatcher-worker-14" daemon [_thread_blocked, id=121091, stack(0x00000001757bc000,0x00000001759bf000) (2060K)]
  0x000000098d52dc00 JavaThread "DefaultDispatcher-worker-15" daemon [_thread_blocked, id=120835, stack(0x00000001759c8000,0x0000000175bcb000) (2060K)]
=>0x000000098d52e300 JavaThread "DefaultDispatcher-worker-16" daemon [_thread_in_native, id=120579, stack(0x0000000175bd4000,0x0000000175dd7000) (2060K)]
  0x000000098db82300 JavaThread "SpelaAudio"                 daemon [_thread_in_native, id=80923, stack(0x0000000175de0000,0x0000000175fe3000) (2060K)]
  0x000000098db81c00 JavaThread "skiko-dispatcher-to-block-on" daemon [_thread_blocked, id=97571, stack(0x0000000175fec000,0x00000001761ef000) (2060K)]
  0x000000098dcb0000 JavaThread "Java Sound Event Dispatcher" daemon [_thread_blocked, id=100639, stack(0x0000000176284000,0x0000000176487000) (2060K)]
Total: 38

Other Threads:
  0x000000098b119800 VMThread "VM Thread"                           [id=17923, stack(0x0000000170388000,0x000000017058b000) (2060K)]
  0x0000000101134d30 WatcherThread "VM Periodic Task Thread"        [id=17155, stack(0x000000017017c000,0x000000017037f000) (2060K)]
  0x000000010112b620 WorkerThread "GC Thread#0"                     [id=14339, stack(0x000000016f740000,0x000000016f943000) (2060K)]
  0x000000098bab8c00 WorkerThread "GC Thread#1"                     [id=78595, stack(0x000000017299c000,0x0000000172b9f000) (2060K)]
  0x000000098bab9000 WorkerThread "GC Thread#2"                     [id=78083, stack(0x0000000172ba8000,0x0000000172dab000) (2060K)]
  0x000000098bab9400 WorkerThread "GC Thread#3"                     [id=72963, stack(0x0000000172db4000,0x0000000172fb7000) (2060K)]
  0x000000098bab9800 WorkerThread "GC Thread#4"                     [id=73475, stack(0x0000000172fc0000,0x00000001731c3000) (2060K)]
  0x000000098bab9c00 WorkerThread "GC Thread#5"                     [id=73987, stack(0x00000001731cc000,0x00000001733cf000) (2060K)]
  0x000000098baba000 WorkerThread "GC Thread#6"                     [id=77827, stack(0x00000001733d8000,0x00000001735db000) (2060K)]
  0x000000098baba400 WorkerThread "GC Thread#7"                     [id=77315, stack(0x00000001735e4000,0x00000001737e7000) (2060K)]
  0x000000010112c440 ConcurrentGCThread "G1 Main Marker"            [id=13827, stack(0x000000016f94c000,0x000000016fb4f000) (2060K)]
  0x000000010112cef0 WorkerThread "G1 Conc#0"                       [id=12547, stack(0x000000016fb58000,0x000000016fd5b000) (2060K)]
  0x000000098c099400 WorkerThread "G1 Conc#1"                       [id=89371, stack(0x00000001740ac000,0x00000001742af000) (2060K)]
  0x000000010112f590 ConcurrentGCThread "G1 Refine#0"               [id=13059, stack(0x000000016fd64000,0x000000016ff67000) (2060K)]
  0x000000098b118400 ConcurrentGCThread "G1 Service"                [id=21507, stack(0x000000016ff70000,0x0000000170173000) (2060K)]
Total: 15

Threads with active compile tasks:
Total: 0

VM state: not at safepoint (normal execution)

VM Mutex/Monitor currently owned by a thread: None

Heap address: 0x0000000480000000, size: 6144 MB, Compressed Oops mode: Zero based, Oop shift amount: 3

CDS archive(s) mapped at: [0x0000007000000000-0x0000007000c94000-0x0000007000c94000), size 13189120, SharedBaseAddress: 0x0000007000000000, ArchiveRelocationMode: 1.
Compressed class space mapped at: 0x0000007001000000-0x0000007041000000, reserved size: 1073741824
Narrow klass base: 0x0000007000000000, Narrow klass shift: 0, Narrow klass range: 0x100000000

GC Precious Log:
 CardTable entry size: 512
 Card Set container configuration: InlinePtr #cards 4 size 8 Array Of Cards #cards 32 size 80 Howl #buckets 8 coarsen threshold 7372 Howl Bitmap #cards 1024 size 144 coarsen threshold 921 Card regions per heap region 1 cards per card region 8192
 CPUs: 8 total, 8 available
 Memory: 24576M
 Large Page Support: Disabled
 NUMA Support: Disabled
 Compressed Oops: Enabled (Zero based)
 Heap Region Size: 4M
 Heap Min Capacity: 8M
 Heap Initial Capacity: 384M
 Heap Max Capacity: 6G
 Pre-touch: Disabled
 Parallel Workers: 8
 Concurrent Workers: 2
 Concurrent Refinement Workers: 8
 Periodic GC: Disabled

Heap:
 garbage-first heap   total 225280K, used 22391K [0x0000000480000000, 0x0000000600000000)
  region size 4096K, 5 young (20480K), 2 survivors (8192K)
 Metaspace       used 43668K, committed 44288K, reserved 1114112K
  class space    used 4611K, committed 4864K, reserved 1048576K

Heap Regions: E=young(eden), S=young(survivor), O=old, HS=humongous(starts), HC=humongous(continues), CS=collection set, F=free, TAMS=top-at-mark-start, PB=parsable bottom
|   0|0x0000000480000000, 0x0000000480400000, 0x0000000480400000|100%| O|  |TAMS 0x0000000480000000| PB 0x0000000480000000| Untracked 
|   1|0x0000000480400000, 0x0000000480400000, 0x0000000480800000|  0%| F|  |TAMS 0x0000000480400000| PB 0x0000000480400000| Untracked 
|   2|0x0000000480800000, 0x0000000480b6b260, 0x0000000480c00000| 85%| O|Cm|TAMS 0x0000000480800000| PB 0x0000000480800000| Complete 
|   3|0x0000000480c00000, 0x0000000480e72ac8, 0x0000000481000000| 61%| S|CS|TAMS 0x0000000480c00000| PB 0x0000000480c00000| Complete 
|   4|0x0000000481000000, 0x0000000481400000, 0x0000000481400000|100%| S|CS|TAMS 0x0000000481000000| PB 0x0000000481000000| Complete 
|   5|0x0000000481400000, 0x0000000481400000, 0x0000000481800000|  0%| F|  |TAMS 0x0000000481400000| PB 0x0000000481400000| Untracked 
|   6|0x0000000481800000, 0x0000000481800000, 0x0000000481c00000|  0%| F|  |TAMS 0x0000000481800000| PB 0x0000000481800000| Untracked 
|   7|0x0000000481c00000, 0x0000000481c00000, 0x0000000482000000|  0%| F|  |TAMS 0x0000000481c00000| PB 0x0000000481c00000| Untracked 
|   8|0x0000000482000000, 0x0000000482000000, 0x0000000482400000|  0%| F|  |TAMS 0x0000000482000000| PB 0x0000000482000000| Untracked 
|   9|0x0000000482400000, 0x0000000482400000, 0x0000000482800000|  0%| F|  |TAMS 0x0000000482400000| PB 0x0000000482400000| Untracked 
|  10|0x0000000482800000, 0x0000000482800000, 0x0000000482c00000|  0%| F|  |TAMS 0x0000000482800000| PB 0x0000000482800000| Untracked 
|  11|0x0000000482c00000, 0x0000000482c00000, 0x0000000483000000|  0%| F|  |TAMS 0x0000000482c00000| PB 0x0000000482c00000| Untracked 
|  12|0x0000000483000000, 0x0000000483000000, 0x0000000483400000|  0%| F|  |TAMS 0x0000000483000000| PB 0x0000000483000000| Untracked 
|  13|0x0000000483400000, 0x0000000483400000, 0x0000000483800000|  0%| F|  |TAMS 0x0000000483400000| PB 0x0000000483400000| Untracked 
|  14|0x0000000483800000, 0x0000000483800000, 0x0000000483c00000|  0%| F|  |TAMS 0x0000000483800000| PB 0x0000000483800000| Untracked 
|  15|0x0000000483c00000, 0x0000000483c00000, 0x0000000484000000|  0%| F|  |TAMS 0x0000000483c00000| PB 0x0000000483c00000| Untracked 
|  16|0x0000000484000000, 0x0000000484000000, 0x0000000484400000|  0%| F|  |TAMS 0x0000000484000000| PB 0x0000000484000000| Untracked 
|  17|0x0000000484400000, 0x0000000484400000, 0x0000000484800000|  0%| F|  |TAMS 0x0000000484400000| PB 0x0000000484400000| Untracked 
|  18|0x0000000484800000, 0x0000000484800000, 0x0000000484c00000|  0%| F|  |TAMS 0x0000000484800000| PB 0x0000000484800000| Untracked 
|  19|0x0000000484c00000, 0x0000000484c00000, 0x0000000485000000|  0%| F|  |TAMS 0x0000000484c00000| PB 0x0000000484c00000| Untracked 
|  20|0x0000000485000000, 0x0000000485000000, 0x0000000485400000|  0%| F|  |TAMS 0x0000000485000000| PB 0x0000000485000000| Untracked 
|  21|0x0000000485400000, 0x0000000485400000, 0x0000000485800000|  0%| F|  |TAMS 0x0000000485400000| PB 0x0000000485400000| Untracked 
|  22|0x0000000485800000, 0x0000000485800000, 0x0000000485c00000|  0%| F|  |TAMS 0x0000000485800000| PB 0x0000000485800000| Untracked 
|  23|0x0000000485c00000, 0x0000000485c00000, 0x0000000486000000|  0%| F|  |TAMS 0x0000000485c00000| PB 0x0000000485c00000| Untracked 
|  24|0x0000000486000000, 0x0000000486000000, 0x0000000486400000|  0%| F|  |TAMS 0x0000000486000000| PB 0x0000000486000000| Untracked 
|  25|0x0000000486400000, 0x0000000486400000, 0x0000000486800000|  0%| F|  |TAMS 0x0000000486400000| PB 0x0000000486400000| Untracked 
|  26|0x0000000486800000, 0x0000000486800000, 0x0000000486c00000|  0%| F|  |TAMS 0x0000000486800000| PB 0x0000000486800000| Untracked 
|  27|0x0000000486c00000, 0x0000000486c00000, 0x0000000487000000|  0%| F|  |TAMS 0x0000000486c00000| PB 0x0000000486c00000| Untracked 
|  28|0x0000000487000000, 0x0000000487000000, 0x0000000487400000|  0%| F|  |TAMS 0x0000000487000000| PB 0x0000000487000000| Untracked 
|  29|0x0000000487400000, 0x0000000487400000, 0x0000000487800000|  0%| F|  |TAMS 0x0000000487400000| PB 0x0000000487400000| Untracked 
|  30|0x0000000487800000, 0x0000000487800000, 0x0000000487c00000|  0%| F|  |TAMS 0x0000000487800000| PB 0x0000000487800000| Untracked 
|  31|0x0000000487c00000, 0x0000000487c00000, 0x0000000488000000|  0%| F|  |TAMS 0x0000000487c00000| PB 0x0000000487c00000| Untracked 
|  32|0x0000000488000000, 0x0000000488000000, 0x0000000488400000|  0%| F|  |TAMS 0x0000000488000000| PB 0x0000000488000000| Untracked 
|  33|0x0000000488400000, 0x0000000488400000, 0x0000000488800000|  0%| F|  |TAMS 0x0000000488400000| PB 0x0000000488400000| Untracked 
|  34|0x0000000488800000, 0x0000000488800000, 0x0000000488c00000|  0%| F|  |TAMS 0x0000000488800000| PB 0x0000000488800000| Untracked 
|  35|0x0000000488c00000, 0x0000000488c00000, 0x0000000489000000|  0%| F|  |TAMS 0x0000000488c00000| PB 0x0000000488c00000| Untracked 
|  36|0x0000000489000000, 0x0000000489000000, 0x0000000489400000|  0%| F|  |TAMS 0x0000000489000000| PB 0x0000000489000000| Untracked 
|  37|0x0000000489400000, 0x0000000489400000, 0x0000000489800000|  0%| F|  |TAMS 0x0000000489400000| PB 0x0000000489400000| Untracked 
|  38|0x0000000489800000, 0x0000000489800000, 0x0000000489c00000|  0%| F|  |TAMS 0x0000000489800000| PB 0x0000000489800000| Untracked 
|  39|0x0000000489c00000, 0x0000000489c00000, 0x000000048a000000|  0%| F|  |TAMS 0x0000000489c00000| PB 0x0000000489c00000| Untracked 
|  40|0x000000048a000000, 0x000000048a000000, 0x000000048a400000|  0%| F|  |TAMS 0x000000048a000000| PB 0x000000048a000000| Untracked 
|  41|0x000000048a400000, 0x000000048a400000, 0x000000048a800000|  0%| F|  |TAMS 0x000000048a400000| PB 0x000000048a400000| Untracked 
|  42|0x000000048a800000, 0x000000048a800000, 0x000000048ac00000|  0%| F|  |TAMS 0x000000048a800000| PB 0x000000048a800000| Untracked 
|  43|0x000000048ac00000, 0x000000048ac00000, 0x000000048b000000|  0%| F|  |TAMS 0x000000048ac00000| PB 0x000000048ac00000| Untracked 
|  44|0x000000048b000000, 0x000000048b000000, 0x000000048b400000|  0%| F|  |TAMS 0x000000048b000000| PB 0x000000048b000000| Untracked 
|  45|0x000000048b400000, 0x000000048b400000, 0x000000048b800000|  0%| F|  |TAMS 0x000000048b400000| PB 0x000000048b400000| Untracked 
|  46|0x000000048b800000, 0x000000048b800000, 0x000000048bc00000|  0%| F|  |TAMS 0x000000048b800000| PB 0x000000048b800000| Untracked 
|  47|0x000000048bc00000, 0x000000048bc00000, 0x000000048c000000|  0%| F|  |TAMS 0x000000048bc00000| PB 0x000000048bc00000| Untracked 
|  48|0x000000048c000000, 0x000000048c000000, 0x000000048c400000|  0%| F|  |TAMS 0x000000048c000000| PB 0x000000048c000000| Untracked 
|  49|0x000000048c400000, 0x000000048c400000, 0x000000048c800000|  0%| F|  |TAMS 0x000000048c400000| PB 0x000000048c400000| Untracked 
|  50|0x000000048c800000, 0x000000048c800000, 0x000000048cc00000|  0%| F|  |TAMS 0x000000048c800000| PB 0x000000048c800000| Untracked 
|  51|0x000000048cc00000, 0x000000048cc00000, 0x000000048d000000|  0%| F|  |TAMS 0x000000048cc00000| PB 0x000000048cc00000| Untracked 
|  52|0x000000048d000000, 0x000000048d112318, 0x000000048d400000| 26%| E|  |TAMS 0x000000048d000000| PB 0x000000048d000000| Complete 
|  87|0x0000000495c00000, 0x0000000496000000, 0x0000000496000000|100%| E|CS|TAMS 0x0000000495c00000| PB 0x0000000495c00000| Complete 
|1535|0x00000005ffc00000, 0x0000000600000000, 0x0000000600000000|100%| E|CS|TAMS 0x00000005ffc00000| PB 0x00000005ffc00000| Complete 

Card table byte_map: [0x000000011ee7c000,0x000000011fa7c000] _byte_map_base: 0x000000011ca7c000

Marking Bits: (CMBitMap*) 0x000000010112bcd0
 Bits: [0x000000011fa7c000, 0x0000000125a7c000)

Polling page: 0x0000000100984000

Metaspace:

Usage:
  Non-class:     38.14 MB used.
      Class:      4.50 MB used.
       Both:     42.64 MB used.

Virtual space:
  Non-class space:       64.00 MB reserved,      38.50 MB ( 60%) committed,  1 nodes.
      Class space:        1.00 GB reserved,       4.75 MB ( <1%) committed,  1 nodes.
             Both:        1.06 GB reserved,      43.25 MB (  4%) committed. 

Chunk freelists:
   Non-Class:  8.57 MB
       Class:  11.13 MB
        Both:  19.69 MB

MaxMetaspaceSize: unlimited
CompressedClassSpaceSize: 1.00 GB
Initial GC threshold: 21.00 MB
Current GC threshold: 59.00 MB
CDS: on
 - commit_granule_bytes: 65536.
 - commit_granule_words: 8192.
 - virtual_space_node_default_size: 8388608.
 - enlarge_chunks_in_place: 1.
 - use_allocation_guard: 0.


Internal statistics:

num_allocs_failed_limit: 6.
num_arena_births: 814.
num_arena_deaths: 0.
num_vsnodes_births: 2.
num_vsnodes_deaths: 0.
num_space_committed: 692.
num_space_uncommitted: 0.
num_chunks_returned_to_freelist: 6.
num_chunks_taken_from_freelist: 2256.
num_chunk_merges: 6.
num_chunk_splits: 1621.
num_chunks_enlarged: 1281.
num_inconsistent_stats: 0.

CodeHeap 'non-profiled nmethods': size=120032Kb used=2316Kb max_used=2316Kb free=117715Kb
 bounds [0x0000000117944000, 0x0000000117bb4000, 0x000000011ee7c000]
CodeHeap 'profiled nmethods': size=120016Kb used=10759Kb max_used=10759Kb free=109256Kb
 bounds [0x000000010fe7c000, 0x000000011090c000, 0x00000001173b0000]
CodeHeap 'non-nmethods': size=5712Kb used=2573Kb max_used=2642Kb free=3139Kb
 bounds [0x00000001173b0000, 0x0000000117650000, 0x0000000117944000]
CodeCache: size=245760Kb, used=15648Kb, max_used=15717Kb, free=230110Kb
 total_blobs=7107, nmethods=5290, adapters=1725, full_count=0
Compilation: enabled, stopped_count=0, restarted_count=0

Compilation events (20 events):
Event: 13.597 Thread 0x000000098b441000 nmethod 5477 0x00000001108e0c90 code [0x00000001108e0e40, 0x00000001108e1098]
Event: 13.598 Thread 0x000000098b441000 5480       3       androidx.compose.ui.graphics.drawscope.DrawScope$Companion::getDefaultFilterQuality-f-v9h1I (4 bytes)
Event: 13.598 Thread 0x000000098b441000 nmethod 5480 0x00000001108e1210 code [0x00000001108e1380, 0x00000001108e1498]
Event: 13.598 Thread 0x000000098b441000 5479       3       androidx.compose.animation.core.AnimationState::getValue (22 bytes)
Event: 13.599 Thread 0x000000098b441000 nmethod 5479 0x00000001108e1510 code [0x00000001108e16c0, 0x00000001108e19f0]
Event: 13.606 Thread 0x000000098b440800 nmethod 5375 0x0000000117b70210 code [0x0000000117b70a00, 0x0000000117b77058]
Event: 13.606 Thread 0x000000098b440800 5386       4       androidx.compose.ui.focus.FocusTargetNode::getFocusState (546 bytes)
Event: 13.610 Thread 0x000000098b441000 5481       3       androidx.compose.runtime.Anchor::toIndexFor (6 bytes)
Event: 13.610 Thread 0x000000098b440800 nmethod 5386 0x0000000117b79c10 code [0x0000000117b79e00, 0x0000000117b7a2a0]
Event: 13.610 Thread 0x000000098b441000 nmethod 5481 0x00000001108e1b10 code [0x00000001108e1cc0, 0x00000001108e1e48]
Event: 13.610 Thread 0x000000098b441000 5482       3       androidx.compose.runtime.SlotTable::anchorIndex (53 bytes)
Event: 13.610 Thread 0x000000098b440800 5425       4       sun.invoke.util.VerifyAccess::isClassAccessible (230 bytes)
Event: 13.610 Thread 0x000000098b441000 nmethod 5482 0x00000001108e1f10 code [0x00000001108e2140, 0x00000001108e25d0]
Event: 13.610 Thread 0x000000098b441000 5483       3       androidx.compose.runtime.ComposerImpl::skipToGroupEnd (74 bytes)
Event: 13.611 Thread 0x000000098b441000 nmethod 5483 0x00000001108e2810 code [0x00000001108e2b80, 0x00000001108e39f0]
Event: 13.611 Thread 0x000000098b441000 5484       1       androidx.compose.ui.geometry.RoundRect::getBottom (5 bytes)
Event: 13.611 Thread 0x000000098b441000 nmethod 5484 0x0000000117b7aa90 code [0x0000000117b7ac00, 0x0000000117b7aca8]
Event: 13.611 Thread 0x000000098b440800 nmethod 5425 0x0000000117b7ad90 code [0x0000000117b7afc0, 0x0000000117b7b358]
Event: 13.611 Thread 0x000000098b440800 5385       4       androidx.compose.runtime.collection.MutableVector::removeAt (87 bytes)
Event: 13.613 Thread 0x000000098b440800 nmethod 5385 0x0000000117b7b690 code [0x0000000117b7b840, 0x0000000117b7ba50]

GC Heap History (14 events):
Event: 0.597 GC heap before
{Heap before GC invocations=0 (full 0):
 garbage-first heap   total 397312K, used 21536K [0x0000000480000000, 0x0000000600000000)
  region size 4096K, 5 young (20480K), 0 survivors (0K)
 Metaspace       used 5990K, committed 6208K, reserved 1114112K
  class space    used 581K, committed 704K, reserved 1048576K
}
Event: 0.601 GC heap after
{Heap after GC invocations=1 (full 0):
 garbage-first heap   total 397312K, used 5587K [0x0000000480000000, 0x0000000600000000)
  region size 4096K, 1 young (4096K), 1 survivors (4096K)
 Metaspace       used 5990K, committed 6208K, reserved 1114112K
  class space    used 581K, committed 704K, reserved 1048576K
}
Event: 0.767 GC heap before
{Heap before GC invocations=1 (full 0):
 garbage-first heap   total 397312K, used 17875K [0x0000000480000000, 0x0000000600000000)
  region size 4096K, 5 young (20480K), 1 survivors (4096K)
 Metaspace       used 11906K, committed 12160K, reserved 1114112K
  class space    used 1130K, committed 1216K, reserved 1048576K
}
Event: 0.769 GC heap after
{Heap after GC invocations=2 (full 0):
 garbage-first heap   total 397312K, used 6586K [0x0000000480000000, 0x0000000600000000)
  region size 4096K, 1 young (4096K), 1 survivors (4096K)
 Metaspace       used 11906K, committed 12160K, reserved 1114112K
  class space    used 1130K, committed 1216K, reserved 1048576K
}
Event: 1.008 GC heap before
{Heap before GC invocations=2 (full 0):
 garbage-first heap   total 397312K, used 31162K [0x0000000480000000, 0x0000000600000000)
  region size 4096K, 8 young (32768K), 1 survivors (4096K)
 Metaspace       used 21185K, committed 21504K, reserved 1114112K
  class space    used 2201K, committed 2368K, reserved 1048576K
}
Event: 1.010 GC heap after
{Heap after GC invocations=3 (full 0):
 garbage-first heap   total 397312K, used 7673K [0x0000000480000000, 0x0000000600000000)
  region size 4096K, 1 young (4096K), 1 survivors (4096K)
 Metaspace       used 21185K, committed 21504K, reserved 1114112K
  class space    used 2201K, committed 2368K, reserved 1048576K
}
Event: 1.996 GC heap before
{Heap before GC invocations=4 (full 0):
 garbage-first heap   total 57344K, used 48633K [0x0000000480000000, 0x0000000600000000)
  region size 4096K, 11 young (45056K), 1 survivors (4096K)
 Metaspace       used 30608K, committed 30976K, reserved 1114112K
  class space    used 3206K, committed 3328K, reserved 1048576K
}
Event: 2.000 GC heap after
{Heap after GC invocations=5 (full 0):
 garbage-first heap   total 65536K, used 10171K [0x0000000480000000, 0x0000000600000000)
  region size 4096K, 2 young (8192K), 2 survivors (8192K)
 Metaspace       used 30608K, committed 30976K, reserved 1114112K
  class space    used 3206K, committed 3328K, reserved 1048576K
}
Event: 2.138 GC heap before
{Heap before GC invocations=5 (full 0):
 garbage-first heap   total 65536K, used 38843K [0x0000000480000000, 0x0000000600000000)
  region size 4096K, 9 young (36864K), 2 survivors (8192K)
 Metaspace       used 34541K, committed 35008K, reserved 1114112K
  class space    used 3693K, committed 3904K, reserved 1048576K
}
Event: 2.141 GC heap after
{Heap after GC invocations=6 (full 0):
 garbage-first heap   total 65536K, used 11551K [0x0000000480000000, 0x0000000600000000)
  region size 4096K, 2 young (8192K), 2 survivors (8192K)
 Metaspace       used 34541K, committed 35008K, reserved 1114112K
  class space    used 3693K, committed 3904K, reserved 1048576K
}
Event: 2.193 GC heap before
{Heap before GC invocations=6 (full 0):
 garbage-first heap   total 65536K, used 15647K [0x0000000480000000, 0x0000000600000000)
  region size 4096K, 4 young (16384K), 2 survivors (8192K)
 Metaspace       used 35596K, committed 36096K, reserved 1114112K
  class space    used 3797K, committed 4032K, reserved 1048576K
}
Event: 2.195 GC heap after
{Heap after GC invocations=7 (full 0):
 garbage-first heap   total 65536K, used 11838K [0x0000000480000000, 0x0000000600000000)
  region size 4096K, 2 young (8192K), 2 survivors (8192K)
 Metaspace       used 35596K, committed 36096K, reserved 1114112K
  class space    used 3797K, committed 4032K, reserved 1048576K
}
Event: 12.393 GC heap before
{Heap before GC invocations=8 (full 0):
 garbage-first heap   total 57344K, used 40510K [0x0000000480000000, 0x0000000600000000)
  region size 4096K, 9 young (36864K), 2 survivors (8192K)
 Metaspace       used 41695K, committed 42304K, reserved 1114112K
  class space    used 4430K, committed 4672K, reserved 1048576K
}
Event: 12.396 GC heap after
{Heap after GC invocations=9 (full 0):
 garbage-first heap   total 225280K, used 14199K [0x0000000480000000, 0x0000000600000000)
  region size 4096K, 2 young (8192K), 2 survivors (8192K)
 Metaspace       used 41695K, committed 42304K, reserved 1114112K
  class space    used 4430K, committed 4672K, reserved 1048576K
}

Dll operation events (15 events):
Event: 0.006 Loaded shared library /Users/mattias800/Library/Java/JavaVirtualMachines/ms-21.0.10/Contents/Home/lib/libjava.dylib
Event: 0.086 Loaded shared library /Users/mattias800/Library/Java/JavaVirtualMachines/ms-21.0.10/Contents/Home/lib/libnio.dylib
Event: 0.088 Loaded shared library /Users/mattias800/Library/Java/JavaVirtualMachines/ms-21.0.10/Contents/Home/lib/libzip.dylib
Event: 0.197 Loaded shared library /Users/mattias800/Library/Java/JavaVirtualMachines/ms-21.0.10/Contents/Home/lib/libjimage.dylib
Event: 0.208 Loaded shared library /Users/mattias800/.skiko/384a41e7bf8dcab7fe3ef7dfb14a2adf281ce448c1f711cac5e69a7b97ae2f4a/libskiko-macos-arm64.dylib
Event: 0.239 Loaded shared library /Users/mattias800/Library/Java/JavaVirtualMachines/ms-21.0.10/Contents/Home/lib/libawt.dylib
Event: 0.243 Loaded shared library /Users/mattias800/Library/Java/JavaVirtualMachines/ms-21.0.10/Contents/Home/lib/libawt_lwawt.dylib
Event: 0.263 Loaded shared library /Users/mattias800/Library/Java/JavaVirtualMachines/ms-21.0.10/Contents/Home/lib/libfontmanager.dylib
Event: 0.459 Loaded shared library /Users/mattias800/Library/Java/JavaVirtualMachines/ms-21.0.10/Contents/Home/lib/libosxui.dylib
Event: 0.995 Loaded shared library /Users/mattias800/Library/Java/JavaVirtualMachines/ms-21.0.10/Contents/Home/lib/libnet.dylib
Event: 1.378 Loaded shared library /private/var/folders/00/y_pwwndd1hj9rnmh0xwj36v80000gn/T/sqlite-3.51.0.0-a829a813-0231-4532-b752-ff68726d0c22-libsqlitejdbc.dylib
Event: 1.546 Loading shared library /Users/mattias800/Library/Java/JavaVirtualMachines/ms-21.0.10/Contents/Home/lib/libspela-libretro.dylib failed, dlopen(/Users/mattias800/Library/Java/JavaVirtualMachines/ms-21.0.10/Contents/Home/lib/libspela-libretro.dylib, 0x0001):
Event: 1.547 Loading shared library /Users/mattias800/Library/Java/JavaVirtualMachines/ms-21.0.10/Contents/Home/lib/libspela-libretro.jnilib failed, dlopen(/Users/mattias800/Library/Java/JavaVirtualMachines/ms-21.0.10/Contents/Home/lib/libspela-libretro.jnilib, 0x0001
Event: 1.859 Loaded shared library /Users/mattias800/repos/spela/player/desktop/build/native/libspela-libretro.dylib
Event: 1.859 Loaded shared library /Users/mattias800/Library/Java/JavaVirtualMachines/ms-21.0.10/Contents/Home/lib/libextnet.dylib

Deoptimization events (20 events):
Event: 12.779 Thread 0x000000098ba3e300 DEOPT PACKING pc=0x000000010fe88480 sp=0x0000000172990a00
Event: 12.779 Thread 0x000000098ba3e300 DEOPT UNPACKING pc=0x00000001173f2e7c sp=0x00000001729906b0 mode 0
Event: 12.781 Thread 0x000000098ba3e300 DEOPT PACKING pc=0x00000001101b8f78 sp=0x0000000172990410
Event: 12.781 Thread 0x000000098ba3e300 DEOPT UNPACKING pc=0x00000001173f2e7c sp=0x00000001729900b0 mode 0
Event: 12.924 Thread 0x000000098ba3e300 Uncommon trap: trap_request=0xffffff6e fr.pc=0x0000000117b4b474 relative=0x0000000000000e74
Event: 12.924 Thread 0x000000098ba3e300 Uncommon trap: reason=loop_limit_check action=maybe_recompile pc=0x0000000117b4b474 method=androidx.compose.runtime.CompositionImpl.addPendingInvalidationsLocked(Ljava/util/Set;Z)V @ 61 c2
Event: 12.924 Thread 0x000000098ba3e300 DEOPT PACKING pc=0x0000000117b4b474 sp=0x0000000172991ae0
Event: 12.924 Thread 0x000000098ba3e300 DEOPT UNPACKING pc=0x00000001173f301c sp=0x0000000172991930 mode 2
Event: 13.124 Thread 0x000000098ba3e300 Uncommon trap: trap_request=0xffffff6e fr.pc=0x0000000117b57540 relative=0x00000000000017c0
Event: 13.124 Thread 0x000000098ba3e300 Uncommon trap: reason=loop_limit_check action=maybe_recompile pc=0x0000000117b57540 method=androidx.compose.runtime.snapshots.SnapshotStateObserver$ObservedScopeMap.recordInvalidation(Ljava/util/Set;)Z @ 89 c2
Event: 13.124 Thread 0x000000098ba3e300 DEOPT PACKING pc=0x0000000117b57540 sp=0x0000000172991860
Event: 13.124 Thread 0x000000098ba3e300 DEOPT UNPACKING pc=0x00000001173f301c sp=0x0000000172991630 mode 2
Event: 13.497 Thread 0x000000098ba3e300 Uncommon trap: trap_request=0xffffff45 fr.pc=0x0000000117b3e0b0 relative=0x0000000000000070
Event: 13.497 Thread 0x000000098ba3e300 Uncommon trap: reason=unstable_if action=reinterpret pc=0x0000000117b3e0b0 method=java.security.AccessController.getContext()Ljava/security/AccessControlContext; @ 5 c2
Event: 13.497 Thread 0x000000098ba3e300 DEOPT PACKING pc=0x0000000117b3e0b0 sp=0x000000017298edc0
Event: 13.497 Thread 0x000000098ba3e300 DEOPT UNPACKING pc=0x00000001173f301c sp=0x000000017298ed40 mode 2
Event: 13.524 Thread 0x000000098ba3e300 DEOPT PACKING pc=0x0000000110599aa8 sp=0x00000001729916d0
Event: 13.524 Thread 0x000000098ba3e300 DEOPT UNPACKING pc=0x00000001173f2e7c sp=0x0000000172991300 mode 0
Event: 13.559 Thread 0x000000098ba3e300 DEOPT PACKING pc=0x00000001105283d8 sp=0x0000000172991210
Event: 13.559 Thread 0x000000098ba3e300 DEOPT UNPACKING pc=0x00000001173f2e7c sp=0x0000000172990e40 mode 0

Classes loaded (20 events):
Event: 13.469 Loading class javax/swing/MenuElement done
Event: 13.469 Loading class javax/swing/JMenuItem
Event: 13.469 Loading class javax/swing/AbstractButton
Event: 13.470 Loading class java/awt/ItemSelectable
Event: 13.470 Loading class java/awt/ItemSelectable done
Event: 13.470 Loading class javax/swing/AbstractButton done
Event: 13.470 Loading class javax/swing/JMenuItem done
Event: 13.470 Loading class javax/swing/JMenu done
Event: 13.500 Loading class jdk/internal/logger/LoggerFinderLoader
Event: 13.500 Loading class jdk/internal/logger/LoggerFinderLoader done
Event: 13.500 Loading class java/io/FilePermission$1
Event: 13.500 Loading class jdk/internal/access/JavaIOFilePermissionAccess
Event: 13.500 Loading class jdk/internal/access/JavaIOFilePermissionAccess done
Event: 13.500 Loading class java/io/FilePermission$1 done
Event: 13.500 Loading class jdk/internal/logger/LoggerFinderLoader$TemporaryLoggerFinder
Event: 13.500 Loading class jdk/internal/logger/LoggerFinderLoader$TemporaryLoggerFinder done
Event: 13.500 Loading class sun/util/logging/internal/LoggingProviderImpl$JULWrapper
Event: 13.500 Loading class sun/util/logging/internal/LoggingProviderImpl$JULWrapper done
Event: 13.514 Loading class jdk/internal/event/ThreadSleepEvent
Event: 13.514 Loading class jdk/internal/event/ThreadSleepEvent done

Classes unloaded (0 events):
No events

Classes redefined (0 events):
No events

Internal exceptions (20 events):
Event: 2.317 Thread 0x000000098c3a4700 Exception <a 'java/io/FileNotFoundException'{0x0000000481c0ab50}> (0x0000000481c0ab50) 
thrown [src/hotspot/share/prims/jni.cpp, line 520]
Event: 2.317 Thread 0x000000098c3a4700 Exception <a 'java/io/FileNotFoundException'{0x0000000481c67658}> (0x0000000481c67658) 
thrown [src/hotspot/share/prims/jni.cpp, line 520]
Event: 2.317 Thread 0x000000098c3a4700 Exception <a 'java/io/FileNotFoundException'{0x0000000481c687e8}> (0x0000000481c687e8) 
thrown [src/hotspot/share/prims/jni.cpp, line 520]
Event: 2.318 Thread 0x000000098c3a4700 Exception <a 'java/io/FileNotFoundException'{0x0000000481c69ab0}> (0x0000000481c69ab0) 
thrown [src/hotspot/share/prims/jni.cpp, line 520]
Event: 2.318 Thread 0x000000098c3a4700 Exception <a 'java/io/FileNotFoundException'{0x0000000481c6ac40}> (0x0000000481c6ac40) 
thrown [src/hotspot/share/prims/jni.cpp, line 520]
Event: 2.319 Thread 0x000000098c3a4700 Exception <a 'java/io/FileNotFoundException'{0x0000000481c6bdd0}> (0x0000000481c6bdd0) 
thrown [src/hotspot/share/prims/jni.cpp, line 520]
Event: 2.319 Thread 0x000000098c3a4700 Exception <a 'java/io/FileNotFoundException'{0x0000000481c6cf68}> (0x0000000481c6cf68) 
thrown [src/hotspot/share/prims/jni.cpp, line 520]
Event: 2.319 Thread 0x000000098c3a4700 Exception <a 'java/io/FileNotFoundException'{0x0000000481c6e100}> (0x0000000481c6e100) 
thrown [src/hotspot/share/prims/jni.cpp, line 520]
Event: 2.320 Thread 0x000000098c3a4700 Exception <a 'java/io/FileNotFoundException'{0x0000000481c6f298}> (0x0000000481c6f298) 
thrown [src/hotspot/share/prims/jni.cpp, line 520]
Event: 2.321 Thread 0x000000098c3a4700 Exception <a 'java/io/FileNotFoundException'{0x0000000481c70430}> (0x0000000481c70430) 
thrown [src/hotspot/share/prims/jni.cpp, line 520]
Event: 2.321 Thread 0x000000098c3a4700 Exception <a 'java/io/FileNotFoundException'{0x0000000481c715c8}> (0x0000000481c715c8) 
thrown [src/hotspot/share/prims/jni.cpp, line 520]
Event: 2.322 Thread 0x000000098c3a4700 Exception <a 'java/io/FileNotFoundException'{0x0000000481c72760}> (0x0000000481c72760) 
thrown [src/hotspot/share/prims/jni.cpp, line 520]
Event: 12.298 Thread 0x000000098ba3e300 Exception <a 'java/lang/NoSuchMethodError'{0x000000048199f2c0}: 'java.lang.Object java.lang.invoke.DirectMethodHandle$Holder.invokeStatic(java.lang.Object, java.lang.Object, int, java.lang.Object, java.lang.Object)'> (0x000000048199f2c0) 
thrown [src/hotspot/share/interpreter/linkResolver.cpp, line 773]
Event: 12.301 Thread 0x000000098ba3e300 Exception <a 'java/lang/NoSuchMethodError'{0x00000004819dd1f0}: 'java.lang.Object java.lang.invoke.DirectMethodHandle$Holder.newInvokeSpecial(java.lang.Object, java.lang.Object, float)'> (0x00000004819dd1f0) 
thrown [src/hotspot/share/interpreter/linkResolver.cpp, line 773]
Event: 12.303 Thread 0x000000098ba3e300 Exception <a 'java/lang/NoSuchMethodError'{0x00000004819fa920}: 'java.lang.Object java.lang.invoke.DirectMethodHandle$Holder.invokeStatic(java.lang.Object, java.lang.Object, long, java.lang.Object)'> (0x00000004819fa920) 
thrown [src/hotspot/share/interpreter/linkResolver.cpp, line 773]
Event: 12.303 Thread 0x000000098ba3e300 Exception <a 'java/lang/NoSuchMethodError'{0x0000000481a01500}: 'java.lang.Object java.lang.invoke.DirectMethodHandle$Holder.newInvokeSpecial(java.lang.Object, java.lang.Object, long)'> (0x0000000481a01500) 
thrown [src/hotspot/share/interpreter/linkResolver.cpp, line 773]
Event: 12.303 Thread 0x000000098ba3e300 Exception <a 'java/lang/NoSuchMethodError'{0x0000000481a04f10}: 'java.lang.Object java.lang.invoke.Invokers$Holder.linkToTargetMethod(java.lang.Object, long, java.lang.Object)'> (0x0000000481a04f10) 
thrown [src/hotspot/share/interpreter/linkResolver.cpp, line 773]
Event: 12.371 Thread 0x000000098ba3e300 Exception <a 'java/lang/NoSuchMethodError'{0x0000000481744b98}: 'java.lang.Object java.lang.invoke.DirectMethodHandle$Holder.invokeStatic(java.lang.Object, java.lang.Object, int, int, java.lang.Object)'> (0x0000000481744b98) 
thrown [src/hotspot/share/interpreter/linkResolver.cpp, line 773]
Event: 12.372 Thread 0x000000098ba3e300 Exception <a 'java/lang/NoSuchMethodError'{0x000000048174bd80}: 'java.lang.Object java.lang.invoke.DirectMethodHandle$Holder.newInvokeSpecial(java.lang.Object, java.lang.Object, int, int)'> (0x000000048174bd80) 
thrown [src/hotspot/share/interpreter/linkResolver.cpp, line 773]
Event: 12.372 Thread 0x000000098ba3e300 Exception <a 'java/lang/NoSuchMethodError'{0x00000004817501d0}: 'java.lang.Object java.lang.invoke.DirectMethodHandle$Holder.invokeSpecial(java.lang.Object, java.lang.Object, java.lang.Object, int, int)'> (0x00000004817501d0) 
thrown [src/hotspot/share/interpreter/linkResolver.cpp, line 773]

ZGC Phase Switch (0 events):
No events

VM Operations (20 events):
Event: 2.349 Executing non-safepoint VM operation: HandshakeAllThreads (Deoptimize)
Event: 2.349 Executing non-safepoint VM operation: HandshakeAllThreads (Deoptimize) done
Event: 3.356 Executing safepoint VM operation: Cleanup
Event: 3.356 Executing safepoint VM operation: Cleanup done
Event: 11.416 Executing safepoint VM operation: Cleanup
Event: 11.416 Executing safepoint VM operation: Cleanup done
Event: 11.814 Executing safepoint VM operation: ICBufferFull
Event: 11.814 Executing safepoint VM operation: ICBufferFull done
Event: 12.305 Executing safepoint VM operation: ICBufferFull
Event: 12.306 Executing safepoint VM operation: ICBufferFull done
Event: 12.349 Executing safepoint VM operation: ICBufferFull
Event: 12.349 Executing safepoint VM operation: ICBufferFull done
Event: 12.393 Executing safepoint VM operation: G1CollectForAllocation (G1 Evacuation Pause)
Event: 12.396 Executing safepoint VM operation: G1CollectForAllocation (G1 Evacuation Pause) done
Event: 12.860 Executing safepoint VM operation: ICBufferFull
Event: 12.860 Executing safepoint VM operation: ICBufferFull done
Event: 13.498 Executing non-safepoint VM operation: HandshakeAllThreads (Deoptimize)
Event: 13.498 Executing non-safepoint VM operation: HandshakeAllThreads (Deoptimize) done
Event: 13.518 Executing safepoint VM operation: ICBufferFull
Event: 13.518 Executing safepoint VM operation: ICBufferFull done

Memory protections (20 events):
Event: 0.563 Protecting memory [0x0000000172790000,0x000000017279c000] with protection modes 0
Event: 0.673 Protecting memory [0x00000001737f0000,0x00000001737fc000] with protection modes 0
Event: 0.676 Protecting memory [0x00000001739fc000,0x0000000173a08000] with protection modes 0
Event: 0.782 Protecting memory [0x0000000173c08000,0x0000000173c14000] with protection modes 0
Event: 0.955 Protecting memory [0x0000000173ea0000,0x0000000173eac000] with protection modes 0
Event: 1.545 Protecting memory [0x00000001742b8000,0x00000001742c4000] with protection modes 0
Event: 1.545 Protecting memory [0x00000001744c4000,0x00000001744d0000] with protection modes 0
Event: 1.874 Protecting memory [0x00000001746d0000,0x00000001746dc000] with protection modes 0
Event: 2.112 Protecting memory [0x0000000174968000,0x0000000174974000] with protection modes 0
Event: 2.113 Protecting memory [0x0000000174b74000,0x0000000174b80000] with protection modes 0
Event: 2.113 Protecting memory [0x0000000174d80000,0x0000000174d8c000] with protection modes 0
Event: 2.113 Protecting memory [0x0000000174f8c000,0x0000000174f98000] with protection modes 0
Event: 2.114 Protecting memory [0x0000000175198000,0x00000001751a4000] with protection modes 0
Event: 2.114 Protecting memory [0x00000001753a4000,0x00000001753b0000] with protection modes 0
Event: 2.114 Protecting memory [0x00000001755b0000,0x00000001755bc000] with protection modes 0
Event: 2.114 Protecting memory [0x00000001757bc000,0x00000001757c8000] with protection modes 0
Event: 2.115 Protecting memory [0x00000001759c8000,0x00000001759d4000] with protection modes 0
Event: 2.115 Protecting memory [0x0000000175bd4000,0x0000000175be0000] with protection modes 0
Event: 13.513 Protecting memory [0x0000000175de0000,0x0000000175dec000] with protection modes 0
Event: 13.613 Protecting memory [0x0000000175fec000,0x0000000175ff8000] with protection modes 0

Nmethod flushes (20 events):
Event: 2.199 Thread 0x000000098b119800 flushing  nmethod 0x000000010fec1590
Event: 2.199 Thread 0x000000098b119800 flushing  nmethod 0x000000010fec1a90
Event: 2.199 Thread 0x000000098b119800 flushing  nmethod 0x000000010fec2190
Event: 2.199 Thread 0x000000098b119800 flushing  nmethod 0x000000010fec2910
Event: 2.199 Thread 0x000000098b119800 flushing  nmethod 0x000000010fec2f90
Event: 2.199 Thread 0x000000098b119800 flushing  nmethod 0x000000010fec7590
Event: 2.199 Thread 0x000000098b119800 flushing  nmethod 0x000000010fec7d10
Event: 2.199 Thread 0x000000098b119800 flushing  nmethod 0x000000010fec8110
Event: 2.199 Thread 0x000000098b119800 flushing  nmethod 0x000000010fec9810
Event: 2.199 Thread 0x000000098b119800 flushing  nmethod 0x000000010feca890
Event: 2.199 Thread 0x000000098b119800 flushing  nmethod 0x000000010fed2f90
Event: 2.199 Thread 0x000000098b119800 flushing  nmethod 0x000000010fed3490
Event: 2.199 Thread 0x000000098b119800 flushing  nmethod 0x000000010fed3810
Event: 2.199 Thread 0x000000098b119800 flushing  nmethod 0x000000010fed5410
Event: 2.199 Thread 0x000000098b119800 flushing  nmethod 0x000000010fed6390
Event: 2.199 Thread 0x000000098b119800 flushing  nmethod 0x000000010fed7d90
Event: 2.199 Thread 0x000000098b119800 flushing  nmethod 0x000000010fed9a10
Event: 2.199 Thread 0x000000098b119800 flushing  nmethod 0x000000010ff13b10
Event: 2.199 Thread 0x000000098b119800 flushing  nmethod 0x000000010ff8b610
Event: 2.199 Thread 0x000000098b119800 flushing  nmethod 0x000000010fff6410

Events (20 events):
Event: 0.562 Thread 0x00000001011252c0 Thread added: 0x000000098ba3e300
Event: 0.673 Thread 0x000000098ba3e300 Thread added: 0x000000098bb48e00
Event: 0.676 Thread 0x000000098ba3e300 Thread added: 0x000000098bb49500
Event: 0.782 Thread 0x000000098ba3e300 Thread added: 0x000000098bde4e00
Event: 0.955 Thread 0x000000098ba3e300 Thread added: 0x000000098bfe8700
Event: 1.545 Thread 0x000000098ba3e300 Thread added: 0x000000098c3a4700
Event: 1.545 Thread 0x000000098b233800 Thread added: 0x000000098c3a4e00
Event: 1.874 Thread 0x000000098c3a4e00 Thread added: 0x000000098cd71500
Event: 2.112 Thread 0x000000098c3a4e00 Thread added: 0x000000098d4c2300
Event: 2.112 Thread 0x000000098cd71500 Thread added: 0x000000098d4c2a00
Event: 2.113 Thread 0x000000098ba3c000 Thread added: 0x000000098d4c3100
Event: 2.113 Thread 0x000000098b233800 Thread added: 0x000000098d4c3800
Event: 2.113 Thread 0x000000098c3a4700 Thread added: 0x000000098d52c000
Event: 2.114 Thread 0x000000098c3a4e00 Thread added: 0x000000098d52c700
Event: 2.114 Thread 0x000000098d4c2300 Thread added: 0x000000098d52ce00
Event: 2.114 Thread 0x000000098cd71500 Thread added: 0x000000098d52d500
Event: 2.114 Thread 0x000000098d4c2300 Thread added: 0x000000098d52dc00
Event: 2.115 Thread 0x000000098d52c000 Thread added: 0x000000098d52e300
Event: 13.513 Thread 0x000000098ba3e300 Thread added: 0x000000098db82300
Event: 13.613 Thread 0x000000098ba3e300 Thread added: 0x000000098db81c00


Dynamic libraries:
0x000000010099c000 	/Users/mattias800/Library/Java/JavaVirtualMachines/ms-21.0.10/Contents/Home/lib/libjli.dylib
0x00000001a236a000 	/System/Library/Frameworks/Cocoa.framework/Versions/A/Cocoa
0x00000001878b3000 	/System/Library/Frameworks/AppKit.framework/Versions/C/AppKit
0x000000018aefc000 	/System/Library/Frameworks/CoreData.framework/Versions/A/CoreData
0x0000000184cb3000 	/System/Library/Frameworks/Foundation.framework/Versions/C/Foundation
0x0000000192e3b000 	/usr/lib/libSystem.B.dylib
0x0000000188fe3000 	/System/Library/PrivateFrameworks/UIFoundation.framework/Versions/A/UIFoundation
0x00000002398c7000 	/System/Library/PrivateFrameworks/CollectionViewCore.framework/Versions/A/CollectionViewCore
0x0000000190207000 	/System/Library/PrivateFrameworks/XCTTargetBootstrap.framework/Versions/A/XCTTargetBootstrap
0x00000001957b8000 	/System/Library/PrivateFrameworks/InternationalSupport.framework/Versions/A/InternationalSupport
0x0000000195b12000 	/System/Library/PrivateFrameworks/UserActivity.framework/Versions/A/UserActivity
0x000000018b58c000 	/System/Library/PrivateFrameworks/BaseBoard.framework/Versions/A/BaseBoard
0x000000024206b000 	/System/Library/PrivateFrameworks/FrontBoard.framework/Versions/A/FrontBoard
0x000000019d1be000 	/System/Library/PrivateFrameworks/FrontBoardServices.framework/Versions/A/FrontBoardServices
0x000000027d8e8000 	/usr/lib/libRosetta.dylib
0x00000002711ed000 	/System/Library/PrivateFrameworks/UIIntelligenceSupport.framework/Versions/A/UIIntelligenceSupport
0x000000022e86a000 	/System/Library/Frameworks/SwiftUICore.framework/Versions/A/SwiftUICore
0x0000000277767000 	/System/Library/PrivateFrameworks/WritingTools.framework/Versions/A/WritingTools
0x00000002765bd000 	/System/Library/PrivateFrameworks/WindowManagement.framework/Versions/A/WindowManagement
0x0000000184912000 	/System/Library/Frameworks/SystemConfiguration.framework/Versions/A/SystemConfiguration
0x0000000194ad5000 	/usr/lib/libspindump.dylib
0x000000018919e000 	/System/Library/Frameworks/UniformTypeIdentifiers.framework/Versions/A/UniformTypeIdentifiers
0x00000001920e6000 	/usr/lib/libbsm.0.dylib
0x000000018d914000 	/usr/lib/libapp_launch_measurement.dylib
0x000000018cc1a000 	/System/Library/PrivateFrameworks/CoreAnalytics.framework/Versions/A/CoreAnalytics
0x000000018d918000 	/System/Library/PrivateFrameworks/CoreAutoLayout.framework/Versions/A/CoreAutoLayout
0x000000018f752000 	/System/Library/Frameworks/Metal.framework/Versions/A/Metal
0x0000000190b52000 	/usr/lib/liblangid.dylib
0x000000019020d000 	/System/Library/PrivateFrameworks/CoreSVG.framework/Versions/A/CoreSVG
0x0000000189bff000 	/System/Library/PrivateFrameworks/SkyLight.framework/Versions/A/SkyLight
0x0000000241da4000 	/System/Library/PrivateFrameworks/FocusEngine.framework/Versions/A/FocusEngine
0x000000018a198000 	/System/Library/Frameworks/CoreGraphics.framework/Versions/A/CoreGraphics
0x000000023f9b3000 	/System/Library/PrivateFrameworks/DesignLibrary.framework/Versions/A/DesignLibrary
0x000000019b484000 	/System/Library/Frameworks/Accelerate.framework/Versions/A/Accelerate
0x00000001948cb000 	/System/Library/PrivateFrameworks/IconServices.framework/Versions/A/IconServices
0x000000018f72a000 	/System/Library/Frameworks/IOSurface.framework/Versions/A/IOSurface
0x000000018cc4a000 	/usr/lib/libDiagnosticMessagesClient.dylib
0x0000000192d84000 	/usr/lib/libz.1.dylib
0x000000019f7a7000 	/System/Library/Frameworks/ApplicationServices.framework/Versions/A/ApplicationServices
0x00000001901f2000 	/System/Library/PrivateFrameworks/DFRFoundation.framework/Versions/A/DFRFoundation
0x0000000187102000 	/usr/lib/libicucore.A.dylib
0x0000000196d4e000 	/System/Library/Frameworks/AudioToolbox.framework/Versions/A/AudioToolbox
0x0000000195ac0000 	/System/Library/PrivateFrameworks/DataDetectorsCore.framework/Versions/A/DataDetectorsCore
0x0000000271dd3000 	/System/Library/PrivateFrameworks/UpdateCycle.framework/Versions/A/UpdateCycle
0x00000001b3978000 	/System/Library/PrivateFrameworks/TextInput.framework/Versions/A/TextInput
0x0000000189b41000 	/usr/lib/libMobileGestalt.dylib
0x000000018feee000 	/System/Library/Frameworks/Carbon.framework/Versions/A/Frameworks/HIToolbox.framework/Versions/A/HIToolbox
0x000000018d17f000 	/System/Library/Frameworks/QuartzCore.framework/Versions/A/QuartzCore
0x0000000186cdd000 	/System/Library/Frameworks/Security.framework/Versions/A/Security
0x000000019ae03000 	/System/Library/Frameworks/Carbon.framework/Versions/A/Frameworks/SpeechRecognition.framework/Versions/A/SpeechRecognition
0x000000018d5e3000 	/System/Library/PrivateFrameworks/CoreUI.framework/Versions/A/CoreUI
0x0000000186531000 	/System/Library/Frameworks/CoreAudio.framework/Versions/A/CoreAudio
0x000000018cd3e000 	/System/Library/Frameworks/DiskArbitration.framework/Versions/A/DiskArbitration
0x0000000194f92000 	/System/Library/PrivateFrameworks/MultitouchSupport.framework/Versions/A/MultitouchSupport
0x0000000189b3f000 	/usr/lib/libenergytrace.dylib
0x00000001a6ea5000 	/System/Library/PrivateFrameworks/RenderBox.framework/Versions/A/RenderBox
0x000000018775a000 	/System/Library/Frameworks/IOKit.framework/Versions/A/IOKit
0x000000019b20d000 	/System/Library/Frameworks/CoreServices.framework/Versions/A/CoreServices
0x000000018d8a5000 	/System/Library/PrivateFrameworks/PerformanceAnalysis.framework/Versions/A/PerformanceAnalysis
0x00000001e9600000 	/System/Library/Frameworks/OpenGL.framework/Versions/A/OpenGL
0x000000018d962000 	/usr/lib/libxml2.2.dylib
0x0000000191fc7000 	/System/Library/PrivateFrameworks/MobileKeyBag.framework/Versions/A/MobileKeyBag
0x0000000182fcc000 	/usr/lib/libobjc.A.dylib
0x0000000183330000 	/usr/lib/libc++.1.dylib
0x000000019b18a000 	/System/Library/Frameworks/Accessibility.framework/Versions/A/Accessibility
0x000000018a8f2000 	/System/Library/Frameworks/ColorSync.framework/Versions/A/ColorSync
0x0000000183461000 	/System/Library/Frameworks/CoreFoundation.framework/Versions/A/CoreFoundation
0x0000000190594000 	/System/Library/Frameworks/CoreImage.framework/Versions/A/CoreImage
0x0000000186304000 	/System/Library/Frameworks/CoreText.framework/Versions/A/CoreText
0x0000000228e51000 	/System/Library/Frameworks/CoreTransferable.framework/Versions/A/CoreTransferable
0x000000022938d000 	/System/Library/Frameworks/DataDetection.framework/Versions/A/DataDetection
0x00000002293a2000 	/System/Library/Frameworks/DeveloperToolsSupport.framework/Versions/A/DeveloperToolsSupport
0x000000019024b000 	/System/Library/Frameworks/ImageIO.framework/Versions/A/ImageIO
0x000000022f7df000 	/System/Library/Frameworks/Symbols.framework/Versions/A/Symbols
0x00000001b8b4c000 	/System/Library/PrivateFrameworks/AttributeGraph.framework/Versions/A/AttributeGraph
0x000000019d29d000 	/System/Library/PrivateFrameworks/BoardServices.framework/Versions/A/BoardServices
0x00000001dd1e1000 	/System/Library/PrivateFrameworks/FeatureFlags.framework/Versions/A/FeatureFlags
0x000000024af8b000 	/System/Library/PrivateFrameworks/Gestures.framework/Versions/A/Gestures
0x0000000192e40000 	/System/Library/PrivateFrameworks/SoftLinking.framework/Versions/A/SoftLinking
0x00000001c734d000 	/usr/lib/swift/libswiftAccelerate.dylib
0x00000001bd82f000 	/usr/lib/swift/libswiftCompression.dylib
0x00000001966b6000 	/usr/lib/swift/libswiftCore.dylib
0x00000001afc5c000 	/usr/lib/swift/libswiftCoreFoundation.dylib
0x00000001afcb5000 	/usr/lib/swift/libswiftCoreImage.dylib
0x000000019cf39000 	/usr/lib/swift/libswiftDispatch.dylib
0x00000001afcb6000 	/usr/lib/swift/libswiftIOKit.dylib
0x00000001bd822000 	/usr/lib/swift/libswiftMetal.dylib
0x00000001ccb30000 	/usr/lib/swift/libswiftOSLog.dylib
0x000000019fdf7000 	/usr/lib/swift/libswiftObjectiveC.dylib
0x000000027eb26000 	/usr/lib/swift/libswiftObservation.dylib
0x00000001c2ae5000 	/usr/lib/swift/libswiftQuartzCore.dylib
0x000000027ec65000 	/usr/lib/swift/libswiftSynchronization.dylib
0x00000001c733e000 	/usr/lib/swift/libswiftUniformTypeIdentifiers.dylib
0x00000001afc6e000 	/usr/lib/swift/libswiftXPC.dylib
0x000000027ec9f000 	/usr/lib/swift/libswift_Builtin_float.dylib
0x000000027eca2000 	/usr/lib/swift/libswift_Concurrency.dylib
0x000000019fdfb000 	/usr/lib/swift/libswiftos.dylib
0x00000001b370d000 	/usr/lib/swift/libswiftsimd.dylib
0x0000000193067000 	/usr/lib/libcompression.dylib
0x0000000195718000 	/System/Library/PrivateFrameworks/TextureIO.framework/Versions/A/TextureIO
0x000000018aa9e000 	/System/Library/Frameworks/ApplicationServices.framework/Versions/A/Frameworks/HIServices.framework/Versions/A/HIServices
0x0000000194554000 	/usr/lib/libate.dylib
0x0000000192e35000 	/usr/lib/system/libcache.dylib
0x0000000192df0000 	/usr/lib/system/libcommonCrypto.dylib
0x0000000192e1b000 	/usr/lib/system/libcompiler_rt.dylib
0x0000000192e10000 	/usr/lib/system/libcopyfile.dylib
0x000000018316a000 	/usr/lib/system/libcorecrypto.dylib
0x0000000183263000 	/usr/lib/system/libdispatch.dylib
0x0000000183020000 	/usr/lib/system/libdyld.dylib
0x0000000192e2b000 	/usr/lib/system/libkeymgr.dylib
0x0000000192dd3000 	/usr/lib/system/libmacho.dylib
0x00000001920be000 	/usr/lib/system/libquarantine.dylib
0x0000000192e28000 	/usr/lib/system/libremovefile.dylib
0x0000000189bc2000 	/usr/lib/system/libsystem_asl.dylib
0x00000001830f0000 	/usr/lib/system/libsystem_blocks.dylib
0x00000001832ad000 	/usr/lib/system/libsystem_c.dylib
0x0000000192e1f000 	/usr/lib/system/libsystem_collections.dylib
0x0000000190b3f000 	/usr/lib/system/libsystem_configuration.dylib
0x000000018f6f1000 	/usr/lib/system/libsystem_containermanager.dylib
0x0000000192841000 	/usr/lib/system/libsystem_coreservices.dylib
0x00000001873d4000 	/usr/lib/system/libsystem_darwin.dylib
0x000000027eff5000 	/usr/lib/system/libsystem_darwindirectory.dylib
0x0000000192e2c000 	/usr/lib/system/libsystem_dnssd.dylib
0x000000027eff9000 	/usr/lib/system/libsystem_eligibility.dylib
0x00000001832aa000 	/usr/lib/system/libsystem_featureflags.dylib
0x0000000183431000 	/usr/lib/system/libsystem_info.dylib
0x0000000192d94000 	/usr/lib/system/libsystem_m.dylib
0x0000000183217000 	/usr/lib/system/libsystem_malloc.dylib
0x0000000189b24000 	/usr/lib/system/libsystem_networkextension.dylib
0x0000000187845000 	/usr/lib/system/libsystem_notify.dylib
0x0000000190b44000 	/usr/lib/system/libsystem_sandbox.dylib
0x000000027f003000 	/usr/lib/system/libsystem_sanitizers.dylib
0x0000000192e24000 	/usr/lib/system/libsystem_secinit.dylib
0x00000001833de000 	/usr/lib/system/libsystem_kernel.dylib
0x0000000183428000 	/usr/lib/system/libsystem_platform.dylib
0x000000018341b000 	/usr/lib/system/libsystem_pthread.dylib
0x000000018b76f000 	/usr/lib/system/libsystem_symptoms.dylib
0x0000000183149000 	/usr/lib/system/libsystem_trace.dylib
0x000000027f00b000 	/usr/lib/system/libsystem_trial.dylib
0x0000000192dfe000 	/usr/lib/system/libunwind.dylib
0x00000001830f4000 	/usr/lib/system/libxpc.dylib
0x00000001833c3000 	/usr/lib/libc++abi.dylib
0x000000027e836000 	/usr/lib/libswiftPrespecialized.dylib
0x0000000192e3d000 	/usr/lib/libfakelink.dylib
0x0000000189768000 	/System/Library/Frameworks/CFNetwork.framework/Versions/A/CFNetwork
0x0000000192e91000 	/usr/lib/libarchive.2.dylib
0x0000000198f18000 	/System/Library/Frameworks/Combine.framework/Versions/A/Combine
0x00000002398ec000 	/System/Library/PrivateFrameworks/CollectionsInternal.framework/Versions/A/CollectionsInternal
0x0000000260427000 	/System/Library/PrivateFrameworks/ReflectionInternal.framework/Versions/A/ReflectionInternal
0x00000002612b3000 	/System/Library/PrivateFrameworks/RuntimeInternal.framework/Versions/A/RuntimeInternal
0x00000001acb16000 	/usr/lib/swift/libswiftDarwin.dylib
0x000000027ec6d000 	/usr/lib/swift/libswiftSystem.dylib
0x000000027ed2c000 	/usr/lib/swift/libswift_DarwinFoundation1.dylib
0x000000027ee0d000 	/usr/lib/swift/libswift_StringProcessing.dylib
0x00000001876d9000 	/System/Library/PrivateFrameworks/CoreServicesInternal.framework/Versions/A/CoreServicesInternal
0x0000000192e08000 	/usr/lib/liboah.dylib
0x000000019f245000 	/System/Library/PrivateFrameworks/DiskImages.framework/Versions/A/DiskImages
0x00000001ac5d9000 	/System/Library/Frameworks/NetFS.framework/Versions/A/NetFS
0x000000018d8dc000 	/System/Library/Frameworks/CoreServices.framework/Versions/A/Frameworks/FSEvents.framework/Versions/A/FSEvents
0x00000001873df000 	/System/Library/Frameworks/CoreServices.framework/Versions/A/Frameworks/CarbonCore.framework/Versions/A/CarbonCore
0x000000018ccb2000 	/System/Library/Frameworks/CoreServices.framework/Versions/A/Frameworks/Metadata.framework/Versions/A/Metadata
0x0000000192848000 	/System/Library/Frameworks/CoreServices.framework/Versions/A/Frameworks/OSServices.framework/Versions/A/OSServices
0x0000000192f89000 	/System/Library/Frameworks/CoreServices.framework/Versions/A/Frameworks/SearchKit.framework/Versions/A/SearchKit
0x000000018b6e9000 	/System/Library/Frameworks/CoreServices.framework/Versions/A/Frameworks/AE.framework/Versions/A/AE
0x00000001839aa000 	/System/Library/Frameworks/CoreServices.framework/Versions/A/Frameworks/LaunchServices.framework/Versions/A/LaunchServices
0x00000001943aa000 	/System/Library/Frameworks/CoreServices.framework/Versions/A/Frameworks/DictionaryServices.framework/Versions/A/DictionaryServices
0x000000018d8ea000 	/System/Library/Frameworks/CoreServices.framework/Versions/A/Frameworks/SharedFileList.framework/Versions/A/SharedFileList
0x000000019301e000 	/usr/lib/libapple_nghttp2.dylib
0x000000018b303000 	/usr/lib/libsqlite3.dylib
0x000000019f48d000 	/System/Library/PrivateFrameworks/AppSupport.framework/Versions/A/AppSupport
0x00000001973e7000 	/System/Library/Frameworks/GSS.framework/Versions/A/GSS
0x000000018b67d000 	/System/Library/PrivateFrameworks/RunningBoardServices.framework/Versions/A/RunningBoardServices
0x000000019fd85000 	/System/Library/PrivateFrameworks/StreamingZip.framework/Versions/A/StreamingZip
0x000000018b778000 	/System/Library/Frameworks/Network.framework/Versions/A/Network
0x0000000192dd7000 	/usr/lib/system/libkxld.dylib
0x0000000235196000 	/System/Library/PrivateFrameworks/AppleKeyStore.framework/Versions/A/AppleKeyStore
0x000000027d5cc000 	/usr/lib/libCoreEntitlements.dylib
0x0000000256382000 	/System/Library/PrivateFrameworks/MessageSecurity.framework/Versions/A/MessageSecurity
0x000000018b2e7000 	/System/Library/PrivateFrameworks/ProtocolBuffer.framework/Versions/A/ProtocolBuffer
0x000000019c33f000 	/System/Library/PrivateFrameworks/SymptomDiagnosticReporter.framework/Versions/A/SymptomDiagnosticReporter
0x00000001945ee000 	/System/Library/PrivateFrameworks/CrashReporterSupport.framework/Versions/A/CrashReporterSupport
0x0000000192828000 	/System/Library/PrivateFrameworks/AppleFSCompression.framework/Versions/A/AppleFSCompression
0x00000001920ce000 	/usr/lib/libcoretls.dylib
0x0000000194421000 	/usr/lib/libcoretls_cfhelpers.dylib
0x0000000193060000 	/usr/lib/libpam.2.dylib
0x0000000194493000 	/usr/lib/libxar.1.dylib
0x0000000194423000 	/System/Library/PrivateFrameworks/APFS.framework/Versions/A/APFS
0x000000026bcdf000 	/System/Library/PrivateFrameworks/SwiftASN1Internal.framework/Versions/A/SwiftASN1Internal
0x00000001944a2000 	/usr/lib/libutil.dylib
0x0000000190b4d000 	/System/Library/PrivateFrameworks/AppleSystemInfo.framework/Versions/A/AppleSystemInfo
0x0000000191db6000 	/System/Library/PrivateFrameworks/IOMobileFramebuffer.framework/Versions/A/IOMobileFramebuffer
0x00000001afb22000 	/System/Library/PrivateFrameworks/LoggingSupport.framework/Versions/A/LoggingSupport
0x000000019744a000 	/System/Library/PrivateFrameworks/MobileAsset.framework/Versions/A/MobileAsset
0x000000019c34f000 	/System/Library/PrivateFrameworks/PowerLog.framework/Versions/A/PowerLog
0x000000022e708000 	/System/Library/Frameworks/SwiftData.framework/Versions/A/SwiftData
0x000000018db0e000 	/System/Library/PrivateFrameworks/UserManagement.framework/Versions/A/UserManagement
0x0000000189693000 	/usr/lib/libboringssl.dylib
0x000000018b75d000 	/usr/lib/libdns_services.dylib
0x00000001aeb5b000 	/usr/lib/libquic.dylib
0x0000000196646000 	/usr/lib/libusrtcp.dylib
0x0000000235f89000 	/System/Library/PrivateFrameworks/AtomicsInternal.framework/Versions/A/AtomicsInternal
0x00000001d5368000 	/System/Library/PrivateFrameworks/InternalSwiftProtobuf.framework/Versions/A/InternalSwiftProtobuf
0x000000027eafd000 	/usr/lib/swift/libswiftDistributed.dylib
0x0000000190b4b000 	/System/Library/PrivateFrameworks/AggregateDictionary.framework/Versions/A/AggregateDictionary
0x0000000236719000 	/System/Library/PrivateFrameworks/BiomeLibrary.framework/Versions/A/BiomeLibrary
0x00000001be7f6000 	/System/Library/PrivateFrameworks/BiomeStreams.framework/Versions/A/BiomeStreams
0x00000001baa2d000 	/System/Library/PrivateFrameworks/BiomeFoundation.framework/Versions/A/BiomeFoundation
0x00000001c48aa000 	/System/Library/PrivateFrameworks/BiomePubSub.framework/Versions/A/BiomePubSub
0x00000001a0da9000 	/System/Library/PrivateFrameworks/ProactiveSupport.framework/Versions/A/ProactiveSupport
0x0000000194402000 	/usr/lib/liblzma.5.dylib
0x000000019f7a8000 	/System/Library/PrivateFrameworks/InternationalTextSearch.framework/Versions/A/InternationalTextSearch
0x00000001b6f4a000 	/System/Library/PrivateFrameworks/SoftwareUpdateCoreSupport.framework/Versions/A/SoftwareUpdateCoreSupport
0x00000001bf278000 	/System/Library/PrivateFrameworks/SoftwareUpdateCoreConnect.framework/Versions/A/SoftwareUpdateCoreConnect
0x000000019f343000 	/System/Library/PrivateFrameworks/RemoteServiceDiscovery.framework/Versions/A/RemoteServiceDiscovery
0x00000001b6b41000 	/System/Library/PrivateFrameworks/MSUDataAccessor.framework/Versions/A/MSUDataAccessor
0x00000001b1c7a000 	/usr/lib/libbootpolicy.dylib
0x000000019f35a000 	/System/Library/PrivateFrameworks/RemoteXPC.framework/Versions/A/RemoteXPC
0x00000001be6c2000 	/usr/lib/libFDR.dylib
0x00000001c44cb000 	/usr/lib/libamsupport.dylib
0x000000027d8e0000 	/usr/lib/libReverseProxyDevice.dylib
0x0000000234af0000 	/System/Library/PrivateFrameworks/AppleDeviceQuerySupport.framework/Versions/A/AppleDeviceQuerySupport
0x00000001c754d000 	/usr/lib/libpartition2_dynamic.dylib
0x0000000192ffa000 	/System/Library/PrivateFrameworks/AppleSauce.framework/Versions/A/AppleSauce
0x000000027d46d000 	/usr/lib/libAppleArchive.dylib
0x0000000192834000 	/usr/lib/libbz2.1.0.dylib
0x000000018cd48000 	/System/Library/Frameworks/Accelerate.framework/Versions/A/Frameworks/vImage.framework/Versions/A/vImage
0x000000019b1e7000 	/System/Library/Frameworks/Accelerate.framework/Versions/A/Frameworks/vecLib.framework/Versions/A/vecLib
0x00000001944d9000 	/System/Library/Frameworks/Accelerate.framework/Versions/A/Frameworks/vecLib.framework/Versions/A/libvMisc.dylib
0x0000000183eaa000 	/System/Library/Frameworks/Accelerate.framework/Versions/A/Frameworks/vecLib.framework/Versions/A/libBLAS.dylib
0x000000018da49000 	/System/Library/Frameworks/CoreVideo.framework/Versions/A/CoreVideo
0x0000000196fef000 	/System/Library/Frameworks/ApplicationServices.framework/Versions/A/Frameworks/ATS.framework/Versions/A/ATS
0x00000001956a1000 	/System/Library/Frameworks/ApplicationServices.framework/Versions/A/Frameworks/PrintCore.framework/Versions/A/PrintCore
0x00000001973b0000 	/System/Library/Frameworks/ApplicationServices.framework/Versions/A/Frameworks/QD.framework/Versions/A/QD
0x00000001973ab000 	/System/Library/Frameworks/ApplicationServices.framework/Versions/A/Frameworks/ColorSyncLegacy.framework/Versions/A/ColorSyncLegacy
0x0000000196fc1000 	/System/Library/Frameworks/ApplicationServices.framework/Versions/A/Frameworks/SpeechSynthesis.framework/Versions/A/SpeechSynthesis
0x000000018fc1c000 	/System/Library/PrivateFrameworks/FontServices.framework/libFontParser.dylib
0x000000019f069000 	/System/Library/PrivateFrameworks/BackBoardServices.framework/Versions/A/BackBoardServices
0x0000000236635000 	/System/Library/PrivateFrameworks/BackBoardHIDEventFoundation.framework/Versions/A/BackBoardHIDEventFoundation
0x0000000185e15000 	/System/Library/Frameworks/CoreDisplay.framework/Versions/A/CoreDisplay
0x0000000194fd8000 	/System/Library/Frameworks/VideoToolbox.framework/Versions/A/VideoToolbox
0x000000019305e000 	/System/Library/Frameworks/MetalPerformanceShaders.framework/Versions/A/MetalPerformanceShaders
0x000000025f504000 	/System/Library/PrivateFrameworks/ProDisplayLibrary.framework/Versions/A/ProDisplayLibrary
0x00000001a2e33000 	/System/Library/PrivateFrameworks/IOSurfaceAccelerator.framework/Versions/A/IOSurfaceAccelerator
0x000000018f747000 	/System/Library/PrivateFrameworks/IOAccelerator.framework/Versions/A/IOAccelerator
0x000000018fa5f000 	/System/Library/Frameworks/CoreMedia.framework/Versions/A/CoreMedia
0x0000000189bda000 	/System/Library/PrivateFrameworks/TCC.framework/Versions/A/TCC
0x0000000194f90000 	/System/Library/PrivateFrameworks/WatchdogClient.framework/Versions/A/WatchdogClient
0x00000001c4908000 	/System/Library/PrivateFrameworks/BiomeStorage.framework/Versions/A/BiomeStorage
0x0000000250f2a000 	/System/Library/PrivateFrameworks/IntelligencePlatformLibrary.framework/Versions/A/IntelligencePlatformLibrary
0x000000025e811000 	/System/Library/PrivateFrameworks/PoirotSchematizer.framework/Versions/A/PoirotSchematizer
0x0000000236f5e000 	/System/Library/PrivateFrameworks/BiomeSync.framework/Versions/A/BiomeSync
0x00000002366ff000 	/System/Library/PrivateFrameworks/BiomeDSL.framework/Versions/A/BiomeDSL
0x000000025e87b000 	/System/Library/PrivateFrameworks/PoirotUDFs.framework/Versions/A/PoirotUDFs
0x000000025e7e0000 	/System/Library/PrivateFrameworks/PoirotSQLite.framework/Versions/A/PoirotSQLite
0x000000019d7ba000 	/System/Library/PrivateFrameworks/CoreTime.framework/Versions/A/CoreTime
0x0000000192e76000 	/usr/lib/libiconv.2.dylib
0x0000000192dd2000 	/usr/lib/libcharset.1.dylib
0x000000027ed6d000 	/usr/lib/swift/libswift_RegexParser.dylib
0x0000000238567000 	/System/Library/PrivateFrameworks/CascadeSets.framework/Versions/A/CascadeSets
0x00000001975b7000 	/System/Library/PrivateFrameworks/CorePhoneNumbers.framework/Versions/A/CorePhoneNumbers
0x0000000194e5a000 	/System/Library/PrivateFrameworks/AppleJPEG.framework/Versions/A/AppleJPEG
0x0000000194846000 	/usr/lib/libexpat.1.dylib
0x0000000195574000 	/System/Library/Frameworks/ImageIO.framework/Versions/A/Resources/libPng.dylib
0x00000001955a0000 	/System/Library/Frameworks/ImageIO.framework/Versions/A/Resources/libTIFF.dylib
0x000000019568a000 	/System/Library/Frameworks/ImageIO.framework/Versions/A/Resources/libGIF.dylib
0x0000000194e9f000 	/System/Library/Frameworks/ImageIO.framework/Versions/A/Resources/libJP2.dylib
0x0000000195630000 	/System/Library/Frameworks/ImageIO.framework/Versions/A/Resources/libJPEG.dylib
0x0000000195627000 	/System/Library/Frameworks/ImageIO.framework/Versions/A/Resources/libRadiance.dylib
0x0000000247752000 	/System/Library/PrivateFrameworks/GPUCompiler.framework/Versions/32023/Libraries/libllvm-flatbuffers.dylib
0x000000024205e000 	/System/Library/PrivateFrameworks/FramePacing.framework/Versions/A/FramePacing
0x00000001e95f2000 	/System/Library/Frameworks/OpenGL.framework/Versions/A/Libraries/libCoreFSCache.dylib
0x000000024319f000 	/System/Library/PrivateFrameworks/GPUCompiler.framework/Versions/32023/Libraries/libGPUCompilerUtils.dylib
0x000000019d36a000 	/System/Library/PrivateFrameworks/GraphicsServices.framework/Versions/A/GraphicsServices
0x00000001a0f35000 	/System/Library/PrivateFrameworks/ASEProcessing.framework/Versions/A/ASEProcessing
0x00000001d0b84000 	/System/Library/PrivateFrameworks/Symbolication.framework/Versions/A/Symbolication
0x000000025e401000 	/System/Library/PrivateFrameworks/PhotosensitivityProcessing.framework/Versions/A/PhotosensitivityProcessing
0x0000000194a77000 	/System/Library/PrivateFrameworks/GraphVisualizer.framework/Versions/A/GraphVisualizer
0x00000001e9651000 	/System/Library/Frameworks/OpenGL.framework/Versions/A/Libraries/libGLU.dylib
0x00000001e9614000 	/System/Library/Frameworks/OpenGL.framework/Versions/A/Libraries/libGFXShared.dylib
0x0000000227728000 	/System/Library/Frameworks/OpenGL.framework/Versions/A/Libraries/libGL.dylib
0x00000001e961d000 	/System/Library/Frameworks/OpenGL.framework/Versions/A/Libraries/libGLImage.dylib
0x00000001e9611000 	/System/Library/Frameworks/OpenGL.framework/Versions/A/Libraries/libCVMSPluginSupport.dylib
0x00000001e95fa000 	/System/Library/Frameworks/OpenGL.framework/Versions/A/Libraries/libCoreVMClient.dylib
0x0000000241f69000 	/System/Library/PrivateFrameworks/FontServices.framework/Versions/A/FontServices
0x0000000194a87000 	/System/Library/PrivateFrameworks/OTSVG.framework/Versions/A/OTSVG
0x000000018d590000 	/System/Library/Frameworks/ApplicationServices.framework/Versions/A/Frameworks/ATS.framework/Versions/A/Resources/libFontRegistry.dylib
0x000000027ddf0000 	/usr/lib/libhvf.dylib
0x000000025b236000 	/System/Library/PrivateFrameworks/ParsingInternal.framework/Versions/A/ParsingInternal
0x0000000241f6d000 	/System/Library/PrivateFrameworks/FontServices.framework/libXTFontStaticRegistryData.dylib
0x0000000190a8c000 	/System/Library/Frameworks/MetalPerformanceShaders.framework/Versions/A/Frameworks/MPSCore.framework/Versions/A/MPSCore
0x0000000192793000 	/System/Library/Frameworks/MetalPerformanceShaders.framework/Versions/A/Frameworks/MPSImage.framework/Versions/A/MPSImage
0x0000000192171000 	/System/Library/Frameworks/MetalPerformanceShaders.framework/Versions/A/Frameworks/MPSNeuralNetwork.framework/Versions/A/MPSNeuralNetwork
0x00000001925a9000 	/System/Library/Frameworks/MetalPerformanceShaders.framework/Versions/A/Frameworks/MPSMatrix.framework/Versions/A/MPSMatrix
0x00000001923be000 	/System/Library/Frameworks/MetalPerformanceShaders.framework/Versions/A/Frameworks/MPSRayIntersector.framework/Versions/A/MPSRayIntersector
0x00000001925db000 	/System/Library/Frameworks/MetalPerformanceShaders.framework/Versions/A/Frameworks/MPSNDArray.framework/Versions/A/MPSNDArray
0x000000022b6cc000 	/System/Library/Frameworks/MetalPerformanceShaders.framework/Versions/A/Frameworks/MPSFunctions.framework/Versions/A/MPSFunctions
0x000000022b6ad000 	/System/Library/Frameworks/MetalPerformanceShaders.framework/Versions/A/Frameworks/MPSBenchmarkLoop.framework/Versions/A/MPSBenchmarkLoop
0x0000000183cc5000 	/System/Library/PrivateFrameworks/MetalTools.framework/Versions/A/MetalTools
0x00000001b4db2000 	/System/Library/PrivateFrameworks/IOAccelMemoryInfo.framework/Versions/A/IOAccelMemoryInfo
0x00000001c2edb000 	/System/Library/PrivateFrameworks/kperf.framework/Versions/A/kperf
0x00000001afc38000 	/System/Library/PrivateFrameworks/GPURawCounter.framework/Versions/A/GPURawCounter
0x000000019d6a3000 	/System/Library/PrivateFrameworks/CoreSymbolication.framework/Versions/A/CoreSymbolication
0x00000001afbaf000 	/System/Library/PrivateFrameworks/MallocStackLogging.framework/Versions/A/MallocStackLogging
0x000000019d680000 	/System/Library/PrivateFrameworks/DebugSymbols.framework/Versions/A/DebugSymbols
0x00000001c1744000 	/System/Library/PrivateFrameworks/OSAnalytics.framework/Versions/A/OSAnalytics
0x000000023fe65000 	/System/Library/PrivateFrameworks/DeviceRecovery.framework/Versions/A/DeviceRecovery
0x00000002294e7000 	/System/Library/Frameworks/ExtensionFoundation.framework/Versions/A/ExtensionFoundation
0x0000000194ac8000 	/System/Library/PrivateFrameworks/AppServerSupport.framework/Versions/A/AppServerSupport
0x0000000194745000 	/System/Library/PrivateFrameworks/PlugInKit.framework/Versions/A/PlugInKit
0x0000000191fdf000 	/System/Library/PrivateFrameworks/AssertionServices.framework/Versions/A/AssertionServices
0x000000019486b000 	/System/Library/PrivateFrameworks/IconFoundation.framework/Versions/A/IconFoundation
0x000000024de2e000 	/System/Library/PrivateFrameworks/IconRendering.framework/Versions/A/IconRendering
0x0000000261464000 	/System/Library/PrivateFrameworks/SFSymbols.framework/Versions/A/SFSymbols
0x0000000185f39000 	/System/Library/PrivateFrameworks/AudioToolboxCore.framework/Versions/A/AudioToolboxCore
0x0000000196f29000 	/System/Library/PrivateFrameworks/AudioSession.framework/Versions/A/AudioSession
0x00000001a217d000 	/System/Library/Frameworks/CoreMIDI.framework/Versions/A/CoreMIDI
0x0000000196fa8000 	/usr/lib/libAudioStatistics.dylib
0x000000018fa36000 	/System/Library/PrivateFrameworks/caulk.framework/Versions/A/caulk
0x000000019554e000 	/usr/lib/libAudioToolboxUtility.dylib
0x00000001afc3c000 	/usr/lib/swift/libswiftCoreAudio.dylib
0x00000001b63a3000 	/usr/lib/swift/libswiftCoreMIDI.dylib
0x00000001973b9000 	/System/Library/PrivateFrameworks/perfdata.framework/Versions/A/perfdata
0x00000001aec59000 	/System/Library/PrivateFrameworks/SystemPolicy.framework/Versions/A/SystemPolicy
0x000000019725e000 	/usr/lib/libSMC.dylib
0x00000001973c7000 	/usr/lib/libperfcheck.dylib
0x0000000236049000 	/System/Library/PrivateFrameworks/AudioAnalytics.framework/Versions/A/AudioAnalytics
0x000000027ed30000 	/usr/lib/swift/libswift_DarwinFoundation2.dylib
0x000000027ed31000 	/usr/lib/swift/libswift_DarwinFoundation3.dylib
0x00000001d5069000 	/System/Library/Frameworks/OSLog.framework/Versions/A/OSLog
0x00000001afbe1000 	/usr/lib/libmis.dylib
0x0000000194988000 	/System/Library/PrivateFrameworks/MediaExperience.framework/Versions/A/MediaExperience
0x0000000196cf7000 	/System/Library/PrivateFrameworks/AudioSession.framework/libSessionUtility.dylib
0x0000000195690000 	/System/Library/PrivateFrameworks/CMCaptureCore.framework/Versions/A/CMCaptureCore
0x000000019c22e000 	/System/Library/Frameworks/CoreBluetooth.framework/Versions/A/CoreBluetooth
0x0000000191e4b000 	/System/Library/PrivateFrameworks/CoreUtils.framework/Versions/A/CoreUtils
0x00000001a7bcb000 	/System/Library/PrivateFrameworks/HID.framework/Versions/A/HID
0x000000023f267000 	/System/Library/PrivateFrameworks/CoreUtilsExtras.framework/Versions/A/CoreUtilsExtras
0x000000024dd90000 	/System/Library/PrivateFrameworks/IO80211.framework/Versions/A/IO80211
0x0000000198c71000 	/System/Library/Frameworks/IOBluetooth.framework/Versions/A/IOBluetooth
0x0000000235c37000 	/System/Library/PrivateFrameworks/ArgumentParserInternal.framework/Versions/A/ArgumentParserInternal
0x00000001945e5000 	/usr/lib/libIOReport.dylib
0x0000000191fee000 	/System/Library/Frameworks/SecurityFoundation.framework/Versions/A/SecurityFoundation
0x0000000184689000 	/System/Library/PrivateFrameworks/Lexicon.framework/Versions/A/Lexicon
0x0000000192159000 	/usr/lib/libgermantok.dylib
0x0000000190c76000 	/System/Library/PrivateFrameworks/LinguisticData.framework/Versions/A/LinguisticData
0x000000019c441000 	/System/Library/PrivateFrameworks/MediaKit.framework/Versions/A/MediaKit
0x000000019c38c000 	/System/Library/Frameworks/DiscRecording.framework/Versions/A/DiscRecording
0x0000000194861000 	/usr/lib/libheimdal-asn1.dylib
0x000000019fd5b000 	/System/Library/Frameworks/AudioUnit.framework/Versions/A/AudioUnit
0x000000018d8af000 	/System/Library/Frameworks/OpenDirectory.framework/Versions/A/OpenDirectory
0x000000018d8bd000 	/System/Library/Frameworks/OpenDirectory.framework/Versions/A/Frameworks/CFOpenDirectory.framework/Versions/A/CFOpenDirectory
0x0000000227aac000 	/System/Library/Frameworks/AVFAudio.framework/Versions/A/AVFAudio
0x00000001a8b95000 	/usr/lib/libAccessibility.dylib
0x0000000251abe000 	/System/Library/PrivateFrameworks/IsolatedCoreAudioClient.framework/Versions/A/IsolatedCoreAudioClient
0x00000001cb38a000 	/usr/lib/swift/libswiftCoreMedia.dylib
0x000000026f287000 	/System/Library/PrivateFrameworks/Tightbeam.framework/Versions/A/Tightbeam
0x000000023b177000 	/System/Library/PrivateFrameworks/CoreAudioOrchestration.framework/Versions/A/CoreAudioOrchestration
0x00000001c7a99000 	/System/Library/PrivateFrameworks/AFKUser.framework/Versions/A/AFKUser
0x000000019b4d4000 	/System/Library/Frameworks/MediaAccessibility.framework/Versions/A/MediaAccessibility
0x0000000273473000 	/System/Library/PrivateFrameworks/VideoToolboxParavirtualizationSupport.framework/Versions/A/VideoToolboxParavirtualizationSupport
0x00000001947fd000 	/System/Library/PrivateFrameworks/AppleVA.framework/Versions/A/AppleVA
0x0000000195622000 	/System/Library/PrivateFrameworks/GPUWrangler.framework/Versions/A/GPUWrangler
0x0000000195602000 	/System/Library/PrivateFrameworks/IOPresentment.framework/Versions/A/IOPresentment
0x000000019562a000 	/System/Library/PrivateFrameworks/DSExternalDisplay.framework/Versions/A/DSExternalDisplay
0x0000000235a8e000 	/System/Library/PrivateFrameworks/AppleMobileFileIntegrity.framework/Versions/A/AppleMobileFileIntegrity
0x000000027d96d000 	/usr/lib/libTLE.dylib
0x00000001e6331000 	/System/Library/PrivateFrameworks/ConfigProfileHelper.framework/Versions/A/ConfigProfileHelper
0x00000001db151000 	/usr/lib/libedit.3.dylib
0x000000025303f000 	/System/Library/PrivateFrameworks/MIL.framework/Versions/A/MIL
0x00000001b4d75000 	/usr/lib/libncurses.5.4.dylib
0x0000000191d80000 	/System/Library/PrivateFrameworks/CoreEmoji.framework/Versions/A/CoreEmoji
0x00000001849a6000 	/usr/lib/libCRFSuite.dylib
0x0000000190b54000 	/System/Library/PrivateFrameworks/CoreNLP.framework/Versions/A/CoreNLP
0x00000001920f8000 	/usr/lib/libmecab.dylib
0x0000000192ff1000 	/usr/lib/libThaiTokenizer.dylib
0x00000001d5528000 	/System/Library/PrivateFrameworks/HIDDisplay.framework/Versions/A/HIDDisplay
0x000000019565c000 	/System/Library/Frameworks/ApplicationServices.framework/Versions/A/Frameworks/ATSUI.framework/Versions/A/ATSUI
0x000000019733f000 	/usr/lib/libcups.2.dylib
0x00000001973d5000 	/System/Library/Frameworks/Kerberos.framework/Versions/A/Kerberos
0x0000000197037000 	/usr/lib/libresolv.9.dylib
0x0000000194adc000 	/System/Library/PrivateFrameworks/Heimdal.framework/Versions/A/Heimdal
0x000000019fd5a000 	/System/Library/Frameworks/Kerberos.framework/Versions/A/Libraries/libHeimdalProxy.dylib
0x0000000197439000 	/System/Library/PrivateFrameworks/CommonAuth.framework/Versions/A/CommonAuth
0x00000001a8a90000 	/System/Library/PrivateFrameworks/AXCoreUtilities.framework/Versions/A/AXCoreUtilities
0x000000027d387000 	/usr/lib/libAXSafeCategoryBundle.dylib
0x0000000191c65000 	/System/Library/Frameworks/Accelerate.framework/Versions/A/Frameworks/vecLib.framework/Versions/A/libvDSP.dylib
0x000000019313e000 	/System/Library/Frameworks/Accelerate.framework/Versions/A/Frameworks/vecLib.framework/Versions/A/libLAPACK.dylib
0x000000019215c000 	/System/Library/Frameworks/Accelerate.framework/Versions/A/Frameworks/vecLib.framework/Versions/A/libLinearAlgebra.dylib
0x0000000193037000 	/System/Library/Frameworks/Accelerate.framework/Versions/A/Frameworks/vecLib.framework/Versions/A/libSparseBLAS.dylib
0x0000000193139000 	/System/Library/Frameworks/Accelerate.framework/Versions/A/Frameworks/vecLib.framework/Versions/A/libQuadrature.dylib
0x0000000190c7d000 	/System/Library/Frameworks/Accelerate.framework/Versions/A/Frameworks/vecLib.framework/Versions/A/libBNNS.dylib
0x000000018479f000 	/System/Library/Frameworks/Accelerate.framework/Versions/A/Frameworks/vecLib.framework/Versions/A/libSparse.dylib
0x000000019739e000 	/System/Library/PrivateFrameworks/NetAuth.framework/Versions/A/NetAuth
0x000000018dacd000 	/System/Library/PrivateFrameworks/login.framework/Versions/A/Frameworks/loginsupport.framework/Versions/A/loginsupport
0x00000001920c2000 	/usr/lib/libCheckFix.dylib
0x000000018cc4c000 	/System/Library/PrivateFrameworks/MetadataUtilities.framework/Versions/A/MetadataUtilities
0x000000024e849000 	/System/Library/PrivateFrameworks/InstalledContentLibrary.framework/Versions/A/InstalledContentLibrary
0x000000018771a000 	/System/Library/PrivateFrameworks/CoreServicesStore.framework/Versions/A/CoreServicesStore
0x00000001c2fe2000 	/System/Library/PrivateFrameworks/MobileSystemServices.framework/Versions/A/MobileSystemServices
0x00000001944a6000 	/usr/lib/libxslt.1.dylib
0x0000000192081000 	/System/Library/PrivateFrameworks/BackgroundTaskManagement.framework/Versions/A/BackgroundTaskManagement
0x000000019f405000 	/usr/lib/libcurl.4.dylib
0x000000027dba6000 	/usr/lib/libcrypto.46.dylib
0x000000027e7c3000 	/usr/lib/libssl.48.dylib
0x000000019f0db000 	/System/Library/Frameworks/LDAP.framework/Versions/A/LDAP
0x000000019f117000 	/System/Library/PrivateFrameworks/TrustEvaluationAgent.framework/Versions/A/TrustEvaluationAgent
0x0000000197054000 	/usr/lib/libsasl2.2.dylib
0x00000001acb15000 	/usr/lib/swift/libswiftCoreGraphics.dylib
0x000000019bbd0000 	/usr/lib/swift/libswiftFoundation.dylib
0x00000001e5cee000 	/usr/lib/swift/libswiftSwiftOnoneSupport.dylib
0x000000027eea2000 	/usr/lib/swift/libswiftsys_time.dylib
0x00000001d1341000 	/System/Library/PrivateFrameworks/CoreMaterial.framework/Versions/A/CoreMaterial
0x000000027ebe8000 	/usr/lib/swift/libswiftSpatial.dylib
0x000000027d96a000 	/usr/lib/libSpatial.dylib
0x000000027d2a5000 	/System/Library/SubFrameworks/UIUtilities.framework/Versions/A/UIUtilities
0x0000000106670000 	/Users/mattias800/Library/Java/JavaVirtualMachines/ms-21.0.10/Contents/Home/lib/server/libjvm.dylib
0x00000001009c4000 	/Users/mattias800/Library/Java/JavaVirtualMachines/ms-21.0.10/Contents/Home/lib/libjimage.dylib
0x0000000100a50000 	/Users/mattias800/Library/Java/JavaVirtualMachines/ms-21.0.10/Contents/Home/lib/libjava.dylib
0x00000001061f4000 	/Users/mattias800/Library/Java/JavaVirtualMachines/ms-21.0.10/Contents/Home/lib/libnio.dylib
0x0000000106218000 	/Users/mattias800/Library/Java/JavaVirtualMachines/ms-21.0.10/Contents/Home/lib/libnet.dylib
0x0000000106238000 	/Users/mattias800/Library/Java/JavaVirtualMachines/ms-21.0.10/Contents/Home/lib/libzip.dylib
0x000000012f4d4000 	/Users/mattias800/.skiko/384a41e7bf8dcab7fe3ef7dfb14a2adf281ce448c1f711cac5e69a7b97ae2f4a/libskiko-macos-arm64.dylib
0x00000001062f0000 	/Users/mattias800/Library/Java/JavaVirtualMachines/ms-21.0.10/Contents/Home/lib/libawt.dylib
0x000000010639c000 	/Users/mattias800/Library/Java/JavaVirtualMachines/ms-21.0.10/Contents/Home/lib/libmlib_image.dylib
0x000000022a845000 	/System/Library/Frameworks/JavaRuntimeSupport.framework/Versions/A/JavaRuntimeSupport
0x00000001ae629000 	/System/Library/Frameworks/Carbon.framework/Versions/A/Carbon
0x00000001a4941000 	/System/Library/Frameworks/Carbon.framework/Versions/A/Frameworks/CommonPanels.framework/Versions/A/CommonPanels
0x000000019f3f0000 	/System/Library/Frameworks/Carbon.framework/Versions/A/Frameworks/Help.framework/Versions/A/Help
0x00000001a4945000 	/System/Library/Frameworks/Carbon.framework/Versions/A/Frameworks/ImageCapture.framework/Versions/A/ImageCapture
0x00000001a4920000 	/System/Library/Frameworks/Carbon.framework/Versions/A/Frameworks/OpenScripting.framework/Versions/A/OpenScripting
0x00000001a4940000 	/System/Library/Frameworks/Carbon.framework/Versions/A/Frameworks/Ink.framework/Versions/A/Ink
0x00000001a493d000 	/System/Library/Frameworks/Carbon.framework/Versions/A/Frameworks/SecurityHI.framework/Versions/A/SecurityHI
0x000000027d7c8000 	/usr/lib/libInterpreterSecurity.dylib
0x00000001c4c18000 	/System/Library/PrivateFrameworks/XprotectFramework.framework/Versions/A/XprotectFramework
0x00000001a7ee0000 	/System/Library/PrivateFrameworks/yara.framework/Versions/A/yara
0x000000027d745000 	/usr/lib/libEndpointSecuritySystem.dylib
0x0000000127a7c000 	/Users/mattias800/Library/Java/JavaVirtualMachines/ms-21.0.10/Contents/Home/lib/libawt_lwawt.dylib
0x0000000106264000 	/Users/mattias800/Library/Java/JavaVirtualMachines/ms-21.0.10/Contents/Home/lib/libosxapp.dylib
0x00000001acb7c000 	/System/Library/Frameworks/ExceptionHandling.framework/Versions/A/ExceptionHandling
0x0000000127bb4000 	/Users/mattias800/Library/Java/JavaVirtualMachines/ms-21.0.10/Contents/Home/lib/libfontmanager.dylib
0x00000001064c0000 	/Users/mattias800/Library/Java/JavaVirtualMachines/ms-21.0.10/Contents/Home/lib/libfreetype.dylib
0x000000018d76c000 	/System/Library/PrivateFrameworks/ViewBridge.framework/Versions/A/ViewBridge
0x0000000227d7c000 	/System/Library/Frameworks/AppIntents.framework/Versions/A/AppIntents
0x000000022df80000 	/System/Library/Frameworks/RelevanceKit.framework/Versions/A/RelevanceKit
0x0000000192c36000 	/System/Library/Frameworks/CoreSpotlight.framework/Versions/A/CoreSpotlight
0x0000000252b52000 	/System/Library/PrivateFrameworks/LinkServices.framework/Versions/A/LinkServices
0x0000000240380000 	/System/Library/PrivateFrameworks/DoNotDisturb.framework/Versions/A/DoNotDisturb
0x00000002529ad000 	/System/Library/PrivateFrameworks/LinkMetadata.framework/Versions/A/LinkMetadata
0x00000001afc63000 	/usr/lib/swift/libswiftIntents.dylib
0x00000001b4ecf000 	/System/Library/PrivateFrameworks/IntentsCore.framework/Versions/A/IntentsCore
0x0000000236523000 	/System/Library/PrivateFrameworks/AvailabilityKit.framework/Versions/A/AvailabilityKit
0x0000000233897000 	/System/Library/PrivateFrameworks/AppIntentSchemas.framework/Versions/A/AppIntentSchemas
0x0000000247cc0000 	/System/Library/PrivateFrameworks/GRDBInternal.framework/Versions/A/GRDBInternal
0x000000026b492000 	/System/Library/PrivateFrameworks/StatusKit.framework/Versions/A/StatusKit
0x000000019c770000 	/System/Library/PrivateFrameworks/GenerationalStorage.framework/Versions/A/GenerationalStorage
0x000000019c598000 	/System/Library/Frameworks/FileProvider.framework/Versions/A/FileProvider
0x00000001891b5000 	/System/Library/PrivateFrameworks/DesktopServicesPriv.framework/Versions/A/DesktopServicesPriv
0x000000018b4eb000 	/System/Library/Frameworks/Accounts.framework/Versions/A/Accounts
0x00000001af6cf000 	/System/Library/PrivateFrameworks/FTServices.framework/Versions/A/FTServices
0x00000001a7b8a000 	/System/Library/PrivateFrameworks/CloudServices.framework/Versions/A/CloudServices
0x000000019ec2a000 	/System/Library/PrivateFrameworks/CoreWiFi.framework/Versions/A/CoreWiFi
0x000000018f471000 	/System/Library/Frameworks/CoreLocation.framework/Versions/A/CoreLocation
0x000000019e5c1000 	/System/Library/Frameworks/Intents.framework/Versions/A/Intents
0x000000023073a000 	/System/Library/Frameworks/_LocationEssentials.framework/Versions/A/_LocationEssentials
0x0000000192be5000 	/System/Library/Frameworks/UserNotifications.framework/Versions/A/UserNotifications
0x000000019887c000 	/System/Library/PrivateFrameworks/Sharing.framework/Versions/A/Sharing
0x00000001983fd000 	/System/Library/PrivateFrameworks/IDSFoundation.framework/Versions/A/IDSFoundation
0x000000019ec29000 	/System/Library/PrivateFrameworks/Apple80211.framework/Versions/A/Apple80211
0x000000019287b000 	/System/Library/PrivateFrameworks/AuthKit.framework/Versions/A/AuthKit
0x0000000191dc8000 	/System/Library/Frameworks/CoreWLAN.framework/Versions/A/CoreWLAN
0x00000001b6384000 	/usr/lib/swift/libswiftCoreLocation.dylib
0x0000000196c45000 	/System/Library/PrivateFrameworks/IMFoundation.framework/Versions/A/IMFoundation
0x00000001a7edf000 	/System/Library/PrivateFrameworks/Marco.framework/Versions/A/Marco
0x000000018b575000 	/System/Library/PrivateFrameworks/CommonUtilities.framework/Versions/A/CommonUtilities
0x00000001a4908000 	/System/Library/PrivateFrameworks/Engram.framework/Versions/A/Engram
0x000000027eb47000 	/usr/lib/swift/libswiftRegexBuilder.dylib
0x00000001a48a6000 	/usr/lib/libtidy.A.dylib
0x0000000194de4000 	/System/Library/PrivateFrameworks/Bom.framework/Versions/A/Bom
0x0000000197075000 	/usr/lib/libParallelCompression.dylib
0x00000001dd266000 	/System/Library/PrivateFrameworks/WiFiPeerToPeer.framework/Versions/A/WiFiPeerToPeer
0x000000027e2d8000 	/usr/lib/libmrc.dylib
0x000000024ddfa000 	/System/Library/PrivateFrameworks/IPConfiguration.framework/Versions/A/IPConfiguration
0x00000001d1303000 	/System/Library/PrivateFrameworks/Netrb.framework/Versions/A/Netrb
0x0000000197067000 	/System/Library/PrivateFrameworks/MultiverseSupport.framework/Versions/A/MultiverseSupport
0x000000019c473000 	/System/Library/PrivateFrameworks/DiskManagement.framework/Versions/A/DiskManagement
0x000000019c37f000 	/System/Library/PrivateFrameworks/AppleIDAuthSupport.framework/Versions/A/AppleIDAuthSupport
0x000000023101a000 	/System/Library/PrivateFrameworks/AAAFoundation.framework/Versions/A/AAAFoundation
0x0000000197575000 	/System/Library/PrivateFrameworks/KeychainCircle.framework/Versions/A/KeychainCircle
0x00000001a8a86000 	/System/Library/PrivateFrameworks/URLFormatting.framework/Versions/A/URLFormatting
0x000000019f3f9000 	/usr/lib/libcsfde.dylib
0x000000019478f000 	/usr/lib/libCoreStorage.dylib
0x0000000198d48000 	/System/Library/PrivateFrameworks/ProtectedCloudStorage.framework/Versions/A/ProtectedCloudStorage
0x000000019f3f4000 	/System/Library/PrivateFrameworks/EFILogin.framework/Versions/A/EFILogin
0x000000019c797000 	/System/Library/PrivateFrameworks/OctagonTrust.framework/Versions/A/OctagonTrust
0x000000019900f000 	/System/Library/PrivateFrameworks/GeoServices.framework/Versions/A/GeoServices
0x0000000196cbe000 	/System/Library/PrivateFrameworks/LocationSupport.framework/Versions/A/LocationSupport
0x000000024ade5000 	/System/Library/PrivateFrameworks/GeoServicesCore.framework/Versions/A/GeoServicesCore
0x00000001a8a84000 	/System/Library/PrivateFrameworks/PhoneNumbers.framework/Versions/A/PhoneNumbers
0x0000000252f30000 	/System/Library/PrivateFrameworks/LocationLogEncryption.framework/Versions/A/LocationLogEncryption
0x000000019821e000 	/System/Library/PrivateFrameworks/IDS.framework/Versions/A/IDS
0x00000001d7f27000 	/System/Library/Frameworks/CryptoKit.framework/Versions/A/CryptoKit
0x000000019fd56000 	/System/Library/PrivateFrameworks/CryptoKitCBridging.framework/Versions/A/CryptoKitCBridging
0x000000019d37c000 	/System/Library/Frameworks/CryptoTokenKit.framework/Versions/A/CryptoTokenKit
0x00000001be21b000 	/System/Library/PrivateFrameworks/FTAWD.framework/Versions/A/FTAWD
0x0000000187857000 	/usr/lib/libsandbox.1.dylib
0x0000000194787000 	/usr/lib/libMatch.1.dylib
0x000000019fe19000 	/System/Library/PrivateFrameworks/IntentsFoundation.framework/Versions/A/IntentsFoundation
0x00000001062dc000 	/usr/lib/libobjc-trampolines.dylib
0x00000001b9912000 	/System/Library/CoreServices/RawCamera.bundle/Contents/MacOS/RawCamera
0x0000000195b80000 	/System/Library/Frameworks/MediaToolbox.framework/Versions/A/MediaToolbox
0x000000019c569000 	/System/Library/PrivateFrameworks/CoreAVCHD.framework/Versions/A/CoreAVCHD
0x000000019c565000 	/System/Library/PrivateFrameworks/Mangrove.framework/Versions/A/Mangrove
0x0000000237c88000 	/System/Library/PrivateFrameworks/CMPhoto.framework/Versions/A/CMPhoto
0x000000019cd4a000 	/System/Library/Frameworks/CoreTelephony.framework/Versions/A/CoreTelephony
0x000000019c558000 	/System/Library/PrivateFrameworks/CoreAUC.framework/Versions/A/CoreAUC
0x0000000234fc1000 	/System/Library/PrivateFrameworks/AppleJPEGXL.framework/Versions/A/AppleJPEGXL
0x00000001975c7000 	/usr/lib/libTelephonyUtilDynamic.dylib
0x00000001b6369000 	/System/Library/Frameworks/Accelerate.framework/Versions/A/Frameworks/vImage.framework/Versions/A/Libraries/libCGInterfaces.dylib
0x000000027d38b000 	/usr/lib/libAccessibilityBaseImplementations.dylib
0x000000027776c000 	/System/Library/PrivateFrameworks/WritingToolsUI.framework/Versions/A/WritingToolsUI
0x000000024a7cb000 	/System/Library/PrivateFrameworks/GenerativeAssistantSettings.framework/Versions/A/GenerativeAssistantSettings
0x000000026d206000 	/System/Library/PrivateFrameworks/TextComposer.framework/Versions/A/TextComposer
0x000000024a7a2000 	/System/Library/PrivateFrameworks/GenerativeAssistantCommon.framework/Versions/A/GenerativeAssistantCommon
0x00000001b7405000 	/System/Library/Frameworks/SwiftUI.framework/Versions/A/SwiftUI
0x0000000230683000 	/System/Library/Frameworks/_AuthenticationServices_SwiftUI.framework/Versions/A/_AuthenticationServices_SwiftUI
0x00000002335cc000 	/System/Library/PrivateFrameworks/Anvil.framework/Versions/A/Anvil
0x00000001b69b3000 	/System/Library/PrivateFrameworks/AppStoreDaemon.framework/Versions/A/AppStoreDaemon
0x00000001a23be000 	/System/Library/PrivateFrameworks/AppleMediaServices.framework/Versions/A/AppleMediaServices
0x000000024ac70000 	/System/Library/PrivateFrameworks/GenerativePartnerServiceUI.framework/Versions/A/GenerativePartnerServiceUI
0x00000001e525f000 	/System/Library/PrivateFrameworks/JetEngine.framework/Versions/A/JetEngine
0x000000026d0e3000 	/System/Library/PrivateFrameworks/TextAnimationSupport.framework/Versions/A/TextAnimationSupport
0x000000026039a000 	/System/Library/PrivateFrameworks/RecapPerformanceTesting.framework/Versions/A/RecapPerformanceTesting
0x00000001b0534000 	/System/Library/PrivateFrameworks/SignpostCollection.framework/Versions/A/SignpostCollection
0x00000002363db000 	/System/Library/PrivateFrameworks/AuthenticationServicesCore.framework/Versions/A/AuthenticationServicesCore
0x00000001b9d91000 	/System/Library/Frameworks/AuthenticationServices.framework/Versions/A/AuthenticationServices
0x0000000194721000 	/System/Library/PrivateFrameworks/SharedWebCredentials.framework/Versions/A/SharedWebCredentials
0x00000001b13d2000 	/System/Library/PrivateFrameworks/SafariCore.framework/Versions/A/SafariCore
0x00000001b98bc000 	/System/Library/PrivateFrameworks/SafariFoundation.framework/Versions/A/SafariFoundation
0x000000019be90000 	/System/Library/Frameworks/Contacts.framework/Versions/A/Contacts
0x0000000237623000 	/System/Library/PrivateFrameworks/CBORLibrary.framework/Versions/A/CBORLibrary
0x000000023860a000 	/System/Library/PrivateFrameworks/Chirp.framework/Versions/A/Chirp
0x0000000239207000 	/System/Library/PrivateFrameworks/CloudSubscriptionFeatures.framework/Versions/A/CloudSubscriptionFeatures
0x000000019bbd1000 	/System/Library/PrivateFrameworks/ContactsFoundation.framework/Versions/A/ContactsFoundation
0x00000001e6661000 	/System/Library/PrivateFrameworks/RemoteManagement.framework/Versions/A/RemoteManagement
0x0000000260728000 	/System/Library/PrivateFrameworks/RemoteManagementModel.framework/Versions/A/RemoteManagementModel
0x00000002607b9000 	/System/Library/PrivateFrameworks/RemoteManagementStore.framework/Versions/A/RemoteManagementStore
0x0000000198e57000 	/usr/lib/libxcselect.dylib
0x00000001b982b000 	/System/Library/PrivateFrameworks/DifferentialPrivacy.framework/Versions/A/DifferentialPrivacy
0x0000000255289000 	/System/Library/PrivateFrameworks/ManagedSettingsObjC.framework/Versions/A/ManagedSettingsObjC
0x0000000252f35000 	/System/Library/PrivateFrameworks/LockdownMode.framework/Versions/A/LockdownMode
0x00000002720c7000 	/System/Library/PrivateFrameworks/VDAF.framework/Versions/A/VDAF
0x000000019bca9000 	/System/Library/PrivateFrameworks/ContactsPersistence.framework/Versions/A/ContactsPersistence
0x000000019ae07000 	/System/Library/PrivateFrameworks/AppleLDAP.framework/Versions/A/AppleLDAP
0x000000019f7ab000 	/System/Library/Frameworks/ClassKit.framework/Versions/A/ClassKit
0x00000001a1a51000 	/System/Library/PrivateFrameworks/CoreSuggestions.framework/Versions/A/CoreSuggestions
0x000000019d32a000 	/System/Library/PrivateFrameworks/vCard.framework/Versions/A/vCard
0x0000000239e90000 	/System/Library/PrivateFrameworks/ContactsMetrics.framework/Versions/A/ContactsMetrics
0x0000000194b9d000 	/System/Library/PrivateFrameworks/login.framework/Versions/A/login
0x0000000255283000 	/System/Library/PrivateFrameworks/ManagedOrganizationContacts.framework/Versions/A/ManagedOrganizationContacts
0x000000018df50000 	/System/Library/PrivateFrameworks/CloudDocs.framework/Versions/A/CloudDocs
0x00000001a8446000 	/System/Library/PrivateFrameworks/ProactiveEventTracker.framework/Versions/A/ProactiveEventTracker
0x0000000197117000 	/System/Library/PrivateFrameworks/CoreFollowUp.framework/Versions/A/CoreFollowUp
0x00000001a0f70000 	/System/Library/PrivateFrameworks/ConfigurationProfiles.framework/Versions/A/ConfigurationProfiles
0x000000023f4eb000 	/System/Library/PrivateFrameworks/DMCUtilities.framework/Versions/A/DMCUtilities
0x0000000252fb6000 	/System/Library/PrivateFrameworks/MDMClientLibrary.framework/Versions/A/MDMClientLibrary
0x00000002607ad000 	/System/Library/PrivateFrameworks/RemoteManagementProtocol.framework/Versions/A/RemoteManagementProtocol
0x000000019b4ec000 	/System/Library/PrivateFrameworks/SystemAdministration.framework/Versions/A/SystemAdministration
0x00000001a63d8000 	/System/Library/PrivateFrameworks/PowerlogControl.framework/Versions/A/PowerlogControl
0x00000001a63da000 	/usr/lib/libUniversalAccess.dylib
0x00000001a2e3e000 	/System/Library/PrivateFrameworks/FamilyControls.framework/Versions/A/FamilyControls
0x000000019addc000 	/System/Library/Frameworks/DirectoryService.framework/Versions/A/DirectoryService
0x000000019f487000 	/System/Library/PrivateFrameworks/LoginUIKit.framework/Versions/A/Frameworks/LoginUICore.framework/Versions/A/LoginUICore
0x0000000194de2000 	/usr/lib/libodfde.dylib
0x00000001a2e38000 	/System/Library/PrivateFrameworks/UniversalAccess.framework/Versions/A/Libraries/libUAPreferences.dylib
0x00000001a2e62000 	/System/Library/PrivateFrameworks/CommerceKit.framework/Versions/A/Frameworks/CommerceCore.framework/Versions/A/CommerceCore
0x000000023f457000 	/System/Library/PrivateFrameworks/DEPClientLibrary.framework/Versions/A/DEPClientLibrary
0x000000023f480000 	/System/Library/PrivateFrameworks/DMCEnrollmentLibrary.framework/Versions/A/DMCEnrollmentLibrary
0x00000001a64bc000 	/System/Library/PrivateFrameworks/SetupAssistantFramework.framework/Versions/A/SetupAssistantFramework
0x000000019fb92000 	/System/Library/PrivateFrameworks/AuthKitUI.framework/Versions/A/AuthKitUI
0x000000019f4d1000 	/System/Library/PrivateFrameworks/AppSSO.framework/Versions/A/AppSSO
0x00000001b670f000 	/System/Library/PrivateFrameworks/LocalAuthenticationUI.framework/Versions/A/LocalAuthenticationUI
0x000000025e45d000 	/System/Library/PrivateFrameworks/PlatformSSO.framework/Versions/A/PlatformSSO
0x000000025e54a000 	/System/Library/PrivateFrameworks/PlatformSSOCore.framework/Versions/A/PlatformSSOCore
0x000000022a8d4000 	/System/Library/Frameworks/LocalAuthenticationEmbeddedUI.framework/Versions/A/LocalAuthenticationEmbeddedUI
0x00000001b71ca000 	/System/Library/PrivateFrameworks/AOSUI.framework/Versions/A/AOSUI
0x00000001a820e000 	/System/Library/Frameworks/ContactsUI.framework/Versions/A/ContactsUI
0x000000019c11f000 	/System/Library/PrivateFrameworks/FamilyCircle.framework/Versions/A/FamilyCircle
0x00000001c5001000 	/System/Library/Frameworks/LinkPresentation.framework/Versions/A/LinkPresentation
0x00000001a7dc6000 	/System/Library/PrivateFrameworks/IASUtilities.framework/Versions/A/IASUtilities
0x000000024dcc3000 	/System/Library/PrivateFrameworks/IASUtilitiesCore.framework/Versions/A/IASUtilitiesCore
0x00000001b0544000 	/System/Library/PrivateFrameworks/OnBoardingKit.framework/Versions/A/OnBoardingKit
0x0000000260823000 	/System/Library/PrivateFrameworks/RemoteUI.framework/Versions/A/RemoteUI
0x00000001acbf5000 	/System/Library/Frameworks/WebKit.framework/Versions/A/WebKit
0x00000001a4948000 	/System/Library/Frameworks/JavaScriptCore.framework/Versions/A/JavaScriptCore
0x0000000252344000 	/System/Library/PrivateFrameworks/LiftUI.framework/Versions/A/LiftUI
0x0000000262e60000 	/System/Library/PrivateFrameworks/Settings.framework/Versions/A/Settings
0x0000000277d79000 	/System/Library/PrivateFrameworks/_IconServices_SwiftUI.framework/Versions/A/_IconServices_SwiftUI
0x00000002287f0000 	/System/Library/Frameworks/BrowserEngineCore.framework/Versions/A/BrowserEngineCore
0x00000001a1d51000 	/System/Library/Frameworks/WebKit.framework/Versions/A/Frameworks/WebKitLegacy.framework/Versions/A/WebKitLegacy
0x000000019fb3a000 	/System/Library/PrivateFrameworks/CorePrediction.framework/Versions/A/CorePrediction
0x000000018e85b000 	/System/Library/Frameworks/WebKit.framework/Versions/A/Frameworks/WebCore.framework/Versions/A/Frameworks/libwebrtc.dylib
0x00000001acb7f000 	/System/Library/PrivateFrameworks/SafariSafeBrowsing.framework/Versions/A/SafariSafeBrowsing
0x00000001970dd000 	/System/Library/Frameworks/SecurityInterface.framework/Versions/A/SecurityInterface
0x00000001b0543000 	/System/Library/PrivateFrameworks/WebInspectorUI.framework/Versions/A/WebInspectorUI
0x00000001a8bcb000 	/System/Library/Frameworks/WebKit.framework/Versions/A/Frameworks/WebCore.framework/Versions/A/WebCore
0x0000000230201000 	/System/Library/Frameworks/WebKit.framework/Versions/A/Frameworks/WebCore.framework/Versions/A/Frameworks/libANGLE-shared.dylib
0x0000000276015000 	/System/Library/PrivateFrameworks/WebGPU.framework/Versions/A/WebGPU
0x00000001b241d000 	/System/Library/Frameworks/SceneKit.framework/Versions/A/SceneKit
0x00000001c383b000 	/System/Library/Frameworks/ModelIO.framework/Versions/A/ModelIO
0x0000000198e39000 	/System/Library/Frameworks/MetalKit.framework/Versions/A/MetalKit
0x000000019b10d000 	/System/Library/Frameworks/GLKit.framework/Versions/A/GLKit
0x000000027f17b000 	/usr/lib/usd/libusd_ms.dylib
0x00000002714ac000 	/System/Library/PrivateFrameworks/USDLib_FormatLoaderProxy.framework/Versions/A/USDLib_FormatLoaderProxy
0x000000027ee9d000 	/usr/lib/swift/libswift_errno.dylib
0x00000001af6b0000 	/System/Library/PrivateFrameworks/CoreOptimization.framework/Versions/A/CoreOptimization
0x000000022961c000 	/System/Library/Frameworks/ExtensionKit.framework/Versions/A/ExtensionKit
0x0000000239146000 	/System/Library/PrivateFrameworks/CloudSettings.framework/Versions/A/CloudSettings
0x0000000229660000 	/System/Library/Frameworks/FSKit.framework/Versions/A/FSKit
0x0000000252ce1000 	/System/Library/PrivateFrameworks/LiveFS.framework/Versions/A/LiveFS
0x00000001a1b22000 	/System/Library/Frameworks/EventKit.framework/Versions/A/EventKit
0x00000001b0758000 	/System/Library/PrivateFrameworks/SearchFoundation.framework/Versions/A/SearchFoundation
0x00000001c70bb000 	/System/Library/PrivateFrameworks/Email.framework/Versions/A/Email
0x00000001af2b2000 	/System/Library/PrivateFrameworks/CoreRoutine.framework/Versions/A/CoreRoutine
0x00000001e5fcf000 	/System/Library/PrivateFrameworks/VoiceShortcutClient.framework/Versions/A/VoiceShortcutClient
0x00000001bedaa000 	/System/Library/PrivateFrameworks/Categories.framework/Versions/A/Categories
0x00000001b7079000 	/System/Library/PrivateFrameworks/ChronoServices.framework/Versions/A/ChronoServices
0x00000002380c8000 	/System/Library/PrivateFrameworks/CalendarDatabase.framework/Versions/A/CalendarDatabase
0x0000000238012000 	/System/Library/PrivateFrameworks/CalendarDaemon.framework/Versions/A/CalendarDaemon
0x00000001a0e94000 	/System/Library/PrivateFrameworks/CalendarFoundation.framework/Versions/A/CalendarFoundation
0x00000001a0e50000 	/System/Library/PrivateFrameworks/iCalendar.framework/Versions/A/iCalendar
0x000000023f6ea000 	/System/Library/PrivateFrameworks/DataAccessExpress.framework/Versions/A/DataAccessExpress
0x00000001a8370000 	/System/Library/PrivateFrameworks/ContactsAutocomplete.framework/Versions/A/ContactsAutocomplete
0x000000027ec87000 	/usr/lib/swift/libswiftVideoToolbox.dylib
0x00000001b6fc6000 	/System/Library/PrivateFrameworks/FTClientServices.framework/Versions/A/FTClientServices
0x000000025a8a1000 	/System/Library/PrivateFrameworks/OSEligibility.framework/Versions/A/OSEligibility
0x000000026ba6d000 	/System/Library/PrivateFrameworks/StorageContainersPrivate.framework/Versions/A/StorageContainersPrivate
0x000000027eaf8000 	/usr/lib/swift/libswiftCoreMediaIO.dylib
0x00000001a7c50000 	/System/Library/PrivateFrameworks/CoreDAV.framework/Versions/A/CoreDAV
0x00000001a19f2000 	/System/Library/PrivateFrameworks/CalDAV.framework/Versions/A/CalDAV
0x00000001ac87c000 	/System/Library/PrivateFrameworks/TelephonyUtilities.framework/Versions/A/TelephonyUtilities
0x000000022a891000 	/System/Library/Frameworks/LiveCommunicationKit.framework/Versions/A/LiveCommunicationKit
0x0000000239a43000 	/System/Library/PrivateFrameworks/CommunicationTrust.framework/Versions/A/CommunicationTrust
0x00000001b11e4000 	/System/Library/Frameworks/CallKit.framework/Versions/A/CallKit
0x000000019c117000 	/System/Library/PrivateFrameworks/CommunicationsFilter.framework/Versions/A/CommunicationsFilter
0x00000001db28c000 	/System/Library/PrivateFrameworks/IMTransferServices.framework/Versions/A/IMTransferServices
0x00000001af6c9000 	/System/Library/PrivateFrameworks/IncomingCallFilter.framework/Versions/A/IncomingCallFilter
0x0000000258ff2000 	/System/Library/PrivateFrameworks/NeighborhoodActivityConduit.framework/Versions/A/NeighborhoodActivityConduit
0x00000001b3725000 	/System/Library/PrivateFrameworks/CallHistory.framework/Versions/A/CallHistory
0x000000027d5b8000 	/usr/lib/libBASupport.dylib
0x00000002384e0000 	/System/Library/PrivateFrameworks/CallsUtilities.framework/Versions/A/CallsUtilities
0x00000002384eb000 	/System/Library/PrivateFrameworks/CallsXPC.framework/Versions/A/CallsXPC
0x00000001e67c2000 	/usr/lib/swift/libswiftCallKit.dylib
0x00000002384d3000 	/System/Library/PrivateFrameworks/CallsPersistence.framework/Versions/A/CallsPersistence
0x000000022e257000 	/System/Library/Frameworks/SensitiveContentAnalysis.framework/Versions/A/SensitiveContentAnalysis
0x00000001b475b000 	/System/Library/PrivateFrameworks/PeopleSuggester.framework/Versions/A/PeopleSuggester
0x00000001bdbb3000 	/System/Library/PrivateFrameworks/SpotlightReceiver.framework/Versions/A/SpotlightReceiver
0x0000000277d40000 	/System/Library/PrivateFrameworks/_AppIntentsServices_AppIntents.framework/Versions/A/_AppIntentsServices_AppIntents
0x0000000233900000 	/System/Library/PrivateFrameworks/AppIntentsServices.framework/Versions/A/AppIntentsServices
0x00000001a0e38000 	/System/Library/PrivateFrameworks/CoreRecents.framework/Versions/A/CoreRecents
0x0000000229d66000 	/System/Library/Frameworks/GeoToolbox.framework/Versions/A/GeoToolbox
0x0000000230706000 	/System/Library/Frameworks/_GeoToolbox_AppIntents.framework/Versions/A/_GeoToolbox_AppIntents
0x00000001d0d36000 	/System/Library/PrivateFrameworks/DiagnosticRequest.framework/Versions/A/DiagnosticRequest
0x0000000277c84000 	/System/Library/PrivateFrameworks/XPCDistributed.framework/Versions/A/XPCDistributed
0x0000000260430000 	/System/Library/PrivateFrameworks/RegulatoryDomain.framework/Versions/A/RegulatoryDomain
0x000000019b1e5000 	/usr/lib/libCTGreenTeaLogger.dylib
0x0000000252f07000 	/System/Library/PrivateFrameworks/LocalStatusKit.framework/Versions/A/LocalStatusKit
0x00000001ac768000 	/System/Library/PrivateFrameworks/CoreParsec.framework/Versions/A/CoreParsec
0x00000001c70af000 	/System/Library/PrivateFrameworks/EmailAddressing.framework/Versions/A/EmailAddressing
0x00000001c30aa000 	/System/Library/PrivateFrameworks/EmailCore.framework/Versions/A/EmailCore
0x00000001c40d8000 	/System/Library/PrivateFrameworks/EmailFoundation.framework/Versions/A/EmailFoundation
0x000000025bfe6000 	/System/Library/PrivateFrameworks/PegasusAPI.framework/Versions/A/PegasusAPI
0x000000025cb37000 	/System/Library/PrivateFrameworks/PegasusConfiguration.framework/Versions/A/PegasusConfiguration
0x000000026fd1a000 	/System/Library/PrivateFrameworks/ToolKit.framework/Versions/A/ToolKit
0x0000000260bb8000 	/System/Library/PrivateFrameworks/ReplicatorEngine.framework/Versions/A/ReplicatorEngine
0x0000000260d5a000 	/System/Library/PrivateFrameworks/ReplicatorServices.framework/Versions/A/ReplicatorServices
0x000000026c9d7000 	/System/Library/PrivateFrameworks/SystemWake.framework/Versions/A/SystemWake
0x00000001b13b8000 	/System/Library/PrivateFrameworks/ContextKit.framework/Versions/A/ContextKit
0x0000000239fdc000 	/System/Library/PrivateFrameworks/ContextKitCore.framework/Versions/A/ContextKitCore
0x00000001af94f000 	/System/Library/Frameworks/LocalAuthentication.framework/Support/DaemonUtils.framework/Versions/A/DaemonUtils
0x0000000252e9c000 	/System/Library/PrivateFrameworks/LocalAuthenticationCoreUI.framework/Versions/A/LocalAuthenticationCoreUI
0x00000001b2d70000 	/System/Library/PrivateFrameworks/BridgeXPC.framework/Versions/A/BridgeXPC
0x00000001b0620000 	/System/Library/PrivateFrameworks/CoreKDL.framework/Versions/A/CoreKDL
0x00000001aec52000 	/System/Library/PrivateFrameworks/EmbeddedOSSupportHost.framework/Versions/A/EmbeddedOSSupportHost
0x00000001a3920000 	/System/Library/PrivateFrameworks/LoginUIKit.framework/Versions/A/LoginUIKit
0x00000001bf2a5000 	/System/Library/PrivateFrameworks/StorageKit.framework/Versions/A/StorageKit
0x00000001e7fd3000 	/System/Library/Frameworks/DeviceCheck.framework/Versions/A/DeviceCheck
0x00000001bf31e000 	/System/Library/PrivateFrameworks/CoreWLANKit.framework/Versions/A/CoreWLANKit
0x000000027539d000 	/System/Library/PrivateFrameworks/Wallpaper.framework/Versions/A/Wallpaper
0x000000027eb13000 	/usr/lib/swift/libswiftGLKit.dylib
0x000000027eb1e000 	/usr/lib/swift/libswiftMetalKit.dylib
0x000000027eb22000 	/usr/lib/swift/libswiftModelIO.dylib
0x000000027ebe5000 	/usr/lib/swift/libswiftSceneKit.dylib
0x0000000240050000 	/System/Library/PrivateFrameworks/DiskImages2.framework/Versions/A/DiskImages2
0x00000001c7fea000 	/System/Library/PrivateFrameworks/DynamicDesktop.framework/Versions/A/DynamicDesktop
0x000000027552c000 	/System/Library/PrivateFrameworks/WallpaperFoundation.framework/Versions/A/WallpaperFoundation
0x0000000275589000 	/System/Library/PrivateFrameworks/WallpaperTypes.framework/Versions/A/WallpaperTypes
0x00000001dcfe9000 	/System/Library/PrivateFrameworks/SystemDesktopAppearance.framework/Versions/A/SystemDesktopAppearance
0x000000027ae1f000 	/System/Library/PrivateFrameworks/icloudMCCKit.framework/Versions/A/icloudMCCKit
0x0000000234858000 	/System/Library/PrivateFrameworks/AppleAccountUI.framework/Versions/A/AppleAccountUI
0x00000001d130d000 	/System/Library/PrivateFrameworks/PreferencePanesSupport.framework/Versions/A/PreferencePanesSupport
0x00000001b737c000 	/System/Library/PrivateFrameworks/FindMyDeviceUI.framework/Versions/A/FindMyDeviceUI
0x0000000278a66000 	/System/Library/PrivateFrameworks/iCloudQuotaUI.framework/Versions/A/iCloudQuotaUI
0x00000001d14c1000 	/System/Library/PrivateFrameworks/CoreCDPUI.framework/Versions/A/CoreCDPUI
0x00000001b1113000 	/System/Library/PrivateFrameworks/CoreFollowUpUI.framework/Versions/A/CoreFollowUpUI
0x00000001bde32000 	/System/Library/PrivateFrameworks/IMCore.framework/Versions/A/IMCore
0x00000001a6441000 	/System/Library/PrivateFrameworks/CoreCDP.framework/Versions/A/CoreCDP
0x00000001a23a9000 	/System/Library/PrivateFrameworks/AskPermission.framework/Versions/A/AskPermission
0x00000001b4e40000 	/System/Library/Frameworks/Quartz.framework/Versions/A/Quartz
0x00000001c187f000 	/System/Library/PrivateFrameworks/CloudPhotoServicesConfiguration.framework/Versions/A/CloudPhotoServicesConfiguration
0x00000001b354a000 	/System/Library/PrivateFrameworks/CommerceKit.framework/Versions/A/CommerceKit
0x00000001c317a000 	/System/Library/PrivateFrameworks/FindMyMac.framework/Versions/A/FindMyMac
0x00000001c304d000 	/System/Library/Frameworks/PreferencePanes.framework/Versions/A/PreferencePanes
0x00000001b67fa000 	/System/Library/Frameworks/AddressBook.framework/Versions/A/AddressBook
0x00000001a1291000 	/System/Library/PrivateFrameworks/AOSAccounts.framework/Versions/A/AOSAccounts
0x000000019b4e6000 	/System/Library/PrivateFrameworks/AppleSRP.framework/Versions/A/AppleSRP
0x00000001af865000 	/System/Library/Frameworks/SafariServices.framework/Versions/A/SafariServices
0x000000019fd6a000 	/System/Library/PrivateFrameworks/NetFSServer.framework/Versions/A/NetFSServer
0x00000001b22f7000 	/System/Library/Frameworks/PDFKit.framework/Versions/A/PDFKit
0x000000022f7f9000 	/System/Library/Frameworks/TabularData.framework/Versions/A/TabularData
0x000000027eb39000 	/usr/lib/swift/libswiftPassKit.dylib
0x00000001d5464000 	/System/Library/Frameworks/PassKit.framework/Versions/A/PassKit
0x00000001a3a2a000 	/System/Library/PrivateFrameworks/PassKitCore.framework/Versions/A/PassKitCore
0x000000025b904000 	/System/Library/PrivateFrameworks/PassKitMacHelperTemp.framework/Versions/A/PassKitMacHelperTemp
0x000000027d508000 	/usr/lib/libAppleSSE.dylib
0x00000001af99b000 	/System/Library/PrivateFrameworks/BiometricKit.framework/Versions/A/BiometricKit
0x000000026135e000 	/System/Library/PrivateFrameworks/SEService.framework/Versions/A/SEService
0x0000000229725000 	/System/Library/Frameworks/FinanceKit.framework/Versions/A/FinanceKit
0x00000001b4eef000 	/System/Library/PrivateFrameworks/NearField.framework/Versions/A/NearField
0x000000027d907000 	/usr/lib/libSESShared.dylib
0x00000002615c6000 	/System/Library/PrivateFrameworks/STSXPCHelperClient.framework/Versions/A/STSXPCHelperClient
0x00000001b6c06000 	/usr/lib/libnfshared.dylib
0x000000026c75f000 	/System/Library/PrivateFrameworks/Symptoms.framework/Versions/A/Frameworks/SymptomPresentationFeed.framework/Versions/A/SymptomPresentationFeed
0x000000023523d000 	/System/Library/PrivateFrameworks/AppleMediaServicesKitInternal.framework/Versions/A/AppleMediaServicesKitInternal
0x0000000235ee1000 	/System/Library/PrivateFrameworks/AsyncAlgorithmsInternal.framework/Versions/A/AsyncAlgorithmsInternal
0x000000026c4a1000 	/System/Library/PrivateFrameworks/SymptomShared.framework/Versions/A/SymptomShared
0x00000001d8194000 	/System/Library/PrivateFrameworks/PassKitUIFoundation.framework/Versions/A/PassKitUIFoundation
0x000000019ae19000 	/System/Library/Frameworks/MapKit.framework/Versions/A/MapKit
0x000000024ad1b000 	/System/Library/PrivateFrameworks/GeoAnalytics.framework/Versions/A/GeoAnalytics
0x00000001b6c34000 	/System/Library/PrivateFrameworks/Navigation.framework/Versions/A/Navigation
0x00000001c08c7000 	/System/Library/PrivateFrameworks/VectorKit.framework/Versions/A/VectorKit
0x00000001a7e91000 	/System/Library/PrivateFrameworks/VirtualGarage.framework/Versions/A/VirtualGarage
0x00000001b6e13000 	/System/Library/Frameworks/ExternalAccessory.framework/ExternalAccessory
0x00000001b6e2e000 	/System/Library/PrivateFrameworks/IAP.framework/Versions/A/IAP
0x000000019b0d5000 	/System/Library/PrivateFrameworks/IOPlatformPluginFamily.framework/Versions/A/IOPlatformPluginFamily
0x0000000236526000 	/System/Library/PrivateFrameworks/AvatarKit.framework/Versions/A/AvatarKit
0x00000002365e5000 	/System/Library/PrivateFrameworks/AvatarPersistence.framework/Versions/A/AvatarPersistence
0x000000022fb80000 	/System/Library/Frameworks/TipKit.framework/Versions/A/TipKit
0x00000001a352e000 	/System/Library/PrivateFrameworks/IMSharedUtilities.framework/Versions/A/IMSharedUtilities
0x000000027ead8000 	/usr/lib/swift/libswiftAppleArchive.dylib
0x00000002721c7000 	/System/Library/PrivateFrameworks/VFX.framework/Versions/A/VFX
0x00000001d306a000 	/System/Library/PrivateFrameworks/AppleCVA.framework/Versions/A/AppleCVA
0x00000002365e4000 	/System/Library/PrivateFrameworks/AvatarKitContent.framework/Versions/A/AvatarKitContent
0x000000022b63a000 	/System/Library/Frameworks/MetalFX.framework/Versions/A/MetalFX
0x0000000239b58000 	/System/Library/PrivateFrameworks/CompositorNonUI.framework/Versions/A/CompositorNonUI
0x0000000227aab000 	/System/Library/Frameworks/ARKit.framework/Versions/A/ARKit
0x0000000232271000 	/System/Library/PrivateFrameworks/ARKitCore.framework/Versions/A/ARKitCore
0x000000027d602000 	/usr/lib/libDisplayWarpSupport.dylib
0x000000023b2a6000 	/System/Library/PrivateFrameworks/CoreComposite.framework/Versions/A/CoreComposite
0x000000027da3b000 	/usr/lib/libchannel.dylib
0x000000027e735000 	/usr/lib/librealtime_safety.dylib
0x00000002322fe000 	/System/Library/PrivateFrameworks/ARKitFoundation.framework/Versions/A/ARKitFoundation
0x00000002348f6000 	/System/Library/PrivateFrameworks/AppleDepth.framework/Versions/A/AppleDepth
0x0000000234a6c000 	/System/Library/PrivateFrameworks/AppleDepthCore.framework/Versions/A/AppleDepthCore
0x000000019b20e000 	/System/Library/PrivateFrameworks/CoreAppleCVA.framework/Versions/A/CoreAppleCVA
0x00000001a7fbf000 	/System/Library/PrivateFrameworks/ContactsUICore.framework/Versions/A/ContactsUICore
0x00000001af7d1000 	/System/Library/PrivateFrameworks/ContactsDonation.framework/Versions/A/ContactsDonation
0x00000001af088000 	/System/Library/PrivateFrameworks/DataDetectors.framework/Versions/A/DataDetectors
0x00000001a19de000 	/System/Library/Frameworks/MediaLibrary.framework/Versions/A/MediaLibrary
0x000000019c106000 	/System/Library/PrivateFrameworks/PersonaKit.framework/Versions/A/PersonaKit
0x00000001a7fad000 	/System/Library/PrivateFrameworks/PersonaUI.framework/Versions/A/PersonaUI
0x00000001c2a6f000 	/System/Library/PrivateFrameworks/Transparency.framework/Versions/A/Transparency
0x0000000241aa4000 	/System/Library/PrivateFrameworks/FindMyLocate.framework/Versions/A/FindMyLocate
0x00000001b1092000 	/System/Library/PrivateFrameworks/IntlPreferences.framework/Versions/A/IntlPreferences
0x000000024197d000 	/System/Library/PrivateFrameworks/FindMyCommon.framework/Versions/A/FindMyCommon
0x000000024176d000 	/System/Library/PrivateFrameworks/FindMyBase.framework/Versions/A/FindMyBase
0x000000022ced7000 	/System/Library/Frameworks/NearbyInteraction.framework/Versions/A/NearbyInteraction
0x000000019bd27000 	/System/Library/PrivateFrameworks/AddressBookCore.framework/Versions/A/AddressBookCore
0x00000001b6991000 	/System/Library/PrivateFrameworks/ToneKit.framework/Versions/A/ToneKit
0x00000001b10d9000 	/System/Library/PrivateFrameworks/ToneLibrary.framework/Versions/A/ToneLibrary
0x0000000239e5d000 	/System/Library/PrivateFrameworks/ContactsAccounts.framework/Versions/A/ContactsAccounts
0x00000001b4d5b000 	/System/Library/PrivateFrameworks/Lookup.framework/Versions/A/Lookup
0x000000022d7bc000 	/System/Library/Frameworks/QuickLookUI.framework/Versions/A/QuickLookUI
0x000000022e1d1000 	/System/Library/Frameworks/ScreenCaptureKit.framework/Versions/A/ScreenCaptureKit
0x00000001b1e0b000 	/System/Library/Frameworks/Quartz.framework/Versions/A/Frameworks/QuartzComposer.framework/Versions/A/QuartzComposer
0x00000001b1069000 	/System/Library/Frameworks/Quartz.framework/Versions/A/Frameworks/QuartzFilters.framework/Versions/A/QuartzFilters
0x00000001b0115000 	/System/Library/Frameworks/Quartz.framework/Versions/A/Frameworks/ImageKit.framework/Versions/A/ImageKit
0x00000002278b8000 	/System/Library/Frameworks/OpenCL.framework/Versions/A/OpenCL
0x00000001ae628000 	/System/Library/PrivateFrameworks/CorePDF.framework/Versions/A/CorePDF
0x0000000198dd0000 	/System/Library/Frameworks/QuickLook.framework/Versions/A/QuickLook
0x00000001a391b000 	/System/Library/PrivateFrameworks/DisplayServices.framework/Versions/A/DisplayServices
0x00000001b0fee000 	/System/Library/Frameworks/ImageCaptureCore.framework/Versions/A/ImageCaptureCore
0x00000002741d3000 	/System/Library/PrivateFrameworks/VisionKitCore.framework/Versions/A/VisionKitCore
0x00000001ac738000 	/System/Library/PrivateFrameworks/QuickLookSupport.framework/Versions/A/QuickLookSupport
0x0000000255b6a000 	/System/Library/PrivateFrameworks/MediaAnalysisServices.framework/Versions/A/MediaAnalysisServices
0x00000001b3d46000 	/System/Library/PrivateFrameworks/PhotoLibraryServices.framework/Versions/A/PhotoLibraryServices
0x00000001b0c06000 	/System/Library/Frameworks/Photos.framework/Versions/A/Photos
0x00000001c53f3000 	/System/Library/PrivateFrameworks/PhotosFormats.framework/Versions/A/PhotosFormats
0x00000001c18aa000 	/System/Library/PrivateFrameworks/CloudPhotoLibrary.framework/Versions/A/CloudPhotoLibrary
0x00000001cac82000 	/System/Library/PrivateFrameworks/CloudPhotoServices.framework/Versions/A/CloudPhotoServices
0x00000001c7220000 	/System/Library/PrivateFrameworks/CoreMediaStream.framework/Versions/A/CoreMediaStream
0x000000019c7c7000 	/System/Library/PrivateFrameworks/CPAnalytics.framework/Versions/A/CPAnalytics
0x00000001c3773000 	/System/Library/PrivateFrameworks/MediaConversionService.framework/Versions/A/MediaConversionService
0x00000001a351a000 	/System/Library/PrivateFrameworks/PhotoFoundation.framework/Versions/A/PhotoFoundation
0x000000025d11f000 	/System/Library/PrivateFrameworks/PhotoLibraryServicesCore.framework/Versions/A/PhotoLibraryServicesCore
0x00000001bd53f000 	/System/Library/PrivateFrameworks/MMCS.framework/Versions/A/MMCS
0x00000001a1837000 	/System/Library/PrivateFrameworks/ChunkingLibrary.framework/Versions/A/ChunkingLibrary
0x000000019b4b3000 	/System/Library/PrivateFrameworks/AssetCacheServices.framework/Versions/A/AssetCacheServices
0x000000019d47b000 	/System/Library/PrivateFrameworks/AVFoundationCF.framework/Versions/A/AVFoundationCF
0x00000001db187000 	/usr/lib/swift/libswiftDemangle.dylib
0x000000024dea7000 	/System/Library/PrivateFrameworks/ImageCaptureDevices.framework/Versions/A/ImageCaptureDevices
0x00000001af345000 	/System/Library/PrivateFrameworks/MediaStream.framework/Versions/A/MediaStream
0x00000001c3c15000 	/System/Library/PrivateFrameworks/NeutrinoCore.framework/Versions/A/NeutrinoCore
0x000000018ae04000 	/System/Library/PrivateFrameworks/NLP.framework/Versions/A/NLP
0x00000001c9a15000 	/System/Library/PrivateFrameworks/PhotoImaging.framework/Versions/A/PhotoImaging
0x00000001cac43000 	/System/Library/PrivateFrameworks/PhotosImagingFoundation.framework/Versions/A/PhotosImagingFoundation
0x000000025dccb000 	/System/Library/PrivateFrameworks/PhotosIntelligenceCore.framework/Versions/A/PhotosIntelligenceCore
0x000000019d8b6000 	/System/Library/PrivateFrameworks/EmbeddedAcousticRecognition.framework/Versions/A/EmbeddedAcousticRecognition
0x00000001b8b94000 	/System/Library/PrivateFrameworks/EmojiFoundation.framework/Versions/A/EmojiFoundation
0x00000001c1b23000 	/System/Library/PrivateFrameworks/SDAPI.framework/Versions/A/SDAPI
0x00000001cac91000 	/System/Library/PrivateFrameworks/AutoLoop.framework/Versions/A/AutoLoop
0x000000025e8a8000 	/System/Library/PrivateFrameworks/Portrait.framework/Versions/A/Portrait
0x0000000242134000 	/System/Library/PrivateFrameworks/FusionTracker.framework/Versions/A/FusionTracker
0x00000001b18a5000 	/System/Library/PrivateFrameworks/iTunesCloud.framework/Versions/A/iTunesCloud
0x00000001baa84000 	/System/Library/PrivateFrameworks/DAAPKit.framework/Versions/A/DAAPKit
0x00000001acab4000 	/System/Library/PrivateFrameworks/DeviceManagement.framework/Versions/A/DeviceManagement
0x00000001d0c87000 	/System/Library/PrivateFrameworks/ScreenTimeUI.framework/Versions/A/ScreenTimeUI
0x00000001af082000 	/System/Library/PrivateFrameworks/QuickLookNonBaseSystem.framework/Versions/A/QuickLookNonBaseSystem
0x00000001af8a7000 	/System/Library/PrivateFrameworks/Catalyst.framework/Versions/A/Catalyst
0x00000001b128b000 	/System/Library/PrivateFrameworks/ScreenTimeCore.framework/Versions/A/ScreenTimeCore
0x00000001c48a3000 	/System/Library/PrivateFrameworks/ScreenTimeServiceUI.framework/Versions/A/ScreenTimeServiceUI
0x00000001bd6cf000 	/System/Library/PrivateFrameworks/ConfigurationEngineModel.framework/Versions/A/ConfigurationEngineModel
0x00000001c0880000 	/System/Library/PrivateFrameworks/UsageTracking.framework/Versions/A/UsageTracking
0x00000002293b8000 	/System/Library/Frameworks/DeviceActivity.framework/Versions/A/DeviceActivity
0x00000001c0850000 	/System/Library/PrivateFrameworks/KnowledgeMonitor.framework/Versions/A/KnowledgeMonitor
0x00000001d813a000 	/System/Library/PrivateFrameworks/BluetoothManager.framework/Versions/A/BluetoothManager
0x000000022a9bf000 	/System/Library/Frameworks/ManagedSettings.framework/Versions/A/ManagedSettings
0x00000002552ca000 	/System/Library/PrivateFrameworks/ManagedSettingsSupport.framework/Versions/A/ManagedSettingsSupport
0x00000001d5534000 	/System/Library/Frameworks/ReplayKit.framework/Versions/A/ReplayKit
0x00000001a48da000 	/System/Library/PrivateFrameworks/MarkupUI.framework/Versions/A/MarkupUI
0x00000001af05a000 	/System/Library/PrivateFrameworks/SidecarCore.framework/Versions/A/SidecarCore
0x00000001b1cc0000 	/System/Library/PrivateFrameworks/AnnotationKit.framework/Versions/A/AnnotationKit
0x00000001b035a000 	/System/Library/Frameworks/PencilKit.framework/Versions/A/PencilKit
0x00000001b051f000 	/System/Library/PrivateFrameworks/SidecarUI.framework/Versions/A/SidecarUI
0x00000001afcb7000 	/System/Library/PrivateFrameworks/CoreHandwriting.framework/Versions/A/CoreHandwriting
0x00000001849db000 	/usr/lib/libmecabra.dylib
0x00000001a857e000 	/System/Library/PrivateFrameworks/Calculate.framework/Versions/A/Calculate
0x00000001944d1000 	/usr/lib/libChineseTokenizer.dylib
0x00000001e6586000 	/System/Library/PrivateFrameworks/ScreenReaderCore.framework/Versions/A/ScreenReaderCore
0x000000026b9ff000 	/System/Library/PrivateFrameworks/StocksKit.framework/Versions/A/StocksKit
0x00000001a757b000 	/System/Library/PrivateFrameworks/OAuth.framework/Versions/A/OAuth
0x000000026b6f0000 	/System/Library/PrivateFrameworks/StocksCore.framework/Versions/A/StocksCore
0x000000026cccf000 	/System/Library/PrivateFrameworks/TeaFoundation.framework/Versions/A/TeaFoundation
0x000000026ceb1000 	/System/Library/PrivateFrameworks/TeaSettings.framework/Versions/A/TeaSettings
0x00000001dc84f000 	/System/Library/PrivateFrameworks/NewsCore.framework/Versions/A/NewsCore
0x000000026cc6b000 	/System/Library/PrivateFrameworks/TeaDB.framework/Versions/A/TeaDB
0x00000001d924e000 	/System/Library/PrivateFrameworks/RemoteConfiguration.framework/Versions/A/RemoteConfiguration
0x00000001dc45a000 	/System/Library/PrivateFrameworks/NewsTransport.framework/Versions/A/NewsTransport
0x00000001dc83f000 	/System/Library/PrivateFrameworks/NewsFoundation.framework/Versions/A/NewsFoundation
0x00000002595f8000 	/System/Library/PrivateFrameworks/NewsURLBucket.framework/Versions/A/NewsURLBucket
0x00000001b393f000 	/System/Library/PrivateFrameworks/MobileInstallation.framework/Versions/A/MobileInstallation
0x000000022fced000 	/System/Library/Frameworks/Translation.framework/Versions/A/Translation
0x00000001cc693000 	/System/Library/PrivateFrameworks/RevealCore.framework/Versions/A/RevealCore
0x00000001cc687000 	/System/Library/PrivateFrameworks/Reveal.framework/Versions/A/Reveal
0x00000001c456d000 	/System/Library/Frameworks/Speech.framework/Versions/A/Speech
0x0000000231151000 	/System/Library/PrivateFrameworks/AIMLExperimentationAnalytics.framework/Versions/A/AIMLExperimentationAnalytics
0x00000002334af000 	/System/Library/PrivateFrameworks/AlgorithmsInternal.framework/Versions/A/AlgorithmsInternal
0x0000000270503000 	/System/Library/PrivateFrameworks/TranslationUIServices.framework/Versions/A/TranslationUIServices
0x000000026f3ef000 	/System/Library/PrivateFrameworks/TipKitCore.framework/Versions/A/TipKitCore
0x00000001b8c18000 	/System/Library/PrivateFrameworks/CoreCDPInternal.framework/Versions/A/CoreCDPInternal
0x000000024e683000 	/System/Library/PrivateFrameworks/InputAnalytics.framework/Versions/A/InputAnalytics
0x00000001be6b1000 	/System/Library/Frameworks/InstantMessage.framework/Versions/A/InstantMessage
0x00000001b6708000 	/System/Library/PrivateFrameworks/IDSKVStore.framework/Versions/A/IDSKVStore
0x00000001b63e7000 	/System/Library/PrivateFrameworks/IMDPersistence.framework/Versions/A/IMDPersistence
0x00000002720bd000 	/System/Library/PrivateFrameworks/UserSafety.framework/Versions/A/UserSafety
0x00000001d7348000 	/System/Library/PrivateFrameworks/BlastDoor.framework/Versions/A/BlastDoor
0x0000000252b22000 	/System/Library/PrivateFrameworks/LinkPresentationStyleSheetParsing.framework/Versions/A/LinkPresentationStyleSheetParsing
0x000000025ea59000 	/System/Library/PrivateFrameworks/PosterFoundation.framework/Versions/A/PosterFoundation
0x000000025eae7000 	/System/Library/PrivateFrameworks/PosterModel.framework/Versions/A/PosterModel
0x000000025eac2000 	/System/Library/PrivateFrameworks/PosterFuturesKit.framework/Versions/A/PosterFuturesKit
0x0000000241564000 	/System/Library/PrivateFrameworks/FeedbackService.framework/Versions/A/FeedbackService
0x00000001af728000 	/System/Library/PrivateFrameworks/CoreSDB.framework/Versions/A/CoreSDB
0x0000000235cca000 	/System/Library/PrivateFrameworks/AskToCore.framework/Versions/A/AskToCore
0x00000001d14be000 	/System/Library/PrivateFrameworks/MachineSettings.framework/Versions/A/MachineSettings
0x00000001c2fcf000 	/System/Library/PrivateFrameworks/BezelServices.framework/Versions/A/BezelServices
0x00000001bab10000 	/System/Library/PrivateFrameworks/SPOwner.framework/Versions/A/SPOwner
0x00000001b35af000 	/System/Library/PrivateFrameworks/FMCore.framework/Versions/A/FMCore
0x00000001b2da9000 	/System/Library/PrivateFrameworks/AppleMediaServicesUI.framework/Versions/A/AppleMediaServicesUI
0x00000002789be000 	/System/Library/PrivateFrameworks/iCloudQuota.framework/Versions/A/iCloudQuota
0x00000001a7f2a000 	/System/Library/PrivateFrameworks/CoreRecognition.framework/Versions/A/CoreRecognition
0x00000001c3085000 	/System/Library/PrivateFrameworks/InAppMessages.framework/Versions/A/InAppMessages
0x00000001e5177000 	/System/Library/PrivateFrameworks/JetUI.framework/Versions/A/JetUI
0x0000000251e03000 	/System/Library/PrivateFrameworks/JetPack.framework/Versions/A/JetPack
0x00000001c307c000 	/System/Library/PrivateFrameworks/InAppMessagesCore.framework/Versions/A/InAppMessagesCore
0x0000000277d89000 	/System/Library/PrivateFrameworks/_JetEngine_SwiftUI.framework/Versions/A/_JetEngine_SwiftUI
0x000000026c788000 	/System/Library/PrivateFrameworks/Synapse.framework/Versions/A/Synapse
0x0000000237e6c000 	/System/Library/PrivateFrameworks/CSExattrCrypto.framework/Versions/A/CSExattrCrypto
0x00000001b4a44000 	/System/Library/PrivateFrameworks/StoreFoundation.framework/Versions/A/StoreFoundation
0x00000001b35a9000 	/System/Library/PrivateFrameworks/ServerInformation.framework/Versions/A/ServerInformation
0x00000001b2fdf000 	/System/Library/PrivateFrameworks/Install.framework/Frameworks/DistributionKit.framework/Versions/A/DistributionKit
0x00000001ac50c000 	/System/Library/PrivateFrameworks/PackageKit.framework/Versions/A/PackageKit
0x00000001b3002000 	/System/Library/PrivateFrameworks/OSPersonalization.framework/Versions/A/OSPersonalization
0x00000001b4fce000 	/System/Library/PrivateFrameworks/BridgeOSSoftwareUpdate.framework/Versions/A/BridgeOSSoftwareUpdate
0x00000001afbbf000 	/System/Library/PrivateFrameworks/StorageManagement.framework/Versions/A/StorageManagement
0x00000001c43f3000 	/usr/lib/libauthinstall.dylib
0x00000001b4fd7000 	/System/Library/PrivateFrameworks/InstallerDiagnostics.framework/Versions/A/InstallerDiagnostics
0x00000001c4a6f000 	/usr/lib/libcrypto.42.dylib
0x000000027f03f000 	/usr/lib/updaters/libAppleTconUARPUpdater.dylib
0x000000027f162000 	/usr/lib/updaters/libT200Updater.dylib
0x00000001b4fbc000 	/System/Library/PrivateFrameworks/GPUInfo.framework/Versions/A/GPUInfo
0x00000001c3180000 	/System/Library/PrivateFrameworks/MobileActivationMacOS.framework/Versions/A/MobileActivationMacOS
0x00000001a74bd000 	/System/Library/PrivateFrameworks/AccountsDaemon.framework/Versions/A/AccountsDaemon
0x000000024ac4d000 	/System/Library/PrivateFrameworks/GenerativePartnerService.framework/Versions/A/GenerativePartnerService
0x0000000197526000 	/System/Library/PrivateFrameworks/CacheDelete.framework/Versions/A/CacheDelete
0x000000019fe8e000 	/System/Library/Frameworks/QuickLookThumbnailing.framework/Versions/A/QuickLookThumbnailing
0x00000001b501b000 	/System/Library/PrivateFrameworks/AOSKit.framework/Versions/A/AOSKit
0x0000000194602000 	/System/Library/PrivateFrameworks/AppSSOCore.framework/Versions/A/AppSSOCore
0x00000001aea32000 	/System/Library/Frameworks/AVFoundation.framework/Versions/A/AVFoundation
0x000000023667e000 	/System/Library/PrivateFrameworks/BackgroundSystemTasks.framework/Versions/A/BackgroundSystemTasks
0x000000019fda4000 	/System/Library/PrivateFrameworks/DuetActivityScheduler.framework/Versions/A/DuetActivityScheduler
0x00000001c17d9000 	/System/Library/PrivateFrameworks/NetworkServiceProxy.framework/Versions/A/NetworkServiceProxy
0x000000019b147000 	/usr/lib/libnetworkextension.dylib
0x000000019d7c5000 	/System/Library/PrivateFrameworks/Rapport.framework/Versions/A/Rapport
0x000000026c4b1000 	/System/Library/PrivateFrameworks/Symptoms.framework/Versions/A/Frameworks/SymptomAnalytics.framework/Versions/A/SymptomAnalytics
0x0000000197f5a000 	/System/Library/Frameworks/NetworkExtension.framework/Versions/A/NetworkExtension
0x000000019e56b000 	/System/Library/PrivateFrameworks/CoreDuetContext.framework/Versions/A/CoreDuetContext
0x000000018945f000 	/System/Library/PrivateFrameworks/CoreDuet.framework/Versions/A/CoreDuet
0x00000001a3274000 	/System/Library/PrivateFrameworks/AssistantServices.framework/Versions/A/AssistantServices
0x000000019d5bf000 	/System/Library/PrivateFrameworks/SAObjects.framework/Versions/A/SAObjects
0x00000001a2e6f000 	/System/Library/PrivateFrameworks/MediaRemote.framework/Versions/A/MediaRemote
0x00000001b550f000 	/System/Library/PrivateFrameworks/SiriInstrumentation.framework/Versions/A/SiriInstrumentation
0x0000000263470000 	/System/Library/PrivateFrameworks/SiriAnalytics.framework/Versions/A/SiriAnalytics
0x0000000269312000 	/System/Library/PrivateFrameworks/SiriTTSService.framework/Versions/A/SiriTTSService
0x0000000263dac000 	/System/Library/PrivateFrameworks/SiriCrossDeviceArbitration.framework/Versions/A/SiriCrossDeviceArbitration
0x00000001b2d7b000 	/System/Library/PrivateFrameworks/FeedbackLogger.framework/Versions/A/FeedbackLogger
0x0000000241111000 	/System/Library/PrivateFrameworks/FaceTimeNameUtility.framework/Versions/A/FaceTimeNameUtility
0x0000000263e00000 	/System/Library/PrivateFrameworks/SiriCrossDeviceArbitrationFeedback.framework/Versions/A/SiriCrossDeviceArbitrationFeedback
0x000000024ab09000 	/System/Library/PrivateFrameworks/GenerativeModels.framework/Versions/A/GenerativeModels
0x0000000227bf1000 	/System/Library/Frameworks/AVRouting.framework/Versions/A/AVRouting
0x00000001a7d3d000 	/System/Library/PrivateFrameworks/MediaServices.framework/Versions/A/MediaServices
0x000000019d3fd000 	/System/Library/Frameworks/LocalAuthentication.framework/Versions/A/LocalAuthentication
0x0000000252d58000 	/System/Library/PrivateFrameworks/LocalAuthenticationCore.framework/Versions/A/LocalAuthenticationCore
0x0000000252edd000 	/System/Library/PrivateFrameworks/LocalAuthenticationCredentialServices.framework/Versions/A/LocalAuthenticationCredentialServices
0x000000019d469000 	/System/Library/Frameworks/LocalAuthentication.framework/Support/SharedUtils.framework/Versions/A/SharedUtils
0x0000000194a4b000 	/System/Library/PrivateFrameworks/PersistentConnection.framework/Versions/A/PersistentConnection
0x000000026ab25000 	/System/Library/PrivateFrameworks/SonicFoundation.framework/Versions/A/SonicFoundation
0x000000023f975000 	/System/Library/PrivateFrameworks/Dendrite.framework/Versions/A/Dendrite
0x00000001b73cf000 	/usr/lib/libtailspin.dylib
0x00000001cada1000 	/System/Library/PrivateFrameworks/Osprey.framework/Versions/A/Osprey
0x000000026896d000 	/System/Library/PrivateFrameworks/SiriTTS.framework/Versions/A/SiriTTS
0x00000001af7ee000 	/System/Library/Frameworks/NaturalLanguage.framework/Versions/A/NaturalLanguage
0x0000000267753000 	/System/Library/PrivateFrameworks/SiriPowerInstrumentation.framework/Versions/A/SiriPowerInstrumentation
0x00000001b06af000 	/System/Library/PrivateFrameworks/Trial.framework/Versions/A/Trial
0x00000001b0631000 	/System/Library/PrivateFrameworks/TrialProto.framework/Versions/A/TrialProto
0x00000002717aa000 	/System/Library/PrivateFrameworks/UnifiedAssetFramework.framework/Versions/A/UnifiedAssetFramework
0x00000001ccdc7000 	/usr/lib/swift/libswiftAVFoundation.dylib
0x00000001dd1ed000 	/usr/lib/swift/libswiftNaturalLanguage.dylib
0x000000026cc69000 	/System/Library/PrivateFrameworks/TailspinSymbolication.framework/Versions/A/TailspinSymbolication
0x000000023f5b4000 	/System/Library/PrivateFrameworks/Darwinup.framework/Versions/A/Darwinup
0x00000001c37ae000 	/System/Library/PrivateFrameworks/SignpostSupport.framework/Versions/A/SignpostSupport
0x00000001af6b5000 	/System/Library/PrivateFrameworks/FeatureFlagsSupport.framework/Versions/A/FeatureFlagsSupport
0x00000001c2ee1000 	/System/Library/PrivateFrameworks/ktrace.framework/Versions/A/ktrace
0x00000001c39dd000 	/System/Library/PrivateFrameworks/SampleAnalysis.framework/Versions/A/SampleAnalysis
0x00000001cc661000 	/System/Library/PrivateFrameworks/kperfdata.framework/Versions/A/kperfdata
0x0000000198f11000 	/usr/lib/libdscsym.dylib
0x00000001ccb1d000 	/System/Library/PrivateFrameworks/BulkSymbolication.framework/Versions/A/BulkSymbolication
0x000000019feda000 	/System/Library/PrivateFrameworks/Espresso.framework/Versions/A/Espresso
0x000000018e031000 	/System/Library/Frameworks/CoreML.framework/Versions/A/CoreML
0x00000001e692d000 	/System/Library/PrivateFrameworks/ANECompiler.framework/Versions/A/ANECompiler
0x00000001a1fc7000 	/System/Library/PrivateFrameworks/AppleNeuralEngine.framework/Versions/A/AppleNeuralEngine
0x000000022b6e1000 	/System/Library/Frameworks/MetalPerformanceShadersGraph.framework/Versions/A/MetalPerformanceShadersGraph
0x00000002537e4000 	/System/Library/PrivateFrameworks/MLCompilerServices.framework/Versions/A/MLCompilerServices
0x00000001a0d76000 	/System/Library/PrivateFrameworks/ANEServices.framework/Versions/A/ANEServices
0x000000025a653000 	/System/Library/PrivateFrameworks/ODIE.framework/Versions/A/ODIE
0x0000000253788000 	/System/Library/PrivateFrameworks/MLCompilerRuntime.framework/Versions/A/MLCompilerRuntime
0x0000000192413000 	/System/Library/Frameworks/MLCompute.framework/Versions/A/MLCompute
0x000000025370a000 	/System/Library/PrivateFrameworks/MLAssetIO.framework/Versions/A/MLAssetIO
0x000000027eb17000 	/usr/lib/swift/libswiftMLCompute.dylib
0x000000019cf50000 	/System/Library/PrivateFrameworks/AVFCore.framework/Versions/A/AVFCore
0x00000001a64cd000 	/System/Library/PrivateFrameworks/AVFCapture.framework/Versions/A/AVFCapture
0x0000000237a71000 	/System/Library/PrivateFrameworks/CMImaging.framework/Versions/A/CMImaging
0x00000001a6716000 	/System/Library/PrivateFrameworks/Quagga.framework/Versions/A/Quagga
0x00000001a684a000 	/System/Library/PrivateFrameworks/CMCapture.framework/Versions/A/CMCapture
0x000000019714d000 	/System/Library/Frameworks/CoreMediaIO.framework/Versions/A/CoreMediaIO
0x00000002379ad000 	/System/Library/PrivateFrameworks/CMCaptureDevice.framework/Versions/A/CMCaptureDevice
0x0000000194bc1000 	/System/Library/PrivateFrameworks/CoreBrightness.framework/Versions/A/CoreBrightness
0x0000000238a82000 	/System/Library/PrivateFrameworks/CinematicFraming.framework/Versions/A/CinematicFraming
0x00000001c9e5f000 	/System/Library/PrivateFrameworks/CPMS.framework/Versions/A/CPMS
0x000000026c95f000 	/System/Library/PrivateFrameworks/SystemStatus.framework/Versions/A/SystemStatus
0x00000001ae62a000 	/System/Library/Frameworks/CoreMotion.framework/Versions/A/CoreMotion
0x00000001be76f000 	/System/Library/PrivateFrameworks/TimeSync.framework/Versions/A/TimeSync
0x0000000240292000 	/System/Library/PrivateFrameworks/DistributedSensing.framework/Versions/A/DistributedSensing
0x00000001b9d4f000 	/System/Library/PrivateFrameworks/MobileBluetooth.framework/Versions/A/MobileBluetooth
0x00000001c0468000 	/System/Library/PrivateFrameworks/IOKitten.framework/Versions/A/IOKitten
0x0000000185c57000 	/System/Library/PrivateFrameworks/LanguageModeling.framework/Versions/A/LanguageModeling
0x000000018ac0b000 	/System/Library/PrivateFrameworks/Montreal.framework/Versions/A/Montreal
0x0000000192e7e000 	/usr/lib/libcmph.dylib
0x000000024abe2000 	/System/Library/PrivateFrameworks/GenerativeModelsFoundation.framework/Versions/A/GenerativeModelsFoundation
0x000000026f757000 	/System/Library/PrivateFrameworks/TokenGeneration.framework/Versions/A/TokenGeneration
0x000000024a9c5000 	/System/Library/PrivateFrameworks/GenerativeFunctions.framework/Versions/A/GenerativeFunctions
0x000000024aa11000 	/System/Library/PrivateFrameworks/GenerativeFunctionsFoundation.framework/Versions/A/GenerativeFunctionsFoundation
0x0000000256f30000 	/System/Library/PrivateFrameworks/ModelCatalog.framework/Versions/A/ModelCatalog
0x000000026291d000 	/System/Library/PrivateFrameworks/SensitiveContentAnalysisML.framework/Versions/A/SensitiveContentAnalysisML
0x000000024aaa6000 	/System/Library/PrivateFrameworks/GenerativeFunctionsInstrumentation.framework/Versions/A/GenerativeFunctionsInstrumentation
0x000000025fb6b000 	/System/Library/PrivateFrameworks/PromptKit.framework/Versions/A/PromptKit
0x000000025f648000 	/System/Library/PrivateFrameworks/ProactiveDaemonSupport.framework/Versions/A/ProactiveDaemonSupport
0x0000000257312000 	/System/Library/PrivateFrameworks/ModelManagerServices.framework/Versions/A/ModelManagerServices
0x000000026f9a5000 	/System/Library/PrivateFrameworks/TokenGenerationCore.framework/Versions/A/TokenGenerationCore
0x0000000234eee000 	/System/Library/PrivateFrameworks/AppleIntelligenceReporting.framework/Versions/A/AppleIntelligenceReporting
0x0000000234b56000 	/System/Library/PrivateFrameworks/AppleFlatBuffers.framework/Versions/A/AppleFlatBuffers
0x0000000262b56000 	/System/Library/PrivateFrameworks/SentencePieceInternal.framework/Versions/A/SentencePieceInternal
0x000000019b52b000 	/System/Library/Frameworks/Vision.framework/Versions/A/Vision
0x000000023ef8c000 	/System/Library/PrivateFrameworks/CoreSceneUnderstanding.framework/Versions/A/CoreSceneUnderstanding
0x0000000274187000 	/System/Library/PrivateFrameworks/VisionCore.framework/Versions/A/VisionCore
0x00000001b8cf0000 	/System/Library/Frameworks/Vision.framework/libfaceCore.dylib
0x00000001b9813000 	/System/Library/PrivateFrameworks/Futhark.framework/Versions/A/Futhark
0x00000001bd5eb000 	/System/Library/PrivateFrameworks/InertiaCam.framework/Versions/A/InertiaCam
0x00000001b959b000 	/System/Library/PrivateFrameworks/TextRecognition.framework/Versions/A/TextRecognition
0x0000000194623000 	/System/Library/PrivateFrameworks/CVNLP.framework/Versions/A/CVNLP
0x000000018dad0000 	/System/Library/PrivateFrameworks/ApplePushService.framework/Versions/A/ApplePushService
0x000000018db3b000 	/System/Library/Frameworks/CloudKit.framework/Versions/A/CloudKit
0x00000001a0f34000 	/System/Library/PrivateFrameworks/CoreDuetDaemonProtocol.framework/Versions/A/CoreDuetDaemonProtocol
0x00000001c5fb2000 	/System/Library/PrivateFrameworks/DeviceIdentity.framework/Versions/A/DeviceIdentity
0x000000022e3e8000 	/System/Library/Frameworks/SharedWithYouCore.framework/Versions/A/SharedWithYouCore
0x000000023932a000 	/System/Library/PrivateFrameworks/CloudTelemetry.framework/Versions/A/CloudTelemetry
0x000000019f872000 	/System/Library/PrivateFrameworks/AppleAccount.framework/Versions/A/AppleAccount
0x000000019fe33000 	/System/Library/PrivateFrameworks/C2.framework/Versions/A/C2
0x0000000238f9c000 	/System/Library/PrivateFrameworks/CloudCoreInternal.framework/Versions/A/CloudCoreInternal
0x0000000238d41000 	/System/Library/PrivateFrameworks/CloudAsset.framework/Versions/A/CloudAsset
0x000000019fe2a000 	/System/Library/Frameworks/PushKit.framework/Versions/A/PushKit
0x000000023934a000 	/System/Library/PrivateFrameworks/CloudTelemetryTools.framework/Versions/A/CloudTelemetryTools
0x00000001a1d24000 	/System/Library/PrivateFrameworks/RTCReporting.framework/Versions/A/RTCReporting
0x0000000231037000 	/System/Library/PrivateFrameworks/AAAFoundationSwift.framework/Versions/A/AAAFoundationSwift
0x000000019fafd000 	/System/Library/PrivateFrameworks/AppleIDSSOAuthentication.framework/Versions/A/AppleIDSSOAuthentication
0x00000001b48ef000 	/System/Library/PrivateFrameworks/CaptiveNetwork.framework/Versions/A/CaptiveNetwork
0x000000019f303000 	/System/Library/PrivateFrameworks/EAP8021X.framework/Versions/A/EAP8021X
0x000000023f39a000 	/System/Library/PrivateFrameworks/CryptoKitPrivate.framework/Versions/A/CryptoKitPrivate
0x00000001aec82000 	/System/Library/PrivateFrameworks/FindMyDevice.framework/Versions/A/FindMyDevice
0x00000001a3a0a000 	/System/Library/PrivateFrameworks/FMCoreLite.framework/Versions/A/FMCoreLite
0x00000001920b3000 	/System/Library/Frameworks/ServiceManagement.framework/Versions/A/ServiceManagement
0x0000000230644000 	/System/Library/Frameworks/_AppIntents_AppKit.framework/Versions/A/_AppIntents_AppKit
0x00000001c39a6000 	/System/Library/PrivateFrameworks/UIKitServices.framework/Versions/A/UIKitServices
0x000000013d9f8000 	/System/Library/Extensions/AGXMetalG14G.bundle/Contents/MacOS/AGXMetalG14G
0x00000001a7bde000 	/System/Library/PrivateFrameworks/IOGPU.framework/Versions/A/IOGPU
0x000000012f38c000 	/Users/mattias800/Library/Java/JavaVirtualMachines/ms-21.0.10/Contents/Home/lib/libosxui.dylib
0x000000013cb48000 	/Users/mattias800/Library/Java/JavaVirtualMachines/ms-21.0.10/Contents/Home/lib/libjawt.dylib
0x000000013ceb0000 	/private/var/folders/00/y_pwwndd1hj9rnmh0xwj36v80000gn/T/sqlite-3.51.0.0-a829a813-0231-4532-b752-ff68726d0c22-libsqlitejdbc.dylib
0x000000013cdc4000 	/Users/mattias800/repos/spela/player/desktop/build/native/libspela-libretro.dylib
0x000000013ce08000 	/Users/mattias800/Library/Java/JavaVirtualMachines/ms-21.0.10/Contents/Home/lib/libextnet.dylib
0x000000026d47a000 	/System/Library/PrivateFrameworks/TextInputUI.framework/Versions/A/TextInputUI
0x000000026d4ae000 	/System/Library/PrivateFrameworks/TextInputUIMacHelper.framework/Versions/A/TextInputUIMacHelper
0x00000001b9902000 	/System/Library/PrivateFrameworks/SafariPlatformSupport.framework/Versions/A/SafariPlatformSupport
0x000000026b11f000 	/System/Library/PrivateFrameworks/SpotlightKnowledge.framework/Versions/A/SpotlightKnowledge
0x0000000240740000 	/System/Library/PrivateFrameworks/DocumentUnderstandingClient.framework/Versions/A/DocumentUnderstandingClient
0x000000026b106000 	/System/Library/PrivateFrameworks/SpotlightEmbedding.framework/Versions/A/SpotlightEmbedding
0x0000000189402000 	/System/Library/PrivateFrameworks/SpotlightLinguistics.framework/Versions/A/SpotlightLinguistics
0x000000026b2d3000 	/System/Library/PrivateFrameworks/SpotlightResources.framework/Versions/A/SpotlightResources
0x00000001a12eb000 	/System/Library/PrivateFrameworks/SpotlightIndex.framework/Versions/A/SpotlightIndex
0x00000001b48b3000 	/System/Library/PrivateFrameworks/DataDeliveryServices.framework/Versions/A/DataDeliveryServices
0x0000000238abb000 	/System/Library/PrivateFrameworks/CipherML.framework/Versions/A/CipherML
0x000000025cb92000 	/System/Library/PrivateFrameworks/PegasusKit.framework/Versions/A/PegasusKit
0x000000026c0a2000 	/System/Library/PrivateFrameworks/SwiftSQLite.framework/Versions/A/SwiftSQLite
0x0000000143db4000 	/Users/mattias800/Library/Application Support/Spela/cores/mupen64plus_next_libretro.dylib
0x0000000227732000 	/System/Library/Frameworks/OpenGL.framework/Versions/A/Resources/GLEngine.bundle/GLEngine
0x00000002275d4000 	/System/Library/Frameworks/OpenGL.framework/Versions/A/Libraries/libGLProgrammability.dylib
0x00000001438a4000 	/System/Library/Extensions/AppleMetalOpenGLRenderer.bundle/Contents/MacOS/AppleMetalOpenGLRenderer
0x0000000227893000 	/System/Library/Frameworks/OpenGL.framework/Versions/A/Resources/GLRendererFloat.bundle/GLRendererFloat
0x0000000143774000 	/Users/mattias800/Library/Java/JavaVirtualMachines/ms-21.0.10/Contents/Home/lib/libjsound.dylib
0x000000014b9a4000 	/System/Library/Components/CoreAudio.component/Contents/MacOS/CoreAudio

JVMTI agents: none


VM Arguments:
jvm_args: -Dcompose.application.configure.swing.globals=true -Dcompose.application.resources.dir=/Users/mattias800/repos/spela/player/desktop/build/compose/tmp/prepareAppResources -Djava.library.path=/Users/mattias800/repos/spela/player/desktop/build/native -Dfile.encoding=UTF-8 -Duser.country=US -Duser.language=en -Duser.variant 
java_command: com.spela.player.desktop.MainKt
java_class_path (initial): /Users/mattias800/repos/spela/player/desktop/build/libs/desktop-desktop.jar:/Users/mattias800/repos/spela/player/shared/build/libs/shared-desktop.jar:/Users/mattias800/.gradle/caches/modules-2/files-2.1/org.jetbrains.compose.material3/material3-desktop/1.9.0/19004c4eb3dc6618eb66a076bbe3d7e1a2e7b85/material3-desktop-1.9.0.jar:/Users/mattias800/.gradle/caches/modules-2/files-2.1/org.jetbrains.compose.components/components-resources-desktop/1.10.1/c6115b607f77e9d033de360f989850d3824bf112/library-desktop-1.10.1.jar:/Users/mattias800/.gradle/caches/modules-2/files-2.1/org.jetbrains.compose.desktop/desktop-jvm/1.10.1/42facd9840309ac4eb841a986c5d1b97d2780471/desktop-jvm-1.10.1.jar:/Users/mattias800/.gradle/caches/modules-2/files-2.1/io.coil-kt.coil3/coil-compose-jvm/3.3.0/38281ac8d9773163bb49be7a871239ea0b953f21/coil-compose-jvm-3.3.0.jar:/Users/mattias800/.gradle/caches/modules-2/files-2.1/io.coil-kt.coil3/coil-compose-core-jvm/3.3.0/4ea0aece0de785d13342ef927464bf75d918f80b/coil-compose-core-jvm-3.3.0.jar:/Users/mattias800/.gradle/caches/modules-2/files-2.1/org.jetbrains.compose.material/material-desktop/1.10.1/63e1c3c6705d111bf84e41110e7729df5b85163e/material-desktop-1.10.1.jar:/Users/mattias800/.gradle/caches/modules-2/files-2.1/org.jetbrains.compose.material/material-ripple-desktop/1.10.1/74a14824f086339703264689c5a7cf4ceb39ed40/material-ripple-desktop-1.10.1.jar:/Users/mattias800/.gradle/caches/modules-2/files-2.1/org.jetbrains.compose.foundation/foundation-desktop/1.10.1/d9ba57abee3527886ea640d3b390a70ba9e28af/foundation-desktop-1.10.1.jar:/Users/mattias800/.gradle/caches/modules-2/files-2.1/org.jetbrains.compose.material/material-icons-extended-desktop/1.7.3/c7c5465dd754043076875b32bce0dd7f5a354fe8/material-icons-extended-desktop-1.7.3.jar:/Users/mattias800/.gradle/caches/modules-2/files-2.1/org.jetbrains.compose.animation/animation-desktop/1.10.1/17f777e04f7fe5dff2fe7992d0c0bda81c3a3897/animation-desktop-1.10.1.jar:/Users/mattias800/.gradle/caches/modules-2/files-2.1/org.jetbrains.compose.foundation/foundation-layout-desktop/1.10.1/263364f922ef14fb64f1313a384a0c31cd6f3fa5/foundation-layout-desktop-1.10.1.jar:/Users/mattias800/.gradle/caches/modules-2/files-2.1/org.jetbrains.compose.material/material-icons-core-desktop/1.7.3/414b3096050fe647b0638832eace80f22c06b85c/material-icons-core-desktop-1.7.3.jar:/Users/mattias800/.gradle/caches/modules-2/files-2.1/org.jetbrains.compose.animation/animation-core-desktop/1.10.1/5dd98c5745e548644b7657901bbcc4c2c8f9ec59/animation-core-desktop-1.10.1.jar:/Users/mattias800/.gradle/caches/modules-2/files-2.1/org.jetbrains.compose.ui/ui-desktop/1.10.1/73a6b1e10434fb11bae82daa68c205c71af03c55/ui-desktop-1.10.1.jar:/Users/mattias800/.gradle/caches/modules-2/files-2.1/io.ktor/ktor-client-content-negotiation-jvm/3.4.0/266c1aef9d340c22cd859dd5c9174c2e1d86489f/ktor-client-content-negotiation-jvm-3.4.0.jar:/Users/mattias800/.gradle/caches/modules-2/files-2.1/io.ktor/ktor-client-auth-jvm/3.4.0/14d75d5e7552a8e26a2ad4dd511a76d4a0c5502f/ktor-client-auth-jvm-3.4.0.jar:/Users/mattias800/.gradle/caches/modules-2/files-2.1/io.ktor/ktor-client-logging-jvm/3.4.0/278d41697d9194d36290842bfdae03d674b3f365/ktor-client-logging-jvm-3.4.0.jar:/Users/mattias800/.gradle/caches/modules-2/files-2.1/io.ktor/ktor-client-websockets-jvm/3.4.0/69e1468e52be95fd339dd8026e78985a6ef981e6/ktor-client-websockets-jvm-3.4.0.jar:/Users/mattias800/.gradle/caches/modules-2/files-2.1/io.coil-kt.coil3/coil-network-ktor3-jvm/3.3.0/70b76d7093cce8124a2b2e665ac281992755376e/coil-network-ktor3-jvm-3.3.0.jar:/Users/mattias800/.gradle/caches/modules-2/files-2.1/io.ktor/ktor-client-cio-jvm/3.4.0/84786f75d08fe5042f17c246380eb8381d125a6b/ktor-client-cio-jvm-3.4.0.jar:/Users/mattias800/.gradle/caches/modules-2/files-2.1/io.ktor/ktor-client-core-jvm/3.4.0/1f017fc4dcf7e3ff5152a28923b7639a9ba82123/ktor-client-core-jvm-3.4.0.jar:/Users/mattias800/.gradle/caches/modules-2/files-2.1/io.ktor/ktor-serialization-kotlinx-json-jvm/3.4.0/2a09f17d70b6e61623fd8aff9bdce6d7877892/ktor-serialization-kotlinx-json-jvm-3.4.0.jar:/Users/mattias800/.gradle/caches/modules-2/files-2.1/app.cash.sqldelight/coroutines-extensions-jvm/2.2.1/57db01cca75db01f64c58fb1db3aad67b1a52708/sqldelight-coroutines-extensions-jvm-2.2.1.jar:/Users/mattias800/.gradle/caches/modules-2/files-2.1/org.jetbrains.skiko/skiko-awt-runtime-macos-arm64/0.9.37.4/a21a251e5695f2b8da63842e9e8a5ecb2f219dce/skiko-awt-runtime-macos-arm64-0.9.37.4.jar:/Users/mattias800/.gradle/caches/modules-2/files-2.1/org.jetbrains.compose.ui/ui-text-desktop/1.10.1/7babd6e2dea601e74bed24b4017350e1acf4569c/ui-text-desktop-1.10.1.jar:/Users/mattias800/.gradle/caches/modules-2/files-2.1/org.jetbrains.compose.ui/ui-graphics-desktop/1.10.1/c0b9e89e8f5ac5b0253d32d8da2758643ca1e19b/ui-graphics-desktop-1.10.1.jar:/Users/mattias800/.gradle/caches/modules-2/files-2.1/io.coil-kt.coil3/coil-jvm/3.3.0/246e1bf044d5f858315c517f7f770f6dc0516195/coil-jvm-3.3.0.jar:/Users/mattias800/.gradle/caches/modules-2/files-2.1/io.coil-kt.coil3/coil-network-core-jvm/3.3.0/c50c4cf1424afcc90532ed8064bcaa14d88d0ea8/coil-network-core-jvm-3.3.0.jar:/Users/mattias800/.gradle/caches/modules-2/files-2.1/io.coil-kt.coil3/coil-core-jvm/3.3.0/70ff6cf3312784cddfe695b2e2f62aec53778b38/coil-core-jvm-3.3.0.jar:/Users/mattias800/.gradle/caches/modules-2/files-2.1/org.jetbrains.skiko/skiko-awt/0.9.37.4/fc7470cca1041a52b182a921205c5c224e7709ad/skiko-awt-0.9.37.4.jar:/Users/mattias800/.gradle/caches/modules-2/files-2.1/org.jetbrains.kotlinx/kotlinx-coroutines-slf4j/1.10.2/1271f9d4a929150bb87ab8d1dc1e86d4bcf039f3/kotlinx-coroutines-slf4j-1.10.2.jar:/Users/mattias800/.gradle/caches/modules-2/files-2.1/io.insert-koin/koin-compose-jvm/4.0.0/cf45eee3ae6e58e04a6771a8c04a8937395f8ea0/koin-compose-jvm-4.0.0.jar:/Users/mattias800/.gradle/caches/modules-2/files-2.1/org.jetbrains.compose.ui/ui-backhandler-desktop/1.10.1/ed725f86a0fdff73fb37561ffb606166725e4b6f/ui-backhandler-desktop-1.10.1.jar:/Users/mattias800/.gradle/caches/modules-2/files-2.1/androidx.navigationevent/navigationevent-desktop/1.0.2/ddb1e7fe97ed51c3d35bba493f97fcf12398719/navigationevent-desktop-1.0.2.jar:/Users/mattias800/.gradle/caches/modules-2/files-2.1/androidx.compose.runtime/runtime-annotation-jvm/1.10.2/ea491da34ba40ae9bd340c393566753ddfd95a76/runtime-annotation-jvm-1.10.2.jar:/Users/mattias800/.gradle/caches/modules-2/files-2.1/androidx.compose.runtime/runtime-retain-desktop/1.10.2/879812e3cd2c6151f5d91f515a35952b1be07a76/runtime-retain-desktop-1.10.2.jar:/Users/mattias800/.gradle/caches/modules-2/files-2.1/androidx.compose.runtime/runtime-saveable-desktop/1.10.2/f6903c683c07ba479659ba4eb55bc7c80a7c433e/runtime-saveable-desktop-1.10.2.jar:/Users/mattias800/.gradle/caches/modules-2/files-2.1/org.jetbrains.compose.runtime/runtime-saveable-desktop/1.10.1/9b0e2a8ce3ae7d2b1a40307bc9271933b238cfd4/runtime-saveable-desktop-1.10.1.jar:/Users/mattias800/.gradle/caches/modules-2/files-2.1/org.jetbrains.androidx.lifecycle/lifecycle-runtime-compose-desktop/2.9.6/7b6b6793f3c4c5996b20d1d99cf728e5fac00364/lifecycle-runtime-compose-desktop-2.9.6.jar:/Users/mattias800/.gradle/caches/modules-2/files-2.1/org.jetbrains.compose.ui/ui-unit-desktop/1.10.1/aeeb2f31358ab5abf0bafa0828de2faba7189db5/ui-unit-desktop-1.10.1.jar:/Users/mattias800/.gradle/caches/modules-2/files-2.1/org.jetbrains.compose.ui/ui-geometry-desktop/1.10.1/779ddaadbc03720f7bb2507f6ed6dc4ffc9e7f3e/ui-geometry-desktop-1.10.1.jar:/Users/mattias800/.gradle/caches/modules-2/files-2.1/org.jetbrains.compose.ui/ui-tooling-preview-desktop/1.10.1/6d464d6c6d654d45aecdfaff7a08d64af62217e2/ui-tooling-preview-desktop-1.10.1.jar:/Users/mattias800/.gradle/caches/modules-2/files-2.1/org.jetbrains.androidx.savedstate/savedstate-compose-desktop/1.3.6/63692375ffe667f12cb3ea8aa1e605d659ed2add/savedstate-compose-desktop-1.3.6.jar:/Users/mattias800/.gradle/caches/modules-2/files-2.1/org.jetbrains.compose.runtime/runtime-desktop/1.10.1/edbd39fc9691f4ba1e29c6690341148db4272752/runtime-desktop-1.10.1.jar:/Users/mattias800/.gradle/caches/modules-2/files-2.1/androidx.lifecycle/lifecycle-viewmodel-savedstate-desktop/2.9.4/72a1919b08c5a4da224d8a65ce1589aa69934e8a/lifecycle-viewmodel-savedstate-desktop-2.9.4.jar:/Users/mattias800/.gradle/caches/modules-2/files-2.1/androidx.lifecycle/lifecycle-viewmodel-desktop/2.9.4/93fee6d78f0df0e38f36e0fa2eff74f8da6d5481/lifecycle-viewmodel-desktop-2.9.4.jar:/Users/mattias800/.gradle/caches/modules-2/files-2.1/androidx.lifecycle/lifecycle-runtime-desktop/2.9.4/1cc820319ec0139e76b8a2fe4be0b356b4e624c4/lifecycle-runtime-desktop-2.9.4.jar:/Users/mattias800/.gradle/caches/modules-2/files-2.1/androidx.savedstate/savedstate-compose-desktop/1.3.3/cd60b543d5722a8b5e6cea1e4ccdec8b4375a22b/savedstate-compose-desktop-1.3.3.jar:/Users/mattias800/.gradle/caches/modules-2/files-2.1/androidx.savedstate/savedstate-desktop/1.3.3/1c5bfc3fb56614538528060a06f2c03e34fa5188/savedstate-desktop-1.3.3.jar:/Users/mattias800/.gradle/caches/modules-2/files-2.1/androidx.lifecycle/lifecycle-common-jvm/2.9.4/ab739bccdb3541983385af169565c7c035d897e7/lifecycle-common-jvm-2.9.4.jar:/Users/mattias800/.gradle/caches/modules-2/files-2.1/androidx.lifecycle/lifecycle-runtime-compose-desktop/2.9.4/86a4ffec845d4e488078118a0b5095bd1fabcafe/lifecycle-runtime-compose-desktop-2.9.4.jar:/Users/mattias800/.gradle/caches/modules-2/files-2.1/androidx.compose.runtime/runtime-desktop/1.10.2/b1705e2087f06395622b784aa88e2e738043459/runtime-desktop-1.10.2.jar:/Users/mattias800/.gradle/caches/modules-2/files-2.1/io.ktor/ktor-http-cio-jvm/3.4.0/2c1f50d77b7d825175acf56f6cb494fc1145e23e/ktor-http-cio-jvm-3.4.0.jar:/Users/mattias800/.gradle/caches/modules-2/files-2.1/io.ktor/ktor-websocket-serialization-jvm/3.4.0/20093fc55064238930e96c8dd12a2d96af6ff81d/ktor-websocket-serialization-jvm-3.4.0.jar:/Users/mattias800/.gradle/caches/modules-2/files-2.1/io.ktor/ktor-serialization-kotlinx-jvm/3.4.0/d001db47b2ebe8ad8b2cb1bb2a687688840f5887/ktor-serialization-kotlinx-jvm-3.4.0.jar:/Users/mattias800/.gradle/caches/modules-2/files-2.1/io.ktor/ktor-serialization-jvm/3.4.0/406af3e14bc41086ac933c02c67bd7ee762cfb4b/ktor-serialization-jvm-3.4.0.jar:/Users/mattias800/.gradle/caches/modules-2/files-2.1/io.ktor/ktor-websockets-jvm/3.4.0/5c8a9438372c7de912cf6da0e275ec17056d6451/ktor-websockets-jvm-3.4.0.jar:/Users/mattias800/.gradle/caches/modules-2/files-2.1/io.ktor/ktor-network-tls-jvm/3.4.0/10bb3d46d3fba6ccfc27f03fbeec029a756358b1/ktor-network-tls-jvm-3.4.0.jar:/Users/mattias800/.gradle/caches/modules-2/files-2.1/io.ktor/ktor-http-jvm/3.4.0/81e4323a06aa6751f59ffe6e35e61277af17fdb5/ktor-http-jvm-3.4.0.jar:/Users/mattias800/.gradle/caches/modules-2/files-2.1/io.ktor/ktor-events-jvm/3.4.0/d6e6800119bf169c0559eeaf49477757e50a736/ktor-events-jvm-3.4.0.jar:/Users/mattias800/.gradle/caches/modules-2/files-2.1/io.ktor/ktor-sse-jvm/3.4.0/3b4493bfb71b536fc0c055d645ceb1a44b318637/ktor-sse-jvm-3.4.0.jar:/Users/mattias800/.gradle/caches/modules-2/files-2.1/app.cash.sqldelight/async-extensions-jvm/2.2.1/1caa5e80a3f9587d9521bb5786d8004169abb659/sqldelight-async-extensions-jvm-2.2.1.jar:/Users/mattias800/.gradle/caches/modules-2/files-2.1/io.ktor/ktor-network-jvm/3.4.0/8d6179be0155e1d34f844a8317b7f1950772a372/ktor-network-jvm-3.4.0.jar:/Users/mattias800/.gradle/caches/modules-2/files-2.1/io.ktor/ktor-utils-jvm/3.4.0/ce54b074feee2cc3cdac2ba93420f18adc71061d/ktor-utils-jvm-3.4.0.jar:/Users/mattias800/.gradle/caches/modules-2/files-2.1/io.ktor/ktor-io-jvm/3.4.0/16e3233d00797f77f2b918a65d40479c28dc2bde/ktor-io-jvm-3.4.0.jar:/Users/mattias800/.gradle/caches/modules-2/files-2.1/org.jetbrains.kotlinx/kotlinx-coroutines-core-jvm/1.10.2/4a9f78ef49483748e2c129f3d124b8fa249dafbf/kotlinx-coroutines-core-jvm-1.10.2.jar:/Users/mattias800/.gradle/caches/modules-2/files-2.1/org.jetbrains.kotlinx/kotlinx-coroutines-swing/1.10.2/ccb5a2e7c83fa76da0ba4677f05678d3bd3eed57/kotlinx-coroutines-swing-1.10.2.jar:/Users/mattias800/.gradle/caches/modules-2/files-2.1/app.cash.sqldelight/sqlite-driver/2.2.1/14c7c61ee75309171122d51489aa0bae72e3d28f/sqlite-driver-2.2.1.jar:/Users/mattias800/.gradle/caches/modules-2/files-2.1/io.insert-koin/koin-core-jvm/4.0.0/6a66dcf3885c4783432e98845b10f0b5e48ef5b1/koin-core-jvm-4.0.0.jar:/Users/mattias800/.gradle/caches/modules-2/files-2.1/app.cash.sqldelight/jdbc-driver/2.2.1/bd1eec7b45a148d571ecb1d4db97ca5c259a9a9c/jdbc-driver-2.2.1.jar:/Users/mattias800/.gradle/caches/modules-2/files-2.1/app.cash.sqldelight/runtime-jvm/2.2.1/db9095b526694836a06428c2ef14b0562b8a7028/runtime-jvm-2.2.1.jar:/Users/mattias800/.gradle/caches/modules-2/files-2.1/org.jetbrains.kotlinx/kotlinx-serialization-json-io-jvm/1.10.0/50ca77d6d3986562a140275d6c8b07086af55f83/kotlinx-serialization-json-io-jvm-1.10.0.jar:/Users/mattias800/.gradle/caches/modules-2/files-2.1/org.jetbrains.kotlinx/kotlinx-serialization-core-jvm/1.10.0/9400c03c056953bbbf30e861e63735c90e9eb320/kotlinx-serialization-core-jvm-1.10.0.jar:/Users/mattias800/.gradle/caches/modules-2/files-2.1/org.jetbrains.kotlinx/kotlinx-serialization-json-jvm/1.10.0/a74d7819e02bad98af4d6b56c4f45aa6d31ef4ad/kotlinx-serialization-json-jvm-1.10.0.jar:/Users/mattias800/.gradle/caches/modules-2/files-2.1/org.jetbrains.kotlinx/kotlinx-datetime-jvm/0.7.1/81c2e0246bd28cc2dcbdf0ab53628322e66a9de9/kotlinx-datetime-jvm-0.7.1.jar:/Users/mattias800/.gradle/caches/modules-2/files-2.1/org.jetbrains.kotlin/kotlin-stdlib-jdk8/2.2.20/57c4d839a6e5ad105d61ffc5cc0bf4de649c1714/kotlin-stdlib-jdk8-2.2.20.jar:/Users/mattias800/.gradle/caches/modules-2/files-2.1/co.touchlab/stately-concurrent-collections-jvm/2.1.0/5c03b644537d7926a8f77e5735a8bebb55dafdcd/stately-concurrent-collections-jvm-2.1.0.jar:/Users/mattias800/.gradle/caches/modules-2/files-2.1/co.touchlab/stately-concurrency-jvm/2.1.0/6285428408c4d7e4a6d9a09511de877103effd81/stately-concurrency-jvm-2.1.0.jar:/Users/mattias800/.gradle/caches/modules-2/files-2.1/org.jetbrains.compose.ui/ui-util-desktop/1.10.1/fe41825dccacb792ded7df579736a0ed919ee270/ui-util-desktop-1.10.1.jar:/Users/mattias800/.gradle/caches/modules-2/files-2.1/org.jetbrains.kotlinx/atomicfu-jvm/0.23.2/a4601dc42dceb031a586058e8356ff778a57dea0/atomicfu-jvm-0.23.2.jar:/Users/mattias800/.gradle/caches/modules-2/files-2.1/org.jetbrains.kotlin/kotlin-stdlib-jdk7/2.2.20/bdbe3b5d872fa3b74d8fcd4e7ca3193f4abc9cc8/kotlin-stdlib-jdk7-2.2.20.jar:/Users/mattias800/.gradle/caches/modules-2/files-2.1/androidx.collection/collection-jvm/1.5.0/7ba2c69414d46ebc2dd76598bdd0a75c54281a57/collection-jvm-1.5.0.jar:/Users/mattias800/.gradle/caches/modules-2/files-2.1/androidx.arch.core/core-common/2.2.0/5e1b8b81dfd5f52c56a8d53b18ca759c19a301f3/core-common-2.2.0.jar:/Users/mattias800/.gradle/caches/modules-2/files-2.1/androidx.annotation/annotation-jvm/1.9.1/b17951747e38bf3986a24431b9ba0d039958aa5f/annotation-jvm-1.9.1.jar:/Users/mattias800/.gradle/caches/modules-2/files-2.1/co.touchlab/stately-strict-jvm/2.1.0/3ae8369209065455f4630793bf6aca0fb88c8b6b/stately-strict-jvm-2.1.0.jar:/Users/mattias800/.gradle/caches/modules-2/files-2.1/com.squareup.okio/okio-jvm/3.15.0/cb3c285187640f543150fcac1ae012bdd778c0e1/okio-jvm-3.15.0.jar:/Users/mattias800/.gradle/caches/modules-2/files-2.1/org.jetbrains.kotlinx/kotlinx-io-core-jvm/0.8.2/358a9f2ba2dc81c5dc84c3d1853f6e5efba63be1/kotlinx-io-core-jvm-0.8.2.jar:/Users/mattias800/.gradle/caches/modules-2/files-2.1/org.jetbrains.kotlinx/kotlinx-io-bytestring-jvm/0.8.2/89c5399596250e71f2bba6d2415972a078a525c7/kotlinx-io-bytestring-jvm-0.8.2.jar:/Users/mattias800/.gradle/caches/modules-2/files-2.1/org.jetbrains.kotlin/kotlin-stdlib/2.3.10/8b80e2f80a3b7daa99c16017f91d4c72cd8b31a6/kotlin-stdlib-2.3.10.jar:/Users/mattias800/.gradle/caches/modules-2/files-2.1/org.jetbrains/annotations/23.0.0/8cc20c07506ec18e0834947b84a864bfc094484e/annotations-23.0.0.jar:/Users/mattias800/.gradle/caches/modules-2/files-2.1/org.xerial/sqlite-jdbc/3.51.0.0/17c4e0d41dd482d6f35547f4235d55e72b7cf0f1/sqlite-jdbc-3.51.0.0.jar:/Users/mattias800/.gradle/caches/modules-2/files-2.1/org.slf4j/slf4j-api/2.0.17/d9e58ac9c7779ba3bf8142aff6c830617a7fe60f/slf4j-api-2.0.17.jar:/Users/mattias800/.gradle/caches/modules-2/files-2.1/org.jetbrains.runtime/jbr-api/1.5.0/4158e485a7a4ecfd521e03095d81e0225529e8d2/jbr-api-1.5.0.jar:/Users/mattias800/.gradle/caches/modules-2/files-2.1/org.jspecify/jspecify/1.0.0/7425a601c1c7ec76645a78d22b8c6a627edee507/jspecify-1.0.0.jar
Launcher Type: SUN_STANDARD

[Global flags]
     intx CICompilerCount                          = 4                                         {product} {ergonomic}
     uint ConcGCThreads                            = 2                                         {product} {ergonomic}
     uint G1ConcRefinementThreads                  = 8                                         {product} {ergonomic}
   size_t G1HeapRegionSize                         = 4194304                                   {product} {ergonomic}
    uintx GCDrainStackTargetSize                   = 64                                        {product} {ergonomic}
   size_t InitialHeapSize                          = 402653184                                 {product} {ergonomic}
   size_t MarkStackSize                            = 4194304                                   {product} {ergonomic}
   size_t MaxHeapSize                              = 6442450944                                {product} {ergonomic}
   size_t MaxNewSize                               = 3862953984                                {product} {ergonomic}
   size_t MinHeapDeltaBytes                        = 4194304                                   {product} {ergonomic}
   size_t MinHeapSize                              = 8388608                                   {product} {ergonomic}
    uintx NonNMethodCodeHeapSize                   = 5839564                                {pd product} {ergonomic}
    uintx NonProfiledCodeHeapSize                  = 122909338                              {pd product} {ergonomic}
    uintx ProfiledCodeHeapSize                     = 122909338                              {pd product} {ergonomic}
    uintx ReservedCodeCacheSize                    = 251658240                              {pd product} {ergonomic}
     bool SegmentedCodeCache                       = true                                      {product} {ergonomic}
   size_t SoftMaxHeapSize                          = 6442450944                             {manageable} {ergonomic}
     bool UseCompressedOops                        = true                           {product lp64_product} {ergonomic}
     bool UseG1GC                                  = true                                      {product} {ergonomic}
     bool UseNUMA                                  = false                                     {product} {ergonomic}
     bool UseNUMAInterleaving                      = false                                     {product} {ergonomic}

Logging:
Log output configuration:
 #0: stdout all=warning uptime,level,tags foldmultilines=false
 #1: stderr all=off uptime,level,tags foldmultilines=false

Release file:
IMPLEMENTOR="Microsoft"
IMPLEMENTOR_VERSION="Microsoft-13106411"
JAVA_RUNTIME_VERSION="21.0.10+7-LTS"
JAVA_VERSION="21.0.10"
JAVA_VERSION_DATE="2026-01-20"
LIBC="default"
MODULES="java.base java.compiler java.datatransfer java.xml java.prefs java.desktop java.instrument java.logging java.management java.security.sasl java.naming java.rmi java.management.rmi java.net.http java.scripting java.security.jgss java.transaction.xa java.sql java.sql.rowset java.xml.crypto java.se java.smartcardio jdk.accessibility jdk.internal.jvmstat jdk.attach jdk.charsets jdk.internal.opt jdk.zipfs jdk.compiler jdk.crypto.ec jdk.crypto.cryptoki jdk.dynalink jdk.internal.ed jdk.editpad jdk.hotspot.agent jdk.httpserver jdk.incubator.vector jdk.internal.le jdk.internal.vm.ci jdk.internal.vm.compiler jdk.internal.vm.compiler.management jdk.jartool jdk.javadoc jdk.jcmd jdk.management jdk.management.agent jdk.jconsole jdk.jdeps jdk.jdwp.agent jdk.jdi jdk.jfr jdk.jlink jdk.jpackage jdk.jshell jdk.jsobject jdk.jstatd jdk.localedata jdk.management.jfr jdk.naming.dns jdk.naming.rmi jdk.net jdk.nio.mapmode jdk.random jdk.sctp jdk.security.auth jdk.security.jgss jdk.unsupported jdk.unsupported.desktop jdk.xml.dom"
OS_ARCH="aarch64"
OS_NAME="Darwin"
SOURCE=".:git:e69b6ef7382e"

Environment Variables:
PATH=/Users/mattias800/.antigravity/antigravity/bin:/Users/mattias800/.local/bin:/Users/mattias800/.mzsh/bin:/Users/mattias800/.bun/bin:/Users/mattias800/Library/pnpm:/opt/homebrew/bin:/opt/homebrew/sbin:/usr/local/bin:/System/Cryptexes/App/usr/bin:/usr/bin:/bin:/usr/sbin:/sbin:/var/run/com.apple.security.cryptexd/codex.system/bootstrap/usr/local/bin:/var/run/com.apple.security.cryptexd/codex.system/bootstrap/usr/bin:/var/run/com.apple.security.cryptexd/codex.system/bootstrap/usr/appleinternal/bin:/opt/pmk/env/global/bin:/Library/Apple/usr/bin:/usr/local/share/dotnet:~/.dotnet/tools:/Users/mattias800/Library/Application Support/JetBrains/Toolbox/scripts:/Users/mattias800/.lmstudio/bin:/Users/mattias800/.maestro/bin:/Users/mattias800/.maestro/bin:/Applications/Warp.app/Contents/Resources/bin
SHELL=/bin/zsh
LANG=C.UTF-8
LC_CTYPE=UTF-8
TERM=xterm-256color
TMPDIR=/var/folders/00/y_pwwndd1hj9rnmh0xwj36v80000gn/T/

Active Locale:
LC_ALL=C.UTF-8/UTF-8/C.UTF-8/C.UTF-8/C.UTF-8/C.UTF-8
LC_COLLATE=C.UTF-8
LC_CTYPE=UTF-8
LC_MESSAGES=C.UTF-8
LC_MONETARY=C.UTF-8
LC_NUMERIC=C.UTF-8
LC_TIME=C.UTF-8

Signal Handlers:
   SIGSEGV: crash_handler in libjvm.dylib, mask=11100110000111110111111111111111, flags=SA_ONSTACK|SA_RESTART|SA_SIGINFO, unblocked
    SIGBUS: crash_handler in libjvm.dylib, mask=11100110000111110111111111111111, flags=SA_RESTART|SA_SIGINFO, unblocked
    SIGFPE: crash_handler in libjvm.dylib, mask=11100110000111110111111111111111, flags=SA_RESTART|SA_SIGINFO, unblocked
   SIGPIPE: javaSignalHandler in libjvm.dylib, mask=11100110000111110111111111111111, flags=SA_RESTART|SA_SIGINFO, blocked
   SIGXFSZ: javaSignalHandler in libjvm.dylib, mask=11100110000111110111111111111111, flags=SA_RESTART|SA_SIGINFO, blocked
    SIGILL: crash_handler in libjvm.dylib, mask=11100110000111110111111111111111, flags=SA_RESTART|SA_SIGINFO, unblocked
   SIGUSR2: SR_handler in libjvm.dylib, mask=00000000000000000000000000000000, flags=SA_RESTART|SA_SIGINFO, blocked
    SIGHUP: UserHandler in libjvm.dylib, mask=11100110000111110111111111111111, flags=SA_RESTART|SA_SIGINFO, blocked
    SIGINT: UserHandler in libjvm.dylib, mask=11100110000111110111111111111111, flags=SA_RESTART|SA_SIGINFO, blocked
   SIGTERM: UserHandler in libjvm.dylib, mask=11100110000111110111111111111111, flags=SA_RESTART|SA_SIGINFO, blocked
   SIGQUIT: UserHandler in libjvm.dylib, mask=11100110000111110111111111111111, flags=SA_RESTART|SA_SIGINFO, blocked
   SIGTRAP: crash_handler in libjvm.dylib, mask=11100110000111110111111111111111, flags=SA_RESTART|SA_SIGINFO, unblocked


Periodic native trim disabled

---------------  S Y S T E M  ---------------

OS:
uname: Darwin 25.2.0 Darwin Kernel Version 25.2.0: Tue Nov 18 21:09:34 PST 2025; root:xnu-12377.61.12~1/RELEASE_ARM64_T8112 arm64
OS uptime: 2 days 14:32 hours
rlimit (soft/hard): STACK 8176k/65520k , CORE 0k/infinity , NPROC 4000/6000 , NOFILE 1048576/infinity , AS infinity/infinity , CPU infinity/infinity , DATA infinity/infinity , FSIZE infinity/infinity , MEMLOCK infinity/infinity , RSS infinity/infinity
load average: 4.78 4.17 4.79

CPU: total 8 (initial active 8) 0x61:0x0:0xda33d83d:0, fp, asimd, aes, pmull, sha1, sha256, crc32, lse, sha3, sha512
machdep.cpu.brand_string:Apple M2
hw.cachelinesize:128
hw.l1icachesize:131072
hw.l1dcachesize:65536
hw.l2cachesize:4194304

Memory: 16k page, physical 25165824k(77664k free), swap 10485760k(1531648k free)

vm_info: OpenJDK 64-Bit Server VM (21.0.10+7-LTS) for bsd-aarch64 JRE (21.0.10+7-LTS), built on 2026-01-15T18:35:20Z by "MicrosoftCorporation" with clang Apple LLVM 15.0.0 (clang-1500.1.0.2.5)

END.
