#
# A fatal error has been detected by the Java Runtime Environment:
#
#  SIGSEGV (0xb) at pc=0x000000023ff44b14, pid=90113, tid=19715
#
# JRE version: OpenJDK Runtime Environment Microsoft-13106411 (21.0.10+7) (build 21.0.10+7-LTS)
# Java VM: OpenJDK 64-Bit Server VM Microsoft-13106411 (21.0.10+7-LTS, mixed mode, sharing, tiered, compressed oops, compressed class ptrs, g1 gc, bsd-aarch64)
# Problematic frame:
# C  [libGL.dylib+0xb14]  glDeleteTextures+0x10
#
# No core dump will be written. Core dumps have been disabled. To enable core dumping, try "ulimit -c unlimited" before starting Java again
#
# If you would like to submit a bug report, please visit:
#   https://github.com/microsoft/openjdk/issues
#

---------------  S U M M A R Y ------------

Command Line: -Dcompose.application.configure.swing.globals=true -Dcompose.application.resources.dir=/Users/mattias800/repos/spela/player/desktop/build/compose/tmp/prepareAppResources -Djava.library.path=/Users/mattias800/repos/spela/player/desktop/build/native -Dfile.encoding=UTF-8 -Duser.country=US -Duser.language=en -Duser.variant com.spela.player.desktop.MainKt

Host: "Mac14,2" arm64, 8 cores, 24G, Darwin 25.2.0, macOS 26.2 (25C56)
Time: Sat Feb 28 15:15:54 2026 CET elapsed time: 73.822387 seconds (0d 0h 1m 13s)

---------------  T H R E A D  ---------------

Current thread (0x0000000a65895400):  VMThread "VM Thread"          [id=19715, stack(0x0000000170118000,0x000000017031b000) (2060K)]

Stack: [0x0000000170118000,0x000000017031b000],  sp=0x000000017031a7d0,  free space=2057k
Native frames: (J=compiled Java code, j=interpreted, Vv=VM code, C=native code)
C  [libGL.dylib+0xb14]  glDeleteTextures+0x10
C  [libsystem_c.dylib+0x281ec]  exit+0x2c
V  [libjvm.dylib+0x828394]  os::_exit(int)+0x0
V  [libjvm.dylib+0x4b01c0]  notify_vm_shutdown()+0x0
V  [libjvm.dylib+0xa7a4c0]  VM_Exit::doit()+0x168
V  [libjvm.dylib+0xa797fc]  VM_Operation::evaluate()+0xe4
V  [libjvm.dylib+0xa869e0]  VMThread::evaluate_operation(VM_Operation*)+0xfc
V  [libjvm.dylib+0xa87200]  VMThread::inner_execute(VM_Operation*)+0x28c
V  [libjvm.dylib+0xa8669c]  VMThread::run()+0xcc
V  [libjvm.dylib+0x9ff190]  Thread::call_run()+0xc8
V  [libjvm.dylib+0x821ab8]  thread_native_entry(Thread*)+0x118
C  [libsystem_pthread.dylib+0x6c08]  _pthread_start+0x88

siginfo: si_signo: 11 (SIGSEGV), si_code: 2 (SEGV_ACCERR), si_addr: 0x00000000000001e0

Registers:
 x0=0x0000000000000001  x1=0x0000000000000001  x2=0x0000000a62298898  x3=0x0000000000000001
 x4=0x0000000a65060080  x5=0x0000000000000000  x6=0xffffffffbfc007ff  x7=0xfffff0003ffff800
 x8=0x0000000000000000  x9=0x00000007292d8ba8 x10=0x0000000000000002 x11=0x0000010000000000
x12=0x00000000fffffffd x13=0x0000000000000000 x14=0x0000000000000000 x15=0x0000000000000000
x16=0x0000000000000000 x17=0x0000000000000002 x18=0x0000000000000000 x19=0x0000000a62298870
x20=0x0000000208b66da0 x21=0x0000000a699e4670 x22=0x0000000a699e4500 x23=0x0000000000000000
x24=0x0000000000000002 x25=0x0000000208b68000 x26=0x000000000000000c x27=0x0000000a699e4510
x28=0x000000000000000b  fp=0x000000017031a8d0  lr=0x0000000151473924  sp=0x000000017031a7d0
pc=0x000000023ff44b14 cpsr=0x0000000080001000

Register to memory mapping:

x0 =0x0000000000000001 is an unknown value
x1 =0x0000000000000001 is an unknown value
x2 =0x0000000a62298898 points into unknown readable memory: 0x000000000000000a | 0a 00 00 00 00 00 00 00
x3 =0x0000000000000001 is an unknown value
x4 =0x0000000a65060080 points into unknown readable memory: 0x080001006001c121 | 21 c1 01 60 00 01 00 08
x5 =0x0 is null
x6 =0xffffffffbfc007ff is an unknown value
x7 =0xfffff0003ffff800 is an unknown value
x8 =0x0 is null
x9 =0x00000007292d8ba8 points into unknown readable memory: 0x0000000000000000 | 00 00 00 00 00 00 00 00
x10=0x0000000000000002 is an unknown value
x11=0x0000010000000000 is an unknown value
x12=0x00000000fffffffd is an unknown value
x13=0x0 is null
x14=0x0 is null
x15=0x0 is null
x16=0x0 is null
x17=0x0000000000000002 is an unknown value
x18=0x0 is null
x19=0x0000000a62298870 points into unknown readable memory: 0x0000000151d65670 | 70 56 d6 51 01 00 00 00
x20=0x0000000208b66da0: atexit_mutex+0 in /usr/lib/system/libsystem_c.dylib at 0x000000019bac9000
x21=0x0000000a699e4670 points into unknown readable memory: 0x0000000000000000 | 00 00 00 00 00 00 00 00
x22=0x0000000a699e4500 points into unknown readable memory: 0x0000000a699e4000 | 00 40 9e 69 0a 00 00 00
x23=0x0 is null
x24=0x0000000000000002 is an unknown value
x25=0x0000000208b68000: usual_extra+0x9c8 in /usr/lib/system/libsystem_c.dylib at 0x000000019bac9000
x26=0x000000000000000c is an unknown value
x27=0x0000000a699e4510 points into unknown readable memory: 0x0000000000000002 | 02 00 00 00 00 00 00 00
x28=0x000000000000000b is an unknown value
 fp=0x000000017031a8d0 points into unknown readable memory: 0x000000017031a8f0 | f0 a8 31 70 01 00 00 00
 lr=0x0000000151473924: _ZN3OGL10OGLTextureD0Ev+0x38 in /Users/mattias800/Library/Application Support/Spela/cores/dolphin_libretro.dylib at 0x00000001511ac000
 sp=0x000000017031a7d0 points into unknown readable memory: 0x0000000208b66da0 | a0 6d b6 08 02 00 00 00

Top of Stack: (sp=0x000000017031a7d0)
0x000000017031a7d0:   0000000208b66da0 00000007292d87e0
0x000000017031a7e0:   000000017031a8d0 00000001513d389c
0x000000017031a7f0:   0000000a699e4500 0000000a699e4670
0x000000017031a800:   0000000208b66da0 0000000729000000
0x000000017031a810:   000000017031a8d0 00000001513d36a4
0x000000017031a820:   0000000a699e4500 0000000a699e4670
0x000000017031a830:   0000000208b66da0 0000000151d891a0
0x000000017031a840:   000000017031a8d0 00000001513d24d0
0x000000017031a850:   0000000208b66da0 0000000000000000
0x000000017031a860:   000000017031a8d0 000000019baf142c
0x000000017031a870:   00000001075b9378 0000000000000008
0x000000017031a880:   0000000107633000 00000001075b93b0
0x000000017031a890:   00000001075b9378 0000000107633540
0x000000017031a8a0:   0000000107651820 0000000a65895010
0x000000017031a8b0:   000000016f22ee88 00000000000003d8
0x000000017031a8c0:   0000000a65895400 0000000000000000
0x000000017031a8d0:   000000017031a8f0 000000019baf11ec
0x000000017031a8e0:   0000000a65895400 0000000000000000
0x000000017031a8f0:   000000017031a900 0000000107138394
0x000000017031a900:   000000017031a920 0000000106dc01c0
0x000000017031a910:   0000000a65895400 000000016f22ee88
0x000000017031a920:   000000017031a990 000000010738a4c0
0x000000017031a930:   0000000107000000 0000000000000000
0x000000017031a940:   0000000a65895400 0000000a60505f00
0x000000017031a950:   00000001076b0100 0000000000000000
0x000000017031a960:   000000000000005a 0000000107659000
0x000000017031a970:   000000010000002a ff4b35934df800c2
0x000000017031a980:   0000000a65895000 0000000a658366d0
0x000000017031a990:   000000017031aaa0 00000001073897fc
0x000000017031a9a0:   0000000a658953e8 0000000000000000
0x000000017031a9b0:   0000000a64c8b380 000000017031a9f0
0x000000017031a9c0:   000000017031aa60 00000001071bed2c 

Instructions: (pc=0x000000023ff44b14)
0x000000023ff44a14:   e5 03 04 aa e4 03 03 aa e3 03 02 aa e2 03 01 aa
0x000000023ff44a24:   e1 03 00 aa 69 d0 3b d5 29 79 40 f9 2a dd 40 f9
0x000000023ff44a34:   20 01 40 f9 e7 03 00 b9 e7 03 08 aa 5f 09 3f d6
0x000000023ff44a44:   fd 7b 41 a9 ff 83 00 91 ff 0f 5f d6 e6 03 05 aa
0x000000023ff44a54:   e5 03 04 aa e4 03 03 aa e3 03 02 aa e2 03 01 aa
0x000000023ff44a64:   e1 03 00 aa 68 d0 3b d5 08 79 40 f9 07 e1 40 f9
0x000000023ff44a74:   00 01 40 f9 ff 08 1f d6 7f 23 03 d5 ff 83 00 d1
0x000000023ff44a84:   fd 7b 01 a9 fd 43 00 91 e8 03 06 aa e6 03 05 aa
0x000000023ff44a94:   e5 03 04 aa e4 03 03 aa e3 03 02 aa e2 03 01 aa
0x000000023ff44aa4:   e1 03 00 aa 69 d0 3b d5 29 79 40 f9 2a e5 40 f9
0x000000023ff44ab4:   20 01 40 f9 e7 03 00 b9 e7 03 08 aa 5f 09 3f d6
0x000000023ff44ac4:   fd 7b 41 a9 ff 83 00 91 ff 0f 5f d6 e1 03 00 aa
0x000000023ff44ad4:   68 d0 3b d5 08 79 40 f9 02 e9 40 f9 00 01 40 f9
0x000000023ff44ae4:   5f 08 1f d6 e2 03 01 aa e1 03 00 aa 68 d0 3b d5
0x000000023ff44af4:   08 79 40 f9 03 ed 40 f9 00 01 40 f9 7f 08 1f d6
0x000000023ff44b04:   e2 03 01 aa e1 03 00 aa 68 d0 3b d5 08 79 40 f9
0x000000023ff44b14:   03 f1 40 f9 00 01 40 f9 7f 08 1f d6 e1 03 00 aa
0x000000023ff44b24:   68 d0 3b d5 08 79 40 f9 02 f5 40 f9 00 01 40 f9
0x000000023ff44b34:   5f 08 1f d6 e1 03 00 aa 68 d0 3b d5 08 79 40 f9
0x000000023ff44b44:   02 f9 40 f9 00 01 40 f9 5f 08 1f d6 68 d0 3b d5
0x000000023ff44b54:   08 79 40 f9 01 fd 40 f9 00 01 40 f9 3f 08 1f d6
0x000000023ff44b64:   e1 03 00 aa 68 d0 3b d5 08 79 40 f9 02 01 41 f9
0x000000023ff44b74:   00 01 40 f9 5f 08 1f d6 e1 03 00 aa 68 d0 3b d5
0x000000023ff44b84:   08 79 40 f9 02 05 41 f9 00 01 40 f9 5f 08 1f d6
0x000000023ff44b94:   e3 03 02 aa e2 03 01 aa e1 03 00 aa 68 d0 3b d5
0x000000023ff44ba4:   08 79 40 f9 04 09 41 f9 00 01 40 f9 9f 08 1f d6
0x000000023ff44bb4:   e1 03 00 aa 68 d0 3b d5 08 79 40 f9 02 0d 41 f9
0x000000023ff44bc4:   00 01 40 f9 5f 08 1f d6 e4 03 03 aa e3 03 02 aa
0x000000023ff44bd4:   e2 03 01 aa e1 03 00 aa 68 d0 3b d5 08 79 40 f9
0x000000023ff44be4:   05 11 41 f9 00 01 40 f9 bf 08 1f d6 e5 03 04 aa
0x000000023ff44bf4:   e4 03 03 aa e3 03 02 aa e2 03 01 aa e1 03 00 aa
0x000000023ff44c04:   68 d0 3b d5 08 79 40 f9 06 15 41 f9 00 01 40 f9 


Stack slot to memory mapping:

stack at sp + 0 slots: 0x0000000208b66da0: atexit_mutex+0 in /usr/lib/system/libsystem_c.dylib at 0x000000019bac9000
stack at sp + 1 slots: 0x00000007292d87e0 points into unknown readable memory: 0x00000007292d87e0 | e0 87 2d 29 07 00 00 00
stack at sp + 2 slots: 0x000000017031a8d0 points into unknown readable memory: 0x000000017031a8f0 | f0 a8 31 70 01 00 00 00
stack at sp + 3 slots: 0x00000001513d389c: _ZN11VideoCommon21CustomResourceManagerD2Ev+0x28 in /Users/mattias800/Library/Application Support/Spela/cores/dolphin_libretro.dylib at 0x00000001511ac000
stack at sp + 4 slots: 0x0000000a699e4500 points into unknown readable memory: 0x0000000a699e4000 | 00 40 9e 69 0a 00 00 00
stack at sp + 5 slots: 0x0000000a699e4670 points into unknown readable memory: 0x0000000000000000 | 00 00 00 00 00 00 00 00
stack at sp + 6 slots: 0x0000000208b66da0: atexit_mutex+0 in /usr/lib/system/libsystem_c.dylib at 0x000000019bac9000
stack at sp + 7 slots: 0x0000000729000000 points into unknown readable memory: 0x0000000a620a8898 | 98 88 0a 62 0a 00 00 00

VM_Operation (0x000000016f22ee88): Exit, mode: safepoint, requested by thread 0x0000000a64113800


---------------  P R O C E S S  ---------------

Threads class SMR info:
_java_thread_list=0x0000000a60505f00, length=42, elements={
0x00000001013c5500, 0x00000001013e0680, 0x0000000a64d88000, 0x0000000a64d88700,
0x0000000a64d88e00, 0x0000000a64d89500, 0x00000001013e0e20, 0x0000000a65950000,
0x0000000a64d89c00, 0x0000000a64d8a300, 0x0000000a64110700, 0x0000000a64110e00,
0x0000000a64111500, 0x0000000a64112a00, 0x0000000a64113800, 0x0000000a641ca300,
0x0000000a64234000, 0x0000000a64234700, 0x0000000a64234e00, 0x0000000a64235c00,
0x0000000a64236300, 0x0000000a64236a00, 0x0000000a63c8c700, 0x0000000a63c8ce00,
0x0000000a63c8d500, 0x0000000a63c8f100, 0x0000000a63d9d500, 0x0000000a63e3f100,
0x0000000a63e3f800, 0x0000000a62fedc00, 0x0000000a62b68e00, 0x0000000a62b69c00,
0x0000000a62b6a300, 0x0000000a62b6aa00, 0x0000000a62b6b100, 0x0000000a62b6b800,
0x0000000a62bac000, 0x0000000a62bac700, 0x0000000a62bace00, 0x0000000a644bdc00,
0x0000000a644bea00, 0x0000000a61230700
}

Java Threads: ( => current thread )
  0x00000001013c5500 JavaThread "main"                              [_thread_blocked, id=5123, stack(0x000000016f2c4000,0x000000016f4c7000) (2060K)]
  0x00000001013e0680 JavaThread "Reference Handler"          daemon [_thread_blocked, id=29187, stack(0x000000017043c000,0x000000017063f000) (2060K)]
  0x0000000a64d88000 JavaThread "Finalizer"                  daemon [_thread_blocked, id=28931, stack(0x0000000170648000,0x000000017084b000) (2060K)]
  0x0000000a64d88700 JavaThread "Signal Dispatcher"          daemon [_thread_blocked, id=24323, stack(0x0000000170854000,0x0000000170a57000) (2060K)]
  0x0000000a64d88e00 JavaThread "Service Thread"             daemon [_thread_blocked, id=28675, stack(0x0000000170a60000,0x0000000170c63000) (2060K)]
  0x0000000a64d89500 JavaThread "Monitor Deflation Thread"   daemon [_thread_blocked, id=28163, stack(0x0000000170c6c000,0x0000000170e6f000) (2060K)]
  0x00000001013e0e20 JavaThread "C2 CompilerThread0"         daemon [_thread_blocked, id=24835, stack(0x0000000170e78000,0x000000017107b000) (2060K)]
  0x0000000a65950000 JavaThread "C1 CompilerThread0"         daemon [_thread_blocked, id=27651, stack(0x0000000171084000,0x0000000171287000) (2060K)]
  0x0000000a64d89c00 JavaThread "Notification Thread"        daemon [_thread_blocked, id=27139, stack(0x0000000171290000,0x0000000171493000) (2060K)]
  0x0000000a64d8a300 JavaThread "Common-Cleaner"             daemon [_thread_blocked, id=26883, stack(0x000000017149c000,0x000000017169f000) (2060K)]
  0x0000000a64110700 JavaThread "DefaultDispatcher-worker-1" daemon [_thread_blocked, id=26631, stack(0x00000001716a8000,0x00000001718ab000) (2060K)]
  0x0000000a64110e00 JavaThread "DefaultDispatcher-worker-2" daemon [_thread_blocked, id=41731, stack(0x0000000172708000,0x000000017290b000) (2060K)]
  0x0000000a64111500 JavaThread "DefaultDispatcher-worker-3" daemon [_thread_blocked, id=34307, stack(0x0000000172914000,0x0000000172b17000) (2060K)]
  0x0000000a64112a00 JavaThread "TimerQueue"                 daemon [_thread_blocked, id=40723, stack(0x0000000172b20000,0x0000000172d23000) (2060K)]
  0x0000000a64113800 JavaThread "AppKit Thread"              daemon [_thread_blocked, id=259, stack(0x000000016ea3c000,0x000000016f238000) (8176K)]
  0x0000000a641ca300 JavaThread "kotlinx.coroutines.DefaultExecutor" daemon [_thread_blocked, id=64259, stack(0x0000000172d2c000,0x0000000172f2f000) (2060K)]
  0x0000000a64234000 JavaThread "DefaultDispatcher-worker-4" daemon [_thread_blocked, id=47891, stack(0x00000001730dc000,0x00000001732df000) (2060K)]
  0x0000000a64234700 JavaThread "DefaultDispatcher-worker-6" daemon [_thread_blocked, id=50451, stack(0x0000000173374000,0x0000000173577000) (2060K)]
  0x0000000a64234e00 JavaThread "DefaultDispatcher-worker-5" daemon [_thread_blocked, id=55555, stack(0x0000000173580000,0x0000000173783000) (2060K)]
  0x0000000a64235c00 JavaThread "AWT-Shutdown"                      [_thread_blocked, id=55043, stack(0x0000000173998000,0x0000000173b9b000) (2060K)]
  0x0000000a64236300 JavaThread "DefaultDispatcher-worker-8" daemon [_thread_blocked, id=54787, stack(0x0000000173ba4000,0x0000000173da7000) (2060K)]
  0x0000000a64236a00 JavaThread "DefaultDispatcher-worker-9" daemon [_thread_blocked, id=54275, stack(0x0000000173db0000,0x0000000173fb3000) (2060K)]
  0x0000000a63c8c700 JavaThread "DefaultDispatcher-worker-10" daemon [_thread_blocked, id=86019, stack(0x00000001741c8000,0x00000001743cb000) (2060K)]
  0x0000000a63c8ce00 JavaThread "DefaultDispatcher-worker-11" daemon [_thread_blocked, id=85507, stack(0x00000001743d4000,0x00000001745d7000) (2060K)]
  0x0000000a63c8d500 JavaThread "DefaultDispatcher-worker-12" daemon [_thread_blocked, id=85251, stack(0x00000001745e0000,0x00000001747e3000) (2060K)]
  0x0000000a63c8f100 JavaThread "AWT-EventQueue-0"                  [_thread_blocked, id=87311, stack(0x00000001749f8000,0x0000000174bfb000) (2060K)]
  0x0000000a63d9d500 JavaThread "Reference Cleaner"          daemon [_thread_blocked, id=124707, stack(0x0000000174c90000,0x0000000174e93000) (2060K)]
  0x0000000a63e3f100 JavaThread "Java2D Queue Flusher"       daemon [_thread_blocked, id=125199, stack(0x0000000174e9c000,0x000000017509f000) (2060K)]
  0x0000000a63e3f800 JavaThread "Java2D Disposer"            daemon [_thread_blocked, id=92679, stack(0x00000001750a8000,0x00000001752ab000) (2060K)]
  0x0000000a62fedc00 JavaThread "skiko-dispatcher-to-block-on" daemon [_thread_blocked, id=100371, stack(0x00000001755d8000,0x00000001757db000) (2060K)]
  0x0000000a62b68e00 JavaThread "DefaultDispatcher-worker-14" daemon [_thread_blocked, id=102183, stack(0x00000001757e4000,0x00000001759e7000) (2060K)]
  0x0000000a62b69c00 JavaThread "DefaultDispatcher-worker-19" daemon [_thread_blocked, id=115987, stack(0x0000000175bfc000,0x0000000175dff000) (2060K)]
  0x0000000a62b6a300 JavaThread "DefaultDispatcher-worker-17" daemon [_thread_blocked, id=102915, stack(0x0000000175e08000,0x000000017600b000) (2060K)]
  0x0000000a62b6aa00 JavaThread "DefaultDispatcher-worker-18" daemon [_thread_blocked, id=115459, stack(0x0000000176014000,0x0000000176217000) (2060K)]
  0x0000000a62b6b100 JavaThread "DefaultDispatcher-worker-20" daemon [_thread_blocked, id=103691, stack(0x0000000176220000,0x0000000176423000) (2060K)]
  0x0000000a62b6b800 JavaThread "DefaultDispatcher-worker-16" daemon [_thread_blocked, id=114179, stack(0x000000017642c000,0x000000017662f000) (2060K)]
  0x0000000a62bac000 JavaThread "DefaultDispatcher-worker-7" daemon [_thread_blocked, id=104451, stack(0x0000000176638000,0x000000017683b000) (2060K)]
  0x0000000a62bac700 JavaThread "DefaultDispatcher-worker-13" daemon [_thread_blocked, id=113923, stack(0x0000000176844000,0x0000000176a47000) (2060K)]
  0x0000000a62bace00 JavaThread "DefaultDispatcher-worker-15" daemon [_thread_blocked, id=105219, stack(0x0000000176a50000,0x0000000176c53000) (2060K)]
  0x0000000a644bdc00 JavaThread "SpelaEmulation"             daemon [_thread_blocked, id=149747, stack(0x000000017700c000,0x000000017720f000) (2060K)]
  0x0000000a644bea00 JavaThread "Java Sound Event Dispatcher" daemon [_thread_blocked, id=183811, stack(0x0000000177678000,0x000000017787b000) (2060K)]
  0x0000000a61230700 JavaThread "skiko-dispatcher-to-block-on" daemon [_thread_blocked, id=132415, stack(0x000000017799c000,0x0000000177b9f000) (2060K)]
Total: 42

Other Threads:
=>0x0000000a65895400 VMThread "VM Thread"                           [id=19715, stack(0x0000000170118000,0x000000017031b000) (2060K)]
  0x00000001013cc9c0 WorkerThread "GC Thread#0"                     [id=12291, stack(0x000000016f4d0000,0x000000016f6d3000) (2060K)]
  0x0000000a66e06800 WorkerThread "GC Thread#1"                     [id=26115, stack(0x00000001718b4000,0x0000000171ab7000) (2060K)]
  0x0000000a66e06c00 WorkerThread "GC Thread#2"                     [id=32771, stack(0x0000000171ac0000,0x0000000171cc3000) (2060K)]
  0x0000000a66e07000 WorkerThread "GC Thread#3"                     [id=43011, stack(0x0000000171ccc000,0x0000000171ecf000) (2060K)]
  0x0000000a66e07400 WorkerThread "GC Thread#4"                     [id=42755, stack(0x0000000171ed8000,0x00000001720db000) (2060K)]
  0x0000000a66e07800 WorkerThread "GC Thread#5"                     [id=33539, stack(0x00000001720e4000,0x00000001722e7000) (2060K)]
  0x0000000a66e07c00 WorkerThread "GC Thread#6"                     [id=42243, stack(0x00000001722f0000,0x00000001724f3000) (2060K)]
  0x0000000a66ee8000 WorkerThread "GC Thread#7"                     [id=34051, stack(0x00000001724fc000,0x00000001726ff000) (2060K)]
  0x00000001013cd7e0 ConcurrentGCThread "G1 Main Marker"            terminated
  0x00000001013ce280 WorkerThread "G1 Conc#0"                       [id=13571, stack(0x000000016f8e8000,0x000000016faeb000) (2060K)]
  0x0000000a67e94c00 WorkerThread "G1 Conc#1"                       [id=94979, stack(0x00000001752b4000,0x00000001754b7000) (2060K)]
  0x00000001013d0f20 ConcurrentGCThread "G1 Refine#0"               terminated
  0x0000000a65894000 ConcurrentGCThread "G1 Service"                terminated
Total: 14

Threads with active compile tasks:
Total: 0

VM state: at safepoint (shutting down)

VM Mutex/Monitor currently owned by a thread:  ([mutex/lock_event])
[0x00000001076b7a00] Threads_lock - owner thread: 0x0000000a65895400
[0x00000001076b7a80] Heap_lock - owner thread: 0x0000000a64113800

Heap address: 0x0000000480000000, size: 6144 MB, Compressed Oops mode: Zero based, Oop shift amount: 3

CDS archive(s) mapped at: [0x0000007800000000-0x0000007800c94000-0x0000007800c94000), size 13189120, SharedBaseAddress: 0x0000007800000000, ArchiveRelocationMode: 1.
Compressed class space mapped at: 0x0000007801000000-0x0000007841000000, reserved size: 1073741824
Narrow klass base: 0x0000007800000000, Narrow klass shift: 0, Narrow klass range: 0x100000000

GC Precious Log:
 CardTable entry size: 512
 Card Set container configuration: InlinePtr #cards 4 size 8 Array Of Cards #cards 32 size 80 Howl #buckets 8 coarsen threshold 7372 Howl Bitmap #cards 1024 size 144 coarsen threshold 921 Card regions per heap region 1 cards per card region 8192
 CPUs: 8 total, 8 available
 Memory: 24576M
 Large Page Support: Disabled
 NUMA Support: Disabled
 Compressed Oops: Enabled (Zero based)
 Heap Region Size: 4M
 Heap Min Capacity: 8M
 Heap Initial Capacity: 384M
 Heap Max Capacity: 6G
 Pre-touch: Disabled
 Parallel Workers: 8
 Concurrent Workers: 2
 Concurrent Refinement Workers: 8
 Periodic GC: Disabled

Heap:
 garbage-first heap   total 225280K, used 120823K [0x0000000480000000, 0x0000000600000000)
  region size 4096K, 28 young (114688K), 1 survivors (4096K)
 Metaspace       used 50408K, committed 51200K, reserved 1114112K
  class space    used 5295K, committed 5632K, reserved 1048576K

Heap Regions: E=young(eden), S=young(survivor), O=old, HS=humongous(starts), HC=humongous(continues), CS=collection set, F=free, TAMS=top-at-mark-start, PB=parsable bottom
|   0|0x0000000480000000, 0x0000000480400000, 0x0000000480400000|100%| O|  |TAMS 0x0000000480000000| PB 0x0000000480000000| Untracked 
|   1|0x0000000480400000, 0x0000000480400000, 0x0000000480800000|  0%| F|  |TAMS 0x0000000480400000| PB 0x0000000480400000| Untracked 
|   2|0x0000000480800000, 0x0000000480c00000, 0x0000000480c00000|100%| O|  |TAMS 0x0000000480800000| PB 0x0000000480800000| Untracked 
|   3|0x0000000480c00000, 0x0000000480c00000, 0x0000000481000000|  0%| F|  |TAMS 0x0000000480c00000| PB 0x0000000480c00000| Untracked 
|   4|0x0000000481000000, 0x0000000481000000, 0x0000000481400000|  0%| F|  |TAMS 0x0000000481000000| PB 0x0000000481000000| Untracked 
|   5|0x0000000481400000, 0x0000000481800000, 0x0000000481800000|100%| O|  |TAMS 0x0000000481400000| PB 0x0000000481400000| Untracked 
|   6|0x0000000481800000, 0x0000000481c00000, 0x0000000481c00000|100%| O|  |TAMS 0x0000000481800000| PB 0x0000000481800000| Untracked 
|   7|0x0000000481c00000, 0x0000000481c00000, 0x0000000482000000|  0%| F|  |TAMS 0x0000000481c00000| PB 0x0000000481c00000| Untracked 
|   8|0x0000000482000000, 0x0000000482000000, 0x0000000482400000|  0%| F|  |TAMS 0x0000000482000000| PB 0x0000000482000000| Untracked 
|   9|0x0000000482400000, 0x0000000482400000, 0x0000000482800000|  0%| F|  |TAMS 0x0000000482400000| PB 0x0000000482400000| Untracked 
|  10|0x0000000482800000, 0x0000000482800000, 0x0000000482c00000|  0%| F|  |TAMS 0x0000000482800000| PB 0x0000000482800000| Untracked 
|  11|0x0000000482c00000, 0x0000000482c00000, 0x0000000483000000|  0%| F|  |TAMS 0x0000000482c00000| PB 0x0000000482c00000| Untracked 
|  12|0x0000000483000000, 0x0000000483000000, 0x0000000483400000|  0%| F|  |TAMS 0x0000000483000000| PB 0x0000000483000000| Untracked 
|  13|0x0000000483400000, 0x0000000483400000, 0x0000000483800000|  0%| F|  |TAMS 0x0000000483400000| PB 0x0000000483400000| Untracked 
|  14|0x0000000483800000, 0x0000000483800000, 0x0000000483c00000|  0%| F|  |TAMS 0x0000000483800000| PB 0x0000000483800000| Untracked 
|  15|0x0000000483c00000, 0x0000000483c00000, 0x0000000484000000|  0%| F|  |TAMS 0x0000000483c00000| PB 0x0000000483c00000| Untracked 
|  16|0x0000000484000000, 0x0000000484000000, 0x0000000484400000|  0%| F|  |TAMS 0x0000000484000000| PB 0x0000000484000000| Untracked 
|  17|0x0000000484400000, 0x0000000484400000, 0x0000000484800000|  0%| F|  |TAMS 0x0000000484400000| PB 0x0000000484400000| Untracked 
|  18|0x0000000484800000, 0x0000000484800000, 0x0000000484c00000|  0%| F|  |TAMS 0x0000000484800000| PB 0x0000000484800000| Untracked 
|  19|0x0000000484c00000, 0x0000000484c00000, 0x0000000485000000|  0%| F|  |TAMS 0x0000000484c00000| PB 0x0000000484c00000| Untracked 
|  20|0x0000000485000000, 0x0000000485000000, 0x0000000485400000|  0%| F|  |TAMS 0x0000000485000000| PB 0x0000000485000000| Untracked 
|  21|0x0000000485400000, 0x0000000485400000, 0x0000000485800000|  0%| F|  |TAMS 0x0000000485400000| PB 0x0000000485400000| Untracked 
|  22|0x0000000485800000, 0x00000004859fde38, 0x0000000485c00000| 49%| S|CS|TAMS 0x0000000485800000| PB 0x0000000485800000| Complete 
|  23|0x0000000485c00000, 0x0000000485c00000, 0x0000000486000000|  0%| F|  |TAMS 0x0000000485c00000| PB 0x0000000485c00000| Untracked 
|  24|0x0000000486000000, 0x0000000486000000, 0x0000000486400000|  0%| F|  |TAMS 0x0000000486000000| PB 0x0000000486000000| Untracked 
|  25|0x0000000486400000, 0x0000000486400000, 0x0000000486800000|  0%| F|  |TAMS 0x0000000486400000| PB 0x0000000486400000| Untracked 
|  26|0x0000000486800000, 0x0000000486800000, 0x0000000486c00000|  0%| F|  |TAMS 0x0000000486800000| PB 0x0000000486800000| Untracked 
|  27|0x0000000486c00000, 0x0000000486c00000, 0x0000000487000000|  0%| F|  |TAMS 0x0000000486c00000| PB 0x0000000486c00000| Untracked 
|  28|0x0000000487000000, 0x00000004873de030, 0x0000000487400000| 96%| E|  |TAMS 0x0000000487000000| PB 0x0000000487000000| Complete 
|  29|0x0000000487400000, 0x0000000487800000, 0x0000000487800000|100%| E|CS|TAMS 0x0000000487400000| PB 0x0000000487400000| Complete 
|  30|0x0000000487800000, 0x0000000487c00000, 0x0000000487c00000|100%| E|CS|TAMS 0x0000000487800000| PB 0x0000000487800000| Complete 
|  31|0x0000000487c00000, 0x0000000488000000, 0x0000000488000000|100%| E|CS|TAMS 0x0000000487c00000| PB 0x0000000487c00000| Complete 
|  32|0x0000000488000000, 0x0000000488400000, 0x0000000488400000|100%| E|CS|TAMS 0x0000000488000000| PB 0x0000000488000000| Complete 
|  33|0x0000000488400000, 0x0000000488800000, 0x0000000488800000|100%| E|CS|TAMS 0x0000000488400000| PB 0x0000000488400000| Complete 
|  34|0x0000000488800000, 0x0000000488c00000, 0x0000000488c00000|100%| E|CS|TAMS 0x0000000488800000| PB 0x0000000488800000| Complete 
|  35|0x0000000488c00000, 0x0000000488ff39b0, 0x0000000489000000| 98%| E|  |TAMS 0x0000000488c00000| PB 0x0000000488c00000| Complete 
|  36|0x0000000489000000, 0x0000000489400000, 0x0000000489400000|100%| E|CS|TAMS 0x0000000489000000| PB 0x0000000489000000| Complete 
|  37|0x0000000489400000, 0x0000000489800000, 0x0000000489800000|100%| E|CS|TAMS 0x0000000489400000| PB 0x0000000489400000| Complete 
|  38|0x0000000489800000, 0x0000000489c00000, 0x0000000489c00000|100%| E|CS|TAMS 0x0000000489800000| PB 0x0000000489800000| Complete 
|  39|0x0000000489c00000, 0x000000048a000000, 0x000000048a000000|100%| E|CS|TAMS 0x0000000489c00000| PB 0x0000000489c00000| Complete 
|  40|0x000000048a000000, 0x000000048a400000, 0x000000048a400000|100%| E|CS|TAMS 0x000000048a000000| PB 0x000000048a000000| Complete 
|  41|0x000000048a400000, 0x000000048a800000, 0x000000048a800000|100%| E|CS|TAMS 0x000000048a400000| PB 0x000000048a400000| Complete 
|  42|0x000000048a800000, 0x000000048ac00000, 0x000000048ac00000|100%| E|CS|TAMS 0x000000048a800000| PB 0x000000048a800000| Complete 
|  43|0x000000048ac00000, 0x000000048b000000, 0x000000048b000000|100%| E|CS|TAMS 0x000000048ac00000| PB 0x000000048ac00000| Complete 
|  44|0x000000048b000000, 0x000000048b400000, 0x000000048b400000|100%| E|CS|TAMS 0x000000048b000000| PB 0x000000048b000000| Complete 
|  45|0x000000048b400000, 0x000000048b800000, 0x000000048b800000|100%| E|CS|TAMS 0x000000048b400000| PB 0x000000048b400000| Complete 
|  46|0x000000048b800000, 0x000000048bc00000, 0x000000048bc00000|100%| E|CS|TAMS 0x000000048b800000| PB 0x000000048b800000| Complete 
|  47|0x000000048bc00000, 0x000000048c000000, 0x000000048c000000|100%| E|CS|TAMS 0x000000048bc00000| PB 0x000000048bc00000| Complete 
|  48|0x000000048c000000, 0x000000048c400000, 0x000000048c400000|100%| E|CS|TAMS 0x000000048c000000| PB 0x000000048c000000| Complete 
|  49|0x000000048c400000, 0x000000048c800000, 0x000000048c800000|100%| E|CS|TAMS 0x000000048c400000| PB 0x000000048c400000| Complete 
|  50|0x000000048c800000, 0x000000048cc00000, 0x000000048cc00000|100%| E|CS|TAMS 0x000000048c800000| PB 0x000000048c800000| Complete 
|  51|0x000000048cc00000, 0x000000048d000000, 0x000000048d000000|100%| E|CS|TAMS 0x000000048cc00000| PB 0x000000048cc00000| Complete 
|  52|0x000000048d000000, 0x000000048d400000, 0x000000048d400000|100%| E|CS|TAMS 0x000000048d000000| PB 0x000000048d000000| Complete 
|  95|0x0000000497c00000, 0x0000000498000000, 0x0000000498000000|100%| E|CS|TAMS 0x0000000497c00000| PB 0x0000000497c00000| Complete 
|1535|0x00000005ffc00000, 0x0000000600000000, 0x0000000600000000|100%| E|CS|TAMS 0x00000005ffc00000| PB 0x00000005ffc00000| Complete 

Card table byte_map: [0x000000011f11c000,0x000000011fd1c000] _byte_map_base: 0x000000011cd1c000

Marking Bits: (CMBitMap*) 0x00000001013cd070
 Bits: [0x000000011fd1c000, 0x0000000125d1c000)

Polling page: 0x0000000100bf4000

Metaspace:

Usage:
  Non-class:     44.06 MB used.
      Class:      5.17 MB used.
       Both:     49.23 MB used.

Virtual space:
  Non-class space:       64.00 MB reserved,      44.50 MB ( 70%) committed,  1 nodes.
      Class space:        1.00 GB reserved,       5.50 MB ( <1%) committed,  1 nodes.
             Both:        1.06 GB reserved,      50.00 MB (  5%) committed. 

Chunk freelists:
   Non-Class:  3.44 MB
       Class:  10.45 MB
        Both:  13.89 MB

MaxMetaspaceSize: unlimited
CompressedClassSpaceSize: 1.00 GB
Initial GC threshold: 21.00 MB
Current GC threshold: 59.62 MB
CDS: on
 - commit_granule_bytes: 65536.
 - commit_granule_words: 8192.
 - virtual_space_node_default_size: 8388608.
 - enlarge_chunks_in_place: 1.
 - use_allocation_guard: 0.


Internal statistics:

num_allocs_failed_limit: 9.
num_arena_births: 1120.
num_arena_deaths: 0.
num_vsnodes_births: 2.
num_vsnodes_deaths: 0.
num_space_committed: 800.
num_space_uncommitted: 0.
num_chunks_returned_to_freelist: 9.
num_chunks_taken_from_freelist: 2897.
num_chunk_merges: 9.
num_chunk_splits: 2003.
num_chunks_enlarged: 1483.
num_inconsistent_stats: 0.

CodeHeap 'non-profiled nmethods': size=120032Kb used=4042Kb max_used=4042Kb free=115989Kb
 bounds [0x0000000117be4000, 0x0000000117fe4000, 0x000000011f11c000]
CodeHeap 'profiled nmethods': size=120016Kb used=15763Kb max_used=15763Kb free=104252Kb
 bounds [0x000000011011c000, 0x000000011108c000, 0x0000000117650000]
CodeHeap 'non-nmethods': size=5712Kb used=2845Kb max_used=2910Kb free=2866Kb
 bounds [0x0000000117650000, 0x0000000117930000, 0x0000000117be4000]
CodeCache: size=245760Kb, used=22650Kb, max_used=22715Kb, free=223107Kb
 total_blobs=9735, nmethods=7636, adapters=2006, full_count=0
Compilation: enabled, stopped_count=0, restarted_count=0

Compilation events (20 events):
Event: 72.928 Thread 0x0000000a65950000 7991       3       sun.awt.image.IntegerInterleavedRaster::<init> (170 bytes)
Event: 72.928 Thread 0x0000000a65950000 nmethod 7991 0x000000011107cb90 code [0x000000011107ce00, 0x000000011107d6f8]
Event: 72.928 Thread 0x0000000a65950000 7987       3       sun.awt.SunToolkit::checkImage (64 bytes)
Event: 72.928 Thread 0x0000000a65950000 nmethod 7987 0x000000011107da90 code [0x000000011107dcc0, 0x000000011107e380]
Event: 72.928 Thread 0x0000000a65950000 7988       3       java.awt.ImageMediaEntry::parseflags (31 bytes)
Event: 72.928 Thread 0x0000000a65950000 nmethod 7988 0x000000011107e590 code [0x000000011107e740, 0x000000011107e960]
Event: 72.928 Thread 0x0000000a65950000 7989  s    3       java.awt.MediaEntry::getStatus (36 bytes)
Event: 72.929 Thread 0x0000000a65950000 nmethod 7989 0x000000011107ea10 code [0x000000011107ebc0, 0x000000011107ef38]
Event: 72.929 Thread 0x0000000a65950000 7990       3       org.jetbrains.skia.Bitmap::getReadPixelsArraySize$skiko (23 bytes)
Event: 72.929 Thread 0x0000000a65950000 nmethod 7990 0x000000011107f010 code [0x000000011107f2c0, 0x000000011107fb10]
Event: 73.275 Thread 0x00000001013e0e20 7993       4       androidx.compose.runtime.snapshots.SnapshotIdSet::set (672 bytes)
Event: 73.287 Thread 0x00000001013e0e20 nmethod 7993 0x0000000117fd4d90 code [0x0000000117fd5040, 0x0000000117fd5cd8]
Event: 73.349 Thread 0x0000000a65950000 7994       3       androidx.compose.ui.window.WindowDecoration$SystemDefault::equals (23 bytes)
Event: 73.349 Thread 0x0000000a65950000 nmethod 7994 0x000000011107ff10 code [0x00000001110800c0, 0x0000000111080480]
Event: 73.375 Thread 0x00000001013e0e20 7995       4       kotlinx.coroutines.AbstractCoroutine::afterResume (6 bytes)
Event: 73.376 Thread 0x00000001013e0e20 nmethod 7995 0x0000000117fd6590 code [0x0000000117fd6700, 0x0000000117fd67c0]
Event: 73.441 Thread 0x00000001013e0e20 7996       4       java.util.concurrent.TimeUnit::toNanos (45 bytes)
Event: 73.441 Thread 0x0000000a65950000 7997       3       com.spela.player.presentation.navigation.SpScreen$GameDetail::equals (39 bytes)
Event: 73.441 Thread 0x00000001013e0e20 nmethod 7996 0x0000000117fd6890 code [0x0000000117fd6a00, 0x0000000117fd6af0]
Event: 73.441 Thread 0x0000000a65950000 nmethod 7997 0x0000000111080510 code [0x0000000111080700, 0x0000000111080c88]

GC Heap History (20 events):
Event: 7.276 GC heap before
{Heap before GC invocations=14 (full 0):
 garbage-first heap   total 57344K, used 42812K [0x0000000480000000, 0x0000000600000000)
  region size 4096K, 8 young (32768K), 1 survivors (4096K)
 Metaspace       used 48671K, committed 49472K, reserved 1114112K
  class space    used 5153K, committed 5504K, reserved 1048576K
}
Event: 7.277 GC heap after
{Heap after GC invocations=15 (full 0):
 garbage-first heap   total 225280K, used 18199K [0x0000000480000000, 0x0000000600000000)
  region size 4096K, 1 young (4096K), 1 survivors (4096K)
 Metaspace       used 48671K, committed 49472K, reserved 1114112K
  class space    used 5153K, committed 5504K, reserved 1048576K
}
Event: 8.868 GC heap before
{Heap before GC invocations=15 (full 0):
 garbage-first heap   total 225280K, used 145175K [0x0000000480000000, 0x0000000600000000)
  region size 4096K, 33 young (135168K), 1 survivors (4096K)
 Metaspace       used 48784K, committed 49600K, reserved 1114112K
  class space    used 5153K, committed 5504K, reserved 1048576K
}
Event: 8.869 GC heap after
{Heap after GC invocations=16 (full 0):
 garbage-first heap   total 225280K, used 18251K [0x0000000480000000, 0x0000000600000000)
  region size 4096K, 1 young (4096K), 1 survivors (4096K)
 Metaspace       used 48784K, committed 49600K, reserved 1114112K
  class space    used 5153K, committed 5504K, reserved 1048576K
}
Event: 12.286 GC heap before
{Heap before GC invocations=16 (full 0):
 garbage-first heap   total 225280K, used 145227K [0x0000000480000000, 0x0000000600000000)
  region size 4096K, 33 young (135168K), 1 survivors (4096K)
 Metaspace       used 49831K, committed 50688K, reserved 1114112K
  class space    used 5286K, committed 5632K, reserved 1048576K
}
Event: 12.288 GC heap after
{Heap after GC invocations=17 (full 0):
 garbage-first heap   total 225280K, used 18673K [0x0000000480000000, 0x0000000600000000)
  region size 4096K, 1 young (4096K), 1 survivors (4096K)
 Metaspace       used 49831K, committed 50688K, reserved 1114112K
  class space    used 5286K, committed 5632K, reserved 1048576K
}
Event: 20.708 GC heap before
{Heap before GC invocations=17 (full 0):
 garbage-first heap   total 225280K, used 145649K [0x0000000480000000, 0x0000000600000000)
  region size 4096K, 33 young (135168K), 1 survivors (4096K)
 Metaspace       used 49908K, committed 50752K, reserved 1114112K
  class space    used 5287K, committed 5632K, reserved 1048576K
}
Event: 20.709 GC heap after
{Heap after GC invocations=18 (full 0):
 garbage-first heap   total 225280K, used 18402K [0x0000000480000000, 0x0000000600000000)
  region size 4096K, 1 young (4096K), 1 survivors (4096K)
 Metaspace       used 49908K, committed 50752K, reserved 1114112K
  class space    used 5287K, committed 5632K, reserved 1048576K
}
Event: 22.268 GC heap before
{Heap before GC invocations=18 (full 0):
 garbage-first heap   total 225280K, used 145378K [0x0000000480000000, 0x0000000600000000)
  region size 4096K, 33 young (135168K), 1 survivors (4096K)
 Metaspace       used 49952K, committed 50816K, reserved 1114112K
  class space    used 5287K, committed 5632K, reserved 1048576K
}
Event: 22.269 GC heap after
{Heap after GC invocations=19 (full 0):
 garbage-first heap   total 225280K, used 18390K [0x0000000480000000, 0x0000000600000000)
  region size 4096K, 1 young (4096K), 1 survivors (4096K)
 Metaspace       used 49952K, committed 50816K, reserved 1114112K
  class space    used 5287K, committed 5632K, reserved 1048576K
}
Event: 23.812 GC heap before
{Heap before GC invocations=19 (full 0):
 garbage-first heap   total 225280K, used 145366K [0x0000000480000000, 0x0000000600000000)
  region size 4096K, 33 young (135168K), 1 survivors (4096K)
 Metaspace       used 49974K, committed 50816K, reserved 1114112K
  class space    used 5287K, committed 5632K, reserved 1048576K
}
Event: 23.813 GC heap after
{Heap after GC invocations=20 (full 0):
 garbage-first heap   total 225280K, used 18420K [0x0000000480000000, 0x0000000600000000)
  region size 4096K, 1 young (4096K), 1 survivors (4096K)
 Metaspace       used 49974K, committed 50816K, reserved 1114112K
  class space    used 5287K, committed 5632K, reserved 1048576K
}
Event: 28.608 GC heap before
{Heap before GC invocations=20 (full 0):
 garbage-first heap   total 225280K, used 145396K [0x0000000480000000, 0x0000000600000000)
  region size 4096K, 33 young (135168K), 1 survivors (4096K)
 Metaspace       used 50012K, committed 50880K, reserved 1114112K
  class space    used 5287K, committed 5632K, reserved 1048576K
}
Event: 28.609 GC heap after
{Heap after GC invocations=21 (full 0):
 garbage-first heap   total 225280K, used 18441K [0x0000000480000000, 0x0000000600000000)
  region size 4096K, 1 young (4096K), 1 survivors (4096K)
 Metaspace       used 50012K, committed 50880K, reserved 1114112K
  class space    used 5287K, committed 5632K, reserved 1048576K
}
Event: 35.314 GC heap before
{Heap before GC invocations=21 (full 0):
 garbage-first heap   total 225280K, used 145417K [0x0000000480000000, 0x0000000600000000)
  region size 4096K, 33 young (135168K), 1 survivors (4096K)
 Metaspace       used 50092K, committed 50944K, reserved 1114112K
  class space    used 5292K, committed 5632K, reserved 1048576K
}
Event: 35.316 GC heap after
{Heap after GC invocations=22 (full 0):
 garbage-first heap   total 225280K, used 18567K [0x0000000480000000, 0x0000000600000000)
  region size 4096K, 1 young (4096K), 1 survivors (4096K)
 Metaspace       used 50092K, committed 50944K, reserved 1114112K
  class space    used 5292K, committed 5632K, reserved 1048576K
}
Event: 57.059 GC heap before
{Heap before GC invocations=22 (full 0):
 garbage-first heap   total 225280K, used 145543K [0x0000000480000000, 0x0000000600000000)
  region size 4096K, 33 young (135168K), 1 survivors (4096K)
 Metaspace       used 50248K, committed 51072K, reserved 1114112K
  class space    used 5292K, committed 5632K, reserved 1048576K
}
Event: 57.061 GC heap after
{Heap after GC invocations=23 (full 0):
 garbage-first heap   total 225280K, used 18518K [0x0000000480000000, 0x0000000600000000)
  region size 4096K, 1 young (4096K), 1 survivors (4096K)
 Metaspace       used 50248K, committed 51072K, reserved 1114112K
  class space    used 5292K, committed 5632K, reserved 1048576K
}
Event: 70.308 GC heap before
{Heap before GC invocations=23 (full 0):
 garbage-first heap   total 225280K, used 145494K [0x0000000480000000, 0x0000000600000000)
  region size 4096K, 33 young (135168K), 1 survivors (4096K)
 Metaspace       used 50364K, committed 51200K, reserved 1114112K
  class space    used 5293K, committed 5632K, reserved 1048576K
}
Event: 70.310 GC heap after
{Heap after GC invocations=24 (full 0):
 garbage-first heap   total 225280K, used 18423K [0x0000000480000000, 0x0000000600000000)
  region size 4096K, 1 young (4096K), 1 survivors (4096K)
 Metaspace       used 50364K, committed 51200K, reserved 1114112K
  class space    used 5293K, committed 5632K, reserved 1048576K
}

Dll operation events (16 events):
Event: 0.003 Loaded shared library /Users/mattias800/Library/Java/JavaVirtualMachines/ms-21.0.10/Contents/Home/lib/libjava.dylib
Event: 0.020 Loaded shared library /Users/mattias800/Library/Java/JavaVirtualMachines/ms-21.0.10/Contents/Home/lib/libnio.dylib
Event: 0.022 Loaded shared library /Users/mattias800/Library/Java/JavaVirtualMachines/ms-21.0.10/Contents/Home/lib/libzip.dylib
Event: 0.138 Loaded shared library /Users/mattias800/Library/Java/JavaVirtualMachines/ms-21.0.10/Contents/Home/lib/libjimage.dylib
Event: 0.186 Loaded shared library /Users/mattias800/Library/Java/JavaVirtualMachines/ms-21.0.10/Contents/Home/lib/libnet.dylib
Event: 0.465 Loaded shared library /private/var/folders/00/y_pwwndd1hj9rnmh0xwj36v80000gn/T/sqlite-3.51.0.0-d984467d-4b7e-448e-a60f-c760c543891d-libsqlitejdbc.dylib
Event: 0.566 Loaded shared library /Users/mattias800/Library/Java/JavaVirtualMachines/ms-21.0.10/Contents/Home/lib/libawt.dylib
Event: 0.567 Loaded shared library /Users/mattias800/Library/Java/JavaVirtualMachines/ms-21.0.10/Contents/Home/lib/libawt_lwawt.dylib
Event: 0.576 Loaded shared library /Users/mattias800/Library/Java/JavaVirtualMachines/ms-21.0.10/Contents/Home/lib/libfontmanager.dylib
Event: 0.617 Loaded shared library /Users/mattias800/Library/Java/JavaVirtualMachines/ms-21.0.10/Contents/Home/lib/libextnet.dylib
Event: 0.745 Loading shared library /Users/mattias800/Library/Java/JavaVirtualMachines/ms-21.0.10/Contents/Home/lib/libspela-libretro.dylib failed, dlopen(/Users/mattias800/Library/Java/JavaVirtualMachines/ms-21.0.10/Contents/Home/lib/libspela-libretro.dylib, 0x0001):
Event: 0.745 Loading shared library /Users/mattias800/Library/Java/JavaVirtualMachines/ms-21.0.10/Contents/Home/lib/libspela-libretro.jnilib failed, dlopen(/Users/mattias800/Library/Java/JavaVirtualMachines/ms-21.0.10/Contents/Home/lib/libspela-libretro.jnilib, 0x0001
Event: 0.748 Loaded shared library /Users/mattias800/repos/spela/player/desktop/build/native/libspela-libretro.dylib
Event: 0.756 Loaded shared library /Users/mattias800/.skiko/384a41e7bf8dcab7fe3ef7dfb14a2adf281ce448c1f711cac5e69a7b97ae2f4a/libskiko-macos-arm64.dylib
Event: 0.762 Loaded shared library /Users/mattias800/Library/Java/JavaVirtualMachines/ms-21.0.10/Contents/Home/lib/libosxui.dylib
Event: 6.535 Loaded shared library /Users/mattias800/Library/Java/JavaVirtualMachines/ms-21.0.10/Contents/Home/lib/libjsound.dylib

Deoptimization events (20 events):
Event: 66.912 Thread 0x0000000a63c8f100 Uncommon trap: trap_request=0xffffff6e fr.pc=0x0000000117fc6c50 relative=0x0000000000000810
Event: 66.912 Thread 0x0000000a63c8f100 Uncommon trap: reason=loop_limit_check action=maybe_recompile pc=0x0000000117fc6c50 method=androidx.compose.runtime.RecomposeScopeImpl.end(I)Lkotlin/jvm/functions/Function1; @ 76 c2
Event: 66.912 Thread 0x0000000a63c8f100 DEOPT PACKING pc=0x0000000117fc6c50 sp=0x0000000174bf9930
Event: 66.912 Thread 0x0000000a63c8f100 DEOPT UNPACKING pc=0x000000011769301c sp=0x0000000174bf96f0 mode 2
Event: 69.295 Thread 0x0000000a64111500 Uncommon trap: trap_request=0xffffff45 fr.pc=0x0000000117ea9eac relative=0x000000000000066c
Event: 69.295 Thread 0x0000000a64111500 Uncommon trap: reason=unstable_if action=reinterpret pc=0x0000000117ea9eac method=kotlinx.coroutines.scheduling.CoroutineScheduler$Worker.park()V @ 44 c2
Event: 69.295 Thread 0x0000000a64111500 DEOPT PACKING pc=0x0000000117ea9eac sp=0x0000000172b16920
Event: 69.295 Thread 0x0000000a64111500 DEOPT UNPACKING pc=0x000000011769301c sp=0x0000000172b16870 mode 2
Event: 69.295 Thread 0x0000000a64236a00 Uncommon trap: trap_request=0xffffff45 fr.pc=0x0000000117ea9eac relative=0x000000000000066c
Event: 69.295 Thread 0x0000000a64236a00 Uncommon trap: reason=unstable_if action=reinterpret pc=0x0000000117ea9eac method=kotlinx.coroutines.scheduling.CoroutineScheduler$Worker.park()V @ 44 c2
Event: 69.295 Thread 0x0000000a64236a00 DEOPT PACKING pc=0x0000000117ea9eac sp=0x0000000173fb2920
Event: 69.295 Thread 0x0000000a64236a00 DEOPT UNPACKING pc=0x000000011769301c sp=0x0000000173fb2870 mode 2
Event: 69.295 Thread 0x0000000a64234e00 Uncommon trap: trap_request=0xffffff45 fr.pc=0x0000000117ea9eac relative=0x000000000000066c
Event: 69.295 Thread 0x0000000a64234e00 Uncommon trap: reason=unstable_if action=reinterpret pc=0x0000000117ea9eac method=kotlinx.coroutines.scheduling.CoroutineScheduler$Worker.park()V @ 44 c2
Event: 69.295 Thread 0x0000000a64234e00 DEOPT PACKING pc=0x0000000117ea9eac sp=0x0000000173782920
Event: 69.295 Thread 0x0000000a64234e00 DEOPT UNPACKING pc=0x000000011769301c sp=0x0000000173782870 mode 2
Event: 69.308 Thread 0x0000000a64234000 Uncommon trap: trap_request=0xffffff45 fr.pc=0x0000000117f92dec relative=0x0000000000000cec
Event: 69.308 Thread 0x0000000a64234000 Uncommon trap: reason=unstable_if action=reinterpret pc=0x0000000117f92dec method=kotlinx.coroutines.scheduling.CoroutineScheduler.parkedWorkersStackNextIndex(Lkotlinx/coroutines/scheduling/CoroutineScheduler$Worker;)I @ 35 c2
Event: 69.308 Thread 0x0000000a64234000 DEOPT PACKING pc=0x0000000117f92dec sp=0x00000001732de910
Event: 69.308 Thread 0x0000000a64234000 DEOPT UNPACKING pc=0x000000011769301c sp=0x00000001732de6a0 mode 2

Classes loaded (20 events):
Event: 9.995 Loading class javax/swing/JWindow done
Event: 9.995 Loading class javax/swing/Popup$HeavyWeightWindow done
Event: 10.197 Loading class javax/swing/JMenu
Event: 10.199 Loading class javax/swing/MenuElement
Event: 10.200 Loading class javax/swing/MenuElement done
Event: 10.200 Loading class javax/swing/JMenuItem
Event: 10.200 Loading class javax/swing/AbstractButton
Event: 10.200 Loading class java/awt/ItemSelectable
Event: 10.200 Loading class java/awt/ItemSelectable done
Event: 10.201 Loading class javax/swing/AbstractButton done
Event: 10.201 Loading class javax/swing/JMenuItem done
Event: 10.201 Loading class javax/swing/JMenu done
Event: 69.527 Loading class java/lang/foreign/MemorySegment
Event: 69.528 Loading class java/lang/foreign/MemorySegment done
Event: 73.495 Loading class sun/awt/ExtendedKeyCodes
Event: 73.495 Loading class sun/awt/ExtendedKeyCodes done
Event: 73.512 Loading class com/apple/eawt/MacQuitResponse
Event: 73.512 Loading class java/awt/desktop/QuitResponse
Event: 73.512 Loading class java/awt/desktop/QuitResponse done
Event: 73.512 Loading class com/apple/eawt/MacQuitResponse done

Classes unloaded (0 events):
No events

Classes redefined (0 events):
No events

Internal exceptions (20 events):
Event: 4.352 Thread 0x0000000a63c8f100 Exception <a 'java/lang/NoSuchMethodError'{0x0000000497ee2f60}: 'java.lang.Object java.lang.invoke.Invokers$Holder.linkToTargetMethod(java.lang.Object, java.lang.Object, java.lang.Object, java.lang.Object, java.lang.Object, java.lang.Object, java.lang.Object, java.lang.Object, java.lang.Object, java.lang.Object, java.lang.Object, java.lang.Object, java.lang.Object, java.lang.Object, java.lang.Object, java.lang.Object, java.lang.Object)'> (0x0000000497ee2f60) 
thrown [src/hotspot/share/interpreter/linkResol
Event: 4.366 Thread 0x0000000a63c8f100 Exception <a 'java/lang/NoSuchMethodError'{0x0000000482cbf4e0}: 'java.lang.Object java.lang.invoke.DirectMethodHandle$Holder.invokeStatic(java.lang.Object, int, int, java.lang.Object, java.lang.Object)'> (0x0000000482cbf4e0) 
thrown [src/hotspot/share/interpreter/linkResolver.cpp, line 773]
Event: 4.366 Thread 0x0000000a63c8f100 Exception <a 'java/lang/NoSuchMethodError'{0x0000000482cc70a0}: 'java.lang.Object java.lang.invoke.DirectMethodHandle$Holder.newInvokeSpecial(java.lang.Object, int, int, java.lang.Object)'> (0x0000000482cc70a0) 
thrown [src/hotspot/share/interpreter/linkResolver.cpp, line 773]
Event: 4.366 Thread 0x0000000a63c8f100 Exception <a 'java/lang/NoSuchMethodError'{0x0000000482ccb840}: 'java.lang.Object java.lang.invoke.DirectMethodHandle$Holder.invokeSpecial(java.lang.Object, java.lang.Object, int, int, java.lang.Object)'> (0x0000000482ccb840) 
thrown [src/hotspot/share/interpreter/linkResolver.cpp, line 773]
Event: 4.366 Thread 0x0000000a63c8f100 Exception <a 'java/lang/NoSuchMethodError'{0x0000000482ccf978}: 'java.lang.Object java.lang.invoke.Invokers$Holder.linkToTargetMethod(int, int, java.lang.Object, java.lang.Object)'> (0x0000000482ccf978) 
thrown [src/hotspot/share/interpreter/linkResolver.cpp, line 773]
Event: 4.380 Thread 0x0000000a63c8f100 Exception <a 'java/lang/NoSuchMethodError'{0x0000000482f38db8}: 'java.lang.Object java.lang.invoke.DirectMethodHandle$Holder.newInvokeSpecial(java.lang.Object, java.lang.Object, int, java.lang.Object, int)'> (0x0000000482f38db8) 
thrown [src/hotspot/share/interpreter/linkResolver.cpp, line 773]
Event: 4.380 Thread 0x0000000a63c8f100 Exception <a 'java/lang/NoSuchMethodError'{0x0000000482f3d720}: 'java.lang.Object java.lang.invoke.DirectMethodHandle$Holder.invokeSpecial(java.lang.Object, java.lang.Object, java.lang.Object, int, java.lang.Object, int)'> (0x0000000482f3d720) 
thrown [src/hotspot/share/interpreter/linkResolver.cpp, line 773]
Event: 4.380 Thread 0x0000000a63c8f100 Exception <a 'java/lang/NoSuchMethodError'{0x0000000482f51be0}: 'java.lang.Object java.lang.invoke.DirectMethodHandle$Holder.newInvokeSpecial(java.lang.Object, java.lang.Object, java.lang.Object, java.lang.Object, int, java.lang.Object, int)'> (0x0000000482f51be0) 
thrown [src/hotspot/share/interpreter/linkResolver.cpp, line 773]
Event: 4.395 Thread 0x0000000a63c8f100 Exception <a 'java/lang/NoSuchMethodError'{0x00000004829fd050}: 'java.lang.Object java.lang.invoke.DirectMethodHandle$Holder.invokeStatic(java.lang.Object, java.lang.Object, int, int, java.lang.Object)'> (0x00000004829fd050) 
thrown [src/hotspot/share/interpreter/linkResolver.cpp, line 773]
Event: 4.396 Thread 0x0000000a63c8f100 Exception <a 'java/lang/NoSuchMethodError'{0x0000000482a04520}: 'java.lang.Object java.lang.invoke.DirectMethodHandle$Holder.newInvokeSpecial(java.lang.Object, java.lang.Object, int, int)'> (0x0000000482a04520) 
thrown [src/hotspot/share/interpreter/linkResolver.cpp, line 773]
Event: 4.396 Thread 0x0000000a63c8f100 Exception <a 'java/lang/NoSuchMethodError'{0x0000000482a08ed0}: 'java.lang.Object java.lang.invoke.DirectMethodHandle$Holder.invokeSpecial(java.lang.Object, java.lang.Object, java.lang.Object, int, int)'> (0x0000000482a08ed0) 
thrown [src/hotspot/share/interpreter/linkResolver.cpp, line 773]
Event: 4.396 Thread 0x0000000a63c8f100 Exception <a 'java/lang/NoSuchMethodError'{0x0000000482a0d2b8}: 'java.lang.Object java.lang.invoke.Invokers$Holder.linkToTargetMethod(java.lang.Object, int, int, java.lang.Object)'> (0x0000000482a0d2b8) 
thrown [src/hotspot/share/interpreter/linkResolver.cpp, line 773]
Event: 4.396 Thread 0x0000000a63c8f100 Exception <a 'java/lang/NoSuchMethodError'{0x0000000482a17358}: 'java.lang.Object java.lang.invoke.DirectMethodHandle$Holder.invokeStatic(java.lang.Object, int, java.lang.Object, int, java.lang.Object)'> (0x0000000482a17358) 
thrown [src/hotspot/share/interpreter/linkResolver.cpp, line 773]
Event: 4.405 Thread 0x0000000a63c8f100 Exception <a 'java/lang/NoSuchMethodError'{0x0000000482b5d750}: 'java.lang.Object java.lang.invoke.DirectMethodHandle$Holder.newInvokeSpecial(java.lang.Object, int, java.lang.Object, int, java.lang.Object)'> (0x0000000482b5d750) 
thrown [src/hotspot/share/interpreter/linkResolver.cpp, line 773]
Event: 4.407 Thread 0x0000000a63c8f100 Exception <a 'java/lang/NoSuchMethodError'{0x0000000482bbf168}: 'java.lang.Object java.lang.invoke.DirectMethodHandle$Holder.invokeSpecial(java.lang.Object, java.lang.Object, int, java.lang.Object, java.lang.Object, java.lang.Object, java.lang.Object, java.lang.Object)'> (0x0000000482bbf168) 
thrown [src/hotspot/share/interpreter/linkResolver.cpp, line 773]
Event: 5.534 Thread 0x0000000a63c8f100 Exception <a 'java/lang/NoSuchMethodError'{0x0000000482362a10}: 'java.lang.Object java.lang.invoke.DirectMethodHandle$Holder.newInvokeSpecial(java.lang.Object, java.lang.Object, java.lang.Object, java.lang.Object, java.lang.Object, int, int)'> (0x0000000482362a10) 
thrown [src/hotspot/share/interpreter/linkResolver.cpp, line 773]
Event: 5.535 Thread 0x0000000a63c8f100 Exception <a 'java/lang/NoSuchMethodError'{0x0000000482366d28}: 'java.lang.Object java.lang.invoke.DirectMethodHandle$Holder.invokeSpecial(java.lang.Object, java.lang.Object, java.lang.Object, java.lang.Object, java.lang.Object, java.lang.Object, int, int)'> (0x0000000482366d28) 
thrown [src/hotspot/share/interpreter/linkResolver.cpp, line 773]
Event: 5.535 Thread 0x0000000a63c8f100 Exception <a 'java/lang/NoSuchMethodError'{0x000000048236a968}: 'java.lang.Object java.lang.invoke.Invokers$Holder.linkToTargetMethod(java.lang.Object, java.lang.Object, java.lang.Object, java.lang.Object, int, int, java.lang.Object)'> (0x000000048236a968) 
thrown [src/hotspot/share/interpreter/linkResolver.cpp, line 773]
Event: 6.268 Thread 0x0000000a62b6aa00 Exception <a 'java/lang/NoSuchMethodError'{0x00000005fff806c8}: 'void java.lang.invoke.DirectMethodHandle$Holder.invokeStatic(java.lang.Object, int, java.lang.Object)'> (0x00000005fff806c8) 
thrown [src/hotspot/share/interpreter/linkResolver.cpp, line 773]
Event: 6.471 Thread 0x0000000a644bdc00 Exception <a 'java/lang/ClassNotFoundException'{0x00000005fff69a78}: sun/util/logging/resources/spi/loggingProvider> (0x00000005fff69a78) 
thrown [src/hotspot/share/classfile/systemDictionary.cpp, line 312]

ZGC Phase Switch (0 events):
No events

VM Operations (20 events):
Event: 60.129 Executing non-safepoint VM operation: HandshakeAllThreads (HandshakeForDeflation) done
Event: 60.129 Executing non-safepoint VM operation: RendezvousGCThreads
Event: 60.129 Executing non-safepoint VM operation: RendezvousGCThreads done
Event: 61.129 Executing safepoint VM operation: Cleanup
Event: 61.129 Executing safepoint VM operation: Cleanup done
Event: 62.133 Executing safepoint VM operation: Cleanup
Event: 62.133 Executing safepoint VM operation: Cleanup done
Event: 65.144 Executing safepoint VM operation: Cleanup
Event: 65.144 Executing safepoint VM operation: Cleanup done
Event: 67.149 Executing safepoint VM operation: Cleanup
Event: 67.149 Executing safepoint VM operation: Cleanup done
Event: 69.157 Executing safepoint VM operation: Cleanup
Event: 69.157 Executing safepoint VM operation: Cleanup done
Event: 70.160 Executing safepoint VM operation: Cleanup
Event: 70.160 Executing safepoint VM operation: Cleanup done
Event: 70.308 Executing safepoint VM operation: G1CollectForAllocation (G1 Evacuation Pause)
Event: 70.310 Executing safepoint VM operation: G1CollectForAllocation (G1 Evacuation Pause) done
Event: 71.313 Executing safepoint VM operation: Cleanup
Event: 71.313 Executing safepoint VM operation: Cleanup done
Event: 73.513 Executing safepoint VM operation: Exit

Memory protections (20 events):
Event: 1.210 Protecting memory [0x00000001759f0000,0x00000001759fc000] with protection modes 0
Event: 1.211 Protecting memory [0x0000000175bfc000,0x0000000175c08000] with protection modes 0
Event: 1.212 Protecting memory [0x0000000175e08000,0x0000000175e14000] with protection modes 0
Event: 1.214 Protecting memory [0x0000000176014000,0x0000000176020000] with protection modes 0
Event: 1.216 Protecting memory [0x0000000176220000,0x000000017622c000] with protection modes 0
Event: 1.216 Protecting memory [0x000000017642c000,0x0000000176438000] with protection modes 0
Event: 1.219 Protecting memory [0x0000000176638000,0x0000000176644000] with protection modes 0
Event: 1.220 Protecting memory [0x0000000176844000,0x0000000176850000] with protection modes 0
Event: 1.221 Protecting memory [0x0000000176a50000,0x0000000176a5c000] with protection modes 0
Event: 1.222 Protecting memory [0x0000000176c5c000,0x0000000176c68000] with protection modes 0
Event: 1.977 Protecting memory [0x0000000173fbc000,0x0000000173fc8000] with protection modes 3
Event: 6.268 Protecting memory [0x000000017700c000,0x0000000177018000] with protection modes 0
Event: 6.547 Protecting memory [0x0000000177678000,0x0000000177684000] with protection modes 0
Event: 17.576 Protecting memory [0x000000017799c000,0x00000001779a8000] with protection modes 0
Event: 64.340 Protecting memory [0x00000001759f0000,0x00000001759fc000] with protection modes 3
Event: 64.341 Protecting memory [0x0000000176c5c000,0x0000000176c68000] with protection modes 3
Event: 64.341 Protecting memory [0x00000001747ec000,0x00000001747f8000] with protection modes 3
Event: 64.342 Protecting memory [0x000000017378c000,0x0000000173798000] with protection modes 3
Event: 73.512 Protecting memory [0x000000017378c000,0x0000000173798000] with protection modes 0
Event: 73.512 Protecting memory [0x000000017378c000,0x0000000173798000] with protection modes 3

Nmethod flushes (20 events):
Event: 1.285 Thread 0x0000000a65895400 flushing  nmethod 0x00000001101ad910
Event: 1.285 Thread 0x0000000a65895400 flushing  nmethod 0x00000001101db510
Event: 1.285 Thread 0x0000000a65895400 flushing  nmethod 0x0000000110272910
Event: 1.285 Thread 0x0000000a65895400 flushing  nmethod 0x0000000110272d90
Event: 1.285 Thread 0x0000000a65895400 flushing  nmethod 0x0000000110276090
Event: 1.285 Thread 0x0000000a65895400 flushing  nmethod 0x00000001102c0b10
Event: 1.285 Thread 0x0000000a65895400 flushing  nmethod 0x00000001102c2010
Event: 1.285 Thread 0x0000000a65895400 flushing  nmethod 0x00000001102e1190
Event: 1.285 Thread 0x0000000a65895400 flushing  nmethod 0x00000001102e2790
Event: 1.285 Thread 0x0000000a65895400 flushing osr nmethod 0x00000001102e2e10
Event: 1.285 Thread 0x0000000a65895400 flushing  nmethod 0x00000001103aae90
Event: 1.285 Thread 0x0000000a65895400 flushing  nmethod 0x00000001103af010
Event: 1.285 Thread 0x0000000a65895400 flushing  nmethod 0x00000001103b1790
Event: 1.285 Thread 0x0000000a65895400 flushing  nmethod 0x00000001103b1e10
Event: 1.285 Thread 0x0000000a65895400 flushing  nmethod 0x00000001103b2a90
Event: 1.285 Thread 0x0000000a65895400 flushing  nmethod 0x00000001103b4090
Event: 1.285 Thread 0x0000000a65895400 flushing  nmethod 0x00000001102caa90
Event: 1.285 Thread 0x0000000a65895400 flushing  nmethod 0x00000001103c3c10
Event: 1.285 Thread 0x0000000a65895400 flushing  nmethod 0x0000000110384e90
Event: 1.285 Thread 0x0000000a65895400 flushing  nmethod 0x0000000110385790

Events (20 events):
Event: 1.211 Thread 0x0000000a64111500 Thread added: 0x0000000a62b69c00
Event: 1.211 Thread 0x0000000a64234700 Thread added: 0x0000000a62b6a300
Event: 1.213 Thread 0x0000000a63c8d500 Thread added: 0x0000000a62b6aa00
Event: 1.216 Thread 0x0000000a64236300 Thread added: 0x0000000a62b6b100
Event: 1.216 Thread 0x0000000a64236a00 Thread added: 0x0000000a62b6b800
Event: 1.217 Thread 0x0000000a62b69500 Thread added: 0x0000000a62bac000
Event: 1.220 Thread 0x0000000a63c8c700 Thread added: 0x0000000a62bac700
Event: 1.221 Thread 0x0000000a64235500 Thread added: 0x0000000a62bace00
Event: 1.222 Thread 0x0000000a64111500 Thread added: 0x0000000a62bad500
Event: 1.977 Thread 0x0000000a66fe3800 Thread exited: 0x0000000a66fe3800
Event: 6.268 Thread 0x0000000a62b6aa00 Thread added: 0x0000000a644bdc00
Event: 6.547 Thread 0x0000000a644bdc00 Thread added: 0x0000000a644bea00
Event: 17.576 Thread 0x0000000a63c8f100 Thread added: 0x0000000a61230700
Event: 64.340 Thread 0x0000000a62b69500 Thread exited: 0x0000000a62b69500
Event: 64.341 Thread 0x0000000a62bad500 Thread exited: 0x0000000a62bad500
Event: 64.341 Thread 0x0000000a63c8dc00 Thread exited: 0x0000000a63c8dc00
Event: 64.342 Thread 0x0000000a64235500 Thread exited: 0x0000000a64235500
Event: 73.512 Thread 0x0000000a64113800 Thread added: 0x0000000a6003a300
Event: 73.512 Thread 0x0000000a6003a300 Thread exited: 0x0000000a6003a300
Event: 73.513 Thread 0x0000000a64113800 Before exit entered


Dynamic libraries:
0x0000000100c0c000 	/Users/mattias800/Library/Java/JavaVirtualMachines/ms-21.0.10/Contents/Home/lib/libjli.dylib
0x00000001bab86000 	/System/Library/Frameworks/Cocoa.framework/Versions/A/Cocoa
0x00000001a00cf000 	/System/Library/Frameworks/AppKit.framework/Versions/C/AppKit
0x00000001a3718000 	/System/Library/Frameworks/CoreData.framework/Versions/A/CoreData
0x000000019d4cf000 	/System/Library/Frameworks/Foundation.framework/Versions/C/Foundation
0x00000001ab657000 	/usr/lib/libSystem.B.dylib
0x00000001a17ff000 	/System/Library/PrivateFrameworks/UIFoundation.framework/Versions/A/UIFoundation
0x00000002520e3000 	/System/Library/PrivateFrameworks/CollectionViewCore.framework/Versions/A/CollectionViewCore
0x00000001a8a23000 	/System/Library/PrivateFrameworks/XCTTargetBootstrap.framework/Versions/A/XCTTargetBootstrap
0x00000001adfd4000 	/System/Library/PrivateFrameworks/InternationalSupport.framework/Versions/A/InternationalSupport
0x00000001ae32e000 	/System/Library/PrivateFrameworks/UserActivity.framework/Versions/A/UserActivity
0x00000001a3da8000 	/System/Library/PrivateFrameworks/BaseBoard.framework/Versions/A/BaseBoard
0x000000025a887000 	/System/Library/PrivateFrameworks/FrontBoard.framework/Versions/A/FrontBoard
0x00000001b59da000 	/System/Library/PrivateFrameworks/FrontBoardServices.framework/Versions/A/FrontBoardServices
0x0000000296104000 	/usr/lib/libRosetta.dylib
0x0000000289a09000 	/System/Library/PrivateFrameworks/UIIntelligenceSupport.framework/Versions/A/UIIntelligenceSupport
0x0000000247086000 	/System/Library/Frameworks/SwiftUICore.framework/Versions/A/SwiftUICore
0x000000028ff83000 	/System/Library/PrivateFrameworks/WritingTools.framework/Versions/A/WritingTools
0x000000028edd9000 	/System/Library/PrivateFrameworks/WindowManagement.framework/Versions/A/WindowManagement
0x000000019d12e000 	/System/Library/Frameworks/SystemConfiguration.framework/Versions/A/SystemConfiguration
0x00000001ad2f1000 	/usr/lib/libspindump.dylib
0x00000001a19ba000 	/System/Library/Frameworks/UniformTypeIdentifiers.framework/Versions/A/UniformTypeIdentifiers
0x00000001aa902000 	/usr/lib/libbsm.0.dylib
0x00000001a6130000 	/usr/lib/libapp_launch_measurement.dylib
0x00000001a5436000 	/System/Library/PrivateFrameworks/CoreAnalytics.framework/Versions/A/CoreAnalytics
0x00000001a6134000 	/System/Library/PrivateFrameworks/CoreAutoLayout.framework/Versions/A/CoreAutoLayout
0x00000001a7f6e000 	/System/Library/Frameworks/Metal.framework/Versions/A/Metal
0x00000001a936e000 	/usr/lib/liblangid.dylib
0x00000001a8a29000 	/System/Library/PrivateFrameworks/CoreSVG.framework/Versions/A/CoreSVG
0x00000001a241b000 	/System/Library/PrivateFrameworks/SkyLight.framework/Versions/A/SkyLight
0x000000025a5c0000 	/System/Library/PrivateFrameworks/FocusEngine.framework/Versions/A/FocusEngine
0x00000001a29b4000 	/System/Library/Frameworks/CoreGraphics.framework/Versions/A/CoreGraphics
0x00000002581cf000 	/System/Library/PrivateFrameworks/DesignLibrary.framework/Versions/A/DesignLibrary
0x00000001b3ca0000 	/System/Library/Frameworks/Accelerate.framework/Versions/A/Accelerate
0x00000001ad0e7000 	/System/Library/PrivateFrameworks/IconServices.framework/Versions/A/IconServices
0x00000001a7f46000 	/System/Library/Frameworks/IOSurface.framework/Versions/A/IOSurface
0x00000001a5466000 	/usr/lib/libDiagnosticMessagesClient.dylib
0x00000001ab5a0000 	/usr/lib/libz.1.dylib
0x00000001b7fc3000 	/System/Library/Frameworks/ApplicationServices.framework/Versions/A/ApplicationServices
0x00000001a8a0e000 	/System/Library/PrivateFrameworks/DFRFoundation.framework/Versions/A/DFRFoundation
0x000000019f91e000 	/usr/lib/libicucore.A.dylib
0x00000001af56a000 	/System/Library/Frameworks/AudioToolbox.framework/Versions/A/AudioToolbox
0x00000001ae2dc000 	/System/Library/PrivateFrameworks/DataDetectorsCore.framework/Versions/A/DataDetectorsCore
0x000000028a5ef000 	/System/Library/PrivateFrameworks/UpdateCycle.framework/Versions/A/UpdateCycle
0x00000001cc194000 	/System/Library/PrivateFrameworks/TextInput.framework/Versions/A/TextInput
0x00000001a235d000 	/usr/lib/libMobileGestalt.dylib
0x00000001a870a000 	/System/Library/Frameworks/Carbon.framework/Versions/A/Frameworks/HIToolbox.framework/Versions/A/HIToolbox
0x00000001a599b000 	/System/Library/Frameworks/QuartzCore.framework/Versions/A/QuartzCore
0x000000019f4f9000 	/System/Library/Frameworks/Security.framework/Versions/A/Security
0x00000001b361f000 	/System/Library/Frameworks/Carbon.framework/Versions/A/Frameworks/SpeechRecognition.framework/Versions/A/SpeechRecognition
0x00000001a5dff000 	/System/Library/PrivateFrameworks/CoreUI.framework/Versions/A/CoreUI
0x000000019ed4d000 	/System/Library/Frameworks/CoreAudio.framework/Versions/A/CoreAudio
0x00000001a555a000 	/System/Library/Frameworks/DiskArbitration.framework/Versions/A/DiskArbitration
0x00000001ad7ae000 	/System/Library/PrivateFrameworks/MultitouchSupport.framework/Versions/A/MultitouchSupport
0x00000001a235b000 	/usr/lib/libenergytrace.dylib
0x00000001bf6c1000 	/System/Library/PrivateFrameworks/RenderBox.framework/Versions/A/RenderBox
0x000000019ff76000 	/System/Library/Frameworks/IOKit.framework/Versions/A/IOKit
0x00000001b3a29000 	/System/Library/Frameworks/CoreServices.framework/Versions/A/CoreServices
0x00000001a60c1000 	/System/Library/PrivateFrameworks/PerformanceAnalysis.framework/Versions/A/PerformanceAnalysis
0x0000000201e1c000 	/System/Library/Frameworks/OpenGL.framework/Versions/A/OpenGL
0x00000001a617e000 	/usr/lib/libxml2.2.dylib
0x00000001aa7e3000 	/System/Library/PrivateFrameworks/MobileKeyBag.framework/Versions/A/MobileKeyBag
0x000000019b7e8000 	/usr/lib/libobjc.A.dylib
0x000000019bb4c000 	/usr/lib/libc++.1.dylib
0x00000001b39a6000 	/System/Library/Frameworks/Accessibility.framework/Versions/A/Accessibility
0x00000001a310e000 	/System/Library/Frameworks/ColorSync.framework/Versions/A/ColorSync
0x000000019bc7d000 	/System/Library/Frameworks/CoreFoundation.framework/Versions/A/CoreFoundation
0x00000001a8db0000 	/System/Library/Frameworks/CoreImage.framework/Versions/A/CoreImage
0x000000019eb20000 	/System/Library/Frameworks/CoreText.framework/Versions/A/CoreText
0x000000024166d000 	/System/Library/Frameworks/CoreTransferable.framework/Versions/A/CoreTransferable
0x0000000241ba9000 	/System/Library/Frameworks/DataDetection.framework/Versions/A/DataDetection
0x0000000241bbe000 	/System/Library/Frameworks/DeveloperToolsSupport.framework/Versions/A/DeveloperToolsSupport
0x00000001a8a67000 	/System/Library/Frameworks/ImageIO.framework/Versions/A/ImageIO
0x0000000247ffb000 	/System/Library/Frameworks/Symbols.framework/Versions/A/Symbols
0x00000001d1368000 	/System/Library/PrivateFrameworks/AttributeGraph.framework/Versions/A/AttributeGraph
0x00000001b5ab9000 	/System/Library/PrivateFrameworks/BoardServices.framework/Versions/A/BoardServices
0x00000001f59fd000 	/System/Library/PrivateFrameworks/FeatureFlags.framework/Versions/A/FeatureFlags
0x00000002637a7000 	/System/Library/PrivateFrameworks/Gestures.framework/Versions/A/Gestures
0x00000001ab65c000 	/System/Library/PrivateFrameworks/SoftLinking.framework/Versions/A/SoftLinking
0x00000001dfb69000 	/usr/lib/swift/libswiftAccelerate.dylib
0x00000001d604b000 	/usr/lib/swift/libswiftCompression.dylib
0x00000001aeed2000 	/usr/lib/swift/libswiftCore.dylib
0x00000001c8478000 	/usr/lib/swift/libswiftCoreFoundation.dylib
0x00000001c84d1000 	/usr/lib/swift/libswiftCoreImage.dylib
0x00000001b5755000 	/usr/lib/swift/libswiftDispatch.dylib
0x00000001c84d2000 	/usr/lib/swift/libswiftIOKit.dylib
0x00000001d603e000 	/usr/lib/swift/libswiftMetal.dylib
0x00000001e534c000 	/usr/lib/swift/libswiftOSLog.dylib
0x00000001b8613000 	/usr/lib/swift/libswiftObjectiveC.dylib
0x0000000297342000 	/usr/lib/swift/libswiftObservation.dylib
0x00000001db301000 	/usr/lib/swift/libswiftQuartzCore.dylib
0x0000000297481000 	/usr/lib/swift/libswiftSynchronization.dylib
0x00000001dfb5a000 	/usr/lib/swift/libswiftUniformTypeIdentifiers.dylib
0x00000001c848a000 	/usr/lib/swift/libswiftXPC.dylib
0x00000002974bb000 	/usr/lib/swift/libswift_Builtin_float.dylib
0x00000002974be000 	/usr/lib/swift/libswift_Concurrency.dylib
0x00000001b8617000 	/usr/lib/swift/libswiftos.dylib
0x00000001cbf29000 	/usr/lib/swift/libswiftsimd.dylib
0x00000001ab883000 	/usr/lib/libcompression.dylib
0x00000001adf34000 	/System/Library/PrivateFrameworks/TextureIO.framework/Versions/A/TextureIO
0x00000001a32ba000 	/System/Library/Frameworks/ApplicationServices.framework/Versions/A/Frameworks/HIServices.framework/Versions/A/HIServices
0x00000001acd70000 	/usr/lib/libate.dylib
0x00000001ab651000 	/usr/lib/system/libcache.dylib
0x00000001ab60c000 	/usr/lib/system/libcommonCrypto.dylib
0x00000001ab637000 	/usr/lib/system/libcompiler_rt.dylib
0x00000001ab62c000 	/usr/lib/system/libcopyfile.dylib
0x000000019b986000 	/usr/lib/system/libcorecrypto.dylib
0x000000019ba7f000 	/usr/lib/system/libdispatch.dylib
0x000000019b83c000 	/usr/lib/system/libdyld.dylib
0x00000001ab647000 	/usr/lib/system/libkeymgr.dylib
0x00000001ab5ef000 	/usr/lib/system/libmacho.dylib
0x00000001aa8da000 	/usr/lib/system/libquarantine.dylib
0x00000001ab644000 	/usr/lib/system/libremovefile.dylib
0x00000001a23de000 	/usr/lib/system/libsystem_asl.dylib
0x000000019b90c000 	/usr/lib/system/libsystem_blocks.dylib
0x000000019bac9000 	/usr/lib/system/libsystem_c.dylib
0x00000001ab63b000 	/usr/lib/system/libsystem_collections.dylib
0x00000001a935b000 	/usr/lib/system/libsystem_configuration.dylib
0x00000001a7f0d000 	/usr/lib/system/libsystem_containermanager.dylib
0x00000001ab05d000 	/usr/lib/system/libsystem_coreservices.dylib
0x000000019fbf0000 	/usr/lib/system/libsystem_darwin.dylib
0x0000000297811000 	/usr/lib/system/libsystem_darwindirectory.dylib
0x00000001ab648000 	/usr/lib/system/libsystem_dnssd.dylib
0x0000000297815000 	/usr/lib/system/libsystem_eligibility.dylib
0x000000019bac6000 	/usr/lib/system/libsystem_featureflags.dylib
0x000000019bc4d000 	/usr/lib/system/libsystem_info.dylib
0x00000001ab5b0000 	/usr/lib/system/libsystem_m.dylib
0x000000019ba33000 	/usr/lib/system/libsystem_malloc.dylib
0x00000001a2340000 	/usr/lib/system/libsystem_networkextension.dylib
0x00000001a0061000 	/usr/lib/system/libsystem_notify.dylib
0x00000001a9360000 	/usr/lib/system/libsystem_sandbox.dylib
0x000000029781f000 	/usr/lib/system/libsystem_sanitizers.dylib
0x00000001ab640000 	/usr/lib/system/libsystem_secinit.dylib
0x000000019bbfa000 	/usr/lib/system/libsystem_kernel.dylib
0x000000019bc44000 	/usr/lib/system/libsystem_platform.dylib
0x000000019bc37000 	/usr/lib/system/libsystem_pthread.dylib
0x00000001a3f8b000 	/usr/lib/system/libsystem_symptoms.dylib
0x000000019b965000 	/usr/lib/system/libsystem_trace.dylib
0x0000000297827000 	/usr/lib/system/libsystem_trial.dylib
0x00000001ab61a000 	/usr/lib/system/libunwind.dylib
0x000000019b910000 	/usr/lib/system/libxpc.dylib
0x000000019bbdf000 	/usr/lib/libc++abi.dylib
0x0000000297052000 	/usr/lib/libswiftPrespecialized.dylib
0x00000001ab659000 	/usr/lib/libfakelink.dylib
0x00000001a1f84000 	/System/Library/Frameworks/CFNetwork.framework/Versions/A/CFNetwork
0x00000001ab6ad000 	/usr/lib/libarchive.2.dylib
0x00000001b1734000 	/System/Library/Frameworks/Combine.framework/Versions/A/Combine
0x0000000252108000 	/System/Library/PrivateFrameworks/CollectionsInternal.framework/Versions/A/CollectionsInternal
0x0000000278c43000 	/System/Library/PrivateFrameworks/ReflectionInternal.framework/Versions/A/ReflectionInternal
0x0000000279acf000 	/System/Library/PrivateFrameworks/RuntimeInternal.framework/Versions/A/RuntimeInternal
0x00000001c5332000 	/usr/lib/swift/libswiftDarwin.dylib
0x0000000297489000 	/usr/lib/swift/libswiftSystem.dylib
0x0000000297548000 	/usr/lib/swift/libswift_DarwinFoundation1.dylib
0x0000000297629000 	/usr/lib/swift/libswift_StringProcessing.dylib
0x000000019fef5000 	/System/Library/PrivateFrameworks/CoreServicesInternal.framework/Versions/A/CoreServicesInternal
0x00000001ab624000 	/usr/lib/liboah.dylib
0x00000001b7a61000 	/System/Library/PrivateFrameworks/DiskImages.framework/Versions/A/DiskImages
0x00000001c4df5000 	/System/Library/Frameworks/NetFS.framework/Versions/A/NetFS
0x00000001a60f8000 	/System/Library/Frameworks/CoreServices.framework/Versions/A/Frameworks/FSEvents.framework/Versions/A/FSEvents
0x000000019fbfb000 	/System/Library/Frameworks/CoreServices.framework/Versions/A/Frameworks/CarbonCore.framework/Versions/A/CarbonCore
0x00000001a54ce000 	/System/Library/Frameworks/CoreServices.framework/Versions/A/Frameworks/Metadata.framework/Versions/A/Metadata
0x00000001ab064000 	/System/Library/Frameworks/CoreServices.framework/Versions/A/Frameworks/OSServices.framework/Versions/A/OSServices
0x00000001ab7a5000 	/System/Library/Frameworks/CoreServices.framework/Versions/A/Frameworks/SearchKit.framework/Versions/A/SearchKit
0x00000001a3f05000 	/System/Library/Frameworks/CoreServices.framework/Versions/A/Frameworks/AE.framework/Versions/A/AE
0x000000019c1c6000 	/System/Library/Frameworks/CoreServices.framework/Versions/A/Frameworks/LaunchServices.framework/Versions/A/LaunchServices
0x00000001acbc6000 	/System/Library/Frameworks/CoreServices.framework/Versions/A/Frameworks/DictionaryServices.framework/Versions/A/DictionaryServices
0x00000001a6106000 	/System/Library/Frameworks/CoreServices.framework/Versions/A/Frameworks/SharedFileList.framework/Versions/A/SharedFileList
0x00000001ab83a000 	/usr/lib/libapple_nghttp2.dylib
0x00000001a3b1f000 	/usr/lib/libsqlite3.dylib
0x00000001b7ca9000 	/System/Library/PrivateFrameworks/AppSupport.framework/Versions/A/AppSupport
0x00000001afc03000 	/System/Library/Frameworks/GSS.framework/Versions/A/GSS
0x00000001a3e99000 	/System/Library/PrivateFrameworks/RunningBoardServices.framework/Versions/A/RunningBoardServices
0x00000001b85a1000 	/System/Library/PrivateFrameworks/StreamingZip.framework/Versions/A/StreamingZip
0x00000001a3f94000 	/System/Library/Frameworks/Network.framework/Versions/A/Network
0x00000001ab5f3000 	/usr/lib/system/libkxld.dylib
0x000000024d9b2000 	/System/Library/PrivateFrameworks/AppleKeyStore.framework/Versions/A/AppleKeyStore
0x0000000295de8000 	/usr/lib/libCoreEntitlements.dylib
0x000000026eb9e000 	/System/Library/PrivateFrameworks/MessageSecurity.framework/Versions/A/MessageSecurity
0x00000001a3b03000 	/System/Library/PrivateFrameworks/ProtocolBuffer.framework/Versions/A/ProtocolBuffer
0x00000001b4b5b000 	/System/Library/PrivateFrameworks/SymptomDiagnosticReporter.framework/Versions/A/SymptomDiagnosticReporter
0x00000001ace0a000 	/System/Library/PrivateFrameworks/CrashReporterSupport.framework/Versions/A/CrashReporterSupport
0x00000001ab044000 	/System/Library/PrivateFrameworks/AppleFSCompression.framework/Versions/A/AppleFSCompression
0x00000001aa8ea000 	/usr/lib/libcoretls.dylib
0x00000001acc3d000 	/usr/lib/libcoretls_cfhelpers.dylib
0x00000001ab87c000 	/usr/lib/libpam.2.dylib
0x00000001accaf000 	/usr/lib/libxar.1.dylib
0x00000001acc3f000 	/System/Library/PrivateFrameworks/APFS.framework/Versions/A/APFS
0x00000002844fb000 	/System/Library/PrivateFrameworks/SwiftASN1Internal.framework/Versions/A/SwiftASN1Internal
0x00000001accbe000 	/usr/lib/libutil.dylib
0x00000001a9369000 	/System/Library/PrivateFrameworks/AppleSystemInfo.framework/Versions/A/AppleSystemInfo
0x00000001aa5d2000 	/System/Library/PrivateFrameworks/IOMobileFramebuffer.framework/Versions/A/IOMobileFramebuffer
0x00000001c833e000 	/System/Library/PrivateFrameworks/LoggingSupport.framework/Versions/A/LoggingSupport
0x00000001afc66000 	/System/Library/PrivateFrameworks/MobileAsset.framework/Versions/A/MobileAsset
0x00000001b4b6b000 	/System/Library/PrivateFrameworks/PowerLog.framework/Versions/A/PowerLog
0x0000000246f24000 	/System/Library/Frameworks/SwiftData.framework/Versions/A/SwiftData
0x00000001a632a000 	/System/Library/PrivateFrameworks/UserManagement.framework/Versions/A/UserManagement
0x00000001a1eaf000 	/usr/lib/libboringssl.dylib
0x00000001a3f79000 	/usr/lib/libdns_services.dylib
0x00000001c7377000 	/usr/lib/libquic.dylib
0x00000001aee62000 	/usr/lib/libusrtcp.dylib
0x000000024e7a5000 	/System/Library/PrivateFrameworks/AtomicsInternal.framework/Versions/A/AtomicsInternal
0x00000001edb84000 	/System/Library/PrivateFrameworks/InternalSwiftProtobuf.framework/Versions/A/InternalSwiftProtobuf
0x0000000297319000 	/usr/lib/swift/libswiftDistributed.dylib
0x00000001a9367000 	/System/Library/PrivateFrameworks/AggregateDictionary.framework/Versions/A/AggregateDictionary
0x000000024ef35000 	/System/Library/PrivateFrameworks/BiomeLibrary.framework/Versions/A/BiomeLibrary
0x00000001d7012000 	/System/Library/PrivateFrameworks/BiomeStreams.framework/Versions/A/BiomeStreams
0x00000001d3249000 	/System/Library/PrivateFrameworks/BiomeFoundation.framework/Versions/A/BiomeFoundation
0x00000001dd0c6000 	/System/Library/PrivateFrameworks/BiomePubSub.framework/Versions/A/BiomePubSub
0x00000001b95c5000 	/System/Library/PrivateFrameworks/ProactiveSupport.framework/Versions/A/ProactiveSupport
0x00000001acc1e000 	/usr/lib/liblzma.5.dylib
0x00000001b7fc4000 	/System/Library/PrivateFrameworks/InternationalTextSearch.framework/Versions/A/InternationalTextSearch
0x00000001cf766000 	/System/Library/PrivateFrameworks/SoftwareUpdateCoreSupport.framework/Versions/A/SoftwareUpdateCoreSupport
0x00000001d7a94000 	/System/Library/PrivateFrameworks/SoftwareUpdateCoreConnect.framework/Versions/A/SoftwareUpdateCoreConnect
0x00000001b7b5f000 	/System/Library/PrivateFrameworks/RemoteServiceDiscovery.framework/Versions/A/RemoteServiceDiscovery
0x00000001cf35d000 	/System/Library/PrivateFrameworks/MSUDataAccessor.framework/Versions/A/MSUDataAccessor
0x00000001ca496000 	/usr/lib/libbootpolicy.dylib
0x00000001b7b76000 	/System/Library/PrivateFrameworks/RemoteXPC.framework/Versions/A/RemoteXPC
0x00000001d6ede000 	/usr/lib/libFDR.dylib
0x00000001dcce7000 	/usr/lib/libamsupport.dylib
0x00000002960fc000 	/usr/lib/libReverseProxyDevice.dylib
0x000000024d30c000 	/System/Library/PrivateFrameworks/AppleDeviceQuerySupport.framework/Versions/A/AppleDeviceQuerySupport
0x00000001dfd69000 	/usr/lib/libpartition2_dynamic.dylib
0x00000001ab816000 	/System/Library/PrivateFrameworks/AppleSauce.framework/Versions/A/AppleSauce
0x0000000295c89000 	/usr/lib/libAppleArchive.dylib
0x00000001ab050000 	/usr/lib/libbz2.1.0.dylib
0x00000001a5564000 	/System/Library/Frameworks/Accelerate.framework/Versions/A/Frameworks/vImage.framework/Versions/A/vImage
0x00000001b3a03000 	/System/Library/Frameworks/Accelerate.framework/Versions/A/Frameworks/vecLib.framework/Versions/A/vecLib
0x00000001accf5000 	/System/Library/Frameworks/Accelerate.framework/Versions/A/Frameworks/vecLib.framework/Versions/A/libvMisc.dylib
0x000000019c6c6000 	/System/Library/Frameworks/Accelerate.framework/Versions/A/Frameworks/vecLib.framework/Versions/A/libBLAS.dylib
0x00000001a6265000 	/System/Library/Frameworks/CoreVideo.framework/Versions/A/CoreVideo
0x00000001af80b000 	/System/Library/Frameworks/ApplicationServices.framework/Versions/A/Frameworks/ATS.framework/Versions/A/ATS
0x00000001adebd000 	/System/Library/Frameworks/ApplicationServices.framework/Versions/A/Frameworks/PrintCore.framework/Versions/A/PrintCore
0x00000001afbcc000 	/System/Library/Frameworks/ApplicationServices.framework/Versions/A/Frameworks/QD.framework/Versions/A/QD
0x00000001afbc7000 	/System/Library/Frameworks/ApplicationServices.framework/Versions/A/Frameworks/ColorSyncLegacy.framework/Versions/A/ColorSyncLegacy
0x00000001af7dd000 	/System/Library/Frameworks/ApplicationServices.framework/Versions/A/Frameworks/SpeechSynthesis.framework/Versions/A/SpeechSynthesis
0x00000001a8438000 	/System/Library/PrivateFrameworks/FontServices.framework/libFontParser.dylib
0x00000001b7885000 	/System/Library/PrivateFrameworks/BackBoardServices.framework/Versions/A/BackBoardServices
0x000000024ee51000 	/System/Library/PrivateFrameworks/BackBoardHIDEventFoundation.framework/Versions/A/BackBoardHIDEventFoundation
0x000000019e631000 	/System/Library/Frameworks/CoreDisplay.framework/Versions/A/CoreDisplay
0x00000001ad7f4000 	/System/Library/Frameworks/VideoToolbox.framework/Versions/A/VideoToolbox
0x00000001ab87a000 	/System/Library/Frameworks/MetalPerformanceShaders.framework/Versions/A/MetalPerformanceShaders
0x0000000277d20000 	/System/Library/PrivateFrameworks/ProDisplayLibrary.framework/Versions/A/ProDisplayLibrary
0x00000001bb64f000 	/System/Library/PrivateFrameworks/IOSurfaceAccelerator.framework/Versions/A/IOSurfaceAccelerator
0x00000001a7f63000 	/System/Library/PrivateFrameworks/IOAccelerator.framework/Versions/A/IOAccelerator
0x00000001a827b000 	/System/Library/Frameworks/CoreMedia.framework/Versions/A/CoreMedia
0x00000001a23f6000 	/System/Library/PrivateFrameworks/TCC.framework/Versions/A/TCC
0x00000001ad7ac000 	/System/Library/PrivateFrameworks/WatchdogClient.framework/Versions/A/WatchdogClient
0x00000001dd124000 	/System/Library/PrivateFrameworks/BiomeStorage.framework/Versions/A/BiomeStorage
0x0000000269746000 	/System/Library/PrivateFrameworks/IntelligencePlatformLibrary.framework/Versions/A/IntelligencePlatformLibrary
0x000000027702d000 	/System/Library/PrivateFrameworks/PoirotSchematizer.framework/Versions/A/PoirotSchematizer
0x000000024f77a000 	/System/Library/PrivateFrameworks/BiomeSync.framework/Versions/A/BiomeSync
0x000000024ef1b000 	/System/Library/PrivateFrameworks/BiomeDSL.framework/Versions/A/BiomeDSL
0x0000000277097000 	/System/Library/PrivateFrameworks/PoirotUDFs.framework/Versions/A/PoirotUDFs
0x0000000276ffc000 	/System/Library/PrivateFrameworks/PoirotSQLite.framework/Versions/A/PoirotSQLite
0x00000001b5fd6000 	/System/Library/PrivateFrameworks/CoreTime.framework/Versions/A/CoreTime
0x00000001ab692000 	/usr/lib/libiconv.2.dylib
0x00000001ab5ee000 	/usr/lib/libcharset.1.dylib
0x0000000297589000 	/usr/lib/swift/libswift_RegexParser.dylib
0x0000000250d83000 	/System/Library/PrivateFrameworks/CascadeSets.framework/Versions/A/CascadeSets
0x00000001afdd3000 	/System/Library/PrivateFrameworks/CorePhoneNumbers.framework/Versions/A/CorePhoneNumbers
0x00000001ad676000 	/System/Library/PrivateFrameworks/AppleJPEG.framework/Versions/A/AppleJPEG
0x00000001ad062000 	/usr/lib/libexpat.1.dylib
0x00000001add90000 	/System/Library/Frameworks/ImageIO.framework/Versions/A/Resources/libPng.dylib
0x00000001addbc000 	/System/Library/Frameworks/ImageIO.framework/Versions/A/Resources/libTIFF.dylib
0x00000001adea6000 	/System/Library/Frameworks/ImageIO.framework/Versions/A/Resources/libGIF.dylib
0x00000001ad6bb000 	/System/Library/Frameworks/ImageIO.framework/Versions/A/Resources/libJP2.dylib
0x00000001ade4c000 	/System/Library/Frameworks/ImageIO.framework/Versions/A/Resources/libJPEG.dylib
0x00000001ade43000 	/System/Library/Frameworks/ImageIO.framework/Versions/A/Resources/libRadiance.dylib
0x000000025ff6e000 	/System/Library/PrivateFrameworks/GPUCompiler.framework/Versions/32023/Libraries/libllvm-flatbuffers.dylib
0x000000025a87a000 	/System/Library/PrivateFrameworks/FramePacing.framework/Versions/A/FramePacing
0x0000000201e0e000 	/System/Library/Frameworks/OpenGL.framework/Versions/A/Libraries/libCoreFSCache.dylib
0x000000025b9bb000 	/System/Library/PrivateFrameworks/GPUCompiler.framework/Versions/32023/Libraries/libGPUCompilerUtils.dylib
0x00000001b5b86000 	/System/Library/PrivateFrameworks/GraphicsServices.framework/Versions/A/GraphicsServices
0x00000001b9751000 	/System/Library/PrivateFrameworks/ASEProcessing.framework/Versions/A/ASEProcessing
0x00000001e93a0000 	/System/Library/PrivateFrameworks/Symbolication.framework/Versions/A/Symbolication
0x0000000276c1d000 	/System/Library/PrivateFrameworks/PhotosensitivityProcessing.framework/Versions/A/PhotosensitivityProcessing
0x00000001ad293000 	/System/Library/PrivateFrameworks/GraphVisualizer.framework/Versions/A/GraphVisualizer
0x0000000201e6d000 	/System/Library/Frameworks/OpenGL.framework/Versions/A/Libraries/libGLU.dylib
0x0000000201e30000 	/System/Library/Frameworks/OpenGL.framework/Versions/A/Libraries/libGFXShared.dylib
0x000000023ff44000 	/System/Library/Frameworks/OpenGL.framework/Versions/A/Libraries/libGL.dylib
0x0000000201e39000 	/System/Library/Frameworks/OpenGL.framework/Versions/A/Libraries/libGLImage.dylib
0x0000000201e2d000 	/System/Library/Frameworks/OpenGL.framework/Versions/A/Libraries/libCVMSPluginSupport.dylib
0x0000000201e16000 	/System/Library/Frameworks/OpenGL.framework/Versions/A/Libraries/libCoreVMClient.dylib
0x000000025a785000 	/System/Library/PrivateFrameworks/FontServices.framework/Versions/A/FontServices
0x00000001ad2a3000 	/System/Library/PrivateFrameworks/OTSVG.framework/Versions/A/OTSVG
0x00000001a5dac000 	/System/Library/Frameworks/ApplicationServices.framework/Versions/A/Frameworks/ATS.framework/Versions/A/Resources/libFontRegistry.dylib
0x000000029660c000 	/usr/lib/libhvf.dylib
0x0000000273a52000 	/System/Library/PrivateFrameworks/ParsingInternal.framework/Versions/A/ParsingInternal
0x000000025a789000 	/System/Library/PrivateFrameworks/FontServices.framework/libXTFontStaticRegistryData.dylib
0x00000001a92a8000 	/System/Library/Frameworks/MetalPerformanceShaders.framework/Versions/A/Frameworks/MPSCore.framework/Versions/A/MPSCore
0x00000001aafaf000 	/System/Library/Frameworks/MetalPerformanceShaders.framework/Versions/A/Frameworks/MPSImage.framework/Versions/A/MPSImage
0x00000001aa98d000 	/System/Library/Frameworks/MetalPerformanceShaders.framework/Versions/A/Frameworks/MPSNeuralNetwork.framework/Versions/A/MPSNeuralNetwork
0x00000001aadc5000 	/System/Library/Frameworks/MetalPerformanceShaders.framework/Versions/A/Frameworks/MPSMatrix.framework/Versions/A/MPSMatrix
0x00000001aabda000 	/System/Library/Frameworks/MetalPerformanceShaders.framework/Versions/A/Frameworks/MPSRayIntersector.framework/Versions/A/MPSRayIntersector
0x00000001aadf7000 	/System/Library/Frameworks/MetalPerformanceShaders.framework/Versions/A/Frameworks/MPSNDArray.framework/Versions/A/MPSNDArray
0x0000000243ee8000 	/System/Library/Frameworks/MetalPerformanceShaders.framework/Versions/A/Frameworks/MPSFunctions.framework/Versions/A/MPSFunctions
0x0000000243ec9000 	/System/Library/Frameworks/MetalPerformanceShaders.framework/Versions/A/Frameworks/MPSBenchmarkLoop.framework/Versions/A/MPSBenchmarkLoop
0x000000019c4e1000 	/System/Library/PrivateFrameworks/MetalTools.framework/Versions/A/MetalTools
0x00000001cd5ce000 	/System/Library/PrivateFrameworks/IOAccelMemoryInfo.framework/Versions/A/IOAccelMemoryInfo
0x00000001db6f7000 	/System/Library/PrivateFrameworks/kperf.framework/Versions/A/kperf
0x00000001c8454000 	/System/Library/PrivateFrameworks/GPURawCounter.framework/Versions/A/GPURawCounter
0x00000001b5ebf000 	/System/Library/PrivateFrameworks/CoreSymbolication.framework/Versions/A/CoreSymbolication
0x00000001c83cb000 	/System/Library/PrivateFrameworks/MallocStackLogging.framework/Versions/A/MallocStackLogging
0x00000001b5e9c000 	/System/Library/PrivateFrameworks/DebugSymbols.framework/Versions/A/DebugSymbols
0x00000001d9f60000 	/System/Library/PrivateFrameworks/OSAnalytics.framework/Versions/A/OSAnalytics
0x0000000258681000 	/System/Library/PrivateFrameworks/DeviceRecovery.framework/Versions/A/DeviceRecovery
0x0000000241d03000 	/System/Library/Frameworks/ExtensionFoundation.framework/Versions/A/ExtensionFoundation
0x00000001ad2e4000 	/System/Library/PrivateFrameworks/AppServerSupport.framework/Versions/A/AppServerSupport
0x00000001acf61000 	/System/Library/PrivateFrameworks/PlugInKit.framework/Versions/A/PlugInKit
0x00000001aa7fb000 	/System/Library/PrivateFrameworks/AssertionServices.framework/Versions/A/AssertionServices
0x00000001ad087000 	/System/Library/PrivateFrameworks/IconFoundation.framework/Versions/A/IconFoundation
0x000000026664a000 	/System/Library/PrivateFrameworks/IconRendering.framework/Versions/A/IconRendering
0x0000000279c80000 	/System/Library/PrivateFrameworks/SFSymbols.framework/Versions/A/SFSymbols
0x000000019e755000 	/System/Library/PrivateFrameworks/AudioToolboxCore.framework/Versions/A/AudioToolboxCore
0x00000001af745000 	/System/Library/PrivateFrameworks/AudioSession.framework/Versions/A/AudioSession
0x00000001ba999000 	/System/Library/Frameworks/CoreMIDI.framework/Versions/A/CoreMIDI
0x00000001af7c4000 	/usr/lib/libAudioStatistics.dylib
0x00000001a8252000 	/System/Library/PrivateFrameworks/caulk.framework/Versions/A/caulk
0x00000001add6a000 	/usr/lib/libAudioToolboxUtility.dylib
0x00000001c8458000 	/usr/lib/swift/libswiftCoreAudio.dylib
0x00000001cebbf000 	/usr/lib/swift/libswiftCoreMIDI.dylib
0x00000001afbd5000 	/System/Library/PrivateFrameworks/perfdata.framework/Versions/A/perfdata
0x00000001c7475000 	/System/Library/PrivateFrameworks/SystemPolicy.framework/Versions/A/SystemPolicy
0x00000001afa7a000 	/usr/lib/libSMC.dylib
0x00000001afbe3000 	/usr/lib/libperfcheck.dylib
0x000000024e865000 	/System/Library/PrivateFrameworks/AudioAnalytics.framework/Versions/A/AudioAnalytics
0x000000029754c000 	/usr/lib/swift/libswift_DarwinFoundation2.dylib
0x000000029754d000 	/usr/lib/swift/libswift_DarwinFoundation3.dylib
0x00000001ed885000 	/System/Library/Frameworks/OSLog.framework/Versions/A/OSLog
0x00000001c83fd000 	/usr/lib/libmis.dylib
0x00000001ad1a4000 	/System/Library/PrivateFrameworks/MediaExperience.framework/Versions/A/MediaExperience
0x00000001af513000 	/System/Library/PrivateFrameworks/AudioSession.framework/libSessionUtility.dylib
0x00000001adeac000 	/System/Library/PrivateFrameworks/CMCaptureCore.framework/Versions/A/CMCaptureCore
0x00000001b4a4a000 	/System/Library/Frameworks/CoreBluetooth.framework/Versions/A/CoreBluetooth
0x00000001aa667000 	/System/Library/PrivateFrameworks/CoreUtils.framework/Versions/A/CoreUtils
0x00000001c03e7000 	/System/Library/PrivateFrameworks/HID.framework/Versions/A/HID
0x0000000257a83000 	/System/Library/PrivateFrameworks/CoreUtilsExtras.framework/Versions/A/CoreUtilsExtras
0x00000002665ac000 	/System/Library/PrivateFrameworks/IO80211.framework/Versions/A/IO80211
0x00000001b148d000 	/System/Library/Frameworks/IOBluetooth.framework/Versions/A/IOBluetooth
0x000000024e453000 	/System/Library/PrivateFrameworks/ArgumentParserInternal.framework/Versions/A/ArgumentParserInternal
0x00000001ace01000 	/usr/lib/libIOReport.dylib
0x00000001aa80a000 	/System/Library/Frameworks/SecurityFoundation.framework/Versions/A/SecurityFoundation
0x000000019cea5000 	/System/Library/PrivateFrameworks/Lexicon.framework/Versions/A/Lexicon
0x00000001aa975000 	/usr/lib/libgermantok.dylib
0x00000001a9492000 	/System/Library/PrivateFrameworks/LinguisticData.framework/Versions/A/LinguisticData
0x00000001b4c5d000 	/System/Library/PrivateFrameworks/MediaKit.framework/Versions/A/MediaKit
0x00000001b4ba8000 	/System/Library/Frameworks/DiscRecording.framework/Versions/A/DiscRecording
0x00000001ad07d000 	/usr/lib/libheimdal-asn1.dylib
0x00000001b8577000 	/System/Library/Frameworks/AudioUnit.framework/Versions/A/AudioUnit
0x00000001a60cb000 	/System/Library/Frameworks/OpenDirectory.framework/Versions/A/OpenDirectory
0x00000001a60d9000 	/System/Library/Frameworks/OpenDirectory.framework/Versions/A/Frameworks/CFOpenDirectory.framework/Versions/A/CFOpenDirectory
0x00000002402c8000 	/System/Library/Frameworks/AVFAudio.framework/Versions/A/AVFAudio
0x00000001c13b1000 	/usr/lib/libAccessibility.dylib
0x000000026a2da000 	/System/Library/PrivateFrameworks/IsolatedCoreAudioClient.framework/Versions/A/IsolatedCoreAudioClient
0x00000001e3ba6000 	/usr/lib/swift/libswiftCoreMedia.dylib
0x0000000287aa3000 	/System/Library/PrivateFrameworks/Tightbeam.framework/Versions/A/Tightbeam
0x0000000253993000 	/System/Library/PrivateFrameworks/CoreAudioOrchestration.framework/Versions/A/CoreAudioOrchestration
0x00000001e02b5000 	/System/Library/PrivateFrameworks/AFKUser.framework/Versions/A/AFKUser
0x00000001b3cf0000 	/System/Library/Frameworks/MediaAccessibility.framework/Versions/A/MediaAccessibility
0x000000028bc8f000 	/System/Library/PrivateFrameworks/VideoToolboxParavirtualizationSupport.framework/Versions/A/VideoToolboxParavirtualizationSupport
0x00000001ad019000 	/System/Library/PrivateFrameworks/AppleVA.framework/Versions/A/AppleVA
0x00000001ade3e000 	/System/Library/PrivateFrameworks/GPUWrangler.framework/Versions/A/GPUWrangler
0x00000001ade1e000 	/System/Library/PrivateFrameworks/IOPresentment.framework/Versions/A/IOPresentment
0x00000001ade46000 	/System/Library/PrivateFrameworks/DSExternalDisplay.framework/Versions/A/DSExternalDisplay
0x000000024e2aa000 	/System/Library/PrivateFrameworks/AppleMobileFileIntegrity.framework/Versions/A/AppleMobileFileIntegrity
0x0000000296189000 	/usr/lib/libTLE.dylib
0x00000001feb4d000 	/System/Library/PrivateFrameworks/ConfigProfileHelper.framework/Versions/A/ConfigProfileHelper
0x00000001f396d000 	/usr/lib/libedit.3.dylib
0x000000026b85b000 	/System/Library/PrivateFrameworks/MIL.framework/Versions/A/MIL
0x00000001cd591000 	/usr/lib/libncurses.5.4.dylib
0x00000001aa59c000 	/System/Library/PrivateFrameworks/CoreEmoji.framework/Versions/A/CoreEmoji
0x000000019d1c2000 	/usr/lib/libCRFSuite.dylib
0x00000001a9370000 	/System/Library/PrivateFrameworks/CoreNLP.framework/Versions/A/CoreNLP
0x00000001aa914000 	/usr/lib/libmecab.dylib
0x00000001ab80d000 	/usr/lib/libThaiTokenizer.dylib
0x00000001edd44000 	/System/Library/PrivateFrameworks/HIDDisplay.framework/Versions/A/HIDDisplay
0x00000001ade78000 	/System/Library/Frameworks/ApplicationServices.framework/Versions/A/Frameworks/ATSUI.framework/Versions/A/ATSUI
0x00000001afb5b000 	/usr/lib/libcups.2.dylib
0x00000001afbf1000 	/System/Library/Frameworks/Kerberos.framework/Versions/A/Kerberos
0x00000001af853000 	/usr/lib/libresolv.9.dylib
0x00000001ad2f8000 	/System/Library/PrivateFrameworks/Heimdal.framework/Versions/A/Heimdal
0x00000001b8576000 	/System/Library/Frameworks/Kerberos.framework/Versions/A/Libraries/libHeimdalProxy.dylib
0x00000001afc55000 	/System/Library/PrivateFrameworks/CommonAuth.framework/Versions/A/CommonAuth
0x00000001c12ac000 	/System/Library/PrivateFrameworks/AXCoreUtilities.framework/Versions/A/AXCoreUtilities
0x0000000295ba3000 	/usr/lib/libAXSafeCategoryBundle.dylib
0x00000001aa481000 	/System/Library/Frameworks/Accelerate.framework/Versions/A/Frameworks/vecLib.framework/Versions/A/libvDSP.dylib
0x00000001ab95a000 	/System/Library/Frameworks/Accelerate.framework/Versions/A/Frameworks/vecLib.framework/Versions/A/libLAPACK.dylib
0x00000001aa978000 	/System/Library/Frameworks/Accelerate.framework/Versions/A/Frameworks/vecLib.framework/Versions/A/libLinearAlgebra.dylib
0x00000001ab853000 	/System/Library/Frameworks/Accelerate.framework/Versions/A/Frameworks/vecLib.framework/Versions/A/libSparseBLAS.dylib
0x00000001ab955000 	/System/Library/Frameworks/Accelerate.framework/Versions/A/Frameworks/vecLib.framework/Versions/A/libQuadrature.dylib
0x00000001a9499000 	/System/Library/Frameworks/Accelerate.framework/Versions/A/Frameworks/vecLib.framework/Versions/A/libBNNS.dylib
0x000000019cfbb000 	/System/Library/Frameworks/Accelerate.framework/Versions/A/Frameworks/vecLib.framework/Versions/A/libSparse.dylib
0x00000001afbba000 	/System/Library/PrivateFrameworks/NetAuth.framework/Versions/A/NetAuth
0x00000001a62e9000 	/System/Library/PrivateFrameworks/login.framework/Versions/A/Frameworks/loginsupport.framework/Versions/A/loginsupport
0x00000001aa8de000 	/usr/lib/libCheckFix.dylib
0x00000001a5468000 	/System/Library/PrivateFrameworks/MetadataUtilities.framework/Versions/A/MetadataUtilities
0x0000000267065000 	/System/Library/PrivateFrameworks/InstalledContentLibrary.framework/Versions/A/InstalledContentLibrary
0x000000019ff36000 	/System/Library/PrivateFrameworks/CoreServicesStore.framework/Versions/A/CoreServicesStore
0x00000001db7fe000 	/System/Library/PrivateFrameworks/MobileSystemServices.framework/Versions/A/MobileSystemServices
0x00000001accc2000 	/usr/lib/libxslt.1.dylib
0x00000001aa89d000 	/System/Library/PrivateFrameworks/BackgroundTaskManagement.framework/Versions/A/BackgroundTaskManagement
0x00000001b7c21000 	/usr/lib/libcurl.4.dylib
0x00000002963c2000 	/usr/lib/libcrypto.46.dylib
0x0000000296fdf000 	/usr/lib/libssl.48.dylib
0x00000001b78f7000 	/System/Library/Frameworks/LDAP.framework/Versions/A/LDAP
0x00000001b7933000 	/System/Library/PrivateFrameworks/TrustEvaluationAgent.framework/Versions/A/TrustEvaluationAgent
0x00000001af870000 	/usr/lib/libsasl2.2.dylib
0x00000001c5331000 	/usr/lib/swift/libswiftCoreGraphics.dylib
0x00000001b43ec000 	/usr/lib/swift/libswiftFoundation.dylib
0x00000001fe50a000 	/usr/lib/swift/libswiftSwiftOnoneSupport.dylib
0x00000002976be000 	/usr/lib/swift/libswiftsys_time.dylib
0x00000001e9b5d000 	/System/Library/PrivateFrameworks/CoreMaterial.framework/Versions/A/CoreMaterial
0x0000000297404000 	/usr/lib/swift/libswiftSpatial.dylib
0x0000000296186000 	/usr/lib/libSpatial.dylib
0x0000000295ac1000 	/System/Library/SubFrameworks/UIUtilities.framework/Versions/A/UIUtilities
0x0000000106910000 	/Users/mattias800/Library/Java/JavaVirtualMachines/ms-21.0.10/Contents/Home/lib/server/libjvm.dylib
0x0000000100c34000 	/Users/mattias800/Library/Java/JavaVirtualMachines/ms-21.0.10/Contents/Home/lib/libjimage.dylib
0x0000000100cc0000 	/Users/mattias800/Library/Java/JavaVirtualMachines/ms-21.0.10/Contents/Home/lib/libjava.dylib
0x0000000106418000 	/Users/mattias800/Library/Java/JavaVirtualMachines/ms-21.0.10/Contents/Home/lib/libnio.dylib
0x00000001063f4000 	/Users/mattias800/Library/Java/JavaVirtualMachines/ms-21.0.10/Contents/Home/lib/libnet.dylib
0x0000000106468000 	/Users/mattias800/Library/Java/JavaVirtualMachines/ms-21.0.10/Contents/Home/lib/libzip.dylib
0x00000001065a4000 	/private/var/folders/00/y_pwwndd1hj9rnmh0xwj36v80000gn/T/sqlite-3.51.0.0-d984467d-4b7e-448e-a60f-c760c543891d-libsqlitejdbc.dylib
0x00000001066b4000 	/Users/mattias800/Library/Java/JavaVirtualMachines/ms-21.0.10/Contents/Home/lib/libawt.dylib
0x0000000106514000 	/Users/mattias800/Library/Java/JavaVirtualMachines/ms-21.0.10/Contents/Home/lib/libmlib_image.dylib
0x0000000243061000 	/System/Library/Frameworks/JavaRuntimeSupport.framework/Versions/A/JavaRuntimeSupport
0x00000001c6e45000 	/System/Library/Frameworks/Carbon.framework/Versions/A/Carbon
0x00000001bd15d000 	/System/Library/Frameworks/Carbon.framework/Versions/A/Frameworks/CommonPanels.framework/Versions/A/CommonPanels
0x00000001b7c0c000 	/System/Library/Frameworks/Carbon.framework/Versions/A/Frameworks/Help.framework/Versions/A/Help
0x00000001bd161000 	/System/Library/Frameworks/Carbon.framework/Versions/A/Frameworks/ImageCapture.framework/Versions/A/ImageCapture
0x00000001bd13c000 	/System/Library/Frameworks/Carbon.framework/Versions/A/Frameworks/OpenScripting.framework/Versions/A/OpenScripting
0x00000001bd15c000 	/System/Library/Frameworks/Carbon.framework/Versions/A/Frameworks/Ink.framework/Versions/A/Ink
0x00000001bd159000 	/System/Library/Frameworks/Carbon.framework/Versions/A/Frameworks/SecurityHI.framework/Versions/A/SecurityHI
0x0000000295fe4000 	/usr/lib/libInterpreterSecurity.dylib
0x00000001dd434000 	/System/Library/PrivateFrameworks/XprotectFramework.framework/Versions/A/XprotectFramework
0x00000001c06fc000 	/System/Library/PrivateFrameworks/yara.framework/Versions/A/yara
0x0000000295f61000 	/usr/lib/libEndpointSecuritySystem.dylib
0x0000000127d1c000 	/Users/mattias800/Library/Java/JavaVirtualMachines/ms-21.0.10/Contents/Home/lib/libawt_lwawt.dylib
0x00000001064c8000 	/Users/mattias800/Library/Java/JavaVirtualMachines/ms-21.0.10/Contents/Home/lib/libosxapp.dylib
0x00000001c5398000 	/System/Library/Frameworks/ExceptionHandling.framework/Versions/A/ExceptionHandling
0x0000000127e54000 	/Users/mattias800/Library/Java/JavaVirtualMachines/ms-21.0.10/Contents/Home/lib/libfontmanager.dylib
0x0000000106804000 	/Users/mattias800/Library/Java/JavaVirtualMachines/ms-21.0.10/Contents/Home/lib/libfreetype.dylib
0x0000000106494000 	/Users/mattias800/Library/Java/JavaVirtualMachines/ms-21.0.10/Contents/Home/lib/libextnet.dylib
0x00000001a5f88000 	/System/Library/PrivateFrameworks/ViewBridge.framework/Versions/A/ViewBridge
0x0000000240598000 	/System/Library/Frameworks/AppIntents.framework/Versions/A/AppIntents
0x000000024679c000 	/System/Library/Frameworks/RelevanceKit.framework/Versions/A/RelevanceKit
0x00000001ab452000 	/System/Library/Frameworks/CoreSpotlight.framework/Versions/A/CoreSpotlight
0x000000026b36e000 	/System/Library/PrivateFrameworks/LinkServices.framework/Versions/A/LinkServices
0x0000000258b9c000 	/System/Library/PrivateFrameworks/DoNotDisturb.framework/Versions/A/DoNotDisturb
0x000000026b1c9000 	/System/Library/PrivateFrameworks/LinkMetadata.framework/Versions/A/LinkMetadata
0x00000001c847f000 	/usr/lib/swift/libswiftIntents.dylib
0x00000001cd6eb000 	/System/Library/PrivateFrameworks/IntentsCore.framework/Versions/A/IntentsCore
0x000000024ed3f000 	/System/Library/PrivateFrameworks/AvailabilityKit.framework/Versions/A/AvailabilityKit
0x000000024c0b3000 	/System/Library/PrivateFrameworks/AppIntentSchemas.framework/Versions/A/AppIntentSchemas
0x00000002604dc000 	/System/Library/PrivateFrameworks/GRDBInternal.framework/Versions/A/GRDBInternal
0x0000000283cae000 	/System/Library/PrivateFrameworks/StatusKit.framework/Versions/A/StatusKit
0x00000001b4f8c000 	/System/Library/PrivateFrameworks/GenerationalStorage.framework/Versions/A/GenerationalStorage
0x00000001b4db4000 	/System/Library/Frameworks/FileProvider.framework/Versions/A/FileProvider
0x00000001a19d1000 	/System/Library/PrivateFrameworks/DesktopServicesPriv.framework/Versions/A/DesktopServicesPriv
0x00000001a3d07000 	/System/Library/Frameworks/Accounts.framework/Versions/A/Accounts
0x00000001c7eeb000 	/System/Library/PrivateFrameworks/FTServices.framework/Versions/A/FTServices
0x00000001c03a6000 	/System/Library/PrivateFrameworks/CloudServices.framework/Versions/A/CloudServices
0x00000001b7446000 	/System/Library/PrivateFrameworks/CoreWiFi.framework/Versions/A/CoreWiFi
0x00000001a7c8d000 	/System/Library/Frameworks/CoreLocation.framework/Versions/A/CoreLocation
0x00000001b6ddd000 	/System/Library/Frameworks/Intents.framework/Versions/A/Intents
0x0000000248f56000 	/System/Library/Frameworks/_LocationEssentials.framework/Versions/A/_LocationEssentials
0x00000001ab401000 	/System/Library/Frameworks/UserNotifications.framework/Versions/A/UserNotifications
0x00000001b1098000 	/System/Library/PrivateFrameworks/Sharing.framework/Versions/A/Sharing
0x00000001b0c19000 	/System/Library/PrivateFrameworks/IDSFoundation.framework/Versions/A/IDSFoundation
0x00000001b7445000 	/System/Library/PrivateFrameworks/Apple80211.framework/Versions/A/Apple80211
0x00000001ab097000 	/System/Library/PrivateFrameworks/AuthKit.framework/Versions/A/AuthKit
0x00000001aa5e4000 	/System/Library/Frameworks/CoreWLAN.framework/Versions/A/CoreWLAN
0x00000001ceba0000 	/usr/lib/swift/libswiftCoreLocation.dylib
0x00000001af461000 	/System/Library/PrivateFrameworks/IMFoundation.framework/Versions/A/IMFoundation
0x00000001c06fb000 	/System/Library/PrivateFrameworks/Marco.framework/Versions/A/Marco
0x00000001a3d91000 	/System/Library/PrivateFrameworks/CommonUtilities.framework/Versions/A/CommonUtilities
0x00000001bd124000 	/System/Library/PrivateFrameworks/Engram.framework/Versions/A/Engram
0x0000000297363000 	/usr/lib/swift/libswiftRegexBuilder.dylib
0x00000001bd0c2000 	/usr/lib/libtidy.A.dylib
0x00000001ad600000 	/System/Library/PrivateFrameworks/Bom.framework/Versions/A/Bom
0x00000001af891000 	/usr/lib/libParallelCompression.dylib
0x00000001f5a82000 	/System/Library/PrivateFrameworks/WiFiPeerToPeer.framework/Versions/A/WiFiPeerToPeer
0x0000000296af4000 	/usr/lib/libmrc.dylib
0x0000000266616000 	/System/Library/PrivateFrameworks/IPConfiguration.framework/Versions/A/IPConfiguration
0x00000001e9b1f000 	/System/Library/PrivateFrameworks/Netrb.framework/Versions/A/Netrb
0x00000001af883000 	/System/Library/PrivateFrameworks/MultiverseSupport.framework/Versions/A/MultiverseSupport
0x00000001b4c8f000 	/System/Library/PrivateFrameworks/DiskManagement.framework/Versions/A/DiskManagement
0x00000001b4b9b000 	/System/Library/PrivateFrameworks/AppleIDAuthSupport.framework/Versions/A/AppleIDAuthSupport
0x0000000249836000 	/System/Library/PrivateFrameworks/AAAFoundation.framework/Versions/A/AAAFoundation
0x00000001afd91000 	/System/Library/PrivateFrameworks/KeychainCircle.framework/Versions/A/KeychainCircle
0x00000001c12a2000 	/System/Library/PrivateFrameworks/URLFormatting.framework/Versions/A/URLFormatting
0x00000001b7c15000 	/usr/lib/libcsfde.dylib
0x00000001acfab000 	/usr/lib/libCoreStorage.dylib
0x00000001b1564000 	/System/Library/PrivateFrameworks/ProtectedCloudStorage.framework/Versions/A/ProtectedCloudStorage
0x00000001b7c10000 	/System/Library/PrivateFrameworks/EFILogin.framework/Versions/A/EFILogin
0x00000001b4fb3000 	/System/Library/PrivateFrameworks/OctagonTrust.framework/Versions/A/OctagonTrust
0x00000001b182b000 	/System/Library/PrivateFrameworks/GeoServices.framework/Versions/A/GeoServices
0x00000001af4da000 	/System/Library/PrivateFrameworks/LocationSupport.framework/Versions/A/LocationSupport
0x0000000263601000 	/System/Library/PrivateFrameworks/GeoServicesCore.framework/Versions/A/GeoServicesCore
0x00000001c12a0000 	/System/Library/PrivateFrameworks/PhoneNumbers.framework/Versions/A/PhoneNumbers
0x000000026b74c000 	/System/Library/PrivateFrameworks/LocationLogEncryption.framework/Versions/A/LocationLogEncryption
0x00000001b0a3a000 	/System/Library/PrivateFrameworks/IDS.framework/Versions/A/IDS
0x00000001f0743000 	/System/Library/Frameworks/CryptoKit.framework/Versions/A/CryptoKit
0x00000001b8572000 	/System/Library/PrivateFrameworks/CryptoKitCBridging.framework/Versions/A/CryptoKitCBridging
0x00000001b5b98000 	/System/Library/Frameworks/CryptoTokenKit.framework/Versions/A/CryptoTokenKit
0x00000001d6a37000 	/System/Library/PrivateFrameworks/FTAWD.framework/Versions/A/FTAWD
0x00000001a0073000 	/usr/lib/libsandbox.1.dylib
0x00000001acfa3000 	/usr/lib/libMatch.1.dylib
0x00000001b8635000 	/System/Library/PrivateFrameworks/IntentsFoundation.framework/Versions/A/IntentsFoundation
0x0000000248e60000 	/System/Library/Frameworks/_AppIntents_AppKit.framework/Versions/A/_AppIntents_AppKit
0x00000001064fc000 	/usr/lib/libobjc-trampolines.dylib
0x00000001d212e000 	/System/Library/CoreServices/RawCamera.bundle/Contents/MacOS/RawCamera
0x00000001ae39c000 	/System/Library/Frameworks/MediaToolbox.framework/Versions/A/MediaToolbox
0x00000001b4d85000 	/System/Library/PrivateFrameworks/CoreAVCHD.framework/Versions/A/CoreAVCHD
0x00000001b4d81000 	/System/Library/PrivateFrameworks/Mangrove.framework/Versions/A/Mangrove
0x00000002504a4000 	/System/Library/PrivateFrameworks/CMPhoto.framework/Versions/A/CMPhoto
0x00000001b5566000 	/System/Library/Frameworks/CoreTelephony.framework/Versions/A/CoreTelephony
0x00000001b4d74000 	/System/Library/PrivateFrameworks/CoreAUC.framework/Versions/A/CoreAUC
0x000000024d7dd000 	/System/Library/PrivateFrameworks/AppleJPEGXL.framework/Versions/A/AppleJPEGXL
0x00000001afde3000 	/usr/lib/libTelephonyUtilDynamic.dylib
0x00000001ceb85000 	/System/Library/Frameworks/Accelerate.framework/Versions/A/Frameworks/vImage.framework/Versions/A/Libraries/libCGInterfaces.dylib
0x0000000295ba7000 	/usr/lib/libAccessibilityBaseImplementations.dylib
0x000000028ff88000 	/System/Library/PrivateFrameworks/WritingToolsUI.framework/Versions/A/WritingToolsUI
0x0000000262fe7000 	/System/Library/PrivateFrameworks/GenerativeAssistantSettings.framework/Versions/A/GenerativeAssistantSettings
0x0000000285a22000 	/System/Library/PrivateFrameworks/TextComposer.framework/Versions/A/TextComposer
0x0000000262fbe000 	/System/Library/PrivateFrameworks/GenerativeAssistantCommon.framework/Versions/A/GenerativeAssistantCommon
0x00000001cfc21000 	/System/Library/Frameworks/SwiftUI.framework/Versions/A/SwiftUI
0x0000000248e9f000 	/System/Library/Frameworks/_AuthenticationServices_SwiftUI.framework/Versions/A/_AuthenticationServices_SwiftUI
0x000000024bde8000 	/System/Library/PrivateFrameworks/Anvil.framework/Versions/A/Anvil
0x00000001cf1cf000 	/System/Library/PrivateFrameworks/AppStoreDaemon.framework/Versions/A/AppStoreDaemon
0x00000001babda000 	/System/Library/PrivateFrameworks/AppleMediaServices.framework/Versions/A/AppleMediaServices
0x000000026348c000 	/System/Library/PrivateFrameworks/GenerativePartnerServiceUI.framework/Versions/A/GenerativePartnerServiceUI
0x00000001fda7b000 	/System/Library/PrivateFrameworks/JetEngine.framework/Versions/A/JetEngine
0x00000002858ff000 	/System/Library/PrivateFrameworks/TextAnimationSupport.framework/Versions/A/TextAnimationSupport
0x0000000278bb6000 	/System/Library/PrivateFrameworks/RecapPerformanceTesting.framework/Versions/A/RecapPerformanceTesting
0x00000001c8d50000 	/System/Library/PrivateFrameworks/SignpostCollection.framework/Versions/A/SignpostCollection
0x000000024ebf7000 	/System/Library/PrivateFrameworks/AuthenticationServicesCore.framework/Versions/A/AuthenticationServicesCore
0x00000001d25ad000 	/System/Library/Frameworks/AuthenticationServices.framework/Versions/A/AuthenticationServices
0x00000001acf3d000 	/System/Library/PrivateFrameworks/SharedWebCredentials.framework/Versions/A/SharedWebCredentials
0x00000001c9bee000 	/System/Library/PrivateFrameworks/SafariCore.framework/Versions/A/SafariCore
0x00000001d20d8000 	/System/Library/PrivateFrameworks/SafariFoundation.framework/Versions/A/SafariFoundation
0x00000001b46ac000 	/System/Library/Frameworks/Contacts.framework/Versions/A/Contacts
0x000000024fe3f000 	/System/Library/PrivateFrameworks/CBORLibrary.framework/Versions/A/CBORLibrary
0x0000000250e26000 	/System/Library/PrivateFrameworks/Chirp.framework/Versions/A/Chirp
0x0000000251a23000 	/System/Library/PrivateFrameworks/CloudSubscriptionFeatures.framework/Versions/A/CloudSubscriptionFeatures
0x00000001b43ed000 	/System/Library/PrivateFrameworks/ContactsFoundation.framework/Versions/A/ContactsFoundation
0x00000001fee7d000 	/System/Library/PrivateFrameworks/RemoteManagement.framework/Versions/A/RemoteManagement
0x0000000278f44000 	/System/Library/PrivateFrameworks/RemoteManagementModel.framework/Versions/A/RemoteManagementModel
0x0000000278fd5000 	/System/Library/PrivateFrameworks/RemoteManagementStore.framework/Versions/A/RemoteManagementStore
0x00000001b1673000 	/usr/lib/libxcselect.dylib
0x00000001d2047000 	/System/Library/PrivateFrameworks/DifferentialPrivacy.framework/Versions/A/DifferentialPrivacy
0x000000026daa5000 	/System/Library/PrivateFrameworks/ManagedSettingsObjC.framework/Versions/A/ManagedSettingsObjC
0x000000026b751000 	/System/Library/PrivateFrameworks/LockdownMode.framework/Versions/A/LockdownMode
0x000000028a8e3000 	/System/Library/PrivateFrameworks/VDAF.framework/Versions/A/VDAF
0x00000001b44c5000 	/System/Library/PrivateFrameworks/ContactsPersistence.framework/Versions/A/ContactsPersistence
0x00000001b3623000 	/System/Library/PrivateFrameworks/AppleLDAP.framework/Versions/A/AppleLDAP
0x00000001b7fc7000 	/System/Library/Frameworks/ClassKit.framework/Versions/A/ClassKit
0x00000001ba26d000 	/System/Library/PrivateFrameworks/CoreSuggestions.framework/Versions/A/CoreSuggestions
0x00000001b5b46000 	/System/Library/PrivateFrameworks/vCard.framework/Versions/A/vCard
0x00000002526ac000 	/System/Library/PrivateFrameworks/ContactsMetrics.framework/Versions/A/ContactsMetrics
0x00000001ad3b9000 	/System/Library/PrivateFrameworks/login.framework/Versions/A/login
0x000000026da9f000 	/System/Library/PrivateFrameworks/ManagedOrganizationContacts.framework/Versions/A/ManagedOrganizationContacts
0x00000001a676c000 	/System/Library/PrivateFrameworks/CloudDocs.framework/Versions/A/CloudDocs
0x00000001c0c62000 	/System/Library/PrivateFrameworks/ProactiveEventTracker.framework/Versions/A/ProactiveEventTracker
0x00000001af933000 	/System/Library/PrivateFrameworks/CoreFollowUp.framework/Versions/A/CoreFollowUp
0x00000001b978c000 	/System/Library/PrivateFrameworks/ConfigurationProfiles.framework/Versions/A/ConfigurationProfiles
0x0000000257d07000 	/System/Library/PrivateFrameworks/DMCUtilities.framework/Versions/A/DMCUtilities
0x000000026b7d2000 	/System/Library/PrivateFrameworks/MDMClientLibrary.framework/Versions/A/MDMClientLibrary
0x0000000278fc9000 	/System/Library/PrivateFrameworks/RemoteManagementProtocol.framework/Versions/A/RemoteManagementProtocol
0x00000001b3d08000 	/System/Library/PrivateFrameworks/SystemAdministration.framework/Versions/A/SystemAdministration
0x00000001bebf4000 	/System/Library/PrivateFrameworks/PowerlogControl.framework/Versions/A/PowerlogControl
0x00000001bebf6000 	/usr/lib/libUniversalAccess.dylib
0x00000001bb65a000 	/System/Library/PrivateFrameworks/FamilyControls.framework/Versions/A/FamilyControls
0x00000001b35f8000 	/System/Library/Frameworks/DirectoryService.framework/Versions/A/DirectoryService
0x00000001b7ca3000 	/System/Library/PrivateFrameworks/LoginUIKit.framework/Versions/A/Frameworks/LoginUICore.framework/Versions/A/LoginUICore
0x00000001ad5fe000 	/usr/lib/libodfde.dylib
0x00000001bb654000 	/System/Library/PrivateFrameworks/UniversalAccess.framework/Versions/A/Libraries/libUAPreferences.dylib
0x00000001bb67e000 	/System/Library/PrivateFrameworks/CommerceKit.framework/Versions/A/Frameworks/CommerceCore.framework/Versions/A/CommerceCore
0x0000000257c73000 	/System/Library/PrivateFrameworks/DEPClientLibrary.framework/Versions/A/DEPClientLibrary
0x0000000257c9c000 	/System/Library/PrivateFrameworks/DMCEnrollmentLibrary.framework/Versions/A/DMCEnrollmentLibrary
0x00000001becd8000 	/System/Library/PrivateFrameworks/SetupAssistantFramework.framework/Versions/A/SetupAssistantFramework
0x00000001b83ae000 	/System/Library/PrivateFrameworks/AuthKitUI.framework/Versions/A/AuthKitUI
0x00000001b7ced000 	/System/Library/PrivateFrameworks/AppSSO.framework/Versions/A/AppSSO
0x00000001cef2b000 	/System/Library/PrivateFrameworks/LocalAuthenticationUI.framework/Versions/A/LocalAuthenticationUI
0x0000000276c79000 	/System/Library/PrivateFrameworks/PlatformSSO.framework/Versions/A/PlatformSSO
0x0000000276d66000 	/System/Library/PrivateFrameworks/PlatformSSOCore.framework/Versions/A/PlatformSSOCore
0x00000002430f0000 	/System/Library/Frameworks/LocalAuthenticationEmbeddedUI.framework/Versions/A/LocalAuthenticationEmbeddedUI
0x00000001cf9e6000 	/System/Library/PrivateFrameworks/AOSUI.framework/Versions/A/AOSUI
0x00000001c0a2a000 	/System/Library/Frameworks/ContactsUI.framework/Versions/A/ContactsUI
0x00000001b493b000 	/System/Library/PrivateFrameworks/FamilyCircle.framework/Versions/A/FamilyCircle
0x00000001dd81d000 	/System/Library/Frameworks/LinkPresentation.framework/Versions/A/LinkPresentation
0x00000001c05e2000 	/System/Library/PrivateFrameworks/IASUtilities.framework/Versions/A/IASUtilities
0x00000002664df000 	/System/Library/PrivateFrameworks/IASUtilitiesCore.framework/Versions/A/IASUtilitiesCore
0x00000001c8d60000 	/System/Library/PrivateFrameworks/OnBoardingKit.framework/Versions/A/OnBoardingKit
0x000000027903f000 	/System/Library/PrivateFrameworks/RemoteUI.framework/Versions/A/RemoteUI
0x00000001c5411000 	/System/Library/Frameworks/WebKit.framework/Versions/A/WebKit
0x00000001bd164000 	/System/Library/Frameworks/JavaScriptCore.framework/Versions/A/JavaScriptCore
0x000000026ab60000 	/System/Library/PrivateFrameworks/LiftUI.framework/Versions/A/LiftUI
0x000000027b67c000 	/System/Library/PrivateFrameworks/Settings.framework/Versions/A/Settings
0x0000000290595000 	/System/Library/PrivateFrameworks/_IconServices_SwiftUI.framework/Versions/A/_IconServices_SwiftUI
0x000000024100c000 	/System/Library/Frameworks/BrowserEngineCore.framework/Versions/A/BrowserEngineCore
0x00000001ba56d000 	/System/Library/Frameworks/WebKit.framework/Versions/A/Frameworks/WebKitLegacy.framework/Versions/A/WebKitLegacy
0x00000001b8356000 	/System/Library/PrivateFrameworks/CorePrediction.framework/Versions/A/CorePrediction
0x00000001a7077000 	/System/Library/Frameworks/WebKit.framework/Versions/A/Frameworks/WebCore.framework/Versions/A/Frameworks/libwebrtc.dylib
0x00000001c539b000 	/System/Library/PrivateFrameworks/SafariSafeBrowsing.framework/Versions/A/SafariSafeBrowsing
0x00000001af8f9000 	/System/Library/Frameworks/SecurityInterface.framework/Versions/A/SecurityInterface
0x00000001c8d5f000 	/System/Library/PrivateFrameworks/WebInspectorUI.framework/Versions/A/WebInspectorUI
0x00000001c13e7000 	/System/Library/Frameworks/WebKit.framework/Versions/A/Frameworks/WebCore.framework/Versions/A/WebCore
0x0000000248a1d000 	/System/Library/Frameworks/WebKit.framework/Versions/A/Frameworks/WebCore.framework/Versions/A/Frameworks/libANGLE-shared.dylib
0x000000028e831000 	/System/Library/PrivateFrameworks/WebGPU.framework/Versions/A/WebGPU
0x00000001cac39000 	/System/Library/Frameworks/SceneKit.framework/Versions/A/SceneKit
0x00000001dc057000 	/System/Library/Frameworks/ModelIO.framework/Versions/A/ModelIO
0x00000001b1655000 	/System/Library/Frameworks/MetalKit.framework/Versions/A/MetalKit
0x00000001b3929000 	/System/Library/Frameworks/GLKit.framework/Versions/A/GLKit
0x0000000297997000 	/usr/lib/usd/libusd_ms.dylib
0x0000000289cc8000 	/System/Library/PrivateFrameworks/USDLib_FormatLoaderProxy.framework/Versions/A/USDLib_FormatLoaderProxy
0x00000002976b9000 	/usr/lib/swift/libswift_errno.dylib
0x00000001c7ecc000 	/System/Library/PrivateFrameworks/CoreOptimization.framework/Versions/A/CoreOptimization
0x0000000241e38000 	/System/Library/Frameworks/ExtensionKit.framework/Versions/A/ExtensionKit
0x0000000251962000 	/System/Library/PrivateFrameworks/CloudSettings.framework/Versions/A/CloudSettings
0x0000000241e7c000 	/System/Library/Frameworks/FSKit.framework/Versions/A/FSKit
0x000000026b4fd000 	/System/Library/PrivateFrameworks/LiveFS.framework/Versions/A/LiveFS
0x00000001ba33e000 	/System/Library/Frameworks/EventKit.framework/Versions/A/EventKit
0x00000001c8f74000 	/System/Library/PrivateFrameworks/SearchFoundation.framework/Versions/A/SearchFoundation
0x00000001df8d7000 	/System/Library/PrivateFrameworks/Email.framework/Versions/A/Email
0x00000001c7ace000 	/System/Library/PrivateFrameworks/CoreRoutine.framework/Versions/A/CoreRoutine
0x00000001fe7eb000 	/System/Library/PrivateFrameworks/VoiceShortcutClient.framework/Versions/A/VoiceShortcutClient
0x00000001d75c6000 	/System/Library/PrivateFrameworks/Categories.framework/Versions/A/Categories
0x00000001cf895000 	/System/Library/PrivateFrameworks/ChronoServices.framework/Versions/A/ChronoServices
0x00000002508e4000 	/System/Library/PrivateFrameworks/CalendarDatabase.framework/Versions/A/CalendarDatabase
0x000000025082e000 	/System/Library/PrivateFrameworks/CalendarDaemon.framework/Versions/A/CalendarDaemon
0x00000001b96b0000 	/System/Library/PrivateFrameworks/CalendarFoundation.framework/Versions/A/CalendarFoundation
0x00000001b966c000 	/System/Library/PrivateFrameworks/iCalendar.framework/Versions/A/iCalendar
0x0000000257f06000 	/System/Library/PrivateFrameworks/DataAccessExpress.framework/Versions/A/DataAccessExpress
0x00000001c0b8c000 	/System/Library/PrivateFrameworks/ContactsAutocomplete.framework/Versions/A/ContactsAutocomplete
0x00000002974a3000 	/usr/lib/swift/libswiftVideoToolbox.dylib
0x00000001cf7e2000 	/System/Library/PrivateFrameworks/FTClientServices.framework/Versions/A/FTClientServices
0x00000002730bd000 	/System/Library/PrivateFrameworks/OSEligibility.framework/Versions/A/OSEligibility
0x0000000284289000 	/System/Library/PrivateFrameworks/StorageContainersPrivate.framework/Versions/A/StorageContainersPrivate
0x0000000297314000 	/usr/lib/swift/libswiftCoreMediaIO.dylib
0x00000001c046c000 	/System/Library/PrivateFrameworks/CoreDAV.framework/Versions/A/CoreDAV
0x00000001ba20e000 	/System/Library/PrivateFrameworks/CalDAV.framework/Versions/A/CalDAV
0x00000001c5098000 	/System/Library/PrivateFrameworks/TelephonyUtilities.framework/Versions/A/TelephonyUtilities
0x00000002430ad000 	/System/Library/Frameworks/LiveCommunicationKit.framework/Versions/A/LiveCommunicationKit
0x000000025225f000 	/System/Library/PrivateFrameworks/CommunicationTrust.framework/Versions/A/CommunicationTrust
0x00000001c9a00000 	/System/Library/Frameworks/CallKit.framework/Versions/A/CallKit
0x00000001b4933000 	/System/Library/PrivateFrameworks/CommunicationsFilter.framework/Versions/A/CommunicationsFilter
0x00000001f3aa8000 	/System/Library/PrivateFrameworks/IMTransferServices.framework/Versions/A/IMTransferServices
0x00000001c7ee5000 	/System/Library/PrivateFrameworks/IncomingCallFilter.framework/Versions/A/IncomingCallFilter
0x000000027180e000 	/System/Library/PrivateFrameworks/NeighborhoodActivityConduit.framework/Versions/A/NeighborhoodActivityConduit
0x00000001cbf41000 	/System/Library/PrivateFrameworks/CallHistory.framework/Versions/A/CallHistory
0x0000000295dd4000 	/usr/lib/libBASupport.dylib
0x0000000250cfc000 	/System/Library/PrivateFrameworks/CallsUtilities.framework/Versions/A/CallsUtilities
0x0000000250d07000 	/System/Library/PrivateFrameworks/CallsXPC.framework/Versions/A/CallsXPC
0x00000001fefde000 	/usr/lib/swift/libswiftCallKit.dylib
0x0000000250cef000 	/System/Library/PrivateFrameworks/CallsPersistence.framework/Versions/A/CallsPersistence
0x0000000246a73000 	/System/Library/Frameworks/SensitiveContentAnalysis.framework/Versions/A/SensitiveContentAnalysis
0x00000001ccf77000 	/System/Library/PrivateFrameworks/PeopleSuggester.framework/Versions/A/PeopleSuggester
0x00000001d63cf000 	/System/Library/PrivateFrameworks/SpotlightReceiver.framework/Versions/A/SpotlightReceiver
0x000000029055c000 	/System/Library/PrivateFrameworks/_AppIntentsServices_AppIntents.framework/Versions/A/_AppIntentsServices_AppIntents
0x000000024c11c000 	/System/Library/PrivateFrameworks/AppIntentsServices.framework/Versions/A/AppIntentsServices
0x00000001b9654000 	/System/Library/PrivateFrameworks/CoreRecents.framework/Versions/A/CoreRecents
0x0000000242582000 	/System/Library/Frameworks/GeoToolbox.framework/Versions/A/GeoToolbox
0x0000000248f22000 	/System/Library/Frameworks/_GeoToolbox_AppIntents.framework/Versions/A/_GeoToolbox_AppIntents
0x00000001e9552000 	/System/Library/PrivateFrameworks/DiagnosticRequest.framework/Versions/A/DiagnosticRequest
0x00000002904a0000 	/System/Library/PrivateFrameworks/XPCDistributed.framework/Versions/A/XPCDistributed
0x0000000278c4c000 	/System/Library/PrivateFrameworks/RegulatoryDomain.framework/Versions/A/RegulatoryDomain
0x00000001b3a01000 	/usr/lib/libCTGreenTeaLogger.dylib
0x000000026b723000 	/System/Library/PrivateFrameworks/LocalStatusKit.framework/Versions/A/LocalStatusKit
0x00000001c4f84000 	/System/Library/PrivateFrameworks/CoreParsec.framework/Versions/A/CoreParsec
0x00000001df8cb000 	/System/Library/PrivateFrameworks/EmailAddressing.framework/Versions/A/EmailAddressing
0x00000001db8c6000 	/System/Library/PrivateFrameworks/EmailCore.framework/Versions/A/EmailCore
0x00000001dc8f4000 	/System/Library/PrivateFrameworks/EmailFoundation.framework/Versions/A/EmailFoundation
0x0000000274802000 	/System/Library/PrivateFrameworks/PegasusAPI.framework/Versions/A/PegasusAPI
0x0000000275353000 	/System/Library/PrivateFrameworks/PegasusConfiguration.framework/Versions/A/PegasusConfiguration
0x0000000288536000 	/System/Library/PrivateFrameworks/ToolKit.framework/Versions/A/ToolKit
0x00000002793d4000 	/System/Library/PrivateFrameworks/ReplicatorEngine.framework/Versions/A/ReplicatorEngine
0x0000000279576000 	/System/Library/PrivateFrameworks/ReplicatorServices.framework/Versions/A/ReplicatorServices
0x00000002851f3000 	/System/Library/PrivateFrameworks/SystemWake.framework/Versions/A/SystemWake
0x00000001c9bd4000 	/System/Library/PrivateFrameworks/ContextKit.framework/Versions/A/ContextKit
0x00000002527f8000 	/System/Library/PrivateFrameworks/ContextKitCore.framework/Versions/A/ContextKitCore
0x00000001c816b000 	/System/Library/Frameworks/LocalAuthentication.framework/Support/DaemonUtils.framework/Versions/A/DaemonUtils
0x000000026b6b8000 	/System/Library/PrivateFrameworks/LocalAuthenticationCoreUI.framework/Versions/A/LocalAuthenticationCoreUI
0x00000001cb58c000 	/System/Library/PrivateFrameworks/BridgeXPC.framework/Versions/A/BridgeXPC
0x00000001c8e3c000 	/System/Library/PrivateFrameworks/CoreKDL.framework/Versions/A/CoreKDL
0x00000001c746e000 	/System/Library/PrivateFrameworks/EmbeddedOSSupportHost.framework/Versions/A/EmbeddedOSSupportHost
0x00000001bc13c000 	/System/Library/PrivateFrameworks/LoginUIKit.framework/Versions/A/LoginUIKit
0x00000001d7ac1000 	/System/Library/PrivateFrameworks/StorageKit.framework/Versions/A/StorageKit
0x00000002007ef000 	/System/Library/Frameworks/DeviceCheck.framework/Versions/A/DeviceCheck
0x00000001d7b3a000 	/System/Library/PrivateFrameworks/CoreWLANKit.framework/Versions/A/CoreWLANKit
0x000000028dbb9000 	/System/Library/PrivateFrameworks/Wallpaper.framework/Versions/A/Wallpaper
0x000000029732f000 	/usr/lib/swift/libswiftGLKit.dylib
0x000000029733a000 	/usr/lib/swift/libswiftMetalKit.dylib
0x000000029733e000 	/usr/lib/swift/libswiftModelIO.dylib
0x0000000297401000 	/usr/lib/swift/libswiftSceneKit.dylib
0x000000025886c000 	/System/Library/PrivateFrameworks/DiskImages2.framework/Versions/A/DiskImages2
0x00000001e0806000 	/System/Library/PrivateFrameworks/DynamicDesktop.framework/Versions/A/DynamicDesktop
0x000000028dd48000 	/System/Library/PrivateFrameworks/WallpaperFoundation.framework/Versions/A/WallpaperFoundation
0x000000028dda5000 	/System/Library/PrivateFrameworks/WallpaperTypes.framework/Versions/A/WallpaperTypes
0x00000001f5805000 	/System/Library/PrivateFrameworks/SystemDesktopAppearance.framework/Versions/A/SystemDesktopAppearance
0x000000029363b000 	/System/Library/PrivateFrameworks/icloudMCCKit.framework/Versions/A/icloudMCCKit
0x000000024d074000 	/System/Library/PrivateFrameworks/AppleAccountUI.framework/Versions/A/AppleAccountUI
0x00000001e9b29000 	/System/Library/PrivateFrameworks/PreferencePanesSupport.framework/Versions/A/PreferencePanesSupport
0x00000001cfb98000 	/System/Library/PrivateFrameworks/FindMyDeviceUI.framework/Versions/A/FindMyDeviceUI
0x0000000291282000 	/System/Library/PrivateFrameworks/iCloudQuotaUI.framework/Versions/A/iCloudQuotaUI
0x00000001e9cdd000 	/System/Library/PrivateFrameworks/CoreCDPUI.framework/Versions/A/CoreCDPUI
0x00000001c992f000 	/System/Library/PrivateFrameworks/CoreFollowUpUI.framework/Versions/A/CoreFollowUpUI
0x00000001d664e000 	/System/Library/PrivateFrameworks/IMCore.framework/Versions/A/IMCore
0x00000001bec5d000 	/System/Library/PrivateFrameworks/CoreCDP.framework/Versions/A/CoreCDP
0x00000001babc5000 	/System/Library/PrivateFrameworks/AskPermission.framework/Versions/A/AskPermission
0x00000001cd65c000 	/System/Library/Frameworks/Quartz.framework/Versions/A/Quartz
0x00000001da09b000 	/System/Library/PrivateFrameworks/CloudPhotoServicesConfiguration.framework/Versions/A/CloudPhotoServicesConfiguration
0x00000001cbd66000 	/System/Library/PrivateFrameworks/CommerceKit.framework/Versions/A/CommerceKit
0x00000001db996000 	/System/Library/PrivateFrameworks/FindMyMac.framework/Versions/A/FindMyMac
0x00000001db869000 	/System/Library/Frameworks/PreferencePanes.framework/Versions/A/PreferencePanes
0x00000001cf016000 	/System/Library/Frameworks/AddressBook.framework/Versions/A/AddressBook
0x00000001b9aad000 	/System/Library/PrivateFrameworks/AOSAccounts.framework/Versions/A/AOSAccounts
0x00000001b3d02000 	/System/Library/PrivateFrameworks/AppleSRP.framework/Versions/A/AppleSRP
0x00000001c8081000 	/System/Library/Frameworks/SafariServices.framework/Versions/A/SafariServices
0x00000001b8586000 	/System/Library/PrivateFrameworks/NetFSServer.framework/Versions/A/NetFSServer
0x00000001cab13000 	/System/Library/Frameworks/PDFKit.framework/Versions/A/PDFKit
0x0000000248015000 	/System/Library/Frameworks/TabularData.framework/Versions/A/TabularData
0x0000000297355000 	/usr/lib/swift/libswiftPassKit.dylib
0x00000001edc80000 	/System/Library/Frameworks/PassKit.framework/Versions/A/PassKit
0x00000001bc246000 	/System/Library/PrivateFrameworks/PassKitCore.framework/Versions/A/PassKitCore
0x0000000274120000 	/System/Library/PrivateFrameworks/PassKitMacHelperTemp.framework/Versions/A/PassKitMacHelperTemp
0x0000000295d24000 	/usr/lib/libAppleSSE.dylib
0x00000001c81b7000 	/System/Library/PrivateFrameworks/BiometricKit.framework/Versions/A/BiometricKit
0x0000000279b7a000 	/System/Library/PrivateFrameworks/SEService.framework/Versions/A/SEService
0x0000000241f41000 	/System/Library/Frameworks/FinanceKit.framework/Versions/A/FinanceKit
0x00000001cd70b000 	/System/Library/PrivateFrameworks/NearField.framework/Versions/A/NearField
0x0000000296123000 	/usr/lib/libSESShared.dylib
0x0000000279de2000 	/System/Library/PrivateFrameworks/STSXPCHelperClient.framework/Versions/A/STSXPCHelperClient
0x00000001cf422000 	/usr/lib/libnfshared.dylib
0x0000000284f7b000 	/System/Library/PrivateFrameworks/Symptoms.framework/Versions/A/Frameworks/SymptomPresentationFeed.framework/Versions/A/SymptomPresentationFeed
0x000000024da59000 	/System/Library/PrivateFrameworks/AppleMediaServicesKitInternal.framework/Versions/A/AppleMediaServicesKitInternal
0x000000024e6fd000 	/System/Library/PrivateFrameworks/AsyncAlgorithmsInternal.framework/Versions/A/AsyncAlgorithmsInternal
0x0000000284cbd000 	/System/Library/PrivateFrameworks/SymptomShared.framework/Versions/A/SymptomShared
0x00000001f09b0000 	/System/Library/PrivateFrameworks/PassKitUIFoundation.framework/Versions/A/PassKitUIFoundation
0x00000001b3635000 	/System/Library/Frameworks/MapKit.framework/Versions/A/MapKit
0x0000000263537000 	/System/Library/PrivateFrameworks/GeoAnalytics.framework/Versions/A/GeoAnalytics
0x00000001cf450000 	/System/Library/PrivateFrameworks/Navigation.framework/Versions/A/Navigation
0x00000001d90e3000 	/System/Library/PrivateFrameworks/VectorKit.framework/Versions/A/VectorKit
0x00000001c06ad000 	/System/Library/PrivateFrameworks/VirtualGarage.framework/Versions/A/VirtualGarage
0x00000001cf62f000 	/System/Library/Frameworks/ExternalAccessory.framework/ExternalAccessory
0x00000001cf64a000 	/System/Library/PrivateFrameworks/IAP.framework/Versions/A/IAP
0x00000001b38f1000 	/System/Library/PrivateFrameworks/IOPlatformPluginFamily.framework/Versions/A/IOPlatformPluginFamily
0x000000024ed42000 	/System/Library/PrivateFrameworks/AvatarKit.framework/Versions/A/AvatarKit
0x000000024ee01000 	/System/Library/PrivateFrameworks/AvatarPersistence.framework/Versions/A/AvatarPersistence
0x000000024839c000 	/System/Library/Frameworks/TipKit.framework/Versions/A/TipKit
0x00000001bbd4a000 	/System/Library/PrivateFrameworks/IMSharedUtilities.framework/Versions/A/IMSharedUtilities
0x00000002972f4000 	/usr/lib/swift/libswiftAppleArchive.dylib
0x000000028a9e3000 	/System/Library/PrivateFrameworks/VFX.framework/Versions/A/VFX
0x00000001eb886000 	/System/Library/PrivateFrameworks/AppleCVA.framework/Versions/A/AppleCVA
0x000000024ee00000 	/System/Library/PrivateFrameworks/AvatarKitContent.framework/Versions/A/AvatarKitContent
0x0000000243e56000 	/System/Library/Frameworks/MetalFX.framework/Versions/A/MetalFX
0x0000000252374000 	/System/Library/PrivateFrameworks/CompositorNonUI.framework/Versions/A/CompositorNonUI
0x00000002402c7000 	/System/Library/Frameworks/ARKit.framework/Versions/A/ARKit
0x000000024aa8d000 	/System/Library/PrivateFrameworks/ARKitCore.framework/Versions/A/ARKitCore
0x0000000295e1e000 	/usr/lib/libDisplayWarpSupport.dylib
0x0000000253ac2000 	/System/Library/PrivateFrameworks/CoreComposite.framework/Versions/A/CoreComposite
0x0000000296257000 	/usr/lib/libchannel.dylib
0x0000000296f51000 	/usr/lib/librealtime_safety.dylib
0x000000024ab1a000 	/System/Library/PrivateFrameworks/ARKitFoundation.framework/Versions/A/ARKitFoundation
0x000000024d112000 	/System/Library/PrivateFrameworks/AppleDepth.framework/Versions/A/AppleDepth
0x000000024d288000 	/System/Library/PrivateFrameworks/AppleDepthCore.framework/Versions/A/AppleDepthCore
0x00000001b3a2a000 	/System/Library/PrivateFrameworks/CoreAppleCVA.framework/Versions/A/CoreAppleCVA
0x00000001c07db000 	/System/Library/PrivateFrameworks/ContactsUICore.framework/Versions/A/ContactsUICore
0x00000001c7fed000 	/System/Library/PrivateFrameworks/ContactsDonation.framework/Versions/A/ContactsDonation
0x00000001c78a4000 	/System/Library/PrivateFrameworks/DataDetectors.framework/Versions/A/DataDetectors
0x00000001ba1fa000 	/System/Library/Frameworks/MediaLibrary.framework/Versions/A/MediaLibrary
0x00000001b4922000 	/System/Library/PrivateFrameworks/PersonaKit.framework/Versions/A/PersonaKit
0x00000001c07c9000 	/System/Library/PrivateFrameworks/PersonaUI.framework/Versions/A/PersonaUI
0x00000001db28b000 	/System/Library/PrivateFrameworks/Transparency.framework/Versions/A/Transparency
0x000000025a2c0000 	/System/Library/PrivateFrameworks/FindMyLocate.framework/Versions/A/FindMyLocate
0x00000001c98ae000 	/System/Library/PrivateFrameworks/IntlPreferences.framework/Versions/A/IntlPreferences
0x000000025a199000 	/System/Library/PrivateFrameworks/FindMyCommon.framework/Versions/A/FindMyCommon
0x0000000259f89000 	/System/Library/PrivateFrameworks/FindMyBase.framework/Versions/A/FindMyBase
0x00000002456f3000 	/System/Library/Frameworks/NearbyInteraction.framework/Versions/A/NearbyInteraction
0x00000001b4543000 	/System/Library/PrivateFrameworks/AddressBookCore.framework/Versions/A/AddressBookCore
0x00000001cf1ad000 	/System/Library/PrivateFrameworks/ToneKit.framework/Versions/A/ToneKit
0x00000001c98f5000 	/System/Library/PrivateFrameworks/ToneLibrary.framework/Versions/A/ToneLibrary
0x0000000252679000 	/System/Library/PrivateFrameworks/ContactsAccounts.framework/Versions/A/ContactsAccounts
0x00000001cd577000 	/System/Library/PrivateFrameworks/Lookup.framework/Versions/A/Lookup
0x0000000245fd8000 	/System/Library/Frameworks/QuickLookUI.framework/Versions/A/QuickLookUI
0x00000002469ed000 	/System/Library/Frameworks/ScreenCaptureKit.framework/Versions/A/ScreenCaptureKit
0x00000001ca627000 	/System/Library/Frameworks/Quartz.framework/Versions/A/Frameworks/QuartzComposer.framework/Versions/A/QuartzComposer
0x00000001c9885000 	/System/Library/Frameworks/Quartz.framework/Versions/A/Frameworks/QuartzFilters.framework/Versions/A/QuartzFilters
0x00000001c8931000 	/System/Library/Frameworks/Quartz.framework/Versions/A/Frameworks/ImageKit.framework/Versions/A/ImageKit
0x00000002400d4000 	/System/Library/Frameworks/OpenCL.framework/Versions/A/OpenCL
0x00000001c6e44000 	/System/Library/PrivateFrameworks/CorePDF.framework/Versions/A/CorePDF
0x00000001b15ec000 	/System/Library/Frameworks/QuickLook.framework/Versions/A/QuickLook
0x00000001bc137000 	/System/Library/PrivateFrameworks/DisplayServices.framework/Versions/A/DisplayServices
0x00000001c980a000 	/System/Library/Frameworks/ImageCaptureCore.framework/Versions/A/ImageCaptureCore
0x000000028c9ef000 	/System/Library/PrivateFrameworks/VisionKitCore.framework/Versions/A/VisionKitCore
0x00000001c4f54000 	/System/Library/PrivateFrameworks/QuickLookSupport.framework/Versions/A/QuickLookSupport
0x000000026e386000 	/System/Library/PrivateFrameworks/MediaAnalysisServices.framework/Versions/A/MediaAnalysisServices
0x00000001cc562000 	/System/Library/PrivateFrameworks/PhotoLibraryServices.framework/Versions/A/PhotoLibraryServices
0x00000001c9422000 	/System/Library/Frameworks/Photos.framework/Versions/A/Photos
0x00000001ddc0f000 	/System/Library/PrivateFrameworks/PhotosFormats.framework/Versions/A/PhotosFormats
0x00000001da0c6000 	/System/Library/PrivateFrameworks/CloudPhotoLibrary.framework/Versions/A/CloudPhotoLibrary
0x00000001e349e000 	/System/Library/PrivateFrameworks/CloudPhotoServices.framework/Versions/A/CloudPhotoServices
0x00000001dfa3c000 	/System/Library/PrivateFrameworks/CoreMediaStream.framework/Versions/A/CoreMediaStream
0x00000001b4fe3000 	/System/Library/PrivateFrameworks/CPAnalytics.framework/Versions/A/CPAnalytics
0x00000001dbf8f000 	/System/Library/PrivateFrameworks/MediaConversionService.framework/Versions/A/MediaConversionService
0x00000001bbd36000 	/System/Library/PrivateFrameworks/PhotoFoundation.framework/Versions/A/PhotoFoundation
0x000000027593b000 	/System/Library/PrivateFrameworks/PhotoLibraryServicesCore.framework/Versions/A/PhotoLibraryServicesCore
0x00000001d5d5b000 	/System/Library/PrivateFrameworks/MMCS.framework/Versions/A/MMCS
0x00000001ba053000 	/System/Library/PrivateFrameworks/ChunkingLibrary.framework/Versions/A/ChunkingLibrary
0x00000001b3ccf000 	/System/Library/PrivateFrameworks/AssetCacheServices.framework/Versions/A/AssetCacheServices
0x00000001b5c97000 	/System/Library/PrivateFrameworks/AVFoundationCF.framework/Versions/A/AVFoundationCF
0x00000001f39a3000 	/usr/lib/swift/libswiftDemangle.dylib
0x00000002666c3000 	/System/Library/PrivateFrameworks/ImageCaptureDevices.framework/Versions/A/ImageCaptureDevices
0x00000001c7b61000 	/System/Library/PrivateFrameworks/MediaStream.framework/Versions/A/MediaStream
0x00000001dc431000 	/System/Library/PrivateFrameworks/NeutrinoCore.framework/Versions/A/NeutrinoCore
0x00000001a3620000 	/System/Library/PrivateFrameworks/NLP.framework/Versions/A/NLP
0x00000001e2231000 	/System/Library/PrivateFrameworks/PhotoImaging.framework/Versions/A/PhotoImaging
0x00000001e345f000 	/System/Library/PrivateFrameworks/PhotosImagingFoundation.framework/Versions/A/PhotosImagingFoundation
0x00000002764e7000 	/System/Library/PrivateFrameworks/PhotosIntelligenceCore.framework/Versions/A/PhotosIntelligenceCore
0x00000001b60d2000 	/System/Library/PrivateFrameworks/EmbeddedAcousticRecognition.framework/Versions/A/EmbeddedAcousticRecognition
0x00000001d13b0000 	/System/Library/PrivateFrameworks/EmojiFoundation.framework/Versions/A/EmojiFoundation
0x00000001da33f000 	/System/Library/PrivateFrameworks/SDAPI.framework/Versions/A/SDAPI
0x00000001e34ad000 	/System/Library/PrivateFrameworks/AutoLoop.framework/Versions/A/AutoLoop
0x00000002770c4000 	/System/Library/PrivateFrameworks/Portrait.framework/Versions/A/Portrait
0x000000025a950000 	/System/Library/PrivateFrameworks/FusionTracker.framework/Versions/A/FusionTracker
0x00000001ca0c1000 	/System/Library/PrivateFrameworks/iTunesCloud.framework/Versions/A/iTunesCloud
0x00000001d32a0000 	/System/Library/PrivateFrameworks/DAAPKit.framework/Versions/A/DAAPKit
0x00000001c52d0000 	/System/Library/PrivateFrameworks/DeviceManagement.framework/Versions/A/DeviceManagement
0x00000001e94a3000 	/System/Library/PrivateFrameworks/ScreenTimeUI.framework/Versions/A/ScreenTimeUI
0x00000001c789e000 	/System/Library/PrivateFrameworks/QuickLookNonBaseSystem.framework/Versions/A/QuickLookNonBaseSystem
0x00000001c80c3000 	/System/Library/PrivateFrameworks/Catalyst.framework/Versions/A/Catalyst
0x00000001c9aa7000 	/System/Library/PrivateFrameworks/ScreenTimeCore.framework/Versions/A/ScreenTimeCore
0x00000001dd0bf000 	/System/Library/PrivateFrameworks/ScreenTimeServiceUI.framework/Versions/A/ScreenTimeServiceUI
0x00000001d5eeb000 	/System/Library/PrivateFrameworks/ConfigurationEngineModel.framework/Versions/A/ConfigurationEngineModel
0x00000001d909c000 	/System/Library/PrivateFrameworks/UsageTracking.framework/Versions/A/UsageTracking
0x0000000241bd4000 	/System/Library/Frameworks/DeviceActivity.framework/Versions/A/DeviceActivity
0x00000001d906c000 	/System/Library/PrivateFrameworks/KnowledgeMonitor.framework/Versions/A/KnowledgeMonitor
0x00000001f0956000 	/System/Library/PrivateFrameworks/BluetoothManager.framework/Versions/A/BluetoothManager
0x00000002431db000 	/System/Library/Frameworks/ManagedSettings.framework/Versions/A/ManagedSettings
0x000000026dae6000 	/System/Library/PrivateFrameworks/ManagedSettingsSupport.framework/Versions/A/ManagedSettingsSupport
0x00000001edd50000 	/System/Library/Frameworks/ReplayKit.framework/Versions/A/ReplayKit
0x00000001bd0f6000 	/System/Library/PrivateFrameworks/MarkupUI.framework/Versions/A/MarkupUI
0x00000001c7876000 	/System/Library/PrivateFrameworks/SidecarCore.framework/Versions/A/SidecarCore
0x00000001ca4dc000 	/System/Library/PrivateFrameworks/AnnotationKit.framework/Versions/A/AnnotationKit
0x00000001c8b76000 	/System/Library/Frameworks/PencilKit.framework/Versions/A/PencilKit
0x00000001c8d3b000 	/System/Library/PrivateFrameworks/SidecarUI.framework/Versions/A/SidecarUI
0x00000001c84d3000 	/System/Library/PrivateFrameworks/CoreHandwriting.framework/Versions/A/CoreHandwriting
0x000000019d1f7000 	/usr/lib/libmecabra.dylib
0x00000001c0d9a000 	/System/Library/PrivateFrameworks/Calculate.framework/Versions/A/Calculate
0x00000001acced000 	/usr/lib/libChineseTokenizer.dylib
0x00000001feda2000 	/System/Library/PrivateFrameworks/ScreenReaderCore.framework/Versions/A/ScreenReaderCore
0x000000028421b000 	/System/Library/PrivateFrameworks/StocksKit.framework/Versions/A/StocksKit
0x00000001bfd97000 	/System/Library/PrivateFrameworks/OAuth.framework/Versions/A/OAuth
0x0000000283f0c000 	/System/Library/PrivateFrameworks/StocksCore.framework/Versions/A/StocksCore
0x00000002854eb000 	/System/Library/PrivateFrameworks/TeaFoundation.framework/Versions/A/TeaFoundation
0x00000002856cd000 	/System/Library/PrivateFrameworks/TeaSettings.framework/Versions/A/TeaSettings
0x00000001f506b000 	/System/Library/PrivateFrameworks/NewsCore.framework/Versions/A/NewsCore
0x0000000285487000 	/System/Library/PrivateFrameworks/TeaDB.framework/Versions/A/TeaDB
0x00000001f1a6a000 	/System/Library/PrivateFrameworks/RemoteConfiguration.framework/Versions/A/RemoteConfiguration
0x00000001f4c76000 	/System/Library/PrivateFrameworks/NewsTransport.framework/Versions/A/NewsTransport
0x00000001f505b000 	/System/Library/PrivateFrameworks/NewsFoundation.framework/Versions/A/NewsFoundation
0x0000000271e14000 	/System/Library/PrivateFrameworks/NewsURLBucket.framework/Versions/A/NewsURLBucket
0x00000001cc15b000 	/System/Library/PrivateFrameworks/MobileInstallation.framework/Versions/A/MobileInstallation
0x0000000248509000 	/System/Library/Frameworks/Translation.framework/Versions/A/Translation
0x00000001e4eaf000 	/System/Library/PrivateFrameworks/RevealCore.framework/Versions/A/RevealCore
0x00000001e4ea3000 	/System/Library/PrivateFrameworks/Reveal.framework/Versions/A/Reveal
0x00000001dcd89000 	/System/Library/Frameworks/Speech.framework/Versions/A/Speech
0x000000024996d000 	/System/Library/PrivateFrameworks/AIMLExperimentationAnalytics.framework/Versions/A/AIMLExperimentationAnalytics
0x000000024bccb000 	/System/Library/PrivateFrameworks/AlgorithmsInternal.framework/Versions/A/AlgorithmsInternal
0x0000000288d1f000 	/System/Library/PrivateFrameworks/TranslationUIServices.framework/Versions/A/TranslationUIServices
0x0000000287c0b000 	/System/Library/PrivateFrameworks/TipKitCore.framework/Versions/A/TipKitCore
0x00000001d1434000 	/System/Library/PrivateFrameworks/CoreCDPInternal.framework/Versions/A/CoreCDPInternal
0x0000000266e9f000 	/System/Library/PrivateFrameworks/InputAnalytics.framework/Versions/A/InputAnalytics
0x00000001d6ecd000 	/System/Library/Frameworks/InstantMessage.framework/Versions/A/InstantMessage
0x00000001cef24000 	/System/Library/PrivateFrameworks/IDSKVStore.framework/Versions/A/IDSKVStore
0x00000001cec03000 	/System/Library/PrivateFrameworks/IMDPersistence.framework/Versions/A/IMDPersistence
0x000000028a8d9000 	/System/Library/PrivateFrameworks/UserSafety.framework/Versions/A/UserSafety
0x00000001efb64000 	/System/Library/PrivateFrameworks/BlastDoor.framework/Versions/A/BlastDoor
0x000000026b33e000 	/System/Library/PrivateFrameworks/LinkPresentationStyleSheetParsing.framework/Versions/A/LinkPresentationStyleSheetParsing
0x0000000277275000 	/System/Library/PrivateFrameworks/PosterFoundation.framework/Versions/A/PosterFoundation
0x0000000277303000 	/System/Library/PrivateFrameworks/PosterModel.framework/Versions/A/PosterModel
0x00000002772de000 	/System/Library/PrivateFrameworks/PosterFuturesKit.framework/Versions/A/PosterFuturesKit
0x0000000259d80000 	/System/Library/PrivateFrameworks/FeedbackService.framework/Versions/A/FeedbackService
0x00000001c7f44000 	/System/Library/PrivateFrameworks/CoreSDB.framework/Versions/A/CoreSDB
0x000000024e4e6000 	/System/Library/PrivateFrameworks/AskToCore.framework/Versions/A/AskToCore
0x00000001e9cda000 	/System/Library/PrivateFrameworks/MachineSettings.framework/Versions/A/MachineSettings
0x00000001db7eb000 	/System/Library/PrivateFrameworks/BezelServices.framework/Versions/A/BezelServices
0x00000001d332c000 	/System/Library/PrivateFrameworks/SPOwner.framework/Versions/A/SPOwner
0x00000001cbdcb000 	/System/Library/PrivateFrameworks/FMCore.framework/Versions/A/FMCore
0x00000001cb5c5000 	/System/Library/PrivateFrameworks/AppleMediaServicesUI.framework/Versions/A/AppleMediaServicesUI
0x00000002911da000 	/System/Library/PrivateFrameworks/iCloudQuota.framework/Versions/A/iCloudQuota
0x00000001c0746000 	/System/Library/PrivateFrameworks/CoreRecognition.framework/Versions/A/CoreRecognition
0x00000001db8a1000 	/System/Library/PrivateFrameworks/InAppMessages.framework/Versions/A/InAppMessages
0x00000001fd993000 	/System/Library/PrivateFrameworks/JetUI.framework/Versions/A/JetUI
0x000000026a61f000 	/System/Library/PrivateFrameworks/JetPack.framework/Versions/A/JetPack
0x00000001db898000 	/System/Library/PrivateFrameworks/InAppMessagesCore.framework/Versions/A/InAppMessagesCore
0x00000002905a5000 	/System/Library/PrivateFrameworks/_JetEngine_SwiftUI.framework/Versions/A/_JetEngine_SwiftUI
0x0000000284fa4000 	/System/Library/PrivateFrameworks/Synapse.framework/Versions/A/Synapse
0x0000000250688000 	/System/Library/PrivateFrameworks/CSExattrCrypto.framework/Versions/A/CSExattrCrypto
0x00000001cd260000 	/System/Library/PrivateFrameworks/StoreFoundation.framework/Versions/A/StoreFoundation
0x00000001cbdc5000 	/System/Library/PrivateFrameworks/ServerInformation.framework/Versions/A/ServerInformation
0x00000001cb7fb000 	/System/Library/PrivateFrameworks/Install.framework/Frameworks/DistributionKit.framework/Versions/A/DistributionKit
0x00000001c4d28000 	/System/Library/PrivateFrameworks/PackageKit.framework/Versions/A/PackageKit
0x00000001cb81e000 	/System/Library/PrivateFrameworks/OSPersonalization.framework/Versions/A/OSPersonalization
0x00000001cd7ea000 	/System/Library/PrivateFrameworks/BridgeOSSoftwareUpdate.framework/Versions/A/BridgeOSSoftwareUpdate
0x00000001c83db000 	/System/Library/PrivateFrameworks/StorageManagement.framework/Versions/A/StorageManagement
0x00000001dcc0f000 	/usr/lib/libauthinstall.dylib
0x00000001cd7f3000 	/System/Library/PrivateFrameworks/InstallerDiagnostics.framework/Versions/A/InstallerDiagnostics
0x00000001dd28b000 	/usr/lib/libcrypto.42.dylib
0x000000029785b000 	/usr/lib/updaters/libAppleTconUARPUpdater.dylib
0x000000029797e000 	/usr/lib/updaters/libT200Updater.dylib
0x00000001cd7d8000 	/System/Library/PrivateFrameworks/GPUInfo.framework/Versions/A/GPUInfo
0x00000001db99c000 	/System/Library/PrivateFrameworks/MobileActivationMacOS.framework/Versions/A/MobileActivationMacOS
0x00000001bfcd9000 	/System/Library/PrivateFrameworks/AccountsDaemon.framework/Versions/A/AccountsDaemon
0x0000000263469000 	/System/Library/PrivateFrameworks/GenerativePartnerService.framework/Versions/A/GenerativePartnerService
0x00000001afd42000 	/System/Library/PrivateFrameworks/CacheDelete.framework/Versions/A/CacheDelete
0x00000001b86aa000 	/System/Library/Frameworks/QuickLookThumbnailing.framework/Versions/A/QuickLookThumbnailing
0x00000001cd837000 	/System/Library/PrivateFrameworks/AOSKit.framework/Versions/A/AOSKit
0x00000001ace1e000 	/System/Library/PrivateFrameworks/AppSSOCore.framework/Versions/A/AppSSOCore
0x00000001c724e000 	/System/Library/Frameworks/AVFoundation.framework/Versions/A/AVFoundation
0x000000024ee9a000 	/System/Library/PrivateFrameworks/BackgroundSystemTasks.framework/Versions/A/BackgroundSystemTasks
0x00000001b85c0000 	/System/Library/PrivateFrameworks/DuetActivityScheduler.framework/Versions/A/DuetActivityScheduler
0x00000001d9ff5000 	/System/Library/PrivateFrameworks/NetworkServiceProxy.framework/Versions/A/NetworkServiceProxy
0x00000001b3963000 	/usr/lib/libnetworkextension.dylib
0x00000001b5fe1000 	/System/Library/PrivateFrameworks/Rapport.framework/Versions/A/Rapport
0x0000000284ccd000 	/System/Library/PrivateFrameworks/Symptoms.framework/Versions/A/Frameworks/SymptomAnalytics.framework/Versions/A/SymptomAnalytics
0x00000001b0776000 	/System/Library/Frameworks/NetworkExtension.framework/Versions/A/NetworkExtension
0x00000001b6d87000 	/System/Library/PrivateFrameworks/CoreDuetContext.framework/Versions/A/CoreDuetContext
0x00000001a1c7b000 	/System/Library/PrivateFrameworks/CoreDuet.framework/Versions/A/CoreDuet
0x00000001bba90000 	/System/Library/PrivateFrameworks/AssistantServices.framework/Versions/A/AssistantServices
0x00000001b5ddb000 	/System/Library/PrivateFrameworks/SAObjects.framework/Versions/A/SAObjects
0x00000001bb68b000 	/System/Library/PrivateFrameworks/MediaRemote.framework/Versions/A/MediaRemote
0x00000001cdd2b000 	/System/Library/PrivateFrameworks/SiriInstrumentation.framework/Versions/A/SiriInstrumentation
0x000000027bc8c000 	/System/Library/PrivateFrameworks/SiriAnalytics.framework/Versions/A/SiriAnalytics
0x0000000281b2e000 	/System/Library/PrivateFrameworks/SiriTTSService.framework/Versions/A/SiriTTSService
0x000000027c5c8000 	/System/Library/PrivateFrameworks/SiriCrossDeviceArbitration.framework/Versions/A/SiriCrossDeviceArbitration
0x00000001cb597000 	/System/Library/PrivateFrameworks/FeedbackLogger.framework/Versions/A/FeedbackLogger
0x000000025992d000 	/System/Library/PrivateFrameworks/FaceTimeNameUtility.framework/Versions/A/FaceTimeNameUtility
0x000000027c61c000 	/System/Library/PrivateFrameworks/SiriCrossDeviceArbitrationFeedback.framework/Versions/A/SiriCrossDeviceArbitrationFeedback
0x0000000263325000 	/System/Library/PrivateFrameworks/GenerativeModels.framework/Versions/A/GenerativeModels
0x000000024040d000 	/System/Library/Frameworks/AVRouting.framework/Versions/A/AVRouting
0x00000001c0559000 	/System/Library/PrivateFrameworks/MediaServices.framework/Versions/A/MediaServices
0x00000001b5c19000 	/System/Library/Frameworks/LocalAuthentication.framework/Versions/A/LocalAuthentication
0x000000026b574000 	/System/Library/PrivateFrameworks/LocalAuthenticationCore.framework/Versions/A/LocalAuthenticationCore
0x000000026b6f9000 	/System/Library/PrivateFrameworks/LocalAuthenticationCredentialServices.framework/Versions/A/LocalAuthenticationCredentialServices
0x00000001b5c85000 	/System/Library/Frameworks/LocalAuthentication.framework/Support/SharedUtils.framework/Versions/A/SharedUtils
0x00000001ad267000 	/System/Library/PrivateFrameworks/PersistentConnection.framework/Versions/A/PersistentConnection
0x0000000283341000 	/System/Library/PrivateFrameworks/SonicFoundation.framework/Versions/A/SonicFoundation
0x0000000258191000 	/System/Library/PrivateFrameworks/Dendrite.framework/Versions/A/Dendrite
0x00000001cfbeb000 	/usr/lib/libtailspin.dylib
0x00000001e35bd000 	/System/Library/PrivateFrameworks/Osprey.framework/Versions/A/Osprey
0x0000000281189000 	/System/Library/PrivateFrameworks/SiriTTS.framework/Versions/A/SiriTTS
0x00000001c800a000 	/System/Library/Frameworks/NaturalLanguage.framework/Versions/A/NaturalLanguage
0x000000027ff6f000 	/System/Library/PrivateFrameworks/SiriPowerInstrumentation.framework/Versions/A/SiriPowerInstrumentation
0x00000001c8ecb000 	/System/Library/PrivateFrameworks/Trial.framework/Versions/A/Trial
0x00000001c8e4d000 	/System/Library/PrivateFrameworks/TrialProto.framework/Versions/A/TrialProto
0x0000000289fc6000 	/System/Library/PrivateFrameworks/UnifiedAssetFramework.framework/Versions/A/UnifiedAssetFramework
0x00000001e55e3000 	/usr/lib/swift/libswiftAVFoundation.dylib
0x00000001f5a09000 	/usr/lib/swift/libswiftNaturalLanguage.dylib
0x0000000285485000 	/System/Library/PrivateFrameworks/TailspinSymbolication.framework/Versions/A/TailspinSymbolication
0x0000000257dd0000 	/System/Library/PrivateFrameworks/Darwinup.framework/Versions/A/Darwinup
0x00000001dbfca000 	/System/Library/PrivateFrameworks/SignpostSupport.framework/Versions/A/SignpostSupport
0x00000001c7ed1000 	/System/Library/PrivateFrameworks/FeatureFlagsSupport.framework/Versions/A/FeatureFlagsSupport
0x00000001db6fd000 	/System/Library/PrivateFrameworks/ktrace.framework/Versions/A/ktrace
0x00000001dc1f9000 	/System/Library/PrivateFrameworks/SampleAnalysis.framework/Versions/A/SampleAnalysis
0x00000001e4e7d000 	/System/Library/PrivateFrameworks/kperfdata.framework/Versions/A/kperfdata
0x00000001b172d000 	/usr/lib/libdscsym.dylib
0x00000001e5339000 	/System/Library/PrivateFrameworks/BulkSymbolication.framework/Versions/A/BulkSymbolication
0x00000001b86f6000 	/System/Library/PrivateFrameworks/Espresso.framework/Versions/A/Espresso
0x00000001a684d000 	/System/Library/Frameworks/CoreML.framework/Versions/A/CoreML
0x00000001ff149000 	/System/Library/PrivateFrameworks/ANECompiler.framework/Versions/A/ANECompiler
0x00000001ba7e3000 	/System/Library/PrivateFrameworks/AppleNeuralEngine.framework/Versions/A/AppleNeuralEngine
0x0000000243efd000 	/System/Library/Frameworks/MetalPerformanceShadersGraph.framework/Versions/A/MetalPerformanceShadersGraph
0x000000026c000000 	/System/Library/PrivateFrameworks/MLCompilerServices.framework/Versions/A/MLCompilerServices
0x00000001b9592000 	/System/Library/PrivateFrameworks/ANEServices.framework/Versions/A/ANEServices
0x0000000272e6f000 	/System/Library/PrivateFrameworks/ODIE.framework/Versions/A/ODIE
0x000000026bfa4000 	/System/Library/PrivateFrameworks/MLCompilerRuntime.framework/Versions/A/MLCompilerRuntime
0x00000001aac2f000 	/System/Library/Frameworks/MLCompute.framework/Versions/A/MLCompute
0x000000026bf26000 	/System/Library/PrivateFrameworks/MLAssetIO.framework/Versions/A/MLAssetIO
0x0000000297333000 	/usr/lib/swift/libswiftMLCompute.dylib
0x00000001b576c000 	/System/Library/PrivateFrameworks/AVFCore.framework/Versions/A/AVFCore
0x00000001bece9000 	/System/Library/PrivateFrameworks/AVFCapture.framework/Versions/A/AVFCapture
0x000000025028d000 	/System/Library/PrivateFrameworks/CMImaging.framework/Versions/A/CMImaging
0x00000001bef32000 	/System/Library/PrivateFrameworks/Quagga.framework/Versions/A/Quagga
0x00000001bf066000 	/System/Library/PrivateFrameworks/CMCapture.framework/Versions/A/CMCapture
0x00000001af969000 	/System/Library/Frameworks/CoreMediaIO.framework/Versions/A/CoreMediaIO
0x00000002501c9000 	/System/Library/PrivateFrameworks/CMCaptureDevice.framework/Versions/A/CMCaptureDevice
0x00000001ad3dd000 	/System/Library/PrivateFrameworks/CoreBrightness.framework/Versions/A/CoreBrightness
0x000000025129e000 	/System/Library/PrivateFrameworks/CinematicFraming.framework/Versions/A/CinematicFraming
0x00000001e267b000 	/System/Library/PrivateFrameworks/CPMS.framework/Versions/A/CPMS
0x000000028517b000 	/System/Library/PrivateFrameworks/SystemStatus.framework/Versions/A/SystemStatus
0x00000001c6e46000 	/System/Library/Frameworks/CoreMotion.framework/Versions/A/CoreMotion
0x00000001d6f8b000 	/System/Library/PrivateFrameworks/TimeSync.framework/Versions/A/TimeSync
0x0000000258aae000 	/System/Library/PrivateFrameworks/DistributedSensing.framework/Versions/A/DistributedSensing
0x00000001d256b000 	/System/Library/PrivateFrameworks/MobileBluetooth.framework/Versions/A/MobileBluetooth
0x00000001d8c84000 	/System/Library/PrivateFrameworks/IOKitten.framework/Versions/A/IOKitten
0x000000019e473000 	/System/Library/PrivateFrameworks/LanguageModeling.framework/Versions/A/LanguageModeling
0x00000001a3427000 	/System/Library/PrivateFrameworks/Montreal.framework/Versions/A/Montreal
0x00000001ab69a000 	/usr/lib/libcmph.dylib
0x00000002633fe000 	/System/Library/PrivateFrameworks/GenerativeModelsFoundation.framework/Versions/A/GenerativeModelsFoundation
0x0000000287f73000 	/System/Library/PrivateFrameworks/TokenGeneration.framework/Versions/A/TokenGeneration
0x00000002631e1000 	/System/Library/PrivateFrameworks/GenerativeFunctions.framework/Versions/A/GenerativeFunctions
0x000000026322d000 	/System/Library/PrivateFrameworks/GenerativeFunctionsFoundation.framework/Versions/A/GenerativeFunctionsFoundation
0x000000026f74c000 	/System/Library/PrivateFrameworks/ModelCatalog.framework/Versions/A/ModelCatalog
0x000000027b139000 	/System/Library/PrivateFrameworks/SensitiveContentAnalysisML.framework/Versions/A/SensitiveContentAnalysisML
0x00000002632c2000 	/System/Library/PrivateFrameworks/GenerativeFunctionsInstrumentation.framework/Versions/A/GenerativeFunctionsInstrumentation
0x0000000278387000 	/System/Library/PrivateFrameworks/PromptKit.framework/Versions/A/PromptKit
0x0000000277e64000 	/System/Library/PrivateFrameworks/ProactiveDaemonSupport.framework/Versions/A/ProactiveDaemonSupport
0x000000026fb2e000 	/System/Library/PrivateFrameworks/ModelManagerServices.framework/Versions/A/ModelManagerServices
0x00000002881c1000 	/System/Library/PrivateFrameworks/TokenGenerationCore.framework/Versions/A/TokenGenerationCore
0x000000024d70a000 	/System/Library/PrivateFrameworks/AppleIntelligenceReporting.framework/Versions/A/AppleIntelligenceReporting
0x000000024d372000 	/System/Library/PrivateFrameworks/AppleFlatBuffers.framework/Versions/A/AppleFlatBuffers
0x000000027b372000 	/System/Library/PrivateFrameworks/SentencePieceInternal.framework/Versions/A/SentencePieceInternal
0x00000001b3d47000 	/System/Library/Frameworks/Vision.framework/Versions/A/Vision
0x00000002577a8000 	/System/Library/PrivateFrameworks/CoreSceneUnderstanding.framework/Versions/A/CoreSceneUnderstanding
0x000000028c9a3000 	/System/Library/PrivateFrameworks/VisionCore.framework/Versions/A/VisionCore
0x00000001d150c000 	/System/Library/Frameworks/Vision.framework/libfaceCore.dylib
0x00000001d202f000 	/System/Library/PrivateFrameworks/Futhark.framework/Versions/A/Futhark
0x00000001d5e07000 	/System/Library/PrivateFrameworks/InertiaCam.framework/Versions/A/InertiaCam
0x00000001d1db7000 	/System/Library/PrivateFrameworks/TextRecognition.framework/Versions/A/TextRecognition
0x00000001ace3f000 	/System/Library/PrivateFrameworks/CVNLP.framework/Versions/A/CVNLP
0x00000001a62ec000 	/System/Library/PrivateFrameworks/ApplePushService.framework/Versions/A/ApplePushService
0x00000001a6357000 	/System/Library/Frameworks/CloudKit.framework/Versions/A/CloudKit
0x00000001b9750000 	/System/Library/PrivateFrameworks/CoreDuetDaemonProtocol.framework/Versions/A/CoreDuetDaemonProtocol
0x00000001de7ce000 	/System/Library/PrivateFrameworks/DeviceIdentity.framework/Versions/A/DeviceIdentity
0x0000000246c04000 	/System/Library/Frameworks/SharedWithYouCore.framework/Versions/A/SharedWithYouCore
0x0000000251b46000 	/System/Library/PrivateFrameworks/CloudTelemetry.framework/Versions/A/CloudTelemetry
0x00000001b808e000 	/System/Library/PrivateFrameworks/AppleAccount.framework/Versions/A/AppleAccount
0x00000001b864f000 	/System/Library/PrivateFrameworks/C2.framework/Versions/A/C2
0x00000002517b8000 	/System/Library/PrivateFrameworks/CloudCoreInternal.framework/Versions/A/CloudCoreInternal
0x000000025155d000 	/System/Library/PrivateFrameworks/CloudAsset.framework/Versions/A/CloudAsset
0x00000001b8646000 	/System/Library/Frameworks/PushKit.framework/Versions/A/PushKit
0x0000000251b66000 	/System/Library/PrivateFrameworks/CloudTelemetryTools.framework/Versions/A/CloudTelemetryTools
0x00000001ba540000 	/System/Library/PrivateFrameworks/RTCReporting.framework/Versions/A/RTCReporting
0x0000000249853000 	/System/Library/PrivateFrameworks/AAAFoundationSwift.framework/Versions/A/AAAFoundationSwift
0x00000001b8319000 	/System/Library/PrivateFrameworks/AppleIDSSOAuthentication.framework/Versions/A/AppleIDSSOAuthentication
0x00000001cd10b000 	/System/Library/PrivateFrameworks/CaptiveNetwork.framework/Versions/A/CaptiveNetwork
0x00000001b7b1f000 	/System/Library/PrivateFrameworks/EAP8021X.framework/Versions/A/EAP8021X
0x0000000257bb6000 	/System/Library/PrivateFrameworks/CryptoKitPrivate.framework/Versions/A/CryptoKitPrivate
0x00000001c749e000 	/System/Library/PrivateFrameworks/FindMyDevice.framework/Versions/A/FindMyDevice
0x00000001bc226000 	/System/Library/PrivateFrameworks/FMCoreLite.framework/Versions/A/FMCoreLite
0x00000001aa8cf000 	/System/Library/Frameworks/ServiceManagement.framework/Versions/A/ServiceManagement
0x00000001dc1c2000 	/System/Library/PrivateFrameworks/UIKitServices.framework/Versions/A/UIKitServices
0x000000013c6c4000 	/System/Library/Extensions/AGXMetalG14G.bundle/Contents/MacOS/AGXMetalG14G
0x00000001c03fa000 	/System/Library/PrivateFrameworks/IOGPU.framework/Versions/A/IOGPU
0x0000000131984000 	/Users/mattias800/repos/spela/player/desktop/build/native/libspela-libretro.dylib
0x0000000131b48000 	/opt/homebrew/Cellar/sdl2/2.32.10/lib/libSDL2-2.0.0.dylib
0x0000000131960000 	/Users/mattias800/Library/Java/JavaVirtualMachines/ms-21.0.10/Contents/Home/lib/libjawt.dylib
0x0000000131a70000 	/opt/homebrew/Cellar/vulkan-loader/1.4.328.1/lib/libvulkan.1.4.328.dylib
0x00000001b5d22000 	/System/Library/Frameworks/CoreHaptics.framework/Versions/A/CoreHaptics
0x00000001b7e36000 	/System/Library/Frameworks/GameController.framework/Versions/A/GameController
0x00000002610c7000 	/System/Library/PrivateFrameworks/GameControllerFoundation.framework/Versions/A/GameControllerFoundation
0x000000026116b000 	/System/Library/PrivateFrameworks/GameControllerSettings.framework/Versions/A/GameControllerSettings
0x00000001f0633000 	/System/Library/Frameworks/ForceFeedback.framework/Versions/A/ForceFeedback
0x000000026117e000 	/System/Library/PrivateFrameworks/GameControllerUI.framework/Versions/A/GameControllerUI
0x000000013e544000 	/Users/mattias800/.skiko/384a41e7bf8dcab7fe3ef7dfb14a2adf281ce448c1f711cac5e69a7b97ae2f4a/libskiko-macos-arm64.dylib
0x0000000131a18000 	/Users/mattias800/Library/Java/JavaVirtualMachines/ms-21.0.10/Contents/Home/lib/libosxui.dylib
0x0000000285c96000 	/System/Library/PrivateFrameworks/TextInputUI.framework/Versions/A/TextInputUI
0x0000000285cca000 	/System/Library/PrivateFrameworks/TextInputUIMacHelper.framework/Versions/A/TextInputUIMacHelper
0x00000001d211e000 	/System/Library/PrivateFrameworks/SafariPlatformSupport.framework/Versions/A/SafariPlatformSupport
0x000000028393b000 	/System/Library/PrivateFrameworks/SpotlightKnowledge.framework/Versions/A/SpotlightKnowledge
0x0000000258f5c000 	/System/Library/PrivateFrameworks/DocumentUnderstandingClient.framework/Versions/A/DocumentUnderstandingClient
0x0000000283922000 	/System/Library/PrivateFrameworks/SpotlightEmbedding.framework/Versions/A/SpotlightEmbedding
0x00000001a1c1e000 	/System/Library/PrivateFrameworks/SpotlightLinguistics.framework/Versions/A/SpotlightLinguistics
0x0000000283aef000 	/System/Library/PrivateFrameworks/SpotlightResources.framework/Versions/A/SpotlightResources
0x00000001b9b07000 	/System/Library/PrivateFrameworks/SpotlightIndex.framework/Versions/A/SpotlightIndex
0x00000001cd0cf000 	/System/Library/PrivateFrameworks/DataDeliveryServices.framework/Versions/A/DataDeliveryServices
0x00000002512d7000 	/System/Library/PrivateFrameworks/CipherML.framework/Versions/A/CipherML
0x00000002753ae000 	/System/Library/PrivateFrameworks/PegasusKit.framework/Versions/A/PegasusKit
0x00000002848be000 	/System/Library/PrivateFrameworks/SwiftSQLite.framework/Versions/A/SwiftSQLite
0x00000001511ac000 	/Users/mattias800/Library/Application Support/Spela/cores/dolphin_libretro.dylib
0x0000000140a54000 	/opt/homebrew/Cellar/zstd/1.5.7_1/lib/libzstd.1.5.7.dylib
0x0000000140bd4000 	/opt/homebrew/Cellar/openssl@3/3.6.0/lib/libssl.3.dylib
0x0000000150200000 	/opt/homebrew/Cellar/openssl@3/3.6.0/lib/libcrypto.3.dylib
0x00000001409f4000 	/System/Library/Extensions/IOUSBHostFamily.kext/Contents/PlugIns/IOUSBLib.bundle/Contents/MacOS/IOUSBLib
0x00000001409b4000 	/System/Library/Extensions/IOHIDFamily.kext/Contents/PlugIns/IOHIDLib.plugin/Contents/MacOS/IOHIDLib
0x0000000295b95000 	/usr/lib/i18n/libiconv_std.dylib
0x0000000295b8b000 	/usr/lib/i18n/libUTF8.dylib
0x0000000295b9d000 	/usr/lib/i18n/libmapper_std.dylib
0x000000023ff4e000 	/System/Library/Frameworks/OpenGL.framework/Versions/A/Resources/GLEngine.bundle/GLEngine
0x000000023fdf0000 	/System/Library/Frameworks/OpenGL.framework/Versions/A/Libraries/libGLProgrammability.dylib
0x0000000140af8000 	/System/Library/Extensions/AppleMetalOpenGLRenderer.bundle/Contents/MacOS/AppleMetalOpenGLRenderer
0x00000002400af000 	/System/Library/Frameworks/OpenGL.framework/Versions/A/Resources/GLRendererFloat.bundle/GLRendererFloat
0x0000000295b85000 	/usr/lib/i18n/libMSKanji.dylib
0x0000000295b99000 	/usr/lib/i18n/libmapper_646.dylib
0x000000014146c000 	/Users/mattias800/Library/Java/JavaVirtualMachines/ms-21.0.10/Contents/Home/lib/libjsound.dylib
0x0000000165110000 	/System/Library/Components/CoreAudio.component/Contents/MacOS/CoreAudio

JVMTI agents: none


VM Arguments:
jvm_args: -Dcompose.application.configure.swing.globals=true -Dcompose.application.resources.dir=/Users/mattias800/repos/spela/player/desktop/build/compose/tmp/prepareAppResources -Djava.library.path=/Users/mattias800/repos/spela/player/desktop/build/native -Dfile.encoding=UTF-8 -Duser.country=US -Duser.language=en -Duser.variant 
java_command: com.spela.player.desktop.MainKt
java_class_path (initial): /Users/mattias800/repos/spela/player/desktop/build/libs/desktop-desktop.jar:/Users/mattias800/repos/spela/player/shared/build/libs/shared-desktop.jar:/Users/mattias800/.gradle/caches/modules-2/files-2.1/org.jetbrains.compose.material3/material3-desktop/1.9.0/19004c4eb3dc6618eb66a076bbe3d7e1a2e7b85/material3-desktop-1.9.0.jar:/Users/mattias800/.gradle/caches/modules-2/files-2.1/org.jetbrains.compose.components/components-resources-desktop/1.10.1/c6115b607f77e9d033de360f989850d3824bf112/library-desktop-1.10.1.jar:/Users/mattias800/.gradle/caches/modules-2/files-2.1/org.jetbrains.compose.desktop/desktop-jvm/1.10.1/42facd9840309ac4eb841a986c5d1b97d2780471/desktop-jvm-1.10.1.jar:/Users/mattias800/.gradle/caches/modules-2/files-2.1/io.coil-kt.coil3/coil-compose-jvm/3.3.0/38281ac8d9773163bb49be7a871239ea0b953f21/coil-compose-jvm-3.3.0.jar:/Users/mattias800/.gradle/caches/modules-2/files-2.1/io.coil-kt.coil3/coil-compose-core-jvm/3.3.0/4ea0aece0de785d13342ef927464bf75d918f80b/coil-compose-core-jvm-3.3.0.jar:/Users/mattias800/.gradle/caches/modules-2/files-2.1/org.jetbrains.compose.material/material-desktop/1.10.1/63e1c3c6705d111bf84e41110e7729df5b85163e/material-desktop-1.10.1.jar:/Users/mattias800/.gradle/caches/modules-2/files-2.1/org.jetbrains.compose.material/material-ripple-desktop/1.10.1/74a14824f086339703264689c5a7cf4ceb39ed40/material-ripple-desktop-1.10.1.jar:/Users/mattias800/.gradle/caches/modules-2/files-2.1/org.jetbrains.compose.foundation/foundation-desktop/1.10.1/d9ba57abee3527886ea640d3b390a70ba9e28af/foundation-desktop-1.10.1.jar:/Users/mattias800/.gradle/caches/modules-2/files-2.1/org.jetbrains.compose.material/material-icons-extended-desktop/1.7.3/c7c5465dd754043076875b32bce0dd7f5a354fe8/material-icons-extended-desktop-1.7.3.jar:/Users/mattias800/.gradle/caches/modules-2/files-2.1/org.jetbrains.compose.animation/animation-desktop/1.10.1/17f777e04f7fe5dff2fe7992d0c0bda81c3a3897/animation-desktop-1.10.1.jar:/Users/mattias800/.gradle/caches/modules-2/files-2.1/org.jetbrains.compose.foundation/foundation-layout-desktop/1.10.1/263364f922ef14fb64f1313a384a0c31cd6f3fa5/foundation-layout-desktop-1.10.1.jar:/Users/mattias800/.gradle/caches/modules-2/files-2.1/org.jetbrains.compose.material/material-icons-core-desktop/1.7.3/414b3096050fe647b0638832eace80f22c06b85c/material-icons-core-desktop-1.7.3.jar:/Users/mattias800/.gradle/caches/modules-2/files-2.1/org.jetbrains.compose.animation/animation-core-desktop/1.10.1/5dd98c5745e548644b7657901bbcc4c2c8f9ec59/animation-core-desktop-1.10.1.jar:/Users/mattias800/.gradle/caches/modules-2/files-2.1/org.jetbrains.compose.ui/ui-desktop/1.10.1/73a6b1e10434fb11bae82daa68c205c71af03c55/ui-desktop-1.10.1.jar:/Users/mattias800/.gradle/caches/modules-2/files-2.1/io.ktor/ktor-client-content-negotiation-jvm/3.4.0/266c1aef9d340c22cd859dd5c9174c2e1d86489f/ktor-client-content-negotiation-jvm-3.4.0.jar:/Users/mattias800/.gradle/caches/modules-2/files-2.1/io.ktor/ktor-client-auth-jvm/3.4.0/14d75d5e7552a8e26a2ad4dd511a76d4a0c5502f/ktor-client-auth-jvm-3.4.0.jar:/Users/mattias800/.gradle/caches/modules-2/files-2.1/io.ktor/ktor-client-logging-jvm/3.4.0/278d41697d9194d36290842bfdae03d674b3f365/ktor-client-logging-jvm-3.4.0.jar:/Users/mattias800/.gradle/caches/modules-2/files-2.1/io.ktor/ktor-client-websockets-jvm/3.4.0/69e1468e52be95fd339dd8026e78985a6ef981e6/ktor-client-websockets-jvm-3.4.0.jar:/Users/mattias800/.gradle/caches/modules-2/files-2.1/io.coil-kt.coil3/coil-network-ktor3-jvm/3.3.0/70b76d7093cce8124a2b2e665ac281992755376e/coil-network-ktor3-jvm-3.3.0.jar:/Users/mattias800/.gradle/caches/modules-2/files-2.1/io.ktor/ktor-client-cio-jvm/3.4.0/84786f75d08fe5042f17c246380eb8381d125a6b/ktor-client-cio-jvm-3.4.0.jar:/Users/mattias800/.gradle/caches/modules-2/files-2.1/io.ktor/ktor-client-core-jvm/3.4.0/1f017fc4dcf7e3ff5152a28923b7639a9ba82123/ktor-client-core-jvm-3.4.0.jar:/Users/mattias800/.gradle/caches/modules-2/files-2.1/io.ktor/ktor-serialization-kotlinx-json-jvm/3.4.0/2a09f17d70b6e61623fd8aff9bdce6d7877892/ktor-serialization-kotlinx-json-jvm-3.4.0.jar:/Users/mattias800/.gradle/caches/modules-2/files-2.1/app.cash.sqldelight/coroutines-extensions-jvm/2.2.1/57db01cca75db01f64c58fb1db3aad67b1a52708/sqldelight-coroutines-extensions-jvm-2.2.1.jar:/Users/mattias800/.gradle/caches/modules-2/files-2.1/org.jetbrains.skiko/skiko-awt-runtime-macos-arm64/0.9.37.4/a21a251e5695f2b8da63842e9e8a5ecb2f219dce/skiko-awt-runtime-macos-arm64-0.9.37.4.jar:/Users/mattias800/.gradle/caches/modules-2/files-2.1/org.jetbrains.compose.ui/ui-text-desktop/1.10.1/7babd6e2dea601e74bed24b4017350e1acf4569c/ui-text-desktop-1.10.1.jar:/Users/mattias800/.gradle/caches/modules-2/files-2.1/org.jetbrains.compose.ui/ui-graphics-desktop/1.10.1/c0b9e89e8f5ac5b0253d32d8da2758643ca1e19b/ui-graphics-desktop-1.10.1.jar:/Users/mattias800/.gradle/caches/modules-2/files-2.1/io.coil-kt.coil3/coil-jvm/3.3.0/246e1bf044d5f858315c517f7f770f6dc0516195/coil-jvm-3.3.0.jar:/Users/mattias800/.gradle/caches/modules-2/files-2.1/io.coil-kt.coil3/coil-network-core-jvm/3.3.0/c50c4cf1424afcc90532ed8064bcaa14d88d0ea8/coil-network-core-jvm-3.3.0.jar:/Users/mattias800/.gradle/caches/modules-2/files-2.1/io.coil-kt.coil3/coil-core-jvm/3.3.0/70ff6cf3312784cddfe695b2e2f62aec53778b38/coil-core-jvm-3.3.0.jar:/Users/mattias800/.gradle/caches/modules-2/files-2.1/org.jetbrains.skiko/skiko-awt/0.9.37.4/fc7470cca1041a52b182a921205c5c224e7709ad/skiko-awt-0.9.37.4.jar:/Users/mattias800/.gradle/caches/modules-2/files-2.1/org.jetbrains.kotlinx/kotlinx-coroutines-slf4j/1.10.2/1271f9d4a929150bb87ab8d1dc1e86d4bcf039f3/kotlinx-coroutines-slf4j-1.10.2.jar:/Users/mattias800/.gradle/caches/modules-2/files-2.1/io.insert-koin/koin-compose-jvm/4.0.0/cf45eee3ae6e58e04a6771a8c04a8937395f8ea0/koin-compose-jvm-4.0.0.jar:/Users/mattias800/.gradle/caches/modules-2/files-2.1/org.jetbrains.compose.ui/ui-backhandler-desktop/1.10.1/ed725f86a0fdff73fb37561ffb606166725e4b6f/ui-backhandler-desktop-1.10.1.jar:/Users/mattias800/.gradle/caches/modules-2/files-2.1/androidx.navigationevent/navigationevent-desktop/1.0.2/ddb1e7fe97ed51c3d35bba493f97fcf12398719/navigationevent-desktop-1.0.2.jar:/Users/mattias800/.gradle/caches/modules-2/files-2.1/androidx.compose.runtime/runtime-annotation-jvm/1.10.2/ea491da34ba40ae9bd340c393566753ddfd95a76/runtime-annotation-jvm-1.10.2.jar:/Users/mattias800/.gradle/caches/modules-2/files-2.1/androidx.compose.runtime/runtime-retain-desktop/1.10.2/879812e3cd2c6151f5d91f515a35952b1be07a76/runtime-retain-desktop-1.10.2.jar:/Users/mattias800/.gradle/caches/modules-2/files-2.1/androidx.compose.runtime/runtime-saveable-desktop/1.10.2/f6903c683c07ba479659ba4eb55bc7c80a7c433e/runtime-saveable-desktop-1.10.2.jar:/Users/mattias800/.gradle/caches/modules-2/files-2.1/org.jetbrains.compose.runtime/runtime-saveable-desktop/1.10.1/9b0e2a8ce3ae7d2b1a40307bc9271933b238cfd4/runtime-saveable-desktop-1.10.1.jar:/Users/mattias800/.gradle/caches/modules-2/files-2.1/org.jetbrains.androidx.lifecycle/lifecycle-runtime-compose-desktop/2.9.6/7b6b6793f3c4c5996b20d1d99cf728e5fac00364/lifecycle-runtime-compose-desktop-2.9.6.jar:/Users/mattias800/.gradle/caches/modules-2/files-2.1/org.jetbrains.compose.ui/ui-unit-desktop/1.10.1/aeeb2f31358ab5abf0bafa0828de2faba7189db5/ui-unit-desktop-1.10.1.jar:/Users/mattias800/.gradle/caches/modules-2/files-2.1/org.jetbrains.compose.ui/ui-geometry-desktop/1.10.1/779ddaadbc03720f7bb2507f6ed6dc4ffc9e7f3e/ui-geometry-desktop-1.10.1.jar:/Users/mattias800/.gradle/caches/modules-2/files-2.1/org.jetbrains.compose.ui/ui-tooling-preview-desktop/1.10.1/6d464d6c6d654d45aecdfaff7a08d64af62217e2/ui-tooling-preview-desktop-1.10.1.jar:/Users/mattias800/.gradle/caches/modules-2/files-2.1/org.jetbrains.androidx.savedstate/savedstate-compose-desktop/1.3.6/63692375ffe667f12cb3ea8aa1e605d659ed2add/savedstate-compose-desktop-1.3.6.jar:/Users/mattias800/.gradle/caches/modules-2/files-2.1/org.jetbrains.compose.runtime/runtime-desktop/1.10.1/edbd39fc9691f4ba1e29c6690341148db4272752/runtime-desktop-1.10.1.jar:/Users/mattias800/.gradle/caches/modules-2/files-2.1/androidx.lifecycle/lifecycle-viewmodel-savedstate-desktop/2.9.4/72a1919b08c5a4da224d8a65ce1589aa69934e8a/lifecycle-viewmodel-savedstate-desktop-2.9.4.jar:/Users/mattias800/.gradle/caches/modules-2/files-2.1/androidx.lifecycle/lifecycle-viewmodel-desktop/2.9.4/93fee6d78f0df0e38f36e0fa2eff74f8da6d5481/lifecycle-viewmodel-desktop-2.9.4.jar:/Users/mattias800/.gradle/caches/modules-2/files-2.1/androidx.lifecycle/lifecycle-runtime-desktop/2.9.4/1cc820319ec0139e76b8a2fe4be0b356b4e624c4/lifecycle-runtime-desktop-2.9.4.jar:/Users/mattias800/.gradle/caches/modules-2/files-2.1/androidx.savedstate/savedstate-compose-desktop/1.3.3/cd60b543d5722a8b5e6cea1e4ccdec8b4375a22b/savedstate-compose-desktop-1.3.3.jar:/Users/mattias800/.gradle/caches/modules-2/files-2.1/androidx.savedstate/savedstate-desktop/1.3.3/1c5bfc3fb56614538528060a06f2c03e34fa5188/savedstate-desktop-1.3.3.jar:/Users/mattias800/.gradle/caches/modules-2/files-2.1/androidx.lifecycle/lifecycle-common-jvm/2.9.4/ab739bccdb3541983385af169565c7c035d897e7/lifecycle-common-jvm-2.9.4.jar:/Users/mattias800/.gradle/caches/modules-2/files-2.1/androidx.lifecycle/lifecycle-runtime-compose-desktop/2.9.4/86a4ffec845d4e488078118a0b5095bd1fabcafe/lifecycle-runtime-compose-desktop-2.9.4.jar:/Users/mattias800/.gradle/caches/modules-2/files-2.1/androidx.compose.runtime/runtime-desktop/1.10.2/b1705e2087f06395622b784aa88e2e738043459/runtime-desktop-1.10.2.jar:/Users/mattias800/.gradle/caches/modules-2/files-2.1/io.ktor/ktor-http-cio-jvm/3.4.0/2c1f50d77b7d825175acf56f6cb494fc1145e23e/ktor-http-cio-jvm-3.4.0.jar:/Users/mattias800/.gradle/caches/modules-2/files-2.1/io.ktor/ktor-websocket-serialization-jvm/3.4.0/20093fc55064238930e96c8dd12a2d96af6ff81d/ktor-websocket-serialization-jvm-3.4.0.jar:/Users/mattias800/.gradle/caches/modules-2/files-2.1/io.ktor/ktor-serialization-kotlinx-jvm/3.4.0/d001db47b2ebe8ad8b2cb1bb2a687688840f5887/ktor-serialization-kotlinx-jvm-3.4.0.jar:/Users/mattias800/.gradle/caches/modules-2/files-2.1/io.ktor/ktor-serialization-jvm/3.4.0/406af3e14bc41086ac933c02c67bd7ee762cfb4b/ktor-serialization-jvm-3.4.0.jar:/Users/mattias800/.gradle/caches/modules-2/files-2.1/io.ktor/ktor-websockets-jvm/3.4.0/5c8a9438372c7de912cf6da0e275ec17056d6451/ktor-websockets-jvm-3.4.0.jar:/Users/mattias800/.gradle/caches/modules-2/files-2.1/io.ktor/ktor-network-tls-jvm/3.4.0/10bb3d46d3fba6ccfc27f03fbeec029a756358b1/ktor-network-tls-jvm-3.4.0.jar:/Users/mattias800/.gradle/caches/modules-2/files-2.1/io.ktor/ktor-http-jvm/3.4.0/81e4323a06aa6751f59ffe6e35e61277af17fdb5/ktor-http-jvm-3.4.0.jar:/Users/mattias800/.gradle/caches/modules-2/files-2.1/io.ktor/ktor-events-jvm/3.4.0/d6e6800119bf169c0559eeaf49477757e50a736/ktor-events-jvm-3.4.0.jar:/Users/mattias800/.gradle/caches/modules-2/files-2.1/io.ktor/ktor-sse-jvm/3.4.0/3b4493bfb71b536fc0c055d645ceb1a44b318637/ktor-sse-jvm-3.4.0.jar:/Users/mattias800/.gradle/caches/modules-2/files-2.1/app.cash.sqldelight/async-extensions-jvm/2.2.1/1caa5e80a3f9587d9521bb5786d8004169abb659/sqldelight-async-extensions-jvm-2.2.1.jar:/Users/mattias800/.gradle/caches/modules-2/files-2.1/io.ktor/ktor-network-jvm/3.4.0/8d6179be0155e1d34f844a8317b7f1950772a372/ktor-network-jvm-3.4.0.jar:/Users/mattias800/.gradle/caches/modules-2/files-2.1/io.ktor/ktor-utils-jvm/3.4.0/ce54b074feee2cc3cdac2ba93420f18adc71061d/ktor-utils-jvm-3.4.0.jar:/Users/mattias800/.gradle/caches/modules-2/files-2.1/io.ktor/ktor-io-jvm/3.4.0/16e3233d00797f77f2b918a65d40479c28dc2bde/ktor-io-jvm-3.4.0.jar:/Users/mattias800/.gradle/caches/modules-2/files-2.1/org.jetbrains.kotlinx/kotlinx-coroutines-core-jvm/1.10.2/4a9f78ef49483748e2c129f3d124b8fa249dafbf/kotlinx-coroutines-core-jvm-1.10.2.jar:/Users/mattias800/.gradle/caches/modules-2/files-2.1/org.jetbrains.kotlinx/kotlinx-coroutines-swing/1.10.2/ccb5a2e7c83fa76da0ba4677f05678d3bd3eed57/kotlinx-coroutines-swing-1.10.2.jar:/Users/mattias800/.gradle/caches/modules-2/files-2.1/app.cash.sqldelight/sqlite-driver/2.2.1/14c7c61ee75309171122d51489aa0bae72e3d28f/sqlite-driver-2.2.1.jar:/Users/mattias800/.gradle/caches/modules-2/files-2.1/io.insert-koin/koin-core-jvm/4.0.0/6a66dcf3885c4783432e98845b10f0b5e48ef5b1/koin-core-jvm-4.0.0.jar:/Users/mattias800/.gradle/caches/modules-2/files-2.1/app.cash.sqldelight/jdbc-driver/2.2.1/bd1eec7b45a148d571ecb1d4db97ca5c259a9a9c/jdbc-driver-2.2.1.jar:/Users/mattias800/.gradle/caches/modules-2/files-2.1/app.cash.sqldelight/runtime-jvm/2.2.1/db9095b526694836a06428c2ef14b0562b8a7028/runtime-jvm-2.2.1.jar:/Users/mattias800/.gradle/caches/modules-2/files-2.1/org.jetbrains.kotlinx/kotlinx-serialization-json-io-jvm/1.10.0/50ca77d6d3986562a140275d6c8b07086af55f83/kotlinx-serialization-json-io-jvm-1.10.0.jar:/Users/mattias800/.gradle/caches/modules-2/files-2.1/org.jetbrains.kotlinx/kotlinx-serialization-core-jvm/1.10.0/9400c03c056953bbbf30e861e63735c90e9eb320/kotlinx-serialization-core-jvm-1.10.0.jar:/Users/mattias800/.gradle/caches/modules-2/files-2.1/org.jetbrains.kotlinx/kotlinx-serialization-json-jvm/1.10.0/a74d7819e02bad98af4d6b56c4f45aa6d31ef4ad/kotlinx-serialization-json-jvm-1.10.0.jar:/Users/mattias800/.gradle/caches/modules-2/files-2.1/org.jetbrains.kotlinx/kotlinx-datetime-jvm/0.7.1/81c2e0246bd28cc2dcbdf0ab53628322e66a9de9/kotlinx-datetime-jvm-0.7.1.jar:/Users/mattias800/.gradle/caches/modules-2/files-2.1/org.jetbrains.kotlin/kotlin-stdlib-jdk8/2.2.20/57c4d839a6e5ad105d61ffc5cc0bf4de649c1714/kotlin-stdlib-jdk8-2.2.20.jar:/Users/mattias800/.gradle/caches/modules-2/files-2.1/co.touchlab/stately-concurrent-collections-jvm/2.1.0/5c03b644537d7926a8f77e5735a8bebb55dafdcd/stately-concurrent-collections-jvm-2.1.0.jar:/Users/mattias800/.gradle/caches/modules-2/files-2.1/co.touchlab/stately-concurrency-jvm/2.1.0/6285428408c4d7e4a6d9a09511de877103effd81/stately-concurrency-jvm-2.1.0.jar:/Users/mattias800/.gradle/caches/modules-2/files-2.1/org.jetbrains.compose.ui/ui-util-desktop/1.10.1/fe41825dccacb792ded7df579736a0ed919ee270/ui-util-desktop-1.10.1.jar:/Users/mattias800/.gradle/caches/modules-2/files-2.1/org.jetbrains.kotlinx/atomicfu-jvm/0.23.2/a4601dc42dceb031a586058e8356ff778a57dea0/atomicfu-jvm-0.23.2.jar:/Users/mattias800/.gradle/caches/modules-2/files-2.1/org.jetbrains.kotlin/kotlin-stdlib-jdk7/2.2.20/bdbe3b5d872fa3b74d8fcd4e7ca3193f4abc9cc8/kotlin-stdlib-jdk7-2.2.20.jar:/Users/mattias800/.gradle/caches/modules-2/files-2.1/androidx.collection/collection-jvm/1.5.0/7ba2c69414d46ebc2dd76598bdd0a75c54281a57/collection-jvm-1.5.0.jar:/Users/mattias800/.gradle/caches/modules-2/files-2.1/androidx.arch.core/core-common/2.2.0/5e1b8b81dfd5f52c56a8d53b18ca759c19a301f3/core-common-2.2.0.jar:/Users/mattias800/.gradle/caches/modules-2/files-2.1/androidx.annotation/annotation-jvm/1.9.1/b17951747e38bf3986a24431b9ba0d039958aa5f/annotation-jvm-1.9.1.jar:/Users/mattias800/.gradle/caches/modules-2/files-2.1/co.touchlab/stately-strict-jvm/2.1.0/3ae8369209065455f4630793bf6aca0fb88c8b6b/stately-strict-jvm-2.1.0.jar:/Users/mattias800/.gradle/caches/modules-2/files-2.1/com.squareup.okio/okio-jvm/3.15.0/cb3c285187640f543150fcac1ae012bdd778c0e1/okio-jvm-3.15.0.jar:/Users/mattias800/.gradle/caches/modules-2/files-2.1/org.jetbrains.kotlinx/kotlinx-io-core-jvm/0.8.2/358a9f2ba2dc81c5dc84c3d1853f6e5efba63be1/kotlinx-io-core-jvm-0.8.2.jar:/Users/mattias800/.gradle/caches/modules-2/files-2.1/org.jetbrains.kotlinx/kotlinx-io-bytestring-jvm/0.8.2/89c5399596250e71f2bba6d2415972a078a525c7/kotlinx-io-bytestring-jvm-0.8.2.jar:/Users/mattias800/.gradle/caches/modules-2/files-2.1/org.jetbrains.kotlin/kotlin-stdlib/2.3.10/8b80e2f80a3b7daa99c16017f91d4c72cd8b31a6/kotlin-stdlib-2.3.10.jar:/Users/mattias800/.gradle/caches/modules-2/files-2.1/org.jetbrains/annotations/23.0.0/8cc20c07506ec18e0834947b84a864bfc094484e/annotations-23.0.0.jar:/Users/mattias800/.gradle/caches/modules-2/files-2.1/org.xerial/sqlite-jdbc/3.51.0.0/17c4e0d41dd482d6f35547f4235d55e72b7cf0f1/sqlite-jdbc-3.51.0.0.jar:/Users/mattias800/.gradle/caches/modules-2/files-2.1/org.slf4j/slf4j-api/2.0.17/d9e58ac9c7779ba3bf8142aff6c830617a7fe60f/slf4j-api-2.0.17.jar:/Users/mattias800/.gradle/caches/modules-2/files-2.1/org.jetbrains.runtime/jbr-api/1.5.0/4158e485a7a4ecfd521e03095d81e0225529e8d2/jbr-api-1.5.0.jar:/Users/mattias800/.gradle/caches/modules-2/files-2.1/org.jspecify/jspecify/1.0.0/7425a601c1c7ec76645a78d22b8c6a627edee507/jspecify-1.0.0.jar
Launcher Type: SUN_STANDARD

[Global flags]
     intx CICompilerCount                          = 4                                         {product} {ergonomic}
     uint ConcGCThreads                            = 2                                         {product} {ergonomic}
     uint G1ConcRefinementThreads                  = 8                                         {product} {ergonomic}
   size_t G1HeapRegionSize                         = 4194304                                   {product} {ergonomic}
    uintx GCDrainStackTargetSize                   = 64                                        {product} {ergonomic}
   size_t InitialHeapSize                          = 402653184                                 {product} {ergonomic}
   size_t MarkStackSize                            = 4194304                                   {product} {ergonomic}
   size_t MaxHeapSize                              = 6442450944                                {product} {ergonomic}
   size_t MaxNewSize                               = 3862953984                                {product} {ergonomic}
   size_t MinHeapDeltaBytes                        = 4194304                                   {product} {ergonomic}
   size_t MinHeapSize                              = 8388608                                   {product} {ergonomic}
    uintx NonNMethodCodeHeapSize                   = 5839564                                {pd product} {ergonomic}
    uintx NonProfiledCodeHeapSize                  = 122909338                              {pd product} {ergonomic}
    uintx ProfiledCodeHeapSize                     = 122909338                              {pd product} {ergonomic}
    uintx ReservedCodeCacheSize                    = 251658240                              {pd product} {ergonomic}
     bool SegmentedCodeCache                       = true                                      {product} {ergonomic}
   size_t SoftMaxHeapSize                          = 6442450944                             {manageable} {ergonomic}
     bool UseCompressedOops                        = true                           {product lp64_product} {ergonomic}
     bool UseG1GC                                  = true                                      {product} {ergonomic}
     bool UseNUMA                                  = false                                     {product} {ergonomic}
     bool UseNUMAInterleaving                      = false                                     {product} {ergonomic}

Logging:
Log output configuration:
 #0: 
[error occurred during error reporting (printing log configuration), id 0xb, SIGSEGV (0xb) at pc=0x0000000106ff6b88]
Release file:
IMPLEMENTOR="Microsoft"
IMPLEMENTOR_VERSION="Microsoft-13106411"
JAVA_RUNTIME_VERSION="21.0.10+7-LTS"
JAVA_VERSION="21.0.10"
JAVA_VERSION_DATE="2026-01-20"
LIBC="default"
MODULES="java.base java.compiler java.datatransfer java.xml java.prefs java.desktop java.instrument java.logging java.management java.security.sasl java.naming java.rmi java.management.rmi java.net.http java.scripting java.security.jgss java.transaction.xa java.sql java.sql.rowset java.xml.crypto java.se java.smartcardio jdk.accessibility jdk.internal.jvmstat jdk.attach jdk.charsets jdk.internal.opt jdk.zipfs jdk.compiler jdk.crypto.ec jdk.crypto.cryptoki jdk.dynalink jdk.internal.ed jdk.editpad jdk.hotspot.agent jdk.httpserver jdk.incubator.vector jdk.internal.le jdk.internal.vm.ci jdk.internal.vm.compiler jdk.internal.vm.compiler.management jdk.jartool jdk.javadoc jdk.jcmd jdk.management jdk.management.agent jdk.jconsole jdk.jdeps jdk.jdwp.agent jdk.jdi jdk.jfr jdk.jlink jdk.jpackage jdk.jshell jdk.jsobject jdk.jstatd jdk.localedata jdk.management.jfr jdk.naming.dns jdk.naming.rmi jdk.net jdk.nio.mapmode jdk.random jdk.sctp jdk.security.auth jdk.security.jgss jdk.unsupported jdk.unsupported.desktop jdk.xml.dom"
OS_ARCH="aarch64"
OS_NAME="Darwin"
SOURCE=".:git:e69b6ef7382e"

Environment Variables:
PATH=/Users/mattias800/Library/Android/sdk/emulator:/Users/mattias800/Library/Android/sdk/tools:/Users/mattias800/Library/Android/sdk/platform-tools:/Users/mattias800/.antigravity/antigravity/bin:/Users/mattias800/.local/bin:/Users/mattias800/.mzsh/bin:/Users/mattias800/.bun/bin:/Users/mattias800/Library/pnpm:/opt/homebrew/bin:/opt/homebrew/sbin:/usr/local/bin:/System/Cryptexes/App/usr/bin:/usr/bin:/bin:/usr/sbin:/sbin:/var/run/com.apple.security.cryptexd/codex.system/bootstrap/usr/local/bin:/var/run/com.apple.security.cryptexd/codex.system/bootstrap/usr/bin:/var/run/com.apple.security.cryptexd/codex.system/bootstrap/usr/appleinternal/bin:/opt/pmk/env/global/bin:/Library/Apple/usr/bin:/usr/local/share/dotnet:~/.dotnet/tools:/Applications/Ghostty.app/Contents/MacOS:/Users/mattias800/Library/Application Support/JetBrains/Toolbox/scripts:/Users/mattias800/.lmstudio/bin:/Users/mattias800/.maestro/bin:/Users/mattias800/.maestro/bin
SHELL=/bin/zsh
LANG=en_US.UTF-8
TERM=xterm-256color
TMPDIR=/var/folders/00/y_pwwndd1hj9rnmh0xwj36v80000gn/T/

Active Locale:
LC_ALL=en_US.UTF-8
LC_COLLATE=en_US.UTF-8
LC_CTYPE=en_US.UTF-8
LC_MESSAGES=en_US.UTF-8
LC_MONETARY=en_US.UTF-8
LC_NUMERIC=en_US.UTF-8
LC_TIME=en_US.UTF-8

Signal Handlers:
   SIGSEGV: crash_handler in libjvm.dylib, mask=11100110000111110111111111111111, flags=SA_ONSTACK|SA_RESTART|SA_SIGINFO, unblocked
    SIGBUS: crash_handler in libjvm.dylib, mask=11100110000111110111111111111111, flags=SA_RESTART|SA_SIGINFO, unblocked
    SIGFPE: crash_handler in libjvm.dylib, mask=11100110000111110111111111111111, flags=SA_RESTART|SA_SIGINFO, unblocked
   SIGPIPE: javaSignalHandler in libjvm.dylib, mask=11100110000111110111111111111111, flags=SA_RESTART|SA_SIGINFO, blocked
   SIGXFSZ: javaSignalHandler in libjvm.dylib, mask=11100110000111110111111111111111, flags=SA_RESTART|SA_SIGINFO, blocked
    SIGILL: crash_handler in libjvm.dylib, mask=11100110000111110111111111111111, flags=SA_RESTART|SA_SIGINFO, unblocked
   SIGUSR2: SR_handler in libjvm.dylib, mask=00000000000000000000000000000000, flags=SA_RESTART|SA_SIGINFO, blocked
    SIGHUP: UserHandler in libjvm.dylib, mask=11100110000111110111111111111111, flags=SA_RESTART|SA_SIGINFO, blocked
    SIGINT: UserHandler in libjvm.dylib, mask=11100110000111110111111111111111, flags=SA_RESTART|SA_SIGINFO, blocked
   SIGTERM: UserHandler in libjvm.dylib, mask=11100110000111110111111111111111, flags=SA_RESTART|SA_SIGINFO, blocked
   SIGQUIT: UserHandler in libjvm.dylib, mask=11100110000111110111111111111111, flags=SA_RESTART|SA_SIGINFO, blocked
   SIGTRAP: crash_handler in libjvm.dylib, mask=11100110000111110111111111111111, flags=SA_RESTART|SA_SIGINFO, unblocked


Periodic native trim disabled

---------------  S Y S T E M  ---------------

OS:
uname: Darwin 25.2.0 Darwin Kernel Version 25.2.0: Tue Nov 18 21:09:34 PST 2025; root:xnu-12377.61.12~1/RELEASE_ARM64_T8112 arm64
OS uptime: 7 days 16:25 hours
rlimit (soft/hard): STACK 8176k/65520k , CORE 0k/infinity , NPROC 4000/6000 , NOFILE 1048576/infinity , AS infinity/infinity , CPU infinity/infinity , DATA infinity/infinity , FSIZE infinity/infinity , MEMLOCK infinity/infinity , RSS infinity/infinity
load average: 4.86 3.73 5.32

CPU: total 8 (initial active 8) 0x61:0x0:0xda33d83d:0, fp, asimd, aes, pmull, sha1, sha256, crc32, lse, sha3, sha512
machdep.cpu.brand_string:Apple M2
hw.cachelinesize:128
hw.l1icachesize:131072
hw.l1dcachesize:65536
hw.l2cachesize:4194304

Memory: 16k page, physical 25165824k(73296k free), swap 7340032k(617472k free)

vm_info: OpenJDK 64-Bit Server VM (21.0.10+7-LTS) for bsd-aarch64 JRE (21.0.10+7-LTS), built on 2026-01-15T18:35:20Z by "MicrosoftCorporation" with clang Apple LLVM 15.0.0 (clang-1500.1.0.2.5)

END.
