#
# A fatal error has been detected by the Java Runtime Environment:
#
#  SIGSEGV (0xb) at pc=0x0000000182fd5838, pid=86951, tid=79107
#
# JRE version: OpenJDK Runtime Environment Microsoft-13106411 (21.0.10+7) (build 21.0.10+7-LTS)
# Java VM: OpenJDK 64-Bit Server VM Microsoft-13106411 (21.0.10+7-LTS, mixed mode, sharing, tiered, compressed oops, compressed class ptrs, g1 gc, bsd-aarch64)
# Problematic frame:
# C  [libobjc.A.dylib+0x9838]  objc_msgSend+0x38
#
# No core dump will be written. Core dumps have been disabled. To enable core dumping, try "ulimit -c unlimited" before starting Java again
#
# If you would like to submit a bug report, please visit:
#   https://github.com/microsoft/openjdk/issues
# The crash happened outside the Java Virtual Machine in native code.
# See problematic frame for where to report the bug.
#

---------------  S U M M A R Y ------------

Command Line: -Dcompose.application.configure.swing.globals=true -Dcompose.application.resources.dir=/Users/mattias800/repos/spela/player/desktop/build/compose/tmp/prepareAppResources -Djava.library.path=/Users/mattias800/repos/spela/player/desktop/build/native -Dfile.encoding=UTF-8 -Duser.country=US -Duser.language=en -Duser.variant com.spela.player.desktop.MainKt

Host: "Mac14,2" arm64, 8 cores, 24G, Darwin 25.2.0, macOS 26.2 (25C56)
Time: Mon Feb 16 08:41:31 2026 CET elapsed time: 3.788121 seconds (0d 0h 0m 3s)

---------------  T H R E A D  ---------------

Current thread (0x00000009648cb800):  JavaThread "AWT-EventQueue-0"        [_thread_in_native, id=79107, stack(0x0000000172d04000,0x0000000172f07000) (2060K)]

Stack: [0x0000000172d04000,0x0000000172f07000],  sp=0x0000000172f053b0,  free space=2052k
Native frames: (J=compiled Java code, j=interpreted, Vv=VM code, C=native code)
C  [libobjc.A.dylib+0x9838]  objc_msgSend+0x38
C  [libspela-libretro.dylib+0x57a0]  Java_com_spela_player_libretro_LibretroJni_nativeGpuInit+0xec
j  com.spela.player.libretro.LibretroJni.nativeGpuInit(Ljava/lang/Object;)Z+0
j  com.spela.player.libretro.DesktopLibretroController.gpuInit(Ljava/lang/Object;)Z+12
j  com.spela.player.libretro.MetalEmulationSurfaceKt$MetalEmulationSurface$1$1$1$1.addNotify()V+10
j  java.awt.Container.addNotify()V+61 java.desktop@21.0.10
j  javax.swing.JComponent.addNotify()V+1 java.desktop@21.0.10
j  java.awt.Container.addImpl(Ljava/awt/Component;Ljava/lang/Object;I)V+200 java.desktop@21.0.10
j  javax.swing.JLayeredPane.addImpl(Ljava/awt/Component;Ljava/lang/Object;I)V+47 java.desktop@21.0.10
j  java.awt.Container.add(Ljava/awt/Component;I)Ljava/awt/Component;+4 java.desktop@21.0.10
j  androidx.compose.ui.viewinterop.SwingInteropViewHolder.insertInteropView(Ljava/awt/Container;I)V+15
j  androidx.compose.ui.viewinterop.SwingInteropContainer.place$lambda$0(ILandroidx/compose/ui/viewinterop/SwingInteropContainer;ZILandroidx/compose/ui/viewinterop/InteropViewHolder;)Lkotlin/Unit;+58
j  androidx.compose.ui.viewinterop.SwingInteropContainer$$Lambda+0x000000d80149f740.invoke()Ljava/lang/Object;+20
j  androidx.compose.ui.viewinterop.ScheduledUpdatesSwapchain.execute()Z+118
j  androidx.compose.ui.viewinterop.SwingInteropContainer.executeScheduledUpdates()V+20
j  androidx.compose.ui.viewinterop.SwingInteropContainer.postponingExecutingScheduledUpdates(Lkotlin/jvm/functions/Function0;)V+178
j  androidx.compose.ui.scene.ComposeSceneMediator.onRender(Lorg/jetbrains/skia/Canvas;IIJ)V+30
j  org.jetbrains.skiko.SkiaLayer.update$skiko(J)V+214
j  org.jetbrains.skiko.redrawer.AWTRedrawer.update(J)V+9
j  org.jetbrains.skiko.redrawer.Redrawer$DefaultImpls.update$default(Lorg/jetbrains/skiko/redrawer/Redrawer;JILjava/lang/Object;)V+33
j  org.jetbrains.skiko.redrawer.MetalRedrawer$FrameScheduler.updateIfRequested()V+21
j  org.jetbrains.skiko.redrawer.MetalRedrawer$FrameScheduler.access$updateIfRequested(Lorg/jetbrains/skiko/redrawer/MetalRedrawer$FrameScheduler;)V+1
j  org.jetbrains.skiko.redrawer.MetalRedrawer$FrameScheduler$frameDispatcher$1.invokeSuspend(Ljava/lang/Object;)Ljava/lang/Object;+57
j  org.jetbrains.skiko.redrawer.MetalRedrawer$FrameScheduler$frameDispatcher$1.invoke(Lkotlinx/coroutines/CoroutineScope;Lkotlin/coroutines/Continuation;)Ljava/lang/Object;+12
j  org.jetbrains.skiko.redrawer.MetalRedrawer$FrameScheduler$frameDispatcher$1.invoke(Ljava/lang/Object;Ljava/lang/Object;)Ljava/lang/Object;+9
j  org.jetbrains.skiko.FrameDispatcher$job$1.invokeSuspend(Ljava/lang/Object;)Ljava/lang/Object;+127
J 4012 c1 kotlin.coroutines.jvm.internal.BaseContinuationImpl.resumeWith(Ljava/lang/Object;)V (124 bytes) @ 0x000000010fdfe30c [0x000000010fdfde80+0x000000000000048c]
J 3357 c1 kotlinx.coroutines.DispatchedTask.run()V (387 bytes) @ 0x000000010fcc86f4 [0x000000010fcc7080+0x0000000000001674]
J 3358 c1 java.awt.event.InvocationEvent.dispatch()V java.desktop@21.0.10 (69 bytes) @ 0x000000010fcccbc8 [0x000000010fccc940+0x0000000000000288]
J 3556 c1 java.awt.EventQueue.dispatchEventImpl(Ljava/awt/AWTEvent;Ljava/lang/Object;)V java.desktop@21.0.10 (139 bytes) @ 0x000000010fd4e6a8 [0x000000010fd4cb40+0x0000000000001b68]
J 3637 c1 java.awt.EventQueue$4.run()Ljava/lang/Void; java.desktop@21.0.10 (60 bytes) @ 0x000000010fd72904 [0x000000010fd72780+0x0000000000000184]
J 3470 c1 java.awt.EventQueue.dispatchEvent(Ljava/awt/AWTEvent;)V java.desktop@21.0.10 (80 bytes) @ 0x000000010fd13784 [0x000000010fd13180+0x0000000000000604]
J 3557 c1 java.awt.EventDispatchThread.pumpOneEventForFilters(I)V java.desktop@21.0.10 (106 bytes) @ 0x000000010fd5041c [0x000000010fd4fbc0+0x000000000000085c]
j  java.awt.EventDispatchThread.pumpEventsForFilter(ILjava/awt/Conditional;Ljava/awt/EventFilter;)V+35 java.desktop@21.0.10
j  java.awt.EventDispatchThread.pumpEventsForHierarchy(ILjava/awt/Conditional;Ljava/awt/Component;)V+11 java.desktop@21.0.10
j  java.awt.EventDispatchThread.pumpEvents(ILjava/awt/Conditional;)V+4 java.desktop@21.0.10
j  java.awt.EventDispatchThread.pumpEvents(Ljava/awt/Conditional;)V+3 java.desktop@21.0.10
j  java.awt.EventDispatchThread.run()V+9 java.desktop@21.0.10
v  ~StubRoutines::call_stub 0x0000000116cf8154
V  [libjvm.dylib+0x4b2d3c]  JavaCalls::call_helper(JavaValue*, methodHandle const&, JavaCallArguments*, JavaThread*)+0x3d8
V  [libjvm.dylib+0x4b1c74]  JavaCalls::call_virtual(JavaValue*, Klass*, Symbol*, Symbol*, JavaCallArguments*, JavaThread*)+0x140
V  [libjvm.dylib+0x4b1d40]  JavaCalls::call_virtual(JavaValue*, Handle, Klass*, Symbol*, Symbol*, JavaThread*)+0x64
V  [libjvm.dylib+0x581e98]  thread_entry(JavaThread*, JavaThread*)+0x9c
V  [libjvm.dylib+0x4c7084]  JavaThread::thread_main_inner()+0x98
V  [libjvm.dylib+0x9ff190]  Thread::call_run()+0xc8
V  [libjvm.dylib+0x821ab8]  thread_native_entry(Thread*)+0x118
C  [libsystem_pthread.dylib+0x6c08]  _pthread_start+0x88
Java frames: (J=compiled Java code, j=interpreted, Vv=VM code)
j  com.spela.player.libretro.LibretroJni.nativeGpuInit(Ljava/lang/Object;)Z+0
j  com.spela.player.libretro.DesktopLibretroController.gpuInit(Ljava/lang/Object;)Z+12
j  com.spela.player.libretro.MetalEmulationSurfaceKt$MetalEmulationSurface$1$1$1$1.addNotify()V+10
j  java.awt.Container.addNotify()V+61 java.desktop@21.0.10
j  javax.swing.JComponent.addNotify()V+1 java.desktop@21.0.10
j  java.awt.Container.addImpl(Ljava/awt/Component;Ljava/lang/Object;I)V+200 java.desktop@21.0.10
j  javax.swing.JLayeredPane.addImpl(Ljava/awt/Component;Ljava/lang/Object;I)V+47 java.desktop@21.0.10
j  java.awt.Container.add(Ljava/awt/Component;I)Ljava/awt/Component;+4 java.desktop@21.0.10
j  androidx.compose.ui.viewinterop.SwingInteropViewHolder.insertInteropView(Ljava/awt/Container;I)V+15
j  androidx.compose.ui.viewinterop.SwingInteropContainer.place$lambda$0(ILandroidx/compose/ui/viewinterop/SwingInteropContainer;ZILandroidx/compose/ui/viewinterop/InteropViewHolder;)Lkotlin/Unit;+58
j  androidx.compose.ui.viewinterop.SwingInteropContainer$$Lambda+0x000000d80149f740.invoke()Ljava/lang/Object;+20
j  androidx.compose.ui.viewinterop.ScheduledUpdatesSwapchain.execute()Z+118
j  androidx.compose.ui.viewinterop.SwingInteropContainer.executeScheduledUpdates()V+20
j  androidx.compose.ui.viewinterop.SwingInteropContainer.postponingExecutingScheduledUpdates(Lkotlin/jvm/functions/Function0;)V+178
j  androidx.compose.ui.scene.ComposeSceneMediator.onRender(Lorg/jetbrains/skia/Canvas;IIJ)V+30
j  org.jetbrains.skiko.SkiaLayer.update$skiko(J)V+214
j  org.jetbrains.skiko.redrawer.AWTRedrawer.update(J)V+9
j  org.jetbrains.skiko.redrawer.Redrawer$DefaultImpls.update$default(Lorg/jetbrains/skiko/redrawer/Redrawer;JILjava/lang/Object;)V+33
j  org.jetbrains.skiko.redrawer.MetalRedrawer$FrameScheduler.updateIfRequested()V+21
j  org.jetbrains.skiko.redrawer.MetalRedrawer$FrameScheduler.access$updateIfRequested(Lorg/jetbrains/skiko/redrawer/MetalRedrawer$FrameScheduler;)V+1
j  org.jetbrains.skiko.redrawer.MetalRedrawer$FrameScheduler$frameDispatcher$1.invokeSuspend(Ljava/lang/Object;)Ljava/lang/Object;+57
j  org.jetbrains.skiko.redrawer.MetalRedrawer$FrameScheduler$frameDispatcher$1.invoke(Lkotlinx/coroutines/CoroutineScope;Lkotlin/coroutines/Continuation;)Ljava/lang/Object;+12
j  org.jetbrains.skiko.redrawer.MetalRedrawer$FrameScheduler$frameDispatcher$1.invoke(Ljava/lang/Object;Ljava/lang/Object;)Ljava/lang/Object;+9
j  org.jetbrains.skiko.FrameDispatcher$job$1.invokeSuspend(Ljava/lang/Object;)Ljava/lang/Object;+127
J 4012 c1 kotlin.coroutines.jvm.internal.BaseContinuationImpl.resumeWith(Ljava/lang/Object;)V (124 bytes) @ 0x000000010fdfe30c [0x000000010fdfde80+0x000000000000048c]
J 3357 c1 kotlinx.coroutines.DispatchedTask.run()V (387 bytes) @ 0x000000010fcc86f4 [0x000000010fcc7080+0x0000000000001674]
J 3358 c1 java.awt.event.InvocationEvent.dispatch()V java.desktop@21.0.10 (69 bytes) @ 0x000000010fcccbc8 [0x000000010fccc940+0x0000000000000288]
J 3556 c1 java.awt.EventQueue.dispatchEventImpl(Ljava/awt/AWTEvent;Ljava/lang/Object;)V java.desktop@21.0.10 (139 bytes) @ 0x000000010fd4e6a8 [0x000000010fd4cb40+0x0000000000001b68]
J 3637 c1 java.awt.EventQueue$4.run()Ljava/lang/Void; java.desktop@21.0.10 (60 bytes) @ 0x000000010fd72904 [0x000000010fd72780+0x0000000000000184]
J 3470 c1 java.awt.EventQueue.dispatchEvent(Ljava/awt/AWTEvent;)V java.desktop@21.0.10 (80 bytes) @ 0x000000010fd13784 [0x000000010fd13180+0x0000000000000604]
J 3557 c1 java.awt.EventDispatchThread.pumpOneEventForFilters(I)V java.desktop@21.0.10 (106 bytes) @ 0x000000010fd5041c [0x000000010fd4fbc0+0x000000000000085c]
j  java.awt.EventDispatchThread.pumpEventsForFilter(ILjava/awt/Conditional;Ljava/awt/EventFilter;)V+35 java.desktop@21.0.10
j  java.awt.EventDispatchThread.pumpEventsForHierarchy(ILjava/awt/Conditional;Ljava/awt/Component;)V+11 java.desktop@21.0.10
j  java.awt.EventDispatchThread.pumpEvents(ILjava/awt/Conditional;)V+4 java.desktop@21.0.10
j  java.awt.EventDispatchThread.pumpEvents(Ljava/awt/Conditional;)V+3 java.desktop@21.0.10
j  java.awt.EventDispatchThread.run()V+9 java.desktop@21.0.10
v  ~StubRoutines::call_stub 0x0000000116cf8154

siginfo: si_signo: 11 (SIGSEGV), si_code: 2 (SEGV_ACCERR), si_addr: 0x0000000000001000

Registers:
 x0=0x0000000172f05550  x1=0x00000001fdb484d0  x2=0x0000000000000140  x3=0x0000000100682660
 x4=0x00000009620b7c00  x5=0x0000000000000001  x6=0xffffffffbfc007ff  x7=0xfffff0003ffff800
 x8=0x0000000182fd3a18  x9=0x00000000a1a1a1a1 x10=0x0000000000001000 x11=0x0000000000000000
x12=0x0000000000000000 x13=0x0000000000001000 x14=0x00000005ffd825b8 x15=0x00000005ffd825b8
x16=0x00000005ffd825b8 x17=0x0000000000000000 x18=0x0000000000000000 x19=0x0000000116cfe8c0
x20=0x0000000172f054d0 x21=0x0000000106d09f10 x22=0x0000000000000000 x23=0x000000048036c6a0
x24=0x0000000172f05558 x25=0x000000048003d378 x26=0x000000012a4bb680 x27=0x000000011c3c4000
x28=0x00000009648cb800  fp=0x0000000172f05460  lr=0x000000013c66c24c  sp=0x0000000172f053b0
pc=0x0000000182fd5838 cpsr=0x0000000020001000

Register to memory mapping:

x0 =0x0000000172f05550 is pointing into the stack for thread: 0x00000009648cb800
x1 =0x00000001fdb484d0 points into unknown readable memory: 0x5f006e6961746572 | 72 65 74 61 69 6e 00 5f
x2 =0x0000000000000140 is an unknown value
x3 =0x0000000100682660 points into unknown readable memory: 0x00e0000401ce42a0 | a0 42 ce 01 04 00 e0 00
x4 =0x00000009620b7c00 points into unknown readable memory: 0x0000000000000002 | 02 00 00 00 00 00 00 00
x5 =0x0000000000000001 is an unknown value
x6 =0xffffffffbfc007ff is an unknown value
x7 =0xfffff0003ffff800 is an unknown value
x8 =0x0000000182fd3a18: objc_retain+0 in /usr/lib/libobjc.A.dylib at 0x0000000182fcc000
x9 =0x00000000a1a1a1a1 is an unknown value
x10=0x0000000000001000 is an unknown value
x11=0x0 is null
x12=0x0 is null
x13=0x0000000000001000 is an unknown value
x14=0x00000005ffd825b8 is an oop: com.spela.player.libretro.MetalEmulationSurfaceKt$MetalEmulationSurface$1$1$1$1 
{0x00000005ffd825b8} - klass: 'com/spela/player/libretro/MetalEmulationSurfaceKt$MetalEmulationSurface$1$1$1$1'
 - ---- fields (total size 27 words):
 - 'y' 'I' @12  0 (0x00000000)
 - 'eventMask' 'J' @16  4096 (0x0000000000001000)
 - 'width' 'I' @24  0 (0x00000000)
 - 'height' 'I' @28  0 (0x00000000)
 - 'x' 'I' @32  0 (0x00000000)
 - private 'isFocusTraversableOverridden' 'I' @36  0 (0x00000000)
 - private 'boundsOp' 'I' @40  3 (0x00000003)
 - private 'componentSerializedDataVersion' 'I' @44  4 (0x00000004)
 - private volatile 'valid' 'Z' @48  false (0x00)
 - private 'focusable' 'Z' @49  true (0x01)
 - private transient 'coalescingEnabled' 'Z' @50  false (0x00)
 - private 'focusTraversalKeysEnabled' 'Z' @51  true (0x01)
 - 'minSizeSet' 'Z' @52  false (0x00)
 - 'prefSizeSet' 'Z' @53  false (0x00)
 - 'maxSizeSet' 'Z' @54  false (0x00)
 - 'newEventsOnly' 'Z' @55  false (0x00)
 - 'ignoreRepaint' 'Z' @56  false (0x00)
 - 'isPacked' 'Z' @57  false (0x00)
 - private 'autoFocusTransferOnDisposal' 'Z' @58  true (0x01)
 - private transient 'isAddNotifyComplete' 'Z' @59  true (0x01)
 - transient 'backgroundEraseDisabled' 'Z' @60  false (0x00)
 - 'visible' 'Z' @61  true (0x01)
 - 'enabled' 'Z' @62  true (0x01)
 - private 'nameExplicitlySet' 'Z' @63  false (0x00)
 - volatile transient 'peer' 'Ljava/awt/peer/ComponentPeer;' @64  a 'sun/lwawt/LWCanvasPeer'{0x00000005ffedb590} (0xbffdb6b2)
 - transient 'parent' 'Ljava/awt/Container;' @68  a 'androidx/compose/ui/awt/SwingInteropViewGroup'{0x00000005ffd2b7d8} (0xbffa56fb)
 - transient 'appContext' 'Lsun/awt/AppContext;' @72  a 'sun/awt/AppContext'{0x000000048036c6a0} (0x9006d8d4)
 - 'foreground' 'Ljava/awt/Color;' @76  null (0x00000000)
 - 'background' 'Ljava/awt/Color;' @80  null (0x00000000)
 - volatile 'font' 'Ljava/awt/Font;' @84  null (0x00000000)
 - 'peerFont' 'Ljava/awt/Font;' @88  a 'com/apple/laf/AquaFonts$DerivedUIResourceFont'{0x0000000480a17cf8} (0x90142f9f)
 - 'cursor' 'Ljava/awt/Cursor;' @92  null (0x00000000)
 - 'locale' 'Ljava/util/Locale;' @96  null (0x00000000)
 - private volatile transient 'graphicsConfig' 'Ljava/awt/GraphicsConfiguration;' @100  a 'sun/java2d/metal/MTLGraphicsConfig'{0x00000004808020a0} (0x90100414)
 - private transient 'bufferStrategy' 'Ljava/awt/image/BufferStrategy;' @104  null (0x00000000)
 - 'dropTarget' 'Ljava/awt/dnd/DropTarget;' @108  null (0x00000000)
 - 'popups' 'Ljava/util/Vector;' @112  null (0x00000000)
 - private 'name' 'Ljava/lang/String;' @116  null (0x00000000)
 - 'focusTraversalKeys' '[Ljava/util/Set;' @120  null (0x00000000)
 - private volatile transient 'acc' 'Ljava/security/AccessControlContext;' @124  a 'java/security/AccessControlContext'{0x00000005ffd826c8} (0xbffb04d9)
 - 'minSize' 'Ljava/awt/Dimension;' @128  null (0x00000000)
 - 'prefSize' 'Ljava/awt/Dimension;' @132  null (0x00000000)
 - 'maxSize' 'Ljava/awt/Dimension;' @136  null (0x00000000)
 - transient 'componentOrientation' 'Ljava/awt/ComponentOrientation;' @140  a 'java/awt/ComponentOrientation'{0x0000000480804af0} (0x9010095e)
 - transient 'componentListener' 'Ljava/awt/event/ComponentListener;' @144  null (0x00000000)
 - transient 'focusListener' 'Ljava/awt/event/FocusListener;' @148  null (0x00000000)
 - transient 'hierarchyListener' 'Ljava/awt/event/HierarchyListener;' @152  null (0x00000000)
 - transient 'hierarchyBoundsListener' 'Ljava/awt/event/HierarchyBoundsListener;' @156  null (0x00000000)
 - transient 'keyListener' 'Ljava/awt/event/KeyListener;' @160  null (0x00000000)
 - transient 'mouseListener' 'Ljava/awt/event/MouseListener;' @164  null (0x00000000)
 - transient 'mouseMotionListener' 'Ljava/awt/event/MouseMotionListener;' @168  null (0x00000000)
 - transient 'mouseWheelListener' 'Ljava/awt/event/MouseWheelListener;' @172  null (0x00000000)
 - transient 'inputMethodListener' 'Ljava/awt/event/InputMethodListener;' @176  null (0x00000000)
 - private 'changeSupport' 'Ljava/beans/PropertyChangeSupport;' @180  null (0x00000000)
 - private transient 'objectLock' 'Ljava/lang/Object;' @184  a 'java/lang/Object'{0x00000005ffd82770} (0xbffb04ee)
 - private transient 'compoundShape' 'Lsun/java2d/pipe/Region;' @188  null (0x00000000)
 - private transient 'mixingCutoutRegion' 'Lsun/java2d/pipe/Region;' @192  null (0x00000000)
 - transient 'eventCache' '[Lsun/awt/EventQueueItem;' @196  null (0x00000000)
 - protected 'accessibleContext' 'Ljavax/accessibility/AccessibleContext;' @200  null (0x00000000)
 - final synthetic '$controller' 'Lcom/spela/player/libretro/DesktopLibretroController;' @204  a 'com/spela/player/libretro/DesktopLibretroController'{0x0000000482065980} (0x9040cb30)
 - final synthetic '$selectedShader' 'Lcom/spela/player/domain/model/ShaderPreset;' @208  a 'com/spela/player/domain/model/ShaderPreset'{0x0000000482055aa8} (0x9040ab55)
 - final synthetic '$gpuInitialized$delegate' 'Landroidx/compose/runtime/MutableState;' @212  a 'androidx/compose/runtime/SnapshotMutableStateImpl'{0x00000005ffd208d8} (0xbffa411b)
x15=0x00000005ffd825b8 is an oop: com.spela.player.libretro.MetalEmulationSurfaceKt$MetalEmulationSurface$1$1$1$1 
{0x00000005ffd825b8} - klass: 'com/spela/player/libretro/MetalEmulationSurfaceKt$MetalEmulationSurface$1$1$1$1'
 - ---- fields (total size 27 words):
 - 'y' 'I' @12  0 (0x00000000)
 - 'eventMask' 'J' @16  4096 (0x0000000000001000)
 - 'width' 'I' @24  0 (0x00000000)
 - 'height' 'I' @28  0 (0x00000000)
 - 'x' 'I' @32  0 (0x00000000)
 - private 'isFocusTraversableOverridden' 'I' @36  0 (0x00000000)
 - private 'boundsOp' 'I' @40  3 (0x00000003)
 - private 'componentSerializedDataVersion' 'I' @44  4 (0x00000004)
 - private volatile 'valid' 'Z' @48  false (0x00)
 - private 'focusable' 'Z' @49  true (0x01)
 - private transient 'coalescingEnabled' 'Z' @50  false (0x00)
 - private 'focusTraversalKeysEnabled' 'Z' @51  true (0x01)
 - 'minSizeSet' 'Z' @52  false (0x00)
 - 'prefSizeSet' 'Z' @53  false (0x00)
 - 'maxSizeSet' 'Z' @54  false (0x00)
 - 'newEventsOnly' 'Z' @55  false (0x00)
 - 'ignoreRepaint' 'Z' @56  false (0x00)
 - 'isPacked' 'Z' @57  false (0x00)
 - private 'autoFocusTransferOnDisposal' 'Z' @58  true (0x01)
 - private transient 'isAddNotifyComplete' 'Z' @59  true (0x01)
 - transient 'backgroundEraseDisabled' 'Z' @60  false (0x00)
 - 'visible' 'Z' @61  true (0x01)
 - 'enabled' 'Z' @62  true (0x01)
 - private 'nameExplicitlySet' 'Z' @63  false (0x00)
 - volatile transient 'peer' 'Ljava/awt/peer/ComponentPeer;' @64  a 'sun/lwawt/LWCanvasPeer'{0x00000005ffedb590} (0xbffdb6b2)
 - transient 'parent' 'Ljava/awt/Container;' @68  a 'androidx/compose/ui/awt/SwingInteropViewGroup'{0x00000005ffd2b7d8} (0xbffa56fb)
 - transient 'appContext' 'Lsun/awt/AppContext;' @72  a 'sun/awt/AppContext'{0x000000048036c6a0} (0x9006d8d4)
 - 'foreground' 'Ljava/awt/Color;' @76  null (0x00000000)
 - 'background' 'Ljava/awt/Color;' @80  null (0x00000000)
 - volatile 'font' 'Ljava/awt/Font;' @84  null (0x00000000)
 - 'peerFont' 'Ljava/awt/Font;' @88  a 'com/apple/laf/AquaFonts$DerivedUIResourceFont'{0x0000000480a17cf8} (0x90142f9f)
 - 'cursor' 'Ljava/awt/Cursor;' @92  null (0x00000000)
 - 'locale' 'Ljava/util/Locale;' @96  null (0x00000000)
 - private volatile transient 'graphicsConfig' 'Ljava/awt/GraphicsConfiguration;' @100  a 'sun/java2d/metal/MTLGraphicsConfig'{0x00000004808020a0} (0x90100414)
 - private transient 'bufferStrategy' 'Ljava/awt/image/BufferStrategy;' @104  null (0x00000000)
 - 'dropTarget' 'Ljava/awt/dnd/DropTarget;' @108  null (0x00000000)
 - 'popups' 'Ljava/util/Vector;' @112  null (0x00000000)
 - private 'name' 'Ljava/lang/String;' @116  null (0x00000000)
 - 'focusTraversalKeys' '[Ljava/util/Set;' @120  null (0x00000000)
 - private volatile transient 'acc' 'Ljava/security/AccessControlContext;' @124  a 'java/security/AccessControlContext'{0x00000005ffd826c8} (0xbffb04d9)
 - 'minSize' 'Ljava/awt/Dimension;' @128  null (0x00000000)
 - 'prefSize' 'Ljava/awt/Dimension;' @132  null (0x00000000)
 - 'maxSize' 'Ljava/awt/Dimension;' @136  null (0x00000000)
 - transient 'componentOrientation' 'Ljava/awt/ComponentOrientation;' @140  a 'java/awt/ComponentOrientation'{0x0000000480804af0} (0x9010095e)
 - transient 'componentListener' 'Ljava/awt/event/ComponentListener;' @144  null (0x00000000)
 - transient 'focusListener' 'Ljava/awt/event/FocusListener;' @148  null (0x00000000)
 - transient 'hierarchyListener' 'Ljava/awt/event/HierarchyListener;' @152  null (0x00000000)
 - transient 'hierarchyBoundsListener' 'Ljava/awt/event/HierarchyBoundsListener;' @156  null (0x00000000)
 - transient 'keyListener' 'Ljava/awt/event/KeyListener;' @160  null (0x00000000)
 - transient 'mouseListener' 'Ljava/awt/event/MouseListener;' @164  null (0x00000000)
 - transient 'mouseMotionListener' 'Ljava/awt/event/MouseMotionListener;' @168  null (0x00000000)
 - transient 'mouseWheelListener' 'Ljava/awt/event/MouseWheelListener;' @172  null (0x00000000)
 - transient 'inputMethodListener' 'Ljava/awt/event/InputMethodListener;' @176  null (0x00000000)
 - private 'changeSupport' 'Ljava/beans/PropertyChangeSupport;' @180  null (0x00000000)
 - private transient 'objectLock' 'Ljava/lang/Object;' @184  a 'java/lang/Object'{0x00000005ffd82770} (0xbffb04ee)
 - private transient 'compoundShape' 'Lsun/java2d/pipe/Region;' @188  null (0x00000000)
 - private transient 'mixingCutoutRegion' 'Lsun/java2d/pipe/Region;' @192  null (0x00000000)
 - transient 'eventCache' '[Lsun/awt/EventQueueItem;' @196  null (0x00000000)
 - protected 'accessibleContext' 'Ljavax/accessibility/AccessibleContext;' @200  null (0x00000000)
 - final synthetic '$controller' 'Lcom/spela/player/libretro/DesktopLibretroController;' @204  a 'com/spela/player/libretro/DesktopLibretroController'{0x0000000482065980} (0x9040cb30)
 - final synthetic '$selectedShader' 'Lcom/spela/player/domain/model/ShaderPreset;' @208  a 'com/spela/player/domain/model/ShaderPreset'{0x0000000482055aa8} (0x9040ab55)
 - final synthetic '$gpuInitialized$delegate' 'Landroidx/compose/runtime/MutableState;' @212  a 'androidx/compose/runtime/SnapshotMutableStateImpl'{0x00000005ffd208d8} (0xbffa411b)
x16=0x00000005ffd825b8 is an oop: com.spela.player.libretro.MetalEmulationSurfaceKt$MetalEmulationSurface$1$1$1$1 
{0x00000005ffd825b8} - klass: 'com/spela/player/libretro/MetalEmulationSurfaceKt$MetalEmulationSurface$1$1$1$1'
 - ---- fields (total size 27 words):
 - 'y' 'I' @12  0 (0x00000000)
 - 'eventMask' 'J' @16  4096 (0x0000000000001000)
 - 'width' 'I' @24  0 (0x00000000)
 - 'height' 'I' @28  0 (0x00000000)
 - 'x' 'I' @32  0 (0x00000000)
 - private 'isFocusTraversableOverridden' 'I' @36  0 (0x00000000)
 - private 'boundsOp' 'I' @40  3 (0x00000003)
 - private 'componentSerializedDataVersion' 'I' @44  4 (0x00000004)
 - private volatile 'valid' 'Z' @48  false (0x00)
 - private 'focusable' 'Z' @49  true (0x01)
 - private transient 'coalescingEnabled' 'Z' @50  false (0x00)
 - private 'focusTraversalKeysEnabled' 'Z' @51  true (0x01)
 - 'minSizeSet' 'Z' @52  false (0x00)
 - 'prefSizeSet' 'Z' @53  false (0x00)
 - 'maxSizeSet' 'Z' @54  false (0x00)
 - 'newEventsOnly' 'Z' @55  false (0x00)
 - 'ignoreRepaint' 'Z' @56  false (0x00)
 - 'isPacked' 'Z' @57  false (0x00)
 - private 'autoFocusTransferOnDisposal' 'Z' @58  true (0x01)
 - private transient 'isAddNotifyComplete' 'Z' @59  true (0x01)
 - transient 'backgroundEraseDisabled' 'Z' @60  false (0x00)
 - 'visible' 'Z' @61  true (0x01)
 - 'enabled' 'Z' @62  true (0x01)
 - private 'nameExplicitlySet' 'Z' @63  false (0x00)
 - volatile transient 'peer' 'Ljava/awt/peer/ComponentPeer;' @64  a 'sun/lwawt/LWCanvasPeer'{0x00000005ffedb590} (0xbffdb6b2)
 - transient 'parent' 'Ljava/awt/Container;' @68  a 'androidx/compose/ui/awt/SwingInteropViewGroup'{0x00000005ffd2b7d8} (0xbffa56fb)
 - transient 'appContext' 'Lsun/awt/AppContext;' @72  a 'sun/awt/AppContext'{0x000000048036c6a0} (0x9006d8d4)
 - 'foreground' 'Ljava/awt/Color;' @76  null (0x00000000)
 - 'background' 'Ljava/awt/Color;' @80  null (0x00000000)
 - volatile 'font' 'Ljava/awt/Font;' @84  null (0x00000000)
 - 'peerFont' 'Ljava/awt/Font;' @88  a 'com/apple/laf/AquaFonts$DerivedUIResourceFont'{0x0000000480a17cf8} (0x90142f9f)
 - 'cursor' 'Ljava/awt/Cursor;' @92  null (0x00000000)
 - 'locale' 'Ljava/util/Locale;' @96  null (0x00000000)
 - private volatile transient 'graphicsConfig' 'Ljava/awt/GraphicsConfiguration;' @100  a 'sun/java2d/metal/MTLGraphicsConfig'{0x00000004808020a0} (0x90100414)
 - private transient 'bufferStrategy' 'Ljava/awt/image/BufferStrategy;' @104  null (0x00000000)
 - 'dropTarget' 'Ljava/awt/dnd/DropTarget;' @108  null (0x00000000)
 - 'popups' 'Ljava/util/Vector;' @112  null (0x00000000)
 - private 'name' 'Ljava/lang/String;' @116  null (0x00000000)
 - 'focusTraversalKeys' '[Ljava/util/Set;' @120  null (0x00000000)
 - private volatile transient 'acc' 'Ljava/security/AccessControlContext;' @124  a 'java/security/AccessControlContext'{0x00000005ffd826c8} (0xbffb04d9)
 - 'minSize' 'Ljava/awt/Dimension;' @128  null (0x00000000)
 - 'prefSize' 'Ljava/awt/Dimension;' @132  null (0x00000000)
 - 'maxSize' 'Ljava/awt/Dimension;' @136  null (0x00000000)
 - transient 'componentOrientation' 'Ljava/awt/ComponentOrientation;' @140  a 'java/awt/ComponentOrientation'{0x0000000480804af0} (0x9010095e)
 - transient 'componentListener' 'Ljava/awt/event/ComponentListener;' @144  null (0x00000000)
 - transient 'focusListener' 'Ljava/awt/event/FocusListener;' @148  null (0x00000000)
 - transient 'hierarchyListener' 'Ljava/awt/event/HierarchyListener;' @152  null (0x00000000)
 - transient 'hierarchyBoundsListener' 'Ljava/awt/event/HierarchyBoundsListener;' @156  null (0x00000000)
 - transient 'keyListener' 'Ljava/awt/event/KeyListener;' @160  null (0x00000000)
 - transient 'mouseListener' 'Ljava/awt/event/MouseListener;' @164  null (0x00000000)
 - transient 'mouseMotionListener' 'Ljava/awt/event/MouseMotionListener;' @168  null (0x00000000)
 - transient 'mouseWheelListener' 'Ljava/awt/event/MouseWheelListener;' @172  null (0x00000000)
 - transient 'inputMethodListener' 'Ljava/awt/event/InputMethodListener;' @176  null (0x00000000)
 - private 'changeSupport' 'Ljava/beans/PropertyChangeSupport;' @180  null (0x00000000)
 - private transient 'objectLock' 'Ljava/lang/Object;' @184  a 'java/lang/Object'{0x00000005ffd82770} (0xbffb04ee)
 - private transient 'compoundShape' 'Lsun/java2d/pipe/Region;' @188  null (0x00000000)
 - private transient 'mixingCutoutRegion' 'Lsun/java2d/pipe/Region;' @192  null (0x00000000)
 - transient 'eventCache' '[Lsun/awt/EventQueueItem;' @196  null (0x00000000)
 - protected 'accessibleContext' 'Ljavax/accessibility/AccessibleContext;' @200  null (0x00000000)
 - final synthetic '$controller' 'Lcom/spela/player/libretro/DesktopLibretroController;' @204  a 'com/spela/player/libretro/DesktopLibretroController'{0x0000000482065980} (0x9040cb30)
 - final synthetic '$selectedShader' 'Lcom/spela/player/domain/model/ShaderPreset;' @208  a 'com/spela/player/domain/model/ShaderPreset'{0x0000000482055aa8} (0x9040ab55)
 - final synthetic '$gpuInitialized$delegate' 'Landroidx/compose/runtime/MutableState;' @212  a 'androidx/compose/runtime/SnapshotMutableStateImpl'{0x00000005ffd208d8} (0xbffa411b)
x17=0x0 is null
x18=0x0 is null
x19=0x0000000116cfe8c0 is at code_begin+0 in an Interpreter codelet
result handlers for native calls  [0x0000000116cfe8c0, 0x0000000116cfe908]  72 bytes
x20=0x0000000172f054d0 is pointing into the stack for thread: 0x00000009648cb800
x21=0x0000000106d09f10: _ZN19TemplateInterpreter13_active_tableE+0 in /Users/mattias800/Library/Java/JavaVirtualMachines/ms-21.0.10/Contents/Home/lib/server/libjvm.dylib at 0x0000000105fb8000
x22=0x0 is null
x23=0x000000048036c6a0 is an oop: sun.awt.AppContext 
{0x000000048036c6a0} - klass: 'sun/awt/AppContext'
 - ---- fields (total size 7 words):
 - private final 'table' 'Ljava/util/Map;' @12  a 'java/util/HashMap'{0x000000048036c6d8} (0x9006d8db)
 - private 'DISPOSAL_TIMEOUT' 'J' @16  5000 (0x0000000000001388)
 - private 'THREAD_INTERRUPT_TIMEOUT' 'J' @24  1000 (0x00000000000003e8)
 - private final 'threadGroup' 'Ljava/lang/ThreadGroup;' @32  a 'java/lang/ThreadGroup'{0x00000004800868d0} (0x90010d1a)
 - private 'changeSupport' 'Ljava/beans/PropertyChangeSupport;' @36  null (0x00000000)
 - private volatile 'state' 'Lsun/awt/AppContext$State;' @40  a 'sun/awt/AppContext$State'{0x0000000480044630} (0x900088c6)
 - private final 'contextClassLoader' 'Ljava/lang/ClassLoader;' @44  a 'jdk/internal/loader/ClassLoaders$AppClassLoader'{0x0000000480801b10} (0x90100362)
 - private 'mostRecentKeyValue' 'Lsun/awt/MostRecentKeyValue;' @48  a 'sun/awt/MostRecentKeyValue'{0x000000048004dee0} (0x90009bdc)
 - private 'shadowMostRecentKeyValue' 'Lsun/awt/MostRecentKeyValue;' @52  a 'sun/awt/MostRecentKeyValue'{0x000000048004dec8} (0x90009bd9)
x24=0x0000000172f05558 is pointing into the stack for thread: 0x00000009648cb800
x25=0x000000048003d378 is an oop: java.awt.EventQueue 
{0x000000048003d378} - klass: 'java/awt/EventQueue'
 - ---- fields (total size 10 words):
 - private volatile 'waitForID' 'I' @12  0 (0x00000000)
 - private 'mostRecentEventTime' 'J' @16  1771227691091 (0x0000019c6565b853)
 - private 'mostRecentKeyEventTime' 'J' @24  1771227687557 (0x0000019c6565aa85)
 - private 'queues' '[Ljava/awt/Queue;' @32  a 'java/awt/Queue'[4] {0x000000048003dee0} (0x90007bdc)
 - private 'nextQueue' 'Ljava/awt/EventQueue;' @36  null (0x00000000)
 - private 'previousQueue' 'Ljava/awt/EventQueue;' @40  null (0x00000000)
 - private final 'pushPopLock' 'Ljava/util/concurrent/locks/Lock;' @44  a 'java/util/concurrent/locks/ReentrantLock'{0x0000000480040d48} (0x900081a9)
 - private final 'pushPopCond' 'Ljava/util/concurrent/locks/Condition;' @48  a 'java/util/concurrent/locks/AbstractQueuedSynchronizer$ConditionObject'{0x000000048036cc08} (0x9006d981)
 - private 'dispatchThread' 'Ljava/awt/EventDispatchThread;' @52  a 'java/awt/EventDispatchThread'{0x0000000480084500} (0x900108a0)
 - private final 'threadGroup' 'Ljava/lang/ThreadGroup;' @56  a 'java/lang/ThreadGroup'{0x0000000480086900} (0x90010d20)
 - private final 'classLoader' 'Ljava/lang/ClassLoader;' @60  a 'jdk/internal/loader/ClassLoaders$AppClassLoader'{0x0000000480801b10} (0x90100362)
 - private 'currentEvent' 'Ljava/lang/ref/WeakReference;' @64  a 'java/lang/ref/WeakReference'{0x00000005ffc2cd98} (0xbff859b3)
 - private final 'appContext' 'Lsun/awt/AppContext;' @68  a 'sun/awt/AppContext'{0x000000048036c6a0} (0x9006d8d4)
 - private final 'name' 'Ljava/lang/String;' @72  "AWT-EventQueue-0"{0x000000048003e0a0} (0x90007c14)
 - private 'fwDispatcher' 'Lsun/awt/FwDispatcher;' @76  null (0x00000000)
x26=0x000000012a4bb680 is pointing into metadata
x27=0x000000011c3c4000 is an unknown value
x28=0x00000009648cb800 is a thread
 fp=0x0000000172f05460 is pointing into the stack for thread: 0x00000009648cb800
 lr=0x000000013c66c24c: gpu_renderer_init_surface+0x5c in /Users/mattias800/repos/spela/player/desktop/build/native/libspela-libretro.dylib at 0x000000013c664000
 sp=0x0000000172f053b0 is pointing into the stack for thread: 0x00000009648cb800

Top of Stack: (sp=0x0000000172f053b0)
0x0000000172f053b0:   00000009648cb800 0000000000000006
0x0000000172f053c0:   00000001299a3c20 4c0faacbdc5e0086
0x0000000172f053d0:   000000012a4bb680 000000048003d378
0x0000000172f053e0:   0000000172f05558 000000048036c6a0
0x0000000172f053f0:   0000000967f4d1c0 000000013c6696b4
0x0000000172f05400:   00000009648cb800 0000000172f05480
0x0000000172f05410:   0000000172f05470 00000001067a50a0
0x0000000172f05420:   0000000000000000 0000000106d09f10
0x0000000172f05430:   0000000172f054d0 0000000116cfe8c0
0x0000000172f05440:   0000000172f05558 0000000172f05550
0x0000000172f05450:   00000009620b7c00 00000009620b7c00
0x0000000172f05460:   0000000172f054c0 000000013c6697a0
0x0000000172f05470:   0000000172f054b0 0000000106464428
0x0000000172f05480:   00000001299a3c20 00000009648cb800
0x0000000172f05490:   0000000000000000 0000000106d09f10
0x0000000172f054a0:   0000000172f05550 0000000172f05558
0x0000000172f054b0:   00000009648cbbc0 0000000116d00974
0x0000000172f054c0:   0000000172f05530 0000000116d00a88
0x0000000172f054d0:   0000000172f05510 000000010646279c
0x0000000172f054e0:   0000000172f054e0 0000000000000000
0x0000000172f054f0:   0000000000000005 000000012a4bb680
0x0000000172f05500:   0000000480898d48 0000000172f054d0
0x0000000172f05510:   0000000000000000 00000001299a3c20
0x0000000172f05520:   0000000000000000 0000000172f05530
0x0000000172f05530:   0000000172f055b0 0000000116cfd04c
0x0000000172f05540:   0000000000000000 0000000000000000
0x0000000172f05550:   00000005ffd825b8 00000004820659c0
0x0000000172f05560:   0000000172f05560 000000012a4e3c2c
0x0000000172f05570:   0000000000000003 000000012a4e5878
0x0000000172f05580:   00000004821b5b98 0000000172f05530
0x0000000172f05590:   0000000000000000 000000012a4e3c50
0x0000000172f055a0:   0000000172f05550 0000000172f055a0 

Instructions: (pc=0x0000000182fd5838)
0x0000000182fd5738:   1f 20 03 d5 1f 20 03 d5 1f 20 03 d5 1f 20 03 d5
0x0000000182fd5748:   1f 20 03 d5 1f 20 03 d5 1f 20 03 d5 1f 20 03 d5
0x0000000182fd5758:   1f 20 03 d5 1f 20 03 d5 1f 20 03 d5 1f 20 03 d5
0x0000000182fd5768:   1f 20 03 d5 1f 20 03 d5 1f 20 03 d5 1f 20 03 d5
0x0000000182fd5778:   1f 20 03 d5 1f 20 03 d5 1f 20 03 d5 1f 20 03 d5
0x0000000182fd5788:   1f 20 03 d5 1f 20 03 d5 1f 20 03 d5 1f 20 03 d5
0x0000000182fd5798:   1f 20 03 d5 1f 20 03 d5 1f 20 03 d5 1f 20 03 d5
0x0000000182fd57a8:   1f 20 03 d5 1f 20 03 d5 1f 20 03 d5 1f 20 03 d5
0x0000000182fd57b8:   1f 20 03 d5 1f 20 03 d5 1f 20 03 d5 1f 20 03 d5
0x0000000182fd57c8:   1f 20 03 d5 1f 20 03 d5 1f 20 03 d5 1f 20 03 d5
0x0000000182fd57d8:   1f 20 03 d5 1f 20 03 d5 1f 20 03 d5 1f 20 03 d5
0x0000000182fd57e8:   1f 20 03 d5 1f 20 03 d5 1f 20 03 d5 1f 20 03 d5
0x0000000182fd57f8:   1f 20 03 d5 1f 20 03 d5 1f 00 00 f1 ed 03 00 54
0x0000000182fd5808:   0e 00 40 f9 d0 cd 7d 92 ea 03 00 aa 2a 5c ed f2
0x0000000182fd5818:   50 19 c1 da ef 03 10 aa 0a 0a 40 f9 4b fd 70 d3
0x0000000182fd5828:   4a bd 40 92 2c 1c 41 ca 8c 01 0b 0a 4d 11 0c 8b
0x0000000182fd5838:   b1 25 ff a8 3f 01 01 eb 81 00 00 54 4a 01 01 ca
0x0000000182fd5848:   4a 01 10 ca 2a 0e 1f d7 89 17 00 b4 bf 01 0a eb
0x0000000182fd5858:   02 ff ff 54 4d 51 2b 8b 4c 11 0c 8b b1 25 ff a8
0x0000000182fd5868:   3f 01 01 eb c0 fe ff 54 3f 01 00 f1 a0 11 4c fa
0x0000000182fd5878:   68 ff ff 54 b1 00 00 14 a0 01 00 54 0a 08 40 92
0x0000000182fd5888:   0b fc 77 93 5f 1d 00 f1 6c 01 8a 9a 2a 9b 36 d0
0x0000000182fd5898:   4a c1 07 91 4a 0d 0c 8b 4e 01 40 f9 f0 03 0e aa
0x0000000182fd58a8:   aa f3 f1 f2 50 1d c1 da db ff ff 17 01 00 80 d2
0x0000000182fd58b8:   00 e4 00 2f 01 e4 00 2f 02 e4 00 2f 03 e4 00 2f
0x0000000182fd58c8:   c0 03 5f d6 1f 20 03 d5 1f 20 03 d5 1f 20 03 d5
0x0000000182fd58d8:   1f 20 03 d5 1f 20 03 d5 1f 00 00 f1 cd 04 00 54
0x0000000182fd58e8:   0d 00 40 f9 b0 cd 7d 92 ea 03 00 aa 2a 5c ed f2
0x0000000182fd58f8:   50 19 c1 da ef 03 10 aa 0a 0a 40 f9 4b fd 70 d3
0x0000000182fd5908:   4a bd 40 92 2c 1c 41 ca 8c 01 0b 0a 4d 11 0c 8b
0x0000000182fd5918:   b1 25 ff a8 3f 01 01 eb 61 01 00 54 4a 01 01 ca
0x0000000182fd5928:   4a 01 10 ca 51 15 c1 da 2a 06 11 ca 4a 00 f0 b6 


Stack slot to memory mapping:

stack at sp + 0 slots: 0x00000009648cb800 is a thread
stack at sp + 1 slots: 0x0000000000000006 is an unknown value
stack at sp + 2 slots: {method} {0x00000001299a3c20} 'nativeGpuInit' '(Ljava/lang/Object;)Z' in 'com/spela/player/libretro/LibretroJni'
stack at sp + 3 slots: 0x4c0faacbdc5e0086 is an unknown value
stack at sp + 4 slots: 0x000000012a4bb680 is pointing into metadata
stack at sp + 5 slots: 0x000000048003d378 is an oop: java.awt.EventQueue 
{0x000000048003d378} - klass: 'java/awt/EventQueue'
 - ---- fields (total size 10 words):
 - private volatile 'waitForID' 'I' @12  0 (0x00000000)
 - private 'mostRecentEventTime' 'J' @16  1771227691091 (0x0000019c6565b853)
 - private 'mostRecentKeyEventTime' 'J' @24  1771227687557 (0x0000019c6565aa85)
 - private 'queues' '[Ljava/awt/Queue;' @32  a 'java/awt/Queue'[4] {0x000000048003dee0} (0x90007bdc)
 - private 'nextQueue' 'Ljava/awt/EventQueue;' @36  null (0x00000000)
 - private 'previousQueue' 'Ljava/awt/EventQueue;' @40  null (0x00000000)
 - private final 'pushPopLock' 'Ljava/util/concurrent/locks/Lock;' @44  a 'java/util/concurrent/locks/ReentrantLock'{0x0000000480040d48} (0x900081a9)
 - private final 'pushPopCond' 'Ljava/util/concurrent/locks/Condition;' @48  a 'java/util/concurrent/locks/AbstractQueuedSynchronizer$ConditionObject'{0x000000048036cc08} (0x9006d981)
 - private 'dispatchThread' 'Ljava/awt/EventDispatchThread;' @52  a 'java/awt/EventDispatchThread'{0x0000000480084500} (0x900108a0)
 - private final 'threadGroup' 'Ljava/lang/ThreadGroup;' @56  a 'java/lang/ThreadGroup'{0x0000000480086900} (0x90010d20)
 - private final 'classLoader' 'Ljava/lang/ClassLoader;' @60  a 'jdk/internal/loader/ClassLoaders$AppClassLoader'{0x0000000480801b10} (0x90100362)
 - private 'currentEvent' 'Ljava/lang/ref/WeakReference;' @64  a 'java/lang/ref/WeakReference'{0x00000005ffc2cd98} (0xbff859b3)
 - private final 'appContext' 'Lsun/awt/AppContext;' @68  a 'sun/awt/AppContext'{0x000000048036c6a0} (0x9006d8d4)
 - private final 'name' 'Ljava/lang/String;' @72  "AWT-EventQueue-0"{0x000000048003e0a0} (0x90007c14)
 - private 'fwDispatcher' 'Lsun/awt/FwDispatcher;' @76  null (0x00000000)
stack at sp + 6 slots: 0x0000000172f05558 is pointing into the stack for thread: 0x00000009648cb800
stack at sp + 7 slots: 0x000000048036c6a0 is an oop: sun.awt.AppContext 
{0x000000048036c6a0} - klass: 'sun/awt/AppContext'
 - ---- fields (total size 7 words):
 - private final 'table' 'Ljava/util/Map;' @12  a 'java/util/HashMap'{0x000000048036c6d8} (0x9006d8db)
 - private 'DISPOSAL_TIMEOUT' 'J' @16  5000 (0x0000000000001388)
 - private 'THREAD_INTERRUPT_TIMEOUT' 'J' @24  1000 (0x00000000000003e8)
 - private final 'threadGroup' 'Ljava/lang/ThreadGroup;' @32  a 'java/lang/ThreadGroup'{0x00000004800868d0} (0x90010d1a)
 - private 'changeSupport' 'Ljava/beans/PropertyChangeSupport;' @36  null (0x00000000)
 - private volatile 'state' 'Lsun/awt/AppContext$State;' @40  a 'sun/awt/AppContext$State'{0x0000000480044630} (0x900088c6)
 - private final 'contextClassLoader' 'Ljava/lang/ClassLoader;' @44  a 'jdk/internal/loader/ClassLoaders$AppClassLoader'{0x0000000480801b10} (0x90100362)
 - private 'mostRecentKeyValue' 'Lsun/awt/MostRecentKeyValue;' @48  a 'sun/awt/MostRecentKeyValue'{0x000000048004dee0} (0x90009bdc)
 - private 'shadowMostRecentKeyValue' 'Lsun/awt/MostRecentKeyValue;' @52  a 'sun/awt/MostRecentKeyValue'{0x000000048004dec8} (0x90009bd9)


Compiled method (c1) 3797 4012   !   3       kotlin.coroutines.jvm.internal.BaseContinuationImpl::resumeWith (124 bytes)
 total in heap  [0x000000010fdfd910,0x000000010fe00798] = 11912
 relocation     [0x000000010fdfda60,0x000000010fdfde80] = 1056
 main code      [0x000000010fdfde80,0x000000010fdffa38] = 7096
 stub code      [0x000000010fdffa38,0x000000010fdffc70] = 568
 oops           [0x000000010fdffc70,0x000000010fdffc98] = 40
 metadata       [0x000000010fdffc98,0x000000010fdffdc8] = 304
 scopes data    [0x000000010fdffdc8,0x000000010fe002b0] = 1256
 scopes pcs     [0x000000010fe002b0,0x000000010fe00720] = 1136
 dependencies   [0x000000010fe00720,0x000000010fe00728] = 8
 handler table  [0x000000010fe00728,0x000000010fe00740] = 24
 nul chk table  [0x000000010fe00740,0x000000010fe00798] = 88

[Constant Pool (empty)]

[MachCode]
[Entry Point]
  # {method} {0x00000001294d8768} 'resumeWith' '(Ljava/lang/Object;)V' in 'kotlin/coroutines/jvm/internal/BaseContinuationImpl'
  # this:     c_rarg1:c_rarg1 
                        = 'kotlin/coroutines/jvm/internal/BaseContinuationImpl'
  # parm0:    c_rarg2:c_rarg2 
                        = 'java/lang/Object'
  #           [sp+0x120]  (sp of caller)
  0x000000010fdfde80: 2808 40b9 | 3f01 086b | c001 0054 

  0x000000010fdfde8c: ;   {runtime_call ic_miss_stub}
  0x000000010fdfde8c: fdd7 bc15 | 1f20 03d5 | 1f20 03d5 | 1f20 03d5 | 1f20 03d5 | 1f20 03d5 | 1f20 03d5 | 1f20 03d5 
  0x000000010fdfdeac: 1f20 03d5 | 1f20 03d5 | 1f20 03d5 | 1f20 03d5 | 1f20 03d5 
[Verified Entry Point]
  0x000000010fdfdec0: 1f20 03d5 | e953 40d1 | 3f01 00f9 | ff83 04d1 | fd7b 11a9 | 2801 0018 | 8923 40b9 | 1f01 09eb 
  0x000000010fdfdee0: e000 0054 | 0830 9bd2 | 68da a2f2 | 2800 c0f2 | 0001 3fd6 | 0200 0014 | 0500 0000 

  0x000000010fdfdefc: ;   {metadata(method data for {method} {0x00000001294d8768} 'resumeWith' '(Ljava/lang/Object;)V' in 'kotlin/coroutines/jvm/internal/BaseContinuationImpl')}
  0x000000010fdfdefc: 003f 9dd2 | e05c a5f2 | 2000 c0f2 | 03ac 40b9 | 6308 0011 | 03ac 00b9 | 6324 1f12 | 7f00 0071 
  0x000000010fdfdf1c: 00b9 0054 | 0101 00b5 

  0x000000010fdfdf24: ;   {metadata(method data for {method} {0x00000001294d8768} 'resumeWith' '(Ljava/lang/Object;)V' in 'kotlin/coroutines/jvm/internal/BaseContinuationImpl')}
  0x000000010fdfdf24: 053f 9dd2 | e55c a5f2 | 2500 c0f2 | a8a4 4339 | 0801 40b2 | a8a4 0339 | 3d00 0014 

  0x000000010fdfdf40: ;   {metadata('kotlin/coroutines/Continuation')}
  0x000000010fdfdf40: 048f 86d2 | 0421 a0f2 | 041b c0f2 | 2508 40b9 | 051b c0f2 | a810 40f9 | 9f00 08eb | e000 0054 
  0x000000010fdfdf60: bf00 04eb | a000 0054 | e513 bfa9 

  0x000000010fdfdf6c: ;   {runtime_call slow_subtype_check Runtime1 stub}
  0x000000010fdfdf6c: 2541 c095 | e507 41f8 | e504 0034 

  0x000000010fdfdf78: ;   {metadata(method data for {method} {0x00000001294d8768} 'resumeWith' '(Ljava/lang/Object;)V' in 'kotlin/coroutines/jvm/internal/BaseContinuationImpl')}
  0x000000010fdfdf78: 053f 9dd2 | e55c a5f2 | 2500 c0f2 | 2408 40b9 | 041b c0f2 | a900 0491 | 2801 40f9 | 9f00 08eb 
  0x000000010fdfdf98: a100 0054 | a884 40f9 | 0805 0091 | a884 00f9 | 2200 0014 | a940 0491 | 2801 40f9 | 9f00 08eb 
  0x000000010fdfdfb8: a100 0054 | a88c 40f9 | 0805 0091 | a88c 00f9 | 1a00 0014 | a900 0491 | 2801 40f9 | c800 00b5 
  0x000000010fdfdfd8: 2401 00f9 | e803 40b2 | a920 0491 | 2801 00f9 | 1200 0014 | a940 0491 | 2801 40f9 | c800 00b5 
  0x000000010fdfdff8: 2401 00f9 | e803 40b2 | a960 0491 | 2801 00f9 | 0a00 0014 | 0900 0014 

  0x000000010fdfe010: ;   {metadata(method data for {method} {0x00000001294d8768} 'resumeWith' '(Ljava/lang/Object;)V' in 'kotlin/coroutines/jvm/internal/BaseContinuationImpl')}
  0x000000010fdfe010: 053f 9dd2 | e55c a5f2 | 2500 c0f2 | a878 40f9 | 0805 00d1 | a878 00f9 | 8d05 0014 | 0100 0014 
  0x000000010fdfe030: e003 01aa 

  0x000000010fdfe034: ;   {metadata(method data for {method} {0x00000001294d8768} 'resumeWith' '(Ljava/lang/Object;)V' in 'kotlin/coroutines/jvm/internal/BaseContinuationImpl')}
  0x000000010fdfe034: 033f 9dd2 | e35c a5f2 | 2300 c0f2 | 6894 40f9 | 0805 0091 | 6894 00f9 

  0x000000010fdfe04c: ;   {metadata(method data for {method} {0x0000000129500618} 'probeCoroutineResumed' '(Lkotlin/coroutines/Continuation;)V' in 'kotlin/coroutines/jvm/internal/DebugProbesKt')}
  0x000000010fdfe04c: 0314 97d2 | a35c a5f2 | 2300 c0f2 | 64ac 40b9 | 8408 0011 | 64ac 00b9 | 844c 1f12 | 9f00 0071 
  0x000000010fdfe06c: c0af 0054 

  0x000000010fdfe070: ;   {metadata(method data for {method} {0x0000000129500618} 'probeCoroutineResumed' '(Lkotlin/coroutines/Continuation;)V' in 'kotlin/coroutines/jvm/internal/DebugProbesKt')}
  0x000000010fdfe070: 0314 97d2 | a35c a5f2 | 2300 c0f2 | 6878 40f9 | 0805 0091 | 6878 00f9 

  0x000000010fdfe088: ;   {metadata(method data for {method} {0x000000012941aec8} 'checkNotNullParameter' '(Ljava/lang/Object;Ljava/lang/String;)V' in 'kotlin/jvm/internal/Intrinsics')}
  0x000000010fdfe088: 03d6 8cd2 | c32b a5f2 | 2300 c0f2 | 64ac 40b9 | 8408 0011 | 64ac 00b9 | 844c 1f12 | 9f00 0071 
  0x000000010fdfe0a8: e0ae 0054 | e303 1faa | 1f00 03eb 

  0x000000010fdfe0b4: ;   {metadata(method data for {method} {0x000000012941aec8} 'checkNotNullParameter' '(Ljava/lang/Object;Ljava/lang/String;)V' in 'kotlin/jvm/internal/Intrinsics')}
  0x000000010fdfe0b4: 00d6 8cd2 | c02b a5f2 | 2000 c0f2 | e803 78b2 | e90f 7cb2 | 0301 899a | 0468 63f8 | 8404 0091 
  0x000000010fdfe0d4: 0468 23f8 | a06c 0054 | 0101 00b5 

  0x000000010fdfe0e0: ;   {metadata(method data for {method} {0x00000001294d8768} 'resumeWith' '(Ljava/lang/Object;)V' in 'kotlin/coroutines/jvm/internal/BaseContinuationImpl')}
  0x000000010fdfe0e0: 043f 9dd2 | e45c a5f2 | 2400 c0f2 | 88c4 4439 | 0801 40b2 | 88c4 0439 | 3700 0014 

  0x000000010fdfe0fc: ;   {metadata('kotlin/coroutines/jvm/internal/BaseContinuationImpl')}
  0x000000010fdfe0fc: 030f 87d2 | 0321 a0f2 | 031b c0f2 | 2408 40b9 | 041b c0f2 | 881c 40f9 | 7f00 08eb | e104 0054 
  0x000000010fdfe11c: ;   {metadata(method data for {method} {0x00000001294d8768} 'resumeWith' '(Ljava/lang/Object;)V' in 'kotlin/coroutines/jvm/internal/BaseContinuationImpl')}
  0x000000010fdfe11c: 043f 9dd2 | e45c a5f2 | 2400 c0f2 | 2308 40b9 | 031b c0f2 | 8920 0591 | 2801 40f9 | 7f00 08eb 
  0x000000010fdfe13c: a100 0054 | 88a8 40f9 | 0805 0091 | 88a8 00f9 | 2200 0014 | 8960 0591 | 2801 40f9 | 7f00 08eb 
  0x000000010fdfe15c: a100 0054 | 88b0 40f9 | 0805 0091 | 88b0 00f9 | 1a00 0014 | 8920 0591 | 2801 40f9 | c800 00b5 
  0x000000010fdfe17c: 2301 00f9 | e803 40b2 | 8940 0591 | 2801 00f9 | 1200 0014 | 8960 0591 | 2801 40f9 | c800 00b5 
  0x000000010fdfe19c: 2301 00f9 | e803 40b2 | 8980 0591 | 2801 00f9 | 0a00 0014 | 0900 0014 

  0x000000010fdfe1b4: ;   {metadata(method data for {method} {0x00000001294d8768} 'resumeWith' '(Ljava/lang/Object;)V' in 'kotlin/coroutines/jvm/internal/BaseContinuationImpl')}
  0x000000010fdfe1b4: 043f 9dd2 | e45c a5f2 | 2400 c0f2 | 889c 40f9 | 0805 00d1 | 889c 00f9 | 3605 0014 | 0100 0014 
  0x000000010fdfe1d4: e003 01aa 

  0x000000010fdfe1d8: ; implicit exception: dispatches to 0x000000010fdff6ac
  0x000000010fdfe1d8: 030c 40b9 | 63f0 7dd3 | e35b 00f9 

  0x000000010fdfe1e4: ;   {metadata(method data for {method} {0x00000001294d8768} 'resumeWith' '(Ljava/lang/Object;)V' in 'kotlin/coroutines/jvm/internal/BaseContinuationImpl')}
  0x000000010fdfe1e4: 013f 9dd2 | e15c a5f2 | 2100 c0f2 | 28b8 40f9 | 0805 0091 | 28b8 00f9 

  0x000000010fdfe1fc: ;   {metadata(method data for {method} {0x0000000129419e80} 'checkNotNull' '(Ljava/lang/Object;)V' in 'kotlin/jvm/internal/Intrinsics')}
  0x000000010fdfe1fc: 0189 8cd2 | c145 a5f2 | 2100 c0f2 | 24ac 40b9 | 8408 0011 | 24ac 00b9 | 844c 1f12 | 9f00 0071 
  0x000000010fdfe21c: a0a4 0054 | e103 1faa | 7f00 01eb 

  0x000000010fdfe228: ;   {metadata(method data for {method} {0x0000000129419e80} 'checkNotNull' '(Ljava/lang/Object;)V' in 'kotlin/jvm/internal/Intrinsics')}
  0x000000010fdfe228: 0189 8cd2 | c145 a5f2 | 2100 c0f2 | e803 78b2 | e90f 7cb2 | 0401 899a | 2568 64f8 | a504 0091 
  0x000000010fdfe248: 2568 24f8 | 6052 0054 | e103 00aa 

  0x000000010fdfe254: ;   {metadata(method data for {method} {0x00000001294d8768} 'resumeWith' '(Ljava/lang/Object;)V' in 'kotlin/coroutines/jvm/internal/BaseContinuationImpl')}
  0x000000010fdfe254: 043f 9dd2 | e45c a5f2 | 2400 c0f2 | 2108 40b9 | 011b c0f2 | 8940 0691 | 2801 40f9 | 3f00 08eb 
  0x000000010fdfe274: a100 0054 | 88cc 40f9 | 0805 0091 | 88cc 00f9 | 1c00 0014 | 8980 0691 | 2801 40f9 | 3f00 08eb 
  0x000000010fdfe294: a100 0054 | 88d4 40f9 | 0805 0091 | 88d4 00f9 | 1400 0014 | 8940 0691 | 2801 40f9 | c800 00b5 
  0x000000010fdfe2b4: 2101 00f9 | e803 40b2 | 8960 0691 | 2801 00f9 | 0c00 0014 | 8980 0691 | 2801 40f9 | c800 00b5 
  0x000000010fdfe2d4: 2101 00f9 | e803 40b2 | 89a0 0691 | 2801 00f9 | 0400 0014 | 88c0 40f9 | 0805 0091 | 88c0 00f9 
  0x000000010fdfe2f4: e103 00aa | e057 00f9 | e9ff 9fd2 | e9ff bff2 | e9ff dff2 

  0x000000010fdfe308: ; ImmutableOopMap {[168]=Oop [176]=Oop }
                      ;*invokevirtual invokeSuspend {reexecute=0 rethrow=0 return_oop=0}
                      ; - kotlin.coroutines.jvm.internal.BaseContinuationImpl::resumeWith@40 (line 34)
                      ;   {virtual_call}
  0x000000010fdfe308: 6aae c095 

  0x000000010fdfe30c: ;   {other}
  0x000000010fdfe30c: 1f20 03d5 | 9f3f 81f2 | 1f00 80f2 

  0x000000010fdfe318: ;   {metadata(method data for {method} {0x00000001294d8768} 'resumeWith' '(Ljava/lang/Object;)V' in 'kotlin/coroutines/jvm/internal/BaseContinuationImpl')}
  0x000000010fdfe318: 033f 9dd2 | e35c a5f2 | 2300 c0f2 | 68dc 40f9 | 0805 0091 | 68dc 00f9 

  0x000000010fdfe330: ;   {metadata(method data for {method} {0x00000001294fe6b8} 'getCOROUTINE_SUSPENDED' '()Ljava/lang/Object;' in 'kotlin/coroutines/intrinsics/IntrinsicsKt__IntrinsicsKt')}
  0x000000010fdfe330: 0398 9ad2 | 0350 a5f2 | 2300 c0f2 | 64ac 40b9 | 8408 0011 | 64ac 00b9 | 844c 1f12 | 9f00 0071 
  0x000000010fdfe350: 009c 0054 

  0x000000010fdfe354: ;   {oop(a 'kotlin/coroutines/intrinsics/CoroutineSingletons'{0x0000000480084760})}
  0x000000010fdfe354: 03ec 88d2 | 0301 b0f2 | 8300 c0f2 | 1f00 03eb 

  0x000000010fdfe364: ;   {metadata(method data for {method} {0x00000001294d8768} 'resumeWith' '(Ljava/lang/Object;)V' in 'kotlin/coroutines/jvm/internal/BaseContinuationImpl')}
  0x000000010fdfe364: 033f 9dd2 | e35c a5f2 | 2300 c0f2 | 083b 80d2 | 0939 80d2 | 0401 899a | 6a68 64f8 | 4a05 0091 
  0x000000010fdfe384: 6a68 24f8 | e06e 0054 

  0x000000010fdfe38c: ;   {metadata(method data for {method} {0x00000001294d8768} 'resumeWith' '(Ljava/lang/Object;)V' in 'kotlin/coroutines/jvm/internal/BaseContinuationImpl')}
  0x000000010fdfe38c: 033f 9dd2 | e35c a5f2 | 2300 c0f2 | 68f4 40f9 | 0805 0091 | 68f4 00f9 

  0x000000010fdfe3a4: ;   {metadata(method data for {method} {0x000000012950e590} 'constructor-impl' '(Ljava/lang/Object;)Ljava/lang/Object;' in 'kotlin/Result')}
  0x000000010fdfe3a4: 03d3 9ed2 | 6353 a5f2 | 2300 c0f2 | 64ac 40b9 | 8408 0011 | 64ac 00b9 | 844c 1f12 | 9f00 0071 
  0x000000010fdfe3c4: 6099 0054 

  0x000000010fdfe3c8: ;   {metadata(method data for {method} {0x00000001294d8768} 'resumeWith' '(Ljava/lang/Object;)V' in 'kotlin/coroutines/jvm/internal/BaseContinuationImpl')}
  0x000000010fdfe3c8: 033f 9dd2 | e35c a5f2 | 2300 c0f2 | 64fc 40f9 | 8404 0091 | 64fc 00f9 | 9100 0014 | 8083 42f9 
  0x000000010fdfe3e8: 9f83 02f9 | 9f87 02f9 

  0x000000010fdfe3f0: ;   {metadata(method data for {method} {0x00000001294d8768} 'resumeWith' '(Ljava/lang/Object;)V' in 'kotlin/coroutines/jvm/internal/BaseContinuationImpl')}
  0x000000010fdfe3f0: 033f 9dd2 | e35c a5f2 | 2300 c0f2 | 6808 41f9 | 0805 0091 | 6808 01f9 

  0x000000010fdfe408: ;   {metadata(method data for {method} {0x00000001295246b8} 'createFailure' '(Ljava/lang/Throwable;)Ljava/lang/Object;' in 'kotlin/ResultKt')}
  0x000000010fdfe408: 036b 81d2 | 035d a5f2 | 2300 c0f2 | 64ac 40b9 | 8408 0011 | 64ac 00b9 | 844c 1f12 | 9f00 0071 
  0x000000010fdfe428: 4097 0054 

  0x000000010fdfe42c: ;   {metadata(method data for {method} {0x00000001295246b8} 'createFailure' '(Ljava/lang/Throwable;)Ljava/lang/Object;' in 'kotlin/ResultKt')}
  0x000000010fdfe42c: 036b 81d2 | 035d a5f2 | 2300 c0f2 | 6878 40f9 | 0805 0091 | 6878 00f9 

  0x000000010fdfe444: ;   {metadata(method data for {method} {0x000000012941aec8} 'checkNotNullParameter' '(Ljava/lang/Object;Ljava/lang/String;)V' in 'kotlin/jvm/internal/Intrinsics')}
  0x000000010fdfe444: 03d6 8cd2 | c32b a5f2 | 2300 c0f2 | 64ac 40b9 | 8408 0011 | 64ac 00b9 | 844c 1f12 | 9f00 0071 
  0x000000010fdfe464: 6096 0054 | e303 1faa | 1f00 03eb 

  0x000000010fdfe470: ;   {metadata(method data for {method} {0x000000012941aec8} 'checkNotNullParameter' '(Ljava/lang/Object;Ljava/lang/String;)V' in 'kotlin/jvm/internal/Intrinsics')}
  0x000000010fdfe470: 03d6 8cd2 | c32b a5f2 | 2300 c0f2 | e803 78b2 | e90f 7cb2 | 0401 899a | 6a68 64f8 | 4a05 0091 
  0x000000010fdfe490: 6a68 24f8 | e02f 0054 

  0x000000010fdfe498: ;   {metadata('kotlin/Result$Failure')}
  0x000000010fdfe498: 0316 9ed2 | 0321 a0f2 | 031b c0f2 | e203 00aa | 80df 40f9 | 0b40 0091 | 88e7 40f9 | 7f01 08eb 
  0x000000010fdfe4b8: c894 0054 | 8bdf 00f9 | ea03 40b2 | 0a00 00f9 | ea03 032a | 0a7c 0129 | bf3a 03d5 | e103 00aa 
  0x000000010fdfe4d8: ;   {metadata(method data for {method} {0x00000001295246b8} 'createFailure' '(Ljava/lang/Throwable;)Ljava/lang/Object;' in 'kotlin/ResultKt')}
  0x000000010fdfe4d8: 036b 81d2 | 035d a5f2 | 2300 c0f2 | 6880 40f9 | 0805 0091 | 6880 00f9 

  0x000000010fdfe4f0: ;   {metadata(method data for {method} {0x000000012950d528} '<init>' '(Ljava/lang/Throwable;)V' in 'kotlin/Result$Failure')}
  0x000000010fdfe4f0: 015a 82d2 | 015d a5f2 | 2100 c0f2 | 23ac 40b9 | 6308 0011 | 23ac 00b9 | 634c 1f12 | 7f00 0071 
  0x000000010fdfe510: 4092 0054 

  0x000000010fdfe514: ;   {metadata(method data for {method} {0x000000012950d528} '<init>' '(Ljava/lang/Throwable;)V' in 'kotlin/Result$Failure')}
  0x000000010fdfe514: 015a 82d2 | 015d a5f2 | 2100 c0f2 | 2878 40f9 | 0805 0091 | 2878 00f9 

  0x000000010fdfe52c: ;   {metadata(method data for {method} {0x000000012941aec8} 'checkNotNullParameter' '(Ljava/lang/Object;Ljava/lang/String;)V' in 'kotlin/jvm/internal/Intrinsics')}
  0x000000010fdfe52c: 01d6 8cd2 | c12b a5f2 | 2100 c0f2 | 23ac 40b9 | 6308 0011 | 23ac 00b9 | 634c 1f12 | 7f00 0071 
  0x000000010fdfe54c: 6091 0054 | e103 1faa | 5f00 01eb 

  0x000000010fdfe558: ;   {metadata(method data for {method} {0x000000012941aec8} 'checkNotNullParameter' '(Ljava/lang/Object;Ljava/lang/String;)V' in 'kotlin/jvm/internal/Intrinsics')}
  0x000000010fdfe558: 01d6 8cd2 | c12b a5f2 | 2100 c0f2 | e803 78b2 | e90f 7cb2 | 0301 899a | 2468 63f8 | 8404 0091 
  0x000000010fdfe578: 2468 23f8 | 6018 0054 | e103 00aa 

  0x000000010fdfe584: ;   {metadata(method data for {method} {0x000000012950d528} '<init>' '(Ljava/lang/Throwable;)V' in 'kotlin/Result$Failure')}
  0x000000010fdfe584: 035a 82d2 | 035d a5f2 | 2300 c0f2 | 6880 40f9 | 0805 0091 | 6880 00f9 

  0x000000010fdfe59c: ;   {metadata(method data for {method} {0x000000d800473798} '<init>' '()V' in 'java/lang/Object')}
  0x000000010fdfe59c: 01ea 94d2 | 0120 a5f2 | 2100 c0f2 | 23ac 40b9 | 6308 0011 | 23ac 00b9 | 634c 1f12 | 7f00 0071 
  0x000000010fdfe5bc: e08e 0054 | 8103 4139 | 3f00 0071 | 818f 0054 | 48fc 43d3 | 080c 00b9 | 0100 02ca | 21fc 56d3 
  0x000000010fdfe5dc: 3f00 00f1 | 818f 0054 | bf3a 03d5 

  0x000000010fdfe5e8: ;   {metadata(method data for {method} {0x00000001294d8768} 'resumeWith' '(Ljava/lang/Object;)V' in 'kotlin/coroutines/jvm/internal/BaseContinuationImpl')}
  0x000000010fdfe5e8: 013f 9dd2 | e15c a5f2 | 2100 c0f2 | 2810 41f9 | 0805 0091 | 2810 01f9 

  0x000000010fdfe600: ;   {metadata(method data for {method} {0x000000012950e590} 'constructor-impl' '(Ljava/lang/Object;)Ljava/lang/Object;' in 'kotlin/Result')}
  0x000000010fdfe600: 01d3 9ed2 | 6153 a5f2 | 2100 c0f2 | 22ac 40b9 | 4208 0011 | 22ac 00b9 | 424c 1f12 | 5f00 0071 
  0x000000010fdfe620: 008e 0054 | e05f 00f9 | e157 40f9 

  0x000000010fdfe62c: ;   {metadata(method data for {method} {0x00000001294d8768} 'resumeWith' '(Ljava/lang/Object;)V' in 'kotlin/coroutines/jvm/internal/BaseContinuationImpl')}
  0x000000010fdfe62c: 023f 9dd2 | e25c a5f2 | 2200 c0f2 | 2108 40b9 | 011b c0f2 | 4900 0991 | 2801 40f9 | 3f00 08eb 
  0x000000010fdfe64c: a100 0054 | 4824 41f9 | 0805 0091 | 4824 01f9 | 1c00 0014 | 4940 0991 | 2801 40f9 | 3f00 08eb 
  0x000000010fdfe66c: a100 0054 | 482c 41f9 | 0805 0091 | 482c 01f9 | 1400 0014 | 4900 0991 | 2801 40f9 | c800 00b5 
  0x000000010fdfe68c: 2101 00f9 | e803 40b2 | 4920 0991 | 2801 00f9 | 0c00 0014 | 4940 0991 | 2801 40f9 | c800 00b5 
  0x000000010fdfe6ac: 2101 00f9 | e803 40b2 | 4960 0991 | 2801 00f9 | 0400 0014 | 4818 41f9 | 0805 0091 | 4818 01f9 
  0x000000010fdfe6cc: e157 40f9 | e9ff 9fd2 | e9ff bff2 | e9ff dff2 

  0x000000010fdfe6dc: ; ImmutableOopMap {[176]=Oop [184]=Oop }
                      ;*invokevirtual releaseIntercepted {reexecute=0 rethrow=0 return_oop=0}
                      ; - kotlin.coroutines.jvm.internal.BaseContinuationImpl::resumeWith@90 (line 40)
                      ;   {virtual_call}
  0x000000010fdfe6dc: 35ae c095 

  0x000000010fdfe6e0: ;   {other}
  0x000000010fdfe6e0: 1f20 03d5 | 1fba 81f2 | 1f20 80f2 | e35b 40f9 | 0301 00b5 

  0x000000010fdfe6f4: ;   {metadata(method data for {method} {0x00000001294d8768} 'resumeWith' '(Ljava/lang/Object;)V' in 'kotlin/coroutines/jvm/internal/BaseContinuationImpl')}
  0x000000010fdfe6f4: 0b3f 9dd2 | eb5c a5f2 | 2b00 c0f2 | 6885 4939 | 0801 40b2 | 6885 0939 | 3700 0014 

  0x000000010fdfe710: ;   {metadata('kotlin/coroutines/jvm/internal/BaseContinuationImpl')}
  0x000000010fdfe710: 0a0f 87d2 | 0a21 a0f2 | 0a1b c0f2 | 6b08 40b9 | 0b1b c0f2 | 681d 40f9 | 5f01 08eb | e104 0054 
  0x000000010fdfe730: ;   {metadata(method data for {method} {0x00000001294d8768} 'resumeWith' '(Ljava/lang/Object;)V' in 'kotlin/coroutines/jvm/internal/BaseContinuationImpl')}
  0x000000010fdfe730: 0b3f 9dd2 | eb5c a5f2 | 2b00 c0f2 | 6a08 40b9 | 0a1b c0f2 | 69e1 0991 | 2801 40f9 | 5f01 08eb 
  0x000000010fdfe750: a100 0054 | 6841 41f9 | 0805 0091 | 6841 01f9 | 2400 0014 | 6921 0a91 | 2801 40f9 | 5f01 08eb 
  0x000000010fdfe770: a100 0054 | 6849 41f9 | 0805 0091 | 6849 01f9 | 1c00 0014 | 69e1 0991 | 2801 40f9 | c800 00b5 
  0x000000010fdfe790: 2a01 00f9 | e803 40b2 | 6901 0a91 | 2801 00f9 | 1400 0014 | 6921 0a91 | 2801 40f9 | c800 00b5 
  0x000000010fdfe7b0: 2a01 00f9 | e803 40b2 | 6941 0a91 | 2801 00f9 | 0c00 0014 | 0b00 0014 

  0x000000010fdfe7c8: ;   {metadata(method data for {method} {0x00000001294d8768} 'resumeWith' '(Ljava/lang/Object;)V' in 'kotlin/coroutines/jvm/internal/BaseContinuationImpl')}
  0x000000010fdfe7c8: 0b3f 9dd2 | eb5c a5f2 | 2b00 c0f2 | 6835 41f9 | 0805 00d1 | 6835 01f9 | 0200 0014 | 0300 0014 
  0x000000010fdfe7e8: e003 1faa | 0200 0014 | e003 40b2 | 1f00 0071 

  0x000000010fdfe7f8: ;   {metadata(method data for {method} {0x00000001294d8768} 'resumeWith' '(Ljava/lang/Object;)V' in 'kotlin/coroutines/jvm/internal/BaseContinuationImpl')}
  0x000000010fdfe7f8: 003f 9dd2 | e05c a5f2 | 2000 c0f2 | 0854 80d2 | 0956 80d2 | 0401 899a | 0a68 64f8 | 4a05 0091 
  0x000000010fdfe818: 0a68 24f8 | 0043 0054 

  0x000000010fdfe820: ;   {metadata(method data for {method} {0x00000001294d8768} 'resumeWith' '(Ljava/lang/Object;)V' in 'kotlin/coroutines/jvm/internal/BaseContinuationImpl')}
  0x000000010fdfe820: 003f 9dd2 | e05c a5f2 | 2000 c0f2 | 0460 41f9 | 8404 0091 | 0460 01f9 

  0x000000010fdfe838: ;   {metadata(method data for {method} {0x00000001294d8768} 'resumeWith' '(Ljava/lang/Object;)V' in 'kotlin/coroutines/jvm/internal/BaseContinuationImpl')}
  0x000000010fdfe838: 003f 9dd2 | e05c a5f2 | 2000 c0f2 | 04b0 40b9 | 8408 0011 | 04b0 00b9 | 8430 1f12 | 9f00 0071 
  0x000000010fdfe858: 407d 0054 

  0x000000010fdfe85c: ; ImmutableOopMap {c_rarg3=Oop [176]=Oop [184]=Oop }
                      ;*goto {reexecute=1 rethrow=0 return_oop=0}
                      ; - (reexecute) kotlin.coroutines.jvm.internal.BaseContinuationImpl::resumeWith@121 (line 30)
  0x000000010fdfe85c: 882f 42f9 

  0x000000010fdfe860: ;   {poll}
  0x000000010fdfe860: 1f01 40b9 

  0x000000010fdfe864: ;   {metadata(method data for {method} {0x00000001294d8768} 'resumeWith' '(Ljava/lang/Object;)V' in 'kotlin/coroutines/jvm/internal/BaseContinuationImpl')}
  0x000000010fdfe864: 003f 9dd2 | e05c a5f2 | 2000 c0f2 | 0488 41f9 | 8404 0091 | 0488 01f9 | e25f 40f9 | e103 03aa 
  0x000000010fdfe884: a7fd ff17 | e08b 0ca9 

  0x000000010fdfe88c: ;   {metadata(method data for {method} {0x000000012941aec8} 'checkNotNullParameter' '(Ljava/lang/Object;Ljava/lang/String;)V' in 'kotlin/jvm/internal/Intrinsics')}
  0x000000010fdfe88c: 04d6 8cd2 | c42b a5f2 | 2400 c0f2 | 8888 40f9 | 0805 0091 | 8888 00f9 

  0x000000010fdfe8a4: ;   {metadata(method data for {method} {0x000000012941b048} 'throwParameterIsNullNPE' '(Ljava/lang/String;)V' in 'kotlin/jvm/internal/Intrinsics')}
  0x000000010fdfe8a4: 0403 8dd2 | c42b a5f2 | 2400 c0f2 | 8aac 40b9 | 4a09 0011 | 8aac 00b9 | 4a4d 1f12 | 5f01 0071 
  0x000000010fdfe8c4: e07a 0054 

  0x000000010fdfe8c8: ; ImmutableOopMap {[168]=Oop [176]=Oop [200]=Oop [208]=Oop }
                      ;*new {reexecute=0 rethrow=0 return_oop=0}
                      ; - kotlin.jvm.internal.Intrinsics::throwParameterIsNullNPE@0 (line 140)
                      ; - kotlin.jvm.internal.Intrinsics::checkNotNullParameter@5 (line 131)
                      ; - kotlin.Result$Failure::<init>@3
                      ; - kotlin.ResultKt::createFailure@11 (line 122)
                      ; - kotlin.coroutines.jvm.internal.BaseContinuationImpl::resumeWith@76 (line 38)
                      ;   {runtime_call load_mirror_patching Runtime1 stub}
  0x000000010fdfe8c8: ce44 c095 | 80df 40f9 | 0bc0 0091 | 88e7 40f9 | 7f01 08eb | 287b 0054 | 8bdf 00f9 | ea03 40b2 
  0x000000010fdfe8e8: 0a00 00f9 | ea03 032a | 0a7c 0129 | 0a40 0091 | 5f7d 00a9 | 5f7d 01a9 | bf3a 03d5 

  0x000000010fdfe904: ;   {metadata(method data for {method} {0x000000012941b048} 'throwParameterIsNullNPE' '(Ljava/lang/String;)V' in 'kotlin/jvm/internal/Intrinsics')}
  0x000000010fdfe904: 0103 8dd2 | c12b a5f2 | 2100 c0f2 | 2878 40f9 | 0805 0091 | 2878 00f9 

  0x000000010fdfe91c: ;   {oop("exception"{0x0000000480a08a28})}
  0x000000010fdfe91c: 0145 91d2 | 0114 b0f2 | 8100 c0f2 | e063 00f9 

  0x000000010fdfe92c: ; ImmutableOopMap {[168]=Oop [176]=Oop [192]=Oop [200]=Oop [208]=Oop }
                      ;*invokestatic createParameterIsNullExceptionMessage {reexecute=0 rethrow=0 return_oop=0}
                      ; - kotlin.jvm.internal.Intrinsics::throwParameterIsNullNPE@5 (line 140)
                      ; - kotlin.jvm.internal.Intrinsics::checkNotNullParameter@5 (line 131)
                      ; - kotlin.Result$Failure::<init>@3
                      ; - kotlin.ResultKt::createFailure@11 (line 122)
                      ; - kotlin.coroutines.jvm.internal.BaseContinuationImpl::resumeWith@76 (line 38)
                      ;   {static_call}
  0x000000010fdfe92c: 95d7 bc95 

  0x000000010fdfe930: ;   {other}
  0x000000010fdfe930: 1f20 03d5 | 1f04 82f2 | 1f80 80f2 | e263 40f9 

  0x000000010fdfe940: ;   {metadata(method data for {method} {0x000000012941b048} 'throwParameterIsNullNPE' '(Ljava/lang/String;)V' in 'kotlin/jvm/internal/Intrinsics')}
  0x000000010fdfe940: 0103 8dd2 | c12b a5f2 | 2100 c0f2 | 2880 40f9 | 0805 0091 | 2880 00f9 | e203 00aa | e163 40f9 
  0x000000010fdfe960: ; ImmutableOopMap {[168]=Oop [176]=Oop [192]=Oop [200]=Oop [208]=Oop }
                      ;*invokespecial <init> {reexecute=0 rethrow=0 return_oop=0}
                      ; - kotlin.jvm.internal.Intrinsics::throwParameterIsNullNPE@8 (line 140)
                      ; - kotlin.jvm.internal.Intrinsics::checkNotNullParameter@5 (line 131)
                      ; - kotlin.Result$Failure::<init>@3
                      ; - kotlin.ResultKt::createFailure@11 (line 122)
                      ; - kotlin.coroutines.jvm.internal.BaseContinuationImpl::resumeWith@76 (line 38)
                      ;   {optimized virtual_call}
  0x000000010fdfe960: 08d6 bc95 

  0x000000010fdfe964: ;   {other}
  0x000000010fdfe964: 1f20 03d5 | 9f0a 82f2 | 1fa0 80f2 

  0x000000010fdfe970: ;   {metadata(method data for {method} {0x000000012941b048} 'throwParameterIsNullNPE' '(Ljava/lang/String;)V' in 'kotlin/jvm/internal/Intrinsics')}
  0x000000010fdfe970: 0103 8dd2 | c12b a5f2 | 2100 c0f2 | 2888 40f9 | 0805 0091 | 2888 00f9 

  0x000000010fdfe988: ;   {metadata(method data for {method} {0x000000012941c0c0} 'sanitizeStackTrace' '(Ljava/lang/Throwable;)Ljava/lang/Throwable;' in 'kotlin/jvm/internal/Intrinsics')}
  0x000000010fdfe988: 01d7 8dd2 | c12b a5f2 | 2100 c0f2 | 20ac 40b9 | 0008 0011 | 20ac 00b9 | 004c 1f12 | 1f00 0071 
  0x000000010fdfe9a8: 0075 0054 

  0x000000010fdfe9ac: ;   {oop(a 'java/lang/Class'{0x00000004803b59e8} = 'kotlin/jvm/internal/Intrinsics')}
  0x000000010fdfe9ac: 013d 8bd2 | 6107 b0f2 | 8100 c0f2 | e003 01aa 

  0x000000010fdfe9bc: ;   {metadata(method data for {method} {0x000000012941c0c0} 'sanitizeStackTrace' '(Ljava/lang/Throwable;)Ljava/lang/Throwable;' in 'kotlin/jvm/internal/Intrinsics')}
  0x000000010fdfe9bc: 02d7 8dd2 | c22b a5f2 | 2200 c0f2 | 4878 40f9 | 0805 0091 | 4878 00f9 

  0x000000010fdfe9d4: ;   {metadata(method data for {method} {0x000000d8004684b0} 'getName' '()Ljava/lang/String;' in 'java/lang/Class')}
  0x000000010fdfe9d4: 002f 95d2 | 6020 a5f2 | 2000 c0f2 | 02ac 40b9 | 4208 0011 | 02ac 00b9 | 424c 1f12 | 5f00 0071 
  0x000000010fdfe9f4: a073 0054 

  0x000000010fdfe9f8: ; implicit exception: dispatches to 0x000000010fdff888
  0x000000010fdfe9f8: 212c 40b9 | 21f0 7dd3 | e003 1faa | 3f00 00eb 

  0x000000010fdfea08: ;   {metadata(method data for {method} {0x000000d8004684b0} 'getName' '()Ljava/lang/String;' in 'java/lang/Class')}
  0x000000010fdfea08: 002f 95d2 | 6020 a5f2 | 2000 c0f2 | e80f 7cb2 | e903 78b2 | 0201 899a | 0368 62f8 | 6304 0091 
  0x000000010fdfea28: 0368 22f8 | 2001 0054 

  0x000000010fdfea30: ;   {metadata(method data for {method} {0x000000d8004684b0} 'getName' '()Ljava/lang/String;' in 'java/lang/Class')}
  0x000000010fdfea30: 002f 95d2 | 6020 a5f2 | 2000 c0f2 | 0288 40f9 | 4204 0091 | 0288 00f9 | e003 01aa | 0f00 0014 
  0x000000010fdfea50: ;   {oop(a 'java/lang/Class'{0x00000004803b59e8} = 'kotlin/jvm/internal/Intrinsics')}
  0x000000010fdfea50: 013d 8bd2 | 6107 b0f2 | 8100 c0f2 | e003 01aa 

  0x000000010fdfea60: ;   {metadata(method data for {method} {0x000000d8004684b0} 'getName' '()Ljava/lang/String;' in 'java/lang/Class')}
  0x000000010fdfea60: 022f 95d2 | 6220 a5f2 | 2200 c0f2 | 4894 40f9 | 0805 0091 | 4894 00f9 

  0x000000010fdfea78: ; ImmutableOopMap {[168]=Oop [176]=Oop [192]=Oop [200]=Oop [208]=Oop }
                      ;*invokevirtual initClassName {reexecute=0 rethrow=0 return_oop=0}
                      ; - java.lang.Class::getName@14 (line 950)
                      ; - kotlin.jvm.internal.Intrinsics::sanitizeStackTrace@3 (line 253)
                      ; - kotlin.jvm.internal.Intrinsics::throwParameterIsNullNPE@11 (line 140)
                      ; - kotlin.jvm.internal.Intrinsics::checkNotNullParameter@5 (line 131)
                      ; - kotlin.Result$Failure::<init>@3
                      ; - kotlin.ResultKt::createFailure@11 (line 122)
                      ; - kotlin.coroutines.jvm.internal.BaseContinuationImpl::resumeWith@76 (line 38)
                      ;   {optimized virtual_call}
  0x000000010fdfea78: c2d5 bc95 

  0x000000010fdfea7c: ;   {other}
  0x000000010fdfea7c: 1f20 03d5 | 9f2d 82f2 | 1fc0 80f2 | e163 40f9 | 9f02 0014 | e06b 00f9 

  0x000000010fdfea94: ;   {metadata(method data for {method} {0x000000012941aec8} 'checkNotNullParameter' '(Ljava/lang/Object;Ljava/lang/String;)V' in 'kotlin/jvm/internal/Intrinsics')}
  0x000000010fdfea94: 03d6 8cd2 | c32b a5f2 | 2300 c0f2 | 6888 40f9 | 0805 0091 | 6888 00f9 

  0x000000010fdfeaac: ;   {metadata(method data for {method} {0x000000012941b048} 'throwParameterIsNullNPE' '(Ljava/lang/String;)V' in 'kotlin/jvm/internal/Intrinsics')}
  0x000000010fdfeaac: 0303 8dd2 | c32b a5f2 | 2300 c0f2 | 60ac 40b9 | 0008 0011 | 60ac 00b9 | 004c 1f12 | 1f00 0071 
  0x000000010fdfeacc: 006e 0054 

  0x000000010fdfead0: ; ImmutableOopMap {[168]=Oop [176]=Oop [208]=Oop }
                      ;*new {reexecute=0 rethrow=0 return_oop=0}
                      ; - kotlin.jvm.internal.Intrinsics::throwParameterIsNullNPE@0 (line 140)
                      ; - kotlin.jvm.internal.Intrinsics::checkNotNullParameter@5 (line 131)
                      ; - kotlin.ResultKt::createFailure@3
                      ; - kotlin.coroutines.jvm.internal.BaseContinuationImpl::resumeWith@76 (line 38)
                      ;   {runtime_call load_mirror_patching Runtime1 stub}
  0x000000010fdfead0: 4c44 c095 | 80df 40f9 | 0bc0 0091 | 88e7 40f9 | 7f01 08eb | 486e 0054 | 8bdf 00f9 | ea03 40b2 
  0x000000010fdfeaf0: 0a00 00f9 | ea03 032a | 0a7c 0129 | 0a40 0091 | 5f7d 00a9 | 5f7d 01a9 | bf3a 03d5 

  0x000000010fdfeb0c: ;   {metadata(method data for {method} {0x000000012941b048} 'throwParameterIsNullNPE' '(Ljava/lang/String;)V' in 'kotlin/jvm/internal/Intrinsics')}
  0x000000010fdfeb0c: 0103 8dd2 | c12b a5f2 | 2100 c0f2 | 2878 40f9 | 0805 0091 | 2878 00f9 

  0x000000010fdfeb24: ;   {oop("exception"{0x0000000480a08a28})}
  0x000000010fdfeb24: 0145 91d2 | 0114 b0f2 | 8100 c0f2 | e06f 00f9 

  0x000000010fdfeb34: ; ImmutableOopMap {[168]=Oop [176]=Oop [208]=Oop [216]=Oop }
                      ;*invokestatic createParameterIsNullExceptionMessage {reexecute=0 rethrow=0 return_oop=0}
                      ; - kotlin.jvm.internal.Intrinsics::throwParameterIsNullNPE@5 (line 140)
                      ; - kotlin.jvm.internal.Intrinsics::checkNotNullParameter@5 (line 131)
                      ; - kotlin.ResultKt::createFailure@3
                      ; - kotlin.coroutines.jvm.internal.BaseContinuationImpl::resumeWith@76 (line 38)
                      ;   {static_call}
  0x000000010fdfeb34: 13d7 bc95 

  0x000000010fdfeb38: ;   {other}
  0x000000010fdfeb38: 1f20 03d5 | 1f45 82f2 | 1f00 81f2 | e26f 40f9 

  0x000000010fdfeb48: ;   {metadata(method data for {method} {0x000000012941b048} 'throwParameterIsNullNPE' '(Ljava/lang/String;)V' in 'kotlin/jvm/internal/Intrinsics')}
  0x000000010fdfeb48: 0103 8dd2 | c12b a5f2 | 2100 c0f2 | 2880 40f9 | 0805 0091 | 2880 00f9 | e203 00aa | e16f 40f9 
  0x000000010fdfeb68: ; ImmutableOopMap {[168]=Oop [176]=Oop [208]=Oop [216]=Oop }
                      ;*invokespecial <init> {reexecute=0 rethrow=0 return_oop=0}
                      ; - kotlin.jvm.internal.Intrinsics::throwParameterIsNullNPE@8 (line 140)
                      ; - kotlin.jvm.internal.Intrinsics::checkNotNullParameter@5 (line 131)
                      ; - kotlin.ResultKt::createFailure@3
                      ; - kotlin.coroutines.jvm.internal.BaseContinuationImpl::resumeWith@76 (line 38)
                      ;   {optimized virtual_call}
  0x000000010fdfeb68: 86d5 bc95 

  0x000000010fdfeb6c: ;   {other}
  0x000000010fdfeb6c: 1f20 03d5 | 9f4b 82f2 | 1f20 81f2 

  0x000000010fdfeb78: ;   {metadata(method data for {method} {0x000000012941b048} 'throwParameterIsNullNPE' '(Ljava/lang/String;)V' in 'kotlin/jvm/internal/Intrinsics')}
  0x000000010fdfeb78: 0103 8dd2 | c12b a5f2 | 2100 c0f2 | 2888 40f9 | 0805 0091 | 2888 00f9 

  0x000000010fdfeb90: ;   {metadata(method data for {method} {0x000000012941c0c0} 'sanitizeStackTrace' '(Ljava/lang/Throwable;)Ljava/lang/Throwable;' in 'kotlin/jvm/internal/Intrinsics')}
  0x000000010fdfeb90: 01d7 8dd2 | c12b a5f2 | 2100 c0f2 | 20ac 40b9 | 0008 0011 | 20ac 00b9 | 004c 1f12 | 1f00 0071 
  0x000000010fdfebb0: 2068 0054 

  0x000000010fdfebb4: ;   {oop(a 'java/lang/Class'{0x00000004803b59e8} = 'kotlin/jvm/internal/Intrinsics')}
  0x000000010fdfebb4: 013d 8bd2 | 6107 b0f2 | 8100 c0f2 | e003 01aa 

  0x000000010fdfebc4: ;   {metadata(method data for {method} {0x000000012941c0c0} 'sanitizeStackTrace' '(Ljava/lang/Throwable;)Ljava/lang/Throwable;' in 'kotlin/jvm/internal/Intrinsics')}
  0x000000010fdfebc4: 02d7 8dd2 | c22b a5f2 | 2200 c0f2 | 4878 40f9 | 0805 0091 | 4878 00f9 

  0x000000010fdfebdc: ;   {metadata(method data for {method} {0x000000d8004684b0} 'getName' '()Ljava/lang/String;' in 'java/lang/Class')}
  0x000000010fdfebdc: 002f 95d2 | 6020 a5f2 | 2000 c0f2 | 02ac 40b9 | 4208 0011 | 02ac 00b9 | 424c 1f12 | 5f00 0071 
  0x000000010fdfebfc: c066 0054 

  0x000000010fdfec00: ; implicit exception: dispatches to 0x000000010fdff8f4
  0x000000010fdfec00: 212c 40b9 | 21f0 7dd3 | e003 1faa | 3f00 00eb 

  0x000000010fdfec10: ;   {metadata(method data for {method} {0x000000d8004684b0} 'getName' '()Ljava/lang/String;' in 'java/lang/Class')}
  0x000000010fdfec10: 002f 95d2 | 6020 a5f2 | 2000 c0f2 | e80f 7cb2 | e903 78b2 | 0201 899a | 0368 62f8 | 6304 0091 
  0x000000010fdfec30: 0368 22f8 | 2001 0054 

  0x000000010fdfec38: ;   {metadata(method data for {method} {0x000000d8004684b0} 'getName' '()Ljava/lang/String;' in 'java/lang/Class')}
  0x000000010fdfec38: 002f 95d2 | 6020 a5f2 | 2000 c0f2 | 0288 40f9 | 4204 0091 | 0288 00f9 | e003 01aa | 0f00 0014 
  0x000000010fdfec58: ;   {oop(a 'java/lang/Class'{0x00000004803b59e8} = 'kotlin/jvm/internal/Intrinsics')}
  0x000000010fdfec58: 013d 8bd2 | 6107 b0f2 | 8100 c0f2 | e003 01aa 

  0x000000010fdfec68: ;   {metadata(method data for {method} {0x000000d8004684b0} 'getName' '()Ljava/lang/String;' in 'java/lang/Class')}
  0x000000010fdfec68: 022f 95d2 | 6220 a5f2 | 2200 c0f2 | 4894 40f9 | 0805 0091 | 4894 00f9 

  0x000000010fdfec80: ; ImmutableOopMap {[168]=Oop [176]=Oop [208]=Oop [216]=Oop }
                      ;*invokevirtual initClassName {reexecute=0 rethrow=0 return_oop=0}
                      ; - java.lang.Class::getName@14 (line 950)
                      ; - kotlin.jvm.internal.Intrinsics::sanitizeStackTrace@3 (line 253)
                      ; - kotlin.jvm.internal.Intrinsics::throwParameterIsNullNPE@11 (line 140)
                      ; - kotlin.jvm.internal.Intrinsics::checkNotNullParameter@5 (line 131)
                      ; - kotlin.ResultKt::createFailure@3
                      ; - kotlin.coroutines.jvm.internal.BaseContinuationImpl::resumeWith@76 (line 38)
                      ;   {optimized virtual_call}
  0x000000010fdfec80: 40d5 bc95 

  0x000000010fdfec84: ;   {other}
  0x000000010fdfec84: 1f20 03d5 | 9f6e 82f2 | 1f40 81f2 | e16f 40f9 | d201 0014 | e057 00f9 | e277 00f9 

  0x000000010fdfeca0: ;   {metadata(method data for {method} {0x0000000129419e80} 'checkNotNull' '(Ljava/lang/Object;)V' in 'kotlin/jvm/internal/Intrinsics')}
  0x000000010fdfeca0: 0389 8cd2 | c345 a5f2 | 2300 c0f2 | 6888 40f9 | 0805 0091 | 6888 00f9 

  0x000000010fdfecb8: ;   {metadata(method data for {method} {0x000000012941a168} 'throwJavaNpe' '()V' in 'kotlin/jvm/internal/Intrinsics')}
  0x000000010fdfecb8: 03bb 8cd2 | c345 a5f2 | 2300 c0f2 | 60ac 40b9 | 0008 0011 | 60ac 00b9 | 004c 1f12 | 1f00 0071 
  0x000000010fdfecd8: 0061 0054 

  0x000000010fdfecdc: ; ImmutableOopMap {[168]=Oop [176]=Oop [232]=Oop }
                      ;*new {reexecute=0 rethrow=0 return_oop=0}
                      ; - kotlin.jvm.internal.Intrinsics::throwJavaNpe@0 (line 45)
                      ; - kotlin.jvm.internal.Intrinsics::checkNotNull@4 (line 25)
                      ; - kotlin.coroutines.jvm.internal.BaseContinuationImpl::resumeWith@31 (line 31)
                      ;   {runtime_call load_mirror_patching Runtime1 stub}
  0x000000010fdfecdc: c943 c095 | 80df 40f9 | 0bc0 0091 | 88e7 40f9 | 7f01 08eb | 4861 0054 | 8bdf 00f9 | ea03 40b2 
  0x000000010fdfecfc: 0a00 00f9 | ea03 032a | 0a7c 0129 | 0a40 0091 | 5f7d 00a9 | 5f7d 01a9 | bf3a 03d5 | e103 00aa 
  0x000000010fdfed1c: ;   {metadata(method data for {method} {0x000000012941a168} 'throwJavaNpe' '()V' in 'kotlin/jvm/internal/Intrinsics')}
  0x000000010fdfed1c: 03bb 8cd2 | c345 a5f2 | 2300 c0f2 | 6878 40f9 | 0805 0091 | 6878 00f9 | e103 00aa | e073 00f9 
  0x000000010fdfed3c: ; ImmutableOopMap {[168]=Oop [176]=Oop [224]=Oop [232]=Oop }
                      ;*invokespecial <init> {reexecute=0 rethrow=0 return_oop=0}
                      ; - kotlin.jvm.internal.Intrinsics::throwJavaNpe@4 (line 45)
                      ; - kotlin.jvm.internal.Intrinsics::checkNotNull@4 (line 25)
                      ; - kotlin.coroutines.jvm.internal.BaseContinuationImpl::resumeWith@31 (line 31)
                      ;   {optimized virtual_call}
  0x000000010fdfed3c: 11d5 bc95 

  0x000000010fdfed40: ;   {other}
  0x000000010fdfed40: 1f20 03d5 | 1f86 82f2 | 1f80 81f2 

  0x000000010fdfed4c: ;   {metadata(method data for {method} {0x000000012941a168} 'throwJavaNpe' '()V' in 'kotlin/jvm/internal/Intrinsics')}
  0x000000010fdfed4c: 01bb 8cd2 | c145 a5f2 | 2100 c0f2 | 2880 40f9 | 0805 0091 | 2880 00f9 

  0x000000010fdfed64: ;   {metadata(method data for {method} {0x000000012941c0c0} 'sanitizeStackTrace' '(Ljava/lang/Throwable;)Ljava/lang/Throwable;' in 'kotlin/jvm/internal/Intrinsics')}
  0x000000010fdfed64: 01d7 8dd2 | c12b a5f2 | 2100 c0f2 | 20ac 40b9 | 0008 0011 | 20ac 00b9 | 004c 1f12 | 1f00 0071 
  0x000000010fdfed84: e05c 0054 

  0x000000010fdfed88: ;   {oop(a 'java/lang/Class'{0x00000004803b59e8} = 'kotlin/jvm/internal/Intrinsics')}
  0x000000010fdfed88: 013d 8bd2 | 6107 b0f2 | 8100 c0f2 | e003 01aa 

  0x000000010fdfed98: ;   {metadata(method data for {method} {0x000000012941c0c0} 'sanitizeStackTrace' '(Ljava/lang/Throwable;)Ljava/lang/Throwable;' in 'kotlin/jvm/internal/Intrinsics')}
  0x000000010fdfed98: 02d7 8dd2 | c22b a5f2 | 2200 c0f2 | 4878 40f9 | 0805 0091 | 4878 00f9 

  0x000000010fdfedb0: ;   {metadata(method data for {method} {0x000000d8004684b0} 'getName' '()Ljava/lang/String;' in 'java/lang/Class')}
  0x000000010fdfedb0: 002f 95d2 | 6020 a5f2 | 2000 c0f2 | 02ac 40b9 | 4208 0011 | 02ac 00b9 | 424c 1f12 | 5f00 0071 
  0x000000010fdfedd0: 805b 0054 

  0x000000010fdfedd4: ; implicit exception: dispatches to 0x000000010fdff960
  0x000000010fdfedd4: 212c 40b9 | 21f0 7dd3 | e003 1faa | 3f00 00eb 

  0x000000010fdfede4: ;   {metadata(method data for {method} {0x000000d8004684b0} 'getName' '()Ljava/lang/String;' in 'java/lang/Class')}
  0x000000010fdfede4: 002f 95d2 | 6020 a5f2 | 2000 c0f2 | e80f 7cb2 | e903 78b2 | 0201 899a | 0368 62f8 | 6304 0091 
  0x000000010fdfee04: 0368 22f8 | 2001 0054 

  0x000000010fdfee0c: ;   {metadata(method data for {method} {0x000000d8004684b0} 'getName' '()Ljava/lang/String;' in 'java/lang/Class')}
  0x000000010fdfee0c: 002f 95d2 | 6020 a5f2 | 2000 c0f2 | 0288 40f9 | 4204 0091 | 0288 00f9 | e003 01aa | 0f00 0014 
  0x000000010fdfee2c: ;   {oop(a 'java/lang/Class'{0x00000004803b59e8} = 'kotlin/jvm/internal/Intrinsics')}
  0x000000010fdfee2c: 013d 8bd2 | 6107 b0f2 | 8100 c0f2 | e003 01aa 

  0x000000010fdfee3c: ;   {metadata(method data for {method} {0x000000d8004684b0} 'getName' '()Ljava/lang/String;' in 'java/lang/Class')}
  0x000000010fdfee3c: 022f 95d2 | 6220 a5f2 | 2200 c0f2 | 4894 40f9 | 0805 0091 | 4894 00f9 

  0x000000010fdfee54: ; ImmutableOopMap {[168]=Oop [176]=Oop [224]=Oop [232]=Oop }
                      ;*invokevirtual initClassName {reexecute=0 rethrow=0 return_oop=0}
                      ; - java.lang.Class::getName@14 (line 950)
                      ; - kotlin.jvm.internal.Intrinsics::sanitizeStackTrace@3 (line 253)
                      ; - kotlin.jvm.internal.Intrinsics::throwJavaNpe@7 (line 45)
                      ; - kotlin.jvm.internal.Intrinsics::checkNotNull@4 (line 25)
                      ; - kotlin.coroutines.jvm.internal.BaseContinuationImpl::resumeWith@31 (line 31)
                      ;   {optimized virtual_call}
  0x000000010fdfee54: cbd4 bc95 

  0x000000010fdfee58: ;   {other}
  0x000000010fdfee58: 1f20 03d5 | 1fa9 82f2 | 1fa0 81f2 | e173 40f9 | 1101 0014 | e277 00f9 | e17f 00f9 

  0x000000010fdfee74: ;   {metadata(method data for {method} {0x000000012941aec8} 'checkNotNullParameter' '(Ljava/lang/Object;Ljava/lang/String;)V' in 'kotlin/jvm/internal/Intrinsics')}
  0x000000010fdfee74: 03d6 8cd2 | c32b a5f2 | 2300 c0f2 | 6888 40f9 | 0805 0091 | 6888 00f9 

  0x000000010fdfee8c: ;   {metadata(method data for {method} {0x000000012941b048} 'throwParameterIsNullNPE' '(Ljava/lang/String;)V' in 'kotlin/jvm/internal/Intrinsics')}
  0x000000010fdfee8c: 0303 8dd2 | c32b a5f2 | 2300 c0f2 | 60ac 40b9 | 0008 0011 | 60ac 00b9 | 004c 1f12 | 1f00 0071 
  0x000000010fdfeeac: c055 0054 

  0x000000010fdfeeb0: ; ImmutableOopMap {[232]=Oop [248]=Oop }
                      ;*new {reexecute=0 rethrow=0 return_oop=0}
                      ; - kotlin.jvm.internal.Intrinsics::throwParameterIsNullNPE@0 (line 140)
                      ; - kotlin.jvm.internal.Intrinsics::checkNotNullParameter@5 (line 131)
                      ; - kotlin.coroutines.jvm.internal.DebugProbesKt::probeCoroutineResumed@3
                      ; - kotlin.coroutines.jvm.internal.BaseContinuationImpl::resumeWith@13 (line 29)
                      ;   {runtime_call load_mirror_patching Runtime1 stub}
  0x000000010fdfeeb0: 5443 c095 | 80df 40f9 | 0bc0 0091 | 88e7 40f9 | 7f01 08eb | 0856 0054 | 8bdf 00f9 | ea03 40b2 
  0x000000010fdfeed0: 0a00 00f9 | ea03 032a | 0a7c 0129 | 0a40 0091 | 5f7d 00a9 | 5f7d 01a9 | bf3a 03d5 

  0x000000010fdfeeec: ;   {metadata(method data for {method} {0x000000012941b048} 'throwParameterIsNullNPE' '(Ljava/lang/String;)V' in 'kotlin/jvm/internal/Intrinsics')}
  0x000000010fdfeeec: 0203 8dd2 | c22b a5f2 | 2200 c0f2 | 4878 40f9 | 0805 0091 | 4878 00f9 

  0x000000010fdfef04: ;   {oop("frame"{0x0000000480800b48})}
  0x000000010fdfef04: 0269 81d2 | 0210 b0f2 | 8200 c0f2 | e103 02aa | e07b 00f9 

  0x000000010fdfef18: ; ImmutableOopMap {[232]=Oop [240]=Oop [248]=Oop }
                      ;*invokestatic createParameterIsNullExceptionMessage {reexecute=0 rethrow=0 return_oop=0}
                      ; - kotlin.jvm.internal.Intrinsics::throwParameterIsNullNPE@5 (line 140)
                      ; - kotlin.jvm.internal.Intrinsics::checkNotNullParameter@5 (line 131)
                      ; - kotlin.coroutines.jvm.internal.DebugProbesKt::probeCoroutineResumed@3
                      ; - kotlin.coroutines.jvm.internal.BaseContinuationImpl::resumeWith@13 (line 29)
                      ;   {static_call}
  0x000000010fdfef18: 1ad6 bc95 

  0x000000010fdfef1c: ;   {other}
  0x000000010fdfef1c: 1f20 03d5 | 9fc1 82f2 | 1fe0 81f2 | e27b 40f9 

  0x000000010fdfef2c: ;   {metadata(method data for {method} {0x000000012941b048} 'throwParameterIsNullNPE' '(Ljava/lang/String;)V' in 'kotlin/jvm/internal/Intrinsics')}
  0x000000010fdfef2c: 0103 8dd2 | c12b a5f2 | 2100 c0f2 | 2880 40f9 | 0805 0091 | 2880 00f9 | e203 00aa | e17b 40f9 
  0x000000010fdfef4c: ; ImmutableOopMap {[232]=Oop [240]=Oop [248]=Oop }
                      ;*invokespecial <init> {reexecute=0 rethrow=0 return_oop=0}
                      ; - kotlin.jvm.internal.Intrinsics::throwParameterIsNullNPE@8 (line 140)
                      ; - kotlin.jvm.internal.Intrinsics::checkNotNullParameter@5 (line 131)
                      ; - kotlin.coroutines.jvm.internal.DebugProbesKt::probeCoroutineResumed@3
                      ; - kotlin.coroutines.jvm.internal.BaseContinuationImpl::resumeWith@13 (line 29)
                      ;   {optimized virtual_call}
  0x000000010fdfef4c: 8dd4 bc95 

  0x000000010fdfef50: ;   {other}
  0x000000010fdfef50: 1f20 03d5 | 1fc8 82f2 | 1f00 82f2 

  0x000000010fdfef5c: ;   {metadata(method data for {method} {0x000000012941b048} 'throwParameterIsNullNPE' '(Ljava/lang/String;)V' in 'kotlin/jvm/internal/Intrinsics')}
  0x000000010fdfef5c: 0103 8dd2 | c12b a5f2 | 2100 c0f2 | 2888 40f9 | 0805 0091 | 2888 00f9 

  0x000000010fdfef74: ;   {metadata(method data for {method} {0x000000012941c0c0} 'sanitizeStackTrace' '(Ljava/lang/Throwable;)Ljava/lang/Throwable;' in 'kotlin/jvm/internal/Intrinsics')}
  0x000000010fdfef74: 01d7 8dd2 | c12b a5f2 | 2100 c0f2 | 20ac 40b9 | 0008 0011 | 20ac 00b9 | 004c 1f12 | 1f00 0071 
  0x000000010fdfef94: c04f 0054 

  0x000000010fdfef98: ;   {oop(a 'java/lang/Class'{0x00000004803b59e8} = 'kotlin/jvm/internal/Intrinsics')}
  0x000000010fdfef98: 013d 8bd2 | 6107 b0f2 | 8100 c0f2 | e003 01aa 

  0x000000010fdfefa8: ;   {metadata(method data for {method} {0x000000012941c0c0} 'sanitizeStackTrace' '(Ljava/lang/Throwable;)Ljava/lang/Throwable;' in 'kotlin/jvm/internal/Intrinsics')}
  0x000000010fdfefa8: 02d7 8dd2 | c22b a5f2 | 2200 c0f2 | 4878 40f9 | 0805 0091 | 4878 00f9 

  0x000000010fdfefc0: ;   {metadata(method data for {method} {0x000000d8004684b0} 'getName' '()Ljava/lang/String;' in 'java/lang/Class')}
  0x000000010fdfefc0: 002f 95d2 | 6020 a5f2 | 2000 c0f2 | 02ac 40b9 | 4208 0011 | 02ac 00b9 | 424c 1f12 | 5f00 0071 
  0x000000010fdfefe0: 604e 0054 

  0x000000010fdfefe4: ; implicit exception: dispatches to 0x000000010fdff9cc
  0x000000010fdfefe4: 212c 40b9 | 21f0 7dd3 | e003 1faa | 3f00 00eb 

  0x000000010fdfeff4: ;   {metadata(method data for {method} {0x000000d8004684b0} 'getName' '()Ljava/lang/String;' in 'java/lang/Class')}
  0x000000010fdfeff4: 002f 95d2 | 6020 a5f2 | 2000 c0f2 | e80f 7cb2 | e903 78b2 | 0201 899a | 0368 62f8 | 6304 0091 
  0x000000010fdff014: 0368 22f8 | 2001 0054 

  0x000000010fdff01c: ;   {metadata(method data for {method} {0x000000d8004684b0} 'getName' '()Ljava/lang/String;' in 'java/lang/Class')}
  0x000000010fdff01c: 002f 95d2 | 6020 a5f2 | 2000 c0f2 | 0288 40f9 | 4204 0091 | 0288 00f9 | e003 01aa | 0f00 0014 
  0x000000010fdff03c: ;   {oop(a 'java/lang/Class'{0x00000004803b59e8} = 'kotlin/jvm/internal/Intrinsics')}
  0x000000010fdff03c: 013d 8bd2 | 6107 b0f2 | 8100 c0f2 | e003 01aa 

  0x000000010fdff04c: ;   {metadata(method data for {method} {0x000000d8004684b0} 'getName' '()Ljava/lang/String;' in 'java/lang/Class')}
  0x000000010fdff04c: 022f 95d2 | 6220 a5f2 | 2200 c0f2 | 4894 40f9 | 0805 0091 | 4894 00f9 

  0x000000010fdff064: ; ImmutableOopMap {[232]=Oop [240]=Oop [248]=Oop }
                      ;*invokevirtual initClassName {reexecute=0 rethrow=0 return_oop=0}
                      ; - java.lang.Class::getName@14 (line 950)
                      ; - kotlin.jvm.internal.Intrinsics::sanitizeStackTrace@3 (line 253)
                      ; - kotlin.jvm.internal.Intrinsics::throwParameterIsNullNPE@11 (line 140)
                      ; - kotlin.jvm.internal.Intrinsics::checkNotNullParameter@5 (line 131)
                      ; - kotlin.coroutines.jvm.internal.DebugProbesKt::probeCoroutineResumed@3
                      ; - kotlin.coroutines.jvm.internal.BaseContinuationImpl::resumeWith@13 (line 29)
                      ;   {optimized virtual_call}
  0x000000010fdff064: 47d4 bc95 

  0x000000010fdff068: ;   {other}
  0x000000010fdff068: 1f20 03d5 | 1feb 82f2 | 1f20 82f2 | e17b 40f9 | 4100 0014 | e05f 40f9 

  0x000000010fdff080: ; implicit exception: dispatches to 0x000000010fdff9d0
  0x000000010fdff080: 7f00 40f9 | e203 03aa 

  0x000000010fdff088: ;   {metadata(method data for {method} {0x00000001294d8768} 'resumeWith' '(Ljava/lang/Object;)V' in 'kotlin/coroutines/jvm/internal/BaseContinuationImpl')}
  0x000000010fdff088: 013f 9dd2 | e15c a5f2 | 2100 c0f2 | 4208 40b9 | 021b c0f2 | 29a0 0b91 | 2801 40f9 | 5f00 08eb 
  0x000000010fdff0a8: a100 0054 | 2878 41f9 | 0805 0091 | 2878 01f9 | 1c00 0014 | 29e0 0b91 | 2801 40f9 | 5f00 08eb 
  0x000000010fdff0c8: a100 0054 | 2880 41f9 | 0805 0091 | 2880 01f9 | 1400 0014 | 29a0 0b91 | 2801 40f9 | c800 00b5 
  0x000000010fdff0e8: 2201 00f9 | e803 40b2 | 29c0 0b91 | 2801 00f9 | 0c00 0014 | 29e0 0b91 | 2801 40f9 | c800 00b5 
  0x000000010fdff108: 2201 00f9 | e803 40b2 | 2900 0c91 | 2801 00f9 | 0400 0014 | 286c 41f9 | 0805 0091 | 286c 01f9 
  0x000000010fdff128: e203 00aa | e103 03aa | 09b4 88d2 | 49f1 acf2 | 2901 c0f2 

  0x000000010fdff13c: ; ImmutableOopMap {}
                      ;*invokeinterface resumeWith {reexecute=0 rethrow=0 return_oop=0}
                      ; - kotlin.coroutines.jvm.internal.BaseContinuationImpl::resumeWith@114 (line 47)
                      ;   {virtual_call}
  0x000000010fdff13c: 49aa c095 

  0x000000010fdff140: ;   {other}
  0x000000010fdff140: 1f20 03d5 | 1f06 83f2 | 1f40 82f2 | fd7b 51a9 | ff83 0491 

  0x000000010fdff154: ;   {poll_return}
  0x000000010fdff154: 882b 42f9 | ff63 28eb | c843 0054 | c003 5fd6 | fd7b 51a9 | ff83 0491 

  0x000000010fdff16c: ;   {poll_return}
  0x000000010fdff16c: 882b 42f9 | ff63 28eb | 6843 0054 | c003 5fd6 

  0x000000010fdff17c: ;   {metadata(method data for {method} {0x000000012941c0c0} 'sanitizeStackTrace' '(Ljava/lang/Throwable;)Ljava/lang/Throwable;' in 'kotlin/jvm/internal/Intrinsics')}
  0x000000010fdff17c: 02d7 8dd2 | c22b a5f2 | 2200 c0f2 | 4894 40f9 | 0805 0091 | 4894 00f9 | e203 00aa 

  0x000000010fdff198: ; ImmutableOopMap {[232]=Oop [248]=Oop }
                      ;*invokestatic sanitizeStackTrace {reexecute=0 rethrow=0 return_oop=0}
                      ; - kotlin.jvm.internal.Intrinsics::sanitizeStackTrace@6 (line 253)
                      ; - kotlin.jvm.internal.Intrinsics::throwParameterIsNullNPE@11 (line 140)
                      ; - kotlin.jvm.internal.Intrinsics::checkNotNullParameter@5 (line 131)
                      ; - kotlin.coroutines.jvm.internal.DebugProbesKt::probeCoroutineResumed@3
                      ; - kotlin.coroutines.jvm.internal.BaseContinuationImpl::resumeWith@13 (line 29)
                      ;   {static_call}
  0x000000010fdff198: 7ad5 bc95 

  0x000000010fdff19c: ;   {other}
  0x000000010fdff19c: 1f20 03d5 | 9f11 83f2 | 1f60 82f2 | e17f 40f9 | 0001 00b5 

  0x000000010fdff1b0: ;   {metadata(method data for {method} {0x000000012941b048} 'throwParameterIsNullNPE' '(Ljava/lang/String;)V' in 'kotlin/jvm/internal/Intrinsics')}
  0x000000010fdff1b0: 0403 8dd2 | c42b a5f2 | 2400 c0f2 | 8864 4439 | 0801 40b2 | 8864 0439 | 3700 0014 

  0x000000010fdff1cc: ;   {metadata('java/lang/NullPointerException')}
  0x000000010fdff1cc: 0330 98d2 | c300 a0f2 | 031b c0f2 | 0408 40b9 | 041b c0f2 | 8828 40f9 | 7f00 08eb | e104 0054 
  0x000000010fdff1ec: ;   {metadata(method data for {method} {0x000000012941b048} 'throwParameterIsNullNPE' '(Ljava/lang/String;)V' in 'kotlin/jvm/internal/Intrinsics')}
  0x000000010fdff1ec: 0403 8dd2 | c42b a5f2 | 2400 c0f2 | 0308 40b9 | 031b c0f2 | 89c0 0491 | 2801 40f9 | 7f00 08eb 
  0x000000010fdff20c: a100 0054 | 889c 40f9 | 0805 0091 | 889c 00f9 | 2200 0014 | 8900 0591 | 2801 40f9 | 7f00 08eb 
  0x000000010fdff22c: a100 0054 | 88a4 40f9 | 0805 0091 | 88a4 00f9 | 1a00 0014 | 89c0 0491 | 2801 40f9 | c800 00b5 
  0x000000010fdff24c: 2301 00f9 | e803 40b2 | 89e0 0491 | 2801 00f9 | 1200 0014 | 8900 0591 | 2801 40f9 | c800 00b5 
  0x000000010fdff26c: 2301 00f9 | e803 40b2 | 8920 0591 | 2801 00f9 | 0a00 0014 | 0900 0014 

  0x000000010fdff284: ;   {metadata(method data for {method} {0x000000012941b048} 'throwParameterIsNullNPE' '(Ljava/lang/String;)V' in 'kotlin/jvm/internal/Intrinsics')}
  0x000000010fdff284: 0403 8dd2 | c42b a5f2 | 2400 c0f2 | 8890 40f9 | 0805 00d1 | 8890 00f9 | d401 0014 | 0100 0014 
  0x000000010fdff2a4: ; implicit exception: dispatches to 0x000000010fdff9f4
  0x000000010fdff2a4: 1f00 40f9 | e001 0014 

  0x000000010fdff2ac: ;   {metadata(method data for {method} {0x000000012941c0c0} 'sanitizeStackTrace' '(Ljava/lang/Throwable;)Ljava/lang/Throwable;' in 'kotlin/jvm/internal/Intrinsics')}
  0x000000010fdff2ac: 02d7 8dd2 | c22b a5f2 | 2200 c0f2 | 4894 40f9 | 0805 0091 | 4894 00f9 | e203 00aa 

  0x000000010fdff2c8: ; ImmutableOopMap {[168]=Oop [176]=Oop [232]=Oop }
                      ;*invokestatic sanitizeStackTrace {reexecute=0 rethrow=0 return_oop=0}
                      ; - kotlin.jvm.internal.Intrinsics::sanitizeStackTrace@6 (line 253)
                      ; - kotlin.jvm.internal.Intrinsics::throwJavaNpe@7 (line 45)
                      ; - kotlin.jvm.internal.Intrinsics::checkNotNull@4 (line 25)
                      ; - kotlin.coroutines.jvm.internal.BaseContinuationImpl::resumeWith@31 (line 31)
                      ;   {static_call}
  0x000000010fdff2c8: 2ed5 bc95 

  0x000000010fdff2cc: ;   {other}
  0x000000010fdff2cc: 1f20 03d5 | 9f37 83f2 | 1f80 82f2 | e277 40f9 | 0001 00b5 

  0x000000010fdff2e0: ;   {metadata(method data for {method} {0x000000012941a168} 'throwJavaNpe' '()V' in 'kotlin/jvm/internal/Intrinsics')}
  0x000000010fdff2e0: 04bb 8cd2 | c445 a5f2 | 2400 c0f2 | 8824 4439 | 0801 40b2 | 8824 0439 | 3700 0014 

  0x000000010fdff2fc: ;   {metadata('java/lang/NullPointerException')}
  0x000000010fdff2fc: 0330 98d2 | c300 a0f2 | 031b c0f2 | 0408 40b9 | 041b c0f2 | 8828 40f9 | 7f00 08eb | e104 0054 
  0x000000010fdff31c: ;   {metadata(method data for {method} {0x000000012941a168} 'throwJavaNpe' '()V' in 'kotlin/jvm/internal/Intrinsics')}
  0x000000010fdff31c: 04bb 8cd2 | c445 a5f2 | 2400 c0f2 | 0308 40b9 | 031b c0f2 | 8980 0491 | 2801 40f9 | 7f00 08eb 
  0x000000010fdff33c: a100 0054 | 8894 40f9 | 0805 0091 | 8894 00f9 | 2200 0014 | 89c0 0491 | 2801 40f9 | 7f00 08eb 
  0x000000010fdff35c: a100 0054 | 889c 40f9 | 0805 0091 | 889c 00f9 | 1a00 0014 | 8980 0491 | 2801 40f9 | c800 00b5 
  0x000000010fdff37c: 2301 00f9 | e803 40b2 | 89a0 0491 | 2801 00f9 | 1200 0014 | 89c0 0491 | 2801 40f9 | c800 00b5 
  0x000000010fdff39c: 2301 00f9 | e803 40b2 | 89e0 0491 | 2801 00f9 | 0a00 0014 | 0900 0014 

  0x000000010fdff3b4: ;   {metadata(method data for {method} {0x000000012941a168} 'throwJavaNpe' '()V' in 'kotlin/jvm/internal/Intrinsics')}
  0x000000010fdff3b4: 04bb 8cd2 | c445 a5f2 | 2400 c0f2 | 8888 40f9 | 0805 00d1 | 8888 00f9 | 8b01 0014 | 0100 0014 
  0x000000010fdff3d4: ; implicit exception: dispatches to 0x000000010fdffa00
  0x000000010fdff3d4: 1f00 40f9 | 9401 0014 

  0x000000010fdff3dc: ;   {metadata(method data for {method} {0x000000012941c0c0} 'sanitizeStackTrace' '(Ljava/lang/Throwable;)Ljava/lang/Throwable;' in 'kotlin/jvm/internal/Intrinsics')}
  0x000000010fdff3dc: 02d7 8dd2 | c22b a5f2 | 2200 c0f2 | 4894 40f9 | 0805 0091 | 4894 00f9 | e203 00aa 

  0x000000010fdff3f8: ; ImmutableOopMap {[168]=Oop [176]=Oop [208]=Oop }
                      ;*invokestatic sanitizeStackTrace {reexecute=0 rethrow=0 return_oop=0}
                      ; - kotlin.jvm.internal.Intrinsics::sanitizeStackTrace@6 (line 253)
                      ; - kotlin.jvm.internal.Intrinsics::throwParameterIsNullNPE@11 (line 140)
                      ; - kotlin.jvm.internal.Intrinsics::checkNotNullParameter@5 (line 131)
                      ; - kotlin.ResultKt::createFailure@3
                      ; - kotlin.coroutines.jvm.internal.BaseContinuationImpl::resumeWith@76 (line 38)
                      ;   {static_call}
  0x000000010fdff3f8: e2d4 bc95 

  0x000000010fdff3fc: ;   {other}
  0x000000010fdff3fc: 1f20 03d5 | 9f5d 83f2 | 1fa0 82f2 | 0001 00b5 

  0x000000010fdff40c: ;   {metadata(method data for {method} {0x000000012941b048} 'throwParameterIsNullNPE' '(Ljava/lang/String;)V' in 'kotlin/jvm/internal/Intrinsics')}
  0x000000010fdff40c: 0303 8dd2 | c32b a5f2 | 2300 c0f2 | 6864 4439 | 0801 40b2 | 6864 0439 | 3700 0014 

  0x000000010fdff428: ;   {metadata('java/lang/NullPointerException')}
  0x000000010fdff428: 0230 98d2 | c200 a0f2 | 021b c0f2 | 0308 40b9 | 031b c0f2 | 6828 40f9 | 5f00 08eb | e104 0054 
  0x000000010fdff448: ;   {metadata(method data for {method} {0x000000012941b048} 'throwParameterIsNullNPE' '(Ljava/lang/String;)V' in 'kotlin/jvm/internal/Intrinsics')}
  0x000000010fdff448: 0303 8dd2 | c32b a5f2 | 2300 c0f2 | 0208 40b9 | 021b c0f2 | 69c0 0491 | 2801 40f9 | 5f00 08eb 
  0x000000010fdff468: a100 0054 | 689c 40f9 | 0805 0091 | 689c 00f9 | 2200 0014 | 6900 0591 | 2801 40f9 | 5f00 08eb 
  0x000000010fdff488: a100 0054 | 68a4 40f9 | 0805 0091 | 68a4 00f9 | 1a00 0014 | 69c0 0491 | 2801 40f9 | c800 00b5 
  0x000000010fdff4a8: 2201 00f9 | e803 40b2 | 69e0 0491 | 2801 00f9 | 1200 0014 | 6900 0591 | 2801 40f9 | c800 00b5 
  0x000000010fdff4c8: 2201 00f9 | e803 40b2 | 6920 0591 | 2801 00f9 | 0a00 0014 | 0900 0014 

  0x000000010fdff4e0: ;   {metadata(method data for {method} {0x000000012941b048} 'throwParameterIsNullNPE' '(Ljava/lang/String;)V' in 'kotlin/jvm/internal/Intrinsics')}
  0x000000010fdff4e0: 0303 8dd2 | c32b a5f2 | 2300 c0f2 | 6890 40f9 | 0805 00d1 | 6890 00f9 | 4301 0014 | 0100 0014 
  0x000000010fdff500: ; implicit exception: dispatches to 0x000000010fdffa0c
  0x000000010fdff500: 1f00 40f9 | 4901 0014 

  0x000000010fdff508: ;   {metadata(method data for {method} {0x000000012941c0c0} 'sanitizeStackTrace' '(Ljava/lang/Throwable;)Ljava/lang/Throwable;' in 'kotlin/jvm/internal/Intrinsics')}
  0x000000010fdff508: 02d7 8dd2 | c22b a5f2 | 2200 c0f2 | 4894 40f9 | 0805 0091 | 4894 00f9 | e203 00aa 

  0x000000010fdff524: ; ImmutableOopMap {[168]=Oop [176]=Oop [200]=Oop [208]=Oop }
                      ;*invokestatic sanitizeStackTrace {reexecute=0 rethrow=0 return_oop=0}
                      ; - kotlin.jvm.internal.Intrinsics::sanitizeStackTrace@6 (line 253)
                      ; - kotlin.jvm.internal.Intrinsics::throwParameterIsNullNPE@11 (line 140)
                      ; - kotlin.jvm.internal.Intrinsics::checkNotNullParameter@5 (line 131)
                      ; - kotlin.Result$Failure::<init>@3
                      ; - kotlin.ResultKt::createFailure@11 (line 122)
                      ; - kotlin.coroutines.jvm.internal.BaseContinuationImpl::resumeWith@76 (line 38)
                      ;   {static_call}
  0x000000010fdff524: 97d4 bc95 

  0x000000010fdff528: ;   {other}
  0x000000010fdff528: 1f20 03d5 | 1f83 83f2 | 1fc0 82f2 | e287 4ca9 | e48f 4aa9 | 0001 00b5 

  0x000000010fdff540: ;   {metadata(method data for {method} {0x000000012941b048} 'throwParameterIsNullNPE' '(Ljava/lang/String;)V' in 'kotlin/jvm/internal/Intrinsics')}
  0x000000010fdff540: 0703 8dd2 | c72b a5f2 | 2700 c0f2 | e864 4439 | 0801 40b2 | e864 0439 | 3700 0014 

  0x000000010fdff55c: ;   {metadata('java/lang/NullPointerException')}
  0x000000010fdff55c: 0630 98d2 | c600 a0f2 | 061b c0f2 | 0708 40b9 | 071b c0f2 | e828 40f9 | df00 08eb | e104 0054 
  0x000000010fdff57c: ;   {metadata(method data for {method} {0x000000012941b048} 'throwParameterIsNullNPE' '(Ljava/lang/String;)V' in 'kotlin/jvm/internal/Intrinsics')}
  0x000000010fdff57c: 0703 8dd2 | c72b a5f2 | 2700 c0f2 | 0608 40b9 | 061b c0f2 | e9c0 0491 | 2801 40f9 | df00 08eb 
  0x000000010fdff59c: a100 0054 | e89c 40f9 | 0805 0091 | e89c 00f9 | 2200 0014 | e900 0591 | 2801 40f9 | df00 08eb 
  0x000000010fdff5bc: a100 0054 | e8a4 40f9 | 0805 0091 | e8a4 00f9 | 1a00 0014 | e9c0 0491 | 2801 40f9 | c800 00b5 
  0x000000010fdff5dc: 2601 00f9 | e803 40b2 | e9e0 0491 | 2801 00f9 | 1200 0014 | e900 0591 | 2801 40f9 | c800 00b5 
  0x000000010fdff5fc: 2601 00f9 | e803 40b2 | e920 0591 | 2801 00f9 | 0a00 0014 | 0900 0014 

  0x000000010fdff614: ;   {metadata(method data for {method} {0x000000012941b048} 'throwParameterIsNullNPE' '(Ljava/lang/String;)V' in 'kotlin/jvm/internal/Intrinsics')}
  0x000000010fdff614: 0703 8dd2 | c72b a5f2 | 2700 c0f2 | e890 40f9 | 0805 00d1 | e890 00f9 | f900 0014 | 0100 0014 
  0x000000010fdff634: ; implicit exception: dispatches to 0x000000010fdffa18
  0x000000010fdff634: 1f00 40f9 | fc00 0014 

  0x000000010fdff63c: ;   {metadata({method} {0x00000001294d8768} 'resumeWith' '(Ljava/lang/Object;)V' in 'kotlin/coroutines/jvm/internal/BaseContinuationImpl')}
  0x000000010fdff63c: 08ed 90d2 | a829 a5f2 | 2800 c0f2 | e807 00f9 | 0800 8092 | e803 00f9 

  0x000000010fdff654: ; ImmutableOopMap {c_rarg1=Oop c_rarg2=Oop }
                      ;*synchronization entry
                      ; - kotlin.coroutines.jvm.internal.BaseContinuationImpl::resumeWith@-1 (line 24)
                      ;   {runtime_call counter_overflow Runtime1 stub}
  0x000000010fdff654: ab43 c095 | 32fa ff17 | e803 01aa 

  0x000000010fdff660: ; ImmutableOopMap {c_rarg2=Oop c_rarg1=Oop }
                      ;*checkcast {reexecute=0 rethrow=0 return_oop=0}
                      ; - kotlin.coroutines.jvm.internal.BaseContinuationImpl::resumeWith@10 (line 29)
                      ;   {runtime_call throw_class_cast_exception Runtime1 stub}
  0x000000010fdff660: e838 c095 

  0x000000010fdff664: ;   {metadata({method} {0x0000000129500618} 'probeCoroutineResumed' '(Lkotlin/coroutines/Continuation;)V' in 'kotlin/coroutines/jvm/internal/DebugProbesKt')}
  0x000000010fdff664: 08c3 80d2 | 082a a5f2 | 2800 c0f2 | e807 00f9 | 0800 8092 | e803 00f9 

  0x000000010fdff67c: ; ImmutableOopMap {c_rarg2=Oop c_rarg1=Oop c_rarg0=Oop }
                      ;*synchronization entry
                      ; - kotlin.coroutines.jvm.internal.DebugProbesKt::probeCoroutineResumed@-1
                      ; - kotlin.coroutines.jvm.internal.BaseContinuationImpl::resumeWith@13 (line 29)
                      ;   {runtime_call counter_overflow Runtime1 stub}
  0x000000010fdff67c: a143 c095 | 7cfa ff17 

  0x000000010fdff684: ;   {metadata({method} {0x000000012941aec8} 'checkNotNullParameter' '(Ljava/lang/Object;Ljava/lang/String;)V' in 'kotlin/jvm/internal/Intrinsics')}
  0x000000010fdff684: 08d9 95d2 | 2828 a5f2 | 2800 c0f2 | e807 00f9 | 0800 8092 | e803 00f9 

  0x000000010fdff69c: ; ImmutableOopMap {c_rarg2=Oop c_rarg1=Oop c_rarg0=Oop }
                      ;*synchronization entry
                      ; - kotlin.jvm.internal.Intrinsics::checkNotNullParameter@-1 (line 130)
                      ; - kotlin.coroutines.jvm.internal.DebugProbesKt::probeCoroutineResumed@3
                      ; - kotlin.coroutines.jvm.internal.BaseContinuationImpl::resumeWith@13 (line 29)
                      ;   {runtime_call counter_overflow Runtime1 stub}
  0x000000010fdff69c: 9943 c095 | 83fa ff17 | e803 01aa 

  0x000000010fdff6a8: ; ImmutableOopMap {c_rarg2=Oop }
                      ;*checkcast {reexecute=0 rethrow=0 return_oop=0}
                      ; - kotlin.coroutines.jvm.internal.BaseContinuationImpl::resumeWith@17 (line 30)
                      ;   {runtime_call throw_class_cast_exception Runtime1 stub}
  0x000000010fdff6a8: d638 c095 

  0x000000010fdff6ac: ; ImmutableOopMap {c_rarg2=Oop c_rarg0=Oop }
                      ;*getfield completion {reexecute=1 rethrow=0 return_oop=0}
                      ; - (reexecute) kotlin.coroutines.jvm.internal.BaseContinuationImpl::resumeWith@27 (line 31)
                      ;   {runtime_call throw_null_pointer_exception Runtime1 stub}
  0x000000010fdff6ac: d52e c095 

  0x000000010fdff6b0: ;   {metadata({method} {0x0000000129419e80} 'checkNotNull' '(Ljava/lang/Object;)V' in 'kotlin/jvm/internal/Intrinsics')}
  0x000000010fdff6b0: 08d0 93d2 | 2828 a5f2 | 2800 c0f2 | e807 00f9 | 0800 8092 | e803 00f9 

  0x000000010fdff6c8: ; ImmutableOopMap {c_rarg2=Oop c_rarg0=Oop c_rarg3=Oop [176]=Oop }
                      ;*synchronization entry
                      ; - kotlin.jvm.internal.Intrinsics::checkNotNull@-1 (line 24)
                      ; - kotlin.coroutines.jvm.internal.BaseContinuationImpl::resumeWith@31 (line 31)
                      ;   {runtime_call counter_overflow Runtime1 stub}
  0x000000010fdff6c8: 8e43 c095 | d5fa ff17 

  0x000000010fdff6d0: ;   {metadata({method} {0x00000001294fe6b8} 'getCOROUTINE_SUSPENDED' '()Ljava/lang/Object;' in 'kotlin/coroutines/intrinsics/IntrinsicsKt__IntrinsicsKt')}
  0x000000010fdff6d0: 08d7 9cd2 | e829 a5f2 | 2800 c0f2 | e807 00f9 | 0800 8092 | e803 00f9 

  0x000000010fdff6e8: ; ImmutableOopMap {c_rarg0=Oop [168]=Oop [176]=Oop }
                      ;*synchronization entry
                      ; - kotlin.coroutines.intrinsics.IntrinsicsKt__IntrinsicsKt::getCOROUTINE_SUSPENDED@-1 (line 57)
                      ; - kotlin.coroutines.jvm.internal.BaseContinuationImpl::resumeWith@47 (line 35)
                      ;   {runtime_call counter_overflow Runtime1 stub}
  0x000000010fdff6e8: 8643 c095 | 1afb ff17 

  0x000000010fdff6f0: ;   {metadata({method} {0x000000012950e590} 'constructor-impl' '(Ljava/lang/Object;)Ljava/lang/Object;' in 'kotlin/Result')}
  0x000000010fdff6f0: 08b2 9cd2 | 082a a5f2 | 2800 c0f2 | e807 00f9 | 0800 8092 | e803 00f9 

  0x000000010fdff708: ; ImmutableOopMap {c_rarg0=Oop [168]=Oop [176]=Oop }
                      ;*synchronization entry
                      ; - kotlin.Result::constructor-impl@-1
                      ; - kotlin.coroutines.jvm.internal.BaseContinuationImpl::resumeWith@60 (line 36)
                      ;   {runtime_call counter_overflow Runtime1 stub}
  0x000000010fdff708: 7e43 c095 | 2ffb ff17 

  0x000000010fdff710: ;   {metadata({method} {0x00000001295246b8} 'createFailure' '(Ljava/lang/Throwable;)Ljava/lang/Object;' in 'kotlin/ResultKt')}
  0x000000010fdff710: 08d7 88d2 | 482a a5f2 | 2800 c0f2 | e807 00f9 | 0800 8092 | e803 00f9 

  0x000000010fdff728: ; ImmutableOopMap {c_rarg0=Oop [168]=Oop [176]=Oop }
                      ;*synchronization entry
                      ; - kotlin.ResultKt::createFailure@-1
                      ; - kotlin.coroutines.jvm.internal.BaseContinuationImpl::resumeWith@76 (line 38)
                      ;   {runtime_call counter_overflow Runtime1 stub}
  0x000000010fdff728: 7643 c095 | 40fb ff17 

  0x000000010fdff730: ;   {metadata({method} {0x000000012941aec8} 'checkNotNullParameter' '(Ljava/lang/Object;Ljava/lang/String;)V' in 'kotlin/jvm/internal/Intrinsics')}
  0x000000010fdff730: 08d9 95d2 | 2828 a5f2 | 2800 c0f2 | e807 00f9 | 0800 8092 | e803 00f9 

  0x000000010fdff748: ; ImmutableOopMap {c_rarg0=Oop [168]=Oop [176]=Oop }
                      ;*synchronization entry
                      ; - kotlin.jvm.internal.Intrinsics::checkNotNullParameter@-1 (line 130)
                      ; - kotlin.ResultKt::createFailure@3
                      ; - kotlin.coroutines.jvm.internal.BaseContinuationImpl::resumeWith@76 (line 38)
                      ;   {runtime_call counter_overflow Runtime1 stub}
  0x000000010fdff748: 6e43 c095 | 47fb ff17 

  0x000000010fdff750: ; ImmutableOopMap {c_rarg2=Oop [168]=Oop [176]=Oop }
                      ;*new {reexecute=0 rethrow=0 return_oop=0}
                      ; - kotlin.ResultKt::createFailure@6 (line 122)
                      ; - kotlin.coroutines.jvm.internal.BaseContinuationImpl::resumeWith@76 (line 38)
                      ;   {runtime_call fast_new_instance Runtime1 stub}
  0x000000010fdff750: ec30 c095 | 60fb ff17 

  0x000000010fdff758: ;   {metadata({method} {0x000000012950d528} '<init>' '(Ljava/lang/Throwable;)V' in 'kotlin/Result$Failure')}
  0x000000010fdff758: 08a5 9ad2 | 082a a5f2 | 2800 c0f2 | e807 00f9 | 0800 8092 | e803 00f9 

  0x000000010fdff770: ; ImmutableOopMap {c_rarg2=Oop c_rarg0=Oop [168]=Oop [176]=Oop }
                      ;*synchronization entry
                      ; - kotlin.Result$Failure::<init>@-1
                      ; - kotlin.ResultKt::createFailure@11 (line 122)
                      ; - kotlin.coroutines.jvm.internal.BaseContinuationImpl::resumeWith@76 (line 38)
                      ;   {runtime_call counter_overflow Runtime1 stub}
  0x000000010fdff770: 6443 c095 | 68fb ff17 

  0x000000010fdff778: ;   {metadata({method} {0x000000012941aec8} 'checkNotNullParameter' '(Ljava/lang/Object;Ljava/lang/String;)V' in 'kotlin/jvm/internal/Intrinsics')}
  0x000000010fdff778: 08d9 95d2 | 2828 a5f2 | 2800 c0f2 | e807 00f9 | 0800 8092 | e803 00f9 

  0x000000010fdff790: ; ImmutableOopMap {c_rarg2=Oop c_rarg0=Oop [168]=Oop [176]=Oop }
                      ;*synchronization entry
                      ; - kotlin.jvm.internal.Intrinsics::checkNotNullParameter@-1 (line 130)
                      ; - kotlin.Result$Failure::<init>@3
                      ; - kotlin.ResultKt::createFailure@11 (line 122)
                      ; - kotlin.coroutines.jvm.internal.BaseContinuationImpl::resumeWith@76 (line 38)
                      ;   {runtime_call counter_overflow Runtime1 stub}
  0x000000010fdff790: 5c43 c095 | 6ffb ff17 

  0x000000010fdff798: ;   {metadata({method} {0x000000d800473798} '<init>' '()V' in 'java/lang/Object')}
  0x000000010fdff798: 08f3 86d2 | e808 a0f2 | 081b c0f2 | e807 00f9 | 0800 8092 | e803 00f9 

  0x000000010fdff7b0: ; ImmutableOopMap {c_rarg2=Oop c_rarg0=Oop [168]=Oop [176]=Oop }
                      ;*synchronization entry
                      ; - java.lang.Object::<init>@-1 (line 45)
                      ; - kotlin.Result$Failure::<init>@7 (line 105)
                      ; - kotlin.ResultKt::createFailure@11 (line 122)
                      ; - kotlin.coroutines.jvm.internal.BaseContinuationImpl::resumeWith@76 (line 38)
                      ;   {runtime_call counter_overflow Runtime1 stub}
  0x000000010fdff7b0: 5443 c095 | 83fb ff17 | 010c 40b9 | 21f0 7dd3 | 6170 ffb4 | e103 00f9 

  0x000000010fdff7c8: ;   {runtime_call g1_pre_barrier_slow}
  0x000000010fdff7c8: ce44 c095 | 80fb ff17 | a270 ffb4 | e003 00f9 

  0x000000010fdff7d8: ;   {runtime_call g1_post_barrier_slow}
  0x000000010fdff7d8: 8a45 c095 | 82fb ff17 

  0x000000010fdff7e0: ;   {metadata({method} {0x000000012950e590} 'constructor-impl' '(Ljava/lang/Object;)Ljava/lang/Object;' in 'kotlin/Result')}
  0x000000010fdff7e0: 08b2 9cd2 | 082a a5f2 | 2800 c0f2 | e807 00f9 | 0800 8092 | e803 00f9 

  0x000000010fdff7f8: ; ImmutableOopMap {c_rarg0=Oop [168]=Oop [176]=Oop }
                      ;*synchronization entry
                      ; - kotlin.Result::constructor-impl@-1
                      ; - kotlin.coroutines.jvm.internal.BaseContinuationImpl::resumeWith@79 (line 38)
                      ;   {runtime_call counter_overflow Runtime1 stub}
  0x000000010fdff7f8: 4243 c095 | 8afb ff17 

  0x000000010fdff800: ;   {metadata({method} {0x00000001294d8768} 'resumeWith' '(Ljava/lang/Object;)V' in 'kotlin/coroutines/jvm/internal/BaseContinuationImpl')}
  0x000000010fdff800: 08ed 90d2 | a829 a5f2 | 2800 c0f2 | e807 00f9 | 280f 80d2 | e803 00f9 

  0x000000010fdff818: ; ImmutableOopMap {c_rarg3=Oop [176]=Oop [184]=Oop }
                      ;*goto {reexecute=1 rethrow=0 return_oop=0}
                      ; - (reexecute) kotlin.coroutines.jvm.internal.BaseContinuationImpl::resumeWith@121 (line 30)
                      ;   {runtime_call counter_overflow Runtime1 stub}
  0x000000010fdff818: 3a43 c095 | 10fc ff17 

  0x000000010fdff820: ;   {metadata({method} {0x000000012941b048} 'throwParameterIsNullNPE' '(Ljava/lang/String;)V' in 'kotlin/jvm/internal/Intrinsics')}
  0x000000010fdff820: 0809 96d2 | 2828 a5f2 | 2800 c0f2 | e807 00f9 | 0800 8092 | e803 00f9 

  0x000000010fdff838: ; ImmutableOopMap {[168]=Oop [176]=Oop [200]=Oop [208]=Oop }
                      ;*synchronization entry
                      ; - kotlin.jvm.internal.Intrinsics::throwParameterIsNullNPE@-1 (line 140)
                      ; - kotlin.jvm.internal.Intrinsics::checkNotNullParameter@5 (line 131)
                      ; - kotlin.Result$Failure::<init>@3
                      ; - kotlin.ResultKt::createFailure@11 (line 122)
                      ; - kotlin.coroutines.jvm.internal.BaseContinuationImpl::resumeWith@76 (line 38)
                      ;   {runtime_call counter_overflow Runtime1 stub}
  0x000000010fdff838: 3243 c095 | 23fc ff17 

  0x000000010fdff840: ; ImmutableOopMap {[168]=Oop [176]=Oop [200]=Oop [208]=Oop }
                      ;*new {reexecute=0 rethrow=0 return_oop=0}
                      ; - kotlin.jvm.internal.Intrinsics::throwParameterIsNullNPE@0 (line 140)
                      ; - kotlin.jvm.internal.Intrinsics::checkNotNullParameter@5 (line 131)
                      ; - kotlin.Result$Failure::<init>@3
                      ; - kotlin.ResultKt::createFailure@11 (line 122)
                      ; - kotlin.coroutines.jvm.internal.BaseContinuationImpl::resumeWith@76 (line 38)
                      ;   {runtime_call fast_new_instance Runtime1 stub}
  0x000000010fdff840: b030 c095 | 30fc ff17 

  0x000000010fdff848: ;   {metadata({method} {0x000000012941c0c0} 'sanitizeStackTrace' '(Ljava/lang/Throwable;)Ljava/lang/Throwable;' in 'kotlin/jvm/internal/Intrinsics')}
  0x000000010fdff848: 0818 98d2 | 2828 a5f2 | 2800 c0f2 | e807 00f9 | 0800 8092 | e803 00f9 

  0x000000010fdff860: ; ImmutableOopMap {[168]=Oop [176]=Oop [192]=Oop [200]=Oop [208]=Oop }
                      ;*synchronization entry
                      ; - kotlin.jvm.internal.Intrinsics::sanitizeStackTrace@-1 (line 253)
                      ; - kotlin.jvm.internal.Intrinsics::throwParameterIsNullNPE@11 (line 140)
                      ; - kotlin.jvm.internal.Intrinsics::checkNotNullParameter@5 (line 131)
                      ; - kotlin.Result$Failure::<init>@3
                      ; - kotlin.ResultKt::createFailure@11 (line 122)
                      ; - kotlin.coroutines.jvm.internal.BaseContinuationImpl::resumeWith@76 (line 38)
                      ;   {runtime_call counter_overflow Runtime1 stub}
  0x000000010fdff860: 2843 c095 | 52fc ff17 

  0x000000010fdff868: ;   {metadata({method} {0x000000d8004684b0} 'getName' '()Ljava/lang/String;' in 'java/lang/Class')}
  0x000000010fdff868: 0896 90d2 | c808 a0f2 | 081b c0f2 | e807 00f9 | 0800 8092 | e803 00f9 

  0x000000010fdff880: ; ImmutableOopMap {c_rarg1=Oop [168]=Oop [176]=Oop [192]=Oop [200]=Oop [208]=Oop }
                      ;*synchronization entry
                      ; - java.lang.Class::getName@-1 (line 949)
                      ; - kotlin.jvm.internal.Intrinsics::sanitizeStackTrace@3 (line 253)
                      ; - kotlin.jvm.internal.Intrinsics::throwParameterIsNullNPE@11 (line 140)
                      ; - kotlin.jvm.internal.Intrinsics::checkNotNullParameter@5 (line 131)
                      ; - kotlin.Result$Failure::<init>@3
                      ; - kotlin.ResultKt::createFailure@11 (line 122)
                      ; - kotlin.coroutines.jvm.internal.BaseContinuationImpl::resumeWith@76 (line 38)
                      ;   {runtime_call counter_overflow Runtime1 stub}
  0x000000010fdff880: 2043 c095 | 5dfc ff17 

  0x000000010fdff888: ; ImmutableOopMap {[168]=Oop [176]=Oop [192]=Oop [200]=Oop [208]=Oop }
                      ;*getfield name {reexecute=1 rethrow=0 return_oop=0}
                      ; - (reexecute) java.lang.Class::getName@1 (line 949)
                      ; - kotlin.jvm.internal.Intrinsics::sanitizeStackTrace@3 (line 253)
                      ; - kotlin.jvm.internal.Intrinsics::throwParameterIsNullNPE@11 (line 140)
                      ; - kotlin.jvm.internal.Intrinsics::checkNotNullParameter@5 (line 131)
                      ; - kotlin.Result$Failure::<init>@3
                      ; - kotlin.ResultKt::createFailure@11 (line 122)
                      ; - kotlin.coroutines.jvm.internal.BaseContinuationImpl::resumeWith@76 (line 38)
                      ;   {runtime_call throw_null_pointer_exception Runtime1 stub}
  0x000000010fdff888: 5e2e c095 

  0x000000010fdff88c: ;   {metadata({method} {0x000000012941b048} 'throwParameterIsNullNPE' '(Ljava/lang/String;)V' in 'kotlin/jvm/internal/Intrinsics')}
  0x000000010fdff88c: 0809 96d2 | 2828 a5f2 | 2800 c0f2 | e807 00f9 | 0800 8092 | e803 00f9 

  0x000000010fdff8a4: ; ImmutableOopMap {[168]=Oop [176]=Oop [208]=Oop }
                      ;*synchronization entry
                      ; - kotlin.jvm.internal.Intrinsics::throwParameterIsNullNPE@-1 (line 140)
                      ; - kotlin.jvm.internal.Intrinsics::checkNotNullParameter@5 (line 131)
                      ; - kotlin.ResultKt::createFailure@3
                      ; - kotlin.coroutines.jvm.internal.BaseContinuationImpl::resumeWith@76 (line 38)
                      ;   {runtime_call counter_overflow Runtime1 stub}
  0x000000010fdff8a4: 1743 c095 | 8afc ff17 

  0x000000010fdff8ac: ; ImmutableOopMap {[168]=Oop [176]=Oop [208]=Oop }
                      ;*new {reexecute=0 rethrow=0 return_oop=0}
                      ; - kotlin.jvm.internal.Intrinsics::throwParameterIsNullNPE@0 (line 140)
                      ; - kotlin.jvm.internal.Intrinsics::checkNotNullParameter@5 (line 131)
                      ; - kotlin.ResultKt::createFailure@3
                      ; - kotlin.coroutines.jvm.internal.BaseContinuationImpl::resumeWith@76 (line 38)
                      ;   {runtime_call fast_new_instance Runtime1 stub}
  0x000000010fdff8ac: 9530 c095 | 97fc ff17 

  0x000000010fdff8b4: ;   {metadata({method} {0x000000012941c0c0} 'sanitizeStackTrace' '(Ljava/lang/Throwable;)Ljava/lang/Throwable;' in 'kotlin/jvm/internal/Intrinsics')}
  0x000000010fdff8b4: 0818 98d2 | 2828 a5f2 | 2800 c0f2 | e807 00f9 | 0800 8092 | e803 00f9 

  0x000000010fdff8cc: ; ImmutableOopMap {[168]=Oop [176]=Oop [208]=Oop [216]=Oop }
                      ;*synchronization entry
                      ; - kotlin.jvm.internal.Intrinsics::sanitizeStackTrace@-1 (line 253)
                      ; - kotlin.jvm.internal.Intrinsics::throwParameterIsNullNPE@11 (line 140)
                      ; - kotlin.jvm.internal.Intrinsics::checkNotNullParameter@5 (line 131)
                      ; - kotlin.ResultKt::createFailure@3
                      ; - kotlin.coroutines.jvm.internal.BaseContinuationImpl::resumeWith@76 (line 38)
                      ;   {runtime_call counter_overflow Runtime1 stub}
  0x000000010fdff8cc: 0d43 c095 | b9fc ff17 

  0x000000010fdff8d4: ;   {metadata({method} {0x000000d8004684b0} 'getName' '()Ljava/lang/String;' in 'java/lang/Class')}
  0x000000010fdff8d4: 0896 90d2 | c808 a0f2 | 081b c0f2 | e807 00f9 | 0800 8092 | e803 00f9 

  0x000000010fdff8ec: ; ImmutableOopMap {c_rarg1=Oop [168]=Oop [176]=Oop [208]=Oop [216]=Oop }
                      ;*synchronization entry
                      ; - java.lang.Class::getName@-1 (line 949)
                      ; - kotlin.jvm.internal.Intrinsics::sanitizeStackTrace@3 (line 253)
                      ; - kotlin.jvm.internal.Intrinsics::throwParameterIsNullNPE@11 (line 140)
                      ; - kotlin.jvm.internal.Intrinsics::checkNotNullParameter@5 (line 131)
                      ; - kotlin.ResultKt::createFailure@3
                      ; - kotlin.coroutines.jvm.internal.BaseContinuationImpl::resumeWith@76 (line 38)
                      ;   {runtime_call counter_overflow Runtime1 stub}
  0x000000010fdff8ec: 0543 c095 | c4fc ff17 

  0x000000010fdff8f4: ; ImmutableOopMap {[168]=Oop [176]=Oop [208]=Oop [216]=Oop }
                      ;*getfield name {reexecute=1 rethrow=0 return_oop=0}
                      ; - (reexecute) java.lang.Class::getName@1 (line 949)
                      ; - kotlin.jvm.internal.Intrinsics::sanitizeStackTrace@3 (line 253)
                      ; - kotlin.jvm.internal.Intrinsics::throwParameterIsNullNPE@11 (line 140)
                      ; - kotlin.jvm.internal.Intrinsics::checkNotNullParameter@5 (line 131)
                      ; - kotlin.ResultKt::createFailure@3
                      ; - kotlin.coroutines.jvm.internal.BaseContinuationImpl::resumeWith@76 (line 38)
                      ;   {runtime_call throw_null_pointer_exception Runtime1 stub}
  0x000000010fdff8f4: 432e c095 

  0x000000010fdff8f8: ;   {metadata({method} {0x000000012941a168} 'throwJavaNpe' '()V' in 'kotlin/jvm/internal/Intrinsics')}
  0x000000010fdff8f8: 082d 94d2 | 2828 a5f2 | 2800 c0f2 | e807 00f9 | 0800 8092 | e803 00f9 

  0x000000010fdff910: ; ImmutableOopMap {[168]=Oop [176]=Oop [232]=Oop }
                      ;*synchronization entry
                      ; - kotlin.jvm.internal.Intrinsics::throwJavaNpe@-1 (line 45)
                      ; - kotlin.jvm.internal.Intrinsics::checkNotNull@4 (line 25)
                      ; - kotlin.coroutines.jvm.internal.BaseContinuationImpl::resumeWith@31 (line 31)
                      ;   {runtime_call counter_overflow Runtime1 stub}
  0x000000010fdff910: fc42 c095 | f2fc ff17 

  0x000000010fdff918: ; ImmutableOopMap {[168]=Oop [176]=Oop [232]=Oop }
                      ;*new {reexecute=0 rethrow=0 return_oop=0}
                      ; - kotlin.jvm.internal.Intrinsics::throwJavaNpe@0 (line 45)
                      ; - kotlin.jvm.internal.Intrinsics::checkNotNull@4 (line 25)
                      ; - kotlin.coroutines.jvm.internal.BaseContinuationImpl::resumeWith@31 (line 31)
                      ;   {runtime_call fast_new_instance Runtime1 stub}
  0x000000010fdff918: 7a30 c095 | fffc ff17 

  0x000000010fdff920: ;   {metadata({method} {0x000000012941c0c0} 'sanitizeStackTrace' '(Ljava/lang/Throwable;)Ljava/lang/Throwable;' in 'kotlin/jvm/internal/Intrinsics')}
  0x000000010fdff920: 0818 98d2 | 2828 a5f2 | 2800 c0f2 | e807 00f9 | 0800 8092 | e803 00f9 

  0x000000010fdff938: ; ImmutableOopMap {[168]=Oop [176]=Oop [224]=Oop [232]=Oop }
                      ;*synchronization entry
                      ; - kotlin.jvm.internal.Intrinsics::sanitizeStackTrace@-1 (line 253)
                      ; - kotlin.jvm.internal.Intrinsics::throwJavaNpe@7 (line 45)
                      ; - kotlin.jvm.internal.Intrinsics::checkNotNull@4 (line 25)
                      ; - kotlin.coroutines.jvm.internal.BaseContinuationImpl::resumeWith@31 (line 31)
                      ;   {runtime_call counter_overflow Runtime1 stub}
  0x000000010fdff938: f242 c095 | 13fd ff17 

  0x000000010fdff940: ;   {metadata({method} {0x000000d8004684b0} 'getName' '()Ljava/lang/String;' in 'java/lang/Class')}
  0x000000010fdff940: 0896 90d2 | c808 a0f2 | 081b c0f2 | e807 00f9 | 0800 8092 | e803 00f9 

  0x000000010fdff958: ; ImmutableOopMap {c_rarg1=Oop [168]=Oop [176]=Oop [224]=Oop [232]=Oop }
                      ;*synchronization entry
                      ; - java.lang.Class::getName@-1 (line 949)
                      ; - kotlin.jvm.internal.Intrinsics::sanitizeStackTrace@3 (line 253)
                      ; - kotlin.jvm.internal.Intrinsics::throwJavaNpe@7 (line 45)
                      ; - kotlin.jvm.internal.Intrinsics::checkNotNull@4 (line 25)
                      ; - kotlin.coroutines.jvm.internal.BaseContinuationImpl::resumeWith@31 (line 31)
                      ;   {runtime_call counter_overflow Runtime1 stub}
  0x000000010fdff958: ea42 c095 | 1efd ff17 

  0x000000010fdff960: ; ImmutableOopMap {[168]=Oop [176]=Oop [224]=Oop [232]=Oop }
                      ;*getfield name {reexecute=1 rethrow=0 return_oop=0}
                      ; - (reexecute) java.lang.Class::getName@1 (line 949)
                      ; - kotlin.jvm.internal.Intrinsics::sanitizeStackTrace@3 (line 253)
                      ; - kotlin.jvm.internal.Intrinsics::throwJavaNpe@7 (line 45)
                      ; - kotlin.jvm.internal.Intrinsics::checkNotNull@4 (line 25)
                      ; - kotlin.coroutines.jvm.internal.BaseContinuationImpl::resumeWith@31 (line 31)
                      ;   {runtime_call throw_null_pointer_exception Runtime1 stub}
  0x000000010fdff960: 282e c095 

  0x000000010fdff964: ;   {metadata({method} {0x000000012941b048} 'throwParameterIsNullNPE' '(Ljava/lang/String;)V' in 'kotlin/jvm/internal/Intrinsics')}
  0x000000010fdff964: 0809 96d2 | 2828 a5f2 | 2800 c0f2 | e807 00f9 | 0800 8092 | e803 00f9 

  0x000000010fdff97c: ; ImmutableOopMap {[232]=Oop [248]=Oop }
                      ;*synchronization entry
                      ; - kotlin.jvm.internal.Intrinsics::throwParameterIsNullNPE@-1 (line 140)
                      ; - kotlin.jvm.internal.Intrinsics::checkNotNullParameter@5 (line 131)
                      ; - kotlin.coroutines.jvm.internal.DebugProbesKt::probeCoroutineResumed@3
                      ; - kotlin.coroutines.jvm.internal.BaseContinuationImpl::resumeWith@13 (line 29)
                      ;   {runtime_call counter_overflow Runtime1 stub}
  0x000000010fdff97c: e142 c095 | 4cfd ff17 

  0x000000010fdff984: ; ImmutableOopMap {[232]=Oop [248]=Oop }
                      ;*new {reexecute=0 rethrow=0 return_oop=0}
                      ; - kotlin.jvm.internal.Intrinsics::throwParameterIsNullNPE@0 (line 140)
                      ; - kotlin.jvm.internal.Intrinsics::checkNotNullParameter@5 (line 131)
                      ; - kotlin.coroutines.jvm.internal.DebugProbesKt::probeCoroutineResumed@3
                      ; - kotlin.coroutines.jvm.internal.BaseContinuationImpl::resumeWith@13 (line 29)
                      ;   {runtime_call fast_new_instance Runtime1 stub}
  0x000000010fdff984: 5f30 c095 | 59fd ff17 

  0x000000010fdff98c: ;   {metadata({method} {0x000000012941c0c0} 'sanitizeStackTrace' '(Ljava/lang/Throwable;)Ljava/lang/Throwable;' in 'kotlin/jvm/internal/Intrinsics')}
  0x000000010fdff98c: 0818 98d2 | 2828 a5f2 | 2800 c0f2 | e807 00f9 | 0800 8092 | e803 00f9 

  0x000000010fdff9a4: ; ImmutableOopMap {[232]=Oop [240]=Oop [248]=Oop }
                      ;*synchronization entry
                      ; - kotlin.jvm.internal.Intrinsics::sanitizeStackTrace@-1 (line 253)
                      ; - kotlin.jvm.internal.Intrinsics::throwParameterIsNullNPE@11 (line 140)
                      ; - kotlin.jvm.internal.Intrinsics::checkNotNullParameter@5 (line 131)
                      ; - kotlin.coroutines.jvm.internal.DebugProbesKt::probeCoroutineResumed@3
                      ; - kotlin.coroutines.jvm.internal.BaseContinuationImpl::resumeWith@13 (line 29)
                      ;   {runtime_call counter_overflow Runtime1 stub}
  0x000000010fdff9a4: d742 c095 | 7cfd ff17 

  0x000000010fdff9ac: ;   {metadata({method} {0x000000d8004684b0} 'getName' '()Ljava/lang/String;' in 'java/lang/Class')}
  0x000000010fdff9ac: 0896 90d2 | c808 a0f2 | 081b c0f2 | e807 00f9 | 0800 8092 | e803 00f9 

  0x000000010fdff9c4: ; ImmutableOopMap {c_rarg1=Oop [232]=Oop [240]=Oop [248]=Oop }
                      ;*synchronization entry
                      ; - java.lang.Class::getName@-1 (line 949)
                      ; - kotlin.jvm.internal.Intrinsics::sanitizeStackTrace@3 (line 253)
                      ; - kotlin.jvm.internal.Intrinsics::throwParameterIsNullNPE@11 (line 140)
                      ; - kotlin.jvm.internal.Intrinsics::checkNotNullParameter@5 (line 131)
                      ; - kotlin.coroutines.jvm.internal.DebugProbesKt::probeCoroutineResumed@3
                      ; - kotlin.coroutines.jvm.internal.BaseContinuationImpl::resumeWith@13 (line 29)
                      ;   {runtime_call counter_overflow Runtime1 stub}
  0x000000010fdff9c4: cf42 c095 | 87fd ff17 

  0x000000010fdff9cc: ; ImmutableOopMap {[232]=Oop [240]=Oop [248]=Oop }
                      ;*getfield name {reexecute=1 rethrow=0 return_oop=0}
                      ; - (reexecute) java.lang.Class::getName@1 (line 949)
                      ; - kotlin.jvm.internal.Intrinsics::sanitizeStackTrace@3 (line 253)
                      ; - kotlin.jvm.internal.Intrinsics::throwParameterIsNullNPE@11 (line 140)
                      ; - kotlin.jvm.internal.Intrinsics::checkNotNullParameter@5 (line 131)
                      ; - kotlin.coroutines.jvm.internal.DebugProbesKt::probeCoroutineResumed@3
                      ; - kotlin.coroutines.jvm.internal.BaseContinuationImpl::resumeWith@13 (line 29)
                      ;   {runtime_call throw_null_pointer_exception Runtime1 stub}
  0x000000010fdff9cc: 0d2e c095 

  0x000000010fdff9d0: ; ImmutableOopMap {c_rarg3=Oop c_rarg0=Oop [176]=Oop }
                      ;*invokeinterface resumeWith {reexecute=0 rethrow=0 return_oop=0}
                      ; - kotlin.coroutines.jvm.internal.BaseContinuationImpl::resumeWith@114 (line 47)
                      ;   {runtime_call throw_null_pointer_exception Runtime1 stub}
  0x000000010fdff9d0: 0c2e c095 

  0x000000010fdff9d4: ;   {internal_word}
  0x000000010fdff9d4: 08bc ff10 | 8837 02f9 

  0x000000010fdff9dc: ;   {runtime_call SafepointBlob}
  0x000000010fdff9dc: c9eb bc15 

  0x000000010fdff9e0: ;   {internal_word}
  0x000000010fdff9e0: 68bc ff10 | 8837 02f9 

  0x000000010fdff9e8: ;   {runtime_call SafepointBlob}
  0x000000010fdff9e8: c6eb bc15 | e803 00aa 

  0x000000010fdff9f0: ; ImmutableOopMap {c_rarg1=Oop [232]=Oop }
                      ;*checkcast {reexecute=0 rethrow=0 return_oop=0}
                      ; - kotlin.jvm.internal.Intrinsics::throwParameterIsNullNPE@14 (line 140)
                      ; - kotlin.jvm.internal.Intrinsics::checkNotNullParameter@5 (line 131)
                      ; - kotlin.coroutines.jvm.internal.DebugProbesKt::probeCoroutineResumed@3
                      ; - kotlin.coroutines.jvm.internal.BaseContinuationImpl::resumeWith@13 (line 29)
                      ;   {runtime_call throw_class_cast_exception Runtime1 stub}
  0x000000010fdff9f0: 0438 c095 

  0x000000010fdff9f4: ; ImmutableOopMap {c_rarg1=Oop c_rarg0=Oop [232]=Oop }
                      ;*athrow {reexecute=1 rethrow=0 return_oop=0}
                      ; - (reexecute) kotlin.jvm.internal.Intrinsics::throwParameterIsNullNPE@17 (line 140)
                      ; - kotlin.jvm.internal.Intrinsics::checkNotNullParameter@5 (line 131)
                      ; - kotlin.coroutines.jvm.internal.DebugProbesKt::probeCoroutineResumed@3
                      ; - kotlin.coroutines.jvm.internal.BaseContinuationImpl::resumeWith@13 (line 29)
                      ;   {runtime_call throw_null_pointer_exception Runtime1 stub}
  0x000000010fdff9f4: 032e c095 | e803 00aa 

  0x000000010fdff9fc: ; ImmutableOopMap {c_rarg2=Oop [168]=Oop [176]=Oop }
                      ;*checkcast {reexecute=0 rethrow=0 return_oop=0}
                      ; - kotlin.jvm.internal.Intrinsics::throwJavaNpe@10 (line 45)
                      ; - kotlin.jvm.internal.Intrinsics::checkNotNull@4 (line 25)
                      ; - kotlin.coroutines.jvm.internal.BaseContinuationImpl::resumeWith@31 (line 31)
                      ;   {runtime_call throw_class_cast_exception Runtime1 stub}
  0x000000010fdff9fc: 0138 c095 

  0x000000010fdffa00: ; ImmutableOopMap {c_rarg2=Oop c_rarg0=Oop [168]=Oop [176]=Oop }
                      ;*athrow {reexecute=1 rethrow=0 return_oop=0}
                      ; - (reexecute) kotlin.jvm.internal.Intrinsics::throwJavaNpe@13 (line 45)
                      ; - kotlin.jvm.internal.Intrinsics::checkNotNull@4 (line 25)
                      ; - kotlin.coroutines.jvm.internal.BaseContinuationImpl::resumeWith@31 (line 31)
                      ;   {runtime_call throw_null_pointer_exception Runtime1 stub}
  0x000000010fdffa00: 002e c095 | e803 00aa 

  0x000000010fdffa08: ; ImmutableOopMap {[168]=Oop [176]=Oop [208]=Oop }
                      ;*checkcast {reexecute=0 rethrow=0 return_oop=0}
                      ; - kotlin.jvm.internal.Intrinsics::throwParameterIsNullNPE@14 (line 140)
                      ; - kotlin.jvm.internal.Intrinsics::checkNotNullParameter@5 (line 131)
                      ; - kotlin.ResultKt::createFailure@3
                      ; - kotlin.coroutines.jvm.internal.BaseContinuationImpl::resumeWith@76 (line 38)
                      ;   {runtime_call throw_class_cast_exception Runtime1 stub}
  0x000000010fdffa08: fe37 c095 

  0x000000010fdffa0c: ; ImmutableOopMap {c_rarg0=Oop [168]=Oop [176]=Oop [208]=Oop }
                      ;*athrow {reexecute=1 rethrow=0 return_oop=0}
                      ; - (reexecute) kotlin.jvm.internal.Intrinsics::throwParameterIsNullNPE@17 (line 140)
                      ; - kotlin.jvm.internal.Intrinsics::checkNotNullParameter@5 (line 131)
                      ; - kotlin.ResultKt::createFailure@3
                      ; - kotlin.coroutines.jvm.internal.BaseContinuationImpl::resumeWith@76 (line 38)
                      ;   {runtime_call throw_null_pointer_exception Runtime1 stub}
  0x000000010fdffa0c: fd2d c095 | e803 00aa 

  0x000000010fdffa14: ; ImmutableOopMap {c_rarg2=Oop c_rarg4=Oop c_rarg3=Oop c_rarg1=Oop [176]=Oop }
                      ;*checkcast {reexecute=0 rethrow=0 return_oop=0}
                      ; - kotlin.jvm.internal.Intrinsics::throwParameterIsNullNPE@14 (line 140)
                      ; - kotlin.jvm.internal.Intrinsics::checkNotNullParameter@5 (line 131)
                      ; - kotlin.Result$Failure::<init>@3
                      ; - kotlin.ResultKt::createFailure@11 (line 122)
                      ; - kotlin.coroutines.jvm.internal.BaseContinuationImpl::resumeWith@76 (line 38)
                      ;   {runtime_call throw_class_cast_exception Runtime1 stub}
  0x000000010fdffa14: fb37 c095 

  0x000000010fdffa18: ; ImmutableOopMap {c_rarg2=Oop c_rarg4=Oop c_rarg3=Oop c_rarg1=Oop c_rarg0=Oop [176]=Oop }
                      ;*athrow {reexecute=1 rethrow=0 return_oop=0}
                      ; - (reexecute) kotlin.jvm.internal.Intrinsics::throwParameterIsNullNPE@17 (line 140)
                      ; - kotlin.jvm.internal.Intrinsics::checkNotNullParameter@5 (line 131)
                      ; - kotlin.Result$Failure::<init>@3
                      ; - kotlin.ResultKt::createFailure@11 (line 122)
                      ; - kotlin.coroutines.jvm.internal.BaseContinuationImpl::resumeWith@76 (line 38)
                      ;   {runtime_call throw_null_pointer_exception Runtime1 stub}
  0x000000010fdffa18: fa2d c095 | 8083 42f9 | 9f83 02f9 | 9f87 02f9 | fd7b 51a9 | ff83 0491 

  0x000000010fdffa30: ;   {runtime_call unwind_exception Runtime1 stub}
  0x000000010fdffa30: 342a c015 | 0000 0000 
[Stub Code]
  0x000000010fdffa38: ;   {no_reloc}
  0x000000010fdffa38: df3f 03d5 

  0x000000010fdffa3c: ;   {metadata(nullptr)}
  0x000000010fdffa3c: 0c00 80d2 | 0c00 a0f2 | 0c00 c0f2 | 0800 80d2 | 0800 a0f2 | 0800 c0f2 | 0001 1fd6 

  0x000000010fdffa58: ;   {trampoline_stub}
  0x000000010fdffa58: 4800 0058 | 0001 1fd6 | b09c e216 | 0100 0000 

  0x000000010fdffa68: ;   {static_stub}
  0x000000010fdffa68: df3f 03d5 

  0x000000010fdffa6c: ;   {metadata(nullptr)}
  0x000000010fdffa6c: 0c00 80d2 | 0c00 a0f2 | 0c00 c0f2 | 0800 80d2 | 0800 a0f2 | 0800 c0f2 | 0001 1fd6 

  0x000000010fdffa88: ;   {trampoline_stub}
  0x000000010fdffa88: 4800 0058 | 0001 1fd6 | b09f e216 | 0100 0000 

  0x000000010fdffa98: ;   {trampoline_stub}
  0x000000010fdffa98: 4800 0058 | 0001 1fd6 | 8047 d316 | 0100 0000 

  0x000000010fdffaa8: ;   {trampoline_stub}
  0x000000010fdffaa8: 4800 0058 | 0001 1fd6 | 8041 d316 | 0100 0000 

  0x000000010fdffab8: ;   {trampoline_stub}
  0x000000010fdffab8: 4800 0058 | 0001 1fd6 | 8041 d316 | 0100 0000 

  0x000000010fdffac8: ;   {trampoline_stub}
  0x000000010fdffac8: 4800 0058 | 0001 1fd6 | 8047 d316 | 0100 0000 

  0x000000010fdffad8: ;   {trampoline_stub}
  0x000000010fdffad8: 4800 0058 | 0001 1fd6 | 8041 d316 | 0100 0000 

  0x000000010fdffae8: ;   {trampoline_stub}
  0x000000010fdffae8: 4800 0058 | 0001 1fd6 | 8041 d316 | 0100 0000 

  0x000000010fdffaf8: ;   {trampoline_stub}
  0x000000010fdffaf8: 4800 0058 | 0001 1fd6 | 8041 d316 | 0100 0000 

  0x000000010fdffb08: ;   {trampoline_stub}
  0x000000010fdffb08: 4800 0058 | 0001 1fd6 | 8041 d316 | 0100 0000 

  0x000000010fdffb18: ;   {trampoline_stub}
  0x000000010fdffb18: 4800 0058 | 0001 1fd6 | 8047 d316 | 0100 0000 

  0x000000010fdffb28: ;   {trampoline_stub}
  0x000000010fdffb28: 4800 0058 | 0001 1fd6 | 8041 d316 | 0100 0000 

  0x000000010fdffb38: ;   {trampoline_stub}
  0x000000010fdffb38: 4800 0058 | 0001 1fd6 | 8041 d316 | 0100 0000 

  0x000000010fdffb48: ;   {static_stub}
  0x000000010fdffb48: df3f 03d5 

  0x000000010fdffb4c: ;   {metadata(nullptr)}
  0x000000010fdffb4c: 0c00 80d2 | 0c00 a0f2 | 0c00 c0f2 | 0800 80d2 | 0800 a0f2 | 0800 c0f2 | 0001 1fd6 

  0x000000010fdffb68: ;   {trampoline_stub}
  0x000000010fdffb68: 4800 0058 | 0001 1fd6 | 609a e216 | 0100 0000 

  0x000000010fdffb78: ;   {trampoline_stub}
  0x000000010fdffb78: 4800 0058 | 0001 1fd6 | 8047 d316 | 0100 0000 

  0x000000010fdffb88: ;   {trampoline_stub}
  0x000000010fdffb88: 4800 0058 | 0001 1fd6 | 8047 d316 | 0100 0000 

  0x000000010fdffb98: ;   {trampoline_stub}
  0x000000010fdffb98: 4800 0058 | 0001 1fd6 | 8047 d316 | 0100 0000 

  0x000000010fdffba8: ;   {trampoline_stub}
  0x000000010fdffba8: 4800 0058 | 0001 1fd6 | 8047 d316 | 0100 0000 

  0x000000010fdffbb8: ;   {static_stub}
  0x000000010fdffbb8: df3f 03d5 

  0x000000010fdffbbc: ;   {metadata(nullptr)}
  0x000000010fdffbbc: 0c00 80d2 | 0c00 a0f2 | 0c00 c0f2 | 0800 80d2 | 0800 a0f2 | 0800 c0f2 | 0001 1fd6 

  0x000000010fdffbd8: ;   {static_stub}
  0x000000010fdffbd8: df3f 03d5 

  0x000000010fdffbdc: ;   {metadata(nullptr)}
  0x000000010fdffbdc: 0c00 80d2 | 0c00 a0f2 | 0c00 c0f2 | 0800 80d2 | 0800 a0f2 | 0800 c0f2 | 0001 1fd6 

  0x000000010fdffbf8: ;   {static_stub}
  0x000000010fdffbf8: df3f 03d5 

  0x000000010fdffbfc: ;   {metadata(nullptr)}
  0x000000010fdffbfc: 0c00 80d2 | 0c00 a0f2 | 0c00 c0f2 | 0800 80d2 | 0800 a0f2 | 0800 c0f2 | 0001 1fd6 

  0x000000010fdffc18: ;   {static_stub}
  0x000000010fdffc18: df3f 03d5 

  0x000000010fdffc1c: ;   {metadata(nullptr)}
  0x000000010fdffc1c: 0c00 80d2 | 0c00 a0f2 | 0c00 c0f2 | 0800 80d2 | 0800 a0f2 | 0800 c0f2 | 0001 1fd6 

  0x000000010fdffc38: ;   {static_stub}
  0x000000010fdffc38: df3f 03d5 

  0x000000010fdffc3c: ;   {metadata(nullptr)}
  0x000000010fdffc3c: 0c00 80d2 | 0c00 a0f2 | 0c00 c0f2 | 0800 80d2 | 0800 a0f2 | 0800 c0f2 | 0001 1fd6 
[Exception Handler]
  0x000000010fdffc58: ;   {runtime_call handle_exception_from_callee Runtime1 stub}
  0x000000010fdffc58: ea35 c095 | c1d5 bbd4 | fe8a b306 | 0100 0000 
[Deopt Handler Code]
  0x000000010fdffc68: 1e00 0010 

  0x000000010fdffc6c: ;   {runtime_call DeoptimizationBlob}
  0x000000010fdffc6c: f5eb bc15 
[/MachCode]


Compiled method (c1) 3826 3357   !   3       kotlinx.coroutines.DispatchedTask::run (387 bytes)
 total in heap  [0x000000010fcc6790,0x000000010fccc268] = 23256
 relocation     [0x000000010fcc68e0,0x000000010fcc7080] = 1952
 main code      [0x000000010fcc7080,0x000000010fcca078] = 12280
 stub code      [0x000000010fcca078,0x000000010fcca680] = 1544
 oops           [0x000000010fcca680,0x000000010fcca6b0] = 48
 metadata       [0x000000010fcca6b0,0x000000010fcca880] = 464
 scopes data    [0x000000010fcca880,0x000000010fccb1d0] = 2384
 scopes pcs     [0x000000010fccb1d0,0x000000010fccb950] = 1920
 dependencies   [0x000000010fccb950,0x000000010fccb958] = 8
 handler table  [0x000000010fccb958,0x000000010fccc1d8] = 2176
 nul chk table  [0x000000010fccc1d8,0x000000010fccc268] = 144

[Constant Pool (empty)]

[MachCode]
[Entry Point]
  # {method} {0x0000000129504ee8} 'run' '()V' in 'kotlinx/coroutines/DispatchedTask'
  #           [sp+0x180]  (sp of caller)
  0x000000010fcc7080: 2808 40b9 | 3f01 086b | c001 0054 

  0x000000010fcc708c: ;   {runtime_call ic_miss_stub}
  0x000000010fcc708c: 7db3 c115 | 1f20 03d5 | 1f20 03d5 | 1f20 03d5 | 1f20 03d5 | 1f20 03d5 | 1f20 03d5 | 1f20 03d5 
  0x000000010fcc70ac: 1f20 03d5 | 1f20 03d5 | 1f20 03d5 | 1f20 03d5 | 1f20 03d5 
[Verified Entry Point]
  0x000000010fcc70c0: 1f20 03d5 | e953 40d1 | 3f01 00f9 | ff03 06d1 | fd7b 17a9 | 2801 0018 | 8923 40b9 | 1f01 09eb 
  0x000000010fcc70e0: e000 0054 | 0830 9bd2 | 68da a2f2 | 2800 c0f2 | 0001 3fd6 | 0200 0014 | 0500 0000 | e15b 00f9 
  0x000000010fcc7100: ;   {metadata(method data for {method} {0x0000000129504ee8} 'run' '()V' in 'kotlinx/coroutines/DispatchedTask')}
  0x000000010fcc7100: 0071 93d2 | c066 a5f2 | 2000 c0f2 | 02ac 40b9 | 4208 0011 | 02ac 00b9 | 4224 1f12 | 5f00 0071 
  0x000000010fcc7120: a04f 0154 

  0x000000010fcc7124: ;   {metadata(method data for {method} {0x0000000129504ee8} 'run' '()V' in 'kotlinx/coroutines/DispatchedTask')}
  0x000000010fcc7124: 0071 93d2 | c066 a5f2 | 2000 c0f2 | 0878 40f9 | 0805 0091 | 0878 00f9 

  0x000000010fcc713c: ;   {metadata(method data for {method} {0x00000001294e1f60} 'getASSERTIONS_ENABLED' '()Z' in 'kotlinx/coroutines/DebugKt')}
  0x000000010fcc713c: 0097 9bd2 | c051 a5f2 | 2000 c0f2 | 02ac 40b9 | 4208 0011 | 02ac 00b9 | 424c 1f12 | 5f00 0071 
  0x000000010fcc715c: c04e 0154 

  0x000000010fcc7160: ;   {metadata(method data for {method} {0x0000000129504ee8} 'run' '()V' in 'kotlinx/coroutines/DispatchedTask')}
  0x000000010fcc7160: 0071 93d2 | c066 a5f2 | 2000 c0f2 | 0280 40f9 | 4204 0091 | 0280 00f9 | e003 01aa 

  0x000000010fcc717c: ;   {metadata(method data for {method} {0x0000000129504ee8} 'run' '()V' in 'kotlinx/coroutines/DispatchedTask')}
  0x000000010fcc717c: 0271 93d2 | c266 a5f2 | 2200 c0f2 | 0008 40b9 | 001b c0f2 | 4960 0691 | 2801 40f9 | 1f00 08eb 
  0x000000010fcc719c: a100 0054 | 48d0 40f9 | 0805 0091 | 48d0 00f9 | 1c00 0014 | 49a0 0691 | 2801 40f9 | 1f00 08eb 
  0x000000010fcc71bc: a100 0054 | 48d8 40f9 | 0805 0091 | 48d8 00f9 | 1400 0014 | 4960 0691 | 2801 40f9 | c800 00b5 
  0x000000010fcc71dc: 2001 00f9 | e803 40b2 | 4980 0691 | 2801 00f9 | 0c00 0014 | 49a0 0691 | 2801 40f9 | c800 00b5 
  0x000000010fcc71fc: 2001 00f9 | e803 40b2 | 49c0 0691 | 2801 00f9 | 0400 0014 | 48c4 40f9 | 0805 0091 | 48c4 00f9 
  0x000000010fcc721c: e003 01aa | e103 00aa | e9ff 9fd2 | e9ff bff2 | e9ff dff2 

  0x000000010fcc7230: ; ImmutableOopMap {[176]=Oop }
                      ;*invokevirtual getDelegate$kotlinx_coroutines_core {reexecute=0 rethrow=0 return_oop=0}
                      ; - kotlinx.coroutines.DispatchedTask::run@34 (line 80)
                      ;   {virtual_call}
  0x000000010fcc7230: a08a c595 

  0x000000010fcc7234: ;   {other}
  0x000000010fcc7234: 1f20 03d5 | 9f54 81f2 | 1f00 80f2 | e05f 00f9 

  0x000000010fcc7244: ;   {metadata(method data for {method} {0x0000000129504ee8} 'run' '()V' in 'kotlinx/coroutines/DispatchedTask')}
  0x000000010fcc7244: 0371 93d2 | c366 a5f2 | 2300 c0f2 | 68e0 40f9 | 0805 0091 | 68e0 00f9 

  0x000000010fcc725c: ;   {metadata(method data for {method} {0x0000000129419f50} 'checkNotNull' '(Ljava/lang/Object;Ljava/lang/String;)V' in 'kotlin/jvm/internal/Intrinsics')}
  0x000000010fcc725c: 038d 97d2 | a332 a5f2 | 2300 c0f2 | 64ac 40b9 | 8408 0011 | 64ac 00b9 | 844c 1f12 | 9f00 0071 
  0x000000010fcc727c: c046 0154 | e303 1faa | 1f00 03eb 

  0x000000010fcc7288: ;   {metadata(method data for {method} {0x0000000129419f50} 'checkNotNull' '(Ljava/lang/Object;Ljava/lang/String;)V' in 'kotlin/jvm/internal/Intrinsics')}
  0x000000010fcc7288: 038d 97d2 | a332 a5f2 | 2300 c0f2 | e80f 7cb2 | e903 78b2 | 0411 899a | 6a68 64f8 | 4a05 0091 
  0x000000010fcc72a8: 6a68 24f8 | e10e 0054 

  0x000000010fcc72b0: ;   {metadata(method data for {method} {0x0000000129419f50} 'checkNotNull' '(Ljava/lang/Object;Ljava/lang/String;)V' in 'kotlin/jvm/internal/Intrinsics')}
  0x000000010fcc72b0: 038d 97d2 | a332 a5f2 | 2300 c0f2 | 6888 40f9 | 0805 0091 | 6888 00f9 

  0x000000010fcc72c8: ;   {metadata(method data for {method} {0x000000012941a220} 'throwJavaNpe' '(Ljava/lang/String;)V' in 'kotlin/jvm/internal/Intrinsics')}
  0x000000010fcc72c8: 03ba 97d2 | a332 a5f2 | 2300 c0f2 | 64ac 40b9 | 8408 0011 | 64ac 00b9 | 844c 1f12 | 9f00 0071 
  0x000000010fcc72e8: 6044 0154 

  0x000000010fcc72ec: ; ImmutableOopMap {[176]=Oop [184]=Oop }
                      ;*new {reexecute=0 rethrow=0 return_oop=0}
                      ; - kotlin.jvm.internal.Intrinsics::throwJavaNpe@0 (line 50)
                      ; - kotlin.jvm.internal.Intrinsics::checkNotNull@5 (line 31)
                      ; - kotlinx.coroutines.DispatchedTask::run@40 (line 80)
                      ;   {runtime_call load_mirror_patching Runtime1 stub}
  0x000000010fcc72ec: 4522 c595 | 80df 40f9 | 0bc0 0091 | 88e7 40f9 | 7f01 08eb | a844 0154 | 8bdf 00f9 | ea03 40b2 
  0x000000010fcc730c: 0a00 00f9 | ea03 032a | 0a7c 0129 | 0a40 0091 | 5f7d 00a9 | 5f7d 01a9 | bf3a 03d5 | e203 00aa 
  0x000000010fcc732c: ;   {metadata(method data for {method} {0x000000012941a220} 'throwJavaNpe' '(Ljava/lang/String;)V' in 'kotlin/jvm/internal/Intrinsics')}
  0x000000010fcc732c: 01ba 97d2 | a132 a5f2 | 2100 c0f2 | 2878 40f9 | 0805 0091 | 2878 00f9 

  0x000000010fcc7344: ;   {oop("null cannot be cast to non-null type kotlinx.coroutines.internal.DispatchedContinuation<T of kotlinx.coroutines.DispatchedTask>"{0x00000004808ef850})}
  0x000000010fcc7344: 020a 9fd2 | c211 b0f2 | 8200 c0f2 | e103 00aa | e063 00f9 

  0x000000010fcc7358: ; ImmutableOopMap {[176]=Oop [184]=Oop [192]=Oop }
                      ;*invokespecial <init> {reexecute=0 rethrow=0 return_oop=0}
                      ; - kotlin.jvm.internal.Intrinsics::throwJavaNpe@5 (line 50)
                      ; - kotlin.jvm.internal.Intrinsics::checkNotNull@5 (line 31)
                      ; - kotlinx.coroutines.DispatchedTask::run@40 (line 80)
                      ;   {optimized virtual_call}
  0x000000010fcc7358: 8ab3 c195 

  0x000000010fcc735c: ;   {other}
  0x000000010fcc735c: 1f20 03d5 | 9f79 81f2 | 1f40 80f2 

  0x000000010fcc7368: ;   {metadata(method data for {method} {0x000000012941a220} 'throwJavaNpe' '(Ljava/lang/String;)V' in 'kotlin/jvm/internal/Intrinsics')}
  0x000000010fcc7368: 01ba 97d2 | a132 a5f2 | 2100 c0f2 | 2880 40f9 | 0805 0091 | 2880 00f9 

  0x000000010fcc7380: ;   {metadata(method data for {method} {0x000000012941c0c0} 'sanitizeStackTrace' '(Ljava/lang/Throwable;)Ljava/lang/Throwable;' in 'kotlin/jvm/internal/Intrinsics')}
  0x000000010fcc7380: 01d7 8dd2 | c12b a5f2 | 2100 c0f2 | 20ac 40b9 | 0008 0011 | 20ac 00b9 | 004c 1f12 | 1f00 0071 
  0x000000010fcc73a0: e03f 0154 

  0x000000010fcc73a4: ;   {oop(a 'java/lang/Class'{0x00000004803b59e8} = 'kotlin/jvm/internal/Intrinsics')}
  0x000000010fcc73a4: 013d 8bd2 | 6107 b0f2 | 8100 c0f2 | e003 01aa 

  0x000000010fcc73b4: ;   {metadata(method data for {method} {0x000000012941c0c0} 'sanitizeStackTrace' '(Ljava/lang/Throwable;)Ljava/lang/Throwable;' in 'kotlin/jvm/internal/Intrinsics')}
  0x000000010fcc73b4: 02d7 8dd2 | c22b a5f2 | 2200 c0f2 | 4878 40f9 | 0805 0091 | 4878 00f9 

  0x000000010fcc73cc: ;   {metadata(method data for {method} {0x000000d8004684b0} 'getName' '()Ljava/lang/String;' in 'java/lang/Class')}
  0x000000010fcc73cc: 002f 95d2 | 6020 a5f2 | 2000 c0f2 | 02ac 40b9 | 4208 0011 | 02ac 00b9 | 424c 1f12 | 5f00 0071 
  0x000000010fcc73ec: 803e 0154 

  0x000000010fcc73f0: ; implicit exception: dispatches to 0x000000010fcc9bdc
  0x000000010fcc73f0: 212c 40b9 | 21f0 7dd3 | e003 1faa | 3f00 00eb 

  0x000000010fcc7400: ;   {metadata(method data for {method} {0x000000d8004684b0} 'getName' '()Ljava/lang/String;' in 'java/lang/Class')}
  0x000000010fcc7400: 002f 95d2 | 6020 a5f2 | 2000 c0f2 | e80f 7cb2 | e903 78b2 | 0201 899a | 0368 62f8 | 6304 0091 
  0x000000010fcc7420: 0368 22f8 | 2001 0054 

  0x000000010fcc7428: ;   {metadata(method data for {method} {0x000000d8004684b0} 'getName' '()Ljava/lang/String;' in 'java/lang/Class')}
  0x000000010fcc7428: 002f 95d2 | 6020 a5f2 | 2000 c0f2 | 0288 40f9 | 4204 0091 | 0288 00f9 | e003 01aa | 0f00 0014 
  0x000000010fcc7448: ;   {oop(a 'java/lang/Class'{0x00000004803b59e8} = 'kotlin/jvm/internal/Intrinsics')}
  0x000000010fcc7448: 013d 8bd2 | 6107 b0f2 | 8100 c0f2 | e003 01aa 

  0x000000010fcc7458: ;   {metadata(method data for {method} {0x000000d8004684b0} 'getName' '()Ljava/lang/String;' in 'java/lang/Class')}
  0x000000010fcc7458: 022f 95d2 | 6220 a5f2 | 2200 c0f2 | 4894 40f9 | 0805 0091 | 4894 00f9 

  0x000000010fcc7470: ; ImmutableOopMap {[176]=Oop [184]=Oop [192]=Oop }
                      ;*invokevirtual initClassName {reexecute=0 rethrow=0 return_oop=0}
                      ; - java.lang.Class::getName@14 (line 950)
                      ; - kotlin.jvm.internal.Intrinsics::sanitizeStackTrace@3 (line 253)
                      ; - kotlin.jvm.internal.Intrinsics::throwJavaNpe@8 (line 50)
                      ; - kotlin.jvm.internal.Intrinsics::checkNotNull@5 (line 31)
                      ; - kotlinx.coroutines.DispatchedTask::run@40 (line 80)
                      ;   {optimized virtual_call}
  0x000000010fcc7470: 44b3 c195 

  0x000000010fcc7474: ;   {other}
  0x000000010fcc7474: 1f20 03d5 | 9f9c 81f2 | 1f60 80f2 | e163 40f9 | 9808 0014 | 0001 00b5 

  0x000000010fcc748c: ;   {metadata(method data for {method} {0x0000000129504ee8} 'run' '()V' in 'kotlinx/coroutines/DispatchedTask')}
  0x000000010fcc748c: 0371 93d2 | c366 a5f2 | 2300 c0f2 | 6824 4739 | 0801 40b2 | 6824 0739 | 3600 0014 

  0x000000010fcc74a8: ;   {metadata('kotlinx/coroutines/internal/DispatchedContinuation')}
  0x000000010fcc74a8: 0223 9bd2 | 0221 a0f2 | 021b c0f2 | 0808 40b9 | 081b c0f2 | 1f01 02eb | e104 0054 

  0x000000010fcc74c4: ;   {metadata(method data for {method} {0x0000000129504ee8} 'run' '()V' in 'kotlinx/coroutines/DispatchedTask')}
  0x000000010fcc74c4: 0371 93d2 | c366 a5f2 | 2300 c0f2 | 0208 40b9 | 021b c0f2 | 6980 0791 | 2801 40f9 | 5f00 08eb 
  0x000000010fcc74e4: a100 0054 | 68f4 40f9 | 0805 0091 | 68f4 00f9 | 2200 0014 | 69c0 0791 | 2801 40f9 | 5f00 08eb 
  0x000000010fcc7504: a100 0054 | 68fc 40f9 | 0805 0091 | 68fc 00f9 | 1a00 0014 | 6980 0791 | 2801 40f9 | c800 00b5 
  0x000000010fcc7524: 2201 00f9 | e803 40b2 | 69a0 0791 | 2801 00f9 | 1200 0014 | 69c0 0791 | 2801 40f9 | c800 00b5 
  0x000000010fcc7544: 2201 00f9 | e803 40b2 | 69e0 0791 | 2801 00f9 | 0a00 0014 | 0900 0014 

  0x000000010fcc755c: ;   {metadata(method data for {method} {0x0000000129504ee8} 'run' '()V' in 'kotlinx/coroutines/DispatchedTask')}
  0x000000010fcc755c: 0371 93d2 | c366 a5f2 | 2300 c0f2 | 68e8 40f9 | 0805 00d1 | 68e8 00f9 | 9b09 0014 | 0100 0014 
  0x000000010fcc757c: e103 00aa 

  0x000000010fcc7580: ; implicit exception: dispatches to 0x000000010fcc9be8
  0x000000010fcc7580: 2020 40b9 | 00f0 7dd3 | 2228 40b9 | 42f0 7dd3 

  0x000000010fcc7590: ; implicit exception: dispatches to 0x000000010fcc9bec
  0x000000010fcc7590: 1f00 40f9 | e103 00aa 

  0x000000010fcc7598: ;   {metadata(method data for {method} {0x0000000129504ee8} 'run' '()V' in 'kotlinx/coroutines/DispatchedTask')}
  0x000000010fcc7598: 0371 93d2 | c366 a5f2 | 2300 c0f2 | 2108 40b9 | 011b c0f2 | 6960 0891 | 2801 40f9 | 3f00 08eb 
  0x000000010fcc75b8: a100 0054 | 6810 41f9 | 0805 0091 | 6810 01f9 | 1c00 0014 | 69a0 0891 | 2801 40f9 | 3f00 08eb 
  0x000000010fcc75d8: a100 0054 | 6818 41f9 | 0805 0091 | 6818 01f9 | 1400 0014 | 6960 0891 | 2801 40f9 | c800 00b5 
  0x000000010fcc75f8: 2101 00f9 | e803 40b2 | 6980 0891 | 2801 00f9 | 0c00 0014 | 69a0 0891 | 2801 40f9 | c800 00b5 
  0x000000010fcc7618: 2101 00f9 | e803 40b2 | 69c0 0891 | 2801 00f9 | 0400 0014 | 6804 41f9 | 0805 0091 | 6804 01f9 
  0x000000010fcc7638: e103 00aa | e283 0ca9 | 09c8 8cd2 | 290f adf2 | 2901 c0f2 

  0x000000010fcc764c: ; ImmutableOopMap {[176]=Oop [200]=Oop [208]=Oop }
                      ;*invokeinterface getContext {reexecute=0 rethrow=0 return_oop=0}
                      ; - kotlinx.coroutines.DispatchedTask::run@61 (line 222)
                      ;   {virtual_call}
  0x000000010fcc764c: ed89 c595 

  0x000000010fcc7650: ;   {other}
  0x000000010fcc7650: 1f20 03d5 | 1fd8 81f2 | 1f80 80f2 

  0x000000010fcc765c: ;   {metadata(method data for {method} {0x0000000129504ee8} 'run' '()V' in 'kotlinx/coroutines/DispatchedTask')}
  0x000000010fcc765c: 0171 93d2 | c166 a5f2 | 2100 c0f2 | 2820 41f9 | 0805 0091 | 2820 01f9 | e103 00aa | e267 40f9 
  0x000000010fcc767c: e06f 00f9 

  0x000000010fcc7680: ; ImmutableOopMap {[176]=Oop [208]=Oop [216]=Oop }
                      ;*invokestatic updateThreadContext {reexecute=0 rethrow=0 return_oop=0}
                      ; - kotlinx.coroutines.DispatchedTask::run@71 (line 223)
                      ;   {static_call}
  0x000000010fcc7680: 10f8 0594 

  0x000000010fcc7684: ;   {other}
  0x000000010fcc7684: 1f20 03d5 | 9fde 81f2 | 1fa0 80f2 

  0x000000010fcc7690: ;   {oop(a 'kotlinx/coroutines/internal/Symbol'{0x0000000480084858})}
  0x000000010fcc7690: 010b 89d2 | 0101 b0f2 | 8100 c0f2 | 1f00 01eb 

  0x000000010fcc76a0: ;   {metadata(method data for {method} {0x0000000129504ee8} 'run' '()V' in 'kotlinx/coroutines/DispatchedTask')}
  0x000000010fcc76a0: 0171 93d2 | c166 a5f2 | 2100 c0f2 | 084a 80d2 | 094c 80d2 | 0201 899a | 2368 62f8 | 6304 0091 
  0x000000010fcc76c0: 2368 22f8 | a002 0054 

  0x000000010fcc76c8: ;   {metadata(method data for {method} {0x0000000129504ee8} 'run' '()V' in 'kotlinx/coroutines/DispatchedTask')}
  0x000000010fcc76c8: 0171 93d2 | c166 a5f2 | 2100 c0f2 | 2838 41f9 | 0805 0091 | 2838 01f9 | e10b 4da9 | e303 00aa 
  0x000000010fcc76e8: e073 00f9 

  0x000000010fcc76ec: ; ImmutableOopMap {[176]=Oop [208]=Oop [216]=Oop [224]=Oop }
                      ;*invokestatic updateUndispatchedCompletion {reexecute=0 rethrow=0 return_oop=0}
                      ; - kotlinx.coroutines.DispatchedTask::run@89 (line 226)
                      ;   {static_call}
  0x000000010fcc76ec: 25b4 c195 

  0x000000010fcc76f0: ;   {other}
  0x000000010fcc76f0: 1f20 03d5 | 1fec 81f2 | 1fc0 80f2 

  0x000000010fcc76fc: ;   {metadata(method data for {method} {0x0000000129504ee8} 'run' '()V' in 'kotlinx/coroutines/DispatchedTask')}
  0x000000010fcc76fc: 0171 93d2 | c166 a5f2 | 2100 c0f2 | 2240 41f9 | 4204 0091 | 2240 01f9 | 0300 0014 | e073 00f9 
  0x000000010fcc771c: e003 1faa | e077 00f9 | e16b 40f9 

  0x000000010fcc7728: ;   {metadata(method data for {method} {0x0000000129504ee8} 'run' '()V' in 'kotlinx/coroutines/DispatchedTask')}
  0x000000010fcc7728: 0271 93d2 | c266 a5f2 | 2200 c0f2 | 2108 40b9 | 011b c0f2 | 49a0 0a91 | 2801 40f9 | 3f00 08eb 
  0x000000010fcc7748: a100 0054 | 4858 41f9 | 0805 0091 | 4858 01f9 | 1c00 0014 | 49e0 0a91 | 2801 40f9 | 3f00 08eb 
  0x000000010fcc7768: a100 0054 | 4860 41f9 | 0805 0091 | 4860 01f9 | 1400 0014 | 49a0 0a91 | 2801 40f9 | c800 00b5 
  0x000000010fcc7788: 2101 00f9 | e803 40b2 | 49c0 0a91 | 2801 00f9 | 0c00 0014 | 49e0 0a91 | 2801 40f9 | c800 00b5 
  0x000000010fcc77a8: 2101 00f9 | e803 40b2 | 4900 0b91 | 2801 00f9 | 0400 0014 | 484c 41f9 | 0805 0091 | 484c 01f9 
  0x000000010fcc77c8: e16b 40f9 | 09cc 8cd2 | 290f adf2 | 2901 c0f2 

  0x000000010fcc77d8: ; ImmutableOopMap {[176]=Oop [208]=Oop [216]=Oop [224]=Oop [232]=Oop }
                      ;*invokeinterface getContext {reexecute=0 rethrow=0 return_oop=0}
                      ; - kotlinx.coroutines.DispatchedTask::run@103 (line 83)
                      ;   {virtual_call}
  0x000000010fcc77d8: 8a89 c595 

  0x000000010fcc77dc: ;   {other}
  0x000000010fcc77dc: 1f20 03d5 | 9f09 82f2 | 1fe0 80f2 | e15b 40f9 

  0x000000010fcc77ec: ;   {metadata(method data for {method} {0x0000000129504ee8} 'run' '()V' in 'kotlinx/coroutines/DispatchedTask')}
  0x000000010fcc77ec: 0271 93d2 | c266 a5f2 | 2200 c0f2 | 2108 40b9 | 011b c0f2 | 4980 0b91 | 2801 40f9 | 3f00 08eb 
  0x000000010fcc780c: a100 0054 | 4874 41f9 | 0805 0091 | 4874 01f9 | 1c00 0014 | 49c0 0b91 | 2801 40f9 | 3f00 08eb 
  0x000000010fcc782c: a100 0054 | 487c 41f9 | 0805 0091 | 487c 01f9 | 1400 0014 | 4980 0b91 | 2801 40f9 | c800 00b5 
  0x000000010fcc784c: 2101 00f9 | e803 40b2 | 49a0 0b91 | 2801 00f9 | 0c00 0014 | 49c0 0b91 | 2801 40f9 | c800 00b5 
  0x000000010fcc786c: 2101 00f9 | e803 40b2 | 49e0 0b91 | 2801 00f9 | 0400 0014 | 4868 41f9 | 0805 0091 | 4868 01f9 
  0x000000010fcc788c: e15b 40f9 | e07b 00f9 | e9ff 9fd2 | e9ff bff2 | e9ff dff2 

  0x000000010fcc78a0: ; ImmutableOopMap {[176]=Oop [208]=Oop [216]=Oop [224]=Oop [232]=Oop [240]=Oop }
                      ;*invokevirtual takeState$kotlinx_coroutines_core {reexecute=0 rethrow=0 return_oop=0}
                      ; - kotlinx.coroutines.DispatchedTask::run@111 (line 84)
                      ;   {virtual_call}
  0x000000010fcc78a0: e287 c595 

  0x000000010fcc78a4: ;   {other}
  0x000000010fcc78a4: 1f20 03d5 | 9f22 82f2 | 1f00 81f2 | e07f 00f9 | e15b 40f9 

  0x000000010fcc78b8: ;   {metadata(method data for {method} {0x0000000129504ee8} 'run' '()V' in 'kotlinx/coroutines/DispatchedTask')}
  0x000000010fcc78b8: 0271 93d2 | c266 a5f2 | 2200 c0f2 | 2108 40b9 | 011b c0f2 | 4960 0c91 | 2801 40f9 | 3f00 08eb 
  0x000000010fcc78d8: a100 0054 | 4890 41f9 | 0805 0091 | 4890 01f9 | 1c00 0014 | 49a0 0c91 | 2801 40f9 | 3f00 08eb 
  0x000000010fcc78f8: a100 0054 | 4898 41f9 | 0805 0091 | 4898 01f9 | 1400 0014 | 4960 0c91 | 2801 40f9 | c800 00b5 
  0x000000010fcc7918: 2101 00f9 | e803 40b2 | 4980 0c91 | 2801 00f9 | 0c00 0014 | 49a0 0c91 | 2801 40f9 | c800 00b5 
  0x000000010fcc7938: 2101 00f9 | e803 40b2 | 49c0 0c91 | 2801 00f9 | 0400 0014 | 4884 41f9 | 0805 0091 | 4884 01f9 
  0x000000010fcc7958: e203 00aa | e15b 40f9 | e9ff 9fd2 | e9ff bff2 | e9ff dff2 

  0x000000010fcc796c: ; ImmutableOopMap {[176]=Oop [208]=Oop [216]=Oop [224]=Oop [232]=Oop [240]=Oop [248]=Oop }
                      ;*invokevirtual getExceptionalResult$kotlinx_coroutines_core {reexecute=0 rethrow=0 return_oop=0}
                      ; - kotlinx.coroutines.DispatchedTask::run@119 (line 85)
                      ;   {virtual_call}
  0x000000010fcc796c: c389 c595 

  0x000000010fcc7970: ;   {other}
  0x000000010fcc7970: 1f20 03d5 | 1f3c 82f2 | 1f20 81f2 | e083 00f9 | e203 1faa | 1f00 02eb 

  0x000000010fcc7988: ;   {metadata(method data for {method} {0x0000000129504ee8} 'run' '()V' in 'kotlinx/coroutines/DispatchedTask')}
  0x000000010fcc7988: 0271 93d2 | c266 a5f2 | 2200 c0f2 | 0868 80d2 | 096a 80d2 | 0111 899a | 4368 61f8 | 6304 0091 
  0x000000010fcc79a8: 4368 21f8 | e15b 40f9 | 8107 0054 | 2218 40b9 

  0x000000010fcc79b8: ;   {metadata(method data for {method} {0x0000000129504ee8} 'run' '()V' in 'kotlinx/coroutines/DispatchedTask')}
  0x000000010fcc79b8: 0371 93d2 | c366 a5f2 | 2300 c0f2 | 68b0 41f9 | 0805 0091 | 68b0 01f9 

  0x000000010fcc79d0: ;   {metadata(method data for {method} {0x000000012951fb50} 'isCancellableMode' '(I)Z' in 'kotlinx/coroutines/DispatchedTaskKt')}
  0x000000010fcc79d0: 03b7 96d2 | a35c a5f2 | 2300 c0f2 | 64ac 40b9 | 8408 0011 | 64ac 00b9 | 844c 1f12 | 9f00 0071 
  0x000000010fcc79f0: 0010 0154 | 5f04 0071 

  0x000000010fcc79f8: ;   {metadata(method data for {method} {0x000000012951fb50} 'isCancellableMode' '(I)Z' in 'kotlinx/coroutines/DispatchedTaskKt')}
  0x000000010fcc79f8: 03b7 96d2 | a35c a5f2 | 2300 c0f2 | e80f 7cb2 | e903 78b2 | 0401 899a | 6568 64f8 | a504 0091 
  0x000000010fcc7a18: 6568 24f8 | 8001 0054 | 5f08 0071 

  0x000000010fcc7a24: ;   {metadata(method data for {method} {0x000000012951fb50} 'isCancellableMode' '(I)Z' in 'kotlinx/coroutines/DispatchedTaskKt')}
  0x000000010fcc7a24: 02b7 96d2 | a25c a5f2 | 2200 c0f2 | 0822 80d2 | 0924 80d2 | 0311 899a | 4468 63f8 | 8404 0091 
  0x000000010fcc7a44: 4468 23f8 | 2101 0054 

  0x000000010fcc7a4c: ;   {metadata(method data for {method} {0x000000012951fb50} 'isCancellableMode' '(I)Z' in 'kotlinx/coroutines/DispatchedTaskKt')}
  0x000000010fcc7a4c: 02b7 96d2 | a25c a5f2 | 2200 c0f2 | 4398 40f9 | 6304 0091 | 4398 00f9 | e203 0032 | 0200 0014 
  0x000000010fcc7a6c: 0200 a052 | 4200 0012 | 5f00 0071 

  0x000000010fcc7a78: ;   {metadata(method data for {method} {0x0000000129504ee8} 'run' '()V' in 'kotlinx/coroutines/DispatchedTask')}
  0x000000010fcc7a78: 0271 93d2 | c266 a5f2 | 2200 c0f2 | e80b 79b2 | 096e 80d2 | 0311 899a | 4468 63f8 | 8404 0091 
  0x000000010fcc7a98: 4468 23f8 | 6100 0054 | e203 1faa | 8300 0014 | e07b 40f9 

  0x000000010fcc7aac: ; implicit exception: dispatches to 0x000000010fcc9c10
  0x000000010fcc7aac: 1f00 40f9 | e203 00aa 

  0x000000010fcc7ab4: ;   {metadata(method data for {method} {0x0000000129504ee8} 'run' '()V' in 'kotlinx/coroutines/DispatchedTask')}
  0x000000010fcc7ab4: 0471 93d2 | c466 a5f2 | 2400 c0f2 | 4208 40b9 | 021b c0f2 | 8960 0f91 | 2801 40f9 | 5f00 08eb 
  0x000000010fcc7ad4: a100 0054 | 88f0 41f9 | 0805 0091 | 88f0 01f9 | 1c00 0014 | 89a0 0f91 | 2801 40f9 | 5f00 08eb 
  0x000000010fcc7af4: a100 0054 | 88f8 41f9 | 0805 0091 | 88f8 01f9 | 1400 0014 | 8960 0f91 | 2801 40f9 | c800 00b5 
  0x000000010fcc7b14: 2201 00f9 | e803 40b2 | 8980 0f91 | 2801 00f9 | 0c00 0014 | 89a0 0f91 | 2801 40f9 | c800 00b5 
  0x000000010fcc7b34: 2201 00f9 | e803 40b2 | 89c0 0f91 | 2801 00f9 | 0400 0014 | 88e4 41f9 | 0805 0091 | 88e4 01f9 
  0x000000010fcc7b54: ;   {oop(a 'kotlinx/coroutines/Job$Key'{0x00000004803e6170})}
  0x000000010fcc7b54: 022e 8cd2 | c207 b0f2 | 8200 c0f2 | e103 00aa | 0984 89d2 | 49f1 acf2 | 2901 c0f2 

  0x000000010fcc7b70: ; ImmutableOopMap {[176]=Oop [208]=Oop [216]=Oop [224]=Oop [232]=Oop [248]=Oop [256]=Oop }
                      ;*invokeinterface get {reexecute=0 rethrow=0 return_oop=0}
                      ; - kotlinx.coroutines.DispatchedTask::run@147 (line 91)
                      ;   {virtual_call}
  0x000000010fcc7b70: 8687 c595 

  0x000000010fcc7b74: ;   {other}
  0x000000010fcc7b74: 1f20 03d5 | 9f7c 82f2 | 1f40 81f2 | 0001 00b5 

  0x000000010fcc7b84: ;   {metadata(method data for {method} {0x0000000129504ee8} 'run' '()V' in 'kotlinx/coroutines/DispatchedTask')}
  0x000000010fcc7b84: 0371 93d2 | c366 a5f2 | 2300 c0f2 | 68e4 4f39 | 0801 40b2 | 68e4 0f39 | 3d00 0014 

  0x000000010fcc7ba0: ;   {metadata('kotlinx/coroutines/Job')}
  0x000000010fcc7ba0: 02ce 8bd2 | 0221 a0f2 | 021b c0f2 | 0308 40b9 | 031b c0f2 | 6810 40f9 | 5f00 08eb | e000 0054 
  0x000000010fcc7bc0: 7f00 02eb | a000 0054 | e30b bfa9 

  0x000000010fcc7bcc: ;   {runtime_call slow_subtype_check Runtime1 stub}
  0x000000010fcc7bcc: 0d1a c595 | e307 41f8 | e304 0034 

  0x000000010fcc7bd8: ;   {metadata(method data for {method} {0x0000000129504ee8} 'run' '()V' in 'kotlinx/coroutines/DispatchedTask')}
  0x000000010fcc7bd8: 0371 93d2 | c366 a5f2 | 2300 c0f2 | 0208 40b9 | 021b c0f2 | 6940 1091 | 2801 40f9 | 5f00 08eb 
  0x000000010fcc7bf8: a100 0054 | 680c 42f9 | 0805 0091 | 680c 02f9 | 2200 0014 | 6980 1091 | 2801 40f9 | 5f00 08eb 
  0x000000010fcc7c18: a100 0054 | 6814 42f9 | 0805 0091 | 6814 02f9 | 1a00 0014 | 6940 1091 | 2801 40f9 | c800 00b5 
  0x000000010fcc7c38: 2201 00f9 | e803 40b2 | 6960 1091 | 2801 00f9 | 1200 0014 | 6980 1091 | 2801 40f9 | c800 00b5 
  0x000000010fcc7c58: 2201 00f9 | e803 40b2 | 69a0 1091 | 2801 00f9 | 0a00 0014 | 0900 0014 

  0x000000010fcc7c70: ;   {metadata(method data for {method} {0x0000000129504ee8} 'run' '()V' in 'kotlinx/coroutines/DispatchedTask')}
  0x000000010fcc7c70: 0371 93d2 | c366 a5f2 | 2300 c0f2 | 6800 42f9 | 0805 00d1 | 6800 02f9 | e307 0014 | 0100 0014 
  0x000000010fcc7c90: e103 00aa 

  0x000000010fcc7c94: ;   {metadata(method data for {method} {0x0000000129504ee8} 'run' '()V' in 'kotlinx/coroutines/DispatchedTask')}
  0x000000010fcc7c94: 0071 93d2 | c066 a5f2 | 2000 c0f2 | 021c 42f9 | 4204 0091 | 021c 02f9 | e203 01aa | e103 1faa 
  0x000000010fcc7cb4: 5f00 01eb 

  0x000000010fcc7cb8: ;   {metadata(method data for {method} {0x0000000129504ee8} 'run' '()V' in 'kotlinx/coroutines/DispatchedTask')}
  0x000000010fcc7cb8: 0171 93d2 | c166 a5f2 | 2100 c0f2 | 088a 80d2 | 098c 80d2 | 0001 899a | 2368 60f8 | 6304 0091 
  0x000000010fcc7cd8: 2368 20f8 | e007 0054 

  0x000000010fcc7ce0: ; implicit exception: dispatches to 0x000000010fcc9c1c
  0x000000010fcc7ce0: 5f00 40f9 | e103 02aa 

  0x000000010fcc7ce8: ;   {metadata(method data for {method} {0x0000000129504ee8} 'run' '()V' in 'kotlinx/coroutines/DispatchedTask')}
  0x000000010fcc7ce8: 0071 93d2 | c066 a5f2 | 2000 c0f2 | 2108 40b9 | 011b c0f2 | 0900 1291 | 2801 40f9 | 3f00 08eb 
  0x000000010fcc7d08: a100 0054 | 0844 42f9 | 0805 0091 | 0844 02f9 | 1c00 0014 | 0940 1291 | 2801 40f9 | 3f00 08eb 
  0x000000010fcc7d28: a100 0054 | 084c 42f9 | 0805 0091 | 084c 02f9 | 1400 0014 | 0900 1291 | 2801 40f9 | c800 00b5 
  0x000000010fcc7d48: 2101 00f9 | e803 40b2 | 0920 1291 | 2801 00f9 | 0c00 0014 | 0940 1291 | 2801 40f9 | c800 00b5 
  0x000000010fcc7d68: 2101 00f9 | e803 40b2 | 0960 1291 | 2801 00f9 | 0400 0014 | 0838 42f9 | 0805 0091 | 0838 02f9 
  0x000000010fcc7d88: e103 02aa | e287 00f9 | 09e4 8cd2 | 290f adf2 | 2901 c0f2 

  0x000000010fcc7d9c: ; ImmutableOopMap {[176]=Oop [208]=Oop [216]=Oop [224]=Oop [232]=Oop [248]=Oop [256]=Oop [264]=Oop }
                      ;*invokeinterface isActive {reexecute=0 rethrow=0 return_oop=0}
                      ; - kotlinx.coroutines.DispatchedTask::run@168 (line 92)
                      ;   {virtual_call}
  0x000000010fcc7d9c: dd6e ca95 

  0x000000010fcc7da0: ;   {other}
  0x000000010fcc7da0: 1f20 03d5 | 1fc2 82f2 | 1f60 81f2 | 1f00 0071 

  0x000000010fcc7db0: ;   {metadata(method data for {method} {0x0000000129504ee8} 'run' '()V' in 'kotlinx/coroutines/DispatchedTask')}
  0x000000010fcc7db0: 0371 93d2 | c366 a5f2 | 2300 c0f2 | 0897 80d2 | 0995 80d2 | 0001 899a | 6468 60f8 | 8404 0091 
  0x000000010fcc7dd0: 6468 20f8 | 8049 0054 | e083 40f9 | e303 1faa | 1f00 03eb 

  0x000000010fcc7de4: ;   {metadata(method data for {method} {0x0000000129504ee8} 'run' '()V' in 'kotlinx/coroutines/DispatchedTask')}
  0x000000010fcc7de4: 0371 93d2 | c366 a5f2 | 2300 c0f2 | 08e7 80d2 | 09e9 80d2 | 0401 899a | 6a68 64f8 | 4a05 0091 
  0x000000010fcc7e04: 6a68 24f8 | 6039 0054 

  0x000000010fcc7e0c: ;   {metadata(method data for {method} {0x0000000129504ee8} 'run' '()V' in 'kotlinx/coroutines/DispatchedTask')}
  0x000000010fcc7e0c: 0371 93d2 | c366 a5f2 | 2300 c0f2 | 68ac 43f9 | 0805 0091 | 68ac 03f9 

  0x000000010fcc7e24: ;   {metadata(method data for {method} {0x00000001295246b8} 'createFailure' '(Ljava/lang/Throwable;)Ljava/lang/Object;' in 'kotlin/ResultKt')}
  0x000000010fcc7e24: 036b 81d2 | 035d a5f2 | 2300 c0f2 | 64ac 40b9 | 8408 0011 | 64ac 00b9 | 844c 1f12 | 9f00 0071 
  0x000000010fcc7e44: e0ee 0054 

  0x000000010fcc7e48: ;   {metadata(method data for {method} {0x00000001295246b8} 'createFailure' '(Ljava/lang/Throwable;)Ljava/lang/Object;' in 'kotlin/ResultKt')}
  0x000000010fcc7e48: 036b 81d2 | 035d a5f2 | 2300 c0f2 | 6878 40f9 | 0805 0091 | 6878 00f9 

  0x000000010fcc7e60: ;   {metadata(method data for {method} {0x000000012941aec8} 'checkNotNullParameter' '(Ljava/lang/Object;Ljava/lang/String;)V' in 'kotlin/jvm/internal/Intrinsics')}
  0x000000010fcc7e60: 03d6 8cd2 | c32b a5f2 | 2300 c0f2 | 64ac 40b9 | 8408 0011 | 64ac 00b9 | 844c 1f12 | 9f00 0071 
  0x000000010fcc7e80: 00ee 0054 | e303 1faa | 1f00 03eb 

  0x000000010fcc7e8c: ;   {metadata(method data for {method} {0x000000012941aec8} 'checkNotNullParameter' '(Ljava/lang/Object;Ljava/lang/String;)V' in 'kotlin/jvm/internal/Intrinsics')}
  0x000000010fcc7e8c: 03d6 8cd2 | c32b a5f2 | 2300 c0f2 | e80f 7cb2 | e903 78b2 | 0411 899a | 6a68 64f8 | 4a05 0091 
  0x000000010fcc7eac: 6a68 24f8 | 4110 0054 

  0x000000010fcc7eb4: ;   {metadata(method data for {method} {0x000000012941aec8} 'checkNotNullParameter' '(Ljava/lang/Object;Ljava/lang/String;)V' in 'kotlin/jvm/internal/Intrinsics')}
  0x000000010fcc7eb4: 03d6 8cd2 | c32b a5f2 | 2300 c0f2 | 6888 40f9 | 0805 0091 | 6888 00f9 

  0x000000010fcc7ecc: ;   {metadata(method data for {method} {0x000000012941b048} 'throwParameterIsNullNPE' '(Ljava/lang/String;)V' in 'kotlin/jvm/internal/Intrinsics')}
  0x000000010fcc7ecc: 0303 8dd2 | c32b a5f2 | 2300 c0f2 | 64ac 40b9 | 8408 0011 | 64ac 00b9 | 844c 1f12 | 9f00 0071 
  0x000000010fcc7eec: a0eb 0054 

  0x000000010fcc7ef0: ; ImmutableOopMap {[176]=Oop [208]=Oop [216]=Oop [224]=Oop [232]=Oop [256]=Oop }
                      ;*new {reexecute=0 rethrow=0 return_oop=0}
                      ; - kotlin.jvm.internal.Intrinsics::throwParameterIsNullNPE@0 (line 140)
                      ; - kotlin.jvm.internal.Intrinsics::checkNotNullParameter@5 (line 131)
                      ; - kotlin.ResultKt::createFailure@3
                      ; - kotlinx.coroutines.DispatchedTask::run@273 (line 98)
                      ;   {runtime_call load_mirror_patching Runtime1 stub}
  0x000000010fcc7ef0: 441f c595 | 80df 40f9 | 0bc0 0091 | 88e7 40f9 | 7f01 08eb | e8eb 0054 | 8bdf 00f9 | ea03 40b2 
  0x000000010fcc7f10: 0a00 00f9 | ea03 032a | 0a7c 0129 | 0a40 0091 | 5f7d 00a9 | 5f7d 01a9 | bf3a 03d5 

  0x000000010fcc7f2c: ;   {metadata(method data for {method} {0x000000012941b048} 'throwParameterIsNullNPE' '(Ljava/lang/String;)V' in 'kotlin/jvm/internal/Intrinsics')}
  0x000000010fcc7f2c: 0103 8dd2 | c12b a5f2 | 2100 c0f2 | 2878 40f9 | 0805 0091 | 2878 00f9 

  0x000000010fcc7f44: ;   {oop("exception"{0x0000000480a08a28})}
  0x000000010fcc7f44: 0145 91d2 | 0114 b0f2 | 8100 c0f2 | e08b 00f9 

  0x000000010fcc7f54: ; ImmutableOopMap {[176]=Oop [208]=Oop [216]=Oop [224]=Oop [232]=Oop [256]=Oop [272]=Oop }
                      ;*invokestatic createParameterIsNullExceptionMessage {reexecute=0 rethrow=0 return_oop=0}
                      ; - kotlin.jvm.internal.Intrinsics::throwParameterIsNullNPE@5 (line 140)
                      ; - kotlin.jvm.internal.Intrinsics::checkNotNullParameter@5 (line 131)
                      ; - kotlin.ResultKt::createFailure@3
                      ; - kotlinx.coroutines.DispatchedTask::run@273 (line 98)
                      ;   {static_call}
  0x000000010fcc7f54: 0bb2 c195 

  0x000000010fcc7f58: ;   {other}
  0x000000010fcc7f58: 1f20 03d5 | 1ff9 82f2 | 1fa0 81f2 | e28b 40f9 

  0x000000010fcc7f68: ;   {metadata(method data for {method} {0x000000012941b048} 'throwParameterIsNullNPE' '(Ljava/lang/String;)V' in 'kotlin/jvm/internal/Intrinsics')}
  0x000000010fcc7f68: 0103 8dd2 | c12b a5f2 | 2100 c0f2 | 2880 40f9 | 0805 0091 | 2880 00f9 | e203 00aa | e18b 40f9 
  0x000000010fcc7f88: ; ImmutableOopMap {[176]=Oop [208]=Oop [216]=Oop [224]=Oop [232]=Oop [256]=Oop [272]=Oop }
                      ;*invokespecial <init> {reexecute=0 rethrow=0 return_oop=0}
                      ; - kotlin.jvm.internal.Intrinsics::throwParameterIsNullNPE@8 (line 140)
                      ; - kotlin.jvm.internal.Intrinsics::checkNotNullParameter@5 (line 131)
                      ; - kotlin.ResultKt::createFailure@3
                      ; - kotlinx.coroutines.DispatchedTask::run@273 (line 98)
                      ;   {optimized virtual_call}
  0x000000010fcc7f88: 7eb0 c195 

  0x000000010fcc7f8c: ;   {other}
  0x000000010fcc7f8c: 1f20 03d5 | 9fff 82f2 | 1fc0 81f2 

  0x000000010fcc7f98: ;   {metadata(method data for {method} {0x000000012941b048} 'throwParameterIsNullNPE' '(Ljava/lang/String;)V' in 'kotlin/jvm/internal/Intrinsics')}
  0x000000010fcc7f98: 0103 8dd2 | c12b a5f2 | 2100 c0f2 | 2888 40f9 | 0805 0091 | 2888 00f9 

  0x000000010fcc7fb0: ;   {metadata(method data for {method} {0x000000012941c0c0} 'sanitizeStackTrace' '(Ljava/lang/Throwable;)Ljava/lang/Throwable;' in 'kotlin/jvm/internal/Intrinsics')}
  0x000000010fcc7fb0: 01d7 8dd2 | c12b a5f2 | 2100 c0f2 | 20ac 40b9 | 0008 0011 | 20ac 00b9 | 004c 1f12 | 1f00 0071 
  0x000000010fcc7fd0: c0e5 0054 

  0x000000010fcc7fd4: ;   {oop(a 'java/lang/Class'{0x00000004803b59e8} = 'kotlin/jvm/internal/Intrinsics')}
  0x000000010fcc7fd4: 013d 8bd2 | 6107 b0f2 | 8100 c0f2 | e003 01aa 

  0x000000010fcc7fe4: ;   {metadata(method data for {method} {0x000000012941c0c0} 'sanitizeStackTrace' '(Ljava/lang/Throwable;)Ljava/lang/Throwable;' in 'kotlin/jvm/internal/Intrinsics')}
  0x000000010fcc7fe4: 02d7 8dd2 | c22b a5f2 | 2200 c0f2 | 4878 40f9 | 0805 0091 | 4878 00f9 

  0x000000010fcc7ffc: ;   {metadata(method data for {method} {0x000000d8004684b0} 'getName' '()Ljava/lang/String;' in 'java/lang/Class')}
  0x000000010fcc7ffc: 002f 95d2 | 6020 a5f2 | 2000 c0f2 | 02ac 40b9 | 4208 0011 | 02ac 00b9 | 424c 1f12 | 5f00 0071 
  0x000000010fcc801c: 60e4 0054 

  0x000000010fcc8020: ; implicit exception: dispatches to 0x000000010fcc9cc8
  0x000000010fcc8020: 212c 40b9 | 21f0 7dd3 | e003 1faa | 3f00 00eb 

  0x000000010fcc8030: ;   {metadata(method data for {method} {0x000000d8004684b0} 'getName' '()Ljava/lang/String;' in 'java/lang/Class')}
  0x000000010fcc8030: 002f 95d2 | 6020 a5f2 | 2000 c0f2 | e80f 7cb2 | e903 78b2 | 0201 899a | 0368 62f8 | 6304 0091 
  0x000000010fcc8050: 0368 22f8 | 2001 0054 

  0x000000010fcc8058: ;   {metadata(method data for {method} {0x000000d8004684b0} 'getName' '()Ljava/lang/String;' in 'java/lang/Class')}
  0x000000010fcc8058: 002f 95d2 | 6020 a5f2 | 2000 c0f2 | 0288 40f9 | 4204 0091 | 0288 00f9 | e003 01aa | 0f00 0014 
  0x000000010fcc8078: ;   {oop(a 'java/lang/Class'{0x00000004803b59e8} = 'kotlin/jvm/internal/Intrinsics')}
  0x000000010fcc8078: 013d 8bd2 | 6107 b0f2 | 8100 c0f2 | e003 01aa 

  0x000000010fcc8088: ;   {metadata(method data for {method} {0x000000d8004684b0} 'getName' '()Ljava/lang/String;' in 'java/lang/Class')}
  0x000000010fcc8088: 022f 95d2 | 6220 a5f2 | 2200 c0f2 | 4894 40f9 | 0805 0091 | 4894 00f9 

  0x000000010fcc80a0: ; ImmutableOopMap {[176]=Oop [208]=Oop [216]=Oop [224]=Oop [232]=Oop [256]=Oop [272]=Oop }
                      ;*invokevirtual initClassName {reexecute=0 rethrow=0 return_oop=0}
                      ; - java.lang.Class::getName@14 (line 950)
                      ; - kotlin.jvm.internal.Intrinsics::sanitizeStackTrace@3 (line 253)
                      ; - kotlin.jvm.internal.Intrinsics::throwParameterIsNullNPE@11 (line 140)
                      ; - kotlin.jvm.internal.Intrinsics::checkNotNullParameter@5 (line 131)
                      ; - kotlin.ResultKt::createFailure@3
                      ; - kotlinx.coroutines.DispatchedTask::run@273 (line 98)
                      ;   {optimized virtual_call}
  0x000000010fcc80a0: 38b0 c195 

  0x000000010fcc80a4: ;   {other}
  0x000000010fcc80a4: 1f20 03d5 | 9f22 83f2 | 1fe0 81f2 | e18b 40f9 | 0505 0014 

  0x000000010fcc80b8: ;   {metadata('kotlin/Result$Failure')}
  0x000000010fcc80b8: 0316 9ed2 | 0321 a0f2 | 031b c0f2 | e203 00aa | 80df 40f9 | 0b40 0091 | 88e7 40f9 | 7f01 08eb 
  0x000000010fcc80d8: a8df 0054 | 8bdf 00f9 | ea03 40b2 | 0a00 00f9 | ea03 032a | 0a7c 0129 | bf3a 03d5 | e093 00f9 
  0x000000010fcc80f8: e303 00aa 

  0x000000010fcc80fc: ;   {metadata(method data for {method} {0x00000001295246b8} 'createFailure' '(Ljava/lang/Throwable;)Ljava/lang/Object;' in 'kotlin/ResultKt')}
  0x000000010fcc80fc: 046b 81d2 | 045d a5f2 | 2400 c0f2 | 8880 40f9 | 0805 0091 | 8880 00f9 

  0x000000010fcc8114: ;   {metadata(method data for {method} {0x000000012950d528} '<init>' '(Ljava/lang/Throwable;)V' in 'kotlin/Result$Failure')}
  0x000000010fcc8114: 035a 82d2 | 035d a5f2 | 2300 c0f2 | 64ac 40b9 | 8408 0011 | 64ac 00b9 | 844c 1f12 | 9f00 0071 
  0x000000010fcc8134: 00dd 0054 

  0x000000010fcc8138: ;   {metadata(method data for {method} {0x000000012950d528} '<init>' '(Ljava/lang/Throwable;)V' in 'kotlin/Result$Failure')}
  0x000000010fcc8138: 035a 82d2 | 035d a5f2 | 2300 c0f2 | 6878 40f9 | 0805 0091 | 6878 00f9 

  0x000000010fcc8150: ;   {metadata(method data for {method} {0x000000012941aec8} 'checkNotNullParameter' '(Ljava/lang/Object;Ljava/lang/String;)V' in 'kotlin/jvm/internal/Intrinsics')}
  0x000000010fcc8150: 03d6 8cd2 | c32b a5f2 | 2300 c0f2 | 64ac 40b9 | 8408 0011 | 64ac 00b9 | 844c 1f12 | 9f00 0071 
  0x000000010fcc8170: 20dc 0054 | e303 1faa | 5f00 03eb 

  0x000000010fcc817c: ;   {metadata(method data for {method} {0x000000012941aec8} 'checkNotNullParameter' '(Ljava/lang/Object;Ljava/lang/String;)V' in 'kotlin/jvm/internal/Intrinsics')}
  0x000000010fcc817c: 03d6 8cd2 | c32b a5f2 | 2300 c0f2 | e80f 7cb2 | e903 78b2 | 0411 899a | 6a68 64f8 | 4a05 0091 
  0x000000010fcc819c: 6a68 24f8 | 4110 0054 

  0x000000010fcc81a4: ;   {metadata(method data for {method} {0x000000012941aec8} 'checkNotNullParameter' '(Ljava/lang/Object;Ljava/lang/String;)V' in 'kotlin/jvm/internal/Intrinsics')}
  0x000000010fcc81a4: 03d6 8cd2 | c32b a5f2 | 2300 c0f2 | 6888 40f9 | 0805 0091 | 6888 00f9 

  0x000000010fcc81bc: ;   {metadata(method data for {method} {0x000000012941b048} 'throwParameterIsNullNPE' '(Ljava/lang/String;)V' in 'kotlin/jvm/internal/Intrinsics')}
  0x000000010fcc81bc: 0303 8dd2 | c32b a5f2 | 2300 c0f2 | 64ac 40b9 | 8408 0011 | 64ac 00b9 | 844c 1f12 | 9f00 0071 
  0x000000010fcc81dc: c0d9 0054 

  0x000000010fcc81e0: ; ImmutableOopMap {[176]=Oop [208]=Oop [216]=Oop [224]=Oop [232]=Oop [256]=Oop [288]=Oop }
                      ;*new {reexecute=0 rethrow=0 return_oop=0}
                      ; - kotlin.jvm.internal.Intrinsics::throwParameterIsNullNPE@0 (line 140)
                      ; - kotlin.jvm.internal.Intrinsics::checkNotNullParameter@5 (line 131)
                      ; - kotlin.Result$Failure::<init>@3
                      ; - kotlin.ResultKt::createFailure@11 (line 122)
                      ; - kotlinx.coroutines.DispatchedTask::run@273 (line 98)
                      ;   {runtime_call load_mirror_patching Runtime1 stub}
  0x000000010fcc81e0: 881e c595 | 80df 40f9 | 0bc0 0091 | 88e7 40f9 | 7f01 08eb | 08da 0054 | 8bdf 00f9 | ea03 40b2 
  0x000000010fcc8200: 0a00 00f9 | ea03 032a | 0a7c 0129 | 0a40 0091 | 5f7d 00a9 | 5f7d 01a9 | bf3a 03d5 

  0x000000010fcc821c: ;   {metadata(method data for {method} {0x000000012941b048} 'throwParameterIsNullNPE' '(Ljava/lang/String;)V' in 'kotlin/jvm/internal/Intrinsics')}
  0x000000010fcc821c: 0103 8dd2 | c12b a5f2 | 2100 c0f2 | 2878 40f9 | 0805 0091 | 2878 00f9 

  0x000000010fcc8234: ;   {oop("exception"{0x0000000480a08a28})}
  0x000000010fcc8234: 0145 91d2 | 0114 b0f2 | 8100 c0f2 | e08f 00f9 

  0x000000010fcc8244: ; ImmutableOopMap {[176]=Oop [208]=Oop [216]=Oop [224]=Oop [232]=Oop [256]=Oop [280]=Oop [288]=Oop }
                      ;*invokestatic createParameterIsNullExceptionMessage {reexecute=0 rethrow=0 return_oop=0}
                      ; - kotlin.jvm.internal.Intrinsics::throwParameterIsNullNPE@5 (line 140)
                      ; - kotlin.jvm.internal.Intrinsics::checkNotNullParameter@5 (line 131)
                      ; - kotlin.Result$Failure::<init>@3
                      ; - kotlin.ResultKt::createFailure@11 (line 122)
                      ; - kotlinx.coroutines.DispatchedTask::run@273 (line 98)
                      ;   {static_call}
  0x000000010fcc8244: 4fb1 c195 

  0x000000010fcc8248: ;   {other}
  0x000000010fcc8248: 1f20 03d5 | 1f57 83f2 | 1f20 82f2 | e28f 40f9 

  0x000000010fcc8258: ;   {metadata(method data for {method} {0x000000012941b048} 'throwParameterIsNullNPE' '(Ljava/lang/String;)V' in 'kotlin/jvm/internal/Intrinsics')}
  0x000000010fcc8258: 0103 8dd2 | c12b a5f2 | 2100 c0f2 | 2880 40f9 | 0805 0091 | 2880 00f9 | e203 00aa | e18f 40f9 
  0x000000010fcc8278: ; ImmutableOopMap {[176]=Oop [208]=Oop [216]=Oop [224]=Oop [232]=Oop [256]=Oop [280]=Oop [288]=Oop }
                      ;*invokespecial <init> {reexecute=0 rethrow=0 return_oop=0}
                      ; - kotlin.jvm.internal.Intrinsics::throwParameterIsNullNPE@8 (line 140)
                      ; - kotlin.jvm.internal.Intrinsics::checkNotNullParameter@5 (line 131)
                      ; - kotlin.Result$Failure::<init>@3
                      ; - kotlin.ResultKt::createFailure@11 (line 122)
                      ; - kotlinx.coroutines.DispatchedTask::run@273 (line 98)
                      ;   {optimized virtual_call}
  0x000000010fcc8278: c2af c195 

  0x000000010fcc827c: ;   {other}
  0x000000010fcc827c: 1f20 03d5 | 9f5d 83f2 | 1f40 82f2 

  0x000000010fcc8288: ;   {metadata(method data for {method} {0x000000012941b048} 'throwParameterIsNullNPE' '(Ljava/lang/String;)V' in 'kotlin/jvm/internal/Intrinsics')}
  0x000000010fcc8288: 0103 8dd2 | c12b a5f2 | 2100 c0f2 | 2888 40f9 | 0805 0091 | 2888 00f9 

  0x000000010fcc82a0: ;   {metadata(method data for {method} {0x000000012941c0c0} 'sanitizeStackTrace' '(Ljava/lang/Throwable;)Ljava/lang/Throwable;' in 'kotlin/jvm/internal/Intrinsics')}
  0x000000010fcc82a0: 01d7 8dd2 | c12b a5f2 | 2100 c0f2 | 20ac 40b9 | 0008 0011 | 20ac 00b9 | 004c 1f12 | 1f00 0071 
  0x000000010fcc82c0: e0d3 0054 

  0x000000010fcc82c4: ;   {oop(a 'java/lang/Class'{0x00000004803b59e8} = 'kotlin/jvm/internal/Intrinsics')}
  0x000000010fcc82c4: 013d 8bd2 | 6107 b0f2 | 8100 c0f2 | e003 01aa 

  0x000000010fcc82d4: ;   {metadata(method data for {method} {0x000000012941c0c0} 'sanitizeStackTrace' '(Ljava/lang/Throwable;)Ljava/lang/Throwable;' in 'kotlin/jvm/internal/Intrinsics')}
  0x000000010fcc82d4: 02d7 8dd2 | c22b a5f2 | 2200 c0f2 | 4878 40f9 | 0805 0091 | 4878 00f9 

  0x000000010fcc82ec: ;   {metadata(method data for {method} {0x000000d8004684b0} 'getName' '()Ljava/lang/String;' in 'java/lang/Class')}
  0x000000010fcc82ec: 002f 95d2 | 6020 a5f2 | 2000 c0f2 | 02ac 40b9 | 4208 0011 | 02ac 00b9 | 424c 1f12 | 5f00 0071 
  0x000000010fcc830c: 80d2 0054 

  0x000000010fcc8310: ; implicit exception: dispatches to 0x000000010fcc9d7c
  0x000000010fcc8310: 212c 40b9 | 21f0 7dd3 | e003 1faa | 3f00 00eb 

  0x000000010fcc8320: ;   {metadata(method data for {method} {0x000000d8004684b0} 'getName' '()Ljava/lang/String;' in 'java/lang/Class')}
  0x000000010fcc8320: 002f 95d2 | 6020 a5f2 | 2000 c0f2 | e80f 7cb2 | e903 78b2 | 0201 899a | 0368 62f8 | 6304 0091 
  0x000000010fcc8340: 0368 22f8 | 2001 0054 

  0x000000010fcc8348: ;   {metadata(method data for {method} {0x000000d8004684b0} 'getName' '()Ljava/lang/String;' in 'java/lang/Class')}
  0x000000010fcc8348: 002f 95d2 | 6020 a5f2 | 2000 c0f2 | 0288 40f9 | 4204 0091 | 0288 00f9 | e003 01aa | 0f00 0014 
  0x000000010fcc8368: ;   {oop(a 'java/lang/Class'{0x00000004803b59e8} = 'kotlin/jvm/internal/Intrinsics')}
  0x000000010fcc8368: 013d 8bd2 | 6107 b0f2 | 8100 c0f2 | e003 01aa 

  0x000000010fcc8378: ;   {metadata(method data for {method} {0x000000d8004684b0} 'getName' '()Ljava/lang/String;' in 'java/lang/Class')}
  0x000000010fcc8378: 022f 95d2 | 6220 a5f2 | 2200 c0f2 | 4894 40f9 | 0805 0091 | 4894 00f9 

  0x000000010fcc8390: ; ImmutableOopMap {[176]=Oop [208]=Oop [216]=Oop [224]=Oop [232]=Oop [256]=Oop [280]=Oop [288]=Oop }
                      ;*invokevirtual initClassName {reexecute=0 rethrow=0 return_oop=0}
                      ; - java.lang.Class::getName@14 (line 950)
                      ; - kotlin.jvm.internal.Intrinsics::sanitizeStackTrace@3 (line 253)
                      ; - kotlin.jvm.internal.Intrinsics::throwParameterIsNullNPE@11 (line 140)
                      ; - kotlin.jvm.internal.Intrinsics::checkNotNullParameter@5 (line 131)
                      ; - kotlin.Result$Failure::<init>@3
                      ; - kotlin.ResultKt::createFailure@11 (line 122)
                      ; - kotlinx.coroutines.DispatchedTask::run@273 (line 98)
                      ;   {optimized virtual_call}
  0x000000010fcc8390: 7caf c195 

  0x000000010fcc8394: ;   {other}
  0x000000010fcc8394: 1f20 03d5 | 9f80 83f2 | 1f60 82f2 | e18f 40f9 | fb03 0014 | e303 02aa | e203 00aa 

  0x000000010fcc83b0: ;   {metadata(method data for {method} {0x000000012950d528} '<init>' '(Ljava/lang/Throwable;)V' in 'kotlin/Result$Failure')}
  0x000000010fcc83b0: 015a 82d2 | 015d a5f2 | 2100 c0f2 | 2880 40f9 | 0805 0091 | 2880 00f9 

  0x000000010fcc83c8: ;   {metadata(method data for {method} {0x000000d800473798} '<init>' '()V' in 'java/lang/Object')}
  0x000000010fcc83c8: 02ea 94d2 | 0220 a5f2 | 2200 c0f2 | 41ac 40b9 | 2108 0011 | 41ac 00b9 | 214c 1f12 | 3f00 0071 
  0x000000010fcc83e8: c0cc 0054 | 8203 4139 | 5f00 0071 | 61cd 0054 | 68fc 43d3 | 080c 00b9 | 0200 03ca | 42fc 56d3 
  0x000000010fcc8408: 5f00 00f1 | 61cd 0054 | bf3a 03d5 

  0x000000010fcc8414: ;   {metadata(method data for {method} {0x0000000129504ee8} 'run' '()V' in 'kotlinx/coroutines/DispatchedTask')}
  0x000000010fcc8414: 0271 93d2 | c266 a5f2 | 2200 c0f2 | 48b4 43f9 | 0805 0091 | 48b4 03f9 

  0x000000010fcc842c: ;   {metadata(method data for {method} {0x000000012950e590} 'constructor-impl' '(Ljava/lang/Object;)Ljava/lang/Object;' in 'kotlin/Result')}
  0x000000010fcc842c: 02d3 9ed2 | 6253 a5f2 | 2200 c0f2 | 41ac 40b9 | 2108 0011 | 41ac 00b9 | 214c 1f12 | 3f00 0071 
  0x000000010fcc844c: e0cb 0054 | e26b 40f9 

  0x000000010fcc8454: ;   {metadata(method data for {method} {0x0000000129504ee8} 'run' '()V' in 'kotlinx/coroutines/DispatchedTask')}
  0x000000010fcc8454: 0171 93d2 | c166 a5f2 | 2100 c0f2 | 4208 40b9 | 021b c0f2 | 2920 1e91 | 2801 40f9 | 5f00 08eb 
  0x000000010fcc8474: a100 0054 | 28c8 43f9 | 0805 0091 | 28c8 03f9 | 1c00 0014 | 2960 1e91 | 2801 40f9 | 5f00 08eb 
  0x000000010fcc8494: a100 0054 | 28d0 43f9 | 0805 0091 | 28d0 03f9 | 1400 0014 | 2920 1e91 | 2801 40f9 | c800 00b5 
  0x000000010fcc84b4: 2201 00f9 | e803 40b2 | 2940 1e91 | 2801 00f9 | 0c00 0014 | 2960 1e91 | 2801 40f9 | c800 00b5 
  0x000000010fcc84d4: 2201 00f9 | e803 40b2 | 2980 1e91 | 2801 00f9 | 0400 0014 | 28bc 43f9 | 0805 0091 | 28bc 03f9 
  0x000000010fcc84f4: e203 00aa | e16b 40f9 | 09bc 84d2 | 0911 adf2 | 2901 c0f2 

  0x000000010fcc8508: ; ImmutableOopMap {[176]=Oop [216]=Oop [224]=Oop [232]=Oop }
                      ;*invokeinterface resumeWith {reexecute=0 rethrow=0 return_oop=0}
                      ; - kotlinx.coroutines.DispatchedTask::run@279 (line 98)
                      ;   {virtual_call}
  0x000000010fcc8508: 5685 c595 

  0x000000010fcc850c: ;   {other}
  0x000000010fcc850c: 1f20 03d5 | 9faf 83f2 | 1f80 82f2 

  0x000000010fcc8518: ;   {metadata(method data for {method} {0x0000000129504ee8} 'run' '()V' in 'kotlinx/coroutines/DispatchedTask')}
  0x000000010fcc8518: 0271 93d2 | c266 a5f2 | 2200 c0f2 | 41d8 43f9 | 2104 0091 | 41d8 03f9 | c002 0014 | e15b 40f9 
  0x000000010fcc8538: ;   {metadata(method data for {method} {0x0000000129504ee8} 'run' '()V' in 'kotlinx/coroutines/DispatchedTask')}
  0x000000010fcc8538: 0271 93d2 | c266 a5f2 | 2200 c0f2 | 2108 40b9 | 011b c0f2 | 4960 1f91 | 2801 40f9 | 3f00 08eb 
  0x000000010fcc8558: a100 0054 | 48f0 43f9 | 0805 0091 | 48f0 03f9 | 1c00 0014 | 49a0 1f91 | 2801 40f9 | 3f00 08eb 
  0x000000010fcc8578: a100 0054 | 48f8 43f9 | 0805 0091 | 48f8 03f9 | 1400 0014 | 4960 1f91 | 2801 40f9 | c800 00b5 
  0x000000010fcc8598: 2101 00f9 | e803 40b2 | 4980 1f91 | 2801 00f9 | 0c00 0014 | 49a0 1f91 | 2801 40f9 | c800 00b5 
  0x000000010fcc85b8: 2101 00f9 | e803 40b2 | 49c0 1f91 | 2801 00f9 | 0400 0014 | 48e4 43f9 | 0805 0091 | 48e4 03f9 
  0x000000010fcc85d8: e27f 40f9 | e15b 40f9 | e9ff 9fd2 | e9ff bff2 | e9ff dff2 

  0x000000010fcc85ec: ; ImmutableOopMap {[176]=Oop [208]=Oop [216]=Oop [224]=Oop [232]=Oop }
                      ;*invokevirtual getSuccessfulResult$kotlinx_coroutines_core {reexecute=0 rethrow=0 return_oop=0}
                      ; - kotlinx.coroutines.DispatchedTask::run@295 (line 100)
                      ;   {virtual_call}
  0x000000010fcc85ec: 9d85 c595 

  0x000000010fcc85f0: ;   {other}
  0x000000010fcc85f0: 1f20 03d5 | 1fcc 83f2 | 1fa0 82f2 

  0x000000010fcc85fc: ;   {metadata(method data for {method} {0x0000000129504ee8} 'run' '()V' in 'kotlinx/coroutines/DispatchedTask')}
  0x000000010fcc85fc: 0271 93d2 | c266 a5f2 | 2200 c0f2 | 4800 44f9 | 0805 0091 | 4800 04f9 

  0x000000010fcc8614: ;   {metadata(method data for {method} {0x000000012950e590} 'constructor-impl' '(Ljava/lang/Object;)Ljava/lang/Object;' in 'kotlin/Result')}
  0x000000010fcc8614: 02d3 9ed2 | 6253 a5f2 | 2200 c0f2 | 41ac 40b9 | 2108 0011 | 41ac 00b9 | 214c 1f12 | 3f00 0071 
  0x000000010fcc8634: a0bd 0054 | e26b 40f9 

  0x000000010fcc863c: ;   {metadata(method data for {method} {0x0000000129504ee8} 'run' '()V' in 'kotlinx/coroutines/DispatchedTask')}
  0x000000010fcc863c: 0171 93d2 | c166 a5f2 | 2100 c0f2 | 4208 40b9 | 021b c0f2 | 2980 2091 | 2801 40f9 | 5f00 08eb 
  0x000000010fcc865c: a100 0054 | 2814 44f9 | 0805 0091 | 2814 04f9 | 1c00 0014 | 29c0 2091 | 2801 40f9 | 5f00 08eb 
  0x000000010fcc867c: a100 0054 | 281c 44f9 | 0805 0091 | 281c 04f9 | 1400 0014 | 2980 2091 | 2801 40f9 | c800 00b5 
  0x000000010fcc869c: 2201 00f9 | e803 40b2 | 29a0 2091 | 2801 00f9 | 0c00 0014 | 29c0 2091 | 2801 40f9 | c800 00b5 
  0x000000010fcc86bc: 2201 00f9 | e803 40b2 | 29e0 2091 | 2801 00f9 | 0400 0014 | 2808 44f9 | 0805 0091 | 2808 04f9 
  0x000000010fcc86dc: e203 00aa | e16b 40f9 | 09d8 8cd2 | 290f adf2 | 2901 c0f2 

  0x000000010fcc86f0: ; ImmutableOopMap {[176]=Oop [216]=Oop [224]=Oop [232]=Oop }
                      ;*invokeinterface resumeWith {reexecute=0 rethrow=0 return_oop=0}
                      ; - kotlinx.coroutines.DispatchedTask::run@301 (line 100)
                      ;   {virtual_call}
  0x000000010fcc86f0: dc84 c595 

  0x000000010fcc86f4: ;   {other}
  0x000000010fcc86f4: 1f20 03d5 | 9fec 83f2 | 1fc0 82f2 | 4c02 0014 | e287 40f9 | e103 02aa 

  0x000000010fcc870c: ;   {metadata(method data for {method} {0x0000000129504ee8} 'run' '()V' in 'kotlinx/coroutines/DispatchedTask')}
  0x000000010fcc870c: 0371 93d2 | c366 a5f2 | 2300 c0f2 | 2108 40b9 | 011b c0f2 | 6960 1391 | 2801 40f9 | 3f00 08eb 
  0x000000010fcc872c: a100 0054 | 6870 42f9 | 0805 0091 | 6870 02f9 | 1c00 0014 | 69a0 1391 | 2801 40f9 | 3f00 08eb 
  0x000000010fcc874c: a100 0054 | 6878 42f9 | 0805 0091 | 6878 02f9 | 1400 0014 | 6960 1391 | 2801 40f9 | c800 00b5 
  0x000000010fcc876c: 2101 00f9 | e803 40b2 | 6980 1391 | 2801 00f9 | 0c00 0014 | 69a0 1391 | 2801 40f9 | c800 00b5 
  0x000000010fcc878c: 2101 00f9 | e803 40b2 | 69c0 1391 | 2801 00f9 | 0400 0014 | 6864 42f9 | 0805 0091 | 6864 02f9 
  0x000000010fcc87ac: e103 02aa | 09dc 8cd2 | 290f adf2 | 2901 c0f2 

  0x000000010fcc87bc: ; ImmutableOopMap {[176]=Oop [208]=Oop [216]=Oop [224]=Oop [232]=Oop [248]=Oop }
                      ;*invokeinterface getCancellationException {reexecute=0 rethrow=0 return_oop=0}
                      ; - kotlinx.coroutines.DispatchedTask::run@178 (line 93)
                      ;   {virtual_call}
  0x000000010fcc87bc: 61a3 c195 

  0x000000010fcc87c0: ;   {other}
  0x000000010fcc87c0: 1f20 03d5 | 1f06 84f2 | 1fe0 82f2 | e097 00f9 | e15b 40f9 

  0x000000010fcc87d4: ;   {metadata(method data for {method} {0x0000000129504ee8} 'run' '()V' in 'kotlinx/coroutines/DispatchedTask')}
  0x000000010fcc87d4: 0271 93d2 | c266 a5f2 | 2200 c0f2 | 2108 40b9 | 011b c0f2 | 4920 1591 | 2801 40f9 | 3f00 08eb 
  0x000000010fcc87f4: a100 0054 | 48a8 42f9 | 0805 0091 | 48a8 02f9 | 1c00 0014 | 4960 1591 | 2801 40f9 | 3f00 08eb 
  0x000000010fcc8814: a100 0054 | 48b0 42f9 | 0805 0091 | 48b0 02f9 | 1400 0014 | 4920 1591 | 2801 40f9 | c800 00b5 
  0x000000010fcc8834: 2101 00f9 | e803 40b2 | 4940 1591 | 2801 00f9 | 0c00 0014 | 4960 1591 | 2801 40f9 | c800 00b5 
  0x000000010fcc8854: 2101 00f9 | e803 40b2 | 4980 1591 | 2801 00f9 | 0400 0014 | 489c 42f9 | 0805 0091 | 489c 02f9 
  0x000000010fcc8874: e27f 40f9 | e303 00aa | e15b 40f9 | e9ff 9fd2 | e9ff bff2 | e9ff dff2 

  0x000000010fcc888c: ; ImmutableOopMap {[176]=Oop [208]=Oop [216]=Oop [224]=Oop [232]=Oop [296]=Oop }
                      ;*invokevirtual cancelCompletedResult$kotlinx_coroutines_core {reexecute=0 rethrow=0 return_oop=0}
                      ; - kotlinx.coroutines.DispatchedTask::run@193 (line 94)
                      ;   {virtual_call}
  0x000000010fcc888c: c983 c595 

  0x000000010fcc8890: ;   {other}
  0x000000010fcc8890: 1f20 03d5 | 1f20 84f2 | 1f00 83f2 

  0x000000010fcc889c: ;   {metadata(method data for {method} {0x0000000129504ee8} 'run' '()V' in 'kotlinx/coroutines/DispatchedTask')}
  0x000000010fcc889c: 0371 93d2 | c366 a5f2 | 2300 c0f2 | 68b8 42f9 | 0805 0091 | 68b8 02f9 

  0x000000010fcc88b4: ;   {metadata(method data for {method} {0x00000001294e2090} 'getRECOVER_STACK_TRACES' '()Z' in 'kotlinx/coroutines/DebugKt')}
  0x000000010fcc88b4: 03b0 92d2 | 4367 a5f2 | 2300 c0f2 | 60ac 40b9 | 0008 0011 | 60ac 00b9 | 004c 1f12 | 1f00 0071 
  0x000000010fcc88d4: a0a9 0054 

  0x000000010fcc88d8: ;   {metadata(method data for {method} {0x0000000129504ee8} 'run' '()V' in 'kotlinx/coroutines/DispatchedTask')}
  0x000000010fcc88d8: 0371 93d2 | c366 a5f2 | 2300 c0f2 | 60c0 42f9 | 0004 0091 | 60c0 02f9 

  0x000000010fcc88f0: ;   {metadata(method data for {method} {0x0000000129504ee8} 'run' '()V' in 'kotlinx/coroutines/DispatchedTask')}
  0x000000010fcc88f0: 0371 93d2 | c366 a5f2 | 2300 c0f2 | 6018 43f9 | 0004 0091 | 6018 03f9 | e097 40f9 

  0x000000010fcc890c: ;   {metadata(method data for {method} {0x0000000129504ee8} 'run' '()V' in 'kotlinx/coroutines/DispatchedTask')}
  0x000000010fcc890c: 0371 93d2 | c366 a5f2 | 2300 c0f2 | 6864 43f9 | 0805 0091 | 6864 03f9 

  0x000000010fcc8924: ;   {metadata(method data for {method} {0x00000001295246b8} 'createFailure' '(Ljava/lang/Throwable;)Ljava/lang/Object;' in 'kotlin/ResultKt')}
  0x000000010fcc8924: 036b 81d2 | 035d a5f2 | 2300 c0f2 | 64ac 40b9 | 8408 0011 | 64ac 00b9 | 844c 1f12 | 9f00 0071 
  0x000000010fcc8944: 20a7 0054 

  0x000000010fcc8948: ;   {metadata(method data for {method} {0x00000001295246b8} 'createFailure' '(Ljava/lang/Throwable;)Ljava/lang/Object;' in 'kotlin/ResultKt')}
  0x000000010fcc8948: 036b 81d2 | 035d a5f2 | 2300 c0f2 | 6878 40f9 | 0805 0091 | 6878 00f9 

  0x000000010fcc8960: ;   {metadata(method data for {method} {0x000000012941aec8} 'checkNotNullParameter' '(Ljava/lang/Object;Ljava/lang/String;)V' in 'kotlin/jvm/internal/Intrinsics')}
  0x000000010fcc8960: 03d6 8cd2 | c32b a5f2 | 2300 c0f2 | 64ac 40b9 | 8408 0011 | 64ac 00b9 | 844c 1f12 | 9f00 0071 
  0x000000010fcc8980: 40a6 0054 | e303 1faa | 1f00 03eb 

  0x000000010fcc898c: ;   {metadata(method data for {method} {0x000000012941aec8} 'checkNotNullParameter' '(Ljava/lang/Object;Ljava/lang/String;)V' in 'kotlin/jvm/internal/Intrinsics')}
  0x000000010fcc898c: 03d6 8cd2 | c32b a5f2 | 2300 c0f2 | e80f 7cb2 | e903 78b2 | 0411 899a | 6a68 64f8 | 4a05 0091 
  0x000000010fcc89ac: 6a68 24f8 | 4110 0054 

  0x000000010fcc89b4: ;   {metadata(method data for {method} {0x000000012941aec8} 'checkNotNullParameter' '(Ljava/lang/Object;Ljava/lang/String;)V' in 'kotlin/jvm/internal/Intrinsics')}
  0x000000010fcc89b4: 03d6 8cd2 | c32b a5f2 | 2300 c0f2 | 6888 40f9 | 0805 0091 | 6888 00f9 

  0x000000010fcc89cc: ;   {metadata(method data for {method} {0x000000012941b048} 'throwParameterIsNullNPE' '(Ljava/lang/String;)V' in 'kotlin/jvm/internal/Intrinsics')}
  0x000000010fcc89cc: 0303 8dd2 | c32b a5f2 | 2300 c0f2 | 64ac 40b9 | 8408 0011 | 64ac 00b9 | 844c 1f12 | 9f00 0071 
  0x000000010fcc89ec: e0a3 0054 

  0x000000010fcc89f0: ; ImmutableOopMap {[176]=Oop [208]=Oop [216]=Oop [224]=Oop [232]=Oop [296]=Oop }
                      ;*new {reexecute=0 rethrow=0 return_oop=0}
                      ; - kotlin.jvm.internal.Intrinsics::throwParameterIsNullNPE@0 (line 140)
                      ; - kotlin.jvm.internal.Intrinsics::checkNotNullParameter@5 (line 131)
                      ; - kotlin.ResultKt::createFailure@3
                      ; - kotlinx.coroutines.DispatchedTask::run@246 (line 232)
                      ;   {runtime_call load_mirror_patching Runtime1 stub}
  0x000000010fcc89f0: 841c c595 | 80df 40f9 | 0bc0 0091 | 88e7 40f9 | 7f01 08eb | 28a4 0054 | 8bdf 00f9 | ea03 40b2 
  0x000000010fcc8a10: 0a00 00f9 | ea03 032a | 0a7c 0129 | 0a40 0091 | 5f7d 00a9 | 5f7d 01a9 | bf3a 03d5 

  0x000000010fcc8a2c: ;   {metadata(method data for {method} {0x000000012941b048} 'throwParameterIsNullNPE' '(Ljava/lang/String;)V' in 'kotlin/jvm/internal/Intrinsics')}
  0x000000010fcc8a2c: 0103 8dd2 | c12b a5f2 | 2100 c0f2 | 2878 40f9 | 0805 0091 | 2878 00f9 

  0x000000010fcc8a44: ;   {oop("exception"{0x0000000480a08a28})}
  0x000000010fcc8a44: 0145 91d2 | 0114 b0f2 | 8100 c0f2 | e09b 00f9 

  0x000000010fcc8a54: ; ImmutableOopMap {[176]=Oop [208]=Oop [216]=Oop [224]=Oop [232]=Oop [296]=Oop [304]=Oop }
                      ;*invokestatic createParameterIsNullExceptionMessage {reexecute=0 rethrow=0 return_oop=0}
                      ; - kotlin.jvm.internal.Intrinsics::throwParameterIsNullNPE@5 (line 140)
                      ; - kotlin.jvm.internal.Intrinsics::checkNotNullParameter@5 (line 131)
                      ; - kotlin.ResultKt::createFailure@3
                      ; - kotlinx.coroutines.DispatchedTask::run@246 (line 232)
                      ;   {static_call}
  0x000000010fcc8a54: 4baf c195 

  0x000000010fcc8a58: ;   {other}
  0x000000010fcc8a58: 1f20 03d5 | 1f59 84f2 | 1f40 83f2 | e29b 40f9 

  0x000000010fcc8a68: ;   {metadata(method data for {method} {0x000000012941b048} 'throwParameterIsNullNPE' '(Ljava/lang/String;)V' in 'kotlin/jvm/internal/Intrinsics')}
  0x000000010fcc8a68: 0103 8dd2 | c12b a5f2 | 2100 c0f2 | 2880 40f9 | 0805 0091 | 2880 00f9 | e203 00aa | e19b 40f9 
  0x000000010fcc8a88: ; ImmutableOopMap {[176]=Oop [208]=Oop [216]=Oop [224]=Oop [232]=Oop [296]=Oop [304]=Oop }
                      ;*invokespecial <init> {reexecute=0 rethrow=0 return_oop=0}
                      ; - kotlin.jvm.internal.Intrinsics::throwParameterIsNullNPE@8 (line 140)
                      ; - kotlin.jvm.internal.Intrinsics::checkNotNullParameter@5 (line 131)
                      ; - kotlin.ResultKt::createFailure@3
                      ; - kotlinx.coroutines.DispatchedTask::run@246 (line 232)
                      ;   {optimized virtual_call}
  0x000000010fcc8a88: bead c195 

  0x000000010fcc8a8c: ;   {other}
  0x000000010fcc8a8c: 1f20 03d5 | 9f5f 84f2 | 1f60 83f2 

  0x000000010fcc8a98: ;   {metadata(method data for {method} {0x000000012941b048} 'throwParameterIsNullNPE' '(Ljava/lang/String;)V' in 'kotlin/jvm/internal/Intrinsics')}
  0x000000010fcc8a98: 0103 8dd2 | c12b a5f2 | 2100 c0f2 | 2888 40f9 | 0805 0091 | 2888 00f9 

  0x000000010fcc8ab0: ;   {metadata(method data for {method} {0x000000012941c0c0} 'sanitizeStackTrace' '(Ljava/lang/Throwable;)Ljava/lang/Throwable;' in 'kotlin/jvm/internal/Intrinsics')}
  0x000000010fcc8ab0: 01d7 8dd2 | c12b a5f2 | 2100 c0f2 | 20ac 40b9 | 0008 0011 | 20ac 00b9 | 004c 1f12 | 1f00 0071 
  0x000000010fcc8ad0: 009e 0054 

  0x000000010fcc8ad4: ;   {oop(a 'java/lang/Class'{0x00000004803b59e8} = 'kotlin/jvm/internal/Intrinsics')}
  0x000000010fcc8ad4: 013d 8bd2 | 6107 b0f2 | 8100 c0f2 | e003 01aa 

  0x000000010fcc8ae4: ;   {metadata(method data for {method} {0x000000012941c0c0} 'sanitizeStackTrace' '(Ljava/lang/Throwable;)Ljava/lang/Throwable;' in 'kotlin/jvm/internal/Intrinsics')}
  0x000000010fcc8ae4: 02d7 8dd2 | c22b a5f2 | 2200 c0f2 | 4878 40f9 | 0805 0091 | 4878 00f9 

  0x000000010fcc8afc: ;   {metadata(method data for {method} {0x000000d8004684b0} 'getName' '()Ljava/lang/String;' in 'java/lang/Class')}
  0x000000010fcc8afc: 002f 95d2 | 6020 a5f2 | 2000 c0f2 | 02ac 40b9 | 4208 0011 | 02ac 00b9 | 424c 1f12 | 5f00 0071 
  0x000000010fcc8b1c: a09c 0054 

  0x000000010fcc8b20: ; implicit exception: dispatches to 0x000000010fcc9ed0
  0x000000010fcc8b20: 212c 40b9 | 21f0 7dd3 | e003 1faa | 3f00 00eb 

  0x000000010fcc8b30: ;   {metadata(method data for {method} {0x000000d8004684b0} 'getName' '()Ljava/lang/String;' in 'java/lang/Class')}
  0x000000010fcc8b30: 002f 95d2 | 6020 a5f2 | 2000 c0f2 | e80f 7cb2 | e903 78b2 | 0201 899a | 0368 62f8 | 6304 0091 
  0x000000010fcc8b50: 0368 22f8 | 2001 0054 

  0x000000010fcc8b58: ;   {metadata(method data for {method} {0x000000d8004684b0} 'getName' '()Ljava/lang/String;' in 'java/lang/Class')}
  0x000000010fcc8b58: 002f 95d2 | 6020 a5f2 | 2000 c0f2 | 0288 40f9 | 4204 0091 | 0288 00f9 | e003 01aa | 0f00 0014 
  0x000000010fcc8b78: ;   {oop(a 'java/lang/Class'{0x00000004803b59e8} = 'kotlin/jvm/internal/Intrinsics')}
  0x000000010fcc8b78: 013d 8bd2 | 6107 b0f2 | 8100 c0f2 | e003 01aa 

  0x000000010fcc8b88: ;   {metadata(method data for {method} {0x000000d8004684b0} 'getName' '()Ljava/lang/String;' in 'java/lang/Class')}
  0x000000010fcc8b88: 022f 95d2 | 6220 a5f2 | 2200 c0f2 | 4894 40f9 | 0805 0091 | 4894 00f9 

  0x000000010fcc8ba0: ; ImmutableOopMap {[176]=Oop [208]=Oop [216]=Oop [224]=Oop [232]=Oop [296]=Oop [304]=Oop }
                      ;*invokevirtual initClassName {reexecute=0 rethrow=0 return_oop=0}
                      ; - java.lang.Class::getName@14 (line 950)
                      ; - kotlin.jvm.internal.Intrinsics::sanitizeStackTrace@3 (line 253)
                      ; - kotlin.jvm.internal.Intrinsics::throwParameterIsNullNPE@11 (line 140)
                      ; - kotlin.jvm.internal.Intrinsics::checkNotNullParameter@5 (line 131)
                      ; - kotlin.ResultKt::createFailure@3
                      ; - kotlinx.coroutines.DispatchedTask::run@246 (line 232)
                      ;   {optimized virtual_call}
  0x000000010fcc8ba0: 78ad c195 

  0x000000010fcc8ba4: ;   {other}
  0x000000010fcc8ba4: 1f20 03d5 | 9f82 84f2 | 1f80 83f2 | e19b 40f9 | a901 0014 

  0x000000010fcc8bb8: ;   {metadata('kotlin/Result$Failure')}
  0x000000010fcc8bb8: 0316 9ed2 | 0321 a0f2 | 031b c0f2 | e203 00aa | 80df 40f9 | 0b40 0091 | 88e7 40f9 | 7f01 08eb 
  0x000000010fcc8bd8: e897 0054 | 8bdf 00f9 | ea03 40b2 | 0a00 00f9 | ea03 032a | 0a7c 0129 | bf3a 03d5 | e0a3 00f9 
  0x000000010fcc8bf8: e303 00aa 

  0x000000010fcc8bfc: ;   {metadata(method data for {method} {0x00000001295246b8} 'createFailure' '(Ljava/lang/Throwable;)Ljava/lang/Object;' in 'kotlin/ResultKt')}
  0x000000010fcc8bfc: 046b 81d2 | 045d a5f2 | 2400 c0f2 | 8880 40f9 | 0805 0091 | 8880 00f9 

  0x000000010fcc8c14: ;   {metadata(method data for {method} {0x000000012950d528} '<init>' '(Ljava/lang/Throwable;)V' in 'kotlin/Result$Failure')}
  0x000000010fcc8c14: 035a 82d2 | 035d a5f2 | 2300 c0f2 | 64ac 40b9 | 8408 0011 | 64ac 00b9 | 844c 1f12 | 9f00 0071 
  0x000000010fcc8c34: 4095 0054 

  0x000000010fcc8c38: ;   {metadata(method data for {method} {0x000000012950d528} '<init>' '(Ljava/lang/Throwable;)V' in 'kotlin/Result$Failure')}
  0x000000010fcc8c38: 035a 82d2 | 035d a5f2 | 2300 c0f2 | 6878 40f9 | 0805 0091 | 6878 00f9 

  0x000000010fcc8c50: ;   {metadata(method data for {method} {0x000000012941aec8} 'checkNotNullParameter' '(Ljava/lang/Object;Ljava/lang/String;)V' in 'kotlin/jvm/internal/Intrinsics')}
  0x000000010fcc8c50: 03d6 8cd2 | c32b a5f2 | 2300 c0f2 | 64ac 40b9 | 8408 0011 | 64ac 00b9 | 844c 1f12 | 9f00 0071 
  0x000000010fcc8c70: 6094 0054 | e303 1faa | 5f00 03eb 

  0x000000010fcc8c7c: ;   {metadata(method data for {method} {0x000000012941aec8} 'checkNotNullParameter' '(Ljava/lang/Object;Ljava/lang/String;)V' in 'kotlin/jvm/internal/Intrinsics')}
  0x000000010fcc8c7c: 03d6 8cd2 | c32b a5f2 | 2300 c0f2 | e80f 7cb2 | e903 78b2 | 0411 899a | 6a68 64f8 | 4a05 0091 
  0x000000010fcc8c9c: 6a68 24f8 | 4110 0054 

  0x000000010fcc8ca4: ;   {metadata(method data for {method} {0x000000012941aec8} 'checkNotNullParameter' '(Ljava/lang/Object;Ljava/lang/String;)V' in 'kotlin/jvm/internal/Intrinsics')}
  0x000000010fcc8ca4: 03d6 8cd2 | c32b a5f2 | 2300 c0f2 | 6888 40f9 | 0805 0091 | 6888 00f9 

  0x000000010fcc8cbc: ;   {metadata(method data for {method} {0x000000012941b048} 'throwParameterIsNullNPE' '(Ljava/lang/String;)V' in 'kotlin/jvm/internal/Intrinsics')}
  0x000000010fcc8cbc: 0303 8dd2 | c32b a5f2 | 2300 c0f2 | 64ac 40b9 | 8408 0011 | 64ac 00b9 | 844c 1f12 | 9f00 0071 
  0x000000010fcc8cdc: 0092 0054 

  0x000000010fcc8ce0: ; ImmutableOopMap {[176]=Oop [208]=Oop [216]=Oop [224]=Oop [232]=Oop [296]=Oop [320]=Oop }
                      ;*new {reexecute=0 rethrow=0 return_oop=0}
                      ; - kotlin.jvm.internal.Intrinsics::throwParameterIsNullNPE@0 (line 140)
                      ; - kotlin.jvm.internal.Intrinsics::checkNotNullParameter@5 (line 131)
                      ; - kotlin.Result$Failure::<init>@3
                      ; - kotlin.ResultKt::createFailure@11 (line 122)
                      ; - kotlinx.coroutines.DispatchedTask::run@246 (line 232)
                      ;   {runtime_call load_mirror_patching Runtime1 stub}
  0x000000010fcc8ce0: c81b c595 | 80df 40f9 | 0bc0 0091 | 88e7 40f9 | 7f01 08eb | 4892 0054 | 8bdf 00f9 | ea03 40b2 
  0x000000010fcc8d00: 0a00 00f9 | ea03 032a | 0a7c 0129 | 0a40 0091 | 5f7d 00a9 | 5f7d 01a9 | bf3a 03d5 

  0x000000010fcc8d1c: ;   {metadata(method data for {method} {0x000000012941b048} 'throwParameterIsNullNPE' '(Ljava/lang/String;)V' in 'kotlin/jvm/internal/Intrinsics')}
  0x000000010fcc8d1c: 0103 8dd2 | c12b a5f2 | 2100 c0f2 | 2878 40f9 | 0805 0091 | 2878 00f9 

  0x000000010fcc8d34: ;   {oop("exception"{0x0000000480a08a28})}
  0x000000010fcc8d34: 0145 91d2 | 0114 b0f2 | 8100 c0f2 | e09f 00f9 

  0x000000010fcc8d44: ; ImmutableOopMap {[176]=Oop [208]=Oop [216]=Oop [224]=Oop [232]=Oop [296]=Oop [312]=Oop [320]=Oop }
                      ;*invokestatic createParameterIsNullExceptionMessage {reexecute=0 rethrow=0 return_oop=0}
                      ; - kotlin.jvm.internal.Intrinsics::throwParameterIsNullNPE@5 (line 140)
                      ; - kotlin.jvm.internal.Intrinsics::checkNotNullParameter@5 (line 131)
                      ; - kotlin.Result$Failure::<init>@3
                      ; - kotlin.ResultKt::createFailure@11 (line 122)
                      ; - kotlinx.coroutines.DispatchedTask::run@246 (line 232)
                      ;   {static_call}
  0x000000010fcc8d44: 8fae c195 

  0x000000010fcc8d48: ;   {other}
  0x000000010fcc8d48: 1f20 03d5 | 1fb7 84f2 | 1fc0 83f2 | e29f 40f9 

  0x000000010fcc8d58: ;   {metadata(method data for {method} {0x000000012941b048} 'throwParameterIsNullNPE' '(Ljava/lang/String;)V' in 'kotlin/jvm/internal/Intrinsics')}
  0x000000010fcc8d58: 0103 8dd2 | c12b a5f2 | 2100 c0f2 | 2880 40f9 | 0805 0091 | 2880 00f9 | e203 00aa | e19f 40f9 
  0x000000010fcc8d78: ; ImmutableOopMap {[176]=Oop [208]=Oop [216]=Oop [224]=Oop [232]=Oop [296]=Oop [312]=Oop [320]=Oop }
                      ;*invokespecial <init> {reexecute=0 rethrow=0 return_oop=0}
                      ; - kotlin.jvm.internal.Intrinsics::throwParameterIsNullNPE@8 (line 140)
                      ; - kotlin.jvm.internal.Intrinsics::checkNotNullParameter@5 (line 131)
                      ; - kotlin.Result$Failure::<init>@3
                      ; - kotlin.ResultKt::createFailure@11 (line 122)
                      ; - kotlinx.coroutines.DispatchedTask::run@246 (line 232)
                      ;   {optimized virtual_call}
  0x000000010fcc8d78: 02ad c195 

  0x000000010fcc8d7c: ;   {other}
  0x000000010fcc8d7c: 1f20 03d5 | 9fbd 84f2 | 1fe0 83f2 

  0x000000010fcc8d88: ;   {metadata(method data for {method} {0x000000012941b048} 'throwParameterIsNullNPE' '(Ljava/lang/String;)V' in 'kotlin/jvm/internal/Intrinsics')}
  0x000000010fcc8d88: 0103 8dd2 | c12b a5f2 | 2100 c0f2 | 2888 40f9 | 0805 0091 | 2888 00f9 

  0x000000010fcc8da0: ;   {metadata(method data for {method} {0x000000012941c0c0} 'sanitizeStackTrace' '(Ljava/lang/Throwable;)Ljava/lang/Throwable;' in 'kotlin/jvm/internal/Intrinsics')}
  0x000000010fcc8da0: 01d7 8dd2 | c12b a5f2 | 2100 c0f2 | 20ac 40b9 | 0008 0011 | 20ac 00b9 | 004c 1f12 | 1f00 0071 
  0x000000010fcc8dc0: 208c 0054 

  0x000000010fcc8dc4: ;   {oop(a 'java/lang/Class'{0x00000004803b59e8} = 'kotlin/jvm/internal/Intrinsics')}
  0x000000010fcc8dc4: 013d 8bd2 | 6107 b0f2 | 8100 c0f2 | e003 01aa 

  0x000000010fcc8dd4: ;   {metadata(method data for {method} {0x000000012941c0c0} 'sanitizeStackTrace' '(Ljava/lang/Throwable;)Ljava/lang/Throwable;' in 'kotlin/jvm/internal/Intrinsics')}
  0x000000010fcc8dd4: 02d7 8dd2 | c22b a5f2 | 2200 c0f2 | 4878 40f9 | 0805 0091 | 4878 00f9 

  0x000000010fcc8dec: ;   {metadata(method data for {method} {0x000000d8004684b0} 'getName' '()Ljava/lang/String;' in 'java/lang/Class')}
  0x000000010fcc8dec: 002f 95d2 | 6020 a5f2 | 2000 c0f2 | 02ac 40b9 | 4208 0011 | 02ac 00b9 | 424c 1f12 | 5f00 0071 
  0x000000010fcc8e0c: c08a 0054 

  0x000000010fcc8e10: ; implicit exception: dispatches to 0x000000010fcc9f84
  0x000000010fcc8e10: 212c 40b9 | 21f0 7dd3 | e003 1faa | 3f00 00eb 

  0x000000010fcc8e20: ;   {metadata(method data for {method} {0x000000d8004684b0} 'getName' '()Ljava/lang/String;' in 'java/lang/Class')}
  0x000000010fcc8e20: 002f 95d2 | 6020 a5f2 | 2000 c0f2 | e80f 7cb2 | e903 78b2 | 0201 899a | 0368 62f8 | 6304 0091 
  0x000000010fcc8e40: 0368 22f8 | 2001 0054 

  0x000000010fcc8e48: ;   {metadata(method data for {method} {0x000000d8004684b0} 'getName' '()Ljava/lang/String;' in 'java/lang/Class')}
  0x000000010fcc8e48: 002f 95d2 | 6020 a5f2 | 2000 c0f2 | 0288 40f9 | 4204 0091 | 0288 00f9 | e003 01aa | 0f00 0014 
  0x000000010fcc8e68: ;   {oop(a 'java/lang/Class'{0x00000004803b59e8} = 'kotlin/jvm/internal/Intrinsics')}
  0x000000010fcc8e68: 013d 8bd2 | 6107 b0f2 | 8100 c0f2 | e003 01aa 

  0x000000010fcc8e78: ;   {metadata(method data for {method} {0x000000d8004684b0} 'getName' '()Ljava/lang/String;' in 'java/lang/Class')}
  0x000000010fcc8e78: 022f 95d2 | 6220 a5f2 | 2200 c0f2 | 4894 40f9 | 0805 0091 | 4894 00f9 

  0x000000010fcc8e90: ; ImmutableOopMap {[176]=Oop [208]=Oop [216]=Oop [224]=Oop [232]=Oop [296]=Oop [312]=Oop [320]=Oop }
                      ;*invokevirtual initClassName {reexecute=0 rethrow=0 return_oop=0}
                      ; - java.lang.Class::getName@14 (line 950)
                      ; - kotlin.jvm.internal.Intrinsics::sanitizeStackTrace@3 (line 253)
                      ; - kotlin.jvm.internal.Intrinsics::throwParameterIsNullNPE@11 (line 140)
                      ; - kotlin.jvm.internal.Intrinsics::checkNotNullParameter@5 (line 131)
                      ; - kotlin.Result$Failure::<init>@3
                      ; - kotlin.ResultKt::createFailure@11 (line 122)
                      ; - kotlinx.coroutines.DispatchedTask::run@246 (line 232)
                      ;   {optimized virtual_call}
  0x000000010fcc8e90: bcac c195 

  0x000000010fcc8e94: ;   {other}
  0x000000010fcc8e94: 1f20 03d5 | 9fe0 84f2 | 1f00 84f2 | e19f 40f9 | 9f00 0014 | e303 02aa | e203 00aa 

  0x000000010fcc8eb0: ;   {metadata(method data for {method} {0x000000012950d528} '<init>' '(Ljava/lang/Throwable;)V' in 'kotlin/Result$Failure')}
  0x000000010fcc8eb0: 015a 82d2 | 015d a5f2 | 2100 c0f2 | 2880 40f9 | 0805 0091 | 2880 00f9 

  0x000000010fcc8ec8: ;   {metadata(method data for {method} {0x000000d800473798} '<init>' '()V' in 'java/lang/Object')}
  0x000000010fcc8ec8: 02ea 94d2 | 0220 a5f2 | 2200 c0f2 | 41ac 40b9 | 2108 0011 | 41ac 00b9 | 214c 1f12 | 3f00 0071 
  0x000000010fcc8ee8: 0085 0054 | 8203 4139 | 5f00 0071 | a185 0054 | 68fc 43d3 | 080c 00b9 | 0200 03ca | 42fc 56d3 
  0x000000010fcc8f08: 5f00 00f1 | a185 0054 | bf3a 03d5 

  0x000000010fcc8f14: ;   {metadata(method data for {method} {0x0000000129504ee8} 'run' '()V' in 'kotlinx/coroutines/DispatchedTask')}
  0x000000010fcc8f14: 0271 93d2 | c266 a5f2 | 2200 c0f2 | 486c 43f9 | 0805 0091 | 486c 03f9 

  0x000000010fcc8f2c: ;   {metadata(method data for {method} {0x000000012950e590} 'constructor-impl' '(Ljava/lang/Object;)Ljava/lang/Object;' in 'kotlin/Result')}
  0x000000010fcc8f2c: 02d3 9ed2 | 6253 a5f2 | 2200 c0f2 | 41ac 40b9 | 2108 0011 | 41ac 00b9 | 214c 1f12 | 3f00 0071 
  0x000000010fcc8f4c: 2084 0054 | e26b 40f9 

  0x000000010fcc8f54: ;   {metadata(method data for {method} {0x0000000129504ee8} 'run' '()V' in 'kotlinx/coroutines/DispatchedTask')}
  0x000000010fcc8f54: 0171 93d2 | c166 a5f2 | 2100 c0f2 | 4208 40b9 | 021b c0f2 | 29e0 1b91 | 2801 40f9 | 5f00 08eb 
  0x000000010fcc8f74: a100 0054 | 2880 43f9 | 0805 0091 | 2880 03f9 | 1c00 0014 | 2920 1c91 | 2801 40f9 | 5f00 08eb 
  0x000000010fcc8f94: a100 0054 | 2888 43f9 | 0805 0091 | 2888 03f9 | 1400 0014 | 29e0 1b91 | 2801 40f9 | c800 00b5 
  0x000000010fcc8fb4: 2201 00f9 | e803 40b2 | 2900 1c91 | 2801 00f9 | 0c00 0014 | 2920 1c91 | 2801 40f9 | c800 00b5 
  0x000000010fcc8fd4: 2201 00f9 | e803 40b2 | 2940 1c91 | 2801 00f9 | 0400 0014 | 2874 43f9 | 0805 0091 | 2874 03f9 
  0x000000010fcc8ff4: e203 00aa | e16b 40f9 | 09f8 8ed2 | 290f adf2 | 2901 c0f2 

  0x000000010fcc9008: ; ImmutableOopMap {[176]=Oop [216]=Oop [224]=Oop [232]=Oop }
                      ;*invokeinterface resumeWith {reexecute=0 rethrow=0 return_oop=0}
                      ; - kotlinx.coroutines.DispatchedTask::run@252 (line 232)
                      ;   {virtual_call}
  0x000000010fcc9008: 9682 c595 

  0x000000010fcc900c: ;   {other}
  0x000000010fcc900c: 1f20 03d5 | 9f0f 85f2 | 1f20 84f2 

  0x000000010fcc9018: ;   {metadata(method data for {method} {0x0000000129504ee8} 'run' '()V' in 'kotlinx/coroutines/DispatchedTask')}
  0x000000010fcc9018: 0171 93d2 | c166 a5f2 | 2100 c0f2 | 2090 43f9 | 0004 0091 | 2090 03f9 | e077 40f9 | e103 1faa 
  0x000000010fcc9038: 1f00 01eb 

  0x000000010fcc903c: ;   {metadata(method data for {method} {0x0000000129504ee8} 'run' '()V' in 'kotlinx/coroutines/DispatchedTask')}
  0x000000010fcc903c: 0171 93d2 | c166 a5f2 | 2100 c0f2 | 0809 81d2 | 090b 81d2 | 0201 899a | 2368 62f8 | 6304 0091 
  0x000000010fcc905c: 2368 22f8 | 2003 0054 

  0x000000010fcc9064: ; implicit exception: dispatches to 0x000000010fcc9ff0
  0x000000010fcc9064: 1f00 40f9 | e103 00aa 

  0x000000010fcc906c: ;   {metadata(method data for {method} {0x0000000129504ee8} 'run' '()V' in 'kotlinx/coroutines/DispatchedTask')}
  0x000000010fcc906c: 0271 93d2 | c266 a5f2 | 2200 c0f2 | 4834 44f9 | 0805 0091 | 4834 04f9 | e103 00aa 

  0x000000010fcc9088: ; ImmutableOopMap {[176]=Oop [216]=Oop [224]=Oop }
                      ;*invokevirtual clearThreadContext {reexecute=0 rethrow=0 return_oop=0}
                      ; - kotlinx.coroutines.DispatchedTask::run@319 (line 236)
                      ;   {optimized virtual_call}
  0x000000010fcc9088: 3eac c195 

  0x000000010fcc908c: ;   {other}
  0x000000010fcc908c: 1f20 03d5 | 9f1f 85f2 | 1f40 84f2 | 1f00 0071 

  0x000000010fcc909c: ;   {metadata(method data for {method} {0x0000000129504ee8} 'run' '()V' in 'kotlinx/coroutines/DispatchedTask')}
  0x000000010fcc909c: 0171 93d2 | c166 a5f2 | 2100 c0f2 | 0814 81d2 | 0916 81d2 | 0201 899a | 2068 62f8 | 0004 0091 
  0x000000010fcc90bc: 2068 22f8 | 8001 0054 

  0x000000010fcc90c4: ;   {metadata(method data for {method} {0x0000000129504ee8} 'run' '()V' in 'kotlinx/coroutines/DispatchedTask')}
  0x000000010fcc90c4: 0171 93d2 | c166 a5f2 | 2100 c0f2 | 2860 44f9 | 0805 0091 | 2860 04f9 | e18b 4da9 

  0x000000010fcc90e0: ; ImmutableOopMap {[176]=Oop }
                      ;*invokestatic restoreThreadContext {reexecute=0 rethrow=0 return_oop=0}
                      ; - kotlinx.coroutines.DispatchedTask::run@329 (line 237)
                      ;   {static_call}
  0x000000010fcc90e0: c8f8 0594 

  0x000000010fcc90e4: ;   {other}
  0x000000010fcc90e4: 1f20 03d5 | 9f2a 85f2 | 1f60 84f2 

  0x000000010fcc90f0: ;   {metadata(method data for {method} {0x0000000129504ee8} 'run' '()V' in 'kotlinx/coroutines/DispatchedTask')}
  0x000000010fcc90f0: 0171 93d2 | c166 a5f2 | 2100 c0f2 | 2268 44f9 | 4204 0091 | 2268 04f9 | fd7b 57a9 | ff03 0691 
  0x000000010fcc9110: ;   {poll_return}
  0x000000010fcc9110: 882b 42f9 | ff63 28eb | e876 0054 | c003 5fd6 

  0x000000010fcc9120: ;   {metadata(method data for {method} {0x000000012941c0c0} 'sanitizeStackTrace' '(Ljava/lang/Throwable;)Ljava/lang/Throwable;' in 'kotlin/jvm/internal/Intrinsics')}
  0x000000010fcc9120: 02d7 8dd2 | c22b a5f2 | 2200 c0f2 | 4894 40f9 | 0805 0091 | 4894 00f9 | e203 00aa 

  0x000000010fcc913c: ; ImmutableOopMap {[176]=Oop [208]=Oop [216]=Oop [224]=Oop [232]=Oop [296]=Oop [320]=Oop }
                      ;*invokestatic sanitizeStackTrace {reexecute=0 rethrow=0 return_oop=0}
                      ; - kotlin.jvm.internal.Intrinsics::sanitizeStackTrace@6 (line 253)
                      ; - kotlin.jvm.internal.Intrinsics::throwParameterIsNullNPE@11 (line 140)
                      ; - kotlin.jvm.internal.Intrinsics::checkNotNullParameter@5 (line 131)
                      ; - kotlin.Result$Failure::<init>@3
                      ; - kotlin.ResultKt::createFailure@11 (line 122)
                      ; - kotlinx.coroutines.DispatchedTask::run@246 (line 232)
                      ;   {static_call}
  0x000000010fcc913c: 91ad c195 

  0x000000010fcc9140: ;   {other}
  0x000000010fcc9140: 1f20 03d5 | 1f36 85f2 | 1f80 84f2 | e1a3 40f9 | 0001 00b5 

  0x000000010fcc9154: ;   {metadata(method data for {method} {0x000000012941b048} 'throwParameterIsNullNPE' '(Ljava/lang/String;)V' in 'kotlin/jvm/internal/Intrinsics')}
  0x000000010fcc9154: 0403 8dd2 | c42b a5f2 | 2400 c0f2 | 8864 4439 | 0801 40b2 | 8864 0439 | 3700 0014 

  0x000000010fcc9170: ;   {metadata('java/lang/NullPointerException')}
  0x000000010fcc9170: 0230 98d2 | c200 a0f2 | 021b c0f2 | 0408 40b9 | 041b c0f2 | 8828 40f9 | 5f00 08eb | e104 0054 
  0x000000010fcc9190: ;   {metadata(method data for {method} {0x000000012941b048} 'throwParameterIsNullNPE' '(Ljava/lang/String;)V' in 'kotlin/jvm/internal/Intrinsics')}
  0x000000010fcc9190: 0403 8dd2 | c42b a5f2 | 2400 c0f2 | 0208 40b9 | 021b c0f2 | 89c0 0491 | 2801 40f9 | 5f00 08eb 
  0x000000010fcc91b0: a100 0054 | 889c 40f9 | 0805 0091 | 889c 00f9 | 2200 0014 | 8900 0591 | 2801 40f9 | 5f00 08eb 
  0x000000010fcc91d0: a100 0054 | 88a4 40f9 | 0805 0091 | 88a4 00f9 | 1a00 0014 | 89c0 0491 | 2801 40f9 | c800 00b5 
  0x000000010fcc91f0: 2201 00f9 | e803 40b2 | 89e0 0491 | 2801 00f9 | 1200 0014 | 8900 0591 | 2801 40f9 | c800 00b5 
  0x000000010fcc9210: 2201 00f9 | e803 40b2 | 8920 0591 | 2801 00f9 | 0a00 0014 | 0900 0014 

  0x000000010fcc9228: ;   {metadata(method data for {method} {0x000000012941b048} 'throwParameterIsNullNPE' '(Ljava/lang/String;)V' in 'kotlin/jvm/internal/Intrinsics')}
  0x000000010fcc9228: 0403 8dd2 | c42b a5f2 | 2400 c0f2 | 8890 40f9 | 0805 00d1 | 8890 00f9 | 7003 0014 | 0100 0014 
  0x000000010fcc9248: ; implicit exception: dispatches to 0x000000010fcca008
                      ; ImmutableOopMap {c_rarg1=Oop c_rarg0=Oop [176]=Oop [208]=Oop [216]=Oop [224]=Oop [232]=Oop [296]=Oop [320]=Oop }
                      ;*athrow {reexecute=1 rethrow=0 return_oop=0}
                      ; - (reexecute) kotlin.jvm.internal.Intrinsics::throwParameterIsNullNPE@17 (line 140)
                      ; - kotlin.jvm.internal.Intrinsics::checkNotNullParameter@5 (line 131)
                      ; - kotlin.Result$Failure::<init>@3
                      ; - kotlin.ResultKt::createFailure@11 (line 122)
                      ; - kotlinx.coroutines.DispatchedTask::run@246 (line 232)
  0x000000010fcc9248: 1f00 40f9 

  0x000000010fcc924c: ;   {section_word}
  0x000000010fcc924c: 0300 0010 

  0x000000010fcc9250: ;   {runtime_call handle_exception_nofpu Runtime1 stub}
  0x000000010fcc9250: ec0d c595 | 1f20 03d5 

  0x000000010fcc9258: ;   {metadata(method data for {method} {0x000000012941c0c0} 'sanitizeStackTrace' '(Ljava/lang/Throwable;)Ljava/lang/Throwable;' in 'kotlin/jvm/internal/Intrinsics')}
  0x000000010fcc9258: 02d7 8dd2 | c22b a5f2 | 2200 c0f2 | 4894 40f9 | 0805 0091 | 4894 00f9 | e203 00aa 

  0x000000010fcc9274: ; ImmutableOopMap {[176]=Oop [208]=Oop [216]=Oop [224]=Oop [232]=Oop [296]=Oop }
                      ;*invokestatic sanitizeStackTrace {reexecute=0 rethrow=0 return_oop=0}
                      ; - kotlin.jvm.internal.Intrinsics::sanitizeStackTrace@6 (line 253)
                      ; - kotlin.jvm.internal.Intrinsics::throwParameterIsNullNPE@11 (line 140)
                      ; - kotlin.jvm.internal.Intrinsics::checkNotNullParameter@5 (line 131)
                      ; - kotlin.ResultKt::createFailure@3
                      ; - kotlinx.coroutines.DispatchedTask::run@246 (line 232)
                      ;   {static_call}
  0x000000010fcc9274: 43ad c195 

  0x000000010fcc9278: ;   {other}
  0x000000010fcc9278: 1f20 03d5 | 1f5d 85f2 | 1fc0 84f2 | e197 40f9 | 0001 00b5 

  0x000000010fcc928c: ;   {metadata(method data for {method} {0x000000012941b048} 'throwParameterIsNullNPE' '(Ljava/lang/String;)V' in 'kotlin/jvm/internal/Intrinsics')}
  0x000000010fcc928c: 0403 8dd2 | c42b a5f2 | 2400 c0f2 | 8864 4439 | 0801 40b2 | 8864 0439 | 3700 0014 

  0x000000010fcc92a8: ;   {metadata('java/lang/NullPointerException')}
  0x000000010fcc92a8: 0230 98d2 | c200 a0f2 | 021b c0f2 | 0408 40b9 | 041b c0f2 | 8828 40f9 | 5f00 08eb | e104 0054 
  0x000000010fcc92c8: ;   {metadata(method data for {method} {0x000000012941b048} 'throwParameterIsNullNPE' '(Ljava/lang/String;)V' in 'kotlin/jvm/internal/Intrinsics')}
  0x000000010fcc92c8: 0403 8dd2 | c42b a5f2 | 2400 c0f2 | 0208 40b9 | 021b c0f2 | 89c0 0491 | 2801 40f9 | 5f00 08eb 
  0x000000010fcc92e8: a100 0054 | 889c 40f9 | 0805 0091 | 889c 00f9 | 2200 0014 | 8900 0591 | 2801 40f9 | 5f00 08eb 
  0x000000010fcc9308: a100 0054 | 88a4 40f9 | 0805 0091 | 88a4 00f9 | 1a00 0014 | 89c0 0491 | 2801 40f9 | c800 00b5 
  0x000000010fcc9328: 2201 00f9 | e803 40b2 | 89e0 0491 | 2801 00f9 | 1200 0014 | 8900 0591 | 2801 40f9 | c800 00b5 
  0x000000010fcc9348: 2201 00f9 | e803 40b2 | 8920 0591 | 2801 00f9 | 0a00 0014 | 0900 0014 

  0x000000010fcc9360: ;   {metadata(method data for {method} {0x000000012941b048} 'throwParameterIsNullNPE' '(Ljava/lang/String;)V' in 'kotlin/jvm/internal/Intrinsics')}
  0x000000010fcc9360: 0403 8dd2 | c42b a5f2 | 2400 c0f2 | 8890 40f9 | 0805 00d1 | 8890 00f9 | 2503 0014 | 0100 0014 
  0x000000010fcc9380: ; implicit exception: dispatches to 0x000000010fcca014
                      ; ImmutableOopMap {c_rarg1=Oop c_rarg0=Oop [176]=Oop [208]=Oop [216]=Oop [224]=Oop [232]=Oop [296]=Oop }
                      ;*athrow {reexecute=1 rethrow=0 return_oop=0}
                      ; - (reexecute) kotlin.jvm.internal.Intrinsics::throwParameterIsNullNPE@17 (line 140)
                      ; - kotlin.jvm.internal.Intrinsics::checkNotNullParameter@5 (line 131)
                      ; - kotlin.ResultKt::createFailure@3
                      ; - kotlinx.coroutines.DispatchedTask::run@246 (line 232)
  0x000000010fcc9380: 1f00 40f9 

  0x000000010fcc9384: ;   {section_word}
  0x000000010fcc9384: 0300 0010 

  0x000000010fcc9388: ;   {runtime_call handle_exception_nofpu Runtime1 stub}
  0x000000010fcc9388: 9e0d c595 | 1f20 03d5 

  0x000000010fcc9390: ;   {metadata(method data for {method} {0x000000012941c0c0} 'sanitizeStackTrace' '(Ljava/lang/Throwable;)Ljava/lang/Throwable;' in 'kotlin/jvm/internal/Intrinsics')}
  0x000000010fcc9390: 02d7 8dd2 | c22b a5f2 | 2200 c0f2 | 4894 40f9 | 0805 0091 | 4894 00f9 | e203 00aa 

  0x000000010fcc93ac: ; ImmutableOopMap {[176]=Oop [208]=Oop [216]=Oop [224]=Oop [232]=Oop [256]=Oop [288]=Oop }
                      ;*invokestatic sanitizeStackTrace {reexecute=0 rethrow=0 return_oop=0}
                      ; - kotlin.jvm.internal.Intrinsics::sanitizeStackTrace@6 (line 253)
                      ; - kotlin.jvm.internal.Intrinsics::throwParameterIsNullNPE@11 (line 140)
                      ; - kotlin.jvm.internal.Intrinsics::checkNotNullParameter@5 (line 131)
                      ; - kotlin.Result$Failure::<init>@3
                      ; - kotlin.ResultKt::createFailure@11 (line 122)
                      ; - kotlinx.coroutines.DispatchedTask::run@273 (line 98)
                      ;   {static_call}
  0x000000010fcc93ac: f5ac c195 

  0x000000010fcc93b0: ;   {other}
  0x000000010fcc93b0: 1f20 03d5 | 1f84 85f2 | 1f00 85f2 | e193 40f9 | 0001 00b5 

  0x000000010fcc93c4: ;   {metadata(method data for {method} {0x000000012941b048} 'throwParameterIsNullNPE' '(Ljava/lang/String;)V' in 'kotlin/jvm/internal/Intrinsics')}
  0x000000010fcc93c4: 0403 8dd2 | c42b a5f2 | 2400 c0f2 | 8864 4439 | 0801 40b2 | 8864 0439 | 3700 0014 

  0x000000010fcc93e0: ;   {metadata('java/lang/NullPointerException')}
  0x000000010fcc93e0: 0230 98d2 | c200 a0f2 | 021b c0f2 | 0408 40b9 | 041b c0f2 | 8828 40f9 | 5f00 08eb | e104 0054 
  0x000000010fcc9400: ;   {metadata(method data for {method} {0x000000012941b048} 'throwParameterIsNullNPE' '(Ljava/lang/String;)V' in 'kotlin/jvm/internal/Intrinsics')}
  0x000000010fcc9400: 0403 8dd2 | c42b a5f2 | 2400 c0f2 | 0208 40b9 | 021b c0f2 | 89c0 0491 | 2801 40f9 | 5f00 08eb 
  0x000000010fcc9420: a100 0054 | 889c 40f9 | 0805 0091 | 889c 00f9 | 2200 0014 | 8900 0591 | 2801 40f9 | 5f00 08eb 
  0x000000010fcc9440: a100 0054 | 88a4 40f9 | 0805 0091 | 88a4 00f9 | 1a00 0014 | 89c0 0491 | 2801 40f9 | c800 00b5 
  0x000000010fcc9460: 2201 00f9 | e803 40b2 | 89e0 0491 | 2801 00f9 | 1200 0014 | 8900 0591 | 2801 40f9 | c800 00b5 
  0x000000010fcc9480: 2201 00f9 | e803 40b2 | 8920 0591 | 2801 00f9 | 0a00 0014 | 0900 0014 

  0x000000010fcc9498: ;   {metadata(method data for {method} {0x000000012941b048} 'throwParameterIsNullNPE' '(Ljava/lang/String;)V' in 'kotlin/jvm/internal/Intrinsics')}
  0x000000010fcc9498: 0403 8dd2 | c42b a5f2 | 2400 c0f2 | 8890 40f9 | 0805 00d1 | 8890 00f9 | da02 0014 | 0100 0014 
  0x000000010fcc94b8: ; implicit exception: dispatches to 0x000000010fcca020
                      ; ImmutableOopMap {c_rarg1=Oop c_rarg0=Oop [176]=Oop [208]=Oop [216]=Oop [224]=Oop [232]=Oop [256]=Oop [288]=Oop }
                      ;*athrow {reexecute=1 rethrow=0 return_oop=0}
                      ; - (reexecute) kotlin.jvm.internal.Intrinsics::throwParameterIsNullNPE@17 (line 140)
                      ; - kotlin.jvm.internal.Intrinsics::checkNotNullParameter@5 (line 131)
                      ; - kotlin.Result$Failure::<init>@3
                      ; - kotlin.ResultKt::createFailure@11 (line 122)
                      ; - kotlinx.coroutines.DispatchedTask::run@273 (line 98)
  0x000000010fcc94b8: 1f00 40f9 

  0x000000010fcc94bc: ;   {section_word}
  0x000000010fcc94bc: 0300 0010 

  0x000000010fcc94c0: ;   {runtime_call handle_exception_nofpu Runtime1 stub}
  0x000000010fcc94c0: 500d c595 | 1f20 03d5 

  0x000000010fcc94c8: ;   {metadata(method data for {method} {0x000000012941c0c0} 'sanitizeStackTrace' '(Ljava/lang/Throwable;)Ljava/lang/Throwable;' in 'kotlin/jvm/internal/Intrinsics')}
  0x000000010fcc94c8: 02d7 8dd2 | c22b a5f2 | 2200 c0f2 | 4894 40f9 | 0805 0091 | 4894 00f9 | e203 00aa 

  0x000000010fcc94e4: ; ImmutableOopMap {[176]=Oop [208]=Oop [216]=Oop [224]=Oop [232]=Oop [256]=Oop }
                      ;*invokestatic sanitizeStackTrace {reexecute=0 rethrow=0 return_oop=0}
                      ; - kotlin.jvm.internal.Intrinsics::sanitizeStackTrace@6 (line 253)
                      ; - kotlin.jvm.internal.Intrinsics::throwParameterIsNullNPE@11 (line 140)
                      ; - kotlin.jvm.internal.Intrinsics::checkNotNullParameter@5 (line 131)
                      ; - kotlin.ResultKt::createFailure@3
                      ; - kotlinx.coroutines.DispatchedTask::run@273 (line 98)
                      ;   {static_call}
  0x000000010fcc94e4: a7ac c195 

  0x000000010fcc94e8: ;   {other}
  0x000000010fcc94e8: 1f20 03d5 | 1fab 85f2 | 1f40 85f2 | e183 40f9 | e26b 40f9 | 0001 00b5 

  0x000000010fcc9500: ;   {metadata(method data for {method} {0x000000012941b048} 'throwParameterIsNullNPE' '(Ljava/lang/String;)V' in 'kotlin/jvm/internal/Intrinsics')}
  0x000000010fcc9500: 0503 8dd2 | c52b a5f2 | 2500 c0f2 | a864 4439 | 0801 40b2 | a864 0439 | 3700 0014 

  0x000000010fcc951c: ;   {metadata('java/lang/NullPointerException')}
  0x000000010fcc951c: 0430 98d2 | c400 a0f2 | 041b c0f2 | 0508 40b9 | 051b c0f2 | a828 40f9 | 9f00 08eb | e104 0054 
  0x000000010fcc953c: ;   {metadata(method data for {method} {0x000000012941b048} 'throwParameterIsNullNPE' '(Ljava/lang/String;)V' in 'kotlin/jvm/internal/Intrinsics')}
  0x000000010fcc953c: 0503 8dd2 | c52b a5f2 | 2500 c0f2 | 0408 40b9 | 041b c0f2 | a9c0 0491 | 2801 40f9 | 9f00 08eb 
  0x000000010fcc955c: a100 0054 | a89c 40f9 | 0805 0091 | a89c 00f9 | 2200 0014 | a900 0591 | 2801 40f9 | 9f00 08eb 
  0x000000010fcc957c: a100 0054 | a8a4 40f9 | 0805 0091 | a8a4 00f9 | 1a00 0014 | a9c0 0491 | 2801 40f9 | c800 00b5 
  0x000000010fcc959c: 2401 00f9 | e803 40b2 | a9e0 0491 | 2801 00f9 | 1200 0014 | a900 0591 | 2801 40f9 | c800 00b5 
  0x000000010fcc95bc: 2401 00f9 | e803 40b2 | a920 0591 | 2801 00f9 | 0a00 0014 | 0900 0014 

  0x000000010fcc95d4: ;   {metadata(method data for {method} {0x000000012941b048} 'throwParameterIsNullNPE' '(Ljava/lang/String;)V' in 'kotlin/jvm/internal/Intrinsics')}
  0x000000010fcc95d4: 0503 8dd2 | c52b a5f2 | 2500 c0f2 | a890 40f9 | 0805 00d1 | a890 00f9 | 8e02 0014 | 0100 0014 
  0x000000010fcc95f4: ; implicit exception: dispatches to 0x000000010fcca02c
                      ; ImmutableOopMap {c_rarg1=Oop c_rarg2=Oop c_rarg0=Oop [176]=Oop [216]=Oop [224]=Oop [232]=Oop [256]=Oop }
                      ;*athrow {reexecute=1 rethrow=0 return_oop=0}
                      ; - (reexecute) kotlin.jvm.internal.Intrinsics::throwParameterIsNullNPE@17 (line 140)
                      ; - kotlin.jvm.internal.Intrinsics::checkNotNullParameter@5 (line 131)
                      ; - kotlin.ResultKt::createFailure@3
                      ; - kotlinx.coroutines.DispatchedTask::run@273 (line 98)
  0x000000010fcc95f4: 1f00 40f9 

  0x000000010fcc95f8: ;   {section_word}
  0x000000010fcc95f8: 0300 0010 

  0x000000010fcc95fc: ;   {runtime_call handle_exception_nofpu Runtime1 stub}
  0x000000010fcc95fc: 010d c595 | 1f20 03d5 | 8083 42f9 | 9f83 02f9 | 9f87 02f9 | e177 40f9 | e203 1faa | 3f00 02eb 
  0x000000010fcc961c: ;   {metadata(method data for {method} {0x0000000129504ee8} 'run' '()V' in 'kotlinx/coroutines/DispatchedTask')}
  0x000000010fcc961c: 0271 93d2 | c266 a5f2 | 2200 c0f2 | 081d 81d2 | 091f 81d2 | 0301 899a | 4468 63f8 | 8404 0091 
  0x000000010fcc963c: 4468 23f8 | e0a7 00f9 | 0003 0054 

  0x000000010fcc9648: ; implicit exception: dispatches to 0x000000010fcca030
  0x000000010fcc9648: 3f00 40f9 | e203 01aa 

  0x000000010fcc9650: ;   {metadata(method data for {method} {0x0000000129504ee8} 'run' '()V' in 'kotlinx/coroutines/DispatchedTask')}
  0x000000010fcc9650: 0371 93d2 | c366 a5f2 | 2300 c0f2 | 6884 44f9 | 0805 0091 | 6884 04f9 

  0x000000010fcc9668: ; ImmutableOopMap {[176]=Oop [216]=Oop [224]=Oop [328]=Oop }
                      ;*invokevirtual clearThreadContext {reexecute=0 rethrow=0 return_oop=0}
                      ; - kotlinx.coroutines.DispatchedTask::run@344 (line 236)
                      ;   {optimized virtual_call}
  0x000000010fcc9668: c6aa c195 

  0x000000010fcc966c: ;   {other}
  0x000000010fcc966c: 1f20 03d5 | 9fdb 85f2 | 1f80 85f2 | 1f00 0071 

  0x000000010fcc967c: ;   {metadata(method data for {method} {0x0000000129504ee8} 'run' '()V' in 'kotlinx/coroutines/DispatchedTask')}
  0x000000010fcc967c: 0171 93d2 | c166 a5f2 | 2100 c0f2 | 0828 81d2 | 092a 81d2 | 0201 899a | 2068 62f8 | 0004 0091 
  0x000000010fcc969c: 2068 22f8 | a001 0054 | e08b 4da9 

  0x000000010fcc96a8: ;   {metadata(method data for {method} {0x0000000129504ee8} 'run' '()V' in 'kotlinx/coroutines/DispatchedTask')}
  0x000000010fcc96a8: 0171 93d2 | c166 a5f2 | 2100 c0f2 | 28b0 44f9 | 0805 0091 | 28b0 04f9 | e103 00aa 

  0x000000010fcc96c4: ; ImmutableOopMap {[176]=Oop [328]=Oop }
                      ;*invokestatic restoreThreadContext {reexecute=0 rethrow=0 return_oop=0}
                      ; - kotlinx.coroutines.DispatchedTask::run@354 (line 237)
                      ;   {static_call}
  0x000000010fcc96c4: 2fac c195 

  0x000000010fcc96c8: ;   {other}
  0x000000010fcc96c8: 1f20 03d5 | 1fe7 85f2 | 1fa0 85f2 

  0x000000010fcc96d4: ; ImmutableOopMap {c_rarg0=Oop [176]=Oop }
                      ;*athrow {reexecute=1 rethrow=0 return_oop=0}
                      ; - (reexecute) kotlinx.coroutines.DispatchedTask::run@359 (line 237)
  0x000000010fcc96d4: e0a7 40f9 

  0x000000010fcc96d8: ;   {section_word}
  0x000000010fcc96d8: 0300 0010 

  0x000000010fcc96dc: ;   {runtime_call handle_exception_nofpu Runtime1 stub}
  0x000000010fcc96dc: c90c c595 | 1f20 03d5 

  0x000000010fcc96e4: ;   {metadata(method data for {method} {0x000000012941c0c0} 'sanitizeStackTrace' '(Ljava/lang/Throwable;)Ljava/lang/Throwable;' in 'kotlin/jvm/internal/Intrinsics')}
  0x000000010fcc96e4: 02d7 8dd2 | c22b a5f2 | 2200 c0f2 | 4894 40f9 | 0805 0091 | 4894 00f9 | e203 00aa 

  0x000000010fcc9700: ; ImmutableOopMap {[176]=Oop [184]=Oop }
                      ;*invokestatic sanitizeStackTrace {reexecute=0 rethrow=0 return_oop=0}
                      ; - kotlin.jvm.internal.Intrinsics::sanitizeStackTrace@6 (line 253)
                      ; - kotlin.jvm.internal.Intrinsics::throwJavaNpe@8 (line 50)
                      ; - kotlin.jvm.internal.Intrinsics::checkNotNull@5 (line 31)
                      ; - kotlinx.coroutines.DispatchedTask::run@40 (line 80)
                      ;   {static_call}
  0x000000010fcc9700: 20ac c195 

  0x000000010fcc9704: ;   {other}
  0x000000010fcc9704: 1f20 03d5 | 9fee 85f2 | 1fe0 85f2 | e25f 40f9 | 0001 00b5 

  0x000000010fcc9718: ;   {metadata(method data for {method} {0x000000012941a220} 'throwJavaNpe' '(Ljava/lang/String;)V' in 'kotlin/jvm/internal/Intrinsics')}
  0x000000010fcc9718: 04ba 97d2 | a432 a5f2 | 2400 c0f2 | 8824 4439 | 0801 40b2 | 8824 0439 | 3700 0014 

  0x000000010fcc9734: ;   {metadata('java/lang/NullPointerException')}
  0x000000010fcc9734: 0130 98d2 | c100 a0f2 | 011b c0f2 | 0408 40b9 | 041b c0f2 | 8828 40f9 | 3f00 08eb | e104 0054 
  0x000000010fcc9754: ;   {metadata(method data for {method} {0x000000012941a220} 'throwJavaNpe' '(Ljava/lang/String;)V' in 'kotlin/jvm/internal/Intrinsics')}
  0x000000010fcc9754: 04ba 97d2 | a432 a5f2 | 2400 c0f2 | 0108 40b9 | 011b c0f2 | 8980 0491 | 2801 40f9 | 3f00 08eb 
  0x000000010fcc9774: a100 0054 | 8894 40f9 | 0805 0091 | 8894 00f9 | 2200 0014 | 89c0 0491 | 2801 40f9 | 3f00 08eb 
  0x000000010fcc9794: a100 0054 | 889c 40f9 | 0805 0091 | 889c 00f9 | 1a00 0014 | 8980 0491 | 2801 40f9 | c800 00b5 
  0x000000010fcc97b4: 2101 00f9 | e803 40b2 | 89a0 0491 | 2801 00f9 | 1200 0014 | 89c0 0491 | 2801 40f9 | c800 00b5 
  0x000000010fcc97d4: 2101 00f9 | e803 40b2 | 89e0 0491 | 2801 00f9 | 0a00 0014 | 0900 0014 

  0x000000010fcc97ec: ;   {metadata(method data for {method} {0x000000012941a220} 'throwJavaNpe' '(Ljava/lang/String;)V' in 'kotlin/jvm/internal/Intrinsics')}
  0x000000010fcc97ec: 04ba 97d2 | a432 a5f2 | 2400 c0f2 | 8888 40f9 | 0805 00d1 | 8888 00f9 | 0c02 0014 | 0100 0014 
  0x000000010fcc980c: ; implicit exception: dispatches to 0x000000010fcca03c
                      ; ImmutableOopMap {c_rarg2=Oop c_rarg0=Oop [176]=Oop [184]=Oop }
                      ;*athrow {reexecute=1 rethrow=0 return_oop=0}
                      ; - (reexecute) kotlin.jvm.internal.Intrinsics::throwJavaNpe@14 (line 50)
                      ; - kotlin.jvm.internal.Intrinsics::checkNotNull@5 (line 31)
                      ; - kotlinx.coroutines.DispatchedTask::run@40 (line 80)
  0x000000010fcc980c: 1f00 40f9 

  0x000000010fcc9810: ;   {section_word}
  0x000000010fcc9810: 0300 0010 

  0x000000010fcc9814: ;   {runtime_call handle_exception_nofpu Runtime1 stub}
  0x000000010fcc9814: 7b0c c595 | 1f20 03d5 | 8083 42f9 | 9f83 02f9 | 9f87 02f9 | e15b 40f9 

  0x000000010fcc982c: ;   {metadata(method data for {method} {0x0000000129504ee8} 'run' '()V' in 'kotlinx/coroutines/DispatchedTask')}
  0x000000010fcc982c: 0271 93d2 | c266 a5f2 | 2200 c0f2 | 4820 45f9 | 0805 0091 | 4820 05f9 | e203 00aa | e15b 40f9 
  0x000000010fcc984c: ; ImmutableOopMap {}
                      ;*invokevirtual handleFatalException$kotlinx_coroutines_core {reexecute=0 rethrow=0 return_oop=0}
                      ; - kotlinx.coroutines.DispatchedTask::run@383 (line 107)
                      ;   {optimized virtual_call}
  0x000000010fcc984c: 4daa c195 

  0x000000010fcc9850: ;   {other}
  0x000000010fcc9850: 1f20 03d5 | 1f18 86f2 | 1f20 86f2 | fd7b 57a9 | ff03 0691 

  0x000000010fcc9864: ;   {poll_return}
  0x000000010fcc9864: 882b 42f9 | ff63 28eb | a83e 0054 | c003 5fd6 | e15b 40f9 | 8083 42f9 | 9f83 02f9 | 9f87 02f9 
  0x000000010fcc9884: e203 01aa 

  0x000000010fcc9888: ;   {metadata(method data for {method} {0x0000000129504ee8} 'run' '()V' in 'kotlinx/coroutines/DispatchedTask')}
  0x000000010fcc9888: 0371 93d2 | c366 a5f2 | 2300 c0f2 | 4208 40b9 | 021b c0f2 | 6900 2691 | 2801 40f9 | 5f00 08eb 
  0x000000010fcc98a8: a100 0054 | 68c4 44f9 | 0805 0091 | 68c4 04f9 | 1c00 0014 | 6940 2691 | 2801 40f9 | 5f00 08eb 
  0x000000010fcc98c8: a100 0054 | 68cc 44f9 | 0805 0091 | 68cc 04f9 | 1400 0014 | 6900 2691 | 2801 40f9 | c800 00b5 
  0x000000010fcc98e8: 2201 00f9 | e803 40b2 | 6920 2691 | 2801 00f9 | 0c00 0014 | 6940 2691 | 2801 40f9 | c800 00b5 
  0x000000010fcc9908: 2201 00f9 | e803 40b2 | 6960 2691 | 2801 00f9 | 0400 0014 | 68b8 44f9 | 0805 0091 | 68b8 04f9 
  0x000000010fcc9928: e0ab 00f9 | e9ff 9fd2 | e9ff bff2 | e9ff dff2 

  0x000000010fcc9938: ; ImmutableOopMap {[336]=Oop }
                      ;*invokevirtual getDelegate$kotlinx_coroutines_core {reexecute=0 rethrow=0 return_oop=0}
                      ; - kotlinx.coroutines.DispatchedTask::run@362 (line 105)
                      ;   {virtual_call}
  0x000000010fcc9938: d2aa c195 

  0x000000010fcc993c: ;   {other}
  0x000000010fcc993c: 1f20 03d5 | 9f35 86f2 | 1f40 86f2 

  0x000000010fcc9948: ; implicit exception: dispatches to 0x000000010fcca04c
  0x000000010fcc9948: 1f00 40f9 | e103 00aa 

  0x000000010fcc9950: ;   {metadata(method data for {method} {0x0000000129504ee8} 'run' '()V' in 'kotlinx/coroutines/DispatchedTask')}
  0x000000010fcc9950: 0271 93d2 | c266 a5f2 | 2200 c0f2 | 2108 40b9 | 011b c0f2 | 49e0 2691 | 2801 40f9 | 3f00 08eb 
  0x000000010fcc9970: a100 0054 | 48e0 44f9 | 0805 0091 | 48e0 04f9 | 1c00 0014 | 4920 2791 | 2801 40f9 | 3f00 08eb 
  0x000000010fcc9990: a100 0054 | 48e8 44f9 | 0805 0091 | 48e8 04f9 | 1400 0014 | 49e0 2691 | 2801 40f9 | c800 00b5 
  0x000000010fcc99b0: 2101 00f9 | e803 40b2 | 4900 2791 | 2801 00f9 | 0c00 0014 | 4920 2791 | 2801 40f9 | c800 00b5 
  0x000000010fcc99d0: 2101 00f9 | e803 40b2 | 4940 2791 | 2801 00f9 | 0400 0014 | 48d4 44f9 | 0805 0091 | 48d4 04f9 
  0x000000010fcc99f0: e103 00aa | e9ff 9fd2 | e9ff bff2 | e9ff dff2 

  0x000000010fcc9a00: ; ImmutableOopMap {[336]=Oop }
                      ;*invokeinterface getContext {reexecute=0 rethrow=0 return_oop=0}
                      ; - kotlinx.coroutines.DispatchedTask::run@365 (line 105)
                      ;   {virtual_call}
  0x000000010fcc9a00: a0aa c195 

  0x000000010fcc9a04: ;   {other}
  0x000000010fcc9a04: 1f20 03d5 | 9f4e 86f2 | 1f60 86f2 | e1ab 40f9 

  0x000000010fcc9a14: ;   {metadata(method data for {method} {0x0000000129504ee8} 'run' '()V' in 'kotlinx/coroutines/DispatchedTask')}
  0x000000010fcc9a14: 0271 93d2 | c266 a5f2 | 2200 c0f2 | 2108 40b9 | 011b c0f2 | 49c0 2791 | 2801 40f9 | 3f00 08eb 
  0x000000010fcc9a34: a100 0054 | 48fc 44f9 | 0805 0091 | 48fc 04f9 | 1c00 0014 | 4900 2891 | 2801 40f9 | 3f00 08eb 
  0x000000010fcc9a54: a100 0054 | 4804 45f9 | 0805 0091 | 4804 05f9 | 1400 0014 | 49c0 2791 | 2801 40f9 | c800 00b5 
  0x000000010fcc9a74: 2101 00f9 | e803 40b2 | 49e0 2791 | 2801 00f9 | 0c00 0014 | 4900 2891 | 2801 40f9 | c800 00b5 
  0x000000010fcc9a94: 2101 00f9 | e803 40b2 | 4920 2891 | 2801 00f9 | 0400 0014 | 48f0 44f9 | 0805 0091 | 48f0 04f9 
  0x000000010fcc9ab4: e1ab 40f9 | e0af 00f9 

  0x000000010fcc9abc: ; ImmutableOopMap {[344]=Oop }
                      ;*invokevirtual getCause {reexecute=0 rethrow=0 return_oop=0}
                      ; - kotlinx.coroutines.DispatchedTask::run@371 (line 105)
                      ;   {optimized virtual_call}
  0x000000010fcc9abc: b1a9 c195 

  0x000000010fcc9ac0: ;   {other}
  0x000000010fcc9ac0: 1f20 03d5 | 1f66 86f2 | 1f80 86f2 | e1af 40f9 | e203 00aa 

  0x000000010fcc9ad4: ; ImmutableOopMap {}
                      ;*invokestatic handleCoroutineException {reexecute=0 rethrow=0 return_oop=0}
                      ; - kotlinx.coroutines.DispatchedTask::run@374 (line 105)
                      ;   {static_call}
  0x000000010fcc9ad4: 2bab c195 

  0x000000010fcc9ad8: ;   {other}
  0x000000010fcc9ad8: 1f20 03d5 | 1f69 86f2 | 1fa0 86f2 

  0x000000010fcc9ae4: ;   {metadata(method data for {method} {0x0000000129504ee8} 'run' '()V' in 'kotlinx/coroutines/DispatchedTask')}
  0x000000010fcc9ae4: 0071 93d2 | c066 a5f2 | 2000 c0f2 | 0114 45f9 | 2104 0091 | 0114 05f9 | fd7b 57a9 | ff03 0691 
  0x000000010fcc9b04: ;   {poll_return}
  0x000000010fcc9b04: 882b 42f9 | ff63 28eb | 282a 0054 | c003 5fd6 

  0x000000010fcc9b14: ;   {metadata({method} {0x0000000129504ee8} 'run' '()V' in 'kotlinx/coroutines/DispatchedTask')}
  0x000000010fcc9b14: 08dd 89d2 | 082a a5f2 | 2800 c0f2 | e807 00f9 | 0800 8092 | e803 00f9 

  0x000000010fcc9b2c: ; ImmutableOopMap {c_rarg1=Oop [176]=Oop }
                      ;*synchronization entry
                      ; - kotlinx.coroutines.DispatchedTask::run@-1 (line 78)
                      ;   {runtime_call counter_overflow Runtime1 stub}
  0x000000010fcc9b2c: 751a c595 | 7df5 ff17 

  0x000000010fcc9b34: ;   {metadata({method} {0x00000001294e1f60} 'getASSERTIONS_ENABLED' '()Z' in 'kotlinx/coroutines/DebugKt')}
  0x000000010fcc9b34: 08ec 83d2 | c829 a5f2 | 2800 c0f2 | e807 00f9 | 0800 8092 | e803 00f9 

  0x000000010fcc9b4c: ; ImmutableOopMap {c_rarg1=Oop [176]=Oop }
                      ;*synchronization entry
                      ; - kotlinx.coroutines.DebugKt::getASSERTIONS_ENABLED@-1 (line 63)
                      ; - kotlinx.coroutines.DispatchedTask::run@0 (line 78)
                      ;   {runtime_call counter_overflow Runtime1 stub}
  0x000000010fcc9b4c: 6d1a c595 | 84f5 ff17 

  0x000000010fcc9b54: ;   {metadata({method} {0x0000000129419f50} 'checkNotNull' '(Ljava/lang/Object;Ljava/lang/String;)V' in 'kotlin/jvm/internal/Intrinsics')}
  0x000000010fcc9b54: 08ea 93d2 | 2828 a5f2 | 2800 c0f2 | e807 00f9 | 0800 8092 | e803 00f9 

  0x000000010fcc9b6c: ; ImmutableOopMap {c_rarg0=Oop [176]=Oop [184]=Oop }
                      ;*synchronization entry
                      ; - kotlin.jvm.internal.Intrinsics::checkNotNull@-1 (line 30)
                      ; - kotlinx.coroutines.DispatchedTask::run@40 (line 80)
                      ;   {runtime_call counter_overflow Runtime1 stub}
  0x000000010fcc9b6c: 651a c595 | c4f5 ff17 

  0x000000010fcc9b74: ;   {metadata({method} {0x000000012941a220} 'throwJavaNpe' '(Ljava/lang/String;)V' in 'kotlin/jvm/internal/Intrinsics')}
  0x000000010fcc9b74: 0844 94d2 | 2828 a5f2 | 2800 c0f2 | e807 00f9 | 0800 8092 | e803 00f9 

  0x000000010fcc9b8c: ; ImmutableOopMap {[176]=Oop [184]=Oop }
                      ;*synchronization entry
                      ; - kotlin.jvm.internal.Intrinsics::throwJavaNpe@-1 (line 50)
                      ; - kotlin.jvm.internal.Intrinsics::checkNotNull@5 (line 31)
                      ; - kotlinx.coroutines.DispatchedTask::run@40 (line 80)
                      ;   {runtime_call counter_overflow Runtime1 stub}
  0x000000010fcc9b8c: 5d1a c595 | d7f5 ff17 

  0x000000010fcc9b94: ; ImmutableOopMap {[176]=Oop [184]=Oop }
                      ;*new {reexecute=0 rethrow=0 return_oop=0}
                      ; - kotlin.jvm.internal.Intrinsics::throwJavaNpe@0 (line 50)
                      ; - kotlin.jvm.internal.Intrinsics::checkNotNull@5 (line 31)
                      ; - kotlinx.coroutines.DispatchedTask::run@40 (line 80)
                      ;   {runtime_call fast_new_instance Runtime1 stub}
  0x000000010fcc9b94: db07 c595 | e4f5 ff17 

  0x000000010fcc9b9c: ;   {metadata({method} {0x000000012941c0c0} 'sanitizeStackTrace' '(Ljava/lang/Throwable;)Ljava/lang/Throwable;' in 'kotlin/jvm/internal/Intrinsics')}
  0x000000010fcc9b9c: 0818 98d2 | 2828 a5f2 | 2800 c0f2 | e807 00f9 | 0800 8092 | e803 00f9 

  0x000000010fcc9bb4: ; ImmutableOopMap {[176]=Oop [184]=Oop [192]=Oop }
                      ;*synchronization entry
                      ; - kotlin.jvm.internal.Intrinsics::sanitizeStackTrace@-1 (line 253)
                      ; - kotlin.jvm.internal.Intrinsics::throwJavaNpe@8 (line 50)
                      ; - kotlin.jvm.internal.Intrinsics::checkNotNull@5 (line 31)
                      ; - kotlinx.coroutines.DispatchedTask::run@40 (line 80)
                      ;   {runtime_call counter_overflow Runtime1 stub}
  0x000000010fcc9bb4: 531a c595 | fbf5 ff17 

  0x000000010fcc9bbc: ;   {metadata({method} {0x000000d8004684b0} 'getName' '()Ljava/lang/String;' in 'java/lang/Class')}
  0x000000010fcc9bbc: 0896 90d2 | c808 a0f2 | 081b c0f2 | e807 00f9 | 0800 8092 | e803 00f9 

  0x000000010fcc9bd4: ; ImmutableOopMap {c_rarg1=Oop [176]=Oop [184]=Oop [192]=Oop }
                      ;*synchronization entry
                      ; - java.lang.Class::getName@-1 (line 949)
                      ; - kotlin.jvm.internal.Intrinsics::sanitizeStackTrace@3 (line 253)
                      ; - kotlin.jvm.internal.Intrinsics::throwJavaNpe@8 (line 50)
                      ; - kotlin.jvm.internal.Intrinsics::checkNotNull@5 (line 31)
                      ; - kotlinx.coroutines.DispatchedTask::run@40 (line 80)
                      ;   {runtime_call counter_overflow Runtime1 stub}
  0x000000010fcc9bd4: 4b1a c595 | 06f6 ff17 

  0x000000010fcc9bdc: ; ImmutableOopMap {[176]=Oop [184]=Oop [192]=Oop }
                      ;*getfield name {reexecute=1 rethrow=0 return_oop=0}
                      ; - (reexecute) java.lang.Class::getName@1 (line 949)
                      ; - kotlin.jvm.internal.Intrinsics::sanitizeStackTrace@3 (line 253)
                      ; - kotlin.jvm.internal.Intrinsics::throwJavaNpe@8 (line 50)
                      ; - kotlin.jvm.internal.Intrinsics::checkNotNull@5 (line 31)
                      ; - kotlinx.coroutines.DispatchedTask::run@40 (line 80)
                      ;   {runtime_call throw_null_pointer_exception Runtime1 stub}
  0x000000010fcc9bdc: 8905 c595 | e803 00aa 

  0x000000010fcc9be4: ; ImmutableOopMap {[176]=Oop }
                      ;*checkcast {reexecute=0 rethrow=0 return_oop=0}
                      ; - kotlinx.coroutines.DispatchedTask::run@43 (line 80)
                      ;   {runtime_call throw_class_cast_exception Runtime1 stub}
  0x000000010fcc9be4: 870f c595 

  0x000000010fcc9be8: ; ImmutableOopMap {c_rarg1=Oop [176]=Oop }
                      ;*getfield continuation {reexecute=1 rethrow=0 return_oop=0}
                      ; - (reexecute) kotlinx.coroutines.DispatchedTask::run@48 (line 81)
                      ;   {runtime_call throw_null_pointer_exception Runtime1 stub}
  0x000000010fcc9be8: 8605 c595 

  0x000000010fcc9bec: ; ImmutableOopMap {c_rarg0=Oop c_rarg2=Oop [176]=Oop }
                      ;*invokeinterface getContext {reexecute=0 rethrow=0 return_oop=0}
                      ; - kotlinx.coroutines.DispatchedTask::run@61 (line 222)
                      ;   {runtime_call throw_null_pointer_exception Runtime1 stub}
  0x000000010fcc9bec: 8505 c595 

  0x000000010fcc9bf0: ;   {metadata({method} {0x000000012951fb50} 'isCancellableMode' '(I)Z' in 'kotlinx/coroutines/DispatchedTaskKt')}
  0x000000010fcc9bf0: 086a 9fd2 | 282a a5f2 | 2800 c0f2 | e807 00f9 | 0800 8092 | e803 00f9 

  0x000000010fcc9c08: ; ImmutableOopMap {c_rarg0=Oop c_rarg1=Oop [176]=Oop [208]=Oop [216]=Oop [224]=Oop [232]=Oop [240]=Oop [248]=Oop [256]=Oop }
                      ;*synchronization entry
                      ; - kotlinx.coroutines.DispatchedTaskKt::isCancellableMode@-1 (line 43)
                      ; - kotlinx.coroutines.DispatchedTask::run@133 (line 91)
                      ;   {runtime_call counter_overflow Runtime1 stub}
  0x000000010fcc9c08: 3e1a c595 | 7af7 ff17 

  0x000000010fcc9c10: ; ImmutableOopMap {c_rarg0=Oop [176]=Oop [208]=Oop [216]=Oop [224]=Oop [232]=Oop [248]=Oop [256]=Oop }
                      ;*invokeinterface get {reexecute=0 rethrow=0 return_oop=0}
                      ; - kotlinx.coroutines.DispatchedTask::run@147 (line 91)
                      ;   {runtime_call throw_null_pointer_exception Runtime1 stub}
  0x000000010fcc9c10: 7c05 c595 | e803 00aa 

  0x000000010fcc9c18: ; ImmutableOopMap {[176]=Oop [208]=Oop [216]=Oop [224]=Oop [232]=Oop [248]=Oop [256]=Oop }
                      ;*checkcast {reexecute=0 rethrow=0 return_oop=0}
                      ; - kotlinx.coroutines.DispatchedTask::run@152 (line 91)
                      ;   {runtime_call throw_class_cast_exception Runtime1 stub}
  0x000000010fcc9c18: 7a0f c595 

  0x000000010fcc9c1c: ; ImmutableOopMap {c_rarg2=Oop [176]=Oop [208]=Oop [216]=Oop [224]=Oop [232]=Oop [248]=Oop [256]=Oop }
                      ;*invokeinterface isActive {reexecute=0 rethrow=0 return_oop=0}
                      ; - kotlinx.coroutines.DispatchedTask::run@168 (line 92)
                      ;   {runtime_call throw_null_pointer_exception Runtime1 stub}
  0x000000010fcc9c1c: 7905 c595 

  0x000000010fcc9c20: ;   {metadata({method} {0x00000001295246b8} 'createFailure' '(Ljava/lang/Throwable;)Ljava/lang/Object;' in 'kotlin/ResultKt')}
  0x000000010fcc9c20: 08d7 88d2 | 482a a5f2 | 2800 c0f2 | e807 00f9 | 0800 8092 | e803 00f9 

  0x000000010fcc9c38: ; ImmutableOopMap {c_rarg0=Oop [176]=Oop [208]=Oop [216]=Oop [224]=Oop [232]=Oop [256]=Oop }
                      ;*synchronization entry
                      ; - kotlin.ResultKt::createFailure@-1
                      ; - kotlinx.coroutines.DispatchedTask::run@273 (line 98)
                      ;   {runtime_call counter_overflow Runtime1 stub}
  0x000000010fcc9c38: 321a c595 | 83f8 ff17 

  0x000000010fcc9c40: ;   {metadata({method} {0x000000012941aec8} 'checkNotNullParameter' '(Ljava/lang/Object;Ljava/lang/String;)V' in 'kotlin/jvm/internal/Intrinsics')}
  0x000000010fcc9c40: 08d9 95d2 | 2828 a5f2 | 2800 c0f2 | e807 00f9 | 0800 8092 | e803 00f9 

  0x000000010fcc9c58: ; ImmutableOopMap {c_rarg0=Oop [176]=Oop [208]=Oop [216]=Oop [224]=Oop [232]=Oop [256]=Oop }
                      ;*synchronization entry
                      ; - kotlin.jvm.internal.Intrinsics::checkNotNullParameter@-1 (line 130)
                      ; - kotlin.ResultKt::createFailure@3
                      ; - kotlinx.coroutines.DispatchedTask::run@273 (line 98)
                      ;   {runtime_call counter_overflow Runtime1 stub}
  0x000000010fcc9c58: 2a1a c595 | 8af8 ff17 

  0x000000010fcc9c60: ;   {metadata({method} {0x000000012941b048} 'throwParameterIsNullNPE' '(Ljava/lang/String;)V' in 'kotlin/jvm/internal/Intrinsics')}
  0x000000010fcc9c60: 0809 96d2 | 2828 a5f2 | 2800 c0f2 | e807 00f9 | 0800 8092 | e803 00f9 

  0x000000010fcc9c78: ; ImmutableOopMap {[176]=Oop [208]=Oop [216]=Oop [224]=Oop [232]=Oop [256]=Oop }
                      ;*synchronization entry
                      ; - kotlin.jvm.internal.Intrinsics::throwParameterIsNullNPE@-1 (line 140)
                      ; - kotlin.jvm.internal.Intrinsics::checkNotNullParameter@5 (line 131)
                      ; - kotlin.ResultKt::createFailure@3
                      ; - kotlinx.coroutines.DispatchedTask::run@273 (line 98)
                      ;   {runtime_call counter_overflow Runtime1 stub}
  0x000000010fcc9c78: 221a c595 | 9df8 ff17 

  0x000000010fcc9c80: ; ImmutableOopMap {[176]=Oop [208]=Oop [216]=Oop [224]=Oop [232]=Oop [256]=Oop }
                      ;*new {reexecute=0 rethrow=0 return_oop=0}
                      ; - kotlin.jvm.internal.Intrinsics::throwParameterIsNullNPE@0 (line 140)
                      ; - kotlin.jvm.internal.Intrinsics::checkNotNullParameter@5 (line 131)
                      ; - kotlin.ResultKt::createFailure@3
                      ; - kotlinx.coroutines.DispatchedTask::run@273 (line 98)
                      ;   {runtime_call fast_new_instance Runtime1 stub}
  0x000000010fcc9c80: a007 c595 | aaf8 ff17 

  0x000000010fcc9c88: ;   {metadata({method} {0x000000012941c0c0} 'sanitizeStackTrace' '(Ljava/lang/Throwable;)Ljava/lang/Throwable;' in 'kotlin/jvm/internal/Intrinsics')}
  0x000000010fcc9c88: 0818 98d2 | 2828 a5f2 | 2800 c0f2 | e807 00f9 | 0800 8092 | e803 00f9 

  0x000000010fcc9ca0: ; ImmutableOopMap {[176]=Oop [208]=Oop [216]=Oop [224]=Oop [232]=Oop [256]=Oop [272]=Oop }
                      ;*synchronization entry
                      ; - kotlin.jvm.internal.Intrinsics::sanitizeStackTrace@-1 (line 253)
                      ; - kotlin.jvm.internal.Intrinsics::throwParameterIsNullNPE@11 (line 140)
                      ; - kotlin.jvm.internal.Intrinsics::checkNotNullParameter@5 (line 131)
                      ; - kotlin.ResultKt::createFailure@3
                      ; - kotlinx.coroutines.DispatchedTask::run@273 (line 98)
                      ;   {runtime_call counter_overflow Runtime1 stub}
  0x000000010fcc9ca0: 181a c595 | ccf8 ff17 

  0x000000010fcc9ca8: ;   {metadata({method} {0x000000d8004684b0} 'getName' '()Ljava/lang/String;' in 'java/lang/Class')}
  0x000000010fcc9ca8: 0896 90d2 | c808 a0f2 | 081b c0f2 | e807 00f9 | 0800 8092 | e803 00f9 

  0x000000010fcc9cc0: ; ImmutableOopMap {c_rarg1=Oop [176]=Oop [208]=Oop [216]=Oop [224]=Oop [232]=Oop [256]=Oop [272]=Oop }
                      ;*synchronization entry
                      ; - java.lang.Class::getName@-1 (line 949)
                      ; - kotlin.jvm.internal.Intrinsics::sanitizeStackTrace@3 (line 253)
                      ; - kotlin.jvm.internal.Intrinsics::throwParameterIsNullNPE@11 (line 140)
                      ; - kotlin.jvm.internal.Intrinsics::checkNotNullParameter@5 (line 131)
                      ; - kotlin.ResultKt::createFailure@3
                      ; - kotlinx.coroutines.DispatchedTask::run@273 (line 98)
                      ;   {runtime_call counter_overflow Runtime1 stub}
  0x000000010fcc9cc0: 101a c595 | d7f8 ff17 

  0x000000010fcc9cc8: ; ImmutableOopMap {[176]=Oop [208]=Oop [216]=Oop [224]=Oop [232]=Oop [256]=Oop [272]=Oop }
                      ;*getfield name {reexecute=1 rethrow=0 return_oop=0}
                      ; - (reexecute) java.lang.Class::getName@1 (line 949)
                      ; - kotlin.jvm.internal.Intrinsics::sanitizeStackTrace@3 (line 253)
                      ; - kotlin.jvm.internal.Intrinsics::throwParameterIsNullNPE@11 (line 140)
                      ; - kotlin.jvm.internal.Intrinsics::checkNotNullParameter@5 (line 131)
                      ; - kotlin.ResultKt::createFailure@3
                      ; - kotlinx.coroutines.DispatchedTask::run@273 (line 98)
                      ;   {runtime_call throw_null_pointer_exception Runtime1 stub}
  0x000000010fcc9cc8: 4e05 c595 

  0x000000010fcc9ccc: ; ImmutableOopMap {c_rarg2=Oop [176]=Oop [208]=Oop [216]=Oop [224]=Oop [232]=Oop [256]=Oop }
                      ;*new {reexecute=0 rethrow=0 return_oop=0}
                      ; - kotlin.ResultKt::createFailure@6 (line 122)
                      ; - kotlinx.coroutines.DispatchedTask::run@273 (line 98)
                      ;   {runtime_call fast_new_instance Runtime1 stub}
  0x000000010fcc9ccc: 8d07 c595 | 09f9 ff17 

  0x000000010fcc9cd4: ;   {metadata({method} {0x000000012950d528} '<init>' '(Ljava/lang/Throwable;)V' in 'kotlin/Result$Failure')}
  0x000000010fcc9cd4: 08a5 9ad2 | 082a a5f2 | 2800 c0f2 | e807 00f9 | 0800 8092 | e803 00f9 

  0x000000010fcc9cec: ; ImmutableOopMap {c_rarg2=Oop c_rarg0=Oop [176]=Oop [208]=Oop [216]=Oop [224]=Oop [232]=Oop [256]=Oop [288]=Oop }
                      ;*synchronization entry
                      ; - kotlin.Result$Failure::<init>@-1
                      ; - kotlin.ResultKt::createFailure@11 (line 122)
                      ; - kotlinx.coroutines.DispatchedTask::run@273 (line 98)
                      ;   {runtime_call counter_overflow Runtime1 stub}
  0x000000010fcc9cec: 051a c595 | 12f9 ff17 

  0x000000010fcc9cf4: ;   {metadata({method} {0x000000012941aec8} 'checkNotNullParameter' '(Ljava/lang/Object;Ljava/lang/String;)V' in 'kotlin/jvm/internal/Intrinsics')}
  0x000000010fcc9cf4: 08d9 95d2 | 2828 a5f2 | 2800 c0f2 | e807 00f9 | 0800 8092 | e803 00f9 

  0x000000010fcc9d0c: ; ImmutableOopMap {c_rarg2=Oop c_rarg0=Oop [176]=Oop [208]=Oop [216]=Oop [224]=Oop [232]=Oop [256]=Oop [288]=Oop }
                      ;*synchronization entry
                      ; - kotlin.jvm.internal.Intrinsics::checkNotNullParameter@-1 (line 130)
                      ; - kotlin.Result$Failure::<init>@3
                      ; - kotlin.ResultKt::createFailure@11 (line 122)
                      ; - kotlinx.coroutines.DispatchedTask::run@273 (line 98)
                      ;   {runtime_call counter_overflow Runtime1 stub}
  0x000000010fcc9d0c: fd19 c595 | 19f9 ff17 

  0x000000010fcc9d14: ;   {metadata({method} {0x000000012941b048} 'throwParameterIsNullNPE' '(Ljava/lang/String;)V' in 'kotlin/jvm/internal/Intrinsics')}
  0x000000010fcc9d14: 0809 96d2 | 2828 a5f2 | 2800 c0f2 | e807 00f9 | 0800 8092 | e803 00f9 

  0x000000010fcc9d2c: ; ImmutableOopMap {[176]=Oop [208]=Oop [216]=Oop [224]=Oop [232]=Oop [256]=Oop [288]=Oop }
                      ;*synchronization entry
                      ; - kotlin.jvm.internal.Intrinsics::throwParameterIsNullNPE@-1 (line 140)
                      ; - kotlin.jvm.internal.Intrinsics::checkNotNullParameter@5 (line 131)
                      ; - kotlin.Result$Failure::<init>@3
                      ; - kotlin.ResultKt::createFailure@11 (line 122)
                      ; - kotlinx.coroutines.DispatchedTask::run@273 (line 98)
                      ;   {runtime_call counter_overflow Runtime1 stub}
  0x000000010fcc9d2c: f519 c595 | 2cf9 ff17 

  0x000000010fcc9d34: ; ImmutableOopMap {[176]=Oop [208]=Oop [216]=Oop [224]=Oop [232]=Oop [256]=Oop [288]=Oop }
                      ;*new {reexecute=0 rethrow=0 return_oop=0}
                      ; - kotlin.jvm.internal.Intrinsics::throwParameterIsNullNPE@0 (line 140)
                      ; - kotlin.jvm.internal.Intrinsics::checkNotNullParameter@5 (line 131)
                      ; - kotlin.Result$Failure::<init>@3
                      ; - kotlin.ResultKt::createFailure@11 (line 122)
                      ; - kotlinx.coroutines.DispatchedTask::run@273 (line 98)
                      ;   {runtime_call fast_new_instance Runtime1 stub}
  0x000000010fcc9d34: 7307 c595 | 39f9 ff17 

  0x000000010fcc9d3c: ;   {metadata({method} {0x000000012941c0c0} 'sanitizeStackTrace' '(Ljava/lang/Throwable;)Ljava/lang/Throwable;' in 'kotlin/jvm/internal/Intrinsics')}
  0x000000010fcc9d3c: 0818 98d2 | 2828 a5f2 | 2800 c0f2 | e807 00f9 | 0800 8092 | e803 00f9 

  0x000000010fcc9d54: ; ImmutableOopMap {[176]=Oop [208]=Oop [216]=Oop [224]=Oop [232]=Oop [256]=Oop [280]=Oop [288]=Oop }
                      ;*synchronization entry
                      ; - kotlin.jvm.internal.Intrinsics::sanitizeStackTrace@-1 (line 253)
                      ; - kotlin.jvm.internal.Intrinsics::throwParameterIsNullNPE@11 (line 140)
                      ; - kotlin.jvm.internal.Intrinsics::checkNotNullParameter@5 (line 131)
                      ; - kotlin.Result$Failure::<init>@3
                      ; - kotlin.ResultKt::createFailure@11 (line 122)
                      ; - kotlinx.coroutines.DispatchedTask::run@273 (line 98)
                      ;   {runtime_call counter_overflow Runtime1 stub}
  0x000000010fcc9d54: eb19 c595 | 5bf9 ff17 

  0x000000010fcc9d5c: ;   {metadata({method} {0x000000d8004684b0} 'getName' '()Ljava/lang/String;' in 'java/lang/Class')}
  0x000000010fcc9d5c: 0896 90d2 | c808 a0f2 | 081b c0f2 | e807 00f9 | 0800 8092 | e803 00f9 

  0x000000010fcc9d74: ; ImmutableOopMap {c_rarg1=Oop [176]=Oop [208]=Oop [216]=Oop [224]=Oop [232]=Oop [256]=Oop [280]=Oop [288]=Oop }
                      ;*synchronization entry
                      ; - java.lang.Class::getName@-1 (line 949)
                      ; - kotlin.jvm.internal.Intrinsics::sanitizeStackTrace@3 (line 253)
                      ; - kotlin.jvm.internal.Intrinsics::throwParameterIsNullNPE@11 (line 140)
                      ; - kotlin.jvm.internal.Intrinsics::checkNotNullParameter@5 (line 131)
                      ; - kotlin.Result$Failure::<init>@3
                      ; - kotlin.ResultKt::createFailure@11 (line 122)
                      ; - kotlinx.coroutines.DispatchedTask::run@273 (line 98)
                      ;   {runtime_call counter_overflow Runtime1 stub}
  0x000000010fcc9d74: e319 c595 | 66f9 ff17 

  0x000000010fcc9d7c: ; ImmutableOopMap {[176]=Oop [208]=Oop [216]=Oop [224]=Oop [232]=Oop [256]=Oop [280]=Oop [288]=Oop }
                      ;*getfield name {reexecute=1 rethrow=0 return_oop=0}
                      ; - (reexecute) java.lang.Class::getName@1 (line 949)
                      ; - kotlin.jvm.internal.Intrinsics::sanitizeStackTrace@3 (line 253)
                      ; - kotlin.jvm.internal.Intrinsics::throwParameterIsNullNPE@11 (line 140)
                      ; - kotlin.jvm.internal.Intrinsics::checkNotNullParameter@5 (line 131)
                      ; - kotlin.Result$Failure::<init>@3
                      ; - kotlin.ResultKt::createFailure@11 (line 122)
                      ; - kotlinx.coroutines.DispatchedTask::run@273 (line 98)
                      ;   {runtime_call throw_null_pointer_exception Runtime1 stub}
  0x000000010fcc9d7c: 2105 c595 

  0x000000010fcc9d80: ;   {metadata({method} {0x000000d800473798} '<init>' '()V' in 'java/lang/Object')}
  0x000000010fcc9d80: 08f3 86d2 | e808 a0f2 | 081b c0f2 | e807 00f9 | 0800 8092 | e803 00f9 

  0x000000010fcc9d98: ; ImmutableOopMap {c_rarg3=Oop c_rarg0=Oop [176]=Oop [208]=Oop [216]=Oop [224]=Oop [232]=Oop [256]=Oop [288]=Oop }
                      ;*synchronization entry
                      ; - java.lang.Object::<init>@-1 (line 45)
                      ; - kotlin.Result$Failure::<init>@7 (line 105)
                      ; - kotlin.ResultKt::createFailure@11 (line 122)
                      ; - kotlinx.coroutines.DispatchedTask::run@273 (line 98)
                      ;   {runtime_call counter_overflow Runtime1 stub}
  0x000000010fcc9d98: da19 c595 | 94f9 ff17 | 020c 40b9 | 42f0 7dd3 | 8232 ffb4 | e203 00f9 

  0x000000010fcc9db0: ;   {runtime_call g1_pre_barrier_slow}
  0x000000010fcc9db0: 541b c595 | 91f9 ff17 | c332 ffb4 | e003 00f9 

  0x000000010fcc9dc0: ;   {runtime_call g1_post_barrier_slow}
  0x000000010fcc9dc0: 101c c595 | 93f9 ff17 

  0x000000010fcc9dc8: ;   {metadata({method} {0x000000012950e590} 'constructor-impl' '(Ljava/lang/Object;)Ljava/lang/Object;' in 'kotlin/Result')}
  0x000000010fcc9dc8: 08b2 9cd2 | 082a a5f2 | 2800 c0f2 | e807 00f9 | 0800 8092 | e803 00f9 

  0x000000010fcc9de0: ; ImmutableOopMap {c_rarg0=Oop [176]=Oop [208]=Oop [216]=Oop [224]=Oop [232]=Oop [288]=Oop }
                      ;*synchronization entry
                      ; - kotlin.Result::constructor-impl@-1
                      ; - kotlinx.coroutines.DispatchedTask::run@276 (line 98)
                      ;   {runtime_call counter_overflow Runtime1 stub}
  0x000000010fcc9de0: c819 c595 | 9bf9 ff17 

  0x000000010fcc9de8: ;   {metadata({method} {0x000000012950e590} 'constructor-impl' '(Ljava/lang/Object;)Ljava/lang/Object;' in 'kotlin/Result')}
  0x000000010fcc9de8: 08b2 9cd2 | 082a a5f2 | 2800 c0f2 | e807 00f9 | 0800 8092 | e803 00f9 

  0x000000010fcc9e00: ; ImmutableOopMap {c_rarg0=Oop [176]=Oop [208]=Oop [216]=Oop [224]=Oop [232]=Oop }
                      ;*synchronization entry
                      ; - kotlin.Result::constructor-impl@-1
                      ; - kotlinx.coroutines.DispatchedTask::run@298 (line 100)
                      ;   {runtime_call counter_overflow Runtime1 stub}
  0x000000010fcc9e00: c019 c595 | 0dfa ff17 

  0x000000010fcc9e08: ;   {metadata({method} {0x00000001294e2090} 'getRECOVER_STACK_TRACES' '()Z' in 'kotlinx/coroutines/DebugKt')}
  0x000000010fcc9e08: 0812 84d2 | c829 a5f2 | 2800 c0f2 | e807 00f9 | 0800 8092 | e803 00f9 

  0x000000010fcc9e20: ; ImmutableOopMap {[176]=Oop [208]=Oop [216]=Oop [224]=Oop [232]=Oop [296]=Oop }
                      ;*synchronization entry
                      ; - kotlinx.coroutines.DebugKt::getRECOVER_STACK_TRACES@-1 (line 77)
                      ; - kotlinx.coroutines.DispatchedTask::run@211 (line 233)
                      ;   {runtime_call counter_overflow Runtime1 stub}
  0x000000010fcc9e20: b819 c595 | adfa ff17 

  0x000000010fcc9e28: ;   {metadata({method} {0x00000001295246b8} 'createFailure' '(Ljava/lang/Throwable;)Ljava/lang/Object;' in 'kotlin/ResultKt')}
  0x000000010fcc9e28: 08d7 88d2 | 482a a5f2 | 2800 c0f2 | e807 00f9 | 0800 8092 | e803 00f9 

  0x000000010fcc9e40: ; ImmutableOopMap {c_rarg0=Oop [176]=Oop [208]=Oop [216]=Oop [224]=Oop [232]=Oop [296]=Oop }
                      ;*synchronization entry
                      ; - kotlin.ResultKt::createFailure@-1
                      ; - kotlinx.coroutines.DispatchedTask::run@246 (line 232)
                      ;   {runtime_call counter_overflow Runtime1 stub}
  0x000000010fcc9e40: b019 c595 | c1fa ff17 

  0x000000010fcc9e48: ;   {metadata({method} {0x000000012941aec8} 'checkNotNullParameter' '(Ljava/lang/Object;Ljava/lang/String;)V' in 'kotlin/jvm/internal/Intrinsics')}
  0x000000010fcc9e48: 08d9 95d2 | 2828 a5f2 | 2800 c0f2 | e807 00f9 | 0800 8092 | e803 00f9 

  0x000000010fcc9e60: ; ImmutableOopMap {c_rarg0=Oop [176]=Oop [208]=Oop [216]=Oop [224]=Oop [232]=Oop [296]=Oop }
                      ;*synchronization entry
                      ; - kotlin.jvm.internal.Intrinsics::checkNotNullParameter@-1 (line 130)
                      ; - kotlin.ResultKt::createFailure@3
                      ; - kotlinx.coroutines.DispatchedTask::run@246 (line 232)
                      ;   {runtime_call counter_overflow Runtime1 stub}
  0x000000010fcc9e60: a819 c595 | c8fa ff17 

  0x000000010fcc9e68: ;   {metadata({method} {0x000000012941b048} 'throwParameterIsNullNPE' '(Ljava/lang/String;)V' in 'kotlin/jvm/internal/Intrinsics')}
  0x000000010fcc9e68: 0809 96d2 | 2828 a5f2 | 2800 c0f2 | e807 00f9 | 0800 8092 | e803 00f9 

  0x000000010fcc9e80: ; ImmutableOopMap {[176]=Oop [208]=Oop [216]=Oop [224]=Oop [232]=Oop [296]=Oop }
                      ;*synchronization entry
                      ; - kotlin.jvm.internal.Intrinsics::throwParameterIsNullNPE@-1 (line 140)
                      ; - kotlin.jvm.internal.Intrinsics::checkNotNullParameter@5 (line 131)
                      ; - kotlin.ResultKt::createFailure@3
                      ; - kotlinx.coroutines.DispatchedTask::run@246 (line 232)
                      ;   {runtime_call counter_overflow Runtime1 stub}
  0x000000010fcc9e80: a019 c595 | dbfa ff17 

  0x000000010fcc9e88: ; ImmutableOopMap {[176]=Oop [208]=Oop [216]=Oop [224]=Oop [232]=Oop [296]=Oop }
                      ;*new {reexecute=0 rethrow=0 return_oop=0}
                      ; - kotlin.jvm.internal.Intrinsics::throwParameterIsNullNPE@0 (line 140)
                      ; - kotlin.jvm.internal.Intrinsics::checkNotNullParameter@5 (line 131)
                      ; - kotlin.ResultKt::createFailure@3
                      ; - kotlinx.coroutines.DispatchedTask::run@246 (line 232)
                      ;   {runtime_call fast_new_instance Runtime1 stub}
  0x000000010fcc9e88: 1e07 c595 | e8fa ff17 

  0x000000010fcc9e90: ;   {metadata({method} {0x000000012941c0c0} 'sanitizeStackTrace' '(Ljava/lang/Throwable;)Ljava/lang/Throwable;' in 'kotlin/jvm/internal/Intrinsics')}
  0x000000010fcc9e90: 0818 98d2 | 2828 a5f2 | 2800 c0f2 | e807 00f9 | 0800 8092 | e803 00f9 

  0x000000010fcc9ea8: ; ImmutableOopMap {[176]=Oop [208]=Oop [216]=Oop [224]=Oop [232]=Oop [296]=Oop [304]=Oop }
                      ;*synchronization entry
                      ; - kotlin.jvm.internal.Intrinsics::sanitizeStackTrace@-1 (line 253)
                      ; - kotlin.jvm.internal.Intrinsics::throwParameterIsNullNPE@11 (line 140)
                      ; - kotlin.jvm.internal.Intrinsics::checkNotNullParameter@5 (line 131)
                      ; - kotlin.ResultKt::createFailure@3
                      ; - kotlinx.coroutines.DispatchedTask::run@246 (line 232)
                      ;   {runtime_call counter_overflow Runtime1 stub}
  0x000000010fcc9ea8: 9619 c595 | 0afb ff17 

  0x000000010fcc9eb0: ;   {metadata({method} {0x000000d8004684b0} 'getName' '()Ljava/lang/String;' in 'java/lang/Class')}
  0x000000010fcc9eb0: 0896 90d2 | c808 a0f2 | 081b c0f2 | e807 00f9 | 0800 8092 | e803 00f9 

  0x000000010fcc9ec8: ; ImmutableOopMap {c_rarg1=Oop [176]=Oop [208]=Oop [216]=Oop [224]=Oop [232]=Oop [296]=Oop [304]=Oop }
                      ;*synchronization entry
                      ; - java.lang.Class::getName@-1 (line 949)
                      ; - kotlin.jvm.internal.Intrinsics::sanitizeStackTrace@3 (line 253)
                      ; - kotlin.jvm.internal.Intrinsics::throwParameterIsNullNPE@11 (line 140)
                      ; - kotlin.jvm.internal.Intrinsics::checkNotNullParameter@5 (line 131)
                      ; - kotlin.ResultKt::createFailure@3
                      ; - kotlinx.coroutines.DispatchedTask::run@246 (line 232)
                      ;   {runtime_call counter_overflow Runtime1 stub}
  0x000000010fcc9ec8: 8e19 c595 | 15fb ff17 

  0x000000010fcc9ed0: ; ImmutableOopMap {[176]=Oop [208]=Oop [216]=Oop [224]=Oop [232]=Oop [296]=Oop [304]=Oop }
                      ;*getfield name {reexecute=1 rethrow=0 return_oop=0}
                      ; - (reexecute) java.lang.Class::getName@1 (line 949)
                      ; - kotlin.jvm.internal.Intrinsics::sanitizeStackTrace@3 (line 253)
                      ; - kotlin.jvm.internal.Intrinsics::throwParameterIsNullNPE@11 (line 140)
                      ; - kotlin.jvm.internal.Intrinsics::checkNotNullParameter@5 (line 131)
                      ; - kotlin.ResultKt::createFailure@3
                      ; - kotlinx.coroutines.DispatchedTask::run@246 (line 232)
                      ;   {runtime_call throw_null_pointer_exception Runtime1 stub}
  0x000000010fcc9ed0: cc04 c595 

  0x000000010fcc9ed4: ; ImmutableOopMap {c_rarg2=Oop [176]=Oop [208]=Oop [216]=Oop [224]=Oop [232]=Oop [296]=Oop }
                      ;*new {reexecute=0 rethrow=0 return_oop=0}
                      ; - kotlin.ResultKt::createFailure@6 (line 122)
                      ; - kotlinx.coroutines.DispatchedTask::run@246 (line 232)
                      ;   {runtime_call fast_new_instance Runtime1 stub}
  0x000000010fcc9ed4: 0b07 c595 | 47fb ff17 

  0x000000010fcc9edc: ;   {metadata({method} {0x000000012950d528} '<init>' '(Ljava/lang/Throwable;)V' in 'kotlin/Result$Failure')}
  0x000000010fcc9edc: 08a5 9ad2 | 082a a5f2 | 2800 c0f2 | e807 00f9 | 0800 8092 | e803 00f9 

  0x000000010fcc9ef4: ; ImmutableOopMap {c_rarg2=Oop c_rarg0=Oop [176]=Oop [208]=Oop [216]=Oop [224]=Oop [232]=Oop [296]=Oop [320]=Oop }
                      ;*synchronization entry
                      ; - kotlin.Result$Failure::<init>@-1
                      ; - kotlin.ResultKt::createFailure@11 (line 122)
                      ; - kotlinx.coroutines.DispatchedTask::run@246 (line 232)
                      ;   {runtime_call counter_overflow Runtime1 stub}
  0x000000010fcc9ef4: 8319 c595 | 50fb ff17 

  0x000000010fcc9efc: ;   {metadata({method} {0x000000012941aec8} 'checkNotNullParameter' '(Ljava/lang/Object;Ljava/lang/String;)V' in 'kotlin/jvm/internal/Intrinsics')}
  0x000000010fcc9efc: 08d9 95d2 | 2828 a5f2 | 2800 c0f2 | e807 00f9 | 0800 8092 | e803 00f9 

  0x000000010fcc9f14: ; ImmutableOopMap {c_rarg2=Oop c_rarg0=Oop [176]=Oop [208]=Oop [216]=Oop [224]=Oop [232]=Oop [296]=Oop [320]=Oop }
                      ;*synchronization entry
                      ; - kotlin.jvm.internal.Intrinsics::checkNotNullParameter@-1 (line 130)
                      ; - kotlin.Result$Failure::<init>@3
                      ; - kotlin.ResultKt::createFailure@11 (line 122)
                      ; - kotlinx.coroutines.DispatchedTask::run@246 (line 232)
                      ;   {runtime_call counter_overflow Runtime1 stub}
  0x000000010fcc9f14: 7b19 c595 | 57fb ff17 

  0x000000010fcc9f1c: ;   {metadata({method} {0x000000012941b048} 'throwParameterIsNullNPE' '(Ljava/lang/String;)V' in 'kotlin/jvm/internal/Intrinsics')}
  0x000000010fcc9f1c: 0809 96d2 | 2828 a5f2 | 2800 c0f2 | e807 00f9 | 0800 8092 | e803 00f9 

  0x000000010fcc9f34: ; ImmutableOopMap {[176]=Oop [208]=Oop [216]=Oop [224]=Oop [232]=Oop [296]=Oop [320]=Oop }
                      ;*synchronization entry
                      ; - kotlin.jvm.internal.Intrinsics::throwParameterIsNullNPE@-1 (line 140)
                      ; - kotlin.jvm.internal.Intrinsics::checkNotNullParameter@5 (line 131)
                      ; - kotlin.Result$Failure::<init>@3
                      ; - kotlin.ResultKt::createFailure@11 (line 122)
                      ; - kotlinx.coroutines.DispatchedTask::run@246 (line 232)
                      ;   {runtime_call counter_overflow Runtime1 stub}
  0x000000010fcc9f34: 7319 c595 | 6afb ff17 

  0x000000010fcc9f3c: ; ImmutableOopMap {[176]=Oop [208]=Oop [216]=Oop [224]=Oop [232]=Oop [296]=Oop [320]=Oop }
                      ;*new {reexecute=0 rethrow=0 return_oop=0}
                      ; - kotlin.jvm.internal.Intrinsics::throwParameterIsNullNPE@0 (line 140)
                      ; - kotlin.jvm.internal.Intrinsics::checkNotNullParameter@5 (line 131)
                      ; - kotlin.Result$Failure::<init>@3
                      ; - kotlin.ResultKt::createFailure@11 (line 122)
                      ; - kotlinx.coroutines.DispatchedTask::run@246 (line 232)
                      ;   {runtime_call fast_new_instance Runtime1 stub}
  0x000000010fcc9f3c: f106 c595 | 77fb ff17 

  0x000000010fcc9f44: ;   {metadata({method} {0x000000012941c0c0} 'sanitizeStackTrace' '(Ljava/lang/Throwable;)Ljava/lang/Throwable;' in 'kotlin/jvm/internal/Intrinsics')}
  0x000000010fcc9f44: 0818 98d2 | 2828 a5f2 | 2800 c0f2 | e807 00f9 | 0800 8092 | e803 00f9 

  0x000000010fcc9f5c: ; ImmutableOopMap {[176]=Oop [208]=Oop [216]=Oop [224]=Oop [232]=Oop [296]=Oop [312]=Oop [320]=Oop }
                      ;*synchronization entry
                      ; - kotlin.jvm.internal.Intrinsics::sanitizeStackTrace@-1 (line 253)
                      ; - kotlin.jvm.internal.Intrinsics::throwParameterIsNullNPE@11 (line 140)
                      ; - kotlin.jvm.internal.Intrinsics::checkNotNullParameter@5 (line 131)
                      ; - kotlin.Result$Failure::<init>@3
                      ; - kotlin.ResultKt::createFailure@11 (line 122)
                      ; - kotlinx.coroutines.DispatchedTask::run@246 (line 232)
                      ;   {runtime_call counter_overflow Runtime1 stub}
  0x000000010fcc9f5c: 6919 c595 | 99fb ff17 

  0x000000010fcc9f64: ;   {metadata({method} {0x000000d8004684b0} 'getName' '()Ljava/lang/String;' in 'java/lang/Class')}
  0x000000010fcc9f64: 0896 90d2 | c808 a0f2 | 081b c0f2 | e807 00f9 | 0800 8092 | e803 00f9 

  0x000000010fcc9f7c: ; ImmutableOopMap {c_rarg1=Oop [176]=Oop [208]=Oop [216]=Oop [224]=Oop [232]=Oop [296]=Oop [312]=Oop [320]=Oop }
                      ;*synchronization entry
                      ; - java.lang.Class::getName@-1 (line 949)
                      ; - kotlin.jvm.internal.Intrinsics::sanitizeStackTrace@3 (line 253)
                      ; - kotlin.jvm.internal.Intrinsics::throwParameterIsNullNPE@11 (line 140)
                      ; - kotlin.jvm.internal.Intrinsics::checkNotNullParameter@5 (line 131)
                      ; - kotlin.Result$Failure::<init>@3
                      ; - kotlin.ResultKt::createFailure@11 (line 122)
                      ; - kotlinx.coroutines.DispatchedTask::run@246 (line 232)
                      ;   {runtime_call counter_overflow Runtime1 stub}
  0x000000010fcc9f7c: 6119 c595 | a4fb ff17 

  0x000000010fcc9f84: ; ImmutableOopMap {[176]=Oop [208]=Oop [216]=Oop [224]=Oop [232]=Oop [296]=Oop [312]=Oop [320]=Oop }
                      ;*getfield name {reexecute=1 rethrow=0 return_oop=0}
                      ; - (reexecute) java.lang.Class::getName@1 (line 949)
                      ; - kotlin.jvm.internal.Intrinsics::sanitizeStackTrace@3 (line 253)
                      ; - kotlin.jvm.internal.Intrinsics::throwParameterIsNullNPE@11 (line 140)
                      ; - kotlin.jvm.internal.Intrinsics::checkNotNullParameter@5 (line 131)
                      ; - kotlin.Result$Failure::<init>@3
                      ; - kotlin.ResultKt::createFailure@11 (line 122)
                      ; - kotlinx.coroutines.DispatchedTask::run@246 (line 232)
                      ;   {runtime_call throw_null_pointer_exception Runtime1 stub}
  0x000000010fcc9f84: 9f04 c595 

  0x000000010fcc9f88: ;   {metadata({method} {0x000000d800473798} '<init>' '()V' in 'java/lang/Object')}
  0x000000010fcc9f88: 08f3 86d2 | e808 a0f2 | 081b c0f2 | e807 00f9 | 0800 8092 | e803 00f9 

  0x000000010fcc9fa0: ; ImmutableOopMap {c_rarg0=Oop c_rarg3=Oop [176]=Oop [208]=Oop [216]=Oop [224]=Oop [232]=Oop [296]=Oop [320]=Oop }
                      ;*synchronization entry
                      ; - java.lang.Object::<init>@-1 (line 45)
                      ; - kotlin.Result$Failure::<init>@7 (line 105)
                      ; - kotlin.ResultKt::createFailure@11 (line 122)
                      ; - kotlinx.coroutines.DispatchedTask::run@246 (line 232)
                      ;   {runtime_call counter_overflow Runtime1 stub}
  0x000000010fcc9fa0: 5819 c595 | d2fb ff17 | 020c 40b9 | 42f0 7dd3 | 427a ffb4 | e203 00f9 

  0x000000010fcc9fb8: ;   {runtime_call g1_pre_barrier_slow}
  0x000000010fcc9fb8: d21a c595 | cffb ff17 | 837a ffb4 | e003 00f9 

  0x000000010fcc9fc8: ;   {runtime_call g1_post_barrier_slow}
  0x000000010fcc9fc8: 8e1b c595 | d1fb ff17 

  0x000000010fcc9fd0: ;   {metadata({method} {0x000000012950e590} 'constructor-impl' '(Ljava/lang/Object;)Ljava/lang/Object;' in 'kotlin/Result')}
  0x000000010fcc9fd0: 08b2 9cd2 | 082a a5f2 | 2800 c0f2 | e807 00f9 | 0800 8092 | e803 00f9 

  0x000000010fcc9fe8: ; ImmutableOopMap {c_rarg0=Oop [176]=Oop [208]=Oop [216]=Oop [224]=Oop [232]=Oop [320]=Oop }
                      ;*synchronization entry
                      ; - kotlin.Result::constructor-impl@-1
                      ; - kotlinx.coroutines.DispatchedTask::run@249 (line 232)
                      ;   {runtime_call counter_overflow Runtime1 stub}
  0x000000010fcc9fe8: 4619 c595 | d9fb ff17 

  0x000000010fcc9ff0: ; ImmutableOopMap {c_rarg0=Oop [176]=Oop [216]=Oop [224]=Oop }
                      ;*invokevirtual clearThreadContext {reexecute=0 rethrow=0 return_oop=0}
                      ; - kotlinx.coroutines.DispatchedTask::run@319 (line 236)
                      ;   {runtime_call throw_null_pointer_exception Runtime1 stub}
  0x000000010fcc9ff0: 8404 c595 

  0x000000010fcc9ff4: ;   {internal_word}
  0x000000010fcc9ff4: e888 ff10 | 8837 02f9 

  0x000000010fcc9ffc: ;   {runtime_call SafepointBlob}
  0x000000010fcc9ffc: 41c2 c115 | e803 00aa 

  0x000000010fcca004: ; ImmutableOopMap {c_rarg1=Oop [176]=Oop [208]=Oop [216]=Oop [224]=Oop [232]=Oop [296]=Oop [320]=Oop }
                      ;*checkcast {reexecute=0 rethrow=0 return_oop=0}
                      ; - kotlin.jvm.internal.Intrinsics::throwParameterIsNullNPE@14 (line 140)
                      ; - kotlin.jvm.internal.Intrinsics::checkNotNullParameter@5 (line 131)
                      ; - kotlin.Result$Failure::<init>@3
                      ; - kotlin.ResultKt::createFailure@11 (line 122)
                      ; - kotlinx.coroutines.DispatchedTask::run@246 (line 232)
                      ;   {runtime_call throw_class_cast_exception Runtime1 stub}
  0x000000010fcca004: 7f0e c595 

  0x000000010fcca008: ; ImmutableOopMap {c_rarg1=Oop c_rarg0=Oop [176]=Oop [208]=Oop [216]=Oop [224]=Oop [232]=Oop [296]=Oop [320]=Oop }
                      ;*athrow {reexecute=1 rethrow=0 return_oop=0}
                      ; - (reexecute) kotlin.jvm.internal.Intrinsics::throwParameterIsNullNPE@17 (line 140)
                      ; - kotlin.jvm.internal.Intrinsics::checkNotNullParameter@5 (line 131)
                      ; - kotlin.Result$Failure::<init>@3
                      ; - kotlin.ResultKt::createFailure@11 (line 122)
                      ; - kotlinx.coroutines.DispatchedTask::run@246 (line 232)
                      ;   {runtime_call throw_null_pointer_exception Runtime1 stub}
  0x000000010fcca008: 7e04 c595 | e803 00aa 

  0x000000010fcca010: ; ImmutableOopMap {c_rarg1=Oop [176]=Oop [208]=Oop [216]=Oop [224]=Oop [232]=Oop [296]=Oop }
                      ;*checkcast {reexecute=0 rethrow=0 return_oop=0}
                      ; - kotlin.jvm.internal.Intrinsics::throwParameterIsNullNPE@14 (line 140)
                      ; - kotlin.jvm.internal.Intrinsics::checkNotNullParameter@5 (line 131)
                      ; - kotlin.ResultKt::createFailure@3
                      ; - kotlinx.coroutines.DispatchedTask::run@246 (line 232)
                      ;   {runtime_call throw_class_cast_exception Runtime1 stub}
  0x000000010fcca010: 7c0e c595 

  0x000000010fcca014: ; ImmutableOopMap {c_rarg1=Oop c_rarg0=Oop [176]=Oop [208]=Oop [216]=Oop [224]=Oop [232]=Oop [296]=Oop }
                      ;*athrow {reexecute=1 rethrow=0 return_oop=0}
                      ; - (reexecute) kotlin.jvm.internal.Intrinsics::throwParameterIsNullNPE@17 (line 140)
                      ; - kotlin.jvm.internal.Intrinsics::checkNotNullParameter@5 (line 131)
                      ; - kotlin.ResultKt::createFailure@3
                      ; - kotlinx.coroutines.DispatchedTask::run@246 (line 232)
                      ;   {runtime_call throw_null_pointer_exception Runtime1 stub}
  0x000000010fcca014: 7b04 c595 | e803 00aa 

  0x000000010fcca01c: ; ImmutableOopMap {c_rarg1=Oop [176]=Oop [208]=Oop [216]=Oop [224]=Oop [232]=Oop [256]=Oop [288]=Oop }
                      ;*checkcast {reexecute=0 rethrow=0 return_oop=0}
                      ; - kotlin.jvm.internal.Intrinsics::throwParameterIsNullNPE@14 (line 140)
                      ; - kotlin.jvm.internal.Intrinsics::checkNotNullParameter@5 (line 131)
                      ; - kotlin.Result$Failure::<init>@3
                      ; - kotlin.ResultKt::createFailure@11 (line 122)
                      ; - kotlinx.coroutines.DispatchedTask::run@273 (line 98)
                      ;   {runtime_call throw_class_cast_exception Runtime1 stub}
  0x000000010fcca01c: 790e c595 

  0x000000010fcca020: ; ImmutableOopMap {c_rarg1=Oop c_rarg0=Oop [176]=Oop [208]=Oop [216]=Oop [224]=Oop [232]=Oop [256]=Oop [288]=Oop }
                      ;*athrow {reexecute=1 rethrow=0 return_oop=0}
                      ; - (reexecute) kotlin.jvm.internal.Intrinsics::throwParameterIsNullNPE@17 (line 140)
                      ; - kotlin.jvm.internal.Intrinsics::checkNotNullParameter@5 (line 131)
                      ; - kotlin.Result$Failure::<init>@3
                      ; - kotlin.ResultKt::createFailure@11 (line 122)
                      ; - kotlinx.coroutines.DispatchedTask::run@273 (line 98)
                      ;   {runtime_call throw_null_pointer_exception Runtime1 stub}
  0x000000010fcca020: 7804 c595 | e803 00aa 

  0x000000010fcca028: ; ImmutableOopMap {c_rarg1=Oop c_rarg2=Oop [176]=Oop [216]=Oop [224]=Oop [232]=Oop [256]=Oop }
                      ;*checkcast {reexecute=0 rethrow=0 return_oop=0}
                      ; - kotlin.jvm.internal.Intrinsics::throwParameterIsNullNPE@14 (line 140)
                      ; - kotlin.jvm.internal.Intrinsics::checkNotNullParameter@5 (line 131)
                      ; - kotlin.ResultKt::createFailure@3
                      ; - kotlinx.coroutines.DispatchedTask::run@273 (line 98)
                      ;   {runtime_call throw_class_cast_exception Runtime1 stub}
  0x000000010fcca028: 760e c595 

  0x000000010fcca02c: ; ImmutableOopMap {c_rarg1=Oop c_rarg2=Oop c_rarg0=Oop [176]=Oop [216]=Oop [224]=Oop [232]=Oop [256]=Oop }
                      ;*athrow {reexecute=1 rethrow=0 return_oop=0}
                      ; - (reexecute) kotlin.jvm.internal.Intrinsics::throwParameterIsNullNPE@17 (line 140)
                      ; - kotlin.jvm.internal.Intrinsics::checkNotNullParameter@5 (line 131)
                      ; - kotlin.ResultKt::createFailure@3
                      ; - kotlinx.coroutines.DispatchedTask::run@273 (line 98)
                      ;   {runtime_call throw_null_pointer_exception Runtime1 stub}
  0x000000010fcca02c: 7504 c595 

  0x000000010fcca030: ; ImmutableOopMap {c_rarg1=Oop [176]=Oop [216]=Oop [224]=Oop [328]=Oop }
                      ;*invokevirtual clearThreadContext {reexecute=0 rethrow=0 return_oop=0}
                      ; - kotlinx.coroutines.DispatchedTask::run@344 (line 236)
                      ;   {runtime_call throw_null_pointer_exception Runtime1 stub}
  0x000000010fcca030: 7404 c595 | e803 00aa 

  0x000000010fcca038: ; ImmutableOopMap {c_rarg2=Oop [176]=Oop [184]=Oop }
                      ;*checkcast {reexecute=0 rethrow=0 return_oop=0}
                      ; - kotlin.jvm.internal.Intrinsics::throwJavaNpe@11 (line 50)
                      ; - kotlin.jvm.internal.Intrinsics::checkNotNull@5 (line 31)
                      ; - kotlinx.coroutines.DispatchedTask::run@40 (line 80)
                      ;   {runtime_call throw_class_cast_exception Runtime1 stub}
  0x000000010fcca038: 720e c595 

  0x000000010fcca03c: ; ImmutableOopMap {c_rarg2=Oop c_rarg0=Oop [176]=Oop [184]=Oop }
                      ;*athrow {reexecute=1 rethrow=0 return_oop=0}
                      ; - (reexecute) kotlin.jvm.internal.Intrinsics::throwJavaNpe@14 (line 50)
                      ; - kotlin.jvm.internal.Intrinsics::checkNotNull@5 (line 31)
                      ; - kotlinx.coroutines.DispatchedTask::run@40 (line 80)
                      ;   {runtime_call throw_null_pointer_exception Runtime1 stub}
  0x000000010fcca03c: 7104 c595 

  0x000000010fcca040: ;   {internal_word}
  0x000000010fcca040: 28c1 ff10 | 8837 02f9 

  0x000000010fcca048: ;   {runtime_call SafepointBlob}
  0x000000010fcca048: 2ec2 c115 

  0x000000010fcca04c: ; ImmutableOopMap {c_rarg0=Oop [336]=Oop }
                      ;*invokeinterface getContext {reexecute=0 rethrow=0 return_oop=0}
                      ; - kotlinx.coroutines.DispatchedTask::run@365 (line 105)
                      ;   {runtime_call throw_null_pointer_exception Runtime1 stub}
  0x000000010fcca04c: 6d04 c595 

  0x000000010fcca050: ;   {internal_word}
  0x000000010fcca050: a8d5 ff10 | 8837 02f9 

  0x000000010fcca058: ;   {runtime_call SafepointBlob}
  0x000000010fcca058: 2ac2 c115 | 8083 42f9 | 9f83 02f9 | 9f87 02f9 | fd7b 57a9 | ff03 0691 

  0x000000010fcca070: ;   {runtime_call unwind_exception Runtime1 stub}
  0x000000010fcca070: a400 c515 | 0000 0000 
[Stub Code]
  0x000000010fcca078: ;   {no_reloc}
  0x000000010fcca078: df3f 03d5 

  0x000000010fcca07c: ;   {metadata(nullptr)}
  0x000000010fcca07c: 0c00 80d2 | 0c00 a0f2 | 0c00 c0f2 | 0800 80d2 | 0800 a0f2 | 0800 c0f2 | 0001 1fd6 

  0x000000010fcca098: ;   {trampoline_stub}
  0x000000010fcca098: 4800 0058 | 0001 1fd6 | b09c e216 | 0100 0000 

  0x000000010fcca0a8: ;   {trampoline_stub}
  0x000000010fcca0a8: 4800 0058 | 0001 1fd6 | 8041 d316 | 0100 0000 

  0x000000010fcca0b8: ;   {trampoline_stub}
  0x000000010fcca0b8: 4800 0058 | 0001 1fd6 | 8041 d316 | 0100 0000 

  0x000000010fcca0c8: ;   {static_stub}
  0x000000010fcca0c8: df3f 03d5 

  0x000000010fcca0cc: ;   {metadata(nullptr)}
  0x000000010fcca0cc: 0c00 80d2 | 0c00 a0f2 | 0c00 c0f2 | 0800 80d2 | 0800 a0f2 | 0800 c0f2 | 0001 1fd6 

  0x000000010fcca0e8: ;   {trampoline_stub}
  0x000000010fcca0e8: 4800 0058 | 0001 1fd6 | 009e e216 | 0100 0000 

  0x000000010fcca0f8: ;   {trampoline_stub}
  0x000000010fcca0f8: 4800 0058 | 0001 1fd6 | c056 e40f | 0100 0000 

  0x000000010fcca108: ;   {trampoline_stub}
  0x000000010fcca108: 4800 0058 | 0001 1fd6 | 8047 d316 | 0100 0000 

  0x000000010fcca118: ;   {static_stub}
  0x000000010fcca118: df3f 03d5 

  0x000000010fcca11c: ;   {metadata(nullptr)}
  0x000000010fcca11c: 0c00 80d2 | 0c00 a0f2 | 0c00 c0f2 | 0800 80d2 | 0800 a0f2 | 0800 c0f2 | 0001 1fd6 

  0x000000010fcca138: ;   {trampoline_stub}
  0x000000010fcca138: 4800 0058 | 0001 1fd6 | 009e e216 | 0100 0000 

  0x000000010fcca148: ;   {static_stub}
  0x000000010fcca148: df3f 03d5 

  0x000000010fcca14c: ;   {metadata(nullptr)}
  0x000000010fcca14c: 0c00 80d2 | 0c00 a0f2 | 0c00 c0f2 | 0800 80d2 | 0800 a0f2 | 0800 c0f2 | 0001 1fd6 

  0x000000010fcca168: ;   {trampoline_stub}
  0x000000010fcca168: 4800 0058 | 0001 1fd6 | 2898 e216 | 0100 0000 

  0x000000010fcca178: ;   {static_stub}
  0x000000010fcca178: df3f 03d5 

  0x000000010fcca17c: ;   {metadata(nullptr)}
  0x000000010fcca17c: 0c00 80d2 | 0c00 a0f2 | 0c00 c0f2 | 0800 80d2 | 0800 a0f2 | 0800 c0f2 | 0001 1fd6 

  0x000000010fcca198: ;   {trampoline_stub}
  0x000000010fcca198: 4800 0058 | 0001 1fd6 | 78a0 e216 | 0100 0000 

  0x000000010fcca1a8: ;   {static_stub}
  0x000000010fcca1a8: df3f 03d5 

  0x000000010fcca1ac: ;   {metadata(nullptr)}
  0x000000010fcca1ac: 0c00 80d2 | 0c00 a0f2 | 0c00 c0f2 | 0800 80d2 | 0800 a0f2 | 0800 c0f2 | 0001 1fd6 

  0x000000010fcca1c8: ;   {trampoline_stub}
  0x000000010fcca1c8: 4800 0058 | 0001 1fd6 | 8899 e216 | 0100 0000 

  0x000000010fcca1d8: ;   {static_stub}
  0x000000010fcca1d8: df3f 03d5 

  0x000000010fcca1dc: ;   {metadata(nullptr)}
  0x000000010fcca1dc: 0c00 80d2 | 0c00 a0f2 | 0c00 c0f2 | 0800 80d2 | 0800 a0f2 | 0800 c0f2 | 0001 1fd6 

  0x000000010fcca1f8: ;   {trampoline_stub}
  0x000000010fcca1f8: 4800 0058 | 0001 1fd6 | 1039 f616 | 0100 0000 

  0x000000010fcca208: ;   {trampoline_stub}
  0x000000010fcca208: 4800 0058 | 0001 1fd6 | 8047 d316 | 0100 0000 

  0x000000010fcca218: ;   {trampoline_stub}
  0x000000010fcca218: 4800 0058 | 0001 1fd6 | 8041 d316 | 0100 0000 

  0x000000010fcca228: ;   {trampoline_stub}
  0x000000010fcca228: 4800 0058 | 0001 1fd6 | 8041 d316 | 0100 0000 

  0x000000010fcca238: ;   {trampoline_stub}
  0x000000010fcca238: 4800 0058 | 0001 1fd6 | 8047 d316 | 0100 0000 

  0x000000010fcca248: ;   {trampoline_stub}
  0x000000010fcca248: 4800 0058 | 0001 1fd6 | 8041 d316 | 0100 0000 

  0x000000010fcca258: ;   {trampoline_stub}
  0x000000010fcca258: 4800 0058 | 0001 1fd6 | 8041 d316 | 0100 0000 

  0x000000010fcca268: ;   {static_stub}
  0x000000010fcca268: df3f 03d5 

  0x000000010fcca26c: ;   {metadata(nullptr)}
  0x000000010fcca26c: 0c00 80d2 | 0c00 a0f2 | 0c00 c0f2 | 0800 80d2 | 0800 a0f2 | 0800 c0f2 | 0001 1fd6 

  0x000000010fcca288: ;   {trampoline_stub}
  0x000000010fcca288: 4800 0058 | 0001 1fd6 | 609a e216 | 0100 0000 

  0x000000010fcca298: ;   {static_stub}
  0x000000010fcca298: df3f 03d5 

  0x000000010fcca29c: ;   {metadata(nullptr)}
  0x000000010fcca29c: 0c00 80d2 | 0c00 a0f2 | 0c00 c0f2 | 0800 80d2 | 0800 a0f2 | 0800 c0f2 | 0001 1fd6 

  0x000000010fcca2b8: ;   {trampoline_stub}
  0x000000010fcca2b8: 4800 0058 | 0001 1fd6 | 609c e216 | 0100 0000 

  0x000000010fcca2c8: ;   {static_stub}
  0x000000010fcca2c8: df3f 03d5 

  0x000000010fcca2cc: ;   {metadata(nullptr)}
  0x000000010fcca2cc: 0c00 80d2 | 0c00 a0f2 | 0c00 c0f2 | 0800 80d2 | 0800 a0f2 | 0800 c0f2 | 0001 1fd6 

  0x000000010fcca2e8: ;   {trampoline_stub}
  0x000000010fcca2e8: 4800 0058 | 0001 1fd6 | 609a e216 | 0100 0000 

  0x000000010fcca2f8: ;   {static_stub}
  0x000000010fcca2f8: df3f 03d5 

  0x000000010fcca2fc: ;   {metadata(nullptr)}
  0x000000010fcca2fc: 0c00 80d2 | 0c00 a0f2 | 0c00 c0f2 | 0800 80d2 | 0800 a0f2 | 0800 c0f2 | 0001 1fd6 

  0x000000010fcca318: ;   {trampoline_stub}
  0x000000010fcca318: 4800 0058 | 0001 1fd6 | 4015 d316 | 0100 0000 

  0x000000010fcca328: ;   {static_stub}
  0x000000010fcca328: df3f 03d5 

  0x000000010fcca32c: ;   {metadata(nullptr)}
  0x000000010fcca32c: 0c00 80d2 | 0c00 a0f2 | 0c00 c0f2 | 0800 80d2 | 0800 a0f2 | 0800 c0f2 | 0001 1fd6 

  0x000000010fcca348: ;   {trampoline_stub}
  0x000000010fcca348: 4800 0058 | 0001 1fd6 | b097 e216 | 0100 0000 

  0x000000010fcca358: ;   {trampoline_stub}
  0x000000010fcca358: 4800 0058 | 0001 1fd6 | 8047 d316 | 0100 0000 

  0x000000010fcca368: ;   {trampoline_stub}
  0x000000010fcca368: 4800 0058 | 0001 1fd6 | 8041 d316 | 0100 0000 

  0x000000010fcca378: ;   {trampoline_stub}
  0x000000010fcca378: 4800 0058 | 0001 1fd6 | 8041 d316 | 0100 0000 

  0x000000010fcca388: ;   {trampoline_stub}
  0x000000010fcca388: 4800 0058 | 0001 1fd6 | 8047 d316 | 0100 0000 

  0x000000010fcca398: ;   {trampoline_stub}
  0x000000010fcca398: 4800 0058 | 0001 1fd6 | 8041 d316 | 0100 0000 

  0x000000010fcca3a8: ;   {trampoline_stub}
  0x000000010fcca3a8: 4800 0058 | 0001 1fd6 | 8041 d316 | 0100 0000 

  0x000000010fcca3b8: ;   {static_stub}
  0x000000010fcca3b8: df3f 03d5 

  0x000000010fcca3bc: ;   {metadata(nullptr)}
  0x000000010fcca3bc: 0c00 80d2 | 0c00 a0f2 | 0c00 c0f2 | 0800 80d2 | 0800 a0f2 | 0800 c0f2 | 0001 1fd6 

  0x000000010fcca3d8: ;   {trampoline_stub}
  0x000000010fcca3d8: 4800 0058 | 0001 1fd6 | 609a e216 | 0100 0000 

  0x000000010fcca3e8: ;   {trampoline_stub}
  0x000000010fcca3e8: 4800 0058 | 0001 1fd6 | 8041 d316 | 0100 0000 

  0x000000010fcca3f8: ;   {trampoline_stub}
  0x000000010fcca3f8: 4800 0058 | 0001 1fd6 | 0074 e40f | 0100 0000 

  0x000000010fcca408: ;   {trampoline_stub}
  0x000000010fcca408: 4800 0058 | 0001 1fd6 | 8047 d316 | 0100 0000 

  0x000000010fcca418: ;   {trampoline_stub}
  0x000000010fcca418: 4800 0058 | 0001 1fd6 | 8047 d316 | 0100 0000 

  0x000000010fcca428: ;   {trampoline_stub}
  0x000000010fcca428: 4800 0058 | 0001 1fd6 | 8047 d316 | 0100 0000 

  0x000000010fcca438: ;   {trampoline_stub}
  0x000000010fcca438: 4800 0058 | 0001 1fd6 | 8047 d316 | 0100 0000 

  0x000000010fcca448: ;   {trampoline_stub}
  0x000000010fcca448: 4800 0058 | 0001 1fd6 | 8041 d316 | 0100 0000 

  0x000000010fcca458: ;   {trampoline_stub}
  0x000000010fcca458: 4800 0058 | 0001 1fd6 | 8047 d316 | 0100 0000 

  0x000000010fcca468: ;   {trampoline_stub}
  0x000000010fcca468: 4800 0058 | 0001 1fd6 | 8047 d316 | 0100 0000 

  0x000000010fcca478: ;   {trampoline_stub}
  0x000000010fcca478: 4800 0058 | 0001 1fd6 | 8041 d316 | 0100 0000 

  0x000000010fcca488: ;   {static_stub}
  0x000000010fcca488: df3f 03d5 

  0x000000010fcca48c: ;   {metadata(nullptr)}
  0x000000010fcca48c: 0c00 80d2 | 0c00 a0f2 | 0c00 c0f2 | 0800 80d2 | 0800 a0f2 | 0800 c0f2 | 0001 1fd6 

  0x000000010fcca4a8: ;   {trampoline_stub}
  0x000000010fcca4a8: 4800 0058 | 0001 1fd6 | 8044 d316 | 0100 0000 

  0x000000010fcca4b8: ;   {static_stub}
  0x000000010fcca4b8: df3f 03d5 

  0x000000010fcca4bc: ;   {metadata(nullptr)}
  0x000000010fcca4bc: 0c00 80d2 | 0c00 a0f2 | 0c00 c0f2 | 0800 80d2 | 0800 a0f2 | 0800 c0f2 | 0001 1fd6 

  0x000000010fcca4d8: ;   {trampoline_stub}
  0x000000010fcca4d8: 4800 0058 | 0001 1fd6 | 8044 d316 | 0100 0000 

  0x000000010fcca4e8: ;   {static_stub}
  0x000000010fcca4e8: df3f 03d5 

  0x000000010fcca4ec: ;   {metadata(nullptr)}
  0x000000010fcca4ec: 0c00 80d2 | 0c00 a0f2 | 0c00 c0f2 | 0800 80d2 | 0800 a0f2 | 0800 c0f2 | 0001 1fd6 

  0x000000010fcca508: ;   {trampoline_stub}
  0x000000010fcca508: 4800 0058 | 0001 1fd6 | 8041 d316 | 0100 0000 

  0x000000010fcca518: ;   {static_stub}
  0x000000010fcca518: df3f 03d5 

  0x000000010fcca51c: ;   {metadata(nullptr)}
  0x000000010fcca51c: 0c00 80d2 | 0c00 a0f2 | 0c00 c0f2 | 0800 80d2 | 0800 a0f2 | 0800 c0f2 | 0001 1fd6 

  0x000000010fcca538: ;   {trampoline_stub}
  0x000000010fcca538: 4800 0058 | 0001 1fd6 | 8047 d316 | 0100 0000 

  0x000000010fcca548: ;   {static_stub}
  0x000000010fcca548: df3f 03d5 

  0x000000010fcca54c: ;   {metadata(nullptr)}
  0x000000010fcca54c: 0c00 80d2 | 0c00 a0f2 | 0c00 c0f2 | 0800 80d2 | 0800 a0f2 | 0800 c0f2 | 0001 1fd6 

  0x000000010fcca568: ;   {static_stub}
  0x000000010fcca568: df3f 03d5 

  0x000000010fcca56c: ;   {metadata(nullptr)}
  0x000000010fcca56c: 0c00 80d2 | 0c00 a0f2 | 0c00 c0f2 | 0800 80d2 | 0800 a0f2 | 0800 c0f2 | 0001 1fd6 

  0x000000010fcca588: ;   {static_stub}
  0x000000010fcca588: df3f 03d5 

  0x000000010fcca58c: ;   {metadata(nullptr)}
  0x000000010fcca58c: 0c00 80d2 | 0c00 a0f2 | 0c00 c0f2 | 0800 80d2 | 0800 a0f2 | 0800 c0f2 | 0001 1fd6 

  0x000000010fcca5a8: ;   {static_stub}
  0x000000010fcca5a8: df3f 03d5 

  0x000000010fcca5ac: ;   {metadata(nullptr)}
  0x000000010fcca5ac: 0c00 80d2 | 0c00 a0f2 | 0c00 c0f2 | 0800 80d2 | 0800 a0f2 | 0800 c0f2 | 0001 1fd6 

  0x000000010fcca5c8: ;   {static_stub}
  0x000000010fcca5c8: df3f 03d5 

  0x000000010fcca5cc: ;   {metadata(nullptr)}
  0x000000010fcca5cc: 0c00 80d2 | 0c00 a0f2 | 0c00 c0f2 | 0800 80d2 | 0800 a0f2 | 0800 c0f2 | 0001 1fd6 

  0x000000010fcca5e8: ;   {static_stub}
  0x000000010fcca5e8: df3f 03d5 

  0x000000010fcca5ec: ;   {metadata(nullptr)}
  0x000000010fcca5ec: 0c00 80d2 | 0c00 a0f2 | 0c00 c0f2 | 0800 80d2 | 0800 a0f2 | 0800 c0f2 | 0001 1fd6 

  0x000000010fcca608: ;   {static_stub}
  0x000000010fcca608: df3f 03d5 

  0x000000010fcca60c: ;   {metadata(nullptr)}
  0x000000010fcca60c: 0c00 80d2 | 0c00 a0f2 | 0c00 c0f2 | 0800 80d2 | 0800 a0f2 | 0800 c0f2 | 0001 1fd6 

  0x000000010fcca628: ;   {static_stub}
  0x000000010fcca628: df3f 03d5 

  0x000000010fcca62c: ;   {metadata(nullptr)}
  0x000000010fcca62c: 0c00 80d2 | 0c00 a0f2 | 0c00 c0f2 | 0800 80d2 | 0800 a0f2 | 0800 c0f2 | 0001 1fd6 

  0x000000010fcca648: ;   {static_stub}
  0x000000010fcca648: df3f 03d5 

  0x000000010fcca64c: ;   {metadata(nullptr)}
  0x000000010fcca64c: 0c00 80d2 | 0c00 a0f2 | 0c00 c0f2 | 0800 80d2 | 0800 a0f2 | 0800 c0f2 | 0001 1fd6 
[Exception Handler]
  0x000000010fcca668: ;   {runtime_call handle_exception_from_callee Runtime1 stub}
  0x000000010fcca668: 660b c595 | c1d5 bbd4 | fe8a b306 | 0100 0000 
[Deopt Handler Code]
  0x000000010fcca678: 1e00 0010 

  0x000000010fcca67c: ;   {runtime_call DeoptimizationBlob}
  0x000000010fcca67c: 71c1 c115 
[/MachCode]


Compiled method (c1) 3876 3358   !   3       java.awt.event.InvocationEvent::dispatch (69 bytes)
 total in heap  [0x000000010fccc710,0x000000010fccd258] = 2888
 relocation     [0x000000010fccc860,0x000000010fccc920] = 192
 main code      [0x000000010fccc940,0x000000010fcccfc8] = 1672
 stub code      [0x000000010fcccfc8,0x000000010fccd080] = 184
 metadata       [0x000000010fccd080,0x000000010fccd0b0] = 48
 scopes data    [0x000000010fccd0b0,0x000000010fccd108] = 88
 scopes pcs     [0x000000010fccd108,0x000000010fccd1a8] = 160
 dependencies   [0x000000010fccd1a8,0x000000010fccd1b0] = 8
 handler table  [0x000000010fccd1b0,0x000000010fccd240] = 144
 nul chk table  [0x000000010fccd240,0x000000010fccd258] = 24

[Constant Pool (empty)]

[MachCode]
[Entry Point]
  # {method} {0x0000000129269708} 'dispatch' '()V' in 'java/awt/event/InvocationEvent'
  #           [sp+0x40]  (sp of caller)
  0x000000010fccc940: 2808 40b9 | 3f01 086b | c001 0054 

  0x000000010fccc94c: ;   {runtime_call ic_miss_stub}
  0x000000010fccc94c: 4d9d c115 | 1f20 03d5 | 1f20 03d5 | 1f20 03d5 | 1f20 03d5 | 1f20 03d5 | 1f20 03d5 | 1f20 03d5 
  0x000000010fccc96c: 1f20 03d5 | 1f20 03d5 | 1f20 03d5 | 1f20 03d5 | 1f20 03d5 
[Verified Entry Point]
  0x000000010fccc980: 1f20 03d5 | e953 40d1 | 3f01 00f9 | ff03 01d1 | fd7b 03a9 | 2801 0018 | 8923 40b9 | 1f01 09eb 
  0x000000010fccc9a0: e000 0054 | 0830 9bd2 | 68da a2f2 | 2800 c0f2 | 0001 3fd6 | 0200 0014 | 0500 0000 | e10f 00f9 
  0x000000010fccc9c0: ;   {metadata(method data for {method} {0x0000000129269708} 'dispatch' '()V' in 'java/awt/event/InvocationEvent')}
  0x000000010fccc9c0: 00b2 83d2 | 405e a5f2 | 2000 c0f2 | 02ac 40b9 | 4208 0011 | 02ac 00b9 | 4224 1f12 | 5f00 0071 
  0x000000010fccc9e0: 202a 0054 | 20a4 4039 | 1f00 0071 

  0x000000010fccc9ec: ;   {metadata(method data for {method} {0x0000000129269708} 'dispatch' '()V' in 'java/awt/event/InvocationEvent')}
  0x000000010fccc9ec: 00b2 83d2 | 405e a5f2 | 2000 c0f2 | e80f 7cb2 | e903 78b2 | 0201 899a | 0368 62f8 | 6304 0091 
  0x000000010fccca0c: 0368 22f8 | a007 0054 | 202c 40b9 | 00f0 7dd3 

  0x000000010fccca1c: ; implicit exception: dispatches to 0x000000010fcccf44
  0x000000010fccca1c: 1f00 40f9 | e203 00aa 

  0x000000010fccca24: ;   {metadata(method data for {method} {0x0000000129269708} 'dispatch' '()V' in 'java/awt/event/InvocationEvent')}
  0x000000010fccca24: 03b2 83d2 | 435e a5f2 | 2300 c0f2 | 4208 40b9 | 021b c0f2 | 6980 0491 | 2801 40f9 | 5f00 08eb 
  0x000000010fccca44: a100 0054 | 6894 40f9 | 0805 0091 | 6894 00f9 | 1c00 0014 | 69c0 0491 | 2801 40f9 | 5f00 08eb 
  0x000000010fccca64: a100 0054 | 689c 40f9 | 0805 0091 | 689c 00f9 | 1400 0014 | 6980 0491 | 2801 40f9 | c800 00b5 
  0x000000010fccca84: 2201 00f9 | e803 40b2 | 69a0 0491 | 2801 00f9 | 0c00 0014 | 69c0 0491 | 2801 40f9 | c800 00b5 
  0x000000010fcccaa4: 2201 00f9 | e803 40b2 | 69e0 0491 | 2801 00f9 | 0400 0014 | 6888 40f9 | 0805 0091 | 6888 00f9 
  0x000000010fcccac4: e103 00aa | e9ff 9fd2 | e9ff bff2 | e9ff dff2 

  0x000000010fcccad4: ; ImmutableOopMap {[24]=Oop }
                      ;*invokeinterface run {reexecute=0 rethrow=0 return_oop=0}
                      ; - java.awt.event.InvocationEvent::dispatch@11 (line 308)
                      ;   {virtual_call}
  0x000000010fcccad4: 6b9e c195 

  0x000000010fcccad8: ;   {other}
  0x000000010fcccad8: 1f20 03d5 | 1f79 80f2 | 1f00 80f2 

  0x000000010fcccae4: ;   {metadata(method data for {method} {0x0000000129269708} 'dispatch' '()V' in 'java/awt/event/InvocationEvent')}
  0x000000010fcccae4: 01b2 83d2 | 415e a5f2 | 2100 c0f2 | 20a4 40f9 | 0004 0091 | 20a4 00f9 | e10f 40f9 | de00 0014 
  0x000000010fcccb04: 202c 40b9 | 00f0 7dd3 

  0x000000010fcccb0c: ; implicit exception: dispatches to 0x000000010fcccf48
  0x000000010fcccb0c: 1f00 40f9 | e203 00aa 

  0x000000010fcccb14: ;   {metadata(method data for {method} {0x0000000129269708} 'dispatch' '()V' in 'java/awt/event/InvocationEvent')}
  0x000000010fcccb14: 03b2 83d2 | 435e a5f2 | 2300 c0f2 | 4208 40b9 | 021b c0f2 | 6960 0891 | 2801 40f9 | 5f00 08eb 
  0x000000010fcccb34: a100 0054 | 6810 41f9 | 0805 0091 | 6810 01f9 | 1c00 0014 | 69a0 0891 | 2801 40f9 | 5f00 08eb 
  0x000000010fcccb54: a100 0054 | 6818 41f9 | 0805 0091 | 6818 01f9 | 1400 0014 | 6960 0891 | 2801 40f9 | c800 00b5 
  0x000000010fcccb74: 2201 00f9 | e803 40b2 | 6980 0891 | 2801 00f9 | 0c00 0014 | 69a0 0891 | 2801 40f9 | c800 00b5 
  0x000000010fcccb94: 2201 00f9 | e803 40b2 | 69c0 0891 | 2801 00f9 | 0400 0014 | 6804 41f9 | 0805 0091 | 6804 01f9 
  0x000000010fcccbb4: e103 00aa | 09d4 8cd2 | 290f adf2 | 2901 c0f2 

  0x000000010fcccbc4: ; ImmutableOopMap {[24]=Oop }
                      ;*invokeinterface run {reexecute=0 rethrow=0 return_oop=0}
                      ; - java.awt.event.InvocationEvent::dispatch@47 (line 318)
                      ;   {virtual_call}
  0x000000010fcccbc4: a773 c595 

  0x000000010fcccbc8: ;   {other}
  0x000000010fcccbc8: 1f20 03d5 | 1f97 80f2 | 1f20 80f2 | e10f 40f9 | a800 0014 | 8083 42f9 | 9f83 02f9 | 9f87 02f9 
  0x000000010fcccbe8: 0001 00b5 

  0x000000010fcccbec: ;   {metadata(method data for {method} {0x0000000129269708} 'dispatch' '()V' in 'java/awt/event/InvocationEvent')}
  0x000000010fcccbec: 04b2 83d2 | 445e a5f2 | 2400 c0f2 | 8864 4539 | 0801 40b2 | 8864 0539 | 3700 0014 

  0x000000010fcccc08: ;   {metadata('java/lang/Exception')}
  0x000000010fcccc08: 0304 98d2 | 0300 a0f2 | 031b c0f2 | 0408 40b9 | 041b c0f2 | 8820 40f9 | 7f00 08eb | e104 0054 
  0x000000010fcccc28: ;   {metadata(method data for {method} {0x0000000129269708} 'dispatch' '()V' in 'java/awt/event/InvocationEvent')}
  0x000000010fcccc28: 04b2 83d2 | 445e a5f2 | 2400 c0f2 | 0308 40b9 | 031b c0f2 | 89c0 0591 | 2801 40f9 | 7f00 08eb 
  0x000000010fcccc48: a100 0054 | 88bc 40f9 | 0805 0091 | 88bc 00f9 | 2400 0014 | 8900 0691 | 2801 40f9 | 7f00 08eb 
  0x000000010fcccc68: a100 0054 | 88c4 40f9 | 0805 0091 | 88c4 00f9 | 1c00 0014 | 89c0 0591 | 2801 40f9 | c800 00b5 
  0x000000010fcccc88: 2301 00f9 | e803 40b2 | 89e0 0591 | 2801 00f9 | 1400 0014 | 8900 0691 | 2801 40f9 | c800 00b5 
  0x000000010fcccca8: 2301 00f9 | e803 40b2 | 8920 0691 | 2801 00f9 | 0c00 0014 | 0b00 0014 

  0x000000010fccccc0: ;   {metadata(method data for {method} {0x0000000129269708} 'dispatch' '()V' in 'java/awt/event/InvocationEvent')}
  0x000000010fccccc0: 04b2 83d2 | 445e a5f2 | 2400 c0f2 | 88b0 40f9 | 0805 00d1 | 88b0 00f9 | 0200 0014 | 0300 0014 
  0x000000010fcccce0: e203 1faa | 0200 0014 | e203 40b2 | 5f00 0071 

  0x000000010fccccf0: ;   {metadata(method data for {method} {0x0000000129269708} 'dispatch' '()V' in 'java/awt/event/InvocationEvent')}
  0x000000010fccccf0: 02b2 83d2 | 425e a5f2 | 2200 c0f2 | 0833 80d2 | 0935 80d2 | 0101 899a | 4368 61f8 | 6304 0091 
  0x000000010fcccd10: 4368 21f8 | e10f 40f9 | 2009 0054 | 0001 00b5 

  0x000000010fcccd20: ;   {metadata(method data for {method} {0x0000000129269708} 'dispatch' '()V' in 'java/awt/event/InvocationEvent')}
  0x000000010fcccd20: 05b2 83d2 | 455e a5f2 | 2500 c0f2 | a8c4 4639 | 0801 40b2 | a8c4 0639 | 3700 0014 

  0x000000010fcccd3c: ;   {metadata('java/lang/Exception')}
  0x000000010fcccd3c: 0404 98d2 | 0400 a0f2 | 041b c0f2 | 0508 40b9 | 051b c0f2 | a820 40f9 | 9f00 08eb | e104 0054 
  0x000000010fcccd5c: ;   {metadata(method data for {method} {0x0000000129269708} 'dispatch' '()V' in 'java/awt/event/InvocationEvent')}
  0x000000010fcccd5c: 05b2 83d2 | 455e a5f2 | 2500 c0f2 | 0408 40b9 | 041b c0f2 | a920 0791 | 2801 40f9 | 9f00 08eb 
  0x000000010fcccd7c: a100 0054 | a8e8 40f9 | 0805 0091 | a8e8 00f9 | 2200 0014 | a960 0791 | 2801 40f9 | 9f00 08eb 
  0x000000010fcccd9c: a100 0054 | a8f0 40f9 | 0805 0091 | a8f0 00f9 | 1a00 0014 | a920 0791 | 2801 40f9 | c800 00b5 
  0x000000010fcccdbc: 2401 00f9 | e803 40b2 | a940 0791 | 2801 00f9 | 1200 0014 | a960 0791 | 2801 40f9 | c800 00b5 
  0x000000010fcccddc: 2401 00f9 | e803 40b2 | a980 0791 | 2801 00f9 | 0a00 0014 | 0900 0014 

  0x000000010fcccdf4: ;   {metadata(method data for {method} {0x0000000129269708} 'dispatch' '()V' in 'java/awt/event/InvocationEvent')}
  0x000000010fcccdf4: 05b2 83d2 | 455e a5f2 | 2500 c0f2 | a8dc 40f9 | 0805 00d1 | a8dc 00f9 | 5000 0014 | 0100 0014 
  0x000000010fccce14: e203 00aa | 8303 4139 | 7f00 0071 | a109 0054 | 48fc 43d3 | 2838 00b9 | 2300 02ca | 63fc 56d3 
  0x000000010fccce34: 7f00 00f1 | a109 0054 | 8203 4139 | 5f00 0071 | c109 0054 | 08fc 43d3 | 283c 00b9 | 2200 00ca 
  0x000000010fccce54: 42fc 56d3 | 5f00 00f1 | c109 0054 

  0x000000010fccce60: ;   {metadata(method data for {method} {0x0000000129269708} 'dispatch' '()V' in 'java/awt/event/InvocationEvent')}
  0x000000010fccce60: 02b2 83d2 | 425e a5f2 | 2200 c0f2 | 40f8 40f9 | 0004 0091 | 40f8 00f9 | e203 01aa 

  0x000000010fccce7c: ;   {metadata(method data for {method} {0x0000000129269708} 'dispatch' '()V' in 'java/awt/event/InvocationEvent')}
  0x000000010fccce7c: 00b2 83d2 | 405e a5f2 | 2000 c0f2 | 0820 41f9 | 0805 0091 | 0820 01f9 | e203 0032 

  0x000000010fccce98: ; ImmutableOopMap {}
                      ;*invokevirtual finishedDispatching {reexecute=0 rethrow=0 return_oop=0}
                      ; - java.awt.event.InvocationEvent::dispatch@54 (line 321)
                      ;   {optimized virtual_call}
  0x000000010fccce98: aa7e 0194 

  0x000000010fccce9c: ;   {other}
  0x000000010fccce9c: 1f20 03d5 | 9ff1 80f2 | 1f40 80f2 

  0x000000010fcccea8: ;   {metadata(method data for {method} {0x0000000129269708} 'dispatch' '()V' in 'java/awt/event/InvocationEvent')}
  0x000000010fcccea8: 00b2 83d2 | 405e a5f2 | 2000 c0f2 | 023c 41f9 | 4204 0091 | 023c 01f9 | fd7b 43a9 | ff03 0191 
  0x000000010fcccec8: ;   {poll_return}
  0x000000010fcccec8: 882b 42f9 | ff63 28eb | a806 0054 | c003 5fd6 | e10f 40f9 | 8083 42f9 | 9f83 02f9 | 9f87 02f9 
  0x000000010fcccee8: e203 01aa 

  0x000000010fccceec: ;   {metadata(method data for {method} {0x0000000129269708} 'dispatch' '()V' in 'java/awt/event/InvocationEvent')}
  0x000000010fccceec: 03b2 83d2 | 435e a5f2 | 2300 c0f2 | 6848 41f9 | 0805 0091 | 6848 01f9 | e203 0032 | e013 00f9 
  0x000000010fcccf0c: ; ImmutableOopMap {[32]=Oop }
                      ;*invokevirtual finishedDispatching {reexecute=0 rethrow=0 return_oop=0}
                      ; - java.awt.event.InvocationEvent::dispatch@63 (line 321)
                      ;   {optimized virtual_call}
  0x000000010fcccf0c: 9d9c c195 

  0x000000010fcccf10: ;   {other}
  0x000000010fcccf10: 1f20 03d5 | 1f00 81f2 | 1f60 80f2 | e013 40f9 | 2700 0014 

  0x000000010fcccf24: ;   {metadata({method} {0x0000000129269708} 'dispatch' '()V' in 'java/awt/event/InvocationEvent')}
  0x000000010fcccf24: 08e1 92d2 | c824 a5f2 | 2800 c0f2 | e807 00f9 | 0800 8092 | e803 00f9 

  0x000000010fcccf3c: ; ImmutableOopMap {c_rarg1=Oop [24]=Oop }
                      ;*synchronization entry
                      ; - java.awt.event.InvocationEvent::dispatch@-1 (line 306)
                      ;   {runtime_call counter_overflow Runtime1 stub}
  0x000000010fcccf3c: 710d c595 | a9fe ff17 

  0x000000010fcccf44: ; ImmutableOopMap {c_rarg1=Oop c_rarg0=Oop [24]=Oop }
                      ;*invokeinterface run {reexecute=0 rethrow=0 return_oop=0}
                      ; - java.awt.event.InvocationEvent::dispatch@11 (line 308)
                      ;   {runtime_call throw_null_pointer_exception Runtime1 stub}
  0x000000010fcccf44: aff8 c495 

  0x000000010fcccf48: ; ImmutableOopMap {c_rarg1=Oop c_rarg0=Oop [24]=Oop }
                      ;*invokeinterface run {reexecute=0 rethrow=0 return_oop=0}
                      ; - java.awt.event.InvocationEvent::dispatch@47 (line 318)
                      ;   {runtime_call throw_null_pointer_exception Runtime1 stub}
  0x000000010fcccf48: aef8 c495 | e803 00aa 

  0x000000010fcccf50: ; ImmutableOopMap {c_rarg0=Oop c_rarg1=Oop [24]=Oop }
                      ;*checkcast {reexecute=0 rethrow=0 return_oop=0}
                      ; - java.awt.event.InvocationEvent::dispatch@29 (line 312)
                      ;   {runtime_call throw_class_cast_exception Runtime1 stub}
  0x000000010fcccf50: ac02 c595 | 2338 40b9 | 63f0 7dd3 | 43f6 ffb4 | e303 00f9 

  0x000000010fcccf64: ;   {runtime_call g1_pre_barrier_slow}
  0x000000010fcccf64: e70e c595 | afff ff17 | 82f6 ffb4 | e103 00f9 

  0x000000010fcccf74: ;   {runtime_call g1_post_barrier_slow}
  0x000000010fcccf74: a30f c595 | b1ff ff17 | 223c 40b9 | 42f0 7dd3 | 22f6 ffb4 | e203 00f9 

  0x000000010fcccf8c: ;   {runtime_call g1_pre_barrier_slow}
  0x000000010fcccf8c: dd0e c595 | aeff ff17 | 60f6 ffb4 | e103 00f9 

  0x000000010fcccf9c: ;   {runtime_call g1_post_barrier_slow}
  0x000000010fcccf9c: 990f c595 | b0ff ff17 

  0x000000010fcccfa4: ;   {internal_word}
  0x000000010fcccfa4: 28f9 ff10 | 8837 02f9 

  0x000000010fcccfac: ;   {runtime_call SafepointBlob}
  0x000000010fcccfac: 55b6 c115 | 8083 42f9 | 9f83 02f9 | 9f87 02f9 | fd7b 43a9 | ff03 0191 

  0x000000010fcccfc4: ;   {runtime_call unwind_exception Runtime1 stub}
  0x000000010fcccfc4: cff4 c415 
[Stub Code]
  0x000000010fcccfc8: ;   {no_reloc}
  0x000000010fcccfc8: df3f 03d5 

  0x000000010fcccfcc: ;   {metadata(nullptr)}
  0x000000010fcccfcc: 0c00 80d2 | 0c00 a0f2 | 0c00 c0f2 | 0800 80d2 | 0800 a0f2 | 0800 c0f2 | 0001 1fd6 

  0x000000010fcccfe8: ;   {trampoline_stub}
  0x000000010fcccfe8: 4800 0058 | 0001 1fd6 | 8044 d316 | 0100 0000 

  0x000000010fcccff8: ;   {static_stub}
  0x000000010fcccff8: df3f 03d5 

  0x000000010fcccffc: ;   {metadata(nullptr)}
  0x000000010fcccffc: 0c00 80d2 | 0c00 a0f2 | 0c00 c0f2 | 0800 80d2 | 0800 a0f2 | 0800 c0f2 | 0001 1fd6 

  0x000000010fccd018: ;   {trampoline_stub}
  0x000000010fccd018: 4800 0058 | 0001 1fd6 | 609a e216 | 0100 0000 

  0x000000010fccd028: ;   {trampoline_stub}
  0x000000010fccd028: 4800 0058 | 0001 1fd6 | 40c9 d20f | 0100 0000 

  0x000000010fccd038: ;   {trampoline_stub}
  0x000000010fccd038: 4800 0058 | 0001 1fd6 | 8041 d316 | 0100 0000 

  0x000000010fccd048: ;   {static_stub}
  0x000000010fccd048: df3f 03d5 

  0x000000010fccd04c: ;   {metadata({method} {0x0000000129269b08} 'finishedDispatching' '(Z)V' in 'java/awt/event/InvocationEvent')}
  0x000000010fccd04c: 0c61 93d2 | cc24 a5f2 | 2c00 c0f2 | 084b 92d2 | 68da a2f2 | 2800 c0f2 | 0001 1fd6 
[Exception Handler]
  0x000000010fccd068: ;   {runtime_call handle_exception_from_callee Runtime1 stub}
  0x000000010fccd068: e600 c595 | c1d5 bbd4 | fe8a b306 | 0100 0000 
[Deopt Handler Code]
  0x000000010fccd078: 1e00 0010 

  0x000000010fccd07c: ;   {runtime_call DeoptimizationBlob}
  0x000000010fccd07c: f1b6 c115 
[/MachCode]


---------------  P R O C E S S  ---------------

Threads class SMR info:
_java_thread_list=0x0000000968927840, length=38, elements={
0x0000000100a6cc40, 0x0000000966d08000, 0x0000000966d08700, 0x0000000966d08e00,
0x0000000966d09500, 0x0000000966d09c00, 0x0000000100a8b3e0, 0x0000000100a8bbe0,
0x0000000966d0a300, 0x0000000966d0aa00, 0x0000000966ff5c00, 0x0000000966ff6300,
0x00000009648c8700, 0x00000009648c8e00, 0x00000009648c9500, 0x00000009648ca300,
0x00000009648caa00, 0x00000009648cb800, 0x00000009649b6300, 0x00000009649b6a00,
0x0000000964a75c00, 0x0000000964b85500, 0x0000000963b7ce00, 0x0000000963b7d500,
0x00000009637b2300, 0x00000009637b2a00, 0x0000000962bef100, 0x0000000962bef800,
0x0000000965450000, 0x0000000965450700, 0x0000000965450e00, 0x0000000965451500,
0x0000000965451c00, 0x0000000965452300, 0x0000000965453100, 0x0000000965453800,
0x0000000962681c00, 0x00000009627a7100
}

Java Threads: ( => current thread )
  0x0000000100a6cc40 JavaThread "main"                              [_thread_blocked, id=4867, stack(0x000000016fb34000,0x000000016fd37000) (2060K)]
  0x0000000966d08000 JavaThread "Reference Handler"          daemon [_thread_blocked, id=25603, stack(0x0000000170cac000,0x0000000170eaf000) (2060K)]
  0x0000000966d08700 JavaThread "Finalizer"                  daemon [_thread_blocked, id=30979, stack(0x0000000170eb8000,0x00000001710bb000) (2060K)]
  0x0000000966d08e00 JavaThread "Signal Dispatcher"          daemon [_thread_blocked, id=30723, stack(0x00000001710c4000,0x00000001712c7000) (2060K)]
  0x0000000966d09500 JavaThread "Service Thread"             daemon [_thread_blocked, id=26371, stack(0x00000001712d0000,0x00000001714d3000) (2060K)]
  0x0000000966d09c00 JavaThread "Monitor Deflation Thread"   daemon [_thread_blocked, id=29955, stack(0x00000001714dc000,0x00000001716df000) (2060K)]
  0x0000000100a8b3e0 JavaThread "C2 CompilerThread0"         daemon [_thread_blocked, id=29443, stack(0x00000001716e8000,0x00000001718eb000) (2060K)]
  0x0000000100a8bbe0 JavaThread "C1 CompilerThread0"         daemon [_thread_blocked, id=26627, stack(0x00000001718f4000,0x0000000171af7000) (2060K)]
  0x0000000966d0a300 JavaThread "Notification Thread"        daemon [_thread_blocked, id=28931, stack(0x0000000171b00000,0x0000000171d03000) (2060K)]
  0x0000000966d0aa00 JavaThread "Common-Cleaner"             daemon [_thread_blocked, id=28419, stack(0x0000000171d0c000,0x0000000171f0f000) (2060K)]
  0x0000000966ff5c00 JavaThread "AppKit Thread"              daemon [_thread_in_native, id=259, stack(0x000000016f2ac000,0x000000016faa8000) (8176K)]
  0x0000000966ff6300 JavaThread "AWT-Shutdown"                      [_thread_blocked, id=58635, stack(0x00000001722c8000,0x00000001724cb000) (2060K)]
  0x00000009648c8700 JavaThread "DefaultDispatcher-worker-1" daemon [_thread_blocked, id=81171, stack(0x0000000171f18000,0x000000017211b000) (2060K)]
  0x00000009648c8e00 JavaThread "DefaultDispatcher-worker-2" daemon [_thread_blocked, id=69391, stack(0x00000001724d4000,0x00000001726d7000) (2060K)]
  0x00000009648c9500 JavaThread "DefaultDispatcher-worker-3" daemon [_thread_blocked, id=70155, stack(0x00000001726e0000,0x00000001728e3000) (2060K)]
  0x00000009648ca300 JavaThread "Reference Cleaner"          daemon [_thread_blocked, id=71171, stack(0x00000001728ec000,0x0000000172aef000) (2060K)]
  0x00000009648caa00 JavaThread "kotlinx.coroutines.DefaultExecutor" daemon [_thread_blocked, id=71427, stack(0x0000000172af8000,0x0000000172cfb000) (2060K)]
=>0x00000009648cb800 JavaThread "AWT-EventQueue-0"                  [_thread_in_native, id=79107, stack(0x0000000172d04000,0x0000000172f07000) (2060K)]
  0x00000009649b6300 JavaThread "Java2D Queue Flusher"       daemon [_thread_blocked, id=76299, stack(0x0000000173d64000,0x0000000173f67000) (2060K)]
  0x00000009649b6a00 JavaThread "Java2D Disposer"            daemon [_thread_blocked, id=75523, stack(0x0000000173f70000,0x0000000174173000) (2060K)]
  0x0000000964a75c00 JavaThread "TimerQueue"                 daemon [_thread_blocked, id=75267, stack(0x000000017417c000,0x000000017437f000) (2060K)]
  0x0000000964b85500 JavaThread "skiko-dispatcher-to-block-on" daemon [_thread_blocked, id=125955, stack(0x00000001744a0000,0x00000001746a3000) (2060K)]
  0x0000000963b7ce00 JavaThread "DefaultDispatcher-worker-4" daemon [_thread_blocked, id=92515, stack(0x00000001748b8000,0x0000000174abb000) (2060K)]
  0x0000000963b7d500 JavaThread "DefaultDispatcher-worker-5" daemon [_thread_blocked, id=89967, stack(0x0000000174ac4000,0x0000000174cc7000) (2060K)]
  0x00000009637b2300 JavaThread "DefaultDispatcher-worker-6" daemon [_thread_blocked, id=93211, stack(0x0000000174cd0000,0x0000000174ed3000) (2060K)]
  0x00000009637b2a00 JavaThread "DefaultDispatcher-worker-7" daemon [_thread_in_native, id=93443, stack(0x0000000174edc000,0x00000001750df000) (2060K)]
  0x0000000962bef100 JavaThread "DefaultDispatcher-worker-8" daemon [_thread_blocked, id=118883, stack(0x0000000175174000,0x0000000175377000) (2060K)]
  0x0000000962bef800 JavaThread "DefaultDispatcher-worker-9" daemon [_thread_blocked, id=99379, stack(0x0000000175380000,0x0000000175583000) (2060K)]
  0x0000000965450000 JavaThread "DefaultDispatcher-worker-10" daemon [_thread_blocked, id=99587, stack(0x000000017558c000,0x000000017578f000) (2060K)]
  0x0000000965450700 JavaThread "DefaultDispatcher-worker-14" daemon [_thread_blocked, id=116739, stack(0x0000000175798000,0x000000017599b000) (2060K)]
  0x0000000965450e00 JavaThread "DefaultDispatcher-worker-12" daemon [_thread_blocked, id=116227, stack(0x00000001759a4000,0x0000000175ba7000) (2060K)]
  0x0000000965451500 JavaThread "DefaultDispatcher-worker-13" daemon [_thread_in_native, id=100099, stack(0x0000000175bb0000,0x0000000175db3000) (2060K)]
  0x0000000965451c00 JavaThread "DefaultDispatcher-worker-15" daemon [_thread_blocked, id=115715, stack(0x0000000175dbc000,0x0000000175fbf000) (2060K)]
  0x0000000965452300 JavaThread "DefaultDispatcher-worker-16" daemon [_thread_blocked, id=97839, stack(0x0000000175fc8000,0x00000001761cb000) (2060K)]
  0x0000000965453100 JavaThread "DefaultDispatcher-worker-11" daemon [_thread_blocked, id=115203, stack(0x00000001761d4000,0x00000001763d7000) (2060K)]
  0x0000000965453800 JavaThread "DefaultDispatcher-worker-17" daemon [_thread_blocked, id=98331, stack(0x00000001763e0000,0x00000001765e3000) (2060K)]
  0x0000000962681c00 JavaThread "skiko-dispatcher-to-block-on" daemon [_thread_blocked, id=118107, stack(0x00000001765ec000,0x00000001767ef000) (2060K)]
  0x00000009627a7100 JavaThread "SpelaAudio"                 daemon [_thread_blocked, id=121735, stack(0x00000001767f8000,0x00000001769fb000) (2060K)]
Total: 38

Other Threads:
  0x0000000966c65400 VMThread "VM Thread"                           [id=17667, stack(0x0000000170988000,0x0000000170b8b000) (2060K)]
  0x0000000100a7f480 WatcherThread "VM Periodic Task Thread"        [id=20995, stack(0x000000017077c000,0x000000017097f000) (2060K)]
  0x0000000100a75650 WorkerThread "GC Thread#0"                     [id=12291, stack(0x000000016fd40000,0x000000016ff43000) (2060K)]
  0x000000096496cc00 WorkerThread "GC Thread#1"                     [id=71939, stack(0x0000000172f10000,0x0000000173113000) (2060K)]
  0x000000096496d000 WorkerThread "GC Thread#2"                     [id=78595, stack(0x000000017311c000,0x000000017331f000) (2060K)]
  0x000000096496d400 WorkerThread "GC Thread#3"                     [id=78339, stack(0x0000000173328000,0x000000017352b000) (2060K)]
  0x000000096496d800 WorkerThread "GC Thread#4"                     [id=77827, stack(0x0000000173534000,0x0000000173737000) (2060K)]
  0x000000096496dc00 WorkerThread "GC Thread#5"                     [id=77315, stack(0x0000000173740000,0x0000000173943000) (2060K)]
  0x000000096496e000 WorkerThread "GC Thread#6"                     [id=72707, stack(0x000000017394c000,0x0000000173b4f000) (2060K)]
  0x000000096496e400 WorkerThread "GC Thread#7"                     [id=76803, stack(0x0000000173b58000,0x0000000173d5b000) (2060K)]
  0x0000000100a766e0 ConcurrentGCThread "G1 Main Marker"            [id=14083, stack(0x000000016ff4c000,0x000000017014f000) (2060K)]
  0x0000000100a77180 WorkerThread "G1 Conc#0"                       [id=13315, stack(0x0000000170158000,0x000000017035b000) (2060K)]
  0x00000009638b4400 WorkerThread "G1 Conc#1"                       [id=90939, stack(0x00000001746ac000,0x00000001748af000) (2060K)]
  0x0000000100a79e80 ConcurrentGCThread "G1 Refine#0"               [id=13059, stack(0x0000000170364000,0x0000000170567000) (2060K)]
  0x0000000966c64000 ConcurrentGCThread "G1 Service"                [id=21507, stack(0x0000000170570000,0x0000000170773000) (2060K)]
Total: 15

Threads with active compile tasks:
Total: 0

VM state: not at safepoint (normal execution)

VM Mutex/Monitor currently owned by a thread: None

Heap address: 0x0000000480000000, size: 6144 MB, Compressed Oops mode: Zero based, Oop shift amount: 3

CDS archive(s) mapped at: [0x000000d800000000-0x000000d800c94000-0x000000d800c94000), size 13189120, SharedBaseAddress: 0x000000d800000000, ArchiveRelocationMode: 1.
Compressed class space mapped at: 0x000000d801000000-0x000000d841000000, reserved size: 1073741824
Narrow klass base: 0x000000d800000000, Narrow klass shift: 0, Narrow klass range: 0x100000000

GC Precious Log:
 CardTable entry size: 512
 Card Set container configuration: InlinePtr #cards 4 size 8 Array Of Cards #cards 32 size 80 Howl #buckets 8 coarsen threshold 7372 Howl Bitmap #cards 1024 size 144 coarsen threshold 921 Card regions per heap region 1 cards per card region 8192
 CPUs: 8 total, 8 available
 Memory: 24576M
 Large Page Support: Disabled
 NUMA Support: Disabled
 Compressed Oops: Enabled (Zero based)
 Heap Region Size: 4M
 Heap Min Capacity: 8M
 Heap Initial Capacity: 384M
 Heap Max Capacity: 6G
 Pre-touch: Disabled
 Parallel Workers: 8
 Concurrent Workers: 2
 Concurrent Refinement Workers: 8
 Periodic GC: Disabled

Heap:
 garbage-first heap   total 221184K, used 14003K [0x0000000480000000, 0x0000000600000000)
  region size 4096K, 3 young (12288K), 2 survivors (8192K)
 Metaspace       used 42587K, committed 43264K, reserved 1114112K
  class space    used 4524K, committed 4800K, reserved 1048576K

Heap Regions: E=young(eden), S=young(survivor), O=old, HS=humongous(starts), HC=humongous(continues), CS=collection set, F=free, TAMS=top-at-mark-start, PB=parsable bottom
|   0|0x0000000480000000, 0x0000000480400000, 0x0000000480400000|100%| O|  |TAMS 0x0000000480000000| PB 0x0000000480000000| Untracked 
|   1|0x0000000480400000, 0x0000000480400000, 0x0000000480800000|  0%| F|  |TAMS 0x0000000480400000| PB 0x0000000480400000| Untracked 
|   2|0x0000000480800000, 0x0000000480b5e520, 0x0000000480c00000| 84%| O|Cm|TAMS 0x0000000480800000| PB 0x0000000480800000| Complete 
|   3|0x0000000480c00000, 0x0000000480c00000, 0x0000000481000000|  0%| F|  |TAMS 0x0000000480c00000| PB 0x0000000480c00000| Untracked 
|   4|0x0000000481000000, 0x0000000481000000, 0x0000000481400000|  0%| F|  |TAMS 0x0000000481000000| PB 0x0000000481000000| Untracked 
|   5|0x0000000481400000, 0x0000000481400000, 0x0000000481800000|  0%| F|  |TAMS 0x0000000481400000| PB 0x0000000481400000| Untracked 
|   6|0x0000000481800000, 0x0000000481800000, 0x0000000481c00000|  0%| F|  |TAMS 0x0000000481800000| PB 0x0000000481800000| Untracked 
|   7|0x0000000481c00000, 0x0000000481c00000, 0x0000000482000000|  0%| F|  |TAMS 0x0000000481c00000| PB 0x0000000481c00000| Untracked 
|   8|0x0000000482000000, 0x0000000482400000, 0x0000000482400000|100%| S|CS|TAMS 0x0000000482000000| PB 0x0000000482000000| Complete 
|   9|0x0000000482400000, 0x000000048264e920, 0x0000000482800000| 57%| S|CS|TAMS 0x0000000482400000| PB 0x0000000482400000| Complete 
|  10|0x0000000482800000, 0x0000000482800000, 0x0000000482c00000|  0%| F|  |TAMS 0x0000000482800000| PB 0x0000000482800000| Untracked 
|  11|0x0000000482c00000, 0x0000000482c00000, 0x0000000483000000|  0%| F|  |TAMS 0x0000000482c00000| PB 0x0000000482c00000| Untracked 
|  12|0x0000000483000000, 0x0000000483000000, 0x0000000483400000|  0%| F|  |TAMS 0x0000000483000000| PB 0x0000000483000000| Untracked 
|  13|0x0000000483400000, 0x0000000483400000, 0x0000000483800000|  0%| F|  |TAMS 0x0000000483400000| PB 0x0000000483400000| Untracked 
|  14|0x0000000483800000, 0x0000000483800000, 0x0000000483c00000|  0%| F|  |TAMS 0x0000000483800000| PB 0x0000000483800000| Untracked 
|  15|0x0000000483c00000, 0x0000000483c00000, 0x0000000484000000|  0%| F|  |TAMS 0x0000000483c00000| PB 0x0000000483c00000| Untracked 
|  16|0x0000000484000000, 0x0000000484000000, 0x0000000484400000|  0%| F|  |TAMS 0x0000000484000000| PB 0x0000000484000000| Untracked 
|  17|0x0000000484400000, 0x0000000484400000, 0x0000000484800000|  0%| F|  |TAMS 0x0000000484400000| PB 0x0000000484400000| Untracked 
|  18|0x0000000484800000, 0x0000000484800000, 0x0000000484c00000|  0%| F|  |TAMS 0x0000000484800000| PB 0x0000000484800000| Untracked 
|  19|0x0000000484c00000, 0x0000000484c00000, 0x0000000485000000|  0%| F|  |TAMS 0x0000000484c00000| PB 0x0000000484c00000| Untracked 
|  20|0x0000000485000000, 0x0000000485000000, 0x0000000485400000|  0%| F|  |TAMS 0x0000000485000000| PB 0x0000000485000000| Untracked 
|  21|0x0000000485400000, 0x0000000485400000, 0x0000000485800000|  0%| F|  |TAMS 0x0000000485400000| PB 0x0000000485400000| Untracked 
|  22|0x0000000485800000, 0x0000000485800000, 0x0000000485c00000|  0%| F|  |TAMS 0x0000000485800000| PB 0x0000000485800000| Untracked 
|  23|0x0000000485c00000, 0x0000000485c00000, 0x0000000486000000|  0%| F|  |TAMS 0x0000000485c00000| PB 0x0000000485c00000| Untracked 
|  24|0x0000000486000000, 0x0000000486000000, 0x0000000486400000|  0%| F|  |TAMS 0x0000000486000000| PB 0x0000000486000000| Untracked 
|  25|0x0000000486400000, 0x0000000486400000, 0x0000000486800000|  0%| F|  |TAMS 0x0000000486400000| PB 0x0000000486400000| Untracked 
|  26|0x0000000486800000, 0x0000000486800000, 0x0000000486c00000|  0%| F|  |TAMS 0x0000000486800000| PB 0x0000000486800000| Untracked 
|  27|0x0000000486c00000, 0x0000000486c00000, 0x0000000487000000|  0%| F|  |TAMS 0x0000000486c00000| PB 0x0000000486c00000| Untracked 
|  28|0x0000000487000000, 0x0000000487000000, 0x0000000487400000|  0%| F|  |TAMS 0x0000000487000000| PB 0x0000000487000000| Untracked 
|  29|0x0000000487400000, 0x0000000487400000, 0x0000000487800000|  0%| F|  |TAMS 0x0000000487400000| PB 0x0000000487400000| Untracked 
|  30|0x0000000487800000, 0x0000000487800000, 0x0000000487c00000|  0%| F|  |TAMS 0x0000000487800000| PB 0x0000000487800000| Untracked 
|  31|0x0000000487c00000, 0x0000000487c00000, 0x0000000488000000|  0%| F|  |TAMS 0x0000000487c00000| PB 0x0000000487c00000| Untracked 
|  32|0x0000000488000000, 0x0000000488000000, 0x0000000488400000|  0%| F|  |TAMS 0x0000000488000000| PB 0x0000000488000000| Untracked 
|  33|0x0000000488400000, 0x0000000488400000, 0x0000000488800000|  0%| F|  |TAMS 0x0000000488400000| PB 0x0000000488400000| Untracked 
|  34|0x0000000488800000, 0x0000000488800000, 0x0000000488c00000|  0%| F|  |TAMS 0x0000000488800000| PB 0x0000000488800000| Untracked 
|  35|0x0000000488c00000, 0x0000000488c00000, 0x0000000489000000|  0%| F|  |TAMS 0x0000000488c00000| PB 0x0000000488c00000| Untracked 
|  36|0x0000000489000000, 0x0000000489000000, 0x0000000489400000|  0%| F|  |TAMS 0x0000000489000000| PB 0x0000000489000000| Untracked 
|  37|0x0000000489400000, 0x0000000489400000, 0x0000000489800000|  0%| F|  |TAMS 0x0000000489400000| PB 0x0000000489400000| Untracked 
|  38|0x0000000489800000, 0x0000000489800000, 0x0000000489c00000|  0%| F|  |TAMS 0x0000000489800000| PB 0x0000000489800000| Untracked 
|  39|0x0000000489c00000, 0x0000000489c00000, 0x000000048a000000|  0%| F|  |TAMS 0x0000000489c00000| PB 0x0000000489c00000| Untracked 
|  40|0x000000048a000000, 0x000000048a000000, 0x000000048a400000|  0%| F|  |TAMS 0x000000048a000000| PB 0x000000048a000000| Untracked 
|  41|0x000000048a400000, 0x000000048a400000, 0x000000048a800000|  0%| F|  |TAMS 0x000000048a400000| PB 0x000000048a400000| Untracked 
|  42|0x000000048a800000, 0x000000048a800000, 0x000000048ac00000|  0%| F|  |TAMS 0x000000048a800000| PB 0x000000048a800000| Untracked 
|  43|0x000000048ac00000, 0x000000048ac00000, 0x000000048b000000|  0%| F|  |TAMS 0x000000048ac00000| PB 0x000000048ac00000| Untracked 
|  44|0x000000048b000000, 0x000000048b000000, 0x000000048b400000|  0%| F|  |TAMS 0x000000048b000000| PB 0x000000048b000000| Untracked 
|  45|0x000000048b400000, 0x000000048b400000, 0x000000048b800000|  0%| F|  |TAMS 0x000000048b400000| PB 0x000000048b400000| Untracked 
|  46|0x000000048b800000, 0x000000048b800000, 0x000000048bc00000|  0%| F|  |TAMS 0x000000048b800000| PB 0x000000048b800000| Untracked 
|  47|0x000000048bc00000, 0x000000048bc00000, 0x000000048c000000|  0%| F|  |TAMS 0x000000048bc00000| PB 0x000000048bc00000| Untracked 
|  48|0x000000048c000000, 0x000000048c000000, 0x000000048c400000|  0%| F|  |TAMS 0x000000048c000000| PB 0x000000048c000000| Untracked 
|  49|0x000000048c400000, 0x000000048c400000, 0x000000048c800000|  0%| F|  |TAMS 0x000000048c400000| PB 0x000000048c400000| Untracked 
|  50|0x000000048c800000, 0x000000048c800000, 0x000000048cc00000|  0%| F|  |TAMS 0x000000048c800000| PB 0x000000048c800000| Untracked 
|  51|0x000000048cc00000, 0x000000048cc00000, 0x000000048d000000|  0%| F|  |TAMS 0x000000048cc00000| PB 0x000000048cc00000| Untracked 
|  95|0x0000000497c00000, 0x0000000497c00000, 0x0000000498000000|  0%| F|  |TAMS 0x0000000497c00000| PB 0x0000000497c00000| Untracked 
|1535|0x00000005ffc00000, 0x00000005fff466d8, 0x0000000600000000| 81%| E|  |TAMS 0x00000005ffc00000| PB 0x00000005ffc00000| Complete 

Card table byte_map: [0x000000011e7c4000,0x000000011f3c4000] _byte_map_base: 0x000000011c3c4000

Marking Bits: (CMBitMap*) 0x0000000100a75f00
 Bits: [0x0000000122604000, 0x0000000128604000)

Polling page: 0x0000000100384000

Metaspace:

Usage:
  Non-class:     37.17 MB used.
      Class:      4.42 MB used.
       Both:     41.59 MB used.

Virtual space:
  Non-class space:       64.00 MB reserved,      37.56 MB ( 59%) committed,  1 nodes.
      Class space:        1.00 GB reserved,       4.69 MB ( <1%) committed,  1 nodes.
             Both:        1.06 GB reserved,      42.25 MB (  4%) committed. 

Chunk freelists:
   Non-Class:  9.94 MB
       Class:  11.37 MB
        Both:  21.31 MB

MaxMetaspaceSize: unlimited
CompressedClassSpaceSize: 1.00 GB
Initial GC threshold: 21.00 MB
Current GC threshold: 59.38 MB
CDS: on
 - commit_granule_bytes: 65536.
 - commit_granule_words: 8192.
 - virtual_space_node_default_size: 8388608.
 - enlarge_chunks_in_place: 1.
 - use_allocation_guard: 0.


Internal statistics:

num_allocs_failed_limit: 9.
num_arena_births: 826.
num_arena_deaths: 0.
num_vsnodes_births: 2.
num_vsnodes_deaths: 0.
num_space_committed: 676.
num_space_uncommitted: 0.
num_chunks_returned_to_freelist: 9.
num_chunks_taken_from_freelist: 2274.
num_chunk_merges: 9.
num_chunk_splits: 1622.
num_chunks_enlarged: 1266.
num_inconsistent_stats: 0.

CodeHeap 'non-profiled nmethods': size=120032Kb used=1998Kb max_used=1998Kb free=118033Kb
 bounds [0x000000011728c000, 0x00000001174fc000, 0x000000011e7c4000]
CodeHeap 'profiled nmethods': size=120016Kb used=8753Kb max_used=8753Kb free=111262Kb
 bounds [0x000000010f7c4000, 0x0000000110054000, 0x0000000116cf8000]
CodeHeap 'non-nmethods': size=5712Kb used=2550Kb max_used=2581Kb free=3161Kb
 bounds [0x0000000116cf8000, 0x0000000116f88000, 0x000000011728c000]
CodeCache: size=245760Kb, used=13301Kb, max_used=13332Kb, free=232456Kb
 total_blobs=6488, nmethods=4690, adapters=1706, full_count=0
Compilation: enabled, stopped_count=0, restarted_count=0

Compilation events (20 events):
Event: 3.783 Thread 0x0000000100a8bbe0 4918       3       androidx.collection.MutableObjectIntMap::set (29 bytes)
Event: 3.783 Thread 0x0000000100a8bbe0 nmethod 4918 0x0000000110043c90 code [0x0000000110043e40, 0x00000001100441f8]
Event: 3.783 Thread 0x0000000100a8bbe0 4919       3       androidx.compose.runtime.ComposerImpl::groupCompositeKeyPart (139 bytes)
Event: 3.784 Thread 0x0000000100a8bbe0 nmethod 4919 0x0000000110044390 code [0x00000001100446c0, 0x0000000110045448]
Event: 3.784 Thread 0x0000000100a8bbe0 4921       3       androidx.compose.runtime.ComposerImpl::recordUpsAndDowns (68 bytes)
Event: 3.784 Thread 0x0000000100a8bbe0 nmethod 4921 0x0000000110045810 code [0x0000000110045a40, 0x0000000110045ee8]
Event: 3.784 Thread 0x0000000100a8bbe0 4920       1       androidx.compose.ui.unit.Dp::unbox-impl (5 bytes)
Event: 3.784 Thread 0x0000000100a8bbe0 nmethod 4920 0x000000011747ce90 code [0x000000011747d000, 0x000000011747d0a8]
Event: 3.784 Thread 0x0000000100a8b3e0 4922       4       jdk.internal.org.objectweb.asm.AnnotationWriter::putAnnotations (67 bytes)
Event: 3.784 Thread 0x0000000100a8b3e0 nmethod 4922 0x000000011747d190 code [0x000000011747d340, 0x000000011747d518]
Event: 3.785 Thread 0x0000000100a8bbe0 4923       1       androidx.compose.runtime.SlotWriter::access$getAnchors$p (5 bytes)
Event: 3.785 Thread 0x0000000100a8bbe0 nmethod 4923 0x000000011747d690 code [0x000000011747d800, 0x000000011747d8a0]
Event: 3.785 Thread 0x0000000100a8b3e0 4924       4       java.lang.invoke.MemberName::getMethodOrFieldType (72 bytes)
Event: 3.786 Thread 0x0000000100a8bbe0 4927       3       java.lang.invoke.InvokerBytecodeGenerator::loadMethod (39 bytes)
Event: 3.786 Thread 0x0000000100a8bbe0 nmethod 4927 0x0000000110046190 code [0x00000001100463c0, 0x0000000110046768]
Event: 3.786 Thread 0x0000000100a8bbe0 4930       3       java.lang.invoke.InvokerBytecodeGenerator::addMethod (725 bytes)
Event: 3.787 Thread 0x0000000100a8bbe0 nmethod 4930 0x0000000110046990 code [0x0000000110047100, 0x0000000110049b98]
Event: 3.787 Thread 0x0000000100a8bbe0 4931       3       java.lang.invoke.InvokerBytecodeGenerator::clinit (351 bytes)
Event: 3.788 Thread 0x0000000100a8bbe0 nmethod 4931 0x000000011004aa10 code [0x000000011004b080, 0x000000011004d8c0]
Event: 3.788 Thread 0x0000000100a8bbe0 4929       3       java.lang.invoke.InvokerBytecodeGenerator::classFilePrologue (64 bytes)

GC Heap History (14 events):
Event: 0.306 GC heap before
{Heap before GC invocations=0 (full 0):
 garbage-first heap   total 397312K, used 21536K [0x0000000480000000, 0x0000000600000000)
  region size 4096K, 5 young (20480K), 0 survivors (0K)
 Metaspace       used 5941K, committed 6144K, reserved 1114112K
  class space    used 583K, committed 704K, reserved 1048576K
}
Event: 0.307 GC heap after
{Heap after GC invocations=1 (full 0):
 garbage-first heap   total 397312K, used 5680K [0x0000000480000000, 0x0000000600000000)
  region size 4096K, 1 young (4096K), 1 survivors (4096K)
 Metaspace       used 5941K, committed 6144K, reserved 1114112K
  class space    used 583K, committed 704K, reserved 1048576K
}
Event: 0.405 GC heap before
{Heap before GC invocations=1 (full 0):
 garbage-first heap   total 397312K, used 17968K [0x0000000480000000, 0x0000000600000000)
  region size 4096K, 5 young (20480K), 1 survivors (4096K)
 Metaspace       used 11280K, committed 11520K, reserved 1114112K
  class space    used 1052K, committed 1152K, reserved 1048576K
}
Event: 0.406 GC heap after
{Heap after GC invocations=2 (full 0):
 garbage-first heap   total 397312K, used 6401K [0x0000000480000000, 0x0000000600000000)
  region size 4096K, 1 young (4096K), 1 survivors (4096K)
 Metaspace       used 11280K, committed 11520K, reserved 1114112K
  class space    used 1052K, committed 1152K, reserved 1048576K
}
Event: 0.630 GC heap before
{Heap before GC invocations=2 (full 0):
 garbage-first heap   total 397312K, used 26881K [0x0000000480000000, 0x0000000600000000)
  region size 4096K, 8 young (32768K), 1 survivors (4096K)
 Metaspace       used 21183K, committed 21504K, reserved 1114112K
  class space    used 2207K, committed 2368K, reserved 1048576K
}
Event: 0.632 GC heap after
{Heap after GC invocations=3 (full 0):
 garbage-first heap   total 397312K, used 7625K [0x0000000480000000, 0x0000000600000000)
  region size 4096K, 1 young (4096K), 1 survivors (4096K)
 Metaspace       used 21183K, committed 21504K, reserved 1114112K
  class space    used 2207K, committed 2368K, reserved 1048576K
}
Event: 1.255 GC heap before
{Heap before GC invocations=4 (full 0):
 garbage-first heap   total 57344K, used 48585K [0x0000000480000000, 0x0000000600000000)
  region size 4096K, 11 young (45056K), 1 survivors (4096K)
 Metaspace       used 31154K, committed 31552K, reserved 1114112K
  class space    used 3292K, committed 3456K, reserved 1048576K
}
Event: 1.258 GC heap after
{Heap after GC invocations=5 (full 0):
 garbage-first heap   total 65536K, used 10292K [0x0000000480000000, 0x0000000600000000)
  region size 4096K, 2 young (8192K), 2 survivors (8192K)
 Metaspace       used 31154K, committed 31552K, reserved 1114112K
  class space    used 3292K, committed 3456K, reserved 1048576K
}
Event: 1.445 GC heap before
{Heap before GC invocations=5 (full 0):
 garbage-first heap   total 65536K, used 34868K [0x0000000480000000, 0x0000000600000000)
  region size 4096K, 9 young (36864K), 2 survivors (8192K)
 Metaspace       used 35561K, committed 36096K, reserved 1114112K
  class space    used 3797K, committed 4032K, reserved 1048576K
}
Event: 1.450 GC heap after
{Heap after GC invocations=6 (full 0):
 garbage-first heap   total 65536K, used 11424K [0x0000000480000000, 0x0000000600000000)
  region size 4096K, 2 young (8192K), 2 survivors (8192K)
 Metaspace       used 35561K, committed 36096K, reserved 1114112K
  class space    used 3797K, committed 4032K, reserved 1048576K
}
Event: 1.462 GC heap before
{Heap before GC invocations=6 (full 0):
 garbage-first heap   total 65536K, used 11424K [0x0000000480000000, 0x0000000600000000)
  region size 4096K, 3 young (12288K), 2 survivors (8192K)
 Metaspace       used 35934K, committed 36416K, reserved 1114112K
  class space    used 3849K, committed 4032K, reserved 1048576K
}
Event: 1.465 GC heap after
{Heap after GC invocations=7 (full 0):
 garbage-first heap   total 65536K, used 11641K [0x0000000480000000, 0x0000000600000000)
  region size 4096K, 1 young (4096K), 1 survivors (4096K)
 Metaspace       used 35934K, committed 36416K, reserved 1114112K
  class space    used 3849K, committed 4032K, reserved 1048576K
}
Event: 3.703 GC heap before
{Heap before GC invocations=8 (full 0):
 garbage-first heap   total 40960K, used 40313K [0x0000000480000000, 0x0000000600000000)
  region size 4096K, 8 young (32768K), 1 survivors (4096K)
 Metaspace       used 42033K, committed 42624K, reserved 1114112K
  class space    used 4452K, committed 4672K, reserved 1048576K
}
Event: 3.705 GC heap after
{Heap after GC invocations=9 (full 0):
 garbage-first heap   total 221184K, used 14003K [0x0000000480000000, 0x0000000600000000)
  region size 4096K, 2 young (8192K), 2 survivors (8192K)
 Metaspace       used 42033K, committed 42624K, reserved 1114112K
  class space    used 4452K, committed 4672K, reserved 1048576K
}

Dll operation events (15 events):
Event: 0.003 Loaded shared library /Users/mattias800/Library/Java/JavaVirtualMachines/ms-21.0.10/Contents/Home/lib/libjava.dylib
Event: 0.022 Loaded shared library /Users/mattias800/Library/Java/JavaVirtualMachines/ms-21.0.10/Contents/Home/lib/libnio.dylib
Event: 0.024 Loaded shared library /Users/mattias800/Library/Java/JavaVirtualMachines/ms-21.0.10/Contents/Home/lib/libzip.dylib
Event: 0.063 Loaded shared library /Users/mattias800/Library/Java/JavaVirtualMachines/ms-21.0.10/Contents/Home/lib/libjimage.dylib
Event: 0.067 Loaded shared library /Users/mattias800/.skiko/384a41e7bf8dcab7fe3ef7dfb14a2adf281ce448c1f711cac5e69a7b97ae2f4a/libskiko-macos-arm64.dylib
Event: 0.076 Loaded shared library /Users/mattias800/Library/Java/JavaVirtualMachines/ms-21.0.10/Contents/Home/lib/libawt.dylib
Event: 0.078 Loaded shared library /Users/mattias800/Library/Java/JavaVirtualMachines/ms-21.0.10/Contents/Home/lib/libawt_lwawt.dylib
Event: 0.086 Loaded shared library /Users/mattias800/Library/Java/JavaVirtualMachines/ms-21.0.10/Contents/Home/lib/libfontmanager.dylib
Event: 0.238 Loaded shared library /Users/mattias800/Library/Java/JavaVirtualMachines/ms-21.0.10/Contents/Home/lib/libosxui.dylib
Event: 0.617 Loaded shared library /Users/mattias800/Library/Java/JavaVirtualMachines/ms-21.0.10/Contents/Home/lib/libnet.dylib
Event: 1.063 Loaded shared library /private/var/folders/00/y_pwwndd1hj9rnmh0xwj36v80000gn/T/sqlite-3.51.0.0-c2eb77ac-11d7-42eb-90b3-4ec3377e9f53-libsqlitejdbc.dylib
Event: 1.096 Loading shared library /Users/mattias800/Library/Java/JavaVirtualMachines/ms-21.0.10/Contents/Home/lib/libspela-libretro.dylib failed, dlopen(/Users/mattias800/Library/Java/JavaVirtualMachines/ms-21.0.10/Contents/Home/lib/libspela-libretro.dylib, 0x0001):
Event: 1.096 Loading shared library /Users/mattias800/Library/Java/JavaVirtualMachines/ms-21.0.10/Contents/Home/lib/libspela-libretro.jnilib failed, dlopen(/Users/mattias800/Library/Java/JavaVirtualMachines/ms-21.0.10/Contents/Home/lib/libspela-libretro.jnilib, 0x0001
Event: 1.097 Loaded shared library /Users/mattias800/repos/spela/player/desktop/build/native/libspela-libretro.dylib
Event: 1.121 Loaded shared library /Users/mattias800/Library/Java/JavaVirtualMachines/ms-21.0.10/Contents/Home/lib/libextnet.dylib

Deoptimization events (20 events):
Event: 3.638 Thread 0x00000009648cb800 Uncommon trap: trap_request=0xffffffd6 fr.pc=0x0000000117476624 relative=0x00000000000001e4
Event: 3.638 Thread 0x00000009648cb800 Uncommon trap: reason=array_check action=maybe_recompile pc=0x0000000117476624 method=androidx.compose.runtime.collection.MutableVector.add(Ljava/lang/Object;)Z @ 36 c2
Event: 3.638 Thread 0x00000009648cb800 DEOPT PACKING pc=0x0000000117476624 sp=0x0000000172f046f0
Event: 3.638 Thread 0x00000009648cb800 DEOPT UNPACKING pc=0x0000000116d3b01c sp=0x0000000172f04680 mode 2
Event: 3.638 Thread 0x00000009648cb800 Uncommon trap: trap_request=0xffffffd6 fr.pc=0x0000000117476624 relative=0x00000000000001e4
Event: 3.638 Thread 0x00000009648cb800 Uncommon trap: reason=array_check action=maybe_recompile pc=0x0000000117476624 method=androidx.compose.runtime.collection.MutableVector.add(Ljava/lang/Object;)Z @ 36 c2
Event: 3.638 Thread 0x00000009648cb800 DEOPT PACKING pc=0x0000000117476624 sp=0x0000000172f046f0
Event: 3.638 Thread 0x00000009648cb800 DEOPT UNPACKING pc=0x0000000116d3b01c sp=0x0000000172f04680 mode 2
Event: 3.638 Thread 0x00000009648cb800 Uncommon trap: trap_request=0xffffffd6 fr.pc=0x0000000117476624 relative=0x00000000000001e4
Event: 3.638 Thread 0x00000009648cb800 Uncommon trap: reason=array_check action=maybe_recompile pc=0x0000000117476624 method=androidx.compose.runtime.collection.MutableVector.add(Ljava/lang/Object;)Z @ 36 c2
Event: 3.638 Thread 0x00000009648cb800 DEOPT PACKING pc=0x0000000117476624 sp=0x0000000172f046f0
Event: 3.638 Thread 0x00000009648cb800 DEOPT UNPACKING pc=0x0000000116d3b01c sp=0x0000000172f04680 mode 2
Event: 3.638 Thread 0x00000009648cb800 Uncommon trap: trap_request=0xffffffd6 fr.pc=0x0000000117476624 relative=0x00000000000001e4
Event: 3.638 Thread 0x00000009648cb800 Uncommon trap: reason=array_check action=maybe_recompile pc=0x0000000117476624 method=androidx.compose.runtime.collection.MutableVector.add(Ljava/lang/Object;)Z @ 36 c2
Event: 3.638 Thread 0x00000009648cb800 DEOPT PACKING pc=0x0000000117476624 sp=0x0000000172f04890
Event: 3.638 Thread 0x00000009648cb800 DEOPT UNPACKING pc=0x0000000116d3b01c sp=0x0000000172f04820 mode 2
Event: 3.772 Thread 0x00000009648cb800 Uncommon trap: trap_request=0xffffff45 fr.pc=0x0000000117474bb0 relative=0x0000000000000070
Event: 3.772 Thread 0x00000009648cb800 Uncommon trap: reason=unstable_if action=reinterpret pc=0x0000000117474bb0 method=java.security.AccessController.getContext()Ljava/security/AccessControlContext; @ 5 c2
Event: 3.772 Thread 0x00000009648cb800 DEOPT PACKING pc=0x0000000117474bb0 sp=0x0000000172f02bd0
Event: 3.772 Thread 0x00000009648cb800 DEOPT UNPACKING pc=0x0000000116d3b01c sp=0x0000000172f02b50 mode 2

Classes loaded (20 events):
Event: 1.533 Loading class java/util/AbstractList$ListItr
Event: 1.533 Loading class java/util/AbstractList$ListItr done
Event: 2.749 Loading class java/util/Collections$UnmodifiableMap$UnmodifiableEntrySet
Event: 2.749 Loading class java/util/Collections$UnmodifiableMap$UnmodifiableEntrySet done
Event: 2.749 Loading class java/util/Collections$UnmodifiableMap$UnmodifiableEntrySet$1
Event: 2.749 Loading class java/util/Collections$UnmodifiableMap$UnmodifiableEntrySet$1 done
Event: 2.749 Loading class java/util/Collections$UnmodifiableMap$UnmodifiableEntrySet$UnmodifiableEntry
Event: 2.749 Loading class java/util/Collections$UnmodifiableMap$UnmodifiableEntrySet$UnmodifiableEntry done
Event: 3.774 Loading class jdk/internal/logger/LoggerFinderLoader
Event: 3.774 Loading class jdk/internal/logger/LoggerFinderLoader done
Event: 3.774 Loading class java/io/FilePermission$1
Event: 3.774 Loading class jdk/internal/access/JavaIOFilePermissionAccess
Event: 3.774 Loading class jdk/internal/access/JavaIOFilePermissionAccess done
Event: 3.774 Loading class java/io/FilePermission$1 done
Event: 3.774 Loading class jdk/internal/logger/LoggerFinderLoader$TemporaryLoggerFinder
Event: 3.774 Loading class jdk/internal/logger/LoggerFinderLoader$TemporaryLoggerFinder done
Event: 3.774 Loading class sun/util/logging/internal/LoggingProviderImpl$JULWrapper
Event: 3.774 Loading class sun/util/logging/internal/LoggingProviderImpl$JULWrapper done
Event: 3.785 Loading class jdk/internal/event/ThreadSleepEvent
Event: 3.785 Loading class jdk/internal/event/ThreadSleepEvent done

Classes unloaded (0 events):
No events

Classes redefined (0 events):
No events

Internal exceptions (20 events):
Event: 1.571 Thread 0x0000000965451c00 Exception <a 'java/io/FileNotFoundException'{0x0000000481621b70}> (0x0000000481621b70) 
thrown [src/hotspot/share/prims/jni.cpp, line 520]
Event: 1.572 Thread 0x0000000965451c00 Exception <a 'java/io/FileNotFoundException'{0x0000000481622d00}> (0x0000000481622d00) 
thrown [src/hotspot/share/prims/jni.cpp, line 520]
Event: 1.572 Thread 0x0000000965451c00 Exception <a 'java/io/FileNotFoundException'{0x0000000481623e98}> (0x0000000481623e98) 
thrown [src/hotspot/share/prims/jni.cpp, line 520]
Event: 1.572 Thread 0x0000000965451c00 Exception <a 'java/io/FileNotFoundException'{0x0000000481625030}> (0x0000000481625030) 
thrown [src/hotspot/share/prims/jni.cpp, line 520]
Event: 1.573 Thread 0x0000000965451c00 Exception <a 'java/io/FileNotFoundException'{0x00000004816261c8}> (0x00000004816261c8) 
thrown [src/hotspot/share/prims/jni.cpp, line 520]
Event: 1.573 Thread 0x0000000965451c00 Exception <a 'java/io/FileNotFoundException'{0x0000000481627360}> (0x0000000481627360) 
thrown [src/hotspot/share/prims/jni.cpp, line 520]
Event: 1.573 Thread 0x0000000965451c00 Exception <a 'java/io/FileNotFoundException'{0x0000000481628630}> (0x0000000481628630) 
thrown [src/hotspot/share/prims/jni.cpp, line 520]
Event: 1.574 Thread 0x0000000965451c00 Exception <a 'java/io/FileNotFoundException'{0x00000004816297c8}> (0x00000004816297c8) 
thrown [src/hotspot/share/prims/jni.cpp, line 520]
Event: 2.677 Thread 0x00000009648cb800 Exception <a 'java/lang/NoSuchMethodError'{0x00000004812142d8}: 'java.lang.Object java.lang.invoke.DirectMethodHandle$Holder.invokeStatic(java.lang.Object, java.lang.Object, int, java.lang.Object, java.lang.Object)'> (0x00000004812142d8) 
thrown [src/hotspot/share/interpreter/linkResolver.cpp, line 773]
Event: 2.680 Thread 0x00000009648cb800 Exception <a 'java/lang/NoSuchMethodError'{0x00000004812734d0}: 'java.lang.Object java.lang.invoke.DirectMethodHandle$Holder.newInvokeSpecial(java.lang.Object, java.lang.Object, float)'> (0x00000004812734d0) 
thrown [src/hotspot/share/interpreter/linkResolver.cpp, line 773]
Event: 2.682 Thread 0x00000009648cb800 Exception <a 'java/lang/NoSuchMethodError'{0x0000000481290968}: 'java.lang.Object java.lang.invoke.DirectMethodHandle$Holder.invokeStatic(java.lang.Object, java.lang.Object, long, java.lang.Object)'> (0x0000000481290968) 
thrown [src/hotspot/share/interpreter/linkResolver.cpp, line 773]
Event: 2.682 Thread 0x00000009648cb800 Exception <a 'java/lang/NoSuchMethodError'{0x0000000481297548}: 'java.lang.Object java.lang.invoke.DirectMethodHandle$Holder.newInvokeSpecial(java.lang.Object, java.lang.Object, long)'> (0x0000000481297548) 
thrown [src/hotspot/share/interpreter/linkResolver.cpp, line 773]
Event: 2.682 Thread 0x00000009648cb800 Exception <a 'java/lang/NoSuchMethodError'{0x000000048129af58}: 'java.lang.Object java.lang.invoke.Invokers$Holder.linkToTargetMethod(java.lang.Object, long, java.lang.Object)'> (0x000000048129af58) 
thrown [src/hotspot/share/interpreter/linkResolver.cpp, line 773]
Event: 2.787 Thread 0x00000009648cb800 Exception <a 'java/lang/NoSuchMethodError'{0x0000000480455490}: 'java.lang.Object java.lang.invoke.DirectMethodHandle$Holder.invokeStatic(java.lang.Object, java.lang.Object, int, int, java.lang.Object)'> (0x0000000480455490) 
thrown [src/hotspot/share/interpreter/linkResolver.cpp, line 773]
Event: 2.788 Thread 0x00000009648cb800 Exception <a 'java/lang/NoSuchMethodError'{0x000000048045c678}: 'java.lang.Object java.lang.invoke.DirectMethodHandle$Holder.newInvokeSpecial(java.lang.Object, java.lang.Object, int, int)'> (0x000000048045c678) 
thrown [src/hotspot/share/interpreter/linkResolver.cpp, line 773]
Event: 2.788 Thread 0x00000009648cb800 Exception <a 'java/lang/NoSuchMethodError'{0x0000000480460ac8}: 'java.lang.Object java.lang.invoke.DirectMethodHandle$Holder.invokeSpecial(java.lang.Object, java.lang.Object, java.lang.Object, int, int)'> (0x0000000480460ac8) 
thrown [src/hotspot/share/interpreter/linkResolver.cpp, line 773]
Event: 3.780 Thread 0x00000009648cb800 Exception <a 'java/lang/NoSuchMethodError'{0x00000005ffda5768}: 'java.lang.Object java.lang.invoke.DirectMethodHandle$Holder.invokeStatic(java.lang.Object, long, java.lang.Object, java.lang.Object)'> (0x00000005ffda5768) 
thrown [src/hotspot/share/interpreter/linkResolver.cpp, line 773]
Event: 3.780 Thread 0x00000009648cb800 Exception <a 'java/lang/NoSuchMethodError'{0x00000005ffdabaf0}: 'java.lang.Object java.lang.invoke.DirectMethodHandle$Holder.newInvokeSpecial(java.lang.Object, long, java.lang.Object)'> (0x00000005ffdabaf0) 
thrown [src/hotspot/share/interpreter/linkResolver.cpp, line 773]
Event: 3.780 Thread 0x00000009648cb800 Exception <a 'java/lang/NoSuchMethodError'{0x00000005ffdaf9f8}: 'java.lang.Object java.lang.invoke.DirectMethodHandle$Holder.invokeSpecial(java.lang.Object, java.lang.Object, long, java.lang.Object)'> (0x00000005ffdaf9f8) 
thrown [src/hotspot/share/interpreter/linkResolver.cpp, line 773]
Event: 3.786 Thread 0x00000009648cb800 Exception <a 'java/lang/NoSuchMethodError'{0x00000005ffe9bb78}: 'java.lang.Object java.lang.invoke.DirectMethodHandle$Holder.newInvokeSpecial(java.lang.Object, int, java.lang.Object, int, int, java.lang.Object)'> (0x00000005ffe9bb78) 
thrown [src/hotspot/share/interpreter/linkResolver.cpp, line 773]

ZGC Phase Switch (0 events):
No events

VM Operations (20 events):
Event: 1.551 Executing safepoint VM operation: ICBufferFull
Event: 1.551 Executing safepoint VM operation: ICBufferFull done
Event: 1.595 Executing safepoint VM operation: ICBufferFull
Event: 1.595 Executing safepoint VM operation: ICBufferFull done
Event: 2.376 Executing safepoint VM operation: ICBufferFull
Event: 2.377 Executing safepoint VM operation: ICBufferFull done
Event: 2.694 Executing non-safepoint VM operation: HandshakeAllThreads (Deoptimize)
Event: 2.694 Executing non-safepoint VM operation: HandshakeAllThreads (Deoptimize) done
Event: 2.696 Executing safepoint VM operation: ICBufferFull
Event: 2.696 Executing safepoint VM operation: ICBufferFull done
Event: 2.696 Executing safepoint VM operation: ICBufferFull
Event: 2.696 Executing safepoint VM operation: ICBufferFull done
Event: 2.799 Executing safepoint VM operation: ICBufferFull
Event: 2.799 Executing safepoint VM operation: ICBufferFull done
Event: 3.242 Executing safepoint VM operation: ICBufferFull
Event: 3.242 Executing safepoint VM operation: ICBufferFull done
Event: 3.703 Executing safepoint VM operation: G1CollectForAllocation (G1 Evacuation Pause)
Event: 3.705 Executing safepoint VM operation: G1CollectForAllocation (G1 Evacuation Pause) done
Event: 3.773 Executing non-safepoint VM operation: HandshakeAllThreads (Deoptimize)
Event: 3.773 Executing non-safepoint VM operation: HandshakeAllThreads (Deoptimize) done

Memory protections (20 events):
Event: 0.345 Protecting memory [0x0000000173d64000,0x0000000173d70000] with protection modes 0
Event: 0.347 Protecting memory [0x0000000173f70000,0x0000000173f7c000] with protection modes 0
Event: 0.429 Protecting memory [0x000000017417c000,0x0000000174188000] with protection modes 0
Event: 0.580 Protecting memory [0x00000001744a0000,0x00000001744ac000] with protection modes 0
Event: 1.095 Protecting memory [0x00000001748b8000,0x00000001748c4000] with protection modes 0
Event: 1.095 Protecting memory [0x0000000174ac4000,0x0000000174ad0000] with protection modes 0
Event: 1.154 Protecting memory [0x0000000174cd0000,0x0000000174cdc000] with protection modes 0
Event: 1.155 Protecting memory [0x0000000174edc000,0x0000000174ee8000] with protection modes 0
Event: 1.345 Protecting memory [0x0000000175174000,0x0000000175180000] with protection modes 0
Event: 1.347 Protecting memory [0x0000000175380000,0x000000017538c000] with protection modes 0
Event: 1.348 Protecting memory [0x000000017558c000,0x0000000175598000] with protection modes 0
Event: 1.348 Protecting memory [0x0000000175798000,0x00000001757a4000] with protection modes 0
Event: 1.348 Protecting memory [0x00000001759a4000,0x00000001759b0000] with protection modes 0
Event: 1.358 Protecting memory [0x0000000175bb0000,0x0000000175bbc000] with protection modes 0
Event: 1.365 Protecting memory [0x0000000175dbc000,0x0000000175dc8000] with protection modes 0
Event: 1.371 Protecting memory [0x0000000175fc8000,0x0000000175fd4000] with protection modes 0
Event: 1.378 Protecting memory [0x00000001761d4000,0x00000001761e0000] with protection modes 0
Event: 1.379 Protecting memory [0x00000001763e0000,0x00000001763ec000] with protection modes 0
Event: 2.583 Protecting memory [0x00000001765ec000,0x00000001765f8000] with protection modes 0
Event: 3.785 Protecting memory [0x00000001767f8000,0x0000000176804000] with protection modes 0

Nmethod flushes (20 events):
Event: 1.472 Thread 0x0000000966c65400 flushing  nmethod 0x000000010f7f5110
Event: 1.472 Thread 0x0000000966c65400 flushing  nmethod 0x000000010f7f5c10
Event: 1.472 Thread 0x0000000966c65400 flushing  nmethod 0x000000010f7f6610
Event: 1.472 Thread 0x0000000966c65400 flushing  nmethod 0x000000010f7f8610
Event: 1.472 Thread 0x0000000966c65400 flushing  nmethod 0x000000010f7fa390
Event: 1.472 Thread 0x0000000966c65400 flushing  nmethod 0x000000010f7fa890
Event: 1.472 Thread 0x0000000966c65400 flushing  nmethod 0x000000010f7fba90
Event: 1.472 Thread 0x0000000966c65400 flushing  nmethod 0x000000010f7fbd90
Event: 1.472 Thread 0x0000000966c65400 flushing  nmethod 0x000000010f848c10
Event: 1.472 Thread 0x0000000966c65400 flushing  nmethod 0x000000010f86ae90
Event: 1.472 Thread 0x0000000966c65400 flushing  nmethod 0x000000010f834210
Event: 1.472 Thread 0x0000000966c65400 flushing  nmethod 0x000000010f836b90
Event: 1.472 Thread 0x0000000966c65400 flushing  nmethod 0x000000010f842990
Event: 1.472 Thread 0x0000000966c65400 flushing  nmethod 0x000000010f882a90
Event: 1.472 Thread 0x0000000966c65400 flushing  nmethod 0x000000010f91d390
Event: 1.472 Thread 0x0000000966c65400 flushing  nmethod 0x000000010f91d790
Event: 1.472 Thread 0x0000000966c65400 flushing  nmethod 0x000000010f94e490
Event: 1.472 Thread 0x0000000966c65400 flushing  nmethod 0x000000010f87d590
Event: 1.472 Thread 0x0000000966c65400 flushing  nmethod 0x000000010f942190
Event: 1.472 Thread 0x0000000966c65400 flushing  nmethod 0x000000010f980310

Events (20 events):
Event: 0.345 Thread 0x00000009648cb800 Thread added: 0x00000009649b6300
Event: 0.347 Thread 0x00000009648cb800 Thread added: 0x00000009649b6a00
Event: 0.429 Thread 0x00000009648cb800 Thread added: 0x0000000964a75c00
Event: 0.580 Thread 0x00000009648cb800 Thread added: 0x0000000964b85500
Event: 1.095 Thread 0x00000009648cb800 Thread added: 0x0000000963b7ce00
Event: 1.095 Thread 0x00000009648c8e00 Thread added: 0x0000000963b7d500
Event: 1.154 Thread 0x0000000963b7ce00 Thread added: 0x00000009637b2300
Event: 1.155 Thread 0x00000009648c8e00 Thread added: 0x00000009637b2a00
Event: 1.345 Thread 0x00000009648c9500 Thread added: 0x0000000962bef100
Event: 1.345 Thread 0x00000009637b2300 Thread added: 0x0000000962bef800
Event: 1.348 Thread 0x00000009637b2a00 Thread added: 0x0000000965450000
Event: 1.348 Thread 0x0000000962bef100 Thread added: 0x0000000965450700
Event: 1.348 Thread 0x0000000963b7d500 Thread added: 0x0000000965450e00
Event: 1.349 Thread 0x0000000962bef800 Thread added: 0x0000000965451500
Event: 1.362 Thread 0x0000000963b7ce00 Thread added: 0x0000000965451c00
Event: 1.367 Thread 0x00000009637b2a00 Thread added: 0x0000000965452300
Event: 1.377 Thread 0x00000009637b2300 Thread added: 0x0000000965453100
Event: 1.379 Thread 0x0000000965450000 Thread added: 0x0000000965453800
Event: 2.583 Thread 0x00000009648cb800 Thread added: 0x0000000962681c00
Event: 3.785 Thread 0x00000009648cb800 Thread added: 0x00000009627a7100


Dynamic libraries:
0x000000010039c000 	/Users/mattias800/Library/Java/JavaVirtualMachines/ms-21.0.10/Contents/Home/lib/libjli.dylib
0x00000001a236a000 	/System/Library/Frameworks/Cocoa.framework/Versions/A/Cocoa
0x00000001878b3000 	/System/Library/Frameworks/AppKit.framework/Versions/C/AppKit
0x000000018aefc000 	/System/Library/Frameworks/CoreData.framework/Versions/A/CoreData
0x0000000184cb3000 	/System/Library/Frameworks/Foundation.framework/Versions/C/Foundation
0x0000000192e3b000 	/usr/lib/libSystem.B.dylib
0x0000000188fe3000 	/System/Library/PrivateFrameworks/UIFoundation.framework/Versions/A/UIFoundation
0x00000002398c7000 	/System/Library/PrivateFrameworks/CollectionViewCore.framework/Versions/A/CollectionViewCore
0x0000000190207000 	/System/Library/PrivateFrameworks/XCTTargetBootstrap.framework/Versions/A/XCTTargetBootstrap
0x00000001957b8000 	/System/Library/PrivateFrameworks/InternationalSupport.framework/Versions/A/InternationalSupport
0x0000000195b12000 	/System/Library/PrivateFrameworks/UserActivity.framework/Versions/A/UserActivity
0x000000018b58c000 	/System/Library/PrivateFrameworks/BaseBoard.framework/Versions/A/BaseBoard
0x000000024206b000 	/System/Library/PrivateFrameworks/FrontBoard.framework/Versions/A/FrontBoard
0x000000019d1be000 	/System/Library/PrivateFrameworks/FrontBoardServices.framework/Versions/A/FrontBoardServices
0x000000027d8e8000 	/usr/lib/libRosetta.dylib
0x00000002711ed000 	/System/Library/PrivateFrameworks/UIIntelligenceSupport.framework/Versions/A/UIIntelligenceSupport
0x000000022e86a000 	/System/Library/Frameworks/SwiftUICore.framework/Versions/A/SwiftUICore
0x0000000277767000 	/System/Library/PrivateFrameworks/WritingTools.framework/Versions/A/WritingTools
0x00000002765bd000 	/System/Library/PrivateFrameworks/WindowManagement.framework/Versions/A/WindowManagement
0x0000000184912000 	/System/Library/Frameworks/SystemConfiguration.framework/Versions/A/SystemConfiguration
0x0000000194ad5000 	/usr/lib/libspindump.dylib
0x000000018919e000 	/System/Library/Frameworks/UniformTypeIdentifiers.framework/Versions/A/UniformTypeIdentifiers
0x00000001920e6000 	/usr/lib/libbsm.0.dylib
0x000000018d914000 	/usr/lib/libapp_launch_measurement.dylib
0x000000018cc1a000 	/System/Library/PrivateFrameworks/CoreAnalytics.framework/Versions/A/CoreAnalytics
0x000000018d918000 	/System/Library/PrivateFrameworks/CoreAutoLayout.framework/Versions/A/CoreAutoLayout
0x000000018f752000 	/System/Library/Frameworks/Metal.framework/Versions/A/Metal
0x0000000190b52000 	/usr/lib/liblangid.dylib
0x000000019020d000 	/System/Library/PrivateFrameworks/CoreSVG.framework/Versions/A/CoreSVG
0x0000000189bff000 	/System/Library/PrivateFrameworks/SkyLight.framework/Versions/A/SkyLight
0x0000000241da4000 	/System/Library/PrivateFrameworks/FocusEngine.framework/Versions/A/FocusEngine
0x000000018a198000 	/System/Library/Frameworks/CoreGraphics.framework/Versions/A/CoreGraphics
0x000000023f9b3000 	/System/Library/PrivateFrameworks/DesignLibrary.framework/Versions/A/DesignLibrary
0x000000019b484000 	/System/Library/Frameworks/Accelerate.framework/Versions/A/Accelerate
0x00000001948cb000 	/System/Library/PrivateFrameworks/IconServices.framework/Versions/A/IconServices
0x000000018f72a000 	/System/Library/Frameworks/IOSurface.framework/Versions/A/IOSurface
0x000000018cc4a000 	/usr/lib/libDiagnosticMessagesClient.dylib
0x0000000192d84000 	/usr/lib/libz.1.dylib
0x000000019f7a7000 	/System/Library/Frameworks/ApplicationServices.framework/Versions/A/ApplicationServices
0x00000001901f2000 	/System/Library/PrivateFrameworks/DFRFoundation.framework/Versions/A/DFRFoundation
0x0000000187102000 	/usr/lib/libicucore.A.dylib
0x0000000196d4e000 	/System/Library/Frameworks/AudioToolbox.framework/Versions/A/AudioToolbox
0x0000000195ac0000 	/System/Library/PrivateFrameworks/DataDetectorsCore.framework/Versions/A/DataDetectorsCore
0x0000000271dd3000 	/System/Library/PrivateFrameworks/UpdateCycle.framework/Versions/A/UpdateCycle
0x00000001b3978000 	/System/Library/PrivateFrameworks/TextInput.framework/Versions/A/TextInput
0x0000000189b41000 	/usr/lib/libMobileGestalt.dylib
0x000000018feee000 	/System/Library/Frameworks/Carbon.framework/Versions/A/Frameworks/HIToolbox.framework/Versions/A/HIToolbox
0x000000018d17f000 	/System/Library/Frameworks/QuartzCore.framework/Versions/A/QuartzCore
0x0000000186cdd000 	/System/Library/Frameworks/Security.framework/Versions/A/Security
0x000000019ae03000 	/System/Library/Frameworks/Carbon.framework/Versions/A/Frameworks/SpeechRecognition.framework/Versions/A/SpeechRecognition
0x000000018d5e3000 	/System/Library/PrivateFrameworks/CoreUI.framework/Versions/A/CoreUI
0x0000000186531000 	/System/Library/Frameworks/CoreAudio.framework/Versions/A/CoreAudio
0x000000018cd3e000 	/System/Library/Frameworks/DiskArbitration.framework/Versions/A/DiskArbitration
0x0000000194f92000 	/System/Library/PrivateFrameworks/MultitouchSupport.framework/Versions/A/MultitouchSupport
0x0000000189b3f000 	/usr/lib/libenergytrace.dylib
0x00000001a6ea5000 	/System/Library/PrivateFrameworks/RenderBox.framework/Versions/A/RenderBox
0x000000018775a000 	/System/Library/Frameworks/IOKit.framework/Versions/A/IOKit
0x000000019b20d000 	/System/Library/Frameworks/CoreServices.framework/Versions/A/CoreServices
0x000000018d8a5000 	/System/Library/PrivateFrameworks/PerformanceAnalysis.framework/Versions/A/PerformanceAnalysis
0x00000001e9600000 	/System/Library/Frameworks/OpenGL.framework/Versions/A/OpenGL
0x000000018d962000 	/usr/lib/libxml2.2.dylib
0x0000000191fc7000 	/System/Library/PrivateFrameworks/MobileKeyBag.framework/Versions/A/MobileKeyBag
0x0000000182fcc000 	/usr/lib/libobjc.A.dylib
0x0000000183330000 	/usr/lib/libc++.1.dylib
0x000000019b18a000 	/System/Library/Frameworks/Accessibility.framework/Versions/A/Accessibility
0x000000018a8f2000 	/System/Library/Frameworks/ColorSync.framework/Versions/A/ColorSync
0x0000000183461000 	/System/Library/Frameworks/CoreFoundation.framework/Versions/A/CoreFoundation
0x0000000190594000 	/System/Library/Frameworks/CoreImage.framework/Versions/A/CoreImage
0x0000000186304000 	/System/Library/Frameworks/CoreText.framework/Versions/A/CoreText
0x0000000228e51000 	/System/Library/Frameworks/CoreTransferable.framework/Versions/A/CoreTransferable
0x000000022938d000 	/System/Library/Frameworks/DataDetection.framework/Versions/A/DataDetection
0x00000002293a2000 	/System/Library/Frameworks/DeveloperToolsSupport.framework/Versions/A/DeveloperToolsSupport
0x000000019024b000 	/System/Library/Frameworks/ImageIO.framework/Versions/A/ImageIO
0x000000022f7df000 	/System/Library/Frameworks/Symbols.framework/Versions/A/Symbols
0x00000001b8b4c000 	/System/Library/PrivateFrameworks/AttributeGraph.framework/Versions/A/AttributeGraph
0x000000019d29d000 	/System/Library/PrivateFrameworks/BoardServices.framework/Versions/A/BoardServices
0x00000001dd1e1000 	/System/Library/PrivateFrameworks/FeatureFlags.framework/Versions/A/FeatureFlags
0x000000024af8b000 	/System/Library/PrivateFrameworks/Gestures.framework/Versions/A/Gestures
0x0000000192e40000 	/System/Library/PrivateFrameworks/SoftLinking.framework/Versions/A/SoftLinking
0x00000001c734d000 	/usr/lib/swift/libswiftAccelerate.dylib
0x00000001bd82f000 	/usr/lib/swift/libswiftCompression.dylib
0x00000001966b6000 	/usr/lib/swift/libswiftCore.dylib
0x00000001afc5c000 	/usr/lib/swift/libswiftCoreFoundation.dylib
0x00000001afcb5000 	/usr/lib/swift/libswiftCoreImage.dylib
0x000000019cf39000 	/usr/lib/swift/libswiftDispatch.dylib
0x00000001afcb6000 	/usr/lib/swift/libswiftIOKit.dylib
0x00000001bd822000 	/usr/lib/swift/libswiftMetal.dylib
0x00000001ccb30000 	/usr/lib/swift/libswiftOSLog.dylib
0x000000019fdf7000 	/usr/lib/swift/libswiftObjectiveC.dylib
0x000000027eb26000 	/usr/lib/swift/libswiftObservation.dylib
0x00000001c2ae5000 	/usr/lib/swift/libswiftQuartzCore.dylib
0x000000027ec65000 	/usr/lib/swift/libswiftSynchronization.dylib
0x00000001c733e000 	/usr/lib/swift/libswiftUniformTypeIdentifiers.dylib
0x00000001afc6e000 	/usr/lib/swift/libswiftXPC.dylib
0x000000027ec9f000 	/usr/lib/swift/libswift_Builtin_float.dylib
0x000000027eca2000 	/usr/lib/swift/libswift_Concurrency.dylib
0x000000019fdfb000 	/usr/lib/swift/libswiftos.dylib
0x00000001b370d000 	/usr/lib/swift/libswiftsimd.dylib
0x0000000193067000 	/usr/lib/libcompression.dylib
0x0000000195718000 	/System/Library/PrivateFrameworks/TextureIO.framework/Versions/A/TextureIO
0x000000018aa9e000 	/System/Library/Frameworks/ApplicationServices.framework/Versions/A/Frameworks/HIServices.framework/Versions/A/HIServices
0x0000000194554000 	/usr/lib/libate.dylib
0x0000000192e35000 	/usr/lib/system/libcache.dylib
0x0000000192df0000 	/usr/lib/system/libcommonCrypto.dylib
0x0000000192e1b000 	/usr/lib/system/libcompiler_rt.dylib
0x0000000192e10000 	/usr/lib/system/libcopyfile.dylib
0x000000018316a000 	/usr/lib/system/libcorecrypto.dylib
0x0000000183263000 	/usr/lib/system/libdispatch.dylib
0x0000000183020000 	/usr/lib/system/libdyld.dylib
0x0000000192e2b000 	/usr/lib/system/libkeymgr.dylib
0x0000000192dd3000 	/usr/lib/system/libmacho.dylib
0x00000001920be000 	/usr/lib/system/libquarantine.dylib
0x0000000192e28000 	/usr/lib/system/libremovefile.dylib
0x0000000189bc2000 	/usr/lib/system/libsystem_asl.dylib
0x00000001830f0000 	/usr/lib/system/libsystem_blocks.dylib
0x00000001832ad000 	/usr/lib/system/libsystem_c.dylib
0x0000000192e1f000 	/usr/lib/system/libsystem_collections.dylib
0x0000000190b3f000 	/usr/lib/system/libsystem_configuration.dylib
0x000000018f6f1000 	/usr/lib/system/libsystem_containermanager.dylib
0x0000000192841000 	/usr/lib/system/libsystem_coreservices.dylib
0x00000001873d4000 	/usr/lib/system/libsystem_darwin.dylib
0x000000027eff5000 	/usr/lib/system/libsystem_darwindirectory.dylib
0x0000000192e2c000 	/usr/lib/system/libsystem_dnssd.dylib
0x000000027eff9000 	/usr/lib/system/libsystem_eligibility.dylib
0x00000001832aa000 	/usr/lib/system/libsystem_featureflags.dylib
0x0000000183431000 	/usr/lib/system/libsystem_info.dylib
0x0000000192d94000 	/usr/lib/system/libsystem_m.dylib
0x0000000183217000 	/usr/lib/system/libsystem_malloc.dylib
0x0000000189b24000 	/usr/lib/system/libsystem_networkextension.dylib
0x0000000187845000 	/usr/lib/system/libsystem_notify.dylib
0x0000000190b44000 	/usr/lib/system/libsystem_sandbox.dylib
0x000000027f003000 	/usr/lib/system/libsystem_sanitizers.dylib
0x0000000192e24000 	/usr/lib/system/libsystem_secinit.dylib
0x00000001833de000 	/usr/lib/system/libsystem_kernel.dylib
0x0000000183428000 	/usr/lib/system/libsystem_platform.dylib
0x000000018341b000 	/usr/lib/system/libsystem_pthread.dylib
0x000000018b76f000 	/usr/lib/system/libsystem_symptoms.dylib
0x0000000183149000 	/usr/lib/system/libsystem_trace.dylib
0x000000027f00b000 	/usr/lib/system/libsystem_trial.dylib
0x0000000192dfe000 	/usr/lib/system/libunwind.dylib
0x00000001830f4000 	/usr/lib/system/libxpc.dylib
0x00000001833c3000 	/usr/lib/libc++abi.dylib
0x000000027e836000 	/usr/lib/libswiftPrespecialized.dylib
0x0000000192e3d000 	/usr/lib/libfakelink.dylib
0x0000000189768000 	/System/Library/Frameworks/CFNetwork.framework/Versions/A/CFNetwork
0x0000000192e91000 	/usr/lib/libarchive.2.dylib
0x0000000198f18000 	/System/Library/Frameworks/Combine.framework/Versions/A/Combine
0x00000002398ec000 	/System/Library/PrivateFrameworks/CollectionsInternal.framework/Versions/A/CollectionsInternal
0x0000000260427000 	/System/Library/PrivateFrameworks/ReflectionInternal.framework/Versions/A/ReflectionInternal
0x00000002612b3000 	/System/Library/PrivateFrameworks/RuntimeInternal.framework/Versions/A/RuntimeInternal
0x00000001acb16000 	/usr/lib/swift/libswiftDarwin.dylib
0x000000027ec6d000 	/usr/lib/swift/libswiftSystem.dylib
0x000000027ed2c000 	/usr/lib/swift/libswift_DarwinFoundation1.dylib
0x000000027ee0d000 	/usr/lib/swift/libswift_StringProcessing.dylib
0x00000001876d9000 	/System/Library/PrivateFrameworks/CoreServicesInternal.framework/Versions/A/CoreServicesInternal
0x0000000192e08000 	/usr/lib/liboah.dylib
0x000000019f245000 	/System/Library/PrivateFrameworks/DiskImages.framework/Versions/A/DiskImages
0x00000001ac5d9000 	/System/Library/Frameworks/NetFS.framework/Versions/A/NetFS
0x000000018d8dc000 	/System/Library/Frameworks/CoreServices.framework/Versions/A/Frameworks/FSEvents.framework/Versions/A/FSEvents
0x00000001873df000 	/System/Library/Frameworks/CoreServices.framework/Versions/A/Frameworks/CarbonCore.framework/Versions/A/CarbonCore
0x000000018ccb2000 	/System/Library/Frameworks/CoreServices.framework/Versions/A/Frameworks/Metadata.framework/Versions/A/Metadata
0x0000000192848000 	/System/Library/Frameworks/CoreServices.framework/Versions/A/Frameworks/OSServices.framework/Versions/A/OSServices
0x0000000192f89000 	/System/Library/Frameworks/CoreServices.framework/Versions/A/Frameworks/SearchKit.framework/Versions/A/SearchKit
0x000000018b6e9000 	/System/Library/Frameworks/CoreServices.framework/Versions/A/Frameworks/AE.framework/Versions/A/AE
0x00000001839aa000 	/System/Library/Frameworks/CoreServices.framework/Versions/A/Frameworks/LaunchServices.framework/Versions/A/LaunchServices
0x00000001943aa000 	/System/Library/Frameworks/CoreServices.framework/Versions/A/Frameworks/DictionaryServices.framework/Versions/A/DictionaryServices
0x000000018d8ea000 	/System/Library/Frameworks/CoreServices.framework/Versions/A/Frameworks/SharedFileList.framework/Versions/A/SharedFileList
0x000000019301e000 	/usr/lib/libapple_nghttp2.dylib
0x000000018b303000 	/usr/lib/libsqlite3.dylib
0x000000019f48d000 	/System/Library/PrivateFrameworks/AppSupport.framework/Versions/A/AppSupport
0x00000001973e7000 	/System/Library/Frameworks/GSS.framework/Versions/A/GSS
0x000000018b67d000 	/System/Library/PrivateFrameworks/RunningBoardServices.framework/Versions/A/RunningBoardServices
0x000000019fd85000 	/System/Library/PrivateFrameworks/StreamingZip.framework/Versions/A/StreamingZip
0x000000018b778000 	/System/Library/Frameworks/Network.framework/Versions/A/Network
0x0000000192dd7000 	/usr/lib/system/libkxld.dylib
0x0000000235196000 	/System/Library/PrivateFrameworks/AppleKeyStore.framework/Versions/A/AppleKeyStore
0x000000027d5cc000 	/usr/lib/libCoreEntitlements.dylib
0x0000000256382000 	/System/Library/PrivateFrameworks/MessageSecurity.framework/Versions/A/MessageSecurity
0x000000018b2e7000 	/System/Library/PrivateFrameworks/ProtocolBuffer.framework/Versions/A/ProtocolBuffer
0x000000019c33f000 	/System/Library/PrivateFrameworks/SymptomDiagnosticReporter.framework/Versions/A/SymptomDiagnosticReporter
0x00000001945ee000 	/System/Library/PrivateFrameworks/CrashReporterSupport.framework/Versions/A/CrashReporterSupport
0x0000000192828000 	/System/Library/PrivateFrameworks/AppleFSCompression.framework/Versions/A/AppleFSCompression
0x00000001920ce000 	/usr/lib/libcoretls.dylib
0x0000000194421000 	/usr/lib/libcoretls_cfhelpers.dylib
0x0000000193060000 	/usr/lib/libpam.2.dylib
0x0000000194493000 	/usr/lib/libxar.1.dylib
0x0000000194423000 	/System/Library/PrivateFrameworks/APFS.framework/Versions/A/APFS
0x000000026bcdf000 	/System/Library/PrivateFrameworks/SwiftASN1Internal.framework/Versions/A/SwiftASN1Internal
0x00000001944a2000 	/usr/lib/libutil.dylib
0x0000000190b4d000 	/System/Library/PrivateFrameworks/AppleSystemInfo.framework/Versions/A/AppleSystemInfo
0x0000000191db6000 	/System/Library/PrivateFrameworks/IOMobileFramebuffer.framework/Versions/A/IOMobileFramebuffer
0x00000001afb22000 	/System/Library/PrivateFrameworks/LoggingSupport.framework/Versions/A/LoggingSupport
0x000000019744a000 	/System/Library/PrivateFrameworks/MobileAsset.framework/Versions/A/MobileAsset
0x000000019c34f000 	/System/Library/PrivateFrameworks/PowerLog.framework/Versions/A/PowerLog
0x000000022e708000 	/System/Library/Frameworks/SwiftData.framework/Versions/A/SwiftData
0x000000018db0e000 	/System/Library/PrivateFrameworks/UserManagement.framework/Versions/A/UserManagement
0x0000000189693000 	/usr/lib/libboringssl.dylib
0x000000018b75d000 	/usr/lib/libdns_services.dylib
0x00000001aeb5b000 	/usr/lib/libquic.dylib
0x0000000196646000 	/usr/lib/libusrtcp.dylib
0x0000000235f89000 	/System/Library/PrivateFrameworks/AtomicsInternal.framework/Versions/A/AtomicsInternal
0x00000001d5368000 	/System/Library/PrivateFrameworks/InternalSwiftProtobuf.framework/Versions/A/InternalSwiftProtobuf
0x000000027eafd000 	/usr/lib/swift/libswiftDistributed.dylib
0x0000000190b4b000 	/System/Library/PrivateFrameworks/AggregateDictionary.framework/Versions/A/AggregateDictionary
0x0000000236719000 	/System/Library/PrivateFrameworks/BiomeLibrary.framework/Versions/A/BiomeLibrary
0x00000001be7f6000 	/System/Library/PrivateFrameworks/BiomeStreams.framework/Versions/A/BiomeStreams
0x00000001baa2d000 	/System/Library/PrivateFrameworks/BiomeFoundation.framework/Versions/A/BiomeFoundation
0x00000001c48aa000 	/System/Library/PrivateFrameworks/BiomePubSub.framework/Versions/A/BiomePubSub
0x00000001a0da9000 	/System/Library/PrivateFrameworks/ProactiveSupport.framework/Versions/A/ProactiveSupport
0x0000000194402000 	/usr/lib/liblzma.5.dylib
0x000000019f7a8000 	/System/Library/PrivateFrameworks/InternationalTextSearch.framework/Versions/A/InternationalTextSearch
0x00000001b6f4a000 	/System/Library/PrivateFrameworks/SoftwareUpdateCoreSupport.framework/Versions/A/SoftwareUpdateCoreSupport
0x00000001bf278000 	/System/Library/PrivateFrameworks/SoftwareUpdateCoreConnect.framework/Versions/A/SoftwareUpdateCoreConnect
0x000000019f343000 	/System/Library/PrivateFrameworks/RemoteServiceDiscovery.framework/Versions/A/RemoteServiceDiscovery
0x00000001b6b41000 	/System/Library/PrivateFrameworks/MSUDataAccessor.framework/Versions/A/MSUDataAccessor
0x00000001b1c7a000 	/usr/lib/libbootpolicy.dylib
0x000000019f35a000 	/System/Library/PrivateFrameworks/RemoteXPC.framework/Versions/A/RemoteXPC
0x00000001be6c2000 	/usr/lib/libFDR.dylib
0x00000001c44cb000 	/usr/lib/libamsupport.dylib
0x000000027d8e0000 	/usr/lib/libReverseProxyDevice.dylib
0x0000000234af0000 	/System/Library/PrivateFrameworks/AppleDeviceQuerySupport.framework/Versions/A/AppleDeviceQuerySupport
0x00000001c754d000 	/usr/lib/libpartition2_dynamic.dylib
0x0000000192ffa000 	/System/Library/PrivateFrameworks/AppleSauce.framework/Versions/A/AppleSauce
0x000000027d46d000 	/usr/lib/libAppleArchive.dylib
0x0000000192834000 	/usr/lib/libbz2.1.0.dylib
0x000000018cd48000 	/System/Library/Frameworks/Accelerate.framework/Versions/A/Frameworks/vImage.framework/Versions/A/vImage
0x000000019b1e7000 	/System/Library/Frameworks/Accelerate.framework/Versions/A/Frameworks/vecLib.framework/Versions/A/vecLib
0x00000001944d9000 	/System/Library/Frameworks/Accelerate.framework/Versions/A/Frameworks/vecLib.framework/Versions/A/libvMisc.dylib
0x0000000183eaa000 	/System/Library/Frameworks/Accelerate.framework/Versions/A/Frameworks/vecLib.framework/Versions/A/libBLAS.dylib
0x000000018da49000 	/System/Library/Frameworks/CoreVideo.framework/Versions/A/CoreVideo
0x0000000196fef000 	/System/Library/Frameworks/ApplicationServices.framework/Versions/A/Frameworks/ATS.framework/Versions/A/ATS
0x00000001956a1000 	/System/Library/Frameworks/ApplicationServices.framework/Versions/A/Frameworks/PrintCore.framework/Versions/A/PrintCore
0x00000001973b0000 	/System/Library/Frameworks/ApplicationServices.framework/Versions/A/Frameworks/QD.framework/Versions/A/QD
0x00000001973ab000 	/System/Library/Frameworks/ApplicationServices.framework/Versions/A/Frameworks/ColorSyncLegacy.framework/Versions/A/ColorSyncLegacy
0x0000000196fc1000 	/System/Library/Frameworks/ApplicationServices.framework/Versions/A/Frameworks/SpeechSynthesis.framework/Versions/A/SpeechSynthesis
0x000000018fc1c000 	/System/Library/PrivateFrameworks/FontServices.framework/libFontParser.dylib
0x000000019f069000 	/System/Library/PrivateFrameworks/BackBoardServices.framework/Versions/A/BackBoardServices
0x0000000236635000 	/System/Library/PrivateFrameworks/BackBoardHIDEventFoundation.framework/Versions/A/BackBoardHIDEventFoundation
0x0000000185e15000 	/System/Library/Frameworks/CoreDisplay.framework/Versions/A/CoreDisplay
0x0000000194fd8000 	/System/Library/Frameworks/VideoToolbox.framework/Versions/A/VideoToolbox
0x000000019305e000 	/System/Library/Frameworks/MetalPerformanceShaders.framework/Versions/A/MetalPerformanceShaders
0x000000025f504000 	/System/Library/PrivateFrameworks/ProDisplayLibrary.framework/Versions/A/ProDisplayLibrary
0x00000001a2e33000 	/System/Library/PrivateFrameworks/IOSurfaceAccelerator.framework/Versions/A/IOSurfaceAccelerator
0x000000018f747000 	/System/Library/PrivateFrameworks/IOAccelerator.framework/Versions/A/IOAccelerator
0x000000018fa5f000 	/System/Library/Frameworks/CoreMedia.framework/Versions/A/CoreMedia
0x0000000189bda000 	/System/Library/PrivateFrameworks/TCC.framework/Versions/A/TCC
0x0000000194f90000 	/System/Library/PrivateFrameworks/WatchdogClient.framework/Versions/A/WatchdogClient
0x00000001c4908000 	/System/Library/PrivateFrameworks/BiomeStorage.framework/Versions/A/BiomeStorage
0x0000000250f2a000 	/System/Library/PrivateFrameworks/IntelligencePlatformLibrary.framework/Versions/A/IntelligencePlatformLibrary
0x000000025e811000 	/System/Library/PrivateFrameworks/PoirotSchematizer.framework/Versions/A/PoirotSchematizer
0x0000000236f5e000 	/System/Library/PrivateFrameworks/BiomeSync.framework/Versions/A/BiomeSync
0x00000002366ff000 	/System/Library/PrivateFrameworks/BiomeDSL.framework/Versions/A/BiomeDSL
0x000000025e87b000 	/System/Library/PrivateFrameworks/PoirotUDFs.framework/Versions/A/PoirotUDFs
0x000000025e7e0000 	/System/Library/PrivateFrameworks/PoirotSQLite.framework/Versions/A/PoirotSQLite
0x000000019d7ba000 	/System/Library/PrivateFrameworks/CoreTime.framework/Versions/A/CoreTime
0x0000000192e76000 	/usr/lib/libiconv.2.dylib
0x0000000192dd2000 	/usr/lib/libcharset.1.dylib
0x000000027ed6d000 	/usr/lib/swift/libswift_RegexParser.dylib
0x0000000238567000 	/System/Library/PrivateFrameworks/CascadeSets.framework/Versions/A/CascadeSets
0x00000001975b7000 	/System/Library/PrivateFrameworks/CorePhoneNumbers.framework/Versions/A/CorePhoneNumbers
0x0000000194e5a000 	/System/Library/PrivateFrameworks/AppleJPEG.framework/Versions/A/AppleJPEG
0x0000000194846000 	/usr/lib/libexpat.1.dylib
0x0000000195574000 	/System/Library/Frameworks/ImageIO.framework/Versions/A/Resources/libPng.dylib
0x00000001955a0000 	/System/Library/Frameworks/ImageIO.framework/Versions/A/Resources/libTIFF.dylib
0x000000019568a000 	/System/Library/Frameworks/ImageIO.framework/Versions/A/Resources/libGIF.dylib
0x0000000194e9f000 	/System/Library/Frameworks/ImageIO.framework/Versions/A/Resources/libJP2.dylib
0x0000000195630000 	/System/Library/Frameworks/ImageIO.framework/Versions/A/Resources/libJPEG.dylib
0x0000000195627000 	/System/Library/Frameworks/ImageIO.framework/Versions/A/Resources/libRadiance.dylib
0x0000000247752000 	/System/Library/PrivateFrameworks/GPUCompiler.framework/Versions/32023/Libraries/libllvm-flatbuffers.dylib
0x000000024205e000 	/System/Library/PrivateFrameworks/FramePacing.framework/Versions/A/FramePacing
0x00000001e95f2000 	/System/Library/Frameworks/OpenGL.framework/Versions/A/Libraries/libCoreFSCache.dylib
0x000000024319f000 	/System/Library/PrivateFrameworks/GPUCompiler.framework/Versions/32023/Libraries/libGPUCompilerUtils.dylib
0x000000019d36a000 	/System/Library/PrivateFrameworks/GraphicsServices.framework/Versions/A/GraphicsServices
0x00000001a0f35000 	/System/Library/PrivateFrameworks/ASEProcessing.framework/Versions/A/ASEProcessing
0x00000001d0b84000 	/System/Library/PrivateFrameworks/Symbolication.framework/Versions/A/Symbolication
0x000000025e401000 	/System/Library/PrivateFrameworks/PhotosensitivityProcessing.framework/Versions/A/PhotosensitivityProcessing
0x0000000194a77000 	/System/Library/PrivateFrameworks/GraphVisualizer.framework/Versions/A/GraphVisualizer
0x00000001e9651000 	/System/Library/Frameworks/OpenGL.framework/Versions/A/Libraries/libGLU.dylib
0x00000001e9614000 	/System/Library/Frameworks/OpenGL.framework/Versions/A/Libraries/libGFXShared.dylib
0x0000000227728000 	/System/Library/Frameworks/OpenGL.framework/Versions/A/Libraries/libGL.dylib
0x00000001e961d000 	/System/Library/Frameworks/OpenGL.framework/Versions/A/Libraries/libGLImage.dylib
0x00000001e9611000 	/System/Library/Frameworks/OpenGL.framework/Versions/A/Libraries/libCVMSPluginSupport.dylib
0x00000001e95fa000 	/System/Library/Frameworks/OpenGL.framework/Versions/A/Libraries/libCoreVMClient.dylib
0x0000000241f69000 	/System/Library/PrivateFrameworks/FontServices.framework/Versions/A/FontServices
0x0000000194a87000 	/System/Library/PrivateFrameworks/OTSVG.framework/Versions/A/OTSVG
0x000000018d590000 	/System/Library/Frameworks/ApplicationServices.framework/Versions/A/Frameworks/ATS.framework/Versions/A/Resources/libFontRegistry.dylib
0x000000027ddf0000 	/usr/lib/libhvf.dylib
0x000000025b236000 	/System/Library/PrivateFrameworks/ParsingInternal.framework/Versions/A/ParsingInternal
0x0000000241f6d000 	/System/Library/PrivateFrameworks/FontServices.framework/libXTFontStaticRegistryData.dylib
0x0000000190a8c000 	/System/Library/Frameworks/MetalPerformanceShaders.framework/Versions/A/Frameworks/MPSCore.framework/Versions/A/MPSCore
0x0000000192793000 	/System/Library/Frameworks/MetalPerformanceShaders.framework/Versions/A/Frameworks/MPSImage.framework/Versions/A/MPSImage
0x0000000192171000 	/System/Library/Frameworks/MetalPerformanceShaders.framework/Versions/A/Frameworks/MPSNeuralNetwork.framework/Versions/A/MPSNeuralNetwork
0x00000001925a9000 	/System/Library/Frameworks/MetalPerformanceShaders.framework/Versions/A/Frameworks/MPSMatrix.framework/Versions/A/MPSMatrix
0x00000001923be000 	/System/Library/Frameworks/MetalPerformanceShaders.framework/Versions/A/Frameworks/MPSRayIntersector.framework/Versions/A/MPSRayIntersector
0x00000001925db000 	/System/Library/Frameworks/MetalPerformanceShaders.framework/Versions/A/Frameworks/MPSNDArray.framework/Versions/A/MPSNDArray
0x000000022b6cc000 	/System/Library/Frameworks/MetalPerformanceShaders.framework/Versions/A/Frameworks/MPSFunctions.framework/Versions/A/MPSFunctions
0x000000022b6ad000 	/System/Library/Frameworks/MetalPerformanceShaders.framework/Versions/A/Frameworks/MPSBenchmarkLoop.framework/Versions/A/MPSBenchmarkLoop
0x0000000183cc5000 	/System/Library/PrivateFrameworks/MetalTools.framework/Versions/A/MetalTools
0x00000001b4db2000 	/System/Library/PrivateFrameworks/IOAccelMemoryInfo.framework/Versions/A/IOAccelMemoryInfo
0x00000001c2edb000 	/System/Library/PrivateFrameworks/kperf.framework/Versions/A/kperf
0x00000001afc38000 	/System/Library/PrivateFrameworks/GPURawCounter.framework/Versions/A/GPURawCounter
0x000000019d6a3000 	/System/Library/PrivateFrameworks/CoreSymbolication.framework/Versions/A/CoreSymbolication
0x00000001afbaf000 	/System/Library/PrivateFrameworks/MallocStackLogging.framework/Versions/A/MallocStackLogging
0x000000019d680000 	/System/Library/PrivateFrameworks/DebugSymbols.framework/Versions/A/DebugSymbols
0x00000001c1744000 	/System/Library/PrivateFrameworks/OSAnalytics.framework/Versions/A/OSAnalytics
0x000000023fe65000 	/System/Library/PrivateFrameworks/DeviceRecovery.framework/Versions/A/DeviceRecovery
0x00000002294e7000 	/System/Library/Frameworks/ExtensionFoundation.framework/Versions/A/ExtensionFoundation
0x0000000194ac8000 	/System/Library/PrivateFrameworks/AppServerSupport.framework/Versions/A/AppServerSupport
0x0000000194745000 	/System/Library/PrivateFrameworks/PlugInKit.framework/Versions/A/PlugInKit
0x0000000191fdf000 	/System/Library/PrivateFrameworks/AssertionServices.framework/Versions/A/AssertionServices
0x000000019486b000 	/System/Library/PrivateFrameworks/IconFoundation.framework/Versions/A/IconFoundation
0x000000024de2e000 	/System/Library/PrivateFrameworks/IconRendering.framework/Versions/A/IconRendering
0x0000000261464000 	/System/Library/PrivateFrameworks/SFSymbols.framework/Versions/A/SFSymbols
0x0000000185f39000 	/System/Library/PrivateFrameworks/AudioToolboxCore.framework/Versions/A/AudioToolboxCore
0x0000000196f29000 	/System/Library/PrivateFrameworks/AudioSession.framework/Versions/A/AudioSession
0x00000001a217d000 	/System/Library/Frameworks/CoreMIDI.framework/Versions/A/CoreMIDI
0x0000000196fa8000 	/usr/lib/libAudioStatistics.dylib
0x000000018fa36000 	/System/Library/PrivateFrameworks/caulk.framework/Versions/A/caulk
0x000000019554e000 	/usr/lib/libAudioToolboxUtility.dylib
0x00000001afc3c000 	/usr/lib/swift/libswiftCoreAudio.dylib
0x00000001b63a3000 	/usr/lib/swift/libswiftCoreMIDI.dylib
0x00000001973b9000 	/System/Library/PrivateFrameworks/perfdata.framework/Versions/A/perfdata
0x00000001aec59000 	/System/Library/PrivateFrameworks/SystemPolicy.framework/Versions/A/SystemPolicy
0x000000019725e000 	/usr/lib/libSMC.dylib
0x00000001973c7000 	/usr/lib/libperfcheck.dylib
0x0000000236049000 	/System/Library/PrivateFrameworks/AudioAnalytics.framework/Versions/A/AudioAnalytics
0x000000027ed30000 	/usr/lib/swift/libswift_DarwinFoundation2.dylib
0x000000027ed31000 	/usr/lib/swift/libswift_DarwinFoundation3.dylib
0x00000001d5069000 	/System/Library/Frameworks/OSLog.framework/Versions/A/OSLog
0x00000001afbe1000 	/usr/lib/libmis.dylib
0x0000000194988000 	/System/Library/PrivateFrameworks/MediaExperience.framework/Versions/A/MediaExperience
0x0000000196cf7000 	/System/Library/PrivateFrameworks/AudioSession.framework/libSessionUtility.dylib
0x0000000195690000 	/System/Library/PrivateFrameworks/CMCaptureCore.framework/Versions/A/CMCaptureCore
0x000000019c22e000 	/System/Library/Frameworks/CoreBluetooth.framework/Versions/A/CoreBluetooth
0x0000000191e4b000 	/System/Library/PrivateFrameworks/CoreUtils.framework/Versions/A/CoreUtils
0x00000001a7bcb000 	/System/Library/PrivateFrameworks/HID.framework/Versions/A/HID
0x000000023f267000 	/System/Library/PrivateFrameworks/CoreUtilsExtras.framework/Versions/A/CoreUtilsExtras
0x000000024dd90000 	/System/Library/PrivateFrameworks/IO80211.framework/Versions/A/IO80211
0x0000000198c71000 	/System/Library/Frameworks/IOBluetooth.framework/Versions/A/IOBluetooth
0x0000000235c37000 	/System/Library/PrivateFrameworks/ArgumentParserInternal.framework/Versions/A/ArgumentParserInternal
0x00000001945e5000 	/usr/lib/libIOReport.dylib
0x0000000191fee000 	/System/Library/Frameworks/SecurityFoundation.framework/Versions/A/SecurityFoundation
0x0000000184689000 	/System/Library/PrivateFrameworks/Lexicon.framework/Versions/A/Lexicon
0x0000000192159000 	/usr/lib/libgermantok.dylib
0x0000000190c76000 	/System/Library/PrivateFrameworks/LinguisticData.framework/Versions/A/LinguisticData
0x000000019c441000 	/System/Library/PrivateFrameworks/MediaKit.framework/Versions/A/MediaKit
0x000000019c38c000 	/System/Library/Frameworks/DiscRecording.framework/Versions/A/DiscRecording
0x0000000194861000 	/usr/lib/libheimdal-asn1.dylib
0x000000019fd5b000 	/System/Library/Frameworks/AudioUnit.framework/Versions/A/AudioUnit
0x000000018d8af000 	/System/Library/Frameworks/OpenDirectory.framework/Versions/A/OpenDirectory
0x000000018d8bd000 	/System/Library/Frameworks/OpenDirectory.framework/Versions/A/Frameworks/CFOpenDirectory.framework/Versions/A/CFOpenDirectory
0x0000000227aac000 	/System/Library/Frameworks/AVFAudio.framework/Versions/A/AVFAudio
0x00000001a8b95000 	/usr/lib/libAccessibility.dylib
0x0000000251abe000 	/System/Library/PrivateFrameworks/IsolatedCoreAudioClient.framework/Versions/A/IsolatedCoreAudioClient
0x00000001cb38a000 	/usr/lib/swift/libswiftCoreMedia.dylib
0x000000026f287000 	/System/Library/PrivateFrameworks/Tightbeam.framework/Versions/A/Tightbeam
0x000000023b177000 	/System/Library/PrivateFrameworks/CoreAudioOrchestration.framework/Versions/A/CoreAudioOrchestration
0x00000001c7a99000 	/System/Library/PrivateFrameworks/AFKUser.framework/Versions/A/AFKUser
0x000000019b4d4000 	/System/Library/Frameworks/MediaAccessibility.framework/Versions/A/MediaAccessibility
0x0000000273473000 	/System/Library/PrivateFrameworks/VideoToolboxParavirtualizationSupport.framework/Versions/A/VideoToolboxParavirtualizationSupport
0x00000001947fd000 	/System/Library/PrivateFrameworks/AppleVA.framework/Versions/A/AppleVA
0x0000000195622000 	/System/Library/PrivateFrameworks/GPUWrangler.framework/Versions/A/GPUWrangler
0x0000000195602000 	/System/Library/PrivateFrameworks/IOPresentment.framework/Versions/A/IOPresentment
0x000000019562a000 	/System/Library/PrivateFrameworks/DSExternalDisplay.framework/Versions/A/DSExternalDisplay
0x0000000235a8e000 	/System/Library/PrivateFrameworks/AppleMobileFileIntegrity.framework/Versions/A/AppleMobileFileIntegrity
0x000000027d96d000 	/usr/lib/libTLE.dylib
0x00000001e6331000 	/System/Library/PrivateFrameworks/ConfigProfileHelper.framework/Versions/A/ConfigProfileHelper
0x00000001db151000 	/usr/lib/libedit.3.dylib
0x000000025303f000 	/System/Library/PrivateFrameworks/MIL.framework/Versions/A/MIL
0x00000001b4d75000 	/usr/lib/libncurses.5.4.dylib
0x0000000191d80000 	/System/Library/PrivateFrameworks/CoreEmoji.framework/Versions/A/CoreEmoji
0x00000001849a6000 	/usr/lib/libCRFSuite.dylib
0x0000000190b54000 	/System/Library/PrivateFrameworks/CoreNLP.framework/Versions/A/CoreNLP
0x00000001920f8000 	/usr/lib/libmecab.dylib
0x0000000192ff1000 	/usr/lib/libThaiTokenizer.dylib
0x00000001d5528000 	/System/Library/PrivateFrameworks/HIDDisplay.framework/Versions/A/HIDDisplay
0x000000019565c000 	/System/Library/Frameworks/ApplicationServices.framework/Versions/A/Frameworks/ATSUI.framework/Versions/A/ATSUI
0x000000019733f000 	/usr/lib/libcups.2.dylib
0x00000001973d5000 	/System/Library/Frameworks/Kerberos.framework/Versions/A/Kerberos
0x0000000197037000 	/usr/lib/libresolv.9.dylib
0x0000000194adc000 	/System/Library/PrivateFrameworks/Heimdal.framework/Versions/A/Heimdal
0x000000019fd5a000 	/System/Library/Frameworks/Kerberos.framework/Versions/A/Libraries/libHeimdalProxy.dylib
0x0000000197439000 	/System/Library/PrivateFrameworks/CommonAuth.framework/Versions/A/CommonAuth
0x00000001a8a90000 	/System/Library/PrivateFrameworks/AXCoreUtilities.framework/Versions/A/AXCoreUtilities
0x000000027d387000 	/usr/lib/libAXSafeCategoryBundle.dylib
0x0000000191c65000 	/System/Library/Frameworks/Accelerate.framework/Versions/A/Frameworks/vecLib.framework/Versions/A/libvDSP.dylib
0x000000019313e000 	/System/Library/Frameworks/Accelerate.framework/Versions/A/Frameworks/vecLib.framework/Versions/A/libLAPACK.dylib
0x000000019215c000 	/System/Library/Frameworks/Accelerate.framework/Versions/A/Frameworks/vecLib.framework/Versions/A/libLinearAlgebra.dylib
0x0000000193037000 	/System/Library/Frameworks/Accelerate.framework/Versions/A/Frameworks/vecLib.framework/Versions/A/libSparseBLAS.dylib
0x0000000193139000 	/System/Library/Frameworks/Accelerate.framework/Versions/A/Frameworks/vecLib.framework/Versions/A/libQuadrature.dylib
0x0000000190c7d000 	/System/Library/Frameworks/Accelerate.framework/Versions/A/Frameworks/vecLib.framework/Versions/A/libBNNS.dylib
0x000000018479f000 	/System/Library/Frameworks/Accelerate.framework/Versions/A/Frameworks/vecLib.framework/Versions/A/libSparse.dylib
0x000000019739e000 	/System/Library/PrivateFrameworks/NetAuth.framework/Versions/A/NetAuth
0x000000018dacd000 	/System/Library/PrivateFrameworks/login.framework/Versions/A/Frameworks/loginsupport.framework/Versions/A/loginsupport
0x00000001920c2000 	/usr/lib/libCheckFix.dylib
0x000000018cc4c000 	/System/Library/PrivateFrameworks/MetadataUtilities.framework/Versions/A/MetadataUtilities
0x000000024e849000 	/System/Library/PrivateFrameworks/InstalledContentLibrary.framework/Versions/A/InstalledContentLibrary
0x000000018771a000 	/System/Library/PrivateFrameworks/CoreServicesStore.framework/Versions/A/CoreServicesStore
0x00000001c2fe2000 	/System/Library/PrivateFrameworks/MobileSystemServices.framework/Versions/A/MobileSystemServices
0x00000001944a6000 	/usr/lib/libxslt.1.dylib
0x0000000192081000 	/System/Library/PrivateFrameworks/BackgroundTaskManagement.framework/Versions/A/BackgroundTaskManagement
0x000000019f405000 	/usr/lib/libcurl.4.dylib
0x000000027dba6000 	/usr/lib/libcrypto.46.dylib
0x000000027e7c3000 	/usr/lib/libssl.48.dylib
0x000000019f0db000 	/System/Library/Frameworks/LDAP.framework/Versions/A/LDAP
0x000000019f117000 	/System/Library/PrivateFrameworks/TrustEvaluationAgent.framework/Versions/A/TrustEvaluationAgent
0x0000000197054000 	/usr/lib/libsasl2.2.dylib
0x00000001acb15000 	/usr/lib/swift/libswiftCoreGraphics.dylib
0x000000019bbd0000 	/usr/lib/swift/libswiftFoundation.dylib
0x00000001e5cee000 	/usr/lib/swift/libswiftSwiftOnoneSupport.dylib
0x000000027eea2000 	/usr/lib/swift/libswiftsys_time.dylib
0x00000001d1341000 	/System/Library/PrivateFrameworks/CoreMaterial.framework/Versions/A/CoreMaterial
0x000000027ebe8000 	/usr/lib/swift/libswiftSpatial.dylib
0x000000027d96a000 	/usr/lib/libSpatial.dylib
0x000000027d2a5000 	/System/Library/SubFrameworks/UIUtilities.framework/Versions/A/UIUtilities
0x0000000105fb8000 	/Users/mattias800/Library/Java/JavaVirtualMachines/ms-21.0.10/Contents/Home/lib/server/libjvm.dylib
0x00000001003c4000 	/Users/mattias800/Library/Java/JavaVirtualMachines/ms-21.0.10/Contents/Home/lib/libjimage.dylib
0x0000000100450000 	/Users/mattias800/Library/Java/JavaVirtualMachines/ms-21.0.10/Contents/Home/lib/libjava.dylib
0x00000001004f4000 	/Users/mattias800/Library/Java/JavaVirtualMachines/ms-21.0.10/Contents/Home/lib/libnio.dylib
0x0000000100748000 	/Users/mattias800/Library/Java/JavaVirtualMachines/ms-21.0.10/Contents/Home/lib/libnet.dylib
0x0000000105c54000 	/Users/mattias800/Library/Java/JavaVirtualMachines/ms-21.0.10/Contents/Home/lib/libzip.dylib
0x00000001304d4000 	/Users/mattias800/.skiko/384a41e7bf8dcab7fe3ef7dfb14a2adf281ce448c1f711cac5e69a7b97ae2f4a/libskiko-macos-arm64.dylib
0x0000000105d0c000 	/Users/mattias800/Library/Java/JavaVirtualMachines/ms-21.0.10/Contents/Home/lib/libawt.dylib
0x0000000105db8000 	/Users/mattias800/Library/Java/JavaVirtualMachines/ms-21.0.10/Contents/Home/lib/libmlib_image.dylib
0x000000022a845000 	/System/Library/Frameworks/JavaRuntimeSupport.framework/Versions/A/JavaRuntimeSupport
0x00000001ae629000 	/System/Library/Frameworks/Carbon.framework/Versions/A/Carbon
0x00000001a4941000 	/System/Library/Frameworks/Carbon.framework/Versions/A/Frameworks/CommonPanels.framework/Versions/A/CommonPanels
0x000000019f3f0000 	/System/Library/Frameworks/Carbon.framework/Versions/A/Frameworks/Help.framework/Versions/A/Help
0x00000001a4945000 	/System/Library/Frameworks/Carbon.framework/Versions/A/Frameworks/ImageCapture.framework/Versions/A/ImageCapture
0x00000001a4920000 	/System/Library/Frameworks/Carbon.framework/Versions/A/Frameworks/OpenScripting.framework/Versions/A/OpenScripting
0x00000001a4940000 	/System/Library/Frameworks/Carbon.framework/Versions/A/Frameworks/Ink.framework/Versions/A/Ink
0x00000001a493d000 	/System/Library/Frameworks/Carbon.framework/Versions/A/Frameworks/SecurityHI.framework/Versions/A/SecurityHI
0x000000027d7c8000 	/usr/lib/libInterpreterSecurity.dylib
0x00000001c4c18000 	/System/Library/PrivateFrameworks/XprotectFramework.framework/Versions/A/XprotectFramework
0x00000001a7ee0000 	/System/Library/PrivateFrameworks/yara.framework/Versions/A/yara
0x000000027d745000 	/usr/lib/libEndpointSecuritySystem.dylib
0x00000001213c4000 	/Users/mattias800/Library/Java/JavaVirtualMachines/ms-21.0.10/Contents/Home/lib/libawt_lwawt.dylib
0x0000000105cb4000 	/Users/mattias800/Library/Java/JavaVirtualMachines/ms-21.0.10/Contents/Home/lib/libosxapp.dylib
0x00000001acb7c000 	/System/Library/Frameworks/ExceptionHandling.framework/Versions/A/ExceptionHandling
0x00000001214fc000 	/Users/mattias800/Library/Java/JavaVirtualMachines/ms-21.0.10/Contents/Home/lib/libfontmanager.dylib
0x0000000105edc000 	/Users/mattias800/Library/Java/JavaVirtualMachines/ms-21.0.10/Contents/Home/lib/libfreetype.dylib
0x0000000227d7c000 	/System/Library/Frameworks/AppIntents.framework/Versions/A/AppIntents
0x000000022df80000 	/System/Library/Frameworks/RelevanceKit.framework/Versions/A/RelevanceKit
0x0000000192c36000 	/System/Library/Frameworks/CoreSpotlight.framework/Versions/A/CoreSpotlight
0x0000000252b52000 	/System/Library/PrivateFrameworks/LinkServices.framework/Versions/A/LinkServices
0x0000000240380000 	/System/Library/PrivateFrameworks/DoNotDisturb.framework/Versions/A/DoNotDisturb
0x00000002529ad000 	/System/Library/PrivateFrameworks/LinkMetadata.framework/Versions/A/LinkMetadata
0x00000001afc63000 	/usr/lib/swift/libswiftIntents.dylib
0x00000001b4ecf000 	/System/Library/PrivateFrameworks/IntentsCore.framework/Versions/A/IntentsCore
0x0000000236523000 	/System/Library/PrivateFrameworks/AvailabilityKit.framework/Versions/A/AvailabilityKit
0x0000000233897000 	/System/Library/PrivateFrameworks/AppIntentSchemas.framework/Versions/A/AppIntentSchemas
0x0000000247cc0000 	/System/Library/PrivateFrameworks/GRDBInternal.framework/Versions/A/GRDBInternal
0x000000026b492000 	/System/Library/PrivateFrameworks/StatusKit.framework/Versions/A/StatusKit
0x000000019c770000 	/System/Library/PrivateFrameworks/GenerationalStorage.framework/Versions/A/GenerationalStorage
0x000000019c598000 	/System/Library/Frameworks/FileProvider.framework/Versions/A/FileProvider
0x00000001891b5000 	/System/Library/PrivateFrameworks/DesktopServicesPriv.framework/Versions/A/DesktopServicesPriv
0x000000018b4eb000 	/System/Library/Frameworks/Accounts.framework/Versions/A/Accounts
0x00000001af6cf000 	/System/Library/PrivateFrameworks/FTServices.framework/Versions/A/FTServices
0x00000001a7b8a000 	/System/Library/PrivateFrameworks/CloudServices.framework/Versions/A/CloudServices
0x000000019ec2a000 	/System/Library/PrivateFrameworks/CoreWiFi.framework/Versions/A/CoreWiFi
0x000000018f471000 	/System/Library/Frameworks/CoreLocation.framework/Versions/A/CoreLocation
0x000000019e5c1000 	/System/Library/Frameworks/Intents.framework/Versions/A/Intents
0x000000023073a000 	/System/Library/Frameworks/_LocationEssentials.framework/Versions/A/_LocationEssentials
0x0000000192be5000 	/System/Library/Frameworks/UserNotifications.framework/Versions/A/UserNotifications
0x000000019887c000 	/System/Library/PrivateFrameworks/Sharing.framework/Versions/A/Sharing
0x00000001983fd000 	/System/Library/PrivateFrameworks/IDSFoundation.framework/Versions/A/IDSFoundation
0x000000019ec29000 	/System/Library/PrivateFrameworks/Apple80211.framework/Versions/A/Apple80211
0x000000019287b000 	/System/Library/PrivateFrameworks/AuthKit.framework/Versions/A/AuthKit
0x0000000191dc8000 	/System/Library/Frameworks/CoreWLAN.framework/Versions/A/CoreWLAN
0x00000001b6384000 	/usr/lib/swift/libswiftCoreLocation.dylib
0x0000000196c45000 	/System/Library/PrivateFrameworks/IMFoundation.framework/Versions/A/IMFoundation
0x00000001a7edf000 	/System/Library/PrivateFrameworks/Marco.framework/Versions/A/Marco
0x000000018b575000 	/System/Library/PrivateFrameworks/CommonUtilities.framework/Versions/A/CommonUtilities
0x00000001a4908000 	/System/Library/PrivateFrameworks/Engram.framework/Versions/A/Engram
0x000000027eb47000 	/usr/lib/swift/libswiftRegexBuilder.dylib
0x00000001a48a6000 	/usr/lib/libtidy.A.dylib
0x0000000194de4000 	/System/Library/PrivateFrameworks/Bom.framework/Versions/A/Bom
0x0000000197075000 	/usr/lib/libParallelCompression.dylib
0x00000001dd266000 	/System/Library/PrivateFrameworks/WiFiPeerToPeer.framework/Versions/A/WiFiPeerToPeer
0x000000027e2d8000 	/usr/lib/libmrc.dylib
0x000000024ddfa000 	/System/Library/PrivateFrameworks/IPConfiguration.framework/Versions/A/IPConfiguration
0x00000001d1303000 	/System/Library/PrivateFrameworks/Netrb.framework/Versions/A/Netrb
0x0000000197067000 	/System/Library/PrivateFrameworks/MultiverseSupport.framework/Versions/A/MultiverseSupport
0x000000019c473000 	/System/Library/PrivateFrameworks/DiskManagement.framework/Versions/A/DiskManagement
0x000000019c37f000 	/System/Library/PrivateFrameworks/AppleIDAuthSupport.framework/Versions/A/AppleIDAuthSupport
0x000000023101a000 	/System/Library/PrivateFrameworks/AAAFoundation.framework/Versions/A/AAAFoundation
0x0000000197575000 	/System/Library/PrivateFrameworks/KeychainCircle.framework/Versions/A/KeychainCircle
0x00000001a8a86000 	/System/Library/PrivateFrameworks/URLFormatting.framework/Versions/A/URLFormatting
0x000000019f3f9000 	/usr/lib/libcsfde.dylib
0x000000019478f000 	/usr/lib/libCoreStorage.dylib
0x0000000198d48000 	/System/Library/PrivateFrameworks/ProtectedCloudStorage.framework/Versions/A/ProtectedCloudStorage
0x000000019f3f4000 	/System/Library/PrivateFrameworks/EFILogin.framework/Versions/A/EFILogin
0x000000019c797000 	/System/Library/PrivateFrameworks/OctagonTrust.framework/Versions/A/OctagonTrust
0x000000019900f000 	/System/Library/PrivateFrameworks/GeoServices.framework/Versions/A/GeoServices
0x0000000196cbe000 	/System/Library/PrivateFrameworks/LocationSupport.framework/Versions/A/LocationSupport
0x000000024ade5000 	/System/Library/PrivateFrameworks/GeoServicesCore.framework/Versions/A/GeoServicesCore
0x00000001a8a84000 	/System/Library/PrivateFrameworks/PhoneNumbers.framework/Versions/A/PhoneNumbers
0x0000000252f30000 	/System/Library/PrivateFrameworks/LocationLogEncryption.framework/Versions/A/LocationLogEncryption
0x000000019821e000 	/System/Library/PrivateFrameworks/IDS.framework/Versions/A/IDS
0x00000001d7f27000 	/System/Library/Frameworks/CryptoKit.framework/Versions/A/CryptoKit
0x000000019fd56000 	/System/Library/PrivateFrameworks/CryptoKitCBridging.framework/Versions/A/CryptoKitCBridging
0x000000019d37c000 	/System/Library/Frameworks/CryptoTokenKit.framework/Versions/A/CryptoTokenKit
0x00000001be21b000 	/System/Library/PrivateFrameworks/FTAWD.framework/Versions/A/FTAWD
0x0000000187857000 	/usr/lib/libsandbox.1.dylib
0x0000000194787000 	/usr/lib/libMatch.1.dylib
0x000000019fe19000 	/System/Library/PrivateFrameworks/IntentsFoundation.framework/Versions/A/IntentsFoundation
0x000000018d76c000 	/System/Library/PrivateFrameworks/ViewBridge.framework/Versions/A/ViewBridge
0x0000000230644000 	/System/Library/Frameworks/_AppIntents_AppKit.framework/Versions/A/_AppIntents_AppKit
0x0000000105eb8000 	/usr/lib/libobjc-trampolines.dylib
0x00000001b9912000 	/System/Library/CoreServices/RawCamera.bundle/Contents/MacOS/RawCamera
0x0000000195b80000 	/System/Library/Frameworks/MediaToolbox.framework/Versions/A/MediaToolbox
0x000000019c569000 	/System/Library/PrivateFrameworks/CoreAVCHD.framework/Versions/A/CoreAVCHD
0x000000019c565000 	/System/Library/PrivateFrameworks/Mangrove.framework/Versions/A/Mangrove
0x0000000237c88000 	/System/Library/PrivateFrameworks/CMPhoto.framework/Versions/A/CMPhoto
0x000000019cd4a000 	/System/Library/Frameworks/CoreTelephony.framework/Versions/A/CoreTelephony
0x000000019c558000 	/System/Library/PrivateFrameworks/CoreAUC.framework/Versions/A/CoreAUC
0x0000000234fc1000 	/System/Library/PrivateFrameworks/AppleJPEGXL.framework/Versions/A/AppleJPEGXL
0x00000001975c7000 	/usr/lib/libTelephonyUtilDynamic.dylib
0x00000001b6369000 	/System/Library/Frameworks/Accelerate.framework/Versions/A/Frameworks/vImage.framework/Versions/A/Libraries/libCGInterfaces.dylib
0x000000027d38b000 	/usr/lib/libAccessibilityBaseImplementations.dylib
0x000000027776c000 	/System/Library/PrivateFrameworks/WritingToolsUI.framework/Versions/A/WritingToolsUI
0x000000024a7cb000 	/System/Library/PrivateFrameworks/GenerativeAssistantSettings.framework/Versions/A/GenerativeAssistantSettings
0x000000026d206000 	/System/Library/PrivateFrameworks/TextComposer.framework/Versions/A/TextComposer
0x000000024a7a2000 	/System/Library/PrivateFrameworks/GenerativeAssistantCommon.framework/Versions/A/GenerativeAssistantCommon
0x00000001b7405000 	/System/Library/Frameworks/SwiftUI.framework/Versions/A/SwiftUI
0x0000000230683000 	/System/Library/Frameworks/_AuthenticationServices_SwiftUI.framework/Versions/A/_AuthenticationServices_SwiftUI
0x00000002335cc000 	/System/Library/PrivateFrameworks/Anvil.framework/Versions/A/Anvil
0x00000001b69b3000 	/System/Library/PrivateFrameworks/AppStoreDaemon.framework/Versions/A/AppStoreDaemon
0x00000001a23be000 	/System/Library/PrivateFrameworks/AppleMediaServices.framework/Versions/A/AppleMediaServices
0x000000024ac70000 	/System/Library/PrivateFrameworks/GenerativePartnerServiceUI.framework/Versions/A/GenerativePartnerServiceUI
0x00000001e525f000 	/System/Library/PrivateFrameworks/JetEngine.framework/Versions/A/JetEngine
0x000000026d0e3000 	/System/Library/PrivateFrameworks/TextAnimationSupport.framework/Versions/A/TextAnimationSupport
0x000000026039a000 	/System/Library/PrivateFrameworks/RecapPerformanceTesting.framework/Versions/A/RecapPerformanceTesting
0x00000001b0534000 	/System/Library/PrivateFrameworks/SignpostCollection.framework/Versions/A/SignpostCollection
0x00000002363db000 	/System/Library/PrivateFrameworks/AuthenticationServicesCore.framework/Versions/A/AuthenticationServicesCore
0x00000001b9d91000 	/System/Library/Frameworks/AuthenticationServices.framework/Versions/A/AuthenticationServices
0x0000000194721000 	/System/Library/PrivateFrameworks/SharedWebCredentials.framework/Versions/A/SharedWebCredentials
0x00000001b13d2000 	/System/Library/PrivateFrameworks/SafariCore.framework/Versions/A/SafariCore
0x00000001b98bc000 	/System/Library/PrivateFrameworks/SafariFoundation.framework/Versions/A/SafariFoundation
0x000000019be90000 	/System/Library/Frameworks/Contacts.framework/Versions/A/Contacts
0x0000000237623000 	/System/Library/PrivateFrameworks/CBORLibrary.framework/Versions/A/CBORLibrary
0x000000023860a000 	/System/Library/PrivateFrameworks/Chirp.framework/Versions/A/Chirp
0x0000000239207000 	/System/Library/PrivateFrameworks/CloudSubscriptionFeatures.framework/Versions/A/CloudSubscriptionFeatures
0x000000019bbd1000 	/System/Library/PrivateFrameworks/ContactsFoundation.framework/Versions/A/ContactsFoundation
0x00000001e6661000 	/System/Library/PrivateFrameworks/RemoteManagement.framework/Versions/A/RemoteManagement
0x0000000260728000 	/System/Library/PrivateFrameworks/RemoteManagementModel.framework/Versions/A/RemoteManagementModel
0x00000002607b9000 	/System/Library/PrivateFrameworks/RemoteManagementStore.framework/Versions/A/RemoteManagementStore
0x0000000198e57000 	/usr/lib/libxcselect.dylib
0x00000001b982b000 	/System/Library/PrivateFrameworks/DifferentialPrivacy.framework/Versions/A/DifferentialPrivacy
0x0000000255289000 	/System/Library/PrivateFrameworks/ManagedSettingsObjC.framework/Versions/A/ManagedSettingsObjC
0x0000000252f35000 	/System/Library/PrivateFrameworks/LockdownMode.framework/Versions/A/LockdownMode
0x00000002720c7000 	/System/Library/PrivateFrameworks/VDAF.framework/Versions/A/VDAF
0x000000019bca9000 	/System/Library/PrivateFrameworks/ContactsPersistence.framework/Versions/A/ContactsPersistence
0x000000019ae07000 	/System/Library/PrivateFrameworks/AppleLDAP.framework/Versions/A/AppleLDAP
0x000000019f7ab000 	/System/Library/Frameworks/ClassKit.framework/Versions/A/ClassKit
0x00000001a1a51000 	/System/Library/PrivateFrameworks/CoreSuggestions.framework/Versions/A/CoreSuggestions
0x000000019d32a000 	/System/Library/PrivateFrameworks/vCard.framework/Versions/A/vCard
0x0000000239e90000 	/System/Library/PrivateFrameworks/ContactsMetrics.framework/Versions/A/ContactsMetrics
0x0000000194b9d000 	/System/Library/PrivateFrameworks/login.framework/Versions/A/login
0x0000000255283000 	/System/Library/PrivateFrameworks/ManagedOrganizationContacts.framework/Versions/A/ManagedOrganizationContacts
0x000000018df50000 	/System/Library/PrivateFrameworks/CloudDocs.framework/Versions/A/CloudDocs
0x00000001a8446000 	/System/Library/PrivateFrameworks/ProactiveEventTracker.framework/Versions/A/ProactiveEventTracker
0x0000000197117000 	/System/Library/PrivateFrameworks/CoreFollowUp.framework/Versions/A/CoreFollowUp
0x00000001a0f70000 	/System/Library/PrivateFrameworks/ConfigurationProfiles.framework/Versions/A/ConfigurationProfiles
0x000000023f4eb000 	/System/Library/PrivateFrameworks/DMCUtilities.framework/Versions/A/DMCUtilities
0x0000000252fb6000 	/System/Library/PrivateFrameworks/MDMClientLibrary.framework/Versions/A/MDMClientLibrary
0x00000002607ad000 	/System/Library/PrivateFrameworks/RemoteManagementProtocol.framework/Versions/A/RemoteManagementProtocol
0x000000019b4ec000 	/System/Library/PrivateFrameworks/SystemAdministration.framework/Versions/A/SystemAdministration
0x00000001a63d8000 	/System/Library/PrivateFrameworks/PowerlogControl.framework/Versions/A/PowerlogControl
0x00000001a63da000 	/usr/lib/libUniversalAccess.dylib
0x00000001a2e3e000 	/System/Library/PrivateFrameworks/FamilyControls.framework/Versions/A/FamilyControls
0x000000019addc000 	/System/Library/Frameworks/DirectoryService.framework/Versions/A/DirectoryService
0x000000019f487000 	/System/Library/PrivateFrameworks/LoginUIKit.framework/Versions/A/Frameworks/LoginUICore.framework/Versions/A/LoginUICore
0x0000000194de2000 	/usr/lib/libodfde.dylib
0x00000001a2e38000 	/System/Library/PrivateFrameworks/UniversalAccess.framework/Versions/A/Libraries/libUAPreferences.dylib
0x00000001a2e62000 	/System/Library/PrivateFrameworks/CommerceKit.framework/Versions/A/Frameworks/CommerceCore.framework/Versions/A/CommerceCore
0x000000023f457000 	/System/Library/PrivateFrameworks/DEPClientLibrary.framework/Versions/A/DEPClientLibrary
0x000000023f480000 	/System/Library/PrivateFrameworks/DMCEnrollmentLibrary.framework/Versions/A/DMCEnrollmentLibrary
0x00000001a64bc000 	/System/Library/PrivateFrameworks/SetupAssistantFramework.framework/Versions/A/SetupAssistantFramework
0x000000019fb92000 	/System/Library/PrivateFrameworks/AuthKitUI.framework/Versions/A/AuthKitUI
0x000000019f4d1000 	/System/Library/PrivateFrameworks/AppSSO.framework/Versions/A/AppSSO
0x00000001b670f000 	/System/Library/PrivateFrameworks/LocalAuthenticationUI.framework/Versions/A/LocalAuthenticationUI
0x000000025e45d000 	/System/Library/PrivateFrameworks/PlatformSSO.framework/Versions/A/PlatformSSO
0x000000025e54a000 	/System/Library/PrivateFrameworks/PlatformSSOCore.framework/Versions/A/PlatformSSOCore
0x000000022a8d4000 	/System/Library/Frameworks/LocalAuthenticationEmbeddedUI.framework/Versions/A/LocalAuthenticationEmbeddedUI
0x00000001b71ca000 	/System/Library/PrivateFrameworks/AOSUI.framework/Versions/A/AOSUI
0x00000001a820e000 	/System/Library/Frameworks/ContactsUI.framework/Versions/A/ContactsUI
0x000000019c11f000 	/System/Library/PrivateFrameworks/FamilyCircle.framework/Versions/A/FamilyCircle
0x00000001c5001000 	/System/Library/Frameworks/LinkPresentation.framework/Versions/A/LinkPresentation
0x00000001a7dc6000 	/System/Library/PrivateFrameworks/IASUtilities.framework/Versions/A/IASUtilities
0x000000024dcc3000 	/System/Library/PrivateFrameworks/IASUtilitiesCore.framework/Versions/A/IASUtilitiesCore
0x00000001b0544000 	/System/Library/PrivateFrameworks/OnBoardingKit.framework/Versions/A/OnBoardingKit
0x0000000260823000 	/System/Library/PrivateFrameworks/RemoteUI.framework/Versions/A/RemoteUI
0x00000001acbf5000 	/System/Library/Frameworks/WebKit.framework/Versions/A/WebKit
0x00000001a4948000 	/System/Library/Frameworks/JavaScriptCore.framework/Versions/A/JavaScriptCore
0x0000000252344000 	/System/Library/PrivateFrameworks/LiftUI.framework/Versions/A/LiftUI
0x0000000262e60000 	/System/Library/PrivateFrameworks/Settings.framework/Versions/A/Settings
0x0000000277d79000 	/System/Library/PrivateFrameworks/_IconServices_SwiftUI.framework/Versions/A/_IconServices_SwiftUI
0x00000002287f0000 	/System/Library/Frameworks/BrowserEngineCore.framework/Versions/A/BrowserEngineCore
0x00000001a1d51000 	/System/Library/Frameworks/WebKit.framework/Versions/A/Frameworks/WebKitLegacy.framework/Versions/A/WebKitLegacy
0x000000019fb3a000 	/System/Library/PrivateFrameworks/CorePrediction.framework/Versions/A/CorePrediction
0x000000018e85b000 	/System/Library/Frameworks/WebKit.framework/Versions/A/Frameworks/WebCore.framework/Versions/A/Frameworks/libwebrtc.dylib
0x00000001acb7f000 	/System/Library/PrivateFrameworks/SafariSafeBrowsing.framework/Versions/A/SafariSafeBrowsing
0x00000001970dd000 	/System/Library/Frameworks/SecurityInterface.framework/Versions/A/SecurityInterface
0x00000001b0543000 	/System/Library/PrivateFrameworks/WebInspectorUI.framework/Versions/A/WebInspectorUI
0x00000001a8bcb000 	/System/Library/Frameworks/WebKit.framework/Versions/A/Frameworks/WebCore.framework/Versions/A/WebCore
0x0000000230201000 	/System/Library/Frameworks/WebKit.framework/Versions/A/Frameworks/WebCore.framework/Versions/A/Frameworks/libANGLE-shared.dylib
0x0000000276015000 	/System/Library/PrivateFrameworks/WebGPU.framework/Versions/A/WebGPU
0x00000001b241d000 	/System/Library/Frameworks/SceneKit.framework/Versions/A/SceneKit
0x00000001c383b000 	/System/Library/Frameworks/ModelIO.framework/Versions/A/ModelIO
0x0000000198e39000 	/System/Library/Frameworks/MetalKit.framework/Versions/A/MetalKit
0x000000019b10d000 	/System/Library/Frameworks/GLKit.framework/Versions/A/GLKit
0x000000027f17b000 	/usr/lib/usd/libusd_ms.dylib
0x00000002714ac000 	/System/Library/PrivateFrameworks/USDLib_FormatLoaderProxy.framework/Versions/A/USDLib_FormatLoaderProxy
0x000000027ee9d000 	/usr/lib/swift/libswift_errno.dylib
0x00000001af6b0000 	/System/Library/PrivateFrameworks/CoreOptimization.framework/Versions/A/CoreOptimization
0x000000022961c000 	/System/Library/Frameworks/ExtensionKit.framework/Versions/A/ExtensionKit
0x0000000239146000 	/System/Library/PrivateFrameworks/CloudSettings.framework/Versions/A/CloudSettings
0x0000000229660000 	/System/Library/Frameworks/FSKit.framework/Versions/A/FSKit
0x0000000252ce1000 	/System/Library/PrivateFrameworks/LiveFS.framework/Versions/A/LiveFS
0x00000001a1b22000 	/System/Library/Frameworks/EventKit.framework/Versions/A/EventKit
0x00000001b0758000 	/System/Library/PrivateFrameworks/SearchFoundation.framework/Versions/A/SearchFoundation
0x00000001c70bb000 	/System/Library/PrivateFrameworks/Email.framework/Versions/A/Email
0x00000001af2b2000 	/System/Library/PrivateFrameworks/CoreRoutine.framework/Versions/A/CoreRoutine
0x00000001e5fcf000 	/System/Library/PrivateFrameworks/VoiceShortcutClient.framework/Versions/A/VoiceShortcutClient
0x00000001bedaa000 	/System/Library/PrivateFrameworks/Categories.framework/Versions/A/Categories
0x00000001b7079000 	/System/Library/PrivateFrameworks/ChronoServices.framework/Versions/A/ChronoServices
0x00000002380c8000 	/System/Library/PrivateFrameworks/CalendarDatabase.framework/Versions/A/CalendarDatabase
0x0000000238012000 	/System/Library/PrivateFrameworks/CalendarDaemon.framework/Versions/A/CalendarDaemon
0x00000001a0e94000 	/System/Library/PrivateFrameworks/CalendarFoundation.framework/Versions/A/CalendarFoundation
0x00000001a0e50000 	/System/Library/PrivateFrameworks/iCalendar.framework/Versions/A/iCalendar
0x000000023f6ea000 	/System/Library/PrivateFrameworks/DataAccessExpress.framework/Versions/A/DataAccessExpress
0x00000001a8370000 	/System/Library/PrivateFrameworks/ContactsAutocomplete.framework/Versions/A/ContactsAutocomplete
0x000000027ec87000 	/usr/lib/swift/libswiftVideoToolbox.dylib
0x00000001b6fc6000 	/System/Library/PrivateFrameworks/FTClientServices.framework/Versions/A/FTClientServices
0x000000025a8a1000 	/System/Library/PrivateFrameworks/OSEligibility.framework/Versions/A/OSEligibility
0x000000026ba6d000 	/System/Library/PrivateFrameworks/StorageContainersPrivate.framework/Versions/A/StorageContainersPrivate
0x000000027eaf8000 	/usr/lib/swift/libswiftCoreMediaIO.dylib
0x00000001a7c50000 	/System/Library/PrivateFrameworks/CoreDAV.framework/Versions/A/CoreDAV
0x00000001a19f2000 	/System/Library/PrivateFrameworks/CalDAV.framework/Versions/A/CalDAV
0x00000001ac87c000 	/System/Library/PrivateFrameworks/TelephonyUtilities.framework/Versions/A/TelephonyUtilities
0x000000022a891000 	/System/Library/Frameworks/LiveCommunicationKit.framework/Versions/A/LiveCommunicationKit
0x0000000239a43000 	/System/Library/PrivateFrameworks/CommunicationTrust.framework/Versions/A/CommunicationTrust
0x00000001b11e4000 	/System/Library/Frameworks/CallKit.framework/Versions/A/CallKit
0x000000019c117000 	/System/Library/PrivateFrameworks/CommunicationsFilter.framework/Versions/A/CommunicationsFilter
0x00000001db28c000 	/System/Library/PrivateFrameworks/IMTransferServices.framework/Versions/A/IMTransferServices
0x00000001af6c9000 	/System/Library/PrivateFrameworks/IncomingCallFilter.framework/Versions/A/IncomingCallFilter
0x0000000258ff2000 	/System/Library/PrivateFrameworks/NeighborhoodActivityConduit.framework/Versions/A/NeighborhoodActivityConduit
0x00000001b3725000 	/System/Library/PrivateFrameworks/CallHistory.framework/Versions/A/CallHistory
0x000000027d5b8000 	/usr/lib/libBASupport.dylib
0x00000002384e0000 	/System/Library/PrivateFrameworks/CallsUtilities.framework/Versions/A/CallsUtilities
0x00000002384eb000 	/System/Library/PrivateFrameworks/CallsXPC.framework/Versions/A/CallsXPC
0x00000001e67c2000 	/usr/lib/swift/libswiftCallKit.dylib
0x00000002384d3000 	/System/Library/PrivateFrameworks/CallsPersistence.framework/Versions/A/CallsPersistence
0x000000022e257000 	/System/Library/Frameworks/SensitiveContentAnalysis.framework/Versions/A/SensitiveContentAnalysis
0x00000001b475b000 	/System/Library/PrivateFrameworks/PeopleSuggester.framework/Versions/A/PeopleSuggester
0x00000001bdbb3000 	/System/Library/PrivateFrameworks/SpotlightReceiver.framework/Versions/A/SpotlightReceiver
0x0000000277d40000 	/System/Library/PrivateFrameworks/_AppIntentsServices_AppIntents.framework/Versions/A/_AppIntentsServices_AppIntents
0x0000000233900000 	/System/Library/PrivateFrameworks/AppIntentsServices.framework/Versions/A/AppIntentsServices
0x00000001a0e38000 	/System/Library/PrivateFrameworks/CoreRecents.framework/Versions/A/CoreRecents
0x0000000229d66000 	/System/Library/Frameworks/GeoToolbox.framework/Versions/A/GeoToolbox
0x0000000230706000 	/System/Library/Frameworks/_GeoToolbox_AppIntents.framework/Versions/A/_GeoToolbox_AppIntents
0x00000001d0d36000 	/System/Library/PrivateFrameworks/DiagnosticRequest.framework/Versions/A/DiagnosticRequest
0x0000000277c84000 	/System/Library/PrivateFrameworks/XPCDistributed.framework/Versions/A/XPCDistributed
0x0000000260430000 	/System/Library/PrivateFrameworks/RegulatoryDomain.framework/Versions/A/RegulatoryDomain
0x000000019b1e5000 	/usr/lib/libCTGreenTeaLogger.dylib
0x0000000252f07000 	/System/Library/PrivateFrameworks/LocalStatusKit.framework/Versions/A/LocalStatusKit
0x00000001ac768000 	/System/Library/PrivateFrameworks/CoreParsec.framework/Versions/A/CoreParsec
0x00000001c70af000 	/System/Library/PrivateFrameworks/EmailAddressing.framework/Versions/A/EmailAddressing
0x00000001c30aa000 	/System/Library/PrivateFrameworks/EmailCore.framework/Versions/A/EmailCore
0x00000001c40d8000 	/System/Library/PrivateFrameworks/EmailFoundation.framework/Versions/A/EmailFoundation
0x000000025bfe6000 	/System/Library/PrivateFrameworks/PegasusAPI.framework/Versions/A/PegasusAPI
0x000000025cb37000 	/System/Library/PrivateFrameworks/PegasusConfiguration.framework/Versions/A/PegasusConfiguration
0x000000026fd1a000 	/System/Library/PrivateFrameworks/ToolKit.framework/Versions/A/ToolKit
0x0000000260bb8000 	/System/Library/PrivateFrameworks/ReplicatorEngine.framework/Versions/A/ReplicatorEngine
0x0000000260d5a000 	/System/Library/PrivateFrameworks/ReplicatorServices.framework/Versions/A/ReplicatorServices
0x000000026c9d7000 	/System/Library/PrivateFrameworks/SystemWake.framework/Versions/A/SystemWake
0x00000001b13b8000 	/System/Library/PrivateFrameworks/ContextKit.framework/Versions/A/ContextKit
0x0000000239fdc000 	/System/Library/PrivateFrameworks/ContextKitCore.framework/Versions/A/ContextKitCore
0x00000001af94f000 	/System/Library/Frameworks/LocalAuthentication.framework/Support/DaemonUtils.framework/Versions/A/DaemonUtils
0x0000000252e9c000 	/System/Library/PrivateFrameworks/LocalAuthenticationCoreUI.framework/Versions/A/LocalAuthenticationCoreUI
0x00000001b2d70000 	/System/Library/PrivateFrameworks/BridgeXPC.framework/Versions/A/BridgeXPC
0x00000001b0620000 	/System/Library/PrivateFrameworks/CoreKDL.framework/Versions/A/CoreKDL
0x00000001aec52000 	/System/Library/PrivateFrameworks/EmbeddedOSSupportHost.framework/Versions/A/EmbeddedOSSupportHost
0x00000001a3920000 	/System/Library/PrivateFrameworks/LoginUIKit.framework/Versions/A/LoginUIKit
0x00000001bf2a5000 	/System/Library/PrivateFrameworks/StorageKit.framework/Versions/A/StorageKit
0x00000001e7fd3000 	/System/Library/Frameworks/DeviceCheck.framework/Versions/A/DeviceCheck
0x00000001bf31e000 	/System/Library/PrivateFrameworks/CoreWLANKit.framework/Versions/A/CoreWLANKit
0x000000027539d000 	/System/Library/PrivateFrameworks/Wallpaper.framework/Versions/A/Wallpaper
0x000000027eb13000 	/usr/lib/swift/libswiftGLKit.dylib
0x000000027eb1e000 	/usr/lib/swift/libswiftMetalKit.dylib
0x000000027eb22000 	/usr/lib/swift/libswiftModelIO.dylib
0x000000027ebe5000 	/usr/lib/swift/libswiftSceneKit.dylib
0x0000000240050000 	/System/Library/PrivateFrameworks/DiskImages2.framework/Versions/A/DiskImages2
0x00000001c7fea000 	/System/Library/PrivateFrameworks/DynamicDesktop.framework/Versions/A/DynamicDesktop
0x000000027552c000 	/System/Library/PrivateFrameworks/WallpaperFoundation.framework/Versions/A/WallpaperFoundation
0x0000000275589000 	/System/Library/PrivateFrameworks/WallpaperTypes.framework/Versions/A/WallpaperTypes
0x00000001dcfe9000 	/System/Library/PrivateFrameworks/SystemDesktopAppearance.framework/Versions/A/SystemDesktopAppearance
0x000000027ae1f000 	/System/Library/PrivateFrameworks/icloudMCCKit.framework/Versions/A/icloudMCCKit
0x0000000234858000 	/System/Library/PrivateFrameworks/AppleAccountUI.framework/Versions/A/AppleAccountUI
0x00000001d130d000 	/System/Library/PrivateFrameworks/PreferencePanesSupport.framework/Versions/A/PreferencePanesSupport
0x00000001b737c000 	/System/Library/PrivateFrameworks/FindMyDeviceUI.framework/Versions/A/FindMyDeviceUI
0x0000000278a66000 	/System/Library/PrivateFrameworks/iCloudQuotaUI.framework/Versions/A/iCloudQuotaUI
0x00000001d14c1000 	/System/Library/PrivateFrameworks/CoreCDPUI.framework/Versions/A/CoreCDPUI
0x00000001b1113000 	/System/Library/PrivateFrameworks/CoreFollowUpUI.framework/Versions/A/CoreFollowUpUI
0x00000001bde32000 	/System/Library/PrivateFrameworks/IMCore.framework/Versions/A/IMCore
0x00000001a6441000 	/System/Library/PrivateFrameworks/CoreCDP.framework/Versions/A/CoreCDP
0x00000001a23a9000 	/System/Library/PrivateFrameworks/AskPermission.framework/Versions/A/AskPermission
0x00000001b4e40000 	/System/Library/Frameworks/Quartz.framework/Versions/A/Quartz
0x00000001c187f000 	/System/Library/PrivateFrameworks/CloudPhotoServicesConfiguration.framework/Versions/A/CloudPhotoServicesConfiguration
0x00000001b354a000 	/System/Library/PrivateFrameworks/CommerceKit.framework/Versions/A/CommerceKit
0x00000001c317a000 	/System/Library/PrivateFrameworks/FindMyMac.framework/Versions/A/FindMyMac
0x00000001c304d000 	/System/Library/Frameworks/PreferencePanes.framework/Versions/A/PreferencePanes
0x00000001b67fa000 	/System/Library/Frameworks/AddressBook.framework/Versions/A/AddressBook
0x00000001a1291000 	/System/Library/PrivateFrameworks/AOSAccounts.framework/Versions/A/AOSAccounts
0x000000019b4e6000 	/System/Library/PrivateFrameworks/AppleSRP.framework/Versions/A/AppleSRP
0x00000001af865000 	/System/Library/Frameworks/SafariServices.framework/Versions/A/SafariServices
0x000000019fd6a000 	/System/Library/PrivateFrameworks/NetFSServer.framework/Versions/A/NetFSServer
0x00000001b22f7000 	/System/Library/Frameworks/PDFKit.framework/Versions/A/PDFKit
0x000000022f7f9000 	/System/Library/Frameworks/TabularData.framework/Versions/A/TabularData
0x000000027eb39000 	/usr/lib/swift/libswiftPassKit.dylib
0x00000001d5464000 	/System/Library/Frameworks/PassKit.framework/Versions/A/PassKit
0x00000001a3a2a000 	/System/Library/PrivateFrameworks/PassKitCore.framework/Versions/A/PassKitCore
0x000000025b904000 	/System/Library/PrivateFrameworks/PassKitMacHelperTemp.framework/Versions/A/PassKitMacHelperTemp
0x000000027d508000 	/usr/lib/libAppleSSE.dylib
0x00000001af99b000 	/System/Library/PrivateFrameworks/BiometricKit.framework/Versions/A/BiometricKit
0x000000026135e000 	/System/Library/PrivateFrameworks/SEService.framework/Versions/A/SEService
0x0000000229725000 	/System/Library/Frameworks/FinanceKit.framework/Versions/A/FinanceKit
0x00000001b4eef000 	/System/Library/PrivateFrameworks/NearField.framework/Versions/A/NearField
0x000000027d907000 	/usr/lib/libSESShared.dylib
0x00000002615c6000 	/System/Library/PrivateFrameworks/STSXPCHelperClient.framework/Versions/A/STSXPCHelperClient
0x00000001b6c06000 	/usr/lib/libnfshared.dylib
0x000000026c75f000 	/System/Library/PrivateFrameworks/Symptoms.framework/Versions/A/Frameworks/SymptomPresentationFeed.framework/Versions/A/SymptomPresentationFeed
0x000000023523d000 	/System/Library/PrivateFrameworks/AppleMediaServicesKitInternal.framework/Versions/A/AppleMediaServicesKitInternal
0x0000000235ee1000 	/System/Library/PrivateFrameworks/AsyncAlgorithmsInternal.framework/Versions/A/AsyncAlgorithmsInternal
0x000000026c4a1000 	/System/Library/PrivateFrameworks/SymptomShared.framework/Versions/A/SymptomShared
0x00000001d8194000 	/System/Library/PrivateFrameworks/PassKitUIFoundation.framework/Versions/A/PassKitUIFoundation
0x000000019ae19000 	/System/Library/Frameworks/MapKit.framework/Versions/A/MapKit
0x000000024ad1b000 	/System/Library/PrivateFrameworks/GeoAnalytics.framework/Versions/A/GeoAnalytics
0x00000001b6c34000 	/System/Library/PrivateFrameworks/Navigation.framework/Versions/A/Navigation
0x00000001c08c7000 	/System/Library/PrivateFrameworks/VectorKit.framework/Versions/A/VectorKit
0x00000001a7e91000 	/System/Library/PrivateFrameworks/VirtualGarage.framework/Versions/A/VirtualGarage
0x00000001b6e13000 	/System/Library/Frameworks/ExternalAccessory.framework/ExternalAccessory
0x00000001b6e2e000 	/System/Library/PrivateFrameworks/IAP.framework/Versions/A/IAP
0x000000019b0d5000 	/System/Library/PrivateFrameworks/IOPlatformPluginFamily.framework/Versions/A/IOPlatformPluginFamily
0x0000000236526000 	/System/Library/PrivateFrameworks/AvatarKit.framework/Versions/A/AvatarKit
0x00000002365e5000 	/System/Library/PrivateFrameworks/AvatarPersistence.framework/Versions/A/AvatarPersistence
0x000000022fb80000 	/System/Library/Frameworks/TipKit.framework/Versions/A/TipKit
0x00000001a352e000 	/System/Library/PrivateFrameworks/IMSharedUtilities.framework/Versions/A/IMSharedUtilities
0x000000027ead8000 	/usr/lib/swift/libswiftAppleArchive.dylib
0x00000002721c7000 	/System/Library/PrivateFrameworks/VFX.framework/Versions/A/VFX
0x00000001d306a000 	/System/Library/PrivateFrameworks/AppleCVA.framework/Versions/A/AppleCVA
0x00000002365e4000 	/System/Library/PrivateFrameworks/AvatarKitContent.framework/Versions/A/AvatarKitContent
0x000000022b63a000 	/System/Library/Frameworks/MetalFX.framework/Versions/A/MetalFX
0x0000000239b58000 	/System/Library/PrivateFrameworks/CompositorNonUI.framework/Versions/A/CompositorNonUI
0x0000000227aab000 	/System/Library/Frameworks/ARKit.framework/Versions/A/ARKit
0x0000000232271000 	/System/Library/PrivateFrameworks/ARKitCore.framework/Versions/A/ARKitCore
0x000000027d602000 	/usr/lib/libDisplayWarpSupport.dylib
0x000000023b2a6000 	/System/Library/PrivateFrameworks/CoreComposite.framework/Versions/A/CoreComposite
0x000000027da3b000 	/usr/lib/libchannel.dylib
0x000000027e735000 	/usr/lib/librealtime_safety.dylib
0x00000002322fe000 	/System/Library/PrivateFrameworks/ARKitFoundation.framework/Versions/A/ARKitFoundation
0x00000002348f6000 	/System/Library/PrivateFrameworks/AppleDepth.framework/Versions/A/AppleDepth
0x0000000234a6c000 	/System/Library/PrivateFrameworks/AppleDepthCore.framework/Versions/A/AppleDepthCore
0x000000019b20e000 	/System/Library/PrivateFrameworks/CoreAppleCVA.framework/Versions/A/CoreAppleCVA
0x00000001a7fbf000 	/System/Library/PrivateFrameworks/ContactsUICore.framework/Versions/A/ContactsUICore
0x00000001af7d1000 	/System/Library/PrivateFrameworks/ContactsDonation.framework/Versions/A/ContactsDonation
0x00000001af088000 	/System/Library/PrivateFrameworks/DataDetectors.framework/Versions/A/DataDetectors
0x00000001a19de000 	/System/Library/Frameworks/MediaLibrary.framework/Versions/A/MediaLibrary
0x000000019c106000 	/System/Library/PrivateFrameworks/PersonaKit.framework/Versions/A/PersonaKit
0x00000001a7fad000 	/System/Library/PrivateFrameworks/PersonaUI.framework/Versions/A/PersonaUI
0x00000001c2a6f000 	/System/Library/PrivateFrameworks/Transparency.framework/Versions/A/Transparency
0x0000000241aa4000 	/System/Library/PrivateFrameworks/FindMyLocate.framework/Versions/A/FindMyLocate
0x00000001b1092000 	/System/Library/PrivateFrameworks/IntlPreferences.framework/Versions/A/IntlPreferences
0x000000024197d000 	/System/Library/PrivateFrameworks/FindMyCommon.framework/Versions/A/FindMyCommon
0x000000024176d000 	/System/Library/PrivateFrameworks/FindMyBase.framework/Versions/A/FindMyBase
0x000000022ced7000 	/System/Library/Frameworks/NearbyInteraction.framework/Versions/A/NearbyInteraction
0x000000019bd27000 	/System/Library/PrivateFrameworks/AddressBookCore.framework/Versions/A/AddressBookCore
0x00000001b6991000 	/System/Library/PrivateFrameworks/ToneKit.framework/Versions/A/ToneKit
0x00000001b10d9000 	/System/Library/PrivateFrameworks/ToneLibrary.framework/Versions/A/ToneLibrary
0x0000000239e5d000 	/System/Library/PrivateFrameworks/ContactsAccounts.framework/Versions/A/ContactsAccounts
0x00000001b4d5b000 	/System/Library/PrivateFrameworks/Lookup.framework/Versions/A/Lookup
0x000000022d7bc000 	/System/Library/Frameworks/QuickLookUI.framework/Versions/A/QuickLookUI
0x000000022e1d1000 	/System/Library/Frameworks/ScreenCaptureKit.framework/Versions/A/ScreenCaptureKit
0x00000001b1e0b000 	/System/Library/Frameworks/Quartz.framework/Versions/A/Frameworks/QuartzComposer.framework/Versions/A/QuartzComposer
0x00000001b1069000 	/System/Library/Frameworks/Quartz.framework/Versions/A/Frameworks/QuartzFilters.framework/Versions/A/QuartzFilters
0x00000001b0115000 	/System/Library/Frameworks/Quartz.framework/Versions/A/Frameworks/ImageKit.framework/Versions/A/ImageKit
0x00000002278b8000 	/System/Library/Frameworks/OpenCL.framework/Versions/A/OpenCL
0x00000001ae628000 	/System/Library/PrivateFrameworks/CorePDF.framework/Versions/A/CorePDF
0x0000000198dd0000 	/System/Library/Frameworks/QuickLook.framework/Versions/A/QuickLook
0x00000001a391b000 	/System/Library/PrivateFrameworks/DisplayServices.framework/Versions/A/DisplayServices
0x00000001b0fee000 	/System/Library/Frameworks/ImageCaptureCore.framework/Versions/A/ImageCaptureCore
0x00000002741d3000 	/System/Library/PrivateFrameworks/VisionKitCore.framework/Versions/A/VisionKitCore
0x00000001ac738000 	/System/Library/PrivateFrameworks/QuickLookSupport.framework/Versions/A/QuickLookSupport
0x0000000255b6a000 	/System/Library/PrivateFrameworks/MediaAnalysisServices.framework/Versions/A/MediaAnalysisServices
0x00000001b3d46000 	/System/Library/PrivateFrameworks/PhotoLibraryServices.framework/Versions/A/PhotoLibraryServices
0x00000001b0c06000 	/System/Library/Frameworks/Photos.framework/Versions/A/Photos
0x00000001c53f3000 	/System/Library/PrivateFrameworks/PhotosFormats.framework/Versions/A/PhotosFormats
0x00000001c18aa000 	/System/Library/PrivateFrameworks/CloudPhotoLibrary.framework/Versions/A/CloudPhotoLibrary
0x00000001cac82000 	/System/Library/PrivateFrameworks/CloudPhotoServices.framework/Versions/A/CloudPhotoServices
0x00000001c7220000 	/System/Library/PrivateFrameworks/CoreMediaStream.framework/Versions/A/CoreMediaStream
0x000000019c7c7000 	/System/Library/PrivateFrameworks/CPAnalytics.framework/Versions/A/CPAnalytics
0x00000001c3773000 	/System/Library/PrivateFrameworks/MediaConversionService.framework/Versions/A/MediaConversionService
0x00000001a351a000 	/System/Library/PrivateFrameworks/PhotoFoundation.framework/Versions/A/PhotoFoundation
0x000000025d11f000 	/System/Library/PrivateFrameworks/PhotoLibraryServicesCore.framework/Versions/A/PhotoLibraryServicesCore
0x00000001bd53f000 	/System/Library/PrivateFrameworks/MMCS.framework/Versions/A/MMCS
0x00000001a1837000 	/System/Library/PrivateFrameworks/ChunkingLibrary.framework/Versions/A/ChunkingLibrary
0x000000019b4b3000 	/System/Library/PrivateFrameworks/AssetCacheServices.framework/Versions/A/AssetCacheServices
0x000000019d47b000 	/System/Library/PrivateFrameworks/AVFoundationCF.framework/Versions/A/AVFoundationCF
0x00000001db187000 	/usr/lib/swift/libswiftDemangle.dylib
0x000000024dea7000 	/System/Library/PrivateFrameworks/ImageCaptureDevices.framework/Versions/A/ImageCaptureDevices
0x00000001af345000 	/System/Library/PrivateFrameworks/MediaStream.framework/Versions/A/MediaStream
0x00000001c3c15000 	/System/Library/PrivateFrameworks/NeutrinoCore.framework/Versions/A/NeutrinoCore
0x000000018ae04000 	/System/Library/PrivateFrameworks/NLP.framework/Versions/A/NLP
0x00000001c9a15000 	/System/Library/PrivateFrameworks/PhotoImaging.framework/Versions/A/PhotoImaging
0x00000001cac43000 	/System/Library/PrivateFrameworks/PhotosImagingFoundation.framework/Versions/A/PhotosImagingFoundation
0x000000025dccb000 	/System/Library/PrivateFrameworks/PhotosIntelligenceCore.framework/Versions/A/PhotosIntelligenceCore
0x000000019d8b6000 	/System/Library/PrivateFrameworks/EmbeddedAcousticRecognition.framework/Versions/A/EmbeddedAcousticRecognition
0x00000001b8b94000 	/System/Library/PrivateFrameworks/EmojiFoundation.framework/Versions/A/EmojiFoundation
0x00000001c1b23000 	/System/Library/PrivateFrameworks/SDAPI.framework/Versions/A/SDAPI
0x00000001cac91000 	/System/Library/PrivateFrameworks/AutoLoop.framework/Versions/A/AutoLoop
0x000000025e8a8000 	/System/Library/PrivateFrameworks/Portrait.framework/Versions/A/Portrait
0x0000000242134000 	/System/Library/PrivateFrameworks/FusionTracker.framework/Versions/A/FusionTracker
0x00000001b18a5000 	/System/Library/PrivateFrameworks/iTunesCloud.framework/Versions/A/iTunesCloud
0x00000001baa84000 	/System/Library/PrivateFrameworks/DAAPKit.framework/Versions/A/DAAPKit
0x00000001acab4000 	/System/Library/PrivateFrameworks/DeviceManagement.framework/Versions/A/DeviceManagement
0x00000001d0c87000 	/System/Library/PrivateFrameworks/ScreenTimeUI.framework/Versions/A/ScreenTimeUI
0x00000001af082000 	/System/Library/PrivateFrameworks/QuickLookNonBaseSystem.framework/Versions/A/QuickLookNonBaseSystem
0x00000001af8a7000 	/System/Library/PrivateFrameworks/Catalyst.framework/Versions/A/Catalyst
0x00000001b128b000 	/System/Library/PrivateFrameworks/ScreenTimeCore.framework/Versions/A/ScreenTimeCore
0x00000001c48a3000 	/System/Library/PrivateFrameworks/ScreenTimeServiceUI.framework/Versions/A/ScreenTimeServiceUI
0x00000001bd6cf000 	/System/Library/PrivateFrameworks/ConfigurationEngineModel.framework/Versions/A/ConfigurationEngineModel
0x00000001c0880000 	/System/Library/PrivateFrameworks/UsageTracking.framework/Versions/A/UsageTracking
0x00000002293b8000 	/System/Library/Frameworks/DeviceActivity.framework/Versions/A/DeviceActivity
0x00000001c0850000 	/System/Library/PrivateFrameworks/KnowledgeMonitor.framework/Versions/A/KnowledgeMonitor
0x00000001d813a000 	/System/Library/PrivateFrameworks/BluetoothManager.framework/Versions/A/BluetoothManager
0x000000022a9bf000 	/System/Library/Frameworks/ManagedSettings.framework/Versions/A/ManagedSettings
0x00000002552ca000 	/System/Library/PrivateFrameworks/ManagedSettingsSupport.framework/Versions/A/ManagedSettingsSupport
0x00000001d5534000 	/System/Library/Frameworks/ReplayKit.framework/Versions/A/ReplayKit
0x00000001a48da000 	/System/Library/PrivateFrameworks/MarkupUI.framework/Versions/A/MarkupUI
0x00000001af05a000 	/System/Library/PrivateFrameworks/SidecarCore.framework/Versions/A/SidecarCore
0x00000001b1cc0000 	/System/Library/PrivateFrameworks/AnnotationKit.framework/Versions/A/AnnotationKit
0x00000001b035a000 	/System/Library/Frameworks/PencilKit.framework/Versions/A/PencilKit
0x00000001b051f000 	/System/Library/PrivateFrameworks/SidecarUI.framework/Versions/A/SidecarUI
0x00000001afcb7000 	/System/Library/PrivateFrameworks/CoreHandwriting.framework/Versions/A/CoreHandwriting
0x00000001849db000 	/usr/lib/libmecabra.dylib
0x00000001a857e000 	/System/Library/PrivateFrameworks/Calculate.framework/Versions/A/Calculate
0x00000001944d1000 	/usr/lib/libChineseTokenizer.dylib
0x00000001e6586000 	/System/Library/PrivateFrameworks/ScreenReaderCore.framework/Versions/A/ScreenReaderCore
0x000000026b9ff000 	/System/Library/PrivateFrameworks/StocksKit.framework/Versions/A/StocksKit
0x00000001a757b000 	/System/Library/PrivateFrameworks/OAuth.framework/Versions/A/OAuth
0x000000026b6f0000 	/System/Library/PrivateFrameworks/StocksCore.framework/Versions/A/StocksCore
0x000000026cccf000 	/System/Library/PrivateFrameworks/TeaFoundation.framework/Versions/A/TeaFoundation
0x000000026ceb1000 	/System/Library/PrivateFrameworks/TeaSettings.framework/Versions/A/TeaSettings
0x00000001dc84f000 	/System/Library/PrivateFrameworks/NewsCore.framework/Versions/A/NewsCore
0x000000026cc6b000 	/System/Library/PrivateFrameworks/TeaDB.framework/Versions/A/TeaDB
0x00000001d924e000 	/System/Library/PrivateFrameworks/RemoteConfiguration.framework/Versions/A/RemoteConfiguration
0x00000001dc45a000 	/System/Library/PrivateFrameworks/NewsTransport.framework/Versions/A/NewsTransport
0x00000001dc83f000 	/System/Library/PrivateFrameworks/NewsFoundation.framework/Versions/A/NewsFoundation
0x00000002595f8000 	/System/Library/PrivateFrameworks/NewsURLBucket.framework/Versions/A/NewsURLBucket
0x00000001b393f000 	/System/Library/PrivateFrameworks/MobileInstallation.framework/Versions/A/MobileInstallation
0x000000022fced000 	/System/Library/Frameworks/Translation.framework/Versions/A/Translation
0x00000001cc693000 	/System/Library/PrivateFrameworks/RevealCore.framework/Versions/A/RevealCore
0x00000001cc687000 	/System/Library/PrivateFrameworks/Reveal.framework/Versions/A/Reveal
0x00000001c456d000 	/System/Library/Frameworks/Speech.framework/Versions/A/Speech
0x0000000231151000 	/System/Library/PrivateFrameworks/AIMLExperimentationAnalytics.framework/Versions/A/AIMLExperimentationAnalytics
0x00000002334af000 	/System/Library/PrivateFrameworks/AlgorithmsInternal.framework/Versions/A/AlgorithmsInternal
0x0000000270503000 	/System/Library/PrivateFrameworks/TranslationUIServices.framework/Versions/A/TranslationUIServices
0x000000026f3ef000 	/System/Library/PrivateFrameworks/TipKitCore.framework/Versions/A/TipKitCore
0x00000001b8c18000 	/System/Library/PrivateFrameworks/CoreCDPInternal.framework/Versions/A/CoreCDPInternal
0x000000024e683000 	/System/Library/PrivateFrameworks/InputAnalytics.framework/Versions/A/InputAnalytics
0x00000001be6b1000 	/System/Library/Frameworks/InstantMessage.framework/Versions/A/InstantMessage
0x00000001b6708000 	/System/Library/PrivateFrameworks/IDSKVStore.framework/Versions/A/IDSKVStore
0x00000001b63e7000 	/System/Library/PrivateFrameworks/IMDPersistence.framework/Versions/A/IMDPersistence
0x00000002720bd000 	/System/Library/PrivateFrameworks/UserSafety.framework/Versions/A/UserSafety
0x00000001d7348000 	/System/Library/PrivateFrameworks/BlastDoor.framework/Versions/A/BlastDoor
0x0000000252b22000 	/System/Library/PrivateFrameworks/LinkPresentationStyleSheetParsing.framework/Versions/A/LinkPresentationStyleSheetParsing
0x000000025ea59000 	/System/Library/PrivateFrameworks/PosterFoundation.framework/Versions/A/PosterFoundation
0x000000025eae7000 	/System/Library/PrivateFrameworks/PosterModel.framework/Versions/A/PosterModel
0x000000025eac2000 	/System/Library/PrivateFrameworks/PosterFuturesKit.framework/Versions/A/PosterFuturesKit
0x0000000241564000 	/System/Library/PrivateFrameworks/FeedbackService.framework/Versions/A/FeedbackService
0x00000001af728000 	/System/Library/PrivateFrameworks/CoreSDB.framework/Versions/A/CoreSDB
0x0000000235cca000 	/System/Library/PrivateFrameworks/AskToCore.framework/Versions/A/AskToCore
0x00000001d14be000 	/System/Library/PrivateFrameworks/MachineSettings.framework/Versions/A/MachineSettings
0x00000001c2fcf000 	/System/Library/PrivateFrameworks/BezelServices.framework/Versions/A/BezelServices
0x00000001bab10000 	/System/Library/PrivateFrameworks/SPOwner.framework/Versions/A/SPOwner
0x00000001b35af000 	/System/Library/PrivateFrameworks/FMCore.framework/Versions/A/FMCore
0x00000001b2da9000 	/System/Library/PrivateFrameworks/AppleMediaServicesUI.framework/Versions/A/AppleMediaServicesUI
0x00000002789be000 	/System/Library/PrivateFrameworks/iCloudQuota.framework/Versions/A/iCloudQuota
0x00000001a7f2a000 	/System/Library/PrivateFrameworks/CoreRecognition.framework/Versions/A/CoreRecognition
0x00000001c3085000 	/System/Library/PrivateFrameworks/InAppMessages.framework/Versions/A/InAppMessages
0x00000001e5177000 	/System/Library/PrivateFrameworks/JetUI.framework/Versions/A/JetUI
0x0000000251e03000 	/System/Library/PrivateFrameworks/JetPack.framework/Versions/A/JetPack
0x00000001c307c000 	/System/Library/PrivateFrameworks/InAppMessagesCore.framework/Versions/A/InAppMessagesCore
0x0000000277d89000 	/System/Library/PrivateFrameworks/_JetEngine_SwiftUI.framework/Versions/A/_JetEngine_SwiftUI
0x000000026c788000 	/System/Library/PrivateFrameworks/Synapse.framework/Versions/A/Synapse
0x0000000237e6c000 	/System/Library/PrivateFrameworks/CSExattrCrypto.framework/Versions/A/CSExattrCrypto
0x00000001b4a44000 	/System/Library/PrivateFrameworks/StoreFoundation.framework/Versions/A/StoreFoundation
0x00000001b35a9000 	/System/Library/PrivateFrameworks/ServerInformation.framework/Versions/A/ServerInformation
0x00000001b2fdf000 	/System/Library/PrivateFrameworks/Install.framework/Frameworks/DistributionKit.framework/Versions/A/DistributionKit
0x00000001ac50c000 	/System/Library/PrivateFrameworks/PackageKit.framework/Versions/A/PackageKit
0x00000001b3002000 	/System/Library/PrivateFrameworks/OSPersonalization.framework/Versions/A/OSPersonalization
0x00000001b4fce000 	/System/Library/PrivateFrameworks/BridgeOSSoftwareUpdate.framework/Versions/A/BridgeOSSoftwareUpdate
0x00000001afbbf000 	/System/Library/PrivateFrameworks/StorageManagement.framework/Versions/A/StorageManagement
0x00000001c43f3000 	/usr/lib/libauthinstall.dylib
0x00000001b4fd7000 	/System/Library/PrivateFrameworks/InstallerDiagnostics.framework/Versions/A/InstallerDiagnostics
0x00000001c4a6f000 	/usr/lib/libcrypto.42.dylib
0x000000027f03f000 	/usr/lib/updaters/libAppleTconUARPUpdater.dylib
0x000000027f162000 	/usr/lib/updaters/libT200Updater.dylib
0x00000001b4fbc000 	/System/Library/PrivateFrameworks/GPUInfo.framework/Versions/A/GPUInfo
0x00000001c3180000 	/System/Library/PrivateFrameworks/MobileActivationMacOS.framework/Versions/A/MobileActivationMacOS
0x00000001a74bd000 	/System/Library/PrivateFrameworks/AccountsDaemon.framework/Versions/A/AccountsDaemon
0x000000024ac4d000 	/System/Library/PrivateFrameworks/GenerativePartnerService.framework/Versions/A/GenerativePartnerService
0x0000000197526000 	/System/Library/PrivateFrameworks/CacheDelete.framework/Versions/A/CacheDelete
0x000000019fe8e000 	/System/Library/Frameworks/QuickLookThumbnailing.framework/Versions/A/QuickLookThumbnailing
0x00000001b501b000 	/System/Library/PrivateFrameworks/AOSKit.framework/Versions/A/AOSKit
0x0000000194602000 	/System/Library/PrivateFrameworks/AppSSOCore.framework/Versions/A/AppSSOCore
0x00000001aea32000 	/System/Library/Frameworks/AVFoundation.framework/Versions/A/AVFoundation
0x000000023667e000 	/System/Library/PrivateFrameworks/BackgroundSystemTasks.framework/Versions/A/BackgroundSystemTasks
0x000000019fda4000 	/System/Library/PrivateFrameworks/DuetActivityScheduler.framework/Versions/A/DuetActivityScheduler
0x00000001c17d9000 	/System/Library/PrivateFrameworks/NetworkServiceProxy.framework/Versions/A/NetworkServiceProxy
0x000000019b147000 	/usr/lib/libnetworkextension.dylib
0x000000019d7c5000 	/System/Library/PrivateFrameworks/Rapport.framework/Versions/A/Rapport
0x000000026c4b1000 	/System/Library/PrivateFrameworks/Symptoms.framework/Versions/A/Frameworks/SymptomAnalytics.framework/Versions/A/SymptomAnalytics
0x0000000197f5a000 	/System/Library/Frameworks/NetworkExtension.framework/Versions/A/NetworkExtension
0x000000019e56b000 	/System/Library/PrivateFrameworks/CoreDuetContext.framework/Versions/A/CoreDuetContext
0x000000018945f000 	/System/Library/PrivateFrameworks/CoreDuet.framework/Versions/A/CoreDuet
0x00000001a3274000 	/System/Library/PrivateFrameworks/AssistantServices.framework/Versions/A/AssistantServices
0x000000019d5bf000 	/System/Library/PrivateFrameworks/SAObjects.framework/Versions/A/SAObjects
0x00000001a2e6f000 	/System/Library/PrivateFrameworks/MediaRemote.framework/Versions/A/MediaRemote
0x00000001b550f000 	/System/Library/PrivateFrameworks/SiriInstrumentation.framework/Versions/A/SiriInstrumentation
0x0000000263470000 	/System/Library/PrivateFrameworks/SiriAnalytics.framework/Versions/A/SiriAnalytics
0x0000000269312000 	/System/Library/PrivateFrameworks/SiriTTSService.framework/Versions/A/SiriTTSService
0x0000000263dac000 	/System/Library/PrivateFrameworks/SiriCrossDeviceArbitration.framework/Versions/A/SiriCrossDeviceArbitration
0x00000001b2d7b000 	/System/Library/PrivateFrameworks/FeedbackLogger.framework/Versions/A/FeedbackLogger
0x0000000241111000 	/System/Library/PrivateFrameworks/FaceTimeNameUtility.framework/Versions/A/FaceTimeNameUtility
0x0000000263e00000 	/System/Library/PrivateFrameworks/SiriCrossDeviceArbitrationFeedback.framework/Versions/A/SiriCrossDeviceArbitrationFeedback
0x000000024ab09000 	/System/Library/PrivateFrameworks/GenerativeModels.framework/Versions/A/GenerativeModels
0x0000000227bf1000 	/System/Library/Frameworks/AVRouting.framework/Versions/A/AVRouting
0x00000001a7d3d000 	/System/Library/PrivateFrameworks/MediaServices.framework/Versions/A/MediaServices
0x000000019d3fd000 	/System/Library/Frameworks/LocalAuthentication.framework/Versions/A/LocalAuthentication
0x0000000252d58000 	/System/Library/PrivateFrameworks/LocalAuthenticationCore.framework/Versions/A/LocalAuthenticationCore
0x0000000252edd000 	/System/Library/PrivateFrameworks/LocalAuthenticationCredentialServices.framework/Versions/A/LocalAuthenticationCredentialServices
0x000000019d469000 	/System/Library/Frameworks/LocalAuthentication.framework/Support/SharedUtils.framework/Versions/A/SharedUtils
0x0000000194a4b000 	/System/Library/PrivateFrameworks/PersistentConnection.framework/Versions/A/PersistentConnection
0x000000026ab25000 	/System/Library/PrivateFrameworks/SonicFoundation.framework/Versions/A/SonicFoundation
0x000000023f975000 	/System/Library/PrivateFrameworks/Dendrite.framework/Versions/A/Dendrite
0x00000001b73cf000 	/usr/lib/libtailspin.dylib
0x00000001cada1000 	/System/Library/PrivateFrameworks/Osprey.framework/Versions/A/Osprey
0x000000026896d000 	/System/Library/PrivateFrameworks/SiriTTS.framework/Versions/A/SiriTTS
0x00000001af7ee000 	/System/Library/Frameworks/NaturalLanguage.framework/Versions/A/NaturalLanguage
0x0000000267753000 	/System/Library/PrivateFrameworks/SiriPowerInstrumentation.framework/Versions/A/SiriPowerInstrumentation
0x00000001b06af000 	/System/Library/PrivateFrameworks/Trial.framework/Versions/A/Trial
0x00000001b0631000 	/System/Library/PrivateFrameworks/TrialProto.framework/Versions/A/TrialProto
0x00000002717aa000 	/System/Library/PrivateFrameworks/UnifiedAssetFramework.framework/Versions/A/UnifiedAssetFramework
0x00000001ccdc7000 	/usr/lib/swift/libswiftAVFoundation.dylib
0x00000001dd1ed000 	/usr/lib/swift/libswiftNaturalLanguage.dylib
0x000000026cc69000 	/System/Library/PrivateFrameworks/TailspinSymbolication.framework/Versions/A/TailspinSymbolication
0x000000023f5b4000 	/System/Library/PrivateFrameworks/Darwinup.framework/Versions/A/Darwinup
0x00000001c37ae000 	/System/Library/PrivateFrameworks/SignpostSupport.framework/Versions/A/SignpostSupport
0x00000001af6b5000 	/System/Library/PrivateFrameworks/FeatureFlagsSupport.framework/Versions/A/FeatureFlagsSupport
0x00000001c2ee1000 	/System/Library/PrivateFrameworks/ktrace.framework/Versions/A/ktrace
0x00000001c39dd000 	/System/Library/PrivateFrameworks/SampleAnalysis.framework/Versions/A/SampleAnalysis
0x00000001cc661000 	/System/Library/PrivateFrameworks/kperfdata.framework/Versions/A/kperfdata
0x0000000198f11000 	/usr/lib/libdscsym.dylib
0x00000001ccb1d000 	/System/Library/PrivateFrameworks/BulkSymbolication.framework/Versions/A/BulkSymbolication
0x000000019feda000 	/System/Library/PrivateFrameworks/Espresso.framework/Versions/A/Espresso
0x000000018e031000 	/System/Library/Frameworks/CoreML.framework/Versions/A/CoreML
0x00000001e692d000 	/System/Library/PrivateFrameworks/ANECompiler.framework/Versions/A/ANECompiler
0x00000001a1fc7000 	/System/Library/PrivateFrameworks/AppleNeuralEngine.framework/Versions/A/AppleNeuralEngine
0x000000022b6e1000 	/System/Library/Frameworks/MetalPerformanceShadersGraph.framework/Versions/A/MetalPerformanceShadersGraph
0x00000002537e4000 	/System/Library/PrivateFrameworks/MLCompilerServices.framework/Versions/A/MLCompilerServices
0x00000001a0d76000 	/System/Library/PrivateFrameworks/ANEServices.framework/Versions/A/ANEServices
0x000000025a653000 	/System/Library/PrivateFrameworks/ODIE.framework/Versions/A/ODIE
0x0000000253788000 	/System/Library/PrivateFrameworks/MLCompilerRuntime.framework/Versions/A/MLCompilerRuntime
0x0000000192413000 	/System/Library/Frameworks/MLCompute.framework/Versions/A/MLCompute
0x000000025370a000 	/System/Library/PrivateFrameworks/MLAssetIO.framework/Versions/A/MLAssetIO
0x000000027eb17000 	/usr/lib/swift/libswiftMLCompute.dylib
0x000000019cf50000 	/System/Library/PrivateFrameworks/AVFCore.framework/Versions/A/AVFCore
0x00000001a64cd000 	/System/Library/PrivateFrameworks/AVFCapture.framework/Versions/A/AVFCapture
0x0000000237a71000 	/System/Library/PrivateFrameworks/CMImaging.framework/Versions/A/CMImaging
0x00000001a6716000 	/System/Library/PrivateFrameworks/Quagga.framework/Versions/A/Quagga
0x00000001a684a000 	/System/Library/PrivateFrameworks/CMCapture.framework/Versions/A/CMCapture
0x000000019714d000 	/System/Library/Frameworks/CoreMediaIO.framework/Versions/A/CoreMediaIO
0x00000002379ad000 	/System/Library/PrivateFrameworks/CMCaptureDevice.framework/Versions/A/CMCaptureDevice
0x0000000194bc1000 	/System/Library/PrivateFrameworks/CoreBrightness.framework/Versions/A/CoreBrightness
0x0000000238a82000 	/System/Library/PrivateFrameworks/CinematicFraming.framework/Versions/A/CinematicFraming
0x00000001c9e5f000 	/System/Library/PrivateFrameworks/CPMS.framework/Versions/A/CPMS
0x000000026c95f000 	/System/Library/PrivateFrameworks/SystemStatus.framework/Versions/A/SystemStatus
0x00000001ae62a000 	/System/Library/Frameworks/CoreMotion.framework/Versions/A/CoreMotion
0x00000001be76f000 	/System/Library/PrivateFrameworks/TimeSync.framework/Versions/A/TimeSync
0x0000000240292000 	/System/Library/PrivateFrameworks/DistributedSensing.framework/Versions/A/DistributedSensing
0x00000001b9d4f000 	/System/Library/PrivateFrameworks/MobileBluetooth.framework/Versions/A/MobileBluetooth
0x00000001c0468000 	/System/Library/PrivateFrameworks/IOKitten.framework/Versions/A/IOKitten
0x0000000185c57000 	/System/Library/PrivateFrameworks/LanguageModeling.framework/Versions/A/LanguageModeling
0x000000018ac0b000 	/System/Library/PrivateFrameworks/Montreal.framework/Versions/A/Montreal
0x0000000192e7e000 	/usr/lib/libcmph.dylib
0x000000024abe2000 	/System/Library/PrivateFrameworks/GenerativeModelsFoundation.framework/Versions/A/GenerativeModelsFoundation
0x000000026f757000 	/System/Library/PrivateFrameworks/TokenGeneration.framework/Versions/A/TokenGeneration
0x000000024a9c5000 	/System/Library/PrivateFrameworks/GenerativeFunctions.framework/Versions/A/GenerativeFunctions
0x000000024aa11000 	/System/Library/PrivateFrameworks/GenerativeFunctionsFoundation.framework/Versions/A/GenerativeFunctionsFoundation
0x0000000256f30000 	/System/Library/PrivateFrameworks/ModelCatalog.framework/Versions/A/ModelCatalog
0x000000026291d000 	/System/Library/PrivateFrameworks/SensitiveContentAnalysisML.framework/Versions/A/SensitiveContentAnalysisML
0x000000024aaa6000 	/System/Library/PrivateFrameworks/GenerativeFunctionsInstrumentation.framework/Versions/A/GenerativeFunctionsInstrumentation
0x000000025fb6b000 	/System/Library/PrivateFrameworks/PromptKit.framework/Versions/A/PromptKit
0x000000025f648000 	/System/Library/PrivateFrameworks/ProactiveDaemonSupport.framework/Versions/A/ProactiveDaemonSupport
0x0000000257312000 	/System/Library/PrivateFrameworks/ModelManagerServices.framework/Versions/A/ModelManagerServices
0x000000026f9a5000 	/System/Library/PrivateFrameworks/TokenGenerationCore.framework/Versions/A/TokenGenerationCore
0x0000000234eee000 	/System/Library/PrivateFrameworks/AppleIntelligenceReporting.framework/Versions/A/AppleIntelligenceReporting
0x0000000234b56000 	/System/Library/PrivateFrameworks/AppleFlatBuffers.framework/Versions/A/AppleFlatBuffers
0x0000000262b56000 	/System/Library/PrivateFrameworks/SentencePieceInternal.framework/Versions/A/SentencePieceInternal
0x000000019b52b000 	/System/Library/Frameworks/Vision.framework/Versions/A/Vision
0x000000023ef8c000 	/System/Library/PrivateFrameworks/CoreSceneUnderstanding.framework/Versions/A/CoreSceneUnderstanding
0x0000000274187000 	/System/Library/PrivateFrameworks/VisionCore.framework/Versions/A/VisionCore
0x00000001b8cf0000 	/System/Library/Frameworks/Vision.framework/libfaceCore.dylib
0x00000001b9813000 	/System/Library/PrivateFrameworks/Futhark.framework/Versions/A/Futhark
0x00000001bd5eb000 	/System/Library/PrivateFrameworks/InertiaCam.framework/Versions/A/InertiaCam
0x00000001b959b000 	/System/Library/PrivateFrameworks/TextRecognition.framework/Versions/A/TextRecognition
0x0000000194623000 	/System/Library/PrivateFrameworks/CVNLP.framework/Versions/A/CVNLP
0x000000018dad0000 	/System/Library/PrivateFrameworks/ApplePushService.framework/Versions/A/ApplePushService
0x000000018db3b000 	/System/Library/Frameworks/CloudKit.framework/Versions/A/CloudKit
0x00000001a0f34000 	/System/Library/PrivateFrameworks/CoreDuetDaemonProtocol.framework/Versions/A/CoreDuetDaemonProtocol
0x00000001c5fb2000 	/System/Library/PrivateFrameworks/DeviceIdentity.framework/Versions/A/DeviceIdentity
0x000000022e3e8000 	/System/Library/Frameworks/SharedWithYouCore.framework/Versions/A/SharedWithYouCore
0x000000023932a000 	/System/Library/PrivateFrameworks/CloudTelemetry.framework/Versions/A/CloudTelemetry
0x000000019f872000 	/System/Library/PrivateFrameworks/AppleAccount.framework/Versions/A/AppleAccount
0x000000019fe33000 	/System/Library/PrivateFrameworks/C2.framework/Versions/A/C2
0x0000000238f9c000 	/System/Library/PrivateFrameworks/CloudCoreInternal.framework/Versions/A/CloudCoreInternal
0x0000000238d41000 	/System/Library/PrivateFrameworks/CloudAsset.framework/Versions/A/CloudAsset
0x000000019fe2a000 	/System/Library/Frameworks/PushKit.framework/Versions/A/PushKit
0x000000023934a000 	/System/Library/PrivateFrameworks/CloudTelemetryTools.framework/Versions/A/CloudTelemetryTools
0x00000001a1d24000 	/System/Library/PrivateFrameworks/RTCReporting.framework/Versions/A/RTCReporting
0x0000000231037000 	/System/Library/PrivateFrameworks/AAAFoundationSwift.framework/Versions/A/AAAFoundationSwift
0x000000019fafd000 	/System/Library/PrivateFrameworks/AppleIDSSOAuthentication.framework/Versions/A/AppleIDSSOAuthentication
0x00000001b48ef000 	/System/Library/PrivateFrameworks/CaptiveNetwork.framework/Versions/A/CaptiveNetwork
0x000000019f303000 	/System/Library/PrivateFrameworks/EAP8021X.framework/Versions/A/EAP8021X
0x000000023f39a000 	/System/Library/PrivateFrameworks/CryptoKitPrivate.framework/Versions/A/CryptoKitPrivate
0x00000001aec82000 	/System/Library/PrivateFrameworks/FindMyDevice.framework/Versions/A/FindMyDevice
0x00000001a3a0a000 	/System/Library/PrivateFrameworks/FMCoreLite.framework/Versions/A/FMCoreLite
0x00000001920b3000 	/System/Library/Frameworks/ServiceManagement.framework/Versions/A/ServiceManagement
0x00000001c39a6000 	/System/Library/PrivateFrameworks/UIKitServices.framework/Versions/A/UIKitServices
0x000000013d6e0000 	/System/Library/Extensions/AGXMetalG14G.bundle/Contents/MacOS/AGXMetalG14G
0x00000001a7bde000 	/System/Library/PrivateFrameworks/IOGPU.framework/Versions/A/IOGPU
0x0000000128c68000 	/Users/mattias800/Library/Java/JavaVirtualMachines/ms-21.0.10/Contents/Home/lib/libosxui.dylib
0x000000013c3ec000 	/Users/mattias800/Library/Java/JavaVirtualMachines/ms-21.0.10/Contents/Home/lib/libjawt.dylib
0x000000013c754000 	/private/var/folders/00/y_pwwndd1hj9rnmh0xwj36v80000gn/T/sqlite-3.51.0.0-c2eb77ac-11d7-42eb-90b3-4ec3377e9f53-libsqlitejdbc.dylib
0x000000013c664000 	/Users/mattias800/repos/spela/player/desktop/build/native/libspela-libretro.dylib
0x000000013c690000 	/Users/mattias800/Library/Java/JavaVirtualMachines/ms-21.0.10/Contents/Home/lib/libextnet.dylib
0x000000026d47a000 	/System/Library/PrivateFrameworks/TextInputUI.framework/Versions/A/TextInputUI
0x000000026d4ae000 	/System/Library/PrivateFrameworks/TextInputUIMacHelper.framework/Versions/A/TextInputUIMacHelper
0x00000001b9902000 	/System/Library/PrivateFrameworks/SafariPlatformSupport.framework/Versions/A/SafariPlatformSupport
0x000000026b11f000 	/System/Library/PrivateFrameworks/SpotlightKnowledge.framework/Versions/A/SpotlightKnowledge
0x0000000240740000 	/System/Library/PrivateFrameworks/DocumentUnderstandingClient.framework/Versions/A/DocumentUnderstandingClient
0x000000026b106000 	/System/Library/PrivateFrameworks/SpotlightEmbedding.framework/Versions/A/SpotlightEmbedding
0x0000000189402000 	/System/Library/PrivateFrameworks/SpotlightLinguistics.framework/Versions/A/SpotlightLinguistics
0x000000026b2d3000 	/System/Library/PrivateFrameworks/SpotlightResources.framework/Versions/A/SpotlightResources
0x00000001a12eb000 	/System/Library/PrivateFrameworks/SpotlightIndex.framework/Versions/A/SpotlightIndex
0x00000001b48b3000 	/System/Library/PrivateFrameworks/DataDeliveryServices.framework/Versions/A/DataDeliveryServices
0x0000000238abb000 	/System/Library/PrivateFrameworks/CipherML.framework/Versions/A/CipherML
0x000000025cb92000 	/System/Library/PrivateFrameworks/PegasusKit.framework/Versions/A/PegasusKit
0x000000026c0a2000 	/System/Library/PrivateFrameworks/SwiftSQLite.framework/Versions/A/SwiftSQLite

JVMTI agents: none


VM Arguments:
jvm_args: -Dcompose.application.configure.swing.globals=true -Dcompose.application.resources.dir=/Users/mattias800/repos/spela/player/desktop/build/compose/tmp/prepareAppResources -Djava.library.path=/Users/mattias800/repos/spela/player/desktop/build/native -Dfile.encoding=UTF-8 -Duser.country=US -Duser.language=en -Duser.variant 
java_command: com.spela.player.desktop.MainKt
java_class_path (initial): /Users/mattias800/repos/spela/player/desktop/build/libs/desktop-desktop.jar:/Users/mattias800/repos/spela/player/shared/build/libs/shared-desktop.jar:/Users/mattias800/.gradle/caches/modules-2/files-2.1/org.jetbrains.compose.material3/material3-desktop/1.9.0/19004c4eb3dc6618eb66a076bbe3d7e1a2e7b85/material3-desktop-1.9.0.jar:/Users/mattias800/.gradle/caches/modules-2/files-2.1/org.jetbrains.compose.components/components-resources-desktop/1.10.1/c6115b607f77e9d033de360f989850d3824bf112/library-desktop-1.10.1.jar:/Users/mattias800/.gradle/caches/modules-2/files-2.1/org.jetbrains.compose.desktop/desktop-jvm/1.10.1/42facd9840309ac4eb841a986c5d1b97d2780471/desktop-jvm-1.10.1.jar:/Users/mattias800/.gradle/caches/modules-2/files-2.1/io.coil-kt.coil3/coil-compose-jvm/3.3.0/38281ac8d9773163bb49be7a871239ea0b953f21/coil-compose-jvm-3.3.0.jar:/Users/mattias800/.gradle/caches/modules-2/files-2.1/io.coil-kt.coil3/coil-compose-core-jvm/3.3.0/4ea0aece0de785d13342ef927464bf75d918f80b/coil-compose-core-jvm-3.3.0.jar:/Users/mattias800/.gradle/caches/modules-2/files-2.1/org.jetbrains.compose.material/material-desktop/1.10.1/63e1c3c6705d111bf84e41110e7729df5b85163e/material-desktop-1.10.1.jar:/Users/mattias800/.gradle/caches/modules-2/files-2.1/org.jetbrains.compose.material/material-ripple-desktop/1.10.1/74a14824f086339703264689c5a7cf4ceb39ed40/material-ripple-desktop-1.10.1.jar:/Users/mattias800/.gradle/caches/modules-2/files-2.1/org.jetbrains.compose.foundation/foundation-desktop/1.10.1/d9ba57abee3527886ea640d3b390a70ba9e28af/foundation-desktop-1.10.1.jar:/Users/mattias800/.gradle/caches/modules-2/files-2.1/org.jetbrains.compose.material/material-icons-extended-desktop/1.7.3/c7c5465dd754043076875b32bce0dd7f5a354fe8/material-icons-extended-desktop-1.7.3.jar:/Users/mattias800/.gradle/caches/modules-2/files-2.1/org.jetbrains.compose.animation/animation-desktop/1.10.1/17f777e04f7fe5dff2fe7992d0c0bda81c3a3897/animation-desktop-1.10.1.jar:/Users/mattias800/.gradle/caches/modules-2/files-2.1/org.jetbrains.compose.foundation/foundation-layout-desktop/1.10.1/263364f922ef14fb64f1313a384a0c31cd6f3fa5/foundation-layout-desktop-1.10.1.jar:/Users/mattias800/.gradle/caches/modules-2/files-2.1/org.jetbrains.compose.material/material-icons-core-desktop/1.7.3/414b3096050fe647b0638832eace80f22c06b85c/material-icons-core-desktop-1.7.3.jar:/Users/mattias800/.gradle/caches/modules-2/files-2.1/org.jetbrains.compose.animation/animation-core-desktop/1.10.1/5dd98c5745e548644b7657901bbcc4c2c8f9ec59/animation-core-desktop-1.10.1.jar:/Users/mattias800/.gradle/caches/modules-2/files-2.1/org.jetbrains.compose.ui/ui-desktop/1.10.1/73a6b1e10434fb11bae82daa68c205c71af03c55/ui-desktop-1.10.1.jar:/Users/mattias800/.gradle/caches/modules-2/files-2.1/io.ktor/ktor-client-content-negotiation-jvm/3.4.0/266c1aef9d340c22cd859dd5c9174c2e1d86489f/ktor-client-content-negotiation-jvm-3.4.0.jar:/Users/mattias800/.gradle/caches/modules-2/files-2.1/io.ktor/ktor-client-auth-jvm/3.4.0/14d75d5e7552a8e26a2ad4dd511a76d4a0c5502f/ktor-client-auth-jvm-3.4.0.jar:/Users/mattias800/.gradle/caches/modules-2/files-2.1/io.ktor/ktor-client-logging-jvm/3.4.0/278d41697d9194d36290842bfdae03d674b3f365/ktor-client-logging-jvm-3.4.0.jar:/Users/mattias800/.gradle/caches/modules-2/files-2.1/io.ktor/ktor-client-websockets-jvm/3.4.0/69e1468e52be95fd339dd8026e78985a6ef981e6/ktor-client-websockets-jvm-3.4.0.jar:/Users/mattias800/.gradle/caches/modules-2/files-2.1/io.coil-kt.coil3/coil-network-ktor3-jvm/3.3.0/70b76d7093cce8124a2b2e665ac281992755376e/coil-network-ktor3-jvm-3.3.0.jar:/Users/mattias800/.gradle/caches/modules-2/files-2.1/io.ktor/ktor-client-cio-jvm/3.4.0/84786f75d08fe5042f17c246380eb8381d125a6b/ktor-client-cio-jvm-3.4.0.jar:/Users/mattias800/.gradle/caches/modules-2/files-2.1/io.ktor/ktor-client-core-jvm/3.4.0/1f017fc4dcf7e3ff5152a28923b7639a9ba82123/ktor-client-core-jvm-3.4.0.jar:/Users/mattias800/.gradle/caches/modules-2/files-2.1/io.ktor/ktor-serialization-kotlinx-json-jvm/3.4.0/2a09f17d70b6e61623fd8aff9bdce6d7877892/ktor-serialization-kotlinx-json-jvm-3.4.0.jar:/Users/mattias800/.gradle/caches/modules-2/files-2.1/app.cash.sqldelight/coroutines-extensions-jvm/2.2.1/57db01cca75db01f64c58fb1db3aad67b1a52708/sqldelight-coroutines-extensions-jvm-2.2.1.jar:/Users/mattias800/.gradle/caches/modules-2/files-2.1/org.jetbrains.skiko/skiko-awt-runtime-macos-arm64/0.9.37.4/a21a251e5695f2b8da63842e9e8a5ecb2f219dce/skiko-awt-runtime-macos-arm64-0.9.37.4.jar:/Users/mattias800/.gradle/caches/modules-2/files-2.1/org.jetbrains.compose.ui/ui-text-desktop/1.10.1/7babd6e2dea601e74bed24b4017350e1acf4569c/ui-text-desktop-1.10.1.jar:/Users/mattias800/.gradle/caches/modules-2/files-2.1/org.jetbrains.compose.ui/ui-graphics-desktop/1.10.1/c0b9e89e8f5ac5b0253d32d8da2758643ca1e19b/ui-graphics-desktop-1.10.1.jar:/Users/mattias800/.gradle/caches/modules-2/files-2.1/io.coil-kt.coil3/coil-jvm/3.3.0/246e1bf044d5f858315c517f7f770f6dc0516195/coil-jvm-3.3.0.jar:/Users/mattias800/.gradle/caches/modules-2/files-2.1/io.coil-kt.coil3/coil-network-core-jvm/3.3.0/c50c4cf1424afcc90532ed8064bcaa14d88d0ea8/coil-network-core-jvm-3.3.0.jar:/Users/mattias800/.gradle/caches/modules-2/files-2.1/io.coil-kt.coil3/coil-core-jvm/3.3.0/70ff6cf3312784cddfe695b2e2f62aec53778b38/coil-core-jvm-3.3.0.jar:/Users/mattias800/.gradle/caches/modules-2/files-2.1/org.jetbrains.skiko/skiko-awt/0.9.37.4/fc7470cca1041a52b182a921205c5c224e7709ad/skiko-awt-0.9.37.4.jar:/Users/mattias800/.gradle/caches/modules-2/files-2.1/org.jetbrains.kotlinx/kotlinx-coroutines-slf4j/1.10.2/1271f9d4a929150bb87ab8d1dc1e86d4bcf039f3/kotlinx-coroutines-slf4j-1.10.2.jar:/Users/mattias800/.gradle/caches/modules-2/files-2.1/io.insert-koin/koin-compose-jvm/4.0.0/cf45eee3ae6e58e04a6771a8c04a8937395f8ea0/koin-compose-jvm-4.0.0.jar:/Users/mattias800/.gradle/caches/modules-2/files-2.1/org.jetbrains.compose.ui/ui-backhandler-desktop/1.10.1/ed725f86a0fdff73fb37561ffb606166725e4b6f/ui-backhandler-desktop-1.10.1.jar:/Users/mattias800/.gradle/caches/modules-2/files-2.1/androidx.navigationevent/navigationevent-desktop/1.0.2/ddb1e7fe97ed51c3d35bba493f97fcf12398719/navigationevent-desktop-1.0.2.jar:/Users/mattias800/.gradle/caches/modules-2/files-2.1/androidx.compose.runtime/runtime-annotation-jvm/1.10.2/ea491da34ba40ae9bd340c393566753ddfd95a76/runtime-annotation-jvm-1.10.2.jar:/Users/mattias800/.gradle/caches/modules-2/files-2.1/androidx.compose.runtime/runtime-retain-desktop/1.10.2/879812e3cd2c6151f5d91f515a35952b1be07a76/runtime-retain-desktop-1.10.2.jar:/Users/mattias800/.gradle/caches/modules-2/files-2.1/androidx.compose.runtime/runtime-saveable-desktop/1.10.2/f6903c683c07ba479659ba4eb55bc7c80a7c433e/runtime-saveable-desktop-1.10.2.jar:/Users/mattias800/.gradle/caches/modules-2/files-2.1/org.jetbrains.compose.runtime/runtime-saveable-desktop/1.10.1/9b0e2a8ce3ae7d2b1a40307bc9271933b238cfd4/runtime-saveable-desktop-1.10.1.jar:/Users/mattias800/.gradle/caches/modules-2/files-2.1/org.jetbrains.androidx.lifecycle/lifecycle-runtime-compose-desktop/2.9.6/7b6b6793f3c4c5996b20d1d99cf728e5fac00364/lifecycle-runtime-compose-desktop-2.9.6.jar:/Users/mattias800/.gradle/caches/modules-2/files-2.1/org.jetbrains.compose.ui/ui-unit-desktop/1.10.1/aeeb2f31358ab5abf0bafa0828de2faba7189db5/ui-unit-desktop-1.10.1.jar:/Users/mattias800/.gradle/caches/modules-2/files-2.1/org.jetbrains.compose.ui/ui-geometry-desktop/1.10.1/779ddaadbc03720f7bb2507f6ed6dc4ffc9e7f3e/ui-geometry-desktop-1.10.1.jar:/Users/mattias800/.gradle/caches/modules-2/files-2.1/org.jetbrains.compose.ui/ui-tooling-preview-desktop/1.10.1/6d464d6c6d654d45aecdfaff7a08d64af62217e2/ui-tooling-preview-desktop-1.10.1.jar:/Users/mattias800/.gradle/caches/modules-2/files-2.1/org.jetbrains.androidx.savedstate/savedstate-compose-desktop/1.3.6/63692375ffe667f12cb3ea8aa1e605d659ed2add/savedstate-compose-desktop-1.3.6.jar:/Users/mattias800/.gradle/caches/modules-2/files-2.1/org.jetbrains.compose.runtime/runtime-desktop/1.10.1/edbd39fc9691f4ba1e29c6690341148db4272752/runtime-desktop-1.10.1.jar:/Users/mattias800/.gradle/caches/modules-2/files-2.1/androidx.lifecycle/lifecycle-viewmodel-savedstate-desktop/2.9.4/72a1919b08c5a4da224d8a65ce1589aa69934e8a/lifecycle-viewmodel-savedstate-desktop-2.9.4.jar:/Users/mattias800/.gradle/caches/modules-2/files-2.1/androidx.lifecycle/lifecycle-viewmodel-desktop/2.9.4/93fee6d78f0df0e38f36e0fa2eff74f8da6d5481/lifecycle-viewmodel-desktop-2.9.4.jar:/Users/mattias800/.gradle/caches/modules-2/files-2.1/androidx.lifecycle/lifecycle-runtime-desktop/2.9.4/1cc820319ec0139e76b8a2fe4be0b356b4e624c4/lifecycle-runtime-desktop-2.9.4.jar:/Users/mattias800/.gradle/caches/modules-2/files-2.1/androidx.savedstate/savedstate-compose-desktop/1.3.3/cd60b543d5722a8b5e6cea1e4ccdec8b4375a22b/savedstate-compose-desktop-1.3.3.jar:/Users/mattias800/.gradle/caches/modules-2/files-2.1/androidx.savedstate/savedstate-desktop/1.3.3/1c5bfc3fb56614538528060a06f2c03e34fa5188/savedstate-desktop-1.3.3.jar:/Users/mattias800/.gradle/caches/modules-2/files-2.1/androidx.lifecycle/lifecycle-common-jvm/2.9.4/ab739bccdb3541983385af169565c7c035d897e7/lifecycle-common-jvm-2.9.4.jar:/Users/mattias800/.gradle/caches/modules-2/files-2.1/androidx.lifecycle/lifecycle-runtime-compose-desktop/2.9.4/86a4ffec845d4e488078118a0b5095bd1fabcafe/lifecycle-runtime-compose-desktop-2.9.4.jar:/Users/mattias800/.gradle/caches/modules-2/files-2.1/androidx.compose.runtime/runtime-desktop/1.10.2/b1705e2087f06395622b784aa88e2e738043459/runtime-desktop-1.10.2.jar:/Users/mattias800/.gradle/caches/modules-2/files-2.1/io.ktor/ktor-http-cio-jvm/3.4.0/2c1f50d77b7d825175acf56f6cb494fc1145e23e/ktor-http-cio-jvm-3.4.0.jar:/Users/mattias800/.gradle/caches/modules-2/files-2.1/io.ktor/ktor-websocket-serialization-jvm/3.4.0/20093fc55064238930e96c8dd12a2d96af6ff81d/ktor-websocket-serialization-jvm-3.4.0.jar:/Users/mattias800/.gradle/caches/modules-2/files-2.1/io.ktor/ktor-serialization-kotlinx-jvm/3.4.0/d001db47b2ebe8ad8b2cb1bb2a687688840f5887/ktor-serialization-kotlinx-jvm-3.4.0.jar:/Users/mattias800/.gradle/caches/modules-2/files-2.1/io.ktor/ktor-serialization-jvm/3.4.0/406af3e14bc41086ac933c02c67bd7ee762cfb4b/ktor-serialization-jvm-3.4.0.jar:/Users/mattias800/.gradle/caches/modules-2/files-2.1/io.ktor/ktor-websockets-jvm/3.4.0/5c8a9438372c7de912cf6da0e275ec17056d6451/ktor-websockets-jvm-3.4.0.jar:/Users/mattias800/.gradle/caches/modules-2/files-2.1/io.ktor/ktor-network-tls-jvm/3.4.0/10bb3d46d3fba6ccfc27f03fbeec029a756358b1/ktor-network-tls-jvm-3.4.0.jar:/Users/mattias800/.gradle/caches/modules-2/files-2.1/io.ktor/ktor-http-jvm/3.4.0/81e4323a06aa6751f59ffe6e35e61277af17fdb5/ktor-http-jvm-3.4.0.jar:/Users/mattias800/.gradle/caches/modules-2/files-2.1/io.ktor/ktor-events-jvm/3.4.0/d6e6800119bf169c0559eeaf49477757e50a736/ktor-events-jvm-3.4.0.jar:/Users/mattias800/.gradle/caches/modules-2/files-2.1/io.ktor/ktor-sse-jvm/3.4.0/3b4493bfb71b536fc0c055d645ceb1a44b318637/ktor-sse-jvm-3.4.0.jar:/Users/mattias800/.gradle/caches/modules-2/files-2.1/app.cash.sqldelight/async-extensions-jvm/2.2.1/1caa5e80a3f9587d9521bb5786d8004169abb659/sqldelight-async-extensions-jvm-2.2.1.jar:/Users/mattias800/.gradle/caches/modules-2/files-2.1/io.ktor/ktor-network-jvm/3.4.0/8d6179be0155e1d34f844a8317b7f1950772a372/ktor-network-jvm-3.4.0.jar:/Users/mattias800/.gradle/caches/modules-2/files-2.1/io.ktor/ktor-utils-jvm/3.4.0/ce54b074feee2cc3cdac2ba93420f18adc71061d/ktor-utils-jvm-3.4.0.jar:/Users/mattias800/.gradle/caches/modules-2/files-2.1/io.ktor/ktor-io-jvm/3.4.0/16e3233d00797f77f2b918a65d40479c28dc2bde/ktor-io-jvm-3.4.0.jar:/Users/mattias800/.gradle/caches/modules-2/files-2.1/org.jetbrains.kotlinx/kotlinx-coroutines-core-jvm/1.10.2/4a9f78ef49483748e2c129f3d124b8fa249dafbf/kotlinx-coroutines-core-jvm-1.10.2.jar:/Users/mattias800/.gradle/caches/modules-2/files-2.1/org.jetbrains.kotlinx/kotlinx-coroutines-swing/1.10.2/ccb5a2e7c83fa76da0ba4677f05678d3bd3eed57/kotlinx-coroutines-swing-1.10.2.jar:/Users/mattias800/.gradle/caches/modules-2/files-2.1/app.cash.sqldelight/sqlite-driver/2.2.1/14c7c61ee75309171122d51489aa0bae72e3d28f/sqlite-driver-2.2.1.jar:/Users/mattias800/.gradle/caches/modules-2/files-2.1/io.insert-koin/koin-core-jvm/4.0.0/6a66dcf3885c4783432e98845b10f0b5e48ef5b1/koin-core-jvm-4.0.0.jar:/Users/mattias800/.gradle/caches/modules-2/files-2.1/app.cash.sqldelight/jdbc-driver/2.2.1/bd1eec7b45a148d571ecb1d4db97ca5c259a9a9c/jdbc-driver-2.2.1.jar:/Users/mattias800/.gradle/caches/modules-2/files-2.1/app.cash.sqldelight/runtime-jvm/2.2.1/db9095b526694836a06428c2ef14b0562b8a7028/runtime-jvm-2.2.1.jar:/Users/mattias800/.gradle/caches/modules-2/files-2.1/org.jetbrains.kotlinx/kotlinx-serialization-json-io-jvm/1.10.0/50ca77d6d3986562a140275d6c8b07086af55f83/kotlinx-serialization-json-io-jvm-1.10.0.jar:/Users/mattias800/.gradle/caches/modules-2/files-2.1/org.jetbrains.kotlinx/kotlinx-serialization-core-jvm/1.10.0/9400c03c056953bbbf30e861e63735c90e9eb320/kotlinx-serialization-core-jvm-1.10.0.jar:/Users/mattias800/.gradle/caches/modules-2/files-2.1/org.jetbrains.kotlinx/kotlinx-serialization-json-jvm/1.10.0/a74d7819e02bad98af4d6b56c4f45aa6d31ef4ad/kotlinx-serialization-json-jvm-1.10.0.jar:/Users/mattias800/.gradle/caches/modules-2/files-2.1/org.jetbrains.kotlinx/kotlinx-datetime-jvm/0.7.1/81c2e0246bd28cc2dcbdf0ab53628322e66a9de9/kotlinx-datetime-jvm-0.7.1.jar:/Users/mattias800/.gradle/caches/modules-2/files-2.1/org.jetbrains.kotlin/kotlin-stdlib-jdk8/2.2.20/57c4d839a6e5ad105d61ffc5cc0bf4de649c1714/kotlin-stdlib-jdk8-2.2.20.jar:/Users/mattias800/.gradle/caches/modules-2/files-2.1/co.touchlab/stately-concurrent-collections-jvm/2.1.0/5c03b644537d7926a8f77e5735a8bebb55dafdcd/stately-concurrent-collections-jvm-2.1.0.jar:/Users/mattias800/.gradle/caches/modules-2/files-2.1/co.touchlab/stately-concurrency-jvm/2.1.0/6285428408c4d7e4a6d9a09511de877103effd81/stately-concurrency-jvm-2.1.0.jar:/Users/mattias800/.gradle/caches/modules-2/files-2.1/org.jetbrains.compose.ui/ui-util-desktop/1.10.1/fe41825dccacb792ded7df579736a0ed919ee270/ui-util-desktop-1.10.1.jar:/Users/mattias800/.gradle/caches/modules-2/files-2.1/org.jetbrains.kotlinx/atomicfu-jvm/0.23.2/a4601dc42dceb031a586058e8356ff778a57dea0/atomicfu-jvm-0.23.2.jar:/Users/mattias800/.gradle/caches/modules-2/files-2.1/org.jetbrains.kotlin/kotlin-stdlib-jdk7/2.2.20/bdbe3b5d872fa3b74d8fcd4e7ca3193f4abc9cc8/kotlin-stdlib-jdk7-2.2.20.jar:/Users/mattias800/.gradle/caches/modules-2/files-2.1/androidx.collection/collection-jvm/1.5.0/7ba2c69414d46ebc2dd76598bdd0a75c54281a57/collection-jvm-1.5.0.jar:/Users/mattias800/.gradle/caches/modules-2/files-2.1/androidx.arch.core/core-common/2.2.0/5e1b8b81dfd5f52c56a8d53b18ca759c19a301f3/core-common-2.2.0.jar:/Users/mattias800/.gradle/caches/modules-2/files-2.1/androidx.annotation/annotation-jvm/1.9.1/b17951747e38bf3986a24431b9ba0d039958aa5f/annotation-jvm-1.9.1.jar:/Users/mattias800/.gradle/caches/modules-2/files-2.1/co.touchlab/stately-strict-jvm/2.1.0/3ae8369209065455f4630793bf6aca0fb88c8b6b/stately-strict-jvm-2.1.0.jar:/Users/mattias800/.gradle/caches/modules-2/files-2.1/com.squareup.okio/okio-jvm/3.15.0/cb3c285187640f543150fcac1ae012bdd778c0e1/okio-jvm-3.15.0.jar:/Users/mattias800/.gradle/caches/modules-2/files-2.1/org.jetbrains.kotlinx/kotlinx-io-core-jvm/0.8.2/358a9f2ba2dc81c5dc84c3d1853f6e5efba63be1/kotlinx-io-core-jvm-0.8.2.jar:/Users/mattias800/.gradle/caches/modules-2/files-2.1/org.jetbrains.kotlinx/kotlinx-io-bytestring-jvm/0.8.2/89c5399596250e71f2bba6d2415972a078a525c7/kotlinx-io-bytestring-jvm-0.8.2.jar:/Users/mattias800/.gradle/caches/modules-2/files-2.1/org.jetbrains.kotlin/kotlin-stdlib/2.3.10/8b80e2f80a3b7daa99c16017f91d4c72cd8b31a6/kotlin-stdlib-2.3.10.jar:/Users/mattias800/.gradle/caches/modules-2/files-2.1/org.jetbrains/annotations/23.0.0/8cc20c07506ec18e0834947b84a864bfc094484e/annotations-23.0.0.jar:/Users/mattias800/.gradle/caches/modules-2/files-2.1/org.xerial/sqlite-jdbc/3.51.0.0/17c4e0d41dd482d6f35547f4235d55e72b7cf0f1/sqlite-jdbc-3.51.0.0.jar:/Users/mattias800/.gradle/caches/modules-2/files-2.1/org.slf4j/slf4j-api/2.0.17/d9e58ac9c7779ba3bf8142aff6c830617a7fe60f/slf4j-api-2.0.17.jar:/Users/mattias800/.gradle/caches/modules-2/files-2.1/org.jetbrains.runtime/jbr-api/1.5.0/4158e485a7a4ecfd521e03095d81e0225529e8d2/jbr-api-1.5.0.jar:/Users/mattias800/.gradle/caches/modules-2/files-2.1/org.jspecify/jspecify/1.0.0/7425a601c1c7ec76645a78d22b8c6a627edee507/jspecify-1.0.0.jar
Launcher Type: SUN_STANDARD

[Global flags]
     intx CICompilerCount                          = 4                                         {product} {ergonomic}
     uint ConcGCThreads                            = 2                                         {product} {ergonomic}
     uint G1ConcRefinementThreads                  = 8                                         {product} {ergonomic}
   size_t G1HeapRegionSize                         = 4194304                                   {product} {ergonomic}
    uintx GCDrainStackTargetSize                   = 64                                        {product} {ergonomic}
   size_t InitialHeapSize                          = 402653184                                 {product} {ergonomic}
   size_t MarkStackSize                            = 4194304                                   {product} {ergonomic}
   size_t MaxHeapSize                              = 6442450944                                {product} {ergonomic}
   size_t MaxNewSize                               = 3862953984                                {product} {ergonomic}
   size_t MinHeapDeltaBytes                        = 4194304                                   {product} {ergonomic}
   size_t MinHeapSize                              = 8388608                                   {product} {ergonomic}
    uintx NonNMethodCodeHeapSize                   = 5839564                                {pd product} {ergonomic}
    uintx NonProfiledCodeHeapSize                  = 122909338                              {pd product} {ergonomic}
    uintx ProfiledCodeHeapSize                     = 122909338                              {pd product} {ergonomic}
    uintx ReservedCodeCacheSize                    = 251658240                              {pd product} {ergonomic}
     bool SegmentedCodeCache                       = true                                      {product} {ergonomic}
   size_t SoftMaxHeapSize                          = 6442450944                             {manageable} {ergonomic}
     bool UseCompressedOops                        = true                           {product lp64_product} {ergonomic}
     bool UseG1GC                                  = true                                      {product} {ergonomic}
     bool UseNUMA                                  = false                                     {product} {ergonomic}
     bool UseNUMAInterleaving                      = false                                     {product} {ergonomic}

Logging:
Log output configuration:
 #0: stdout all=warning uptime,level,tags foldmultilines=false
 #1: stderr all=off uptime,level,tags foldmultilines=false

Release file:
IMPLEMENTOR="Microsoft"
IMPLEMENTOR_VERSION="Microsoft-13106411"
JAVA_RUNTIME_VERSION="21.0.10+7-LTS"
JAVA_VERSION="21.0.10"
JAVA_VERSION_DATE="2026-01-20"
LIBC="default"
MODULES="java.base java.compiler java.datatransfer java.xml java.prefs java.desktop java.instrument java.logging java.management java.security.sasl java.naming java.rmi java.management.rmi java.net.http java.scripting java.security.jgss java.transaction.xa java.sql java.sql.rowset java.xml.crypto java.se java.smartcardio jdk.accessibility jdk.internal.jvmstat jdk.attach jdk.charsets jdk.internal.opt jdk.zipfs jdk.compiler jdk.crypto.ec jdk.crypto.cryptoki jdk.dynalink jdk.internal.ed jdk.editpad jdk.hotspot.agent jdk.httpserver jdk.incubator.vector jdk.internal.le jdk.internal.vm.ci jdk.internal.vm.compiler jdk.internal.vm.compiler.management jdk.jartool jdk.javadoc jdk.jcmd jdk.management jdk.management.agent jdk.jconsole jdk.jdeps jdk.jdwp.agent jdk.jdi jdk.jfr jdk.jlink jdk.jpackage jdk.jshell jdk.jsobject jdk.jstatd jdk.localedata jdk.management.jfr jdk.naming.dns jdk.naming.rmi jdk.net jdk.nio.mapmode jdk.random jdk.sctp jdk.security.auth jdk.security.jgss jdk.unsupported jdk.unsupported.desktop jdk.xml.dom"
OS_ARCH="aarch64"
OS_NAME="Darwin"
SOURCE=".:git:e69b6ef7382e"

Environment Variables:
PATH=/Users/mattias800/.antigravity/antigravity/bin:/Users/mattias800/.local/bin:/Users/mattias800/.mzsh/bin:/Users/mattias800/.bun/bin:/Users/mattias800/Library/pnpm:/opt/homebrew/bin:/opt/homebrew/sbin:/usr/local/bin:/System/Cryptexes/App/usr/bin:/usr/bin:/bin:/usr/sbin:/sbin:/var/run/com.apple.security.cryptexd/codex.system/bootstrap/usr/local/bin:/var/run/com.apple.security.cryptexd/codex.system/bootstrap/usr/bin:/var/run/com.apple.security.cryptexd/codex.system/bootstrap/usr/appleinternal/bin:/opt/pmk/env/global/bin:/Library/Apple/usr/bin:/usr/local/share/dotnet:~/.dotnet/tools:/Users/mattias800/Library/Application Support/JetBrains/Toolbox/scripts:/Users/mattias800/.lmstudio/bin:/Users/mattias800/.maestro/bin:/Users/mattias800/.maestro/bin:/Applications/Warp.app/Contents/Resources/bin
SHELL=/bin/zsh
LANG=C.UTF-8
LC_CTYPE=UTF-8
TERM=xterm-256color
TMPDIR=/var/folders/00/y_pwwndd1hj9rnmh0xwj36v80000gn/T/

Active Locale:
LC_ALL=C.UTF-8/UTF-8/C.UTF-8/C.UTF-8/C.UTF-8/C.UTF-8
LC_COLLATE=C.UTF-8
LC_CTYPE=UTF-8
LC_MESSAGES=C.UTF-8
LC_MONETARY=C.UTF-8
LC_NUMERIC=C.UTF-8
LC_TIME=C.UTF-8

Signal Handlers:
   SIGSEGV: crash_handler in libjvm.dylib, mask=11100110000111110111111111111111, flags=SA_ONSTACK|SA_RESTART|SA_SIGINFO, unblocked
    SIGBUS: crash_handler in libjvm.dylib, mask=11100110000111110111111111111111, flags=SA_RESTART|SA_SIGINFO, unblocked
    SIGFPE: crash_handler in libjvm.dylib, mask=11100110000111110111111111111111, flags=SA_RESTART|SA_SIGINFO, unblocked
   SIGPIPE: javaSignalHandler in libjvm.dylib, mask=11100110000111110111111111111111, flags=SA_RESTART|SA_SIGINFO, blocked
   SIGXFSZ: javaSignalHandler in libjvm.dylib, mask=11100110000111110111111111111111, flags=SA_RESTART|SA_SIGINFO, blocked
    SIGILL: crash_handler in libjvm.dylib, mask=11100110000111110111111111111111, flags=SA_RESTART|SA_SIGINFO, unblocked
   SIGUSR2: SR_handler in libjvm.dylib, mask=00000000000000000000000000000000, flags=SA_RESTART|SA_SIGINFO, blocked
    SIGHUP: UserHandler in libjvm.dylib, mask=11100110000111110111111111111111, flags=SA_RESTART|SA_SIGINFO, blocked
    SIGINT: UserHandler in libjvm.dylib, mask=11100110000111110111111111111111, flags=SA_RESTART|SA_SIGINFO, blocked
   SIGTERM: UserHandler in libjvm.dylib, mask=11100110000111110111111111111111, flags=SA_RESTART|SA_SIGINFO, blocked
   SIGQUIT: UserHandler in libjvm.dylib, mask=11100110000111110111111111111111, flags=SA_RESTART|SA_SIGINFO, blocked
   SIGTRAP: crash_handler in libjvm.dylib, mask=11100110000111110111111111111111, flags=SA_RESTART|SA_SIGINFO, unblocked


Periodic native trim disabled

---------------  S Y S T E M  ---------------

OS:
uname: Darwin 25.2.0 Darwin Kernel Version 25.2.0: Tue Nov 18 21:09:34 PST 2025; root:xnu-12377.61.12~1/RELEASE_ARM64_T8112 arm64
OS uptime: 2 days 10:07 hours
rlimit (soft/hard): STACK 8176k/65520k , CORE 0k/infinity , NPROC 4000/6000 , NOFILE 1048576/infinity , AS infinity/infinity , CPU infinity/infinity , DATA infinity/infinity , FSIZE infinity/infinity , MEMLOCK infinity/infinity , RSS infinity/infinity
load average: 11.63 8.43 7.42

CPU: total 8 (initial active 8) 0x61:0x0:0xda33d83d:0, fp, asimd, aes, pmull, sha1, sha256, crc32, lse, sha3, sha512
machdep.cpu.brand_string:Apple M2
hw.cachelinesize:128
hw.l1icachesize:131072
hw.l1dcachesize:65536
hw.l2cachesize:4194304

Memory: 16k page, physical 25165824k(88944k free), swap 13631488k(1048256k free)

vm_info: OpenJDK 64-Bit Server VM (21.0.10+7-LTS) for bsd-aarch64 JRE (21.0.10+7-LTS), built on 2026-01-15T18:35:20Z by "MicrosoftCorporation" with clang Apple LLVM 15.0.0 (clang-1500.1.0.2.5)

END.
