#
# A fatal error has been detected by the Java Runtime Environment:
#
#  SIGSEGV (0xb) at pc=0x000000019b7f1838, pid=61321, tid=91699
#
# JRE version: OpenJDK Runtime Environment JBR-21.0.10+7-1163.108-jcef (21.0.10+7) (build 21.0.10+7-b1163.108)
# Java VM: OpenJDK 64-Bit Server VM JBR-21.0.10+7-1163.108-jcef (21.0.10+7-b1163.108, mixed mode, sharing, tiered, compressed oops, compressed class ptrs, g1 gc, bsd-aarch64)
# Problematic frame:
# C  [libobjc.A.dylib+0x9838]  objc_msgSend+0x38
#
# No core dump will be written. Core dumps have been disabled. To enable core dumping, try "ulimit -c unlimited" before starting Java again
#
# If you would like to submit a bug report, please visit:
#   https://youtrack.jetbrains.com/issues/JBR
# The crash happened outside the Java Virtual Machine in native code.
# See problematic frame for where to report the bug.
#

---------------  S U M M A R Y ------------

Command Line: -Dcompose.reload.argfile=/Users/mattias800/repos/spela/player/desktop/build/run/desktopMain/desktopMain.argfile -Dcompose.reload.build.continuous=true -Dcompose.reload.build.warmup=false -Dcompose.reload.buildSystem=Gradle -Dcompose.reload.devToolsAnimationsEnabled=true -Dcompose.reload.devToolsClasspath=/Users/mattias800/.gradle/caches/modules-2/files-2.1/org.jetbrains.compose.hot-reload/hot-reload-devtools/1.0.0/8cf7f8a3e0c5ca40edcd31621bb2c54637dad97f/hot-reload-devtools-1.0.0.jar:/Users/mattias800/.gradle/caches/modules-2/files-2.1/org.jetbrains.compose.hot-reload/hot-reload-devtools-api/1.0.0/6f078e0689bb84d71ff62bdb898addec7b9e0c7d/hot-reload-devtools-api-1.0.0.jar:/Users/mattias800/.gradle/caches/modules-2/files-2.1/org.jetbrains.compose.hot-reload/hot-reload-orchestration/1.0.0/c84a13f251d2ba726bffe77f47f2a37fba14d3a/hot-reload-orchestration-1.0.0.jar:/Users/mattias800/.gradle/caches/modules-2/files-2.1/org.jetbrains.compose.hot-reload/hot-reload-core/1.0.0/b9e821084415adea5d981fb5a22a57ad94614fe1/hot-reload-core-1.0.0.jar:/Users/mattias800/.gradle/caches/modules-2/files-2.1/org.jetbrains.compose.hot-reload/hot-reload-runtime-api-jvm/1.0.0/b4c35542b0fe4f3743939f0e7a19739df369fa2e/hot-reload-runtime-api-jvm-1.0.0.jar:/Users/mattias800/.gradle/caches/modules-2/files-2.1/org.jetbrains.compose.desktop/desktop-jvm/1.9.0/760a7f1c3278719f2ab9fa443228956e64a7a18e/desktop-jvm-1.9.0.jar:/Users/mattias800/.gradle/caches/modules-2/files-2.1/org.jetbrains.compose.components/components-resources-desktop/1.9.0/263d44e856cb89a759959eec68dafae6d1931110/library-desktop-1.9.0.jar:/Users/mattias800/.gradle/caches/modules-2/files-2.1/io.sellmair/evas-compose-jvm/1.3.0/1214dcce9040d1b9f856b02b443cf8c2ebe1573a/evas-compose-jvm-1.3.0.jar:/Users/mattias800/.gradle/caches/modules-2/files-2.1/io.sellmair/evas-jvm/1.3.0/74c1f6c46502ffda615a698c02b3166fc7e9b2b2/evas-jvm-1.3.0.jar:/Users/mattias800/.gradle/caches/modules-2/files-2.1/org.jetbrains.skiko/skiko-awt-runtime-macos-arm64/0.9.22.2/6df83c721da1b3a84393fb13ed0cbe096da63dc3/skiko-awt-runtime-macos-arm64-0.9.22.2.jar:/Users/mattias800/.gradle/caches/modules-2/files-2.1/org.jetbrains.compose.material3/material3-desktop/1.8.2/1f1f838506ceb2c25499517559f120517770b014/material3-desktop-1.8.2.jar:/Use-Dcompose.reload.devToolsDetached=false -Dcompose.reload.devToolsEnabled=true -Dcompose.reload.devToolsHeadless=false -Dcompose.reload.devToolsTransparencyEnabled=true -Dcompose.reload.dirtyResolveDepthLimit=5 -Dcompose.reload.effectsEnabled=true -Dcompose.reload.isActive=true -Dcompose.reload.launchMode=GradleBlocking -Dcompose.reload.logLevel=Info -Dcompose.reload.logStdout=false -Dcompose.reload.mainClass=com.spela.player.desktop.MainKt -Dcompose.reload.pidFile=/Users/mattias800/repos/spela/player/desktop/build/run/desktopMain/desktopMain.pid -Dcompose.reload.virtualMethodResolveEnabled=true -Dgradle.build.project=:desktop -Dgradle.build.root=/Users/mattias800/repos/spela/player -Dgradle.build.task=hotReloadDesktopMain -Djava.library.path=/Users/mattias800/repos/spela/player/desktop/build/native -Dorg.gradle.java.home=/Users/mattias800/Library/Java/JavaVirtualMachines/ms-21.0.10/Contents/Home -XX:+IgnoreUnrecognizedVMOptions -XX:+AllowEnhancedClassRedefinition -javaagent:/Users/mattias800/.gradle/caches/modules-2/files-2.1/org.jetbrains.compose.hot-reload/hot-reload-agent/1.0.0/b51a332b8899c060187ace065fef8c8eb62acfcc/hot-reload-agent-1.0.0.jar -Dfile.encoding=UTF-8 -Duser.country=US -Duser.language=en -Duser.variant com.spela.player.desktop.MainKt

Host: "Mac14,2" arm64, 8 cores, 24G, Darwin 25.2.0, macOS 26.2 (25C56)
Time: Tue Feb 24 21:27:14 2026 CET elapsed time: 4844.233836 seconds (0d 1h 20m 44s)

---------------  T H R E A D  ---------------

Current thread (0x00000007bdc43100):  JavaThread "AWT-EventQueue-0"        [_thread_in_native, id=91699, stack(0x00000001700d4000,0x00000001702d7000) (2060K)]

Stack: [0x00000001700d4000,0x00000001702d7000],  sp=0x00000001702d5b60,  free space=2054k
Native frames: (J=compiled Java code, j=interpreted, Vv=VM code, C=native code)
C  [libobjc.A.dylib+0x9838]  objc_msgSend+0x38
C  [IOKit+0x487c0]  IOHIDManagerUnscheduleFromRunLoop+0x40
C  [libSDL2-2.0.0.dylib+0xc756c]  DARWIN_JoystickQuit+0x40
C  [libSDL2-2.0.0.dylib+0x31810]  SDL_JoystickQuit+0x50
C  [libSDL2-2.0.0.dylib+0x6140]  SDL_QuitSubSystem_REAL+0xbc
C  [libSDL2-2.0.0.dylib+0x6104]  SDL_QuitSubSystem_REAL+0x80
C  [libSDL2-2.0.0.dylib+0x6358]  SDL_Quit_REAL+0x20
C  [libspela-libretro.dylib+0x12508]  Java_com_spela_player_libretro_LibretroJni_nativeGamepadShutdown+0xac
j  com.spela.player.libretro.LibretroJni.nativeGamepadShutdown()V+0
j  com.spela.player.libretro.DesktopGamepadPoller.stop()V+34
j  com.spela.player.desktop.MainKt.main$lambda$2$2$0(Lcom/spela/player/libretro/DesktopGamepadPoller;Landroidx/compose/ui/window/ApplicationScope;)Lkotlin/Unit;+1
j  com.spela.player.desktop.MainKt$$Lambda+0x00000090021c2918.invoke()Ljava/lang/Object;+8
j  androidx.compose.ui.awt.SwingWindow_desktopKt$SwingWindow$10$1$1$1.windowClosing(Ljava/awt/event/WindowEvent;)V+13
j  java.awt.AWTEventMulticaster.windowClosing(Ljava/awt/event/WindowEvent;)V+21 java.desktop
j  java.awt.AWTEventMulticaster.windowClosing(Ljava/awt/event/WindowEvent;)V+8 java.desktop
j  java.awt.Window.processWindowEvent(Ljava/awt/event/WindowEvent;)V+68 java.desktop
j  javax.swing.JFrame.processWindowEvent(Ljava/awt/event/WindowEvent;)V+2 java.desktop
j  java.awt.Window.processEvent(Ljava/awt/AWTEvent;)V+69 java.desktop
J 181249 c2 java.awt.Component.dispatchEventImpl(Ljava/awt/AWTEvent;)V java.desktop (843 bytes) @ 0x0000000117f09750 [0x0000000117f08c00+0x0000000000000b50]
J 181175 c1 java.awt.Container.dispatchEventImpl(Ljava/awt/AWTEvent;)V java.desktop (129 bytes) @ 0x000000010fe08d28 [0x000000010fe08bc0+0x0000000000000168]
J 181257 c1 java.awt.Window.dispatchEventImpl(Ljava/awt/AWTEvent;)V java.desktop (23 bytes) @ 0x000000010fdedfc8 [0x000000010fded940+0x0000000000000688]
J 181273 c1 java.awt.Component.dispatchEvent(Ljava/awt/AWTEvent;)V java.desktop (6 bytes) @ 0x000000010fde9314 [0x000000010fde91c0+0x0000000000000154]
j  androidx.compose.ui.window.DefaultWindowExceptionHandlerFactory.exceptionHandler$lambda$0$0(Ljava/awt/Window;Ljava/lang/Throwable;)V+38
j  androidx.compose.ui.window.DefaultWindowExceptionHandlerFactory$$Lambda+0x00000090026cf188.run()V+8
j  java.awt.event.InvocationEvent.dispatch()V+47 java.desktop
j  java.awt.EventQueue.dispatchEventImpl(Ljava/awt/AWTEvent;Ljava/lang/Object;)V+21 java.desktop
j  java.awt.EventQueue$4.run()Ljava/lang/Void;+32 java.desktop
J 178797 c1 java.awt.EventQueue.dispatchEvent(Ljava/awt/AWTEvent;)V java.desktop (80 bytes) @ 0x0000000110621df0 [0x0000000110621a40+0x00000000000003b0]
j  java.awt.EventDispatchThread.pumpOneEventForFilters(I)V+81 java.desktop
j  java.awt.EventDispatchThread.pumpEventsForFilter(ILjava/awt/Conditional;Ljava/awt/EventFilter;)V+35 java.desktop
j  java.awt.EventDispatchThread.pumpEventsForHierarchy(ILjava/awt/Conditional;Ljava/awt/Component;)V+11 java.desktop
j  java.awt.EventDispatchThread.pumpEvents(ILjava/awt/Conditional;)V+4 java.desktop
j  java.awt.EventDispatchThread.pumpEvents(Ljava/awt/Conditional;)V+3 java.desktop
j  java.awt.EventDispatchThread.run()V+18 java.desktop
v  ~StubRoutines::call_stub 0x0000000116ee4154
V  [libjvm.dylib+0x4b2afc]  JavaCalls::call_helper(JavaValue*, methodHandle const&, JavaCallArguments*, JavaThread*)+0x3d8
V  [libjvm.dylib+0x4b1a34]  JavaCalls::call_virtual(JavaValue*, Klass*, Symbol*, Symbol*, JavaCallArguments*, JavaThread*)+0x140
V  [libjvm.dylib+0x4b1b00]  JavaCalls::call_virtual(JavaValue*, Handle, Klass*, Symbol*, Symbol*, JavaThread*)+0x64
V  [libjvm.dylib+0x581a30]  thread_entry(JavaThread*, JavaThread*)+0x9c
V  [libjvm.dylib+0x4c6e84]  JavaThread::thread_main_inner()+0x98
V  [libjvm.dylib+0xa0d71c]  Thread::call_run()+0xc8
V  [libjvm.dylib+0x82c3b8]  thread_native_entry(Thread*)+0x118
C  [libsystem_pthread.dylib+0x6c08]  _pthread_start+0x88
Java frames: (J=compiled Java code, j=interpreted, Vv=VM code)
j  com.spela.player.libretro.LibretroJni.nativeGamepadShutdown()V+0
j  com.spela.player.libretro.DesktopGamepadPoller.stop()V+34
j  com.spela.player.desktop.MainKt.main$lambda$2$2$0(Lcom/spela/player/libretro/DesktopGamepadPoller;Landroidx/compose/ui/window/ApplicationScope;)Lkotlin/Unit;+1
j  com.spela.player.desktop.MainKt$$Lambda+0x00000090021c2918.invoke()Ljava/lang/Object;+8
j  androidx.compose.ui.awt.SwingWindow_desktopKt$SwingWindow$10$1$1$1.windowClosing(Ljava/awt/event/WindowEvent;)V+13
j  java.awt.AWTEventMulticaster.windowClosing(Ljava/awt/event/WindowEvent;)V+21 java.desktop
j  java.awt.AWTEventMulticaster.windowClosing(Ljava/awt/event/WindowEvent;)V+8 java.desktop
j  java.awt.Window.processWindowEvent(Ljava/awt/event/WindowEvent;)V+68 java.desktop
j  javax.swing.JFrame.processWindowEvent(Ljava/awt/event/WindowEvent;)V+2 java.desktop
j  java.awt.Window.processEvent(Ljava/awt/AWTEvent;)V+69 java.desktop
J 181249 c2 java.awt.Component.dispatchEventImpl(Ljava/awt/AWTEvent;)V java.desktop (843 bytes) @ 0x0000000117f09750 [0x0000000117f08c00+0x0000000000000b50]
J 181175 c1 java.awt.Container.dispatchEventImpl(Ljava/awt/AWTEvent;)V java.desktop (129 bytes) @ 0x000000010fe08d28 [0x000000010fe08bc0+0x0000000000000168]
J 181257 c1 java.awt.Window.dispatchEventImpl(Ljava/awt/AWTEvent;)V java.desktop (23 bytes) @ 0x000000010fdedfc8 [0x000000010fded940+0x0000000000000688]
J 181273 c1 java.awt.Component.dispatchEvent(Ljava/awt/AWTEvent;)V java.desktop (6 bytes) @ 0x000000010fde9314 [0x000000010fde91c0+0x0000000000000154]
j  androidx.compose.ui.window.DefaultWindowExceptionHandlerFactory.exceptionHandler$lambda$0$0(Ljava/awt/Window;Ljava/lang/Throwable;)V+38
j  androidx.compose.ui.window.DefaultWindowExceptionHandlerFactory$$Lambda+0x00000090026cf188.run()V+8
j  java.awt.event.InvocationEvent.dispatch()V+47 java.desktop
j  java.awt.EventQueue.dispatchEventImpl(Ljava/awt/AWTEvent;Ljava/lang/Object;)V+21 java.desktop
j  java.awt.EventQueue$4.run()Ljava/lang/Void;+32 java.desktop
J 178797 c1 java.awt.EventQueue.dispatchEvent(Ljava/awt/AWTEvent;)V java.desktop (80 bytes) @ 0x0000000110621df0 [0x0000000110621a40+0x00000000000003b0]
j  java.awt.EventDispatchThread.pumpOneEventForFilters(I)V+81 java.desktop
j  java.awt.EventDispatchThread.pumpEventsForFilter(ILjava/awt/Conditional;Ljava/awt/EventFilter;)V+35 java.desktop
j  java.awt.EventDispatchThread.pumpEventsForHierarchy(ILjava/awt/Conditional;Ljava/awt/Component;)V+11 java.desktop
j  java.awt.EventDispatchThread.pumpEvents(ILjava/awt/Conditional;)V+4 java.desktop
j  java.awt.EventDispatchThread.pumpEvents(Ljava/awt/Conditional;)V+3 java.desktop
j  java.awt.EventDispatchThread.run()V+18 java.desktop
v  ~StubRoutines::call_stub 0x0000000116ee4154

siginfo: si_signo: 11 (SIGSEGV), si_code: 2 (SEGV_ACCERR), si_addr: 0x0000000000000000

Registers:
 x0=0x00000007bd19d800  x1=0x0000000216657350  x2=0x00000007be422400  x3=0x0000000000016633
 x4=0x00000001702d5b10  x5=0x00000001702d5a00  x6=0x0000000100000002  x7=0x00000007bdc43100
 x8=0x00000007c0d91900  x9=0x000000000000cb85 x10=0x0000000000000000 x11=0x0000000000000000
x12=0x0000000000000000 x13=0x0000000000000000 x14=0x00000007c0d91900 x15=0x00000007c0d91900
x16=0x00000007c0d91900 x17=0x000000020a111298 x18=0x0000000000000000 x19=0x00000007be422400
x20=0x00000007bd19d800 x21=0x00000001276c1718 x22=0x00000007be422400 x23=0x000000030aeb9408
x24=0x00000001702d5d38 x25=0x00000003010046d8 x26=0x0000000128987e38 x27=0x00000003010833f0
x28=0x00000007bdc43100  fp=0x00000001702d5b90  lr=0x000000019bc85050  sp=0x00000001702d5b60
pc=0x000000019b7f1838 cpsr=0x0000000020001000

Register to memory mapping:

x0 =0x00000007bd19d800 points into unknown readable memory: 0x00000007c0d91900 | 00 19 d9 c0 07 00 00 00
x1 =0x0000000216657350 points into unknown readable memory: 0x3a6c617571457369 | 69 73 45 71 75 61 6c 3a
x2 =0x00000007be422400 points into unknown readable memory: 0x0100000208b7e4b9 | b9 e4 b7 08 02 00 00 01
x3 =0x0000000000016633 is an unknown value
x4 =0x00000001702d5b10 is pointing into the stack for thread: 0x00000007bdc43100
x5 =0x00000001702d5a00 is pointing into the stack for thread: 0x00000007bdc43100
x6 =0x0000000100000002 is an unknown value
x7 =0x00000007bdc43100 is a thread
x8 =0x00000007c0d91900 points into unknown readable memory: 0x000000013e155850 | 50 58 15 3e 01 00 00 00
x9 =0x000000000000cb85 is an unknown value
x10=0x0 is null
x11=0x0 is null
x12=0x0 is null
x13=0x0 is null
x14=0x00000007c0d91900 points into unknown readable memory: 0x000000013e155850 | 50 58 15 3e 01 00 00 00
x15=0x00000007c0d91900 points into unknown readable memory: 0x000000013e155850 | 50 58 15 3e 01 00 00 00
x16=0x00000007c0d91900 points into unknown readable memory: 0x000000013e155850 | 50 58 15 3e 01 00 00 00
x17=0x000000020a111298 points into unknown readable memory: 0x000000019b7f1800 | 00 18 7f 9b 01 00 00 00
x18=0x0 is null
x19=0x00000007be422400 points into unknown readable memory: 0x0100000208b7e4b9 | b9 e4 b7 08 02 00 00 01
x20=0x00000007bd19d800 points into unknown readable memory: 0x00000007c0d91900 | 00 19 d9 c0 07 00 00 00
x21=0x00000001276c1718: <offset 0x111718> in /opt/homebrew/Cellar/sdl2/2.32.10/lib/libSDL2-2.0.0.dylib at 0x00000001275b0000
x22=0x00000007be422400 points into unknown readable memory: 0x0100000208b7e4b9 | b9 e4 b7 08 02 00 00 01
x23=0x000000030aeb9408 is an oop: kotlinx.coroutines.scheduling.CoroutineScheduler$Worker 
{0x000000030aeb9408} - klass: 'kotlinx/coroutines/scheduling/CoroutineScheduler$Worker'
 - ---- fields (total size 21 words):
 - 'threadLocalRandomSecondarySeed' 'I' @12  1874193357 (0x6fb5ebcd)
 - private final 'tid' 'J' @16  288 (0x0000000000000120)
 - private volatile 'eetop' 'J' @24  33273074944 (0x00000007bf3ad500)
 - injected 'jvmti_thread_state' 'J' @32  0 (0x0000000000000000)
 - 'threadLocalRandomSeed' 'J' @40  0 (0x0000000000000000)
 - 'threadLocalRandomProbe' 'I' @48  0 (0x00000000)
 - injected 'jvmti_VTMS_transition_disable_count' 'I' @52  0 (0x00000000)
 - injected 'jfr_epoch' 'S' @56  0 (0x0000)
 - injected 'jvmti_is_in_VTMS_transition' 'Z' @58  false (0x00)
 - volatile 'interrupted' 'Z' @59  false (0x00)
 - private volatile 'name' 'Ljava/lang/String;' @60  "DefaultDispatcher-worker-8"{0x000000030a511348} (0x614a2269)
 - private volatile 'contextClassLoader' 'Ljava/lang/ClassLoader;' @64  a 'jdk/internal/loader/ClassLoaders$AppClassLoader'{0x00000003008df5d0} (0x6011beba)
 - private 'inheritedAccessControlContext' 'Ljava/security/AccessControlContext;' @68  a 'java/security/AccessControlContext'{0x0000000303605e48} (0x606c0bc9)
 - private final 'holder' 'Ljava/lang/Thread$FieldHolder;' @72  a 'java/lang/Thread$FieldHolder'{0x000000030aeb94c0} (0x615d7298)
 - 'threadLocals' 'Ljava/lang/ThreadLocal$ThreadLocalMap;' @76  a 'java/lang/ThreadLocal$ThreadLocalMap'{0x0000000309f43590} (0x613e86b2)
 - 'inheritableThreadLocals' 'Ljava/lang/ThreadLocal$ThreadLocalMap;' @80  null (0x00000000)
 - private 'scopedValueBindings' 'Ljava/lang/Object;' @84  a 'java/lang/Class'{0x00000003023ffa30} = 'java/lang/Thread' (0x6047ff46)
 - final 'interruptLock' 'Ljava/lang/Object;' @88  a 'java/lang/Object'{0x000000030aeb94b0} (0x615d7296)
 - private volatile 'parkBlocker' 'Ljava/lang/Object;' @92  null (0x00000000)
 - volatile 'nioBlocker' 'Lsun/nio/ch/Interruptible;' @96  null (0x00000000)
 - private 'cont' 'Ljdk/internal/vm/Continuation;' @100  null (0x00000000)
 - private volatile 'uncaughtExceptionHandler' 'Ljava/lang/Thread$UncaughtExceptionHandler;' @104  null (0x00000000)
 - private 'container' 'Ljdk/internal/vm/ThreadContainer;' @108  null (0x00000000)
 - private volatile 'headStackableScopes' 'Ljdk/internal/vm/StackableScope;' @112  null (0x00000000)
 - private volatile 'indexInArray' 'I' @116  8 (0x00000008)
 - private 'terminationDeadline' 'J' @120  256591760445708 (0x0000e95e6cbbd10c)
 - private 'minDelayUntilStealableTaskNs' 'J' @128  0 (0x0000000000000000)
 - private volatile synthetic 'workerCtl$volatile' 'I' @136  -1 (0xffffffff)
 - private 'rngState' 'I' @140  1385851319 (0x529a69b7)
 - public 'mayHaveLocalTasks' 'Z' @144  false (0x00)
 - public final 'localQueue' 'Lkotlinx/coroutines/scheduling/WorkQueue;' @148  a 'kotlinx/coroutines/scheduling/WorkQueue'{0x000000030aeb9598} (0x615d72b3)
 - private final 'stolenTask' 'Lkotlin/jvm/internal/Ref$ObjectRef;' @152  a 'kotlin/jvm/internal/Ref$ObjectRef'{0x000000030aeb97d8} (0x615d72fb)
 - public 'state' 'Lkotlinx/coroutines/scheduling/CoroutineScheduler$WorkerState;' @156  a 'kotlinx/coroutines/scheduling/CoroutineScheduler$WorkerState'{0x0000000301001270} (0x6020024e)
 - private volatile 'nextParkedWorker' 'Ljava/lang/Object;' @160  a 'kotlinx/coroutines/scheduling/CoroutineScheduler$Worker'{0x0000000306a4dc18} (0x60d49b83)
 - final synthetic 'this$0' 'Lkotlinx/coroutines/scheduling/CoroutineScheduler;' @164  a 'kotlinx/coroutines/scheduling/CoroutineScheduler'{0x00000003010045e0} (0x602008bc)
x24=0x00000001702d5d38 is pointing into the stack for thread: 0x00000007bdc43100
x25=0x00000003010046d8 is an oop: kotlinx.coroutines.scheduling.GlobalQueue 
{0x00000003010046d8} - klass: 'kotlinx/coroutines/scheduling/GlobalQueue'
 - ---- fields (total size 2 words):
 - private volatile synthetic '_cur$volatile' 'Ljava/lang/Object;' @12  a 'kotlinx/coroutines/internal/LockFreeTaskQueueCore'{0x00000003010046e8} (0x602008dd)
x26=0x0000000128987e38 is pointing into metadata
x27=0x00000003010833f0 is an oop: sun.awt.MostRecentKeyValue 
{0x00000003010833f0} - klass: 'sun/awt/MostRecentKeyValue'
 - ---- fields (total size 3 words):
 - 'key' 'Ljava/lang/Object;' @12  a 'java/lang/Class'{0x000000030100e668} = 'java/awt/KeyboardFocusManager' (0x60201ccd)
 - 'value' 'Ljava/lang/Object;' @16  a 'java/awt/DefaultKeyboardFocusManager'{0x0000000301011368} (0x6020226d)
x28=0x00000007bdc43100 is a thread
 fp=0x00000001702d5b90 is pointing into the stack for thread: 0x00000007bdc43100
 lr=0x000000019bc85050: CFEqual+0x3a8 in /System/Library/Frameworks/CoreFoundation.framework/Versions/A/CoreFoundation at 0x000000019bc7d000
 sp=0x00000001702d5b60 is pointing into the stack for thread: 0x00000007bdc43100

Top of Stack: (sp=0x00000001702d5b60)
0x00000001702d5b60:   00000001702d5d38 000000030aeb9408
0x00000001702d5b70:   00000007be422400 00000001276c1718
0x00000001702d5b80:   00000001048d1870 00000001048d1820
0x00000001702d5b90:   00000001702d5bc0 000000019ffbe7c0
0x00000001702d5ba0:   0000000000000000 00000001276bdad8
0x00000001702d5bb0:   00000001276ce000 00000001048d1820
0x00000001702d5bc0:   00000001702d5be0 000000012767756c
0x00000001702d5bd0:   0000000000000008 00000001276ce000
0x00000001702d5be0:   00000001702d5c10 00000001275e1810
0x00000001702d5bf0:   0000000000000000 000000010b0fe010
0x00000001702d5c00:   00000001276cd000 0000000000000200
0x00000001702d5c10:   00000001702d5c30 00000001275b6140
0x00000001702d5c20:   00000001276cd000 000000000000f231
0x00000001702d5c30:   00000001702d5c50 00000001275b6104
0x00000001702d5c40:   00000001702d5cb8 00000001276cd000
0x00000001702d5c50:   00000001702d5c70 00000001275b6358
0x00000001702d5c60:   00000001702d5cb8 0000000116eea8f0
0x00000001702d5c70:   00000001702d5ca0 000000010a18e508
0x00000001702d5c80:   00000001702d5cb8 00000000702d5d00
0x00000001702d5c90:   00000001702d5d38 00000007bdc434c0
0x00000001702d5ca0:   00000001702d5d10 0000000116eeca88
0x00000001702d5cb0:   0000000000000000 0000000301006660
0x00000001702d5cc0:   00000001702d5cc0 0000000000000000
0x00000001702d5cd0:   0000000000000005 0000000128987e38
0x00000001702d5ce0:   00000003010f1c30 00000001702d5cb0
0x00000001702d5cf0:   0000000000000000 0000000128968488
0x00000001702d5d00:   0000000000000000 00000001702d5d00
0x00000001702d5d10:   00000001702d5d90 0000000116ee917c
0x00000001702d5d20:   0000000000000000 0000000000000000
0x00000001702d5d30:   0000000000000000 000000030101d958
0x00000001702d5d40:   00000001702d5d40 000000012896e08a
0x00000001702d5d50:   0000000000000003 0000000128988678 

Instructions: (pc=0x000000019b7f1838)
0x000000019b7f1738:   1f 20 03 d5 1f 20 03 d5 1f 20 03 d5 1f 20 03 d5
0x000000019b7f1748:   1f 20 03 d5 1f 20 03 d5 1f 20 03 d5 1f 20 03 d5
0x000000019b7f1758:   1f 20 03 d5 1f 20 03 d5 1f 20 03 d5 1f 20 03 d5
0x000000019b7f1768:   1f 20 03 d5 1f 20 03 d5 1f 20 03 d5 1f 20 03 d5
0x000000019b7f1778:   1f 20 03 d5 1f 20 03 d5 1f 20 03 d5 1f 20 03 d5
0x000000019b7f1788:   1f 20 03 d5 1f 20 03 d5 1f 20 03 d5 1f 20 03 d5
0x000000019b7f1798:   1f 20 03 d5 1f 20 03 d5 1f 20 03 d5 1f 20 03 d5
0x000000019b7f17a8:   1f 20 03 d5 1f 20 03 d5 1f 20 03 d5 1f 20 03 d5
0x000000019b7f17b8:   1f 20 03 d5 1f 20 03 d5 1f 20 03 d5 1f 20 03 d5
0x000000019b7f17c8:   1f 20 03 d5 1f 20 03 d5 1f 20 03 d5 1f 20 03 d5
0x000000019b7f17d8:   1f 20 03 d5 1f 20 03 d5 1f 20 03 d5 1f 20 03 d5
0x000000019b7f17e8:   1f 20 03 d5 1f 20 03 d5 1f 20 03 d5 1f 20 03 d5
0x000000019b7f17f8:   1f 20 03 d5 1f 20 03 d5 1f 00 00 f1 ed 03 00 54
0x000000019b7f1808:   0e 00 40 f9 d0 cd 7d 92 ea 03 00 aa 2a 5c ed f2
0x000000019b7f1818:   50 19 c1 da ef 03 10 aa 0a 0a 40 f9 4b fd 70 d3
0x000000019b7f1828:   4a bd 40 92 2c 1c 41 ca 8c 01 0b 0a 4d 11 0c 8b
0x000000019b7f1838:   b1 25 ff a8 3f 01 01 eb 81 00 00 54 4a 01 01 ca
0x000000019b7f1848:   4a 01 10 ca 2a 0e 1f d7 89 17 00 b4 bf 01 0a eb
0x000000019b7f1858:   02 ff ff 54 4d 51 2b 8b 4c 11 0c 8b b1 25 ff a8
0x000000019b7f1868:   3f 01 01 eb c0 fe ff 54 3f 01 00 f1 a0 11 4c fa
0x000000019b7f1878:   68 ff ff 54 b1 00 00 14 a0 01 00 54 0a 08 40 92
0x000000019b7f1888:   0b fc 77 93 5f 1d 00 f1 6c 01 8a 9a 2a 9b 36 d0
0x000000019b7f1898:   4a c1 07 91 4a 0d 0c 8b 4e 01 40 f9 f0 03 0e aa
0x000000019b7f18a8:   aa f3 f1 f2 50 1d c1 da db ff ff 17 01 00 80 d2
0x000000019b7f18b8:   00 e4 00 2f 01 e4 00 2f 02 e4 00 2f 03 e4 00 2f
0x000000019b7f18c8:   c0 03 5f d6 1f 20 03 d5 1f 20 03 d5 1f 20 03 d5
0x000000019b7f18d8:   1f 20 03 d5 1f 20 03 d5 1f 00 00 f1 cd 04 00 54
0x000000019b7f18e8:   0d 00 40 f9 b0 cd 7d 92 ea 03 00 aa 2a 5c ed f2
0x000000019b7f18f8:   50 19 c1 da ef 03 10 aa 0a 0a 40 f9 4b fd 70 d3
0x000000019b7f1908:   4a bd 40 92 2c 1c 41 ca 8c 01 0b 0a 4d 11 0c 8b
0x000000019b7f1918:   b1 25 ff a8 3f 01 01 eb 61 01 00 54 4a 01 01 ca
0x000000019b7f1928:   4a 01 10 ca 51 15 c1 da 2a 06 11 ca 4a 00 f0 b6 


Stack slot to memory mapping:

stack at sp + 0 slots: 0x00000001702d5d38 is pointing into the stack for thread: 0x00000007bdc43100
stack at sp + 1 slots: 0x000000030aeb9408 is an oop: kotlinx.coroutines.scheduling.CoroutineScheduler$Worker 
{0x000000030aeb9408} - klass: 'kotlinx/coroutines/scheduling/CoroutineScheduler$Worker'
 - ---- fields (total size 21 words):
 - 'threadLocalRandomSecondarySeed' 'I' @12  1874193357 (0x6fb5ebcd)
 - private final 'tid' 'J' @16  288 (0x0000000000000120)
 - private volatile 'eetop' 'J' @24  33273074944 (0x00000007bf3ad500)
 - injected 'jvmti_thread_state' 'J' @32  0 (0x0000000000000000)
 - 'threadLocalRandomSeed' 'J' @40  0 (0x0000000000000000)
 - 'threadLocalRandomProbe' 'I' @48  0 (0x00000000)
 - injected 'jvmti_VTMS_transition_disable_count' 'I' @52  0 (0x00000000)
 - injected 'jfr_epoch' 'S' @56  0 (0x0000)
 - injected 'jvmti_is_in_VTMS_transition' 'Z' @58  false (0x00)
 - volatile 'interrupted' 'Z' @59  false (0x00)
 - private volatile 'name' 'Ljava/lang/String;' @60  "DefaultDispatcher-worker-8"{0x000000030a511348} (0x614a2269)
 - private volatile 'contextClassLoader' 'Ljava/lang/ClassLoader;' @64  a 'jdk/internal/loader/ClassLoaders$AppClassLoader'{0x00000003008df5d0} (0x6011beba)
 - private 'inheritedAccessControlContext' 'Ljava/security/AccessControlContext;' @68  a 'java/security/AccessControlContext'{0x0000000303605e48} (0x606c0bc9)
 - private final 'holder' 'Ljava/lang/Thread$FieldHolder;' @72  a 'java/lang/Thread$FieldHolder'{0x000000030aeb94c0} (0x615d7298)
 - 'threadLocals' 'Ljava/lang/ThreadLocal$ThreadLocalMap;' @76  a 'java/lang/ThreadLocal$ThreadLocalMap'{0x0000000309f43590} (0x613e86b2)
 - 'inheritableThreadLocals' 'Ljava/lang/ThreadLocal$ThreadLocalMap;' @80  null (0x00000000)
 - private 'scopedValueBindings' 'Ljava/lang/Object;' @84  a 'java/lang/Class'{0x00000003023ffa30} = 'java/lang/Thread' (0x6047ff46)
 - final 'interruptLock' 'Ljava/lang/Object;' @88  a 'java/lang/Object'{0x000000030aeb94b0} (0x615d7296)
 - private volatile 'parkBlocker' 'Ljava/lang/Object;' @92  null (0x00000000)
 - volatile 'nioBlocker' 'Lsun/nio/ch/Interruptible;' @96  null (0x00000000)
 - private 'cont' 'Ljdk/internal/vm/Continuation;' @100  null (0x00000000)
 - private volatile 'uncaughtExceptionHandler' 'Ljava/lang/Thread$UncaughtExceptionHandler;' @104  null (0x00000000)
 - private 'container' 'Ljdk/internal/vm/ThreadContainer;' @108  null (0x00000000)
 - private volatile 'headStackableScopes' 'Ljdk/internal/vm/StackableScope;' @112  null (0x00000000)
 - private volatile 'indexInArray' 'I' @116  8 (0x00000008)
 - private 'terminationDeadline' 'J' @120  256591760445708 (0x0000e95e6cbbd10c)
 - private 'minDelayUntilStealableTaskNs' 'J' @128  0 (0x0000000000000000)
 - private volatile synthetic 'workerCtl$volatile' 'I' @136  -1 (0xffffffff)
 - private 'rngState' 'I' @140  1385851319 (0x529a69b7)
 - public 'mayHaveLocalTasks' 'Z' @144  false (0x00)
 - public final 'localQueue' 'Lkotlinx/coroutines/scheduling/WorkQueue;' @148  a 'kotlinx/coroutines/scheduling/WorkQueue'{0x000000030aeb9598} (0x615d72b3)
 - private final 'stolenTask' 'Lkotlin/jvm/internal/Ref$ObjectRef;' @152  a 'kotlin/jvm/internal/Ref$ObjectRef'{0x000000030aeb97d8} (0x615d72fb)
 - public 'state' 'Lkotlinx/coroutines/scheduling/CoroutineScheduler$WorkerState;' @156  a 'kotlinx/coroutines/scheduling/CoroutineScheduler$WorkerState'{0x0000000301001270} (0x6020024e)
 - private volatile 'nextParkedWorker' 'Ljava/lang/Object;' @160  a 'kotlinx/coroutines/scheduling/CoroutineScheduler$Worker'{0x0000000306a4dc18} (0x60d49b83)
 - final synthetic 'this$0' 'Lkotlinx/coroutines/scheduling/CoroutineScheduler;' @164  a 'kotlinx/coroutines/scheduling/CoroutineScheduler'{0x00000003010045e0} (0x602008bc)
stack at sp + 2 slots: 0x00000007be422400 points into unknown readable memory: 0x0100000208b7e4b9 | b9 e4 b7 08 02 00 00 01
stack at sp + 3 slots: 0x00000001276c1718: <offset 0x111718> in /opt/homebrew/Cellar/sdl2/2.32.10/lib/libSDL2-2.0.0.dylib at 0x00000001275b0000
stack at sp + 4 slots: 0x00000001048d1870 points into unknown readable memory: 0x00000007bd19d800 | 00 d8 19 bd 07 00 00 00
stack at sp + 5 slots: 0x00000001048d1820 points into unknown readable memory: 0x0100000208b7e4b9 | b9 e4 b7 08 02 00 00 01
stack at sp + 6 slots: 0x00000001702d5bc0 is pointing into the stack for thread: 0x00000007bdc43100
stack at sp + 7 slots: 0x000000019ffbe7c0: IOHIDManagerUnscheduleFromRunLoop+0x40 in /System/Library/Frameworks/IOKit.framework/Versions/A/IOKit at 0x000000019ff76000


Compiled method (c2) 4844249 181249       4       java.awt.Component::dispatchEventImpl (843 bytes)
 total in heap  [0x0000000117f07f90,0x0000000117f14838] = 51368
 relocation     [0x0000000117f080e0,0x0000000117f08bf0] = 2832
 main code      [0x0000000117f08c00,0x0000000117f104e8] = 30952
 stub code      [0x0000000117f104e8,0x0000000117f10db8] = 2256
 oops           [0x0000000117f10db8,0x0000000117f10e50] = 152
 metadata       [0x0000000117f10e50,0x0000000117f114d8] = 1672
 scopes data    [0x0000000117f114d8,0x0000000117f12e70] = 6552
 scopes pcs     [0x0000000117f12e70,0x0000000117f13d60] = 3824
 dependencies   [0x0000000117f13d60,0x0000000117f13f50] = 496
 handler table  [0x0000000117f13f50,0x0000000117f14778] = 2088
 nul chk table  [0x0000000117f14778,0x0000000117f14838] = 192

[Constant Pool (empty)]

[MachCode]
[Entry Point]
  # {method} {0x00000001282471b8} 'dispatchEventImpl' '(Ljava/awt/AWTEvent;)V' in 'java/awt/Component'
  # this:     c_rarg1:c_rarg1 
                        = 'java/awt/Component'
  # parm0:    c_rarg2:c_rarg2 
                        = 'java/awt/AWTEvent'
  #           [sp+0xc0]  (sp of caller)
  0x0000000117f08c00: 2808 40b9 | 3f01 086b | 4000 0054 

  0x0000000117f08c0c: ;   {runtime_call ic_miss_stub}
  0x0000000117f08c0c: 9d5c c017 
[Verified Entry Point]
  0x0000000117f08c10: 1f20 03d5 | e953 40d1 | 3f01 00f9 | ff03 03d1 | fd7b 0ba9 | e8c5 0318 | 8923 40b9 | 1f01 09eb 
  0x0000000117f08c30: e1c4 0354 

  0x0000000117f08c34: ;   {oop(a 'java/util/concurrent/atomic/AtomicInteger'{0x0000000300d92978})}
  0x0000000117f08c34: 0b2f 85d2 | 2b1b a0f2 | 6b00 c0f2 

  0x0000000117f08c40: ;   {oop(a 'java/util/concurrent/atomic/AtomicInteger'{0x0000000300d92978})}
  0x0000000117f08c40: 0a2f 85d2 | 2a1b a0f2 | 6a00 c0f2 | 6a31 0091 | 4afd df88 | f703 01aa | 2e48 40b9 | f803 02aa 
  0x0000000117f08c60: ; implicit exception: dispatches to 0x0000000117f0f648
  0x0000000117f08c60: 5510 40b9 | cdf1 7dd3 | 4d12 02b4 

  0x0000000117f08c6c: ;   {oop(a 'java/lang/Class'{0x0000000300d91f98} = 'sun/awt/AppContext')}
  0x0000000117f08c6c: 0cf3 83d2 | 2c1b a0f2 | 6c00 c0f2 

  0x0000000117f08c78: ;   {oop(a 'java/lang/Class'{0x0000000300d91f98} = 'sun/awt/AppContext')}
  0x0000000117f08c78: 0bf3 83d2 | 2b1b a0f2 | 6b00 c0f2 | 8b11 0291 | 8cc7 41f9 | 9901 40f9 | 6bfd df88 | 5f05 0071 
  0x0000000117f08c98: 810e 0254 

  0x0000000117f08c9c: ;   {oop(a 'java/lang/Class'{0x0000000300d91f98} = 'sun/awt/AppContext')}
  0x0000000117f08c9c: 0cf3 83d2 | 2c1b a0f2 | 6c00 c0f2 

  0x0000000117f08ca8: ;   {oop(a 'java/lang/Class'{0x0000000300d91f98} = 'sun/awt/AppContext')}
  0x0000000117f08ca8: 0af3 83d2 | 2a1b a0f2 | 6a00 c0f2 | 8a11 0291 | 6bf1 7dd3 | 4afd df88 | ab10 02b4 

  0x0000000117f08cc4: ;   {oop(a 'sun/util/logging/PlatformLogger'{0x0000000301034c58})}
  0x0000000117f08cc4: 0b8b 89d2 | 6b20 a0f2 | 6b00 c0f2 | 6b0d 40b9 | df01 0a6b | 76f1 7dd3 | c1ea 0154 

  0x0000000117f08ce0: ; implicit exception: dispatches to 0x0000000117f0f65c
  0x0000000117f08ce0: ca0a 40b9 

  0x0000000117f08ce4: ;   {metadata('jdk/internal/logger/LazyLoggers$JdkLazyLogger')}
  0x0000000117f08ce4: 4c0f a0d2 | 0c86 8ef2 | 5f01 0c6b | 21eb 0154 | cb0e 40b9 | 73f1 7dd3 

  0x0000000117f08cfc: ; implicit exception: dispatches to 0x0000000117f0f670
  0x0000000117f08cfc: 6a0a 40b9 

  0x0000000117f08d00: ;   {metadata('jdk/internal/logger/LazyLoggers$LazyLoggerAccessor')}
  0x0000000117f08d00: 4c0f a0d2 | 0c3a 88f2 | 5f01 0c6b | 61eb 0154 | 6a82 0091 | 4bfd df88 | 6df1 7dd3 | 2d4d 01b4 
  0x0000000117f08d20: aa09 40b9 

  0x0000000117f08d24: ;   {metadata('jdk/internal/logger/SurrogateLogger')}
  0x0000000117f08d24: ac0d a0d2 | 0cb1 92f2 | 5f01 0c6b | 61eb 0154 | aa51 0091 | 4bfd df88 | 6af1 7dd3 | 0f0b 40b9 
  0x0000000117f08d44: 4a0a 02b5 

  0x0000000117f08d48: ;   {metadata('java/awt/event/KeyEvent')}
  0x0000000117f08d48: 4a44 a0d2 | 0ae3 95f2 | ff01 0a6b | c18a 0054 | ec03 0032 | ed03 1f2a 

  0x0000000117f08d60: ;   {metadata('sun/awt/dnd/SunDropTargetEvent')}
  0x0000000117f08d60: 6a44 a0d2 | 0a5a 88f2 | ff01 0a6b | 80e5 0154 | 0b57 4039 | cbd8 0035 | 0a5b 4039 | aa00 0035 
  0x0000000117f08d80: ec0f 00b9 | f80b 00f9 | ed1f 00b9 | 8a00 0014 

  0x0000000117f08d90: ;   {oop(a 'java/lang/Class'{0x000000030100e668} = 'java/awt/KeyboardFocusManager')}
  0x0000000117f08d90: 0acd 9cd2 | 0a20 a0f2 | 6a00 c0f2 | 4a15 4339 | ca22 0235 | f703 00f9 | f53f 0129 | f80b 00f9 
  0x0000000117f08db0: ec37 0329 

  0x0000000117f08db4: ;   {oop(a 'sun/util/logging/PlatformLogger'{0x00000003010112b0})}
  0x0000000117f08db4: 1d56 82d2 | 3d20 a0f2 | 7d00 c0f2 

  0x0000000117f08dc0: ; ImmutableOopMap {rfp=Oop [0]=Oop [16]=Oop }
                      ;*invokestatic getCurrentKeyboardFocusManager {reexecute=0 rethrow=0 return_oop=1}
                      ; - java.awt.KeyboardFocusManager::retargetFocusEvent@8 (line 2910)
                      ; - java.awt.Component::dispatchEventImpl@121 (line 4918)
                      ;   {static_call}
  0x0000000117f08dc0: 7040 0b94 

  0x0000000117f08dc4: ;   {other}
  0x0000000117f08dc4: 1f20 03d5 | 9fc6 81f2 | 1f00 80f2 | ab0f 40b9 | e013 00f9 | 6df1 7dd3 

  0x0000000117f08ddc: ; implicit exception: dispatches to 0x0000000117f0f6ac
  0x0000000117f08ddc: aa09 40b9 

  0x0000000117f08de0: ;   {metadata('jdk/internal/logger/LazyLoggers$JdkLazyLogger')}
  0x0000000117f08de0: 4c0f a0d2 | 0c86 8ef2 | 5f01 0c6b | e1f1 0154 | ab0d 40b9 | 6ef1 7dd3 

  0x0000000117f08df8: ; implicit exception: dispatches to 0x0000000117f0f6d4
  0x0000000117f08df8: ca09 40b9 

  0x0000000117f08dfc: ;   {metadata('jdk/internal/logger/LazyLoggers$LazyLoggerAccessor')}
  0x0000000117f08dfc: 4c0f a0d2 | 0c3a 88f2 | 5f01 0c6b | 81f2 0154 | ca81 0091 | 4bfd df88 | 6cf1 7dd3 | 2c58 01b4 
  0x0000000117f08e1c: 4c21 02b4 | 8b09 40b9 

  0x0000000117f08e24: ;   {metadata('jdk/internal/logger/SurrogateLogger')}
  0x0000000117f08e24: aa0d a0d2 | 0ab1 92f2 | 7f01 0a6b | 01f4 0154 | 8a51 0091 | 4afd df88 | 4af1 7dd3 | ea16 02b5 
  0x0000000117f08e44: e003 1f2a 

  0x0000000117f08e48: ;   {oop(a 'java/lang/Class'{0x000000030100e668} = 'java/awt/KeyboardFocusManager')}
  0x0000000117f08e48: 0acd 9cd2 | 0a20 a0f2 | 6a00 c0f2 | 4b99 40b9 | 6ef1 7dd3 | e01d 0235 | 4ef1 01b4 | ed43 0291 
  0x0000000117f08e68: ca01 40f9 | aa01 0837 | 4b01 40b2 | ab01 00f9 | ea03 0baa | cdfd eac8 | 5f01 0beb | 6002 0054 
  0x0000000117f08e88: e803 0091 | 4a01 08cb | ebcf 72b2 | 4b01 0bea | ab01 00f9 | 0d00 0014 | 4bf9 0091 | ec03 1faa 
  0x0000000117f08ea8: 7cfd ecc8 | 9f01 1feb | eb07 40b2 | ab01 00f9 | c000 0054 | 9f01 1ceb | 8100 0054 | 4861 48f8 
  0x0000000117f08ec8: 0805 0091 | 4861 08f8 | 8100 0054 | 88ab 42f9 | 0805 0091 | 88ab 02f9 | 01f0 0154 

  0x0000000117f08ee4: ;   {oop(a 'java/lang/Class'{0x000000030100e668} = 'java/awt/KeyboardFocusManager')}
  0x0000000117f08ee4: 0acd 9cd2 | 0a20 a0f2 | 6a00 c0f2 | 4ba1 40b9 | 6af1 7dd3 | 0a1c 02b5 | ec43 0291 | 8b01 40f9 
  0x0000000117f08f04: 7f01 1feb | 8002 0054 | ca01 40f9 | aa00 0837 | ea03 0caa | cbfd aac8 | 5f01 0ceb | 0e00 0014 
  0x0000000117f08f24: 4a09 00d1 | 4b45 40f9 | ab00 00b4 | 6b05 00d1 | 4b45 00f9 | 7f01 0beb | 0700 0014 | 482d 49a9 
  0x0000000117f08f44: 0801 0baa | 1f01 1feb | 6800 00b5 | 4a01 0191 | 5ffd 9fc8 | 8100 0054 | 88ab 42f9 | 0805 00d1 
  0x0000000117f08f64: 88ab 02f9 | e1ec 0154 

  0x0000000117f08f6c: ; ImmutableOopMap {[0]=Oop [16]=Oop }
                      ;*invokestatic processCurrentLightweightRequests {reexecute=0 rethrow=0 return_oop=0}
                      ; - java.awt.KeyboardFocusManager::retargetFocusEvent@192 (line 2949)
                      ; - java.awt.Component::dispatchEventImpl@121 (line 4918)
                      ;   {static_call}
  0x0000000117f08f6c: 0501 0194 

  0x0000000117f08f70: ;   {other}
  0x0000000117f08f70: 1f20 03d5 | 1ffc 81f2 | 1f20 80f2 | e00b 40f9 | 0a10 40b9 | 5fb1 0f71 | e0eb 0054 | 5fb1 0f71 
  0x0000000117f08f90: 6b00 0054 | 5fb9 0f71 | 6bed 0054 | ea1b 40b9 | 0a58 0039 | f703 40f9 | f50b 40b9 | ea0f 00b9 
  0x0000000117f08fb0: e00b 00f9 | f50b 00b9 | fd03 17aa 

  0x0000000117f08fbc: ; ImmutableOopMap {rfp=Oop [16]=Oop }
                      ;*invokestatic getCurrentKeyboardFocusManager {reexecute=0 rethrow=0 return_oop=1}
                      ; - java.awt.Component::dispatchEventImpl@130 (line 4925)
                      ;   {static_call}
  0x0000000117f08fbc: f13f 0b94 

  0x0000000117f08fc0: ;   {other}
  0x0000000117f08fc0: 1f20 03d5 | 1f06 82f2 | 1f40 80f2 | a0d7 01b4 | e103 00aa | e20b 40f9 

  0x0000000117f08fd8: ; ImmutableOopMap {rfp=Oop [16]=Oop }
                      ;*invokevirtual dispatchEvent {reexecute=0 rethrow=0 return_oop=0}
                      ; - java.awt.Component::dispatchEventImpl@134 (line 4926)
                      ;   {optimized virtual_call}
  0x0000000117f08fd8: eee1 ff97 

  0x0000000117f08fdc: ;   {other}
  0x0000000117f08fdc: 1f20 03d5 | 9f09 82f2 | 1f60 80f2 | 403d 0035 | eb0b 40f9 | 6a09 40b9 

  0x0000000117f08ff4: ;   {metadata('java/awt/event/FocusEvent')}
  0x0000000117f08ff4: 6c44 a0d2 | 0cc0 88f2 | 5f01 0c6b | e1bb 0054 | e80b 40f9 | e803 00f9 | f703 1daa | f533 4129 
  0x0000000117f09014: ed1f 40b9 

  0x0000000117f09018: ;   {oop(a 'sun/util/logging/PlatformLogger'{0x0000000301034bb0})}
  0x0000000117f09018: 0a76 89d2 | 6a20 a0f2 | 6a00 c0f2 | 4b0d 40b9 | 6ff1 7dd3 

  0x0000000117f0902c: ; implicit exception: dispatches to 0x0000000117f0f684
  0x0000000117f0902c: ea09 40b9 

  0x0000000117f09030: ;   {metadata('jdk/internal/logger/LazyLoggers$JdkLazyLogger')}
  0x0000000117f09030: 4e0f a0d2 | 0e86 8ef2 | 5f01 0e6b | c1d4 0154 | eb0d 40b9 | 70f1 7dd3 

  0x0000000117f09048: ; implicit exception: dispatches to 0x0000000117f0f698
  0x0000000117f09048: 0a0a 40b9 

  0x0000000117f0904c: ;   {metadata('jdk/internal/logger/LazyLoggers$LazyLoggerAccessor')}
  0x0000000117f0904c: 4e0f a0d2 | 0e3a 88f2 | 5f01 0e6b | 21d6 0154 | 0a82 0091 | 4bfd df88 | 71f1 7dd3 | b13c 01b4 
  0x0000000117f0906c: 31fd 01b4 | 2a0a 40b9 

  0x0000000117f09074: ;   {metadata('jdk/internal/logger/SurrogateLogger')}
  0x0000000117f09074: ae0d a0d2 | 0eb1 92f2 | 5f01 0e6b | 21d7 0154 | 2a52 0091 | 4bfd df88 | 6af1 7dd3 | 0afb 01b5 
  0x0000000117f09094: e003 1f2a | e0fc 0135 | f303 40f9 | 740a 40b9 | bfee 0771 | 4102 0054 | e803 40f9 | e807 00f9 
  0x0000000117f090b4: ec37 0029 | f413 00b9 | fd03 17aa | 623f 8052 | e103 17aa 

  0x0000000117f090c8: ; ImmutableOopMap {rfp=Oop [8]=Oop }
                      ;*invokevirtual eventTypeEnabled {reexecute=0 rethrow=0 return_oop=0}
                      ; - java.awt.Component::dispatchEventImpl@184 (line 4940)
                      ;   {optimized virtual_call}
  0x0000000117f090c8: 2e5c c097 

  0x0000000117f090cc: ;   {other}
  0x0000000117f090cc: 1f20 03d5 | 9f27 82f2 | 1f80 80f2 | 6039 0034 | 753f 8052 | f703 1daa | ec03 40b9 | f307 40f9 
  0x0000000117f090ec: f413 40b9 | 6b12 40b9 | 6ad1 0751 | 5f21 0071 | 0206 0054 | 7fe5 0771 | c005 0054 | 7fed 0771 
  0x0000000117f0910c: 8005 0054 | ea0a 40b9 

  0x0000000117f09114: ;   {metadata('org/jetbrains/skiko/SkiaLayer$1')}
  0x0000000117f09114: ad44 a0d2 | 0d41 9ef2 | 5f01 0d6b | 81cd 0054 | ea03 17aa | 4e45 40b9 | 4b09 40f9 | 0d06 80d2 
  0x0000000117f09134: 4d00 a0f2 | c1f1 7dd3 | 6b01 0d8a | 8146 02b4 | 6b3a 02b5 | 4ba9 40b9 | 4b01 0035 | 4dad 40b9 
  0x0000000117f09154: abf1 7dd3 | eb46 02b5 | 4bb1 40b9 | ab00 0035 | 4d5d 40b9 | abf1 7dd3 | 6b00 00b4 | 9713 0014 
  0x0000000117f09174: ec03 1f2a | f703 00f9 | f553 0129 | f30b 00f9 | fd03 0aaa | e203 0c2a | e9ff 9fd2 | e9ff bff2 
  0x0000000117f09194: e9ff dff2 

  0x0000000117f09198: ; ImmutableOopMap {rfp=Oop [0]=Oop [16]=Oop }
                      ;*invokevirtual updateCustomTitleBarHitTest {reexecute=0 rethrow=0 return_oop=1}
                      ; - java.awt.Component::updateCustomTitleBarHitTest@56 (line 10616)
                      ; - java.awt.Component::dispatchEventImpl@263 (line 4949)
                      ;   {virtual_call}
  0x0000000117f09198: ba5c c097 

  0x0000000117f0919c: ;   {other}
  0x0000000117f0919c: 1f20 03d5 | 9f41 82f2 | 1fa0 80f2 | f703 40f9 | f553 4129 | f30b 40f9 | f803 00aa | 0200 0014 
  0x0000000117f091bc: f803 1faa | ee43 0291 

  0x0000000117f091c4: ;   {oop(a 'java/lang/Class'{0x0000000300d94cd8} = 'java/awt/Toolkit')}
  0x0000000117f091c4: 0d9b 89d2 | 2d1b a0f2 | 6d00 c0f2 | aa01 40f9 | aa01 0837 | 4c01 40b2 | cc01 00f9 | ea03 0caa 
  0x0000000117f091e4: aefd eac8 | 5f01 0ceb | 6002 0054 | e803 0091 | 4a01 08cb | eccf 72b2 | 4c01 0cea | cc01 00f9 
  0x0000000117f09204: 0d00 0014 | 4cf9 0091 | eb03 1faa | 9cfd ebc8 | 7f01 1feb | ec07 40b2 | cc01 00f9 | c000 0054 
  0x0000000117f09224: 7f01 1ceb | 8100 0054 | 4861 48f8 | 0805 0091 | 4861 08f8 | 8100 0054 | 88ab 42f9 | 0805 0091 
  0x0000000117f09244: 88ab 02f9 | 21cb 0154 

  0x0000000117f0924c: ;   {oop(a 'java/lang/Class'{0x0000000300d94cd8} = 'java/awt/Toolkit')}
  0x0000000117f0924c: 0a9b 89d2 | 2a1b a0f2 | 6a00 c0f2 | 4a71 40b9 | 56f1 7dd3 | 96f7 01b4 | ed43 0291 

  0x0000000117f09268: ;   {oop(a 'java/lang/Class'{0x0000000300d94cd8} = 'java/awt/Toolkit')}
  0x0000000117f09268: 0c9b 89d2 | 2c1b a0f2 | 6c00 c0f2 | aa01 40f9 | 5f01 1feb | 8002 0054 | 8b01 40f9 | ab00 0837 
  0x0000000117f09288: eb03 0daa | 8afd abc8 | 7f01 0deb | 0e00 0014 | 6b09 00d1 | 6a45 40f9 | aa00 00b4 | 4a05 00d1 
  0x0000000117f092a8: 6a45 00f9 | 5f01 0aeb | 0700 0014 | 6829 49a9 | 0801 0aaa | 1f01 1feb | 6800 00b5 | 6b01 0191 
  0x0000000117f092c8: 7ffd 9fc8 | 8100 0054 | 88ab 42f9 | 0805 00d1 | 88ab 02f9 | 81c8 0154 | ca0a 40b9 

  0x0000000117f092e4: ;   {metadata('sun/lwawt/macosx/LWCToolkit')}
  0x0000000117f092e4: ac40 a0d2 | 0c7d 98f2 | 5f01 0c6b | 8119 0354 | ed03 16aa | ab19 40b9 | 61f1 7dd3 | 6100 00b5 
  0x0000000117f09304: f40f 00b9 | 1400 0014 | 2a08 40b9 

  0x0000000117f09310: ;   {metadata('java/awt/Toolkit$SelectiveAWTEventListener')}
  0x0000000117f09310: ac49 a0d2 | 0c49 8af2 | 5f01 0c6b | a1c1 0054 | f703 00f9 | f553 0129 | f837 01a9 | f313 00f9 
  0x0000000117f09330: fd03 16aa | e203 13aa 

  0x0000000117f09338: ; ImmutableOopMap {rfp=Oop [0]=Oop [16]=Oop [24]=Oop [32]=Oop }
                      ;*invokeinterface eventDispatched {reexecute=0 rethrow=0 return_oop=0}
                      ; - java.awt.Toolkit::notifyAWTEventListeners@30 (line 2052)
                      ; - java.awt.Component::dispatchEventImpl@280 (line 4955)
                      ;   {optimized virtual_call}
  0x0000000117f09338: f66d 0094 

  0x0000000117f0933c: ;   {other}
  0x0000000117f0933c: 1f20 03d5 | 9f75 82f2 | 1fc0 80f2 | f703 40f9 | f50b 40b9 | f837 41a9 | f313 40f9 | f703 00f9 
  0x0000000117f0935c: f513 00b9 | f3e3 01a9 | ed17 00f9 | e103 13aa | e9ff 9fd2 | e9ff bff2 | e9ff dff2 

  0x0000000117f09378: ; ImmutableOopMap {[0]=Oop [24]=Oop [32]=Oop [40]=Oop }
                      ;*invokevirtual isConsumed {reexecute=0 rethrow=0 return_oop=0}
                      ; - java.awt.Component::dispatchEventImpl@284 (line 4962)
                      ;   {virtual_call}
  0x0000000117f09378: fcf5 c397 

  0x0000000117f0937c: ;   {other}
  0x0000000117f0937c: 1f20 03d5 | 9f7d 82f2 | 1fe0 80f2 | 60eb 0135 

  0x0000000117f0938c: ;   {metadata('java/awt/event/KeyEvent')}
  0x0000000117f0938c: 5d44 a0d2 | 1de3 95f2 | eb0f 40b9 | 7f01 1d6b | 6102 0054 

  0x0000000117f093a0: ; ImmutableOopMap {[0]=Oop [24]=Oop [32]=Oop [40]=Oop }
                      ;*invokestatic getCurrentKeyboardFocusManager {reexecute=0 rethrow=0 return_oop=1}
                      ; - java.awt.Component::dispatchEventImpl@297 (line 4964)
                      ;   {static_call}
  0x0000000117f093a0: f83e 0b94 

  0x0000000117f093a4: ;   {other}
  0x0000000117f093a4: 1f20 03d5 | 9f82 82f2 | 1f00 81f2 | e30f 40f9 | e0cf 01b4 | e103 00aa | e203 40f9 

  0x0000000117f093c0: ; ImmutableOopMap {[0]=Oop [24]=Oop [32]=Oop [40]=Oop }
                      ;*invokevirtual processKeyEvent {reexecute=0 rethrow=0 return_oop=0}
                      ; - java.awt.Component::dispatchEventImpl@305 (line 4965)
                      ;   {optimized virtual_call}
  0x0000000117f093c0: 8a1c 0094 

  0x0000000117f093c4: ;   {other}
  0x0000000117f093c4: 1f20 03d5 | 9f86 82f2 | 1f20 81f2 | ea0f 40b9 | 5f01 1d6b | a1cf 0154 | ea0f 40f9 | 4051 4039 
  0x0000000117f093e4: a00b 0235 

  0x0000000117f093e8: ;   {oop(a 'java/lang/Class'{0x000000030102bb38} = 'java/awt/Component')}
  0x0000000117f093e8: 0b67 97d2 | 4b20 a0f2 | 6b00 c0f2 | 6c35 4439 | ed03 40f9 | aa09 40f9 | af09 40b9 | 8ceb 0135 
  0x0000000117f09408: 8a01 6037 | ea13 40b9 | 5fb1 0f71 | 00cb 0054 | 5f45 0671 | 6a00 0054 | eb0f 40f9 | b500 0014 
  0x0000000117f09428: 5f4d 0671 | 6bc0 0054 | eb0f 40f9 | b100 0014 | eb0f 40f9 | 7d09 40b9 | ec03 1d2a | 0c12 c0f2 
  0x0000000117f09448: 4a01 7d92 | 9029 40f9 | 4a0d 02b4 

  0x0000000117f09454: ;   {metadata('java/awt/event/InputMethodEvent')}
  0x0000000117f09454: cc40 a0d2 | 0c4d 99f2 | bf03 0c6b | 00da 0154 

  0x0000000117f09464: ;   {metadata('java/awt/event/InputEvent')}
  0x0000000117f09464: 0a55 9cd2 | aa40 a0f2 | 0a12 c0f2 | 1f02 0aeb | 419f 0054 

  0x0000000117f09478: ;   {metadata('androidx/compose/ui/awt/ComposeWindowPanel')}
  0x0000000117f09478: 8c44 a0d2 | 0c20 8af2 | ff01 0c6b | 41a3 0054 | ea03 0daa | 4e45 40b9 | c1f1 7dd3 | 212a 02b4 
  0x0000000117f09498: ea37 00a9 | f00f 00f9 | eb1b 00f9 | e9ff 9fd2 | e9ff bff2 | e9ff dff2 

  0x0000000117f094b0: ; ImmutableOopMap {[0]=Oop [8]=Oop [32]=Oop [40]=Oop [48]=Oop }
                      ;*invokevirtual getInputContext {reexecute=0 rethrow=0 return_oop=1}
                      ; - java.awt.Component::getInputContext@12 (line 6198)
                      ; - java.awt.Component::dispatchEventImpl@352 (line 4987)
                      ;   {virtual_call}
  0x0000000117f094b0: f45b c097 

  0x0000000117f094b4: ;   {other}
  0x0000000117f094b4: 1f20 03d5 | 9fa4 82f2 | 1f40 81f2 | 600b 02b4 | 0a08 40b9 

  0x0000000117f094c8: ;   {metadata('sun/awt/im/InputMethodContext')}
  0x0000000117f094c8: 8c49 a0d2 | 0ce0 89f2 | 5f01 0c6b | 81d7 0154 | f403 00aa | 8bd2 4039 | cb07 0235 

  0x0000000117f094e4: ;   {metadata('java/awt/event/FocusEvent')}
  0x0000000117f094e4: 6b44 a0d2 | 0bc0 88f2 | bf03 0b6b | 4104 0054 | e11b 40f9 | f41f 00f9 

  0x0000000117f094fc: ; ImmutableOopMap {[8]=Oop [32]=Oop [40]=Oop [48]=Oop [56]=Oop }
                      ;*invokevirtual getOppositeComponent {reexecute=0 rethrow=0 return_oop=1}
                      ; - sun.awt.im.InputContext::dispatchEvent@19 (line 232)
                      ; - sun.awt.im.InputMethodContext::dispatchEvent@58 (line 197)
                      ; - java.awt.Component::dispatchEventImpl@365 (line 4991)
                      ;   {optimized virtual_call}
  0x0000000117f094fc: 4b1c 0094 

  0x0000000117f09500: ;   {other}
  0x0000000117f09500: 1f20 03d5 | 1fae 82f2 | 1f60 81f2 | 80a0 00b4 | e023 00f9 | e103 00aa 

  0x0000000117f09518: ; ImmutableOopMap {[8]=Oop [32]=Oop [40]=Oop [48]=Oop [56]=Oop [64]=Oop }
                      ;*invokestatic getComponentWindow {reexecute=0 rethrow=0 return_oop=1}
                      ; - sun.awt.im.InputContext::dispatchEvent@28 (line 234)
                      ; - sun.awt.im.InputMethodContext::dispatchEvent@58 (line 197)
                      ; - java.awt.Component::dispatchEventImpl@365 (line 4991)
                      ;   {static_call}
  0x0000000117f09518: 9a5c c097 

  0x0000000117f0951c: ;   {other}
  0x0000000117f0951c: 1f20 03d5 | 9fb1 82f2 | 1f80 81f2 

  0x0000000117f09528: ; implicit exception: dispatches to 0x0000000117f0f6fc
  0x0000000117f09528: 0b08 40b9 | e403 0b2a | 0412 c0f2 | 8a10 40f9 

  0x0000000117f09538: ;   {metadata('sun/awt/im/InputMethodWindow')}
  0x0000000117f09538: 0076 8dd2 | 8049 a0f2 | 0012 c0f2 | 5f01 00eb | e19a 0054 | e123 40f9 | e9ff 9fd2 | e9ff bff2 
  0x0000000117f09558: e9ff dff2 

  0x0000000117f0955c: ; ImmutableOopMap {[8]=Oop [32]=Oop [40]=Oop [48]=Oop [56]=Oop }
                      ;*invokevirtual getInputContext {reexecute=0 rethrow=0 return_oop=1}
                      ; - sun.awt.im.InputContext::dispatchEvent@38 (line 235)
                      ; - sun.awt.im.InputMethodContext::dispatchEvent@58 (line 197)
                      ; - java.awt.Component::dispatchEventImpl@365 (line 4991)
                      ;   {virtual_call}
  0x0000000117f0955c: c95b c097 

  0x0000000117f09560: ;   {other}
  0x0000000117f09560: 1f20 03d5 | 1fba 82f2 | 1fa0 81f2 | f41f 40f9 | 1f00 14eb | a09f 0054 | ed43 0291 | 8b02 40f9 
  0x0000000117f09580: ab01 0837 | 6c01 40b2 | ac01 00f9 | eb03 0caa | 8dfe ebc8 | 7f01 0ceb | 6002 0054 | e803 0091 
  0x0000000117f095a0: 6b01 08cb | eccf 72b2 | 6c01 0cea | ac01 00f9 | 0d00 0014 | 6cf9 0091 | ea03 1faa | 9cfd eac8 
  0x0000000117f095c0: 5f01 1feb | ec07 40b2 | ac01 00f9 | c000 0054 | 5f01 1ceb | 8100 0054 | 6861 48f8 | 0805 0091 
  0x0000000117f095e0: 6861 08f8 | 8100 0054 | 88ab 42f9 | 0805 0091 | 88ab 02f9 | 41d4 0154 | 8a16 40b9 | 53f1 7dd3 
  0x0000000117f09600: 1302 01b4 | ec43 0291 | 8b01 40f9 | 7f01 1feb | 8002 0054 | 8a02 40f9 | aa00 0837 | ea03 0caa 
  0x0000000117f09620: 8bfe aac8 | 5f01 0ceb | 0e00 0014 | 4a09 00d1 | 4b45 40f9 | ab00 00b4 | 6b05 00d1 | 4b45 00f9 
  0x0000000117f09640: 7f01 0beb | 0700 0014 | 482d 49a9 | 0801 0baa | 1f01 1feb | 6800 00b5 | 4a01 0191 | 5ffd 9fc8 
  0x0000000117f09660: 8100 0054 | 88ab 42f9 | 0805 00d1 | 88ab 02f9 | 81d1 0154 | eb1b 40f9 | 6a11 40b9 | ed03 0132 
  0x0000000117f09680: 4c01 0d0b | 0832 8052 | 0800 b072 | 9f01 086b | 6900 0054 | 5fb9 0f71 | abfa 0054 | 9306 02b4 
  0x0000000117f096a0: ;   {metadata('java/awt/event/InputEvent')}
  0x0000000117f096a0: 0c55 9cd2 | ac40 a0f2 | 0c12 c0f2 | 6a0a 40b9 | ed0f 40f9 | bf01 0ceb | e1d0 0154 

  0x0000000117f096bc: ;   {metadata('sun/lwawt/macosx/CInputMethod')}
  0x0000000117f096bc: 8c49 a0d2 | 0c02 8df2 | 5f01 0c6b | 41cc 0154 

  0x0000000117f096cc: ;   {metadata('java/awt/event/MouseWheelEvent')}
  0x0000000117f096cc: 8c49 a0d2 | 0c4e 97f2 | bf03 0c6b | e19b 0054 | ea03 0baa | 4051 4039 | e0fb 0135 | ea13 40b9 
  0x0000000117f096ec: 5f45 0671 | 2a08 0054 | ed07 40f9 | aedd 4039 | 0ed5 0134 | 6a09 40b9 | fd03 0daa | ea03 00b9 
  0x0000000117f0970c: eb07 00f9 | e103 0daa | e203 0baa | e9ff 9fd2 | e9ff bff2 | e9ff dff2 

  0x0000000117f09724: ; ImmutableOopMap {rfp=Oop [8]=Oop [32]=Oop [40]=Oop }
                      ;*invokevirtual eventEnabled {reexecute=0 rethrow=0 return_oop=0}
                      ; - java.awt.Component::dispatchEventImpl@544 (line 5048)
                      ;   {virtual_call}
  0x0000000117f09724: 171f c697 

  0x0000000117f09728: ;   {other}
  0x0000000117f09728: 1f20 03d5 | 1ff3 82f2 | 1fc0 81f2 | 4001 0034 | e103 1daa | e207 40f9 | e9ff 9fd2 | e9ff bff2 
  0x0000000117f09748: e9ff dff2 

  0x0000000117f0974c: ; ImmutableOopMap {rfp=Oop [8]=Oop [32]=Oop [40]=Oop }
                      ;*invokevirtual processEvent {reexecute=0 rethrow=0 return_oop=0}
                      ; - java.awt.Component::dispatchEventImpl@552 (line 5049)
                      ;   {virtual_call}
  0x0000000117f0974c: 374e c997 

  0x0000000117f09750: ;   {other}
  0x0000000117f09750: 1f20 03d5 | 1ff8 82f2 | 1fe0 81f2 

  0x0000000117f0975c: ;   {metadata('java/awt/event/KeyEvent')}
  0x0000000117f0975c: 4b44 a0d2 | 0be3 95f2 | ec03 40b9 | 9f01 0b6b | 2181 0054 | ed03 1daa | eb13 40f9 

  0x0000000117f09778: ;   {oop(a 'java/lang/Class'{0x0000000300d93428} = 'sun/awt/SunToolkit')}
  0x0000000117f09778: 0a85 86d2 | 2a1b a0f2 | 6a00 c0f2 | cbd1 01b5 | 4a01 4339 | aad2 0134 | fd7b 4ba9 | ff03 0391 
  0x0000000117f09798: 886f 42f9 | ff63 28eb | 2302 0054 | fd7b bfa9 | fd03 0091 

  0x0000000117f097ac: ;   {external_word}
  0x0000000117f097ac: 880c 8ed2 | c858 a1f2 | 2800 c0f2 | e003 1caa | 0001 3fd6 | bf03 0091 | fd7b c1a8 

  0x0000000117f097c8: ;   {runtime_call delayed StackOverflowError throw_exception}
  0x0000000117f097c8: 0840 8ed2 | c8dd a2f2 | 2800 c0f2 | 0001 1fd6 | c1d5 bbd4 | 85c7 f20a | 0100 0000 

  0x0000000117f097e4: ;   {poll_return}
  0x0000000117f097e4: 882b 42f9 | ff63 28eb | a866 0354 | c003 5fd6 | 5f4d 0671 | aba1 0054 | ed07 40f9 | beff ff17 
  0x0000000117f09804: f703 1daa | eb02 0191 | 6bfd df88 | ea02 0191 | 4cfd df88 | 6af1 7dd3 | ea11 02b4 | 8af1 7dd3 
  0x0000000117f09824: ; implicit exception: dispatches to 0x0000000117f0f734
  0x0000000117f09824: 4b09 40b9 

  0x0000000117f09828: ;   {metadata('sun/lwawt/LWCanvasPeer')}
  0x0000000117f09828: 6c44 a0d2 | 0c3c 9bf2 | 7f01 0c6b | ed0a 40b9 | 6196 0054 

  0x0000000117f0983c: ;   {metadata('java/awt/event/MouseWheelEvent')}
  0x0000000117f0983c: 8a49 a0d2 | 0a4e 97f2 | f413 40b9 | 9f02 0a6b | 01d3 0154 

  0x0000000117f09850: ;   {metadata('org/jetbrains/skiko/SkiaLayer$1')}
  0x0000000117f09850: aa44 a0d2 | 0a41 9ef2 | eb07 40f9 | bf01 0a6b | 8196 0054 

  0x0000000117f09864: ;   {oop(a 'sun/util/logging/PlatformLogger'{0x0000000301034c58})}
  0x0000000117f09864: 0a8b 89d2 | 6a20 a0f2 | 6a00 c0f2 | 4a0d 40b9 | ed03 17aa | b021 40b9 | 4ff1 7dd3 | 6a31 40b9 
  0x0000000117f09884: b10d 40b9 | 6c35 40b9 | 4e01 100b | 8a01 110b 

  0x0000000117f09894: ; implicit exception: dispatches to 0x0000000117f0f748
  0x0000000117f09894: f009 40b9 

  0x0000000117f09898: ;   {metadata('jdk/internal/logger/LazyLoggers$JdkLazyLogger')}
  0x0000000117f09898: 4c0f a0d2 | 0c86 8ef2 | 1f02 0c6b | 01d1 0154 | ec0d 40b9 | 91f1 7dd3 

  0x0000000117f098b0: ; implicit exception: dispatches to 0x0000000117f0f76c
  0x0000000117f098b0: 300a 40b9 

  0x0000000117f098b4: ;   {metadata('jdk/internal/logger/LazyLoggers$LazyLoggerAccessor')}
  0x0000000117f098b4: 4c0f a0d2 | 0c3a 88f2 | 1f02 0c6b | 61d2 0154 | 2c82 0091 | 8cfd df88 | 8cf1 7dd3 | 2c0c 01b4 
  0x0000000117f098d4: 6c17 02b4 | 8f09 40b9 

  0x0000000117f098dc: ;   {metadata('jdk/internal/logger/SurrogateLogger')}
  0x0000000117f098dc: b10d a0d2 | 11b1 92f2 | ff01 116b | 21d3 0154 | 8f51 0091 | f0fd df88 | 0ff2 7dd3 | ef0b 02b5 
  0x0000000117f098fc: e003 1f2a | c014 0235 | e043 0291 

  0x0000000117f09908: ;   {oop(a 'java/awt/Component$AWTTreeLock'{0x00000003010338d0})}
  0x0000000117f09908: 111a 87d2 | 7120 a0f2 | 7100 c0f2 | 3002 40f9 | b001 0837 | 0f02 40b2 | 0f00 00f9 | f003 0faa 
  0x0000000117f09928: 20fe f0c8 | 1f02 0feb | 6002 0054 | e803 0091 | 1002 08cb | efcf 72b2 | 0f02 0fea | 0f00 00f9 
  0x0000000117f09948: 0d00 0014 | 0ffa 0091 | ec03 1faa | fcfd ecc8 | 9f01 1feb | ef07 40b2 | 0f00 00f9 | c000 0054 
  0x0000000117f09968: 9f01 1ceb | 8100 0054 | 0862 48f8 | 0805 0091 | 0862 08f8 | 8100 0054 | 88ab 42f9 | 0805 0091 
  0x0000000117f09988: 88ab 02f9 | 21df 0154 | af45 40b9 | ecf1 7dd3 | ac12 02b4 | 9009 40b9 

  0x0000000117f099a0: ;   {metadata('androidx/compose/ui/scene/skia/WindowSkiaLayerComponent$contentComponent$1')}
  0x0000000117f099a0: af44 a0d2 | 0fb4 96f2 | 1f02 0f6b | 6211 40b9 | 2125 0054 | e103 0caa | 5fb0 0471 | c012 0254 
  0x0000000117f099c0: 5fb4 0471 | e013 0254 | eb37 01a9 | ec13 00f9 | ee2b 0a29 | fd03 01aa 

  0x0000000117f099d8: ; ImmutableOopMap {rfp=Oop [8]=Oop [16]=Oop [24]=Oop [32]=Oop }
                      ;*invokevirtual eventTypeEnabled {reexecute=0 rethrow=0 return_oop=0}
                      ; - java.awt.Component::eventEnabled@5 (line 5219)
                      ; - java.awt.Container::eventEnabled@45 (line 2247)
                      ; - java.awt.Component::dispatchMouseWheelToAncestor@84 (line 5157)
                      ; - java.awt.Component::dispatchEventImpl@214 (line 4942)
                      ;   {optimized virtual_call}
  0x0000000117f099d8: ea59 c097 

  0x0000000117f099dc: ;   {other}
  0x0000000117f099dc: 1f20 03d5 | 9f49 83f2 | 1f00 82f2 | eb13 40f9 | c001 0035 | 6c21 40b9 | 6a0d 40b9 | ef53 40b9 
  0x0000000117f099fc: ee01 0c0b | 6d45 40b9 | ec57 40b9 | 8b2f 42f9 | 8a01 0a0b 

  0x0000000117f09a10: ; ImmutableOopMap {r12=Oop [8]=Oop [16]=Oop [24]=Oop }
                      ;*goto {reexecute=1 rethrow=0 return_oop=0}
                      ; - (reexecute) java.awt.Component::dispatchMouseWheelToAncestor@121 (line 5163)
                      ; - java.awt.Component::dispatchEventImpl@214 (line 4942)
  0x0000000117f09a10: acf1 7dd3 

  0x0000000117f09a14: ;   {poll}
  0x0000000117f09a14: 7f01 40b9 | 6c15 02b4 | eb37 41a9 | dfff ff17 

  0x0000000117f09a24: ;   {oop(a 'sun/util/logging/PlatformLogger'{0x0000000301034c58})}
  0x0000000117f09a24: 0a8b 89d2 | 6a20 a0f2 | 6a00 c0f2 | 4c0d 40b9 | 8ef1 7dd3 

  0x0000000117f09a38: ; implicit exception: dispatches to 0x0000000117f0f790
  0x0000000117f09a38: ca09 40b9 

  0x0000000117f09a3c: ;   {metadata('jdk/internal/logger/LazyLoggers$JdkLazyLogger')}
  0x0000000117f09a3c: 4d0f a0d2 | 0d86 8ef2 | 5f01 0d6b | 61ca 0154 | cc0d 40b9 | 8ff1 7dd3 

  0x0000000117f09a54: ; implicit exception: dispatches to 0x0000000117f0f7b8
  0x0000000117f09a54: ea09 40b9 

  0x0000000117f09a58: ;   {metadata('jdk/internal/logger/LazyLoggers$LazyLoggerAccessor')}
  0x0000000117f09a58: 4d0f a0d2 | 0d3a 88f2 | 5f01 0d6b | 61cb 0154 | ea81 0091 | 4cfd df88 | 8af1 7dd3 | ca07 01b4 
  0x0000000117f09a78: 6a15 02b4 | 4c09 40b9 

  0x0000000117f09a80: ;   {metadata('jdk/internal/logger/SurrogateLogger')}
  0x0000000117f09a80: ad0d a0d2 | 0db1 92f2 | 9f01 0d6b | e1cb 0154 | 4c51 0091 | 8cfd df88 | 8cf1 7dd3 | 0c00 02b5 
  0x0000000117f09aa0: ec07 40b9 | ea0b 40f9 | 4211 40b9 | 4c12 0235 | 5fb0 0471 | e014 0254 | 5fb4 0471 | 2016 0254 
  0x0000000117f09ac0: eb13 00f9 | e103 0baa 

  0x0000000117f09ac8: ; ImmutableOopMap {[8]=Oop [16]=Oop [24]=Oop [32]=Oop }
                      ;*invokevirtual eventTypeEnabled {reexecute=0 rethrow=0 return_oop=0}
                      ; - java.awt.Component::eventEnabled@5 (line 5219)
                      ; - java.awt.Container::eventEnabled@45 (line 2247)
                      ; - java.awt.Component::dispatchMouseWheelToAncestor@163 (line 5174)
                      ; - java.awt.Component::dispatchEventImpl@214 (line 4942)
                      ;   {optimized virtual_call}
  0x0000000117f09ac8: ae59 c097 

  0x0000000117f09acc: ;   {other}
  0x0000000117f09acc: 1f20 03d5 | 9f67 83f2 | 1f40 82f2 | c016 0234 | 80df 40f9 | 8ae7 40f9 | 0b80 0191 | 7f01 0aeb 
  0x0000000117f09aec: 42fa 0054 | ea03 40b2 | 8bdf 00f9 | 0a00 00f9 

  0x0000000117f09afc: ;   {metadata('java/awt/event/MouseWheelEvent')}
  0x0000000117f09afc: 8a49 a0d2 | 0a4e 97f2 | 0a08 00b9 | 70c1 80f9 | 1f0c 00b9 | 0a40 0091 | 5f7d 00a9 | 5f7d 01a9 
  0x0000000117f09b1c: 5f7d 02a9 | 5f7d 03a9 | 5f7d 04a9 | bf3a 03d5 | eb0b 40f9 | ea13 40f9 | 4afd 43d3 | 7025 40fd 
  0x0000000117f09b3c: 0a0c 00b9 | 6a41 40b9 | 6db9 4039 | ea63 00b9 | 6a39 40b9 | ed67 00b9 | 6d3d 40b9 | ea5b 00b9 
  0x0000000117f09b5c: 6a11 40f9 | ed5f 00b9 | 6d11 40b9 | 6c29 40b9 | ea3b 00f9 | 6a59 40b9 | ed33 00b9 | 6d55 40b9 
  0x0000000117f09b7c: ea3b 00b9 | 6a51 40b9 | 9d19 0112 | ec07 00b9 | e017 00f9 | ed37 00b9 | ea3f 00b9 | f023 00fd 
  0x0000000117f09b9c: ; ImmutableOopMap {[8]=Oop [16]=Oop [24]=Oop [32]=Oop [40]=Oop }
                      ;*invokestatic getStackAccessControlContext {reexecute=0 rethrow=0 return_oop=1}
                      ; - java.security.AccessController::getContext@0 (line 1006)
                      ; - java.awt.AWTEvent::<init>@11 (line 120)
                      ; - java.awt.event.ComponentEvent::<init>@3 (line 122)
                      ; - java.awt.event.InputEvent::<init>@3 (line 381)
                      ; - java.awt.event.MouseEvent::<init>@6 (line 759)
                      ; - java.awt.event.MouseWheelEvent::<init>@19 (line 302)
                      ; - java.awt.Component::dispatchMouseWheelToAncestor@221 (line 5191)
                      ; - java.awt.Component::dispatchEventImpl@214 (line 4942)
                      ;   {static_call}
  0x0000000117f09b9c: f95a c097 

  0x0000000117f09ba0: ;   {other}
  0x0000000117f09ba0: 1f20 03d5 | 1f82 83f2 | 1f60 82f2 | 8072 00b4 | e103 00aa 

  0x0000000117f09bb4: ; ImmutableOopMap {[8]=Oop [16]=Oop [24]=Oop [32]=Oop [40]=Oop }
                      ;*invokevirtual optimize {reexecute=0 rethrow=0 return_oop=1}
                      ; - java.security.AccessController::getContext@19 (line 1012)
                      ; - java.awt.AWTEvent::<init>@11 (line 120)
                      ; - java.awt.event.ComponentEvent::<init>@3 (line 122)
                      ; - java.awt.event.InputEvent::<init>@3 (line 381)
                      ; - java.awt.event.MouseEvent::<init>@6 (line 759)
                      ; - java.awt.event.MouseWheelEvent::<init>@19 (line 302)
                      ; - java.awt.Component::dispatchMouseWheelToAncestor@221 (line 5191)
                      ; - java.awt.Component::dispatchEventImpl@214 (line 4942)
                      ;   {optimized virtual_call}
  0x0000000117f09bb4: 7359 c097 

  0x0000000117f09bb8: ;   {other}
  0x0000000117f09bb8: 1f20 03d5 | 1f85 83f2 | 1f80 82f2 | ed03 00aa | 8b03 c139 | 6b99 0035 | f417 40f9 | acfd 43d3 
  0x0000000117f09bd8: 8a72 0091 | 4cfd 9f88 | eb03 14aa | ea03 0daa | 4c01 0bca | ea33 40b9 | 8cfd 56d3 | 5565 0951 
  0x0000000117f09bf8: ;   {oop(a 'java/lang/Class'{0x0000000300d93b90} = 'java/awt/GraphicsEnvironment')}
  0x0000000117f09bf8: 1672 87d2 | 361b a0f2 | 7600 c0f2 | 4c01 00b4 | 2d01 00b4 | 6bfd 49d3 | 0c00 98d2 | 4ca3 a3f2 
  0x0000000117f09c18: 2c00 c0f2 | 8001 0b8b | 0c00 c039 | 9f09 0071 | 6199 0054 | cb72 40b9 | 8a12 00b9 | 6cf1 7dd3 
  0x0000000117f09c38: 9f56 0039 | bf46 0671 | 23c0 0154 | 9d2a 00b9 | eb3b 40f9 | 8b12 00f9 | 0c0c 02b4 | 8c31 4039 
  0x0000000117f09c58: 8cf3 0135 | ec07 40b9 | 8b01 0112 | ec63 40b9 | 8c42 00b9 | ed53 40b9 | 8d32 00b9 | ec57 40b9 
  0x0000000117f09c78: 8c36 00b9 | ed03 40b9 | 8db2 0039 | ec5f 40b9 | 8c3e 00b9 | ed67 40b9 | 8dba 0039 | ec5b 40b9 
  0x0000000117f09c98: 8c3a 00b9 | 9f46 00b9 | 9fb6 0039 | bd69 0035 | 4b66 0035 | 8a03 c139 | f50b 40f9 | b31a 40b9 
  0x0000000117f09cb8: f023 40fd | 9026 00fd 

  0x0000000117f09cc0: ;   {oop(a 'java/lang/Class'{0x0000000300d94b48} = 'sun/awt/AWTAccessor')}
  0x0000000117f09cc0: 1669 89d2 | 361b a0f2 | 7600 c0f2 | ea92 0035 | 6af2 7dd3 | eb03 14aa | ec03 0aaa | ee3b 40b9 
  0x0000000117f09ce0: 8c01 0bca | 8e5a 00b9 | ed37 40b9 | 8d56 00b9 | ee3f 40b9 | 8cfd 56d3 | 8e52 00b9 | 931a 00b9 
  0x0000000117f09d00: 4c01 00b4 | 2a01 00b4 | 6afd 49d3 | 0b00 98d2 | 4ba3 a3f2 | 2b00 c0f2 | 6001 0a8b | 0a00 c039 
  0x0000000117f09d20: 5f09 0071 | a194 0054 | cb86 40b9 | 6df1 7dd3 | 4d09 02b4 | aa09 40b9 

  0x0000000117f09d38: ;   {metadata('java/awt/event/InputEvent$1')}
  0x0000000117f09d38: ac40 a0d2 | 0c24 9ef2 | 5f01 0c6b | c1bc 0154 | acb2 4039 | ab09 40b9 

  0x0000000117f09d50: ;   {metadata('java/awt/event/InputEvent$1')}
  0x0000000117f09d50: aa40 a0d2 | 0a24 9ef2 | 7f01 0a6b | 21be 0154 | 8cb2 0039 | f403 00f9 | aa5e 4039 | eb03 40f9 
  0x0000000117f09d70: 6a5d 0039 | f50b 00f9 | e203 40f9 | e113 40f9 

  0x0000000117f09d80: ; ImmutableOopMap {[0]=Oop [8]=Oop [16]=Oop [24]=Oop }
                      ;*invokespecial dispatchEventImpl {reexecute=0 rethrow=0 return_oop=0}
                      ; - java.awt.Container::dispatchEventToSelf@2 (line 2348)
                      ; - java.awt.Component::dispatchMouseWheelToAncestor@236 (line 5198)
                      ; - java.awt.Component::dispatchEventImpl@214 (line 4942)
                      ;   {optimized virtual_call}
  0x0000000117f09d80: 0059 c097 

  0x0000000117f09d84: ;   {other}
  0x0000000117f09d84: 1f20 03d5 | 9fbe 83f2 | 1fa0 82f2 | ea03 40f9 | 4a51 4039 | 6a07 0235 | ed43 0291 

  0x0000000117f09da0: ;   {oop(a 'java/awt/Component$AWTTreeLock'{0x00000003010338d0})}
  0x0000000117f09da0: 0c1a 87d2 | 6c20 a0f2 | 6c00 c0f2 | ab01 40f9 | 7f01 1feb | 8002 0054 | 8a01 40f9 | aa00 0837 
  0x0000000117f09dc0: ea03 0daa | 8bfd aac8 | 5f01 0deb | 0e00 0014 | 4a09 00d1 | 4b45 40f9 | ab00 00b4 | 6b05 00d1 
  0x0000000117f09de0: 4b45 00f9 | 7f01 0beb | 0700 0014 | 482d 49a9 | 0801 0baa | 1f01 1feb | 6800 00b5 | 4a01 0191 
  0x0000000117f09e00: 5ffd 9fc8 | 8100 0054 | 88ab 42f9 | 0805 00d1 | 88ab 02f9 | e0cb ff54 | e143 0291 | e203 1caa 
  0x0000000117f09e20: ;   {oop(a 'java/awt/Component$AWTTreeLock'{0x00000003010338d0})}
  0x0000000117f09e20: 001a 87d2 | 6020 a0f2 | 6000 c0f2 | c900 0010 | 89d7 01f9 

  0x0000000117f09e34: ;   {runtime_call SharedRuntime::complete_monitor_unlocking_C(oopDesc*, BasicLock*, JavaThread*)}
  0x0000000117f09e34: 8852 8ad2 | c858 a1f2 | 2800 c0f2 | 0001 3fd6 

  0x0000000117f09e44: ;   {other}
  0x0000000117f09e44: 1f20 03d5 | 1f00 80f2 | 1f00 80f2 | 50fe ff17 

  0x0000000117f09e54: ;   {metadata('androidx/compose/ui/awt/ComposeWindowPanel')}
  0x0000000117f09e54: 9144 a0d2 | 1120 8af2 | 1f02 116b | 81ba 0154 | e103 0caa | 5fb0 0471 | 00f0 0154 | 5fb4 0471 
  0x0000000117f09e74: 20f1 0154 | eb37 01a9 | ec13 00f9 | ee2b 0a29 | fd03 01aa 

  0x0000000117f09e88: ; ImmutableOopMap {rfp=Oop [8]=Oop [16]=Oop [24]=Oop [32]=Oop }
                      ;*invokevirtual eventTypeEnabled {reexecute=0 rethrow=0 return_oop=0}
                      ; - java.awt.Component::eventEnabled@5 (line 5219)
                      ; - java.awt.Container::eventEnabled@45 (line 2247)
                      ; - java.awt.Component::dispatchMouseWheelToAncestor@84 (line 5157)
                      ; - java.awt.Component::dispatchEventImpl@214 (line 4942)
                      ;   {optimized virtual_call}
  0x0000000117f09e88: be58 c097 

  0x0000000117f09e8c: ;   {other}
  0x0000000117f09e8c: 1f20 03d5 | 9fdf 83f2 | 1fc0 82f2 | d4fe ff17 | ec03 0032 | ed03 1f2a | ee03 1faa | 0b01 0014 
  0x0000000117f09eac: ee43 0291 

  0x0000000117f09eb0: ;   {oop(a 'java/lang/Class'{0x0000000300d94cd8} = 'java/awt/Toolkit')}
  0x0000000117f09eb0: 0d9b 89d2 | 2d1b a0f2 | 6d00 c0f2 | aa01 40f9 | aa01 0837 | 4c01 40b2 | cc01 00f9 | ea03 0caa 
  0x0000000117f09ed0: aefd eac8 | 5f01 0ceb | 6002 0054 | e803 0091 | 4a01 08cb | eccf 72b2 | 4c01 0cea | cc01 00f9 
  0x0000000117f09ef0: 0d00 0014 | 4cf9 0091 | eb03 1faa | 9cfd ebc8 | 7f01 1feb | ec07 40b2 | cc01 00f9 | c000 0054 
  0x0000000117f09f10: 7f01 1ceb | 8100 0054 | 4861 48f8 | 0805 0091 | 4861 08f8 | 8100 0054 | 88ab 42f9 | 0805 0091 
  0x0000000117f09f30: 88ab 02f9 | 41cc 0154 

  0x0000000117f09f38: ;   {oop(a 'java/lang/Class'{0x0000000300d94cd8} = 'java/awt/Toolkit')}
  0x0000000117f09f38: 0a9b 89d2 | 2a1b a0f2 | 6a00 c0f2 | 4b71 40b9 | 73f1 7dd3 | f311 02b4 | ed43 0291 

  0x0000000117f09f54: ;   {oop(a 'java/lang/Class'{0x0000000300d94cd8} = 'java/awt/Toolkit')}
  0x0000000117f09f54: 0c9b 89d2 | 2c1b a0f2 | 6c00 c0f2 | aa01 40f9 | 5f01 1feb | 8002 0054 | 8b01 40f9 | ab00 0837 
  0x0000000117f09f74: eb03 0daa | 8afd abc8 | 7f01 0deb | 0e00 0014 | 6b09 00d1 | 6a45 40f9 | aa00 00b4 | 4a05 00d1 
  0x0000000117f09f94: 6a45 00f9 | 5f01 0aeb | 0700 0014 | 6829 49a9 | 0801 0aaa | 1f01 1feb | 6800 00b5 | 6b01 0191 
  0x0000000117f09fb4: 7ffd 9fc8 | 8100 0054 | 88ab 42f9 | 0805 00d1 | 88ab 02f9 | c1ca 0154 | 6c0a 40b9 

  0x0000000117f09fd0: ;   {oop(a 'java/util/concurrent/atomic/AtomicInteger'{0x0000000300d92978})}
  0x0000000117f09fd0: 0b2f 85d2 | 2b1b a0f2 | 6b00 c0f2 

  0x0000000117f09fdc: ;   {oop(a 'java/util/concurrent/atomic/AtomicInteger'{0x0000000300d92978})}
  0x0000000117f09fdc: 0a2f 85d2 | 2a1b a0f2 | 6a00 c0f2 | 6a31 0091 | eb03 0c2a | 0b12 c0f2 | 6b21 40f9 

  0x0000000117f09ff8: ;   {metadata('sun/awt/SunToolkit')}
  0x0000000117f09ff8: 0c87 96d2 | ac40 a0f2 | 0c12 c0f2 | 4afd df88 | 7f01 0ceb | a1c7 0154 | 5f05 0071 | a1ff 0154 
  0x0000000117f0a018: ;   {oop(a 'java/lang/Class'{0x0000000300d91f98} = 'sun/awt/AppContext')}
  0x0000000117f0a018: 0bf3 83d2 | 2b1b a0f2 | 6b00 c0f2 

  0x0000000117f0a024: ;   {oop(a 'java/lang/Class'{0x0000000300d91f98} = 'sun/awt/AppContext')}
  0x0000000117f0a024: 0af3 83d2 | 2a1b a0f2 | 6a00 c0f2 | 6a11 0291 

  0x0000000117f0a034: ;   {oop(a 'java/lang/Class'{0x0000000300d91f98} = 'sun/awt/AppContext')}
  0x0000000117f0a034: 0cf3 83d2 | 2c1b a0f2 | 6c00 c0f2 | 8b11 0291 | 6bfd df88 | 4cfd df88 | 6af1 7dd3 | 90f1 7dd3 
  0x0000000117f0a054: aa0a 02b4 

  0x0000000117f0a058: ; implicit exception: dispatches to 0x0000000117f0f7e0
  0x0000000117f0a058: 0b0e 40b9 | 71f1 7dd3 | 11ba 01b4 | ed43 0291 | 2c02 40f9 | ac01 0837 | 8a01 40b2 | aa01 00f9 
  0x0000000117f0a078: ec03 0aaa | 2dfe ecc8 | 9f01 0aeb | 6002 0054 | e803 0091 | 8c01 08cb | eacf 72b2 | 8a01 0aea 
  0x0000000117f0a098: aa01 00f9 | 0d00 0014 | 8af9 0091 | eb03 1faa | 5cfd ebc8 | 7f01 1feb | ea07 40b2 | aa01 00f9 
  0x0000000117f0a0b8: c000 0054 | 7f01 1ceb | 8100 0054 | 8861 48f8 | 0805 0091 | 8861 08f8 | 8100 0054 | 88ab 42f9 
  0x0000000117f0a0d8: 0805 0091 | 88ab 02f9 | a1c4 0154 | 0b32 40b9 | 6af1 7dd3 | ea06 02b4 | 4c0d 40b9 

  0x0000000117f0a0f4: ;   {oop(a 'java/lang/StringBuffer'{0x0000000301083258})}
  0x0000000117f0a0f4: 2b04 acd2 | 6bc9 80f2 | 9f01 0b6b | 4104 0054 | 5311 40b9 | ec43 0291 | 8b01 40f9 | 7f01 1feb 
  0x0000000117f0a114: 8002 0054 | 2a02 40f9 | aa00 0837 | ea03 0caa | 2bfe aac8 | 5f01 0ceb | 0e00 0014 | 4a09 00d1 
  0x0000000117f0a134: 4b45 40f9 | ab00 00b4 | 6b05 00d1 | 4b45 00f9 | 7f01 0beb | 0700 0014 | 482d 49a9 | 0801 0baa 
  0x0000000117f0a154: 1f01 1feb | 6800 00b5 | 4a01 0191 | 5ffd 9fc8 | 8100 0054 | 88ab 42f9 | 0805 00d1 | 88ab 02f9 
  0x0000000117f0a174: 4106 0254 | 73ee 0134 | ec03 0032 | ed03 1f2a | bf00 0014 | 0a0e 40b9 | 41f1 7dd3 

  0x0000000117f0a190: ; implicit exception: dispatches to 0x0000000117f0f834
  0x0000000117f0a190: 2b08 40b9 

  0x0000000117f0a194: ;   {metadata('java/util/HashMap')}
  0x0000000117f0a194: 8a01 a0d2 | 0a97 84f2 | 7f01 0a6b | 61e8 0154 | 2a24 40b9 | 4df1 7dd3 | 4d61 00b4 

  0x0000000117f0a1b0: ;   {oop(a 'java/lang/StringBuffer'{0x0000000301083258})}
  0x0000000117f0a1b0: 0a4b 86d2 | 0a21 a0f2 | 6a00 c0f2 | 4b01 40f9 | aa0d 40b9 | 6c05 4092 | 5f01 0071 | 2911 0254 
  0x0000000117f0a1d0: 5d05 0051 | 9f05 00f1 | a19e 0054 | 6afd 48d3 | 4079 0012 | 409e 0034 | 0240 404a | aa03 020a 
  0x0000000117f0a1f0: aac9 2a8b | 4b11 40b9 | 61f1 7dd3 | 01e5 ffb4 | 2a0c 40b9 | 5f01 026b | 4005 0054 | 2b18 40b9 
  0x0000000117f0a210: 63f1 7dd3 | 8304 00b4 | 2a08 40b9 

  0x0000000117f0a21c: ;   {metadata('java/util/HashMap$TreeNode')}
  0x0000000117f0a21c: 6c05 a0d2 | 0c40 82f2 | 5f01 0c6b | c15d 0054 | f703 00f9 | f53f 0129 | f943 01a9 | f117 00f9 
  0x0000000117f0a23c: fd03 18aa 

  0x0000000117f0a240: ;   {oop(a 'java/lang/StringBuffer'{0x0000000301083258})}
  0x0000000117f0a240: 034b 86d2 | 0321 a0f2 | 6300 c0f2 

  0x0000000117f0a24c: ; ImmutableOopMap {rfp=Oop [0]=Oop [16]=Oop [24]=Oop [40]=Oop }
                      ;*invokevirtual getTreeNode {reexecute=0 rethrow=0 return_oop=1}
                      ; - java.util.HashMap::getNode@95 (line 582)
                      ; - java.util.HashMap::get@2 (line 564)
                      ; - sun.awt.AppContext::get@36 (line 619)
                      ; - sun.awt.SunToolkit::getSystemEventQueueImplPP@4 (line 1137)
                      ; - sun.awt.SunToolkit::getSystemEventQueueImplPP@3 (line 1132)
                      ; - sun.awt.SunToolkit::getSystemEventQueueImpl@0 (line 1127)
                      ; - java.awt.Toolkit::getEventQueue@3 (line 1500)
                      ; - java.awt.EventQueue::setCurrentEventAndMostRecentTime@0 (line 1267)
                      ; - java.awt.Component::dispatchEventImpl@88 (line 4901)
                      ;   {optimized virtual_call}
  0x0000000117f0a24c: cd57 c097 

  0x0000000117f0a250: ;   {other}
  0x0000000117f0a250: 1f20 03d5 | 1f58 84f2 | 1fe0 82f2 | 2001 00b5 | ec03 0032 | ed03 1f2a | f803 1daa | f703 40f9 
  0x0000000117f0a270: f53f 4129 | f943 41a9 | f117 40f9 | 0aff ff17 | e103 00aa | ec03 0032 | ed03 1f2a | f803 1daa 
  0x0000000117f0a290: f703 40f9 | f53f 4129 | f943 41a9 | f117 40f9 | 0b00 0014 | ec03 0032 | ed03 1f2a | fefe ff17 
  0x0000000117f0a2b0: 2a10 40b9 

  0x0000000117f0a2b4: ;   {oop(a 'java/lang/StringBuffer'{0x0000000301083258})}
  0x0000000117f0a2b4: 2c04 acd2 | 6cc9 80f2 | 5f01 0c6b | 61fa ff54 | ec03 0032 | ed03 1f2a | 2a14 40b9 | 4ef1 7dd3 
  0x0000000117f0a2d4: 142e 4629 | 9bf2 7dd3 | 76f1 7dd3 | bb09 02b4 | 56e1 01b4 | 8a03 c139 | 4a83 0035 

  0x0000000117f0a2f0: ;   {oop(a 'java/lang/StringBuffer'{0x0000000301083258})}
  0x0000000117f0a2f0: 0a4b 86d2 | 0a21 a0f2 | 6a00 c0f2 | eb03 16aa | 4a01 0bca | 40fd 56d3 

  0x0000000117f0a308: ;   {oop(a 'java/lang/StringBuffer'{0x0000000301083258})}
  0x0000000117f0a308: 2a04 acd2 | 6ac9 80f2 | d3fd 43d3 | ca0e 00b9 | 2001 00b4 | 6afd 49d3 | 0b00 98d2 | 4ba3 a3f2 
  0x0000000117f0a328: 2b00 c0f2 | 6001 0a8b | 0b00 c039 | 7f09 0071 | 4182 0054 | 8b03 c139 | 4b7f 0035 | ea03 16aa 
  0x0000000117f0a348: eb03 0eaa | 6b01 0aca | 6bfd 56d3 | d312 00b9 | 4b01 00b4 | 2e01 00b4 | 4afd 49d3 | 0b00 98d2 
  0x0000000117f0a368: 4ba3 a3f2 | 2b00 c0f2 | 6001 0a8b | 0b00 c039 | 7f09 0071 | 218d 0054 | 8b03 c139 | 1a36 40b9 
  0x0000000117f0a388: 4b7a 0035 | 4af3 7dd3 | eb03 10aa | e003 0aaa | 0000 0bca | 00fc 56d3 | 1a32 00b9 | 4001 00b4 
  0x0000000117f0a3a8: 2a01 00b4 | 6afd 49d3 | 0b00 98d2 | 4ba3 a3f2 | 2b00 c0f2 | 6001 0a8b | 0b00 c039 | 7f09 0071 
  0x0000000117f0a3c8: 6186 0054 | 8b03 c139 | 6b79 0035 | ea03 10aa | eb03 1baa | 6b01 0aca | 6bfd 56d3 | 1436 00b9 
  0x0000000117f0a3e8: 2b01 00b4 | 4afd 49d3 | 0b00 98d2 | 4ba3 a3f2 | 2b00 c0f2 | 6001 0a8b | 0b00 c039 | 7f09 0071 
  0x0000000117f0a408: 2180 0054 | f043 0291 | 0b02 40f9 | 7f01 1feb | 8002 0054 | 2a02 40f9 | aa00 0837 | ea03 10aa 
  0x0000000117f0a428: 2bfe aac8 | 5f01 10eb | 0e00 0014 | 4a09 00d1 | 4b45 40f9 | ab00 00b4 | 6b05 00d1 | 4b45 00f9 
  0x0000000117f0a448: 7f01 0beb | 0700 0014 | 482d 49a9 | 0801 0baa | 1f01 1feb | 6800 00b5 | 4a01 0191 | 5ffd 9fc8 
  0x0000000117f0a468: 8100 0054 | 88ab 42f9 | 0805 00d1 | 88ab 02f9 | c1d7 0154 | ced5 01b4 | 70f2 7dd3 | 0a0a 40b9 
  0x0000000117f0a488: ;   {metadata('java/awt/EventQueue')}
  0x0000000117f0a488: ae40 a0d2 | 0ea0 8ff2 | 5f01 0e6b | 61a9 0154 | 0b2e 40b9 | 61f1 7dd3 

  0x0000000117f0a4a0: ; implicit exception: dispatches to 0x0000000117f0f7f4
  0x0000000117f0a4a0: 2a08 40b9 

  0x0000000117f0a4a4: ;   {metadata('java/util/concurrent/locks/ReentrantLock')}
  0x0000000117f0a4a4: 6e04 a0d2 | 0e49 90f2 | 5f01 0e6b | 8198 0154 | 2b0c 40b9 | 71f1 7dd3 | b19a 01b4 | 2a42 0091 
  0x0000000117f0a4c4: e803 0daa | 4cfd e888 | 1f01 0d6b | ea17 9f9a | 2a6c 0034 | 8a03 c139 | 8a5c 0035 | ea03 11aa 
  0x0000000117f0a4e4: eb03 19aa | 6b01 0aca | 2eff 43d3 | 6bfd 56d3 | 2e0e 00b9 | 2b01 00b4 | 4afd 49d3 | 0b00 98d2 
  0x0000000117f0a504: 4ba3 a3f2 | 2b00 c0f2 | 6001 0a8b | 0b00 c039 | 7f09 0071 | c164 0054 | 0b36 40b9 | 6af1 7dd3 
  0x0000000117f0a524: ;   {oop(a 'java/lang/Class'{0x00000003010ab360} = 'java/awt/EventQueue')}
  0x0000000117f0a524: 0b6c 96d2 | 4b21 a0f2 | 6b00 c0f2 | 6bb1 4239 | abd7 0135 | 3f03 0aeb | 81e5 0154 | 91df 40f9 
  0x0000000117f0a544: 8ae7 40f9 | 2b82 0091 | 7f01 0aeb | a2b9 0054 | ea03 40b2 | 8bdf 00f9 | 2a02 00f9 | 70c1 80f9 
  0x0000000117f0a564: ;   {metadata('java/lang/ref/WeakReference')}
  0x0000000117f0a564: 8e00 a0d2 | 0e5f 91f2 | 2a42 0091 | 2e0a 00b9 | 5f7d 00a9 | 0bff 43d3 | 2b0e 00b9 | bf3a 03d5 
  0x0000000117f0a584: 8a03 c139 | ca55 0035 

  0x0000000117f0a58c: ;   {oop(a 'java/lang/ref/ReferenceQueue$Null'{0x00000003008e1490})}
  0x0000000117f0a58c: 2b02 acd2 | 4b52 98f2 | 2a42 0091 | 4bfd 9f88 

  0x0000000117f0a59c: ;   {oop(a 'java/lang/ref/ReferenceQueue$Null'{0x00000003008e1490})}
  0x0000000117f0a59c: 0b92 82d2 | cb11 a0f2 | 6b00 c0f2 | ea03 11aa | 6b01 0aca | f303 0f2a | 1312 c0f2 | 6bfd 56d3 
  0x0000000117f0a5bc: 762a 40f9 | 34fe 43d3 | 2b01 00b4 | 4afd 49d3 | 0b00 98d2 | 4ba3 a3f2 | 2b00 c0f2 | 6001 0a8b 
  0x0000000117f0a5dc: 0b00 c039 | 7f09 0071 | a155 0054 | 8a03 c139 | 4a51 0035 | ea03 10aa | eb03 11aa | 6b01 0aca 
  0x0000000117f0a5fc: 6bfd 56d3 | 1442 00b9 | 2b01 00b4 | 4afd 49d3 | 0b00 98d2 | 4ba3 a3f2 | 2b00 c0f2 | 6001 0a8b 
  0x0000000117f0a61c: 0a00 c039 | 5f09 0071 | 0158 0054 | 0b2e 40b9 | 61f1 7dd3 

  0x0000000117f0a630: ;   {metadata('java/awt/event/InputEvent')}
  0x0000000117f0a630: 0b55 9cd2 | ab40 a0f2 | 0b12 c0f2 | 0a0a 40f9 | df02 0beb | 0117 0054 | eb03 18aa | 6b11 40f9 
  0x0000000117f0a650: 5f01 0beb | ab23 0054 | 0a0a 00f9 

  0x0000000117f0a65c: ; implicit exception: dispatches to 0x0000000117f0f814
  0x0000000117f0a65c: 2b08 40b9 

  0x0000000117f0a660: ;   {metadata('java/util/concurrent/locks/ReentrantLock')}
  0x0000000117f0a660: 6a04 a0d2 | 0a49 90f2 | 7f01 0a6b | 218e 0154 | 2a0c 40b9 | 54f1 7dd3 | d48f 01b4 | 8a42 0091 
  0x0000000117f0a680: 4bfd df88 | 8a0e 40b9 | 4af1 7dd3 | 5f01 19eb | 21dc 0154 | 9642 0091 | 7305 0051 | 7f05 0071 
  0x0000000117f0a6a0: 8142 0054 | 8a03 c139 | 2a5c 0035 | 9f0e 00b9 | ea03 0032 | d3fe 9f88 | 4a35 ff34 | 8a52 0091 
  0x0000000117f0a6c0: 4bfd df88 | 6af1 7dd3 | ca34 ffb4 | 4a51 0091 | 4afd df88 | 50f1 7dd3 | 5034 ffb4 | 0a32 0091 
  0x0000000117f0a6e0: 4bfd df88 | eb33 ff34 | 0a32 0091 | 4afd df88 | 5179 1f12 | 0b32 0091 | e803 0aaa | 71fd e888 
  0x0000000117f0a700: 1f01 0a6b | ea17 9f1a | 8a3f 0134 | 0b1a 40b9 | 6ef1 7dd3 | 6e32 ffb4 | ca09 40b9 | 0a12 c0f2 
  0x0000000117f0a720: 4a21 40f9 

  0x0000000117f0a724: ;   {metadata('java/lang/BaseVirtualThread')}
  0x0000000117f0a724: 0b43 81d2 | 6b00 a0f2 | 0b12 c0f2 | 5f01 0beb | 600b 0254 | f703 00f9 | f53f 0129 | ec37 0229 
  0x0000000117f0a744: fd03 18aa 

  0x0000000117f0a748: ;   {oop(a 'jdk/internal/misc/Unsafe'{0x00000003008de3c8})}
  0x0000000117f0a748: 0179 9cd2 | a111 a0f2 | 6100 c0f2 | e203 0eaa 

  0x0000000117f0a758: ; ImmutableOopMap {rfp=Oop [0]=Oop }
                      ;*invokevirtual unpark {reexecute=0 rethrow=0 return_oop=0}
                      ; - java.util.concurrent.locks.LockSupport::unpark@22 (line 181)
                      ; - java.util.concurrent.locks.AbstractQueuedSynchronizer::signalNext@30 (line 645)
                      ; - java.util.concurrent.locks.AbstractQueuedSynchronizer::release@12 (line 1094)
                      ; - java.util.concurrent.locks.ReentrantLock::unlock@5 (line 494)
                      ; - java.awt.EventQueue::setCurrentEventAndMostRecentTimeImpl@168 (line 1305)
                      ; - java.awt.EventQueue::setCurrentEventAndMostRecentTime@4 (line 1267)
                      ; - java.awt.Component::dispatchEventImpl@88 (line 4901)
                      ;   {optimized virtual_call}
  0x0000000117f0a758: 8a56 c097 

  0x0000000117f0a75c: ;   {other}
  0x0000000117f0a75c: 1f20 03d5 | 9ff9 84f2 | 1f00 83f2 | f803 1daa | f703 40f9 | f53f 4129 | ec37 4229 | 7af9 ff17 
  0x0000000117f0a77c: f703 1daa | f533 4129 | ed1f 40b9 | eb03 00f9 | 44fa ff17 | ed03 1daa | aa01 0191 | 4bfd df88 
  0x0000000117f0a79c: ;   {metadata('java/awt/event/FocusEvent')}
  0x0000000117f0a79c: 6a44 a0d2 | 0ac0 88f2 | 9f01 0a6b | 7df1 7dd3 | e114 0054 | bde6 01b4 | aa0b 40b9 | e403 0a2a 
  0x0000000117f0a7bc: 0412 c0f2 | 8a10 40f9 

  0x0000000117f0a7c4: ;   {metadata('java/awt/peer/LightweightPeer')}
  0x0000000117f0a7c4: 004c 86d2 | a045 a0f2 | 0012 c0f2 | 5f01 00eb | 6115 0054 | ec07 40f9 | 8b0d 40b9 | 61f1 7dd3 
  0x0000000117f0a7e4: ; implicit exception: dispatches to 0x0000000117f0f858
  0x0000000117f0a7e4: 2a08 40b9 | 0a12 c0f2 | 4a1d 40f9 

  0x0000000117f0a7f0: ;   {metadata('java/awt/Component')}
  0x0000000117f0a7f0: 0b51 93d2 | cb40 a0f2 | 0b12 c0f2 | 5f01 0beb | 81bf 0154 | ed03 00f9 

  0x0000000117f0a808: ; ImmutableOopMap {rfp=Oop [0]=Oop [8]=Oop [32]=Oop [40]=Oop }
                      ;*invokevirtual getNativeContainer {reexecute=0 rethrow=0 return_oop=1}
                      ; - java.awt.Component::dispatchEventImpl@764 (line 5103)
                      ;   {optimized virtual_call}
  0x0000000117f0a808: 4819 0094 

  0x0000000117f0a80c: ;   {other}
  0x0000000117f0a80c: 1f20 03d5 | 9f0f 85f2 | 1f20 83f2 | 4020 00b4 | 0a00 0191 | 4afd df88 | 41f1 7dd3 | 6187 00b4 
  0x0000000117f0a82c: ed03 40f9 | fd03 0daa | e207 40f9 | 09a0 9ed2 | 09d0 b6f2 | e900 c0f2 

  0x0000000117f0a844: ; ImmutableOopMap {rfp=Oop [8]=Oop [32]=Oop [40]=Oop }
                      ;*invokeinterface handleEvent {reexecute=0 rethrow=0 return_oop=0}
                      ; - java.awt.Component::dispatchEventImpl@789 (line 5110)
                      ;   {virtual_call}
  0x0000000117f0a844: b1ee c397 

  0x0000000117f0a848: ;   {other}
  0x0000000117f0a848: 1f20 03d5 | 1f17 85f2 | 1f40 83f2 | ed03 1daa | c7fb ff17 

  0x0000000117f0a85c: ;   {metadata('java/awt/event/FocusEvent')}
  0x0000000117f0a85c: 0ac0 88d2 | 6a44 a0f2 | 0a12 c0f2 | 1f02 0aeb | 6060 ff54 | ea13 40b9 | 5f45 0671 | 0b74 ff54 
  0x0000000117f0a87c: 5f4d 0671 | ca73 ff54 | ac45 40b9 | ee00 0014 

  0x0000000117f0a88c: ;   {metadata('java/awt/event/FocusEvent')}
  0x0000000117f0a88c: 6b44 a0d2 | 0bc0 88f2 | ff01 0b6b | 011c 0054 | f803 00f9 | def9 ff17 | e503 40b2 | 8950 40f9 
  0x0000000117f0a8ac: 8050 40fd | 8901 f836 | 0054 605f | 0058 200e | 00b8 310e | 0300 669e | 8114 40f9 | 2578 63f8 
  0x0000000117f0a8cc: a500 00ca | 8500 00b4 | 6900 00b6 | 297d c993 

  0x0000000117f0a8dc: ;   {runtime_call StubRoutines (final stubs)}
  0x0000000117f0a8dc: d77c c097 | 6563 ffb4 | f41f 40f9 | 24fb ff17 | ed07 00f9 | f00f 00f9 | eb1b 00f9 | e103 0daa 
  0x0000000117f0a8fc: e9ff 9fd2 | e9ff bff2 | e9ff dff2 

  0x0000000117f0a908: ; ImmutableOopMap {[0]=Oop [8]=Oop [32]=Oop [40]=Oop [48]=Oop }
                      ;*invokevirtual getInputContext {reexecute=0 rethrow=0 return_oop=1}
                      ; - java.awt.Component::dispatchEventImpl@352 (line 4987)
                      ;   {virtual_call}
  0x0000000117f0a908: be49 c997 

  0x0000000117f0a90c: ;   {other}
  0x0000000117f0a90c: 1f20 03d5 | 9f2f 85f2 | 1f60 83f2 | eafa ff17 | f41f 40f9 | 16fb ff17 

  0x0000000117f0a924: ;   {metadata('java/awt/event/InputMethodEvent')}
  0x0000000117f0a924: d140 a0d2 | 114d 99f2 | ff01 116b | 6b26 40f9 | 80db 0154 

  0x0000000117f0a938: ;   {metadata('java/awt/event/ActionEvent')}
  0x0000000117f0a938: ce40 a0d2 | 0ea5 99f2 | ff01 0e6b | 00dc 0154 

  0x0000000117f0a948: ;   {metadata('java/awt/event/InvocationEvent')}
  0x0000000117f0a948: 0e80 8dd2 | ce40 a0f2 | 0e12 c0f2 | 7f01 0eeb | a123 0054 | eb03 18aa | 6b11 40f9 | 3bff ff17 
  0x0000000117f0a968: eb1b 40f9 | 58fb ff17 | 5fd5 0771 | a000 0054 | 5fd9 0771 | 6000 0054 | 5fd1 0771 | 4199 ff54 
  0x0000000117f0a988: ea07 40f9 | ea03 00f9 | ea0b 40f9 | eb3f 40b9 | ea07 00f9 | eb2b 00b9 | ea13 40f9 | eb3b 40b9 
  0x0000000117f0a9a8: f023 40fd | 0117 8012 | fd0f 40f9 | ea0b 00f9 | f413 00f9 | eb33 00b9 | f01f 00fd | f423 00f9 
  0x0000000117f0a9c8: ; ImmutableOopMap {rfp=Oop [0]=Oop [8]=Oop [16]=Oop [32]=Oop [64]=Oop }
                      ;*tableswitch {reexecute=1 rethrow=0 return_oop=0}
                      ; - (reexecute) java.awt.event.MouseEvent::setOldModifiers@34 (line 1151)
                      ; - java.awt.event.MouseEvent::<init>@207 (line 800)
                      ; - java.awt.event.MouseWheelEvent::<init>@19 (line 302)
                      ; - java.awt.Component::dispatchMouseWheelToAncestor@221 (line 5191)
                      ; - java.awt.Component::dispatchEventImpl@214 (line 4942)
                      ;   {runtime_call UncommonTrapBlob}
  0x0000000117f0a9c8: 6e71 c097 

  0x0000000117f0a9cc: ;   {other}
  0x0000000117f0a9cc: 1f20 03d5 | 9f47 85f2 | 1f80 83f2 | ab96 ff35 | fd03 14aa | e103 14aa 

  0x0000000117f0a9e4: ; ImmutableOopMap {rfp=Oop [8]=Oop [16]=Oop [24]=Oop [32]=Oop }
                      ;*invokevirtual setNewModifiers {reexecute=0 rethrow=0 return_oop=0}
                      ; - java.awt.event.MouseEvent::<init>@175 (line 795)
                      ; - java.awt.event.MouseWheelEvent::<init>@19 (line 302)
                      ; - java.awt.Component::dispatchMouseWheelToAncestor@221 (line 5191)
                      ; - java.awt.Component::dispatchEventImpl@214 (line 4942)
                      ;   {optimized virtual_call}
  0x0000000117f0a9e4: e755 c097 

  0x0000000117f0a9e8: ;   {other}
  0x0000000117f0a9e8: 1f20 03d5 | 1f4b 85f2 | 1fa0 83f2 | f403 1daa | adfc ff17 | 8ddf 40f9 | 8ae7 40f9 | aba1 0091 
  0x0000000117f0aa08: 7f01 0aeb | 82d8 0054 | ea03 40b2 | 8bdf 00f9 | aa01 00f9 

  0x0000000117f0aa1c: ;   {metadata('java/security/AccessControlContext')}
  0x0000000117f0aa1c: 6a00 a0d2 | 0abd 80f2 | 70c1 80f9 | aa09 00b9 | aa41 0091 | 5f01 00f9 | 5ffd 00a9 | 2a20 8052 
  0x0000000117f0aa3c: aa0d 00b9 | bf3a 03d5 | 61fc ff17 | 7d69 ffb4 | e103 1daa | 78ff ff17 | fd03 0baa | e103 0baa 
  0x0000000117f0aa5c: e9ff 9fd2 | e9ff bff2 | e9ff dff2 

  0x0000000117f0aa68: ; ImmutableOopMap {rfp=Oop [8]=Oop [32]=Oop [40]=Oop }
                      ;*invokevirtual isConsumed {reexecute=0 rethrow=0 return_oop=0}
                      ; - java.awt.Component::dispatchEventImpl@369 (line 4992)
                      ;   {virtual_call}
  0x0000000117f0aa68: 40f0 c397 

  0x0000000117f0aa6c: ;   {other}
  0x0000000117f0aa6c: 1f20 03d5 | 9f5b 85f2 | 1fc0 83f2 | eb03 1daa | 1afb ff17 | e503 40b2 | 8950 40f9 | 8050 40fd 
  0x0000000117f0aa8c: 8901 e036 | 0054 635f | 0058 200e | 00b8 310e | 0300 669e | 8114 40f9 | 2578 63f8 | a500 00ca 
  0x0000000117f0aaac: 8500 00b4 | 6900 e836 | 2971 c993 

  0x0000000117f0aab8: ;   {runtime_call StubRoutines (final stubs)}
  0x0000000117f0aab8: 607c c097 | e5e8 ffb4 | e103 1daa | 5bff ff17 | ea03 0baa | e3fe ff17 | f703 00f9 | f553 0129 
  0x0000000117f0aad8: f30b 00f9 | e103 17aa | e203 0c2a | e9ff 9fd2 | e9ff bff2 | e9ff dff2 

  0x0000000117f0aaf0: ; ImmutableOopMap {[0]=Oop [16]=Oop }
                      ;*invokevirtual updateCustomTitleBarHitTest {reexecute=0 rethrow=0 return_oop=1}
                      ; - java.awt.Component::dispatchEventImpl@263 (line 4949)
                      ;   {virtual_call}
  0x0000000117f0aaf0: 0849 c997 

  0x0000000117f0aaf4: ;   {other}
  0x0000000117f0aaf4: 1f20 03d5 | 9f6c 85f2 | 1fe0 83f2 | aaf9 ff17 

  0x0000000117f0ab04: ;   {metadata('sun/lwawt/LWWindowPeer')}
  0x0000000117f0ab04: 6c44 a0d2 | 0ca3 9cf2 | 7f01 0c6b | 6069 ff54 | eb07 40f9 | 2107 8012 | eb2b 00a9 

  0x0000000117f0ab20: ; ImmutableOopMap {rfp=Oop [0]=Oop [8]=Oop }
                      ;*invokeinterface handlesWheelScrolling {reexecute=0 rethrow=0 return_oop=0}
                      ; - java.awt.Component::dispatchEventImpl@201 (line 4941)
                      ;   {runtime_call UncommonTrapBlob}
  0x0000000117f0ab20: 1871 c097 

  0x0000000117f0ab24: ;   {other}
  0x0000000117f0ab24: 1f20 03d5 | 9f72 85f2 | 1f00 84f2 

  0x0000000117f0ab30: ;   {metadata('androidx/compose/ui/awt/ComposeWindow')}
  0x0000000117f0ab30: ac43 a0d2 | 0cd4 90f2 | bf01 0c6b | 41cd 0154 | 753f 8052 | ec03 40b9 | f307 40f9 | 69f9 ff17 
  0x0000000117f0ab50: ;   {metadata('java/awt/Toolkit$ToolkitEventMulticaster')}
  0x0000000117f0ab50: ac49 a0d2 | 0c9a 8af2 | 5f01 0c6b | a1d2 0154 | fd03 01aa | ab0f 40b9 | 6cf1 7dd3 

  0x0000000117f0ab6c: ; implicit exception: dispatches to 0x0000000117f0f890
  0x0000000117f0ab6c: 8a09 40b9 | e403 0a2a | 0412 c0f2 | 8a10 40f9 

  0x0000000117f0ab7c: ;   {metadata('java/awt/event/AWTEventListener')}
  0x0000000117f0ab7c: 0b35 92d2 | eb43 a0f2 | 0b12 c0f2 | 5f01 0beb | e114 0054 | f703 00f9 | f553 0129 | f837 01a9 
  0x0000000117f0ab9c: f35b 02a9 | e203 13aa | e103 0caa | 0949 8ad2 | a949 a0f2 | 0912 c0f2 

  0x0000000117f0abb4: ; ImmutableOopMap {rfp=Oop [0]=Oop [16]=Oop [24]=Oop [32]=Oop [40]=Oop }
                      ;*invokeinterface eventDispatched {reexecute=0 rethrow=0 return_oop=0}
                      ; - java.awt.Toolkit$ToolkitEventMulticaster::eventDispatched@8 (line 2095)
                      ; - java.awt.Toolkit::notifyAWTEventListeners@30 (line 2052)
                      ; - java.awt.Component::dispatchEventImpl@280 (line 4955)
                      ;   {virtual_call}
  0x0000000117f0abb4: d367 0094 

  0x0000000117f0abb8: ;   {other}
  0x0000000117f0abb8: 1f20 03d5 | 1f85 85f2 | 1f20 84f2 | ab13 40b9 | 6cf1 7dd3 

  0x0000000117f0abcc: ; implicit exception: dispatches to 0x0000000117f0f8b4
  0x0000000117f0abcc: 8a09 40b9 | e403 0a2a | 0412 c0f2 | 8a10 40f9 

  0x0000000117f0abdc: ;   {metadata('java/awt/event/AWTEventListener')}
  0x0000000117f0abdc: 0b35 92d2 | eb43 a0f2 | 0b12 c0f2 | 5f01 0beb | 0115 0054 | e277 42a9 | e103 0caa | 0949 8ad2 
  0x0000000117f0abfc: a949 a0f2 | 0912 c0f2 

  0x0000000117f0ac04: ; ImmutableOopMap {rfp=Oop [0]=Oop [16]=Oop [24]=Oop [32]=Oop }
                      ;*invokeinterface eventDispatched {reexecute=0 rethrow=0 return_oop=0}
                      ; - java.awt.Toolkit$ToolkitEventMulticaster::eventDispatched@21 (line 2096)
                      ; - java.awt.Toolkit::notifyAWTEventListeners@30 (line 2052)
                      ; - java.awt.Component::dispatchEventImpl@280 (line 4955)
                      ;   {virtual_call}
  0x0000000117f0ac04: bf67 0094 

  0x0000000117f0ac08: ;   {other}
  0x0000000117f0ac08: 1f20 03d5 | 1f8f 85f2 | 1f40 84f2 | cdf9 ff17 | eb03 18aa | dbfe ff17 | e103 1daa | ed03 40f9 
  0x0000000117f0ac28: 02ff ff17 | ed07 40f9 | ac45 40b9 | 0300 0014 | ac45 40b9 | eb0f 40f9 | ae09 40b9 | 0e12 c0f2 
  0x0000000117f0ac48: ce21 40f9 | 81f1 7dd3 

  0x0000000117f0ac50: ;   {metadata('java/awt/Container')}
  0x0000000117f0ac50: 0ca3 95d2 | ec40 a0f2 | 0c12 c0f2 | df01 0ceb | 20c5 0154 

  0x0000000117f0ac64: ; implicit exception: dispatches to 0x0000000117f0f870
  0x0000000117f0ac64: 2c08 40b9 | 7d09 40b9 

  0x0000000117f0ac6c: ;   {metadata('java/awt/event/KeyEvent')}
  0x0000000117f0ac6c: 4f44 a0d2 | 0fe3 95f2 | bf03 0f6b | 01c9 0154 

  0x0000000117f0ac7c: ;   {metadata('androidx/compose/ui/scene/skia/WindowSkiaLayerComponent$contentComponent$1')}
  0x0000000117f0ac7c: ae44 a0d2 | 0eb4 96f2 | e203 0baa | 9f01 0e6b | c1c4 0154 | 2c44 40b9 | 81f1 7dd3 | c101 00b4 
  0x0000000117f0ac9c: ed03 00f9 | ea0b 00b9 | eb0b 00f9 | e9ff 9fd2 | e9ff bff2 | e9ff dff2 

  0x0000000117f0acb4: ; ImmutableOopMap {[0]=Oop [16]=Oop [32]=Oop [40]=Oop }
                      ;*invokevirtual preProcessKeyEvent {reexecute=0 rethrow=0 return_oop=0}
                      ; - java.awt.Container::preProcessKeyEvent@11 (line 3535)
                      ; - java.awt.Component::dispatchEventImpl@503 (line 5026)
                      ;   {virtual_call}
  0x0000000117f0acb4: f355 c097 

  0x0000000117f0acb8: ;   {other}
  0x0000000117f0acb8: 1f20 03d5 | 1fa5 85f2 | 1f60 84f2 | ed03 40f9 | ea0b 40b9 | eb0b 40f9 

  0x0000000117f0acd0: ;   {metadata('java/awt/event/KeyEvent')}
  0x0000000117f0acd0: 4c44 a0d2 | 0ce3 95f2 | bf03 0c6b | 01c4 0154 | ec03 0baa | 8051 4039 | 8050 ff34 | 0117 8012 
  0x0000000117f0acf0: fd03 002a 

  0x0000000117f0acf4: ; ImmutableOopMap {}
                      ;*ifeq {reexecute=1 rethrow=0 return_oop=0}
                      ; - (reexecute) java.awt.Component::dispatchEventImpl@510 (line 5027)
                      ;   {runtime_call UncommonTrapBlob}
  0x0000000117f0acf4: a370 c097 

  0x0000000117f0acf8: ;   {other}
  0x0000000117f0acf8: 1f20 03d5 | 1fad 85f2 | 1f80 84f2 

  0x0000000117f0ad04: ;   {metadata('java/awt/event/FocusEvent')}
  0x0000000117f0ad04: 6c44 a0d2 | 0cc0 88f2 | ea0f 40b9 | 5f01 0c6b | e1ce 0154 | e103 00aa 

  0x0000000117f0ad1c: ; ImmutableOopMap {[0]=Oop }
                      ;*invokestatic retargetFocusGained {reexecute=0 rethrow=0 return_oop=1}
                      ; - java.awt.KeyboardFocusManager::retargetFocusEvent@228 (line 2953)
                      ; - java.awt.Component::dispatchEventImpl@121 (line 4918)
                      ;   {static_call}
  0x0000000117f0ad1c: ab17 0094 

  0x0000000117f0ad20: ;   {other}
  0x0000000117f0ad20: 1f20 03d5 | 1fb2 85f2 | 1fa0 84f2 | 8013 ffb5 | 2101 8012 

  0x0000000117f0ad34: ; ImmutableOopMap {}
                      ;*putfield isPosted {reexecute=1 rethrow=0 return_oop=0}
                      ; - (reexecute) java.awt.Component::dispatchEventImpl@127 (line 4919)
                      ;   {runtime_call UncommonTrapBlob}
  0x0000000117f0ad34: 9370 c097 

  0x0000000117f0ad38: ;   {other}
  0x0000000117f0ad38: 1f20 03d5 | 1fb5 85f2 | 1fc0 84f2 

  0x0000000117f0ad44: ;   {metadata('java/awt/event/FocusEvent')}
  0x0000000117f0ad44: 6c44 a0d2 | 0cc0 88f2 | ea0f 40b9 | 5f01 0c6b | e1cd 0154 | e103 00aa 

  0x0000000117f0ad5c: ; ImmutableOopMap {[0]=Oop }
                      ;*invokestatic retargetFocusLost {reexecute=0 rethrow=0 return_oop=1}
                      ; - java.awt.KeyboardFocusManager::retargetFocusEvent@239 (line 2957)
                      ; - java.awt.Component::dispatchEventImpl@121 (line 4918)
                      ;   {static_call}
  0x0000000117f0ad5c: a317 0094 

  0x0000000117f0ad60: ;   {other}
  0x0000000117f0ad60: 1f20 03d5 | 1fba 85f2 | 1fe0 84f2 | 8011 ffb5 | f0ff ff17 

  0x0000000117f0ad74: ;   {metadata('org/jetbrains/skiko/SkiaLayer$1')}
  0x0000000117f0ad74: aa44 a0d2 | 0a41 9ef2 | ff01 0a6b | 81cd 0154 | e103 0daa | fd03 01aa 

  0x0000000117f0ad8c: ; ImmutableOopMap {rfp=Oop [0]=Oop [24]=Oop [32]=Oop [40]=Oop }
                      ;*invokevirtual getInputContext {reexecute=0 rethrow=0 return_oop=1}
                      ; - java.awt.Component::dispatchEventImpl@421 (line 5005)
                      ;   {optimized virtual_call}
  0x0000000117f0ad8c: fd54 c097 

  0x0000000117f0ad90: ;   {other}
  0x0000000117f0ad90: 1f20 03d5 | 1fc0 85f2 | 1f00 85f2 

  0x0000000117f0ad9c: ; implicit exception: dispatches to 0x0000000117f0f8cc
  0x0000000117f0ad9c: 0a08 40b9 | 0a12 c0f2 | 4a21 40f9 

  0x0000000117f0ada8: ;   {metadata('sun/awt/im/InputContext')}
  0x0000000117f0ada8: 0b6d 89d2 | 8b49 a0f2 | 0b12 c0f2 | 5f01 0beb | e0cc 0154 | 8a7d 8052 | ed03 40f9 | eb0f 40f9 
  0x0000000117f0adc8: 4cfa ff17 | eb03 41b2 | 20fe ff17 | ec03 0032 | ed03 1f2a | 32fc ff17 | ec03 0032 | ed03 1f2a 
  0x0000000117f0ade8: 6b0c 40b9 | 7f01 026b | e000 0054 | 6b18 40b9 | 842f 42f9 

  0x0000000117f0adfc: ; ImmutableOopMap {r16=Oop r17=Oop c_rarg3=Oop r23=Oop rlocals=Oop r25=Oop }
                      ;*ifnonnull {reexecute=1 rethrow=0 return_oop=0}
                      ; - (reexecute) java.util.HashMap::getNode@145 (line 587)
                      ; - java.util.HashMap::get@2 (line 564)
                      ; - sun.awt.AppContext::get@36 (line 619)
                      ; - sun.awt.SunToolkit::getSystemEventQueueImplPP@4 (line 1137)
                      ; - sun.awt.SunToolkit::getSystemEventQueueImplPP@3 (line 1132)
                      ; - sun.awt.SunToolkit::getSystemEventQueueImpl@0 (line 1127)
                      ; - java.awt.Toolkit::getEventQueue@3 (line 1500)
                      ; - java.awt.EventQueue::setCurrentEventAndMostRecentTime@0 (line 1267)
                      ; - java.awt.Component::dispatchEventImpl@88 (line 4901)
  0x0000000117f0adfc: 63f1 7dd3 

  0x0000000117f0ae00: ;   {poll}
  0x0000000117f0ae00: 9f00 40b9 | 23ff ffb5 | 27fc ff17 | 6b10 40b9 

  0x0000000117f0ae10: ;   {oop(a 'java/lang/StringBuffer'{0x0000000301083258})}
  0x0000000117f0ae10: 2a04 acd2 | 6ac9 80f2 | 7f01 0a6b | 41d5 0154 | e103 03aa | 2afd ff17 

  0x0000000117f0ae28: ;   {metadata('java/awt/event/AWTEventListener')}
  0x0000000117f0ae28: 0035 92d2 | e043 a0f2 | 0012 c0f2 | e503 40b2 | 8950 40f9 | 8050 40fd | 8901 1036 | 0054 7d5f 
  0x0000000117f0ae48: 0058 200e | 00b8 310e | 0300 669e | 8114 40f9 | 2578 63f8 | a500 00ca | 8500 00b4 | 6900 1836 
  0x0000000117f0ae68: 2909 c993 

  0x0000000117f0ae6c: ;   {runtime_call StubRoutines (final stubs)}
  0x0000000117f0ae6c: 737b c097 | 05e9 ffb4 | fd03 0caa | 2104 8012 

  0x0000000117f0ae7c: ; ImmutableOopMap {rfp=Oop }
                      ;*checkcast {reexecute=0 rethrow=0 return_oop=0}
                      ; - java.awt.Toolkit$ToolkitEventMulticaster::eventDispatched@4 (line 2095)
                      ; - java.awt.Toolkit::notifyAWTEventListeners@30 (line 2052)
                      ; - java.awt.Component::dispatchEventImpl@280 (line 4955)
                      ;   {runtime_call UncommonTrapBlob}
  0x0000000117f0ae7c: 4170 c097 

  0x0000000117f0ae80: ;   {other}
  0x0000000117f0ae80: 1f20 03d5 | 1fde 85f2 | 1f40 85f2 

  0x0000000117f0ae8c: ;   {metadata('java/awt/event/AWTEventListener')}
  0x0000000117f0ae8c: 0035 92d2 | e043 a0f2 | 0012 c0f2 | e503 40b2 | 8950 40f9 | 8050 40fd | 8901 1036 | 0054 7d5f 
  0x0000000117f0aeac: 0058 200e | 00b8 310e | 0300 669e | 8114 40f9 | 2578 63f8 | a500 00ca | 8500 00b4 | 6900 1836 
  0x0000000117f0aecc: 2909 c993 

  0x0000000117f0aed0: ;   {runtime_call StubRoutines (final stubs)}
  0x0000000117f0aed0: 5a7b c097 | e5e8 ffb4 | fd03 0caa | 2104 8012 

  0x0000000117f0aee0: ; ImmutableOopMap {rfp=Oop }
                      ;*checkcast {reexecute=0 rethrow=0 return_oop=0}
                      ; - java.awt.Toolkit$ToolkitEventMulticaster::eventDispatched@17 (line 2096)
                      ; - java.awt.Toolkit::notifyAWTEventListeners@30 (line 2052)
                      ; - java.awt.Component::dispatchEventImpl@280 (line 4955)
                      ;   {runtime_call UncommonTrapBlob}
  0x0000000117f0aee0: 2870 c097 

  0x0000000117f0aee4: ;   {other}
  0x0000000117f0aee4: 1f20 03d5 | 9fea 85f2 | 1f60 85f2 | ea03 1f2a | f0fd ff17 | f417 40f9 | 8a1e 40b9 | 40f1 7dd3 
  0x0000000117f0af04: 8066 ffb4 | 8a17 40f9 | 6a61 01b4 | 8b1f 40f9 | 4c21 00d1 | 6a01 0a8b | 4081 1ff8 | 8c17 00f9 
  0x0000000117f0af24: 2cfb ff17 | 8b1a 40b9 | 60f1 7dd3 | 006d ffb4 | 8a17 40f9 | aa61 01b4 | 8b1f 40f9 | 4c21 00d1 
  0x0000000117f0af44: 6a01 0a8b | 4081 1ff8 | 8c17 00f9 | 60fb ff17 | 8b27 40f9 | 8c2f 40f9 | bf3b 03d5 | 0e00 c039 
  0x0000000117f0af64: 4e66 ff34 | 1f00 0039 | cb01 00b5 | f703 0a2a | e103 1caa | c900 0010 | 89d7 01f9 

  0x0000000117f0af80: ;   {runtime_call G1BarrierSetRuntime::write_ref_field_post_entry(unsigned char volatile*, JavaThread*)}
  0x0000000117f0af80: 88ac 8ed2 | 684e a1f2 | 2800 c0f2 | 0001 3fd6 

  0x0000000117f0af90: ;   {other}
  0x0000000117f0af90: 1f20 03d5 | 1f00 80f2 | 1f00 80f2 | ea03 172a | 23fb ff17 | 6d21 00d1 | 8b01 0b8b | 6081 1ff8 
  0x0000000117f0afb0: 8d27 00f9 | 1efb ff17 | 8a27 40f9 | 8b2f 40f9 | bf3b 03d5 | 0c00 c039 | 0c6b ff34 | 1f00 0039 
  0x0000000117f0afd0: 8a01 00b5 | e103 1caa | c900 0010 | 89d7 01f9 

  0x0000000117f0afe0: ;   {runtime_call G1BarrierSetRuntime::write_ref_field_post_entry(unsigned char volatile*, JavaThread*)}
  0x0000000117f0afe0: 88ac 8ed2 | 684e a1f2 | 2800 c0f2 | 0001 3fd6 

  0x0000000117f0aff0: ;   {other}
  0x0000000117f0aff0: 1f20 03d5 | 1f00 80f2 | 1f00 80f2 | 4bfb ff17 | 4c21 00d1 | 6a01 0a8b | 4081 1ff8 | 8c27 00f9 
  0x0000000117f0b010: 46fb ff17 | 0b42 40b9 | 60f1 7dd3 | a0ae ffb4 | 8a17 40f9 | 2a81 01b4 | 8b1f 40f9 | 4e21 00d1 
  0x0000000117f0b030: 6a01 0a8b | 4081 1ff8 | 8e17 00f9 | 6dfd ff17 | 2b12 40b9 | 60f1 7dd3 | 20aa ffb4 | 8a17 40f9 
  0x0000000117f0b050: aa82 01b4 | 8b1f 40f9 | 4e21 00d1 | 6a01 0a8b | 4081 1ff8 | 8e17 00f9 | 49fd ff17 | 2b0e 40b9 
  0x0000000117f0b070: 60f1 7dd3 | 60a3 ffb4 | 8a17 40f9 | aa83 01b4 | 8b1f 40f9 | 4e21 00d1 | 6a01 0a8b | 4081 1ff8 
  0x0000000117f0b090: 8e17 00f9 | 13fd ff17 | 8a27 40f9 | 8b2f 40f9 | bf3b 03d5 | 0100 c039 | 01aa ff34 | 1f00 0039 
  0x0000000117f0b0b0: 0a03 00b5 | f0c7 00a9 | fd03 0f2a | ed03 00b9 | fb03 0c2a | e103 1caa | c900 0010 | 89d7 01f9 
  0x0000000117f0b0d0: ;   {runtime_call G1BarrierSetRuntime::write_ref_field_post_entry(unsigned char volatile*, JavaThread*)}
  0x0000000117f0b0d0: 88ac 8ed2 | 684e a1f2 | 2800 c0f2 | 0001 3fd6 

  0x0000000117f0b0e0: ;   {other}
  0x0000000117f0b0e0: 1f20 03d5 | 1f00 80f2 | 1f00 80f2 | fa03 19aa | f903 152a | f503 192a | f903 1aaa | ef03 1d2a 
  0x0000000117f0b100: ec03 1b2a | ed03 40b9 | f0c7 40a9 | 37fd ff17 | 4e21 00d1 | 6a01 0a8b | 4081 1ff8 | 8e27 00f9 
  0x0000000117f0b120: 32fd ff17 | 8a27 40f9 | 8b2f 40f9 | bf3b 03d5 | 0e00 c039 | aea7 ff34 | 1f00 0039 | 0a03 00b5 
  0x0000000117f0b140: f007 00f9 | fd03 0f2a | ed03 00b9 | fb03 0c2a | e103 1caa | c900 0010 | 89d7 01f9 

  0x0000000117f0b15c: ;   {runtime_call G1BarrierSetRuntime::write_ref_field_post_entry(unsigned char volatile*, JavaThread*)}
  0x0000000117f0b15c: 88ac 8ed2 | 684e a1f2 | 2800 c0f2 | 0001 3fd6 

  0x0000000117f0b16c: ;   {other}
  0x0000000117f0b16c: 1f20 03d5 | 1f00 80f2 | 1f00 80f2 | fa03 19aa | f903 152a | f503 192a | f903 1aaa | ef03 1d2a 
  0x0000000117f0b18c: ec03 1b2a | ed03 40b9 | f007 40f9 | 24fd ff17 | 4e21 00d1 | 6a01 0a8b | 4081 1ff8 | 8e27 00f9 
  0x0000000117f0b1ac: 1ffd ff17 | 8a27 40f9 | 8b2f 40f9 | bf3b 03d5 | 1100 c039 | f19a ff34 | 1f00 0039 | 8a02 00b5 
  0x0000000117f0b1cc: f003 00f9 | fb03 0f2a | fd03 0d2a | fa03 0c2a | e103 1caa | c900 0010 | 89d7 01f9 

  0x0000000117f0b1e8: ;   {runtime_call G1BarrierSetRuntime::write_ref_field_post_entry(unsigned char volatile*, JavaThread*)}
  0x0000000117f0b1e8: 88ac 8ed2 | 684e a1f2 | 2800 c0f2 | 0001 3fd6 

  0x0000000117f0b1f8: ;   {other}
  0x0000000117f0b1f8: 1f20 03d5 | 1f00 80f2 | 1f00 80f2 | ef03 1b2a | ec03 1a2a | ed03 1d2a | f003 40f9 | c2fc ff17 
  0x0000000117f0b218: 4e21 00d1 | 6a01 0a8b | 4081 1ff8 | 8e27 00f9 | bdfc ff17 | 8b0e 40b9 | 60f1 7dd3 | c0a3 ffb4 
  0x0000000117f0b238: 8a17 40f9 | 0a78 01b4 | 8b1f 40f9 | 4e21 00d1 | 6a01 0a8b | 4081 1ff8 | 8e17 00f9 | 16fd ff17 
  0x0000000117f0b258: 2a0e 40b9 | 4af1 7dd3 | 5f01 19eb | 8002 0054 | f703 00f9 | f53f 0129 | f90b 00f9 | ec37 0329 
  0x0000000117f0b278: f013 00f9 | fd03 18aa | e103 11aa | e203 0c2a 

  0x0000000117f0b288: ; ImmutableOopMap {rfp=Oop [0]=Oop [16]=Oop [32]=Oop }
                      ;*invokevirtual acquire {reexecute=0 rethrow=0 return_oop=0}
                      ; - java.util.concurrent.locks.ReentrantLock$Sync::lock@9 (line 153)
                      ; - java.util.concurrent.locks.ReentrantLock::lock@4 (line 322)
                      ; - java.awt.EventQueue::setCurrentEventAndMostRecentTimeImpl@4 (line 1270)
                      ; - java.awt.EventQueue::setCurrentEventAndMostRecentTime@4 (line 1267)
                      ; - java.awt.Component::dispatchEventImpl@88 (line 4901)
                      ;   {optimized virtual_call}
  0x0000000117f0b288: be53 c097 

  0x0000000117f0b28c: ;   {other}
  0x0000000117f0b28c: 1f20 03d5 | 9f5f 86f2 | 1f80 85f2 | f803 1daa | f703 40f9 | f53f 4129 | f90b 40f9 | ec37 4329 
  0x0000000117f0b2ac: f013 40f9 | 9bfc ff17 | 2a42 0091 | 4bfd df88 | 7d05 0011 | 3dde f937 | 2a42 0091 | 5dfd 9f88 
  0x0000000117f0b2cc: 94fc ff17 | 0a32 40b9 | 40f1 7dd3 | a085 ffb4 | 8a17 40f9 | 0a7d 01b4 | 8b1f 40f9 | 4121 00d1 
  0x0000000117f0b2ec: 6a01 0a8b | 4081 1ff8 | 8117 00f9 | 25fc ff17 | 0a36 40b9 | 40f1 7dd3 | 8086 ffb4 | 8a17 40f9 
  0x0000000117f0b30c: 8a7e 01b4 | 8b1f 40f9 | 4121 00d1 | 6a01 0a8b | 4081 1ff8 | 8117 00f9 | 2cfc ff17 | ca12 40b9 
  0x0000000117f0b32c: 40f1 7dd3 | a080 ffb4 | 8a17 40f9 | ea82 01b4 | 8b1f 40f9 | 4121 00d1 | 6a01 0a8b | 4081 1ff8 
  0x0000000117f0b34c: 8117 00f9 | fdfb ff17 | cb0e 40b9 | 60f1 7dd3 | a07c ffb4 | 8a17 40f9 | aa7e 01b4 | 8b1f 40f9 
  0x0000000117f0b36c: 4121 00d1 | 6a01 0a8b | 4081 1ff8 | 8117 00f9 | ddfb ff17 | 8a27 40f9 | 812f 40f9 | bf3b 03d5 
  0x0000000117f0b38c: 0b00 c039 | 6b7d ff34 | 1f00 0039 | 0a03 00b5 | f0c7 00a9 | fd03 0f2a | ee0f 00f9 | ec37 0029 
  0x0000000117f0b3ac: e103 1caa | c900 0010 | 89d7 01f9 

  0x0000000117f0b3b8: ;   {runtime_call G1BarrierSetRuntime::write_ref_field_post_entry(unsigned char volatile*, JavaThread*)}
  0x0000000117f0b3b8: 88ac 8ed2 | 684e a1f2 | 2800 c0f2 | 0001 3fd6 

  0x0000000117f0b3c8: ;   {other}
  0x0000000117f0b3c8: 1f20 03d5 | 1f00 80f2 | 1f00 80f2 | fa03 19aa | f903 152a | f503 192a | f903 1aaa | ef03 1d2a 
  0x0000000117f0b3e8: ec37 4029 | f0c7 40a9 | ee0f 40f9 | d2fb ff17 | 4b21 00d1 | 2a00 0a8b | 4081 1ff8 | 8b27 00f9 
  0x0000000117f0b408: cdfb ff17 | 8a27 40f9 | 8b2f 40f9 | bf3b 03d5 | 0100 c039 | 817f ff34 | 1f00 0039 | ea02 00b5 
  0x0000000117f0b428: f103 00f9 | fb03 0f2a | ee07 00f9 | fd03 0d2a | fa03 0c2a | e103 1caa | c900 0010 | 89d7 01f9 
  0x0000000117f0b448: ;   {runtime_call G1BarrierSetRuntime::write_ref_field_post_entry(unsigned char volatile*, JavaThread*)}
  0x0000000117f0b448: 88ac 8ed2 | 684e a1f2 | 2800 c0f2 | 0001 3fd6 

  0x0000000117f0b458: ;   {other}
  0x0000000117f0b458: 1f20 03d5 | 1f00 80f2 | 1f00 80f2 | f603 152a | f503 162a | ef03 1b2a | ec03 1a2a | ed03 1d2a 
  0x0000000117f0b478: f13b 40a9 | e4fb ff17 | 5021 00d1 | 6a01 0a8b | 4081 1ff8 | 9027 00f9 | dffb ff17 | 8a27 40f9 
  0x0000000117f0b498: 812f 40f9 | bf3b 03d5 | 0b00 c039 | 4b79 ff34 | 1f00 0039 | 0a03 00b5 | f0c7 00a9 | fd03 0f2a 
  0x0000000117f0b4b8: ee0f 00f9 | ec37 0029 | e103 1caa | c900 0010 | 89d7 01f9 

  0x0000000117f0b4cc: ;   {runtime_call G1BarrierSetRuntime::write_ref_field_post_entry(unsigned char volatile*, JavaThread*)}
  0x0000000117f0b4cc: 88ac 8ed2 | 684e a1f2 | 2800 c0f2 | 0001 3fd6 

  0x0000000117f0b4dc: ;   {other}
  0x0000000117f0b4dc: 1f20 03d5 | 1f00 80f2 | 1f00 80f2 | fa03 19aa | f903 152a | f503 192a | f903 1aaa | ef03 1d2a 
  0x0000000117f0b4fc: ec37 4029 | f0c7 40a9 | ee0f 40f9 | b1fb ff17 | 4b21 00d1 | 2a00 0a8b | 4081 1ff8 | 8b27 00f9 
  0x0000000117f0b51c: acfb ff17 | 8b27 40f9 | 812f 40f9 | bf3b 03d5 | 0a00 c039 | 8a72 ff34 | 1f00 0039 | 0b03 00b5 
  0x0000000117f0b53c: f0c7 00a9 | fd03 0f2a | ee0f 00f9 | ec37 0029 | e103 1caa | c900 0010 | 89d7 01f9 

  0x0000000117f0b558: ;   {runtime_call G1BarrierSetRuntime::write_ref_field_post_entry(unsigned char volatile*, JavaThread*)}
  0x0000000117f0b558: 88ac 8ed2 | 684e a1f2 | 2800 c0f2 | 0001 3fd6 

  0x0000000117f0b568: ;   {other}
  0x0000000117f0b568: 1f20 03d5 | 1f00 80f2 | 1f00 80f2 | fa03 19aa | f903 152a | f503 192a | f903 1aaa | ef03 1d2a 
  0x0000000117f0b588: ec37 4029 | f0c7 40a9 | ee0f 40f9 | 7bfb ff17 | 6a21 00d1 | 2b00 0b8b | 6081 1ff8 | 8a27 00f9 
  0x0000000117f0b5a8: 76fb ff17 | f85f 00a9 | f53f 0229 | f9c3 01a9 | f1b7 02a9 

  0x0000000117f0b5bc: ;   {oop(a 'java/lang/StringBuffer'{0x0000000301083258})}
  0x0000000117f0b5bc: 014b 86d2 | 0121 a0f2 | 6100 c0f2 

  0x0000000117f0b5c8: ; ImmutableOopMap {[0]=Oop [8]=Oop [24]=Oop [32]=Oop [40]=Oop [48]=Oop }
                      ;*invokevirtual hashCode {reexecute=0 rethrow=0 return_oop=0}
                      ; - java.util.HashMap::hash@9 (line 338)
                      ; - java.util.HashMap::getNode@23 (line 576)
                      ; - java.util.HashMap::get@2 (line 564)
                      ; - sun.awt.AppContext::get@36 (line 619)
                      ; - sun.awt.SunToolkit::getSystemEventQueueImplPP@4 (line 1137)
                      ; - sun.awt.SunToolkit::getSystemEventQueueImplPP@3 (line 1132)
                      ; - sun.awt.SunToolkit::getSystemEventQueueImpl@0 (line 1127)
                      ; - java.awt.Toolkit::getEventQueue@3 (line 1500)
                      ; - java.awt.EventQueue::setCurrentEventAndMostRecentTime@0 (line 1267)
                      ; - java.awt.Component::dispatchEventImpl@88 (line 4901)
                      ;   {optimized virtual_call}
  0x0000000117f0b5c8: ee52 c097 

  0x0000000117f0b5cc: ;   {other}
  0x0000000117f0b5cc: 1f20 03d5 | 9fc7 86f2 | 1fa0 85f2 | f85f 40a9 | f53f 4229 | f9c3 41a9 | f1b7 42a9 | 00fb ff17 
  0x0000000117f0b5ec: 5fb1 0f71 | 6172 0154 | 6a0d 40b9 | 4df1 7dd3 

  0x0000000117f0b5fc: ; implicit exception: dispatches to 0x0000000117f0f8e4
  0x0000000117f0b5fc: ac09 40b9 | ea03 0c2a | 0a12 c0f2 | 4a1d 40f9 

  0x0000000117f0b60c: ;   {metadata('java/awt/Component')}
  0x0000000117f0b60c: 0c51 93d2 | cc40 a0f2 | 0c12 c0f2 | 5f01 0ceb | 81b6 0154 | e103 14aa | e203 0daa 

  0x0000000117f0b628: ; ImmutableOopMap {[8]=Oop [32]=Oop [40]=Oop [48]=Oop }
                      ;*invokevirtual focusGained {reexecute=0 rethrow=0 return_oop=0}
                      ; - sun.awt.im.InputContext::dispatchEvent@100 (line 245)
                      ; - sun.awt.im.InputMethodContext::dispatchEvent@58 (line 197)
                      ; - java.awt.Component::dispatchEventImpl@365 (line 4991)
                      ;   {optimized virtual_call}
  0x0000000117f0b628: 7815 0094 

  0x0000000117f0b62c: ;   {other}
  0x0000000117f0b62c: 1f20 03d5 | 9fd3 86f2 | 1fc0 85f2 | eb1b 40f9 | 24f8 ff17 | 8a32 4039 | aa34 0034 | ec43 0291 
  0x0000000117f0b64c: 8b01 40f9 | 7f01 1feb | 8002 0054 | 8a02 40f9 | aa00 0837 | ea03 0caa | 8bfe aac8 | 5f01 0ceb 
  0x0000000117f0b66c: 0e00 0014 | 4a09 00d1 | 4b45 40f9 | ab00 00b4 | 6b05 00d1 | 4b45 00f9 | 7f01 0beb | 0700 0014 
  0x0000000117f0b68c: 482d 49a9 | 0801 0baa | 1f01 1feb | 6800 00b5 | 4a01 0191 | 5ffd 9fc8 | 8100 0054 | 88ab 42f9 
  0x0000000117f0b6ac: 0805 00d1 | 88ab 02f9 | a1b4 0154 | f303 1faa | eef7 ff17 | ed43 0291 | 6c02 40f9 | ac01 0837 
  0x0000000117f0b6cc: 8a01 40b2 | aa01 00f9 | ec03 0aaa | 6dfe ecc8 | 9f01 0aeb | 6002 0054 | e803 0091 | 8c01 08cb 
  0x0000000117f0b6ec: eacf 72b2 | 8a01 0aea | aa01 00f9 | 0d00 0014 | 8af9 0091 | eb03 1faa | 5cfd ebc8 | 7f01 1feb 
  0x0000000117f0b70c: ea07 40b2 | aa01 00f9 | c000 0054 | 7f01 1ceb | 8100 0054 | 8861 48f8 | 0805 0091 | 8861 08f8 
  0x0000000117f0b72c: 8100 0054 | 88ab 42f9 | 0805 0091 | 88ab 02f9 | 41ae 0154 | 6a72 0091 | 4bfd df88 | ab33 0034 
  0x0000000117f0b74c: 6a82 0091 | 4afd df88 | 8a42 0034 | 6a82 0091 | 54fd df88 | ec43 0291 | 8b01 40f9 | 7f01 1feb 
  0x0000000117f0b76c: 8002 0054 | 6a02 40f9 | aa00 0837 | ea03 0caa | 6bfe aac8 | 5f01 0ceb | 0e00 0014 | 4a09 00d1 
  0x0000000117f0b78c: 4b45 40f9 | ab00 00b4 | 6b05 00d1 | 4b45 00f9 | 7f01 0beb | 0700 0014 | 482d 49a9 | 0801 0baa 
  0x0000000117f0b7ac: 1f01 1feb | 6800 00b5 | 4a01 0191 | 5ffd 9fc8 | 8100 0054 | 88ab 42f9 | 0805 00d1 | 88ab 02f9 
  0x0000000117f0b7cc: 81ad 0154 | 8df2 7dd3 | 6daa feb5 | f763 00a9 | f513 00b9 | f60f 00f9 | 9df2 7dd3 | 4117 8012 
  0x0000000117f0b7ec: ; ImmutableOopMap {rfp=Oop [0]=Oop [8]=Oop [24]=Oop }
                      ;*ifnonnull {reexecute=1 rethrow=0 return_oop=0}
                      ; - (reexecute) jdk.internal.logger.AbstractLoggerWrapper::isLoggable@6 (line 123)
                      ; - sun.util.logging.PlatformLogger::isLoggable@17 (line 340)
                      ; - java.awt.Component::dispatchEventImpl@57 (line 4892)
                      ;   {runtime_call UncommonTrapBlob}
  0x0000000117f0b7ec: e56d c097 

  0x0000000117f0b7f0: ;   {other}
  0x0000000117f0b7f0: 1f20 03d5 | 1f0c 87f2 | 1fe0 85f2 | f143 0291 | 0a02 40f9 | aa01 0837 | 4e01 40b2 | 2e02 00f9 
  0x0000000117f0b810: ea03 0eaa | 11fe eac8 | 5f01 0eeb | 6002 0054 | e803 0091 | 4a01 08cb | eecf 72b2 | 4e01 0eea 
  0x0000000117f0b830: 2e02 00f9 | 0d00 0014 | 4ef9 0091 | eb03 1faa | dcfd ebc8 | 7f01 1feb | ee07 40b2 | 2e02 00f9 
  0x0000000117f0b850: c000 0054 | 7f01 1ceb | 8100 0054 | 4861 48f8 | 0805 0091 | 4861 08f8 | 8100 0054 | 88ab 42f9 
  0x0000000117f0b870: 0805 0091 | 88ab 02f9 | a1aa 0154 | 0a72 0091 | 4bfd df88 | eb3d 0034 | 0a82 0091 | 4afd df88 
  0x0000000117f0b890: ca4c 0034 | 0a82 0091 | 54fd df88 | ee43 0291 | cb01 40f9 | 7f01 1feb | 8002 0054 | 0a02 40f9 
  0x0000000117f0b8b0: aa00 0837 | ea03 0eaa | 0bfe aac8 | 5f01 0eeb | 0e00 0014 | 4a09 00d1 | 4b45 40f9 | ab00 00b4 
  0x0000000117f0b8d0: 6b05 00d1 | 4b45 00f9 | 7f01 0beb | 0700 0014 | 482d 49a9 | 0801 0baa | 1f01 1feb | 6800 00b5 
  0x0000000117f0b8f0: 4a01 0191 | 5ffd 9fc8 | 8100 0054 | 88ab 42f9 | 0805 00d1 | 88ab 02f9 | 21a8 0154 | 91f2 7dd3 
  0x0000000117f0b910: d7f5 ff17 | ed03 40f9 | 97f7 ff17 | ef43 0291 | ca01 40f9 | aa01 0837 | 4c01 40b2 | ec01 00f9 
  0x0000000117f0b930: ea03 0caa | cffd eac8 | 5f01 0ceb | 6002 0054 | e803 0091 | 4a01 08cb | eccf 72b2 | 4c01 0cea 
  0x0000000117f0b950: ec01 00f9 | 0d00 0014 | 4cf9 0091 | eb03 1faa | 9cfd ebc8 | 7f01 1feb | ec07 40b2 | ec01 00f9 
  0x0000000117f0b970: c000 0054 | 7f01 1ceb | 8100 0054 | 4861 48f8 | 0805 0091 | 4861 08f8 | 8100 0054 | 88ab 42f9 
  0x0000000117f0b990: 0805 0091 | 88ab 02f9 | 01a6 0154 | ca71 0091 | 4bfd df88 | 0b49 0034 | ca81 0091 | 4afd df88 
  0x0000000117f0b9b0: 4a57 0034 | ca81 0091 | 54fd df88 | ec43 0291 | 8b01 40f9 | 7f01 1feb | 8002 0054 | ca01 40f9 
  0x0000000117f0b9d0: aa00 0837 | ea03 0caa | cbfd aac8 | 5f01 0ceb | 0e00 0014 | 4a09 00d1 | 4b45 40f9 | ab00 00b4 
  0x0000000117f0b9f0: 6b05 00d1 | 4b45 00f9 | 7f01 0beb | 0700 0014 | 482d 49a9 | 0801 0baa | 1f01 1feb | 6800 00b5 
  0x0000000117f0ba10: 4a01 0191 | 5ffd 9fc8 | 8100 0054 | 88ab 42f9 | 0805 00d1 | 88ab 02f9 | 01a4 0154 | 8cf2 7dd3 
  0x0000000117f0ba30: fbf4 ff17 

  0x0000000117f0ba34: ;   {metadata('java/awt/event/MouseWheelEvent')}
  0x0000000117f0ba34: 014e 97d2 | 8149 a0f2 | 0112 c0f2 

  0x0000000117f0ba40: ; ImmutableOopMap {[8]=Oop [16]=Oop [24]=Oop [32]=Oop }
                      ;*new {reexecute=0 rethrow=0 return_oop=1}
                      ; - java.awt.Component::dispatchMouseWheelToAncestor@169 (line 5178)
                      ; - java.awt.Component::dispatchEventImpl@214 (line 4942)
                      ;   {runtime_call _new_instance_Java}
  0x0000000117f0ba40: 30d7 c397 

  0x0000000117f0ba44: ;   {other}
  0x0000000117f0ba44: 1f20 03d5 | 9f56 87f2 | 1f00 86f2 | 36f8 ff17 | e143 0291 | 2c02 40f9 | ac01 0837 | 8001 40b2 
  0x0000000117f0ba64: 2000 00f9 | ec03 00aa | 21fe ecc8 | 9f01 00eb | 6002 0054 | e803 0091 | 8c01 08cb | e0cf 72b2 
  0x0000000117f0ba84: 8001 00ea | 2000 00f9 | 0d00 0014 | 80f9 0091 | f003 1faa | 1cfc f0c8 | 1f02 1feb | e007 40b2 
  0x0000000117f0baa4: 2000 00f9 | c000 0054 | 1f02 1ceb | 8100 0054 | 8861 48f8 | 0805 0091 | 8861 08f8 | 8100 0054 
  0x0000000117f0bac4: 88ab 42f9 | 0805 0091 | 88ab 02f9 | a1a0 0154 | 2c72 0091 | 8cfd df88 | 2c53 0034 | 2c82 0091 
  0x0000000117f0bae4: 90fd df88 | b070 0034 | 2c82 0091 | 95fd df88 | e043 0291 | 1000 40f9 | 1f02 1feb | 8002 0054 
  0x0000000117f0bb04: 2c02 40f9 | ac00 0837 | ec03 00aa | 30fe acc8 | 9f01 00eb | 0e00 0014 | 8c09 00d1 | 9045 40f9 
  0x0000000117f0bb24: b000 00b4 | 1006 00d1 | 9045 00f9 | 1f02 10eb | 0700 0014 | 8841 49a9 | 0801 10aa | 1f01 1feb 
  0x0000000117f0bb44: 6800 00b5 | 8c01 0191 | 9ffd 9fc8 | 8100 0054 | 88ab 42f9 | 0805 00d1 | 88ab 02f9 | c19f 0154 
  0x0000000117f0bb64: acf2 7dd3 | 5bf7 ff17 | f063 0291 | ea01 40f9 | aa01 0837 | 4d01 40b2 | 0d02 00f9 | ea03 0daa 
  0x0000000117f0bb84: f0fd eac8 | 5f01 0deb | 6002 0054 | e803 0091 | 4a01 08cb | edcf 72b2 | 4d01 0dea | 0d02 00f9 
  0x0000000117f0bba4: 0d00 0014 | 4df9 0091 | ec03 1faa | bcfd ecc8 | 9f01 1feb | ed07 40b2 | 0d02 00f9 | c000 0054 
  0x0000000117f0bbc4: 9f01 1ceb | 8100 0054 | 4861 48f8 | 0805 0091 | 4861 08f8 | 8100 0054 | 88ab 42f9 | 0805 0091 
  0x0000000117f0bbe4: 88ab 02f9 | 019a 0154 | ea71 0091 | 4cfd df88 | 8c59 0034 | ea81 0091 | 4afd df88 | aa6c 0034 
  0x0000000117f0bc04: ea81 0091 | 53fd df88 | ed63 0291 | ac01 40f9 | 9f01 1feb | 8002 0054 | ea01 40f9 | aa00 0837 
  0x0000000117f0bc24: ea03 0daa | ecfd aac8 | 5f01 0deb | 0e00 0014 | 4a09 00d1 | 4c45 40f9 | ac00 00b4 | 8c05 00d1 
  0x0000000117f0bc44: 4c45 00f9 | 9f01 0ceb | 0700 0014 | 4831 49a9 | 0801 0caa | 1f01 1feb | 6800 00b5 | 4a01 0191 
  0x0000000117f0bc64: 5ffd 9fc8 | 8100 0054 | 88ab 42f9 | 0805 00d1 | 88ab 02f9 | e199 0154 | 6af2 7dd3 | 7ef7 ff17 
  0x0000000117f0bc84: fd03 17aa | f803 00f9 | f53f 0129 | f90b 00f9 | ec37 0329 | f013 00f9 

  0x0000000117f0bc9c: ;   {metadata('java/lang/ref/WeakReference')}
  0x0000000117f0bc9c: 015f 91d2 | 8100 a0f2 | 0112 c0f2 

  0x0000000117f0bca8: ; ImmutableOopMap {rfp=Oop [0]=Oop [16]=Oop [32]=Oop }
                      ;*new {reexecute=0 rethrow=0 return_oop=1}
                      ; - java.awt.EventQueue::setCurrentEventAndMostRecentTimeImpl@36 (line 1276)
                      ; - java.awt.EventQueue::setCurrentEventAndMostRecentTime@4 (line 1267)
                      ; - java.awt.Component::dispatchEventImpl@88 (line 4901)
                      ;   {runtime_call _new_instance_Java}
  0x0000000117f0bca8: 96d6 c397 

  0x0000000117f0bcac: ;   {other}
  0x0000000117f0bcac: 1f20 03d5 | 9fa3 87f2 | 1f20 86f2 | f803 40f9 | f703 1daa | f53f 4129 | f90b 40f9 | ec37 4329 
  0x0000000117f0bccc: f013 40f9 | f103 00aa | 29fa ff17 | f403 00f9 | e103 14aa 

  0x0000000117f0bce0: ; ImmutableOopMap {[0]=Oop [8]=Oop [32]=Oop [40]=Oop [48]=Oop }
                      ;*invokevirtual getInputMethodInstance {reexecute=0 rethrow=0 return_oop=1}
                      ; - sun.awt.im.InputContext::getInputMethod@23 (line 808)
                      ; - sun.awt.im.InputContext::dispatchEvent@47 (line 240)
                      ; - sun.awt.im.InputMethodContext::dispatchEvent@58 (line 197)
                      ; - java.awt.Component::dispatchEventImpl@365 (line 4991)
                      ;   {optimized virtual_call}
  0x0000000117f0bce0: 2851 c097 

  0x0000000117f0bce4: ;   {other}
  0x0000000117f0bce4: 1f20 03d5 | 9faa 87f2 | 1f40 86f2 | 8a03 c139 | f303 00aa | ea46 0135 | f403 40f9 | ec03 13aa 
  0x0000000117f0bd04: eb03 14aa | ea03 0caa | 4a01 0bca | 93fd 43d3 | 4afd 56d3 | 9316 00b9 | 4a01 00b4 | 2c01 00b4 
  0x0000000117f0bd24: 6afd 49d3 | 0b00 98d2 | 4ba3 a3f2 | 2b00 c0f2 | 6001 0a8b | 0b00 c039 | 7f09 0071 | 2146 0154 
  0x0000000117f0bd44: ec43 0291 | 8a01 40f9 | 5f01 1feb | 8002 0054 | 8b02 40f9 | ab00 0837 | eb03 0caa | 8afe abc8 
  0x0000000117f0bd64: 7f01 0ceb | 0e00 0014 | 6b09 00d1 | 6a45 40f9 | aa00 00b4 | 4a05 00d1 | 6a45 00f9 | 5f01 0aeb 
  0x0000000117f0bd84: 0700 0014 | 6829 49a9 | 0801 0aaa | 1f01 1feb | 6800 00b5 | 6b01 0191 | 7ffd 9fc8 | 8100 0054 
  0x0000000117f0bda4: 88ab 42f9 | 0805 00d1 | 88ab 02f9 | 4192 0154 | 73f2 7dd3 | 2ff6 ff17 | ec43 0291 | 8b01 40f9 
  0x0000000117f0bdc4: 7f01 1feb | 8002 0054 | 6a02 40f9 | aa00 0837 | ea03 0caa | 6bfe aac8 | 5f01 0ceb | 0e00 0014 
  0x0000000117f0bde4: 4a09 00d1 | 4b45 40f9 | ab00 00b4 | 6b05 00d1 | 4b45 00f9 | 7f01 0beb | 0700 0014 | 482d 49a9 
  0x0000000117f0be04: 0801 0baa | 1f01 1feb | 6800 00b5 | 4a01 0191 | 5ffd 9fc8 | 8100 0054 | 88ab 42f9 | 0805 00d1 
  0x0000000117f0be24: 88ab 02f9 | 4191 0154 | 6a16 40b9 | 5df1 7dd3 | dd8f 01b5 | fd03 19aa | f763 00a9 | f513 00b9 
  0x0000000117f0be44: f6cf 01a9 | e103 13aa | e203 1faa 

  0x0000000117f0be50: ; ImmutableOopMap {rfp=Oop [0]=Oop [8]=Oop [24]=Oop [32]=Oop }
                      ;*invokestatic getLogger {reexecute=0 rethrow=0 return_oop=1}
                      ; - jdk.internal.logger.LazyLoggers$LazyLoggerAccessor::platform@62 (line 211)
                      ; - jdk.internal.logger.LazyLoggers$LazyLoggerWrapper::platformProxy@4 (line 337)
                      ; - jdk.internal.logger.AbstractLoggerWrapper::isLoggable@1 (line 122)
                      ; - sun.util.logging.PlatformLogger::isLoggable@17 (line 340)
                      ; - java.awt.Component::dispatchEventImpl@57 (line 4892)
                      ;   {static_call}
  0x0000000117f0be50: 4c52 c097 

  0x0000000117f0be54: ;   {other}
  0x0000000117f0be54: 1f20 03d5 | 9fd8 87f2 | 1f60 86f2 | ee43 0291 | ed13 40f9 | ac01 40f9 | ac01 0837 | 8a01 40b2 
  0x0000000117f0be74: ca01 00f9 | ec03 0aaa | aefd ecc8 | 9f01 0aeb | 6002 0054 | e803 0091 | 8c01 08cb | eacf 72b2 
  0x0000000117f0be94: 8a01 0aea | ca01 00f9 | 0d00 0014 | 8af9 0091 | eb03 1faa | 5cfd ebc8 | 7f01 1feb | ea07 40b2 
  0x0000000117f0beb4: ca01 00f9 | c000 0054 | 7f01 1ceb | 8100 0054 | 8861 48f8 | 0805 0091 | 8861 08f8 | 8100 0054 
  0x0000000117f0bed4: 88ab 42f9 | 0805 0091 | 88ab 02f9 | e017 00f9 | 018d 0154 | ed13 00f9 | e103 0daa | e217 40f9 
  0x0000000117f0bef4: ; ImmutableOopMap {rfp=Oop [0]=Oop [8]=Oop [24]=Oop [32]=Oop }
                      ;*invokevirtual setWrappedIfNotSet {reexecute=0 rethrow=0 return_oop=0}
                      ; - jdk.internal.logger.LazyLoggers$LazyLoggerAccessor::platform@72 (line 214)
                      ; - jdk.internal.logger.LazyLoggers$LazyLoggerWrapper::platformProxy@4 (line 337)
                      ; - jdk.internal.logger.AbstractLoggerWrapper::isLoggable@1 (line 122)
                      ; - sun.util.logging.PlatformLogger::isLoggable@17 (line 340)
                      ; - java.awt.Component::dispatchEventImpl@57 (line 4892)
                      ;   {optimized virtual_call}
  0x0000000117f0bef4: a350 c097 

  0x0000000117f0bef8: ;   {other}
  0x0000000117f0bef8: 1f20 03d5 | 1fed 87f2 | 1f80 86f2 | f513 40f9 | aa82 0091 | 4afd df88 | 4a71 0034 | aa82 0091 
  0x0000000117f0bf18: 54fd df88 | ec43 0291 | 8b01 40f9 | 7f01 1feb | 8002 0054 | aa02 40f9 | aa00 0837 | ea03 0caa 
  0x0000000117f0bf38: abfe aac8 | 5f01 0ceb | 0e00 0014 | 4a09 00d1 | 4b45 40f9 | ab00 00b4 | 6b05 00d1 | 4b45 00f9 
  0x0000000117f0bf58: 7f01 0beb | 0700 0014 | 482d 49a9 | 0801 0baa | 1f01 1feb | 6800 00b5 | 4a01 0191 | 5ffd 9fc8 
  0x0000000117f0bf78: 8100 0054 | 88ab 42f9 | 0805 00d1 | 88ab 02f9 | e188 0154 | 8df2 7dd3 | adc2 ffb4 | f763 40a9 
  0x0000000117f0bf98: f513 40b9 | f903 1daa | 60f3 ff17 | 6a72 0091 | 4bfd df88 | f703 00f9 | f50b 00b9 | f95b 01a9 
  0x0000000117f0bfb8: fd03 18aa | f313 00f9 | 61f1 7dd3 

  0x0000000117f0bfc4: ; ImmutableOopMap {rfp=Oop [0]=Oop [16]=Oop [24]=Oop [32]=Oop }
                      ;*invokestatic convert {reexecute=0 rethrow=0 return_oop=1}
                      ; - jdk.internal.logger.LazyLoggers$LazyLoggerAccessor::platform@34 (line 202)
                      ; - jdk.internal.logger.LazyLoggers$LazyLoggerWrapper::platformProxy@4 (line 337)
                      ; - jdk.internal.logger.AbstractLoggerWrapper::isLoggable@1 (line 122)
                      ; - sun.util.logging.PlatformLogger::isLoggable@17 (line 340)
                      ; - java.awt.Component::dispatchEventImpl@57 (line 4892)
                      ;   {static_call}
  0x0000000117f0bfc4: ef51 c097 

  0x0000000117f0bfc8: ;   {other}
  0x0000000117f0bfc8: 1f20 03d5 | 1f07 88f2 | 1fa0 86f2 | 8a03 c139 | f403 00aa | 4a34 0135 | f313 40f9 | ec03 14aa 
  0x0000000117f0bfe8: 8bfd 43d3 | 6a82 0091 | 4bfd 9f88 | ea03 13aa | eb03 0caa | 6b01 0aca | 6bfd 56d3 | 4b01 00b4 
  0x0000000117f0c008: 2c01 00b4 | 4afd 49d3 | 0b00 98d2 | 4ba3 a3f2 | 2b00 c0f2 | 6001 0a8b | 0a00 c039 | 5f09 0071 
  0x0000000117f0c028: 6133 0154 | f803 1daa | f703 40f9 | f50b 40b9 | f95b 41a9 | c7fd ff17 | ee43 0291 | cb01 40f9 
  0x0000000117f0c048: 7f01 1feb | 8002 0054 | 0a02 40f9 | aa00 0837 | ea03 0eaa | 0bfe aac8 | 5f01 0eeb | 0e00 0014 
  0x0000000117f0c068: 4a09 00d1 | 4b45 40f9 | ab00 00b4 | 6b05 00d1 | 4b45 00f9 | 7f01 0beb | 0700 0014 | 482d 49a9 
  0x0000000117f0c088: 0801 0baa | 1f01 1feb | 6800 00b5 | 4a01 0191 | 5ffd 9fc8 | 8100 0054 | 88ab 42f9 | 0805 00d1 
  0x0000000117f0c0a8: 88ab 02f9 | 8182 0154 | 0a16 40b9 | 5df1 7dd3 | 1d81 01b5 | f533 0129 | ed13 00b9 | efc3 01a9 
  0x0000000117f0c0c8: fd03 17aa | e103 10aa | e203 1faa 

  0x0000000117f0c0d4: ; ImmutableOopMap {rfp=Oop [0]=Oop [24]=Oop [32]=Oop }
                      ;*invokestatic getLogger {reexecute=0 rethrow=0 return_oop=1}
                      ; - jdk.internal.logger.LazyLoggers$LazyLoggerAccessor::platform@62 (line 211)
                      ; - jdk.internal.logger.LazyLoggers$LazyLoggerWrapper::platformProxy@4 (line 337)
                      ; - jdk.internal.logger.AbstractLoggerWrapper::isLoggable@1 (line 122)
                      ; - sun.util.logging.PlatformLogger::isLoggable@17 (line 340)
                      ; - java.awt.Component::dispatchEventImpl@154 (line 4931)
                      ;   {static_call}
  0x0000000117f0c0d4: ab51 c097 

  0x0000000117f0c0d8: ;   {other}
  0x0000000117f0c0d8: 1f20 03d5 | 1f29 88f2 | 1fc0 86f2 | ee43 0291 | ed13 40f9 | aa01 40f9 | aa01 0837 | 4c01 40b2 
  0x0000000117f0c0f8: cc01 00f9 | ea03 0caa | aefd eac8 | 5f01 0ceb | 6002 0054 | e803 0091 | 4a01 08cb | eccf 72b2 
  0x0000000117f0c118: 4c01 0cea | cc01 00f9 | 0d00 0014 | 4cf9 0091 | eb03 1faa | 9cfd ebc8 | 7f01 1feb | ec07 40b2 
  0x0000000117f0c138: cc01 00f9 | c000 0054 | 7f01 1ceb | 8100 0054 | 4861 48f8 | 0805 0091 | 4861 08f8 | 8100 0054 
  0x0000000117f0c158: 88ab 42f9 | 0805 0091 | 88ab 02f9 | e017 00f9 | 417f 0154 | ed13 00f9 | e103 0daa | e217 40f9 
  0x0000000117f0c178: ; ImmutableOopMap {rfp=Oop [0]=Oop [24]=Oop [32]=Oop }
                      ;*invokevirtual setWrappedIfNotSet {reexecute=0 rethrow=0 return_oop=0}
                      ; - jdk.internal.logger.LazyLoggers$LazyLoggerAccessor::platform@72 (line 214)
                      ; - jdk.internal.logger.LazyLoggers$LazyLoggerWrapper::platformProxy@4 (line 337)
                      ; - jdk.internal.logger.AbstractLoggerWrapper::isLoggable@1 (line 122)
                      ; - sun.util.logging.PlatformLogger::isLoggable@17 (line 340)
                      ; - java.awt.Component::dispatchEventImpl@154 (line 4931)
                      ;   {optimized virtual_call}
  0x0000000117f0c178: 0250 c097 

  0x0000000117f0c17c: ;   {other}
  0x0000000117f0c17c: 1f20 03d5 | 9f3d 88f2 | 1fe0 86f2 | ed13 40f9 | aa81 0091 | 4afd df88 | ea62 0034 | aa81 0091 
  0x0000000117f0c19c: 53fd df88 | ec43 0291 | 8a01 40f9 | 5f01 1feb | 8002 0054 | ab01 40f9 | ab00 0837 | eb03 0caa 
  0x0000000117f0c1bc: aafd abc8 | 7f01 0ceb | 0e00 0014 | 6b09 00d1 | 6a45 40f9 | aa00 00b4 | 4a05 00d1 | 6a45 00f9 
  0x0000000117f0c1dc: 5f01 0aeb | 0700 0014 | 6829 49a9 | 0801 0aaa | 1f01 1feb | 6800 00b5 | 6b01 0191 | 7ffd 9fc8 
  0x0000000117f0c1fc: 8100 0054 | 88ab 42f9 | 0805 00d1 | 88ab 02f9 | 217b 0154 | 71f2 7dd3 | f703 1daa | f533 4129 
  0x0000000117f0c21c: ed13 40b9 | ef0f 40f9 | 92f3 ff17 | 0a72 0091 | 4bfd df88 | f533 0129 | ed13 00b9 | ef0f 00f9 
  0x0000000117f0c23c: fd03 17aa | f013 00f9 | 61f1 7dd3 

  0x0000000117f0c248: ; ImmutableOopMap {rfp=Oop [0]=Oop [24]=Oop [32]=Oop }
                      ;*invokestatic convert {reexecute=0 rethrow=0 return_oop=1}
                      ; - jdk.internal.logger.LazyLoggers$LazyLoggerAccessor::platform@34 (line 202)
                      ; - jdk.internal.logger.LazyLoggers$LazyLoggerWrapper::platformProxy@4 (line 337)
                      ; - jdk.internal.logger.AbstractLoggerWrapper::isLoggable@1 (line 122)
                      ; - sun.util.logging.PlatformLogger::isLoggable@17 (line 340)
                      ; - java.awt.Component::dispatchEventImpl@154 (line 4931)
                      ;   {static_call}
  0x0000000117f0c248: 4e51 c097 

  0x0000000117f0c24c: ;   {other}
  0x0000000117f0c24c: 1f20 03d5 | 9f57 88f2 | 1f00 87f2 | 8a03 c139 | f303 00aa | ca28 0135 | f013 40f9 | ec03 13aa 
  0x0000000117f0c26c: 8bfd 43d3 | 0a82 0091 | 4bfd 9f88 | ea03 10aa | eb03 0caa | 6b01 0aca | 6bfd 56d3 | 4b01 00b4 
  0x0000000117f0c28c: 2c01 00b4 | 4afd 49d3 | 0b00 98d2 | 4ba3 a3f2 | 2b00 c0f2 | 6001 0a8b | 0a00 c039 | 5f09 0071 
  0x0000000117f0c2ac: e127 0154 | f703 1daa | f533 4129 | ed13 40b9 | ef0f 40f9 | 75fd ff17 | ec43 0291 | 8b01 40f9 
  0x0000000117f0c2cc: 7f01 1feb | 8002 0054 | ca01 40f9 | aa00 0837 | ea03 0caa | cbfd aac8 | 5f01 0ceb | 0e00 0014 
  0x0000000117f0c2ec: 4a09 00d1 | 4b45 40f9 | ab00 00b4 | 6b05 00d1 | 4b45 00f9 | 7f01 0beb | 0700 0014 | 482d 49a9 
  0x0000000117f0c30c: 0801 0baa | 1f01 1feb | 6800 00b5 | 4a01 0191 | 5ffd 9fc8 | 8100 0054 | 88ab 42f9 | 0805 00d1 
  0x0000000117f0c32c: 88ab 02f9 | a174 0154 | ca15 40b9 | 5df1 7dd3 | 5d73 01b5 | ee17 00f9 | fd03 0daa | e103 0eaa 
  0x0000000117f0c34c: e203 1faa 

  0x0000000117f0c350: ; ImmutableOopMap {rfp=Oop [0]=Oop [16]=Oop [32]=Oop [40]=Oop }
                      ;*invokestatic getLogger {reexecute=0 rethrow=0 return_oop=1}
                      ; - jdk.internal.logger.LazyLoggers$LazyLoggerAccessor::platform@62 (line 211)
                      ; - jdk.internal.logger.LazyLoggers$LazyLoggerWrapper::platformProxy@4 (line 337)
                      ; - jdk.internal.logger.AbstractLoggerWrapper::isLoggable@1 (line 122)
                      ; - sun.util.logging.PlatformLogger::isLoggable@17 (line 340)
                      ; - java.awt.KeyboardFocusManager::retargetFocusEvent@18 (line 2911)
                      ; - java.awt.Component::dispatchEventImpl@121 (line 4918)
                      ;   {static_call}
  0x0000000117f0c350: 0c51 c097 

  0x0000000117f0c354: ;   {other}
  0x0000000117f0c354: 1f20 03d5 | 9f78 88f2 | 1f20 87f2 | ee43 0291 | ed17 40f9 | aa01 40f9 | aa01 0837 | 4c01 40b2 
  0x0000000117f0c374: cc01 00f9 | ea03 0caa | aefd eac8 | 5f01 0ceb | 6002 0054 | e803 0091 | 4a01 08cb | eccf 72b2 
  0x0000000117f0c394: 4c01 0cea | cc01 00f9 | 0d00 0014 | 4cf9 0091 | eb03 1faa | 9cfd ebc8 | 7f01 1feb | ec07 40b2 
  0x0000000117f0c3b4: cc01 00f9 | c000 0054 | 7f01 1ceb | 8100 0054 | 4861 48f8 | 0805 0091 | 4861 08f8 | 8100 0054 
  0x0000000117f0c3d4: 88ab 42f9 | 0805 0091 | 88ab 02f9 | e01b 00f9 | 2171 0154 | ed17 00f9 | e103 0daa | e21b 40f9 
  0x0000000117f0c3f4: ; ImmutableOopMap {rfp=Oop [0]=Oop [16]=Oop [32]=Oop [40]=Oop }
                      ;*invokevirtual setWrappedIfNotSet {reexecute=0 rethrow=0 return_oop=0}
                      ; - jdk.internal.logger.LazyLoggers$LazyLoggerAccessor::platform@72 (line 214)
                      ; - jdk.internal.logger.LazyLoggers$LazyLoggerWrapper::platformProxy@4 (line 337)
                      ; - jdk.internal.logger.AbstractLoggerWrapper::isLoggable@1 (line 122)
                      ; - sun.util.logging.PlatformLogger::isLoggable@17 (line 340)
                      ; - java.awt.KeyboardFocusManager::retargetFocusEvent@18 (line 2911)
                      ; - java.awt.Component::dispatchEventImpl@121 (line 4918)
                      ;   {optimized virtual_call}
  0x0000000117f0c3f4: 634f c097 

  0x0000000117f0c3f8: ;   {other}
  0x0000000117f0c3f8: 1f20 03d5 | 1f8d 88f2 | 1f40 87f2 | ed17 40f9 | aa81 0091 | 4afd df88 | ca58 0034 | aa81 0091 
  0x0000000117f0c418: 53fd df88 | ec43 0291 | 8a01 40f9 | 5f01 1feb | 8002 0054 | ab01 40f9 | ab00 0837 | eb03 0caa 
  0x0000000117f0c438: aafd abc8 | 7f01 0ceb | 0e00 0014 | 6b09 00d1 | 6a45 40f9 | aa00 00b4 | 4a05 00d1 | 6a45 00f9 
  0x0000000117f0c458: 5f01 0aeb | 0700 0014 | 6829 49a9 | 0801 0aaa | 1f01 1feb | 6800 00b5 | 6b01 0191 | 7ffd 9fc8 
  0x0000000117f0c478: 8100 0054 | 88ab 42f9 | 0805 00d1 | 88ab 02f9 | 016d 0154 | 6cf2 7dd3 | ed03 1daa | 62f2 ff17 
  0x0000000117f0c498: ca71 0091 | 4bfd df88 | fd03 0daa | ee17 00f9 | 61f1 7dd3 

  0x0000000117f0c4ac: ; ImmutableOopMap {rfp=Oop [0]=Oop [16]=Oop [32]=Oop [40]=Oop }
                      ;*invokestatic convert {reexecute=0 rethrow=0 return_oop=1}
                      ; - jdk.internal.logger.LazyLoggers$LazyLoggerAccessor::platform@34 (line 202)
                      ; - jdk.internal.logger.LazyLoggers$LazyLoggerWrapper::platformProxy@4 (line 337)
                      ; - jdk.internal.logger.AbstractLoggerWrapper::isLoggable@1 (line 122)
                      ; - sun.util.logging.PlatformLogger::isLoggable@17 (line 340)
                      ; - java.awt.KeyboardFocusManager::retargetFocusEvent@18 (line 2911)
                      ; - java.awt.Component::dispatchEventImpl@121 (line 4918)
                      ;   {static_call}
  0x0000000117f0c4ac: b550 c097 

  0x0000000117f0c4b0: ;   {other}
  0x0000000117f0c4b0: 1f20 03d5 | 1fa4 88f2 | 1f60 87f2 | 8a03 c139 | f303 00aa | 4a1a 0135 | ee17 40f9 | ec03 13aa 
  0x0000000117f0c4d0: 8bfd 43d3 | ca81 0091 | 4bfd 9f88 | ea03 0eaa | eb03 0caa | 6b01 0aca | 6bfd 56d3 | 4b01 00b4 
  0x0000000117f0c4f0: 2c01 00b4 | 4afd 49d3 | 0b00 98d2 | 4ba3 a3f2 | 2b00 c0f2 | 6001 0a8b | 0a00 c039 | 5f09 0071 
  0x0000000117f0c510: 6119 0154 | ed03 1daa | 27fd ff17 

  0x0000000117f0c51c: ;   {metadata('java/security/AccessControlContext')}
  0x0000000117f0c51c: 01bd 80d2 | 6100 a0f2 | 0112 c0f2 

  0x0000000117f0c528: ; ImmutableOopMap {[8]=Oop [16]=Oop [24]=Oop [32]=Oop [40]=Oop }
                      ;*new {reexecute=0 rethrow=0 return_oop=1}
                      ; - java.security.AccessController::getContext@8 (line 1010)
                      ; - java.awt.AWTEvent::<init>@11 (line 120)
                      ; - java.awt.event.ComponentEvent::<init>@3 (line 122)
                      ; - java.awt.event.InputEvent::<init>@3 (line 381)
                      ; - java.awt.event.MouseEvent::<init>@6 (line 759)
                      ; - java.awt.event.MouseWheelEvent::<init>@19 (line 302)
                      ; - java.awt.Component::dispatchMouseWheelToAncestor@221 (line 5191)
                      ; - java.awt.Component::dispatchEventImpl@214 (line 4942)
                      ;   {runtime_call _new_instance_Java}
  0x0000000117f0c528: 76d4 c397 

  0x0000000117f0c52c: ;   {other}
  0x0000000117f0c52c: 1f20 03d5 | 9fb3 88f2 | 1f80 87f2 | ed03 00aa | 3ff9 ff17 | e043 0291 | 1000 40f9 | 1f02 1feb 
  0x0000000117f0c54c: 8002 0054 | 2c02 40f9 | ac00 0837 | ec03 00aa | 30fe acc8 | 9f01 00eb | 0e00 0014 | 8c09 00d1 
  0x0000000117f0c56c: 9045 40f9 | b000 00b4 | 1006 00d1 | 9045 00f9 | 1f02 10eb | 0700 0014 | 8841 49a9 | 0801 10aa 
  0x0000000117f0c58c: 1f01 1feb | 6800 00b5 | 8c01 0191 | 9ffd 9fc8 | 8100 0054 | 88ab 42f9 | 0805 00d1 | 88ab 02f9 
  0x0000000117f0c5ac: a16c 0154 | 3016 40b9 | 1df2 7dd3 | 3d6b 01b5 | ed3f 01a9 | ee2b 0429 | f117 00f9 | fd03 0baa 
  0x0000000117f0c5cc: e103 11aa | e203 1faa 

  0x0000000117f0c5d4: ; ImmutableOopMap {rfp=Oop [8]=Oop [16]=Oop [24]=Oop [40]=Oop }
                      ;*invokestatic getLogger {reexecute=0 rethrow=0 return_oop=1}
                      ; - jdk.internal.logger.LazyLoggers$LazyLoggerAccessor::platform@62 (line 211)
                      ; - jdk.internal.logger.LazyLoggers$LazyLoggerWrapper::platformProxy@4 (line 337)
                      ; - jdk.internal.logger.AbstractLoggerWrapper::isLoggable@1 (line 122)
                      ; - sun.util.logging.PlatformLogger::isLoggable@17 (line 340)
                      ; - java.awt.Component::dispatchMouseWheelToAncestor@26 (line 5147)
                      ; - java.awt.Component::dispatchEventImpl@214 (line 4942)
                      ;   {static_call}
  0x0000000117f0c5d4: 6b50 c097 

  0x0000000117f0c5d8: ;   {other}
  0x0000000117f0c5d8: 1f20 03d5 | 1fc9 88f2 | 1fa0 87f2 | ee43 0291 | ed17 40f9 | aa01 40f9 | aa01 0837 | 4c01 40b2 
  0x0000000117f0c5f8: cc01 00f9 | ea03 0caa | aefd eac8 | 5f01 0ceb | 6002 0054 | e803 0091 | 4a01 08cb | eccf 72b2 
  0x0000000117f0c618: 4c01 0cea | cc01 00f9 | 0d00 0014 | 4cf9 0091 | eb03 1faa | 9cfd ebc8 | 7f01 1feb | ec07 40b2 
  0x0000000117f0c638: cc01 00f9 | c000 0054 | 7f01 1ceb | 8100 0054 | 4861 48f8 | 0805 0091 | 4861 08f8 | 8100 0054 
  0x0000000117f0c658: 88ab 42f9 | 0805 0091 | 88ab 02f9 | e01b 00f9 | e169 0154 | ed17 00f9 | e103 0daa | e21b 40f9 
  0x0000000117f0c678: ; ImmutableOopMap {rfp=Oop [8]=Oop [16]=Oop [24]=Oop [40]=Oop }
                      ;*invokevirtual setWrappedIfNotSet {reexecute=0 rethrow=0 return_oop=0}
                      ; - jdk.internal.logger.LazyLoggers$LazyLoggerAccessor::platform@72 (line 214)
                      ; - jdk.internal.logger.LazyLoggers$LazyLoggerWrapper::platformProxy@4 (line 337)
                      ; - jdk.internal.logger.AbstractLoggerWrapper::isLoggable@1 (line 122)
                      ; - sun.util.logging.PlatformLogger::isLoggable@17 (line 340)
                      ; - java.awt.Component::dispatchMouseWheelToAncestor@26 (line 5147)
                      ; - java.awt.Component::dispatchEventImpl@214 (line 4942)
                      ;   {optimized virtual_call}
  0x0000000117f0c678: c24e c097 

  0x0000000117f0c67c: ;   {other}
  0x0000000117f0c67c: 1f20 03d5 | 9fdd 88f2 | 1fc0 87f2 | ed17 40f9 | aa81 0091 | 4bfd df88 | 4b7f 0034 | aa81 0091 
  0x0000000117f0c69c: 54fd df88 | ec43 0291 | 8b01 40f9 | 7f01 1feb | 8002 0054 | aa01 40f9 | aa00 0837 | ea03 0caa 
  0x0000000117f0c6bc: abfd aac8 | 5f01 0ceb | 0e00 0014 | 4a09 00d1 | 4b45 40f9 | ab00 00b4 | 6b05 00d1 | 4b45 00f9 
  0x0000000117f0c6dc: 7f01 0beb | 0700 0014 | 482d 49a9 | 0801 0baa | 1f01 1feb | 6800 00b5 | 4a01 0191 | 5ffd 9fc8 
  0x0000000117f0c6fc: 8100 0054 | 88ab 42f9 | 0805 00d1 | 88ab 02f9 | 4169 0154 | 8cf2 7dd3 | eb03 1daa | ed3f 41a9 
  0x0000000117f0c71c: ee2b 4429 | 6df4 ff17 | ed63 0291 | ac01 40f9 | 9f01 1feb | 8002 0054 | ea01 40f9 | aa00 0837 
  0x0000000117f0c73c: ea03 0daa | ecfd aac8 | 5f01 0deb | 0e00 0014 | 4a09 00d1 | 4c45 40f9 | ac00 00b4 | 8c05 00d1 
  0x0000000117f0c75c: 4c45 00f9 | 9f01 0ceb | 0700 0014 | 4831 49a9 | 0801 0caa | 1f01 1feb | 6800 00b5 | 4a01 0191 
  0x0000000117f0c77c: 5ffd 9fc8 | 8100 0054 | 88ab 42f9 | 0805 00d1 | 88ab 02f9 | c162 0154 | ea15 40b9 | 5df1 7dd3 
  0x0000000117f0c79c: 5d61 01b5 | ee3f 02a9 | fd03 0baa | e103 0faa | e203 1faa 

  0x0000000117f0c7b0: ; ImmutableOopMap {rfp=Oop [8]=Oop [16]=Oop [24]=Oop [32]=Oop [40]=Oop }
                      ;*invokestatic getLogger {reexecute=0 rethrow=0 return_oop=1}
                      ; - jdk.internal.logger.LazyLoggers$LazyLoggerAccessor::platform@62 (line 211)
                      ; - jdk.internal.logger.LazyLoggers$LazyLoggerWrapper::platformProxy@4 (line 337)
                      ; - jdk.internal.logger.AbstractLoggerWrapper::isLoggable@1 (line 122)
                      ; - sun.util.logging.PlatformLogger::isLoggable@17 (line 340)
                      ; - java.awt.Component::dispatchMouseWheelToAncestor@130 (line 5170)
                      ; - java.awt.Component::dispatchEventImpl@214 (line 4942)
                      ;   {static_call}
  0x0000000117f0c7b0: f44f c097 

  0x0000000117f0c7b4: ;   {other}
  0x0000000117f0c7b4: 1f20 03d5 | 9f04 89f2 | 1fe0 87f2 | ee63 0291 | ed17 40f9 | aa01 40f9 | aa01 0837 | 4c01 40b2 
  0x0000000117f0c7d4: cc01 00f9 | ea03 0caa | aefd eac8 | 5f01 0ceb | 6002 0054 | e803 0091 | 4a01 08cb | eccf 72b2 
  0x0000000117f0c7f4: 4c01 0cea | cc01 00f9 | 0d00 0014 | 4cf9 0091 | eb03 1faa | 9cfd ebc8 | 7f01 1feb | ec07 40b2 
  0x0000000117f0c814: cc01 00f9 | c000 0054 | 7f01 1ceb | 8100 0054 | 4861 48f8 | 0805 0091 | 4861 08f8 | 8100 0054 
  0x0000000117f0c834: 88ab 42f9 | 0805 0091 | 88ab 02f9 | e01b 00f9 | 2161 0154 | ed17 00f9 | e103 0daa | e21b 40f9 
  0x0000000117f0c854: ; ImmutableOopMap {rfp=Oop [8]=Oop [16]=Oop [24]=Oop [32]=Oop [40]=Oop }
                      ;*invokevirtual setWrappedIfNotSet {reexecute=0 rethrow=0 return_oop=0}
                      ; - jdk.internal.logger.LazyLoggers$LazyLoggerAccessor::platform@72 (line 214)
                      ; - jdk.internal.logger.LazyLoggers$LazyLoggerWrapper::platformProxy@4 (line 337)
                      ; - jdk.internal.logger.AbstractLoggerWrapper::isLoggable@1 (line 122)
                      ; - sun.util.logging.PlatformLogger::isLoggable@17 (line 340)
                      ; - java.awt.Component::dispatchMouseWheelToAncestor@130 (line 5170)
                      ; - java.awt.Component::dispatchEventImpl@214 (line 4942)
                      ;   {optimized virtual_call}
  0x0000000117f0c854: 4b4e c097 

  0x0000000117f0c858: ;   {other}
  0x0000000117f0c858: 1f20 03d5 | 1f19 89f2 | 1f00 88f2 | ed17 40f9 | aa81 0091 | 4afd df88 | 2a74 0034 | aa81 0091 
  0x0000000117f0c878: 54fd df88 | ec63 0291 | 8b01 40f9 | 7f01 1feb | 8002 0054 | aa01 40f9 | aa00 0837 | ea03 0caa 
  0x0000000117f0c898: abfd aac8 | 5f01 0ceb | 0e00 0014 | 4a09 00d1 | 4b45 40f9 | ab00 00b4 | 6b05 00d1 | 4b45 00f9 
  0x0000000117f0c8b8: 7f01 0beb | 0700 0014 | 482d 49a9 | 0801 0baa | 1f01 1feb | 6800 00b5 | 4a01 0191 | 5ffd 9fc8 
  0x0000000117f0c8d8: 8100 0054 | 88ab 42f9 | 0805 00d1 | 88ab 02f9 | 015d 0154 | 8af2 7dd3 | eb03 1daa | ee13 40f9 
  0x0000000117f0c8f8: 60f4 ff17 | ea27 00b9 | 2a72 0091 | 4afd df88 | ed3f 01a9 | ee23 00b9 | fd03 0baa | f117 00f9 
  0x0000000117f0c918: 41f1 7dd3 

  0x0000000117f0c91c: ; ImmutableOopMap {rfp=Oop [8]=Oop [16]=Oop [24]=Oop [40]=Oop }
                      ;*invokestatic convert {reexecute=0 rethrow=0 return_oop=1}
                      ; - jdk.internal.logger.LazyLoggers$LazyLoggerAccessor::platform@34 (line 202)
                      ; - jdk.internal.logger.LazyLoggers$LazyLoggerWrapper::platformProxy@4 (line 337)
                      ; - jdk.internal.logger.AbstractLoggerWrapper::isLoggable@1 (line 122)
                      ; - sun.util.logging.PlatformLogger::isLoggable@17 (line 340)
                      ; - java.awt.Component::dispatchMouseWheelToAncestor@26 (line 5147)
                      ; - java.awt.Component::dispatchEventImpl@214 (line 4942)
                      ;   {static_call}
  0x0000000117f0c91c: 994f c097 

  0x0000000117f0c920: ;   {other}
  0x0000000117f0c920: 1f20 03d5 | 1f32 89f2 | 1f20 88f2 | 8b03 c139 | f303 00aa | abfd 0035 | f117 40f9 | ed03 13aa 
  0x0000000117f0c940: acfd 43d3 | 2a82 0091 | 4cfd 9f88 | ea03 11aa | eb03 0daa | 6b01 0aca | 6bfd 56d3 | 4b01 00b4 
  0x0000000117f0c960: 2d01 00b4 | 4afd 49d3 | 0b00 98d2 | 4ba3 a3f2 | 2b00 c0f2 | 6001 0a8b | 0b00 c039 | 7f09 0071 
  0x0000000117f0c980: 41fe 0054 | eb03 1daa | ed3f 41a9 | ee2b 4429 | 57fc ff17 | fd03 0baa | ea71 0091 | 4bfd df88 
  0x0000000117f0c9a0: ee3f 02a9 | 61f1 7dd3 

  0x0000000117f0c9a8: ; ImmutableOopMap {rfp=Oop [8]=Oop [16]=Oop [24]=Oop [32]=Oop [40]=Oop }
                      ;*invokestatic convert {reexecute=0 rethrow=0 return_oop=1}
                      ; - jdk.internal.logger.LazyLoggers$LazyLoggerAccessor::platform@34 (line 202)
                      ; - jdk.internal.logger.LazyLoggers$LazyLoggerWrapper::platformProxy@4 (line 337)
                      ; - jdk.internal.logger.AbstractLoggerWrapper::isLoggable@1 (line 122)
                      ; - sun.util.logging.PlatformLogger::isLoggable@17 (line 340)
                      ; - java.awt.Component::dispatchMouseWheelToAncestor@130 (line 5170)
                      ; - java.awt.Component::dispatchEventImpl@214 (line 4942)
                      ;   {static_call}
  0x0000000117f0c9a8: 764f c097 

  0x0000000117f0c9ac: ;   {other}
  0x0000000117f0c9ac: 1f20 03d5 | 9f43 89f2 | 1f40 88f2 | 8a03 c139 | f303 00aa | cafa 0035 | ef17 40f9 | ec03 13aa 
  0x0000000117f0c9cc: 8bfd 43d3 | ea81 0091 | 4bfd 9f88 | ea03 0faa | eb03 0caa | 6b01 0aca | 6bfd 56d3 | 4b01 00b4 
  0x0000000117f0c9ec: 2c01 00b4 | 4afd 49d3 | 0b00 98d2 | 4ba3 a3f2 | 2b00 c0f2 | 6001 0a8b | 0a00 c039 | 5f09 0071 
  0x0000000117f0ca0c: 01fd 0054 | eb03 1daa | ee13 40f9 | 7bfc ff17 | 0117 8012 | fd03 18aa 

  0x0000000117f0ca24: ; ImmutableOopMap {rfp=Oop }
                      ;*ifeq {reexecute=1 rethrow=0 return_oop=0}
                      ; - (reexecute) java.awt.Component::dispatchEventImpl@95 (line 4909)
                      ;   {runtime_call UncommonTrapBlob}
  0x0000000117f0ca24: 5769 c097 

  0x0000000117f0ca28: ;   {other}
  0x0000000117f0ca28: 1f20 03d5 | 1f53 89f2 | 1f60 88f2 | 4117 8012 | fd03 17aa | e203 00f9 | f50b 00b9 

  0x0000000117f0ca44: ; ImmutableOopMap {rfp=Oop [0]=Oop }
                      ;*ifne {reexecute=1 rethrow=0 return_oop=0}
                      ; - (reexecute) java.awt.Component::dispatchEventImpl@21 (line 4886)
                      ;   {runtime_call UncommonTrapBlob}
  0x0000000117f0ca44: 4f69 c097 

  0x0000000117f0ca48: ;   {other}
  0x0000000117f0ca48: 1f20 03d5 | 1f57 89f2 | 1f80 88f2 | 2104 8012 | fd03 17aa | e203 00f9 | f50b 00b9 | f60b 00f9 
  0x0000000117f0ca68: ; ImmutableOopMap {rfp=Oop [0]=Oop [16]=Oop }
                      ;*invokeinterface isLoggable {reexecute=0 rethrow=0 return_oop=0}
                      ; - sun.util.logging.PlatformLogger::isLoggable@17 (line 340)
                      ; - java.awt.Component::dispatchEventImpl@57 (line 4892)
                      ;   {runtime_call UncommonTrapBlob}
  0x0000000117f0ca68: 4669 c097 

  0x0000000117f0ca6c: ;   {other}
  0x0000000117f0ca6c: 1f20 03d5 | 9f5b 89f2 | 1fa0 88f2 | 2104 8012 | fd03 17aa | e203 00f9 | f50b 00b9 | f64f 01a9 
  0x0000000117f0ca8c: ; ImmutableOopMap {rfp=Oop [0]=Oop [16]=Oop [24]=Oop }
                      ;*invokeinterface platform {reexecute=0 rethrow=0 return_oop=0}
                      ; - jdk.internal.logger.LazyLoggers$LazyLoggerWrapper::platformProxy@4 (line 337)
                      ; - jdk.internal.logger.AbstractLoggerWrapper::isLoggable@1 (line 122)
                      ; - sun.util.logging.PlatformLogger::isLoggable@17 (line 340)
                      ; - java.awt.Component::dispatchEventImpl@57 (line 4892)
                      ;   {runtime_call UncommonTrapBlob}
  0x0000000117f0ca8c: 3d69 c097 

  0x0000000117f0ca90: ;   {other}
  0x0000000117f0ca90: 1f20 03d5 | 1f60 89f2 | 1fc0 88f2 | 2104 8012 | fd03 17aa | f803 00f9 | f50b 00b9 | ed0b 00f9 
  0x0000000117f0cab0: ; ImmutableOopMap {rfp=Oop [0]=Oop [16]=Oop }
                      ;*invokeinterface isLoggable {reexecute=0 rethrow=0 return_oop=0}
                      ; - jdk.internal.logger.AbstractLoggerWrapper::isLoggable@20 (line 124)
                      ; - sun.util.logging.PlatformLogger::isLoggable@17 (line 340)
                      ; - java.awt.Component::dispatchEventImpl@57 (line 4892)
                      ;   {runtime_call UncommonTrapBlob}
  0x0000000117f0cab0: 3469 c097 

  0x0000000117f0cab4: ;   {other}
  0x0000000117f0cab4: 1f20 03d5 | 9f64 89f2 | 1fe0 88f2 | 2101 8012 

  0x0000000117f0cac4: ; ImmutableOopMap {[16]=Oop }
                      ;*invokevirtual dispatchEvent {reexecute=0 rethrow=0 return_oop=0}
                      ; - java.awt.Component::dispatchEventImpl@134 (line 4926)
                      ;   {runtime_call UncommonTrapBlob}
  0x0000000117f0cac4: 2f69 c097 

  0x0000000117f0cac8: ;   {other}
  0x0000000117f0cac8: 1f20 03d5 | 1f67 89f2 | 1f00 89f2 | f533 0129 | ed13 00b9 | fd03 17aa | e103 0faa 

  0x0000000117f0cae4: ;   {oop(a 'sun/util/logging/PlatformLogger$Level'{0x0000000300a3cb38})}
  0x0000000117f0cae4: 0267 99d2 | 6214 a0f2 | 6200 c0f2 | e9ff 9fd2 | e9ff bff2 | e9ff dff2 

  0x0000000117f0cafc: ; ImmutableOopMap {rfp=Oop [0]=Oop }
                      ;*invokeinterface isLoggable {reexecute=0 rethrow=0 return_oop=0}
                      ; - sun.util.logging.PlatformLogger::isLoggable@17 (line 340)
                      ; - java.awt.Component::dispatchEventImpl@154 (line 4931)
                      ;   {virtual_call}
  0x0000000117f0cafc: 614e c097 

  0x0000000117f0cb00: ;   {other}
  0x0000000117f0cb00: 1f20 03d5 | 1f6e 89f2 | 1f20 89f2 | f703 1daa | f533 4129 | ed13 40b9 | 60f1 ff17 | f533 0129 
  0x0000000117f0cb20: ed13 00b9 | ef0f 00f9 | fd03 17aa | e103 10aa | e9ff 9fd2 | e9ff bff2 | e9ff dff2 

  0x0000000117f0cb3c: ; ImmutableOopMap {rfp=Oop [0]=Oop [24]=Oop }
                      ;*invokeinterface platform {reexecute=0 rethrow=0 return_oop=1}
                      ; - jdk.internal.logger.LazyLoggers$LazyLoggerWrapper::platformProxy@4 (line 337)
                      ; - jdk.internal.logger.AbstractLoggerWrapper::isLoggable@1 (line 122)
                      ; - sun.util.logging.PlatformLogger::isLoggable@17 (line 340)
                      ; - java.awt.Component::dispatchEventImpl@154 (line 4931)
                      ;   {virtual_call}
  0x0000000117f0cb3c: 514e c097 

  0x0000000117f0cb40: ;   {other}
  0x0000000117f0cb40: 1f20 03d5 | 1f76 89f2 | 1f40 89f2 | f703 1daa | f533 4129 | ed13 40b9 | ef0f 40f9 | f103 00aa 
  0x0000000117f0cb60: 43f1 ff17 | f533 0129 | ed13 00b9 | fd03 17aa | e103 11aa 

  0x0000000117f0cb74: ;   {oop(a 'sun/util/logging/PlatformLogger$Level'{0x0000000300a3cb38})}
  0x0000000117f0cb74: 0267 99d2 | 6214 a0f2 | 6200 c0f2 | e9ff 9fd2 | e9ff bff2 | e9ff dff2 

  0x0000000117f0cb8c: ; ImmutableOopMap {rfp=Oop [0]=Oop }
                      ;*invokeinterface isLoggable {reexecute=0 rethrow=0 return_oop=0}
                      ; - jdk.internal.logger.AbstractLoggerWrapper::isLoggable@20 (line 124)
                      ; - sun.util.logging.PlatformLogger::isLoggable@17 (line 340)
                      ; - java.awt.Component::dispatchEventImpl@154 (line 4931)
                      ;   {virtual_call}
  0x0000000117f0cb8c: 3d4e c097 

  0x0000000117f0cb90: ;   {other}
  0x0000000117f0cb90: 1f20 03d5 | 1f80 89f2 | 1f60 89f2 | f703 1daa | f533 4129 | ed13 40b9 | 3cf1 ff17 | f80b 00f9 
  0x0000000117f0cbb0: fd03 17aa | f553 0029 | f307 00f9 | e243 0291 

  0x0000000117f0cbc0: ;   {oop(a 'java/lang/Class'{0x0000000300d94cd8} = 'java/awt/Toolkit')}
  0x0000000117f0cbc0: 019b 89d2 | 211b a0f2 | 6100 c0f2 

  0x0000000117f0cbcc: ; ImmutableOopMap {rfp=Oop [8]=Oop [16]=Oop }
                      ;*synchronization entry
                      ; - java.awt.Toolkit::getDefaultToolkit@-1 (line 594)
                      ; - java.awt.Component::dispatchEventImpl@272 (line 4954)
                      ;   {runtime_call _complete_monitor_locking_Java}
  0x0000000117f0cbcc: edd4 c397 

  0x0000000117f0cbd0: ;   {other}
  0x0000000117f0cbd0: 1f20 03d5 | 1f88 89f2 | 1f80 89f2 | f703 1daa | f553 4029 | f3e3 40a9 | 99f1 ff17 | e143 0291 
  0x0000000117f0cbf0: e203 1caa 

  0x0000000117f0cbf4: ;   {oop(a 'java/lang/Class'{0x0000000300d94cd8} = 'java/awt/Toolkit')}
  0x0000000117f0cbf4: 009b 89d2 | 201b a0f2 | 6000 c0f2 | c900 0010 | 89d7 01f9 

  0x0000000117f0cc08: ;   {runtime_call SharedRuntime::complete_monitor_unlocking_C(oopDesc*, BasicLock*, JavaThread*)}
  0x0000000117f0cc08: 8852 8ad2 | c858 a1f2 | 2800 c0f2 | 0001 3fd6 

  0x0000000117f0cc18: ;   {other}
  0x0000000117f0cc18: 1f20 03d5 | 1f00 80f2 | 1f00 80f2 | aff1 ff17 | e103 0daa 

  0x0000000117f0cc2c: ;   {oop(a 'sun/util/logging/PlatformLogger$Level'{0x0000000300a25f60})}
  0x0000000117f0cc2c: 02ec 8bd2 | 4214 a0f2 | 6200 c0f2 | e9ff 9fd2 | e9ff bff2 | e9ff dff2 

  0x0000000117f0cc44: ; ImmutableOopMap {[0]=Oop [16]=Oop [32]=Oop }
                      ;*invokeinterface isLoggable {reexecute=0 rethrow=0 return_oop=0}
                      ; - sun.util.logging.PlatformLogger::isLoggable@17 (line 340)
                      ; - java.awt.KeyboardFocusManager::retargetFocusEvent@18 (line 2911)
                      ; - java.awt.Component::dispatchEventImpl@121 (line 4918)
                      ;   {virtual_call}
  0x0000000117f0cc44: 0f4e c097 

  0x0000000117f0cc48: ;   {other}
  0x0000000117f0cc48: 1f20 03d5 | 1f97 89f2 | 1fa0 89f2 | 7df0 ff17 | fd03 0daa | e103 0eaa | e9ff 9fd2 | e9ff bff2 
  0x0000000117f0cc68: e9ff dff2 

  0x0000000117f0cc6c: ; ImmutableOopMap {rfp=Oop [0]=Oop [16]=Oop [32]=Oop }
                      ;*invokeinterface platform {reexecute=0 rethrow=0 return_oop=1}
                      ; - jdk.internal.logger.LazyLoggers$LazyLoggerWrapper::platformProxy@4 (line 337)
                      ; - jdk.internal.logger.AbstractLoggerWrapper::isLoggable@1 (line 122)
                      ; - sun.util.logging.PlatformLogger::isLoggable@17 (line 340)
                      ; - java.awt.KeyboardFocusManager::retargetFocusEvent@18 (line 2911)
                      ; - java.awt.Component::dispatchEventImpl@121 (line 4918)
                      ;   {virtual_call}
  0x0000000117f0cc6c: 054e c097 

  0x0000000117f0cc70: ;   {other}
  0x0000000117f0cc70: 1f20 03d5 | 1f9c 89f2 | 1fc0 89f2 | ed03 1daa | ec03 00aa | 66f0 ff17 | fd03 40f9 | ea0b 40b9 
  0x0000000117f0cc90: ea03 00b9 | ea0b 40f9 | 2101 8012 | ea07 00f9 

  0x0000000117f0cca0: ; ImmutableOopMap {rfp=Oop [8]=Oop [32]=Oop }
                      ;*monitorenter {reexecute=0 rethrow=0 return_oop=0}
                      ; - java.awt.KeyboardFocusManager::retargetFocusEvent@125 (line 2922)
                      ; - java.awt.Component::dispatchEventImpl@121 (line 4918)
                      ;   {runtime_call UncommonTrapBlob}
  0x0000000117f0cca0: b868 c097 

  0x0000000117f0cca4: ;   {other}
  0x0000000117f0cca4: 1f20 03d5 | 9fa2 89f2 | 1fe0 89f2 | e103 0caa 

  0x0000000117f0ccb4: ;   {oop(a 'sun/util/logging/PlatformLogger$Level'{0x0000000300a25f60})}
  0x0000000117f0ccb4: 02ec 8bd2 | 4214 a0f2 | 6200 c0f2 | e9ff 9fd2 | e9ff bff2 | e9ff dff2 

  0x0000000117f0cccc: ; ImmutableOopMap {[0]=Oop [16]=Oop [32]=Oop }
                      ;*invokeinterface isLoggable {reexecute=0 rethrow=0 return_oop=0}
                      ; - jdk.internal.logger.AbstractLoggerWrapper::isLoggable@20 (line 124)
                      ; - sun.util.logging.PlatformLogger::isLoggable@17 (line 340)
                      ; - java.awt.KeyboardFocusManager::retargetFocusEvent@18 (line 2911)
                      ; - java.awt.Component::dispatchEventImpl@121 (line 4918)
                      ;   {virtual_call}
  0x0000000117f0cccc: ed4d c097 

  0x0000000117f0ccd0: ;   {other}
  0x0000000117f0ccd0: 1f20 03d5 | 1fa8 89f2 | 1f00 8af2 | 5bf0 ff17 | fd03 0eaa | e103 0eaa | e243 0291 

  0x0000000117f0ccec: ; ImmutableOopMap {rfp=Oop [0]=Oop [16]=Oop [32]=Oop }
                      ;*monitorenter {reexecute=0 rethrow=0 return_oop=0}
                      ; - java.awt.KeyboardFocusManager::retargetFocusEvent@125 (line 2922)
                      ; - java.awt.Component::dispatchEventImpl@121 (line 4918)
                      ;   {runtime_call _complete_monitor_locking_Java}
  0x0000000117f0ccec: a5d4 c397 

  0x0000000117f0ccf0: ;   {other}
  0x0000000117f0ccf0: 1f20 03d5 | 1fac 89f2 | 1f20 8af2 | ee03 1daa | 79f0 ff17 | e143 0291 | e203 1caa | e003 0eaa 
  0x0000000117f0cd10: c900 0010 | 89d7 01f9 

  0x0000000117f0cd18: ;   {runtime_call SharedRuntime::complete_monitor_unlocking_C(oopDesc*, BasicLock*, JavaThread*)}
  0x0000000117f0cd18: 8852 8ad2 | c858 a1f2 | 2800 c0f2 | 0001 3fd6 

  0x0000000117f0cd28: ;   {other}
  0x0000000117f0cd28: 1f20 03d5 | 1f00 80f2 | 1f00 80f2 | 8ef0 ff17 | aa72 0091 | 4bfd df88 | 61f1 7dd3 

  0x0000000117f0cd44: ; ImmutableOopMap {rfp=Oop [0]=Oop [8]=Oop [24]=Oop [32]=Oop }
                      ;*invokestatic convert {reexecute=0 rethrow=0 return_oop=1}
                      ; - jdk.internal.logger.LazyLoggers$LazyLoggerAccessor::platform@87 (line 215)
                      ; - jdk.internal.logger.LazyLoggers$LazyLoggerWrapper::platformProxy@4 (line 337)
                      ; - jdk.internal.logger.AbstractLoggerWrapper::isLoggable@1 (line 122)
                      ; - sun.util.logging.PlatformLogger::isLoggable@17 (line 340)
                      ; - java.awt.Component::dispatchEventImpl@57 (line 4892)
                      ;   {static_call}
  0x0000000117f0cd44: 8f4e c097 

  0x0000000117f0cd48: ;   {other}
  0x0000000117f0cd48: 1f20 03d5 | 1fb7 89f2 | 1f40 8af2 | 8a03 c139 | f303 00aa | aae5 0035 | f513 40f9 | ec03 13aa 
  0x0000000117f0cd68: 8bfd 43d3 | aa82 0091 | 4bfd 9f88 | ea03 15aa | eb03 0caa | 6b01 0aca | 6bfd 56d3 | 4b01 00b4 
  0x0000000117f0cd88: 2c01 00b4 | 4afd 49d3 | 0b00 98d2 | 4ba3 a3f2 | 2b00 c0f2 | 6001 0a8b | 0a00 c039 | 5f09 0071 
  0x0000000117f0cda8: c1e4 0054 | 5afc ff17 | fd03 40f9 | 2101 8012 | e303 00f9 

  0x0000000117f0cdbc: ; ImmutableOopMap {rfp=Oop [0]=Oop }
                      ;*invokevirtual processKeyEvent {reexecute=0 rethrow=0 return_oop=0}
                      ; - java.awt.Component::dispatchEventImpl@305 (line 4965)
                      ;   {runtime_call UncommonTrapBlob}
  0x0000000117f0cdbc: 7168 c097 

  0x0000000117f0cdc0: ;   {other}
  0x0000000117f0cdc0: 1f20 03d5 | 1fc6 89f2 | 1f60 8af2 | e10f 40f9 | e9ff 9fd2 | e9ff bff2 | e9ff dff2 

  0x0000000117f0cddc: ; ImmutableOopMap {[0]=Oop [24]=Oop [32]=Oop [40]=Oop }
                      ;*invokevirtual isConsumed {reexecute=0 rethrow=0 return_oop=0}
                      ; - java.awt.Component::dispatchEventImpl@309 (line 4966)
                      ;   {virtual_call}
  0x0000000117f0cddc: a94d c097 

  0x0000000117f0cde0: ;   {other}
  0x0000000117f0cde0: 1f20 03d5 | 1fca 89f2 | 1f80 8af2 | 7ef1 ff17 | aa71 0091 | 4bfd df88 | 61f1 7dd3 

  0x0000000117f0cdfc: ; ImmutableOopMap {rfp=Oop [0]=Oop [24]=Oop [32]=Oop }
                      ;*invokestatic convert {reexecute=0 rethrow=0 return_oop=1}
                      ; - jdk.internal.logger.LazyLoggers$LazyLoggerAccessor::platform@87 (line 215)
                      ; - jdk.internal.logger.LazyLoggers$LazyLoggerWrapper::platformProxy@4 (line 337)
                      ; - jdk.internal.logger.AbstractLoggerWrapper::isLoggable@1 (line 122)
                      ; - sun.util.logging.PlatformLogger::isLoggable@17 (line 340)
                      ; - java.awt.Component::dispatchEventImpl@154 (line 4931)
                      ;   {static_call}
  0x0000000117f0cdfc: 614e c097 

  0x0000000117f0ce00: ;   {other}
  0x0000000117f0ce00: 1f20 03d5 | 1fce 89f2 | 1fa0 8af2 | 8a03 c139 | f303 00aa | 4ae4 0035 | ed13 40f9 | ec03 13aa 
  0x0000000117f0ce20: 8bfd 43d3 | aa81 0091 | 4bfd 9f88 | ea03 0daa | eb03 0caa | 6b01 0aca | 6bfd 56d3 | 4b01 00b4 
  0x0000000117f0ce40: 2c01 00b4 | 4afd 49d3 | 0b00 98d2 | 4ba3 a3f2 | 2b00 c0f2 | 6001 0a8b | 0a00 c039 | 5f09 0071 
  0x0000000117f0ce60: 61e3 0054 | cdfc ff17 | 4117 8012 | fd03 17aa | e203 00f9 | f52b 0129 | ed0b 00f9 

  0x0000000117f0ce7c: ; ImmutableOopMap {rfp=Oop [0]=Oop [16]=Oop }
                      ;*if_icmpne {reexecute=1 rethrow=0 return_oop=0}
                      ; - (reexecute) sun.awt.AppContext::getAppContext@7 (line 290)
                      ; - java.awt.Component::dispatchEventImpl@15 (line 4886)
                      ;   {runtime_call UncommonTrapBlob}
  0x0000000117f0ce7c: 4168 c097 

  0x0000000117f0ce80: ;   {other}
  0x0000000117f0ce80: 1f20 03d5 | 1fde 89f2 | 1fc0 8af2 | 4117 8012 | fd03 17aa | f803 00f9 | f50b 00b9 | ed2b 01a9 
  0x0000000117f0cea0: ; ImmutableOopMap {rfp=Oop [0]=Oop [16]=Oop [24]=Oop }
                      ;*ifnonnull {reexecute=1 rethrow=0 return_oop=0}
                      ; - (reexecute) jdk.internal.logger.SimpleConsoleLogger::effectiveLevel@4 (line 164)
                      ; - jdk.internal.logger.SimpleConsoleLogger::isLoggable@1 (line 132)
                      ; - jdk.internal.logger.AbstractLoggerWrapper::isLoggable@20 (line 124)
                      ; - sun.util.logging.PlatformLogger::isLoggable@17 (line 340)
                      ; - java.awt.Component::dispatchEventImpl@57 (line 4892)
                      ;   {runtime_call UncommonTrapBlob}
  0x0000000117f0cea0: 3868 c097 

  0x0000000117f0cea4: ;   {other}
  0x0000000117f0cea4: 1f20 03d5 | 9fe2 89f2 | 1fe0 8af2 | 4117 8012 | fd03 17aa | e203 00f9 | f50b 00b9 | ed0f 00f9 
  0x0000000117f0cec4: ; ImmutableOopMap {rfp=Oop [0]=Oop [24]=Oop }
                      ;*ifnull {reexecute=1 rethrow=0 return_oop=0}
                      ; - (reexecute) java.awt.Component::dispatchEventImpl@11 (line 4886)
                      ;   {runtime_call UncommonTrapBlob}
  0x0000000117f0cec4: 2f68 c097 

  0x0000000117f0cec8: ;   {other}
  0x0000000117f0cec8: 1f20 03d5 | 1fe7 89f2 | 1f00 8bf2 | 4117 8012 | fd03 17aa | e203 00f9 | f50b 00b9 | ed2f 01a9 
  0x0000000117f0cee8: ; ImmutableOopMap {rfp=Oop [0]=Oop [16]=Oop [24]=Oop }
                      ;*ifnull {reexecute=1 rethrow=0 return_oop=0}
                      ; - (reexecute) sun.awt.AppContext::getAppContext@13 (line 290)
                      ; - java.awt.Component::dispatchEventImpl@15 (line 4886)
                      ;   {runtime_call UncommonTrapBlob}
  0x0000000117f0cee8: 2668 c097 

  0x0000000117f0ceec: ;   {other}
  0x0000000117f0ceec: 1f20 03d5 | 9feb 89f2 | 1f20 8bf2 | 1132 0091 | 0032 0091 | 21fe df88 | 2b78 1f12 | e803 01aa 
  0x0000000117f0cf0c: 0bfc e888 | 1f01 016b | e217 9f1a 

  0x0000000117f0cf18: ; ImmutableOopMap {r16=Oop c_rarg0=Derived_oop_r16 r17=Derived_oop_r16 r23=Oop rlocals=Oop }
                      ;*ifeq {reexecute=1 rethrow=0 return_oop=0}
                      ; - (reexecute) jdk.internal.misc.Unsafe::getAndBitwiseAndInt@21 (line 3233)
                      ; - java.util.concurrent.locks.AbstractQueuedSynchronizer$Node::getAndUnsetStatus@10 (line 481)
                      ; - java.util.concurrent.locks.AbstractQueuedSynchronizer::signalNext@22 (line 644)
                      ; - java.util.concurrent.locks.AbstractQueuedSynchronizer::release@12 (line 1094)
                      ; - java.util.concurrent.locks.ReentrantLock::unlock@5 (line 494)
                      ; - java.awt.EventQueue::setCurrentEventAndMostRecentTimeImpl@168 (line 1305)
                      ; - java.awt.EventQueue::setCurrentEventAndMostRecentTime@4 (line 1267)
                      ; - java.awt.Component::dispatchEventImpl@88 (line 4901)
  0x0000000117f0cf18: 832f 42f9 

  0x0000000117f0cf1c: ;   {poll}
  0x0000000117f0cf1c: 7f00 40b9 | 02ff ff34 | faf5 ff17 | aa71 0091 | 4bfd df88 | 61f1 7dd3 

  0x0000000117f0cf34: ; ImmutableOopMap {rfp=Oop [0]=Oop [16]=Oop [32]=Oop [40]=Oop }
                      ;*invokestatic convert {reexecute=0 rethrow=0 return_oop=1}
                      ; - jdk.internal.logger.LazyLoggers$LazyLoggerAccessor::platform@87 (line 215)
                      ; - jdk.internal.logger.LazyLoggers$LazyLoggerWrapper::platformProxy@4 (line 337)
                      ; - jdk.internal.logger.AbstractLoggerWrapper::isLoggable@1 (line 122)
                      ; - sun.util.logging.PlatformLogger::isLoggable@17 (line 340)
                      ; - java.awt.KeyboardFocusManager::retargetFocusEvent@18 (line 2911)
                      ; - java.awt.Component::dispatchEventImpl@121 (line 4918)
                      ;   {static_call}
  0x0000000117f0cf34: 134e c097 

  0x0000000117f0cf38: ;   {other}
  0x0000000117f0cf38: 1f20 03d5 | 1ff5 89f2 | 1f60 8bf2 | 8a03 c139 | f303 00aa | 2adf 0035 | ed17 40f9 | ec03 13aa 
  0x0000000117f0cf58: 8bfd 43d3 | aa81 0091 | 4bfd 9f88 | ea03 0daa | eb03 0caa | 6b01 0aca | 6bfd 56d3 | 4b01 00b4 
  0x0000000117f0cf78: 2c01 00b4 | 4afd 49d3 | 0b00 98d2 | 4ba3 a3f2 | 2b00 c0f2 | 6001 0a8b | 0a00 c039 | 5f09 0071 
  0x0000000117f0cf98: 41de 0054 | 1efd ff17 | eb03 00f9 | eb13 40b9 | 0117 8012 | fd03 0daa | eb0b 00b9 

  0x0000000117f0cfb4: ; ImmutableOopMap {rfp=Oop [0]=Oop [32]=Oop [40]=Oop }
                      ;*ifeq {reexecute=1 rethrow=0 return_oop=0}
                      ; - (reexecute) java.awt.Component::dispatchEventImpl@327 (line 4980)
                      ;   {runtime_call UncommonTrapBlob}
  0x0000000117f0cfb4: f367 c097 

  0x0000000117f0cfb8: ;   {other}
  0x0000000117f0cfb8: 1f20 03d5 | 1f05 8af2 | 1f80 8bf2 | e103 00aa | e21b 40f9 | e9ff 9fd2 | e9ff bff2 | e9ff dff2 
  0x0000000117f0cfd8: ; ImmutableOopMap {[8]=Oop [32]=Oop [40]=Oop [48]=Oop }
                      ;*invokevirtual dispatchEvent {reexecute=0 rethrow=0 return_oop=0}
                      ; - java.awt.Component::dispatchEventImpl@365 (line 4991)
                      ;   {virtual_call}
  0x0000000117f0cfd8: 2a4d c097 

  0x0000000117f0cfdc: ;   {other}
  0x0000000117f0cfdc: 1f20 03d5 | 9f09 8af2 | 1fa0 8bf2 | eb1b 40f9 | b8f1 ff17 | 0117 8012 | fd03 17aa | f50b 00b9 
  0x0000000117f0cffc: f12b 01a9 

  0x0000000117f0d000: ; ImmutableOopMap {rfp=Oop [0]=Oop [16]=Oop [24]=Oop }
                      ;*ifnonnull {reexecute=1 rethrow=0 return_oop=0}
                      ; - (reexecute) jdk.internal.logger.SimpleConsoleLogger::effectiveLevel@4 (line 164)
                      ; - jdk.internal.logger.SimpleConsoleLogger::isLoggable@1 (line 132)
                      ; - jdk.internal.logger.AbstractLoggerWrapper::isLoggable@20 (line 124)
                      ; - sun.util.logging.PlatformLogger::isLoggable@17 (line 340)
                      ; - java.awt.Component::dispatchEventImpl@154 (line 4931)
                      ;   {runtime_call UncommonTrapBlob}
  0x0000000117f0d000: e067 c097 

  0x0000000117f0d004: ;   {other}
  0x0000000117f0d004: 1f20 03d5 | 9f0e 8af2 | 1fc0 8bf2 | 0117 8012 | fd03 17aa | f50b 00b9 | ef0b 00f9 | f113 00f9 
  0x0000000117f0d024: ; ImmutableOopMap {rfp=Oop [0]=Oop [16]=Oop [32]=Oop }
                      ;*ifnonnull {reexecute=1 rethrow=0 return_oop=0}
                      ; - (reexecute) jdk.internal.logger.AbstractLoggerWrapper::isLoggable@6 (line 123)
                      ; - sun.util.logging.PlatformLogger::isLoggable@17 (line 340)
                      ; - java.awt.Component::dispatchEventImpl@154 (line 4931)
                      ;   {runtime_call UncommonTrapBlob}
  0x0000000117f0d024: d767 c097 

  0x0000000117f0d028: ;   {other}
  0x0000000117f0d028: 1f20 03d5 | 1f13 8af2 | 1fe0 8bf2 | 0117 8012 | fd03 17aa | f503 0129 

  0x0000000117f0d040: ; ImmutableOopMap {rfp=Oop [0]=Oop }
                      ;*ifeq {reexecute=1 rethrow=0 return_oop=0}
                      ; - (reexecute) java.awt.Component::dispatchEventImpl@157 (line 4931)
                      ;   {runtime_call UncommonTrapBlob}
  0x0000000117f0d040: d067 c097 

  0x0000000117f0d044: ;   {other}
  0x0000000117f0d044: 1f20 03d5 | 9f16 8af2 | 1f00 8cf2 | e103 13aa | e21b 40f9 | e9ff 9fd2 | e9ff bff2 | e9ff dff2 
  0x0000000117f0d064: ; ImmutableOopMap {[8]=Oop [32]=Oop [40]=Oop [48]=Oop }
                      ;*invokeinterface dispatchEvent {reexecute=0 rethrow=0 return_oop=0}
                      ; - sun.awt.im.InputContext::dispatchEvent@167 (line 263)
                      ; - sun.awt.im.InputMethodContext::dispatchEvent@58 (line 197)
                      ; - java.awt.Component::dispatchEventImpl@365 (line 4991)
                      ;   {virtual_call}
  0x0000000117f0d064: 074d c097 

  0x0000000117f0d068: ;   {other}
  0x0000000117f0d068: 1f20 03d5 | 1f1b 8af2 | 1f20 8cf2 | eb1b 40f9 | 95f1 ff17 | f403 00f9 | e103 14aa | e243 0291 
  0x0000000117f0d088: ; ImmutableOopMap {[0]=Oop [8]=Oop [32]=Oop [40]=Oop [48]=Oop }
                      ;*synchronization entry
                      ; - sun.awt.im.InputContext::getInputMethod@-1 (line 800)
                      ; - sun.awt.im.InputContext::dispatchEvent@47 (line 240)
                      ; - sun.awt.im.InputMethodContext::dispatchEvent@58 (line 197)
                      ; - java.awt.Component::dispatchEventImpl@365 (line 4991)
                      ;   {runtime_call _complete_monitor_locking_Java}
  0x0000000117f0d088: bed3 c397 

  0x0000000117f0d08c: ;   {other}
  0x0000000117f0d08c: 1f20 03d5 | 9f1f 8af2 | 1f40 8cf2 | f403 40f9 | 57f1 ff17 | e143 0291 | e203 1caa | e003 14aa 
  0x0000000117f0d0ac: c900 0010 | 89d7 01f9 

  0x0000000117f0d0b4: ;   {runtime_call SharedRuntime::complete_monitor_unlocking_C(oopDesc*, BasicLock*, JavaThread*)}
  0x0000000117f0d0b4: 8852 8ad2 | c858 a1f2 | 2800 c0f2 | 0001 3fd6 

  0x0000000117f0d0c4: ;   {other}
  0x0000000117f0d0c4: 1f20 03d5 | 1f00 80f2 | 1f00 80f2 | 69f1 ff17 | fd07 40f9 | ea13 40b9 | 0117 8012 | ea0b 00b9 
  0x0000000117f0d0e4: ; ImmutableOopMap {rfp=Oop [32]=Oop [40]=Oop [48]=Oop }
                      ;*ifeq {reexecute=1 rethrow=0 return_oop=0}
                      ; - (reexecute) sun.awt.im.InputContext::dispatchEvent@162 (line 262)
                      ; - sun.awt.im.InputMethodContext::dispatchEvent@58 (line 197)
                      ; - java.awt.Component::dispatchEventImpl@365 (line 4991)
                      ;   {runtime_call UncommonTrapBlob}
  0x0000000117f0d0e4: a767 c097 

  0x0000000117f0d0e8: ;   {other}
  0x0000000117f0d0e8: 1f20 03d5 | 1f2b 8af2 | 1f60 8cf2 | fd03 40f9 | ea0f 40f9 | ea03 00f9 | ea13 40b9 | 0117 8012 
  0x0000000117f0d108: ea03 0129 

  0x0000000117f0d10c: ; ImmutableOopMap {rfp=Oop [0]=Oop [32]=Oop [40]=Oop }
                      ;*ifne {reexecute=1 rethrow=0 return_oop=0}
                      ; - (reexecute) java.awt.Component::dispatchEventImpl@287 (line 4962)
                      ;   {runtime_call UncommonTrapBlob}
  0x0000000117f0d10c: 9d67 c097 

  0x0000000117f0d110: ;   {other}
  0x0000000117f0d110: 1f20 03d5 | 1f30 8af2 | 1f80 8cf2 | fd03 40f9 | eb0b 40b9 | eb03 00b9 | eb0b 40f9 | eb07 00f9 
  0x0000000117f0d130: eb13 40f9 | 0117 8012 | eb33 01a9 | ea13 00f9 

  0x0000000117f0d140: ; ImmutableOopMap {rfp=Oop [8]=Oop [16]=Oop [24]=Oop [32]=Oop }
                      ;*ifnonnull {reexecute=1 rethrow=0 return_oop=0}
                      ; - (reexecute) jdk.internal.logger.SimpleConsoleLogger::effectiveLevel@4 (line 164)
                      ; - jdk.internal.logger.SimpleConsoleLogger::isLoggable@1 (line 132)
                      ; - jdk.internal.logger.AbstractLoggerWrapper::isLoggable@20 (line 124)
                      ; - sun.util.logging.PlatformLogger::isLoggable@17 (line 340)
                      ; - java.awt.KeyboardFocusManager::retargetFocusEvent@18 (line 2911)
                      ; - java.awt.Component::dispatchEventImpl@121 (line 4918)
                      ;   {runtime_call UncommonTrapBlob}
  0x0000000117f0d140: 9067 c097 

  0x0000000117f0d144: ;   {other}
  0x0000000117f0d144: 1f20 03d5 | 9f36 8af2 | 1fa0 8cf2 | 0117 8012 | fd03 17aa | f303 00f9 | f50b 00b9 | f85b 01a9 
  0x0000000117f0d164: ; ImmutableOopMap {rfp=Oop [0]=Oop [16]=Oop [24]=Oop }
                      ;*ifnonnull {reexecute=1 rethrow=0 return_oop=0}
                      ; - (reexecute) java.awt.Toolkit::getDefaultToolkit@3 (line 594)
                      ; - java.awt.Component::dispatchEventImpl@272 (line 4954)
                      ;   {runtime_call UncommonTrapBlob}
  0x0000000117f0d164: 8767 c097 

  0x0000000117f0d168: ;   {other}
  0x0000000117f0d168: 1f20 03d5 | 1f3b 8af2 | 1fc0 8cf2 | ea0f 40f9 | ea03 00f9 | ea13 40b9 | 0117 8012 | fd03 0daa 
  0x0000000117f0d188: ea33 0129 

  0x0000000117f0d18c: ; ImmutableOopMap {rfp=Oop [0]=Oop [32]=Oop [40]=Oop }
                      ;*ifeq {reexecute=1 rethrow=0 return_oop=0}
                      ; - (reexecute) java.awt.Component::areInputMethodsEnabled@3 (line 5209)
                      ; - java.awt.Component::dispatchEventImpl@317 (line 4975)
                      ;   {runtime_call UncommonTrapBlob}
  0x0000000117f0d18c: 7d67 c097 

  0x0000000117f0d190: ;   {other}
  0x0000000117f0d190: 1f20 03d5 | 1f40 8af2 | 1fe0 8cf2 | 0117 8012 | fd03 0daa | eb03 00f9 | ea3b 0129 

  0x0000000117f0d1ac: ; ImmutableOopMap {rfp=Oop [0]=Oop [32]=Oop [40]=Oop }
                      ;*ifeq {reexecute=1 rethrow=0 return_oop=0}
                      ; - (reexecute) java.awt.Component::dispatchEventImpl@539 (line 5043)
                      ;   {runtime_call UncommonTrapBlob}
  0x0000000117f0d1ac: 7567 c097 

  0x0000000117f0d1b0: ;   {other}
  0x0000000117f0d1b0: 1f20 03d5 | 1f44 8af2 | 1f00 8df2 | ea07 40f9 | 0117 8012 | fd03 0daa | ea03 00f9 | eb0f 00f9 
  0x0000000117f0d1d0: ; ImmutableOopMap {rfp=Oop [0]=Oop [24]=Oop [32]=Oop [40]=Oop }
                      ;*ifnull {reexecute=1 rethrow=0 return_oop=0}
                      ; - (reexecute) java.awt.Component::dispatchEventImpl@796 (line 5114)
                      ;   {runtime_call UncommonTrapBlob}
  0x0000000117f0d1d0: 6c67 c097 

  0x0000000117f0d1d4: ;   {other}
  0x0000000117f0d1d4: 1f20 03d5 | 9f48 8af2 | 1f20 8df2 | 0117 8012 | fd03 0a2a 

  0x0000000117f0d1e8: ; ImmutableOopMap {}
                      ;*ifeq {reexecute=1 rethrow=0 return_oop=0}
                      ; - (reexecute) java.awt.Component::dispatchEventImpl@807 (line 5118)
                      ;   {runtime_call UncommonTrapBlob}
  0x0000000117f0d1e8: 6667 c097 

  0x0000000117f0d1ec: ;   {other}
  0x0000000117f0d1ec: 1f20 03d5 | 9f4b 8af2 | 1f40 8df2 | 0117 8012 | fd03 17aa | f52b 0029 | f807 00f9 

  0x0000000117f0d208: ; ImmutableOopMap {rfp=Oop [8]=Oop }
                      ;*ifeq {reexecute=1 rethrow=0 return_oop=0}
                      ; - (reexecute) java.awt.KeyboardFocusManager::retargetFocusEvent@3 (line 2906)
                      ; - java.awt.Component::dispatchEventImpl@121 (line 4918)
                      ;   {runtime_call UncommonTrapBlob}
  0x0000000117f0d208: 5e67 c097 

  0x0000000117f0d20c: ;   {other}
  0x0000000117f0d20c: 1f20 03d5 | 9f4f 8af2 | 1f60 8df2 | fd03 40f9 | ea0b 40b9 | ea03 00b9 | ea0b 40f9 | 0117 8012 
  0x0000000117f0d22c: e007 00b9 | ea07 00f9 

  0x0000000117f0d234: ; ImmutableOopMap {rfp=Oop [8]=Oop [32]=Oop }
                      ;*ifeq {reexecute=1 rethrow=0 return_oop=0}
                      ; - (reexecute) java.awt.KeyboardFocusManager::retargetFocusEvent@21 (line 2911)
                      ; - java.awt.Component::dispatchEventImpl@121 (line 4918)
                      ;   {runtime_call UncommonTrapBlob}
  0x0000000117f0d234: 5367 c097 

  0x0000000117f0d238: ;   {other}
  0x0000000117f0d238: 1f20 03d5 | 1f55 8af2 | 1f80 8df2 | eb0b 40b9 | ea0b 40f9 | ea07 00f9 | fd03 40f9 | ea13 40f9 
  0x0000000117f0d258: 0117 8012 | eb03 00b9 | ea37 01a9 | ec17 00f9 

  0x0000000117f0d268: ; ImmutableOopMap {rfp=Oop [8]=Oop [16]=Oop [24]=Oop [40]=Oop }
                      ;*ifnonnull {reexecute=1 rethrow=0 return_oop=0}
                      ; - (reexecute) jdk.internal.logger.AbstractLoggerWrapper::isLoggable@6 (line 123)
                      ; - sun.util.logging.PlatformLogger::isLoggable@17 (line 340)
                      ; - java.awt.KeyboardFocusManager::retargetFocusEvent@18 (line 2911)
                      ; - java.awt.Component::dispatchEventImpl@121 (line 4918)
                      ;   {runtime_call UncommonTrapBlob}
  0x0000000117f0d268: 4667 c097 

  0x0000000117f0d26c: ;   {other}
  0x0000000117f0d26c: 1f20 03d5 | 9f5b 8af2 | 1fa0 8df2 | fd03 40f9 | eb0b 40b9 | eb03 00b9 | eb0b 40f9 | eb07 00f9 
  0x0000000117f0d28c: eb13 40f9 | 0117 8012 | eb0b 00f9 | ea3b 02a9 

  0x0000000117f0d29c: ; ImmutableOopMap {rfp=Oop [8]=Oop [16]=Oop [32]=Oop [40]=Oop }
                      ;*ifnull {reexecute=1 rethrow=0 return_oop=0}
                      ; - (reexecute) java.awt.KeyboardFocusManager::retargetFocusEvent@129 (line 2933)
                      ; - java.awt.Component::dispatchEventImpl@121 (line 4918)
                      ;   {runtime_call UncommonTrapBlob}
  0x0000000117f0d29c: 3967 c097 

  0x0000000117f0d2a0: ;   {other}
  0x0000000117f0d2a0: 1f20 03d5 | 1f62 8af2 | 1fc0 8df2 | e17b 1a32 | fd07 40f9 

  0x0000000117f0d2b4: ; ImmutableOopMap {rfp=Oop }
                      ;*checkcast {reexecute=0 rethrow=0 return_oop=0}
                      ; - java.awt.Component::dispatchEventImpl@211 (line 4941)
                      ;   {runtime_call UncommonTrapBlob}
  0x0000000117f0d2b4: 3367 c097 

  0x0000000117f0d2b8: ;   {other}
  0x0000000117f0d2b8: 1f20 03d5 | 1f65 8af2 | 1fe0 8df2 | ed0b 00f9 | ee2b 0329 | fd03 0baa | e103 0faa 

  0x0000000117f0d2d4: ;   {oop(a 'sun/util/logging/PlatformLogger$Level'{0x0000000300a3cb38})}
  0x0000000117f0d2d4: 0267 99d2 | 6214 a0f2 | 6200 c0f2 | e9ff 9fd2 | e9ff bff2 | e9ff dff2 

  0x0000000117f0d2ec: ; ImmutableOopMap {rfp=Oop [8]=Oop [16]=Oop }
                      ;*invokeinterface isLoggable {reexecute=0 rethrow=0 return_oop=0}
                      ; - sun.util.logging.PlatformLogger::isLoggable@17 (line 340)
                      ; - java.awt.Component::dispatchMouseWheelToAncestor@26 (line 5147)
                      ; - java.awt.Component::dispatchEventImpl@214 (line 4942)
                      ;   {virtual_call}
  0x0000000117f0d2ec: 654c c097 

  0x0000000117f0d2f0: ;   {other}
  0x0000000117f0d2f0: 1f20 03d5 | 1f6c 8af2 | 1f00 8ef2 | eb03 1daa | ed0b 40f9 | ee2b 4329 | 7ef1 ff17 | ed3f 01a9 
  0x0000000117f0d310: ee2b 0429 | fd03 0baa | e103 11aa | e9ff 9fd2 | e9ff bff2 | e9ff dff2 

  0x0000000117f0d328: ; ImmutableOopMap {rfp=Oop [8]=Oop [16]=Oop [24]=Oop }
                      ;*invokeinterface platform {reexecute=0 rethrow=0 return_oop=1}
                      ; - jdk.internal.logger.LazyLoggers$LazyLoggerWrapper::platformProxy@4 (line 337)
                      ; - jdk.internal.logger.AbstractLoggerWrapper::isLoggable@1 (line 122)
                      ; - sun.util.logging.PlatformLogger::isLoggable@17 (line 340)
                      ; - java.awt.Component::dispatchMouseWheelToAncestor@26 (line 5147)
                      ; - java.awt.Component::dispatchEventImpl@214 (line 4942)
                      ;   {virtual_call}
  0x0000000117f0d328: 564c c097 

  0x0000000117f0d32c: ;   {other}
  0x0000000117f0d32c: 1f20 03d5 | 9f73 8af2 | 1f20 8ef2 | eb03 1daa | ed3f 41a9 | ee2b 4429 | ec03 00aa | 63f1 ff17 
  0x0000000117f0d34c: ed0b 00f9 | ee2b 0329 | fd03 0baa | e103 0caa 

  0x0000000117f0d35c: ;   {oop(a 'sun/util/logging/PlatformLogger$Level'{0x0000000300a3cb38})}
  0x0000000117f0d35c: 0267 99d2 | 6214 a0f2 | 6200 c0f2 | e9ff 9fd2 | e9ff bff2 | e9ff dff2 

  0x0000000117f0d374: ; ImmutableOopMap {rfp=Oop [8]=Oop [16]=Oop }
                      ;*invokeinterface isLoggable {reexecute=0 rethrow=0 return_oop=0}
                      ; - jdk.internal.logger.AbstractLoggerWrapper::isLoggable@20 (line 124)
                      ; - sun.util.logging.PlatformLogger::isLoggable@17 (line 340)
                      ; - java.awt.Component::dispatchMouseWheelToAncestor@26 (line 5147)
                      ; - java.awt.Component::dispatchEventImpl@214 (line 4942)
                      ;   {virtual_call}
  0x0000000117f0d374: 434c c097 

  0x0000000117f0d378: ;   {other}
  0x0000000117f0d378: 1f20 03d5 | 1f7d 8af2 | 1f40 8ef2 | eb03 1daa | ed0b 40f9 | ee2b 4329 | 5cf1 ff17 | fd03 0baa 
  0x0000000117f0d398: e103 0eaa 

  0x0000000117f0d39c: ;   {oop(a 'sun/util/logging/PlatformLogger$Level'{0x0000000300a3cb38})}
  0x0000000117f0d39c: 0267 99d2 | 6214 a0f2 | 6200 c0f2 | e9ff 9fd2 | e9ff bff2 | e9ff dff2 

  0x0000000117f0d3b4: ; ImmutableOopMap {rfp=Oop [8]=Oop [16]=Oop [24]=Oop }
                      ;*invokeinterface isLoggable {reexecute=0 rethrow=0 return_oop=0}
                      ; - sun.util.logging.PlatformLogger::isLoggable@17 (line 340)
                      ; - java.awt.Component::dispatchMouseWheelToAncestor@130 (line 5170)
                      ; - java.awt.Component::dispatchEventImpl@214 (line 4942)
                      ;   {virtual_call}
  0x0000000117f0d3b4: 334c c097 

  0x0000000117f0d3b8: ;   {other}
  0x0000000117f0d3b8: 1f20 03d5 | 1f85 8af2 | 1f60 8ef2 | e007 00b9 | eb03 1daa | b5f1 ff17 | ee13 00f9 | fd03 0baa 
  0x0000000117f0d3d8: e103 0faa | e9ff 9fd2 | e9ff bff2 | e9ff dff2 

  0x0000000117f0d3e8: ; ImmutableOopMap {rfp=Oop [8]=Oop [16]=Oop [24]=Oop [32]=Oop }
                      ;*invokeinterface platform {reexecute=0 rethrow=0 return_oop=1}
                      ; - jdk.internal.logger.LazyLoggers$LazyLoggerWrapper::platformProxy@4 (line 337)
                      ; - jdk.internal.logger.AbstractLoggerWrapper::isLoggable@1 (line 122)
                      ; - sun.util.logging.PlatformLogger::isLoggable@17 (line 340)
                      ; - java.awt.Component::dispatchMouseWheelToAncestor@130 (line 5170)
                      ; - java.awt.Component::dispatchEventImpl@214 (line 4942)
                      ;   {virtual_call}
  0x0000000117f0d3e8: 264c c097 

  0x0000000117f0d3ec: ;   {other}
  0x0000000117f0d3ec: 1f20 03d5 | 9f8b 8af2 | 1f80 8ef2 | eb03 1daa | ee13 40f9 | ea03 00aa | 9df1 ff17 | fd03 0baa 
  0x0000000117f0d40c: e103 0aaa 

  0x0000000117f0d410: ;   {oop(a 'sun/util/logging/PlatformLogger$Level'{0x0000000300a3cb38})}
  0x0000000117f0d410: 0267 99d2 | 6214 a0f2 | 6200 c0f2 | e9ff 9fd2 | e9ff bff2 | e9ff dff2 

  0x0000000117f0d428: ; ImmutableOopMap {rfp=Oop [8]=Oop [16]=Oop [24]=Oop }
                      ;*invokeinterface isLoggable {reexecute=0 rethrow=0 return_oop=0}
                      ; - jdk.internal.logger.AbstractLoggerWrapper::isLoggable@20 (line 124)
                      ; - sun.util.logging.PlatformLogger::isLoggable@17 (line 340)
                      ; - java.awt.Component::dispatchMouseWheelToAncestor@130 (line 5170)
                      ; - java.awt.Component::dispatchEventImpl@214 (line 4942)
                      ;   {virtual_call}
  0x0000000117f0d428: 164c c097 

  0x0000000117f0d42c: ;   {other}
  0x0000000117f0d42c: 1f20 03d5 | 9f93 8af2 | 1fa0 8ef2 | e007 00b9 | eb03 1daa | 98f1 ff17 | 5ff9 0a71 | 4a02 0054 
  0x0000000117f0d44c: 4b69 0951 | 7f8d 0171 | 833f fe54 | eb0f 40f9 | eb03 00f9 | eb13 40f9 | ec3f 40b9 | e177 1832 
  0x0000000117f0d46c: eb0f 00f9 | f417 00f9 | ec33 00b9 | f427 00f9 | ea83 00b9 

  0x0000000117f0d480: ; ImmutableOopMap {[0]=Oop [8]=Oop [16]=Oop [24]=Oop [40]=Oop [72]=Oop }
                      ;*lookupswitch {reexecute=1 rethrow=0 return_oop=0}
                      ; - (reexecute) java.awt.AWTEvent::<init>@28 (line 327)
                      ; - java.awt.event.ComponentEvent::<init>@3 (line 122)
                      ; - java.awt.event.InputEvent::<init>@3 (line 381)
                      ; - java.awt.event.MouseEvent::<init>@6 (line 759)
                      ; - java.awt.event.MouseWheelEvent::<init>@19 (line 302)
                      ; - java.awt.Component::dispatchMouseWheelToAncestor@221 (line 5191)
                      ; - java.awt.Component::dispatchEventImpl@214 (line 4942)
                      ;   {runtime_call UncommonTrapBlob}
  0x0000000117f0d480: c066 c097 

  0x0000000117f0d484: ;   {other}
  0x0000000117f0d484: 1f20 03d5 | 9f9e 8af2 | 1fc0 8ef2 | 5f0d 0e71 | 8d3d fe54 | 4b15 0e51 | 7f91 0171 | 233d fe54 
  0x0000000117f0d4a4: eb0f 40f9 | eb03 00f9 | eb13 40f9 | eb0f 00f9 | eb3f 40b9 | e177 1832 | f417 00f9 | eb33 00b9 
  0x0000000117f0d4c4: f427 00f9 | ea83 00b9 

  0x0000000117f0d4cc: ; ImmutableOopMap {[0]=Oop [8]=Oop [16]=Oop [24]=Oop [40]=Oop [72]=Oop }
                      ;*lookupswitch {reexecute=1 rethrow=0 return_oop=0}
                      ; - (reexecute) java.awt.AWTEvent::<init>@28 (line 327)
                      ; - java.awt.event.ComponentEvent::<init>@3 (line 122)
                      ; - java.awt.event.InputEvent::<init>@3 (line 381)
                      ; - java.awt.event.MouseEvent::<init>@6 (line 759)
                      ; - java.awt.event.MouseWheelEvent::<init>@19 (line 302)
                      ; - java.awt.Component::dispatchMouseWheelToAncestor@221 (line 5191)
                      ; - java.awt.Component::dispatchEventImpl@214 (line 4942)
                      ;   {runtime_call UncommonTrapBlob}
  0x0000000117f0d4cc: ad66 c097 

  0x0000000117f0d4d0: ;   {other}
  0x0000000117f0d4d0: 1f20 03d5 | 1fa8 8af2 | 1fe0 8ef2 | f403 00f9 | ed0b 00f9 | fd03 15aa | e103 0daa | e203 15aa 
  0x0000000117f0d4f0: e9ff 9fd2 | e9ff bff2 | e9ff dff2 

  0x0000000117f0d4fc: ; ImmutableOopMap {rfp=Oop [0]=Oop [8]=Oop [16]=Oop [24]=Oop [32]=Oop }
                      ;*invokeinterface canAccessSystemClipboard {reexecute=0 rethrow=0 return_oop=0}
                      ; - java.awt.AWTEvent::copyPrivateDataInto@31 (line 588)
                      ; - java.awt.Component::dispatchMouseWheelToAncestor@229 (line 5192)
                      ; - java.awt.Component::dispatchEventImpl@214 (line 4942)
                      ;   {virtual_call}
  0x0000000117f0d4fc: e14b c097 

  0x0000000117f0d500: ;   {other}
  0x0000000117f0d500: 1f20 03d5 | 1fae 8af2 | 1f00 8ff2 | f503 1daa | f403 40f9 | ed0b 40f9 | ec03 002a | 0cf2 ff17 
  0x0000000117f0d520: f403 00f9 | fd03 15aa | e103 0daa | e203 14aa | e303 0c2a | e9ff 9fd2 | e9ff bff2 | e9ff dff2 
  0x0000000117f0d540: ; ImmutableOopMap {rfp=Oop [0]=Oop [8]=Oop [24]=Oop [32]=Oop }
                      ;*invokeinterface setCanAccessSystemClipboard {reexecute=0 rethrow=0 return_oop=0}
                      ; - java.awt.AWTEvent::copyPrivateDataInto@43 (line 589)
                      ; - java.awt.Component::dispatchMouseWheelToAncestor@229 (line 5192)
                      ; - java.awt.Component::dispatchEventImpl@214 (line 4942)
                      ;   {virtual_call}
  0x0000000117f0d540: d04b c097 

  0x0000000117f0d544: ;   {other}
  0x0000000117f0d544: 1f20 03d5 | 9fb6 8af2 | 1f20 8ff2 | f503 1daa | 05f2 ff17 | 0117 8012 | fd03 002a 

  0x0000000117f0d560: ; ImmutableOopMap {}
                      ;*ifeq {reexecute=1 rethrow=0 return_oop=0}
                      ; - (reexecute) java.awt.Component::dispatchEventImpl@312 (line 4966)
                      ;   {runtime_call UncommonTrapBlob}
  0x0000000117f0d560: 8866 c097 

  0x0000000117f0d564: ;   {other}
  0x0000000117f0d564: 1f20 03d5 | 9fba 8af2 | 1f40 8ff2 | ee1b 00b9 | ed0b 00f9 | fd03 0baa | ea1f 00b9 | e243 0291 
  0x0000000117f0d584: ;   {oop(a 'java/awt/Component$AWTTreeLock'{0x00000003010338d0})}
  0x0000000117f0d584: 011a 87d2 | 6120 a0f2 | 6100 c0f2 

  0x0000000117f0d590: ; ImmutableOopMap {rfp=Oop [8]=Oop [16]=Oop }
                      ;*monitorenter {reexecute=0 rethrow=0 return_oop=0}
                      ; - java.awt.Component::dispatchMouseWheelToAncestor@69 (line 5155)
                      ; - java.awt.Component::dispatchEventImpl@214 (line 4942)
                      ;   {runtime_call _complete_monitor_locking_Java}
  0x0000000117f0d590: 7cd2 c397 

  0x0000000117f0d594: ;   {other}
  0x0000000117f0d594: 1f20 03d5 | 9fc0 8af2 | 1f60 8ff2 | eb03 1daa | ed0b 40f9 | ee2b 4329 | f9f0 ff17 | fd03 0daa 
  0x0000000117f0d5b4: ed07 40f9 | 2107 8012 | ed03 00f9 | ee2b 0229 | ec2f 02a9 

  0x0000000117f0d5c8: ; ImmutableOopMap {rfp=Oop [0]=Oop [32]=Oop [40]=Oop }
                      ;*invokevirtual eventEnabled {reexecute=0 rethrow=0 return_oop=0}
                      ; - java.awt.Component::dispatchMouseWheelToAncestor@84 (line 5157)
                      ; - java.awt.Component::dispatchEventImpl@214 (line 4942)
                      ;   {runtime_call UncommonTrapBlob}
  0x0000000117f0d5c8: 6e66 c097 

  0x0000000117f0d5cc: ;   {other}
  0x0000000117f0d5cc: 1f20 03d5 | 9fc7 8af2 | 1f80 8ff2 | fd07 40f9 | ec13 40b9 | 0117 8012 | ec2f 0129 

  0x0000000117f0d5e8: ; ImmutableOopMap {rfp=Oop [32]=Oop [40]=Oop [48]=Oop }
                      ;*ifne {reexecute=1 rethrow=0 return_oop=0}
                      ; - (reexecute) sun.awt.im.InputMethodContext::dispatchEvent@53 (line 196)
                      ; - java.awt.Component::dispatchEventImpl@365 (line 4991)
                      ;   {runtime_call UncommonTrapBlob}
  0x0000000117f0d5e8: 6666 c097 

  0x0000000117f0d5ec: ;   {other}
  0x0000000117f0d5ec: 1f20 03d5 | 9fcb 8af2 | 1fa0 8ff2 | 5f01 00f1 | fd07 9f1a | bda7 9d5a | ea13 40f9 | ea0f 00f9 
  0x0000000117f0d60c: ea17 40f9 | 0117 8012 | eb07 00f9 | ea13 00f9 

  0x0000000117f0d61c: ; ImmutableOopMap {[0]=Oop [8]=Oop [24]=Oop [32]=Oop }
                      ;*ifne {reexecute=1 rethrow=0 return_oop=0}
                      ; - (reexecute) java.awt.Component::areInputMethodsEnabled@31 (line 5213)
                      ; - java.awt.Component::dispatchEventImpl@317 (line 4975)
                      ;   {runtime_call UncommonTrapBlob}
  0x0000000117f0d61c: 5966 c097 

  0x0000000117f0d620: ;   {other}
  0x0000000117f0d620: 1f20 03d5 | 1fd2 8af2 | 1fc0 8ff2 | fd07 40f9 | ea13 40b9 | ea0b 00b9 | ea13 40f9 | ea0b 00f9 
  0x0000000117f0d640: ea17 40f9 | 0117 8012 | ea0f 00f9 | e017 00f9 

  0x0000000117f0d650: ; ImmutableOopMap {rfp=Oop [16]=Oop [24]=Oop [40]=Oop [48]=Oop }
                      ;*ifnull {reexecute=1 rethrow=0 return_oop=0}
                      ; - (reexecute) java.awt.Component::dispatchEventImpl@359 (line 4990)
                      ;   {runtime_call UncommonTrapBlob}
  0x0000000117f0d650: 4c66 c097 

  0x0000000117f0d654: ;   {other}
  0x0000000117f0d654: 1f20 03d5 | 9fd8 8af2 | 1fe0 8ff2 | 0117 8012 | fd03 0baa | e003 00b9 

  0x0000000117f0d66c: ; ImmutableOopMap {rfp=Oop }
                      ;*ifeq {reexecute=1 rethrow=0 return_oop=0}
                      ; - (reexecute) java.awt.Component::dispatchEventImpl@372 (line 4992)
                      ;   {runtime_call UncommonTrapBlob}
  0x0000000117f0d66c: 4566 c097 

  0x0000000117f0d670: ;   {other}
  0x0000000117f0d670: 1f20 03d5 | 1fdc 8af2 | 1f00 90f2 | aa71 0091 | 4afd df88 | 41f1 7dd3 

  0x0000000117f0d688: ; ImmutableOopMap {rfp=Oop [8]=Oop [16]=Oop [24]=Oop [40]=Oop }
                      ;*invokestatic convert {reexecute=0 rethrow=0 return_oop=1}
                      ; - jdk.internal.logger.LazyLoggers$LazyLoggerAccessor::platform@87 (line 215)
                      ; - jdk.internal.logger.LazyLoggers$LazyLoggerWrapper::platformProxy@4 (line 337)
                      ; - jdk.internal.logger.AbstractLoggerWrapper::isLoggable@1 (line 122)
                      ; - sun.util.logging.PlatformLogger::isLoggable@17 (line 340)
                      ; - java.awt.Component::dispatchMouseWheelToAncestor@26 (line 5147)
                      ; - java.awt.Component::dispatchEventImpl@214 (line 4942)
                      ;   {static_call}
  0x0000000117f0d688: 3e4c c097 

  0x0000000117f0d68c: ;   {other}
  0x0000000117f0d68c: 1f20 03d5 | 9fdf 8af2 | 1f20 90f2 | 8b03 c139 | f303 00aa | 2ba9 0035 | ed17 40f9 | ee03 13aa 
  0x0000000117f0d6ac: ccfd 43d3 | aa81 0091 | 4cfd 9f88 | ea03 0daa | eb03 0eaa | 6b01 0aca | 6bfd 56d3 | 4b01 00b4 
  0x0000000117f0d6cc: 2e01 00b4 | 4afd 49d3 | 0b00 98d2 | 4ba3 a3f2 | 2b00 c0f2 | 6001 0a8b | 0b00 c039 | 7f09 0071 
  0x0000000117f0d6ec: c1a9 0054 | eafb ff17 | aa71 0091 | 4bfd df88 | 61f1 7dd3 

  0x0000000117f0d700: ; ImmutableOopMap {rfp=Oop [8]=Oop [16]=Oop [24]=Oop [32]=Oop [40]=Oop }
                      ;*invokestatic convert {reexecute=0 rethrow=0 return_oop=1}
                      ; - jdk.internal.logger.LazyLoggers$LazyLoggerAccessor::platform@87 (line 215)
                      ; - jdk.internal.logger.LazyLoggers$LazyLoggerWrapper::platformProxy@4 (line 337)
                      ; - jdk.internal.logger.AbstractLoggerWrapper::isLoggable@1 (line 122)
                      ; - sun.util.logging.PlatformLogger::isLoggable@17 (line 340)
                      ; - java.awt.Component::dispatchMouseWheelToAncestor@130 (line 5170)
                      ; - java.awt.Component::dispatchEventImpl@214 (line 4942)
                      ;   {static_call}
  0x0000000117f0d700: 204c c097 

  0x0000000117f0d704: ;   {other}
  0x0000000117f0d704: 1f20 03d5 | 9fee 8af2 | 1f40 90f2 | 8a03 c139 | f303 00aa | eaa6 0035 | ed17 40f9 | ec03 13aa 
  0x0000000117f0d724: 8bfd 43d3 | aa81 0091 | 4bfd 9f88 | ea03 0daa | eb03 0caa | 6b01 0aca | 6bfd 56d3 | 4b01 00b4 
  0x0000000117f0d744: 2c01 00b4 | 4afd 49d3 | 0b00 98d2 | 4ba3 a3f2 | 2b00 c0f2 | 6001 0a8b | 0a00 c039 | 5f09 0071 
  0x0000000117f0d764: 21a9 0054 | 43fc ff17 | fd07 40f9 | ea13 40b9 | ea0b 00b9 | ea13 40f9 | ea0b 00f9 | ea17 40f9 
  0x0000000117f0d784: 0117 8012 | ea0f 00f9 | f317 00f9 

  0x0000000117f0d790: ; ImmutableOopMap {rfp=Oop [16]=Oop [24]=Oop [40]=Oop [48]=Oop }
                      ;*ifnull {reexecute=1 rethrow=0 return_oop=0}
                      ; - (reexecute) sun.awt.im.InputContext::dispatchEvent@155 (line 262)
                      ; - sun.awt.im.InputMethodContext::dispatchEvent@58 (line 197)
                      ; - java.awt.Component::dispatchEventImpl@365 (line 4991)
                      ;   {runtime_call UncommonTrapBlob}
  0x0000000117f0d790: fc65 c097 

  0x0000000117f0d794: ;   {other}
  0x0000000117f0d794: 1f20 03d5 | 9f00 8bf2 | 1f60 90f2 | 2101 8012 | fd03 17aa | f50b 00b9 | f843 01a9 

  0x0000000117f0d7b0: ; ImmutableOopMap {rfp=Oop [16]=Oop [24]=Oop }
                      ;*monitorenter {reexecute=0 rethrow=0 return_oop=0}
                      ; - sun.awt.AppContext::get@6 (line 607)
                      ; - sun.awt.SunToolkit::getSystemEventQueueImplPP@4 (line 1137)
                      ; - sun.awt.SunToolkit::getSystemEventQueueImplPP@3 (line 1132)
                      ; - sun.awt.SunToolkit::getSystemEventQueueImpl@0 (line 1127)
                      ; - java.awt.Toolkit::getEventQueue@3 (line 1500)
                      ; - java.awt.EventQueue::setCurrentEventAndMostRecentTime@0 (line 1267)
                      ; - java.awt.Component::dispatchEventImpl@88 (line 4901)
                      ;   {runtime_call UncommonTrapBlob}
  0x0000000117f0d7b0: f465 c097 

  0x0000000117f0d7b4: ;   {other}
  0x0000000117f0d7b4: 1f20 03d5 | 9f04 8bf2 | 1f80 90f2 | f703 00f9 | f53f 0129 | f90b 00f9 | ec37 0329 | f013 00f9 
  0x0000000117f0d7d4: fd03 18aa | e9ff 9fd2 | e9ff bff2 | e9ff dff2 

  0x0000000117f0d7e4: ; ImmutableOopMap {rfp=Oop [0]=Oop [16]=Oop [32]=Oop }
                      ;*invokeinterface lock {reexecute=0 rethrow=0 return_oop=0}
                      ; - java.awt.EventQueue::setCurrentEventAndMostRecentTimeImpl@4 (line 1270)
                      ; - java.awt.EventQueue::setCurrentEventAndMostRecentTime@4 (line 1267)
                      ; - java.awt.Component::dispatchEventImpl@88 (line 4901)
                      ;   {virtual_call}
  0x0000000117f0d7e4: 274b c097 

  0x0000000117f0d7e8: ;   {other}
  0x0000000117f0d7e8: 1f20 03d5 | 1f0b 8bf2 | 1fa0 90f2 | f803 1daa | f703 40f9 | f53f 4129 | f90b 40f9 | ec37 4329 
  0x0000000117f0d808: f013 40f9 | 44f3 ff17 | 2101 8012 | fd03 17aa | f50b 00b9 | f063 01a9 

  0x0000000117f0d820: ; ImmutableOopMap {rfp=Oop [16]=Oop [24]=Oop }
                      ;*invokevirtual lock {reexecute=0 rethrow=0 return_oop=0}
                      ; - java.util.concurrent.locks.ReentrantLock::lock@4 (line 322)
                      ; - java.awt.EventQueue::setCurrentEventAndMostRecentTimeImpl@4 (line 1270)
                      ; - java.awt.EventQueue::setCurrentEventAndMostRecentTime@4 (line 1267)
                      ; - java.awt.Component::dispatchEventImpl@88 (line 4901)
                      ;   {runtime_call UncommonTrapBlob}
  0x0000000117f0d820: d865 c097 

  0x0000000117f0d824: ;   {other}
  0x0000000117f0d824: 1f20 03d5 | 9f12 8bf2 | 1fc0 90f2 | f703 00f9 | f53f 0129 | ec37 0229 | fd03 18aa | e9ff 9fd2 
  0x0000000117f0d844: e9ff bff2 | e9ff dff2 

  0x0000000117f0d84c: ; ImmutableOopMap {rfp=Oop [0]=Oop }
                      ;*invokeinterface unlock {reexecute=0 rethrow=0 return_oop=0}
                      ; - java.awt.EventQueue::setCurrentEventAndMostRecentTimeImpl@168 (line 1305)
                      ; - java.awt.EventQueue::setCurrentEventAndMostRecentTime@4 (line 1267)
                      ; - java.awt.Component::dispatchEventImpl@88 (line 4901)
                      ;   {virtual_call}
  0x0000000117f0d84c: 0d4b c097 

  0x0000000117f0d850: ;   {other}
  0x0000000117f0d850: 1f20 03d5 | 1f18 8bf2 | 1fe0 90f2 | f803 1daa | f703 40f9 | f53f 4129 | ec37 4229 | 3ded ff17 
  0x0000000117f0d870: 2101 8012 | fd03 17aa | f803 00f9 | f50b 00b9 

  0x0000000117f0d880: ; ImmutableOopMap {rfp=Oop [0]=Oop }
                      ;*invokevirtual release {reexecute=0 rethrow=0 return_oop=0}
                      ; - java.util.concurrent.locks.ReentrantLock::unlock@5 (line 494)
                      ; - java.awt.EventQueue::setCurrentEventAndMostRecentTimeImpl@168 (line 1305)
                      ; - java.awt.EventQueue::setCurrentEventAndMostRecentTime@4 (line 1267)
                      ; - java.awt.Component::dispatchEventImpl@88 (line 4901)
                      ;   {runtime_call UncommonTrapBlob}
  0x0000000117f0d880: c065 c097 

  0x0000000117f0d884: ;   {other}
  0x0000000117f0d884: 1f20 03d5 | 9f1e 8bf2 | 1f00 91f2 | 7f01 00f1 | fd07 9f1a | bda7 9d5a | ea4f 00a9 | f513 00b9 
  0x0000000117f0d8a4: e10f 00f9 | 0117 8012 

  0x0000000117f0d8ac: ; ImmutableOopMap {[0]=Oop [8]=Oop [24]=Oop }
                      ;*ifne {reexecute=1 rethrow=0 return_oop=0}
                      ; - (reexecute) java.awt.Component::updateCustomTitleBarHitTest@21 (line 10612)
                      ; - java.awt.Component::dispatchEventImpl@263 (line 4949)
                      ;   {runtime_call UncommonTrapBlob}
  0x0000000117f0d8ac: b565 c097 

  0x0000000117f0d8b0: ;   {other}
  0x0000000117f0d8b0: 1f20 03d5 | 1f24 8bf2 | 1f20 91f2 | f90b 00f9 | fd03 18aa | f703 00f9 | f53f 0129 | e243 0291 
  0x0000000117f0d8d0: ;   {oop(a 'java/lang/Class'{0x0000000300d94cd8} = 'java/awt/Toolkit')}
  0x0000000117f0d8d0: 019b 89d2 | 211b a0f2 | 6100 c0f2 

  0x0000000117f0d8dc: ; ImmutableOopMap {rfp=Oop [0]=Oop [16]=Oop }
                      ;*synchronization entry
                      ; - java.awt.Toolkit::getDefaultToolkit@-1 (line 594)
                      ; - java.awt.Toolkit::getEventQueue@0 (line 1500)
                      ; - java.awt.EventQueue::setCurrentEventAndMostRecentTime@0 (line 1267)
                      ; - java.awt.Component::dispatchEventImpl@88 (line 4901)
                      ;   {runtime_call _complete_monitor_locking_Java}
  0x0000000117f0d8dc: a9d1 c397 

  0x0000000117f0d8e0: ;   {other}
  0x0000000117f0d8e0: 1f20 03d5 | 1f2a 8bf2 | 1f40 91f2 | f803 1daa | f703 40f9 | f53f 4129 | f90b 40f9 | 8ff1 ff17 
  0x0000000117f0d900: 0119 8012 | fd03 17aa | f50b 00b9 | f84f 01a9 

  0x0000000117f0d910: ; ImmutableOopMap {rfp=Oop [16]=Oop [24]=Oop }
                      ;*invokevirtual getSystemEventQueueImpl {reexecute=0 rethrow=0 return_oop=0}
                      ; - java.awt.Toolkit::getEventQueue@3 (line 1500)
                      ; - java.awt.EventQueue::setCurrentEventAndMostRecentTime@0 (line 1267)
                      ; - java.awt.Component::dispatchEventImpl@88 (line 4901)
                      ;   {runtime_call UncommonTrapBlob}
  0x0000000117f0d910: 9c65 c097 

  0x0000000117f0d914: ;   {other}
  0x0000000117f0d914: 1f20 03d5 | 9f30 8bf2 | 1f60 91f2 | fa03 0f2a | e143 0291 | e203 1caa 

  0x0000000117f0d92c: ;   {oop(a 'java/lang/Class'{0x0000000300d94cd8} = 'java/awt/Toolkit')}
  0x0000000117f0d92c: 009b 89d2 | 201b a0f2 | 6000 c0f2 | c900 0010 | 89d7 01f9 

  0x0000000117f0d940: ;   {runtime_call SharedRuntime::complete_monitor_unlocking_C(oopDesc*, BasicLock*, JavaThread*)}
  0x0000000117f0d940: 8852 8ad2 | c858 a1f2 | 2800 c0f2 | 0001 3fd6 

  0x0000000117f0d950: ;   {other}
  0x0000000117f0d950: 1f20 03d5 | 1f00 80f2 | 1f00 80f2 | f603 19aa | f903 152a | f503 192a | f903 16aa | ef03 1a2a 
  0x0000000117f0d970: 97f1 ff17 | f90b 00f9 | fd03 18aa | f703 00f9 | f50b 00b9 | f113 00f9 | e103 11aa | f00f 00f9 
  0x0000000117f0d990: ef0f 00b9 | e243 0291 

  0x0000000117f0d998: ; ImmutableOopMap {rfp=Oop [0]=Oop [16]=Oop [24]=Oop [32]=Oop }
                      ;*monitorenter {reexecute=0 rethrow=0 return_oop=0}
                      ; - sun.awt.AppContext::get@6 (line 607)
                      ; - sun.awt.SunToolkit::getSystemEventQueueImplPP@4 (line 1137)
                      ; - sun.awt.SunToolkit::getSystemEventQueueImplPP@3 (line 1132)
                      ; - sun.awt.SunToolkit::getSystemEventQueueImpl@0 (line 1127)
                      ; - java.awt.Toolkit::getEventQueue@3 (line 1500)
                      ; - java.awt.EventQueue::setCurrentEventAndMostRecentTime@0 (line 1267)
                      ; - java.awt.Component::dispatchEventImpl@88 (line 4901)
                      ;   {runtime_call _complete_monitor_locking_Java}
  0x0000000117f0d998: 7ad1 c397 

  0x0000000117f0d99c: ;   {other}
  0x0000000117f0d99c: 1f20 03d5 | 9f41 8bf2 | 1f80 91f2 | f803 1daa | f703 40f9 | f53f 4129 | f943 41a9 | f113 40f9 
  0x0000000117f0d9bc: caf1 ff17 | e17b 1a32 | fd03 10aa 

  0x0000000117f0d9c8: ; ImmutableOopMap {rfp=Oop }
                      ;*checkcast {reexecute=0 rethrow=0 return_oop=0}
                      ; - sun.awt.SunToolkit::getSystemEventQueueImplPP@7 (line 1137)
                      ; - sun.awt.SunToolkit::getSystemEventQueueImplPP@3 (line 1132)
                      ; - sun.awt.SunToolkit::getSystemEventQueueImpl@0 (line 1127)
                      ; - java.awt.Toolkit::getEventQueue@3 (line 1500)
                      ; - java.awt.EventQueue::setCurrentEventAndMostRecentTime@0 (line 1267)
                      ; - java.awt.Component::dispatchEventImpl@88 (line 4901)
                      ;   {runtime_call UncommonTrapBlob}
  0x0000000117f0d9c8: 6e65 c097 

  0x0000000117f0d9cc: ;   {other}
  0x0000000117f0d9cc: 1f20 03d5 | 9f47 8bf2 | 1fa0 91f2 | fd03 0aaa | ea13 40b9 | ea0b 00b9 | ea13 40f9 | ea0b 00f9 
  0x0000000117f0d9ec: ea17 40f9 | eb03 00f9 | ea0f 00f9 | e117 00f9 | 0117 8012 

  0x0000000117f0da00: ; ImmutableOopMap {rfp=Oop [0]=Oop [16]=Oop [24]=Oop [40]=Oop }
                      ;*ifnonnull {reexecute=1 rethrow=0 return_oop=0}
                      ; - (reexecute) java.awt.Component::getInputContext@6 (line 6195)
                      ; - java.awt.Component::dispatchEventImpl@352 (line 4987)
                      ;   {runtime_call UncommonTrapBlob}
  0x0000000117f0da00: 6065 c097 

  0x0000000117f0da04: ;   {other}
  0x0000000117f0da04: 1f20 03d5 | 9f4e 8bf2 | 1fc0 91f2 | fd03 0aaa | f303 00f9 | f50b 00b9 | e10f 00f9 | 0117 8012 
  0x0000000117f0da24: ; ImmutableOopMap {rfp=Oop [0]=Oop [24]=Oop }
                      ;*ifnonnull {reexecute=1 rethrow=0 return_oop=0}
                      ; - (reexecute) java.awt.Component::updateCustomTitleBarHitTest@6 (line 10611)
                      ; - java.awt.Component::dispatchEventImpl@263 (line 4949)
                      ;   {runtime_call UncommonTrapBlob}
  0x0000000117f0da24: 5765 c097 

  0x0000000117f0da28: ;   {other}
  0x0000000117f0da28: 1f20 03d5 | 1f53 8bf2 | 1fe0 91f2 | fd03 0aaa | f303 00f9 | f50b 00b9 | e12f 01a9 | 0117 8012 
  0x0000000117f0da48: ; ImmutableOopMap {rfp=Oop [0]=Oop [16]=Oop [24]=Oop }
                      ;*ifnonnull {reexecute=1 rethrow=0 return_oop=0}
                      ; - (reexecute) java.awt.Component::updateCustomTitleBarHitTest@35 (line 10612)
                      ; - java.awt.Component::dispatchEventImpl@263 (line 4949)
                      ;   {runtime_call UncommonTrapBlob}
  0x0000000117f0da48: 4e65 c097 

  0x0000000117f0da4c: ;   {other}
  0x0000000117f0da4c: 1f20 03d5 | 9f57 8bf2 | 1f00 92f2 | eb07 40f9 | 0117 8012 | eb2b 00a9 

  0x0000000117f0da64: ; ImmutableOopMap {rfp=Oop [0]=Oop [8]=Oop }
                      ;*ifnull {reexecute=1 rethrow=0 return_oop=0}
                      ; - (reexecute) java.awt.Component::dispatchEventImpl@194 (line 4940)
                      ;   {runtime_call UncommonTrapBlob}
  0x0000000117f0da64: 4765 c097 

  0x0000000117f0da68: ;   {other}
  0x0000000117f0da68: 1f20 03d5 | 1f5b 8bf2 | 1f20 92f2 | f007 40f9 | 0117 8012 | f037 00a9 | eb0b 00f9 | ee2b 0329 
  0x0000000117f0da88: ec3f 02a9 

  0x0000000117f0da8c: ; ImmutableOopMap {[0]=Oop [8]=Oop [16]=Oop [32]=Oop [40]=Oop }
                      ;*ifnonnull {reexecute=1 rethrow=0 return_oop=0}
                      ; - (reexecute) jdk.internal.logger.SimpleConsoleLogger::effectiveLevel@4 (line 164)
                      ; - jdk.internal.logger.SimpleConsoleLogger::isLoggable@1 (line 132)
                      ; - jdk.internal.logger.AbstractLoggerWrapper::isLoggable@20 (line 124)
                      ; - sun.util.logging.PlatformLogger::isLoggable@17 (line 340)
                      ; - java.awt.Component::dispatchMouseWheelToAncestor@26 (line 5147)
                      ; - java.awt.Component::dispatchEventImpl@214 (line 4942)
                      ;   {runtime_call UncommonTrapBlob}
  0x0000000117f0da8c: 3d65 c097 

  0x0000000117f0da90: ;   {other}
  0x0000000117f0da90: 1f20 03d5 | 1f60 8bf2 | 1f40 92f2 | ed07 40f9 | ed03 00f9 | ed77 41a9 | 0117 8012 | ed07 00f9 
  0x0000000117f0dab0: ebab 01a9 | ec17 00f9 

  0x0000000117f0dab8: ; ImmutableOopMap {rfp=Oop [0]=Oop [8]=Oop [24]=Oop [32]=Oop [40]=Oop }
                      ;*ifnonnull {reexecute=1 rethrow=0 return_oop=0}
                      ; - (reexecute) jdk.internal.logger.SimpleConsoleLogger::effectiveLevel@4 (line 164)
                      ; - jdk.internal.logger.SimpleConsoleLogger::isLoggable@1 (line 132)
                      ; - jdk.internal.logger.AbstractLoggerWrapper::isLoggable@20 (line 124)
                      ; - sun.util.logging.PlatformLogger::isLoggable@17 (line 340)
                      ; - java.awt.Component::dispatchMouseWheelToAncestor@130 (line 5170)
                      ; - java.awt.Component::dispatchEventImpl@214 (line 4942)
                      ;   {runtime_call UncommonTrapBlob}
  0x0000000117f0dab8: 3265 c097 

  0x0000000117f0dabc: ;   {other}
  0x0000000117f0dabc: 1f20 03d5 | 9f65 8bf2 | 1f60 92f2 | eb07 40f9 | eb03 00f9 | eb0b 40f9 | eb07 00f9 | eb13 40f9 
  0x0000000117f0dadc: eb0b 00f9 | eb3f 40b9 | eb2b 00b9 | edaf 4629 | eb2b 0629 | eb2b 4a29 | eb2b 0929 | eb2b 4b29 
  0x0000000117f0dafc: eb2b 0a29 | f023 40fd | eb2b 4c29 | 0117 8012 | fd0f 40f9 | f413 00f9 | ed2f 00b9 | f01f 00fd 
  0x0000000117f0db1c: f423 00f9 | eb2b 0b29 | ec6b 00b9 

  0x0000000117f0db28: ; ImmutableOopMap {rfp=Oop [0]=Oop [8]=Oop [16]=Oop [32]=Oop [64]=Oop }
                      ;*ifne {reexecute=1 rethrow=0 return_oop=0}
                      ; - (reexecute) java.awt.event.InputEvent::canAccessSystemClipboard@5 (line 390)
                      ; - java.awt.event.InputEvent::<init>@19 (line 384)
                      ; - java.awt.event.MouseEvent::<init>@6 (line 759)
                      ; - java.awt.event.MouseWheelEvent::<init>@19 (line 302)
                      ; - java.awt.Component::dispatchMouseWheelToAncestor@221 (line 5191)
                      ; - java.awt.Component::dispatchEventImpl@214 (line 4942)
                      ;   {runtime_call UncommonTrapBlob}
  0x0000000117f0db28: 1665 c097 

  0x0000000117f0db2c: ;   {other}
  0x0000000117f0db2c: 1f20 03d5 | 9f73 8bf2 | 1f80 92f2 | f503 0daa | e103 1caa | c900 0010 | 89d7 01f9 

  0x0000000117f0db48: ;   {runtime_call G1BarrierSetRuntime::write_ref_field_pre_entry(oopDesc*, JavaThread*)}
  0x0000000117f0db48: 88a7 8ed2 | 684e a1f2 | 2800 c0f2 | 0001 3fd6 

  0x0000000117f0db58: ;   {other}
  0x0000000117f0db58: 1f20 03d5 | 1f00 80f2 | 1f00 80f2 | ed03 15aa | 1bf0 ff17 | e103 1caa | c900 0010 | 89d7 01f9 
  0x0000000117f0db78: ;   {runtime_call G1BarrierSetRuntime::write_ref_field_pre_entry(oopDesc*, JavaThread*)}
  0x0000000117f0db78: 88a7 8ed2 | 684e a1f2 | 2800 c0f2 | 0001 3fd6 

  0x0000000117f0db88: ;   {other}
  0x0000000117f0db88: 1f20 03d5 | 1f00 80f2 | 1f00 80f2 | 4ff0 ff17 | ec07 40f9 | 0117 8012 | ec37 00a9 | eb0b 00f9 
  0x0000000117f0dba8: ee2b 0329 | e023 00b9 

  0x0000000117f0dbb0: ; ImmutableOopMap {[0]=Oop [8]=Oop [16]=Oop }
                      ;*ifeq {reexecute=1 rethrow=0 return_oop=0}
                      ; - (reexecute) java.awt.Component::dispatchMouseWheelToAncestor@29 (line 5147)
                      ; - java.awt.Component::dispatchEventImpl@214 (line 4942)
                      ;   {runtime_call UncommonTrapBlob}
  0x0000000117f0dbb0: f464 c097 

  0x0000000117f0dbb4: ;   {other}
  0x0000000117f0dbb4: 1f20 03d5 | 9f84 8bf2 | 1fa0 92f2 | f007 40f9 | 0117 8012 | f037 00a9 | eb0b 00f9 | ee2b 0329 
  0x0000000117f0dbd4: ef13 00f9 | ec1b 00f9 

  0x0000000117f0dbdc: ; ImmutableOopMap {[0]=Oop [8]=Oop [16]=Oop [32]=Oop [48]=Oop }
                      ;*ifnonnull {reexecute=1 rethrow=0 return_oop=0}
                      ; - (reexecute) jdk.internal.logger.AbstractLoggerWrapper::isLoggable@6 (line 123)
                      ; - sun.util.logging.PlatformLogger::isLoggable@17 (line 340)
                      ; - java.awt.Component::dispatchMouseWheelToAncestor@26 (line 5147)
                      ; - java.awt.Component::dispatchEventImpl@214 (line 4942)
                      ;   {runtime_call UncommonTrapBlob}
  0x0000000117f0dbdc: e964 c097 

  0x0000000117f0dbe0: ;   {other}
  0x0000000117f0dbe0: 1f20 03d5 | 1f8a 8bf2 | 1fc0 92f2 | fd03 0daa | ed07 40f9 | 0117 8012 | ed2f 00a9 | ee2b 0229 
  0x0000000117f0dc00: ec13 00f9 

  0x0000000117f0dc04: ; ImmutableOopMap {rfp=Oop [0]=Oop [8]=Oop [32]=Oop }
                      ;*ifnull {reexecute=1 rethrow=0 return_oop=0}
                      ; - (reexecute) java.awt.Component::dispatchMouseWheelToAncestor@78 (line 5157)
                      ; - java.awt.Component::dispatchEventImpl@214 (line 4942)
                      ;   {runtime_call UncommonTrapBlob}
  0x0000000117f0dc04: df64 c097 

  0x0000000117f0dc08: ;   {other}
  0x0000000117f0dc08: 1f20 03d5 | 1f8f 8bf2 | 1fe0 92f2 | ec07 40f9 | fd03 0daa | ec2f 00a9 | ee2b 0229 | e113 00f9 
  0x0000000117f0dc28: e22b 00b9 | 0117 8012 

  0x0000000117f0dc30: ; ImmutableOopMap {rfp=Oop [0]=Oop [8]=Oop [32]=Oop }
                      ;*if_icmpeq {reexecute=1 rethrow=0 return_oop=0}
                      ; - (reexecute) java.awt.Container::eventEnabled@9 (line 2239)
                      ; - java.awt.Component::dispatchMouseWheelToAncestor@84 (line 5157)
                      ; - java.awt.Component::dispatchEventImpl@214 (line 4942)
                      ;   {runtime_call UncommonTrapBlob}
  0x0000000117f0dc30: d464 c097 

  0x0000000117f0dc34: ;   {other}
  0x0000000117f0dc34: 1f20 03d5 | 9f94 8bf2 | 1f00 93f2 | ec07 40f9 | fd03 0daa | ec2f 00a9 | ee2b 0229 | e113 00f9 
  0x0000000117f0dc54: e22b 00b9 | 0117 8012 

  0x0000000117f0dc5c: ; ImmutableOopMap {rfp=Oop [0]=Oop [8]=Oop [32]=Oop }
                      ;*if_icmpne {reexecute=1 rethrow=0 return_oop=0}
                      ; - (reexecute) java.awt.Container::eventEnabled@16 (line 2239)
                      ; - java.awt.Component::dispatchMouseWheelToAncestor@84 (line 5157)
                      ; - java.awt.Component::dispatchEventImpl@214 (line 4942)
                      ;   {runtime_call UncommonTrapBlob}
  0x0000000117f0dc5c: c964 c097 

  0x0000000117f0dc60: ;   {other}
  0x0000000117f0dc60: 1f20 03d5 | 1f9a 8bf2 | 1f20 93f2 | ec07 40f9 | fd03 0daa | ec2f 00a9 | ee2b 0229 | e113 00f9 
  0x0000000117f0dc80: e22b 00b9 | 0117 8012 

  0x0000000117f0dc88: ; ImmutableOopMap {rfp=Oop [0]=Oop [8]=Oop [32]=Oop }
                      ;*if_icmpeq {reexecute=1 rethrow=0 return_oop=0}
                      ; - (reexecute) java.awt.Container::eventEnabled@9 (line 2239)
                      ; - java.awt.Component::dispatchMouseWheelToAncestor@84 (line 5157)
                      ; - java.awt.Component::dispatchEventImpl@214 (line 4942)
                      ;   {runtime_call UncommonTrapBlob}
  0x0000000117f0dc88: be64 c097 

  0x0000000117f0dc8c: ;   {other}
  0x0000000117f0dc8c: 1f20 03d5 | 9f9f 8bf2 | 1f40 93f2 | ec07 40f9 | fd03 0daa | ec2f 00a9 | ee2b 0229 | e113 00f9 
  0x0000000117f0dcac: e22b 00b9 | 0117 8012 

  0x0000000117f0dcb4: ; ImmutableOopMap {rfp=Oop [0]=Oop [8]=Oop [32]=Oop }
                      ;*if_icmpne {reexecute=1 rethrow=0 return_oop=0}
                      ; - (reexecute) java.awt.Container::eventEnabled@16 (line 2239)
                      ; - java.awt.Component::dispatchMouseWheelToAncestor@84 (line 5157)
                      ; - java.awt.Component::dispatchEventImpl@214 (line 4942)
                      ;   {runtime_call UncommonTrapBlob}
  0x0000000117f0dcb4: b364 c097 

  0x0000000117f0dcb8: ;   {other}
  0x0000000117f0dcb8: 1f20 03d5 | 1fa5 8bf2 | 1f60 93f2 | eb07 40f9 | eb03 00f9 | eb0b 40f9 | 0117 8012 | fd0f 40f9 
  0x0000000117f0dcd8: eb07 00f9 | ee2b 0229 | ec13 00f9 

  0x0000000117f0dce4: ; ImmutableOopMap {rfp=Oop [0]=Oop [8]=Oop [32]=Oop }
                      ;*ifnull {reexecute=1 rethrow=0 return_oop=0}
                      ; - (reexecute) java.awt.Component::dispatchMouseWheelToAncestor@78 (line 5157)
                      ; - java.awt.Component::dispatchEventImpl@214 (line 4942)
                      ;   {runtime_call UncommonTrapBlob}
  0x0000000117f0dce4: a764 c097 

  0x0000000117f0dce8: ;   {other}
  0x0000000117f0dce8: 1f20 03d5 | 1fab 8bf2 | 1f80 93f2 | ed07 40f9 | fd0f 40f9 | 0117 8012 | ed03 00f9 | e80b 40f9 
  0x0000000117f0dd08: e807 00f9 | eb0f 00f9 | ec23 00b9 

  0x0000000117f0dd14: ; ImmutableOopMap {rfp=Oop [0]=Oop [8]=Oop [24]=Oop }
                      ;*ifeq {reexecute=1 rethrow=0 return_oop=0}
                      ; - (reexecute) java.awt.Component::dispatchMouseWheelToAncestor@133 (line 5170)
                      ; - java.awt.Component::dispatchEventImpl@214 (line 4942)
                      ;   {runtime_call UncommonTrapBlob}
  0x0000000117f0dd14: 9b64 c097 

  0x0000000117f0dd18: ;   {other}
  0x0000000117f0dd18: 1f20 03d5 | 1fb1 8bf2 | 1fa0 93f2 | ec07 40f9 | ec03 00f9 | ec77 41a9 | 0117 8012 | ec07 00f9 
  0x0000000117f0dd38: ebbb 01a9 | ea1b 00f9 

  0x0000000117f0dd40: ; ImmutableOopMap {rfp=Oop [0]=Oop [8]=Oop [24]=Oop [32]=Oop [48]=Oop }
                      ;*ifnonnull {reexecute=1 rethrow=0 return_oop=0}
                      ; - (reexecute) jdk.internal.logger.AbstractLoggerWrapper::isLoggable@6 (line 123)
                      ; - sun.util.logging.PlatformLogger::isLoggable@17 (line 340)
                      ; - java.awt.Component::dispatchMouseWheelToAncestor@130 (line 5170)
                      ; - java.awt.Component::dispatchEventImpl@214 (line 4942)
                      ;   {runtime_call UncommonTrapBlob}
  0x0000000117f0dd40: 9064 c097 

  0x0000000117f0dd44: ;   {other}
  0x0000000117f0dd44: 1f20 03d5 | 9fb6 8bf2 | 1fc0 93f2 | ec07 40f9 | 0117 8012 | fd0f 40f9 | ec03 00f9 | e80b 40f9 
  0x0000000117f0dd64: e807 00f9 | eb13 00f9 | e22b 00b9 

  0x0000000117f0dd70: ; ImmutableOopMap {rfp=Oop [0]=Oop [8]=Oop [32]=Oop }
                      ;*if_icmpeq {reexecute=1 rethrow=0 return_oop=0}
                      ; - (reexecute) java.awt.Container::eventEnabled@9 (line 2239)
                      ; - java.awt.Component::dispatchMouseWheelToAncestor@163 (line 5174)
                      ; - java.awt.Component::dispatchEventImpl@214 (line 4942)
                      ;   {runtime_call UncommonTrapBlob}
  0x0000000117f0dd70: 8464 c097 

  0x0000000117f0dd74: ;   {other}
  0x0000000117f0dd74: 1f20 03d5 | 9fbc 8bf2 | 1fe0 93f2 | ec07 40f9 | 0117 8012 | fd0f 40f9 | ec03 00f9 | e80b 40f9 
  0x0000000117f0dd94: e807 00f9 | eb13 00f9 | e22b 00b9 

  0x0000000117f0dda0: ; ImmutableOopMap {rfp=Oop [0]=Oop [8]=Oop [32]=Oop }
                      ;*if_icmpne {reexecute=1 rethrow=0 return_oop=0}
                      ; - (reexecute) java.awt.Container::eventEnabled@16 (line 2239)
                      ; - java.awt.Component::dispatchMouseWheelToAncestor@163 (line 5174)
                      ; - java.awt.Component::dispatchEventImpl@214 (line 4942)
                      ;   {runtime_call UncommonTrapBlob}
  0x0000000117f0dda0: 7864 c097 

  0x0000000117f0dda4: ;   {other}
  0x0000000117f0dda4: 1f20 03d5 | 9fc2 8bf2 | 1f00 94f2 | ea07 40f9 | 0117 8012 | ea03 00f9 | e00b 00b9 

  0x0000000117f0ddc0: ; ImmutableOopMap {[0]=Oop [24]=Oop }
                      ;*ifeq {reexecute=1 rethrow=0 return_oop=0}
                      ; - (reexecute) java.awt.Component::dispatchMouseWheelToAncestor@166 (line 5174)
                      ; - java.awt.Component::dispatchEventImpl@214 (line 4942)
                      ;   {runtime_call UncommonTrapBlob}
  0x0000000117f0ddc0: 7064 c097 

  0x0000000117f0ddc4: ;   {other}
  0x0000000117f0ddc4: 1f20 03d5 | 9fc6 8bf2 | 1f20 94f2 | eb07 40f9 | eb03 00f9 | eb0b 40f9 | eb07 00f9 | eb13 40f9 
  0x0000000117f0dde4: eb0b 00f9 | eb37 40b9 | ea37 00b9 | ea53 40b9 | ea4b 00b9 | ea5b 40b9 | eb2f 00b9 | ea53 00b9 
  0x0000000117f0de04: ed3f 40b9 | eb57 40b9 | ea5f 40b9 | ed2b 00b9 | ea57 00b9 | eb4f 00b9 | ed3b 40b9 | f023 40fd 
  0x0000000117f0de24: ea2f 4c29 | 0117 8012 | fd0f 40f9 | f413 00f9 | ed33 00b9 | f01f 00fd | f423 00f9 | ea2f 0b29 
  0x0000000117f0de44: ec37 00f9 

  0x0000000117f0de48: ; ImmutableOopMap {rfp=Oop [0]=Oop [8]=Oop [16]=Oop [32]=Oop [64]=Oop [104]=Oop }
                      ;*ifnonnull {reexecute=1 rethrow=0 return_oop=0}
                      ; - (reexecute) java.awt.GraphicsEnvironment::getHeadlessProperty@3 (line 165)
                      ; - java.awt.GraphicsEnvironment::isHeadless@0 (line 143)
                      ; - java.awt.event.InputEvent::canAccessSystemClipboard@2 (line 390)
                      ; - java.awt.event.InputEvent::<init>@19 (line 384)
                      ; - java.awt.event.MouseEvent::<init>@6 (line 759)
                      ; - java.awt.event.MouseWheelEvent::<init>@19 (line 302)
                      ; - java.awt.Component::dispatchMouseWheelToAncestor@221 (line 5191)
                      ; - java.awt.Component::dispatchEventImpl@214 (line 4942)
                      ;   {runtime_call UncommonTrapBlob}
  0x0000000117f0de48: 4e64 c097 

  0x0000000117f0de4c: ;   {other}
  0x0000000117f0de4c: 1f20 03d5 | 9fd7 8bf2 | 1f40 94f2 | ea07 40f9 | ea03 00f9 | fdab 41a9 | 0117 8012 | ead7 01a9 
  0x0000000117f0de6c: f417 00f9 | ed1f 00f9 

  0x0000000117f0de74: ; ImmutableOopMap {rfp=Oop [0]=Oop [24]=Oop [32]=Oop [40]=Oop [56]=Oop }
                      ;*ifnonnull {reexecute=1 rethrow=0 return_oop=0}
                      ; - (reexecute) sun.awt.AWTAccessor::getInputEventAccessor@5 (line 1029)
                      ; - java.awt.AWTEvent::copyPrivateDataInto@22 (line 586)
                      ; - java.awt.Component::dispatchMouseWheelToAncestor@229 (line 5192)
                      ; - java.awt.Component::dispatchEventImpl@214 (line 4942)
                      ;   {runtime_call UncommonTrapBlob}
  0x0000000117f0de74: 4364 c097 

  0x0000000117f0de78: ;   {other}
  0x0000000117f0de78: 1f20 03d5 | 1fdd 8bf2 | 1f60 94f2 | eb07 40f9 | eb03 00f9 | eb0b 40f9 | 0117 8012 | eb07 00f9 
  0x0000000117f0de98: ea13 00b9 

  0x0000000117f0de9c: ; ImmutableOopMap {[0]=Oop [8]=Oop [24]=Oop }
                      ;*ifeq {reexecute=1 rethrow=0 return_oop=0}
                      ; - (reexecute) java.awt.Component::dispatchMouseWheelToAncestor@244 (line 5199)
                      ; - java.awt.Component::dispatchEventImpl@214 (line 4942)
                      ;   {runtime_call UncommonTrapBlob}
  0x0000000117f0de9c: 3964 c097 

  0x0000000117f0dea0: ;   {other}
  0x0000000117f0dea0: 1f20 03d5 | 1fe2 8bf2 | 1f80 94f2 | f703 00f9 | f53f 0129 | f943 01a9 | f117 00f9 | fd03 18aa 
  0x0000000117f0dec0: ;   {oop(a 'java/lang/StringBuffer'{0x0000000301083258})}
  0x0000000117f0dec0: 024b 86d2 | 0221 a0f2 | 6200 c0f2 | e9ff 9fd2 | e9ff bff2 | e9ff dff2 

  0x0000000117f0ded8: ; ImmutableOopMap {rfp=Oop [0]=Oop [16]=Oop [24]=Oop [40]=Oop }
                      ;*invokeinterface get {reexecute=0 rethrow=0 return_oop=1}
                      ; - sun.awt.AppContext::get@36 (line 619)
                      ; - sun.awt.SunToolkit::getSystemEventQueueImplPP@4 (line 1137)
                      ; - sun.awt.SunToolkit::getSystemEventQueueImplPP@3 (line 1132)
                      ; - sun.awt.SunToolkit::getSystemEventQueueImpl@0 (line 1127)
                      ; - java.awt.Toolkit::getEventQueue@3 (line 1500)
                      ; - java.awt.EventQueue::setCurrentEventAndMostRecentTime@0 (line 1267)
                      ; - java.awt.Component::dispatchEventImpl@88 (line 4901)
                      ;   {virtual_call}
  0x0000000117f0ded8: 6a49 c097 

  0x0000000117f0dedc: ;   {other}
  0x0000000117f0dedc: 1f20 03d5 | 9fe9 8bf2 | 1fa0 94f2 | ec03 0032 | ed03 1f2a | f803 1daa | f703 40f9 | f53f 4129 
  0x0000000117f0defc: f943 41a9 | f117 40f9 | ee03 00aa | f3f0 ff17 | 2101 8012 | fd03 17aa | f50b 00b9 | f843 01a9 
  0x0000000117f0df1c: fb3b 03a9 | f123 00f9 

  0x0000000117f0df24: ; ImmutableOopMap {rfp=Oop [16]=Oop [24]=Oop [48]=Oop [56]=Oop [64]=Oop }
                      ;*invokevirtual setPair {reexecute=0 rethrow=0 return_oop=0}
                      ; - sun.awt.AppContext::get@94 (line 625)
                      ; - sun.awt.SunToolkit::getSystemEventQueueImplPP@4 (line 1137)
                      ; - sun.awt.SunToolkit::getSystemEventQueueImplPP@3 (line 1132)
                      ; - sun.awt.SunToolkit::getSystemEventQueueImpl@0 (line 1127)
                      ; - java.awt.Toolkit::getEventQueue@3 (line 1500)
                      ; - java.awt.EventQueue::setCurrentEventAndMostRecentTime@0 (line 1267)
                      ; - java.awt.Component::dispatchEventImpl@88 (line 4901)
                      ;   {runtime_call UncommonTrapBlob}
  0x0000000117f0df24: 1764 c097 

  0x0000000117f0df28: ;   {other}
  0x0000000117f0df28: 1f20 03d5 | 1ff3 8bf2 | 1fc0 94f2 | ea03 18aa | eb03 17aa | ed03 152a | 0400 0014 | ea03 18aa 
  0x0000000117f0df48: eb03 17aa | ed03 152a | 6101 8012 | fd03 0baa | ed0b 00b9 | ea0b 00f9 

  0x0000000117f0df60: ; ImmutableOopMap {rfp=Oop [16]=Oop }
                      ;*checkcast {reexecute=0 rethrow=0 return_oop=0}
                      ; - sun.awt.SunToolkit::getSystemEventQueueImplPP@7 (line 1137)
                      ; - sun.awt.SunToolkit::getSystemEventQueueImplPP@3 (line 1132)
                      ; - sun.awt.SunToolkit::getSystemEventQueueImpl@0 (line 1127)
                      ; - java.awt.Toolkit::getEventQueue@3 (line 1500)
                      ; - java.awt.EventQueue::setCurrentEventAndMostRecentTime@0 (line 1267)
                      ; - java.awt.Component::dispatchEventImpl@88 (line 4901)
                      ;   {runtime_call UncommonTrapBlob}
  0x0000000117f0df60: 0864 c097 

  0x0000000117f0df64: ;   {other}
  0x0000000117f0df64: 1f20 03d5 | 9ffa 8bf2 | 1fe0 94f2 | fb03 0f2a | ee03 00f9 | fd03 0d2a | fa03 0c2a | e143 0291 
  0x0000000117f0df84: e203 1caa | e003 11aa | c900 0010 | 89d7 01f9 

  0x0000000117f0df94: ;   {runtime_call SharedRuntime::complete_monitor_unlocking_C(oopDesc*, BasicLock*, JavaThread*)}
  0x0000000117f0df94: 8852 8ad2 | c858 a1f2 | 2800 c0f2 | 0001 3fd6 

  0x0000000117f0dfa4: ;   {other}
  0x0000000117f0dfa4: 1f20 03d5 | 1f00 80f2 | 1f00 80f2 | f603 152a | f503 162a | ef03 1b2a | ec03 1a2a | ed03 1d2a 
  0x0000000117f0dfc4: ee03 40f9 | 2df1 ff17 | fd03 0aaa | f303 00f9 | f50b 00b9 | e12f 01a9 | 0117 8012 

  0x0000000117f0dfe0: ; ImmutableOopMap {rfp=Oop [0]=Oop [16]=Oop [24]=Oop }
                      ;*ifnull {reexecute=1 rethrow=0 return_oop=0}
                      ; - (reexecute) java.awt.Component::updateCustomTitleBarHitTest@49 (line 10612)
                      ; - java.awt.Component::dispatchEventImpl@263 (line 4949)
                      ;   {runtime_call UncommonTrapBlob}
  0x0000000117f0dfe0: e863 c097 

  0x0000000117f0dfe4: ;   {other}
  0x0000000117f0dfe4: 1f20 03d5 | 9f0a 8cf2 | 1f00 95f2 | fd03 01aa | e17b 1a32 

  0x0000000117f0dff8: ; ImmutableOopMap {rfp=Oop }
                      ;*checkcast {reexecute=0 rethrow=0 return_oop=0}
                      ; - java.awt.Component::dispatchEventImpl@752 (line 5101)
                      ;   {runtime_call UncommonTrapBlob}
  0x0000000117f0dff8: e263 c097 

  0x0000000117f0dffc: ;   {other}
  0x0000000117f0dffc: 1f20 03d5 | 9f0d 8cf2 | 1f20 95f2 | 0117 8012 | fd03 17aa | f52b 0129 | f80b 00f9 

  0x0000000117f0e018: ; ImmutableOopMap {rfp=Oop [16]=Oop }
                      ;*if_icmpne {reexecute=1 rethrow=0 return_oop=0}
                      ; - (reexecute) sun.awt.AppContext::getAppContext@7 (line 290)
                      ; - sun.awt.SunToolkit::getSystemEventQueueImplPP@0 (line 1132)
                      ; - sun.awt.SunToolkit::getSystemEventQueueImpl@0 (line 1127)
                      ; - java.awt.Toolkit::getEventQueue@3 (line 1500)
                      ; - java.awt.EventQueue::setCurrentEventAndMostRecentTime@0 (line 1267)
                      ; - java.awt.Component::dispatchEventImpl@88 (line 4901)
                      ;   {runtime_call UncommonTrapBlob}
  0x0000000117f0e018: da63 c097 

  0x0000000117f0e01c: ;   {other}
  0x0000000117f0e01c: 1f20 03d5 | 9f11 8cf2 | 1f40 95f2 | 0117 8012 | fd03 17aa | f52f 0129 | f063 01a9 

  0x0000000117f0e038: ; ImmutableOopMap {rfp=Oop [16]=Oop [24]=Oop }
                      ;*ifne {reexecute=1 rethrow=0 return_oop=0}
                      ; - (reexecute) java.awt.EventQueue::setCurrentEventAndMostRecentTimeImpl@12 (line 1272)
                      ; - java.awt.EventQueue::setCurrentEventAndMostRecentTime@4 (line 1267)
                      ; - java.awt.Component::dispatchEventImpl@88 (line 4901)
                      ;   {runtime_call UncommonTrapBlob}
  0x0000000117f0e038: d263 c097 

  0x0000000117f0e03c: ;   {other}
  0x0000000117f0e03c: 1f20 03d5 | 9f15 8cf2 | 1f60 95f2 | f0c7 00a9 | fd03 0f2a | ed03 00b9 | fb03 0c2a | e103 1caa 
  0x0000000117f0e05c: c900 0010 | 89d7 01f9 

  0x0000000117f0e064: ;   {runtime_call G1BarrierSetRuntime::write_ref_field_pre_entry(oopDesc*, JavaThread*)}
  0x0000000117f0e064: 88a7 8ed2 | 684e a1f2 | 2800 c0f2 | 0001 3fd6 

  0x0000000117f0e074: ;   {other}
  0x0000000117f0e074: 1f20 03d5 | 1f00 80f2 | 1f00 80f2 | fa03 19aa | f903 152a | f503 192a | f903 1aaa | ef03 1d2a 
  0x0000000117f0e094: ec03 1b2a | ed03 40b9 | f0c7 40a9 | 54f1 ff17 | f047 00a9 | fb03 0f2a | fd03 0d2a | fa03 0c2a 
  0x0000000117f0e0b4: e103 1caa | c900 0010 | 89d7 01f9 

  0x0000000117f0e0c0: ;   {runtime_call G1BarrierSetRuntime::write_ref_field_pre_entry(oopDesc*, JavaThread*)}
  0x0000000117f0e0c0: 88a7 8ed2 | 684e a1f2 | 2800 c0f2 | 0001 3fd6 

  0x0000000117f0e0d0: ;   {other}
  0x0000000117f0e0d0: 1f20 03d5 | 1f00 80f2 | 1f00 80f2 | ef03 1b2a | ec03 1a2a | ed03 1d2a | f047 40a9 | 28f1 ff17 
  0x0000000117f0e0f0: f047 00a9 | fb03 0f2a | fd03 0d2a | fa03 0c2a | e103 1caa | c900 0010 | 89d7 01f9 

  0x0000000117f0e10c: ;   {runtime_call G1BarrierSetRuntime::write_ref_field_pre_entry(oopDesc*, JavaThread*)}
  0x0000000117f0e10c: 88a7 8ed2 | 684e a1f2 | 2800 c0f2 | 0001 3fd6 

  0x0000000117f0e11c: ;   {other}
  0x0000000117f0e11c: 1f20 03d5 | 1f00 80f2 | 1f00 80f2 | ef03 1b2a | ec03 1a2a | ed03 1d2a | f047 40a9 | eaf0 ff17 
  0x0000000117f0e13c: fb03 0f2a | fd03 0d2a | fa03 0c2a | e103 1caa | c900 0010 | 89d7 01f9 

  0x0000000117f0e154: ;   {runtime_call G1BarrierSetRuntime::write_ref_field_pre_entry(oopDesc*, JavaThread*)}
  0x0000000117f0e154: 88a7 8ed2 | 684e a1f2 | 2800 c0f2 | 0001 3fd6 

  0x0000000117f0e164: ;   {other}
  0x0000000117f0e164: 1f20 03d5 | 1f00 80f2 | 1f00 80f2 | f903 152a | f503 192a | ef03 1b2a | ec03 1a2a | ed03 1d2a 
  0x0000000117f0e184: 4af1 ff17 | 0117 8012 | fd03 17aa | f50b 00b9 | f84f 01a9 

  0x0000000117f0e198: ; ImmutableOopMap {rfp=Oop [16]=Oop [24]=Oop }
                      ;*ifnonnull {reexecute=1 rethrow=0 return_oop=0}
                      ; - (reexecute) java.awt.Toolkit::getDefaultToolkit@3 (line 594)
                      ; - java.awt.Toolkit::getEventQueue@0 (line 1500)
                      ; - java.awt.EventQueue::setCurrentEventAndMostRecentTime@0 (line 1267)
                      ; - java.awt.Component::dispatchEventImpl@88 (line 4901)
                      ;   {runtime_call UncommonTrapBlob}
  0x0000000117f0e198: 7a63 c097 

  0x0000000117f0e19c: ;   {other}
  0x0000000117f0e19c: 1f20 03d5 | 9f41 8cf2 | 1f80 95f2 | 0117 8012 | fd03 17aa | f50b 00b9 | f82b 01a9 

  0x0000000117f0e1b8: ; ImmutableOopMap {rfp=Oop [16]=Oop [24]=Oop }
                      ;*ifnull {reexecute=1 rethrow=0 return_oop=0}
                      ; - (reexecute) sun.awt.AppContext::getAppContext@13 (line 290)
                      ; - sun.awt.SunToolkit::getSystemEventQueueImplPP@0 (line 1132)
                      ; - sun.awt.SunToolkit::getSystemEventQueueImpl@0 (line 1127)
                      ; - java.awt.Toolkit::getEventQueue@3 (line 1500)
                      ; - java.awt.EventQueue::setCurrentEventAndMostRecentTime@0 (line 1267)
                      ; - java.awt.Component::dispatchEventImpl@88 (line 4901)
                      ;   {runtime_call UncommonTrapBlob}
  0x0000000117f0e1b8: 7263 c097 

  0x0000000117f0e1bc: ;   {other}
  0x0000000117f0e1bc: 1f20 03d5 | 9f45 8cf2 | 1fa0 95f2 | 0117 8012 | fd03 17aa | f50b 00b9 | f843 01a9 | ea47 03a9 
  0x0000000117f0e1dc: ; ImmutableOopMap {rfp=Oop [16]=Oop [24]=Oop [48]=Oop [56]=Oop }
                      ;*ifnull {reexecute=1 rethrow=0 return_oop=0}
                      ; - (reexecute) sun.awt.AppContext::get@13 (line 615)
                      ; - sun.awt.SunToolkit::getSystemEventQueueImplPP@4 (line 1137)
                      ; - sun.awt.SunToolkit::getSystemEventQueueImplPP@3 (line 1132)
                      ; - sun.awt.SunToolkit::getSystemEventQueueImpl@0 (line 1127)
                      ; - java.awt.Toolkit::getEventQueue@3 (line 1500)
                      ; - java.awt.EventQueue::setCurrentEventAndMostRecentTime@0 (line 1267)
                      ; - java.awt.Component::dispatchEventImpl@88 (line 4901)
                      ;   {runtime_call UncommonTrapBlob}
  0x0000000117f0e1dc: 6963 c097 

  0x0000000117f0e1e0: ;   {other}
  0x0000000117f0e1e0: 1f20 03d5 | 1f4a 8cf2 | 1fc0 95f2 | 0117 8012 | fd03 17aa | f803 00f9 | f50b 00b9 | f067 01a9 
  0x0000000117f0e200: ea13 00f9 

  0x0000000117f0e204: ; ImmutableOopMap {rfp=Oop [0]=Oop [16]=Oop [24]=Oop [32]=Oop }
                      ;*if_acmpeq {reexecute=1 rethrow=0 return_oop=0}
                      ; - (reexecute) java.awt.EventQueue::setCurrentEventAndMostRecentTimeImpl@22 (line 1272)
                      ; - java.awt.EventQueue::setCurrentEventAndMostRecentTime@4 (line 1267)
                      ; - java.awt.Component::dispatchEventImpl@88 (line 4901)
                      ;   {runtime_call UncommonTrapBlob}
  0x0000000117f0e204: 5f63 c097 

  0x0000000117f0e208: ;   {other}
  0x0000000117f0e208: 1f20 03d5 | 1f4f 8cf2 | 1fe0 95f2 | 0117 8012 | fd03 17aa | f803 00f9 | f50b 00b9 | f42b 01a9 
  0x0000000117f0e228: f913 00f9 

  0x0000000117f0e22c: ; ImmutableOopMap {rfp=Oop [0]=Oop [16]=Oop [24]=Oop [32]=Oop }
                      ;*if_acmpeq {reexecute=1 rethrow=0 return_oop=0}
                      ; - (reexecute) java.util.concurrent.locks.ReentrantLock$Sync::tryRelease@14 (line 174)
                      ; - java.util.concurrent.locks.AbstractQueuedSynchronizer::release@2 (line 1093)
                      ; - java.util.concurrent.locks.ReentrantLock::unlock@5 (line 494)
                      ; - java.awt.EventQueue::setCurrentEventAndMostRecentTimeImpl@168 (line 1305)
                      ; - java.awt.EventQueue::setCurrentEventAndMostRecentTime@4 (line 1267)
                      ; - java.awt.Component::dispatchEventImpl@88 (line 4901)
                      ;   {runtime_call UncommonTrapBlob}
  0x0000000117f0e22c: 5563 c097 

  0x0000000117f0e230: ;   {other}
  0x0000000117f0e230: 1f20 03d5 | 1f54 8cf2 | 1f00 96f2 | fb03 0f2a | e143 0291 | e203 1caa | e003 11aa | c900 0010 
  0x0000000117f0e250: 89d7 01f9 

  0x0000000117f0e254: ;   {runtime_call SharedRuntime::complete_monitor_unlocking_C(oopDesc*, BasicLock*, JavaThread*)}
  0x0000000117f0e254: 8852 8ad2 | c858 a1f2 | 2800 c0f2 | 0001 3fd6 

  0x0000000117f0e264: ;   {other}
  0x0000000117f0e264: 1f20 03d5 | 1f00 80f2 | 1f00 80f2 | f603 152a | f503 162a | ef03 1b2a | bfef ff17 | f047 01a9 
  0x0000000117f0e284: ef03 00b9 | ee13 00f9 | ecb7 0029 | e103 1caa | c900 0010 | 89d7 01f9 

  0x0000000117f0e29c: ;   {runtime_call G1BarrierSetRuntime::write_ref_field_pre_entry(oopDesc*, JavaThread*)}
  0x0000000117f0e29c: 88a7 8ed2 | 684e a1f2 | 2800 c0f2 | 0001 3fd6 

  0x0000000117f0e2ac: ;   {other}
  0x0000000117f0e2ac: 1f20 03d5 | 1f00 80f2 | 1f00 80f2 | fd03 19aa | f903 152a | f503 192a | f903 1daa | ef33 4029 
  0x0000000117f0e2cc: ed0b 40b9 | f047 41a9 | ee13 40f9 | 2df0 ff17 | f0c7 00a9 | fd03 0f2a | ee0f 00f9 | ec37 0029 
  0x0000000117f0e2ec: e103 1caa | c900 0010 | 89d7 01f9 

  0x0000000117f0e2f8: ;   {runtime_call G1BarrierSetRuntime::write_ref_field_pre_entry(oopDesc*, JavaThread*)}
  0x0000000117f0e2f8: 88a7 8ed2 | 684e a1f2 | 2800 c0f2 | 0001 3fd6 

  0x0000000117f0e308: ;   {other}
  0x0000000117f0e308: 1f20 03d5 | 1f00 80f2 | 1f00 80f2 | fa03 19aa | f903 152a | f503 192a | f903 1aaa | ef03 1d2a 
  0x0000000117f0e328: ec37 4029 | f0c7 40a9 | ee0f 40f9 | 28f0 ff17 | f0c7 00a9 | fd03 0f2a | ee0f 00f9 | ec37 0029 
  0x0000000117f0e348: e103 1caa | c900 0010 | 89d7 01f9 

  0x0000000117f0e354: ;   {runtime_call G1BarrierSetRuntime::write_ref_field_pre_entry(oopDesc*, JavaThread*)}
  0x0000000117f0e354: 88a7 8ed2 | 684e a1f2 | 2800 c0f2 | 0001 3fd6 

  0x0000000117f0e364: ;   {other}
  0x0000000117f0e364: 1f20 03d5 | 1f00 80f2 | 1f00 80f2 | fa03 19aa | f903 152a | f503 192a | f903 1aaa | ef03 1d2a 
  0x0000000117f0e384: ec37 4029 | f0c7 40a9 | ee0f 40f9 | d8ef ff17 | f0c7 00a9 | fd03 0f2a | ee0f 00f9 | ec37 0029 
  0x0000000117f0e3a4: e103 1caa | c900 0010 | 89d7 01f9 

  0x0000000117f0e3b0: ;   {runtime_call G1BarrierSetRuntime::write_ref_field_pre_entry(oopDesc*, JavaThread*)}
  0x0000000117f0e3b0: 88a7 8ed2 | 684e a1f2 | 2800 c0f2 | 0001 3fd6 

  0x0000000117f0e3c0: ;   {other}
  0x0000000117f0e3c0: 1f20 03d5 | 1f00 80f2 | 1f00 80f2 | fa03 19aa | f903 152a | f503 192a | f903 1aaa | ef03 1d2a 
  0x0000000117f0e3e0: ec37 4029 | f0c7 40a9 | ee0f 40f9 | d6ef ff17 | 0117 8012 | fd03 17aa | f52b 0129 | f843 01a9 
  0x0000000117f0e400: f117 00f9 

  0x0000000117f0e404: ; ImmutableOopMap {rfp=Oop [16]=Oop [24]=Oop [40]=Oop }
                      ;*ifle {reexecute=1 rethrow=0 return_oop=0}
                      ; - (reexecute) java.util.HashMap::getNode@14 (line 575)
                      ; - java.util.HashMap::get@2 (line 564)
                      ; - sun.awt.AppContext::get@36 (line 619)
                      ; - sun.awt.SunToolkit::getSystemEventQueueImplPP@4 (line 1137)
                      ; - sun.awt.SunToolkit::getSystemEventQueueImplPP@3 (line 1132)
                      ; - sun.awt.SunToolkit::getSystemEventQueueImpl@0 (line 1127)
                      ; - java.awt.Toolkit::getEventQueue@3 (line 1500)
                      ; - java.awt.EventQueue::setCurrentEventAndMostRecentTime@0 (line 1267)
                      ; - java.awt.Component::dispatchEventImpl@88 (line 4901)
                      ;   {runtime_call UncommonTrapBlob}
  0x0000000117f0e404: df62 c097 

  0x0000000117f0e408: ;   {other}
  0x0000000117f0e408: 1f20 03d5 | 1f8f 8cf2 | 1f20 96f2 | 0117 8012 | fd03 17aa | f50b 00b9 | f843 01a9 | eeef 02a9 
  0x0000000117f0e428: f11f 00f9 

  0x0000000117f0e42c: ; ImmutableOopMap {rfp=Oop [16]=Oop [24]=Oop [40]=Oop [48]=Oop [56]=Oop }
                      ;*ifnonnull {reexecute=1 rethrow=0 return_oop=0}
                      ; - (reexecute) sun.awt.AppContext::get@47 (line 620)
                      ; - sun.awt.SunToolkit::getSystemEventQueueImplPP@4 (line 1137)
                      ; - sun.awt.SunToolkit::getSystemEventQueueImplPP@3 (line 1132)
                      ; - sun.awt.SunToolkit::getSystemEventQueueImpl@0 (line 1127)
                      ; - java.awt.Toolkit::getEventQueue@3 (line 1500)
                      ; - java.awt.EventQueue::setCurrentEventAndMostRecentTime@0 (line 1267)
                      ; - java.awt.Component::dispatchEventImpl@88 (line 4901)
                      ;   {runtime_call UncommonTrapBlob}
  0x0000000117f0e42c: d562 c097 

  0x0000000117f0e430: ;   {other}
  0x0000000117f0e430: 1f20 03d5 | 1f94 8cf2 | 1f40 96f2 | 4c49 0651 | 9f69 0971 | c392 fd54 | fd07 40f9 | ec13 40b9 
  0x0000000117f0e450: ec0b 00b9 | ec13 40f9 | ec0b 00f9 | eca3 42a9 | e817 00f9 | e177 1832 | ea0f 00b9 | ecd3 01a9 
  0x0000000117f0e470: f31b 00f9 

  0x0000000117f0e474: ; ImmutableOopMap {rfp=Oop [16]=Oop [24]=Oop [32]=Oop [40]=Oop [48]=Oop }
                      ;*lookupswitch {reexecute=1 rethrow=0 return_oop=0}
                      ; - (reexecute) sun.awt.im.InputContext::dispatchEvent@57 (line 243)
                      ; - sun.awt.im.InputMethodContext::dispatchEvent@58 (line 197)
                      ; - java.awt.Component::dispatchEventImpl@365 (line 4991)
                      ;   {runtime_call UncommonTrapBlob}
  0x0000000117f0e474: c362 c097 

  0x0000000117f0e478: ;   {other}
  0x0000000117f0e478: 1f20 03d5 | 1f9d 8cf2 | 1f60 96f2 | ea13 40f9 | 0117 8012 | ed03 00f9 | ea0b 00f9 

  0x0000000117f0e494: ; ImmutableOopMap {rfp=Oop [0]=Oop [8]=Oop [16]=Oop [40]=Oop }
                      ;*ifnull {reexecute=1 rethrow=0 return_oop=0}
                      ; - (reexecute) java.awt.Component::dispatchEventImpl@737 (line 5098)
                      ;   {runtime_call UncommonTrapBlob}
  0x0000000117f0e494: bb62 c097 

  0x0000000117f0e498: ;   {other}
  0x0000000117f0e498: 1f20 03d5 | 1fa1 8cf2 | 1f80 96f2 | 0117 8012 | fd03 17aa | f50b 00b9 | f063 01a9 

  0x0000000117f0e4b4: ; ImmutableOopMap {rfp=Oop [16]=Oop [24]=Oop }
                      ;*ifeq {reexecute=1 rethrow=0 return_oop=0}
                      ; - (reexecute) java.awt.EventQueue::setCurrentEventAndMostRecentTimeImpl@93 (line 1293)
                      ; - java.awt.EventQueue::setCurrentEventAndMostRecentTime@4 (line 1267)
                      ; - java.awt.Component::dispatchEventImpl@88 (line 4901)
                      ;   {runtime_call UncommonTrapBlob}
  0x0000000117f0e4b4: b362 c097 

  0x0000000117f0e4b8: ;   {other}
  0x0000000117f0e4b8: 1f20 03d5 | 1fa5 8cf2 | 1fa0 96f2 | 0117 8012 | fd03 17aa | f50b 00b9 | f063 01a9 

  0x0000000117f0e4d4: ; ImmutableOopMap {rfp=Oop [16]=Oop [24]=Oop }
                      ;*ifeq {reexecute=1 rethrow=0 return_oop=0}
                      ; - (reexecute) java.awt.EventQueue::setCurrentEventAndMostRecentTimeImpl@115 (line 1296)
                      ; - java.awt.EventQueue::setCurrentEventAndMostRecentTime@4 (line 1267)
                      ; - java.awt.Component::dispatchEventImpl@88 (line 4901)
                      ;   {runtime_call UncommonTrapBlob}
  0x0000000117f0e4d4: ab62 c097 

  0x0000000117f0e4d8: ;   {other}
  0x0000000117f0e4d8: 1f20 03d5 | 1fa9 8cf2 | 1fc0 96f2 | ea07 40f9 | 2107 8012 | ea03 00f9 | eb0b 00f9 

  0x0000000117f0e4f4: ; ImmutableOopMap {rfp=Oop [0]=Oop [16]=Oop }
                      ;*invokevirtual dispatchMouseWheelToAncestor {reexecute=0 rethrow=0 return_oop=0}
                      ; - java.awt.Component::dispatchEventImpl@214 (line 4942)
                      ;   {runtime_call UncommonTrapBlob}
  0x0000000117f0e4f4: a362 c097 

  0x0000000117f0e4f8: ;   {other}
  0x0000000117f0e4f8: 1f20 03d5 | 1fad 8cf2 | 1fe0 96f2 | 0117 8012 | fd03 0daa | eb03 00f9 | ea0b 00b9 

  0x0000000117f0e514: ; ImmutableOopMap {rfp=Oop [0]=Oop [32]=Oop [40]=Oop }
                      ;*ifeq {reexecute=1 rethrow=0 return_oop=0}
                      ; - (reexecute) java.awt.Component::dispatchEventImpl@476 (line 5024)
                      ;   {runtime_call UncommonTrapBlob}
  0x0000000117f0e514: 9b62 c097 

  0x0000000117f0e518: ;   {other}
  0x0000000117f0e518: 1f20 03d5 | 1fb1 8cf2 | 1f00 97f2 | ed03 00f9 | ea0b 00b9 | eb0b 00f9 | e9ff 9fd2 | e9ff bff2 
  0x0000000117f0e538: e9ff dff2 

  0x0000000117f0e53c: ; ImmutableOopMap {[0]=Oop [16]=Oop [32]=Oop [40]=Oop }
                      ;*invokevirtual preProcessKeyEvent {reexecute=0 rethrow=0 return_oop=0}
                      ; - java.awt.Component::dispatchEventImpl@503 (line 5026)
                      ;   {virtual_call}
  0x0000000117f0e53c: d147 c097 

  0x0000000117f0e540: ;   {other}
  0x0000000117f0e540: 1f20 03d5 | 1fb6 8cf2 | 1f20 97f2 | ed03 40f9 | ea0b 40b9 | eb0b 40f9 | def1 ff17 | ea03 00b9 
  0x0000000117f0e560: eb07 00f9 | fd03 0daa | e103 0baa | e9ff 9fd2 | e9ff bff2 | e9ff dff2 

  0x0000000117f0e578: ; ImmutableOopMap {rfp=Oop [8]=Oop [32]=Oop [40]=Oop }
                      ;*invokevirtual isConsumed {reexecute=0 rethrow=0 return_oop=0}
                      ; - java.awt.Component::dispatchEventImpl@507 (line 5027)
                      ;   {virtual_call}
  0x0000000117f0e578: c247 c097 

  0x0000000117f0e57c: ;   {other}
  0x0000000117f0e57c: 1f20 03d5 | 9fbd 8cf2 | 1f40 97f2 | ed03 1daa | ea03 40b9 | eb07 40f9 | d5f1 ff17 | e17b 1a32 
  0x0000000117f0e59c: fd03 0baa 

  0x0000000117f0e5a0: ; ImmutableOopMap {rfp=Oop }
                      ;*checkcast {reexecute=0 rethrow=0 return_oop=0}
                      ; - java.awt.Component::dispatchEventImpl@500 (line 5026)
                      ;   {runtime_call UncommonTrapBlob}
  0x0000000117f0e5a0: 7862 c097 

  0x0000000117f0e5a4: ;   {other}
  0x0000000117f0e5a4: 1f20 03d5 | 9fc2 8cf2 | 1f60 97f2 | fd03 17aa | f50b 00b9 | f85b 01a9 | e14f 02a9 | 2107 8012 
  0x0000000117f0e5c4: ; ImmutableOopMap {rfp=Oop [16]=Oop [24]=Oop [32]=Oop [40]=Oop }
                      ;*invokeinterface eventDispatched {reexecute=0 rethrow=0 return_oop=0}
                      ; - java.awt.Toolkit::notifyAWTEventListeners@30 (line 2052)
                      ; - java.awt.Component::dispatchEventImpl@280 (line 4955)
                      ;   {runtime_call UncommonTrapBlob}
  0x0000000117f0e5c4: 6f62 c097 

  0x0000000117f0e5c8: ;   {other}
  0x0000000117f0e5c8: 1f20 03d5 | 1fc7 8cf2 | 1f80 97f2 | f403 40f9 | 8b16 40b9 | 60f1 7dd3 | 00b9 feb4 | 8a17 40f9 
  0x0000000117f0e5e8: aa63 00b4 | 8b1f 40f9 | 4c21 00d1 | 6a01 0a8b | 4081 1ff8 | 8c17 00f9 | c0f5 ff17 | 8a2f 40f9 
  0x0000000117f0e608: 8b27 40f9 | bf3b 03d5 | 0d00 c039 | 4d02 0034 | 1f00 0039 | cb00 00b4 | 6c21 00d1 | 4a01 0b8b 
  0x0000000117f0e628: 4081 1ff8 | 8c27 00f9 | 0b00 0014 | e103 1caa | c900 0010 | 89d7 01f9 

  0x0000000117f0e640: ;   {runtime_call G1BarrierSetRuntime::write_ref_field_post_entry(unsigned char volatile*, JavaThread*)}
  0x0000000117f0e640: 88ac 8ed2 | 684e a1f2 | 2800 c0f2 | 0001 3fd6 

  0x0000000117f0e650: ;   {other}
  0x0000000117f0e650: 1f20 03d5 | 1f00 80f2 | 1f00 80f2 | 9316 40b9 | b9f5 ff17 | f313 40f9 | 6b22 40b9 | 60f1 7dd3 
  0x0000000117f0e670: a0cb feb4 | 8a17 40f9 | 8a60 00b4 | 8b1f 40f9 | 4c21 00d1 | 6a01 0a8b | 4081 1ff8 | 8c17 00f9 
  0x0000000117f0e690: 55f6 ff17 | 8a2f 40f9 | 8b27 40f9 | bf3b 03d5 | 0c00 c039 | 4ccc fe34 | 1f00 0039 | 8b01 00b5 
  0x0000000117f0e6b0: e103 1caa | c900 0010 | 89d7 01f9 

  0x0000000117f0e6bc: ;   {runtime_call G1BarrierSetRuntime::write_ref_field_post_entry(unsigned char volatile*, JavaThread*)}
  0x0000000117f0e6bc: 88ac 8ed2 | 684e a1f2 | 2800 c0f2 | 0001 3fd6 

  0x0000000117f0e6cc: ;   {other}
  0x0000000117f0e6cc: 1f20 03d5 | 1f00 80f2 | 1f00 80f2 | 55f6 ff17 | 6c21 00d1 | 4a01 0b8b | 4081 1ff8 | 8c27 00f9 
  0x0000000117f0e6ec: 50f6 ff17 | fd03 40f9 | eb0b 40b9 | e17b 1a32 | eb03 00b9 

  0x0000000117f0e700: ; ImmutableOopMap {rfp=Oop [16]=Oop }
                      ;*checkcast {reexecute=0 rethrow=0 return_oop=0}
                      ; - java.awt.KeyboardFocusManager::retargetFocusEvent@225 (line 2953)
                      ; - java.awt.Component::dispatchEventImpl@121 (line 4918)
                      ;   {runtime_call UncommonTrapBlob}
  0x0000000117f0e700: 2062 c097 

  0x0000000117f0e704: ;   {other}
  0x0000000117f0e704: 1f20 03d5 | 9fee 8cf2 | 1fa0 97f2 | fd03 40f9 | ea0b 40b9 | e17b 1a32 | ea03 00b9 

  0x0000000117f0e720: ; ImmutableOopMap {rfp=Oop [16]=Oop }
                      ;*checkcast {reexecute=0 rethrow=0 return_oop=0}
                      ; - java.awt.KeyboardFocusManager::retargetFocusEvent@236 (line 2957)
                      ; - java.awt.Component::dispatchEventImpl@121 (line 4918)
                      ;   {runtime_call UncommonTrapBlob}
  0x0000000117f0e720: 1862 c097 

  0x0000000117f0e724: ;   {other}
  0x0000000117f0e724: 1f20 03d5 | 9ff2 8cf2 | 1fc0 97f2 | e103 0daa | e9ff 9fd2 | e9ff bff2 | e9ff dff2 

  0x0000000117f0e740: ; ImmutableOopMap {[0]=Oop [24]=Oop [32]=Oop [40]=Oop }
                      ;*invokevirtual getInputContext {reexecute=0 rethrow=0 return_oop=1}
                      ; - java.awt.Component::dispatchEventImpl@421 (line 5005)
                      ;   {virtual_call}
  0x0000000117f0e740: 5047 c097 

  0x0000000117f0e744: ;   {other}
  0x0000000117f0e744: 1f20 03d5 | 9ff6 8cf2 | 1fe0 97f2 | 93f1 ff17 | fd03 40f9 | ea0f 40f9 | 0117 8012 | ea03 00f9 
  0x0000000117f0e764: e00f 00f9 

  0x0000000117f0e768: ; ImmutableOopMap {rfp=Oop [0]=Oop [24]=Oop [32]=Oop [40]=Oop }
                      ;*ifeq {reexecute=1 rethrow=0 return_oop=0}
                      ; - (reexecute) java.awt.Component::dispatchEventImpl@431 (line 5006)
                      ;   {runtime_call UncommonTrapBlob}
  0x0000000117f0e768: 0662 c097 

  0x0000000117f0e76c: ;   {other}
  0x0000000117f0e76c: 1f20 03d5 | 9ffb 8cf2 | 1f00 98f2 | f013 40f9 | 0b22 40b9 | 60f1 7dd3 | 20d7 feb4 | 8a17 40f9 
  0x0000000117f0e78c: 4a59 00b4 | 8b1f 40f9 | 4c21 00d1 | 6a01 0a8b | 4081 1ff8 | 8c17 00f9 | b1f6 ff17 | 8a2f 40f9 
  0x0000000117f0e7ac: 8b27 40f9 | bf3b 03d5 | 0c00 c039 | ccd7 fe34 | 1f00 0039 | cb01 00b5 | f303 10aa | e103 1caa 
  0x0000000117f0e7cc: c900 0010 | 89d7 01f9 

  0x0000000117f0e7d4: ;   {runtime_call G1BarrierSetRuntime::write_ref_field_post_entry(unsigned char volatile*, JavaThread*)}
  0x0000000117f0e7d4: 88ac 8ed2 | 684e a1f2 | 2800 c0f2 | 0001 3fd6 

  0x0000000117f0e7e4: ;   {other}
  0x0000000117f0e7e4: 1f20 03d5 | 1f00 80f2 | 1f00 80f2 | f003 13aa | aff6 ff17 | 6c21 00d1 | 4a01 0b8b | 4081 1ff8 
  0x0000000117f0e804: 8c27 00f9 | aaf6 ff17 | ee17 40f9 | cb21 40b9 | 60f1 7dd3 | a0e5 feb4 | 8a17 40f9 | 4a56 00b4 
  0x0000000117f0e824: 8b1f 40f9 | 4c21 00d1 | 6a01 0a8b | 4081 1ff8 | 8c17 00f9 | 25f7 ff17 | 8a2f 40f9 | 8b27 40f9 
  0x0000000117f0e844: bf3b 03d5 | 0c00 c039 | 4ce6 fe34 | 1f00 0039 | cb01 00b5 | f303 0eaa | e103 1caa | c900 0010 
  0x0000000117f0e864: 89d7 01f9 

  0x0000000117f0e868: ;   {runtime_call G1BarrierSetRuntime::write_ref_field_post_entry(unsigned char volatile*, JavaThread*)}
  0x0000000117f0e868: 88ac 8ed2 | 684e a1f2 | 2800 c0f2 | 0001 3fd6 

  0x0000000117f0e878: ;   {other}
  0x0000000117f0e878: 1f20 03d5 | 1f00 80f2 | 1f00 80f2 | ee03 13aa | 23f7 ff17 | 6c21 00d1 | 4a01 0b8b | 4081 1ff8 
  0x0000000117f0e898: 8c27 00f9 | 1ef7 ff17 | 0117 8012 | fd03 17aa | f803 00f9 | f50b 00b9 | ee0b 00f9 

  0x0000000117f0e8b4: ; ImmutableOopMap {rfp=Oop [0]=Oop [16]=Oop }
                      ;*ifeq {reexecute=1 rethrow=0 return_oop=0}
                      ; - (reexecute) java.util.concurrent.locks.LockSupport::unpark@8 (line 178)
                      ; - java.util.concurrent.locks.AbstractQueuedSynchronizer::signalNext@30 (line 645)
                      ; - java.util.concurrent.locks.AbstractQueuedSynchronizer::release@12 (line 1094)
                      ; - java.util.concurrent.locks.ReentrantLock::unlock@5 (line 494)
                      ; - java.awt.EventQueue::setCurrentEventAndMostRecentTimeImpl@168 (line 1305)
                      ; - java.awt.EventQueue::setCurrentEventAndMostRecentTime@4 (line 1267)
                      ; - java.awt.Component::dispatchEventImpl@88 (line 4901)
                      ;   {runtime_call UncommonTrapBlob}
  0x0000000117f0e8b4: b361 c097 

  0x0000000117f0e8b8: ;   {other}
  0x0000000117f0e8b8: 1f20 03d5 | 1f25 8df2 | 1f20 98f2 | 0117 8012 | fd03 17aa | f50b 0129 | f843 01a9 | f18f 02a9 
  0x0000000117f0e8d8: ; ImmutableOopMap {rfp=Oop [16]=Oop [24]=Oop [40]=Oop [48]=Oop }
                      ;*ifeq {reexecute=1 rethrow=0 return_oop=0}
                      ; - (reexecute) java.util.HashMap::getNode@131 (line 585)
                      ; - java.util.HashMap::get@2 (line 564)
                      ; - sun.awt.AppContext::get@36 (line 619)
                      ; - sun.awt.SunToolkit::getSystemEventQueueImplPP@4 (line 1137)
                      ; - sun.awt.SunToolkit::getSystemEventQueueImplPP@3 (line 1132)
                      ; - sun.awt.SunToolkit::getSystemEventQueueImpl@0 (line 1127)
                      ; - java.awt.Toolkit::getEventQueue@3 (line 1500)
                      ; - java.awt.EventQueue::setCurrentEventAndMostRecentTime@0 (line 1267)
                      ; - java.awt.Component::dispatchEventImpl@88 (line 4901)
                      ;   {runtime_call UncommonTrapBlob}
  0x0000000117f0e8d8: aa61 c097 

  0x0000000117f0e8dc: ;   {other}
  0x0000000117f0e8dc: 1f20 03d5 | 9f29 8df2 | 1f40 98f2 | f117 40f9 | 2a22 40b9 | 40f1 7dd3 | 4002 ffb4 | 8a17 40f9 
  0x0000000117f0e8fc: 0a5e 00b4 | 8b1f 40f9 | 4c21 00d1 | 6a01 0a8b | 4081 1ff8 | 8c17 00f9 | 0af8 ff17 | ef17 40f9 
  0x0000000117f0e91c: eb21 40b9 | 60f1 7dd3 | 2005 ffb4 | 8a17 40f9 | 2a5e 00b4 | 8b1f 40f9 | 4c21 00d1 | 6a01 0a8b 
  0x0000000117f0e93c: 4081 1ff8 | 8c17 00f9 | 21f8 ff17 | 8a2f 40f9 | 8b27 40f9 | bf3b 03d5 | 0d00 c039 | 6d01 ff34 
  0x0000000117f0e95c: 1f00 0039 | cb01 00b5 | f303 11aa | e103 1caa | c900 0010 | 89d7 01f9 

  0x0000000117f0e974: ;   {runtime_call G1BarrierSetRuntime::write_ref_field_post_entry(unsigned char volatile*, JavaThread*)}
  0x0000000117f0e974: 88ac 8ed2 | 684e a1f2 | 2800 c0f2 | 0001 3fd6 

  0x0000000117f0e984: ;   {other}
  0x0000000117f0e984: 1f20 03d5 | 1f00 80f2 | 1f00 80f2 | f103 13aa | fcf7 ff17 | 6c21 00d1 | 4a01 0b8b | 4081 1ff8 
  0x0000000117f0e9a4: 8c27 00f9 | f7f7 ff17 | 8a2f 40f9 | 8b27 40f9 | bf3b 03d5 | 0c00 c039 | ac02 ff34 | 1f00 0039 
  0x0000000117f0e9c4: cb01 00b5 | f303 0faa | e103 1caa | c900 0010 | 89d7 01f9 

  0x0000000117f0e9d8: ;   {runtime_call G1BarrierSetRuntime::write_ref_field_post_entry(unsigned char volatile*, JavaThread*)}
  0x0000000117f0e9d8: 88ac 8ed2 | 684e a1f2 | 2800 c0f2 | 0001 3fd6 

  0x0000000117f0e9e8: ;   {other}
  0x0000000117f0e9e8: 1f20 03d5 | 1f00 80f2 | 1f00 80f2 | ef03 13aa | 06f8 ff17 | 6c21 00d1 | 4a01 0b8b | 4081 1ff8 
  0x0000000117f0ea08: 8c27 00f9 | 01f8 ff17 | f513 40f9 | ab22 40b9 | 60f1 7dd3 | 401a ffb4 | 8a17 40f9 | 0a58 00b4 
  0x0000000117f0ea28: 8b1f 40f9 | 4c21 00d1 | 6a01 0a8b | 4081 1ff8 | 8c17 00f9 | caf8 ff17 | 8a2f 40f9 | 8b27 40f9 
  0x0000000117f0ea48: bf3b 03d5 | 0c00 c039 | ec1a ff34 | 1f00 0039 | 8b01 00b5 | e103 1caa | c900 0010 | 89d7 01f9 
  0x0000000117f0ea68: ;   {runtime_call G1BarrierSetRuntime::write_ref_field_post_entry(unsigned char volatile*, JavaThread*)}
  0x0000000117f0ea68: 88ac 8ed2 | 684e a1f2 | 2800 c0f2 | 0001 3fd6 

  0x0000000117f0ea78: ;   {other}
  0x0000000117f0ea78: 1f20 03d5 | 1f00 80f2 | 1f00 80f2 | caf8 ff17 | 6c21 00d1 | 4a01 0b8b | 4081 1ff8 | 8c27 00f9 
  0x0000000117f0ea98: c5f8 ff17 | ed13 40f9 | ab21 40b9 | 60f1 7dd3 | a01b ffb4 | 8a17 40f9 | 0a55 00b4 | 8b1f 40f9 
  0x0000000117f0eab8: 4c21 00d1 | 6a01 0a8b | 4081 1ff8 | 8c17 00f9 | d5f8 ff17 | 8a2f 40f9 | 8b27 40f9 | bf3b 03d5 
  0x0000000117f0ead8: 0e00 c039 | 4e1c ff34 | 1f00 0039 | cb01 00b5 | f303 0daa | e103 1caa | c900 0010 | 89d7 01f9 
  0x0000000117f0eaf8: ;   {runtime_call G1BarrierSetRuntime::write_ref_field_post_entry(unsigned char volatile*, JavaThread*)}
  0x0000000117f0eaf8: 88ac 8ed2 | 684e a1f2 | 2800 c0f2 | 0001 3fd6 

  0x0000000117f0eb08: ;   {other}
  0x0000000117f0eb08: 1f20 03d5 | 1f00 80f2 | 1f00 80f2 | ed03 13aa | d3f8 ff17 | 6c21 00d1 | 4a01 0b8b | 4081 1ff8 
  0x0000000117f0eb28: 8c27 00f9 | cef8 ff17 | ed17 40f9 | ab21 40b9 | 60f1 7dd3 | c020 ffb4 | 8a17 40f9 | 0a52 00b4 
  0x0000000117f0eb48: 8b1f 40f9 | 4c21 00d1 | 6a01 0a8b | 4081 1ff8 | 8c17 00f9 | fef8 ff17 | 8a2f 40f9 | 8b27 40f9 
  0x0000000117f0eb68: bf3b 03d5 | 0c00 c039 | 6c21 ff34 | 1f00 0039 | cb01 00b5 | f303 0daa | e103 1caa | c900 0010 
  0x0000000117f0eb88: 89d7 01f9 

  0x0000000117f0eb8c: ;   {runtime_call G1BarrierSetRuntime::write_ref_field_post_entry(unsigned char volatile*, JavaThread*)}
  0x0000000117f0eb8c: 88ac 8ed2 | 684e a1f2 | 2800 c0f2 | 0001 3fd6 

  0x0000000117f0eb9c: ;   {other}
  0x0000000117f0eb9c: 1f20 03d5 | 1f00 80f2 | 1f00 80f2 | ed03 13aa | fcf8 ff17 | 6c21 00d1 | 4a01 0b8b | 4081 1ff8 
  0x0000000117f0ebbc: 8c27 00f9 | f7f8 ff17 | ed17 40f9 | aa21 40b9 | 40f1 7dd3 | c056 ffb4 | 8a17 40f9 | 0a4f 00b4 
  0x0000000117f0ebdc: 8b1f 40f9 | 4c21 00d1 | 6a01 0a8b | 4081 1ff8 | 8c17 00f9 | aefa ff17 | ed17 40f9 | ab21 40b9 
  0x0000000117f0ebfc: 60f1 7dd3 | 0059 ffb4 | 8a17 40f9 | 2a4f 00b4 | 8b1f 40f9 | 4c21 00d1 | 6a01 0a8b | 4081 1ff8 
  0x0000000117f0ec1c: 8c17 00f9 | c0fa ff17 | 8a2f 40f9 | 8b27 40f9 | bf3b 03d5 | 0e00 c039 | ee55 ff34 | 1f00 0039 
  0x0000000117f0ec3c: cb01 00b5 | f303 0daa | e103 1caa | c900 0010 | 89d7 01f9 

  0x0000000117f0ec50: ;   {runtime_call G1BarrierSetRuntime::write_ref_field_post_entry(unsigned char volatile*, JavaThread*)}
  0x0000000117f0ec50: 88ac 8ed2 | 684e a1f2 | 2800 c0f2 | 0001 3fd6 

  0x0000000117f0ec60: ;   {other}
  0x0000000117f0ec60: 1f20 03d5 | 1f00 80f2 | 1f00 80f2 | ed03 13aa | a0fa ff17 | 6c21 00d1 | 4a01 0b8b | 4081 1ff8 
  0x0000000117f0ec80: 8c27 00f9 | 9bfa ff17 | 8a2f 40f9 | 8b27 40f9 | bf3b 03d5 | 0c00 c039 | 8c56 ff34 | 1f00 0039 
  0x0000000117f0eca0: cb01 00b5 | f303 0daa | e103 1caa | c900 0010 | 89d7 01f9 

  0x0000000117f0ecb4: ;   {runtime_call G1BarrierSetRuntime::write_ref_field_post_entry(unsigned char volatile*, JavaThread*)}
  0x0000000117f0ecb4: 88ac 8ed2 | 684e a1f2 | 2800 c0f2 | 0001 3fd6 

  0x0000000117f0ecc4: ;   {other}
  0x0000000117f0ecc4: 1f20 03d5 | 1f00 80f2 | 1f00 80f2 | ed03 13aa | a5fa ff17 | 6c21 00d1 | 4a01 0b8b | 4081 1ff8 
  0x0000000117f0ece4: 8c27 00f9 | a0fa ff17 | fd03 0daa | e17b 1a32 

  0x0000000117f0ecf4: ; ImmutableOopMap {rfp=Oop }
                      ;*checkcast {reexecute=0 rethrow=0 return_oop=0}
                      ; - sun.awt.im.InputContext::dispatchEvent@97 (line 245)
                      ; - sun.awt.im.InputMethodContext::dispatchEvent@58 (line 197)
                      ; - java.awt.Component::dispatchEventImpl@365 (line 4991)
                      ;   {runtime_call UncommonTrapBlob}
  0x0000000117f0ecf4: a360 c097 

  0x0000000117f0ecf8: ;   {other}
  0x0000000117f0ecf8: 1f20 03d5 | 1fad 8df2 | 1f60 98f2 | f95b 01a9 | f50b 00b9 | e103 00f9 | f313 00f9 | e103 13aa 
  0x0000000117f0ed18: fd03 02aa | e243 0291 

  0x0000000117f0ed20: ; ImmutableOopMap {rfp=Oop [0]=Oop [16]=Oop [24]=Oop [32]=Oop }
                      ;*monitorenter {reexecute=0 rethrow=0 return_oop=0}
                      ; - jdk.internal.logger.LazyLoggers$LazyLoggerAccessor::platform@14 (line 200)
                      ; - jdk.internal.logger.LazyLoggers$LazyLoggerWrapper::platformProxy@4 (line 337)
                      ; - jdk.internal.logger.AbstractLoggerWrapper::isLoggable@1 (line 122)
                      ; - sun.util.logging.PlatformLogger::isLoggable@17 (line 340)
                      ; - java.awt.Component::dispatchEventImpl@57 (line 4892)
                      ;   {runtime_call _complete_monitor_locking_Java}
  0x0000000117f0ed20: 98cc c397 

  0x0000000117f0ed24: ;   {other}
  0x0000000117f0ed24: 1f20 03d5 | 9fb2 8df2 | 1f80 98f2 | f803 1daa | f703 40f9 | f50b 40b9 | f95b 41a9 | f313 40f9 
  0x0000000117f0ed44: 7ff2 ff17 | e143 0291 | e203 1caa | e003 14aa | c900 0010 | 89d7 01f9 

  0x0000000117f0ed5c: ;   {runtime_call SharedRuntime::complete_monitor_unlocking_C(oopDesc*, BasicLock*, JavaThread*)}
  0x0000000117f0ed5c: 8852 8ad2 | c858 a1f2 | 2800 c0f2 | 0001 3fd6 

  0x0000000117f0ed6c: ;   {other}
  0x0000000117f0ed6c: 1f20 03d5 | 1f00 80f2 | 1f00 80f2 | 50f2 ff17 | e143 0291 | ea03 13aa | e203 1caa | e003 0aaa 
  0x0000000117f0ed8c: c900 0010 | 89d7 01f9 

  0x0000000117f0ed94: ;   {runtime_call SharedRuntime::complete_monitor_unlocking_C(oopDesc*, BasicLock*, JavaThread*)}
  0x0000000117f0ed94: 8852 8ad2 | c858 a1f2 | 2800 c0f2 | 0001 3fd6 

  0x0000000117f0eda4: ;   {other}
  0x0000000117f0eda4: 1f20 03d5 | 1f00 80f2 | 1f00 80f2 | fa03 16aa | f603 19aa | f903 152a | f503 192a | f903 16aa 
  0x0000000117f0edc4: f603 1aaa | 82f2 ff17 | fd03 17aa | f50b 00b9 | f013 00f9 | e103 10aa | ef0f 00f9 | ecb7 0129 
  0x0000000117f0ede4: e243 0291 

  0x0000000117f0ede8: ; ImmutableOopMap {rfp=Oop [0]=Oop [24]=Oop [32]=Oop }
                      ;*monitorenter {reexecute=0 rethrow=0 return_oop=0}
                      ; - jdk.internal.logger.LazyLoggers$LazyLoggerAccessor::platform@14 (line 200)
                      ; - jdk.internal.logger.LazyLoggers$LazyLoggerWrapper::platformProxy@4 (line 337)
                      ; - jdk.internal.logger.AbstractLoggerWrapper::isLoggable@1 (line 122)
                      ; - sun.util.logging.PlatformLogger::isLoggable@17 (line 340)
                      ; - java.awt.Component::dispatchEventImpl@154 (line 4931)
                      ;   {runtime_call _complete_monitor_locking_Java}
  0x0000000117f0ede8: 66cc c397 

  0x0000000117f0edec: ;   {other}
  0x0000000117f0edec: 1f20 03d5 | 9fcb 8df2 | 1fa0 98f2 | f703 1daa | f533 4129 | ed13 40b9 | efc3 41a9 | 9df2 ff17 
  0x0000000117f0ee0c: f903 0faa | fa03 0d2a | f803 0c2a | e143 0291 | e203 1caa | e003 10aa | c900 0010 | 89d7 01f9 
  0x0000000117f0ee2c: ;   {runtime_call SharedRuntime::complete_monitor_unlocking_C(oopDesc*, BasicLock*, JavaThread*)}
  0x0000000117f0ee2c: 8852 8ad2 | c858 a1f2 | 2800 c0f2 | 0001 3fd6 

  0x0000000117f0ee3c: ;   {other}
  0x0000000117f0ee3c: 1f20 03d5 | 1f00 80f2 | 1f00 80f2 | ec03 182a | ed03 1a2a | ef03 19aa | aef2 ff17 | ee17 00f9 
  0x0000000117f0ee5c: e103 0eaa | fd03 0daa | e243 0291 

  0x0000000117f0ee68: ; ImmutableOopMap {rfp=Oop [0]=Oop [16]=Oop [32]=Oop [40]=Oop }
                      ;*monitorenter {reexecute=0 rethrow=0 return_oop=0}
                      ; - jdk.internal.logger.LazyLoggers$LazyLoggerAccessor::platform@14 (line 200)
                      ; - jdk.internal.logger.LazyLoggers$LazyLoggerWrapper::platformProxy@4 (line 337)
                      ; - jdk.internal.logger.AbstractLoggerWrapper::isLoggable@1 (line 122)
                      ; - sun.util.logging.PlatformLogger::isLoggable@17 (line 340)
                      ; - java.awt.KeyboardFocusManager::retargetFocusEvent@18 (line 2911)
                      ; - java.awt.Component::dispatchEventImpl@121 (line 4918)
                      ;   {runtime_call _complete_monitor_locking_Java}
  0x0000000117f0ee68: 46cc c397 

  0x0000000117f0ee6c: ;   {other}
  0x0000000117f0ee6c: 1f20 03d5 | 9fdb 8df2 | 1fc0 98f2 | ed03 1daa | ee17 40f9 | c7f2 ff17 | 0117 8012 | f703 00f9 
  0x0000000117f0ee8c: f513 00b9 | f0e3 01a9 | f117 00f9 

  0x0000000117f0ee98: ; ImmutableOopMap {[0]=Oop [24]=Oop [32]=Oop [40]=Oop }
                      ;*ifge {reexecute=1 rethrow=0 return_oop=0}
                      ; - (reexecute) java.util.concurrent.locks.ReentrantLock$NonfairSync::initialTryLock@36 (line 230)
                      ; - java.util.concurrent.locks.ReentrantLock$Sync::lock@1 (line 152)
                      ; - java.util.concurrent.locks.ReentrantLock::lock@4 (line 322)
                      ; - java.awt.EventQueue::setCurrentEventAndMostRecentTimeImpl@4 (line 1270)
                      ; - java.awt.EventQueue::setCurrentEventAndMostRecentTime@4 (line 1267)
                      ; - java.awt.Component::dispatchEventImpl@88 (line 4901)
                      ;   {runtime_call UncommonTrapBlob}
  0x0000000117f0ee98: 3a60 c097 

  0x0000000117f0ee9c: ;   {other}
  0x0000000117f0ee9c: 1f20 03d5 | 9fe1 8df2 | 1fe0 98f2 | f303 0daa | e143 0291 | e203 1caa | e003 0eaa | c900 0010 
  0x0000000117f0eebc: 89d7 01f9 

  0x0000000117f0eec0: ;   {runtime_call SharedRuntime::complete_monitor_unlocking_C(oopDesc*, BasicLock*, JavaThread*)}
  0x0000000117f0eec0: 8852 8ad2 | c858 a1f2 | 2800 c0f2 | 0001 3fd6 

  0x0000000117f0eed0: ;   {other}
  0x0000000117f0eed0: 1f20 03d5 | 1f00 80f2 | 1f00 80f2 | ed03 13aa | d3f2 ff17 | f117 00f9 | e103 11aa | ef0f 00f9 
  0x0000000117f0eef0: ee23 00b9 | ed0b 00f9 | fd03 0baa | ea27 00b9 | e243 0291 

  0x0000000117f0ef04: ; ImmutableOopMap {rfp=Oop [8]=Oop [16]=Oop [24]=Oop [40]=Oop }
                      ;*monitorenter {reexecute=0 rethrow=0 return_oop=0}
                      ; - jdk.internal.logger.LazyLoggers$LazyLoggerAccessor::platform@14 (line 200)
                      ; - jdk.internal.logger.LazyLoggers$LazyLoggerWrapper::platformProxy@4 (line 337)
                      ; - jdk.internal.logger.AbstractLoggerWrapper::isLoggable@1 (line 122)
                      ; - sun.util.logging.PlatformLogger::isLoggable@17 (line 340)
                      ; - java.awt.Component::dispatchMouseWheelToAncestor@26 (line 5147)
                      ; - java.awt.Component::dispatchEventImpl@214 (line 4942)
                      ;   {runtime_call _complete_monitor_locking_Java}
  0x0000000117f0ef04: 1fcc c397 

  0x0000000117f0ef08: ;   {other}
  0x0000000117f0ef08: 1f20 03d5 | 1fef 8df2 | 1f00 99f2 | eb03 1daa | ed3f 41a9 | ee2b 4429 | f117 40f9 | ecf2 ff17 
  0x0000000117f0ef28: ef17 00f9 | e103 0faa | ee13 00f9 | fd03 0baa | e263 0291 

  0x0000000117f0ef3c: ; ImmutableOopMap {rfp=Oop [8]=Oop [16]=Oop [24]=Oop [32]=Oop [40]=Oop }
                      ;*monitorenter {reexecute=0 rethrow=0 return_oop=0}
                      ; - jdk.internal.logger.LazyLoggers$LazyLoggerAccessor::platform@14 (line 200)
                      ; - jdk.internal.logger.LazyLoggers$LazyLoggerWrapper::platformProxy@4 (line 337)
                      ; - jdk.internal.logger.AbstractLoggerWrapper::isLoggable@1 (line 122)
                      ; - sun.util.logging.PlatformLogger::isLoggable@17 (line 340)
                      ; - java.awt.Component::dispatchMouseWheelToAncestor@130 (line 5170)
                      ; - java.awt.Component::dispatchEventImpl@214 (line 4942)
                      ;   {runtime_call _complete_monitor_locking_Java}
  0x0000000117f0ef3c: 11cc c397 

  0x0000000117f0ef40: ;   {other}
  0x0000000117f0ef40: 1f20 03d5 | 1ff6 8df2 | 1f20 99f2 | eb03 1daa | ee3f 42a9 | 26f3 ff17 | f603 0faa | f803 0e2a 
  0x0000000117f0ef60: f403 0daa | f303 0baa | f703 0a2a | e143 0291 | e203 1caa | e003 11aa | c900 0010 | 89d7 01f9 
  0x0000000117f0ef80: ;   {runtime_call SharedRuntime::complete_monitor_unlocking_C(oopDesc*, BasicLock*, JavaThread*)}
  0x0000000117f0ef80: 8852 8ad2 | c858 a1f2 | 2800 c0f2 | 0001 3fd6 

  0x0000000117f0ef90: ;   {other}
  0x0000000117f0ef90: 1f20 03d5 | 1f00 80f2 | 1f00 80f2 | eb03 13aa | ed03 14aa | ef03 16aa | ee03 182a | ea03 172a 
  0x0000000117f0efb0: edf2 ff17 | f503 0eaa | f403 0baa | e163 0291 | e203 1caa | e003 0faa | c900 0010 | 89d7 01f9 
  0x0000000117f0efd0: ;   {runtime_call SharedRuntime::complete_monitor_unlocking_C(oopDesc*, BasicLock*, JavaThread*)}
  0x0000000117f0efd0: 8852 8ad2 | c858 a1f2 | 2800 c0f2 | 0001 3fd6 

  0x0000000117f0efe0: ;   {other}
  0x0000000117f0efe0: 1f20 03d5 | 1f00 80f2 | 1f00 80f2 | eb03 14aa | ee03 15aa | 22f3 ff17 | e143 0291 | e203 1caa 
  0x0000000117f0f000: e003 14aa | c900 0010 | 89d7 01f9 

  0x0000000117f0f00c: ;   {runtime_call SharedRuntime::complete_monitor_unlocking_C(oopDesc*, BasicLock*, JavaThread*)}
  0x0000000117f0f00c: 8852 8ad2 | c858 a1f2 | 2800 c0f2 | 0001 3fd6 

  0x0000000117f0f01c: ;   {other}
  0x0000000117f0f01c: 1f20 03d5 | 1f00 80f2 | 1f00 80f2 | 63f3 ff17 | 6102 8012 | f763 00a9 | f513 00b9 | f60f 00f9 
  0x0000000117f0f03c: f317 00f9 

  0x0000000117f0f040: ; ImmutableOopMap {rfp=Oop [0]=Oop [8]=Oop [24]=Oop [40]=Oop }
                      ;*invokestatic getLogger {reexecute=0 rethrow=0 return_oop=0}
                      ; - jdk.internal.logger.LazyLoggers$LazyLoggerAccessor::platform@62 (line 211)
                      ; - jdk.internal.logger.LazyLoggers$LazyLoggerWrapper::platformProxy@4 (line 337)
                      ; - jdk.internal.logger.AbstractLoggerWrapper::isLoggable@1 (line 122)
                      ; - sun.util.logging.PlatformLogger::isLoggable@17 (line 340)
                      ; - java.awt.Component::dispatchEventImpl@57 (line 4892)
                      ;   {runtime_call UncommonTrapBlob}
  0x0000000117f0f040: d05f c097 

  0x0000000117f0f044: ;   {other}
  0x0000000117f0f044: 1f20 03d5 | 9f16 8ef2 | 1f40 99f2 | e143 0291 | e203 1caa | e003 13aa | c900 0010 | 89d7 01f9 
  0x0000000117f0f064: ;   {runtime_call SharedRuntime::complete_monitor_unlocking_C(oopDesc*, BasicLock*, JavaThread*)}
  0x0000000117f0f064: 8852 8ad2 | c858 a1f2 | 2800 c0f2 | 0001 3fd6 

  0x0000000117f0f074: ;   {other}
  0x0000000117f0f074: 1f20 03d5 | 1f00 80f2 | 1f00 80f2 | 6bf3 ff17 | e103 0daa | e243 0291 

  0x0000000117f0f08c: ; ImmutableOopMap {rfp=Oop [0]=Oop [8]=Oop [24]=Oop [32]=Oop [40]=Oop }
                      ;*monitorenter {reexecute=0 rethrow=0 return_oop=0}
                      ; - jdk.internal.logger.LazyLoggers$LazyLoggerAccessor::platform@69 (line 212)
                      ; - jdk.internal.logger.LazyLoggers$LazyLoggerWrapper::platformProxy@4 (line 337)
                      ; - jdk.internal.logger.AbstractLoggerWrapper::isLoggable@1 (line 122)
                      ; - sun.util.logging.PlatformLogger::isLoggable@17 (line 340)
                      ; - java.awt.Component::dispatchEventImpl@57 (line 4892)
                      ;   {runtime_call _complete_monitor_locking_Java}
  0x0000000117f0f08c: bdcb c397 

  0x0000000117f0f090: ;   {other}
  0x0000000117f0f090: 1f20 03d5 | 1f20 8ef2 | 1f60 99f2 | ed13 40f9 | 92f3 ff17 | e143 0291 | e203 1caa | e003 15aa 
  0x0000000117f0f0b0: c900 0010 | 89d7 01f9 

  0x0000000117f0f0b8: ;   {runtime_call SharedRuntime::complete_monitor_unlocking_C(oopDesc*, BasicLock*, JavaThread*)}
  0x0000000117f0f0b8: 8852 8ad2 | c858 a1f2 | 2800 c0f2 | 0001 3fd6 

  0x0000000117f0f0c8: ;   {other}
  0x0000000117f0f0c8: 1f20 03d5 | 1f00 80f2 | 1f00 80f2 | aef3 ff17 | 6102 8012 | f707 00f9 | f513 00b9 | ef0f 00f9 
  0x0000000117f0f0e8: f017 00f9 

  0x0000000117f0f0ec: ; ImmutableOopMap {rfp=Oop [0]=Oop [8]=Oop [24]=Oop [40]=Oop }
                      ;*invokestatic getLogger {reexecute=0 rethrow=0 return_oop=0}
                      ; - jdk.internal.logger.LazyLoggers$LazyLoggerAccessor::platform@62 (line 211)
                      ; - jdk.internal.logger.LazyLoggers$LazyLoggerWrapper::platformProxy@4 (line 337)
                      ; - jdk.internal.logger.AbstractLoggerWrapper::isLoggable@1 (line 122)
                      ; - sun.util.logging.PlatformLogger::isLoggable@17 (line 340)
                      ; - java.awt.Component::dispatchEventImpl@154 (line 4931)
                      ;   {runtime_call UncommonTrapBlob}
  0x0000000117f0f0ec: a55f c097 

  0x0000000117f0f0f0: ;   {other}
  0x0000000117f0f0f0: 1f20 03d5 | 1f2c 8ef2 | 1f80 99f2 | fa03 10aa | e003 10aa | f903 0faa | f603 0d2a | f803 0c2a 
  0x0000000117f0f110: e143 0291 | e203 1caa | c900 0010 | 89d7 01f9 

  0x0000000117f0f120: ;   {runtime_call SharedRuntime::complete_monitor_unlocking_C(oopDesc*, BasicLock*, JavaThread*)}
  0x0000000117f0f120: 8852 8ad2 | c858 a1f2 | 2800 c0f2 | 0001 3fd6 

  0x0000000117f0f130: ;   {other}
  0x0000000117f0f130: 1f20 03d5 | 1f00 80f2 | 1f00 80f2 | ec03 182a | ed03 162a | ef03 19aa | f003 1aaa | d9f3 ff17 
  0x0000000117f0f150: e103 0daa | e243 0291 

  0x0000000117f0f158: ; ImmutableOopMap {rfp=Oop [0]=Oop [24]=Oop [32]=Oop [40]=Oop }
                      ;*monitorenter {reexecute=0 rethrow=0 return_oop=0}
                      ; - jdk.internal.logger.LazyLoggers$LazyLoggerAccessor::platform@69 (line 212)
                      ; - jdk.internal.logger.LazyLoggers$LazyLoggerWrapper::platformProxy@4 (line 337)
                      ; - jdk.internal.logger.AbstractLoggerWrapper::isLoggable@1 (line 122)
                      ; - sun.util.logging.PlatformLogger::isLoggable@17 (line 340)
                      ; - java.awt.Component::dispatchEventImpl@154 (line 4931)
                      ;   {runtime_call _complete_monitor_locking_Java}
  0x0000000117f0f158: 8acb c397 

  0x0000000117f0f15c: ;   {other}
  0x0000000117f0f15c: 1f20 03d5 | 9f39 8ef2 | 1fa0 99f2 | ed13 40f9 | 00f4 ff17 | e143 0291 | e203 1caa | e003 0daa 
  0x0000000117f0f17c: c900 0010 | 89d7 01f9 

  0x0000000117f0f184: ;   {runtime_call SharedRuntime::complete_monitor_unlocking_C(oopDesc*, BasicLock*, JavaThread*)}
  0x0000000117f0f184: 8852 8ad2 | c858 a1f2 | 2800 c0f2 | 0001 3fd6 

  0x0000000117f0f194: ;   {other}
  0x0000000117f0f194: 1f20 03d5 | 1f00 80f2 | 1f00 80f2 | 1cf4 ff17 | ea13 40f9 | 6102 8012 | eab7 01a9 | ee1b 00f9 
  0x0000000117f0f1b4: ; ImmutableOopMap {rfp=Oop [0]=Oop [16]=Oop [24]=Oop [32]=Oop [48]=Oop }
                      ;*invokestatic getLogger {reexecute=0 rethrow=0 return_oop=0}
                      ; - jdk.internal.logger.LazyLoggers$LazyLoggerAccessor::platform@62 (line 211)
                      ; - jdk.internal.logger.LazyLoggers$LazyLoggerWrapper::platformProxy@4 (line 337)
                      ; - jdk.internal.logger.AbstractLoggerWrapper::isLoggable@1 (line 122)
                      ; - sun.util.logging.PlatformLogger::isLoggable@17 (line 340)
                      ; - java.awt.KeyboardFocusManager::retargetFocusEvent@18 (line 2911)
                      ; - java.awt.Component::dispatchEventImpl@121 (line 4918)
                      ;   {runtime_call UncommonTrapBlob}
  0x0000000117f0f1b4: 735f c097 

  0x0000000117f0f1b8: ;   {other}
  0x0000000117f0f1b8: 1f20 03d5 | 1f45 8ef2 | 1fc0 99f2 | f403 0eaa | e003 0eaa | f303 0daa | e143 0291 | e203 1caa 
  0x0000000117f0f1d8: c900 0010 | 89d7 01f9 

  0x0000000117f0f1e0: ;   {runtime_call SharedRuntime::complete_monitor_unlocking_C(oopDesc*, BasicLock*, JavaThread*)}
  0x0000000117f0f1e0: 8852 8ad2 | c858 a1f2 | 2800 c0f2 | 0001 3fd6 

  0x0000000117f0f1f0: ;   {other}
  0x0000000117f0f1f0: 1f20 03d5 | 1f00 80f2 | 1f00 80f2 | ed03 13aa | ee03 14aa | 4cf4 ff17 | e103 0daa | e243 0291 
  0x0000000117f0f210: ; ImmutableOopMap {rfp=Oop [0]=Oop [16]=Oop [32]=Oop [40]=Oop [48]=Oop }
                      ;*monitorenter {reexecute=0 rethrow=0 return_oop=0}
                      ; - jdk.internal.logger.LazyLoggers$LazyLoggerAccessor::platform@69 (line 212)
                      ; - jdk.internal.logger.LazyLoggers$LazyLoggerWrapper::platformProxy@4 (line 337)
                      ; - jdk.internal.logger.AbstractLoggerWrapper::isLoggable@1 (line 122)
                      ; - sun.util.logging.PlatformLogger::isLoggable@17 (line 340)
                      ; - java.awt.KeyboardFocusManager::retargetFocusEvent@18 (line 2911)
                      ; - java.awt.Component::dispatchEventImpl@121 (line 4918)
                      ;   {runtime_call _complete_monitor_locking_Java}
  0x0000000117f0f210: 5ccb c397 

  0x0000000117f0f214: ;   {other}
  0x0000000117f0f214: 1f20 03d5 | 9f50 8ef2 | 1fe0 99f2 | ed17 40f9 | 71f4 ff17 | e143 0291 | e203 1caa | e003 0daa 
  0x0000000117f0f234: c900 0010 | 89d7 01f9 

  0x0000000117f0f23c: ;   {runtime_call SharedRuntime::complete_monitor_unlocking_C(oopDesc*, BasicLock*, JavaThread*)}
  0x0000000117f0f23c: 8852 8ad2 | c858 a1f2 | 2800 c0f2 | 0001 3fd6 

  0x0000000117f0f24c: ;   {other}
  0x0000000117f0f24c: 1f20 03d5 | 1f00 80f2 | 1f00 80f2 | 8df4 ff17 | e103 1caa | c900 0010 | 89d7 01f9 

  0x0000000117f0f268: ;   {runtime_call G1BarrierSetRuntime::write_ref_field_pre_entry(oopDesc*, JavaThread*)}
  0x0000000117f0f268: 88a7 8ed2 | 684e a1f2 | 2800 c0f2 | 0001 3fd6 

  0x0000000117f0f278: ;   {other}
  0x0000000117f0f278: 1f20 03d5 | 1f00 80f2 | 1f00 80f2 | 9ff2 ff17 | e103 1caa | c900 0010 | 89d7 01f9 

  0x0000000117f0f294: ;   {runtime_call G1BarrierSetRuntime::write_ref_field_pre_entry(oopDesc*, JavaThread*)}
  0x0000000117f0f294: 88a7 8ed2 | 684e a1f2 | 2800 c0f2 | 0001 3fd6 

  0x0000000117f0f2a4: ;   {other}
  0x0000000117f0f2a4: 1f20 03d5 | 1f00 80f2 | 1f00 80f2 | 4df3 ff17 | f403 10aa | e103 1caa | c900 0010 | 89d7 01f9 
  0x0000000117f0f2c4: ;   {runtime_call G1BarrierSetRuntime::write_ref_field_pre_entry(oopDesc*, JavaThread*)}
  0x0000000117f0f2c4: 88a7 8ed2 | 684e a1f2 | 2800 c0f2 | 0001 3fd6 

  0x0000000117f0f2d4: ;   {other}
  0x0000000117f0f2d4: 1f20 03d5 | 1f00 80f2 | 1f00 80f2 | f003 14aa | e1f3 ff17 | f403 0eaa | e103 1caa | c900 0010 
  0x0000000117f0f2f4: 89d7 01f9 

  0x0000000117f0f2f8: ;   {runtime_call G1BarrierSetRuntime::write_ref_field_pre_entry(oopDesc*, JavaThread*)}
  0x0000000117f0f2f8: 88a7 8ed2 | 684e a1f2 | 2800 c0f2 | 0001 3fd6 

  0x0000000117f0f308: ;   {other}
  0x0000000117f0f308: 1f20 03d5 | 1f00 80f2 | 1f00 80f2 | ee03 14aa | 6df4 ff17 | 6102 8012 | ed2f 01a9 | ee2b 0429 
  0x0000000117f0f328: ef17 00f9 | f11f 00f9 

  0x0000000117f0f330: ; ImmutableOopMap {rfp=Oop [8]=Oop [16]=Oop [24]=Oop [40]=Oop [56]=Oop }
                      ;*invokestatic getLogger {reexecute=0 rethrow=0 return_oop=0}
                      ; - jdk.internal.logger.LazyLoggers$LazyLoggerAccessor::platform@62 (line 211)
                      ; - jdk.internal.logger.LazyLoggers$LazyLoggerWrapper::platformProxy@4 (line 337)
                      ; - jdk.internal.logger.AbstractLoggerWrapper::isLoggable@1 (line 122)
                      ; - sun.util.logging.PlatformLogger::isLoggable@17 (line 340)
                      ; - java.awt.Component::dispatchMouseWheelToAncestor@26 (line 5147)
                      ; - java.awt.Component::dispatchEventImpl@214 (line 4942)
                      ;   {runtime_call UncommonTrapBlob}
  0x0000000117f0f330: 145f c097 

  0x0000000117f0f334: ;   {other}
  0x0000000117f0f334: 1f20 03d5 | 9f74 8ef2 | 1f00 9af2 | f803 11aa | e003 11aa | f503 0faa | f703 0e2a | f403 0daa 
  0x0000000117f0f354: f303 0baa | f603 0a2a | e143 0291 | e203 1caa | c900 0010 | 89d7 01f9 

  0x0000000117f0f36c: ;   {runtime_call SharedRuntime::complete_monitor_unlocking_C(oopDesc*, BasicLock*, JavaThread*)}
  0x0000000117f0f36c: 8852 8ad2 | c858 a1f2 | 2800 c0f2 | 0001 3fd6 

  0x0000000117f0f37c: ;   {other}
  0x0000000117f0f37c: 1f20 03d5 | 1f00 80f2 | 1f00 80f2 | eb03 13aa | ed03 14aa | ef03 15aa | ee03 172a | ea03 162a 
  0x0000000117f0f39c: f103 18aa | 84f4 ff17 | e103 0daa | e243 0291 

  0x0000000117f0f3ac: ; ImmutableOopMap {rfp=Oop [8]=Oop [16]=Oop [24]=Oop [40]=Oop [48]=Oop }
                      ;*monitorenter {reexecute=0 rethrow=0 return_oop=0}
                      ; - jdk.internal.logger.LazyLoggers$LazyLoggerAccessor::platform@69 (line 212)
                      ; - jdk.internal.logger.LazyLoggers$LazyLoggerWrapper::platformProxy@4 (line 337)
                      ; - jdk.internal.logger.AbstractLoggerWrapper::isLoggable@1 (line 122)
                      ; - sun.util.logging.PlatformLogger::isLoggable@17 (line 340)
                      ; - java.awt.Component::dispatchMouseWheelToAncestor@26 (line 5147)
                      ; - java.awt.Component::dispatchEventImpl@214 (line 4942)
                      ;   {runtime_call _complete_monitor_locking_Java}
  0x0000000117f0f3ac: f5ca c397 

  0x0000000117f0f3b0: ;   {other}
  0x0000000117f0f3b0: 1f20 03d5 | 1f84 8ef2 | 1f20 9af2 | ed17 40f9 | abf4 ff17 | ea0f 40f9 | 6102 8012 | ea03 00f9 
  0x0000000117f0f3d0: eb3b 02a9 | ef1f 00f9 

  0x0000000117f0f3d8: ; ImmutableOopMap {rfp=Oop [0]=Oop [8]=Oop [16]=Oop [32]=Oop [40]=Oop [56]=Oop }
                      ;*invokestatic getLogger {reexecute=0 rethrow=0 return_oop=0}
                      ; - jdk.internal.logger.LazyLoggers$LazyLoggerAccessor::platform@62 (line 211)
                      ; - jdk.internal.logger.LazyLoggers$LazyLoggerWrapper::platformProxy@4 (line 337)
                      ; - jdk.internal.logger.AbstractLoggerWrapper::isLoggable@1 (line 122)
                      ; - sun.util.logging.PlatformLogger::isLoggable@17 (line 340)
                      ; - java.awt.Component::dispatchMouseWheelToAncestor@130 (line 5170)
                      ; - java.awt.Component::dispatchEventImpl@214 (line 4942)
                      ;   {runtime_call UncommonTrapBlob}
  0x0000000117f0f3d8: ea5e c097 

  0x0000000117f0f3dc: ;   {other}
  0x0000000117f0f3dc: 1f20 03d5 | 9f89 8ef2 | 1f40 9af2 | f503 0faa | e003 0faa | f403 0eaa | f303 0baa | e163 0291 
  0x0000000117f0f3fc: e203 1caa | c900 0010 | 89d7 01f9 

  0x0000000117f0f408: ;   {runtime_call SharedRuntime::complete_monitor_unlocking_C(oopDesc*, BasicLock*, JavaThread*)}
  0x0000000117f0f408: 8852 8ad2 | c858 a1f2 | 2800 c0f2 | 0001 3fd6 

  0x0000000117f0f418: ;   {other}
  0x0000000117f0f418: 1f20 03d5 | 1f00 80f2 | 1f00 80f2 | eb03 13aa | ee03 14aa | ef03 15aa | d9f4 ff17 | e143 0291 
  0x0000000117f0f438: e203 1caa | e003 0daa | c900 0010 | 89d7 01f9 

  0x0000000117f0f448: ;   {runtime_call SharedRuntime::complete_monitor_unlocking_C(oopDesc*, BasicLock*, JavaThread*)}
  0x0000000117f0f448: 8852 8ad2 | c858 a1f2 | 2800 c0f2 | 0001 3fd6 

  0x0000000117f0f458: ;   {other}
  0x0000000117f0f458: 1f20 03d5 | 1f00 80f2 | 1f00 80f2 | abf4 ff17 | e103 0daa | e263 0291 

  0x0000000117f0f470: ; ImmutableOopMap {rfp=Oop [8]=Oop [16]=Oop [24]=Oop [32]=Oop [40]=Oop [48]=Oop }
                      ;*monitorenter {reexecute=0 rethrow=0 return_oop=0}
                      ; - jdk.internal.logger.LazyLoggers$LazyLoggerAccessor::platform@69 (line 212)
                      ; - jdk.internal.logger.LazyLoggers$LazyLoggerWrapper::platformProxy@4 (line 337)
                      ; - jdk.internal.logger.AbstractLoggerWrapper::isLoggable@1 (line 122)
                      ; - sun.util.logging.PlatformLogger::isLoggable@17 (line 340)
                      ; - java.awt.Component::dispatchMouseWheelToAncestor@130 (line 5170)
                      ; - java.awt.Component::dispatchEventImpl@214 (line 4942)
                      ;   {runtime_call _complete_monitor_locking_Java}
  0x0000000117f0f470: c4ca c397 

  0x0000000117f0f474: ;   {other}
  0x0000000117f0f474: 1f20 03d5 | 9f9c 8ef2 | 1f60 9af2 | ed17 40f9 | f1f4 ff17 | e163 0291 | e203 1caa | e003 0daa 
  0x0000000117f0f494: c900 0010 | 89d7 01f9 

  0x0000000117f0f49c: ;   {runtime_call SharedRuntime::complete_monitor_unlocking_C(oopDesc*, BasicLock*, JavaThread*)}
  0x0000000117f0f49c: 8852 8ad2 | c858 a1f2 | 2800 c0f2 | 0001 3fd6 

  0x0000000117f0f4ac: ;   {other}
  0x0000000117f0f4ac: 1f20 03d5 | 1f00 80f2 | 1f00 80f2 | 0df5 ff17 | f403 11aa | e103 1caa | c900 0010 | 89d7 01f9 
  0x0000000117f0f4cc: ;   {runtime_call G1BarrierSetRuntime::write_ref_field_pre_entry(oopDesc*, JavaThread*)}
  0x0000000117f0f4cc: 88a7 8ed2 | 684e a1f2 | 2800 c0f2 | 0001 3fd6 

  0x0000000117f0f4dc: ;   {other}
  0x0000000117f0f4dc: 1f20 03d5 | 1f00 80f2 | 1f00 80f2 | f103 14aa | 14f5 ff17 | f403 0faa | e103 1caa | c900 0010 
  0x0000000117f0f4fc: 89d7 01f9 

  0x0000000117f0f500: ;   {runtime_call G1BarrierSetRuntime::write_ref_field_pre_entry(oopDesc*, JavaThread*)}
  0x0000000117f0f500: 88a7 8ed2 | 684e a1f2 | 2800 c0f2 | 0001 3fd6 

  0x0000000117f0f510: ;   {other}
  0x0000000117f0f510: 1f20 03d5 | 1f00 80f2 | 1f00 80f2 | ef03 14aa | 2af5 ff17 | e103 1caa | c900 0010 | 89d7 01f9 
  0x0000000117f0f530: ;   {runtime_call G1BarrierSetRuntime::write_ref_field_pre_entry(oopDesc*, JavaThread*)}
  0x0000000117f0f530: 88a7 8ed2 | 684e a1f2 | 2800 c0f2 | 0001 3fd6 

  0x0000000117f0f540: ;   {other}
  0x0000000117f0f540: 1f20 03d5 | 1f00 80f2 | 1f00 80f2 | 06f6 ff17 | f403 0daa | e103 1caa | c900 0010 | 89d7 01f9 
  0x0000000117f0f560: ;   {runtime_call G1BarrierSetRuntime::write_ref_field_pre_entry(oopDesc*, JavaThread*)}
  0x0000000117f0f560: 88a7 8ed2 | 684e a1f2 | 2800 c0f2 | 0001 3fd6 

  0x0000000117f0f570: ;   {other}
  0x0000000117f0f570: 1f20 03d5 | 1f00 80f2 | 1f00 80f2 | ed03 14aa | 27f6 ff17 | f403 0daa | e103 1caa | c900 0010 
  0x0000000117f0f590: 89d7 01f9 

  0x0000000117f0f594: ;   {runtime_call G1BarrierSetRuntime::write_ref_field_pre_entry(oopDesc*, JavaThread*)}
  0x0000000117f0f594: 88a7 8ed2 | 684e a1f2 | 2800 c0f2 | 0001 3fd6 

  0x0000000117f0f5a4: ;   {other}
  0x0000000117f0f5a4: 1f20 03d5 | 1f00 80f2 | 1f00 80f2 | ed03 14aa | 68f6 ff17 | f403 0daa | e103 1caa | c900 0010 
  0x0000000117f0f5c4: 89d7 01f9 

  0x0000000117f0f5c8: ;   {runtime_call G1BarrierSetRuntime::write_ref_field_pre_entry(oopDesc*, JavaThread*)}
  0x0000000117f0f5c8: 88a7 8ed2 | 684e a1f2 | 2800 c0f2 | 0001 3fd6 

  0x0000000117f0f5d8: ;   {other}
  0x0000000117f0f5d8: 1f20 03d5 | 1f00 80f2 | 1f00 80f2 | ed03 14aa | 30f8 ff17 | f403 0daa | e103 1caa | c900 0010 
  0x0000000117f0f5f8: 89d7 01f9 

  0x0000000117f0f5fc: ;   {runtime_call G1BarrierSetRuntime::write_ref_field_pre_entry(oopDesc*, JavaThread*)}
  0x0000000117f0f5fc: 88a7 8ed2 | 684e a1f2 | 2800 c0f2 | 0001 3fd6 

  0x0000000117f0f60c: ;   {other}
  0x0000000117f0f60c: 1f20 03d5 | 1f00 80f2 | 1f00 80f2 | ed03 14aa | 41f8 ff17 | 2113 8012 | fd03 17aa | f50b 00b9 
  0x0000000117f0f62c: f80b 00f9 | f64f 02a9 | f61b 00f9 

  0x0000000117f0f638: ; ImmutableOopMap {rfp=Oop [16]=Oop [32]=Oop [40]=Oop [48]=Oop }
                      ;*instanceof {reexecute=0 rethrow=0 return_oop=0}
                      ; - java.awt.Toolkit::notifyAWTEventListeners@1 (line 2044)
                      ; - java.awt.Component::dispatchEventImpl@280 (line 4955)
                      ;   {runtime_call UncommonTrapBlob}
  0x0000000117f0f638: 525e c097 

  0x0000000117f0f63c: ;   {other}
  0x0000000117f0f63c: 1f20 03d5 | 9fd5 8ef2 | 1f80 9af2 | 2101 8012 

  0x0000000117f0f64c: ; ImmutableOopMap {}
                      ;*invokevirtual getID {reexecute=0 rethrow=0 return_oop=0}
                      ; - java.awt.Component::dispatchEventImpl@1 (line 4882)
                      ;   {runtime_call UncommonTrapBlob}
  0x0000000117f0f64c: 4d5e c097 

  0x0000000117f0f650: ;   {other}
  0x0000000117f0f650: 1f20 03d5 | 1fd8 8ef2 | 1fa0 9af2 | 2101 8012 

  0x0000000117f0f660: ; ImmutableOopMap {}
                      ;*invokeinterface isLoggable {reexecute=0 rethrow=0 return_oop=0}
                      ; - sun.util.logging.PlatformLogger::isLoggable@17 (line 340)
                      ; - java.awt.Component::dispatchEventImpl@57 (line 4892)
                      ;   {runtime_call UncommonTrapBlob}
  0x0000000117f0f660: 485e c097 

  0x0000000117f0f664: ;   {other}
  0x0000000117f0f664: 1f20 03d5 | 9fda 8ef2 | 1fc0 9af2 | 2101 8012 

  0x0000000117f0f674: ; ImmutableOopMap {}
                      ;*invokeinterface platform {reexecute=0 rethrow=0 return_oop=0}
                      ; - jdk.internal.logger.LazyLoggers$LazyLoggerWrapper::platformProxy@4 (line 337)
                      ; - jdk.internal.logger.AbstractLoggerWrapper::isLoggable@1 (line 122)
                      ; - sun.util.logging.PlatformLogger::isLoggable@17 (line 340)
                      ; - java.awt.Component::dispatchEventImpl@57 (line 4892)
                      ;   {runtime_call UncommonTrapBlob}
  0x0000000117f0f674: 435e c097 

  0x0000000117f0f678: ;   {other}
  0x0000000117f0f678: 1f20 03d5 | 1fdd 8ef2 | 1fe0 9af2 | 2101 8012 

  0x0000000117f0f688: ; ImmutableOopMap {}
                      ;*invokeinterface isLoggable {reexecute=0 rethrow=0 return_oop=0}
                      ; - sun.util.logging.PlatformLogger::isLoggable@17 (line 340)
                      ; - java.awt.Component::dispatchEventImpl@154 (line 4931)
                      ;   {runtime_call UncommonTrapBlob}
  0x0000000117f0f688: 3e5e c097 

  0x0000000117f0f68c: ;   {other}
  0x0000000117f0f68c: 1f20 03d5 | 9fdf 8ef2 | 1f00 9bf2 | 2101 8012 

  0x0000000117f0f69c: ; ImmutableOopMap {}
                      ;*invokeinterface platform {reexecute=0 rethrow=0 return_oop=0}
                      ; - jdk.internal.logger.LazyLoggers$LazyLoggerWrapper::platformProxy@4 (line 337)
                      ; - jdk.internal.logger.AbstractLoggerWrapper::isLoggable@1 (line 122)
                      ; - sun.util.logging.PlatformLogger::isLoggable@17 (line 340)
                      ; - java.awt.Component::dispatchEventImpl@154 (line 4931)
                      ;   {runtime_call UncommonTrapBlob}
  0x0000000117f0f69c: 395e c097 

  0x0000000117f0f6a0: ;   {other}
  0x0000000117f0f6a0: 1f20 03d5 | 1fe2 8ef2 | 1f20 9bf2 | fd03 40f9 | ea0b 40b9 | ea03 00b9 | ea0b 40f9 | 2101 8012 
  0x0000000117f0f6c0: ea07 00f9 

  0x0000000117f0f6c4: ; ImmutableOopMap {rfp=Oop [8]=Oop [32]=Oop }
                      ;*invokeinterface isLoggable {reexecute=0 rethrow=0 return_oop=0}
                      ; - sun.util.logging.PlatformLogger::isLoggable@17 (line 340)
                      ; - java.awt.KeyboardFocusManager::retargetFocusEvent@18 (line 2911)
                      ; - java.awt.Component::dispatchEventImpl@121 (line 4918)
                      ;   {runtime_call UncommonTrapBlob}
  0x0000000117f0f6c4: 2f5e c097 

  0x0000000117f0f6c8: ;   {other}
  0x0000000117f0f6c8: 1f20 03d5 | 1fe7 8ef2 | 1f40 9bf2 | fd03 40f9 | eb0b 40b9 | ea0b 40f9 | 2101 8012 | eb03 00b9 
  0x0000000117f0f6e8: ea07 00f9 

  0x0000000117f0f6ec: ; ImmutableOopMap {rfp=Oop [8]=Oop [32]=Oop }
                      ;*invokeinterface platform {reexecute=0 rethrow=0 return_oop=0}
                      ; - jdk.internal.logger.LazyLoggers$LazyLoggerWrapper::platformProxy@4 (line 337)
                      ; - jdk.internal.logger.AbstractLoggerWrapper::isLoggable@1 (line 122)
                      ; - sun.util.logging.PlatformLogger::isLoggable@17 (line 340)
                      ; - java.awt.KeyboardFocusManager::retargetFocusEvent@18 (line 2911)
                      ; - java.awt.Component::dispatchEventImpl@121 (line 4918)
                      ;   {runtime_call UncommonTrapBlob}
  0x0000000117f0f6ec: 255e c097 

  0x0000000117f0f6f0: ;   {other}
  0x0000000117f0f6f0: 1f20 03d5 | 1fec 8ef2 | 1f60 9bf2 | eb13 40b9 | ea13 40f9 | ea0b 00f9 | ea17 40f9 | ea0f 00f9 
  0x0000000117f0f710: fd07 40f9 | ea1b 40f9 | 6101 8012 | eb0b 00b9 | ea17 00f9 

  0x0000000117f0f724: ; ImmutableOopMap {rfp=Oop [16]=Oop [24]=Oop [40]=Oop [56]=Oop [64]=Oop }
                      ;*instanceof {reexecute=0 rethrow=0 return_oop=0}
                      ; - sun.awt.im.InputContext::dispatchEvent@31 (line 234)
                      ; - sun.awt.im.InputMethodContext::dispatchEvent@58 (line 197)
                      ; - java.awt.Component::dispatchEventImpl@365 (line 4991)
                      ;   {runtime_call UncommonTrapBlob}
  0x0000000117f0f724: 175e c097 

  0x0000000117f0f728: ;   {other}
  0x0000000117f0f728: 1f20 03d5 | 1ff3 8ef2 | 1f80 9bf2 | 2101 8012 

  0x0000000117f0f738: ; ImmutableOopMap {}
                      ;*invokeinterface handlesWheelScrolling {reexecute=0 rethrow=0 return_oop=0}
                      ; - java.awt.Component::dispatchEventImpl@201 (line 4941)
                      ;   {runtime_call UncommonTrapBlob}
  0x0000000117f0f738: 125e c097 

  0x0000000117f0f73c: ;   {other}
  0x0000000117f0f73c: 1f20 03d5 | 9ff5 8ef2 | 1fa0 9bf2 | ec07 40f9 | 2101 8012 | ec37 00a9 | eb0b 00f9 | ee2b 0329 
  0x0000000117f0f75c: ; ImmutableOopMap {[0]=Oop [8]=Oop [16]=Oop }
                      ;*invokeinterface isLoggable {reexecute=0 rethrow=0 return_oop=0}
                      ; - sun.util.logging.PlatformLogger::isLoggable@17 (line 340)
                      ; - java.awt.Component::dispatchMouseWheelToAncestor@26 (line 5147)
                      ; - java.awt.Component::dispatchEventImpl@214 (line 4942)
                      ;   {runtime_call UncommonTrapBlob}
  0x0000000117f0f75c: 095e c097 

  0x0000000117f0f760: ;   {other}
  0x0000000117f0f760: 1f20 03d5 | 1ffa 8ef2 | 1fc0 9bf2 | ec07 40f9 | 2101 8012 | ec37 00a9 | eb0b 00f9 | ee2b 0329 
  0x0000000117f0f780: ; ImmutableOopMap {[0]=Oop [8]=Oop [16]=Oop }
                      ;*invokeinterface platform {reexecute=0 rethrow=0 return_oop=0}
                      ; - jdk.internal.logger.LazyLoggers$LazyLoggerWrapper::platformProxy@4 (line 337)
                      ; - jdk.internal.logger.AbstractLoggerWrapper::isLoggable@1 (line 122)
                      ; - sun.util.logging.PlatformLogger::isLoggable@17 (line 340)
                      ; - java.awt.Component::dispatchMouseWheelToAncestor@26 (line 5147)
                      ; - java.awt.Component::dispatchEventImpl@214 (line 4942)
                      ;   {runtime_call UncommonTrapBlob}
  0x0000000117f0f780: 005e c097 

  0x0000000117f0f784: ;   {other}
  0x0000000117f0f784: 1f20 03d5 | 9ffe 8ef2 | 1fe0 9bf2 | ea07 40f9 | ea03 00f9 | ea77 41a9 | 2101 8012 | ea07 00f9 
  0x0000000117f0f7a4: eb0f 00f9 

  0x0000000117f0f7a8: ; ImmutableOopMap {rfp=Oop [0]=Oop [8]=Oop [24]=Oop }
                      ;*invokeinterface isLoggable {reexecute=0 rethrow=0 return_oop=0}
                      ; - sun.util.logging.PlatformLogger::isLoggable@17 (line 340)
                      ; - java.awt.Component::dispatchMouseWheelToAncestor@130 (line 5170)
                      ; - java.awt.Component::dispatchEventImpl@214 (line 4942)
                      ;   {runtime_call UncommonTrapBlob}
  0x0000000117f0f7a8: f65d c097 

  0x0000000117f0f7ac: ;   {other}
  0x0000000117f0f7ac: 1f20 03d5 | 9f03 8ff2 | 1f00 9cf2 | ea07 40f9 | ea03 00f9 | ea77 41a9 | 2101 8012 | ea07 00f9 
  0x0000000117f0f7cc: eb0f 00f9 

  0x0000000117f0f7d0: ; ImmutableOopMap {rfp=Oop [0]=Oop [8]=Oop [24]=Oop }
                      ;*invokeinterface platform {reexecute=0 rethrow=0 return_oop=0}
                      ; - jdk.internal.logger.LazyLoggers$LazyLoggerWrapper::platformProxy@4 (line 337)
                      ; - jdk.internal.logger.AbstractLoggerWrapper::isLoggable@1 (line 122)
                      ; - sun.util.logging.PlatformLogger::isLoggable@17 (line 340)
                      ; - java.awt.Component::dispatchMouseWheelToAncestor@130 (line 5170)
                      ; - java.awt.Component::dispatchEventImpl@214 (line 4942)
                      ;   {runtime_call UncommonTrapBlob}
  0x0000000117f0f7d0: ec5d c097 

  0x0000000117f0f7d4: ;   {other}
  0x0000000117f0f7d4: 1f20 03d5 | 9f08 8ff2 | 1f20 9cf2 | 2101 8012 

  0x0000000117f0f7e4: ; ImmutableOopMap {}
                      ;*invokevirtual get {reexecute=0 rethrow=0 return_oop=0}
                      ; - sun.awt.SunToolkit::getSystemEventQueueImplPP@4 (line 1137)
                      ; - sun.awt.SunToolkit::getSystemEventQueueImplPP@3 (line 1132)
                      ; - sun.awt.SunToolkit::getSystemEventQueueImpl@0 (line 1127)
                      ; - java.awt.Toolkit::getEventQueue@3 (line 1500)
                      ; - java.awt.EventQueue::setCurrentEventAndMostRecentTime@0 (line 1267)
                      ; - java.awt.Component::dispatchEventImpl@88 (line 4901)
                      ;   {runtime_call UncommonTrapBlob}
  0x0000000117f0f7e4: e75d c097 

  0x0000000117f0f7e8: ;   {other}
  0x0000000117f0f7e8: 1f20 03d5 | 1f0b 8ff2 | 1f40 9cf2 | 2101 8012 | fd03 17aa | f50b 00b9 | f063 01a9 

  0x0000000117f0f804: ; ImmutableOopMap {rfp=Oop [16]=Oop [24]=Oop }
                      ;*invokeinterface lock {reexecute=0 rethrow=0 return_oop=0}
                      ; - java.awt.EventQueue::setCurrentEventAndMostRecentTimeImpl@4 (line 1270)
                      ; - java.awt.EventQueue::setCurrentEventAndMostRecentTime@4 (line 1267)
                      ; - java.awt.Component::dispatchEventImpl@88 (line 4901)
                      ;   {runtime_call UncommonTrapBlob}
  0x0000000117f0f804: df5d c097 

  0x0000000117f0f808: ;   {other}
  0x0000000117f0f808: 1f20 03d5 | 1f0f 8ff2 | 1f60 9cf2 | 2101 8012 | fd03 17aa | f803 00f9 | f50b 00b9 

  0x0000000117f0f824: ; ImmutableOopMap {rfp=Oop [0]=Oop }
                      ;*invokeinterface unlock {reexecute=0 rethrow=0 return_oop=0}
                      ; - java.awt.EventQueue::setCurrentEventAndMostRecentTimeImpl@168 (line 1305)
                      ; - java.awt.EventQueue::setCurrentEventAndMostRecentTime@4 (line 1267)
                      ; - java.awt.Component::dispatchEventImpl@88 (line 4901)
                      ;   {runtime_call UncommonTrapBlob}
  0x0000000117f0f824: d75d c097 

  0x0000000117f0f828: ;   {other}
  0x0000000117f0f828: 1f20 03d5 | 1f13 8ff2 | 1f80 9cf2 | 2101 8012 | fd03 17aa | f50b 00b9 | f843 01a9 | f117 00f9 
  0x0000000117f0f848: ; ImmutableOopMap {rfp=Oop [16]=Oop [24]=Oop [40]=Oop }
                      ;*invokeinterface get {reexecute=0 rethrow=0 return_oop=0}
                      ; - sun.awt.AppContext::get@36 (line 619)
                      ; - sun.awt.SunToolkit::getSystemEventQueueImplPP@4 (line 1137)
                      ; - sun.awt.SunToolkit::getSystemEventQueueImplPP@3 (line 1132)
                      ; - sun.awt.SunToolkit::getSystemEventQueueImpl@0 (line 1127)
                      ; - java.awt.Toolkit::getEventQueue@3 (line 1500)
                      ; - java.awt.EventQueue::setCurrentEventAndMostRecentTime@0 (line 1267)
                      ; - java.awt.Component::dispatchEventImpl@88 (line 4901)
                      ;   {runtime_call UncommonTrapBlob}
  0x0000000117f0f848: ce5d c097 

  0x0000000117f0f84c: ;   {other}
  0x0000000117f0f84c: 1f20 03d5 | 9f17 8ff2 | 1fa0 9cf2 | 6101 8012 | ed03 00f9 

  0x0000000117f0f860: ; ImmutableOopMap {rfp=Oop [0]=Oop [8]=Oop [32]=Oop [40]=Oop }
                      ;*checkcast {reexecute=0 rethrow=0 return_oop=0}
                      ; - java.awt.Component::dispatchEventImpl@752 (line 5101)
                      ;   {runtime_call UncommonTrapBlob}
  0x0000000117f0f860: c85d c097 

  0x0000000117f0f864: ;   {other}
  0x0000000117f0f864: 1f20 03d5 | 9f1a 8ff2 | 1fc0 9cf2 | 6114 8012 | fd03 0daa | eb03 00f9 | ea0b 00b9 

  0x0000000117f0f880: ; ImmutableOopMap {rfp=Oop [0]=Oop [32]=Oop [40]=Oop }
                      ;*ifnull {reexecute=1 rethrow=0 return_oop=0}
                      ; - (reexecute) java.awt.Component::dispatchEventImpl@494 (line 5025)
                      ;   {runtime_call UncommonTrapBlob}
  0x0000000117f0f880: c05d c097 

  0x0000000117f0f884: ;   {other}
  0x0000000117f0f884: 1f20 03d5 | 9f1e 8ff2 | 1fe0 9cf2 | 6101 8012 | f703 00f9 | f513 00b9 | f8db 01a9 | f317 00f9 
  0x0000000117f0f8a4: ; ImmutableOopMap {rfp=Oop [0]=Oop [24]=Oop [32]=Oop [40]=Oop }
                      ;*checkcast {reexecute=0 rethrow=0 return_oop=0}
                      ; - java.awt.Toolkit$ToolkitEventMulticaster::eventDispatched@4 (line 2095)
                      ; - java.awt.Toolkit::notifyAWTEventListeners@30 (line 2052)
                      ; - java.awt.Component::dispatchEventImpl@280 (line 4955)
                      ;   {runtime_call UncommonTrapBlob}
  0x0000000117f0f8a4: b75d c097 

  0x0000000117f0f8a8: ;   {other}
  0x0000000117f0f8a8: 1f20 03d5 | 1f23 8ff2 | 1f00 9df2 | 6101 8012 | fd03 40f9 

  0x0000000117f0f8bc: ; ImmutableOopMap {rfp=Oop [16]=Oop [32]=Oop [40]=Oop }
                      ;*checkcast {reexecute=0 rethrow=0 return_oop=0}
                      ; - java.awt.Toolkit$ToolkitEventMulticaster::eventDispatched@17 (line 2096)
                      ; - java.awt.Toolkit::notifyAWTEventListeners@30 (line 2052)
                      ; - java.awt.Component::dispatchEventImpl@280 (line 4955)
                      ;   {runtime_call UncommonTrapBlob}
  0x0000000117f0f8bc: b15d c097 

  0x0000000117f0f8c0: ;   {other}
  0x0000000117f0f8c0: 1f20 03d5 | 1f26 8ff2 | 1f20 9df2 | 6101 8012 | fd03 40f9 

  0x0000000117f0f8d4: ; ImmutableOopMap {rfp=Oop [24]=Oop [32]=Oop [40]=Oop }
                      ;*instanceof {reexecute=0 rethrow=0 return_oop=0}
                      ; - java.awt.Component::dispatchEventImpl@428 (line 5006)
                      ;   {runtime_call UncommonTrapBlob}
  0x0000000117f0f8d4: ab5d c097 

  0x0000000117f0f8d8: ;   {other}
  0x0000000117f0f8d8: 1f20 03d5 | 1f29 8ff2 | 1f40 9df2 | fd07 40f9 | eb13 40b9 | ea13 40f9 | 6101 8012 | eb0b 00b9 
  0x0000000117f0f8f8: ea0b 00f9 | f413 00f9 

  0x0000000117f0f900: ; ImmutableOopMap {rfp=Oop [16]=Oop [32]=Oop [40]=Oop [48]=Oop }
                      ;*checkcast {reexecute=0 rethrow=0 return_oop=0}
                      ; - sun.awt.im.InputContext::dispatchEvent@97 (line 245)
                      ; - sun.awt.im.InputMethodContext::dispatchEvent@58 (line 197)
                      ; - java.awt.Component::dispatchEventImpl@365 (line 4991)
                      ;   {runtime_call UncommonTrapBlob}
  0x0000000117f0f900: a05d c097 

  0x0000000117f0f904: ;   {other}
  0x0000000117f0f904: 1f20 03d5 | 9f2e 8ff2 | 1f60 9df2 | e143 0291 | e203 1caa | e003 0caa | c900 0010 | 89d7 01f9 
  0x0000000117f0f924: ;   {runtime_call SharedRuntime::complete_monitor_unlocking_C(oopDesc*, BasicLock*, JavaThread*)}
  0x0000000117f0f924: 8852 8ad2 | c858 a1f2 | 2800 c0f2 | 0001 3fd6 

  0x0000000117f0f934: ;   {other}
  0x0000000117f0f934: 1f20 03d5 | 1f00 80f2 | 1f00 80f2 | ff01 0014 | e143 0291 | e203 1caa | e003 0caa | c900 0010 
  0x0000000117f0f954: 89d7 01f9 

  0x0000000117f0f958: ;   {runtime_call SharedRuntime::complete_monitor_unlocking_C(oopDesc*, BasicLock*, JavaThread*)}
  0x0000000117f0f958: 8852 8ad2 | c858 a1f2 | 2800 c0f2 | 0001 3fd6 

  0x0000000117f0f968: ;   {other}
  0x0000000117f0f968: 1f20 03d5 | 1f00 80f2 | 1f00 80f2 | 2102 0014 | 2902 0014 | e103 00aa | ad02 0014 | e103 00aa 
  0x0000000117f0f988: ab02 0014 | e103 00aa | a902 0014 | f303 00aa | 2e02 0014 | 2002 0014 | 1f02 0014 | f303 00aa 
  0x0000000117f0f9a8: 9500 0014 | f303 00aa | be00 0014 | f303 00aa | 7f02 0014 | f303 00aa | 7d02 0014 | f303 00aa 
  0x0000000117f0f9c8: 7b02 0014 | f303 00aa | 7902 0014 | f303 00aa | 7702 0014 | f303 00aa | 9402 0014 | f303 00aa 
  0x0000000117f0f9e8: 9202 0014 | f303 00aa | 9002 0014 | f303 00aa | 6302 0014 | e103 00aa | 8d02 0014 | f303 00aa 
  0x0000000117f0fa08: 2d01 0014 | f303 00aa | ac01 0014 | e103 00aa | 8702 0014 | f303 00aa | d701 0014 | f303 00aa 
  0x0000000117f0fa28: 6002 0014 | f303 00aa | 5e02 0014 | f303 00aa | 5c02 0014 | f303 00aa | bf01 0014 | f303 00aa 
  0x0000000117f0fa48: bd01 0014 | e103 00aa | 7902 0014 | ed63 0291 | ec17 40f9 | ab01 40f9 | 7f01 1feb | 8002 0054 
  0x0000000117f0fa68: 8a01 40f9 | aa00 0837 | ea03 0daa | 8bfd aac8 | 5f01 0deb | 0e00 0014 | 4a09 00d1 | 4b45 40f9 
  0x0000000117f0fa88: ab00 00b4 | 6b05 00d1 | 4b45 00f9 | 7f01 0beb | 0700 0014 | 482d 49a9 | 0801 0baa | 1f01 1feb 
  0x0000000117f0faa8: 6800 00b5 | 4a01 0191 | 5ffd 9fc8 | 8100 0054 | 88ab 42f9 | 0805 00d1 | 88ab 02f9 | f303 00aa 
  0x0000000117f0fac8: 6047 0054 | e163 0291 | e203 1caa | e003 0caa | c900 0010 | 89d7 01f9 

  0x0000000117f0fae0: ;   {runtime_call SharedRuntime::complete_monitor_unlocking_C(oopDesc*, BasicLock*, JavaThread*)}
  0x0000000117f0fae0: 8852 8ad2 | c858 a1f2 | 2800 c0f2 | 0001 3fd6 

  0x0000000117f0faf0: ;   {other}
  0x0000000117f0faf0: 1f20 03d5 | 1f00 80f2 | 1f00 80f2 | 2e02 0014 | ed43 0291 | ec17 40f9 | ab01 40f9 | 7f01 1feb 
  0x0000000117f0fb10: 8002 0054 | 8a01 40f9 | aa00 0837 | ea03 0daa | 8bfd aac8 | 5f01 0deb | 0e00 0014 | 4a09 00d1 
  0x0000000117f0fb30: 4b45 40f9 | ab00 00b4 | 6b05 00d1 | 4b45 00f9 | 7f01 0beb | 0700 0014 | 482d 49a9 | 0801 0baa 
  0x0000000117f0fb50: 1f01 1feb | 6800 00b5 | 4a01 0191 | 5ffd 9fc8 | 8100 0054 | 88ab 42f9 | 0805 00d1 | 88ab 02f9 
  0x0000000117f0fb70: f303 00aa | e045 0054 | e143 0291 | e203 1caa | e003 0caa | c900 0010 | 89d7 01f9 

  0x0000000117f0fb8c: ;   {runtime_call SharedRuntime::complete_monitor_unlocking_C(oopDesc*, BasicLock*, JavaThread*)}
  0x0000000117f0fb8c: 8852 8ad2 | c858 a1f2 | 2800 c0f2 | 0001 3fd6 

  0x0000000117f0fb9c: ;   {other}
  0x0000000117f0fb9c: 1f20 03d5 | 1f00 80f2 | 1f00 80f2 | 2202 0014 | e143 0291 | e203 1caa 

  0x0000000117f0fbb4: ;   {oop(a 'java/awt/Component$AWTTreeLock'{0x00000003010338d0})}
  0x0000000117f0fbb4: 001a 87d2 | 6020 a0f2 | 6000 c0f2 | c900 0010 | 89d7 01f9 

  0x0000000117f0fbc8: ;   {runtime_call SharedRuntime::complete_monitor_unlocking_C(oopDesc*, BasicLock*, JavaThread*)}
  0x0000000117f0fbc8: 8852 8ad2 | c858 a1f2 | 2800 c0f2 | 0001 3fd6 

  0x0000000117f0fbd8: ;   {other}
  0x0000000117f0fbd8: 1f20 03d5 | 1f00 80f2 | 1f00 80f2 | 1302 0014 | f303 00aa | f201 0014 | f303 00aa | 0f02 0014 
  0x0000000117f0fbf8: f303 00aa | ed63 0291 | ec17 40f9 | aa01 40f9 | 5f01 1feb | 8002 0054 | 8b01 40f9 | ab00 0837 
  0x0000000117f0fc18: eb03 0daa | 8afd abc8 | 7f01 0deb | 0e00 0014 | 6b09 00d1 | 6a45 40f9 | aa00 00b4 | 4a05 00d1 
  0x0000000117f0fc38: 6a45 00f9 | 5f01 0aeb | 0700 0014 | 6829 49a9 | 0801 0aaa | 1f01 1feb | 6800 00b5 | 6b01 0191 
  0x0000000117f0fc58: 7ffd 9fc8 | 8100 0054 | 88ab 42f9 | 0805 00d1 | 88ab 02f9 | 403a 0054 | e163 0291 | e203 1caa 
  0x0000000117f0fc78: e003 0caa | c900 0010 | 89d7 01f9 

  0x0000000117f0fc84: ;   {runtime_call SharedRuntime::complete_monitor_unlocking_C(oopDesc*, BasicLock*, JavaThread*)}
  0x0000000117f0fc84: 8852 8ad2 | c858 a1f2 | 2800 c0f2 | 0001 3fd6 

  0x0000000117f0fc94: ;   {other}
  0x0000000117f0fc94: 1f20 03d5 | 1f00 80f2 | 1f00 80f2 | c501 0014 | f303 00aa | ed43 0291 | ec17 40f9 | ab01 40f9 
  0x0000000117f0fcb4: 7f01 1feb | 8002 0054 | 8a01 40f9 | aa00 0837 | ea03 0daa | 8bfd aac8 | 5f01 0deb | 0e00 0014 
  0x0000000117f0fcd4: 4a09 00d1 | 4b45 40f9 | ab00 00b4 | 6b05 00d1 | 4b45 00f9 | 7f01 0beb | 0700 0014 | 482d 49a9 
  0x0000000117f0fcf4: 0801 0baa | 1f01 1feb | 6800 00b5 | 4a01 0191 | 5ffd 9fc8 | 8100 0054 | 88ab 42f9 | 0805 00d1 
  0x0000000117f0fd14: 88ab 02f9 | c038 0054 | e143 0291 | e203 1caa | e003 0caa | c900 0010 | 89d7 01f9 

  0x0000000117f0fd30: ;   {runtime_call SharedRuntime::complete_monitor_unlocking_C(oopDesc*, BasicLock*, JavaThread*)}
  0x0000000117f0fd30: 8852 8ad2 | c858 a1f2 | 2800 c0f2 | 0001 3fd6 

  0x0000000117f0fd40: ;   {other}
  0x0000000117f0fd40: 1f20 03d5 | 1f00 80f2 | 1f00 80f2 | b901 0014 | f303 00aa | 9801 0014 | ed43 0291 | ec17 40f9 
  0x0000000117f0fd60: ab01 40f9 | 7f01 1feb | 8002 0054 | 8a01 40f9 | aa00 0837 | ea03 0daa | 8bfd aac8 | 5f01 0deb 
  0x0000000117f0fd80: 0e00 0014 | 4a09 00d1 | 4b45 40f9 | ab00 00b4 | 6b05 00d1 | 4b45 00f9 | 7f01 0beb | 0700 0014 
  0x0000000117f0fda0: 482d 49a9 | 0801 0baa | 1f01 1feb | 6800 00b5 | 4a01 0191 | 5ffd 9fc8 | 8100 0054 | 88ab 42f9 
  0x0000000117f0fdc0: 0805 00d1 | 88ab 02f9 | f303 00aa | e02e 0054 | e143 0291 | e203 1caa | e003 0caa | c900 0010 
  0x0000000117f0fde0: 89d7 01f9 

  0x0000000117f0fde4: ;   {runtime_call SharedRuntime::complete_monitor_unlocking_C(oopDesc*, BasicLock*, JavaThread*)}
  0x0000000117f0fde4: 8852 8ad2 | c858 a1f2 | 2800 c0f2 | 0001 3fd6 

  0x0000000117f0fdf4: ;   {other}
  0x0000000117f0fdf4: 1f20 03d5 | 1f00 80f2 | 1f00 80f2 | 6a01 0014 | f303 00aa | 6801 0014 | ed43 0291 | ec13 40f9 
  0x0000000117f0fe14: aa01 40f9 | 5f01 1feb | 8002 0054 | 8b01 40f9 | ab00 0837 | eb03 0daa | 8afd abc8 | 7f01 0deb 
  0x0000000117f0fe34: 0e00 0014 | 6b09 00d1 | 6a45 40f9 | aa00 00b4 | 4a05 00d1 | 6a45 00f9 | 5f01 0aeb | 0700 0014 
  0x0000000117f0fe54: 6829 49a9 | 0801 0aaa | 1f01 1feb | 6800 00b5 | 6b01 0191 | 7ffd 9fc8 | 8100 0054 | 88ab 42f9 
  0x0000000117f0fe74: 0805 00d1 | 88ab 02f9 | f303 00aa | e015 0054 | e143 0291 | e203 1caa | e003 0caa | c900 0010 
  0x0000000117f0fe94: 89d7 01f9 

  0x0000000117f0fe98: ;   {runtime_call SharedRuntime::complete_monitor_unlocking_C(oopDesc*, BasicLock*, JavaThread*)}
  0x0000000117f0fe98: 8852 8ad2 | c858 a1f2 | 2800 c0f2 | 0001 3fd6 

  0x0000000117f0fea8: ;   {other}
  0x0000000117f0fea8: 1f20 03d5 | 1f00 80f2 | 1f00 80f2 | a200 0014 | f303 00aa | ed43 0291 | ec17 40f9 | ab01 40f9 
  0x0000000117f0fec8: 7f01 1feb | 8002 0054 | 8a01 40f9 | aa00 0837 | ea03 0daa | 8bfd aac8 | 5f01 0deb | 0e00 0014 
  0x0000000117f0fee8: 4a09 00d1 | 4b45 40f9 | ab00 00b4 | 6b05 00d1 | 4b45 00f9 | 7f01 0beb | 0700 0014 | 482d 49a9 
  0x0000000117f0ff08: 0801 0baa | 1f01 1feb | 6800 00b5 | 4a01 0191 | 5ffd 9fc8 | 8100 0054 | 88ab 42f9 | 0805 00d1 
  0x0000000117f0ff28: 88ab 02f9 | e023 0054 | e143 0291 | e203 1caa | e003 0caa | c900 0010 | 89d7 01f9 

  0x0000000117f0ff44: ;   {runtime_call SharedRuntime::complete_monitor_unlocking_C(oopDesc*, BasicLock*, JavaThread*)}
  0x0000000117f0ff44: 8852 8ad2 | c858 a1f2 | 2800 c0f2 | 0001 3fd6 

  0x0000000117f0ff54: ;   {other}
  0x0000000117f0ff54: 1f20 03d5 | 1f00 80f2 | 1f00 80f2 | 1201 0014 | ed43 0291 | ec13 40f9 | aa01 40f9 | 5f01 1feb 
  0x0000000117f0ff74: 8002 0054 | 8b01 40f9 | ab00 0837 | eb03 0daa | 8afd abc8 | 7f01 0deb | 0e00 0014 | 6b09 00d1 
  0x0000000117f0ff94: 6a45 40f9 | aa00 00b4 | 4a05 00d1 | 6a45 00f9 | 5f01 0aeb | 0700 0014 | 6829 49a9 | 0801 0aaa 
  0x0000000117f0ffb4: 1f01 1feb | 6800 00b5 | 6b01 0191 | 7ffd 9fc8 | 8100 0054 | 88ab 42f9 | 0805 00d1 | 88ab 02f9 
  0x0000000117f0ffd4: f303 00aa | 0011 0054 | e143 0291 | e203 1caa | e003 0caa | c900 0010 | 89d7 01f9 

  0x0000000117f0fff0: ;   {runtime_call SharedRuntime::complete_monitor_unlocking_C(oopDesc*, BasicLock*, JavaThread*)}
  0x0000000117f0fff0: 8852 8ad2 | c858 a1f2 | 2800 c0f2 | 0001 3fd6 

  0x0000000117f10000: ;   {other}
  0x0000000117f10000: 1f20 03d5 | 1f00 80f2 | 1f00 80f2 | 7b00 0014 | ed43 0291 | ec03 40f9 | aa01 40f9 | 5f01 1feb 
  0x0000000117f10020: 8002 0054 | 8b01 40f9 | ab00 0837 | eb03 0daa | 8afd abc8 | 7f01 0deb | 0e00 0014 | 6b09 00d1 
  0x0000000117f10040: 6a45 40f9 | aa00 00b4 | 4a05 00d1 | 6a45 00f9 | 5f01 0aeb | 0700 0014 | 6829 49a9 | 0801 0aaa 
  0x0000000117f10060: 1f01 1feb | 6800 00b5 | 6b01 0191 | 7ffd 9fc8 | 8100 0054 | 88ab 42f9 | 0805 00d1 | 88ab 02f9 
  0x0000000117f10080: f303 00aa | 0018 0054 | e143 0291 | e203 1caa | e003 0caa | c900 0010 | 89d7 01f9 

  0x0000000117f1009c: ;   {runtime_call SharedRuntime::complete_monitor_unlocking_C(oopDesc*, BasicLock*, JavaThread*)}
  0x0000000117f1009c: 8852 8ad2 | c858 a1f2 | 2800 c0f2 | 0001 3fd6 

  0x0000000117f100ac: ;   {other}
  0x0000000117f100ac: 1f20 03d5 | 1f00 80f2 | 1f00 80f2 | b300 0014 | f303 00aa | ed43 0291 | ec13 40f9 | ab01 40f9 
  0x0000000117f100cc: 7f01 1feb | 8002 0054 | 8a01 40f9 | aa00 0837 | ea03 0daa | 8bfd aac8 | 5f01 0deb | 0e00 0014 
  0x0000000117f100ec: 4a09 00d1 | 4b45 40f9 | ab00 00b4 | 6b05 00d1 | 4b45 00f9 | 7f01 0beb | 0700 0014 | 482d 49a9 
  0x0000000117f1010c: 0801 0baa | 1f01 1feb | 6800 00b5 | 4a01 0191 | 5ffd 9fc8 | 8100 0054 | 88ab 42f9 | 0805 00d1 
  0x0000000117f1012c: 88ab 02f9 | 01bf ff54 | 0200 0014 | f303 00aa | e103 13aa | bd00 0014 | ea13 40f9 | 4a2d 40b9 
  0x0000000117f1014c: e00b 00f9 | 41f1 7dd3 | e9ff 9fd2 | e9ff bff2 | e9ff dff2 

  0x0000000117f10160: ; ImmutableOopMap {rfp=Oop [0]=Oop [16]=Oop }
                      ;*invokeinterface unlock {reexecute=0 rethrow=0 return_oop=0}
                      ; - java.awt.EventQueue::setCurrentEventAndMostRecentTimeImpl@182 (line 1305)
                      ; - java.awt.EventQueue::setCurrentEventAndMostRecentTime@4 (line 1267)
                      ; - java.awt.Component::dispatchEventImpl@88 (line 4901)
                      ;   {virtual_call}
  0x0000000117f10160: c840 c097 

  0x0000000117f10164: ;   {other}
  0x0000000117f10164: 1f20 03d5 | 9f3a 90f2 | 1f80 9df2 | e00b 40f9 | 2a00 0014 | f303 00aa | ed43 0291 | ec13 40f9 
  0x0000000117f10184: ab01 40f9 | 7f01 1feb | 8002 0054 | 8a01 40f9 | aa00 0837 | ea03 0daa | 8bfd aac8 | 5f01 0deb 
  0x0000000117f101a4: 0e00 0014 | 4a09 00d1 | 4b45 40f9 | ab00 00b4 | 6b05 00d1 | 4b45 00f9 | 7f01 0beb | 0700 0014 
  0x0000000117f101c4: 482d 49a9 | 0801 0baa | 1f01 1feb | 6800 00b5 | 4a01 0191 | 5ffd 9fc8 | 8100 0054 | 88ab 42f9 
  0x0000000117f101e4: 0805 00d1 | 88ab 02f9 | c1ba ff54 | 0200 0014 | f303 00aa | e103 13aa | 8e00 0014 | f303 00aa 
  0x0000000117f10204: 6c00 0014 | f303 00aa | 5e00 0014 | 0300 0014 | f303 00aa | 0e00 0014 | e103 00aa | 8500 0014 
  0x0000000117f10224: e103 00aa | 8300 0014 | f303 00aa | 5e00 0014 | f303 00aa | 5c00 0014 | e103 00aa | 7d00 0014 
  0x0000000117f10244: e103 00aa | 7b00 0014 | f303 00aa | ed43 0291 | ec17 40f9 | ab01 40f9 | 7f01 1feb | 8002 0054 
  0x0000000117f10264: 8a01 40f9 | aa00 0837 | ea03 0daa | 8bfd aac8 | 5f01 0deb | 0e00 0014 | 4a09 00d1 | 4b45 40f9 
  0x0000000117f10284: ab00 00b4 | 6b05 00d1 | 4b45 00f9 | 7f01 0beb | 0700 0014 | 482d 49a9 | 0801 0baa | 1f01 1feb 
  0x0000000117f102a4: 6800 00b5 | 4a01 0191 | 5ffd 9fc8 | 8100 0054 | 88ab 42f9 | 0805 00d1 | 88ab 02f9 | 610e 0054 
  0x0000000117f102c4: e103 13aa | 5b00 0014 | e103 00aa | 5900 0014 | 0100 0014 | e103 00aa | 5600 0014 | f303 00aa 
  0x0000000117f102e4: 3400 0014 | e103 00aa | 5200 0014 | e103 00aa | 5000 0014 | e103 00aa | 4e00 0014 | f303 00aa 
  0x0000000117f10304: 2c00 0014 | f303 00aa | 2a00 0014 | f303 00aa | 2800 0014 | f303 00aa | 2600 0014 | f303 00aa 
  0x0000000117f10324: 2400 0014 | e103 00aa | 4200 0014 | e103 00aa | 4000 0014 | e103 00aa | 3e00 0014 | e103 00aa 
  0x0000000117f10344: 3c00 0014 | e103 00aa | 3a00 0014 | e103 00aa | 3800 0014 | e103 00aa | 3600 0014 | e103 00aa 
  0x0000000117f10364: 3400 0014 | e103 00aa | 3200 0014 | f303 00aa | 0400 0014 | f303 00aa | 0200 0014 | f303 00aa 
  0x0000000117f10384: e103 13aa | 2b00 0014 | e103 00aa | 2900 0014 | e103 00aa | 2700 0014 | f303 00aa | 0200 0014 
  0x0000000117f103a4: f303 00aa | e103 13aa | 2200 0014 | f303 00aa | ed43 0291 

  0x0000000117f103b8: ;   {oop(a 'java/awt/Component$AWTTreeLock'{0x00000003010338d0})}
  0x0000000117f103b8: 0c1a 87d2 | 6c20 a0f2 | 6c00 c0f2 | ab01 40f9 | 7f01 1feb | 8002 0054 | 8a01 40f9 | aa00 0837 
  0x0000000117f103d8: ea03 0daa | 8bfd aac8 | 5f01 0deb | 0e00 0014 | 4a09 00d1 | 4b45 40f9 | ab00 00b4 | 6b05 00d1 
  0x0000000117f103f8: 4b45 00f9 | 7f01 0beb | 0700 0014 | 482d 49a9 | 0801 0baa | 1f01 1feb | 6800 00b5 | 4a01 0191 
  0x0000000117f10418: 5ffd 9fc8 | 8100 0054 | 88ab 42f9 | 0805 00d1 | 88ab 02f9 | 01bc ff54 | e103 13aa | fd7b 4ba9 
  0x0000000117f10438: ff03 0391 | 886f 42f9 | ff63 28eb | 2302 0054 | fd7b bfa9 | fd03 0091 

  0x0000000117f10450: ;   {external_word}
  0x0000000117f10450: 880c 8ed2 | c858 a1f2 | 2800 c0f2 | e003 1caa | 0001 3fd6 | bf03 0091 | fd7b c1a8 

  0x0000000117f1046c: ;   {runtime_call delayed StackOverflowError throw_exception}
  0x0000000117f1046c: 0840 8ed2 | c8dd a2f2 | 2800 c0f2 | 0001 1fd6 | c1d5 bbd4 | 85c7 f20a | 0100 0000 

  0x0000000117f10488: ;   {runtime_call _rethrow_Java}
  0x0000000117f10488: dedb c317 | e143 0291 | e203 1caa | e017 40f9 | c900 0010 | 89d7 01f9 

  0x0000000117f104a0: ;   {runtime_call SharedRuntime::complete_monitor_unlocking_C(oopDesc*, BasicLock*, JavaThread*)}
  0x0000000117f104a0: 8852 8ad2 | c858 a1f2 | 2800 c0f2 | 0001 3fd6 

  0x0000000117f104b0: ;   {other}
  0x0000000117f104b0: 1f20 03d5 | 1f00 80f2 | 1f00 80f2 | 82ff ff17 

  0x0000000117f104c0: ;   {internal_word}
  0x0000000117f104c0: 2899 fc10 | 8837 02f9 

  0x0000000117f104c8: ;   {runtime_call SafepointBlob}
  0x0000000117f104c8: 0e59 c017 | 0830 93d2 | 48de a2f2 | 2800 c0f2 | 0001 3fd6 | d6e1 ff17 

  0x0000000117f104e0: ;   {other}
  0x0000000117f104e0: 3b00 0000 | 0000 0000 
[Stub Code]
  0x0000000117f104e8: ;   {no_reloc}
  0x0000000117f104e8: 4800 0058 | 0001 1fd6 | 808f 1d18 | 0100 0000 

  0x0000000117f104f8: ;   {trampoline_stub}
  0x0000000117f104f8: 4800 0058 | 0001 1fd6 | 8093 f417 | 0100 0000 

  0x0000000117f10508: ;   {trampoline_stub}
  0x0000000117f10508: 4800 0058 | 0001 1fd6 | 808f 1d18 | 0100 0000 

  0x0000000117f10518: ;   {trampoline_stub}
  0x0000000117f10518: 4800 0058 | 0001 1fd6 | 9017 f017 | 0100 0000 

  0x0000000117f10528: ;   {static_stub}
  0x0000000117f10528: df3f 03d5 

  0x0000000117f1052c: ;   {metadata({method} {0x000000012837a338} 'dispatchEvent' '(Ljava/awt/AWTEvent;)Z' in 'java/awt/DefaultKeyboardFocusManager')}
  0x0000000117f1052c: 0c67 94d2 | ec06 a5f2 | 2c00 c0f2 | 88ba 8ad2 | 48de a2f2 | 2800 c0f2 | 0001 1fd6 

  0x0000000117f10548: ;   {trampoline_stub}
  0x0000000117f10548: 4800 0058 | 0001 1fd6 | 8001 f216 | 0100 0000 

  0x0000000117f10558: ;   {static_stub}
  0x0000000117f10558: df3f 03d5 

  0x0000000117f1055c: ;   {metadata(nullptr)}
  0x0000000117f1055c: 0c00 80d2 | 0c00 a0f2 | 0c00 c0f2 | 0800 80d2 | 0800 a0f2 | 0800 c0f2 | 0001 1fd6 

  0x0000000117f10578: ;   {trampoline_stub}
  0x0000000117f10578: 4800 0058 | 0001 1fd6 | 8004 f216 | 0100 0000 

  0x0000000117f10588: ;   {trampoline_stub}
  0x0000000117f10588: 4800 0058 | 0001 1fd6 | 104b f217 | 0100 0000 

  0x0000000117f10598: ;   {static_stub}
  0x0000000117f10598: df3f 03d5 

  0x0000000117f1059c: ;   {metadata(nullptr)}
  0x0000000117f1059c: 0c00 80d2 | 0c00 a0f2 | 0c00 c0f2 | 0800 80d2 | 0800 a0f2 | 0800 c0f2 | 0001 1fd6 

  0x0000000117f105b8: ;   {trampoline_stub}
  0x0000000117f105b8: 4800 0058 | 0001 1fd6 | 686b 0017 | 0100 0000 

  0x0000000117f105c8: ;   {trampoline_stub}
  0x0000000117f105c8: 4800 0058 | 0001 1fd6 | 808f 1d18 | 0100 0000 

  0x0000000117f105d8: ;   {trampoline_stub}
  0x0000000117f105d8: 4800 0058 | 0001 1fd6 | e805 f117 | 0100 0000 

  0x0000000117f105e8: ;   {static_stub}
  0x0000000117f105e8: df3f 03d5 

  0x0000000117f105ec: ;   {metadata({method} {0x000000012837b830} 'processKeyEvent' '(Ljava/awt/Component;Ljava/awt/event/KeyEvent;)V' in 'java/awt/DefaultKeyboardFocusManager')}
  0x0000000117f105ec: 0c06 97d2 | ec06 a5f2 | 2c00 c0f2 | 082b 99d2 | 28de a2f2 | 2800 c0f2 | 0001 1fd6 

  0x0000000117f10608: ;   {trampoline_stub}
  0x0000000117f10608: 4800 0058 | 0001 1fd6 | 8004 f216 | 0100 0000 

  0x0000000117f10618: ;   {trampoline_stub}
  0x0000000117f10618: 4800 0058 | 0001 1fd6 | 2806 f117 | 0100 0000 

  0x0000000117f10628: ;   {static_stub}
  0x0000000117f10628: df3f 03d5 

  0x0000000117f1062c: ;   {metadata({method} {0x00000001293f3838} 'getOppositeComponent' '()Ljava/awt/Component;' in 'java/awt/event/FocusEvent')}
  0x0000000117f1062c: 0c07 87d2 | ec27 a5f2 | 2c00 c0f2 | 886a 89d2 | 48de a2f2 | 2800 c0f2 | 0001 1fd6 

  0x0000000117f10648: ;   {trampoline_stub}
  0x0000000117f10648: 4800 0058 | 0001 1fd6 | 8007 f216 | 0100 0000 

  0x0000000117f10658: ;   {trampoline_stub}
  0x0000000117f10658: 4800 0058 | 0001 1fd6 | 8004 f216 | 0100 0000 

  0x0000000117f10668: ;   {trampoline_stub}
  0x0000000117f10668: 4800 0058 | 0001 1fd6 | 8013 0917 | 0100 0000 

  0x0000000117f10678: ;   {trampoline_stub}
  0x0000000117f10678: 4800 0058 | 0001 1fd6 | 28d0 1517 | 0100 0000 

  0x0000000117f10688: ;   {trampoline_stub}
  0x0000000117f10688: 4800 0058 | 0001 1fd6 | 8001 f216 | 0100 0000 

  0x0000000117f10698: ;   {static_stub}
  0x0000000117f10698: df3f 03d5 

  0x0000000117f1069c: ;   {metadata(nullptr)}
  0x0000000117f1069c: 0c00 80d2 | 0c00 a0f2 | 0c00 c0f2 | 0800 80d2 | 0800 a0f2 | 0800 c0f2 | 0001 1fd6 

  0x0000000117f106b8: ;   {trampoline_stub}
  0x0000000117f106b8: 4800 0058 | 0001 1fd6 | 8001 f216 | 0100 0000 

  0x0000000117f106c8: ;   {static_stub}
  0x0000000117f106c8: df3f 03d5 

  0x0000000117f106cc: ;   {metadata(nullptr)}
  0x0000000117f106cc: 0c00 80d2 | 0c00 a0f2 | 0c00 c0f2 | 0800 80d2 | 0800 a0f2 | 0800 c0f2 | 0001 1fd6 

  0x0000000117f106e8: ;   {trampoline_stub}
  0x0000000117f106e8: 4800 0058 | 0001 1fd6 | 8007 f216 | 0100 0000 

  0x0000000117f106f8: ;   {trampoline_stub}
  0x0000000117f106f8: 4800 0058 | 0001 1fd6 | 8001 f216 | 0100 0000 

  0x0000000117f10708: ;   {trampoline_stub}
  0x0000000117f10708: 4800 0058 | 0001 1fd6 | 8001 f216 | 0100 0000 

  0x0000000117f10718: ;   {static_stub}
  0x0000000117f10718: df3f 03d5 

  0x0000000117f1071c: ;   {metadata(nullptr)}
  0x0000000117f1071c: 0c00 80d2 | 0c00 a0f2 | 0c00 c0f2 | 0800 80d2 | 0800 a0f2 | 0800 c0f2 | 0001 1fd6 

  0x0000000117f10738: ;   {trampoline_stub}
  0x0000000117f10738: 4800 0058 | 0001 1fd6 | 8001 f216 | 0100 0000 

  0x0000000117f10748: ;   {static_stub}
  0x0000000117f10748: df3f 03d5 

  0x0000000117f1074c: ;   {metadata(nullptr)}
  0x0000000117f1074c: 0c00 80d2 | 0c00 a0f2 | 0c00 c0f2 | 0800 80d2 | 0800 a0f2 | 0800 c0f2 | 0001 1fd6 

  0x0000000117f10768: ;   {trampoline_stub}
  0x0000000117f10768: 4800 0058 | 0001 1fd6 | 8001 f216 | 0100 0000 

  0x0000000117f10778: ;   {trampoline_stub}
  0x0000000117f10778: 4800 0058 | 0001 1fd6 | 8001 f216 | 0100 0000 

  0x0000000117f10788: ;   {trampoline_stub}
  0x0000000117f10788: 4800 0058 | 0001 1fd6 | 280d f117 | 0100 0000 

  0x0000000117f10798: ;   {trampoline_stub}
  0x0000000117f10798: 4800 0058 | 0001 1fd6 | 0863 0017 | 0100 0000 

  0x0000000117f107a8: ;   {trampoline_stub}
  0x0000000117f107a8: 4800 0058 | 0001 1fd6 | 00d0 1517 | 0100 0000 

  0x0000000117f107b8: ;   {trampoline_stub}
  0x0000000117f107b8: 4800 0058 | 0001 1fd6 | 8001 f216 | 0100 0000 

  0x0000000117f107c8: ;   {trampoline_stub}
  0x0000000117f107c8: 4800 0058 | 0001 1fd6 | 686b 0017 | 0100 0000 

  0x0000000117f107d8: ;   {trampoline_stub}
  0x0000000117f107d8: 4800 0058 | 0001 1fd6 | 10cf 1517 | 0100 0000 

  0x0000000117f107e8: ;   {trampoline_stub}
  0x0000000117f107e8: 4800 0058 | 0001 1fd6 | 004b f217 | 0100 0000 

  0x0000000117f107f8: ;   {trampoline_stub}
  0x0000000117f107f8: 4800 0058 | 0001 1fd6 | 004b f217 | 0100 0000 

  0x0000000117f10808: ;   {trampoline_stub}
  0x0000000117f10808: 4800 0058 | 0001 1fd6 | 8004 f216 | 0100 0000 

  0x0000000117f10818: ;   {trampoline_stub}
  0x0000000117f10818: 4800 0058 | 0001 1fd6 | c80b f117 | 0100 0000 

  0x0000000117f10828: ;   {trampoline_stub}
  0x0000000117f10828: 4800 0058 | 0001 1fd6 | e80b f117 | 0100 0000 

  0x0000000117f10838: ;   {trampoline_stub}
  0x0000000117f10838: 4800 0058 | 0001 1fd6 | 8001 f216 | 0100 0000 

  0x0000000117f10848: ;   {static_stub}
  0x0000000117f10848: df3f 03d5 

  0x0000000117f1084c: ;   {metadata(nullptr)}
  0x0000000117f1084c: 0c00 80d2 | 0c00 a0f2 | 0c00 c0f2 | 0800 80d2 | 0800 a0f2 | 0800 c0f2 | 0001 1fd6 

  0x0000000117f10868: ;   {trampoline_stub}
  0x0000000117f10868: 4800 0058 | 0001 1fd6 | 8001 f216 | 0100 0000 

  0x0000000117f10878: ;   {trampoline_stub}
  0x0000000117f10878: 4800 0058 | 0001 1fd6 | 8001 f216 | 0100 0000 

  0x0000000117f10888: ;   {static_stub}
  0x0000000117f10888: df3f 03d5 

  0x0000000117f1088c: ;   {metadata(nullptr)}
  0x0000000117f1088c: 0c00 80d2 | 0c00 a0f2 | 0c00 c0f2 | 0800 80d2 | 0800 a0f2 | 0800 c0f2 | 0001 1fd6 

  0x0000000117f108a8: ;   {trampoline_stub}
  0x0000000117f108a8: 4800 0058 | 0001 1fd6 | 080c f117 | 0100 0000 

  0x0000000117f108b8: ;   {trampoline_stub}
  0x0000000117f108b8: 4800 0058 | 0001 1fd6 | 8001 f216 | 0100 0000 

  0x0000000117f108c8: ;   {trampoline_stub}
  0x0000000117f108c8: 4800 0058 | 0001 1fd6 | 8007 f216 | 0100 0000 

  0x0000000117f108d8: ;   {trampoline_stub}
  0x0000000117f108d8: 4800 0058 | 0001 1fd6 | 8001 f216 | 0100 0000 

  0x0000000117f108e8: ;   {trampoline_stub}
  0x0000000117f108e8: 4800 0058 | 0001 1fd6 | 8007 f216 | 0100 0000 

  0x0000000117f108f8: ;   {trampoline_stub}
  0x0000000117f108f8: 4800 0058 | 0001 1fd6 | 8007 f216 | 0100 0000 

  0x0000000117f10908: ;   {trampoline_stub}
  0x0000000117f10908: 4800 0058 | 0001 1fd6 | 8001 f216 | 0100 0000 

  0x0000000117f10918: ;   {trampoline_stub}
  0x0000000117f10918: 4800 0058 | 0001 1fd6 | 8007 f216 | 0100 0000 

  0x0000000117f10928: ;   {trampoline_stub}
  0x0000000117f10928: 4800 0058 | 0001 1fd6 | 8007 f216 | 0100 0000 

  0x0000000117f10938: ;   {trampoline_stub}
  0x0000000117f10938: 4800 0058 | 0001 1fd6 | 8001 f216 | 0100 0000 

  0x0000000117f10948: ;   {trampoline_stub}
  0x0000000117f10948: 4800 0058 | 0001 1fd6 | 8007 f216 | 0100 0000 

  0x0000000117f10958: ;   {trampoline_stub}
  0x0000000117f10958: 4800 0058 | 0001 1fd6 | 8007 f216 | 0100 0000 

  0x0000000117f10968: ;   {trampoline_stub}
  0x0000000117f10968: 4800 0058 | 0001 1fd6 | 8001 f216 | 0100 0000 

  0x0000000117f10978: ;   {trampoline_stub}
  0x0000000117f10978: 4800 0058 | 0001 1fd6 | 8007 f216 | 0100 0000 

  0x0000000117f10988: ;   {trampoline_stub}
  0x0000000117f10988: 4800 0058 | 0001 1fd6 | 8001 f216 | 0100 0000 

  0x0000000117f10998: ;   {trampoline_stub}
  0x0000000117f10998: 4800 0058 | 0001 1fd6 | 8007 f216 | 0100 0000 

  0x0000000117f109a8: ;   {trampoline_stub}
  0x0000000117f109a8: 4800 0058 | 0001 1fd6 | 8007 f216 | 0100 0000 

  0x0000000117f109b8: ;   {trampoline_stub}
  0x0000000117f109b8: 4800 0058 | 0001 1fd6 | 8004 f216 | 0100 0000 

  0x0000000117f109c8: ;   {trampoline_stub}
  0x0000000117f109c8: 4800 0058 | 0001 1fd6 | 8004 f216 | 0100 0000 

  0x0000000117f109d8: ;   {trampoline_stub}
  0x0000000117f109d8: 4800 0058 | 0001 1fd6 | 8004 f216 | 0100 0000 

  0x0000000117f109e8: ;   {trampoline_stub}
  0x0000000117f109e8: 4800 0058 | 0001 1fd6 | 8004 f216 | 0100 0000 

  0x0000000117f109f8: ;   {trampoline_stub}
  0x0000000117f109f8: 4800 0058 | 0001 1fd6 | 8004 f216 | 0100 0000 

  0x0000000117f10a08: ;   {trampoline_stub}
  0x0000000117f10a08: 4800 0058 | 0001 1fd6 | 8004 f216 | 0100 0000 

  0x0000000117f10a18: ;   {trampoline_stub}
  0x0000000117f10a18: 4800 0058 | 0001 1fd6 | 8007 f216 | 0100 0000 

  0x0000000117f10a28: ;   {trampoline_stub}
  0x0000000117f10a28: 4800 0058 | 0001 1fd6 | 8004 f216 | 0100 0000 

  0x0000000117f10a38: ;   {trampoline_stub}
  0x0000000117f10a38: 4800 0058 | 0001 1fd6 | 8007 f216 | 0100 0000 

  0x0000000117f10a48: ;   {trampoline_stub}
  0x0000000117f10a48: 4800 0058 | 0001 1fd6 | 8007 f216 | 0100 0000 

  0x0000000117f10a58: ;   {trampoline_stub}
  0x0000000117f10a58: 4800 0058 | 0001 1fd6 | 8004 f216 | 0100 0000 

  0x0000000117f10a68: ;   {trampoline_stub}
  0x0000000117f10a68: 4800 0058 | 0001 1fd6 | 8004 f216 | 0100 0000 

  0x0000000117f10a78: ;   {trampoline_stub}
  0x0000000117f10a78: 4800 0058 | 0001 1fd6 | 8004 f216 | 0100 0000 

  0x0000000117f10a88: ;   {trampoline_stub}
  0x0000000117f10a88: 4800 0058 | 0001 1fd6 | 8004 f216 | 0100 0000 

  0x0000000117f10a98: ;   {trampoline_stub}
  0x0000000117f10a98: 4800 0058 | 0001 1fd6 | 8004 f216 | 0100 0000 

  0x0000000117f10aa8: ;   {trampoline_stub}
  0x0000000117f10aa8: 4800 0058 | 0001 1fd6 | 8004 f216 | 0100 0000 

  0x0000000117f10ab8: ;   {trampoline_stub}
  0x0000000117f10ab8: 4800 0058 | 0001 1fd6 | 8004 f216 | 0100 0000 

  0x0000000117f10ac8: ;   {trampoline_stub}
  0x0000000117f10ac8: 4800 0058 | 0001 1fd6 | 8004 f216 | 0100 0000 

  0x0000000117f10ad8: ;   {trampoline_stub}
  0x0000000117f10ad8: 4800 0058 | 0001 1fd6 | 8004 f216 | 0100 0000 

  0x0000000117f10ae8: ;   {trampoline_stub}
  0x0000000117f10ae8: 4800 0058 | 0001 1fd6 | 8004 f216 | 0100 0000 

  0x0000000117f10af8: ;   {trampoline_stub}
  0x0000000117f10af8: 4800 0058 | 0001 1fd6 | 8007 f216 | 0100 0000 

  0x0000000117f10b08: ;   {trampoline_stub}
  0x0000000117f10b08: 4800 0058 | 0001 1fd6 | 8007 f216 | 0100 0000 

  0x0000000117f10b18: ;   {trampoline_stub}
  0x0000000117f10b18: 4800 0058 | 0001 1fd6 | 8004 f216 | 0100 0000 

  0x0000000117f10b28: ;   {trampoline_stub}
  0x0000000117f10b28: 4800 0058 | 0001 1fd6 | 8004 f216 | 0100 0000 

  0x0000000117f10b38: ;   {trampoline_stub}
  0x0000000117f10b38: 4800 0058 | 0001 1fd6 | 8004 f216 | 0100 0000 

  0x0000000117f10b48: ;   {trampoline_stub}
  0x0000000117f10b48: 4800 0058 | 0001 1fd6 | 8004 f216 | 0100 0000 

  0x0000000117f10b58: ;   {trampoline_stub}
  0x0000000117f10b58: 4800 0058 | 0001 1fd6 | 8004 f216 | 0100 0000 

  0x0000000117f10b68: ;   {trampoline_stub}
  0x0000000117f10b68: 4800 0058 | 0001 1fd6 | 8004 f216 | 0100 0000 

  0x0000000117f10b78: ;   {trampoline_stub}
  0x0000000117f10b78: 4800 0058 | 0001 1fd6 | 8004 f216 | 0100 0000 

  0x0000000117f10b88: ;   {static_stub}
  0x0000000117f10b88: df3f 03d5 

  0x0000000117f10b8c: ;   {metadata(nullptr)}
  0x0000000117f10b8c: 0c00 80d2 | 0c00 a0f2 | 0c00 c0f2 | 0800 80d2 | 0800 a0f2 | 0800 c0f2 | 0001 1fd6 

  0x0000000117f10ba8: ;   {static_stub}
  0x0000000117f10ba8: df3f 03d5 

  0x0000000117f10bac: ;   {metadata({method} {0x0000000128371f08} 'processCurrentLightweightRequests' '()V' in 'java/awt/KeyboardFocusManager')}
  0x0000000117f10bac: 0ce1 83d2 | ec06 a5f2 | 2c00 c0f2 | 080a 90d2 | c8dd a2f2 | 2800 c0f2 | 0001 1fd6 

  0x0000000117f10bc8: ;   {static_stub}
  0x0000000117f10bc8: df3f 03d5 

  0x0000000117f10bcc: ;   {metadata({method} {0x00000001283723f8} 'retargetFocusGained' '(Ljava/awt/event/FocusEvent;)Ljava/awt/event/FocusEvent;' in 'java/awt/KeyboardFocusManager')}
  0x0000000117f10bcc: 0c7f 84d2 | ec06 a5f2 | 2c00 c0f2 | 886a 89d2 | 48de a2f2 | 2800 c0f2 | 0001 1fd6 

  0x0000000117f10be8: ;   {static_stub}
  0x0000000117f10be8: df3f 03d5 

  0x0000000117f10bec: ;   {metadata({method} {0x00000001283726d8} 'retargetFocusLost' '(Ljava/awt/event/FocusEvent;)Ljava/awt/event/FocusEvent;' in 'java/awt/KeyboardFocusManager')}
  0x0000000117f10bec: 0cdb 84d2 | ec06 a5f2 | 2c00 c0f2 | 886a 89d2 | 48de a2f2 | 2800 c0f2 | 0001 1fd6 

  0x0000000117f10c08: ;   {static_stub}
  0x0000000117f10c08: df3f 03d5 

  0x0000000117f10c0c: ;   {metadata({method} {0x000000012a175730} 'focusGained' '(Ljava/awt/Component;)V' in 'sun/awt/im/InputContext')}
  0x0000000117f10c0c: 0ce6 8ad2 | ec42 a5f2 | 2c00 c0f2 | 88ba 8ad2 | 48de a2f2 | 2800 c0f2 | 0001 1fd6 

  0x0000000117f10c28: ;   {static_stub}
  0x0000000117f10c28: df3f 03d5 

  0x0000000117f10c2c: ;   {metadata(nullptr)}
  0x0000000117f10c2c: 0c00 80d2 | 0c00 a0f2 | 0c00 c0f2 | 0800 80d2 | 0800 a0f2 | 0800 c0f2 | 0001 1fd6 

  0x0000000117f10c48: ;   {static_stub}
  0x0000000117f10c48: df3f 03d5 

  0x0000000117f10c4c: ;   {metadata(nullptr)}
  0x0000000117f10c4c: 0c00 80d2 | 0c00 a0f2 | 0c00 c0f2 | 0800 80d2 | 0800 a0f2 | 0800 c0f2 | 0001 1fd6 

  0x0000000117f10c68: ;   {static_stub}
  0x0000000117f10c68: df3f 03d5 

  0x0000000117f10c6c: ;   {metadata(nullptr)}
  0x0000000117f10c6c: 0c00 80d2 | 0c00 a0f2 | 0c00 c0f2 | 0800 80d2 | 0800 a0f2 | 0800 c0f2 | 0001 1fd6 

  0x0000000117f10c88: ;   {static_stub}
  0x0000000117f10c88: df3f 03d5 

  0x0000000117f10c8c: ;   {metadata(nullptr)}
  0x0000000117f10c8c: 0c00 80d2 | 0c00 a0f2 | 0c00 c0f2 | 0800 80d2 | 0800 a0f2 | 0800 c0f2 | 0001 1fd6 

  0x0000000117f10ca8: ;   {static_stub}
  0x0000000117f10ca8: df3f 03d5 

  0x0000000117f10cac: ;   {metadata(nullptr)}
  0x0000000117f10cac: 0c00 80d2 | 0c00 a0f2 | 0c00 c0f2 | 0800 80d2 | 0800 a0f2 | 0800 c0f2 | 0001 1fd6 

  0x0000000117f10cc8: ;   {static_stub}
  0x0000000117f10cc8: df3f 03d5 

  0x0000000117f10ccc: ;   {metadata(nullptr)}
  0x0000000117f10ccc: 0c00 80d2 | 0c00 a0f2 | 0c00 c0f2 | 0800 80d2 | 0800 a0f2 | 0800 c0f2 | 0001 1fd6 

  0x0000000117f10ce8: ;   {static_stub}
  0x0000000117f10ce8: df3f 03d5 

  0x0000000117f10cec: ;   {metadata(nullptr)}
  0x0000000117f10cec: 0c00 80d2 | 0c00 a0f2 | 0c00 c0f2 | 0800 80d2 | 0800 a0f2 | 0800 c0f2 | 0001 1fd6 

  0x0000000117f10d08: ;   {static_stub}
  0x0000000117f10d08: df3f 03d5 

  0x0000000117f10d0c: ;   {metadata(nullptr)}
  0x0000000117f10d0c: 0c00 80d2 | 0c00 a0f2 | 0c00 c0f2 | 0800 80d2 | 0800 a0f2 | 0800 c0f2 | 0001 1fd6 

  0x0000000117f10d28: ;   {static_stub}
  0x0000000117f10d28: df3f 03d5 

  0x0000000117f10d2c: ;   {metadata({method} {0x000000012824ff60} 'getNativeContainer' '()Ljava/awt/Container;' in 'java/awt/Component')}
  0x0000000117f10d2c: 0cec 9fd2 | 8c04 a5f2 | 2c00 c0f2 | 886a 89d2 | 48de a2f2 | 2800 c0f2 | 0001 1fd6 

  0x0000000117f10d48: ;   {static_stub}
  0x0000000117f10d48: df3f 03d5 

  0x0000000117f10d4c: ;   {metadata(nullptr)}
  0x0000000117f10d4c: 0c00 80d2 | 0c00 a0f2 | 0c00 c0f2 | 0800 80d2 | 0800 a0f2 | 0800 c0f2 | 0001 1fd6 

  0x0000000117f10d68: ;   {static_stub}
  0x0000000117f10d68: df3f 03d5 

  0x0000000117f10d6c: ;   {metadata(nullptr)}
  0x0000000117f10d6c: 0c00 80d2 | 0c00 a0f2 | 0c00 c0f2 | 0800 80d2 | 0800 a0f2 | 0800 c0f2 | 0001 1fd6 

  0x0000000117f10d88: ;   {static_stub}
  0x0000000117f10d88: df3f 03d5 

  0x0000000117f10d8c: ;   {metadata(nullptr)}
  0x0000000117f10d8c: 0c00 80d2 | 0c00 a0f2 | 0c00 c0f2 | 0800 80d2 | 0800 a0f2 | 0800 c0f2 | 0001 1fd6 
[Exception Handler]
  0x0000000117f10da8: ;   {runtime_call ExceptionBlob}
  0x0000000117f10da8: f6b3 c317 
[Deopt Handler Code]
  0x0000000117f10dac: 1e00 0010 

  0x0000000117f10db0: ;   {runtime_call DeoptimizationBlob}
  0x0000000117f10db0: a457 c017 | 0000 0000 
[/MachCode]


Compiled method (c1) 4844376 181175   !   3       java.awt.Container::dispatchEventImpl (129 bytes)
 total in heap  [0x000000010fe08910,0x000000010fe098a0] = 3984
 relocation     [0x000000010fe08a60,0x000000010fe08b98] = 312
 main code      [0x000000010fe08bc0,0x000000010fe09488] = 2248
 stub code      [0x000000010fe09488,0x000000010fe095a0] = 280
 oops           [0x000000010fe095a0,0x000000010fe095b0] = 16
 metadata       [0x000000010fe095b0,0x000000010fe09620] = 112
 scopes data    [0x000000010fe09620,0x000000010fe096f8] = 216
 scopes pcs     [0x000000010fe096f8,0x000000010fe09818] = 288
 dependencies   [0x000000010fe09818,0x000000010fe09828] = 16
 handler table  [0x000000010fe09828,0x000000010fe09870] = 72
 nul chk table  [0x000000010fe09870,0x000000010fe098a0] = 48

[Constant Pool (empty)]

[MachCode]
[Entry Point]
  # {method} {0x0000000128329d18} 'dispatchEventImpl' '(Ljava/awt/AWTEvent;)V' in 'java/awt/Container'
  # this:     c_rarg1:c_rarg1 
                        = 'java/awt/Container'
  # parm0:    c_rarg2:c_rarg2 
                        = 'java/awt/AWTEvent'
  #           [sp+0xa0]  (sp of caller)
  0x000000010fe08bc0: 2808 40b9 | 3f01 086b | c001 0054 

  0x000000010fe08bcc: ;   {runtime_call ic_miss_stub}
  0x000000010fe08bcc: ad5c c415 | 1f20 03d5 | 1f20 03d5 | 1f20 03d5 | 1f20 03d5 | 1f20 03d5 | 1f20 03d5 | 1f20 03d5 
  0x000000010fe08bec: 1f20 03d5 | 1f20 03d5 | 1f20 03d5 | 1f20 03d5 | 1f20 03d5 
[Verified Entry Point]
  0x000000010fe08c00: 1f20 03d5 | e953 40d1 | 3f01 00f9 | ff83 02d1 | fd7b 09a9 | 2801 0018 | 8923 40b9 | 1f01 09eb 
  0x000000010fe08c20: e000 0054 | 0830 93d2 | 48de a2f2 | 2800 c0f2 | 0001 3fd6 | 0200 0014 | 3b00 0000 | e10b 06a9 
  0x000000010fe08c40: ;   {metadata(method data for {method} {0x0000000128329d18} 'dispatchEventImpl' '(Ljava/awt/AWTEvent;)V' in 'java/awt/Container')}
  0x000000010fe08c40: 0029 96d2 | e05a a5f2 | 2000 c0f2 | 03ac 40b9 | 6308 0011 | 03ac 00b9 | 6324 1f12 | 7f00 0071 
  0x000000010fe08c60: c039 0054 | 20f4 40b9 | 00f0 7dd3 | e303 1faa | 1f00 03eb 

  0x000000010fe08c74: ;   {metadata(method data for {method} {0x0000000128329d18} 'dispatchEventImpl' '(Ljava/awt/AWTEvent;)V' in 'java/awt/Container')}
  0x000000010fe08c74: 0329 96d2 | e35a a5f2 | 2300 c0f2 | e80f 7cb2 | e903 78b2 | 0401 899a | 6568 64f8 | a504 0091 
  0x000000010fe08c94: 6568 24f8 | 6003 0054 

  0x000000010fe08c9c: ; implicit exception: dispatches to 0x000000010fe093b8
  0x000000010fe08c9c: 1f00 40f9 | e303 00aa 

  0x000000010fe08ca4: ;   {metadata(method data for {method} {0x0000000128329d18} 'dispatchEventImpl' '(Ljava/awt/AWTEvent;)V' in 'java/awt/Container')}
  0x000000010fe08ca4: 0429 96d2 | e45a a5f2 | 2400 c0f2 | 8894 40f9 | 0805 0091 | 8894 00f9 | e303 02aa | e203 03aa 
  0x000000010fe08cc4: e103 00aa 

  0x000000010fe08cc8: ; ImmutableOopMap {[96]=Oop [104]=Oop }
                      ;*invokevirtual dispatchEvent {reexecute=0 rethrow=0 return_oop=0}
                      ; - java.awt.Container::dispatchEventImpl@12 (line 2310)
                      ;   {optimized virtual_call}
  0x000000010fe08cc8: aea4 ff97 

  0x000000010fe08ccc: ;   {other}
  0x000000010fe08ccc: 1f20 03d5 | 9f77 80f2 | 1f00 80f2 | 1f00 0071 

  0x000000010fe08cdc: ;   {metadata(method data for {method} {0x0000000128329d18} 'dispatchEventImpl' '(Ljava/awt/AWTEvent;)V' in 'java/awt/Container')}
  0x000000010fe08cdc: 0229 96d2 | e25a a5f2 | 2200 c0f2 | 082b 80d2 | 0929 80d2 | 0111 899a | 4068 61f8 | 0004 0091 
  0x000000010fe08cfc: 4068 21f8 | 8120 0054 | e133 40f9 

  0x000000010fe08d08: ;   {metadata(method data for {method} {0x0000000128329d18} 'dispatchEventImpl' '(Ljava/awt/AWTEvent;)V' in 'java/awt/Container')}
  0x000000010fe08d08: 0229 96d2 | e25a a5f2 | 2200 c0f2 | 48fc 40f9 | 0805 0091 | 48fc 00f9 | e10b 46a9 

  0x000000010fe08d24: ; ImmutableOopMap {[96]=Oop [104]=Oop }
                      ;*invokespecial dispatchEventImpl {reexecute=0 rethrow=0 return_oop=0}
                      ; - java.awt.Container::dispatchEventImpl@42 (line 2324)
                      ;   {optimized virtual_call}
  0x000000010fe08d24: ed01 0094 

  0x000000010fe08d28: ;   {other}
  0x000000010fe08d28: 1f20 03d5 | 1f83 80f2 | 1f20 80f2 | e133 40f9 

  0x000000010fe08d38: ;   {metadata(method data for {method} {0x0000000128329d18} 'dispatchEventImpl' '(Ljava/awt/AWTEvent;)V' in 'java/awt/Container')}
  0x000000010fe08d38: 0029 96d2 | e05a a5f2 | 2000 c0f2 | 0804 41f9 | 0805 0091 | 0804 01f9 

  0x000000010fe08d50: ;   {metadata(method data for {method} {0x000000012823d9e8} 'getTreeLock' '()Ljava/lang/Object;' in 'java/awt/Component')}
  0x000000010fe08d50: 0082 81d2 | e033 a5f2 | 2000 c0f2 | 02ac 40b9 | 4208 0011 | 02ac 00b9 | 424c 1f12 | 5f00 0071 
  0x000000010fe08d70: 6032 0054 

  0x000000010fe08d74: ;   {oop(a 'java/awt/Component$AWTTreeLock'{0x00000003010338d0})}
  0x000000010fe08d74: 021a 87d2 | 6220 a0f2 | 6200 c0f2 | e3c3 0191 | 6204 00f9 

  0x000000010fe08d88: ; implicit exception: dispatches to 0x000000010fe093dc
  0x000000010fe08d88: 4000 40f9 | 0000 40b2 | 6000 00f9 | 4900 00d1 | e803 00aa | 23fd e0c8 | 1f01 00eb | e000 0054 
  0x000000010fe08da8: bf3b 03d5 | e803 0091 | 0000 08cb | 00d0 72f2 | 6000 00f9 | 2031 00b5 | 88ab 42f9 | 0805 0091 
  0x000000010fe08dc8: 88ab 02f9 | e237 40f9 

  0x000000010fe08dd0: ; implicit exception: dispatches to 0x000000010fe093ec
  0x000000010fe08dd0: 5f00 40f9 | e303 02aa 

  0x000000010fe08dd8: ;   {metadata(method data for {method} {0x0000000128329d18} 'dispatchEventImpl' '(Ljava/awt/AWTEvent;)V' in 'java/awt/Container')}
  0x000000010fe08dd8: 0429 96d2 | e45a a5f2 | 2400 c0f2 | 6308 40b9 | 0312 c0f2 | 8940 0991 | 2801 40f9 | 7f00 08eb 
  0x000000010fe08df8: a100 0054 | 882c 41f9 | 0805 0091 | 882c 01f9 | 1c00 0014 | 8980 0991 | 2801 40f9 | 7f00 08eb 
  0x000000010fe08e18: a100 0054 | 8834 41f9 | 0805 0091 | 8834 01f9 | 1400 0014 | 8940 0991 | 2801 40f9 | c800 00b5 
  0x000000010fe08e38: 2301 00f9 | e803 40b2 | 8960 0991 | 2801 00f9 | 0c00 0014 | 8980 0991 | 2801 40f9 | c800 00b5 
  0x000000010fe08e58: 2301 00f9 | e803 40b2 | 89a0 0991 | 2801 00f9 | 0400 0014 | 8820 41f9 | 0805 0091 | 8820 01f9 
  0x000000010fe08e78: 4210 40b9 

  0x000000010fe08e7c: ;   {metadata(method data for {method} {0x0000000128329d18} 'dispatchEventImpl' '(Ljava/awt/AWTEvent;)V' in 'java/awt/Container')}
  0x000000010fe08e7c: 0329 96d2 | e35a a5f2 | 2300 c0f2 | 0450 80d2 | 5f90 0171 | e103 04aa | 0852 80d2 | 0401 819a 
  0x000000010fe08e9c: 5f94 0171 | e103 04aa | 0854 80d2 | 0401 819a | 6168 64f8 | 2104 0091 | 6168 24f8 | 5f90 0171 
  0x000000010fe08ebc: 8008 0054 | 5f94 0171 | 4110 0054 

  0x000000010fe08ec8: ;   {metadata(method data for {method} {0x0000000128329d18} 'dispatchEventImpl' '(Ljava/awt/AWTEvent;)V' in 'java/awt/Container')}
  0x000000010fe08ec8: 0229 96d2 | e25a a5f2 | 2200 c0f2 | 485c 41f9 | 0805 0091 | 485c 01f9 

  0x000000010fe08ee0: ;   {metadata(method data for {method} {0x00000001281b43b0} 'enabledOnToolkit' '(J)Z' in 'java/awt/Toolkit')}
  0x000000010fe08ee0: 0216 97d2 | e25a a5f2 | 2200 c0f2 | 43ac 40b9 | 6308 0011 | 43ac 00b9 | 634c 1f12 | 7f00 0071 
  0x000000010fe08f00: 8027 0054 

  0x000000010fe08f04: ;   {oop(a 'java/lang/Class'{0x0000000300d94cd8} = 'java/awt/Toolkit')}
  0x000000010fe08f04: 029b 89d2 | 221b a0f2 | 6200 c0f2 | bf3b 03d5 | 4340 40f9 | bf39 03d5 | e203 70b2 | 6200 028a 
  0x000000010fe08f24: 5f00 00f1 

  0x000000010fe08f28: ;   {metadata(method data for {method} {0x00000001281b43b0} 'enabledOnToolkit' '(J)Z' in 'java/awt/Toolkit')}
  0x000000010fe08f28: 0216 97d2 | e25a a5f2 | 2200 c0f2 | e803 78b2 | e90f 7cb2 | 0311 899a | 4468 63f8 | 8404 0091 
  0x000000010fe08f48: 4468 23f8 | 6100 0054 | 0200 a052 | 0800 0014 

  0x000000010fe08f58: ;   {metadata(method data for {method} {0x00000001281b43b0} 'enabledOnToolkit' '(J)Z' in 'java/awt/Toolkit')}
  0x000000010fe08f58: 0216 97d2 | e25a a5f2 | 2200 c0f2 | 4388 40f9 | 6304 0091 | 4388 00f9 | e203 0032 | 4400 0012 
  0x000000010fe08f78: e133 40f9 

  0x000000010fe08f7c: ;   {metadata(method data for {method} {0x0000000128329d18} 'dispatchEventImpl' '(Ljava/awt/AWTEvent;)V' in 'java/awt/Container')}
  0x000000010fe08f7c: 0229 96d2 | e25a a5f2 | 2200 c0f2 | 4864 41f9 | 0805 0091 | 4864 01f9 | 42af 8052 | 0300 80d2 
  0x000000010fe08f9c: e133 40f9 

  0x000000010fe08fa0: ; ImmutableOopMap {[120]=Oop }
                      ;*invokevirtual createChildHierarchyEvents {reexecute=0 rethrow=0 return_oop=0}
                      ; - java.awt.Container::dispatchEventImpl@95 (line 2329)
                      ;   {optimized virtual_call}
  0x000000010fe08fa0: 785c c495 

  0x000000010fe08fa4: ;   {other}
  0x000000010fe08fa4: 1f20 03d5 | 9fd2 80f2 | 1f40 80f2 

  0x000000010fe08fb0: ;   {metadata(method data for {method} {0x0000000128329d18} 'dispatchEventImpl' '(Ljava/awt/AWTEvent;)V' in 'java/awt/Container')}
  0x000000010fe08fb0: 0229 96d2 | e25a a5f2 | 2200 c0f2 | 4380 41f9 | 6304 0091 | 4380 01f9 | 4100 0014 

  0x000000010fe08fcc: ;   {metadata(method data for {method} {0x0000000128329d18} 'dispatchEventImpl' '(Ljava/awt/AWTEvent;)V' in 'java/awt/Container')}
  0x000000010fe08fcc: 0229 96d2 | e25a a5f2 | 2200 c0f2 | 488c 41f9 | 0805 0091 | 488c 01f9 

  0x000000010fe08fe4: ;   {metadata(method data for {method} {0x00000001281b43b0} 'enabledOnToolkit' '(J)Z' in 'java/awt/Toolkit')}
  0x000000010fe08fe4: 0216 97d2 | e25a a5f2 | 2200 c0f2 | 43ac 40b9 | 6308 0011 | 43ac 00b9 | 634c 1f12 | 7f00 0071 
  0x000000010fe09004: 6020 0054 

  0x000000010fe09008: ;   {oop(a 'java/lang/Class'{0x0000000300d94cd8} = 'java/awt/Toolkit')}
  0x000000010fe09008: 029b 89d2 | 221b a0f2 | 6200 c0f2 | bf3b 03d5 | 4340 40f9 | bf39 03d5 | e203 70b2 | 6200 028a 
  0x000000010fe09028: 5f00 00f1 

  0x000000010fe0902c: ;   {metadata(method data for {method} {0x00000001281b43b0} 'enabledOnToolkit' '(J)Z' in 'java/awt/Toolkit')}
  0x000000010fe0902c: 0216 97d2 | e25a a5f2 | 2200 c0f2 | e803 78b2 | e90f 7cb2 | 0311 899a | 4468 63f8 | 8404 0091 
  0x000000010fe0904c: 4468 23f8 | 6100 0054 | 0200 a052 | 0800 0014 

  0x000000010fe0905c: ;   {metadata(method data for {method} {0x00000001281b43b0} 'enabledOnToolkit' '(J)Z' in 'java/awt/Toolkit')}
  0x000000010fe0905c: 0216 97d2 | e25a a5f2 | 2200 c0f2 | 4388 40f9 | 6304 0091 | 4388 00f9 | e203 0032 | 4400 0012 
  0x000000010fe0907c: e133 40f9 

  0x000000010fe09080: ;   {metadata(method data for {method} {0x0000000128329d18} 'dispatchEventImpl' '(Ljava/awt/AWTEvent;)V' in 'java/awt/Container')}
  0x000000010fe09080: 0229 96d2 | e25a a5f2 | 2200 c0f2 | 4894 41f9 | 0805 0091 | 4894 01f9 | 22af 8052 | 0300 80d2 
  0x000000010fe090a0: e133 40f9 

  0x000000010fe090a4: ; ImmutableOopMap {[120]=Oop }
                      ;*invokevirtual createChildHierarchyEvents {reexecute=0 rethrow=0 return_oop=0}
                      ; - java.awt.Container::dispatchEventImpl@112 (line 2333)
                      ;   {optimized virtual_call}
  0x000000010fe090a4: 375c c495 

  0x000000010fe090a8: ;   {other}
  0x000000010fe090a8: 1f20 03d5 | 1ff3 80f2 | 1f60 80f2 

  0x000000010fe090b4: ;   {metadata(method data for {method} {0x0000000128329d18} 'dispatchEventImpl' '(Ljava/awt/AWTEvent;)V' in 'java/awt/Container')}
  0x000000010fe090b4: 0029 96d2 | e05a a5f2 | 2000 c0f2 | 01b0 41f9 | 2104 0091 | 01b0 01f9 

  0x000000010fe090cc: ;   {oop(a 'java/awt/Component$AWTTreeLock'{0x00000003010338d0})}
  0x000000010fe090cc: 001a 87d2 | 6020 a0f2 | 6000 c0f2 | e0c3 0191 | 0100 40f9 | 0101 00b4 | 0204 40f9 | e903 00aa 
  0x000000010fe090ec: 41fc e0c8 | 3f01 00eb | 6000 0054 | bf3b 03d5 | cd00 0014 | 88ab 42f9 | 0805 00d1 | 88ab 02f9 
  0x000000010fe0910c: 8100 0014 | e237 40f9 

  0x000000010fe09114: ; implicit exception: dispatches to 0x000000010fe09440
  0x000000010fe09114: 5f00 40f9 | e003 02aa 

  0x000000010fe0911c: ;   {metadata(method data for {method} {0x0000000128329d18} 'dispatchEventImpl' '(Ljava/awt/AWTEvent;)V' in 'java/awt/Container')}
  0x000000010fe0911c: 0329 96d2 | e35a a5f2 | 2300 c0f2 | 0008 40b9 | 0012 c0f2 | 69e0 0591 | 2801 40f9 | 1f00 08eb 
  0x000000010fe0913c: a100 0054 | 68c0 40f9 | 0805 0091 | 68c0 00f9 | 1c00 0014 | 6920 0691 | 2801 40f9 | 1f00 08eb 
  0x000000010fe0915c: a100 0054 | 68c8 40f9 | 0805 0091 | 68c8 00f9 | 1400 0014 | 69e0 0591 | 2801 40f9 | c800 00b5 
  0x000000010fe0917c: 2001 00f9 | e803 40b2 | 6900 0691 | 2801 00f9 | 0c00 0014 | 6920 0691 | 2801 40f9 | c800 00b5 
  0x000000010fe0919c: 2001 00f9 | e803 40b2 | 6940 0691 | 2801 00f9 | 0400 0014 | 68b4 40f9 | 0805 0091 | 68b4 00f9 
  0x000000010fe091bc: e103 02aa | 09dc 98d2 | 09d0 b6f2 | e900 c0f2 

  0x000000010fe091cc: ; ImmutableOopMap {[96]=Oop [104]=Oop }
                      ;*invokevirtual consume {reexecute=0 rethrow=0 return_oop=0}
                      ; - java.awt.Container::dispatchEventImpl@19 (line 2317)
                      ;   {virtual_call}
  0x000000010fe091cc: 586e c495 

  0x000000010fe091d0: ;   {other}
  0x000000010fe091d0: 1f20 03d5 | 1f18 81f2 | 1f80 80f2 | bf3b 03d5 | e133 40f9 | 2240 40b9 | 42f0 7dd3 | bf39 03d5 
  0x000000010fe091f0: e003 1faa | 5f00 00eb 

  0x000000010fe091f8: ;   {metadata(method data for {method} {0x0000000128329d18} 'dispatchEventImpl' '(Ljava/awt/AWTEvent;)V' in 'java/awt/Container')}
  0x000000010fe091f8: 0229 96d2 | e25a a5f2 | 2200 c0f2 | 0834 80d2 | 0936 80d2 | 0001 899a | 4368 60f8 | 6304 0091 
  0x000000010fe09218: 4368 20f8 | e006 0054 | e237 40f9 | bf3b 03d5 | 2140 40b9 | 21f0 7dd3 | bf39 03d5 

  0x000000010fe09234: ; implicit exception: dispatches to 0x000000010fe09444
  0x000000010fe09234: 3f00 40f9 | e003 01aa 

  0x000000010fe0923c: ;   {metadata(method data for {method} {0x0000000128329d18} 'dispatchEventImpl' '(Ljava/awt/AWTEvent;)V' in 'java/awt/Container')}
  0x000000010fe0923c: 0329 96d2 | e35a a5f2 | 2300 c0f2 | 0008 40b9 | 0012 c0f2 | 6940 0791 | 2801 40f9 | 1f00 08eb 
  0x000000010fe0925c: a100 0054 | 68ec 40f9 | 0805 0091 | 68ec 00f9 | 1c00 0014 | 6980 0791 | 2801 40f9 | 1f00 08eb 
  0x000000010fe0927c: a100 0054 | 68f4 40f9 | 0805 0091 | 68f4 00f9 | 1400 0014 | 6940 0791 | 2801 40f9 | c800 00b5 
  0x000000010fe0929c: 2001 00f9 | e803 40b2 | 6960 0791 | 2801 00f9 | 0c00 0014 | 6980 0791 | 2801 40f9 | c800 00b5 
  0x000000010fe092bc: 2001 00f9 | e803 40b2 | 69a0 0791 | 2801 00f9 | 0400 0014 | 68e0 40f9 | 0805 0091 | 68e0 00f9 
  0x000000010fe092dc: 09a3 9cd2 | 6944 a0f2 | 0912 c0f2 

  0x000000010fe092e8: ; ImmutableOopMap {}
                      ;*invokeinterface handleEvent {reexecute=0 rethrow=0 return_oop=0}
                      ; - java.awt.Container::dispatchEventImpl@34 (line 2319)
                      ;   {virtual_call}
  0x000000010fe092e8: e680 ff97 

  0x000000010fe092ec: ;   {other}
  0x000000010fe092ec: 1f20 03d5 | 9f3b 81f2 | 1fa0 80f2 | fd7b 49a9 | ff83 0291 

  0x000000010fe09300: ;   {poll_return}
  0x000000010fe09300: 882b 42f9 | ff63 28eb | 080a 0054 | c003 5fd6 

  0x000000010fe09310: ;   {metadata(method data for {method} {0x0000000128329d18} 'dispatchEventImpl' '(Ljava/awt/AWTEvent;)V' in 'java/awt/Container')}
  0x000000010fe09310: 0029 96d2 | e05a a5f2 | 2000 c0f2 | 01bc 41f9 | 2104 0091 | 01bc 01f9 | fd7b 49a9 | ff83 0291 
  0x000000010fe09330: ;   {poll_return}
  0x000000010fe09330: 882b 42f9 | ff63 28eb | e808 0054 | c003 5fd6 | 8083 42f9 | 9f83 02f9 | 9f87 02f9 | e103 00aa 
  0x000000010fe09350: ;   {oop(a 'java/awt/Component$AWTTreeLock'{0x00000003010338d0})}
  0x000000010fe09350: 001a 87d2 | 6020 a0f2 | 6000 c0f2 | e0c3 0191 | 0200 40f9 | 0201 00b4 | 0304 40f9 | e903 00aa 
  0x000000010fe09370: 62fc e0c8 | 3f01 00eb | 6000 0054 | bf3b 03d5 | 3800 0014 | 88ab 42f9 | 0805 00d1 | 88ab 02f9 
  0x000000010fe09390: e003 01aa | 3a00 0014 

  0x000000010fe09398: ;   {metadata({method} {0x0000000128329d18} 'dispatchEventImpl' '(Ljava/awt/AWTEvent;)V' in 'java/awt/Container')}
  0x000000010fe09398: 08a3 93d2 | 4806 a5f2 | 2800 c0f2 | e807 00f9 | 0800 8092 | e803 00f9 

  0x000000010fe093b0: ; ImmutableOopMap {c_rarg1=Oop c_rarg2=Oop [96]=Oop [104]=Oop }
                      ;*synchronization entry
                      ; - java.awt.Container::dispatchEventImpl@-1 (line 2310)
                      ;   {runtime_call counter_overflow Runtime1 stub}
  0x000000010fe093b0: 34cb c795 | 2cfe ff17 

  0x000000010fe093b8: ; ImmutableOopMap {c_rarg2=Oop c_rarg0=Oop [96]=Oop [104]=Oop }
                      ;*invokevirtual dispatchEvent {reexecute=0 rethrow=0 return_oop=0}
                      ; - java.awt.Container::dispatchEventImpl@12 (line 2310)
                      ;   {runtime_call throw_null_pointer_exception Runtime1 stub}
  0x000000010fe093b8: 32b3 c795 

  0x000000010fe093bc: ;   {metadata({method} {0x000000012823d9e8} 'getTreeLock' '()Ljava/lang/Object;' in 'java/awt/Component')}
  0x000000010fe093bc: 083d 9bd2 | 6804 a5f2 | 2800 c0f2 | e807 00f9 | 0800 8092 | e803 00f9 

  0x000000010fe093d4: ; ImmutableOopMap {[96]=Oop [104]=Oop }
                      ;*synchronization entry
                      ; - java.awt.Component::getTreeLock@-1 (line 1267)
                      ; - java.awt.Container::dispatchEventImpl@46 (line 2326)
                      ;   {runtime_call counter_overflow Runtime1 stub}
  0x000000010fe093d4: 2bcb c795 | 67fe ff17 

  0x000000010fe093dc: ; ImmutableOopMap {c_rarg2=Oop [96]=Oop [104]=Oop }
                      ;*monitorenter {reexecute=0 rethrow=0 return_oop=0}
                      ; - java.awt.Container::dispatchEventImpl@51 (line 2326)
                      ;   {runtime_call throw_null_pointer_exception Runtime1 stub}
  0x000000010fe093dc: 29b3 c795 | e30b 00a9 

  0x000000010fe093e4: ; ImmutableOopMap {c_rarg2=Oop [96]=Oop [104]=Oop [120]=Oop }
                      ;*monitorenter {reexecute=0 rethrow=0 return_oop=0}
                      ; - java.awt.Container::dispatchEventImpl@51 (line 2326)
                      ;   {runtime_call monitorenter_nofpu Runtime1 stub}
  0x000000010fe093e4: 87c3 c795 | 79fe ff17 

  0x000000010fe093ec: ; ImmutableOopMap {c_rarg2=Oop [96]=Oop [104]=Oop [120]=Oop }
                      ;*invokevirtual getID {reexecute=0 rethrow=0 return_oop=0}
                      ; - java.awt.Container::dispatchEventImpl@53 (line 2327)
                      ;   {runtime_call throw_null_pointer_exception Runtime1 stub}
  0x000000010fe093ec: 25b3 c795 

  0x000000010fe093f0: ;   {metadata({method} {0x00000001281b43b0} 'enabledOnToolkit' '(J)Z' in 'java/awt/Toolkit')}
  0x000000010fe093f0: 0876 88d2 | 6803 a5f2 | 2800 c0f2 | e807 00f9 | 0800 8092 | e803 00f9 

  0x000000010fe09408: ; ImmutableOopMap {[96]=Oop [120]=Oop }
                      ;*synchronization entry
                      ; - java.awt.Toolkit::enabledOnToolkit@-1 (line 1920)
                      ; - java.awt.Container::dispatchEventImpl@92 (line 2330)
                      ;   {runtime_call counter_overflow Runtime1 stub}
  0x000000010fe09408: 1ecb c795 | befe ff17 

  0x000000010fe09410: ;   {metadata({method} {0x00000001281b43b0} 'enabledOnToolkit' '(J)Z' in 'java/awt/Toolkit')}
  0x000000010fe09410: 0876 88d2 | 6803 a5f2 | 2800 c0f2 | e807 00f9 | 0800 8092 | e803 00f9 

  0x000000010fe09428: ; ImmutableOopMap {[96]=Oop [120]=Oop }
                      ;*synchronization entry
                      ; - java.awt.Toolkit::enabledOnToolkit@-1 (line 1920)
                      ; - java.awt.Container::dispatchEventImpl@109 (line 2334)
                      ;   {runtime_call counter_overflow Runtime1 stub}
  0x000000010fe09428: 16cb c795 | f7fe ff17 | e0c3 0191 | e003 00f9 | bee6 ff10 

  0x000000010fe0943c: ;   {runtime_call monitorexit_nofpu Runtime1 stub}
  0x000000010fe0943c: d1c5 c715 

  0x000000010fe09440: ; ImmutableOopMap {c_rarg2=Oop [96]=Oop [104]=Oop }
                      ;*invokevirtual consume {reexecute=0 rethrow=0 return_oop=0}
                      ; - java.awt.Container::dispatchEventImpl@19 (line 2317)
                      ;   {runtime_call throw_null_pointer_exception Runtime1 stub}
  0x000000010fe09440: 10b3 c795 

  0x000000010fe09444: ; ImmutableOopMap {c_rarg2=Oop c_rarg1=Oop [104]=Oop }
                      ;*invokeinterface handleEvent {reexecute=0 rethrow=0 return_oop=0}
                      ; - java.awt.Container::dispatchEventImpl@34 (line 2319)
                      ;   {runtime_call throw_null_pointer_exception Runtime1 stub}
  0x000000010fe09444: 0fb3 c795 

  0x000000010fe09448: ;   {internal_word}
  0x000000010fe09448: c8f5 ff10 | 8837 02f9 

  0x000000010fe09450: ;   {runtime_call SafepointBlob}
  0x000000010fe09450: 2c75 c415 

  0x000000010fe09454: ;   {internal_word}
  0x000000010fe09454: e8f6 ff10 | 8837 02f9 

  0x000000010fe0945c: ;   {runtime_call SafepointBlob}
  0x000000010fe0945c: 2975 c415 | e0c3 0191 | e003 00f9 | 5ef9 ff10 

  0x000000010fe0946c: ;   {runtime_call monitorexit_nofpu Runtime1 stub}
  0x000000010fe0946c: c5c5 c715 | 8083 42f9 | 9f83 02f9 | 9f87 02f9 | fd7b 49a9 | ff83 0291 

  0x000000010fe09484: ;   {runtime_call unwind_exception Runtime1 stub}
  0x000000010fe09484: 7fad c715 
[Stub Code]
  0x000000010fe09488: ;   {no_reloc}
  0x000000010fe09488: df3f 03d5 

  0x000000010fe0948c: ;   {metadata({method} {0x0000000128354030} 'dispatchEvent' '(Ljava/awt/AWTEvent;)Z' in 'java/awt/LightweightDispatcher')}
  0x000000010fe0948c: 0c06 88d2 | ac06 a5f2 | 2c00 c0f2 | 88ba 8ad2 | 48de a2f2 | 2800 c0f2 | 0001 1fd6 

  0x000000010fe094a8: ;   {trampoline_stub}
  0x000000010fe094a8: 4800 0058 | 0001 1fd6 | 801f df0f | 0100 0000 

  0x000000010fe094b8: ;   {static_stub}
  0x000000010fe094b8: df3f 03d5 

  0x000000010fe094bc: ;   {metadata({method} {0x00000001282471b8} 'dispatchEventImpl' '(Ljava/awt/AWTEvent;)V' in 'java/awt/Component')}
  0x000000010fe094bc: 0c37 8ed2 | 8c04 a5f2 | 2c00 c0f2 | 88ba 8ad2 | 48de a2f2 | 2800 c0f2 | 0001 1fd6 

  0x000000010fe094d8: ;   {trampoline_stub}
  0x000000010fe094d8: 4800 0058 | 0001 1fd6 | 108c f017 | 0100 0000 

  0x000000010fe094e8: ;   {trampoline_stub}
  0x000000010fe094e8: 4800 0058 | 0001 1fd6 | 8001 f216 | 0100 0000 

  0x000000010fe094f8: ;   {trampoline_stub}
  0x000000010fe094f8: 4800 0058 | 0001 1fd6 | 8001 f216 | 0100 0000 

  0x000000010fe09508: ;   {static_stub}
  0x000000010fe09508: df3f 03d5 

  0x000000010fe0950c: ;   {metadata(nullptr)}
  0x000000010fe0950c: 0c00 80d2 | 0c00 a0f2 | 0c00 c0f2 | 0800 80d2 | 0800 a0f2 | 0800 c0f2 | 0001 1fd6 

  0x000000010fe09528: ;   {trampoline_stub}
  0x000000010fe09528: 4800 0058 | 0001 1fd6 | 2c4b f216 | 0100 0000 

  0x000000010fe09538: ;   {static_stub}
  0x000000010fe09538: df3f 03d5 

  0x000000010fe0953c: ;   {metadata(nullptr)}
  0x000000010fe0953c: 0c00 80d2 | 0c00 a0f2 | 0c00 c0f2 | 0800 80d2 | 0800 a0f2 | 0800 c0f2 | 0001 1fd6 

  0x000000010fe09558: ;   {trampoline_stub}
  0x000000010fe09558: 4800 0058 | 0001 1fd6 | 8096 de0f | 0100 0000 

  0x000000010fe09568: ;   {static_stub}
  0x000000010fe09568: df3f 03d5 

  0x000000010fe0956c: ;   {metadata(nullptr)}
  0x000000010fe0956c: 0c00 80d2 | 0c00 a0f2 | 0c00 c0f2 | 0800 80d2 | 0800 a0f2 | 0800 c0f2 | 0001 1fd6 
[Exception Handler]
  0x000000010fe09588: ;   {runtime_call handle_exception_from_callee Runtime1 stub}
  0x000000010fe09588: febb c795 | c1d5 bbd4 | 85c7 f20a | 0100 0000 
[Deopt Handler Code]
  0x000000010fe09598: 1e00 0010 

  0x000000010fe0959c: ;   {runtime_call DeoptimizationBlob}
  0x000000010fe0959c: a975 c415 
[/MachCode]


Compiled method (c1) 4844384 181257       3       java.awt.Window::dispatchEventImpl (23 bytes)
 total in heap  [0x000000010fded710,0x000000010fdee2f8] = 3048
 relocation     [0x000000010fded860,0x000000010fded928] = 200
 main code      [0x000000010fded940,0x000000010fdee060] = 1824
 stub code      [0x000000010fdee060,0x000000010fdee138] = 216
 metadata       [0x000000010fdee138,0x000000010fdee1a0] = 104
 scopes data    [0x000000010fdee1a0,0x000000010fdee218] = 120
 scopes pcs     [0x000000010fdee218,0x000000010fdee2c8] = 176
 dependencies   [0x000000010fdee2c8,0x000000010fdee2e0] = 24
 nul chk table  [0x000000010fdee2e0,0x000000010fdee2f8] = 24

[Constant Pool (empty)]

[MachCode]
[Entry Point]
  # {method} {0x000000012831ab70} 'dispatchEventImpl' '(Ljava/awt/AWTEvent;)V' in 'java/awt/Window'
  # this:     c_rarg1:c_rarg1 
                        = 'java/awt/Window'
  # parm0:    c_rarg2:c_rarg2 
                        = 'java/awt/AWTEvent'
  #           [sp+0x60]  (sp of caller)
  0x000000010fded940: 2808 40b9 | 3f01 086b | c001 0054 

  0x000000010fded94c: ;   {runtime_call ic_miss_stub}
  0x000000010fded94c: 4dc9 c415 | 1f20 03d5 | 1f20 03d5 | 1f20 03d5 | 1f20 03d5 | 1f20 03d5 | 1f20 03d5 | 1f20 03d5 
  0x000000010fded96c: 1f20 03d5 | 1f20 03d5 | 1f20 03d5 | 1f20 03d5 | 1f20 03d5 
[Verified Entry Point]
  0x000000010fded980: 1f20 03d5 | e953 40d1 | 3f01 00f9 | ff83 01d1 | fd7b 05a9 | 2801 0018 | 8923 40b9 | 1f01 09eb 
  0x000000010fded9a0: e000 0054 | 0830 93d2 | 48de a2f2 | 2800 c0f2 | 0001 3fd6 | 0200 0014 | 3b00 0000 

  0x000000010fded9bc: ;   {metadata(method data for {method} {0x000000012831ab70} 'dispatchEventImpl' '(Ljava/awt/AWTEvent;)V' in 'java/awt/Window')}
  0x000000010fded9bc: 0015 99d2 | e05a a5f2 | 2000 c0f2 | 03ac 40b9 | 6308 0011 | 03ac 00b9 | 6324 1f12 | 7f00 0071 
  0x000000010fded9dc: 8030 0054 

  0x000000010fded9e0: ; implicit exception: dispatches to 0x000000010fdee00c
  0x000000010fded9e0: 5f00 40f9 | e003 02aa 

  0x000000010fded9e8: ;   {metadata(method data for {method} {0x000000012831ab70} 'dispatchEventImpl' '(Ljava/awt/AWTEvent;)V' in 'java/awt/Window')}
  0x000000010fded9e8: 0315 99d2 | e35a a5f2 | 2300 c0f2 | 0008 40b9 | 0012 c0f2 | 6900 0491 | 2801 40f9 | 1f00 08eb 
  0x000000010fdeda08: a100 0054 | 6884 40f9 | 0805 0091 | 6884 00f9 | 1c00 0014 | 6940 0491 | 2801 40f9 | 1f00 08eb 
  0x000000010fdeda28: a100 0054 | 688c 40f9 | 0805 0091 | 688c 00f9 | 1400 0014 | 6900 0491 | 2801 40f9 | c800 00b5 
  0x000000010fdeda48: 2001 00f9 | e803 40b2 | 6920 0491 | 2801 00f9 | 0c00 0014 | 6940 0491 | 2801 40f9 | c800 00b5 
  0x000000010fdeda68: 2001 00f9 | e803 40b2 | 6960 0491 | 2801 00f9 | 0400 0014 | 6878 40f9 | 0805 0091 | 6878 00f9 
  0x000000010fdeda88: 4010 40b9 | 1f94 0171 

  0x000000010fdeda90: ;   {metadata(method data for {method} {0x000000012831ab70} 'dispatchEventImpl' '(Ljava/awt/AWTEvent;)V' in 'java/awt/Window')}
  0x000000010fdeda90: 0015 99d2 | e05a a5f2 | 2000 c0f2 | 0825 80d2 | 0927 80d2 | 0311 899a | 0468 63f8 | 8404 0091 
  0x000000010fdedab0: 0468 23f8 | a127 0054 | e003 01aa 

  0x000000010fdedabc: ;   {metadata(method data for {method} {0x000000012831ab70} 'dispatchEventImpl' '(Ljava/awt/AWTEvent;)V' in 'java/awt/Window')}
  0x000000010fdedabc: 0315 99d2 | e35a a5f2 | 2300 c0f2 | 0008 40b9 | 0012 c0f2 | 6960 0591 | 2801 40f9 | 1f00 08eb 
  0x000000010fdedadc: a100 0054 | 68b0 40f9 | 0805 0091 | 68b0 00f9 | 1c00 0014 | 69a0 0591 | 2801 40f9 | 1f00 08eb 
  0x000000010fdedafc: a100 0054 | 68b8 40f9 | 0805 0091 | 68b8 00f9 | 1400 0014 | 6960 0591 | 2801 40f9 | c800 00b5 
  0x000000010fdedb1c: 2001 00f9 | e803 40b2 | 6980 0591 | 2801 00f9 | 0c00 0014 | 69a0 0591 | 2801 40f9 | c800 00b5 
  0x000000010fdedb3c: 2001 00f9 | e803 40b2 | 69c0 0591 | 2801 00f9 | 0400 0014 | 68a4 40f9 | 0805 0091 | 68a4 00f9 
  0x000000010fdedb5c: ;   {metadata(method data for {method} {0x0000000128327a30} 'invalidate' '()V' in 'java/awt/Container')}
  0x000000010fdedb5c: 0057 99d2 | e05a a5f2 | 2000 c0f2 | 03ac 40b9 | 6308 0011 | 03ac 00b9 | 634c 1f12 | 7f00 0071 
  0x000000010fdedb7c: a024 0054 | 20f0 40b9 | 00f0 7dd3 | 0001 00b5 

  0x000000010fdedb8c: ;   {metadata(method data for {method} {0x0000000128327a30} 'invalidate' '()V' in 'java/awt/Container')}
  0x000000010fdedb8c: 0657 99d2 | e65a a5f2 | 2600 c0f2 | c8a4 4339 | 0801 40b2 | c8a4 0339 | 3d00 0014 

  0x000000010fdedba8: ;   {metadata('java/awt/LayoutManager2')}
  0x000000010fdedba8: 054b 98d2 | e543 a0f2 | 0512 c0f2 | 0608 40b9 | 0612 c0f2 | c810 40f9 | bf00 08eb | e000 0054 
  0x000000010fdedbc8: df00 05eb | a000 0054 | e617 bfa9 

  0x000000010fdedbd4: ;   {runtime_call slow_subtype_check Runtime1 stub}
  0x000000010fdedbd4: 4b2e c895 | e607 41f8 | e604 0034 

  0x000000010fdedbe0: ;   {metadata(method data for {method} {0x0000000128327a30} 'invalidate' '()V' in 'java/awt/Container')}
  0x000000010fdedbe0: 0657 99d2 | e65a a5f2 | 2600 c0f2 | 0508 40b9 | 0512 c0f2 | c900 0491 | 2801 40f9 | bf00 08eb 
  0x000000010fdedc00: a100 0054 | c884 40f9 | 0805 0091 | c884 00f9 | 2400 0014 | c940 0491 | 2801 40f9 | bf00 08eb 
  0x000000010fdedc20: a100 0054 | c88c 40f9 | 0805 0091 | c88c 00f9 | 1c00 0014 | c900 0491 | 2801 40f9 | c800 00b5 
  0x000000010fdedc40: 2501 00f9 | e803 40b2 | c920 0491 | 2801 00f9 | 1400 0014 | c940 0491 | 2801 40f9 | c800 00b5 
  0x000000010fdedc60: 2501 00f9 | e803 40b2 | c960 0491 | 2801 00f9 | 0c00 0014 | 0b00 0014 

  0x000000010fdedc78: ;   {metadata(method data for {method} {0x0000000128327a30} 'invalidate' '()V' in 'java/awt/Container')}
  0x000000010fdedc78: 0657 99d2 | e65a a5f2 | 2600 c0f2 | c878 40f9 | 0805 00d1 | c878 00f9 | 0200 0014 | 0300 0014 
  0x000000010fdedc98: e303 1faa | 0200 0014 | e303 40b2 | 7f00 0071 

  0x000000010fdedca8: ;   {metadata(method data for {method} {0x0000000128327a30} 'invalidate' '()V' in 'java/awt/Container')}
  0x000000010fdedca8: 0357 99d2 | e35a a5f2 | 2300 c0f2 | 0827 80d2 | 0925 80d2 | 0411 899a | 6568 64f8 | a504 0091 
  0x000000010fdedcc8: 6568 24f8 | e21f 00f9 | 6100 0054 | e11b 00f9 | 7900 0014 | 0001 00b5 

  0x000000010fdedce0: ;   {metadata(method data for {method} {0x0000000128327a30} 'invalidate' '()V' in 'java/awt/Container')}
  0x000000010fdedce0: 0557 99d2 | e55a a5f2 | 2500 c0f2 | a804 4539 | 0801 40b2 | a804 0539 | 3d00 0014 

  0x000000010fdedcfc: ;   {metadata('java/awt/LayoutManager2')}
  0x000000010fdedcfc: 044b 98d2 | e443 a0f2 | 0412 c0f2 | 0508 40b9 | 0512 c0f2 | a810 40f9 | 9f00 08eb | e000 0054 
  0x000000010fdedd1c: bf00 04eb | a000 0054 | e513 bfa9 

  0x000000010fdedd28: ;   {runtime_call slow_subtype_check Runtime1 stub}
  0x000000010fdedd28: f62d c895 | e507 41f8 | e504 0034 

  0x000000010fdedd34: ;   {metadata(method data for {method} {0x0000000128327a30} 'invalidate' '()V' in 'java/awt/Container')}
  0x000000010fdedd34: 0557 99d2 | e55a a5f2 | 2500 c0f2 | 0408 40b9 | 0412 c0f2 | a960 0591 | 2801 40f9 | 9f00 08eb 
  0x000000010fdedd54: a100 0054 | a8b0 40f9 | 0805 0091 | a8b0 00f9 | 2200 0014 | a9a0 0591 | 2801 40f9 | 9f00 08eb 
  0x000000010fdedd74: a100 0054 | a8b8 40f9 | 0805 0091 | a8b8 00f9 | 1a00 0014 | a960 0591 | 2801 40f9 | c800 00b5 
  0x000000010fdedd94: 2401 00f9 | e803 40b2 | a980 0591 | 2801 00f9 | 1200 0014 | a9a0 0591 | 2801 40f9 | c800 00b5 
  0x000000010fdeddb4: 2401 00f9 | e803 40b2 | a9c0 0591 | 2801 00f9 | 0a00 0014 | 0900 0014 

  0x000000010fdeddcc: ;   {metadata(method data for {method} {0x0000000128327a30} 'invalidate' '()V' in 'java/awt/Container')}
  0x000000010fdeddcc: 0557 99d2 | e55a a5f2 | 2500 c0f2 | a8a4 40f9 | 0805 00d1 | a8a4 00f9 | 9300 0014 | 0100 0014 
  0x000000010fdeddec: ; implicit exception: dispatches to 0x000000010fdee038
  0x000000010fdeddec: 1f00 40f9 | e303 00aa 

  0x000000010fdeddf4: ;   {metadata(method data for {method} {0x0000000128327a30} 'invalidate' '()V' in 'java/awt/Container')}
  0x000000010fdeddf4: 0457 99d2 | e45a a5f2 | 2400 c0f2 | 6308 40b9 | 0312 c0f2 | 8940 0691 | 2801 40f9 | 7f00 08eb 
  0x000000010fdede14: a100 0054 | 88cc 40f9 | 0805 0091 | 88cc 00f9 | 1c00 0014 | 8980 0691 | 2801 40f9 | 7f00 08eb 
  0x000000010fdede34: a100 0054 | 88d4 40f9 | 0805 0091 | 88d4 00f9 | 1400 0014 | 8940 0691 | 2801 40f9 | c800 00b5 
  0x000000010fdede54: 2301 00f9 | e803 40b2 | 8960 0691 | 2801 00f9 | 0c00 0014 | 8980 0691 | 2801 40f9 | c800 00b5 
  0x000000010fdede74: 2301 00f9 | e803 40b2 | 89a0 0691 | 2801 00f9 | 0400 0014 | 88c0 40f9 | 0805 0091 | 88c0 00f9 
  0x000000010fdede94: e203 01aa | e11b 00f9 | e103 00aa | e9ff 9fd2 | e9ff bff2 | e9ff dff2 

  0x000000010fdedeac: ; ImmutableOopMap {[48]=Oop [56]=Oop }
                      ;*invokeinterface invalidateLayout {reexecute=0 rethrow=0 return_oop=0}
                      ; - java.awt.Container::invalidate@19 (line 1615)
                      ; - java.awt.Window::dispatchEventImpl@10 (line 2820)
                      ;   {virtual_call}
  0x000000010fdedeac: 75c9 c495 

  0x000000010fdedeb0: ;   {other}
  0x000000010fdedeb0: 1f20 03d5 | 1ff4 80f2 | 1f00 80f2 | e11b 40f9 

  0x000000010fdedec0: ;   {metadata(method data for {method} {0x0000000128327a30} 'invalidate' '()V' in 'java/awt/Container')}
  0x000000010fdedec0: 0057 99d2 | e05a a5f2 | 2000 c0f2 | 08dc 40f9 | 0805 0091 | 08dc 00f9 | e11b 40f9 

  0x000000010fdededc: ; ImmutableOopMap {[48]=Oop [56]=Oop }
                      ;*invokespecial invalidate {reexecute=0 rethrow=0 return_oop=0}
                      ; - java.awt.Container::invalidate@25 (line 1617)
                      ; - java.awt.Window::dispatchEventImpl@10 (line 2820)
                      ;   {optimized virtual_call}
  0x000000010fdededc: a9c8 c495 

  0x000000010fdedee0: ;   {other}
  0x000000010fdedee0: 1f20 03d5 | 1ffa 80f2 | 1f20 80f2 | e11b 40f9 

  0x000000010fdedef0: ;   {metadata(method data for {method} {0x000000012831ab70} 'dispatchEventImpl' '(Ljava/awt/AWTEvent;)V' in 'java/awt/Window')}
  0x000000010fdedef0: 0015 99d2 | e05a a5f2 | 2000 c0f2 | 2108 40b9 | 0112 c0f2 | 0940 0691 | 2801 40f9 | 3f00 08eb 
  0x000000010fdedf10: a100 0054 | 08cc 40f9 | 0805 0091 | 08cc 00f9 | 1c00 0014 | 0980 0691 | 2801 40f9 | 3f00 08eb 
  0x000000010fdedf30: a100 0054 | 08d4 40f9 | 0805 0091 | 08d4 00f9 | 1400 0014 | 0940 0691 | 2801 40f9 | c800 00b5 
  0x000000010fdedf50: 2101 00f9 | e803 40b2 | 0960 0691 | 2801 00f9 | 0c00 0014 | 0980 0691 | 2801 40f9 | c800 00b5 
  0x000000010fdedf70: 2101 00f9 | e803 40b2 | 09a0 0691 | 2801 00f9 | 0400 0014 | 08c0 40f9 | 0805 0091 | 08c0 00f9 
  0x000000010fdedf90: e11b 40f9 

  0x000000010fdedf94: ; ImmutableOopMap {[48]=Oop [56]=Oop }
                      ;*invokevirtual validate {reexecute=0 rethrow=0 return_oop=0}
                      ; - java.awt.Window::dispatchEventImpl@14 (line 2821)
                      ;   {optimized virtual_call}
  0x000000010fdedf94: 7bc8 c495 

  0x000000010fdedf98: ;   {other}
  0x000000010fdedf98: 1f20 03d5 | 1f11 81f2 | 1f40 80f2 | e10b 43a9 | e003 01aa 

  0x000000010fdedfac: ;   {metadata(method data for {method} {0x000000012831ab70} 'dispatchEventImpl' '(Ljava/awt/AWTEvent;)V' in 'java/awt/Window')}
  0x000000010fdedfac: 0315 99d2 | e35a a5f2 | 2300 c0f2 | 68dc 40f9 | 0805 0091 | 68dc 00f9 

  0x000000010fdedfc4: ; ImmutableOopMap {}
                      ;*invokespecial dispatchEventImpl {reexecute=0 rethrow=0 return_oop=0}
                      ; - java.awt.Window::dispatchEventImpl@19 (line 2823)
                      ;   {optimized virtual_call}
  0x000000010fdedfc4: 0f6b 0094 

  0x000000010fdedfc8: ;   {other}
  0x000000010fdedfc8: 1f20 03d5 | 1f17 81f2 | 1f60 80f2 | fd7b 45a9 | ff83 0191 

  0x000000010fdedfdc: ;   {poll_return}
  0x000000010fdedfdc: 882b 42f9 | ff63 28eb | c802 0054 | c003 5fd6 

  0x000000010fdedfec: ;   {metadata({method} {0x000000012831ab70} 'dispatchEventImpl' '(Ljava/awt/AWTEvent;)V' in 'java/awt/Window')}
  0x000000010fdedfec: 086e 95d2 | 2806 a5f2 | 2800 c0f2 | e807 00f9 | 0800 8092 | e803 00f9 

  0x000000010fdee004: ; ImmutableOopMap {c_rarg1=Oop c_rarg2=Oop }
                      ;*synchronization entry
                      ; - java.awt.Window::dispatchEventImpl@-1 (line 2819)
                      ;   {runtime_call counter_overflow Runtime1 stub}
  0x000000010fdee004: 1f38 c895 | 76fe ff17 

  0x000000010fdee00c: ; ImmutableOopMap {c_rarg1=Oop c_rarg2=Oop }
                      ;*invokevirtual getID {reexecute=0 rethrow=0 return_oop=0}
                      ; - java.awt.Window::dispatchEventImpl@1 (line 2819)
                      ;   {runtime_call throw_null_pointer_exception Runtime1 stub}
  0x000000010fdee00c: 1d20 c895 

  0x000000010fdee010: ;   {metadata({method} {0x0000000128327a30} 'invalidate' '()V' in 'java/awt/Container')}
  0x000000010fdee010: 0846 8fd2 | 4806 a5f2 | 2800 c0f2 | e807 00f9 | 0800 8092 | e803 00f9 

  0x000000010fdee028: ; ImmutableOopMap {c_rarg1=Oop c_rarg2=Oop }
                      ;*synchronization entry
                      ; - java.awt.Container::invalidate@-1 (line 1612)
                      ; - java.awt.Window::dispatchEventImpl@10 (line 2820)
                      ;   {runtime_call counter_overflow Runtime1 stub}
  0x000000010fdee028: 1638 c895 | d5fe ff17 | e803 00aa 

  0x000000010fdee034: ; ImmutableOopMap {c_rarg1=Oop [56]=Oop }
                      ;*checkcast {reexecute=0 rethrow=0 return_oop=0}
                      ; - java.awt.Container::invalidate@13 (line 1614)
                      ; - java.awt.Window::dispatchEventImpl@10 (line 2820)
                      ;   {runtime_call throw_class_cast_exception Runtime1 stub}
  0x000000010fdee034: d32a c895 

  0x000000010fdee038: ; ImmutableOopMap {c_rarg1=Oop c_rarg0=Oop [56]=Oop }
                      ;*invokeinterface invalidateLayout {reexecute=0 rethrow=0 return_oop=0}
                      ; - java.awt.Container::invalidate@19 (line 1615)
                      ; - java.awt.Window::dispatchEventImpl@10 (line 2820)
                      ;   {runtime_call throw_null_pointer_exception Runtime1 stub}
  0x000000010fdee038: 1220 c895 

  0x000000010fdee03c: ;   {internal_word}
  0x000000010fdee03c: 08fd ff10 | 8837 02f9 

  0x000000010fdee044: ;   {runtime_call SafepointBlob}
  0x000000010fdee044: 2fe2 c415 | 8083 42f9 | 9f83 02f9 | 9f87 02f9 | fd7b 45a9 | ff83 0191 

  0x000000010fdee05c: ;   {runtime_call unwind_exception Runtime1 stub}
  0x000000010fdee05c: 891a c815 
[Stub Code]
  0x000000010fdee060: ;   {no_reloc}
  0x000000010fdee060: df3f 03d5 

  0x000000010fdee064: ;   {metadata(nullptr)}
  0x000000010fdee064: 0c00 80d2 | 0c00 a0f2 | 0c00 c0f2 | 0800 80d2 | 0800 a0f2 | 0800 c0f2 | 0001 1fd6 

  0x000000010fdee080: ;   {trampoline_stub}
  0x000000010fdee080: 4800 0058 | 0001 1fd6 | 8004 f216 | 0100 0000 

  0x000000010fdee090: ;   {static_stub}
  0x000000010fdee090: df3f 03d5 

  0x000000010fdee094: ;   {metadata(nullptr)}
  0x000000010fdee094: 0c00 80d2 | 0c00 a0f2 | 0c00 c0f2 | 0800 80d2 | 0800 a0f2 | 0800 c0f2 | 0001 1fd6 

  0x000000010fdee0b0: ;   {trampoline_stub}
  0x000000010fdee0b0: 4800 0058 | 0001 1fd6 | 8001 f216 | 0100 0000 

  0x000000010fdee0c0: ;   {static_stub}
  0x000000010fdee0c0: df3f 03d5 

  0x000000010fdee0c4: ;   {metadata(nullptr)}
  0x000000010fdee0c4: 0c00 80d2 | 0c00 a0f2 | 0c00 c0f2 | 0800 80d2 | 0800 a0f2 | 0800 c0f2 | 0001 1fd6 

  0x000000010fdee0e0: ;   {trampoline_stub}
  0x000000010fdee0e0: 4800 0058 | 0001 1fd6 | 8001 f216 | 0100 0000 

  0x000000010fdee0f0: ;   {static_stub}
  0x000000010fdee0f0: df3f 03d5 

  0x000000010fdee0f4: ;   {metadata(nullptr)}
  0x000000010fdee0f4: 0c00 80d2 | 0c00 a0f2 | 0c00 c0f2 | 0800 80d2 | 0800 a0f2 | 0800 c0f2 | 0001 1fd6 

  0x000000010fdee110: ;   {trampoline_stub}
  0x000000010fdee110: 4800 0058 | 0001 1fd6 | 008c e00f | 0100 0000 
[Exception Handler]
  0x000000010fdee120: ;   {runtime_call handle_exception_from_callee Runtime1 stub}
  0x000000010fdee120: 1829 c895 | c1d5 bbd4 | 85c7 f20a | 0100 0000 
[Deopt Handler Code]
  0x000000010fdee130: 1e00 0010 

  0x000000010fdee134: ;   {runtime_call DeoptimizationBlob}
  0x000000010fdee134: c3e2 c415 
[/MachCode]


---------------  P R O C E S S  ---------------

Threads class SMR info:
_java_thread_list=0x00000007b5a74a00, length=39, elements={
0x00000001048e55f0, 0x0000000104900310, 0x00000007bd1d4000, 0x00000007bd1d4700,
0x00000007bd1d4e00, 0x00000007bd1d5500, 0x00000007bd1d5c00, 0x00000007bcd50000,
0x00000007bcd50800, 0x00000007bd1d7800, 0x00000007bd7a4000, 0x00000007bd7a4e00,
0x00000007bd7a7800, 0x00000007bd810700, 0x00000007bd810e00, 0x00000007bd8bc700,
0x00000007bd8bce00, 0x00000007bdc41500, 0x00000007bdc41c00, 0x00000007bdc42300,
0x00000007bdc43100, 0x00000007be096300, 0x00000007be096a00, 0x00000007be154700,
0x00000007be154e00, 0x00000007be3c2300, 0x00000007bec1ce00, 0x00000007be614700,
0x00000007bf628e00, 0x00000007bf3ad500, 0x00000007bf3af800, 0x00000007bd810000,
0x00000007bdeb4000, 0x00000007bdeb4700, 0x00000007bdeb4e00, 0x00000007c968c700,
0x00000007c968ce00, 0x00000007c968d500, 0x00000007c968e300
}

Java Threads: ( => current thread )
  0x00000001048e55f0 JavaThread "main"                              [_thread_blocked, id=6147, stack(0x000000016b634000,0x000000016b837000) (2060K)]
  0x0000000104900310 JavaThread "Common-Cleaner"             daemon [_thread_blocked, id=24579, stack(0x000000016c7ac000,0x000000016c9af000) (2060K)]
  0x00000007bd1d4000 JavaThread "Reference Handler"          daemon [_thread_blocked, id=29955, stack(0x000000016c9b8000,0x000000016cbbb000) (2060K)]
  0x00000007bd1d4700 JavaThread "Finalizer"                  daemon [_thread_blocked, id=25347, stack(0x000000016cbc4000,0x000000016cdc7000) (2060K)]
  0x00000007bd1d4e00 JavaThread "Signal Dispatcher"          daemon [_thread_blocked, id=25859, stack(0x000000016cdd0000,0x000000016cfd3000) (2060K)]
  0x00000007bd1d5500 JavaThread "Service Thread"             daemon [_thread_blocked, id=29699, stack(0x000000016cfdc000,0x000000016d1df000) (2060K)]
  0x00000007bd1d5c00 JavaThread "Monitor Deflation Thread"   daemon [_thread_blocked, id=29443, stack(0x000000016d1e8000,0x000000016d3eb000) (2060K)]
  0x00000007bcd50000 JavaThread "C2 CompilerThread0"         daemon [_thread_blocked, id=28931, stack(0x000000016d3f4000,0x000000016d5f7000) (2060K)]
  0x00000007bcd50800 JavaThread "C1 CompilerThread0"         daemon [_thread_blocked, id=28675, stack(0x000000016d600000,0x000000016d803000) (2060K)]
  0x00000007bd1d7800 JavaThread "process reaper (pid 61322)" daemon [_thread_in_native, id=28419, stack(0x000000016d80c000,0x000000016d843000) (220K)]
  0x00000007bd7a4000 JavaThread "DevTools: Stderr"           daemon [_thread_in_native, id=27395, stack(0x000000016d84c000,0x000000016da4f000) (2060K)]
  0x00000007bd7a4e00 JavaThread "Hot Reload Main"            daemon [_thread_blocked, id=27651, stack(0x000000016da58000,0x000000016dc5b000) (2060K)]
  0x00000007bd7a7800 JavaThread "Orchestration IO: Writer"   daemon [_thread_blocked, id=32771, stack(0x000000016dc64000,0x000000016de67000) (2060K)]
  0x00000007bd810700 JavaThread "Orchestration IO: Reader"   daemon [_thread_in_native, id=43267, stack(0x000000016de70000,0x000000016e073000) (2060K)]
  0x00000007bd810e00 JavaThread "Logger"                     daemon [_thread_blocked, id=42755, stack(0x000000016e07c000,0x000000016e27f000) (2060K)]
  0x00000007bd8bc700 JavaThread "Notification Thread"        daemon [_thread_blocked, id=39939, stack(0x000000016f0dc000,0x000000016f2df000) (2060K)]
  0x00000007bd8bce00 JavaThread "Compose Runtime Analyzer"   daemon [_thread_blocked, id=39427, stack(0x000000016f2e8000,0x000000016f4eb000) (2060K)]
  0x00000007bdc41500 JavaThread "AWT-AppKit"                 daemon [_thread_in_native, id=259, stack(0x000000016adac000,0x000000016b5a8000) (8176K)]
  0x00000007bdc41c00 JavaThread "kotlinx.coroutines.DefaultExecutor" daemon [_thread_blocked, id=58627, stack(0x000000016fb18000,0x000000016fd1b000) (2060K)]
  0x00000007bdc42300 JavaThread "AWT-Shutdown"                      [_thread_blocked, id=84763, stack(0x000000016fec8000,0x00000001700cb000) (2060K)]
=>0x00000007bdc43100 JavaThread "AWT-EventQueue-0"                  [_thread_in_native, id=91699, stack(0x00000001700d4000,0x00000001702d7000) (2060K)]
  0x00000007be096300 JavaThread "Java2D Queue Flusher"       daemon [_thread_blocked, id=125723, stack(0x00000001702e0000,0x00000001704e3000) (2060K)]
  0x00000007be096a00 JavaThread "Java2D Disposer"            daemon [_thread_blocked, id=124419, stack(0x00000001704ec000,0x00000001706ef000) (2060K)]
  0x00000007be154700 JavaThread "TimerQueue"                 daemon [_thread_blocked, id=95247, stack(0x0000000170904000,0x0000000170b07000) (2060K)]
  0x00000007be154e00 JavaThread "Reference Cleaner"          daemon [_thread_blocked, id=119055, stack(0x0000000170b10000,0x0000000170d13000) (2060K)]
  0x00000007be3c2300 JavaThread "AWTThreading pool-1-thread-1" daemon [_thread_blocked, id=96291, stack(0x0000000170f28000,0x000000017112b000) (2060K)]
  0x00000007bec1ce00 JavaThread "DefaultDispatcher-worker-1" daemon [_thread_blocked, id=160603, stack(0x0000000171134000,0x0000000171337000) (2060K)]
  0x00000007be614700 JavaThread "DefaultDispatcher-worker-3" daemon [_thread_in_native, id=115523, stack(0x0000000171664000,0x0000000171867000) (2060K)]
  0x00000007bf628e00 JavaThread "DefaultDispatcher-worker-4" daemon [_thread_blocked, id=173763, stack(0x0000000171a7c000,0x0000000171c7f000) (2060K)]
  0x00000007bf3ad500 JavaThread "DefaultDispatcher-worker-8" daemon [_thread_blocked, id=163763, stack(0x0000000171c88000,0x0000000171e8b000) (2060K)]
  0x00000007bf3af800 JavaThread "DefaultDispatcher-worker-5" daemon [_thread_blocked, id=105711, stack(0x00000001724b8000,0x00000001726bb000) (2060K)]
  0x00000007bd810000 JavaThread "skiko-dispatcher-to-block-on" daemon [_thread_blocked, id=134059, stack(0x00000001706f8000,0x00000001708fb000) (2060K)]
  0x00000007bdeb4000 JavaThread "DefaultDispatcher-worker-2" daemon [_thread_blocked, id=109507, stack(0x0000000171458000,0x000000017165b000) (2060K)]
  0x00000007bdeb4700 JavaThread "DefaultDispatcher-worker-7" daemon [_thread_blocked, id=139983, stack(0x00000001722ac000,0x00000001724af000) (2060K)]
  0x00000007bdeb4e00 JavaThread "DefaultDispatcher-worker-6" daemon [_thread_blocked, id=141227, stack(0x00000001726c4000,0x00000001728c7000) (2060K)]
  0x00000007c968c700 JavaThread "DefaultDispatcher-worker-9" daemon [_thread_blocked, id=105211, stack(0x000000016f4f4000,0x000000016f6f7000) (2060K)]
  0x00000007c968ce00 JavaThread "DefaultDispatcher-worker-10" daemon [_thread_blocked, id=118431, stack(0x000000016f818000,0x000000016fa1b000) (2060K)]
  0x00000007c968d500 JavaThread "DefaultDispatcher-worker-11" daemon [_thread_blocked, id=131499, stack(0x0000000171870000,0x0000000171a73000) (2060K)]
  0x00000007c968e300 JavaThread "Thread-219"                        [_thread_in_Java, id=105743, stack(0x000000016fdb0000,0x000000016fe33000) (524K)]
Total: 39

Other Threads:
  0x00000007bd155400 VMThread "VM Thread"                           [id=18179, stack(0x000000016c488000,0x000000016c68b000) (2060K)]
  0x00000001048f4230 WatcherThread "VM Periodic Task Thread"        [id=20739, stack(0x000000016c27c000,0x000000016c47f000) (2060K)]
  0x00000001048ebb10 WorkerThread "GC Thread#0"                     [id=14851, stack(0x000000016b840000,0x000000016ba43000) (2060K)]
  0x00000007bd7af800 WorkerThread "GC Thread#1"                     [id=33283, stack(0x000000016e288000,0x000000016e48b000) (2060K)]
  0x00000007bd7afc00 WorkerThread "GC Thread#2"                     [id=41987, stack(0x000000016e494000,0x000000016e697000) (2060K)]
  0x00000007bd844000 WorkerThread "GC Thread#3"                     [id=41475, stack(0x000000016e6a0000,0x000000016e8a3000) (2060K)]
  0x00000007bd844400 WorkerThread "GC Thread#4"                     [id=40963, stack(0x000000016e8ac000,0x000000016eaaf000) (2060K)]
  0x00000007bd844800 WorkerThread "GC Thread#5"                     [id=33539, stack(0x000000016eab8000,0x000000016ecbb000) (2060K)]
  0x00000007bd844c00 WorkerThread "GC Thread#6"                     [id=40195, stack(0x000000016ecc4000,0x000000016eec7000) (2060K)]
  0x00000007bd845000 WorkerThread "GC Thread#7"                     [id=34051, stack(0x000000016eed0000,0x000000016f0d3000) (2060K)]
  0x00000001048ec430 ConcurrentGCThread "G1 Main Marker"            [id=14595, stack(0x000000016ba4c000,0x000000016bc4f000) (2060K)]
  0x00000001048ece30 WorkerThread "G1 Conc#0"                       [id=13315, stack(0x000000016bc58000,0x000000016be5b000) (2060K)]
  0x00000007be259800 WorkerThread "G1 Conc#1"                       [id=118019, stack(0x0000000170d1c000,0x0000000170f1f000) (2060K)]
  0x00000007bd124500 ConcurrentGCThread "G1 Refine#0"               [id=13571, stack(0x000000016be64000,0x000000016c067000) (2060K)]
  0x00000007bd154000 ConcurrentGCThread "G1 Service"                [id=16643, stack(0x000000016c070000,0x000000016c273000) (2060K)]
Total: 15

Threads with active compile tasks:
Total: 0

VM state: not at safepoint (normal execution)

VM Mutex/Monitor currently owned by a thread: None

Heap address: 0x0000000300800000, size: 6144 MB, Compressed Oops mode: Zero based, Oop shift amount: 3

CDS archive(s) mapped at: [0x0000009000000000-0x0000009001c68000-0x0000009001c68000), size 29786112, SharedBaseAddress: 0x0000009000000000, ArchiveRelocationMode: 1.
Compressed class space mapped at: 0x0000009002000000-0x0000009042000000, reserved size: 1073741824
Narrow klass base: 0x0000009000000000, Narrow klass shift: 0, Narrow klass range: 0x100000000

GC Precious Log:
 CardTable entry size: 512
 Card Set container configuration: InlinePtr #cards 4 size 8 Array Of Cards #cards 32 size 80 Howl #buckets 8 coarsen threshold 7372 Howl Bitmap #cards 1024 size 144 coarsen threshold 921 Card regions per heap region 1 cards per card region 8192
 CPUs: 8 total, 8 available
 Memory: 24576M
 Large Page Support: Disabled
 NUMA Support: Disabled
 Compressed Oops: Enabled (Zero based)
 Heap Region Size: 4M
 Heap Min Capacity: 8M
 Heap Initial Capacity: 384M
 Heap Max Capacity: 6G
 Pre-touch: Disabled
 Parallel Workers: 8
 Concurrent Workers: 2
 Concurrent Refinement Workers: 8
 Periodic GC: Disabled

Heap:
 garbage-first heap   total 180224K, used 127107K [0x0000000300800000, 0x0000000480800000)
  region size 4096K, 21 young (86016K), 0 survivors (0K)
 Metaspace       used 66217K, committed 67072K, reserved 1114112K
  class space    used 6742K, committed 7104K, reserved 1048576K

Heap Regions: E=young(eden), S=young(survivor), O=old, HS=humongous(starts), HC=humongous(continues), CS=collection set, F=free, TAMS=top-at-mark-start, PB=parsable bottom
|   0|0x0000000300800000, 0x0000000300c00000, 0x0000000300c00000|100%| O|  |TAMS 0x0000000300800000| PB 0x0000000300800000| Untracked 
|   1|0x0000000300c00000, 0x0000000300ffffd0, 0x0000000301000000| 99%| O|  |TAMS 0x0000000300c00000| PB 0x0000000300c00000| Untracked 
|   2|0x0000000301000000, 0x0000000301400000, 0x0000000301400000|100%| O|  |TAMS 0x0000000301000000| PB 0x0000000301000000| Untracked 
|   3|0x0000000301400000, 0x0000000301800000, 0x0000000301800000|100%| O|  |TAMS 0x0000000301400000| PB 0x0000000301400000| Untracked 
|   4|0x0000000301800000, 0x0000000301c00000, 0x0000000301c00000|100%| O|  |TAMS 0x0000000301800000| PB 0x0000000301800000| Untracked 
|   5|0x0000000301c00000, 0x0000000301fffff8, 0x0000000302000000| 99%| O|  |TAMS 0x0000000301c00000| PB 0x0000000301c00000| Untracked 
|   6|0x0000000302000000, 0x00000003023ffff0, 0x0000000302400000| 99%| O|  |TAMS 0x0000000302000000| PB 0x0000000302000000| Untracked 
|   7|0x0000000302400000, 0x0000000302800000, 0x0000000302800000|100%| O|  |TAMS 0x0000000302400000| PB 0x0000000302400000| Untracked 
|   8|0x0000000302800000, 0x0000000302c00000, 0x0000000302c00000|100%| O|  |TAMS 0x0000000302800000| PB 0x0000000302800000| Untracked 
|   9|0x0000000302c00000, 0x0000000302fe4f80, 0x0000000303000000| 97%| O|  |TAMS 0x0000000302c00000| PB 0x0000000302c00000| Untracked 
|  10|0x0000000303000000, 0x0000000303400000, 0x0000000303400000|100%| O|  |TAMS 0x0000000303000000| PB 0x0000000303000000| Untracked 
|  11|0x0000000303400000, 0x0000000303658be8, 0x0000000303800000| 58%| O|  |TAMS 0x0000000303400000| PB 0x0000000303400000| Untracked 
|  12|0x0000000303800000, 0x000000030392c588, 0x0000000303c00000| 29%| O|  |TAMS 0x0000000303800000| PB 0x0000000303800000| Untracked 
|  13|0x0000000303c00000, 0x0000000303cb6b88, 0x0000000304000000| 17%| O|  |TAMS 0x0000000303c00000| PB 0x0000000303c00000| Untracked 
|  14|0x0000000304000000, 0x0000000304000000, 0x0000000304400000|  0%| F|  |TAMS 0x0000000304000000| PB 0x0000000304000000| Untracked 
|  15|0x0000000304400000, 0x0000000304400000, 0x0000000304800000|  0%| F|  |TAMS 0x0000000304400000| PB 0x0000000304400000| Untracked 
|  16|0x0000000304800000, 0x0000000304800000, 0x0000000304c00000|  0%| F|  |TAMS 0x0000000304800000| PB 0x0000000304800000| Untracked 
|  17|0x0000000304c00000, 0x0000000304c00000, 0x0000000305000000|  0%| F|  |TAMS 0x0000000304c00000| PB 0x0000000304c00000| Untracked 
|  18|0x0000000305000000, 0x0000000305000000, 0x0000000305400000|  0%| F|  |TAMS 0x0000000305000000| PB 0x0000000305000000| Untracked 
|  19|0x0000000305400000, 0x0000000305400000, 0x0000000305800000|  0%| F|  |TAMS 0x0000000305400000| PB 0x0000000305400000| Untracked 
|  20|0x0000000305800000, 0x0000000305800000, 0x0000000305c00000|  0%| F|  |TAMS 0x0000000305800000| PB 0x0000000305800000| Untracked 
|  21|0x0000000305c00000, 0x0000000305c00000, 0x0000000306000000|  0%| F|  |TAMS 0x0000000305c00000| PB 0x0000000305c00000| Untracked 
|  22|0x0000000306000000, 0x0000000306000000, 0x0000000306400000|  0%| F|  |TAMS 0x0000000306000000| PB 0x0000000306000000| Untracked 
|  23|0x0000000306400000, 0x00000003065201e0, 0x0000000306800000| 28%| E|  |TAMS 0x0000000306400000| PB 0x0000000306400000| Complete 
|  24|0x0000000306800000, 0x0000000306c00000, 0x0000000306c00000|100%| E|CS|TAMS 0x0000000306800000| PB 0x0000000306800000| Complete 
|  25|0x0000000306c00000, 0x0000000307000000, 0x0000000307000000|100%| E|CS|TAMS 0x0000000306c00000| PB 0x0000000306c00000| Complete 
|  26|0x0000000307000000, 0x0000000307400000, 0x0000000307400000|100%| E|CS|TAMS 0x0000000307000000| PB 0x0000000307000000| Complete 
|  27|0x0000000307400000, 0x0000000307800000, 0x0000000307800000|100%| E|CS|TAMS 0x0000000307400000| PB 0x0000000307400000| Complete 
|  28|0x0000000307800000, 0x0000000307c00000, 0x0000000307c00000|100%| E|  |TAMS 0x0000000307800000| PB 0x0000000307800000| Complete 
|  29|0x0000000307c00000, 0x0000000308000000, 0x0000000308000000|100%| E|CS|TAMS 0x0000000307c00000| PB 0x0000000307c00000| Complete 
|  30|0x0000000308000000, 0x0000000308400000, 0x0000000308400000|100%| E|CS|TAMS 0x0000000308000000| PB 0x0000000308000000| Complete 
|  31|0x0000000308400000, 0x0000000308800000, 0x0000000308800000|100%| E|CS|TAMS 0x0000000308400000| PB 0x0000000308400000| Complete 
|  32|0x0000000308800000, 0x0000000308c00000, 0x0000000308c00000|100%| E|CS|TAMS 0x0000000308800000| PB 0x0000000308800000| Complete 
|  33|0x0000000308c00000, 0x0000000309000000, 0x0000000309000000|100%| E|CS|TAMS 0x0000000308c00000| PB 0x0000000308c00000| Complete 
|  34|0x0000000309000000, 0x0000000309400000, 0x0000000309400000|100%| E|CS|TAMS 0x0000000309000000| PB 0x0000000309000000| Complete 
|  35|0x0000000309400000, 0x0000000309800000, 0x0000000309800000|100%| E|CS|TAMS 0x0000000309400000| PB 0x0000000309400000| Complete 
|  36|0x0000000309800000, 0x0000000309c00000, 0x0000000309c00000|100%| E|CS|TAMS 0x0000000309800000| PB 0x0000000309800000| Complete 
|  37|0x0000000309c00000, 0x000000030a000000, 0x000000030a000000|100%| E|CS|TAMS 0x0000000309c00000| PB 0x0000000309c00000| Complete 
|  38|0x000000030a000000, 0x000000030a400000, 0x000000030a400000|100%| E|CS|TAMS 0x000000030a000000| PB 0x000000030a000000| Complete 
|  39|0x000000030a400000, 0x000000030a800000, 0x000000030a800000|100%| E|CS|TAMS 0x000000030a400000| PB 0x000000030a400000| Complete 
|  40|0x000000030a800000, 0x000000030ac00000, 0x000000030ac00000|100%| E|CS|TAMS 0x000000030a800000| PB 0x000000030a800000| Complete 
|  41|0x000000030ac00000, 0x000000030b000000, 0x000000030b000000|100%| E|CS|TAMS 0x000000030ac00000| PB 0x000000030ac00000| Complete 
|  42|0x000000030b000000, 0x000000030b400000, 0x000000030b400000|100%| E|CS|TAMS 0x000000030b000000| PB 0x000000030b000000| Complete 
|  43|0x000000030b400000, 0x000000030b800000, 0x000000030b800000|100%| E|CS|TAMS 0x000000030b400000| PB 0x000000030b400000| Complete 

Card table byte_map: [0x000000011e9b0000,0x000000011f5b0000] _byte_map_base: 0x000000011d1ac000

Marking Bits: (CMBitMap*) 0x00000007bd124010
 Bits: [0x000000011f5b0000, 0x00000001255b0000)

Polling page: 0x0000000104880000

Metaspace:

Usage:
  Non-class:     58.08 MB used.
      Class:      6.58 MB used.
       Both:     64.67 MB used.

Virtual space:
  Non-class space:       64.00 MB reserved,      58.56 MB ( 92%) committed,  1 nodes.
      Class space:        1.00 GB reserved,       6.94 MB ( <1%) committed,  1 nodes.
             Both:        1.06 GB reserved,      65.50 MB (  6%) committed. 

Chunk freelists:
   Non-Class:  4.95 MB
       Class:  9.03 MB
        Both:  13.98 MB

MaxMetaspaceSize: unlimited
CompressedClassSpaceSize: 1.00 GB
Initial GC threshold: 21.00 MB
Current GC threshold: 105.75 MB
CDS: on
 - commit_granule_bytes: 65536.
 - commit_granule_words: 8192.
 - virtual_space_node_default_size: 8388608.
 - enlarge_chunks_in_place: 1.
 - use_allocation_guard: 0.


Internal statistics:

num_allocs_failed_limit: 9.
num_arena_births: 1384.
num_arena_deaths: 0.
num_vsnodes_births: 2.
num_vsnodes_deaths: 0.
num_space_committed: 1048.
num_space_uncommitted: 0.
num_chunks_returned_to_freelist: 9.
num_chunks_taken_from_freelist: 3830.
num_chunk_merges: 6.
num_chunk_splits: 2632.
num_chunks_enlarged: 1954.
num_inconsistent_stats: 0.

CodeHeap 'non-profiled nmethods': size=120032Kb used=15550Kb max_used=21114Kb free=104481Kb
 bounds [0x0000000117478000, 0x0000000118918000, 0x000000011e9b0000]
CodeHeap 'profiled nmethods': size=120016Kb used=19903Kb max_used=34858Kb free=100113Kb
 bounds [0x000000010f9b0000, 0x0000000111bc0000, 0x0000000116ee4000]
CodeHeap 'non-nmethods': size=5712Kb used=2979Kb max_used=3083Kb free=2732Kb
 bounds [0x0000000116ee4000, 0x0000000117204000, 0x0000000117478000]
CodeCache: size=245760Kb, used=38432Kb, max_used=59055Kb, free=207326Kb
 total_blobs=16434, nmethods=14181, adapters=2159, full_count=0
Compilation: enabled, stopped_count=0, restarted_count=0

Compilation events (20 events):
Event: 4844.128 Thread 0x00000007bcd50000 181471       4       java.awt.Container::getComponents_NoClientCode (16 bytes)
Event: 4844.129 Thread 0x00000007bcd50000 nmethod 181471 0x0000000117f3d490 code [0x0000000117f3d680, 0x0000000117f3da38]
Event: 4844.138 Thread 0x00000007bcd50800 181473       3       java.awt.Component::processMouseEvent (100 bytes)
Event: 4844.138 Thread 0x00000007bcd50800 nmethod 181473 0x0000000111909f90 code [0x000000011190a200, 0x000000011190aa80]
Event: 4844.222 Thread 0x00000007bcd50000 181474       4       java.lang.invoke.MethodHandles$Lookup::checkAccess (200 bytes)
Event: 4844.223 Thread 0x00000007bcd50800 181475       3       jdk.internal.org.objectweb.asm.MethodVisitor::visitMethodInsn (80 bytes)
Event: 4844.223 Thread 0x00000007bcd50800 nmethod 181475 0x0000000111909710 code [0x0000000111909900, 0x0000000111909df0]
Event: 4844.223 Thread 0x00000007bcd50800 181476       3       java.lang.invoke.MemberName::isVarargs (23 bytes)
Event: 4844.223 Thread 0x00000007bcd50800 nmethod 181476 0x0000000111909090 code [0x0000000111909280, 0x00000001119095f0]
Event: 4844.224 Thread 0x00000007bcd50000 nmethod 181474 0x0000000117f3ce10 code [0x0000000117f3cfc0, 0x0000000117f3d210]
Event: 4844.226 Thread 0x00000007bcd50800 181477       3       java.security.AccessController::doPrivileged (9 bytes)
Event: 4844.226 Thread 0x00000007bcd50800 nmethod 181477 0x0000000111908990 code [0x0000000111908b80, 0x0000000111908f10]
Event: 4844.226 Thread 0x00000007bcd50800 181478   !   3       java.lang.invoke.MethodHandle::setVarargs (50 bytes)
Event: 4844.227 Thread 0x00000007bcd50800 nmethod 181478 0x0000000111907510 code [0x0000000111907840, 0x00000001119084a0]
Event: 4844.227 Thread 0x00000007bcd50800 181479       3       java.lang.invoke.SimpleMethodHandle::copyWithExtendL (7 bytes)
Event: 4844.227 Thread 0x00000007bcd50800 nmethod 181479 0x0000000111907090 code [0x0000000111907240, 0x0000000111907418]
Event: 4844.227 Thread 0x00000007bcd50800 181480       3       java.lang.invoke.BoundMethodHandle::bindSingle (7 bytes)
Event: 4844.227 Thread 0x00000007bcd50800 nmethod 181480 0x0000000111906d10 code [0x0000000111906ec0, 0x0000000111906ff0]
Event: 4844.227 Thread 0x00000007bcd50000 181481       4       java.util.concurrent.ConcurrentHashMap$BaseIterator::hasNext (13 bytes)
Event: 4844.228 Thread 0x00000007bcd50000 nmethod 181481 0x0000000117f3cb10 code [0x0000000117f3cc80, 0x0000000117f3cd08]

GC Heap History (20 events):
Event: 4205.825 GC heap before
{Heap before GC invocations=61 (full 40):
 garbage-first heap   total 180224K, used 82554K [0x0000000300800000, 0x0000000480800000)
  region size 4096K, 9 young (36864K), 0 survivors (0K)
 Metaspace       used 63661K, committed 64512K, reserved 1114112K
  class space    used 6471K, committed 6848K, reserved 1048576K
}
Event: 4205.908 GC heap after
{Heap after GC invocations=62 (full 41):
 garbage-first heap   total 180224K, used 49179K [0x0000000300800000, 0x0000000480800000)
  region size 4096K, 0 young (0K), 0 survivors (0K)
 Metaspace       used 63661K, committed 64512K, reserved 1114112K
  class space    used 6471K, committed 6848K, reserved 1048576K
}
Event: 4235.910 GC heap before
{Heap before GC invocations=62 (full 41):
 garbage-first heap   total 180224K, used 69659K [0x0000000300800000, 0x0000000480800000)
  region size 4096K, 6 young (24576K), 0 survivors (0K)
 Metaspace       used 63675K, committed 64512K, reserved 1114112K
  class space    used 6471K, committed 6848K, reserved 1048576K
}
Event: 4236.092 GC heap after
{Heap after GC invocations=63 (full 42):
 garbage-first heap   total 180224K, used 49510K [0x0000000300800000, 0x0000000480800000)
  region size 4096K, 0 young (0K), 0 survivors (0K)
 Metaspace       used 63675K, committed 64512K, reserved 1114112K
  class space    used 6471K, committed 6848K, reserved 1048576K
}
Event: 4266.098 GC heap before
{Heap before GC invocations=63 (full 42):
 garbage-first heap   total 180224K, used 65894K [0x0000000300800000, 0x0000000480800000)
  region size 4096K, 5 young (20480K), 0 survivors (0K)
 Metaspace       used 63678K, committed 64512K, reserved 1114112K
  class space    used 6471K, committed 6848K, reserved 1048576K
}
Event: 4266.352 GC heap after
{Heap after GC invocations=64 (full 43):
 garbage-first heap   total 180224K, used 49487K [0x0000000300800000, 0x0000000480800000)
  region size 4096K, 0 young (0K), 0 survivors (0K)
 Metaspace       used 63678K, committed 64512K, reserved 1114112K
  class space    used 6471K, committed 6848K, reserved 1048576K
}
Event: 4296.357 GC heap before
{Heap before GC invocations=64 (full 43):
 garbage-first heap   total 180224K, used 65871K [0x0000000300800000, 0x0000000480800000)
  region size 4096K, 5 young (20480K), 0 survivors (0K)
 Metaspace       used 63683K, committed 64512K, reserved 1114112K
  class space    used 6471K, committed 6848K, reserved 1048576K
}
Event: 4296.494 GC heap after
{Heap after GC invocations=65 (full 44):
 garbage-first heap   total 180224K, used 49409K [0x0000000300800000, 0x0000000480800000)
  region size 4096K, 0 young (0K), 0 survivors (0K)
 Metaspace       used 63683K, committed 64512K, reserved 1114112K
  class space    used 6471K, committed 6848K, reserved 1048576K
}
Event: 4446.500 GC heap before
{Heap before GC invocations=65 (full 44):
 garbage-first heap   total 180224K, used 82177K [0x0000000300800000, 0x0000000480800000)
  region size 4096K, 9 young (36864K), 0 survivors (0K)
 Metaspace       used 63760K, committed 64640K, reserved 1114112K
  class space    used 6472K, committed 6848K, reserved 1048576K
}
Event: 4446.700 GC heap after
{Heap after GC invocations=66 (full 45):
 garbage-first heap   total 180224K, used 49432K [0x0000000300800000, 0x0000000480800000)
  region size 4096K, 0 young (0K), 0 survivors (0K)
 Metaspace       used 63760K, committed 64640K, reserved 1114112K
  class space    used 6472K, committed 6848K, reserved 1048576K
}
Event: 4476.707 GC heap before
{Heap before GC invocations=66 (full 45):
 garbage-first heap   total 180224K, used 69912K [0x0000000300800000, 0x0000000480800000)
  region size 4096K, 6 young (24576K), 0 survivors (0K)
 Metaspace       used 63801K, committed 64704K, reserved 1114112K
  class space    used 6477K, committed 6848K, reserved 1048576K
}
Event: 4476.835 GC heap after
{Heap after GC invocations=67 (full 46):
 garbage-first heap   total 180224K, used 49283K [0x0000000300800000, 0x0000000480800000)
  region size 4096K, 0 young (0K), 0 survivors (0K)
 Metaspace       used 63801K, committed 64704K, reserved 1114112K
  class space    used 6477K, committed 6848K, reserved 1048576K
}
Event: 4506.837 GC heap before
{Heap before GC invocations=67 (full 46):
 garbage-first heap   total 180224K, used 65667K [0x0000000300800000, 0x0000000480800000)
  region size 4096K, 5 young (20480K), 0 survivors (0K)
 Metaspace       used 63850K, committed 64768K, reserved 1114112K
  class space    used 6483K, committed 6848K, reserved 1048576K
}
Event: 4506.920 GC heap after
{Heap after GC invocations=68 (full 47):
 garbage-first heap   total 180224K, used 49251K [0x0000000300800000, 0x0000000480800000)
  region size 4096K, 0 young (0K), 0 survivors (0K)
 Metaspace       used 63850K, committed 64768K, reserved 1114112K
  class space    used 6483K, committed 6848K, reserved 1048576K
}
Event: 4536.921 GC heap before
{Heap before GC invocations=68 (full 47):
 garbage-first heap   total 180224K, used 77923K [0x0000000300800000, 0x0000000480800000)
  region size 4096K, 8 young (32768K), 0 survivors (0K)
 Metaspace       used 64072K, committed 64960K, reserved 1114112K
  class space    used 6485K, committed 6848K, reserved 1048576K
}
Event: 4537.470 GC heap after
{Heap after GC invocations=69 (full 48):
 garbage-first heap   total 180224K, used 49171K [0x0000000300800000, 0x0000000480800000)
  region size 4096K, 0 young (0K), 0 survivors (0K)
 Metaspace       used 64072K, committed 64960K, reserved 1114112K
  class space    used 6485K, committed 6848K, reserved 1048576K
}
Event: 4567.474 GC heap before
{Heap before GC invocations=69 (full 48):
 garbage-first heap   total 180224K, used 65555K [0x0000000300800000, 0x0000000480800000)
  region size 4096K, 5 young (20480K), 0 survivors (0K)
 Metaspace       used 64072K, committed 64960K, reserved 1114112K
  class space    used 6485K, committed 6848K, reserved 1048576K
}
Event: 4567.915 GC heap after
{Heap after GC invocations=70 (full 49):
 garbage-first heap   total 180224K, used 49720K [0x0000000300800000, 0x0000000480800000)
  region size 4096K, 0 young (0K), 0 survivors (0K)
 Metaspace       used 64072K, committed 64960K, reserved 1114112K
  class space    used 6485K, committed 6848K, reserved 1048576K
}
Event: 4597.922 GC heap before
{Heap before GC invocations=70 (full 49):
 garbage-first heap   total 180224K, used 78392K [0x0000000300800000, 0x0000000480800000)
  region size 4096K, 8 young (32768K), 0 survivors (0K)
 Metaspace       used 64216K, committed 65088K, reserved 1114112K
  class space    used 6491K, committed 6848K, reserved 1048576K
}
Event: 4597.995 GC heap after
{Heap after GC invocations=71 (full 50):
 garbage-first heap   total 180224K, used 49283K [0x0000000300800000, 0x0000000480800000)
  region size 4096K, 0 young (0K), 0 survivors (0K)
 Metaspace       used 64216K, committed 65088K, reserved 1114112K
  class space    used 6491K, committed 6848K, reserved 1048576K
}

Dll operation events (19 events):
Event: 0.004 Loaded shared library /Users/mattias800/.gradle/jdks/jetbrains_s_r_o_-21-aarch64-os_x.2/jbrsdk_jcef-21.0.10-osx-aarch64-b1163.108/Contents/Home/lib/libjava.dylib
Event: 0.038 Loaded shared library /Users/mattias800/.gradle/jdks/jetbrains_s_r_o_-21-aarch64-os_x.2/jbrsdk_jcef-21.0.10-osx-aarch64-b1163.108/Contents/Home/lib/libzip.dylib
Event: 0.044 Loaded shared library /Users/mattias800/.gradle/jdks/jetbrains_s_r_o_-21-aarch64-os_x.2/jbrsdk_jcef-21.0.10-osx-aarch64-b1163.108/Contents/Home/lib/libnio.dylib
Event: 0.046 Loaded shared library /Users/mattias800/.gradle/jdks/jetbrains_s_r_o_-21-aarch64-os_x.2/jbrsdk_jcef-21.0.10-osx-aarch64-b1163.108/Contents/Home/lib/libinstrument.dylib
Event: 0.047 Loaded shared library /Users/mattias800/.gradle/jdks/jetbrains_s_r_o_-21-aarch64-os_x.2/jbrsdk_jcef-21.0.10-osx-aarch64-b1163.108/Contents/Home/lib/libzip.dylib
Event: 0.087 Loaded shared library /Users/mattias800/.gradle/jdks/jetbrains_s_r_o_-21-aarch64-os_x.2/jbrsdk_jcef-21.0.10-osx-aarch64-b1163.108/Contents/Home/lib/libjimage.dylib
Event: 0.089 Loaded shared library /Users/mattias800/.gradle/jdks/jetbrains_s_r_o_-21-aarch64-os_x.2/jbrsdk_jcef-21.0.10-osx-aarch64-b1163.108/Contents/Home/lib/libnet.dylib
Event: 0.344 Loaded shared library /Users/mattias800/.gradle/jdks/jetbrains_s_r_o_-21-aarch64-os_x.2/jbrsdk_jcef-21.0.10-osx-aarch64-b1163.108/Contents/Home/lib/libextnet.dylib
Event: 0.433 Loaded shared library /Users/mattias800/.gradle/jdks/jetbrains_s_r_o_-21-aarch64-os_x.2/jbrsdk_jcef-21.0.10-osx-aarch64-b1163.108/Contents/Home/lib/libverify.dylib
Event: 0.525 Loading shared library /Users/mattias800/.gradle/jdks/jetbrains_s_r_o_-21-aarch64-os_x.2/jbrsdk_jcef-21.0.10-osx-aarch64-b1163.108/Contents/Home/lib/libspela-libretro.dylib failed, dlopen(/Users/mattias800/.gradle/jdks/jetbrains_s_r_o_-21-aarch64-os_x.2/j
Event: 0.525 Loading shared library /Users/mattias800/.gradle/jdks/jetbrains_s_r_o_-21-aarch64-os_x.2/jbrsdk_jcef-21.0.10-osx-aarch64-b1163.108/Contents/Home/lib/libspela-libretro.jnilib failed, dlopen(/Users/mattias800/.gradle/jdks/jetbrains_s_r_o_-21-aarch64-os_x.2/
Event: 0.546 Loaded shared library /Users/mattias800/repos/spela/player/desktop/build/native/libspela-libretro.dylib
Event: 1.201 Loaded shared library /private/var/folders/00/y_pwwndd1hj9rnmh0xwj36v80000gn/T/sqlite-3.51.0.0-c21f6496-d31f-41fd-af36-5b0d8af62c1a-libsqlitejdbc.dylib
Event: 1.313 Loaded shared library /Users/mattias800/.gradle/jdks/jetbrains_s_r_o_-21-aarch64-os_x.2/jbrsdk_jcef-21.0.10-osx-aarch64-b1163.108/Contents/Home/lib/libawt.dylib
Event: 1.314 Loaded shared library /Users/mattias800/.gradle/jdks/jetbrains_s_r_o_-21-aarch64-os_x.2/jbrsdk_jcef-21.0.10-osx-aarch64-b1163.108/Contents/Home/lib/libawt_lwawt.dylib
Event: 1.325 Loaded shared library /Users/mattias800/.gradle/jdks/jetbrains_s_r_o_-21-aarch64-os_x.2/jbrsdk_jcef-21.0.10-osx-aarch64-b1163.108/Contents/Home/lib/libfontmanager.dylib
Event: 1.670 Loaded shared library /Users/mattias800/.gradle/jdks/jetbrains_s_r_o_-21-aarch64-os_x.2/jbrsdk_jcef-21.0.10-osx-aarch64-b1163.108/Contents/Home/lib/libosx.dylib
Event: 1.793 Loaded shared library /Users/mattias800/.skiko/384a41e7bf8dcab7fe3ef7dfb14a2adf281ce448c1f711cac5e69a7b97ae2f4a/libskiko-macos-arm64.dylib
Event: 1.881 Loaded shared library /Users/mattias800/.gradle/jdks/jetbrains_s_r_o_-21-aarch64-os_x.2/jbrsdk_jcef-21.0.10-osx-aarch64-b1163.108/Contents/Home/lib/libosxui.dylib

Deoptimization events (20 events):
Event: 4844.225 Thread 0x00000007bdc43100 Uncommon trap: trap_request=0xffffff47 fr.pc=0x0000000118448070 relative=0x00000000000056b0
Event: 4844.225 Thread 0x00000007bdc43100 Uncommon trap: reason=unstable_if action=none pc=0x0000000118448070 method=javax.swing.RepaintManager.addDirtyRegion0(Ljava/awt/Container;IIII)V @ 61 c2
Event: 4844.225 Thread 0x00000007bdc43100 DEOPT PACKING pc=0x0000000118448070 sp=0x00000001702d4d00
Event: 4844.225 Thread 0x00000007bdc43100 DEOPT UNPACKING pc=0x0000000116f2701c sp=0x00000001702d4c00 mode 2
Event: 4844.225 Thread 0x00000007bdc43100 Uncommon trap: trap_request=0xffffff47 fr.pc=0x0000000118448070 relative=0x00000000000056b0
Event: 4844.225 Thread 0x00000007bdc43100 Uncommon trap: reason=unstable_if action=none pc=0x0000000118448070 method=javax.swing.RepaintManager.addDirtyRegion0(Ljava/awt/Container;IIII)V @ 61 c2
Event: 4844.225 Thread 0x00000007bdc43100 DEOPT PACKING pc=0x0000000118448070 sp=0x00000001702d4df0
Event: 4844.225 Thread 0x00000007bdc43100 DEOPT UNPACKING pc=0x0000000116f2701c sp=0x00000001702d4cf0 mode 2
Event: 4844.225 Thread 0x00000007bdc43100 Uncommon trap: trap_request=0xffffff47 fr.pc=0x0000000118448070 relative=0x00000000000056b0
Event: 4844.225 Thread 0x00000007bdc43100 Uncommon trap: reason=unstable_if action=none pc=0x0000000118448070 method=javax.swing.RepaintManager.addDirtyRegion0(Ljava/awt/Container;IIII)V @ 61 c2
Event: 4844.225 Thread 0x00000007bdc43100 DEOPT PACKING pc=0x0000000118448070 sp=0x00000001702d4d10
Event: 4844.225 Thread 0x00000007bdc43100 DEOPT UNPACKING pc=0x0000000116f2701c sp=0x00000001702d4c10 mode 2
Event: 4844.225 Thread 0x00000007bdc43100 Uncommon trap: trap_request=0xffffff47 fr.pc=0x0000000118448070 relative=0x00000000000056b0
Event: 4844.225 Thread 0x00000007bdc43100 Uncommon trap: reason=unstable_if action=none pc=0x0000000118448070 method=javax.swing.RepaintManager.addDirtyRegion0(Ljava/awt/Container;IIII)V @ 61 c2
Event: 4844.225 Thread 0x00000007bdc43100 DEOPT PACKING pc=0x0000000118448070 sp=0x00000001702d4e00
Event: 4844.225 Thread 0x00000007bdc43100 DEOPT UNPACKING pc=0x0000000116f2701c sp=0x00000001702d4d00 mode 2
Event: 4844.226 Thread 0x00000007bdc43100 Uncommon trap: trap_request=0xffffff47 fr.pc=0x0000000118448070 relative=0x00000000000056b0
Event: 4844.226 Thread 0x00000007bdc43100 Uncommon trap: reason=unstable_if action=none pc=0x0000000118448070 method=javax.swing.RepaintManager.addDirtyRegion0(Ljava/awt/Container;IIII)V @ 61 c2
Event: 4844.226 Thread 0x00000007bdc43100 DEOPT PACKING pc=0x0000000118448070 sp=0x00000001702d5660
Event: 4844.226 Thread 0x00000007bdc43100 DEOPT UNPACKING pc=0x0000000116f2701c sp=0x00000001702d5560 mode 2

Classes loaded (20 events):
Event: 4797.141 Loading class java/beans/WeakIdentityMap$Entry
Event: 4797.141 Loading class java/beans/WeakIdentityMap$Entry done
Event: 4797.141 Loading class com/apple/eawt/_AppDockIconHandler
Event: 4797.141 Loading class com/apple/eawt/_AppDockIconHandler done
Event: 4797.141 Loading class sun/lwawt/macosx/CTrayIcon$IconObserver
Event: 4797.142 Loading class sun/lwawt/macosx/CTrayIcon$IconObserver done
Event: 4797.158 Loading class sun/awt/image/MultiResolutionToolkitImage$ObserverCache
Event: 4797.158 Loading class sun/awt/image/MultiResolutionToolkitImage$ObserverCache done
Event: 4797.167 Loading class com/apple/laf/AquaRootPaneUI$DefaultButtonPainter
Event: 4797.167 Loading class com/apple/laf/AquaRootPaneUI$DefaultButtonPainter done
Event: 4826.104 Loading class java/awt/LightweightDispatcher$2
Event: 4826.104 Loading class java/awt/LightweightDispatcher$2 done
Event: 4826.240 Loading class javax/swing/JMenuBar
Event: 4826.241 Loading class javax/swing/JMenuBar done
Event: 4844.138 Loading class javax/swing/event/ChangeEvent
Event: 4844.138 Loading class javax/swing/event/ChangeEvent done
Event: 4844.221 Loading class java/awt/KeyboardFocusManager$2
Event: 4844.222 Loading class java/awt/KeyboardFocusManager$2 done
Event: 4844.225 Loading class java/awt/Window$1DisposeAction
Event: 4844.225 Loading class java/awt/Window$1DisposeAction done

Classes unloaded (0 events):
No events

Classes redefined (20 events):
Event: 3962.713 Thread 0x00000007bd155400 redefined class name=com.spela.player.presentation.ui.components.social.StarRatingRowKt, count=2
Event: 4109.313 Thread 0x00000007bd155400 redefined class name=com.spela.player.presentation.ui.components.ComposableSingletons$GameDetailLayoutKt, count=3
Event: 4109.313 Thread 0x00000007bd155400 redefined class name=com.spela.player.presentation.ui.screen.GameDetailScreenKt, count=11
Event: 4109.313 Thread 0x00000007bd155400 redefined class name=com.spela.player.presentation.ui.components.GameDetailLayoutKt, count=5
Event: 4109.313 Thread 0x00000007bd155400 redefined class name=com.spela.player.presentation.ui.components.GameDetailSkeletonKt, count=3
Event: 4151.422 Thread 0x00000007bd155400 redefined class name=com.spela.player.presentation.ui.screen.ComposableSingletons$GameDetailScreenKt, count=11
Event: 4151.422 Thread 0x00000007bd155400 redefined class name=com.spela.player.presentation.ui.screen.GameDetailScreenKt, count=12
Event: 4445.345 Thread 0x00000007bd155400 redefined class name=com.spela.player.presentation.ui.components.SpButtonStyle, count=1
Event: 4445.345 Thread 0x00000007bd155400 redefined class name=com.spela.player.presentation.ui.components.SpButtonKt, count=1
Event: 4457.785 Thread 0x00000007bd155400 redefined class name=com.spela.player.presentation.ui.components.SpButtonKt, count=2
Event: 4485.904 Thread 0x00000007bd155400 redefined class name=com.spela.player.presentation.ui.components.SpButtonStyle, count=2
Event: 4485.904 Thread 0x00000007bd155400 redefined class name=com.spela.player.presentation.ui.components.SpButtonKt, count=3
Event: 4518.888 Thread 0x00000007bd155400 redefined class name=com.spela.player.presentation.ui.screen.GameDetailScreenKt$GameDetailScreen$2$1, count=5
Event: 4518.888 Thread 0x00000007bd155400 redefined class name=com.spela.player.presentation.ui.screen.GameDetailScreenKt$GameDetailScreen$4$5$8$1, count=1
Event: 4518.888 Thread 0x00000007bd155400 redefined class name=com.spela.player.presentation.ui.screen.GameDetailScreenKt, count=13
Event: 4518.888 Thread 0x00000007bd155400 redefined class name=com.spela.player.presentation.ui.screen.ComposableSingletons$GameDetailScreenKt, count=12
Event: 4591.965 Thread 0x00000007bd155400 redefined class name=com.spela.player.presentation.ui.screen.GameDetailScreenKt, count=14
Event: 4591.965 Thread 0x00000007bd155400 redefined class name=com.spela.player.presentation.ui.screen.ComposableSingletons$GameDetailScreenKt, count=13
Event: 4796.458 Thread 0x00000007bd155400 redefined class name=com.spela.player.desktop.MainKt, count=1
Event: 4796.458 Thread 0x00000007bd155400 redefined class name=com.spela.player.desktop.MainKt$main$2$2$1$1, count=1

Internal exceptions (20 events):
Event: 3211.156 Thread 0x00000007bdc43100 Exception <a 'java/lang/NoSuchMethodError'{0x000000030b13b3c8}: 'java.lang.Object java.lang.invoke.DirectMethodHandle$Holder.newInvokeSpecial(java.lang.Object, int, java.lang.Object, java.lang.Object, java.lang.Object, java.lang.Object)'> (0x000000030b13b3c8) 
thrown [src/hotspot/share/interpreter/linkResolver.cpp, line 784]
Event: 3211.156 Thread 0x00000007bdc43100 Exception <a 'java/lang/NoSuchMethodError'{0x000000030b13fa98}: 'java.lang.Object java.lang.invoke.DirectMethodHandle$Holder.invokeSpecial(java.lang.Object, java.lang.Object, int, java.lang.Object, java.lang.Object, java.lang.Object, java.lang.Object)'> (0x000000030b13fa98) 
thrown [src/hotspot/share/interpreter/linkResolver.cpp, line 784]
Event: 3211.164 Thread 0x00000007bdc43100 Exception <a 'java/lang/NoSuchMethodError'{0x000000030b1be6e8}: 'java.lang.Object java.lang.invoke.DirectMethodHandle$Holder.invokeStatic(java.lang.Object, java.lang.Object, long, java.lang.Object, java.lang.Object, java.lang.Object)'> (0x000000030b1be6e8) 
thrown [src/hotspot/share/interpreter/linkResolver.cpp, line 784]
Event: 3211.164 Thread 0x00000007bdc43100 Exception <a 'java/lang/NoSuchMethodError'{0x000000030b1c6528}: 'java.lang.Object java.lang.invoke.DirectMethodHandle$Holder.newInvokeSpecial(java.lang.Object, java.lang.Object, long, java.lang.Object, java.lang.Object)'> (0x000000030b1c6528) 
thrown [src/hotspot/share/interpreter/linkResolver.cpp, line 784]
Event: 3211.164 Thread 0x00000007bdc43100 Exception <a 'java/lang/NoSuchMethodError'{0x000000030b1ca818}: 'java.lang.Object java.lang.invoke.DirectMethodHandle$Holder.invokeSpecial(java.lang.Object, java.lang.Object, java.lang.Object, long, java.lang.Object, java.lang.Object)'> (0x000000030b1ca818) 
thrown [src/hotspot/share/interpreter/linkResolver.cpp, line 784]
Event: 3211.164 Thread 0x00000007bdc43100 Exception <a 'java/lang/NoSuchMethodError'{0x000000030b1ce070}: 'java.lang.Object java.lang.invoke.Invokers$Holder.linkToTargetMethod(java.lang.Object, long, java.lang.Object, java.lang.Object, java.lang.Object)'> (0x000000030b1ce070) 
thrown [src/hotspot/share/interpreter/linkResolver.cpp, line 784]
Event: 3212.029 Thread 0x00000007bdc43100 Implicit null exception at 0x0000000117c3a4b8 to 0x0000000117c3a8b8
Event: 4109.728 Thread 0x00000007bdc43100 Exception <a 'java/lang/NoSuchMethodError'{0x00000003086e5360}: 'java.lang.Object java.lang.invoke.DirectMethodHandle$Holder.newInvokeSpecial(java.lang.Object, float, java.lang.Object, java.lang.Object, java.lang.Object, java.lang.Object)'> (0x00000003086e5360) 
thrown [src/hotspot/share/interpreter/linkResolver.cpp, line 784]
Event: 4189.624 Thread 0x00000007bdc43100 Exception <a 'java/lang/NoSuchMethodError'{0x000000030aab69b8}: 'java.lang.Object java.lang.invoke.DirectMethodHandle$Holder.newInvokeSpecial(java.lang.Object, int, float, java.lang.Object)'> (0x000000030aab69b8) 
thrown [src/hotspot/share/interpreter/linkResolver.cpp, line 784]
Event: 4189.645 Thread 0x00000007bdc43100 Exception <a 'java/lang/NoSuchMethodError'{0x000000030ab78a68}: 'java.lang.Object java.lang.invoke.DirectMethodHandle$Holder.newInvokeSpecial(java.lang.Object, java.lang.Object, java.lang.Object, float)'> (0x000000030ab78a68) 
thrown [src/hotspot/share/interpreter/linkResolver.cpp, line 784]
Event: 4189.646 Thread 0x00000007bdc43100 Exception <a 'java/lang/NoSuchMethodError'{0x000000030ab7cf28}: 'java.lang.Object java.lang.invoke.DirectMethodHandle$Holder.invokeSpecial(java.lang.Object, java.lang.Object, java.lang.Object, java.lang.Object, float)'> (0x000000030ab7cf28) 
thrown [src/hotspot/share/interpreter/linkResolver.cpp, line 784]
Event: 4189.646 Thread 0x00000007bdc43100 Exception <a 'java/lang/NoSuchMethodError'{0x000000030ab80b40}: 'java.lang.Object java.lang.invoke.Invokers$Holder.linkToTargetMethod(java.lang.Object, java.lang.Object, float, java.lang.Object)'> (0x000000030ab80b40) 
thrown [src/hotspot/share/interpreter/linkResolver.cpp, line 784]
Event: 4189.659 Thread 0x00000007bdc43100 Exception <a 'java/lang/NoSuchMethodError'{0x000000030a466978}: 'java.lang.Object java.lang.invoke.DirectMethodHandle$Holder.invokeStatic(java.lang.Object, int, java.lang.Object, java.lang.Object, java.lang.Object)'> (0x000000030a466978) 
thrown [src/hotspot/share/interpreter/linkResolver.cpp, line 784]
Event: 4772.637 Thread 0x00000007bdc43100 Implicit null exception at 0x0000000117dcc1c8 to 0x0000000117dcff88
Event: 4772.637 Thread 0x00000007bdc43100 Implicit null exception at 0x0000000117d7b424 to 0x0000000117d7b484
Event: 4796.867 Thread 0x00000007bdc43100 Exception <a 'java/lang/NoSuchMethodError'{0x0000000308d2e5e8}: 'java.lang.Object java.lang.invoke.DirectMethodHandle$Holder.invokeSpecial(java.lang.Object, java.lang.Object, double, double)'> (0x0000000308d2e5e8) 
thrown [src/hotspot/share/interpreter/linkResolver.cpp, line 784]
Event: 4796.868 Thread 0x00000007bdc43100 Exception <a 'java/lang/NoSuchMethodError'{0x0000000308d37018}: 'void java.lang.invoke.DirectMethodHandle$Holder.invokeStatic(java.lang.Object, java.lang.Object, java.lang.Object, long)'> (0x0000000308d37018) 
thrown [src/hotspot/share/interpreter/linkResolver.cpp, line 784]
Event: 4797.072 Thread 0x00000007bdc43100 Exception <a 'java/lang/NoSuchMethodError'{0x0000000308a49cf8}: 'java.lang.Object java.lang.invoke.DirectMethodHandle$Holder.newInvokeSpecial(java.lang.Object, int, int, java.lang.Object, java.lang.Object, java.lang.Object)'> (0x0000000308a49cf8) 
thrown [src/hotspot/share/interpreter/linkResolver.cpp, line 784]
Event: 4797.072 Thread 0x00000007bdc43100 Exception <a 'java/lang/NoSuchMethodError'{0x0000000308a4e320}: 'java.lang.Object java.lang.invoke.DirectMethodHandle$Holder.invokeSpecial(java.lang.Object, java.lang.Object, int, int, java.lang.Object, java.lang.Object, java.lang.Object)'> (0x0000000308a4e320) 
thrown [src/hotspot/share/interpreter/linkResolver.cpp, line 784]
Event: 4797.113 Thread 0x00000007bdc43100 Exception <a 'java/lang/NoSuchMethodError'{0x0000000308a7abe0}: 'java.lang.Object java.lang.invoke.DirectMethodHandle$Holder.newInvokeSpecial(java.lang.Object, java.lang.Object, int, int, int, int)'> (0x0000000308a7abe0) 
thrown [src/hotspot/share/interpreter/linkResolver.cpp, line 784]

ZGC Phase Switch (0 events):
No events

VM Operations (20 events):
Event: 4818.326 Executing safepoint VM operation: Cleanup
Event: 4818.326 Executing safepoint VM operation: Cleanup done
Event: 4822.341 Executing safepoint VM operation: Cleanup
Event: 4822.341 Executing safepoint VM operation: Cleanup done
Event: 4823.345 Executing safepoint VM operation: Cleanup
Event: 4823.345 Executing safepoint VM operation: Cleanup done
Event: 4824.347 Executing safepoint VM operation: Cleanup
Event: 4824.347 Executing safepoint VM operation: Cleanup done
Event: 4825.352 Executing safepoint VM operation: Cleanup
Event: 4825.352 Executing safepoint VM operation: Cleanup done
Event: 4826.356 Executing safepoint VM operation: Cleanup
Event: 4826.356 Executing safepoint VM operation: Cleanup done
Event: 4827.360 Executing safepoint VM operation: Cleanup
Event: 4827.360 Executing safepoint VM operation: Cleanup done
Event: 4832.374 Executing safepoint VM operation: Cleanup
Event: 4832.374 Executing safepoint VM operation: Cleanup done
Event: 4838.395 Executing safepoint VM operation: Cleanup
Event: 4838.395 Executing safepoint VM operation: Cleanup done
Event: 4843.415 Executing safepoint VM operation: Cleanup
Event: 4843.415 Executing safepoint VM operation: Cleanup done

Memory protections (20 events):
Event: 4688.070 Protecting memory [0x00000001720a0000,0x00000001720ac000] with protection modes 0
Event: 4688.070 Protecting memory [0x00000001724b8000,0x00000001724c4000] with protection modes 0
Event: 4747.105 Protecting memory [0x000000016f4f4000,0x000000016f500000] with protection modes 3
Event: 4748.069 Protecting memory [0x0000000171458000,0x0000000171464000] with protection modes 3
Event: 4748.069 Protecting memory [0x00000001722ac000,0x00000001722b8000] with protection modes 3
Event: 4748.074 Protecting memory [0x00000001726c4000,0x00000001726d0000] with protection modes 3
Event: 4753.597 Protecting memory [0x00000001706f8000,0x0000000170704000] with protection modes 3
Event: 4760.746 Protecting memory [0x000000016f4f4000,0x000000016f500000] with protection modes 0
Event: 4772.900 Protecting memory [0x00000001706f8000,0x0000000170704000] with protection modes 0
Event: 4778.094 Protecting memory [0x0000000171458000,0x0000000171464000] with protection modes 0
Event: 4778.094 Protecting memory [0x00000001722ac000,0x00000001722b8000] with protection modes 0
Event: 4778.094 Protecting memory [0x00000001726c4000,0x00000001726d0000] with protection modes 0
Event: 4832.902 Protecting memory [0x000000016f4f4000,0x000000016f500000] with protection modes 3
Event: 4838.097 Protecting memory [0x0000000171870000,0x000000017187c000] with protection modes 3
Event: 4838.097 Protecting memory [0x0000000171e94000,0x0000000171ea0000] with protection modes 3
Event: 4838.099 Protecting memory [0x00000001720a0000,0x00000001720ac000] with protection modes 3
Event: 4838.099 Protecting memory [0x0000000173100000,0x000000017310c000] with protection modes 3
Event: 4838.127 Protecting memory [0x000000016f4f4000,0x000000016f500000] with protection modes 0
Event: 4838.127 Protecting memory [0x000000016f818000,0x000000016f824000] with protection modes 0
Event: 4838.129 Protecting memory [0x0000000171870000,0x000000017187c000] with protection modes 0

Nmethod flushes (20 events):
Event: 4597.974 Thread 0x00000007bd155400 flushing  nmethod 0x0000000111aaf610
Event: 4597.974 Thread 0x00000007bd155400 flushing  nmethod 0x0000000111ab0690
Event: 4597.974 Thread 0x00000007bd155400 flushing  nmethod 0x0000000111ab0d90
Event: 4597.974 Thread 0x00000007bd155400 flushing  nmethod 0x0000000111ab1610
Event: 4597.974 Thread 0x00000007bd155400 flushing  nmethod 0x0000000111ab3910
Event: 4597.974 Thread 0x00000007bd155400 flushing  nmethod 0x0000000111ab4110
Event: 4597.974 Thread 0x00000007bd155400 flushing  nmethod 0x0000000111ab4990
Event: 4597.974 Thread 0x00000007bd155400 flushing  nmethod 0x0000000111ae4c10
Event: 4597.974 Thread 0x00000007bd155400 flushing  nmethod 0x0000000111b13710
Event: 4597.974 Thread 0x00000007bd155400 flushing  nmethod 0x0000000111b37f90
Event: 4597.974 Thread 0x00000007bd155400 flushing  nmethod 0x0000000111b45790
Event: 4597.974 Thread 0x00000007bd155400 flushing  nmethod 0x0000000111b45b90
Event: 4597.974 Thread 0x00000007bd155400 flushing  nmethod 0x0000000111b46610
Event: 4597.974 Thread 0x00000007bd155400 flushing  nmethod 0x0000000111b47190
Event: 4597.974 Thread 0x00000007bd155400 flushing  nmethod 0x0000000111b47610
Event: 4597.974 Thread 0x00000007bd155400 flushing  nmethod 0x0000000111b47a10
Event: 4597.974 Thread 0x00000007bd155400 flushing  nmethod 0x0000000111b48690
Event: 4597.974 Thread 0x00000007bd155400 flushing  nmethod 0x0000000111ba9d10
Event: 4597.974 Thread 0x00000007bd155400 flushing  nmethod 0x0000000111bac210
Event: 4597.974 Thread 0x00000007bd155400 flushing  nmethod 0x0000000111bb2510

Events (20 events):
Event: 4688.070 Thread 0x00000007be3c3800 Thread added: 0x00000007bf3ac000
Event: 4688.070 Thread 0x00000007be616a00 Thread added: 0x00000007bf3af800
Event: 4747.105 Thread 0x00000007bd811c00 Thread exited: 0x00000007bd811c00
Event: 4748.069 Thread 0x00000007bf5b8700 Thread exited: 0x00000007bf5b8700
Event: 4748.069 Thread 0x00000007bdeb6300 Thread exited: 0x00000007bdeb6300
Event: 4748.074 Thread 0x00000007be3c3800 Thread exited: 0x00000007be3c3800
Event: 4753.597 Thread 0x00000007beda6a00 Thread exited: 0x00000007beda6a00
Event: 4760.746 Thread 0x00000007bdc43100 Thread added: 0x00000007beda6a00
Event: 4772.900 Thread 0x00000007bdc43100 Thread added: 0x00000007bd810000
Event: 4778.094 Thread 0x00000007bf3af800 Thread added: 0x00000007bdeb4000
Event: 4778.094 Thread 0x00000007bec1ce00 Thread added: 0x00000007bdeb4700
Event: 4778.094 Thread 0x00000007bf3ad500 Thread added: 0x00000007bdeb4e00
Event: 4832.902 Thread 0x00000007beda6a00 Thread exited: 0x00000007beda6a00
Event: 4838.098 Thread 0x00000007bf3af100 Thread exited: 0x00000007bf3af100
Event: 4838.098 Thread 0x00000007be616a00 Thread exited: 0x00000007be616a00
Event: 4838.099 Thread 0x00000007bf3ac000 Thread exited: 0x00000007bf3ac000
Event: 4838.099 Thread 0x00000007bf5fb100 Thread exited: 0x00000007bf5fb100
Event: 4838.127 Thread 0x00000007bf628e00 Thread added: 0x00000007c968c700
Event: 4838.127 Thread 0x00000007bf3af800 Thread added: 0x00000007c968ce00
Event: 4838.129 Thread 0x00000007bf3ad500 Thread added: 0x00000007c968d500


Dynamic libraries:
0x0000000104894000 	/Users/mattias800/.gradle/jdks/jetbrains_s_r_o_-21-aarch64-os_x.2/jbrsdk_jcef-21.0.10-osx-aarch64-b1163.108/Contents/Home/lib/libjli.dylib
0x00000001bab86000 	/System/Library/Frameworks/Cocoa.framework/Versions/A/Cocoa
0x00000001a00cf000 	/System/Library/Frameworks/AppKit.framework/Versions/C/AppKit
0x00000001a3718000 	/System/Library/Frameworks/CoreData.framework/Versions/A/CoreData
0x000000019d4cf000 	/System/Library/Frameworks/Foundation.framework/Versions/C/Foundation
0x00000001ab657000 	/usr/lib/libSystem.B.dylib
0x00000001a17ff000 	/System/Library/PrivateFrameworks/UIFoundation.framework/Versions/A/UIFoundation
0x00000002520e3000 	/System/Library/PrivateFrameworks/CollectionViewCore.framework/Versions/A/CollectionViewCore
0x00000001a8a23000 	/System/Library/PrivateFrameworks/XCTTargetBootstrap.framework/Versions/A/XCTTargetBootstrap
0x00000001adfd4000 	/System/Library/PrivateFrameworks/InternationalSupport.framework/Versions/A/InternationalSupport
0x00000001ae32e000 	/System/Library/PrivateFrameworks/UserActivity.framework/Versions/A/UserActivity
0x00000001a3da8000 	/System/Library/PrivateFrameworks/BaseBoard.framework/Versions/A/BaseBoard
0x000000025a887000 	/System/Library/PrivateFrameworks/FrontBoard.framework/Versions/A/FrontBoard
0x00000001b59da000 	/System/Library/PrivateFrameworks/FrontBoardServices.framework/Versions/A/FrontBoardServices
0x0000000296104000 	/usr/lib/libRosetta.dylib
0x0000000289a09000 	/System/Library/PrivateFrameworks/UIIntelligenceSupport.framework/Versions/A/UIIntelligenceSupport
0x0000000247086000 	/System/Library/Frameworks/SwiftUICore.framework/Versions/A/SwiftUICore
0x000000028ff83000 	/System/Library/PrivateFrameworks/WritingTools.framework/Versions/A/WritingTools
0x000000028edd9000 	/System/Library/PrivateFrameworks/WindowManagement.framework/Versions/A/WindowManagement
0x000000019d12e000 	/System/Library/Frameworks/SystemConfiguration.framework/Versions/A/SystemConfiguration
0x00000001ad2f1000 	/usr/lib/libspindump.dylib
0x00000001a19ba000 	/System/Library/Frameworks/UniformTypeIdentifiers.framework/Versions/A/UniformTypeIdentifiers
0x00000001aa902000 	/usr/lib/libbsm.0.dylib
0x00000001a6130000 	/usr/lib/libapp_launch_measurement.dylib
0x00000001a5436000 	/System/Library/PrivateFrameworks/CoreAnalytics.framework/Versions/A/CoreAnalytics
0x00000001a6134000 	/System/Library/PrivateFrameworks/CoreAutoLayout.framework/Versions/A/CoreAutoLayout
0x00000001a7f6e000 	/System/Library/Frameworks/Metal.framework/Versions/A/Metal
0x00000001a936e000 	/usr/lib/liblangid.dylib
0x00000001a8a29000 	/System/Library/PrivateFrameworks/CoreSVG.framework/Versions/A/CoreSVG
0x00000001a241b000 	/System/Library/PrivateFrameworks/SkyLight.framework/Versions/A/SkyLight
0x000000025a5c0000 	/System/Library/PrivateFrameworks/FocusEngine.framework/Versions/A/FocusEngine
0x00000001a29b4000 	/System/Library/Frameworks/CoreGraphics.framework/Versions/A/CoreGraphics
0x00000002581cf000 	/System/Library/PrivateFrameworks/DesignLibrary.framework/Versions/A/DesignLibrary
0x00000001b3ca0000 	/System/Library/Frameworks/Accelerate.framework/Versions/A/Accelerate
0x00000001ad0e7000 	/System/Library/PrivateFrameworks/IconServices.framework/Versions/A/IconServices
0x00000001a7f46000 	/System/Library/Frameworks/IOSurface.framework/Versions/A/IOSurface
0x00000001a5466000 	/usr/lib/libDiagnosticMessagesClient.dylib
0x00000001ab5a0000 	/usr/lib/libz.1.dylib
0x00000001b7fc3000 	/System/Library/Frameworks/ApplicationServices.framework/Versions/A/ApplicationServices
0x00000001a8a0e000 	/System/Library/PrivateFrameworks/DFRFoundation.framework/Versions/A/DFRFoundation
0x000000019f91e000 	/usr/lib/libicucore.A.dylib
0x00000001af56a000 	/System/Library/Frameworks/AudioToolbox.framework/Versions/A/AudioToolbox
0x00000001ae2dc000 	/System/Library/PrivateFrameworks/DataDetectorsCore.framework/Versions/A/DataDetectorsCore
0x000000028a5ef000 	/System/Library/PrivateFrameworks/UpdateCycle.framework/Versions/A/UpdateCycle
0x00000001cc194000 	/System/Library/PrivateFrameworks/TextInput.framework/Versions/A/TextInput
0x00000001a235d000 	/usr/lib/libMobileGestalt.dylib
0x00000001a870a000 	/System/Library/Frameworks/Carbon.framework/Versions/A/Frameworks/HIToolbox.framework/Versions/A/HIToolbox
0x00000001a599b000 	/System/Library/Frameworks/QuartzCore.framework/Versions/A/QuartzCore
0x000000019f4f9000 	/System/Library/Frameworks/Security.framework/Versions/A/Security
0x00000001b361f000 	/System/Library/Frameworks/Carbon.framework/Versions/A/Frameworks/SpeechRecognition.framework/Versions/A/SpeechRecognition
0x00000001a5dff000 	/System/Library/PrivateFrameworks/CoreUI.framework/Versions/A/CoreUI
0x000000019ed4d000 	/System/Library/Frameworks/CoreAudio.framework/Versions/A/CoreAudio
0x00000001a555a000 	/System/Library/Frameworks/DiskArbitration.framework/Versions/A/DiskArbitration
0x00000001ad7ae000 	/System/Library/PrivateFrameworks/MultitouchSupport.framework/Versions/A/MultitouchSupport
0x00000001a235b000 	/usr/lib/libenergytrace.dylib
0x00000001bf6c1000 	/System/Library/PrivateFrameworks/RenderBox.framework/Versions/A/RenderBox
0x000000019ff76000 	/System/Library/Frameworks/IOKit.framework/Versions/A/IOKit
0x00000001b3a29000 	/System/Library/Frameworks/CoreServices.framework/Versions/A/CoreServices
0x00000001a60c1000 	/System/Library/PrivateFrameworks/PerformanceAnalysis.framework/Versions/A/PerformanceAnalysis
0x0000000201e1c000 	/System/Library/Frameworks/OpenGL.framework/Versions/A/OpenGL
0x00000001a617e000 	/usr/lib/libxml2.2.dylib
0x00000001aa7e3000 	/System/Library/PrivateFrameworks/MobileKeyBag.framework/Versions/A/MobileKeyBag
0x000000019b7e8000 	/usr/lib/libobjc.A.dylib
0x000000019bb4c000 	/usr/lib/libc++.1.dylib
0x00000001b39a6000 	/System/Library/Frameworks/Accessibility.framework/Versions/A/Accessibility
0x00000001a310e000 	/System/Library/Frameworks/ColorSync.framework/Versions/A/ColorSync
0x000000019bc7d000 	/System/Library/Frameworks/CoreFoundation.framework/Versions/A/CoreFoundation
0x00000001a8db0000 	/System/Library/Frameworks/CoreImage.framework/Versions/A/CoreImage
0x000000019eb20000 	/System/Library/Frameworks/CoreText.framework/Versions/A/CoreText
0x000000024166d000 	/System/Library/Frameworks/CoreTransferable.framework/Versions/A/CoreTransferable
0x0000000241ba9000 	/System/Library/Frameworks/DataDetection.framework/Versions/A/DataDetection
0x0000000241bbe000 	/System/Library/Frameworks/DeveloperToolsSupport.framework/Versions/A/DeveloperToolsSupport
0x00000001a8a67000 	/System/Library/Frameworks/ImageIO.framework/Versions/A/ImageIO
0x0000000247ffb000 	/System/Library/Frameworks/Symbols.framework/Versions/A/Symbols
0x00000001d1368000 	/System/Library/PrivateFrameworks/AttributeGraph.framework/Versions/A/AttributeGraph
0x00000001b5ab9000 	/System/Library/PrivateFrameworks/BoardServices.framework/Versions/A/BoardServices
0x00000001f59fd000 	/System/Library/PrivateFrameworks/FeatureFlags.framework/Versions/A/FeatureFlags
0x00000002637a7000 	/System/Library/PrivateFrameworks/Gestures.framework/Versions/A/Gestures
0x00000001ab65c000 	/System/Library/PrivateFrameworks/SoftLinking.framework/Versions/A/SoftLinking
0x00000001dfb69000 	/usr/lib/swift/libswiftAccelerate.dylib
0x00000001d604b000 	/usr/lib/swift/libswiftCompression.dylib
0x00000001aeed2000 	/usr/lib/swift/libswiftCore.dylib
0x00000001c8478000 	/usr/lib/swift/libswiftCoreFoundation.dylib
0x00000001c84d1000 	/usr/lib/swift/libswiftCoreImage.dylib
0x00000001b5755000 	/usr/lib/swift/libswiftDispatch.dylib
0x00000001c84d2000 	/usr/lib/swift/libswiftIOKit.dylib
0x00000001d603e000 	/usr/lib/swift/libswiftMetal.dylib
0x00000001e534c000 	/usr/lib/swift/libswiftOSLog.dylib
0x00000001b8613000 	/usr/lib/swift/libswiftObjectiveC.dylib
0x0000000297342000 	/usr/lib/swift/libswiftObservation.dylib
0x00000001db301000 	/usr/lib/swift/libswiftQuartzCore.dylib
0x0000000297481000 	/usr/lib/swift/libswiftSynchronization.dylib
0x00000001dfb5a000 	/usr/lib/swift/libswiftUniformTypeIdentifiers.dylib
0x00000001c848a000 	/usr/lib/swift/libswiftXPC.dylib
0x00000002974bb000 	/usr/lib/swift/libswift_Builtin_float.dylib
0x00000002974be000 	/usr/lib/swift/libswift_Concurrency.dylib
0x00000001b8617000 	/usr/lib/swift/libswiftos.dylib
0x00000001cbf29000 	/usr/lib/swift/libswiftsimd.dylib
0x00000001ab883000 	/usr/lib/libcompression.dylib
0x00000001adf34000 	/System/Library/PrivateFrameworks/TextureIO.framework/Versions/A/TextureIO
0x00000001a32ba000 	/System/Library/Frameworks/ApplicationServices.framework/Versions/A/Frameworks/HIServices.framework/Versions/A/HIServices
0x00000001acd70000 	/usr/lib/libate.dylib
0x00000001ab651000 	/usr/lib/system/libcache.dylib
0x00000001ab60c000 	/usr/lib/system/libcommonCrypto.dylib
0x00000001ab637000 	/usr/lib/system/libcompiler_rt.dylib
0x00000001ab62c000 	/usr/lib/system/libcopyfile.dylib
0x000000019b986000 	/usr/lib/system/libcorecrypto.dylib
0x000000019ba7f000 	/usr/lib/system/libdispatch.dylib
0x000000019b83c000 	/usr/lib/system/libdyld.dylib
0x00000001ab647000 	/usr/lib/system/libkeymgr.dylib
0x00000001ab5ef000 	/usr/lib/system/libmacho.dylib
0x00000001aa8da000 	/usr/lib/system/libquarantine.dylib
0x00000001ab644000 	/usr/lib/system/libremovefile.dylib
0x00000001a23de000 	/usr/lib/system/libsystem_asl.dylib
0x000000019b90c000 	/usr/lib/system/libsystem_blocks.dylib
0x000000019bac9000 	/usr/lib/system/libsystem_c.dylib
0x00000001ab63b000 	/usr/lib/system/libsystem_collections.dylib
0x00000001a935b000 	/usr/lib/system/libsystem_configuration.dylib
0x00000001a7f0d000 	/usr/lib/system/libsystem_containermanager.dylib
0x00000001ab05d000 	/usr/lib/system/libsystem_coreservices.dylib
0x000000019fbf0000 	/usr/lib/system/libsystem_darwin.dylib
0x0000000297811000 	/usr/lib/system/libsystem_darwindirectory.dylib
0x00000001ab648000 	/usr/lib/system/libsystem_dnssd.dylib
0x0000000297815000 	/usr/lib/system/libsystem_eligibility.dylib
0x000000019bac6000 	/usr/lib/system/libsystem_featureflags.dylib
0x000000019bc4d000 	/usr/lib/system/libsystem_info.dylib
0x00000001ab5b0000 	/usr/lib/system/libsystem_m.dylib
0x000000019ba33000 	/usr/lib/system/libsystem_malloc.dylib
0x00000001a2340000 	/usr/lib/system/libsystem_networkextension.dylib
0x00000001a0061000 	/usr/lib/system/libsystem_notify.dylib
0x00000001a9360000 	/usr/lib/system/libsystem_sandbox.dylib
0x000000029781f000 	/usr/lib/system/libsystem_sanitizers.dylib
0x00000001ab640000 	/usr/lib/system/libsystem_secinit.dylib
0x000000019bbfa000 	/usr/lib/system/libsystem_kernel.dylib
0x000000019bc44000 	/usr/lib/system/libsystem_platform.dylib
0x000000019bc37000 	/usr/lib/system/libsystem_pthread.dylib
0x00000001a3f8b000 	/usr/lib/system/libsystem_symptoms.dylib
0x000000019b965000 	/usr/lib/system/libsystem_trace.dylib
0x0000000297827000 	/usr/lib/system/libsystem_trial.dylib
0x00000001ab61a000 	/usr/lib/system/libunwind.dylib
0x000000019b910000 	/usr/lib/system/libxpc.dylib
0x000000019bbdf000 	/usr/lib/libc++abi.dylib
0x0000000297052000 	/usr/lib/libswiftPrespecialized.dylib
0x00000001ab659000 	/usr/lib/libfakelink.dylib
0x00000001a1f84000 	/System/Library/Frameworks/CFNetwork.framework/Versions/A/CFNetwork
0x00000001ab6ad000 	/usr/lib/libarchive.2.dylib
0x00000001b1734000 	/System/Library/Frameworks/Combine.framework/Versions/A/Combine
0x0000000252108000 	/System/Library/PrivateFrameworks/CollectionsInternal.framework/Versions/A/CollectionsInternal
0x0000000278c43000 	/System/Library/PrivateFrameworks/ReflectionInternal.framework/Versions/A/ReflectionInternal
0x0000000279acf000 	/System/Library/PrivateFrameworks/RuntimeInternal.framework/Versions/A/RuntimeInternal
0x00000001c5332000 	/usr/lib/swift/libswiftDarwin.dylib
0x0000000297489000 	/usr/lib/swift/libswiftSystem.dylib
0x0000000297548000 	/usr/lib/swift/libswift_DarwinFoundation1.dylib
0x0000000297629000 	/usr/lib/swift/libswift_StringProcessing.dylib
0x000000019fef5000 	/System/Library/PrivateFrameworks/CoreServicesInternal.framework/Versions/A/CoreServicesInternal
0x00000001ab624000 	/usr/lib/liboah.dylib
0x00000001b7a61000 	/System/Library/PrivateFrameworks/DiskImages.framework/Versions/A/DiskImages
0x00000001c4df5000 	/System/Library/Frameworks/NetFS.framework/Versions/A/NetFS
0x00000001a60f8000 	/System/Library/Frameworks/CoreServices.framework/Versions/A/Frameworks/FSEvents.framework/Versions/A/FSEvents
0x000000019fbfb000 	/System/Library/Frameworks/CoreServices.framework/Versions/A/Frameworks/CarbonCore.framework/Versions/A/CarbonCore
0x00000001a54ce000 	/System/Library/Frameworks/CoreServices.framework/Versions/A/Frameworks/Metadata.framework/Versions/A/Metadata
0x00000001ab064000 	/System/Library/Frameworks/CoreServices.framework/Versions/A/Frameworks/OSServices.framework/Versions/A/OSServices
0x00000001ab7a5000 	/System/Library/Frameworks/CoreServices.framework/Versions/A/Frameworks/SearchKit.framework/Versions/A/SearchKit
0x00000001a3f05000 	/System/Library/Frameworks/CoreServices.framework/Versions/A/Frameworks/AE.framework/Versions/A/AE
0x000000019c1c6000 	/System/Library/Frameworks/CoreServices.framework/Versions/A/Frameworks/LaunchServices.framework/Versions/A/LaunchServices
0x00000001acbc6000 	/System/Library/Frameworks/CoreServices.framework/Versions/A/Frameworks/DictionaryServices.framework/Versions/A/DictionaryServices
0x00000001a6106000 	/System/Library/Frameworks/CoreServices.framework/Versions/A/Frameworks/SharedFileList.framework/Versions/A/SharedFileList
0x00000001ab83a000 	/usr/lib/libapple_nghttp2.dylib
0x00000001a3b1f000 	/usr/lib/libsqlite3.dylib
0x00000001b7ca9000 	/System/Library/PrivateFrameworks/AppSupport.framework/Versions/A/AppSupport
0x00000001afc03000 	/System/Library/Frameworks/GSS.framework/Versions/A/GSS
0x00000001a3e99000 	/System/Library/PrivateFrameworks/RunningBoardServices.framework/Versions/A/RunningBoardServices
0x00000001b85a1000 	/System/Library/PrivateFrameworks/StreamingZip.framework/Versions/A/StreamingZip
0x00000001a3f94000 	/System/Library/Frameworks/Network.framework/Versions/A/Network
0x00000001ab5f3000 	/usr/lib/system/libkxld.dylib
0x000000024d9b2000 	/System/Library/PrivateFrameworks/AppleKeyStore.framework/Versions/A/AppleKeyStore
0x0000000295de8000 	/usr/lib/libCoreEntitlements.dylib
0x000000026eb9e000 	/System/Library/PrivateFrameworks/MessageSecurity.framework/Versions/A/MessageSecurity
0x00000001a3b03000 	/System/Library/PrivateFrameworks/ProtocolBuffer.framework/Versions/A/ProtocolBuffer
0x00000001b4b5b000 	/System/Library/PrivateFrameworks/SymptomDiagnosticReporter.framework/Versions/A/SymptomDiagnosticReporter
0x00000001ace0a000 	/System/Library/PrivateFrameworks/CrashReporterSupport.framework/Versions/A/CrashReporterSupport
0x00000001ab044000 	/System/Library/PrivateFrameworks/AppleFSCompression.framework/Versions/A/AppleFSCompression
0x00000001aa8ea000 	/usr/lib/libcoretls.dylib
0x00000001acc3d000 	/usr/lib/libcoretls_cfhelpers.dylib
0x00000001ab87c000 	/usr/lib/libpam.2.dylib
0x00000001accaf000 	/usr/lib/libxar.1.dylib
0x00000001acc3f000 	/System/Library/PrivateFrameworks/APFS.framework/Versions/A/APFS
0x00000002844fb000 	/System/Library/PrivateFrameworks/SwiftASN1Internal.framework/Versions/A/SwiftASN1Internal
0x00000001accbe000 	/usr/lib/libutil.dylib
0x00000001a9369000 	/System/Library/PrivateFrameworks/AppleSystemInfo.framework/Versions/A/AppleSystemInfo
0x00000001aa5d2000 	/System/Library/PrivateFrameworks/IOMobileFramebuffer.framework/Versions/A/IOMobileFramebuffer
0x00000001c833e000 	/System/Library/PrivateFrameworks/LoggingSupport.framework/Versions/A/LoggingSupport
0x00000001afc66000 	/System/Library/PrivateFrameworks/MobileAsset.framework/Versions/A/MobileAsset
0x00000001b4b6b000 	/System/Library/PrivateFrameworks/PowerLog.framework/Versions/A/PowerLog
0x0000000246f24000 	/System/Library/Frameworks/SwiftData.framework/Versions/A/SwiftData
0x00000001a632a000 	/System/Library/PrivateFrameworks/UserManagement.framework/Versions/A/UserManagement
0x00000001a1eaf000 	/usr/lib/libboringssl.dylib
0x00000001a3f79000 	/usr/lib/libdns_services.dylib
0x00000001c7377000 	/usr/lib/libquic.dylib
0x00000001aee62000 	/usr/lib/libusrtcp.dylib
0x000000024e7a5000 	/System/Library/PrivateFrameworks/AtomicsInternal.framework/Versions/A/AtomicsInternal
0x00000001edb84000 	/System/Library/PrivateFrameworks/InternalSwiftProtobuf.framework/Versions/A/InternalSwiftProtobuf
0x0000000297319000 	/usr/lib/swift/libswiftDistributed.dylib
0x00000001a9367000 	/System/Library/PrivateFrameworks/AggregateDictionary.framework/Versions/A/AggregateDictionary
0x000000024ef35000 	/System/Library/PrivateFrameworks/BiomeLibrary.framework/Versions/A/BiomeLibrary
0x00000001d7012000 	/System/Library/PrivateFrameworks/BiomeStreams.framework/Versions/A/BiomeStreams
0x00000001d3249000 	/System/Library/PrivateFrameworks/BiomeFoundation.framework/Versions/A/BiomeFoundation
0x00000001dd0c6000 	/System/Library/PrivateFrameworks/BiomePubSub.framework/Versions/A/BiomePubSub
0x00000001b95c5000 	/System/Library/PrivateFrameworks/ProactiveSupport.framework/Versions/A/ProactiveSupport
0x00000001acc1e000 	/usr/lib/liblzma.5.dylib
0x00000001b7fc4000 	/System/Library/PrivateFrameworks/InternationalTextSearch.framework/Versions/A/InternationalTextSearch
0x00000001cf766000 	/System/Library/PrivateFrameworks/SoftwareUpdateCoreSupport.framework/Versions/A/SoftwareUpdateCoreSupport
0x00000001d7a94000 	/System/Library/PrivateFrameworks/SoftwareUpdateCoreConnect.framework/Versions/A/SoftwareUpdateCoreConnect
0x00000001b7b5f000 	/System/Library/PrivateFrameworks/RemoteServiceDiscovery.framework/Versions/A/RemoteServiceDiscovery
0x00000001cf35d000 	/System/Library/PrivateFrameworks/MSUDataAccessor.framework/Versions/A/MSUDataAccessor
0x00000001ca496000 	/usr/lib/libbootpolicy.dylib
0x00000001b7b76000 	/System/Library/PrivateFrameworks/RemoteXPC.framework/Versions/A/RemoteXPC
0x00000001d6ede000 	/usr/lib/libFDR.dylib
0x00000001dcce7000 	/usr/lib/libamsupport.dylib
0x00000002960fc000 	/usr/lib/libReverseProxyDevice.dylib
0x000000024d30c000 	/System/Library/PrivateFrameworks/AppleDeviceQuerySupport.framework/Versions/A/AppleDeviceQuerySupport
0x00000001dfd69000 	/usr/lib/libpartition2_dynamic.dylib
0x00000001ab816000 	/System/Library/PrivateFrameworks/AppleSauce.framework/Versions/A/AppleSauce
0x0000000295c89000 	/usr/lib/libAppleArchive.dylib
0x00000001ab050000 	/usr/lib/libbz2.1.0.dylib
0x00000001a5564000 	/System/Library/Frameworks/Accelerate.framework/Versions/A/Frameworks/vImage.framework/Versions/A/vImage
0x00000001b3a03000 	/System/Library/Frameworks/Accelerate.framework/Versions/A/Frameworks/vecLib.framework/Versions/A/vecLib
0x00000001accf5000 	/System/Library/Frameworks/Accelerate.framework/Versions/A/Frameworks/vecLib.framework/Versions/A/libvMisc.dylib
0x000000019c6c6000 	/System/Library/Frameworks/Accelerate.framework/Versions/A/Frameworks/vecLib.framework/Versions/A/libBLAS.dylib
0x00000001a6265000 	/System/Library/Frameworks/CoreVideo.framework/Versions/A/CoreVideo
0x00000001af80b000 	/System/Library/Frameworks/ApplicationServices.framework/Versions/A/Frameworks/ATS.framework/Versions/A/ATS
0x00000001adebd000 	/System/Library/Frameworks/ApplicationServices.framework/Versions/A/Frameworks/PrintCore.framework/Versions/A/PrintCore
0x00000001afbcc000 	/System/Library/Frameworks/ApplicationServices.framework/Versions/A/Frameworks/QD.framework/Versions/A/QD
0x00000001afbc7000 	/System/Library/Frameworks/ApplicationServices.framework/Versions/A/Frameworks/ColorSyncLegacy.framework/Versions/A/ColorSyncLegacy
0x00000001af7dd000 	/System/Library/Frameworks/ApplicationServices.framework/Versions/A/Frameworks/SpeechSynthesis.framework/Versions/A/SpeechSynthesis
0x00000001a8438000 	/System/Library/PrivateFrameworks/FontServices.framework/libFontParser.dylib
0x00000001b7885000 	/System/Library/PrivateFrameworks/BackBoardServices.framework/Versions/A/BackBoardServices
0x000000024ee51000 	/System/Library/PrivateFrameworks/BackBoardHIDEventFoundation.framework/Versions/A/BackBoardHIDEventFoundation
0x000000019e631000 	/System/Library/Frameworks/CoreDisplay.framework/Versions/A/CoreDisplay
0x00000001ad7f4000 	/System/Library/Frameworks/VideoToolbox.framework/Versions/A/VideoToolbox
0x00000001ab87a000 	/System/Library/Frameworks/MetalPerformanceShaders.framework/Versions/A/MetalPerformanceShaders
0x0000000277d20000 	/System/Library/PrivateFrameworks/ProDisplayLibrary.framework/Versions/A/ProDisplayLibrary
0x00000001bb64f000 	/System/Library/PrivateFrameworks/IOSurfaceAccelerator.framework/Versions/A/IOSurfaceAccelerator
0x00000001a7f63000 	/System/Library/PrivateFrameworks/IOAccelerator.framework/Versions/A/IOAccelerator
0x00000001a827b000 	/System/Library/Frameworks/CoreMedia.framework/Versions/A/CoreMedia
0x00000001a23f6000 	/System/Library/PrivateFrameworks/TCC.framework/Versions/A/TCC
0x00000001ad7ac000 	/System/Library/PrivateFrameworks/WatchdogClient.framework/Versions/A/WatchdogClient
0x00000001dd124000 	/System/Library/PrivateFrameworks/BiomeStorage.framework/Versions/A/BiomeStorage
0x0000000269746000 	/System/Library/PrivateFrameworks/IntelligencePlatformLibrary.framework/Versions/A/IntelligencePlatformLibrary
0x000000027702d000 	/System/Library/PrivateFrameworks/PoirotSchematizer.framework/Versions/A/PoirotSchematizer
0x000000024f77a000 	/System/Library/PrivateFrameworks/BiomeSync.framework/Versions/A/BiomeSync
0x000000024ef1b000 	/System/Library/PrivateFrameworks/BiomeDSL.framework/Versions/A/BiomeDSL
0x0000000277097000 	/System/Library/PrivateFrameworks/PoirotUDFs.framework/Versions/A/PoirotUDFs
0x0000000276ffc000 	/System/Library/PrivateFrameworks/PoirotSQLite.framework/Versions/A/PoirotSQLite
0x00000001b5fd6000 	/System/Library/PrivateFrameworks/CoreTime.framework/Versions/A/CoreTime
0x00000001ab692000 	/usr/lib/libiconv.2.dylib
0x00000001ab5ee000 	/usr/lib/libcharset.1.dylib
0x0000000297589000 	/usr/lib/swift/libswift_RegexParser.dylib
0x0000000250d83000 	/System/Library/PrivateFrameworks/CascadeSets.framework/Versions/A/CascadeSets
0x00000001afdd3000 	/System/Library/PrivateFrameworks/CorePhoneNumbers.framework/Versions/A/CorePhoneNumbers
0x00000001ad676000 	/System/Library/PrivateFrameworks/AppleJPEG.framework/Versions/A/AppleJPEG
0x00000001ad062000 	/usr/lib/libexpat.1.dylib
0x00000001add90000 	/System/Library/Frameworks/ImageIO.framework/Versions/A/Resources/libPng.dylib
0x00000001addbc000 	/System/Library/Frameworks/ImageIO.framework/Versions/A/Resources/libTIFF.dylib
0x00000001adea6000 	/System/Library/Frameworks/ImageIO.framework/Versions/A/Resources/libGIF.dylib
0x00000001ad6bb000 	/System/Library/Frameworks/ImageIO.framework/Versions/A/Resources/libJP2.dylib
0x00000001ade4c000 	/System/Library/Frameworks/ImageIO.framework/Versions/A/Resources/libJPEG.dylib
0x00000001ade43000 	/System/Library/Frameworks/ImageIO.framework/Versions/A/Resources/libRadiance.dylib
0x000000025ff6e000 	/System/Library/PrivateFrameworks/GPUCompiler.framework/Versions/32023/Libraries/libllvm-flatbuffers.dylib
0x000000025a87a000 	/System/Library/PrivateFrameworks/FramePacing.framework/Versions/A/FramePacing
0x0000000201e0e000 	/System/Library/Frameworks/OpenGL.framework/Versions/A/Libraries/libCoreFSCache.dylib
0x000000025b9bb000 	/System/Library/PrivateFrameworks/GPUCompiler.framework/Versions/32023/Libraries/libGPUCompilerUtils.dylib
0x00000001b5b86000 	/System/Library/PrivateFrameworks/GraphicsServices.framework/Versions/A/GraphicsServices
0x00000001b9751000 	/System/Library/PrivateFrameworks/ASEProcessing.framework/Versions/A/ASEProcessing
0x00000001e93a0000 	/System/Library/PrivateFrameworks/Symbolication.framework/Versions/A/Symbolication
0x0000000276c1d000 	/System/Library/PrivateFrameworks/PhotosensitivityProcessing.framework/Versions/A/PhotosensitivityProcessing
0x00000001ad293000 	/System/Library/PrivateFrameworks/GraphVisualizer.framework/Versions/A/GraphVisualizer
0x0000000201e6d000 	/System/Library/Frameworks/OpenGL.framework/Versions/A/Libraries/libGLU.dylib
0x0000000201e30000 	/System/Library/Frameworks/OpenGL.framework/Versions/A/Libraries/libGFXShared.dylib
0x000000023ff44000 	/System/Library/Frameworks/OpenGL.framework/Versions/A/Libraries/libGL.dylib
0x0000000201e39000 	/System/Library/Frameworks/OpenGL.framework/Versions/A/Libraries/libGLImage.dylib
0x0000000201e2d000 	/System/Library/Frameworks/OpenGL.framework/Versions/A/Libraries/libCVMSPluginSupport.dylib
0x0000000201e16000 	/System/Library/Frameworks/OpenGL.framework/Versions/A/Libraries/libCoreVMClient.dylib
0x000000025a785000 	/System/Library/PrivateFrameworks/FontServices.framework/Versions/A/FontServices
0x00000001ad2a3000 	/System/Library/PrivateFrameworks/OTSVG.framework/Versions/A/OTSVG
0x00000001a5dac000 	/System/Library/Frameworks/ApplicationServices.framework/Versions/A/Frameworks/ATS.framework/Versions/A/Resources/libFontRegistry.dylib
0x000000029660c000 	/usr/lib/libhvf.dylib
0x0000000273a52000 	/System/Library/PrivateFrameworks/ParsingInternal.framework/Versions/A/ParsingInternal
0x000000025a789000 	/System/Library/PrivateFrameworks/FontServices.framework/libXTFontStaticRegistryData.dylib
0x00000001a92a8000 	/System/Library/Frameworks/MetalPerformanceShaders.framework/Versions/A/Frameworks/MPSCore.framework/Versions/A/MPSCore
0x00000001aafaf000 	/System/Library/Frameworks/MetalPerformanceShaders.framework/Versions/A/Frameworks/MPSImage.framework/Versions/A/MPSImage
0x00000001aa98d000 	/System/Library/Frameworks/MetalPerformanceShaders.framework/Versions/A/Frameworks/MPSNeuralNetwork.framework/Versions/A/MPSNeuralNetwork
0x00000001aadc5000 	/System/Library/Frameworks/MetalPerformanceShaders.framework/Versions/A/Frameworks/MPSMatrix.framework/Versions/A/MPSMatrix
0x00000001aabda000 	/System/Library/Frameworks/MetalPerformanceShaders.framework/Versions/A/Frameworks/MPSRayIntersector.framework/Versions/A/MPSRayIntersector
0x00000001aadf7000 	/System/Library/Frameworks/MetalPerformanceShaders.framework/Versions/A/Frameworks/MPSNDArray.framework/Versions/A/MPSNDArray
0x0000000243ee8000 	/System/Library/Frameworks/MetalPerformanceShaders.framework/Versions/A/Frameworks/MPSFunctions.framework/Versions/A/MPSFunctions
0x0000000243ec9000 	/System/Library/Frameworks/MetalPerformanceShaders.framework/Versions/A/Frameworks/MPSBenchmarkLoop.framework/Versions/A/MPSBenchmarkLoop
0x000000019c4e1000 	/System/Library/PrivateFrameworks/MetalTools.framework/Versions/A/MetalTools
0x00000001cd5ce000 	/System/Library/PrivateFrameworks/IOAccelMemoryInfo.framework/Versions/A/IOAccelMemoryInfo
0x00000001db6f7000 	/System/Library/PrivateFrameworks/kperf.framework/Versions/A/kperf
0x00000001c8454000 	/System/Library/PrivateFrameworks/GPURawCounter.framework/Versions/A/GPURawCounter
0x00000001b5ebf000 	/System/Library/PrivateFrameworks/CoreSymbolication.framework/Versions/A/CoreSymbolication
0x00000001c83cb000 	/System/Library/PrivateFrameworks/MallocStackLogging.framework/Versions/A/MallocStackLogging
0x00000001b5e9c000 	/System/Library/PrivateFrameworks/DebugSymbols.framework/Versions/A/DebugSymbols
0x00000001d9f60000 	/System/Library/PrivateFrameworks/OSAnalytics.framework/Versions/A/OSAnalytics
0x0000000258681000 	/System/Library/PrivateFrameworks/DeviceRecovery.framework/Versions/A/DeviceRecovery
0x0000000241d03000 	/System/Library/Frameworks/ExtensionFoundation.framework/Versions/A/ExtensionFoundation
0x00000001ad2e4000 	/System/Library/PrivateFrameworks/AppServerSupport.framework/Versions/A/AppServerSupport
0x00000001acf61000 	/System/Library/PrivateFrameworks/PlugInKit.framework/Versions/A/PlugInKit
0x00000001aa7fb000 	/System/Library/PrivateFrameworks/AssertionServices.framework/Versions/A/AssertionServices
0x00000001ad087000 	/System/Library/PrivateFrameworks/IconFoundation.framework/Versions/A/IconFoundation
0x000000026664a000 	/System/Library/PrivateFrameworks/IconRendering.framework/Versions/A/IconRendering
0x0000000279c80000 	/System/Library/PrivateFrameworks/SFSymbols.framework/Versions/A/SFSymbols
0x000000019e755000 	/System/Library/PrivateFrameworks/AudioToolboxCore.framework/Versions/A/AudioToolboxCore
0x00000001af745000 	/System/Library/PrivateFrameworks/AudioSession.framework/Versions/A/AudioSession
0x00000001ba999000 	/System/Library/Frameworks/CoreMIDI.framework/Versions/A/CoreMIDI
0x00000001af7c4000 	/usr/lib/libAudioStatistics.dylib
0x00000001a8252000 	/System/Library/PrivateFrameworks/caulk.framework/Versions/A/caulk
0x00000001add6a000 	/usr/lib/libAudioToolboxUtility.dylib
0x00000001c8458000 	/usr/lib/swift/libswiftCoreAudio.dylib
0x00000001cebbf000 	/usr/lib/swift/libswiftCoreMIDI.dylib
0x00000001afbd5000 	/System/Library/PrivateFrameworks/perfdata.framework/Versions/A/perfdata
0x00000001c7475000 	/System/Library/PrivateFrameworks/SystemPolicy.framework/Versions/A/SystemPolicy
0x00000001afa7a000 	/usr/lib/libSMC.dylib
0x00000001afbe3000 	/usr/lib/libperfcheck.dylib
0x000000024e865000 	/System/Library/PrivateFrameworks/AudioAnalytics.framework/Versions/A/AudioAnalytics
0x000000029754c000 	/usr/lib/swift/libswift_DarwinFoundation2.dylib
0x000000029754d000 	/usr/lib/swift/libswift_DarwinFoundation3.dylib
0x00000001ed885000 	/System/Library/Frameworks/OSLog.framework/Versions/A/OSLog
0x00000001c83fd000 	/usr/lib/libmis.dylib
0x00000001ad1a4000 	/System/Library/PrivateFrameworks/MediaExperience.framework/Versions/A/MediaExperience
0x00000001af513000 	/System/Library/PrivateFrameworks/AudioSession.framework/libSessionUtility.dylib
0x00000001adeac000 	/System/Library/PrivateFrameworks/CMCaptureCore.framework/Versions/A/CMCaptureCore
0x00000001b4a4a000 	/System/Library/Frameworks/CoreBluetooth.framework/Versions/A/CoreBluetooth
0x00000001aa667000 	/System/Library/PrivateFrameworks/CoreUtils.framework/Versions/A/CoreUtils
0x00000001c03e7000 	/System/Library/PrivateFrameworks/HID.framework/Versions/A/HID
0x0000000257a83000 	/System/Library/PrivateFrameworks/CoreUtilsExtras.framework/Versions/A/CoreUtilsExtras
0x00000002665ac000 	/System/Library/PrivateFrameworks/IO80211.framework/Versions/A/IO80211
0x00000001b148d000 	/System/Library/Frameworks/IOBluetooth.framework/Versions/A/IOBluetooth
0x000000024e453000 	/System/Library/PrivateFrameworks/ArgumentParserInternal.framework/Versions/A/ArgumentParserInternal
0x00000001ace01000 	/usr/lib/libIOReport.dylib
0x00000001aa80a000 	/System/Library/Frameworks/SecurityFoundation.framework/Versions/A/SecurityFoundation
0x000000019cea5000 	/System/Library/PrivateFrameworks/Lexicon.framework/Versions/A/Lexicon
0x00000001aa975000 	/usr/lib/libgermantok.dylib
0x00000001a9492000 	/System/Library/PrivateFrameworks/LinguisticData.framework/Versions/A/LinguisticData
0x00000001b4c5d000 	/System/Library/PrivateFrameworks/MediaKit.framework/Versions/A/MediaKit
0x00000001b4ba8000 	/System/Library/Frameworks/DiscRecording.framework/Versions/A/DiscRecording
0x00000001ad07d000 	/usr/lib/libheimdal-asn1.dylib
0x00000001b8577000 	/System/Library/Frameworks/AudioUnit.framework/Versions/A/AudioUnit
0x00000001a60cb000 	/System/Library/Frameworks/OpenDirectory.framework/Versions/A/OpenDirectory
0x00000001a60d9000 	/System/Library/Frameworks/OpenDirectory.framework/Versions/A/Frameworks/CFOpenDirectory.framework/Versions/A/CFOpenDirectory
0x00000002402c8000 	/System/Library/Frameworks/AVFAudio.framework/Versions/A/AVFAudio
0x00000001c13b1000 	/usr/lib/libAccessibility.dylib
0x000000026a2da000 	/System/Library/PrivateFrameworks/IsolatedCoreAudioClient.framework/Versions/A/IsolatedCoreAudioClient
0x00000001e3ba6000 	/usr/lib/swift/libswiftCoreMedia.dylib
0x0000000287aa3000 	/System/Library/PrivateFrameworks/Tightbeam.framework/Versions/A/Tightbeam
0x0000000253993000 	/System/Library/PrivateFrameworks/CoreAudioOrchestration.framework/Versions/A/CoreAudioOrchestration
0x00000001e02b5000 	/System/Library/PrivateFrameworks/AFKUser.framework/Versions/A/AFKUser
0x00000001b3cf0000 	/System/Library/Frameworks/MediaAccessibility.framework/Versions/A/MediaAccessibility
0x000000028bc8f000 	/System/Library/PrivateFrameworks/VideoToolboxParavirtualizationSupport.framework/Versions/A/VideoToolboxParavirtualizationSupport
0x00000001ad019000 	/System/Library/PrivateFrameworks/AppleVA.framework/Versions/A/AppleVA
0x00000001ade3e000 	/System/Library/PrivateFrameworks/GPUWrangler.framework/Versions/A/GPUWrangler
0x00000001ade1e000 	/System/Library/PrivateFrameworks/IOPresentment.framework/Versions/A/IOPresentment
0x00000001ade46000 	/System/Library/PrivateFrameworks/DSExternalDisplay.framework/Versions/A/DSExternalDisplay
0x000000024e2aa000 	/System/Library/PrivateFrameworks/AppleMobileFileIntegrity.framework/Versions/A/AppleMobileFileIntegrity
0x0000000296189000 	/usr/lib/libTLE.dylib
0x00000001feb4d000 	/System/Library/PrivateFrameworks/ConfigProfileHelper.framework/Versions/A/ConfigProfileHelper
0x00000001f396d000 	/usr/lib/libedit.3.dylib
0x000000026b85b000 	/System/Library/PrivateFrameworks/MIL.framework/Versions/A/MIL
0x00000001cd591000 	/usr/lib/libncurses.5.4.dylib
0x00000001aa59c000 	/System/Library/PrivateFrameworks/CoreEmoji.framework/Versions/A/CoreEmoji
0x000000019d1c2000 	/usr/lib/libCRFSuite.dylib
0x00000001a9370000 	/System/Library/PrivateFrameworks/CoreNLP.framework/Versions/A/CoreNLP
0x00000001aa914000 	/usr/lib/libmecab.dylib
0x00000001ab80d000 	/usr/lib/libThaiTokenizer.dylib
0x00000001edd44000 	/System/Library/PrivateFrameworks/HIDDisplay.framework/Versions/A/HIDDisplay
0x00000001ade78000 	/System/Library/Frameworks/ApplicationServices.framework/Versions/A/Frameworks/ATSUI.framework/Versions/A/ATSUI
0x00000001afb5b000 	/usr/lib/libcups.2.dylib
0x00000001afbf1000 	/System/Library/Frameworks/Kerberos.framework/Versions/A/Kerberos
0x00000001af853000 	/usr/lib/libresolv.9.dylib
0x00000001ad2f8000 	/System/Library/PrivateFrameworks/Heimdal.framework/Versions/A/Heimdal
0x00000001b8576000 	/System/Library/Frameworks/Kerberos.framework/Versions/A/Libraries/libHeimdalProxy.dylib
0x00000001afc55000 	/System/Library/PrivateFrameworks/CommonAuth.framework/Versions/A/CommonAuth
0x00000001c12ac000 	/System/Library/PrivateFrameworks/AXCoreUtilities.framework/Versions/A/AXCoreUtilities
0x0000000295ba3000 	/usr/lib/libAXSafeCategoryBundle.dylib
0x00000001aa481000 	/System/Library/Frameworks/Accelerate.framework/Versions/A/Frameworks/vecLib.framework/Versions/A/libvDSP.dylib
0x00000001ab95a000 	/System/Library/Frameworks/Accelerate.framework/Versions/A/Frameworks/vecLib.framework/Versions/A/libLAPACK.dylib
0x00000001aa978000 	/System/Library/Frameworks/Accelerate.framework/Versions/A/Frameworks/vecLib.framework/Versions/A/libLinearAlgebra.dylib
0x00000001ab853000 	/System/Library/Frameworks/Accelerate.framework/Versions/A/Frameworks/vecLib.framework/Versions/A/libSparseBLAS.dylib
0x00000001ab955000 	/System/Library/Frameworks/Accelerate.framework/Versions/A/Frameworks/vecLib.framework/Versions/A/libQuadrature.dylib
0x00000001a9499000 	/System/Library/Frameworks/Accelerate.framework/Versions/A/Frameworks/vecLib.framework/Versions/A/libBNNS.dylib
0x000000019cfbb000 	/System/Library/Frameworks/Accelerate.framework/Versions/A/Frameworks/vecLib.framework/Versions/A/libSparse.dylib
0x00000001afbba000 	/System/Library/PrivateFrameworks/NetAuth.framework/Versions/A/NetAuth
0x00000001a62e9000 	/System/Library/PrivateFrameworks/login.framework/Versions/A/Frameworks/loginsupport.framework/Versions/A/loginsupport
0x00000001aa8de000 	/usr/lib/libCheckFix.dylib
0x00000001a5468000 	/System/Library/PrivateFrameworks/MetadataUtilities.framework/Versions/A/MetadataUtilities
0x0000000267065000 	/System/Library/PrivateFrameworks/InstalledContentLibrary.framework/Versions/A/InstalledContentLibrary
0x000000019ff36000 	/System/Library/PrivateFrameworks/CoreServicesStore.framework/Versions/A/CoreServicesStore
0x00000001db7fe000 	/System/Library/PrivateFrameworks/MobileSystemServices.framework/Versions/A/MobileSystemServices
0x00000001accc2000 	/usr/lib/libxslt.1.dylib
0x00000001aa89d000 	/System/Library/PrivateFrameworks/BackgroundTaskManagement.framework/Versions/A/BackgroundTaskManagement
0x00000001b7c21000 	/usr/lib/libcurl.4.dylib
0x00000002963c2000 	/usr/lib/libcrypto.46.dylib
0x0000000296fdf000 	/usr/lib/libssl.48.dylib
0x00000001b78f7000 	/System/Library/Frameworks/LDAP.framework/Versions/A/LDAP
0x00000001b7933000 	/System/Library/PrivateFrameworks/TrustEvaluationAgent.framework/Versions/A/TrustEvaluationAgent
0x00000001af870000 	/usr/lib/libsasl2.2.dylib
0x00000001c5331000 	/usr/lib/swift/libswiftCoreGraphics.dylib
0x00000001b43ec000 	/usr/lib/swift/libswiftFoundation.dylib
0x00000001fe50a000 	/usr/lib/swift/libswiftSwiftOnoneSupport.dylib
0x00000002976be000 	/usr/lib/swift/libswiftsys_time.dylib
0x00000001e9b5d000 	/System/Library/PrivateFrameworks/CoreMaterial.framework/Versions/A/CoreMaterial
0x0000000297404000 	/usr/lib/swift/libswiftSpatial.dylib
0x0000000296186000 	/usr/lib/libSpatial.dylib
0x0000000295ac1000 	/System/Library/SubFrameworks/UIUtilities.framework/Versions/A/UIUtilities
0x000000010a39c000 	/Users/mattias800/.gradle/jdks/jetbrains_s_r_o_-21-aarch64-os_x.2/jbrsdk_jcef-21.0.10-osx-aarch64-b1163.108/Contents/Home/lib/server/libjvm.dylib
0x0000000104cc0000 	/Users/mattias800/.gradle/jdks/jetbrains_s_r_o_-21-aarch64-os_x.2/jbrsdk_jcef-21.0.10-osx-aarch64-b1163.108/Contents/Home/lib/libjimage.dylib
0x0000000104cec000 	/Users/mattias800/.gradle/jdks/jetbrains_s_r_o_-21-aarch64-os_x.2/jbrsdk_jcef-21.0.10-osx-aarch64-b1163.108/Contents/Home/lib/libinstrument.dylib
0x0000000109224000 	/Users/mattias800/.gradle/jdks/jetbrains_s_r_o_-21-aarch64-os_x.2/jbrsdk_jcef-21.0.10-osx-aarch64-b1163.108/Contents/Home/lib/libjava.dylib
0x000000010a0e0000 	/Users/mattias800/.gradle/jdks/jetbrains_s_r_o_-21-aarch64-os_x.2/jbrsdk_jcef-21.0.10-osx-aarch64-b1163.108/Contents/Home/lib/libzip.dylib
0x000000010a0b8000 	/Users/mattias800/.gradle/jdks/jetbrains_s_r_o_-21-aarch64-os_x.2/jbrsdk_jcef-21.0.10-osx-aarch64-b1163.108/Contents/Home/lib/libnio.dylib
0x000000010a108000 	/Users/mattias800/.gradle/jdks/jetbrains_s_r_o_-21-aarch64-os_x.2/jbrsdk_jcef-21.0.10-osx-aarch64-b1163.108/Contents/Home/lib/libnet.dylib
0x000000010a124000 	/Users/mattias800/.gradle/jdks/jetbrains_s_r_o_-21-aarch64-os_x.2/jbrsdk_jcef-21.0.10-osx-aarch64-b1163.108/Contents/Home/lib/libextnet.dylib
0x000000010a138000 	/Users/mattias800/.gradle/jdks/jetbrains_s_r_o_-21-aarch64-os_x.2/jbrsdk_jcef-21.0.10-osx-aarch64-b1163.108/Contents/Home/lib/libverify.dylib
0x000000010a17c000 	/Users/mattias800/repos/spela/player/desktop/build/native/libspela-libretro.dylib
0x00000001275b0000 	/opt/homebrew/Cellar/sdl2/2.32.10/lib/libSDL2-2.0.0.dylib
0x00000001050dc000 	/Users/mattias800/.gradle/jdks/jetbrains_s_r_o_-21-aarch64-os_x.2/jbrsdk_jcef-21.0.10-osx-aarch64-b1163.108/Contents/Home/lib/libjawt.dylib
0x00000001b5d22000 	/System/Library/Frameworks/CoreHaptics.framework/Versions/A/CoreHaptics
0x00000001b7e36000 	/System/Library/Frameworks/GameController.framework/Versions/A/GameController
0x00000002610c7000 	/System/Library/PrivateFrameworks/GameControllerFoundation.framework/Versions/A/GameControllerFoundation
0x00000001cf62f000 	/System/Library/Frameworks/ExternalAccessory.framework/ExternalAccessory
0x000000026116b000 	/System/Library/PrivateFrameworks/GameControllerSettings.framework/Versions/A/GameControllerSettings
0x00000001cf64a000 	/System/Library/PrivateFrameworks/IAP.framework/Versions/A/IAP
0x00000001f0633000 	/System/Library/Frameworks/ForceFeedback.framework/Versions/A/ForceFeedback
0x00000001c6e45000 	/System/Library/Frameworks/Carbon.framework/Versions/A/Carbon
0x00000001bd15d000 	/System/Library/Frameworks/Carbon.framework/Versions/A/Frameworks/CommonPanels.framework/Versions/A/CommonPanels
0x00000001b7c0c000 	/System/Library/Frameworks/Carbon.framework/Versions/A/Frameworks/Help.framework/Versions/A/Help
0x00000001bd161000 	/System/Library/Frameworks/Carbon.framework/Versions/A/Frameworks/ImageCapture.framework/Versions/A/ImageCapture
0x00000001bd13c000 	/System/Library/Frameworks/Carbon.framework/Versions/A/Frameworks/OpenScripting.framework/Versions/A/OpenScripting
0x00000001bd15c000 	/System/Library/Frameworks/Carbon.framework/Versions/A/Frameworks/Ink.framework/Versions/A/Ink
0x00000001bd159000 	/System/Library/Frameworks/Carbon.framework/Versions/A/Frameworks/SecurityHI.framework/Versions/A/SecurityHI
0x0000000295fe4000 	/usr/lib/libInterpreterSecurity.dylib
0x00000001dd434000 	/System/Library/PrivateFrameworks/XprotectFramework.framework/Versions/A/XprotectFramework
0x00000001c06fc000 	/System/Library/PrivateFrameworks/yara.framework/Versions/A/yara
0x0000000295f61000 	/usr/lib/libEndpointSecuritySystem.dylib
0x0000000127720000 	/Users/mattias800/.gradle/jdks/jetbrains_s_r_o_-21-aarch64-os_x.2/jbrsdk_jcef-21.0.10-osx-aarch64-b1163.108/Contents/Home/lib/libawt_lwawt.dylib
0x000000010a248000 	/Users/mattias800/.gradle/jdks/jetbrains_s_r_o_-21-aarch64-os_x.2/jbrsdk_jcef-21.0.10-osx-aarch64-b1163.108/Contents/Home/lib/libawt.dylib
0x000000010a2f0000 	/Users/mattias800/.gradle/jdks/jetbrains_s_r_o_-21-aarch64-os_x.2/jbrsdk_jcef-21.0.10-osx-aarch64-b1163.108/Contents/Home/lib/libmlib_image.dylib
0x000000010a1f8000 	/Users/mattias800/.gradle/jdks/jetbrains_s_r_o_-21-aarch64-os_x.2/jbrsdk_jcef-21.0.10-osx-aarch64-b1163.108/Contents/Home/lib/libosxapp.dylib
0x0000000243061000 	/System/Library/Frameworks/JavaRuntimeSupport.framework/Versions/A/JavaRuntimeSupport
0x00000001c5398000 	/System/Library/Frameworks/ExceptionHandling.framework/Versions/A/ExceptionHandling
0x00000001b1655000 	/System/Library/Frameworks/MetalKit.framework/Versions/A/MetalKit
0x00000001ab401000 	/System/Library/Frameworks/UserNotifications.framework/Versions/A/UserNotifications
0x00000001279cc000 	/private/var/folders/00/y_pwwndd1hj9rnmh0xwj36v80000gn/T/sqlite-3.51.0.0-c21f6496-d31f-41fd-af36-5b0d8af62c1a-libsqlitejdbc.dylib
0x0000000127c2c000 	/Users/mattias800/.gradle/jdks/jetbrains_s_r_o_-21-aarch64-os_x.2/jbrsdk_jcef-21.0.10-osx-aarch64-b1163.108/Contents/Home/lib/libfontmanager.dylib
0x0000000127b7c000 	/Users/mattias800/.gradle/jdks/jetbrains_s_r_o_-21-aarch64-os_x.2/jbrsdk_jcef-21.0.10-osx-aarch64-b1163.108/Contents/Home/lib/libfreetype.dylib
0x000000026117e000 	/System/Library/PrivateFrameworks/GameControllerUI.framework/Versions/A/GameControllerUI
0x00000001edd50000 	/System/Library/Frameworks/ReplayKit.framework/Versions/A/ReplayKit
0x00000001a5f88000 	/System/Library/PrivateFrameworks/ViewBridge.framework/Versions/A/ViewBridge
0x00000001babda000 	/System/Library/PrivateFrameworks/AppleMediaServices.framework/Versions/A/AppleMediaServices
0x0000000284f7b000 	/System/Library/PrivateFrameworks/Symptoms.framework/Versions/A/Frameworks/SymptomPresentationFeed.framework/Versions/A/SymptomPresentationFeed
0x00000001af933000 	/System/Library/PrivateFrameworks/CoreFollowUp.framework/Versions/A/CoreFollowUp
0x00000001b3d08000 	/System/Library/PrivateFrameworks/SystemAdministration.framework/Versions/A/SystemAdministration
0x000000024da59000 	/System/Library/PrivateFrameworks/AppleMediaServicesKitInternal.framework/Versions/A/AppleMediaServicesKitInternal
0x000000024e6fd000 	/System/Library/PrivateFrameworks/AsyncAlgorithmsInternal.framework/Versions/A/AsyncAlgorithmsInternal
0x0000000284cbd000 	/System/Library/PrivateFrameworks/SymptomShared.framework/Versions/A/SymptomShared
0x00000001ad3b9000 	/System/Library/PrivateFrameworks/login.framework/Versions/A/login
0x00000001b35f8000 	/System/Library/Frameworks/DirectoryService.framework/Versions/A/DirectoryService
0x00000001b7ca3000 	/System/Library/PrivateFrameworks/LoginUIKit.framework/Versions/A/Frameworks/LoginUICore.framework/Versions/A/LoginUICore
0x00000001ad5fe000 	/usr/lib/libodfde.dylib
0x00000001a3d07000 	/System/Library/Frameworks/Accounts.framework/Versions/A/Accounts
0x00000001c724e000 	/System/Library/Frameworks/AVFoundation.framework/Versions/A/AVFoundation
0x00000001c7eeb000 	/System/Library/PrivateFrameworks/FTServices.framework/Versions/A/FTServices
0x00000001c03a6000 	/System/Library/PrivateFrameworks/CloudServices.framework/Versions/A/CloudServices
0x00000001b7446000 	/System/Library/PrivateFrameworks/CoreWiFi.framework/Versions/A/CoreWiFi
0x00000001b5fe1000 	/System/Library/PrivateFrameworks/Rapport.framework/Versions/A/Rapport
0x0000000284ccd000 	/System/Library/PrivateFrameworks/Symptoms.framework/Versions/A/Frameworks/SymptomAnalytics.framework/Versions/A/SymptomAnalytics
0x0000000248f56000 	/System/Library/Frameworks/_LocationEssentials.framework/Versions/A/_LocationEssentials
0x00000001b0c19000 	/System/Library/PrivateFrameworks/IDSFoundation.framework/Versions/A/IDSFoundation
0x00000001ab097000 	/System/Library/PrivateFrameworks/AuthKit.framework/Versions/A/AuthKit
0x00000001af461000 	/System/Library/PrivateFrameworks/IMFoundation.framework/Versions/A/IMFoundation
0x00000001c06fb000 	/System/Library/PrivateFrameworks/Marco.framework/Versions/A/Marco
0x00000001a3d91000 	/System/Library/PrivateFrameworks/CommonUtilities.framework/Versions/A/CommonUtilities
0x00000001bd124000 	/System/Library/PrivateFrameworks/Engram.framework/Versions/A/Engram
0x0000000297363000 	/usr/lib/swift/libswiftRegexBuilder.dylib
0x00000001bd0c2000 	/usr/lib/libtidy.A.dylib
0x00000001ad600000 	/System/Library/PrivateFrameworks/Bom.framework/Versions/A/Bom
0x00000001af891000 	/usr/lib/libParallelCompression.dylib
0x00000001f5a82000 	/System/Library/PrivateFrameworks/WiFiPeerToPeer.framework/Versions/A/WiFiPeerToPeer
0x0000000296af4000 	/usr/lib/libmrc.dylib
0x0000000266616000 	/System/Library/PrivateFrameworks/IPConfiguration.framework/Versions/A/IPConfiguration
0x00000001e9b1f000 	/System/Library/PrivateFrameworks/Netrb.framework/Versions/A/Netrb
0x00000001af883000 	/System/Library/PrivateFrameworks/MultiverseSupport.framework/Versions/A/MultiverseSupport
0x00000001b4c8f000 	/System/Library/PrivateFrameworks/DiskManagement.framework/Versions/A/DiskManagement
0x00000001b4b9b000 	/System/Library/PrivateFrameworks/AppleIDAuthSupport.framework/Versions/A/AppleIDAuthSupport
0x0000000249836000 	/System/Library/PrivateFrameworks/AAAFoundation.framework/Versions/A/AAAFoundation
0x00000001afd91000 	/System/Library/PrivateFrameworks/KeychainCircle.framework/Versions/A/KeychainCircle
0x00000001c12a2000 	/System/Library/PrivateFrameworks/URLFormatting.framework/Versions/A/URLFormatting
0x00000001b7c15000 	/usr/lib/libcsfde.dylib
0x00000001acfab000 	/usr/lib/libCoreStorage.dylib
0x00000001b1564000 	/System/Library/PrivateFrameworks/ProtectedCloudStorage.framework/Versions/A/ProtectedCloudStorage
0x00000001b7c10000 	/System/Library/PrivateFrameworks/EFILogin.framework/Versions/A/EFILogin
0x00000001b4fb3000 	/System/Library/PrivateFrameworks/OctagonTrust.framework/Versions/A/OctagonTrust
0x00000001b182b000 	/System/Library/PrivateFrameworks/GeoServices.framework/Versions/A/GeoServices
0x00000001af4da000 	/System/Library/PrivateFrameworks/LocationSupport.framework/Versions/A/LocationSupport
0x0000000263601000 	/System/Library/PrivateFrameworks/GeoServicesCore.framework/Versions/A/GeoServicesCore
0x00000001c12a0000 	/System/Library/PrivateFrameworks/PhoneNumbers.framework/Versions/A/PhoneNumbers
0x000000026b74c000 	/System/Library/PrivateFrameworks/LocationLogEncryption.framework/Versions/A/LocationLogEncryption
0x000000024040d000 	/System/Library/Frameworks/AVRouting.framework/Versions/A/AVRouting
0x00000001b0a3a000 	/System/Library/PrivateFrameworks/IDS.framework/Versions/A/IDS
0x00000001ae39c000 	/System/Library/Frameworks/MediaToolbox.framework/Versions/A/MediaToolbox
0x00000001b4d85000 	/System/Library/PrivateFrameworks/CoreAVCHD.framework/Versions/A/CoreAVCHD
0x00000001b4d81000 	/System/Library/PrivateFrameworks/Mangrove.framework/Versions/A/Mangrove
0x00000002504a4000 	/System/Library/PrivateFrameworks/CMPhoto.framework/Versions/A/CMPhoto
0x00000001b5566000 	/System/Library/Frameworks/CoreTelephony.framework/Versions/A/CoreTelephony
0x00000001b4d74000 	/System/Library/PrivateFrameworks/CoreAUC.framework/Versions/A/CoreAUC
0x000000024d7dd000 	/System/Library/PrivateFrameworks/AppleJPEGXL.framework/Versions/A/AppleJPEGXL
0x00000001afde3000 	/usr/lib/libTelephonyUtilDynamic.dylib
0x00000001f0743000 	/System/Library/Frameworks/CryptoKit.framework/Versions/A/CryptoKit
0x00000001b8572000 	/System/Library/PrivateFrameworks/CryptoKitCBridging.framework/Versions/A/CryptoKitCBridging
0x00000001b5b98000 	/System/Library/Frameworks/CryptoTokenKit.framework/Versions/A/CryptoTokenKit
0x00000001b5c19000 	/System/Library/Frameworks/LocalAuthentication.framework/Versions/A/LocalAuthentication
0x000000026b574000 	/System/Library/PrivateFrameworks/LocalAuthenticationCore.framework/Versions/A/LocalAuthenticationCore
0x000000026b6f9000 	/System/Library/PrivateFrameworks/LocalAuthenticationCredentialServices.framework/Versions/A/LocalAuthenticationCredentialServices
0x00000001b5c85000 	/System/Library/Frameworks/LocalAuthentication.framework/Support/SharedUtils.framework/Versions/A/SharedUtils
0x00000001d6a37000 	/System/Library/PrivateFrameworks/FTAWD.framework/Versions/A/FTAWD
0x00000001c7ed1000 	/System/Library/PrivateFrameworks/FeatureFlagsSupport.framework/Versions/A/FeatureFlagsSupport
0x00000001b86f6000 	/System/Library/PrivateFrameworks/Espresso.framework/Versions/A/Espresso
0x00000001ff149000 	/System/Library/PrivateFrameworks/ANECompiler.framework/Versions/A/ANECompiler
0x00000001ba7e3000 	/System/Library/PrivateFrameworks/AppleNeuralEngine.framework/Versions/A/AppleNeuralEngine
0x0000000243efd000 	/System/Library/Frameworks/MetalPerformanceShadersGraph.framework/Versions/A/MetalPerformanceShadersGraph
0x000000026c000000 	/System/Library/PrivateFrameworks/MLCompilerServices.framework/Versions/A/MLCompilerServices
0x00000001b9592000 	/System/Library/PrivateFrameworks/ANEServices.framework/Versions/A/ANEServices
0x00000001a0073000 	/usr/lib/libsandbox.1.dylib
0x00000001acfa3000 	/usr/lib/libMatch.1.dylib
0x0000000272e6f000 	/System/Library/PrivateFrameworks/ODIE.framework/Versions/A/ODIE
0x000000026bfa4000 	/System/Library/PrivateFrameworks/MLCompilerRuntime.framework/Versions/A/MLCompilerRuntime
0x00000001b576c000 	/System/Library/PrivateFrameworks/AVFCore.framework/Versions/A/AVFCore
0x00000001bece9000 	/System/Library/PrivateFrameworks/AVFCapture.framework/Versions/A/AVFCapture
0x000000025028d000 	/System/Library/PrivateFrameworks/CMImaging.framework/Versions/A/CMImaging
0x00000001bef32000 	/System/Library/PrivateFrameworks/Quagga.framework/Versions/A/Quagga
0x00000001bf066000 	/System/Library/PrivateFrameworks/CMCapture.framework/Versions/A/CMCapture
0x00000001af969000 	/System/Library/Frameworks/CoreMediaIO.framework/Versions/A/CoreMediaIO
0x00000002501c9000 	/System/Library/PrivateFrameworks/CMCaptureDevice.framework/Versions/A/CMCaptureDevice
0x00000001ad3dd000 	/System/Library/PrivateFrameworks/CoreBrightness.framework/Versions/A/CoreBrightness
0x000000025129e000 	/System/Library/PrivateFrameworks/CinematicFraming.framework/Versions/A/CinematicFraming
0x00000001e267b000 	/System/Library/PrivateFrameworks/CPMS.framework/Versions/A/CPMS
0x000000028517b000 	/System/Library/PrivateFrameworks/SystemStatus.framework/Versions/A/SystemStatus
0x00000001c6e46000 	/System/Library/Frameworks/CoreMotion.framework/Versions/A/CoreMotion
0x00000001d6f8b000 	/System/Library/PrivateFrameworks/TimeSync.framework/Versions/A/TimeSync
0x0000000258aae000 	/System/Library/PrivateFrameworks/DistributedSensing.framework/Versions/A/DistributedSensing
0x00000001d256b000 	/System/Library/PrivateFrameworks/MobileBluetooth.framework/Versions/A/MobileBluetooth
0x00000001d8c84000 	/System/Library/PrivateFrameworks/IOKitten.framework/Versions/A/IOKitten
0x00000001a62ec000 	/System/Library/PrivateFrameworks/ApplePushService.framework/Versions/A/ApplePushService
0x00000001de7ce000 	/System/Library/PrivateFrameworks/DeviceIdentity.framework/Versions/A/DeviceIdentity
0x00000001b808e000 	/System/Library/PrivateFrameworks/AppleAccount.framework/Versions/A/AppleAccount
0x0000000249853000 	/System/Library/PrivateFrameworks/AAAFoundationSwift.framework/Versions/A/AAAFoundationSwift
0x00000001b8319000 	/System/Library/PrivateFrameworks/AppleIDSSOAuthentication.framework/Versions/A/AppleIDSSOAuthentication
0x0000000257bb6000 	/System/Library/PrivateFrameworks/CryptoKitPrivate.framework/Versions/A/CryptoKitPrivate
0x00000001aa8cf000 	/System/Library/Frameworks/ServiceManagement.framework/Versions/A/ServiceManagement
0x0000000240598000 	/System/Library/Frameworks/AppIntents.framework/Versions/A/AppIntents
0x000000024679c000 	/System/Library/Frameworks/RelevanceKit.framework/Versions/A/RelevanceKit
0x00000001ab452000 	/System/Library/Frameworks/CoreSpotlight.framework/Versions/A/CoreSpotlight
0x000000026b36e000 	/System/Library/PrivateFrameworks/LinkServices.framework/Versions/A/LinkServices
0x0000000258b9c000 	/System/Library/PrivateFrameworks/DoNotDisturb.framework/Versions/A/DoNotDisturb
0x000000026b1c9000 	/System/Library/PrivateFrameworks/LinkMetadata.framework/Versions/A/LinkMetadata
0x00000001c847f000 	/usr/lib/swift/libswiftIntents.dylib
0x00000001cd6eb000 	/System/Library/PrivateFrameworks/IntentsCore.framework/Versions/A/IntentsCore
0x000000024ed3f000 	/System/Library/PrivateFrameworks/AvailabilityKit.framework/Versions/A/AvailabilityKit
0x000000024c0b3000 	/System/Library/PrivateFrameworks/AppIntentSchemas.framework/Versions/A/AppIntentSchemas
0x00000002604dc000 	/System/Library/PrivateFrameworks/GRDBInternal.framework/Versions/A/GRDBInternal
0x0000000283cae000 	/System/Library/PrivateFrameworks/StatusKit.framework/Versions/A/StatusKit
0x00000001b4f8c000 	/System/Library/PrivateFrameworks/GenerationalStorage.framework/Versions/A/GenerationalStorage
0x00000001b4db4000 	/System/Library/Frameworks/FileProvider.framework/Versions/A/FileProvider
0x00000001a19d1000 	/System/Library/PrivateFrameworks/DesktopServicesPriv.framework/Versions/A/DesktopServicesPriv
0x00000001a7c8d000 	/System/Library/Frameworks/CoreLocation.framework/Versions/A/CoreLocation
0x00000001b6ddd000 	/System/Library/Frameworks/Intents.framework/Versions/A/Intents
0x00000001b1098000 	/System/Library/PrivateFrameworks/Sharing.framework/Versions/A/Sharing
0x00000001b7445000 	/System/Library/PrivateFrameworks/Apple80211.framework/Versions/A/Apple80211
0x00000001aa5e4000 	/System/Library/Frameworks/CoreWLAN.framework/Versions/A/CoreWLAN
0x00000001ceba0000 	/usr/lib/swift/libswiftCoreLocation.dylib
0x00000001b8635000 	/System/Library/PrivateFrameworks/IntentsFoundation.framework/Versions/A/IntentsFoundation
0x0000000248e60000 	/System/Library/Frameworks/_AppIntents_AppKit.framework/Versions/A/_AppIntents_AppKit
0x000000010a230000 	/usr/lib/libobjc-trampolines.dylib
0x00000001d212e000 	/System/Library/CoreServices/RawCamera.bundle/Contents/MacOS/RawCamera
0x00000001ceb85000 	/System/Library/Frameworks/Accelerate.framework/Versions/A/Frameworks/vImage.framework/Versions/A/Libraries/libCGInterfaces.dylib
0x0000000295ba7000 	/usr/lib/libAccessibilityBaseImplementations.dylib
0x000000028ff88000 	/System/Library/PrivateFrameworks/WritingToolsUI.framework/Versions/A/WritingToolsUI
0x0000000262fe7000 	/System/Library/PrivateFrameworks/GenerativeAssistantSettings.framework/Versions/A/GenerativeAssistantSettings
0x0000000285a22000 	/System/Library/PrivateFrameworks/TextComposer.framework/Versions/A/TextComposer
0x0000000262fbe000 	/System/Library/PrivateFrameworks/GenerativeAssistantCommon.framework/Versions/A/GenerativeAssistantCommon
0x00000001cfc21000 	/System/Library/Frameworks/SwiftUI.framework/Versions/A/SwiftUI
0x0000000248e9f000 	/System/Library/Frameworks/_AuthenticationServices_SwiftUI.framework/Versions/A/_AuthenticationServices_SwiftUI
0x000000024bde8000 	/System/Library/PrivateFrameworks/Anvil.framework/Versions/A/Anvil
0x00000001cf1cf000 	/System/Library/PrivateFrameworks/AppStoreDaemon.framework/Versions/A/AppStoreDaemon
0x000000026348c000 	/System/Library/PrivateFrameworks/GenerativePartnerServiceUI.framework/Versions/A/GenerativePartnerServiceUI
0x00000001fda7b000 	/System/Library/PrivateFrameworks/JetEngine.framework/Versions/A/JetEngine
0x00000002858ff000 	/System/Library/PrivateFrameworks/TextAnimationSupport.framework/Versions/A/TextAnimationSupport
0x0000000278bb6000 	/System/Library/PrivateFrameworks/RecapPerformanceTesting.framework/Versions/A/RecapPerformanceTesting
0x00000001c8d50000 	/System/Library/PrivateFrameworks/SignpostCollection.framework/Versions/A/SignpostCollection
0x000000024ebf7000 	/System/Library/PrivateFrameworks/AuthenticationServicesCore.framework/Versions/A/AuthenticationServicesCore
0x00000001d25ad000 	/System/Library/Frameworks/AuthenticationServices.framework/Versions/A/AuthenticationServices
0x00000001acf3d000 	/System/Library/PrivateFrameworks/SharedWebCredentials.framework/Versions/A/SharedWebCredentials
0x00000001c9bee000 	/System/Library/PrivateFrameworks/SafariCore.framework/Versions/A/SafariCore
0x00000001d20d8000 	/System/Library/PrivateFrameworks/SafariFoundation.framework/Versions/A/SafariFoundation
0x00000001b46ac000 	/System/Library/Frameworks/Contacts.framework/Versions/A/Contacts
0x000000024fe3f000 	/System/Library/PrivateFrameworks/CBORLibrary.framework/Versions/A/CBORLibrary
0x0000000250e26000 	/System/Library/PrivateFrameworks/Chirp.framework/Versions/A/Chirp
0x0000000251a23000 	/System/Library/PrivateFrameworks/CloudSubscriptionFeatures.framework/Versions/A/CloudSubscriptionFeatures
0x00000001b43ed000 	/System/Library/PrivateFrameworks/ContactsFoundation.framework/Versions/A/ContactsFoundation
0x00000001fee7d000 	/System/Library/PrivateFrameworks/RemoteManagement.framework/Versions/A/RemoteManagement
0x0000000278f44000 	/System/Library/PrivateFrameworks/RemoteManagementModel.framework/Versions/A/RemoteManagementModel
0x0000000278fd5000 	/System/Library/PrivateFrameworks/RemoteManagementStore.framework/Versions/A/RemoteManagementStore
0x00000001b1673000 	/usr/lib/libxcselect.dylib
0x00000001d2047000 	/System/Library/PrivateFrameworks/DifferentialPrivacy.framework/Versions/A/DifferentialPrivacy
0x000000026daa5000 	/System/Library/PrivateFrameworks/ManagedSettingsObjC.framework/Versions/A/ManagedSettingsObjC
0x000000026b751000 	/System/Library/PrivateFrameworks/LockdownMode.framework/Versions/A/LockdownMode
0x000000028a8e3000 	/System/Library/PrivateFrameworks/VDAF.framework/Versions/A/VDAF
0x00000001b44c5000 	/System/Library/PrivateFrameworks/ContactsPersistence.framework/Versions/A/ContactsPersistence
0x00000001b3623000 	/System/Library/PrivateFrameworks/AppleLDAP.framework/Versions/A/AppleLDAP
0x00000001b7fc7000 	/System/Library/Frameworks/ClassKit.framework/Versions/A/ClassKit
0x00000001ba26d000 	/System/Library/PrivateFrameworks/CoreSuggestions.framework/Versions/A/CoreSuggestions
0x00000001b5b46000 	/System/Library/PrivateFrameworks/vCard.framework/Versions/A/vCard
0x00000002526ac000 	/System/Library/PrivateFrameworks/ContactsMetrics.framework/Versions/A/ContactsMetrics
0x000000026da9f000 	/System/Library/PrivateFrameworks/ManagedOrganizationContacts.framework/Versions/A/ManagedOrganizationContacts
0x00000001a676c000 	/System/Library/PrivateFrameworks/CloudDocs.framework/Versions/A/CloudDocs
0x00000001c0c62000 	/System/Library/PrivateFrameworks/ProactiveEventTracker.framework/Versions/A/ProactiveEventTracker
0x00000001b978c000 	/System/Library/PrivateFrameworks/ConfigurationProfiles.framework/Versions/A/ConfigurationProfiles
0x0000000257d07000 	/System/Library/PrivateFrameworks/DMCUtilities.framework/Versions/A/DMCUtilities
0x000000026b7d2000 	/System/Library/PrivateFrameworks/MDMClientLibrary.framework/Versions/A/MDMClientLibrary
0x0000000278fc9000 	/System/Library/PrivateFrameworks/RemoteManagementProtocol.framework/Versions/A/RemoteManagementProtocol
0x00000001bebf4000 	/System/Library/PrivateFrameworks/PowerlogControl.framework/Versions/A/PowerlogControl
0x00000001bebf6000 	/usr/lib/libUniversalAccess.dylib
0x00000001bb65a000 	/System/Library/PrivateFrameworks/FamilyControls.framework/Versions/A/FamilyControls
0x00000001bb654000 	/System/Library/PrivateFrameworks/UniversalAccess.framework/Versions/A/Libraries/libUAPreferences.dylib
0x00000001bb67e000 	/System/Library/PrivateFrameworks/CommerceKit.framework/Versions/A/Frameworks/CommerceCore.framework/Versions/A/CommerceCore
0x0000000257c73000 	/System/Library/PrivateFrameworks/DEPClientLibrary.framework/Versions/A/DEPClientLibrary
0x0000000257c9c000 	/System/Library/PrivateFrameworks/DMCEnrollmentLibrary.framework/Versions/A/DMCEnrollmentLibrary
0x00000001becd8000 	/System/Library/PrivateFrameworks/SetupAssistantFramework.framework/Versions/A/SetupAssistantFramework
0x00000001b83ae000 	/System/Library/PrivateFrameworks/AuthKitUI.framework/Versions/A/AuthKitUI
0x00000001b7ced000 	/System/Library/PrivateFrameworks/AppSSO.framework/Versions/A/AppSSO
0x00000001cef2b000 	/System/Library/PrivateFrameworks/LocalAuthenticationUI.framework/Versions/A/LocalAuthenticationUI
0x0000000276c79000 	/System/Library/PrivateFrameworks/PlatformSSO.framework/Versions/A/PlatformSSO
0x0000000276d66000 	/System/Library/PrivateFrameworks/PlatformSSOCore.framework/Versions/A/PlatformSSOCore
0x00000002430f0000 	/System/Library/Frameworks/LocalAuthenticationEmbeddedUI.framework/Versions/A/LocalAuthenticationEmbeddedUI
0x00000001cf9e6000 	/System/Library/PrivateFrameworks/AOSUI.framework/Versions/A/AOSUI
0x00000001c0a2a000 	/System/Library/Frameworks/ContactsUI.framework/Versions/A/ContactsUI
0x00000001b493b000 	/System/Library/PrivateFrameworks/FamilyCircle.framework/Versions/A/FamilyCircle
0x00000001dd81d000 	/System/Library/Frameworks/LinkPresentation.framework/Versions/A/LinkPresentation
0x00000001c05e2000 	/System/Library/PrivateFrameworks/IASUtilities.framework/Versions/A/IASUtilities
0x00000002664df000 	/System/Library/PrivateFrameworks/IASUtilitiesCore.framework/Versions/A/IASUtilitiesCore
0x00000001c8d60000 	/System/Library/PrivateFrameworks/OnBoardingKit.framework/Versions/A/OnBoardingKit
0x000000027903f000 	/System/Library/PrivateFrameworks/RemoteUI.framework/Versions/A/RemoteUI
0x00000001c5411000 	/System/Library/Frameworks/WebKit.framework/Versions/A/WebKit
0x00000001bd164000 	/System/Library/Frameworks/JavaScriptCore.framework/Versions/A/JavaScriptCore
0x000000026ab60000 	/System/Library/PrivateFrameworks/LiftUI.framework/Versions/A/LiftUI
0x000000027b67c000 	/System/Library/PrivateFrameworks/Settings.framework/Versions/A/Settings
0x0000000290595000 	/System/Library/PrivateFrameworks/_IconServices_SwiftUI.framework/Versions/A/_IconServices_SwiftUI
0x000000024100c000 	/System/Library/Frameworks/BrowserEngineCore.framework/Versions/A/BrowserEngineCore
0x00000001ba56d000 	/System/Library/Frameworks/WebKit.framework/Versions/A/Frameworks/WebKitLegacy.framework/Versions/A/WebKitLegacy
0x00000001b8356000 	/System/Library/PrivateFrameworks/CorePrediction.framework/Versions/A/CorePrediction
0x00000001a7077000 	/System/Library/Frameworks/WebKit.framework/Versions/A/Frameworks/WebCore.framework/Versions/A/Frameworks/libwebrtc.dylib
0x00000001c539b000 	/System/Library/PrivateFrameworks/SafariSafeBrowsing.framework/Versions/A/SafariSafeBrowsing
0x00000001af8f9000 	/System/Library/Frameworks/SecurityInterface.framework/Versions/A/SecurityInterface
0x00000001c8d5f000 	/System/Library/PrivateFrameworks/WebInspectorUI.framework/Versions/A/WebInspectorUI
0x00000001c13e7000 	/System/Library/Frameworks/WebKit.framework/Versions/A/Frameworks/WebCore.framework/Versions/A/WebCore
0x0000000248a1d000 	/System/Library/Frameworks/WebKit.framework/Versions/A/Frameworks/WebCore.framework/Versions/A/Frameworks/libANGLE-shared.dylib
0x000000028e831000 	/System/Library/PrivateFrameworks/WebGPU.framework/Versions/A/WebGPU
0x00000001cac39000 	/System/Library/Frameworks/SceneKit.framework/Versions/A/SceneKit
0x00000001dc057000 	/System/Library/Frameworks/ModelIO.framework/Versions/A/ModelIO
0x00000001b3929000 	/System/Library/Frameworks/GLKit.framework/Versions/A/GLKit
0x0000000297997000 	/usr/lib/usd/libusd_ms.dylib
0x0000000289cc8000 	/System/Library/PrivateFrameworks/USDLib_FormatLoaderProxy.framework/Versions/A/USDLib_FormatLoaderProxy
0x00000002976b9000 	/usr/lib/swift/libswift_errno.dylib
0x00000001c7ecc000 	/System/Library/PrivateFrameworks/CoreOptimization.framework/Versions/A/CoreOptimization
0x0000000241e38000 	/System/Library/Frameworks/ExtensionKit.framework/Versions/A/ExtensionKit
0x0000000251962000 	/System/Library/PrivateFrameworks/CloudSettings.framework/Versions/A/CloudSettings
0x0000000241e7c000 	/System/Library/Frameworks/FSKit.framework/Versions/A/FSKit
0x000000026b4fd000 	/System/Library/PrivateFrameworks/LiveFS.framework/Versions/A/LiveFS
0x00000001ba33e000 	/System/Library/Frameworks/EventKit.framework/Versions/A/EventKit
0x00000001c8f74000 	/System/Library/PrivateFrameworks/SearchFoundation.framework/Versions/A/SearchFoundation
0x00000001df8d7000 	/System/Library/PrivateFrameworks/Email.framework/Versions/A/Email
0x00000001c7ace000 	/System/Library/PrivateFrameworks/CoreRoutine.framework/Versions/A/CoreRoutine
0x00000001fe7eb000 	/System/Library/PrivateFrameworks/VoiceShortcutClient.framework/Versions/A/VoiceShortcutClient
0x00000001d75c6000 	/System/Library/PrivateFrameworks/Categories.framework/Versions/A/Categories
0x00000001cf895000 	/System/Library/PrivateFrameworks/ChronoServices.framework/Versions/A/ChronoServices
0x00000002508e4000 	/System/Library/PrivateFrameworks/CalendarDatabase.framework/Versions/A/CalendarDatabase
0x000000025082e000 	/System/Library/PrivateFrameworks/CalendarDaemon.framework/Versions/A/CalendarDaemon
0x00000001b96b0000 	/System/Library/PrivateFrameworks/CalendarFoundation.framework/Versions/A/CalendarFoundation
0x00000001b966c000 	/System/Library/PrivateFrameworks/iCalendar.framework/Versions/A/iCalendar
0x0000000257f06000 	/System/Library/PrivateFrameworks/DataAccessExpress.framework/Versions/A/DataAccessExpress
0x00000001c0b8c000 	/System/Library/PrivateFrameworks/ContactsAutocomplete.framework/Versions/A/ContactsAutocomplete
0x00000002974a3000 	/usr/lib/swift/libswiftVideoToolbox.dylib
0x00000001cf7e2000 	/System/Library/PrivateFrameworks/FTClientServices.framework/Versions/A/FTClientServices
0x00000002730bd000 	/System/Library/PrivateFrameworks/OSEligibility.framework/Versions/A/OSEligibility
0x0000000284289000 	/System/Library/PrivateFrameworks/StorageContainersPrivate.framework/Versions/A/StorageContainersPrivate
0x0000000297314000 	/usr/lib/swift/libswiftCoreMediaIO.dylib
0x00000001c046c000 	/System/Library/PrivateFrameworks/CoreDAV.framework/Versions/A/CoreDAV
0x00000001ba20e000 	/System/Library/PrivateFrameworks/CalDAV.framework/Versions/A/CalDAV
0x00000001c5098000 	/System/Library/PrivateFrameworks/TelephonyUtilities.framework/Versions/A/TelephonyUtilities
0x00000002430ad000 	/System/Library/Frameworks/LiveCommunicationKit.framework/Versions/A/LiveCommunicationKit
0x000000025225f000 	/System/Library/PrivateFrameworks/CommunicationTrust.framework/Versions/A/CommunicationTrust
0x00000001c9a00000 	/System/Library/Frameworks/CallKit.framework/Versions/A/CallKit
0x00000001b4933000 	/System/Library/PrivateFrameworks/CommunicationsFilter.framework/Versions/A/CommunicationsFilter
0x00000001f3aa8000 	/System/Library/PrivateFrameworks/IMTransferServices.framework/Versions/A/IMTransferServices
0x00000001c7ee5000 	/System/Library/PrivateFrameworks/IncomingCallFilter.framework/Versions/A/IncomingCallFilter
0x000000027180e000 	/System/Library/PrivateFrameworks/NeighborhoodActivityConduit.framework/Versions/A/NeighborhoodActivityConduit
0x00000001cbf41000 	/System/Library/PrivateFrameworks/CallHistory.framework/Versions/A/CallHistory
0x0000000295dd4000 	/usr/lib/libBASupport.dylib
0x0000000250cfc000 	/System/Library/PrivateFrameworks/CallsUtilities.framework/Versions/A/CallsUtilities
0x0000000250d07000 	/System/Library/PrivateFrameworks/CallsXPC.framework/Versions/A/CallsXPC
0x00000001fefde000 	/usr/lib/swift/libswiftCallKit.dylib
0x0000000250cef000 	/System/Library/PrivateFrameworks/CallsPersistence.framework/Versions/A/CallsPersistence
0x0000000246a73000 	/System/Library/Frameworks/SensitiveContentAnalysis.framework/Versions/A/SensitiveContentAnalysis
0x00000001ccf77000 	/System/Library/PrivateFrameworks/PeopleSuggester.framework/Versions/A/PeopleSuggester
0x00000001d63cf000 	/System/Library/PrivateFrameworks/SpotlightReceiver.framework/Versions/A/SpotlightReceiver
0x000000029055c000 	/System/Library/PrivateFrameworks/_AppIntentsServices_AppIntents.framework/Versions/A/_AppIntentsServices_AppIntents
0x000000024c11c000 	/System/Library/PrivateFrameworks/AppIntentsServices.framework/Versions/A/AppIntentsServices
0x00000001b9654000 	/System/Library/PrivateFrameworks/CoreRecents.framework/Versions/A/CoreRecents
0x0000000242582000 	/System/Library/Frameworks/GeoToolbox.framework/Versions/A/GeoToolbox
0x0000000248f22000 	/System/Library/Frameworks/_GeoToolbox_AppIntents.framework/Versions/A/_GeoToolbox_AppIntents
0x00000001e9552000 	/System/Library/PrivateFrameworks/DiagnosticRequest.framework/Versions/A/DiagnosticRequest
0x00000002904a0000 	/System/Library/PrivateFrameworks/XPCDistributed.framework/Versions/A/XPCDistributed
0x0000000278c4c000 	/System/Library/PrivateFrameworks/RegulatoryDomain.framework/Versions/A/RegulatoryDomain
0x00000001b3a01000 	/usr/lib/libCTGreenTeaLogger.dylib
0x000000026b723000 	/System/Library/PrivateFrameworks/LocalStatusKit.framework/Versions/A/LocalStatusKit
0x00000001c4f84000 	/System/Library/PrivateFrameworks/CoreParsec.framework/Versions/A/CoreParsec
0x00000001df8cb000 	/System/Library/PrivateFrameworks/EmailAddressing.framework/Versions/A/EmailAddressing
0x00000001db8c6000 	/System/Library/PrivateFrameworks/EmailCore.framework/Versions/A/EmailCore
0x00000001dc8f4000 	/System/Library/PrivateFrameworks/EmailFoundation.framework/Versions/A/EmailFoundation
0x0000000274802000 	/System/Library/PrivateFrameworks/PegasusAPI.framework/Versions/A/PegasusAPI
0x0000000275353000 	/System/Library/PrivateFrameworks/PegasusConfiguration.framework/Versions/A/PegasusConfiguration
0x0000000288536000 	/System/Library/PrivateFrameworks/ToolKit.framework/Versions/A/ToolKit
0x00000002793d4000 	/System/Library/PrivateFrameworks/ReplicatorEngine.framework/Versions/A/ReplicatorEngine
0x0000000279576000 	/System/Library/PrivateFrameworks/ReplicatorServices.framework/Versions/A/ReplicatorServices
0x00000002851f3000 	/System/Library/PrivateFrameworks/SystemWake.framework/Versions/A/SystemWake
0x00000001c9bd4000 	/System/Library/PrivateFrameworks/ContextKit.framework/Versions/A/ContextKit
0x00000002527f8000 	/System/Library/PrivateFrameworks/ContextKitCore.framework/Versions/A/ContextKitCore
0x00000001c816b000 	/System/Library/Frameworks/LocalAuthentication.framework/Support/DaemonUtils.framework/Versions/A/DaemonUtils
0x000000026b6b8000 	/System/Library/PrivateFrameworks/LocalAuthenticationCoreUI.framework/Versions/A/LocalAuthenticationCoreUI
0x00000001cb58c000 	/System/Library/PrivateFrameworks/BridgeXPC.framework/Versions/A/BridgeXPC
0x00000001c8e3c000 	/System/Library/PrivateFrameworks/CoreKDL.framework/Versions/A/CoreKDL
0x00000001c746e000 	/System/Library/PrivateFrameworks/EmbeddedOSSupportHost.framework/Versions/A/EmbeddedOSSupportHost
0x00000001bc13c000 	/System/Library/PrivateFrameworks/LoginUIKit.framework/Versions/A/LoginUIKit
0x00000001d7ac1000 	/System/Library/PrivateFrameworks/StorageKit.framework/Versions/A/StorageKit
0x00000002007ef000 	/System/Library/Frameworks/DeviceCheck.framework/Versions/A/DeviceCheck
0x00000001d7b3a000 	/System/Library/PrivateFrameworks/CoreWLANKit.framework/Versions/A/CoreWLANKit
0x000000028dbb9000 	/System/Library/PrivateFrameworks/Wallpaper.framework/Versions/A/Wallpaper
0x000000029732f000 	/usr/lib/swift/libswiftGLKit.dylib
0x000000029733a000 	/usr/lib/swift/libswiftMetalKit.dylib
0x000000029733e000 	/usr/lib/swift/libswiftModelIO.dylib
0x0000000297401000 	/usr/lib/swift/libswiftSceneKit.dylib
0x000000025886c000 	/System/Library/PrivateFrameworks/DiskImages2.framework/Versions/A/DiskImages2
0x00000001e0806000 	/System/Library/PrivateFrameworks/DynamicDesktop.framework/Versions/A/DynamicDesktop
0x000000028dd48000 	/System/Library/PrivateFrameworks/WallpaperFoundation.framework/Versions/A/WallpaperFoundation
0x000000028dda5000 	/System/Library/PrivateFrameworks/WallpaperTypes.framework/Versions/A/WallpaperTypes
0x00000001f5805000 	/System/Library/PrivateFrameworks/SystemDesktopAppearance.framework/Versions/A/SystemDesktopAppearance
0x000000029363b000 	/System/Library/PrivateFrameworks/icloudMCCKit.framework/Versions/A/icloudMCCKit
0x000000024d074000 	/System/Library/PrivateFrameworks/AppleAccountUI.framework/Versions/A/AppleAccountUI
0x00000001e9b29000 	/System/Library/PrivateFrameworks/PreferencePanesSupport.framework/Versions/A/PreferencePanesSupport
0x00000001cfb98000 	/System/Library/PrivateFrameworks/FindMyDeviceUI.framework/Versions/A/FindMyDeviceUI
0x0000000291282000 	/System/Library/PrivateFrameworks/iCloudQuotaUI.framework/Versions/A/iCloudQuotaUI
0x00000001e9cdd000 	/System/Library/PrivateFrameworks/CoreCDPUI.framework/Versions/A/CoreCDPUI
0x00000001c992f000 	/System/Library/PrivateFrameworks/CoreFollowUpUI.framework/Versions/A/CoreFollowUpUI
0x00000001d664e000 	/System/Library/PrivateFrameworks/IMCore.framework/Versions/A/IMCore
0x00000001bec5d000 	/System/Library/PrivateFrameworks/CoreCDP.framework/Versions/A/CoreCDP
0x00000001babc5000 	/System/Library/PrivateFrameworks/AskPermission.framework/Versions/A/AskPermission
0x00000001cd65c000 	/System/Library/Frameworks/Quartz.framework/Versions/A/Quartz
0x00000001da09b000 	/System/Library/PrivateFrameworks/CloudPhotoServicesConfiguration.framework/Versions/A/CloudPhotoServicesConfiguration
0x00000001cbd66000 	/System/Library/PrivateFrameworks/CommerceKit.framework/Versions/A/CommerceKit
0x00000001db996000 	/System/Library/PrivateFrameworks/FindMyMac.framework/Versions/A/FindMyMac
0x00000001db869000 	/System/Library/Frameworks/PreferencePanes.framework/Versions/A/PreferencePanes
0x00000001cf016000 	/System/Library/Frameworks/AddressBook.framework/Versions/A/AddressBook
0x00000001b9aad000 	/System/Library/PrivateFrameworks/AOSAccounts.framework/Versions/A/AOSAccounts
0x00000001b3d02000 	/System/Library/PrivateFrameworks/AppleSRP.framework/Versions/A/AppleSRP
0x00000001c8081000 	/System/Library/Frameworks/SafariServices.framework/Versions/A/SafariServices
0x00000001b8586000 	/System/Library/PrivateFrameworks/NetFSServer.framework/Versions/A/NetFSServer
0x00000001cab13000 	/System/Library/Frameworks/PDFKit.framework/Versions/A/PDFKit
0x0000000248015000 	/System/Library/Frameworks/TabularData.framework/Versions/A/TabularData
0x0000000297355000 	/usr/lib/swift/libswiftPassKit.dylib
0x00000001edc80000 	/System/Library/Frameworks/PassKit.framework/Versions/A/PassKit
0x00000001bc246000 	/System/Library/PrivateFrameworks/PassKitCore.framework/Versions/A/PassKitCore
0x0000000274120000 	/System/Library/PrivateFrameworks/PassKitMacHelperTemp.framework/Versions/A/PassKitMacHelperTemp
0x0000000295d24000 	/usr/lib/libAppleSSE.dylib
0x00000001c81b7000 	/System/Library/PrivateFrameworks/BiometricKit.framework/Versions/A/BiometricKit
0x0000000279b7a000 	/System/Library/PrivateFrameworks/SEService.framework/Versions/A/SEService
0x0000000241f41000 	/System/Library/Frameworks/FinanceKit.framework/Versions/A/FinanceKit
0x00000001cd70b000 	/System/Library/PrivateFrameworks/NearField.framework/Versions/A/NearField
0x0000000296123000 	/usr/lib/libSESShared.dylib
0x0000000279de2000 	/System/Library/PrivateFrameworks/STSXPCHelperClient.framework/Versions/A/STSXPCHelperClient
0x00000001cf422000 	/usr/lib/libnfshared.dylib
0x00000001f09b0000 	/System/Library/PrivateFrameworks/PassKitUIFoundation.framework/Versions/A/PassKitUIFoundation
0x00000001b3635000 	/System/Library/Frameworks/MapKit.framework/Versions/A/MapKit
0x0000000263537000 	/System/Library/PrivateFrameworks/GeoAnalytics.framework/Versions/A/GeoAnalytics
0x00000001cf450000 	/System/Library/PrivateFrameworks/Navigation.framework/Versions/A/Navigation
0x00000001d90e3000 	/System/Library/PrivateFrameworks/VectorKit.framework/Versions/A/VectorKit
0x00000001c06ad000 	/System/Library/PrivateFrameworks/VirtualGarage.framework/Versions/A/VirtualGarage
0x00000001b38f1000 	/System/Library/PrivateFrameworks/IOPlatformPluginFamily.framework/Versions/A/IOPlatformPluginFamily
0x000000024ed42000 	/System/Library/PrivateFrameworks/AvatarKit.framework/Versions/A/AvatarKit
0x000000024ee01000 	/System/Library/PrivateFrameworks/AvatarPersistence.framework/Versions/A/AvatarPersistence
0x000000024839c000 	/System/Library/Frameworks/TipKit.framework/Versions/A/TipKit
0x00000001bbd4a000 	/System/Library/PrivateFrameworks/IMSharedUtilities.framework/Versions/A/IMSharedUtilities
0x00000002972f4000 	/usr/lib/swift/libswiftAppleArchive.dylib
0x000000028a9e3000 	/System/Library/PrivateFrameworks/VFX.framework/Versions/A/VFX
0x00000001eb886000 	/System/Library/PrivateFrameworks/AppleCVA.framework/Versions/A/AppleCVA
0x000000024ee00000 	/System/Library/PrivateFrameworks/AvatarKitContent.framework/Versions/A/AvatarKitContent
0x0000000243e56000 	/System/Library/Frameworks/MetalFX.framework/Versions/A/MetalFX
0x0000000252374000 	/System/Library/PrivateFrameworks/CompositorNonUI.framework/Versions/A/CompositorNonUI
0x00000002402c7000 	/System/Library/Frameworks/ARKit.framework/Versions/A/ARKit
0x000000024aa8d000 	/System/Library/PrivateFrameworks/ARKitCore.framework/Versions/A/ARKitCore
0x0000000295e1e000 	/usr/lib/libDisplayWarpSupport.dylib
0x0000000253ac2000 	/System/Library/PrivateFrameworks/CoreComposite.framework/Versions/A/CoreComposite
0x0000000296257000 	/usr/lib/libchannel.dylib
0x0000000296f51000 	/usr/lib/librealtime_safety.dylib
0x000000024ab1a000 	/System/Library/PrivateFrameworks/ARKitFoundation.framework/Versions/A/ARKitFoundation
0x000000024d112000 	/System/Library/PrivateFrameworks/AppleDepth.framework/Versions/A/AppleDepth
0x000000024d288000 	/System/Library/PrivateFrameworks/AppleDepthCore.framework/Versions/A/AppleDepthCore
0x00000001b3a2a000 	/System/Library/PrivateFrameworks/CoreAppleCVA.framework/Versions/A/CoreAppleCVA
0x00000001c07db000 	/System/Library/PrivateFrameworks/ContactsUICore.framework/Versions/A/ContactsUICore
0x00000001c7fed000 	/System/Library/PrivateFrameworks/ContactsDonation.framework/Versions/A/ContactsDonation
0x00000001c78a4000 	/System/Library/PrivateFrameworks/DataDetectors.framework/Versions/A/DataDetectors
0x00000001ba1fa000 	/System/Library/Frameworks/MediaLibrary.framework/Versions/A/MediaLibrary
0x00000001b4922000 	/System/Library/PrivateFrameworks/PersonaKit.framework/Versions/A/PersonaKit
0x00000001c07c9000 	/System/Library/PrivateFrameworks/PersonaUI.framework/Versions/A/PersonaUI
0x00000001db28b000 	/System/Library/PrivateFrameworks/Transparency.framework/Versions/A/Transparency
0x000000025a2c0000 	/System/Library/PrivateFrameworks/FindMyLocate.framework/Versions/A/FindMyLocate
0x00000001c98ae000 	/System/Library/PrivateFrameworks/IntlPreferences.framework/Versions/A/IntlPreferences
0x000000025a199000 	/System/Library/PrivateFrameworks/FindMyCommon.framework/Versions/A/FindMyCommon
0x0000000259f89000 	/System/Library/PrivateFrameworks/FindMyBase.framework/Versions/A/FindMyBase
0x00000002456f3000 	/System/Library/Frameworks/NearbyInteraction.framework/Versions/A/NearbyInteraction
0x00000001b4543000 	/System/Library/PrivateFrameworks/AddressBookCore.framework/Versions/A/AddressBookCore
0x00000001cf1ad000 	/System/Library/PrivateFrameworks/ToneKit.framework/Versions/A/ToneKit
0x00000001c98f5000 	/System/Library/PrivateFrameworks/ToneLibrary.framework/Versions/A/ToneLibrary
0x0000000252679000 	/System/Library/PrivateFrameworks/ContactsAccounts.framework/Versions/A/ContactsAccounts
0x00000001cd577000 	/System/Library/PrivateFrameworks/Lookup.framework/Versions/A/Lookup
0x0000000245fd8000 	/System/Library/Frameworks/QuickLookUI.framework/Versions/A/QuickLookUI
0x00000002469ed000 	/System/Library/Frameworks/ScreenCaptureKit.framework/Versions/A/ScreenCaptureKit
0x00000001ca627000 	/System/Library/Frameworks/Quartz.framework/Versions/A/Frameworks/QuartzComposer.framework/Versions/A/QuartzComposer
0x00000001c9885000 	/System/Library/Frameworks/Quartz.framework/Versions/A/Frameworks/QuartzFilters.framework/Versions/A/QuartzFilters
0x00000001c8931000 	/System/Library/Frameworks/Quartz.framework/Versions/A/Frameworks/ImageKit.framework/Versions/A/ImageKit
0x00000002400d4000 	/System/Library/Frameworks/OpenCL.framework/Versions/A/OpenCL
0x00000001c6e44000 	/System/Library/PrivateFrameworks/CorePDF.framework/Versions/A/CorePDF
0x00000001b15ec000 	/System/Library/Frameworks/QuickLook.framework/Versions/A/QuickLook
0x00000001bc137000 	/System/Library/PrivateFrameworks/DisplayServices.framework/Versions/A/DisplayServices
0x00000001c980a000 	/System/Library/Frameworks/ImageCaptureCore.framework/Versions/A/ImageCaptureCore
0x000000028c9ef000 	/System/Library/PrivateFrameworks/VisionKitCore.framework/Versions/A/VisionKitCore
0x00000001c4f54000 	/System/Library/PrivateFrameworks/QuickLookSupport.framework/Versions/A/QuickLookSupport
0x000000026e386000 	/System/Library/PrivateFrameworks/MediaAnalysisServices.framework/Versions/A/MediaAnalysisServices
0x00000001cc562000 	/System/Library/PrivateFrameworks/PhotoLibraryServices.framework/Versions/A/PhotoLibraryServices
0x00000001c9422000 	/System/Library/Frameworks/Photos.framework/Versions/A/Photos
0x00000001ddc0f000 	/System/Library/PrivateFrameworks/PhotosFormats.framework/Versions/A/PhotosFormats
0x00000001da0c6000 	/System/Library/PrivateFrameworks/CloudPhotoLibrary.framework/Versions/A/CloudPhotoLibrary
0x00000001e349e000 	/System/Library/PrivateFrameworks/CloudPhotoServices.framework/Versions/A/CloudPhotoServices
0x00000001dfa3c000 	/System/Library/PrivateFrameworks/CoreMediaStream.framework/Versions/A/CoreMediaStream
0x00000001b4fe3000 	/System/Library/PrivateFrameworks/CPAnalytics.framework/Versions/A/CPAnalytics
0x00000001dbf8f000 	/System/Library/PrivateFrameworks/MediaConversionService.framework/Versions/A/MediaConversionService
0x00000001bbd36000 	/System/Library/PrivateFrameworks/PhotoFoundation.framework/Versions/A/PhotoFoundation
0x000000027593b000 	/System/Library/PrivateFrameworks/PhotoLibraryServicesCore.framework/Versions/A/PhotoLibraryServicesCore
0x00000001d5d5b000 	/System/Library/PrivateFrameworks/MMCS.framework/Versions/A/MMCS
0x00000001ba053000 	/System/Library/PrivateFrameworks/ChunkingLibrary.framework/Versions/A/ChunkingLibrary
0x00000001b3ccf000 	/System/Library/PrivateFrameworks/AssetCacheServices.framework/Versions/A/AssetCacheServices
0x00000001b5c97000 	/System/Library/PrivateFrameworks/AVFoundationCF.framework/Versions/A/AVFoundationCF
0x00000001f39a3000 	/usr/lib/swift/libswiftDemangle.dylib
0x00000002666c3000 	/System/Library/PrivateFrameworks/ImageCaptureDevices.framework/Versions/A/ImageCaptureDevices
0x00000001c7b61000 	/System/Library/PrivateFrameworks/MediaStream.framework/Versions/A/MediaStream
0x00000001dc431000 	/System/Library/PrivateFrameworks/NeutrinoCore.framework/Versions/A/NeutrinoCore
0x00000001a3620000 	/System/Library/PrivateFrameworks/NLP.framework/Versions/A/NLP
0x00000001e2231000 	/System/Library/PrivateFrameworks/PhotoImaging.framework/Versions/A/PhotoImaging
0x00000001e345f000 	/System/Library/PrivateFrameworks/PhotosImagingFoundation.framework/Versions/A/PhotosImagingFoundation
0x00000002764e7000 	/System/Library/PrivateFrameworks/PhotosIntelligenceCore.framework/Versions/A/PhotosIntelligenceCore
0x00000001b60d2000 	/System/Library/PrivateFrameworks/EmbeddedAcousticRecognition.framework/Versions/A/EmbeddedAcousticRecognition
0x00000001d13b0000 	/System/Library/PrivateFrameworks/EmojiFoundation.framework/Versions/A/EmojiFoundation
0x00000001da33f000 	/System/Library/PrivateFrameworks/SDAPI.framework/Versions/A/SDAPI
0x00000001e34ad000 	/System/Library/PrivateFrameworks/AutoLoop.framework/Versions/A/AutoLoop
0x00000002770c4000 	/System/Library/PrivateFrameworks/Portrait.framework/Versions/A/Portrait
0x000000025a950000 	/System/Library/PrivateFrameworks/FusionTracker.framework/Versions/A/FusionTracker
0x00000001ca0c1000 	/System/Library/PrivateFrameworks/iTunesCloud.framework/Versions/A/iTunesCloud
0x00000001d32a0000 	/System/Library/PrivateFrameworks/DAAPKit.framework/Versions/A/DAAPKit
0x00000001c52d0000 	/System/Library/PrivateFrameworks/DeviceManagement.framework/Versions/A/DeviceManagement
0x00000001e94a3000 	/System/Library/PrivateFrameworks/ScreenTimeUI.framework/Versions/A/ScreenTimeUI
0x00000001c789e000 	/System/Library/PrivateFrameworks/QuickLookNonBaseSystem.framework/Versions/A/QuickLookNonBaseSystem
0x00000001c80c3000 	/System/Library/PrivateFrameworks/Catalyst.framework/Versions/A/Catalyst
0x00000001c9aa7000 	/System/Library/PrivateFrameworks/ScreenTimeCore.framework/Versions/A/ScreenTimeCore
0x00000001dd0bf000 	/System/Library/PrivateFrameworks/ScreenTimeServiceUI.framework/Versions/A/ScreenTimeServiceUI
0x00000001d5eeb000 	/System/Library/PrivateFrameworks/ConfigurationEngineModel.framework/Versions/A/ConfigurationEngineModel
0x00000001d909c000 	/System/Library/PrivateFrameworks/UsageTracking.framework/Versions/A/UsageTracking
0x0000000241bd4000 	/System/Library/Frameworks/DeviceActivity.framework/Versions/A/DeviceActivity
0x00000001d906c000 	/System/Library/PrivateFrameworks/KnowledgeMonitor.framework/Versions/A/KnowledgeMonitor
0x00000001f0956000 	/System/Library/PrivateFrameworks/BluetoothManager.framework/Versions/A/BluetoothManager
0x00000002431db000 	/System/Library/Frameworks/ManagedSettings.framework/Versions/A/ManagedSettings
0x000000026dae6000 	/System/Library/PrivateFrameworks/ManagedSettingsSupport.framework/Versions/A/ManagedSettingsSupport
0x00000001bd0f6000 	/System/Library/PrivateFrameworks/MarkupUI.framework/Versions/A/MarkupUI
0x00000001c7876000 	/System/Library/PrivateFrameworks/SidecarCore.framework/Versions/A/SidecarCore
0x00000001ca4dc000 	/System/Library/PrivateFrameworks/AnnotationKit.framework/Versions/A/AnnotationKit
0x00000001c8b76000 	/System/Library/Frameworks/PencilKit.framework/Versions/A/PencilKit
0x00000001c8d3b000 	/System/Library/PrivateFrameworks/SidecarUI.framework/Versions/A/SidecarUI
0x00000001c84d3000 	/System/Library/PrivateFrameworks/CoreHandwriting.framework/Versions/A/CoreHandwriting
0x000000019d1f7000 	/usr/lib/libmecabra.dylib
0x00000001c0d9a000 	/System/Library/PrivateFrameworks/Calculate.framework/Versions/A/Calculate
0x00000001acced000 	/usr/lib/libChineseTokenizer.dylib
0x00000001feda2000 	/System/Library/PrivateFrameworks/ScreenReaderCore.framework/Versions/A/ScreenReaderCore
0x000000028421b000 	/System/Library/PrivateFrameworks/StocksKit.framework/Versions/A/StocksKit
0x00000001bfd97000 	/System/Library/PrivateFrameworks/OAuth.framework/Versions/A/OAuth
0x0000000283f0c000 	/System/Library/PrivateFrameworks/StocksCore.framework/Versions/A/StocksCore
0x00000002854eb000 	/System/Library/PrivateFrameworks/TeaFoundation.framework/Versions/A/TeaFoundation
0x00000002856cd000 	/System/Library/PrivateFrameworks/TeaSettings.framework/Versions/A/TeaSettings
0x00000001f506b000 	/System/Library/PrivateFrameworks/NewsCore.framework/Versions/A/NewsCore
0x0000000285487000 	/System/Library/PrivateFrameworks/TeaDB.framework/Versions/A/TeaDB
0x00000001f1a6a000 	/System/Library/PrivateFrameworks/RemoteConfiguration.framework/Versions/A/RemoteConfiguration
0x00000001f4c76000 	/System/Library/PrivateFrameworks/NewsTransport.framework/Versions/A/NewsTransport
0x00000001f505b000 	/System/Library/PrivateFrameworks/NewsFoundation.framework/Versions/A/NewsFoundation
0x0000000271e14000 	/System/Library/PrivateFrameworks/NewsURLBucket.framework/Versions/A/NewsURLBucket
0x00000001cc15b000 	/System/Library/PrivateFrameworks/MobileInstallation.framework/Versions/A/MobileInstallation
0x0000000248509000 	/System/Library/Frameworks/Translation.framework/Versions/A/Translation
0x00000001e4eaf000 	/System/Library/PrivateFrameworks/RevealCore.framework/Versions/A/RevealCore
0x00000001e4ea3000 	/System/Library/PrivateFrameworks/Reveal.framework/Versions/A/Reveal
0x00000001dcd89000 	/System/Library/Frameworks/Speech.framework/Versions/A/Speech
0x000000024996d000 	/System/Library/PrivateFrameworks/AIMLExperimentationAnalytics.framework/Versions/A/AIMLExperimentationAnalytics
0x000000024bccb000 	/System/Library/PrivateFrameworks/AlgorithmsInternal.framework/Versions/A/AlgorithmsInternal
0x0000000288d1f000 	/System/Library/PrivateFrameworks/TranslationUIServices.framework/Versions/A/TranslationUIServices
0x0000000287c0b000 	/System/Library/PrivateFrameworks/TipKitCore.framework/Versions/A/TipKitCore
0x00000001d1434000 	/System/Library/PrivateFrameworks/CoreCDPInternal.framework/Versions/A/CoreCDPInternal
0x0000000266e9f000 	/System/Library/PrivateFrameworks/InputAnalytics.framework/Versions/A/InputAnalytics
0x00000001d6ecd000 	/System/Library/Frameworks/InstantMessage.framework/Versions/A/InstantMessage
0x00000001cef24000 	/System/Library/PrivateFrameworks/IDSKVStore.framework/Versions/A/IDSKVStore
0x00000001cec03000 	/System/Library/PrivateFrameworks/IMDPersistence.framework/Versions/A/IMDPersistence
0x000000028a8d9000 	/System/Library/PrivateFrameworks/UserSafety.framework/Versions/A/UserSafety
0x00000001efb64000 	/System/Library/PrivateFrameworks/BlastDoor.framework/Versions/A/BlastDoor
0x000000026b33e000 	/System/Library/PrivateFrameworks/LinkPresentationStyleSheetParsing.framework/Versions/A/LinkPresentationStyleSheetParsing
0x0000000277275000 	/System/Library/PrivateFrameworks/PosterFoundation.framework/Versions/A/PosterFoundation
0x0000000277303000 	/System/Library/PrivateFrameworks/PosterModel.framework/Versions/A/PosterModel
0x00000002772de000 	/System/Library/PrivateFrameworks/PosterFuturesKit.framework/Versions/A/PosterFuturesKit
0x0000000259d80000 	/System/Library/PrivateFrameworks/FeedbackService.framework/Versions/A/FeedbackService
0x00000001c7f44000 	/System/Library/PrivateFrameworks/CoreSDB.framework/Versions/A/CoreSDB
0x000000024e4e6000 	/System/Library/PrivateFrameworks/AskToCore.framework/Versions/A/AskToCore
0x00000001e9cda000 	/System/Library/PrivateFrameworks/MachineSettings.framework/Versions/A/MachineSettings
0x00000001db7eb000 	/System/Library/PrivateFrameworks/BezelServices.framework/Versions/A/BezelServices
0x00000001d332c000 	/System/Library/PrivateFrameworks/SPOwner.framework/Versions/A/SPOwner
0x00000001cbdcb000 	/System/Library/PrivateFrameworks/FMCore.framework/Versions/A/FMCore
0x00000001cb5c5000 	/System/Library/PrivateFrameworks/AppleMediaServicesUI.framework/Versions/A/AppleMediaServicesUI
0x00000002911da000 	/System/Library/PrivateFrameworks/iCloudQuota.framework/Versions/A/iCloudQuota
0x00000001c0746000 	/System/Library/PrivateFrameworks/CoreRecognition.framework/Versions/A/CoreRecognition
0x00000001db8a1000 	/System/Library/PrivateFrameworks/InAppMessages.framework/Versions/A/InAppMessages
0x00000001fd993000 	/System/Library/PrivateFrameworks/JetUI.framework/Versions/A/JetUI
0x000000026a61f000 	/System/Library/PrivateFrameworks/JetPack.framework/Versions/A/JetPack
0x00000001db898000 	/System/Library/PrivateFrameworks/InAppMessagesCore.framework/Versions/A/InAppMessagesCore
0x00000002905a5000 	/System/Library/PrivateFrameworks/_JetEngine_SwiftUI.framework/Versions/A/_JetEngine_SwiftUI
0x0000000284fa4000 	/System/Library/PrivateFrameworks/Synapse.framework/Versions/A/Synapse
0x0000000250688000 	/System/Library/PrivateFrameworks/CSExattrCrypto.framework/Versions/A/CSExattrCrypto
0x00000001cd260000 	/System/Library/PrivateFrameworks/StoreFoundation.framework/Versions/A/StoreFoundation
0x00000001cbdc5000 	/System/Library/PrivateFrameworks/ServerInformation.framework/Versions/A/ServerInformation
0x00000001cb7fb000 	/System/Library/PrivateFrameworks/Install.framework/Frameworks/DistributionKit.framework/Versions/A/DistributionKit
0x00000001c4d28000 	/System/Library/PrivateFrameworks/PackageKit.framework/Versions/A/PackageKit
0x00000001cb81e000 	/System/Library/PrivateFrameworks/OSPersonalization.framework/Versions/A/OSPersonalization
0x00000001cd7ea000 	/System/Library/PrivateFrameworks/BridgeOSSoftwareUpdate.framework/Versions/A/BridgeOSSoftwareUpdate
0x00000001c83db000 	/System/Library/PrivateFrameworks/StorageManagement.framework/Versions/A/StorageManagement
0x00000001dcc0f000 	/usr/lib/libauthinstall.dylib
0x00000001cd7f3000 	/System/Library/PrivateFrameworks/InstallerDiagnostics.framework/Versions/A/InstallerDiagnostics
0x00000001dd28b000 	/usr/lib/libcrypto.42.dylib
0x000000029785b000 	/usr/lib/updaters/libAppleTconUARPUpdater.dylib
0x000000029797e000 	/usr/lib/updaters/libT200Updater.dylib
0x00000001cd7d8000 	/System/Library/PrivateFrameworks/GPUInfo.framework/Versions/A/GPUInfo
0x00000001db99c000 	/System/Library/PrivateFrameworks/MobileActivationMacOS.framework/Versions/A/MobileActivationMacOS
0x00000001bfcd9000 	/System/Library/PrivateFrameworks/AccountsDaemon.framework/Versions/A/AccountsDaemon
0x0000000263469000 	/System/Library/PrivateFrameworks/GenerativePartnerService.framework/Versions/A/GenerativePartnerService
0x00000001afd42000 	/System/Library/PrivateFrameworks/CacheDelete.framework/Versions/A/CacheDelete
0x00000001b86aa000 	/System/Library/Frameworks/QuickLookThumbnailing.framework/Versions/A/QuickLookThumbnailing
0x00000001cd837000 	/System/Library/PrivateFrameworks/AOSKit.framework/Versions/A/AOSKit
0x00000001ace1e000 	/System/Library/PrivateFrameworks/AppSSOCore.framework/Versions/A/AppSSOCore
0x000000024ee9a000 	/System/Library/PrivateFrameworks/BackgroundSystemTasks.framework/Versions/A/BackgroundSystemTasks
0x00000001b85c0000 	/System/Library/PrivateFrameworks/DuetActivityScheduler.framework/Versions/A/DuetActivityScheduler
0x00000001d9ff5000 	/System/Library/PrivateFrameworks/NetworkServiceProxy.framework/Versions/A/NetworkServiceProxy
0x00000001b3963000 	/usr/lib/libnetworkextension.dylib
0x00000001b0776000 	/System/Library/Frameworks/NetworkExtension.framework/Versions/A/NetworkExtension
0x00000001b6d87000 	/System/Library/PrivateFrameworks/CoreDuetContext.framework/Versions/A/CoreDuetContext
0x00000001a1c7b000 	/System/Library/PrivateFrameworks/CoreDuet.framework/Versions/A/CoreDuet
0x00000001bba90000 	/System/Library/PrivateFrameworks/AssistantServices.framework/Versions/A/AssistantServices
0x00000001b5ddb000 	/System/Library/PrivateFrameworks/SAObjects.framework/Versions/A/SAObjects
0x00000001bb68b000 	/System/Library/PrivateFrameworks/MediaRemote.framework/Versions/A/MediaRemote
0x00000001cdd2b000 	/System/Library/PrivateFrameworks/SiriInstrumentation.framework/Versions/A/SiriInstrumentation
0x000000027bc8c000 	/System/Library/PrivateFrameworks/SiriAnalytics.framework/Versions/A/SiriAnalytics
0x0000000281b2e000 	/System/Library/PrivateFrameworks/SiriTTSService.framework/Versions/A/SiriTTSService
0x000000027c5c8000 	/System/Library/PrivateFrameworks/SiriCrossDeviceArbitration.framework/Versions/A/SiriCrossDeviceArbitration
0x00000001cb597000 	/System/Library/PrivateFrameworks/FeedbackLogger.framework/Versions/A/FeedbackLogger
0x000000025992d000 	/System/Library/PrivateFrameworks/FaceTimeNameUtility.framework/Versions/A/FaceTimeNameUtility
0x000000027c61c000 	/System/Library/PrivateFrameworks/SiriCrossDeviceArbitrationFeedback.framework/Versions/A/SiriCrossDeviceArbitrationFeedback
0x0000000263325000 	/System/Library/PrivateFrameworks/GenerativeModels.framework/Versions/A/GenerativeModels
0x00000001c0559000 	/System/Library/PrivateFrameworks/MediaServices.framework/Versions/A/MediaServices
0x00000001ad267000 	/System/Library/PrivateFrameworks/PersistentConnection.framework/Versions/A/PersistentConnection
0x0000000283341000 	/System/Library/PrivateFrameworks/SonicFoundation.framework/Versions/A/SonicFoundation
0x0000000258191000 	/System/Library/PrivateFrameworks/Dendrite.framework/Versions/A/Dendrite
0x00000001cfbeb000 	/usr/lib/libtailspin.dylib
0x00000001e35bd000 	/System/Library/PrivateFrameworks/Osprey.framework/Versions/A/Osprey
0x0000000281189000 	/System/Library/PrivateFrameworks/SiriTTS.framework/Versions/A/SiriTTS
0x00000001c800a000 	/System/Library/Frameworks/NaturalLanguage.framework/Versions/A/NaturalLanguage
0x000000027ff6f000 	/System/Library/PrivateFrameworks/SiriPowerInstrumentation.framework/Versions/A/SiriPowerInstrumentation
0x00000001c8ecb000 	/System/Library/PrivateFrameworks/Trial.framework/Versions/A/Trial
0x00000001c8e4d000 	/System/Library/PrivateFrameworks/TrialProto.framework/Versions/A/TrialProto
0x0000000289fc6000 	/System/Library/PrivateFrameworks/UnifiedAssetFramework.framework/Versions/A/UnifiedAssetFramework
0x00000001e55e3000 	/usr/lib/swift/libswiftAVFoundation.dylib
0x00000001f5a09000 	/usr/lib/swift/libswiftNaturalLanguage.dylib
0x0000000285485000 	/System/Library/PrivateFrameworks/TailspinSymbolication.framework/Versions/A/TailspinSymbolication
0x0000000257dd0000 	/System/Library/PrivateFrameworks/Darwinup.framework/Versions/A/Darwinup
0x00000001dbfca000 	/System/Library/PrivateFrameworks/SignpostSupport.framework/Versions/A/SignpostSupport
0x00000001db6fd000 	/System/Library/PrivateFrameworks/ktrace.framework/Versions/A/ktrace
0x00000001dc1f9000 	/System/Library/PrivateFrameworks/SampleAnalysis.framework/Versions/A/SampleAnalysis
0x00000001e4e7d000 	/System/Library/PrivateFrameworks/kperfdata.framework/Versions/A/kperfdata
0x00000001b172d000 	/usr/lib/libdscsym.dylib
0x00000001e5339000 	/System/Library/PrivateFrameworks/BulkSymbolication.framework/Versions/A/BulkSymbolication
0x00000001a684d000 	/System/Library/Frameworks/CoreML.framework/Versions/A/CoreML
0x00000001aac2f000 	/System/Library/Frameworks/MLCompute.framework/Versions/A/MLCompute
0x000000026bf26000 	/System/Library/PrivateFrameworks/MLAssetIO.framework/Versions/A/MLAssetIO
0x0000000297333000 	/usr/lib/swift/libswiftMLCompute.dylib
0x000000019e473000 	/System/Library/PrivateFrameworks/LanguageModeling.framework/Versions/A/LanguageModeling
0x00000001a3427000 	/System/Library/PrivateFrameworks/Montreal.framework/Versions/A/Montreal
0x00000001ab69a000 	/usr/lib/libcmph.dylib
0x00000002633fe000 	/System/Library/PrivateFrameworks/GenerativeModelsFoundation.framework/Versions/A/GenerativeModelsFoundation
0x0000000287f73000 	/System/Library/PrivateFrameworks/TokenGeneration.framework/Versions/A/TokenGeneration
0x00000002631e1000 	/System/Library/PrivateFrameworks/GenerativeFunctions.framework/Versions/A/GenerativeFunctions
0x000000026322d000 	/System/Library/PrivateFrameworks/GenerativeFunctionsFoundation.framework/Versions/A/GenerativeFunctionsFoundation
0x000000026f74c000 	/System/Library/PrivateFrameworks/ModelCatalog.framework/Versions/A/ModelCatalog
0x000000027b139000 	/System/Library/PrivateFrameworks/SensitiveContentAnalysisML.framework/Versions/A/SensitiveContentAnalysisML
0x00000002632c2000 	/System/Library/PrivateFrameworks/GenerativeFunctionsInstrumentation.framework/Versions/A/GenerativeFunctionsInstrumentation
0x0000000278387000 	/System/Library/PrivateFrameworks/PromptKit.framework/Versions/A/PromptKit
0x0000000277e64000 	/System/Library/PrivateFrameworks/ProactiveDaemonSupport.framework/Versions/A/ProactiveDaemonSupport
0x000000026fb2e000 	/System/Library/PrivateFrameworks/ModelManagerServices.framework/Versions/A/ModelManagerServices
0x00000002881c1000 	/System/Library/PrivateFrameworks/TokenGenerationCore.framework/Versions/A/TokenGenerationCore
0x000000024d70a000 	/System/Library/PrivateFrameworks/AppleIntelligenceReporting.framework/Versions/A/AppleIntelligenceReporting
0x000000024d372000 	/System/Library/PrivateFrameworks/AppleFlatBuffers.framework/Versions/A/AppleFlatBuffers
0x000000027b372000 	/System/Library/PrivateFrameworks/SentencePieceInternal.framework/Versions/A/SentencePieceInternal
0x00000001b3d47000 	/System/Library/Frameworks/Vision.framework/Versions/A/Vision
0x00000002577a8000 	/System/Library/PrivateFrameworks/CoreSceneUnderstanding.framework/Versions/A/CoreSceneUnderstanding
0x000000028c9a3000 	/System/Library/PrivateFrameworks/VisionCore.framework/Versions/A/VisionCore
0x00000001d150c000 	/System/Library/Frameworks/Vision.framework/libfaceCore.dylib
0x00000001d202f000 	/System/Library/PrivateFrameworks/Futhark.framework/Versions/A/Futhark
0x00000001d5e07000 	/System/Library/PrivateFrameworks/InertiaCam.framework/Versions/A/InertiaCam
0x00000001d1db7000 	/System/Library/PrivateFrameworks/TextRecognition.framework/Versions/A/TextRecognition
0x00000001ace3f000 	/System/Library/PrivateFrameworks/CVNLP.framework/Versions/A/CVNLP
0x00000001a6357000 	/System/Library/Frameworks/CloudKit.framework/Versions/A/CloudKit
0x00000001b9750000 	/System/Library/PrivateFrameworks/CoreDuetDaemonProtocol.framework/Versions/A/CoreDuetDaemonProtocol
0x0000000246c04000 	/System/Library/Frameworks/SharedWithYouCore.framework/Versions/A/SharedWithYouCore
0x0000000251b46000 	/System/Library/PrivateFrameworks/CloudTelemetry.framework/Versions/A/CloudTelemetry
0x00000001b864f000 	/System/Library/PrivateFrameworks/C2.framework/Versions/A/C2
0x00000002517b8000 	/System/Library/PrivateFrameworks/CloudCoreInternal.framework/Versions/A/CloudCoreInternal
0x000000025155d000 	/System/Library/PrivateFrameworks/CloudAsset.framework/Versions/A/CloudAsset
0x00000001b8646000 	/System/Library/Frameworks/PushKit.framework/Versions/A/PushKit
0x0000000251b66000 	/System/Library/PrivateFrameworks/CloudTelemetryTools.framework/Versions/A/CloudTelemetryTools
0x00000001ba540000 	/System/Library/PrivateFrameworks/RTCReporting.framework/Versions/A/RTCReporting
0x00000001cd10b000 	/System/Library/PrivateFrameworks/CaptiveNetwork.framework/Versions/A/CaptiveNetwork
0x00000001b7b1f000 	/System/Library/PrivateFrameworks/EAP8021X.framework/Versions/A/EAP8021X
0x00000001c749e000 	/System/Library/PrivateFrameworks/FindMyDevice.framework/Versions/A/FindMyDevice
0x00000001bc226000 	/System/Library/PrivateFrameworks/FMCoreLite.framework/Versions/A/FMCoreLite
0x00000001dc1c2000 	/System/Library/PrivateFrameworks/UIKitServices.framework/Versions/A/UIKitServices
0x000000013c590000 	/System/Library/Extensions/AGXMetalG14G.bundle/Contents/MacOS/AGXMetalG14G
0x00000001c03fa000 	/System/Library/PrivateFrameworks/IOGPU.framework/Versions/A/IOGPU
0x0000000127fd8000 	/Users/mattias800/.gradle/jdks/jetbrains_s_r_o_-21-aarch64-os_x.2/jbrsdk_jcef-21.0.10-osx-aarch64-b1163.108/Contents/Home/lib/libosx.dylib
0x000000013cfd0000 	/Users/mattias800/.skiko/384a41e7bf8dcab7fe3ef7dfb14a2adf281ce448c1f711cac5e69a7b97ae2f4a/libskiko-macos-arm64.dylib
0x000000012cdb8000 	/Users/mattias800/.gradle/jdks/jetbrains_s_r_o_-21-aarch64-os_x.2/jbrsdk_jcef-21.0.10-osx-aarch64-b1163.108/Contents/Home/lib/libosxui.dylib
0x000000028393b000 	/System/Library/PrivateFrameworks/SpotlightKnowledge.framework/Versions/A/SpotlightKnowledge
0x0000000258f5c000 	/System/Library/PrivateFrameworks/DocumentUnderstandingClient.framework/Versions/A/DocumentUnderstandingClient
0x0000000283922000 	/System/Library/PrivateFrameworks/SpotlightEmbedding.framework/Versions/A/SpotlightEmbedding
0x00000001a1c1e000 	/System/Library/PrivateFrameworks/SpotlightLinguistics.framework/Versions/A/SpotlightLinguistics
0x0000000283aef000 	/System/Library/PrivateFrameworks/SpotlightResources.framework/Versions/A/SpotlightResources
0x00000001b9b07000 	/System/Library/PrivateFrameworks/SpotlightIndex.framework/Versions/A/SpotlightIndex
0x00000001cd0cf000 	/System/Library/PrivateFrameworks/DataDeliveryServices.framework/Versions/A/DataDeliveryServices
0x00000002512d7000 	/System/Library/PrivateFrameworks/CipherML.framework/Versions/A/CipherML
0x00000002753ae000 	/System/Library/PrivateFrameworks/PegasusKit.framework/Versions/A/PegasusKit
0x00000002848be000 	/System/Library/PrivateFrameworks/SwiftSQLite.framework/Versions/A/SwiftSQLite
0x0000000285c96000 	/System/Library/PrivateFrameworks/TextInputUI.framework/Versions/A/TextInputUI
0x0000000285cca000 	/System/Library/PrivateFrameworks/TextInputUIMacHelper.framework/Versions/A/TextInputUIMacHelper
0x00000001d211e000 	/System/Library/PrivateFrameworks/SafariPlatformSupport.framework/Versions/A/SafariPlatformSupport

JVMTI agents:
/Users/mattias800/.gradle/caches/modules-2/files-2.1/org.jetbrains.compose.hot-reload/hot-reload-agent/1.0.0/b51a332b8899c060187ace065fef8c8eb62acfcc/hot-reload-agent-1.0.0.jar path:none, loaded, initialized, instrumentlib options:none


VM Arguments:
jvm_args: -Dcompose.reload.argfile=/Users/mattias800/repos/spela/player/desktop/build/run/desktopMain/desktopMain.argfile -Dcompose.reload.build.continuous=true -Dcompose.reload.build.warmup=false -Dcompose.reload.buildSystem=Gradle -Dcompose.reload.devToolsAnimationsEnabled=true -Dcompose.reload.devToolsClasspath=/Users/mattias800/.gradle/caches/modules-2/files-2.1/org.jetbrains.compose.hot-reload/hot-reload-devtools/1.0.0/8cf7f8a3e0c5ca40edcd31621bb2c54637dad97f/hot-reload-devtools-1.0.0.jar:/Users/mattias800/.gradle/caches/modules-2/files-2.1/org.jetbrains.compose.hot-reload/hot-reload-devtools-api/1.0.0/6f078e0689bb84d71ff62bdb898addec7b9e0c7d/hot-reload-devtools-api-1.0.0.jar:/Users/mattias800/.gradle/caches/modules-2/files-2.1/org.jetbrains.compose.hot-reload/hot-reload-orchestration/1.0.0/c84a13f251d2ba726bffe77f47f2a37fba14d3a/hot-reload-orchestration-1.0.0.jar:/Users/mattias800/.gradle/caches/modules-2/files-2.1/org.jetbrains.compose.hot-reload/hot-reload-core/1.0.0/b9e821084415adea5d981fb5a22a57ad94614fe1/hot-reload-core-1.0.0.jar:/Users/mattias800/.gradle/caches/modules-2/files-2.1/org.jetbrains.compose.hot-reload/hot-reload-runtime-api-jvm/1.0.0/b4c35542b0fe4f3743939f0e7a19739df369fa2e/hot-reload-runtime-api-jvm-1.0.0.jar:/Users/mattias800/.gradle/caches/modules-2/files-2.1/org.jetbrains.compose.desktop/desktop-jvm/1.9.0/760a7f1c3278719f2ab9fa443228956e64a7a18e/desktop-jvm-1.9.0.jar:/Users/mattias800/.gradle/caches/modules-2/files-2.1/org.jetbrains.compose.components/components-resources-desktop/1.9.0/263d44e856cb89a759959eec68dafae6d1931110/library-desktop-1.9.0.jar:/Users/mattias800/.gradle/caches/modules-2/files-2.1/io.sellmair/evas-compose-jvm/1.3.0/1214dcce9040d1b9f856b02b443cf8c2ebe1573a/evas-compose-jvm-1.3.0.jar:/Users/mattias800/.gradle/caches/modules-2/files-2.1/io.sellmair/evas-jvm/1.3.0/74c1f6c46502ffda615a698c02b3166fc7e9b2b2/evas-jvm-1.3.0.jar:/Users/mattias800/.gradle/caches/modules-2/files-2.1/org.jetbrains.skiko/skiko-awt-runtime-macos-arm64/0.9.22.2/6df83c721da1b3a84393fb13ed0cbe096da63dc3/skiko-awt-runtime-macos-arm64-0.9.22.2.jar:/Users/mattias800/.gradle/caches/modules-2/files-2.1/org.jetbrains.compose.material3/material3-desktop/1.8.2/1f1f838506ceb2c25499517559f120517770b014/material3-desktop-1.8.2.jar:/Use-Dcompose.reload.devToolsDetached=false -Dcompose.reload.devToolsEnabled=true -Dcompose.reload.devToolsHeadless=false -Dcompose.reload.devToolsTransparencyEnabled=true -Dcompose.reload.dirtyResolveDepthLimit=5 -Dcompose.reload.effectsEnabled=true -Dcompose.reload.isActive=true -Dcompose.reload.launchMode=GradleBlocking -Dcompose.reload.logLevel=Info -Dcompose.reload.logStdout=false -Dcompose.reload.mainClass=com.spela.player.desktop.MainKt -Dcompose.reload.pidFile=/Users/mattias800/repos/spela/player/desktop/build/run/desktopMain/desktopMain.pid -Dcompose.reload.virtualMethodResolveEnabled=true -Dgradle.build.project=:desktop -Dgradle.build.root=/Users/mattias800/repos/spela/player -Dgradle.build.task=hotReloadDesktopMain -Djava.library.path=/Users/mattias800/repos/spela/player/desktop/build/native -Dorg.gradle.java.home=/Users/mattias800/Library/Java/JavaVirtualMachines/ms-21.0.10/Contents/Home -XX:+IgnoreUnrecognizedVMOptions -XX:+AllowEnhancedClassRedefinition -javaagent:/Users/mattias800/.gradle/caches/modules-2/files-2.1/org.jetbrains.compose.hot-reload/hot-reload-agent/1.0.0/b51a332b8899c060187ace065fef8c8eb62acfcc/hot-reload-agent-1.0.0.jar -Dfile.encoding=UTF-8 -Duser.country=US -Duser.language=en -Duser.variant 
java_command: com.spela.player.desktop.MainKt
java_class_path (initial): /Users/mattias800/.gradle/caches/modules-2/files-2.1/org.jetbrains.compose.hot-reload/hot-reload-agent/1.0.0/b51a332b8899c060187ace065fef8c8eb62acfcc/hot-reload-agent-1.0.0.jar:/Users/mattias800/.gradle/caches/modules-2/files-2.1/org.jetbrains.compose.hot-reload/hot-reload-orchestration/1.0.0/c84a13f251d2ba726bffe77f47f2a37fba14d3a/hot-reload-orchestration-1.0.0.jar:/Users/mattias800/.gradle/caches/modules-2/files-2.1/org.jetbrains.compose.hot-reload/hot-reload-analysis/1.0.0/54ec8732857a55bd8a5308f3a7441543744eac73/hot-reload-analysis-1.0.0.jar:/Users/mattias800/.gradle/caches/modules-2/files-2.1/org.jetbrains.compose.hot-reload/hot-reload-core/1.0.0/b9e821084415adea5d981fb5a22a57ad94614fe1/hot-reload-core-1.0.0.jar:/Users/mattias800/.gradle/caches/modules-2/files-2.1/org.javassist/javassist/3.30.2-GA/284580b5e42dfa1b8267058566435d9e93fae7f7/javassist-3.30.2-GA.jar:/Users/mattias800/.gradle/caches/modules-2/files-2.1/org.ow2.asm/asm-tree/9.8/18419ca5b77a2f81097c741e7872e6ab8d2f40d/asm-tree-9.8.jar:/Users/mattias800/.gradle/caches/modules-2/files-2.1/org.ow2.asm/asm/9.8/dc19ecb3f7889b7860697215cae99c0f9b6f6b4b/asm-9.8.jar:/Users/mattias800/.gradle/caches/modules-2/files-2.1/org.jetbrains.compose.hot-reload/hot-reload-annotations-jvm/1.0.0/4c2dbc6fe7ff43481c1ef134b21219e0f76b66f9/hot-reload-annotations-jvm-1.0.0.jar:/Users/mattias800/repos/spela/player/desktop/build/run/desktopMain/classpath/hot:/Users/mattias800/repos/spela/player/desktop/build/run/desktopMain/classpath/classes:/Users/mattias800/repos/spela/player/desktop/build/run/desktopMain/classpath/libs/shared/7ac7hjm/shared-desktop.jar:/Users/mattias800/.gradle/caches/modules-2/files-2.1/org.jetbrains.compose.hot-reload/hot-reload-runtime-jvm/1.0.0/986aadbf87fda8525e55b3d675694795c51d407b/hot-reload-runtime-jvm-1.0.0.jar:/Users/mattias800/.gradle/caches/modules-2/files-2.1/org.jetbrains.compose.material3/material3-desktop/1.9.0/19004c4eb3dc6618eb66a076bbe3d7e1a2e7b85/material3-desktop-1.9.0.jar:/Users/mattias800/.gradle/caches/modules-2/files-2.1/org.jetbrains.compose.components/components-resources-desktop/1.10.1/c6115b607f77e9d033de360f989850d3824bf112/library-desktop-1.10.1.jar:/Users/mattias800/.gradle/caches/modules-2/files-2.1/org.jetbrains.compose.desktop/desktop-jvm/1.10.1/42facd9840309ac4eb841a986c5d1b97d2780471/desktop-jvm-1.10.1.jar:/Users/mattias800/.gradle/caches/modules-2/files-2.1/io.coil-kt.coil3/coil-compose-jvm/3.3.0/38281ac8d9773163bb49be7a871239ea0b953f21/coil-compose-jvm-3.3.0.jar:/Users/mattias800/.gradle/caches/modules-2/files-2.1/io.coil-kt.coil3/coil-compose-core-jvm/3.3.0/4ea0aece0de785d13342ef927464bf75d918f80b/coil-compose-core-jvm-3.3.0.jar:/Users/mattias800/.gradle/caches/modules-2/files-2.1/org.jetbrains.compose.material/material-desktop/1.10.1/63e1c3c6705d111bf84e41110e7729df5b85163e/material-desktop-1.10.1.jar:/Users/mattias800/.gradle/caches/modules-2/files-2.1/org.jetbrains.compose.material/material-ripple-desktop/1.10.1/74a14824f086339703264689c5a7cf4ceb39ed40/material-ripple-desktop-1.10.1.jar:/Users/mattias800/.gradle/caches/modules-2/files-2.1/org.jetbrains.compose.foundation/foundation-desktop/1.10.1/d9ba57abee3527886ea640d3b390a70ba9e28af/foundation-desktop-1.10.1.jar:/Users/mattias800/.gradle/caches/modules-2/files-2.1/org.jetbrains.compose.material/material-icons-extended-desktop/1.7.3/c7c5465dd754043076875b32bce0dd7f5a354fe8/material-icons-extended-desktop-1.7.3.jar:/Users/mattias800/.gradle/caches/modules-2/files-2.1/org.jetbrains.compose.animation/animation-desktop/1.10.1/17f777e04f7fe5dff2fe7992d0c0bda81c3a3897/animation-desktop-1.10.1.jar:/Users/mattias800/.gradle/caches/modules-2/files-2.1/org.jetbrains.compose.foundation/foundation-layout-desktop/1.10.1/263364f922ef14fb64f1313a384a0c31cd6f3fa5/foundation-layout-desktop-1.10.1.jar:/Users/mattias800/.gradle/caches/modules-2/files-2.1/org.jetbrains.compose.material/material-icons-core-desktop/1.7.3/414b3096050fe647b0638832eace80f22c06b85c/material-icons-core-desktop-1.7.3.jar:/Users/mattias800/.gradle/caches/modules-2/files-2.1/org.jetbrains.compose.animation/animation-core-desktop/1.10.1/5dd98c5745e548644b7657901bbcc4c2c8f9ec59/animation-core-desktop-1.10.1.jar:/Users/mattias800/.gradle/caches/modules-2/files-2.1/org.jetbrains.compose.ui/ui-desktop/1.10.1/73a6b1e10434fb11bae82daa68c205c71af03c55/ui-desktop-1.10.1.jar:/Users/mattias800/.gradle/caches/modules-2/files-2.1/io.ktor/ktor-client-content-negotiation-jvm/3.4.0/266c1aef9d340c22cd859dd5c9174c2e1d86489f/ktor-client-content-negotiation-jvm-3.4.0.jar:/Users/mattias800/.gradle/caches/modules-2/files-2.1/io.ktor/ktor-client-auth-jvm/3.4.0/14d75d5e7552a8e26a2ad4dd511a76d4a0c5502f/ktor-client-auth-jvm-3.4.0.jar:/Users/mattias800/.gradle/caches/modules-2/files-2.1/io.ktor/ktor-client-logging-jvm/3.4.0/278d41697d9194d36290842bfdae03d674b3f365/ktor-client-logging-jvm-3.4.0.jar:/Users/mattias800/.gradle/caches/modules-2/files-2.1/io.ktor/ktor-client-websockets-jvm/3.4.0/69e1468e52be95fd339dd8026e78985a6ef981e6/ktor-client-websockets-jvm-3.4.0.jar:/Users/mattias800/.gradle/caches/modules-2/files-2.1/io.coil-kt.coil3/coil-network-ktor3-jvm/3.3.0/70b76d7093cce8124a2b2e665ac281992755376e/coil-network-ktor3-jvm-3.3.0.jar:/Users/mattias800/.gradle/caches/modules-2/files-2.1/io.ktor/ktor-client-cio-jvm/3.4.0/84786f75d08fe5042f17c246380eb8381d125a6b/ktor-client-cio-jvm-3.4.0.jar:/Users/mattias800/.gradle/caches/modules-2/files-2.1/io.ktor/ktor-client-core-jvm/3.4.0/1f017fc4dcf7e3ff5152a28923b7639a9ba82123/ktor-client-core-jvm-3.4.0.jar:/Users/mattias800/.gradle/caches/modules-2/files-2.1/io.ktor/ktor-serialization-kotlinx-json-jvm/3.4.0/2a09f17d70b6e61623fd8aff9bdce6d7877892/ktor-serialization-kotlinx-json-jvm-3.4.0.jar:/Users/mattias800/.gradle/caches/modules-2/files-2.1/app.cash.sqldelight/coroutines-extensions-jvm/2.2.1/57db01cca75db01f64c58fb1db3aad67b1a52708/sqldelight-coroutines-extensions-jvm-2.2.1.jar:/Users/mattias800/.gradle/caches/modules-2/files-2.1/org.jetbrains.skiko/skiko-awt-runtime-macos-arm64/0.9.37.4/a21a251e5695f2b8da63842e9e8a5ecb2f219dce/skiko-awt-runtime-macos-arm64-0.9.37.4.jar:/Users/mattias800/.gradle/caches/modules-2/files-2.1/org.jetbrains.compose.ui/ui-text-desktop/1.10.1/7babd6e2dea601e74bed24b4017350e1acf4569c/ui-text-desktop-1.10.1.jar:/Users/mattias800/.gradle/caches/modules-2/files-2.1/org.jetbrains.compose.ui/ui-graphics-desktop/1.10.1/c0b9e89e8f5ac5b0253d32d8da2758643ca1e19b/ui-graphics-desktop-1.10.1.jar:/Users/mattias800/.gradle/caches/modules-2/files-2.1/io.coil-kt.coil3/coil-jvm/3.3.0/246e1bf044d5f858315c517f7f770f6dc0516195/coil-jvm-3.3.0.jar:/Users/mattias800/.gradle/caches/modules-2/files-2.1/io.coil-kt.coil3/coil-network-core-jvm/3.3.0/c50c4cf1424afcc90532ed8064bcaa14d88d0ea8/coil-network-core-jvm-3.3.0.jar:/Users/mattias800/.gradle/caches/modules-2/files-2.1/io.coil-kt.coil3/coil-core-jvm/3.3.0/70ff6cf3312784cddfe695b2e2f62aec53778b38/coil-core-jvm-3.3.0.jar:/Users/mattias800/.gradle/caches/modules-2/files-2.1/org.jetbrains.skiko/skiko-awt/0.9.37.4/fc7470cca1041a52b182a921205c5c224e7709ad/skiko-awt-0.9.37.4.jar:/Users/mattias800/.gradle/caches/modules-2/files-2.1/org.jetbrains.kotlinx/kotlinx-coroutines-slf4j/1.10.2/1271f9d4a929150bb87ab8d1dc1e86d4bcf039f3/kotlinx-coroutines-slf4j-1.10.2.jar:/Users/mattias800/.gradle/caches/modules-2/files-2.1/io.insert-koin/koin-compose-jvm/4.0.0/cf45eee3ae6e58e04a6771a8c04a8937395f8ea0/koin-compose-jvm-4.0.0.jar:/Users/mattias800/.gradle/caches/modules-2/files-2.1/org.jetbrains.compose.ui/ui-backhandler-desktop/1.10.1/ed725f86a0fdff73fb37561ffb606166725e4b6f/ui-backhandler-desktop-1.10.1.jar:/Users/mattias800/.gradle/caches/modules-2/files-2.1/androidx.navigationevent/navigationevent-desktop/1.0.2/ddb1e7fe97ed51c3d35bba493f97fcf12398719/navigationevent-desktop-1.0.2.jar:/Users/mattias800/.gradle/caches/modules-2/files-2.1/androidx.compose.runtime/runtime-annotation-jvm/1.10.2/ea491da34ba40ae9bd340c393566753ddfd95a76/runtime-annotation-jvm-1.10.2.jar:/Users/mattias800/.gradle/caches/modules-2/files-2.1/androidx.compose.runtime/runtime-retain-desktop/1.10.2/879812e3cd2c6151f5d91f515a35952b1be07a76/runtime-retain-desktop-1.10.2.jar:/Users/mattias800/.gradle/caches/modules-2/files-2.1/androidx.compose.runtime/runtime-saveable-desktop/1.10.2/f6903c683c07ba479659ba4eb55bc7c80a7c433e/runtime-saveable-desktop-1.10.2.jar:/Users/mattias800/.gradle/caches/modules-2/files-2.1/org.jetbrains.compose.runtime/runtime-saveable-desktop/1.10.1/9b0e2a8ce3ae7d2b1a40307bc9271933b238cfd4/runtime-saveable-desktop-1.10.1.jar:/Users/mattias800/.gradle/caches/modules-2/files-2.1/org.jetbrains.androidx.lifecycle/lifecycle-runtime-compose-desktop/2.9.6/7b6b6793f3c4c5996b20d1d99cf728e5fac00364/lifecycle-runtime-compose-desktop-2.9.6.jar:/Users/mattias800/.gradle/caches/modules-2/files-2.1/org.jetbrains.compose.ui/ui-unit-desktop/1.10.1/aeeb2f31358ab5abf0bafa0828de2faba7189db5/ui-unit-desktop-1.10.1.jar:/Users/mattias800/.gradle/caches/modules-2/files-2.1/org.jetbrains.compose.ui/ui-geometry-desktop/1.10.1/779ddaadbc03720f7bb2507f6ed6dc4ffc9e7f3e/ui-geometry-desktop-1.10.1.jar:/Users/mattias800/.gradle/caches/modules-2/files-2.1/org.jetbrains.compose.ui/ui-tooling-preview-desktop/1.10.1/6d464d6c6d654d45aecdfaff7a08d64af62217e2/ui-tooling-preview-desktop-1.10.1.jar:/Users/mattias800/.gradle/caches/modules-2/files-2.1/org.jetbrains.androidx.savedstate/savedstate-compose-desktop/1.3.6/63692375ffe667f12cb3ea8aa1e605d659ed2add/savedstate-compose-desktop-1.3.6.jar:/Users/mattias800/.gradle/caches/modules-2/files-2.1/org.jetbrains.compose.runtime/runtime-desktop/1.10.1/edbd39fc9691f4ba1e29c6690341148db4272752/runtime-desktop-1.10.1.jar:/Users/mattias800/.gradle/caches/modules-2/files-2.1/androidx.lifecycle/lifecycle-viewmodel-savedstate-desktop/2.9.4/72a1919b08c5a4da224d8a65ce1589aa69934e8a/lifecycle-viewmodel-savedstate-desktop-2.9.4.jar:/Users/mattias800/.gradle/caches/modules-2/files-2.1/androidx.lifecycle/lifecycle-viewmodel-desktop/2.9.4/93fee6d78f0df0e38f36e0fa2eff74f8da6d5481/lifecycle-viewmodel-desktop-2.9.4.jar:/Users/mattias800/.gradle/caches/modules-2/files-2.1/androidx.lifecycle/lifecycle-runtime-desktop/2.9.4/1cc820319ec0139e76b8a2fe4be0b356b4e624c4/lifecycle-runtime-desktop-2.9.4.jar:/Users/mattias800/.gradle/caches/modules-2/files-2.1/androidx.savedstate/savedstate-compose-desktop/1.3.3/cd60b543d5722a8b5e6cea1e4ccdec8b4375a22b/savedstate-compose-desktop-1.3.3.jar:/Users/mattias800/.gradle/caches/modules-2/files-2.1/androidx.savedstate/savedstate-desktop/1.3.3/1c5bfc3fb56614538528060a06f2c03e34fa5188/savedstate-desktop-1.3.3.jar:/Users/mattias800/.gradle/caches/modules-2/files-2.1/androidx.lifecycle/lifecycle-common-jvm/2.9.4/ab739bccdb3541983385af169565c7c035d897e7/lifecycle-common-jvm-2.9.4.jar:/Users/mattias800/.gradle/caches/modules-2/files-2.1/androidx.lifecycle/lifecycle-runtime-compose-desktop/2.9.4/86a4ffec845d4e488078118a0b5095bd1fabcafe/lifecycle-runtime-compose-desktop-2.9.4.jar:/Users/mattias800/.gradle/caches/modules-2/files-2.1/androidx.compose.runtime/runtime-desktop/1.10.2/b1705e2087f06395622b784aa88e2e738043459/runtime-desktop-1.10.2.jar:/Users/mattias800/.gradle/caches/modules-2/files-2.1/io.ktor/ktor-http-cio-jvm/3.4.0/2c1f50d77b7d825175acf56f6cb494fc1145e23e/ktor-http-cio-jvm-3.4.0.jar:/Users/mattias800/.gradle/caches/modules-2/files-2.1/io.ktor/ktor-websocket-serialization-jvm/3.4.0/20093fc55064238930e96c8dd12a2d96af6ff81d/ktor-websocket-serialization-jvm-3.4.0.jar:/Users/mattias800/.gradle/caches/modules-2/files-2.1/io.ktor/ktor-serialization-kotlinx-jvm/3.4.0/d001db47b2ebe8ad8b2cb1bb2a687688840f5887/ktor-serialization-kotlinx-jvm-3.4.0.jar:/Users/mattias800/.gradle/caches/modules-2/files-2.1/io.ktor/ktor-serialization-jvm/3.4.0/406af3e14bc41086ac933c02c67bd7ee762cfb4b/ktor-serialization-jvm-3.4.0.jar:/Users/mattias800/.gradle/caches/modules-2/files-2.1/io.ktor/ktor-websockets-jvm/3.4.0/5c8a9438372c7de912cf6da0e275ec17056d6451/ktor-websockets-jvm-3.4.0.jar:/Users/mattias800/.gradle/caches/modules-2/files-2.1/io.ktor/ktor-network-tls-jvm/3.4.0/10bb3d46d3fba6ccfc27f03fbeec029a756358b1/ktor-network-tls-jvm-3.4.0.jar:/Users/mattias800/.gradle/caches/modules-2/files-2.1/io.ktor/ktor-http-jvm/3.4.0/81e4323a06aa6751f59ffe6e35e61277af17fdb5/ktor-http-jvm-3.4.0.jar:/Users/mattias800/.gradle/caches/modules-2/files-2.1/io.ktor/ktor-events-jvm/3.4.0/d6e6800119bf169c0559eeaf49477757e50a736/ktor-events-jvm-3.4.0.jar:/Users/mattias800/.gradle/caches/modules-2/files-2.1/io.ktor/ktor-sse-jvm/3.4.0/3b4493bfb71b536fc0c055d645ceb1a44b318637/ktor-sse-jvm-3.4.0.jar:/Users/mattias800/.gradle/caches/modules-2/files-2.1/app.cash.sqldelight/async-extensions-jvm/2.2.1/1caa5e80a3f9587d9521bb5786d8004169abb659/sqldelight-async-extensions-jvm-2.2.1.jar:/Users/mattias800/.gradle/caches/modules-2/files-2.1/io.ktor/ktor-network-jvm/3.4.0/8d6179be0155e1d34f844a8317b7f1950772a372/ktor-network-jvm-3.4.0.jar:/Users/mattias800/.gradle/caches/modules-2/files-2.1/io.ktor/ktor-utils-jvm/3.4.0/ce54b074feee2cc3cdac2ba93420f18adc71061d/ktor-utils-jvm-3.4.0.jar:/Users/mattias800/.gradle/caches/modules-2/files-2.1/io.ktor/ktor-io-jvm/3.4.0/16e3233d00797f77f2b918a65d40479c28dc2bde/ktor-io-jvm-3.4.0.jar:/Users/mattias800/.gradle/caches/modules-2/files-2.1/org.jetbrains.kotlinx/kotlinx-coroutines-core-jvm/1.10.2/4a9f78ef49483748e2c129f3d124b8fa249dafbf/kotlinx-coroutines-core-jvm-1.10.2.jar:/Users/mattias800/.gradle/caches/modules-2/files-2.1/org.jetbrains.kotlinx/kotlinx-coroutines-swing/1.10.2/ccb5a2e7c83fa76da0ba4677f05678d3bd3eed57/kotlinx-coroutines-swing-1.10.2.jar:/Users/mattias800/.gradle/caches/modules-2/files-2.1/org.jetbrains.compose.hot-reload/hot-reload-devtools-api/1.0.0/6f078e0689bb84d71ff62bdb898addec7b9e0c7d/hot-reload-devtools-api-1.0.0.jar:/Users/mattias800/.gradle/caches/modules-2/files-2.1/app.cash.sqldelight/sqlite-driver/2.2.1/14c7c61ee75309171122d51489aa0bae72e3d28f/sqlite-driver-2.2.1.jar:/Users/mattias800/.gradle/caches/modules-2/files-2.1/io.insert-koin/koin-core-jvm/4.0.0/6a66dcf3885c4783432e98845b10f0b5e48ef5b1/koin-core-jvm-4.0.0.jar:/Users/mattias800/.gradle/caches/modules-2/files-2.1/app.cash.sqldelight/jdbc-driver/2.2.1/bd1eec7b45a148d571ecb1d4db97ca5c259a9a9c/jdbc-driver-2.2.1.jar:/Users/mattias800/.gradle/caches/modules-2/files-2.1/app.cash.sqldelight/runtime-jvm/2.2.1/db9095b526694836a06428c2ef14b0562b8a7028/runtime-jvm-2.2.1.jar:/Users/mattias800/.gradle/caches/modules-2/files-2.1/org.jetbrains.kotlinx/kotlinx-serialization-json-io-jvm/1.10.0/50ca77d6d3986562a140275d6c8b07086af55f83/kotlinx-serialization-json-io-jvm-1.10.0.jar:/Users/mattias800/.gradle/caches/modules-2/files-2.1/org.jetbrains.kotlinx/kotlinx-serialization-core-jvm/1.10.0/9400c03c056953bbbf30e861e63735c90e9eb320/kotlinx-serialization-core-jvm-1.10.0.jar:/Users/mattias800/.gradle/caches/modules-2/files-2.1/org.jetbrains.kotlinx/kotlinx-serialization-json-jvm/1.10.0/a74d7819e02bad98af4d6b56c4f45aa6d31ef4ad/kotlinx-serialization-json-jvm-1.10.0.jar:/Users/mattias800/.gradle/caches/modules-2/files-2.1/org.jetbrains.kotlinx/kotlinx-datetime-jvm/0.7.1/81c2e0246bd28cc2dcbdf0ab53628322e66a9de9/kotlinx-datetime-jvm-0.7.1.jar:/Users/mattias800/.gradle/caches/modules-2/files-2.1/org.jetbrains.kotlin/kotlin-stdlib-jdk8/2.2.20/57c4d839a6e5ad105d61ffc5cc0bf4de649c1714/kotlin-stdlib-jdk8-2.2.20.jar:/Users/mattias800/.gradle/caches/modules-2/files-2.1/co.touchlab/stately-concurrent-collections-jvm/2.1.0/5c03b644537d7926a8f77e5735a8bebb55dafdcd/stately-concurrent-collections-jvm-2.1.0.jar:/Users/mattias800/.gradle/caches/modules-2/files-2.1/co.touchlab/stately-concurrency-jvm/2.1.0/6285428408c4d7e4a6d9a09511de877103effd81/stately-concurrency-jvm-2.1.0.jar:/Users/mattias800/.gradle/caches/modules-2/files-2.1/org.jetbrains.compose.ui/ui-util-desktop/1.10.1/fe41825dccacb792ded7df579736a0ed919ee270/ui-util-desktop-1.10.1.jar:/Users/mattias800/.gradle/caches/modules-2/files-2.1/org.jetbrains.kotlinx/atomicfu-jvm/0.23.2/a4601dc42dceb031a586058e8356ff778a57dea0/atomicfu-jvm-0.23.2.jar:/Users/mattias800/.gradle/caches/modules-2/files-2.1/org.jetbrains.kotlin/kotlin-stdlib-jdk7/2.2.20/bdbe3b5d872fa3b74d8fcd4e7ca3193f4abc9cc8/kotlin-stdlib-jdk7-2.2.20.jar:/Users/mattias800/.gradle/caches/modules-2/files-2.1/androidx.collection/collection-jvm/1.5.0/7ba2c69414d46ebc2dd76598bdd0a75c54281a57/collection-jvm-1.5.0.jar:/Users/mattias800/.gradle/caches/modules-2/files-2.1/androidx.arch.core/core-common/2.2.0/5e1b8b81dfd5f52c56a8d53b18ca759c19a301f3/core-common-2.2.0.jar:/Users/mattias800/.gradle/caches/modules-2/files-2.1/androidx.annotation/annotation-jvm/1.9.1/b17951747e38bf3986a24431b9ba0d039958aa5f/annotation-jvm-1.9.1.jar:/Users/mattias800/.gradle/caches/modules-2/files-2.1/co.touchlab/stately-strict-jvm/2.1.0/3ae8369209065455f4630793bf6aca0fb88c8b6b/stately-strict-jvm-2.1.0.jar:/Users/mattias800/.gradle/caches/modules-2/files-2.1/com.squareup.okio/okio-jvm/3.15.0/cb3c285187640f543150fcac1ae012bdd778c0e1/okio-jvm-3.15.0.jar:/Users/mattias800/.gradle/caches/modules-2/files-2.1/org.jetbrains.kotlinx/kotlinx-io-core-jvm/0.8.2/358a9f2ba2dc81c5dc84c3d1853f6e5efba63be1/kotlinx-io-core-jvm-0.8.2.jar:/Users/mattias800/.gradle/caches/modules-2/files-2.1/org.jetbrains.kotlinx/kotlinx-io-bytestring-jvm/0.8.2/89c5399596250e71f2bba6d2415972a078a525c7/kotlinx-io-bytestring-jvm-0.8.2.jar:/Users/mattias800/.gradle/caches/modules-2/files-2.1/org.jetbrains.kotlin/kotlin-stdlib/2.3.10/8b80e2f80a3b7daa99c16017f91d4c72cd8b31a6/kotlin-stdlib-2.3.10.jar:/Users/mattias800/.gradle/caches/modules-2/files-2.1/org.jetbrains/annotations/23.0.0/8cc20c07506ec18e0834947b84a864bfc094484e/annotations-23.0.0.jar:/Users/mattias800/.gradle/caches/modules-2/files-2.1/org.xerial/sqlite-jdbc/3.51.0.0/17c4e0d41dd482d6f35547f4235d55e72b7cf0f1/sqlite-jdbc-3.51.0.0.jar:/Users/mattias800/.gradle/caches/modules-2/files-2.1/org.slf4j/slf4j-api/2.0.17/d9e58ac9c7779ba3bf8142aff6c830617a7fe60f/slf4j-api-2.0.17.jar:/Users/mattias800/.gradle/caches/modules-2/files-2.1/org.jetbrains.runtime/jbr-api/1.5.0/4158e485a7a4ecfd521e03095d81e0225529e8d2/jbr-api-1.5.0.jar:/Users/mattias800/.gradle/caches/modules-2/files-2.1/org.jspecify/jspecify/1.0.0/7425a601c1c7ec76645a78d22b8c6a627edee507/jspecify-1.0.0.jar
Launcher Type: SUN_STANDARD

[Global flags]
     bool AllowEnhancedClassRedefinition           = true                                      {product} {command line}
     intx CICompilerCount                          = 4                                         {product} {ergonomic}
     uint ConcGCThreads                            = 2                                         {product} {ergonomic}
     uint G1ConcRefinementThreads                  = 8                                         {product} {ergonomic}
   size_t G1HeapRegionSize                         = 4194304                                   {product} {ergonomic}
    uintx GCDrainStackTargetSize                   = 64                                        {product} {ergonomic}
     bool IgnoreUnrecognizedVMOptions              = true                                      {product} {command line}
   size_t InitialHeapSize                          = 402653184                                 {product} {ergonomic}
   size_t MarkStackSize                            = 4194304                                   {product} {ergonomic}
   size_t MaxHeapSize                              = 6442450944                                {product} {ergonomic}
   size_t MaxNewSize                               = 3862953984                                {product} {ergonomic}
   size_t MinHeapDeltaBytes                        = 4194304                                   {product} {ergonomic}
   size_t MinHeapSize                              = 8388608                                   {product} {ergonomic}
    uintx NonNMethodCodeHeapSize                   = 5839564                                {pd product} {ergonomic}
    uintx NonProfiledCodeHeapSize                  = 122909338                              {pd product} {ergonomic}
    uintx ProfiledCodeHeapSize                     = 122909338                              {pd product} {ergonomic}
    uintx ReservedCodeCacheSize                    = 251658240                              {pd product} {ergonomic}
     bool SegmentedCodeCache                       = true                                      {product} {ergonomic}
   size_t SoftMaxHeapSize                          = 6442450944                             {manageable} {ergonomic}
     bool UseCompressedOops                        = true                           {product lp64_product} {ergonomic}
     bool UseG1GC                                  = true                                      {product} {ergonomic}
     bool UseNUMA                                  = false                                     {product} {ergonomic}
     bool UseNUMAInterleaving                      = false                                     {product} {ergonomic}

Logging:
Log output configuration:
 #0: stdout all=warning uptime,level,tags foldmultilines=false
 #1: stderr all=off uptime,level,tags foldmultilines=false

Release file:
JAVA_VERSION="21.0.10"
MODULES="java.base java.datatransfer java.xml java.prefs java.desktop gluegen.rt java.compiler java.instrument java.logging java.management java.security.sasl java.naming java.rmi java.management.rmi java.net.http java.scripting java.security.jgss java.transaction.xa java.sql java.sql.rowset java.xml.crypto java.se java.smartcardio jogl.all jcef jdk.accessibility jdk.internal.jvmstat jdk.attach jdk.charsets jdk.internal.opt jdk.zipfs jdk.compiler jdk.crypto.ec jdk.crypto.cryptoki jdk.dynalink jdk.internal.ed jdk.editpad jdk.hotspot.agent jdk.httpserver jdk.incubator.vector jdk.internal.le jdk.internal.vm.ci jdk.internal.vm.compiler jdk.internal.vm.compiler.management jdk.jartool jdk.javadoc jdk.jcmd jdk.management jdk.management.agent jdk.jconsole jdk.jdeps jdk.jdwp.agent jdk.jdi jdk.jfr jdk.jlink jdk.jpackage jdk.jshell jdk.jsobject jdk.jstatd jdk.localedata jdk.management.jfr jdk.naming.dns jdk.naming.rmi jdk.net jdk.nio.mapmode jdk.random jdk.sctp jdk.security.auth jdk.security.jgss jdk.unsupported jdk.unsupported.desktop jdk.xml.dom"
IMPLEMENTOR="JetBrains s.r.o."
IMPLEMENTOR_VERSION="JBRSDK-21.0.10+7-1163.108-jcef"
JAVA_RUNTIME_VERSION="21.0.10+7-b1163.108"
LIBC="default"
OS_ARCH="aarch64"
OS_NAME="Darwin"
SOURCE=".:git:f6c01ae40b16+ jcef_git:git:4a605f44671a"
JCEF_VERSION="137.0.17.1107+ge397b56"
JCEF_COMMIT_HASH="e397b569415d3c67b114495985454e5201955573"

Environment Variables:
JAVA_HOME=
PATH=/Users/mattias800/Library/Android/sdk/emulator:/Users/mattias800/Library/Android/sdk/tools:/Users/mattias800/Library/Android/sdk/platform-tools:/Users/mattias800/.antigravity/antigravity/bin:/Users/mattias800/.local/bin:/Users/mattias800/.mzsh/bin:/Users/mattias800/.bun/bin:/Users/mattias800/Library/pnpm:/opt/homebrew/bin:/opt/homebrew/sbin:/usr/local/bin:/System/Cryptexes/App/usr/bin:/usr/bin:/bin:/usr/sbin:/sbin:/var/run/com.apple.security.cryptexd/codex.system/bootstrap/usr/local/bin:/var/run/com.apple.security.cryptexd/codex.system/bootstrap/usr/bin:/var/run/com.apple.security.cryptexd/codex.system/bootstrap/usr/appleinternal/bin:/opt/pmk/env/global/bin:/Library/Apple/usr/bin:/usr/local/share/dotnet:~/.dotnet/tools:/Applications/Ghostty.app/Contents/MacOS:/Users/mattias800/Library/Application Support/JetBrains/Toolbox/scripts:/Users/mattias800/.lmstudio/bin:/Users/mattias800/.maestro/bin:/Users/mattias800/.maestro/bin
SHELL=/bin/zsh
LANG=en_US.UTF-8
TERM=xterm-256color
TMPDIR=/var/folders/00/y_pwwndd1hj9rnmh0xwj36v80000gn/T/

Active Locale:
LC_ALL=en_US.UTF-8
LC_COLLATE=en_US.UTF-8
LC_CTYPE=en_US.UTF-8
LC_MESSAGES=en_US.UTF-8
LC_MONETARY=en_US.UTF-8
LC_NUMERIC=en_US.UTF-8
LC_TIME=en_US.UTF-8

Signal Handlers:
   SIGSEGV: crash_handler in libjvm.dylib, mask=11100110000111110111111111111111, flags=SA_ONSTACK|SA_RESTART|SA_SIGINFO, unblocked
    SIGBUS: crash_handler in libjvm.dylib, mask=11100110000111110111111111111111, flags=SA_RESTART|SA_SIGINFO, unblocked
    SIGFPE: crash_handler in libjvm.dylib, mask=11100110000111110111111111111111, flags=SA_RESTART|SA_SIGINFO, unblocked
   SIGPIPE: javaSignalHandler in libjvm.dylib, mask=11100110000111110111111111111111, flags=SA_RESTART|SA_SIGINFO, blocked
   SIGXFSZ: javaSignalHandler in libjvm.dylib, mask=11100110000111110111111111111111, flags=SA_RESTART|SA_SIGINFO, blocked
    SIGILL: crash_handler in libjvm.dylib, mask=11100110000111110111111111111111, flags=SA_RESTART|SA_SIGINFO, unblocked
   SIGUSR2: SR_handler in libjvm.dylib, mask=00000000000000000000000000000000, flags=SA_RESTART|SA_SIGINFO, blocked
    SIGHUP: UserHandler in libjvm.dylib, mask=11100110000111110111111111111111, flags=SA_RESTART|SA_SIGINFO, blocked
    SIGINT: UserHandler in libjvm.dylib, mask=11100110000111110111111111111111, flags=SA_RESTART|SA_SIGINFO, blocked
   SIGTERM: UserHandler in libjvm.dylib, mask=11100110000111110111111111111111, flags=SA_RESTART|SA_SIGINFO, blocked
   SIGQUIT: UserHandler in libjvm.dylib, mask=11100110000111110111111111111111, flags=SA_RESTART|SA_SIGINFO, blocked
   SIGTRAP: crash_handler in libjvm.dylib, mask=11100110000111110111111111111111, flags=SA_RESTART|SA_SIGINFO, unblocked


Periodic native trim disabled

JNI global refs:
JNI global refs: 158, weak refs: 1208

JNI global refs memory usage: 2099, weak refs: 12401

Process memory usage:
Resident Set Size: 289568K (1% of 25165824K total physical memory with 76992K free physical memory)

OOME stack traces (most recent first):
Classloader memory used:
Loader jdk.internal.loader.ClassLoaders$AppClassLoader                                 : 52721K
Loader bootstrap                                                                       : 13178K
Loader jdk.internal.loader.ClassLoaders$PlatformClassLoader                            : 210K
Loader jdk.internal.reflect.DelegatingClassLoader                                      : 106K

Classes loaded by more than one classloader:
Class com.spela.player.presentation.ui.screen.GameDetailScreenKt                      : loaded 15 times (x 71B)
Class com.spela.player.presentation.ui.screen.ComposableSingletons$GameDetailScreenKt : loaded 14 times (x 71B)
Class com.spela.player.presentation.ui.components.GameDetailLayoutKt                  : loaded 6 times (x 71B)
Class com.spela.player.presentation.ui.screen.GameDetailScreenKt$GameDetailScreen$2$1 : loaded 6 times (x 95B)
Class com.spela.player.presentation.ui.feature.gamedetail.MetaItem                    : loaded 4 times (x 72B)
Class com.spela.player.presentation.ui.components.SpTitledSectionKt                   : loaded 4 times (x 71B)
Class com.spela.player.presentation.ui.components.SpButtonKt                          : loaded 4 times (x 71B)
Class com.spela.player.presentation.ui.feature.gamedetail.MetadataGridKt              : loaded 4 times (x 71B)
Class com.spela.player.presentation.ui.components.GameDetailSkeletonKt                : loaded 4 times (x 71B)
Class com.spela.player.presentation.ui.components.ComposableSingletons$GameDetailLayoutKt: loaded 4 times (x 71B)
Class com.spela.player.presentation.ui.feature.library.ConsoleComponentsKt            : loaded 4 times (x 71B)
Class com.spela.player.presentation.ui.screen.GameDetailScreenKt$GameDetailScreen$4$4$9$1: loaded 3 times (x 95B)
Class com.spela.player.presentation.ui.screen.GameDetailScreenKt$GameDetailScreen$4$4$1$10$1$1: loaded 3 times (x 95B)
Class com.spela.player.presentation.ui.components.ComposableSingletons$GameDetailSkeletonKt: loaded 3 times (x 71B)
Class com.spela.player.presentation.ui.feature.gamedetail.GameControlsSectionKt       : loaded 3 times (x 71B)
Class com.spela.player.presentation.ui.components.social.StarRatingRowKt              : loaded 3 times (x 71B)
Class com.spela.player.presentation.ui.components.SpButtonStyle                       : loaded 3 times (x 79B)
Class com.spela.player.presentation.ui.screen.GameDetailScreenKt$GameDetailScreen$4$5$8$1: loaded 2 times (x 95B)
Class com.spela.player.desktop.MainKt                                                 : loaded 2 times (x 71B)
Class com.spela.player.presentation.ui.screen.ConsoleScreenKt                         : loaded 2 times (x 71B)
Class com.spela.player.presentation.ui.screen.ComposableSingletons$ConsoleScreenKt    : loaded 2 times (x 71B)
Class com.spela.player.presentation.ui.components.SpSplitButtonKt                     : loaded 2 times (x 71B)
Class com.spela.player.presentation.ui.components.ComposableSingletons$SpSplitButtonKt: loaded 2 times (x 71B)
Class com.spela.player.presentation.ui.feature.library.ComposableSingletons$ConsoleComponentsKt: loaded 2 times (x 71B)
Class com.spela.player.presentation.ui.screen.ConsoleScreenKt$ConsoleScreen$4$1       : loaded 2 times (x 95B)
Class com.spela.player.presentation.ui.screen.ConsoleScreenKt$ConsoleScreen$lambda$10$1$1$0$0$$inlined$items$default$5: loaded 2 times (x 75B)
Class com.spela.player.desktop.MainKt$main$2$2$1$1                                    : loaded 2 times (x 95B)
Class com.spela.player.presentation.ui.screen.ConsoleScreenKt$ConsoleScreen$3$1       : loaded 2 times (x 95B)

---------------  S Y S T E M  ---------------

OS:
uname: Darwin 25.2.0 Darwin Kernel Version 25.2.0: Tue Nov 18 21:09:34 PST 2025; root:xnu-12377.61.12~1/RELEASE_ARM64_T8112 arm64
OS uptime: 3 days 22:36 hours
rlimit (soft/hard): STACK 8176k/65520k , CORE 0k/infinity , NPROC 4000/6000 , NOFILE 10240/infinity , AS infinity/infinity , CPU infinity/infinity , DATA infinity/infinity , FSIZE infinity/infinity , MEMLOCK infinity/infinity , RSS infinity/infinity
load average: 5.73 17.71 17.98

CPU: total 8 (initial active 8) 0x61:0x0:0xda33d83d:0, fp, asimd, aes, pmull, sha1, sha256, crc32, lse, sha3, sha512
machdep.cpu.brand_string:Apple M2
hw.cachelinesize:128
hw.l1icachesize:131072
hw.l1dcachesize:65536
hw.l2cachesize:4194304

Memory: 16k page, physical 25165824k(71200k free), swap 12582912k(522880k free)

vm_info: OpenJDK 64-Bit Server VM (21.0.10+7-b1163.108) for bsd-aarch64 JRE (21.0.10+7-b1163.108), built on 2026-02-06 by "builduser" with clang Apple LLVM 15.0.0 (clang-1500.1.0.2.5)

END.
